Item No.,API number,Latitude,Longitude,Well,Repository,Analyses,ICP laboratory,PGRL number,Core depth_ft,Cuttings top_ft,Cuttings bottom_ft,Formation,Interval,TC_wt%,TOC_wt%,S1_mg/g,S2_mg/g,S3_mg/g,Tmax_degC,Al_wt%,Ca_wt%,Fe_wt%,K_wt%,Mg_wt%,P_wt%,S_wt%,Si_wt%,Ti_wt%,Ag_mg/kg,As_mg/kg,B_mg/kg,Ba_mg/kg,Be_mg/kg,Bi_mg/kg,Cd_mg/kg,Ce_mg/kg,Co_mg/kg,Cr_mg/kg,Cs_mg/kg,Cu_mg/kg,Dy_mg/kg,Er_mg/kg,Eu_mg/kg,Ga_mg/kg,Gd_mg/kg,Ge_mg/kg,Hf_mg/kg,Ho_mg/kg,In_mg/kg,La_mg/kg,Li_mg/kg,Lu_mg/kg,Mn_mg/kg,Mo_mg/kg,Nb_mg/kg,Nd_mg/kg,Ni_mg/kg,Pb_mg/kg,Pr_mg/kg,Rb_mg/kg,Re_mg/kg,Sb_mg/kg,Sc_mg/kg,Se_mg/kg,Sm_mg/kg,Sn_mg/kg,Sr_mg/kg,Ta_mg/kg,Tb_mg/kg,Te_mg/kg,Th_mg/kg,Tl_mg/kg,Tm_mg/kg,U_mg/kg,V_mg/kg,W_mg/kg,Y_mg/kg,Yb_mg/kg,Zn_mg/kg,Zr_mg/kg,Quartz,Albite,Orthoclase,K-Feldspar,Anorthoclase,Anorthite,Analcime,Calcite,Mg-Calcite,Dolomite,Ankerite,Siderite,Pyrite,Illite,Muscovite,Kaolinite,Chlorite,Talc,Hydrocalumite,Apatite,Gypsum,Vaterite,Rhodochrosite,Gibbsite,Baryte,Anhydrite
1,43013332030000,39.9979,-110.1687,PETES WASH U 13-06 GR,UT CRC,"TC, TOC, HAWK, ICP, XRD",AGAT,E151201-001,2439,,,Green River,Mahogany zone,13.29,8.87,18.71,88.16,0.36,441,4.93,7.82,0.66,0.6,3.13,0.04,0.17,18.8,0.06,6,18,68,615,BRL,0.3,0.3,17.2,4.1,22,1.3,25,2.74,1.88,0.34,9.28,2.3,BRL,4,0.67,BRL,8.8,75,0.18,152,9,2.4,7.6,23,23,1.95,19.6,,1.5,BRL,BRL,1.9,1,592,0.8,0.4,BRL,6.1,BRL,0.25,5.89,32,BRL,17,1.4,96,60.1,5.8,58,1.1,,,,,7.6,,19.6,4.3,,3.7,,,,,,,,,,,,,
1,43013332030000,39.9979,-110.1687,PETES WASH U 13-06 GR,UT CRC,"TC, TOC, HAWK, ICP, XRD",AGAT,E151201-002,2439.5,,,Green River,Mahogany zone,26.57,18.71,10.35,199.91,1.32,439,2.27,10.3,1.6,0.98,6.72,0.02,0.69,8.68,0.1,1,90,159,526,BRL,0.7,0.7,28.1,12.2,20,2.8,61,1.46,0.83,0.49,5.79,1.9,1,1,0.31,BRL,14.3,97,0.13,236,70,5.1,10.8,36,40,3.11,40.9,,3,BRL,BRL,2,BRL,1130,0.5,0.27,BRL,3.6,BRL,0.12,10.1,117,1,8.2,0.8,54,34.4,2.8,13.2,3.2,,,,,,,69,,,,10.7,,,1.2,,,,,,,,,
1,43013332030000,39.9979,-110.1687,PETES WASH U 13-06 GR,UT CRC,"TC, TOC, HAWK, ICP, XRD",AGAT,E151201-003,2440.5,,,Green River,Mahogany zone,12.44,7.7,3.9,77.6,0.47,448,4.34,10,2.43,2.23,3.87,0.03,1.11,16.9,0.19,BRL,75,213,625,BRL,0.6,0.4,47.6,8.2,39,5.4,48,2.78,1.55,0.84,12,3.61,BRL,2,0.53,BRL,26.2,152,0.21,389,9,7.5,20.8,22,23,5.94,90.5,,2.1,7,BRL,4,1,725,0.7,0.52,BRL,6.7,BRL,0.21,3.8,90,1,14.4,1.3,74,56.5,5.9,23.7,5.4,,,,,15.6,,19.8,6.7,,0.6,13.9,,,8.4,,,,,,,,,
1,43013332030000,39.9979,-110.1687,PETES WASH U 13-06 GR,UT CRC,"TC, TOC, HAWK, ICP, XRD",AGAT,E151201-004,2441.5,,,Green River,Mahogany zone,12.16,7.43,4.23,75.26,0.34,448,4.31,11,2.56,1.73,3.38,0.04,0.78,16.9,0.18,BRL,27,183,616,BRL,0.5,1.4,55.9,9.1,38,5.3,46,2.76,1.38,0.89,10.8,3.86,BRL,2,0.55,BRL,28.1,137,0.19,316,15,7,21.8,43,22,6.16,82.7,,1.7,7,BRL,4.1,1,901,0.7,0.54,BRL,5.8,0.5,0.21,2.71,95,1,14.8,1.3,72,53.3,5.3,25.9,2.9,,,,,22.6,,18.6,1.9,,,17.2,3.7,,1.8,,,,,,,,,
1,43013332030000,39.9979,-110.1687,PETES WASH U 13-06 GR,UT CRC,"TC, TOC, HAWK, ICP, XRD",AGAT,E151201-005,2442.5,,,Green River,Mahogany zone,11.74,4.74,2.58,45.02,0.39,449,1.84,14,1.1,0.93,8.35,0.02,0.24,13,0.08,BRL,7,195,546,BRL,0.1,BRL,20.8,3.5,14,3.1,13,1.24,0.69,0.37,4.8,1.54,BRL,BRL,0.27,BRL,9.2,302,0.11,338,BRL,3.3,7.7,13,7,2.26,49.3,,0.4,BRL,BRL,1.5,BRL,1110,BRL,0.22,BRL,3,BRL,0.1,2.95,46,BRL,7,0.8,28,28.5,6.6,5.4,1.9,,,,,17.7,,51.8,1.9,,,8.7,,,6.1,,,,,,,,,
1,43013332030000,39.9979,-110.1687,PETES WASH U 13-06 GR,UT CRC,"TC, TOC, HAWK, ICP, XRD",AGAT,E151201-006,2443.5,,,Green River,Mahogany zone,21.52,16.19,6.87,155.55,1.1,448,2.15,9.44,1.19,0.82,4.89,0.02,0.22,13.5,0.09,BRL,13,171,342,BRL,0.6,0.6,25.5,7.6,21,2.9,37,1.26,0.65,0.44,5.55,1.6,BRL,1,0.24,BRL,13.5,219,0.1,250,12,4,10.4,28,25,2.93,45.8,,1,BRL,BRL,1.8,BRL,745,BRL,0.24,BRL,3,BRL,0.11,3.49,74,BRL,6.5,0.6,39,35.7,10.6,14.8,1.7,,,,,18.2,,36.9,3.4,,,7.5,2.8,,4.2,,,,,,,,,
1,43013332030000,39.9979,-110.1687,PETES WASH U 13-06 GR,UT CRC,"TC, TOC, HAWK, ICP, XRD",AGAT,E151201-007,2444.5,,,Green River,Mahogany zone,23.21,17.52,8.54,169.48,1.09,443,2.29,9.49,1.3,0.85,4.69,0.05,0.34,13.1,0.1,BRL,27,165,381,BRL,0.6,0.6,28,7.1,19,2.8,47,1.17,0.7,0.44,5.39,1.69,BRL,1,0.26,BRL,13.6,219,0.11,270,14,4.6,10.3,23,36,3.02,44.2,,1.8,BRL,BRL,2,BRL,745,BRL,0.23,BRL,4,BRL,0.1,4.12,88,BRL,7.1,0.7,48,39.1,8,16.5,1.3,,,,,17.1,,32.4,3.9,,,17.6,,,3.3,,,,,,,,,
1,43013332030000,39.9979,-110.1687,PETES WASH U 13-06 GR,UT CRC,"TC, TOC, HAWK, ICP, XRD",AGAT,E151201-008,2445.6,,,Green River,Mahogany zone,19.58,14.29,7.19,128.1,1.35,443,2.35,8.94,1.18,0.88,4.08,0.04,0.32,13.7,0.1,BRL,22,126,515,BRL,0.5,0.4,29,5.8,19,2.7,33,1.28,0.66,0.44,5.83,1.73,BRL,1,0.26,BRL,13.9,151,0.11,238,18,4.6,10.6,18,26,3.09,42.1,,1.7,BRL,BRL,1.9,BRL,704,BRL,0.24,BRL,4.1,BRL,0.1,3.32,76,BRL,7,0.7,45,38.6,10.8,17.4,1.9,,,,,12.2,,36.7,4,,,14.2,,,2.7,,,,,,,,,
1,43013332030000,39.9979,-110.1687,PETES WASH U 13-06 GR,UT CRC,"TC, TOC, HAWK, ICP, XRD",AGAT,E151201-009,2446.5,,,Green River,Mahogany zone,26.14,20.62,6.91,219.35,1.39,450,2.23,8.39,1.41,0.9,2.66,0.02,0.9,10.2,0.09,BRL,62,114,767,BRL,0.5,0.4,27.3,7.2,20,2.7,35,1.18,0.6,0.46,5.26,1.81,BRL,1,0.23,BRL,13.2,110,0.08,185,20,3.5,10.2,20,26,2.86,41.1,,1.1,BRL,BRL,1.8,BRL,637,BRL,0.25,BRL,2.9,BRL,0.09,4.72,82,BRL,6.4,0.6,46,37.9,6.6,22.3,2.2,,,,,21.9,,26,4.4,,0.6,13.2,0.7,,2.1,,,,,,,,,
1,43013332030000,39.9979,-110.1687,PETES WASH U 13-06 GR,UT CRC,"TC, TOC, HAWK, ICP, XRD",AGAT,E151201-010,2447.5,,,Green River,Mahogany zone,40.54,34.83,10.69,379.33,1.74,456,0.99,7.46,0.81,0.42,3.48,0.03,0.37,6.14,0.05,BRL,21,112,438,BRL,0.4,0.3,13.5,7.1,12,1.4,27,0.76,0.5,0.29,2.82,1.02,BRL,BRL,0.16,BRL,7,71,0.1,188,14,2.2,5.5,18,20,1.62,22.6,,0.8,BRL,BRL,1.1,BRL,522,BRL,0.15,BRL,2.4,BRL,0.09,5.34,77,BRL,4.9,0.5,21,34.9,7.8,8.9,,,,,,9.7,,62.2,1.9,,0,7.4,,,2,,,,,,,,,
1,43013332030000,39.9979,-110.1687,PETES WASH U 13-06 GR,UT CRC,"TC, TOC, HAWK, ICP, XRD",AGAT,E151201-011,2448.2,,,Green River,Mahogany zone,24.89,20.63,9.46,211.58,1.76,448,1.87,7.31,1.5,0.84,2.94,0.02,0.45,11.3,0.1,BRL,32,3420,1840,BRL,0.2,0.3,26.5,6.6,20,2.1,21,1.43,0.83,0.55,4.5,1.71,2,1,0.28,BRL,12.2,36,0.16,222,16,3.4,9.9,16,14,2.74,31.3,,1,BRL,BRL,1.8,BRL,465,BRL,0.28,BRL,3.1,BRL,0.13,2.13,68,BRL,7.8,1,29,47.3,5.8,21,2.5,,,,,11.6,,29,1.5,,1,4.6,,,,,23.1,,,,,,,
1,43013332030000,39.9979,-110.1687,PETES WASH U 13-06 GR,UT CRC,"TC, TOC, HAWK, ICP, XRD",AGAT,E151201-012,2448.8,,,Green River,Mahogany zone,30.24,26.65,10.82,265.46,1.42,449,2.76,5.55,1.71,1.13,2.45,0.02,1.46,11.6,0.12,BRL,78,155,499,BRL,1.1,1.2,35.7,9.1,30,3.6,71,1.6,0.93,0.44,6.52,2.09,1,1,0.3,BRL,16.4,102,0.11,201,38,4.5,12.3,27,43,3.68,51.9,,2.9,BRL,BRL,2.2,BRL,392,BRL,0.32,BRL,3.8,0.5,0.12,3.24,135,BRL,8.9,0.8,71,48.1,7.7,30.8,2.4,,,,,13.4,,23.6,3.7,,1.3,17.1,,,0,,,,,,,,,
1,43013332030000,39.9979,-110.1687,PETES WASH U 13-06 GR,UT CRC,"TC, TOC, HAWK, ICP, XRD",AGAT,E151201-013,2449.5,,,Green River,Mahogany zone,17.51,12.28,5.97,110.12,1.69,441,3.26,11.5,1.56,1.42,2.63,0.03,1.15,14.2,0.15,BRL,57,171,540,BRL,0.6,0.7,39,6.5,33,4.1,56,1.81,0.99,0.61,7.96,2.64,BRL,1,0.32,BRL,18,199,0.13,203,13,5.9,15.3,22,24,4.3,72.6,,2.9,BRL,BRL,2.9,BRL,1100,BRL,0.35,BRL,4.7,BRL,0.13,2.86,88,BRL,9.4,0.9,67,45.2,6.4,23.6,1.5,,,,,33.2,,14.1,2.6,,0.6,16.5,1.4,,,,,,,,,,,
1,43013332030000,39.9979,-110.1687,PETES WASH U 13-06 GR,UT CRC,"TC, TOC, HAWK, ICP, XRD",AGAT,E151201-014,2450.8,,,Green River,Mahogany zone,10.18,5.53,3.42,52.12,0.48,439,3.92,11.5,2.04,1.58,2.53,0.05,0.27,19.6,0.11,BRL,10,121,7170,BRL,0.3,0.4,33.2,6.2,39,2.1,35,1.93,1.19,1.3,7.52,2.16,2,1,0.42,BRL,15.7,85,0.2,209,46,3.2,12.4,31,23,3.49,42.5,,1,BRL,BRL,2.4,BRL,961,BRL,0.33,BRL,3.5,BRL,0.19,2.8,57,2,12.3,1.4,43,40.1,,,,,,,,,,,,,,,,,,,,,,,,,,
1,43013332030000,39.9979,-110.1687,PETES WASH U 13-06 GR,UT CRC,"TC, TOC, HAWK, ICP, XRD",AGAT,E151201-015,2450.1,,,Green River,Mahogany zone,18.59,14.34,10.99,127.42,1.26,438,3.76,7.65,1.81,0.75,1.91,0.02,1.67,14.8,0.09,BRL,83,140,417,BRL,0.6,0.7,44.4,8.8,22,2,50,1.73,0.84,0.46,9.51,2.57,BRL,3,0.33,BRL,21.9,118,0.12,219,24,5.2,16.3,20,36,4.99,37.5,,3.4,BRL,BRL,3,1,501,0.6,0.34,BRL,3.1,0.5,0.12,2.63,56,BRL,9,0.8,50,71.3,4.4,48.3,,,,,,20.5,,11.9,2.2,,1.8,8,2.8,,,,,,,,,,,
1,43013332030000,39.9979,-110.1687,PETES WASH U 13-06 GR,UT CRC,"TC, TOC, HAWK, ICP, XRD",AGAT,E151201-016,2452,,,Green River,Mahogany zone,14.15,7.61,3.65,76.97,0.69,445,3.02,13.2,1.67,1.55,4.12,0.02,0.61,13.5,0.12,BRL,30,122,430,BRL,0.3,0.3,30.9,5.1,29,3.6,28,1.64,0.97,0.52,7.33,2.31,BRL,1,0.34,BRL,16.2,126,0.12,310,12,4.5,12.8,18,14,3.75,62,,0.7,BRL,BRL,2.4,BRL,933,BRL,0.35,BRL,3.9,BRL,0.15,2.81,68,BRL,9.5,0.9,51,40.7,6.9,18.3,2.9,,,,,19.9,,33.6,5.5,,,8.5,4.6,,,,,,,,,,,
1,43013332030000,39.9979,-110.1687,PETES WASH U 13-06 GR,UT CRC,"TC, TOC, HAWK, ICP, XRD",AGAT,E151201-017,2453,,,Green River,Mahogany zone,21.19,13.61,6.09,134.94,0.75,445,1.25,11.7,0.8,0.7,6.02,0.04,0.31,9.71,0.06,BRL,15,86,427,BRL,0.3,0.4,14.5,4.9,11,1.7,23,1.07,0.62,0.31,3.19,1.25,BRL,BRL,0.21,BRL,7.9,183,0.09,204,8,2.3,6.7,13,15,1.89,32.6,,0.9,BRL,BRL,1.3,BRL,956,BRL,0.2,BRL,3.2,BRL,0.1,3.53,56,BRL,6.4,0.7,29,24,7.8,6,0.7,,,,,9.6,,64.1,,,,10.7,,,1,,,,,,,,,
1,43013332030000,39.9979,-110.1687,PETES WASH U 13-06 GR,UT CRC,"TC, TOC, HAWK, ICP, XRD",AGAT,E151201-018,2454.5,,,Green River,Mahogany zone,14.78,5.93,4.01,58.1,0.34,443,1.24,19.7,0.58,0.63,4.42,0.03,0.35,9.74,0.05,BRL,6,70,451,BRL,0.1,0.2,13.5,2.9,12,1.6,12,0.77,0.43,0.27,2.99,1.05,BRL,BRL,0.15,BRL,6.8,98,0.06,318,4,2,5.7,11,7,1.57,27.3,,0.4,BRL,BRL,1.1,BRL,1390,BRL,0.15,BRL,1.9,BRL,0.06,2.47,34,BRL,4.2,0.4,22,23.6,8.3,6.2,1.1,,,,,38.1,,41.2,1,,,4,,,,,,,,,,,,
1,43013332030000,39.9979,-110.1687,PETES WASH U 13-06 GR,UT CRC,"TC, TOC, HAWK, ICP, XRD",AGAT,E151201-019,2456,,,Green River,Mahogany zone,16.1,7.33,3.9,76.91,0.47,447,1.32,18.6,0.64,0.93,4.05,0.05,0.34,8.3,0.06,BRL,6,74,544,BRL,0.1,0.3,18,3.4,12,1.6,15,1.01,0.49,0.35,3.48,1.2,BRL,BRL,0.2,BRL,7.5,86,0.08,234,6,2.3,6.4,8,8,1.79,32,,0.6,BRL,BRL,1.3,BRL,1300,BRL,0.17,BRL,2.4,BRL,0.09,3.85,41,BRL,5.2,0.5,23,24.8,6,4.4,2.2,,,,,40.2,,37.6,2.9,,,6.7,,,,,,,,,,,,
1,43013332030000,39.9979,-110.1687,PETES WASH U 13-06 GR,UT CRC,"TC, TOC, HAWK, ICP, XRD",AGAT,E151201-020,2457,,,Green River,Mahogany zone,19.61,11.65,6.32,123.5,0.49,451,1.38,17.9,0.8,0.82,4.94,0.07,0.44,9.18,0.06,BRL,14,68,559,BRL,0.2,0.2,16.6,4.7,12,1.4,19,1,0.63,0.31,3.38,1.15,BRL,BRL,0.21,BRL,7.5,118,0.09,223,11,2.2,6.2,13,10,1.72,28.1,,1,BRL,BRL,1.2,BRL,1250,BRL,0.17,BRL,2.5,BRL,0.09,4.7,48,1,5.5,0.6,28,23.9,5.1,7.1,1.5,,,,,35.6,,39.1,0.8,,,6.2,,,,4.6,,,,,,,,
1,43013332030000,39.9979,-110.1687,PETES WASH U 13-06 GR,UT CRC,"TC, TOC, HAWK, ICP, XRD",AGAT,E151201-021,2458.5,,,Green River,Mahogany zone,38.72,33.77,13.45,379.48,1.48,456,1.23,6.59,0.95,0.6,2.29,0.02,0.78,6.21,0.06,BRL,44,72,902,BRL,0.5,0.4,16.4,6.6,15,1.4,40,0.96,0.46,0.3,3.03,1.23,BRL,BRL,0.17,BRL,7.9,93,0.07,186,24,2.4,6.3,20,23,1.79,24.3,,1.3,BRL,BRL,1.2,BRL,409,BRL,0.18,BRL,3.1,BRL,0.08,3,83,BRL,5.2,0.4,35,19.9,3.3,13.9,1.9,,,,,33,,18.5,5.1,,0,14.5,,,1.2,8.5,,,,,,,,
1,43013332030000,39.9979,-110.1687,PETES WASH U 13-06 GR,UT CRC,"TC, TOC, HAWK, ICP, XRD",AGAT,E151201-022,2460,,,Green River,Mahogany zone,11.12,6.08,3.4,59.98,0.53,449,4.78,9.58,1.91,2.34,4.5,0.03,0.37,16.3,0.21,BRL,14,174,809,BRL,0.4,0.4,50.9,7.1,46,5.2,49,2.61,1.35,0.78,11.9,3.41,BRL,2,0.52,BRL,24.7,87,0.19,459,14,7.5,18,22,17,5.41,87.3,,0.3,8,BRL,3.4,1,703,0.7,0.49,BRL,5.5,BRL,0.22,4.25,111,1,13.9,1.3,96,52.9,3.4,25.9,4.8,,,,,9.5,,30.4,5.5,,10.8,8.4,,,1.3,,,,,,,,,
1,43013332030000,39.9979,-110.1687,PETES WASH U 13-06 GR,UT CRC,"TC, TOC, HAWK, ICP, XRD",AGAT,E151201-023,2461,,,Green River,Mahogany zone,9.72,5.35,4.47,49.63,0.45,444,4.61,8.23,3.27,2.28,3.69,0.02,2.8,16.1,0.18,BRL,26,170,521,BRL,0.5,0.4,46.7,7.7,52,5.1,48,2.36,1.33,0.77,11.6,3.14,BRL,1,0.44,BRL,24.3,112,0.21,330,13,6.9,18.9,26,22,5.44,89.5,,3.4,8,BRL,3.5,3,607,0.6,0.46,BRL,5.9,0.7,0.19,3.25,101,BRL,12.7,1.3,75,55.2,3.5,29.8,4.7,,,,,11.3,,24.7,3.4,,2.4,18.9,,,1.2,,,,,,,,,
1,43013332030000,39.9979,-110.1687,PETES WASH U 13-06 GR,UT CRC,"TC, TOC, HAWK, ICP, XRD",AGAT,E151201-024,2462.2,,,Green River,Mahogany zone,26.19,21.58,12.55,213.69,1.47,444,2.31,9.22,1.81,1.22,3.49,0.03,1.08,11.9,0.1,BRL,76,161,774,BRL,0.9,1.1,35.1,9.6,24,3.2,69,1.72,1.03,0.56,5.83,2.25,BRL,1,0.33,BRL,16.4,167,0.14,262,19,3.9,12.9,27,46,3.64,55.9,,2.3,BRL,BRL,2.3,BRL,692,BRL,0.32,BRL,6.1,BRL,0.15,3.84,107,BRL,9.6,1,66,37.7,3.7,18.7,4.1,,,,,32.2,,11.8,5.1,,0.8,6.3,,,,17.3,,,,,,,,
1,43013332030000,39.9979,-110.1687,PETES WASH U 13-06 GR,UT CRC,"TC, TOC, HAWK, ICP, XRD",AGAT,E151201-025,2462.6,,,Green River,Mahogany zone,11.9,4.94,2.61,47.03,0.56,446,2.49,17.6,1.17,1.39,3.69,0.03,0.31,13,0.12,BRL,5,129,687,BRL,0.2,0.4,26.9,4.3,20,3.1,24,1.9,1.13,0.53,6.82,2.35,BRL,2,0.39,BRL,14.9,133,0.18,323,3,5.2,12.6,11,12,3.55,58.3,,0.3,BRL,BRL,2.4,BRL,1240,BRL,0.32,BRL,6.7,BRL,0.18,4.46,46,BRL,11,1.2,40,57.8,6.5,11.4,3.7,,,,,37.6,,23.4,1.2,,,14.8,,,,1.4,,,,,,,,
1,43013332030000,39.9979,-110.1687,PETES WASH U 13-06 GR,UT CRC,"TC, TOC, HAWK, ICP, XRD",AGAT,E151201-026,2463.2,,,Green River,Mahogany zone,12.39,5.4,3.55,51.98,0.57,441,2.36,15.7,1.16,1.3,4.29,0.02,0.44,12.5,0.1,BRL,31,143,469,BRL,0.2,0.2,27.7,4.5,24,2.6,21,1.86,1.26,0.48,5.33,2.25,BRL,1,0.39,BRL,14.1,121,0.19,374,3,4.1,11.4,14,11,3.21,47.3,,0.8,BRL,BRL,2.2,BRL,925,BRL,0.34,BRL,4.8,BRL,0.19,2.56,41,BRL,11.7,1.2,32,44.7,6.1,12.4,3.5,,,,,32.1,,31.2,1.3,,,13.5,,,,,,,,,,,,
1,43013332030000,39.9979,-110.1687,PETES WASH U 13-06 GR,UT CRC,"TC, TOC, HAWK, ICP, XRD",AGAT,E151201-027,2464.5,,,Green River,Mahogany zone,5.41,0.65,0.37,3.88,0.66,442,3.87,10.1,1.76,2.07,4.18,0.02,0.27,19.8,0.2,BRL,10,136,602,BRL,BRL,BRL,45.5,8.1,38,4.3,15,3.06,1.78,0.82,8.94,3.59,BRL,3,0.63,BRL,24.1,96,0.24,499,6,7.3,19.7,21,7,5.47,76.1,,0.7,7,BRL,3.8,BRL,576,0.7,0.55,BRL,5.7,BRL,0.25,3.49,47,BRL,17.5,1.7,53,109,10,19.8,6.4,,,,,15.4,,27.4,0.8,,,20.2,,,,,,,,,,,,
1,43013332030000,39.9979,-110.1687,PETES WASH U 13-06 GR,UT CRC,"TC, TOC, HAWK, ICP, XRD",AGAT,E151201-028,2466.3,,,Green River,Mahogany zone,6.9,2.64,2.65,22.59,0.39,441,3.83,10.5,1.32,1.23,2.74,0.01,0.24,21.5,0.13,BRL,18,103,748,BRL,0.1,BRL,39.5,4,28,2.4,15,2.44,1.48,0.69,7.23,2.96,BRL,2,0.52,BRL,17.8,75,0.24,334,6,4.7,15.9,14,10,4.53,44.3,,0.5,5,BRL,3.1,BRL,719,0.6,0.44,BRL,4.3,BRL,0.25,2.29,39,BRL,14.5,1.6,42,76.4,11.2,27.5,5.1,,,,,25.1,,18.3,,,0.4,12.4,,,0,,,,,,,,,
1,43013332030000,39.9979,-110.1687,PETES WASH U 13-06 GR,UT CRC,"TC, TOC, HAWK, ICP, XRD",AGAT,E151201-029,2467.5,,,Green River,Mahogany zone,11.2,3.7,2.6,34.56,0.34,445,1.67,16.9,0.88,0.84,6.33,0.02,0.29,11.8,0.08,BRL,BRL,108,788,BRL,BRL,BRL,17.2,3,13,2.1,26,1.2,0.71,0.39,4.24,1.36,BRL,1,0.25,BRL,9.1,215,0.11,260,2,3.6,7.7,9,31,2.27,42.4,,0.3,BRL,BRL,1.5,BRL,1150,BRL,0.21,BRL,3.7,BRL,0.1,2.4,35,BRL,6.8,0.8,28,36.4,3.6,8.3,0.9,,,,,29.1,,32.2,0.5,,,10.5,,,,14.9,,,,,,,,
1,43013332030000,39.9979,-110.1687,PETES WASH U 13-06 GR,UT CRC,"TC, TOC, HAWK, ICP, XRD",AGAT,E151201-030,2468.9,,,Green River,Mahogany zone,9.01,2.18,1.94,16.97,0.46,441,2.63,11.5,1.22,1.25,7.41,0.02,0.19,13.5,0.13,BRL,9,155,396,BRL,BRL,BRL,24.9,4.1,18,3.4,14,1.39,0.79,0.44,6.06,1.78,BRL,1,0.28,BRL,12.6,285,0.12,302,2,4.7,10.4,15,5,2.96,61.8,,0.5,BRL,BRL,2,BRL,879,BRL,0.28,BRL,3,BRL,0.13,2.63,51,BRL,7.7,0.8,38,44.2,4.8,12.6,2.1,,,,,5.7,,50.9,,,,18,,,3.2,2.6,,,,,,,,
1,43013332030000,39.9979,-110.1687,PETES WASH U 13-06 GR,UT CRC,"TC, TOC, HAWK, ICP, XRD",AGAT,E151201-031,2469.5,,,Green River,Mahogany zone,7.88,1.85,2,14.34,0.63,439,2.33,10.1,1.05,1.17,6.44,0.02,0.16,16.9,0.11,BRL,8,147,681,BRL,BRL,BRL,26.1,3.5,17,3,8,1.47,0.8,0.5,5.6,1.83,BRL,1,0.27,BRL,11.9,273,0.11,298,BRL,4.4,9.9,13,BRL,2.89,54.1,,0.4,BRL,BRL,1.9,BRL,862,BRL,0.27,BRL,2.9,BRL,0.13,2.63,41,BRL,7.5,0.8,28,49,11.5,10,2.8,,,,,6.2,,44.9,,,,18.8,,,3.6,2.3,,,,,,,,
1,43013332030000,39.9979,-110.1687,PETES WASH U 13-06 GR,UT CRC,"TC, TOC, HAWK, ICP, XRD",AGAT,E151201-032,2471,,,Green River,Mahogany zone,14.47,7.97,4.73,79.82,0.68,445,2.03,12.6,1.05,1.03,6.2,0.01,0.24,13.5,0.09,BRL,BRL,123,390,BRL,0.3,0.5,19.9,4.7,57,2.6,28,1.32,0.74,0.39,5.1,1.71,BRL,BRL,0.25,BRL,11.8,183,0.11,241,BRL,4,9.5,202,13,2.72,48,,0.2,BRL,BRL,1.8,BRL,919,BRL,0.24,BRL,3.9,BRL,0.11,2.62,62,BRL,7.3,0.7,35,33.5,6,10.7,1.3,,,,,17.8,,36.2,3.7,,,12.3,1.4,,,10.7,,,,,,,,
1,43013332030000,39.9979,-110.1687,PETES WASH U 13-06 GR,UT CRC,"TC, TOC, HAWK, ICP, XRD",AGAT,E151201-033,2471.7,,,Green River,Mahogany zone,27.9,22.88,13.93,223,1.15,442,1.86,9.9,1.44,0.92,3.8,0.13,1.07,10.7,0.11,BRL,135,130,692,BRL,0.9,0.9,43.6,8.8,22,2.3,58,1.69,0.96,0.52,5.68,2.25,BRL,BRL,0.33,BRL,18.9,150,0.12,291,14,6.9,13.9,33,45,4.13,40.8,,2.4,BRL,BRL,2.3,BRL,760,BRL,0.33,BRL,9.9,BRL,0.12,5.61,118,BRL,9.9,0.9,58,28.7,2.9,15.7,2,,,,,36.8,,11.8,3.6,,1,5.5,,,,20.7,,,,,,,,
1,43013332030000,39.9979,-110.1687,PETES WASH U 13-06 GR,UT CRC,"TC, TOC, HAWK, ICP, XRD",AGAT,E151201-034,2472.5,,,Green River,Mahogany zone,6.63,1.11,0.6,7.68,0.38,442,3.8,11,2.06,2.15,5.34,0.02,0.19,16,0.2,BRL,BRL,187,495,BRL,BRL,0.2,40.9,7.8,45,5,19,2.09,1.13,0.66,9.73,2.9,BRL,2,0.41,BRL,20.7,96,0.17,499,BRL,7.7,15.9,31,8,4.56,81.4,,0.3,8,BRL,2.8,BRL,755,0.7,0.4,BRL,4.5,BRL,0.17,2.07,65,BRL,11.5,1.1,59,67.6,5.9,16.9,8.7,,,,,18.5,,33.6,1.4,,,6.1,5.3,,3.5,,,,,,,,,
1,43013332030000,39.9979,-110.1687,PETES WASH U 13-06 GR,UT CRC,"TC, TOC, HAWK, ICP, XRD",AGAT,E151201-035,2473.3,,,Green River,Mahogany zone,8.83,4.22,3.03,42.34,0.48,440,4.51,9.95,2.23,3.73,3.88,0.02,0.57,17.6,0.18,BRL,10,220,520,BRL,0.4,0.3,42.4,8.9,50,5.6,34,2.3,1.22,0.72,12.2,3.17,BRL,2,0.44,BRL,21.9,105,0.18,350,19,6.9,17.9,25,15,5.14,106,,1.2,7,BRL,3.3,1,650,0.7,0.44,BRL,5.2,BRL,0.18,2.41,84,BRL,12.1,1.1,74,54.9,6,13.4,17,,,,,17.4,,20.6,3.2,,,20.2,,,2.3,,,,,,,,,
1,43013332030000,39.9979,-110.1687,PETES WASH U 13-06 GR,UT CRC,"TC, TOC, HAWK, ICP, XRD",AGAT,E151201-036,2473.5,,,Green River,Mahogany zone,7.93,3.41,2.01,33.58,0.43,445,4.66,10.9,1.79,2.83,3.24,0.03,0.68,18,0.18,BRL,23,168,540,BRL,0.4,0.3,54.6,7.6,40,4.9,41,2.27,1.13,0.79,11.7,3.09,BRL,1,0.43,BRL,30.5,80,0.18,371,14,6,19.8,23,11,6.1,87.7,,2,7,BRL,3.5,1,828,0.7,0.47,BRL,4.5,BRL,0.17,1.89,76,BRL,13.5,1.2,64,53.1,5.7,27.1,6.7,,,,,21.4,,17,1.7,,,11.4,7.4,,1.6,,,,,,,,,
1,43013332030000,39.9979,-110.1687,PETES WASH U 13-06 GR,UT CRC,"TC, TOC, HAWK, ICP, XRD",AGAT,E151201-037,2474.5,,,Green River,Mahogany zone,5.74,2.23,0.88,18.71,0.3,442,5.03,8.26,2.79,2.8,3.78,0.02,0.67,20.1,0.23,BRL,12,265,419,BRL,0.4,0.4,37,8.2,46,6.8,51,1.92,0.98,0.67,11.8,2.74,BRL,2,0.39,BRL,20.9,125,0.13,310,4,7.8,16.2,15,17,4.58,111,,0.9,7,BRL,3.2,1,662,0.7,0.4,BRL,4.2,BRL,0.14,1.98,99,BRL,10.6,0.9,86,63.4,6.4,25.8,6,,,,,16.9,,13.8,2.1,,,26.4,,,1.9,0.6,,,,,,,,
1,43013332030000,39.9979,-110.1687,PETES WASH U 13-06 GR,UT CRC,"TC, TOC, HAWK, ICP, XRD",AGAT,E151201-038,2475.5,,,Green River,Mahogany zone,10.32,3.6,1.86,32.18,0.37,446,1.14,16.1,0.58,0.59,5.07,0.01,0.26,16.1,0.06,BRL,BRL,119,692,BRL,BRL,BRL,7.8,2.8,15,1.5,22,1.25,0.8,0.39,2.5,1.31,BRL,BRL,0.25,BRL,6.2,95,0.11,217,BRL,2,6.5,BRL,BRL,1.68,27.6,,BRL,BRL,BRL,1.2,BRL,1020,BRL,0.22,BRL,2.3,BRL,0.13,1.64,27,BRL,7.9,0.8,20,27.9,11.6,6.7,0.6,,,,,34.6,,28.1,,,,7.6,,,,10.8,,,,,,,,
1,43013332030000,39.9979,-110.1687,PETES WASH U 13-06 GR,UT CRC,"TC, TOC, HAWK, ICP, XRD",AGAT,E151201-039,2476.1,,,Green River,Mahogany zone,11.87,3.93,2.7,41.29,0.29,443,1.39,15.7,0.73,0.67,8.44,0.01,0.25,12,0.06,BRL,BRL,80,405,BRL,0.1,BRL,12.6,3,13,1.4,25,1.03,0.55,0.28,3.01,1.12,BRL,BRL,0.21,BRL,6.5,128,0.07,226,BRL,2,6.2,8,6,1.59,29.1,,0.2,BRL,BRL,1.2,BRL,1090,BRL,0.17,BRL,2.2,BRL,0.1,1.49,31,BRL,6.1,0.5,20,19.8,2.1,6.8,1.4,,,,,22.2,,36.1,1.1,,,6.5,,,,23.9,,,,,,,,
1,43013332030000,39.9979,-110.1687,PETES WASH U 13-06 GR,UT CRC,"TC, TOC, HAWK, ICP, XRD",AGAT,E151201-040,2477,,,Green River,Mahogany zone,8.5,1.15,0.82,8.78,0.33,441,1.46,14.7,0.77,0.84,8.62,0.02,0.23,12.2,0.08,BRL,8,122,487,BRL,BRL,BRL,19.3,2.4,BRL,1.9,22,1.36,0.7,0.37,3.93,1.45,BRL,1,0.27,BRL,9.2,340,0.11,344,BRL,2.7,7.9,8,BRL,2.2,39.3,,0.3,BRL,BRL,1.7,BRL,1250,BRL,0.23,BRL,2.7,BRL,0.12,1.98,28,BRL,7.8,0.7,21,43.7,5,4.1,1.8,,,,,12,,48.3,,,,20.8,,,2.4,5.6,,,,,,,,
1,43013332030000,39.9979,-110.1687,PETES WASH U 13-06 GR,UT CRC,"TC, TOC, HAWK, ICP, XRD",AGAT,E151201-041,2477.5,,,Green River,Mahogany zone,9.69,1.43,0.94,11.96,0.45,447,1.44,14.4,0.91,0.84,9.95,0.01,0.22,10.3,0.07,BRL,BRL,134,474,BRL,BRL,BRL,13.1,2.9,21,1.9,23,1.14,0.74,0.36,4.09,1.41,BRL,BRL,0.24,BRL,8.5,344,0.09,338,BRL,2.2,7.2,29,BRL,1.93,38.8,,0.3,BRL,BRL,1.5,BRL,1190,BRL,0.2,BRL,1.9,BRL,0.09,1.66,28,BRL,6.8,0.7,31,22.2,2.6,5.2,1.4,,,,,7.9,,56.9,,,,16.1,,,4.4,5.5,,,,,,,,
1,43013332030000,39.9979,-110.1687,PETES WASH U 13-06 GR,UT CRC,"TC, TOC, HAWK, ICP, XRD",AGAT,E151201-042,2478,,,Green River,Mahogany zone,8.76,1.74,2,14.25,0.31,443,1.11,12.1,0.66,0.67,8.39,BRL,0.2,16.2,0.06,BRL,BRL,64,398,BRL,BRL,BRL,12.2,2.7,12,1.3,22,1.09,0.65,0.37,2.35,1.45,BRL,1,0.22,BRL,7.5,132,0.08,258,BRL,1.7,6.9,9,BRL,1.92,28.8,,0.2,BRL,BRL,1.4,BRL,1160,BRL,0.2,BRL,1.7,BRL,0.09,1.54,23,BRL,6.2,0.5,21,38.3,13,5.2,1.8,,,,,4.2,,58.5,,,,6.4,,,,11,,,,,,,,
1,43013332030000,39.9979,-110.1687,PETES WASH U 13-06 GR,UT CRC,"TC, TOC, HAWK, ICP, XRD",AGAT,E151201-043,2479,,,Green River,Mahogany zone,10.61,2.44,2.64,20.44,0.41,443,1.21,13.6,0.72,0.66,10.8,BRL,0.22,11.4,0.06,BRL,BRL,118,559,BRL,BRL,BRL,9.6,3.4,BRL,1.7,23,1.05,0.55,0.31,2.87,1.17,BRL,BRL,0.2,BRL,6.5,299,0.07,246,BRL,1.9,5.9,BRL,BRL,1.56,33.6,,0.2,BRL,BRL,1.3,BRL,1210,BRL,0.21,BRL,1.7,BRL,0.08,1.62,30,BRL,5.7,0.5,15,26.7,2.8,5.9,0.9,,,,,7.1,,50.5,3.2,,0.3,10.9,,,1.8,16.5,,,,,,,,
1,43013332030000,39.9979,-110.1687,PETES WASH U 13-06 GR,UT CRC,"TC, TOC, HAWK, ICP, XRD",AGAT,E151201-044,2480,,,Green River,Mahogany zone,9.73,2.93,2.21,25.81,0.38,447,1.42,12.5,0.84,0.79,9.52,0.02,0.2,14.1,0.09,BRL,BRL,122,518,BRL,0.1,BRL,17.3,2.8,22,2.1,25,1.03,0.59,0.36,3.89,1.42,BRL,1,0.21,BRL,9.1,276,0.08,221,BRL,3.4,8.4,20,BRL,2.26,42.5,,0.3,BRL,BRL,1.5,BRL,1610,BRL,0.21,BRL,2.7,BRL,0.1,2.49,36,BRL,6.3,0.5,22,37.5,5.3,6.5,0.7,,,,,8.1,,48,,,0,12.8,,,0.9,17.7,,,,,,,,
1,43013332030000,39.9979,-110.1687,PETES WASH U 13-06 GR,UT CRC,"TC, TOC, HAWK, ICP, XRD",AGAT,E151201-045,2481,,,Green River,Mahogany zone,12.2,5.65,5.6,53.05,0.52,443,1.24,11.2,0.85,0.53,10.5,BRL,0.2,12.5,0.06,BRL,BRL,102,369,BRL,0.1,BRL,13.5,2.7,BRL,1.6,24,0.8,0.44,0.27,3.16,0.98,BRL,BRL,0.16,BRL,6.6,215,0.06,212,BRL,2.3,5.4,9,BRL,1.5,30.9,,0.2,BRL,BRL,1.1,BRL,1080,BRL,0.15,BRL,1.6,BRL,0.07,1.83,52,BRL,4.8,0.5,15,22.1,0.8,7.8,,,,,,9.1,,43,,,,9.7,,,,29.6,,,,,,,,
1,43013332030000,39.9979,-110.1687,PETES WASH U 13-06 GR,UT CRC,"TC, TOC, HAWK, ICP, XRD",AGAT,E151201-046,2482,,,Green River,Mahogany zone,19.83,13.48,6.68,126.74,0.63,446,1.8,11.3,1.26,0.81,6.3,0.03,0.41,11.2,0.09,BRL,81,118,479,BRL,0.5,0.7,17.8,6,16,2.3,57,1.21,0.67,0.38,4.73,1.53,BRL,BRL,0.24,BRL,10.8,176,0.1,245,16,3,8.7,14,22,2.37,41.6,,1.3,BRL,BRL,1.5,BRL,944,BRL,0.2,BRL,3,BRL,0.1,3.58,88,BRL,7.1,0.6,43,29.9,2.6,12.7,,,,,,19.1,,32.3,1.8,,0.2,10.8,,,0.3,20.2,,,,,,,,
1,43013332030000,39.9979,-110.1687,PETES WASH U 13-06 GR,UT CRC,"TC, TOC, HAWK, ICP, XRD",AGAT,E151201-047,2483,,,Green River,Mahogany zone,22.3,14.07,6.39,144.34,0.76,452,1.31,16.9,0.92,0.75,4.91,0.02,0.31,7.4,0.06,BRL,6,92,460,BRL,0.2,0.3,10.6,4.9,13,1.8,27,0.79,0.45,0.3,3.43,1.12,BRL,BRL,0.17,BRL,7.6,95,0.07,234,14,2.2,6.1,13,8,1.76,35.4,,0.7,BRL,BRL,1.1,BRL,1210,BRL,0.16,BRL,2.2,BRL,0.08,2.24,47,BRL,4.9,0.4,20,22,2.2,6.5,,,,,,34.4,,35.7,1.9,,,7.6,,,,11.7,,,,,,,,
1,43013332030000,39.9979,-110.1687,PETES WASH U 13-06 GR,UT CRC,"TC, TOC, HAWK, ICP, XRD",AGAT,E151201-048,2484,,,Green River,Mahogany zone,16.84,8.15,4.8,84.85,0.4,445,1.34,21.3,0.74,0.81,4.4,0.1,0.35,7.7,0.06,BRL,BRL,92,612,BRL,0.2,0.3,11,2.3,17,2,27,0.87,0.6,0.37,3.55,1.14,BRL,BRL,0.18,BRL,7.7,95,0.09,210,4,2.4,6.2,10,8,1.72,34.9,,0.5,BRL,BRL,1.2,2,1610,BRL,0.18,BRL,2.4,BRL,0.1,4.47,40,BRL,5.9,0.6,28,22,3.7,5,1.1,,,,,42.2,,34.9,,,,5.3,,,,7.7,,,,,,,,
1,43013332030000,39.9979,-110.1687,PETES WASH U 13-06 GR,UT CRC,"TC, TOC, HAWK, ICP, XRD",AGAT,E151201-049,2485,,,Green River,Mahogany zone,16.92,10,5.52,108.53,0.49,448,1.82,14.1,1.01,1.02,6.04,0.05,0.26,11.1,0.08,BRL,10,841,439,BRL,0.3,0.4,14.7,5.5,17,2.6,33,1.1,0.63,0.4,4.79,1.5,BRL,BRL,0.23,BRL,10,169,0.09,182,13,3.3,8.2,15,11,2.27,45.8,,1,BRL,BRL,1.5,BRL,1140,BRL,0.2,BRL,3.4,BRL,0.09,4.26,56,BRL,6.7,0.6,36,28.8,,,,,,,,,,,,,,,,,,,,,,,,,,
1,43013332030000,39.9979,-110.1687,PETES WASH U 13-06 GR,UT CRC,"TC, TOC, HAWK, ICP, XRD",AGAT,E151201-050,2486,,,Green River,Mahogany zone,14.68,6.86,4.31,68.33,0.49,446,1.59,13.8,1.17,0.87,9.31,0.01,0.25,10.5,0.08,BRL,BRL,118,431,BRL,0.2,BRL,16.2,3,18,2.3,29,1.07,0.66,0.34,4.21,1.34,BRL,BRL,0.21,BRL,9.2,126,0.09,253,4,2.8,7.4,13,6,2.05,38.9,,0.5,BRL,BRL,1.4,BRL,1070,BRL,0.2,BRL,2.1,BRL,0.1,2.21,49,BRL,6.1,0.6,26,24.2,2.3,7.1,1.3,,,,,7.3,,55.6,1.9,,,8.4,,,,16.2,,,,,,,,
1,43013332030000,39.9979,-110.1687,PETES WASH U 13-06 GR,UT CRC,"TC, TOC, HAWK, ICP, XRD",AGAT,E151201-051,2487,,,Green River,Mahogany zone,11.36,4.72,2.7,45.3,0.48,446,3.19,12.6,1.93,1.88,6.35,0.02,0.41,13.5,0.14,BRL,15,209,541,BRL,0.2,0.3,36.3,5.3,32,5,36,1.8,0.98,0.56,8.13,2.38,BRL,1,0.36,BRL,19.3,137,0.12,339,18,5.1,14,20,10,4.27,82.4,,1.3,6,BRL,2.6,BRL,1020,BRL,0.37,BRL,3.7,BRL,0.14,1.84,72,BRL,10,0.9,50,43.6,4.1,13,5,,,,,11.8,,43.1,2.3,,,16.9,,,3.9,0,,,,,,,,
1,43013332030000,39.9979,-110.1687,PETES WASH U 13-06 GR,UT CRC,"TC, TOC, HAWK, ICP, XRD",AGAT,E151201-052,2488,,,Green River,Mahogany zone,11.91,3.89,3.93,33.68,0.37,440,1.57,17.2,0.82,0.91,7.35,0.02,0.29,10.5,0.07,BRL,8,111,495,BRL,0.1,BRL,13.1,2.9,14,2.4,24,0.98,0.51,0.31,3.94,1.21,BRL,BRL,0.19,BRL,7.7,170,0.09,279,BRL,2.7,6.3,8,BRL,1.89,41.9,,0.3,BRL,BRL,1.2,BRL,1430,BRL,0.16,BRL,2.4,BRL,0.08,1.78,34,BRL,5.5,0.5,24,26.2,3.6,6.1,1.4,,,,,23.8,,44.2,,,,8.7,,,,12.1,,,,,,,,
1,43013332030000,39.9979,-110.1687,PETES WASH U 13-06 GR,UT CRC,"TC, TOC, HAWK, ICP, XRD",AGAT,E151201-053,2489,,,Green River,Mahogany zone,11.58,3.87,2.64,35.75,0.35,445,0.97,18.6,0.58,0.45,7.2,0.02,0.31,11.6,0.05,BRL,BRL,72,395,BRL,BRL,BRL,10,2.9,19,1.5,21,0.87,0.49,0.26,2.51,1.09,BRL,BRL,0.17,BRL,5.5,122,0.07,256,BRL,1.9,5.3,10,BRL,1.44,24.5,,0.1,BRL,BRL,1,BRL,1340,BRL,0.18,BRL,2.4,BRL,0.08,1.75,24,BRL,5.3,0.5,14,14.9,4.2,5,,,,,,33.8,,28.9,1.3,,,5.6,,,,21.2,,,,,,,,
1,43013332030000,39.9979,-110.1687,PETES WASH U 13-06 GR,UT CRC,"TC, TOC, HAWK, ICP, XRD",AGAT,E151201-054,2490,,,Green River,Mahogany zone,10.85,3.48,2.02,25.27,0.4,445,1.44,13.9,0.8,0.74,9.88,0.02,0.24,12.5,0.06,BRL,BRL,110,390,BRL,BRL,BRL,11.5,2.3,18,2.3,23,0.96,0.5,0.3,3.2,1.18,BRL,BRL,0.19,BRL,7.7,212,0.07,341,BRL,2,6.4,8,BRL,1.8,38.9,,0.3,BRL,BRL,1.2,BRL,1100,BRL,0.19,BRL,1.6,BRL,0.08,1.54,32,BRL,5.3,0.5,20,28.4,3.1,6.3,,,,,,11.1,,48.2,,,,10.9,,,1.1,19.2,,,,,,,,
1,43013332030000,39.9979,-110.1687,PETES WASH U 13-06 GR,UT CRC,"TC, TOC, HAWK, ICP, XRD",AGAT,E151201-055,2491,,,Green River,Mahogany zone,9.54,2.85,1.45,24.54,0.52,449,1.53,14.4,0.83,0.86,8.51,0.02,0.24,14.1,0.07,BRL,BRL,136,348,BRL,0.1,BRL,14,2.9,14,2.6,27,0.92,0.48,0.3,3.57,1.22,BRL,BRL,0.19,BRL,7.9,227,0.09,258,BRL,2.4,6.5,8,BRL,1.86,45.6,,0.4,BRL,BRL,1.2,BRL,1120,BRL,0.19,BRL,1.9,BRL,0.08,1.63,36,BRL,5.3,0.5,26,30.6,4.5,6,0.7,,,,,17.9,,34,1.9,,,14.7,,,2.8,17.5,,,,,,,,
1,43013332030000,39.9979,-110.1687,PETES WASH U 13-06 GR,UT CRC,"TC, TOC, HAWK, ICP, XRD",AGAT,E151201-056,2492.2,,,Green River,Mahogany zone,13.93,6.82,1.76,33.11,0.49,430,1.68,14.9,0.87,0.95,7.36,0.14,0.26,11.7,0.08,BRL,6,2700,432,BRL,0.2,BRL,20.9,4.6,18,2.8,30,2.03,1.16,0.5,4.12,2.15,BRL,BRL,0.39,BRL,10.8,176,0.13,239,3,3,11,13,6,3.01,47,,0.4,BRL,BRL,2.3,BRL,1230,BRL,0.35,0.5,6.3,BRL,0.16,6.54,46,BRL,11.8,0.9,29,27.9,,,,,,,,,,,,,,,,,,,,,,,,,,
1,43013332030000,39.9979,-110.1687,PETES WASH U 13-06 GR,UT CRC,"TC, TOC, HAWK, ICP, XRD",AGAT,E151201-057,2493.5,,,Green River,Mahogany zone,7.04,2.84,0.97,24.45,0.42,444,4.45,10.4,2.49,3.92,3.65,0.02,0.76,18.3,0.2,BRL,6,266,482,BRL,0.5,0.3,34.6,7.4,42,6.7,48,2.05,1.01,0.64,12.1,2.62,BRL,2,0.4,BRL,19.8,193,0.16,309,8,7.5,15.8,19,21,4.52,126,,0.8,6,BRL,3,1,670,0.6,0.43,BRL,4.8,BRL,0.15,2.39,89,BRL,11.3,1,69,66.7,5,6.4,20.3,,,,,19,,12.6,1.6,,,29.9,,,4.8,0.5,,,,,,,,
1,43013332030000,39.9979,-110.1687,PETES WASH U 13-06 GR,UT CRC,"TC, TOC, HAWK, ICP, XRD",AGAT,E151201-058,2494.5,,,Green River,Mahogany zone,6.08,1.62,1.19,11.27,0.31,447,4.74,8.53,0.98,1.77,5.3,0.02,0.15,20.3,0.09,BRL,BRL,101,462,BRL,0.3,0.2,25.4,3.9,23,2.3,23,2.36,1.35,0.69,8.07,2.71,BRL,2,0.47,BRL,11.9,107,0.16,370,BRL,3.8,13.7,11,16,3.28,48.7,,0.4,BRL,BRL,3,2,643,0.5,0.44,BRL,3.1,BRL,0.2,1.94,29,BRL,13.4,1.2,72,58.4,5.4,28.4,7.7,,,,,6.4,,29.3,,,,18.1,,,4.2,0.4,,,,,,,,
1,43013332030000,39.9979,-110.1687,PETES WASH U 13-06 GR,UT CRC,"TC, TOC, HAWK, ICP, XRD",AGAT,E151201-059,2495.5,,,Green River,Mahogany zone,6.76,0.47,0.29,1.93,0.33,445,3.18,12.7,1.43,1.83,6.53,0.02,0.21,15.5,0.19,BRL,10,134,504,BRL,BRL,BRL,24.6,5.3,32,4.4,24,2.41,1.41,0.68,8.38,2.96,BRL,2,0.5,BRL,15,135,0.2,489,BRL,7.6,13.5,18,BRL,3.67,80.5,,0.4,5,BRL,3.1,1,888,0.6,0.45,BRL,3.5,BRL,0.22,2.16,42,BRL,14,1.3,44,77.2,6,10.3,7,,,,,12.9,,34.3,,,,23.9,,,3.6,2.1,,,,,,,,
1,43013332030000,39.9979,-110.1687,PETES WASH U 13-06 GR,UT CRC,"TC, TOC, HAWK, ICP, XRD",AGAT,E151201-060,2496,,,Green River,Mahogany zone,7.43,0.72,0.3,3.83,0.37,449,3.16,12.3,1.73,2.07,8.75,0.01,0.2,13,0.15,BRL,7,244,438,BRL,0.1,BRL,26.9,6.9,28,4.8,31,1.94,1.35,0.5,8.33,2.35,BRL,2,0.46,BRL,15.1,247,0.17,428,BRL,6.2,13.2,13,BRL,3.88,87,,0.4,5,BRL,2.3,BRL,826,0.6,0.38,BRL,3.7,BRL,0.19,2.44,49,BRL,12.7,1.2,52,59,2.1,8,7.9,,,,,6.8,,43.6,1.8,,,19.1,,,9.1,1.5,,,,,,,,
1,43013332030000,39.9979,-110.1687,PETES WASH U 13-06 GR,UT CRC,"TC, TOC, HAWK, ICP, XRD",AGAT,E151201-061,2496.5,,,Green River,Mahogany zone,10.57,1.32,3.17,8.6,0.33,442,1.28,17.8,0.82,0.65,8.18,BRL,0.28,9,0.07,BRL,BRL,68,476,BRL,BRL,BRL,22.1,1,18,1.5,24,2.07,1.18,0.51,3.74,2.33,BRL,BRL,0.43,BRL,12.4,147,0.17,423,BRL,2.8,11.2,7,BRL,3.14,29.7,,0.1,BRL,BRL,2.2,BRL,1160,BRL,0.38,BRL,3,BRL,0.17,1.82,24,BRL,12.4,1.2,15,34.8,5.3,3.2,2,,,,,15.3,,59,,,,5.3,,,0.5,9.5,,,,,,,,
1,43013332030000,39.9979,-110.1687,PETES WASH U 13-06 GR,UT CRC,"TC, TOC, HAWK, ICP, XRD",AGAT,E151201-062,2497,,,Green River,Mahogany zone,6.16,0.35,0.37,1.95,0.34,450,2.24,10.8,0.86,1.18,6.07,0.01,0.17,18.4,0.14,BRL,5,85,543,BRL,BRL,BRL,21,3.4,20,2.3,20,1.73,1.11,0.51,5.01,2.18,BRL,2,0.34,BRL,12.5,146,0.16,350,BRL,5.3,11.1,11,BRL,3.06,47.5,,0.3,BRL,BRL,2.1,BRL,997,BRL,0.35,BRL,2.8,BRL,0.15,1.99,27,BRL,10.3,1.1,27,94.6,13.8,8.4,6.4,,,,,8.1,,41.6,,,,11.4,2,,2.5,5.8,,,,,,,,
1,43013332030000,39.9979,-110.1687,PETES WASH U 13-06 GR,UT CRC,"TC, TOC, HAWK, ICP, XRD",AGAT,E151201-063,2498,,,Green River,Mahogany zone,10.16,1.21,1.35,7.92,0.3,447,1.6,15.7,0.82,0.96,9.52,0.01,0.25,9.1,0.09,BRL,BRL,107,435,BRL,0.1,BRL,15.6,2.2,14,2.3,24,1.43,0.85,0.4,3.9,1.63,BRL,1,0.27,BRL,8.4,229,0.12,278,BRL,3.3,8.2,7,BRL,2.25,43.3,,0.2,BRL,BRL,1.5,BRL,1150,BRL,0.26,BRL,2.7,BRL,0.12,1.96,27,BRL,8.3,0.9,25,36.9,3.3,4.3,3.2,,,,,7.5,,62.6,,,,8.9,,,2.8,7.3,,,,,,,,
1,43013332030000,39.9979,-110.1687,PETES WASH U 13-06 GR,UT CRC,"TC, TOC, HAWK, ICP, XRD",AGAT,E151201-064,5524.5,,,Green River,Uteland Butte,7.11,3.5,0.83,22.76,0.23,450,6.78,9.19,2.06,2.07,2.18,0.17,1.86,18.9,0.25,BRL,20,114,622,BRL,0.4,0.7,47.9,11.7,60,9.5,65,3.12,1.77,0.98,17.1,3.68,1,2,0.64,BRL,26.5,93,0.25,206,15,8.8,21.2,36,15,6.09,123,,2.1,11,BRL,4.2,2,638,0.6,0.58,BRL,8.2,0.7,0.27,6.96,159,1,17.9,1.7,113,85.2,9.8,4.8,6.5,,,,,19.2,,,10.7,,3.5,45.5,,,,,,,,,,,,
1,43013332030000,39.9979,-110.1687,PETES WASH U 13-06 GR,UT CRC,"TC, TOC, HAWK, ICP, XRD",AGAT,E151201-065,5525.4,,,Green River,Uteland Butte,11.34,2.43,0.59,15.53,0.36,450,2.06,24.5,0.61,0.59,1.88,0.08,0.92,8.3,0.08,BRL,BRL,37,1960,BRL,0.1,BRL,13.3,2.7,35,2.2,16,0.99,0.56,0.64,4.98,1.28,BRL,BRL,0.19,BRL,8.4,27,0.1,196,3,3.1,7,13,5,2.01,36.6,,0.3,BRL,BRL,1.3,BRL,1100,BRL,0.18,BRL,2.7,BRL,0.08,1.44,45,BRL,5.9,0.6,36,33.1,6.3,3,0,,,,,69.7,,8.1,,,0.9,12,,,,,,,,,,,,
1,43013332030000,39.9979,-110.1687,PETES WASH U 13-06 GR,UT CRC,"TC, TOC, HAWK, ICP, XRD",AGAT,E151201-066,5526.5,,,Green River,Uteland Butte,11.53,2.08,0.38,12.58,0.24,451,2.03,17.3,0.7,0.59,8.47,0.04,0.74,8.5,0.07,BRL,10,43,479,BRL,0.1,0.3,11,3.7,20,2.2,29,0.77,0.47,0.27,5.09,0.8,BRL,BRL,0.16,BRL,7.1,34,0.07,246,7,2.5,5.5,18,BRL,1.55,35.8,,1.3,BRL,BRL,0.9,BRL,811,BRL,0.13,BRL,2.1,BRL,0.06,2.1,54,BRL,4.7,0.5,33,28.5,6.3,,,,,,,3.5,,73.5,3.2,,1.2,12.4,,,,,,,,,,,,
1,43013332030000,39.9979,-110.1687,PETES WASH U 13-06 GR,UT CRC,"TC, TOC, HAWK, ICP, XRD",AGAT,E151201-067,5527.1,,,Green River,Uteland Butte,13.86,1.89,5.22,12.36,0.18,445,0.23,22.6,0.49,0.05,9.85,0.02,0.39,2.8,BRL,BRL,BRL,12,494,BRL,BRL,BRL,BRL,1.7,BRL,0.2,20,0.16,0.1,0.12,0.51,0.19,BRL,BRL,BRL,BRL,1,20,BRL,305,BRL,0.2,0.9,BRL,BRL,0.23,2.9,,0.1,BRL,BRL,0.2,BRL,870,BRL,BRL,BRL,0.2,BRL,BRL,0.55,8,BRL,1.1,0.1,BRL,5.4,3.3,,,,,,,6,,89.6,,,1.2,,,,,,,,,,,,,
1,43013332030000,39.9979,-110.1687,PETES WASH U 13-06 GR,UT CRC,"TC, TOC, HAWK, ICP, XRD",AGAT,E151201-068,5527.7,,,Green River,Uteland Butte,12.14,1.57,1.36,7.77,0.24,450,1.13,23.4,0.62,0.28,6.61,0.02,0.67,5.4,0.04,BRL,5,27,1490,BRL,0.1,0.5,6.9,1.4,11,1.3,30,0.42,0.28,0.32,2.83,0.53,BRL,BRL,0.08,BRL,4,27,BRL,317,2,1.5,2.9,16,BRL,0.86,17.7,,0.7,BRL,BRL,0.5,BRL,1500,BRL,0.08,BRL,1.5,BRL,BRL,1.35,25,BRL,2.6,0.3,28,18,4.1,,,,,,,31,,48,8.5,,1.2,7.3,,,,,,,,,,,,
1,43013332030000,39.9979,-110.1687,PETES WASH U 13-06 GR,UT CRC,"TC, TOC, HAWK, ICP, XRD",AGAT,E151201-069,5528,,,Green River,Uteland Butte,11.21,0.89,0.18,3.4,0.35,446,0.92,32.6,0.66,0.22,0.54,0.16,1.21,5,0.04,BRL,6,19,315,BRL,BRL,BRL,4.9,1.1,19,0.8,5,0.53,0.37,0.19,2.19,0.66,BRL,BRL,0.1,BRL,3.8,15,0.05,768,3,1.2,3.5,BRL,BRL,0.97,14,,0.2,BRL,BRL,0.7,BRL,737,BRL,0.1,BRL,1.2,BRL,BRL,0.69,14,BRL,3.4,0.3,9,22.7,3.5,2.4,,,,,,81.1,,7.5,,,1.2,4.3,,,,,,,,,,,,
1,43013332030000,39.9979,-110.1687,PETES WASH U 13-06 GR,UT CRC,"TC, TOC, HAWK, ICP, XRD",AGAT,E151201-070,5529,,,Green River,Uteland Butte,10.09,6.73,0.54,54.38,0.22,451,5.52,7.73,1.83,1.43,2.08,0.1,1.41,20.5,0.22,BRL,7,90,1420,BRL,0.6,1.1,41.6,15.7,47,7,107,2.65,1.64,0.86,13.3,3.07,1,2,0.53,BRL,22.3,68,0.24,349,19,7.3,16.7,41,24,4.87,77.8,,0.8,8,BRL,3.3,1,427,0.5,0.46,BRL,7.9,0.6,0.24,8.87,198,1,16.6,1.6,102,68.7,13.2,11.5,0.8,,,,,14.4,,15.4,5.9,,2.1,36.7,,,,,,,,,,,,
1,43013332030000,39.9979,-110.1687,PETES WASH U 13-06 GR,UT CRC,"TC, TOC, HAWK, ICP, XRD",AGAT,E151201-071,5530,,,Green River,Uteland Butte,6.5,4.08,0.48,28.06,0.16,450,6.91,6.2,2.89,2.1,1.42,0.06,2.39,21.7,0.28,BRL,10,127,484,BRL,0.4,0.8,49.9,12.9,61,10.1,64,2.82,1.64,0.84,16.9,3.58,1,3,0.57,BRL,27.7,111,0.25,244,12,9.3,22.6,36,20,6.47,114,,1,11,BRL,4.1,2,355,0.7,0.55,BRL,9.9,0.6,0.25,6.17,177,2,15.9,1.7,108,88.6,12.1,7.5,2.7,,,,,16.6,,,5.1,,4.3,51.7,,,,,,,,,,,,
1,43013332030000,39.9979,-110.1687,PETES WASH U 13-06 GR,UT CRC,"TC, TOC, HAWK, ICP, XRD",AGAT,E151201-072,5531,,,Green River,Uteland Butte,7.19,1.83,0.37,10.01,0.28,446,5.19,12.7,1.99,1.69,3.28,0.07,1.88,15.6,0.23,BRL,11,111,499,BRL,0.3,0.6,37.2,9.3,51,7,45,2.01,1.22,0.58,12.7,2.59,1,2,0.44,BRL,20.7,92,0.19,312,12,7.8,15.6,27,12,4.49,92.9,,0.9,8,BRL,2.7,1,624,0.6,0.37,BRL,7.8,0.6,0.18,5.17,122,1,12.5,1.3,92,84.7,8.1,2.3,4.2,,,,,21.9,,18.8,5,,3,36.7,,,,,,,,,,,,
1,43013332030000,39.9979,-110.1687,PETES WASH U 13-06 GR,UT CRC,"TC, TOC, HAWK, ICP, XRD",AGAT,E151201-073,5531.4,,,Green River,Uteland Butte,12.54,1.35,1.27,7.44,0.24,448,1.08,24.6,0.74,0.32,5.82,0.03,0.77,3.5,0.05,BRL,5,27,801,BRL,0.1,BRL,7.1,2.5,15,1,22,0.64,0.39,0.29,2.58,0.74,BRL,BRL,0.13,BRL,5,21,0.06,417,8,1.9,4.2,9,BRL,1.18,17.5,,0.3,BRL,BRL,0.8,BRL,1100,BRL,0.1,BRL,1.8,BRL,0.05,1.28,23,BRL,3.8,0.4,11,22.8,2.2,1.4,,,,,,37,,50.1,3.6,,1.4,4.3,,,,,,,,,,,,
1,43013332030000,39.9979,-110.1687,PETES WASH U 13-06 GR,UT CRC,"TC, TOC, HAWK, ICP, XRD",AGAT,E151201-074,5531.7,,,Green River,Uteland Butte,13.41,1.98,7.09,10.52,0.26,444,0.47,21.8,0.51,0.12,8.66,0.02,0.45,4.3,0.02,BRL,BRL,16,623,BRL,BRL,BRL,1.4,0.9,BRL,0.3,20,0.21,0.14,0.15,1.12,0.22,BRL,BRL,BRL,BRL,1.7,20,BRL,307,2,0.4,1.5,BRL,BRL,0.38,6.7,,BRL,BRL,BRL,0.3,BRL,953,BRL,BRL,BRL,0.4,BRL,BRL,0.69,11,BRL,1.4,0.1,BRL,8.1,5,,,,,,,11.1,,78.1,5.4,,0.4,,,,,,,,,,,,,
1,43013332030000,39.9979,-110.1687,PETES WASH U 13-06 GR,UT CRC,"TC, TOC, HAWK, ICP, XRD",AGAT,E151201-075,5532.5,,,Green River,Uteland Butte,7.82,3.3,0.45,22.1,0.23,454,5.6,10.1,2.15,1.79,3.66,0.08,2.08,18.2,0.24,BRL,15,109,634,BRL,0.2,0.4,32.5,9.1,52,6.5,39,1.84,1.18,0.56,13.3,2.27,BRL,2,0.39,BRL,20.4,91,0.18,270,14,8.6,14.5,31,7,4.34,98.1,,1.2,8,BRL,2.5,1,489,0.7,0.35,BRL,5.5,0.7,0.2,3.3,122,1,11.5,1.3,86,90.6,11.1,5.4,3.9,,,,,11.8,,26.3,1.3,,3.3,36.9,,,,,,,,,,,,
1,43013332030000,39.9979,-110.1687,PETES WASH U 13-06 GR,UT CRC,"TC, TOC, HAWK, ICP, XRD",AGAT,E151201-076,5533.3,,,Green River,Uteland Butte,6.38,2.47,0.31,11.96,0.33,449,6.18,11.1,2.03,2.14,1.79,0.1,1.8,19,0.27,BRL,14,120,560,BRL,0.3,0.6,39.8,10.8,59,8.6,65,2.08,1.32,0.68,15.6,2.72,1,2,0.43,BRL,21.7,150,0.22,309,11,9.2,16.6,35,16,4.85,114,,1.3,10,BRL,3.2,1,606,0.6,0.41,BRL,8.8,0.6,0.21,4.02,138,2,12.7,1.3,94,83.5,10,2.4,6.9,,,,,32.8,,,2.8,,3.2,42,,,,,,,,,,,,
1,43013332030000,39.9979,-110.1687,PETES WASH U 13-06 GR,UT CRC,"TC, TOC, HAWK, ICP, XRD",AGAT,E151201-077,5533.7,,,Green River,Uteland Butte,11.96,0.81,0.16,3.1,0.31,450,0.65,34,0.26,0.2,1.11,0.09,0.71,2.6,0.03,BRL,BRL,14,522,BRL,BRL,BRL,0.5,1,BRL,0.7,8,0.32,0.18,0.17,1.62,0.39,BRL,BRL,0.06,BRL,2.5,14,BRL,198,BRL,0.9,2,BRL,BRL,0.63,11.8,,0.1,BRL,BRL,0.4,BRL,965,BRL,0.06,BRL,0.8,BRL,BRL,0.33,10,BRL,1.9,0.2,14,13.1,1.8,,,,,,,93.9,,,0,,,,4.3,,,,,,,,,,,
1,43013332030000,39.9979,-110.1687,PETES WASH U 13-06 GR,UT CRC,"TC, TOC, HAWK, ICP, XRD",AGAT,E151201-078,5534.5,,,Green River,Uteland Butte,8.94,2.81,0.46,18.4,0.26,451,4.21,17.8,0.97,1.39,1.66,0.09,0.95,14.7,0.16,BRL,6,81,624,BRL,0.2,0.5,29.9,7.3,38,5.4,33,1.73,1.06,0.55,10.2,2.21,BRL,2,0.34,BRL,16.3,89,0.15,274,10,5.7,13.2,23,8,3.81,74.2,,0.5,6,BRL,2.4,1,752,0.6,0.33,BRL,5,BRL,0.15,2.79,88,BRL,9.9,1.1,75,60.9,8.7,4.1,6.7,,,,,41.7,,5.5,5.7,,1.4,26.3,,,,,,,,,,,,
1,43013332030000,39.9979,-110.1687,PETES WASH U 13-06 GR,UT CRC,"TC, TOC, HAWK, ICP, XRD",AGAT,E151201-079,5535.5,,,Green River,Uteland Butte,14.77,2.84,5.26,18,0.4,445,0.33,24.5,0.33,0.1,7.78,0.02,0.45,1.5,0.01,BRL,BRL,12,606,BRL,BRL,BRL,1.9,BRL,BRL,0.2,17,0.19,0.11,0.14,0.76,0.23,BRL,BRL,BRL,BRL,1.4,16,BRL,385,BRL,0.3,1.2,BRL,BRL,0.33,5.1,,0.1,BRL,BRL,0.2,BRL,977,BRL,BRL,BRL,0.3,BRL,BRL,0.39,6,BRL,1.2,0.1,5,7.3,1.2,,,,,,,25.9,,67.3,5.6,,,,,,,,,,,,,,,
1,43013332030000,39.9979,-110.1687,PETES WASH U 13-06 GR,UT CRC,"TC, TOC, HAWK, ICP, XRD",AGAT,E151201-080,5536.5,,,Green River,Uteland Butte,11.56,1.19,0.31,5.58,0.25,455,1.35,31.1,0.26,0.52,1.43,0.07,0.68,4.5,0.05,BRL,BRL,33,545,BRL,BRL,BRL,9.1,1.8,17,1.7,11,0.72,0.46,0.29,3.5,0.89,BRL,BRL,0.15,BRL,5.8,34,0.08,242,BRL,2,4.9,5,BRL,1.38,28.5,,0.1,BRL,BRL,0.9,BRL,818,BRL,0.14,BRL,1.7,BRL,0.07,0.73,23,BRL,4.9,0.4,19,22.6,2.7,,,,,,,85.7,,,3.7,,,7.9,,,,,,,,,,,,
1,43013332030000,39.9979,-110.1687,PETES WASH U 13-06 GR,UT CRC,"TC, TOC, HAWK, ICP, XRD",AGAT,E151201-081,5537.5,,,Green River,Uteland Butte,11.35,0.34,0.09,0.76,0.26,447,0.57,33.8,0.84,0.23,0.57,0.07,1.42,2.3,0.02,BRL,10,22,318,BRL,BRL,BRL,3.7,1.7,BRL,0.7,BRL,0.36,0.19,0.16,1.33,0.36,BRL,BRL,0.07,BRL,2.6,21,BRL,365,BRL,0.7,2.3,BRL,BRL,0.62,12,,BRL,BRL,BRL,0.4,2,866,BRL,0.07,BRL,0.7,BRL,BRL,0.41,10,BRL,2.2,0.2,11,11.5,1.7,,,,,,,89.1,,,4.6,,1.4,3.1,,,,,,,,,,,,
1,43013332030000,39.9979,-110.1687,PETES WASH U 13-06 GR,UT CRC,"TC, TOC, HAWK, ICP, XRD",AGAT,E151201-082,5538.5,,,Green River,Uteland Butte,12.94,2.15,0.31,12.03,0.35,450,0.91,30.4,0.3,0.27,2.18,0.05,0.71,3.8,0.04,BRL,BRL,14,930,BRL,BRL,BRL,2.1,2.5,BRL,0.8,14,0.44,0.26,0.29,2.17,0.48,BRL,BRL,0.09,BRL,3.7,26,BRL,200,BRL,1.5,2.9,7,BRL,0.83,14.6,,0.2,BRL,BRL,0.5,BRL,906,BRL,0.08,BRL,1,BRL,BRL,0.45,17,BRL,2.6,0.3,14,16.7,2.1,2.4,,,,,,26.6,49.8,12,1.4,,1.6,4.1,,,,,,,,,,,,
1,43013332030000,39.9979,-110.1687,PETES WASH U 13-06 GR,UT CRC,"TC, TOC, HAWK, ICP, XRD",AGAT,E151201-083,5539,,,Green River,Uteland Butte,12.86,3.25,0.3,23.87,0.28,452,1.51,28.6,0.4,0.47,2.07,0.14,0.72,6.7,0.06,BRL,BRL,24,1200,BRL,0.2,0.2,8.8,2.4,30,1.6,21,0.68,0.43,0.35,3.78,1.04,BRL,BRL,0.15,BRL,6.5,36,0.07,247,4,2.2,5.1,16,BRL,1.47,24.1,,0.3,BRL,BRL,1,BRL,892,BRL,0.14,BRL,1.8,BRL,0.06,2.51,39,BRL,4.9,0.4,26,23.9,4,4.5,,,,,,45.3,21.9,13.9,2.1,,2.6,5.8,,,,,,,,,,,,
1,43013332030000,39.9979,-110.1687,PETES WASH U 13-06 GR,UT CRC,"TC, TOC, HAWK, ICP, XRD",AGAT,E151201-084,5539.5,,,Green River,Uteland Butte,14.05,0.98,4.82,4.98,0.33,440,0.12,22.8,0.1,0.01,13.2,0.02,0.39,0.6,BRL,BRL,BRL,BRL,729,BRL,BRL,BRL,BRL,0.8,BRL,BRL,21,0.11,0.07,0.12,0.17,0.09,BRL,2,BRL,BRL,0.4,13,BRL,106,BRL,BRL,0.4,BRL,BRL,0.11,0.3,,0.1,BRL,BRL,BRL,BRL,1590,BRL,BRL,BRL,0.2,BRL,BRL,0.89,BRL,BRL,0.7,BRL,5,1.8,0.7,,,,,,,2,0.3,97,,,,,,,,,,,,,,,,
1,43013332030000,39.9979,-110.1687,PETES WASH U 13-06 GR,UT CRC,"TC, TOC, HAWK, ICP, XRD",AGAT,E151201-085,5540,,,Green River,Uteland Butte,16.38,3.75,19.05,17.47,0.37,442,0.22,20.3,0.1,0.02,12.3,0.02,0.37,1.2,BRL,BRL,BRL,BRL,414,BRL,BRL,BRL,BRL,1.8,BRL,BRL,22,0.12,0.08,0.09,0.41,0.15,BRL,BRL,BRL,BRL,0.8,14,BRL,141,BRL,0.2,0.7,BRL,BRL,0.21,1,,BRL,BRL,BRL,0.1,BRL,1550,BRL,BRL,BRL,0.2,BRL,BRL,0.3,BRL,BRL,0.7,BRL,5,4.3,1.7,2,,,,,,,0.4,92.3,3.2,,0.3,,,,,,,,,,,,,
1,43013332030000,39.9979,-110.1687,PETES WASH U 13-06 GR,UT CRC,"TC, TOC, HAWK, ICP, XRD",AGAT,E151201-086,5541,,,Green River,Uteland Butte,16.33,3.09,16.8,15.98,0.36,441,0.14,21.1,0.11,0.01,13,0.02,0.37,0.3,BRL,BRL,BRL,BRL,266,BRL,BRL,BRL,BRL,1.6,BRL,BRL,20,0.09,0.05,0.06,0.25,0.12,BRL,BRL,BRL,BRL,0.7,10,BRL,155,BRL,BRL,0.5,BRL,BRL,0.16,0.7,,0.1,BRL,BRL,0.1,BRL,1540,BRL,BRL,BRL,0.1,BRL,BRL,0.46,BRL,BRL,0.6,BRL,BRL,4,,,,,,,,,,96.3,3.5,,0.2,,,,,,,,,,,,,
1,43013332030000,39.9979,-110.1687,PETES WASH U 13-06 GR,UT CRC,"TC, TOC, HAWK, ICP, XRD",AGAT,E151201-087,5541.9,,,Green River,Uteland Butte,4.58,0.92,2.81,2.83,0.22,437,0.09,7.06,0.15,0.03,2.93,BRL,0.17,30.4,BRL,BRL,BRL,17,1140,BRL,BRL,BRL,BRL,BRL,30,BRL,13,BRL,BRL,0.2,0.33,0.05,BRL,BRL,BRL,BRL,0.4,28,BRL,48,BRL,BRL,0.3,BRL,BRL,0.08,0.6,,BRL,BRL,BRL,BRL,BRL,589,BRL,BRL,BRL,BRL,BRL,BRL,0.1,BRL,BRL,BRL,BRL,7,6.2,40,,3,,,,,13.5,1.1,33.1,2.4,,,,,,,6.9,,,,,,,,
1,43013332030000,39.9979,-110.1687,PETES WASH U 13-06 GR,UT CRC,"TC, TOC, HAWK, ICP, XRD",AGAT,E151201-088,5543,,,Green River,Uteland Butte,16.9,4.31,24.67,20.39,0.4,440,0.13,21.1,0.08,0.02,11.6,0.03,0.37,0.4,BRL,BRL,BRL,BRL,433,BRL,BRL,BRL,0.6,0.9,BRL,BRL,19,0.06,BRL,0.1,0.25,0.09,BRL,BRL,BRL,BRL,0.5,13,BRL,276,BRL,BRL,0.4,BRL,BRL,0.12,0.8,,BRL,BRL,BRL,BRL,BRL,1480,BRL,BRL,BRL,0.1,BRL,BRL,0.14,BRL,BRL,BRL,BRL,5,4.3,0.2,,,,,,,,3.4,91.2,4.9,,0.4,,,,,,,,,,,,,
1,43013332030000,39.9979,-110.1687,PETES WASH U 13-06 GR,UT CRC,"TC, TOC, HAWK, ICP, XRD",AGAT,E151201-089,5543.7,,,Green River,Uteland Butte,4.14,0.28,0.19,0.55,0.23,450,0.07,6.75,0.24,0.01,3.83,BRL,0.13,29,BRL,BRL,BRL,12,126,BRL,BRL,BRL,BRL,BRL,44,BRL,15,BRL,BRL,BRL,0.35,BRL,BRL,BRL,BRL,BRL,0.2,15,BRL,87,BRL,0.1,0.2,BRL,BRL,0.05,0.3,,BRL,BRL,BRL,BRL,BRL,265,BRL,BRL,BRL,BRL,BRL,BRL,0.05,BRL,BRL,BRL,BRL,BRL,7.1,49.3,,6.3,,,,,0.6,,40.3,,,,,,,,3.4,,,,,,,,
1,43013332030000,39.9979,-110.1687,PETES WASH U 13-06 GR,UT CRC,"TC, TOC, HAWK, ICP, XRD",AGAT,E151201-090,5544,,,Green River,Uteland Butte,15.55,2.47,14.9,12.23,0.52,440,0.11,21.9,0.11,0.03,11.9,0.05,0.41,1.1,BRL,BRL,BRL,BRL,475,BRL,BRL,BRL,BRL,BRL,BRL,BRL,19,0.06,BRL,0.1,0.24,0.09,BRL,BRL,BRL,BRL,0.6,15,BRL,238,BRL,BRL,0.5,BRL,BRL,0.14,0.7,,0.1,BRL,BRL,BRL,BRL,1260,BRL,BRL,BRL,0.1,BRL,BRL,0.13,BRL,BRL,BRL,BRL,BRL,4.6,0.9,0.9,,,,,,,5.1,86.7,4.9,,1.4,,,,,,,,,,,,,
1,43013332030000,39.9979,-110.1687,PETES WASH U 13-06 GR,UT CRC,"TC, TOC, HAWK, ICP, XRD",AGAT,E151201-091,5545.1,,,Green River,Uteland Butte,12.96,1.33,1.01,3.38,0.35,443,0.25,31.3,1.2,0.06,5.31,0.3,1.51,0.9,0.02,BRL,63,22,472,BRL,BRL,BRL,0.5,2.8,11,0.2,21,0.33,0.17,0.13,0.78,0.38,BRL,BRL,0.05,BRL,2.3,14,BRL,696,5,0.5,2,9,BRL,0.56,4.1,,1.5,BRL,BRL,0.4,BRL,1480,BRL,BRL,BRL,0.5,BRL,BRL,0.31,BRL,BRL,1.6,0.1,12,8.2,0.3,1.2,,,,,,27.1,31.9,33.5,3.2,,2.3,,,,,0.4,,,,,,,,
1,43013332030000,39.9979,-110.1687,PETES WASH U 13-06 GR,UT CRC,"TC, TOC, HAWK, ICP, XRD",AGAT,E151201-092,5545.7,,,Green River,Uteland Butte,14.29,2.38,6.74,11.49,0.41,447,0.31,24.9,0.3,0.05,8.89,0.07,0.63,2.6,0.02,BRL,11,BRL,474,BRL,BRL,BRL,1.6,1.3,12,0.2,23,0.24,0.13,0.15,0.69,0.29,BRL,BRL,BRL,BRL,2.3,14,BRL,454,2,0.7,1.8,BRL,BRL,0.49,3.3,,0.2,BRL,BRL,0.3,BRL,1360,BRL,BRL,BRL,0.7,BRL,BRL,0.29,BRL,BRL,1.4,0.1,7,11.6,2.3,2.3,,,,,,17.3,4.7,69.9,2.8,,0.7,,,,,,,,,,,,,
1,43013332030000,39.9979,-110.1687,PETES WASH U 13-06 GR,UT CRC,"TC, TOC, HAWK, ICP, XRD",AGAT,E151201-093,5546,,,Green River,Uteland Butte,4.16,0.77,2.18,2.78,0.28,443,0.05,7.05,0.19,0.01,2.35,BRL,0.14,31.5,BRL,BRL,BRL,16,150,BRL,BRL,BRL,BRL,BRL,31,BRL,11,BRL,BRL,BRL,0.12,BRL,BRL,BRL,BRL,BRL,0.2,13,BRL,122,BRL,BRL,0.1,BRL,BRL,BRL,0.2,,BRL,BRL,BRL,BRL,BRL,319,BRL,BRL,BRL,BRL,BRL,BRL,0.05,BRL,BRL,BRL,BRL,BRL,5.2,45.3,,,,,,,12.3,3.4,29.6,4.5,,,,,,,5,,,,,,,,
1,43013332030000,39.9979,-110.1687,PETES WASH U 13-06 GR,UT CRC,"TC, TOC, HAWK, ICP, XRD",AGAT,E151201-094,5546.5,,,Green River,Uteland Butte,11.29,0.59,1.31,1.71,0.29,444,0.09,35.3,0.06,0.02,0.6,0.21,0.64,1.6,BRL,BRL,BRL,BRL,534,BRL,BRL,BRL,BRL,BRL,12,BRL,BRL,0.09,0.06,0.14,0.28,0.11,BRL,BRL,BRL,BRL,0.8,BRL,BRL,722,BRL,BRL,0.6,BRL,BRL,0.19,0.7,,BRL,BRL,BRL,0.1,BRL,1570,BRL,BRL,BRL,BRL,BRL,BRL,0.28,BRL,BRL,0.6,BRL,BRL,4.7,1.8,1,,,,,,40.4,52.7,3.1,0.5,,,,,,,0.4,,,,,,,,
1,43013332030000,39.9979,-110.1687,PETES WASH U 13-06 GR,UT CRC,"TC, TOC, HAWK, ICP, XRD",AGAT,E151201-095,5547,,,Green River,Uteland Butte,14.19,2.45,1.76,12.37,0.44,450,0.61,24.2,0.28,0.13,8.69,0.03,0.55,2.4,0.03,BRL,BRL,11,662,BRL,BRL,BRL,2,3.3,13,0.4,22,0.4,0.18,0.19,1.29,0.39,BRL,BRL,0.07,BRL,2.9,15,BRL,371,BRL,1.1,2.4,8,BRL,0.67,6.8,,0.1,BRL,BRL,0.4,BRL,1250,BRL,0.07,BRL,0.8,BRL,BRL,0.57,9,BRL,2.2,0.2,9,12.7,1.3,2.8,,,,,,14.4,5.9,66.4,5.5,,1,,,,1.1,1.6,,,,,,,,
1,43013332030000,39.9979,-110.1687,PETES WASH U 13-06 GR,UT CRC,"TC, TOC, HAWK, ICP, XRD",AGAT,E151201-096,5548.6,,,Green River,Uteland Butte,9.53,0.63,0.22,2.53,0.31,449,2.36,27.5,0.48,0.94,1.24,0.1,0.69,8.4,0.1,BRL,6,45,365,BRL,0.1,0.2,18.9,2,29,3.9,14,1.17,0.67,0.39,6.18,1.49,BRL,1,0.23,BRL,10.6,69,0.1,492,3,3.4,9.1,BRL,8,2.53,48.9,,0.4,BRL,BRL,1.8,BRL,1200,BRL,0.24,BRL,4.2,BRL,0.09,1,42,BRL,6.9,0.7,32,33.5,4.4,,,,,,,24.1,47.6,3.7,3,,1,12,,,,4.1,,,,,,,,
1,43013332030000,39.9979,-110.1687,PETES WASH U 13-06 GR,UT CRC,"TC, TOC, HAWK, ICP, XRD",AGAT,E151201-097,5549.5,,,Green River,Uteland Butte,11.25,0.79,0.14,3.13,0.28,452,1.07,32.4,0.36,0.41,1.01,0.08,0.84,4.5,0.04,BRL,BRL,22,435,BRL,BRL,BRL,5.1,1.5,24,1.3,8,0.55,0.35,0.23,2.5,0.68,BRL,BRL,0.11,BRL,4.3,31,BRL,378,BRL,1.5,3.6,BRL,BRL,1.06,22.1,,0.1,BRL,BRL,0.7,BRL,869,BRL,0.1,BRL,1.4,BRL,0.05,0.71,19,BRL,3.3,0.3,17,20.7,2.3,,,,,,,11.5,72.8,5.4,,,0.6,4.8,,,,2.6,,,,,,,,
1,43013332030000,39.9979,-110.1687,PETES WASH U 13-06 GR,UT CRC,"TC, TOC, HAWK, ICP, XRD",AGAT,E151201-098,5550.5,,,Green River,Uteland Butte,12.09,1.92,0.21,9.76,0.37,451,1.33,30.7,0.32,0.47,1.45,0.07,0.73,4.8,0.06,BRL,BRL,24,637,BRL,0.1,BRL,7.6,3.2,24,1.4,9,0.8,0.47,0.3,3.35,0.91,BRL,BRL,0.15,BRL,5.8,35,0.06,631,2,2.1,4.8,BRL,BRL,1.34,24.8,,1.5,BRL,BRL,0.9,BRL,782,BRL,0.14,BRL,1.6,BRL,0.07,0.68,22,BRL,4.4,0.4,22,26.1,2.4,1.4,,,,,,11.1,71.1,2.7,2.3,,0.4,6.1,,,,2.3,,,,,,,,
1,43013332030000,39.9979,-110.1687,PETES WASH U 13-06 GR,UT CRC,"TC, TOC, HAWK, ICP, XRD",AGAT,E151201-099,5551.6,,,Green River,Uteland Butte,12.67,2.37,1.67,12.93,0.34,454,1.82,20.5,0.8,0.53,8.12,0.04,0.66,5.7,0.06,BRL,13,34,1200,BRL,0.1,BRL,11.1,2.8,24,1.5,30,0.74,0.38,0.38,4.1,0.81,BRL,BRL,0.14,BRL,6.3,30,0.06,272,6,2,5,9,BRL,1.46,27.2,,0.7,BRL,BRL,0.9,BRL,973,BRL,0.12,BRL,2,BRL,0.07,2.03,35,BRL,4.2,0.4,24,24,2.8,,,,,,,12.7,2.5,63.6,5,,0.9,6.5,,,,5.9,,,,,,,,
1,43013332030000,39.9979,-110.1687,PETES WASH U 13-06 GR,UT CRC,"TC, TOC, HAWK, ICP, XRD",AGAT,E151201-100,5552.5,,,Green River,Uteland Butte,13.94,3.21,0.43,16.24,0.47,450,1.1,30.8,0.35,0.37,2.31,0.05,0.73,3.4,0.06,BRL,BRL,19,745,BRL,BRL,BRL,7.4,2.6,23,1.1,13,0.58,0.34,0.3,2.57,0.74,BRL,BRL,0.12,BRL,5,27,0.05,287,BRL,1.8,4.3,7,BRL,1.23,18.8,,0.2,BRL,BRL,0.8,BRL,1160,BRL,0.12,BRL,1.5,BRL,0.05,0.76,19,BRL,3.8,0.4,15,23.3,1.4,1.7,,,,,,27.8,48.7,11.4,2,,0.5,5.3,,,,1.1,,,,,,,,
1,43013332030000,39.9979,-110.1687,PETES WASH U 13-06 GR,UT CRC,"TC, TOC, HAWK, ICP, XRD",AGAT,E151201-101,5553,,,Green River,Uteland Butte,11.39,0.92,0.18,3.07,0.32,450,1.18,32,0.36,0.42,1.34,0.07,0.74,3.8,0.05,BRL,BRL,22,505,BRL,BRL,BRL,9.3,2,14,1.3,9,0.54,0.37,0.22,3.11,0.81,BRL,BRL,0.11,BRL,4.9,29,0.05,277,BRL,1.9,4.1,BRL,BRL,1.11,23.5,,0.2,BRL,BRL,0.8,BRL,1430,BRL,0.11,BRL,1.5,BRL,0.05,0.54,20,BRL,3.5,0.3,19,18.8,2,,,,,,,36.4,52.1,3.3,,,0.5,,5.8,,,,,,,,,,,
1,43013332030000,39.9979,-110.1687,PETES WASH U 13-06 GR,UT CRC,"TC, TOC, HAWK, ICP, XRD",AGAT,E151201-102,5554,,,Green River,Uteland Butte,11.84,1.94,0.51,8.88,0.4,448,1.33,21.4,0.8,0.42,7.21,0.05,0.81,7.1,0.05,BRL,8,26,278,BRL,BRL,0.3,6.1,3.7,14,1.3,24,0.66,0.38,0.19,2.9,0.67,BRL,BRL,0.12,BRL,5.3,40,0.06,181,7,1.7,4.1,13,BRL,1.15,22.5,,0.6,BRL,BRL,0.8,BRL,1190,BRL,0.13,BRL,1.5,BRL,0.06,1.73,31,BRL,4,0.4,44,19.3,6,1.4,0,,,,,16.2,8.5,62.4,,,1.2,,4.3,,,,,,,,,,,
1,43013332030000,39.9979,-110.1687,PETES WASH U 13-06 GR,UT CRC,"TC, TOC, HAWK, ICP, XRD",AGAT,E151201-103,5554.5,,,Green River,Uteland Butte,13.53,2.46,6.27,12.47,0.41,446,0.44,21.5,0.24,0.13,9.92,0.04,0.52,5.2,0.02,BRL,BRL,12,3900,BRL,BRL,BRL,1.5,1.2,BRL,0.4,20,0.26,0.16,0.7,0.91,0.37,BRL,BRL,0.06,BRL,2.1,32,BRL,119,2,0.6,1.8,BRL,BRL,0.45,7.1,,0.2,BRL,BRL,0.3,BRL,1040,BRL,0.05,BRL,0.5,BRL,BRL,0.42,12,BRL,1.5,0.1,16,7.6,5.8,,,,,,,9.3,1.7,82,,,1.2,,0,,,,,,,,,,,
1,43013332030000,39.9979,-110.1687,PETES WASH U 13-06 GR,UT CRC,"TC, TOC, HAWK, ICP, XRD",AGAT,E151201-104,5555.5,,,Green River,Uteland Butte,18.98,18.55,3.29,70.82,0.5,439,6.01,0.14,4.66,2.38,0.94,0.03,0.29,22.2,0.34,BRL,29,111,420,BRL,0.5,0.8,32.6,11,62,12,47,1.9,1.2,0.54,15.5,2.14,6,3,0.4,BRL,20.9,96,0.22,121,19,12.4,14.4,28,24,4.18,131,,1.3,10,5,2.4,2,106,0.8,0.35,BRL,7.6,1.1,0.19,5.58,162,1,11.5,1.4,110,140,16.9,4,14.8,,,,,,,,,,6.1,50.4,,1,,6.8,,,,,,,,
1,43013332030000,39.9979,-110.1687,PETES WASH U 13-06 GR,UT CRC,"TC, TOC, HAWK, ICP, XRD",AGAT,E151201-105,5556,,,Green River,Uteland Butte,5.51,1.47,0.45,4.24,0.27,444,4.46,11.6,3.29,1.76,1.55,0.22,1.14,19.8,0.3,BRL,41,87,483,BRL,0.5,0.6,50.5,10.8,44,6.4,37,3.36,1.94,0.95,12.1,4.34,3,3,0.69,BRL,27.8,90,0.28,1130,4,10.5,23.9,23,24,6.33,86.9,,2.8,8,BRL,4.3,1,432,0.8,0.65,BRL,10.1,0.6,0.28,2.82,76,2,19.7,1.8,75,128,13.5,6.6,5.5,,,,,30,,9.3,,,4.1,31,,,,,,,,,,,,
1,43013332030000,39.9979,-110.1687,PETES WASH U 13-06 GR,UT CRC,"TC, TOC, HAWK, ICP, XRD",AGAT,E151201-106,5556.7,,,Green River,Uteland Butte,14.42,2.38,2.67,7.63,0.56,445,0.11,27.4,0.41,0.01,5.97,0.03,0.57,0.5,BRL,BRL,BRL,BRL,1240,BRL,BRL,BRL,BRL,0.6,BRL,BRL,18,0.24,0.19,0.22,0.23,0.2,BRL,BRL,0.06,BRL,1.3,10,BRL,1490,BRL,0.1,1,BRL,BRL,0.26,1.3,,0.2,BRL,BRL,0.2,BRL,1750,BRL,0.05,BRL,0.5,BRL,BRL,0.77,BRL,BRL,1.8,0.2,15,4.2,0.3,,,,,,,15.6,53.4,28.7,,,1.1,,,,0.8,,,,,,,,,
1,43013332030000,39.9979,-110.1687,PETES WASH U 13-06 GR,UT CRC,"TC, TOC, HAWK, ICP, XRD",AGAT,E151201-107,5557.5,,,Green River,Uteland Butte,15.13,4.01,12.94,17.3,0.34,444,0.56,18.2,0.41,0.2,10.9,0.03,0.43,4.5,0.03,BRL,BRL,16,403,BRL,BRL,BRL,6,1.5,BRL,0.5,19,0.36,0.22,0.14,1.43,0.41,BRL,BRL,0.07,BRL,2.5,30,BRL,332,BRL,0.8,2.1,BRL,BRL,0.59,10.4,,0.1,BRL,BRL,0.5,BRL,741,BRL,0.06,BRL,0.8,BRL,BRL,0.56,14,BRL,2.2,0.2,11,12.4,4.5,,,,,,,1.2,,92.1,,,1.2,,,,1,,,,,,,,,
1,43013332030000,39.9979,-110.1687,PETES WASH U 13-06 GR,UT CRC,"TC, TOC, HAWK, ICP, XRD",AGAT,E151201-108,5558.2,,,Green River,Uteland Butte,7.55,3.17,0.67,21.06,0.29,450,5.81,10.9,2.19,2.3,2.29,0.08,0.86,16.8,0.24,BRL,15,108,444,BRL,0.3,0.7,47.4,11.3,60,9.4,47,2.63,1.53,0.77,15.3,3.44,2,2,0.51,BRL,25.9,84,0.22,316,16,8.3,19.8,30,15,5.43,113,,1.4,10,BRL,3.6,1,449,0.6,0.48,BRL,9.6,0.7,0.23,7.12,137,1,15.3,1.5,102,81,7.9,3.3,3.6,,,,,25.3,1.9,13.4,,,2.6,42,,,,,,,,,,,,
1,43013332030000,39.9979,-110.1687,PETES WASH U 13-06 GR,UT CRC,"TC, TOC, HAWK, ICP, XRD",AGAT,E151201-109,5559,,,Green River,Uteland Butte,3.91,2.48,1.07,12.11,0.26,449,7.15,3.36,2.84,2.81,1.9,0.06,0.84,26,0.35,BRL,18,130,661,BRL,0.4,0.6,59.3,10.9,75,11.5,47,3.07,1.98,0.98,18.9,4.28,2,3,0.67,BRL,34,100,0.32,261,10,12.3,26,35,18,7.04,135,,2,12,BRL,4.4,2,213,0.9,0.64,BRL,10.9,0.9,0.29,4.53,158,2,19.7,2,131,122,15.9,3.7,11.3,,,,,5.6,,9.3,,,3.2,51,,,,,,,,,,,,
1,43013332030000,39.9979,-110.1687,PETES WASH U 13-06 GR,UT CRC,"TC, TOC, HAWK, ICP, XRD",AGAT,E151201-110,5560,,,Green River,Uteland Butte,3.99,2.06,0.64,7.96,0.31,443,6.91,4.63,3.7,2.69,2.17,0.07,1.24,24.1,0.34,BRL,26,122,609,BRL,0.4,0.4,60.1,12.1,69,11.7,43,3.48,2.18,1.03,18.4,4.41,3,3,0.75,BRL,34.3,103,0.3,407,12,12.1,26.7,33,22,7.34,138,,2.6,12,BRL,4.5,2,252,0.9,0.67,BRL,11.8,1.3,0.3,4.72,143,2,21,2.1,122,105,13.4,5.2,6.3,,,,,7,,13.1,,,4.7,50.5,,,,,,,,,,,,
1,43013332030000,39.9979,-110.1687,PETES WASH U 13-06 GR,UT CRC,"TC, TOC, HAWK, ICP, XRD",AGAT,E151201-111,5561,,,Green River,Uteland Butte,9.11,3.96,0.85,20.98,0.29,447,4.62,13.8,2.47,1.62,2.09,0.09,0.99,16.9,0.22,BRL,14,82,740,BRL,0.3,0.4,35.6,7.7,46,6.2,31,2.18,1.32,0.72,11.7,2.72,2,2,0.45,BRL,21.2,57,0.21,909,10,7.7,17,24,12,4.49,81.8,,0.9,7,BRL,3,BRL,668,0.6,0.43,BRL,6.8,0.8,0.22,5.23,100,1,13.2,1.4,75,76.1,10,6.6,3.2,,,,,31,0,16.5,,,2.2,30.4,,,,,,,,,,,,
1,43013332030000,39.9979,-110.1687,PETES WASH U 13-06 GR,UT CRC,"TC, TOC, HAWK, ICP, XRD",AGAT,E151201-112,5562,,,Green River,Uteland Butte,10.62,1.33,0.24,6.89,0.35,448,1.75,28,0.94,0.72,0.92,0.13,1.09,6.8,0.09,BRL,13,33,628,BRL,BRL,BRL,16,5,29,2.3,14,1.3,0.71,0.4,4.29,1.49,BRL,1,0.24,BRL,9.7,17,0.1,620,5,3.1,7.8,8,6,2.1,34.7,,0.5,BRL,BRL,1.3,BRL,1220,BRL,0.21,BRL,3.1,0.5,0.11,2.44,33,BRL,7.3,0.7,27,56.5,3.8,1.2,,,,,,46.8,34.1,3.1,,,1.4,9.4,0.2,,,,,,,,,,,
1,43013332030000,39.9979,-110.1687,PETES WASH U 13-06 GR,UT CRC,"TC, TOC, HAWK, ICP, XRD",AGAT,E151201-113,5562.5,,,Green River,Uteland Butte,11.76,3.57,0.54,24.33,0.36,449,3.38,17.4,1.31,1.28,5.96,0.06,0.83,9.3,0.15,BRL,22,66,516,BRL,0.2,0.3,24.6,8.5,41,4.9,36,1.69,0.99,0.52,8.99,2.05,BRL,1,0.36,BRL,15.2,38,0.15,618,11,5.7,12.2,19,10,3.32,65.5,,1.2,5,BRL,2.2,BRL,791,BRL,0.33,BRL,5.9,0.8,0.15,3.72,74,BRL,10.2,1,56,53.1,3.6,1.8,0.8,,,,,13.1,11.1,45.1,,,1.6,16.9,,,,5.9,,,,,,,,
1,43013332030000,39.9979,-110.1687,PETES WASH U 13-06 GR,UT CRC,"TC, TOC, HAWK, ICP, XRD",AGAT,E151201-114,5563.5,,,Green River,Uteland Butte,13.96,1.65,6.49,5.89,0.35,441,0.53,23.5,0.52,0.14,11,0.06,0.5,1,0.01,BRL,BRL,15,438,BRL,BRL,BRL,2.7,1.8,13,0.3,21,0.3,0.16,0.12,1.13,0.31,BRL,BRL,BRL,BRL,1.7,13,BRL,320,2,0.4,1.6,BRL,BRL,0.37,7.1,,0.2,BRL,BRL,0.3,BRL,1130,BRL,BRL,BRL,0.6,BRL,BRL,0.64,14,BRL,1.6,0.2,10,7,0.3,,,,,,,9.2,,89.2,,,1,,,,0.3,,,,,,,,,
1,43013332030000,39.9979,-110.1687,PETES WASH U 13-06 GR,UT CRC,"TC, TOC, HAWK, ICP, XRD",AGAT,E151201-115,5564,,,Green River,Uteland Butte,13.51,2.52,0.35,15.99,0.3,447,0.77,21.2,0.47,0.35,8.88,0.05,0.55,4.6,0.03,BRL,BRL,19,555,BRL,BRL,BRL,BRL,2.4,16,0.9,23,0.48,0.32,0.22,1.88,0.58,BRL,BRL,0.12,BRL,3.6,25,0.05,398,5,1,2.9,7,BRL,0.76,13.7,,0.3,BRL,BRL,0.5,BRL,824,BRL,0.09,BRL,1.1,BRL,BRL,2.54,29,BRL,3.3,0.3,15,13.5,3.7,,,,,,,12.7,8.2,73.6,,,1.6,,,,0.1,,,,,,,,,
1,43013332030000,39.9979,-110.1687,PETES WASH U 13-06 GR,UT CRC,"TC, TOC, HAWK, ICP, XRD",AGAT,E151201-116,5565,,,Green River,Uteland Butte,9.7,2.99,0.3,16.52,0.29,448,4.12,18,1.63,1.8,2.72,0.17,0.89,12.9,0.18,BRL,13,77,736,BRL,0.2,0.4,30.9,8.5,57,6.8,40,2.4,1.42,0.74,11.5,2.99,1,2,0.51,BRL,20,44,0.19,367,8,6.5,16.5,28,11,4.41,90.2,,1.4,7,BRL,3,BRL,818,BRL,0.44,BRL,6.5,0.8,0.22,5.84,108,BRL,15.1,1.4,64,69.3,6.2,0.5,1,,,,,11.9,41.5,7.8,,,1.6,29.5,,,,,,,,,,,,
1,43013332030000,39.9979,-110.1687,PETES WASH U 13-06 GR,UT CRC,"TC, TOC, HAWK, ICP, XRD",AGAT,E151201-117,5566,,,Green River,Uteland Butte,11.33,0.95,0.16,4.48,0.31,446,1.07,33.1,0.64,0.46,0.53,0.24,0.89,4,0.04,BRL,BRL,23,342,BRL,0.1,BRL,5.1,3.1,31,1.7,8,0.65,0.44,0.21,2.81,0.68,BRL,BRL,0.12,BRL,4.9,12,0.07,597,BRL,1.5,3.9,12,BRL,1.04,24,,0.1,BRL,BRL,0.7,BRL,1420,BRL,0.13,BRL,1.5,BRL,0.07,1.23,23,BRL,4.4,0.4,17,20.5,2.1,,,,,,,80.7,5.3,4.7,,,0.7,6.5,,,,,,,,,,,,
1,43013332030000,39.9979,-110.1687,PETES WASH U 13-06 GR,UT CRC,"TC, TOC, HAWK, ICP, XRD",AGAT,E151201-118,5567,,,Green River,Uteland Butte,11.27,1.78,0.19,10.11,0.3,450,1.46,27.5,0.73,0.61,1.17,0.11,0.94,5.8,0.07,BRL,5,27,553,BRL,BRL,BRL,8.3,2.9,25,2.1,12,1.03,0.56,0.34,3.83,1.29,BRL,BRL,0.18,BRL,7.9,15,0.09,780,BRL,2.5,6.7,BRL,BRL,1.73,31.7,,0.3,BRL,BRL,1.1,BRL,770,BRL,0.16,BRL,2.5,BRL,0.09,1.3,30,BRL,6,0.6,27,34,3.3,,,,,,,7.7,76.6,3.2,,,0.8,8.4,,,,,,,,,,,,
1,43013332030000,39.9979,-110.1687,PETES WASH U 13-06 GR,UT CRC,"TC, TOC, HAWK, ICP, XRD",AGAT,E151201-119,5567.5,,,Green River,Uteland Butte,5.17,0.41,0.12,0.8,0.3,442,2.69,13.9,1.45,1.58,0.82,0.05,0.8,21.8,0.11,BRL,12,26,3510,BRL,BRL,BRL,21.3,2.4,35,1.8,13,1.81,1.02,1.17,5.97,2.31,BRL,4,0.36,BRL,14.6,17,0.16,698,4,4.6,12.8,10,8,3.37,66.5,,1.8,BRL,BRL,2.2,BRL,679,BRL,0.31,BRL,4.1,0.5,0.16,3.46,31,BRL,11.4,1,17,145,18.3,12.1,13.4,,,,,12.3,30.2,4.8,,,1.4,5,,,,2.5,,,,,,,,
1,43013332030000,39.9979,-110.1687,PETES WASH U 13-06 GR,UT CRC,"TC, TOC, HAWK, ICP, XRD",AGAT,E151201-120,5569,,,Green River,Uteland Butte,2.87,,,,,,3.98,6.79,1.64,1.88,1.44,0.05,0.42,28.2,0.26,BRL,25,41,631,BRL,0.2,0.3,42.6,6.9,49,3.1,21,3.14,1.92,0.92,9.15,3.66,1,7,0.66,BRL,24.5,32,0.31,600,BRL,9.1,20.4,16,14,5.56,80.1,,1.8,5,BRL,3.7,BRL,269,0.7,0.59,BRL,7.8,BRL,0.3,2.79,56,1,19.6,2,48,295,21.4,17.1,9.9,,,,,13.8,4,12.3,,,3.7,10.3,,,2.5,5.1,,,,,,,,
1,43013332030000,39.9979,-110.1687,PETES WASH U 13-06 GR,UT CRC,"TC, TOC, HAWK, ICP, XRD",AGAT,E151201-121,5570,,,Green River,Uteland Butte,2.34,,,,,,4.84,5.04,2.09,2.25,1.74,0.07,0.33,29,0.32,BRL,12,57,572,BRL,0.2,0.4,50.7,9.3,59,4.9,31,3.57,2.14,1.12,11.7,4.31,2,6,0.78,BRL,28.8,44,0.35,474,BRL,10.5,24.7,24,16,6.49,98.8,,1.8,8,BRL,4.5,BRL,214,0.8,0.69,BRL,8.9,0.5,0.34,3,77,2,22.5,2.3,81,240,23,15.4,11.6,,,,,8.4,,12.9,,,1.5,16.1,4.8,1.8,4.5,,,,,,,,,
1,43013332030000,39.9979,-110.1687,PETES WASH U 13-06 GR,UT CRC,"TC, TOC, HAWK, ICP, XRD",AGAT,E151201-122,5571,,,Green River,Uteland Butte,2.31,0.33,0.35,0.15,0.26,443,6.33,4.72,2.72,2.55,1.88,0.07,1.02,26.4,0.41,BRL,6,80,835,BRL,0.4,0.5,70.6,12,69,7.1,43,3.82,2.35,1,16,4.43,2,6,0.79,BRL,37.1,56,0.39,445,BRL,15.3,28.6,34,23,7.9,124,,2,10,BRL,5,BRL,189,1.1,0.64,BRL,13.5,0.7,0.35,4.06,106,2,25.1,2.5,96,232,18.1,12.3,13.5,,,,,5,3.7,11.2,,,3.1,17.3,8.4,,7.4,,,,,,,,,
1,43013332030000,39.9979,-110.1687,PETES WASH U 13-06 GR,UT CRC,"TC, TOC, HAWK, ICP, XRD",AGAT,E151201-123,5572,,,Green River,Uteland Butte,2.17,,,,,,5.75,4.8,2.58,2.27,1.72,0.07,0.88,26.8,0.34,BRL,9,64,575,BRL,0.3,0.4,65.4,9.9,48,5.3,36,3.4,2.09,0.88,13.3,4,2,7,0.69,BRL,30.1,50,0.35,391,BRL,12.5,24.1,25,18,6.53,104,,1.5,8,BRL,4.5,BRL,207,0.9,0.6,BRL,11.1,0.6,0.31,3.38,85,2,22.4,2.3,89,273,21.5,14.4,10.1,,,,,6.1,3.5,11.2,,,1.2,23.8,,1.6,6.7,0,,,,,,,,
1,43013332030000,39.9979,-110.1687,PETES WASH U 13-06 GR,UT CRC,"TC, TOC, HAWK, ICP, XRD",AGAT,E151201-124,5573,,,Green River,Uteland Butte,1.91,0.36,0.12,0.2,0.18,447,8.4,3.91,2.96,3.22,1.9,0.08,0.77,26.2,0.46,BRL,11,121,595,BRL,0.5,0.6,86.1,12.5,74,11.1,63,4.41,2.81,1.17,21.5,5.3,2,5,0.91,BRL,41.1,80,0.43,323,BRL,17.4,32.2,35,24,8.84,153,,1.5,14,BRL,5.9,1,199,1.1,0.77,BRL,16.2,0.9,0.39,4.38,143,3,29.2,2.9,137,190,15.1,8.6,11.2,,,,,4.8,,7.9,,,1.2,44.3,,2.5,4.4,,,,,,,,,
1,43013332030000,39.9979,-110.1687,PETES WASH U 13-06 GR,UT CRC,"TC, TOC, HAWK, ICP, XRD",AGAT,E151201-125,5574,,,Green River,Uteland Butte,2.33,0.46,0.49,0.45,0.22,438,7.15,4.36,3.33,2.81,1.88,0.08,1.25,25,0.42,BRL,37,101,753,BRL,0.4,0.6,78.8,31.2,65,9.3,47,4.51,2.72,1.19,18.6,5.17,2,5,0.91,BRL,38.5,67,0.43,425,2,16.2,30.1,60,33,8.17,141,,2.8,11,BRL,5.6,BRL,195,1.1,0.77,BRL,14.6,1.1,0.42,4.2,119,3,30.8,2.8,125,202,16.4,9.4,13.2,,,,,5.8,,9.9,,,1.4,37.7,,2,4.3,,,,,,,,,
1,43013332030000,39.9979,-110.1687,PETES WASH U 13-06 GR,UT CRC,"TC, TOC, HAWK, ICP, XRD",AGAT,E151201-126,5575,,,Green River,Uteland Butte,2.48,0.46,0.18,0.28,0.18,453,7.22,4.89,2.7,2.78,2.11,0.08,0.08,25.4,0.42,BRL,BRL,96,652,BRL,0.5,0.6,83.7,11.2,65,8.7,58,4.52,2.66,1.15,17.7,5.29,2,5,0.93,BRL,38,74,0.44,400,BRL,15.5,30.4,33,23,8.31,131,,0.6,12,BRL,5.8,BRL,208,1.1,0.78,BRL,14.6,0.8,0.4,4.01,118,2,28.5,2.7,126,186,17,10.5,11.7,,,,,6.3,,11.5,,,,34.5,,3.8,4.7,,,,,,,,,
1,43013332030000,39.9979,-110.1687,PETES WASH U 13-06 GR,UT CRC,"TC, TOC, HAWK, ICP, XRD",AGAT,E151201-127,5575.6,,,Green River,Uteland Butte,2.44,0.23,0.19,0.1,0.21,447,5.29,5.75,2.75,2.04,1.77,0.07,0.23,27.4,0.35,BRL,7,59,528,BRL,0.3,0.4,62,10.1,55,4.6,33,4.14,2.53,1.06,12.5,4.57,2,7,0.85,BRL,30.7,59,0.39,502,BRL,13.8,25.1,33,16,6.76,97.2,,0.7,8,BRL,5,BRL,207,1,0.7,BRL,11.1,0.5,0.38,3.69,81,2,29.3,2.6,78,291,20.5,14.9,11.3,,,,,9.9,0.9,11.4,,,3.8,12.7,3.7,1.7,9.2,,,,,,,,,
1,43013332030000,39.9979,-110.1687,PETES WASH U 13-06 GR,UT CRC,"TC, TOC, HAWK, ICP, XRD",AGAT,E151201-128,5576,,,Green River,Uteland Butte,2.12,0.45,0.23,0.36,0.25,446,7.99,3.72,2.67,2.95,2.04,0.09,0.19,26,0.48,BRL,BRL,107,706,BRL,0.6,0.6,94.2,11.2,72,9.7,55,5.03,3.03,1.3,20.6,5.73,2,6,1.04,BRL,43.4,72,0.47,297,BRL,18.3,34.5,34,27,9.36,144,,0.7,14,BRL,6.7,BRL,192,1.2,0.84,BRL,16.2,0.8,0.46,4.74,145,3,33.2,3.2,129,226,13.9,9.1,10.8,,,,,4,,10,,,0.6,30.8,,4,1.8,15,,,,,,,,
1,43013332030000,39.9979,-110.1687,PETES WASH U 13-06 GR,UT CRC,"TC, TOC, HAWK, ICP, XRD",AGAT,E151201-129,5577,,,Green River,Uteland Butte,2.43,0.48,1.64,1.76,0.19,424,4.69,5.1,1.87,1.94,1.16,0.04,0.09,28.7,0.19,BRL,BRL,30,620,BRL,0.1,0.3,33.1,5.4,29,2.2,16,2.8,1.66,0.79,9.93,3.15,2,5,0.58,BRL,18.6,46,0.26,372,BRL,7.8,16.4,18,14,4.3,85.6,,0.5,5,BRL,3.3,BRL,241,0.6,0.47,BRL,6,BRL,0.25,2.22,50,1,19.1,1.7,50,210,19.9,16.1,,14.2,10.4,,,9.5,,10,,,,10.4,1.3,1.9,6.2,,,,,,,,,
1,43013332030000,39.9979,-110.1687,PETES WASH U 13-06 GR,UT CRC,"TC, TOC, HAWK, ICP, XRD",AGAT,E151201-130,5578,,,Green River,Uteland Butte,3.13,0.86,3.71,3.22,0.26,429,4.18,5.32,1.48,1.64,1.53,0.05,0.09,29.6,0.24,BRL,BRL,30,588,BRL,0.1,BRL,37.9,6,38,1.8,16,2.24,1.42,0.66,8.39,2.59,1,6,0.47,BRL,20.8,38,0.24,382,BRL,8.8,16.6,16,11,4.48,68.1,,0.5,BRL,BRL,2.9,BRL,186,0.7,0.4,BRL,6.5,BRL,0.21,2.3,48,1,15,1.5,31,227,26,16.6,0.5,12.2,5.8,,,8.5,,16.2,,,7.9,,,1.4,3.9,1,,,,,,,,
1,43013332030000,39.9979,-110.1687,PETES WASH U 13-06 GR,UT CRC,"TC, TOC, HAWK, ICP, XRD",AGAT,E151201-131,5579,,,Green River,Uteland Butte,3.01,1,4.76,3.96,0.18,431,3.95,4.58,1.23,1.58,1.24,0.04,0.09,30.5,0.22,BRL,BRL,26,830,BRL,0.1,BRL,37.7,4.4,36,1.7,19,2.17,1.42,0.62,7.98,2.48,1,6,0.47,BRL,19.7,32,0.26,296,BRL,9.1,15,15,10,4.21,69.8,,0.5,BRL,BRL,2.8,BRL,184,0.7,0.37,BRL,6.2,BRL,0.23,2.21,42,1,14.2,1.6,30,259,25.3,16.2,,14.5,7.3,,,8.4,,15.1,,,,11,,2.3,0,,,,,,,,,
1,43013332030000,39.9979,-110.1687,PETES WASH U 13-06 GR,UT CRC,"TC, TOC, HAWK, ICP, XRD",AGAT,E151201-132,5580,,,Green River,Uteland Butte,2.78,0.83,3.63,3.23,0.18,430,4.48,4.4,1.61,1.69,1.35,0.04,0.09,29.7,0.23,BRL,BRL,32,733,BRL,0.1,BRL,58.3,5.9,38,1.9,15,2.52,1.58,0.76,9.37,3.07,1,6,0.52,BRL,26.7,36,0.27,295,BRL,9.1,20.3,19,12,5.76,72.9,,0.5,5,BRL,3.7,BRL,187,0.7,0.45,BRL,8.8,BRL,0.23,2.49,57,1,16.4,1.7,40,243,24.1,18.1,,14.9,7.2,,,6.5,,12.1,,,,,8.8,1,5.2,2.1,,,,,,,,
1,43013332030000,39.9979,-110.1687,PETES WASH U 13-06 GR,UT CRC,"TC, TOC, HAWK, ICP, XRD",AGAT,E151201-133,5581,,,Green River,Uteland Butte,2.83,1.23,6.19,5.09,0.26,432,4.6,3.83,1.42,1.83,0.99,0.04,0.11,29.9,0.15,BRL,BRL,25,1220,BRL,0.1,BRL,33,6.2,38,1.7,15,1.54,0.9,0.58,9.17,1.91,2,2,0.32,BRL,16.8,37,0.14,307,BRL,5.8,12.2,15,11,3.44,80.7,,0.6,BRL,BRL,2.2,BRL,196,BRL,0.28,BRL,5,BRL,0.14,1.6,46,BRL,9.9,0.9,35,88.4,28,23.7,,13.3,7.5,,,6.8,,9,,,,,7.9,,3.6,,,,,,,,,
1,43013332030000,39.9979,-110.1687,PETES WASH U 13-06 GR,UT CRC,"TC, TOC, HAWK, ICP, XRD",AGAT,E151201-134,5582,,,Green River,Uteland Butte,2.84,0.94,4.55,4.6,0.2,437,4.17,4.73,1.01,1.82,0.83,0.04,0.1,31.3,0.13,BRL,BRL,19,1040,BRL,BRL,BRL,27.5,5.4,25,1.6,12,1.71,1.06,0.54,7.87,1.88,1,2,0.35,BRL,14.1,34,0.17,335,BRL,4.9,10.5,13,11,2.97,76.6,,0.6,BRL,BRL,2,BRL,224,BRL,0.29,BRL,3.8,BRL,0.16,1.49,38,BRL,11.4,1.1,35,94.7,25,19,,11.7,8.9,,,13.7,,8.7,,,,8.3,,,4.7,,,,,,,,,
1,43013332030000,39.9979,-110.1687,PETES WASH U 13-06 GR,UT CRC,"TC, TOC, HAWK, ICP, XRD",AGAT,E151201-135,5583,,,Green River,Uteland Butte,3.85,0.59,2.32,3.04,0.29,437,3.55,9.48,1.18,1.66,0.68,0.03,0.18,27.9,0.1,BRL,BRL,17,1040,BRL,BRL,BRL,22.9,4.8,26,1.4,12,1.69,1.04,0.55,6.75,1.8,1,2,0.35,BRL,12,30,0.15,1000,BRL,3.9,9.7,12,10,2.6,71.1,,0.8,BRL,BRL,1.9,BRL,395,BRL,0.28,BRL,3.4,BRL,0.15,1.26,31,BRL,12.3,1,25,69.3,20.5,14.4,,11.4,8.3,,,16.4,12.9,6.3,,,,7.5,,,2.4,,,,,,,,,
1,43013332030000,39.9979,-110.1687,PETES WASH U 13-06 GR,UT CRC,"TC, TOC, HAWK, ICP, XRD",AGAT,E151201-136,5584,,,Green River,Uteland Butte,2.85,0.79,3.15,2.98,0.21,432,4.12,5.59,1.16,1.78,0.99,0.04,0.11,30.6,0.17,BRL,BRL,23,921,BRL,0.1,BRL,38.4,5.9,33,1.8,15,2.15,1.34,0.63,8.17,2.63,1,5,0.45,BRL,17.9,38,0.21,360,BRL,6.9,14.4,17,11,3.99,75,,0.6,BRL,BRL,2.9,BRL,278,0.6,0.37,BRL,6.3,BRL,0.2,1.91,43,1,14.5,1.4,34,212,26.8,14.7,10.9,,8,,,12.1,3.2,7.7,1.3,,,12.3,,,3.2,,,,,,,,,
1,43013332030000,39.9979,-110.1687,PETES WASH U 13-06 GR,UT CRC,"TC, TOC, HAWK, ICP, XRD",AGAT,E151201-137,5585,,,Green River,Uteland Butte,2.09,0.26,0.4,0.51,0.23,427,5.54,3.91,2.26,2.12,1.64,0.06,0.1,28.9,0.29,BRL,BRL,54,724,BRL,0.2,0.3,50,8.7,46,3.5,42,2.78,1.75,0.81,13.1,3.3,2,6,0.59,BRL,27.7,52,0.29,286,BRL,11.5,21.7,22,17,5.85,95.6,,0.8,7,BRL,3.8,BRL,191,0.9,0.47,BRL,9.2,0.5,0.27,3.21,78,2,18.2,1.9,62,239,21.5,12.9,12.8,,10.3,,,4.6,,9.1,3.8,,,13.4,5.1,2.4,4.1,,,,,,,,,
1,43013332030000,39.9979,-110.1687,PETES WASH U 13-06 GR,UT CRC,"TC, TOC, HAWK, ICP, XRD",AGAT,E151201-138,5586,,,Green River,Uteland Butte,2.06,,,,,,5.37,4.49,2.66,2.03,1.83,0.07,0.15,29,0.33,BRL,BRL,53,572,BRL,0.2,0.4,62.5,8.6,49,3.2,28,3.65,2.23,1.63,11.9,4.11,2,10,0.75,BRL,29.8,56,0.38,335,BRL,12.2,24.3,24,16,6.63,87.6,,0.6,7,BRL,4.8,BRL,179,0.9,0.61,BRL,11.1,BRL,0.33,3.58,79,2,22.8,2.3,65,391,21,15.8,15.7,,,,,5.3,,8.7,4.3,,3.5,13.2,,2.7,9.7,,,,,,,,,
1,43013332030000,39.9979,-110.1687,PETES WASH U 13-06 GR,UT CRC,"TC, TOC, HAWK, ICP, XRD",AGAT,E151201-139,5587,,,Green River,Uteland Butte,1.89,0.44,0.22,0.41,0.16,449,8.3,3.19,2.75,3.11,2.06,0.08,0.08,26.5,0.47,BRL,5,110,744,BRL,0.5,0.8,86,13,76,10.7,57,5,2.96,1.3,21,5.68,2,6,1.01,BRL,43.9,86,0.47,252,BRL,16.5,34.9,35,28,9.57,150,,0.7,14,BRL,6.8,1,201,1.2,0.85,BRL,16.9,0.9,0.46,4.89,148,3,31,3.1,145,216,15.6,10,6.2,,1.7,,,2.8,,6.1,4.7,,1,43.7,,3.8,4.4,,,,,,,,,
1,43013332030000,39.9979,-110.1687,PETES WASH U 13-06 GR,UT CRC,"TC, TOC, HAWK, ICP, XRD",AGAT,E151201-140,5588,,,Green River,Uteland Butte,2.04,0.45,0.1,0.33,0.19,454,8.12,3.7,2.4,3.09,1.93,0.07,0.08,25.1,0.45,BRL,BRL,112,613,BRL,0.6,0.6,80.1,12.6,73,11.6,54,4.09,2.54,1.09,21.1,4.71,2,5,0.84,BRL,40.8,82,0.4,312,BRL,16.5,31.4,36,42,8.79,152,,0.6,14,BRL,5.7,1,188,1.2,0.69,BRL,16.3,0.9,0.39,4.66,150,3,25.8,2.8,135,181,14.8,7.3,6.6,,0.9,,,5.1,,4,5.8,,1.2,48.9,,3.6,1.7,,,,,,,,,
1,43013332030000,39.9979,-110.1687,PETES WASH U 13-06 GR,UT CRC,"TC, TOC, HAWK, ICP, XRD",AGAT,E151201-141,5589,,,Green River,Uteland Butte,2.12,0.44,0.12,0.37,0.18,452,7.85,3.98,2.34,2.99,1.93,0.08,0.08,25.3,0.44,BRL,BRL,105,658,BRL,0.5,0.7,81.4,10.3,67,10.6,51,4.11,2.54,1.1,19.5,4.83,2,5,0.85,BRL,39.5,78,0.43,263,BRL,15.7,31.1,29,25,8.65,137,,0.6,13,BRL,5.8,1,197,1.1,0.71,BRL,15.3,0.8,0.38,4.41,141,2,24.8,2.7,141,193,14.4,7.3,10.1,,1.6,,,5.1,,5.1,4.7,,,46.1,,3.3,2.3,,,,,,,,,
1,43013332030000,39.9979,-110.1687,PETES WASH U 13-06 GR,UT CRC,"TC, TOC, HAWK, ICP, XRD",AGAT,E151201-142,5590,,,Green River,Uteland Butte,2.3,0.29,0.26,0.21,0.28,451,6.92,5.07,2.28,2.72,1.88,0.08,0.18,26.5,0.4,BRL,6,85,963,BRL,0.5,0.6,73.2,12.5,62,9.3,49,4.45,2.59,1.18,16.8,5.06,2,5,0.92,BRL,37.2,73,0.4,378,BRL,14.2,29.8,28,24,8.15,129,,1.3,12,BRL,5.6,BRL,198,1.1,0.76,BRL,14.1,0.8,0.39,4.2,120,2,27.9,2.6,115,171,17,8.8,10.6,,,,,7.9,,5.9,4.2,,0,40.7,,2.7,2.2,,,,,,,,,
1,43013332030000,39.9979,-110.1687,PETES WASH U 13-06 GR,UT CRC,"TC, TOC, HAWK, ICP, XRD",AGAT,E151201-143,5591,,,Green River,Uteland Butte,2.5,0.31,0.21,0.24,0.29,446,6.4,5.44,2.29,2.6,1.93,0.07,0.48,25.6,0.37,BRL,BRL,83,774,BRL,0.4,0.6,64.8,11,56,8.7,48,4.1,2.44,1.07,15.6,4.7,2,5,0.81,BRL,35.1,66,0.39,462,2,14,28.2,29,17,7.7,123,,2.1,11,BRL,5.4,BRL,198,1,0.69,BRL,13.4,0.7,0.37,3.99,112,2,24.3,2.5,113,176,17.9,8.3,2.7,,13,,,7.6,,7.5,4.4,,2,27.1,6.8,2.8,,,,,,,,,,
1,43013332030000,39.9979,-110.1687,PETES WASH U 13-06 GR,UT CRC,"TC, TOC, HAWK, ICP, XRD",AGAT,E151201-144,5592,,,Green River,Uteland Butte,3.32,0.67,0.21,1.22,0.26,440,6.05,7.35,7.45,2.34,1.74,0.08,7.02,20.7,0.34,BRL,145,116,878,BRL,0.4,0.6,58.7,12.2,56,8.8,49,3.49,2.11,0.95,14.2,4.08,2,4,0.73,BRL,30.8,63,0.34,416,15,11.4,25,48,35,6.76,112,,11.1,10,BRL,4.9,BRL,244,0.9,0.62,BRL,12.7,2.2,0.31,3.98,117,2,20.5,2.1,92,142,12.6,4.8,,,12.4,,,11.3,3.3,3.7,4.3,,7.7,37.6,,,2.4,,,,,,,,,
1,43013332030000,39.9979,-110.1687,PETES WASH U 13-06 GR,UT CRC,"TC, TOC, HAWK, ICP, XRD",AGAT,E151201-145,5593,,,Green River,Uteland Butte,10.98,1.5,0.28,8.61,0.32,446,1.85,25.5,2.3,0.62,3.29,0.06,2.26,6.42,0.08,BRL,31,38,692,BRL,0.1,0.2,16.8,4.1,15,2.3,22,1.07,0.61,0.3,4.09,1.25,BRL,BRL,0.22,BRL,8.4,27,0.09,732,8,2.7,6.9,10,6,1.86,30.6,,1,BRL,5,1.4,BRL,1040,BRL,0.2,BRL,3.7,BRL,0.09,4.35,40,BRL,6.1,0.6,26,28.6,4.4,0.9,,,,,,38.8,12.2,25.4,3.5,,2,12.9,,,,,,,,,,,,
1,43013332030000,39.9979,-110.1687,PETES WASH U 13-06 GR,UT CRC,"TC, TOC, HAWK, ICP, XRD",AGAT,E151201-146,5594,,,Green River,Uteland Butte,14.06,1.76,2.58,9.37,0.22,448,0.56,21.8,0.35,0.2,11.2,0.02,0.34,1.94,0.02,BRL,BRL,11,504,BRL,BRL,BRL,2.6,1.7,BRL,0.4,17,0.27,0.18,0.09,1.28,0.36,BRL,BRL,0.06,BRL,2.4,17,BRL,171,3,0.7,2,BRL,BRL,0.54,10.5,,0.3,BRL,BRL,0.4,BRL,1310,BRL,0.05,BRL,0.6,BRL,BRL,0.43,11,BRL,1.7,0.1,8,10.1,1.3,,,,,,,0.5,,94.7,3.1,,0.4,,,,,,,,,,,,,
1,43013332030000,39.9979,-110.1687,PETES WASH U 13-06 GR,UT CRC,"TC, TOC, HAWK, ICP, XRD",AGAT,E151201-147,5595,,,Green River,Uteland Butte,13.44,1.4,4.77,6.89,0.35,446,0.39,21.5,0.21,0.07,11.5,0.02,0.32,3.58,BRL,BRL,BRL,BRL,549,BRL,BRL,BRL,3,1.4,BRL,0.1,19,0.15,0.09,0.07,0.93,0.19,BRL,BRL,BRL,BRL,1.1,15,BRL,118,3,0.4,0.9,7,BRL,0.24,3.9,,1.3,BRL,BRL,0.2,BRL,1510,BRL,BRL,BRL,0.3,BRL,BRL,0.27,BRL,BRL,0.9,BRL,6,3.5,4.1,,,,,,,1.5,,90.3,3.7,,0.4,,,,,,,,,,,,,
1,43013332030000,39.9979,-110.1687,PETES WASH U 13-06 GR,UT CRC,"TC, TOC, HAWK, ICP, XRD",AGAT,E151201-148,5596,,,Green River,Uteland Butte,15.33,2.7,14.4,12.77,0.5,445,0.22,23,0.21,0.03,11.4,0.02,0.33,1.52,BRL,BRL,BRL,BRL,412,BRL,BRL,BRL,BRL,1.4,BRL,0.1,20,0.09,BRL,BRL,0.45,0.1,BRL,BRL,BRL,BRL,0.6,19,BRL,130,BRL,0.1,0.5,BRL,BRL,0.14,2.6,,1.3,BRL,BRL,0.1,BRL,1070,BRL,BRL,BRL,0.2,BRL,BRL,0.3,BRL,BRL,BRL,BRL,5,3.3,1.5,,,,,,,,3.9,90.6,4,,,,,,,,,,,,,,,
1,43013332030000,39.9979,-110.1687,PETES WASH U 13-06 GR,UT CRC,"TC, TOC, HAWK, ICP, XRD",AGAT,E151201-149,5597,,,Green River,Uteland Butte,11.19,1.06,0.16,5.63,0.26,450,0.93,35.4,1.55,0.23,0.56,0.09,2.23,5.17,0.04,BRL,13,16,490,BRL,BRL,BRL,7.6,3.1,11,0.8,8,0.53,0.35,0.16,2.09,0.7,BRL,BRL,0.12,BRL,4.5,17,0.05,488,4,1.5,3.8,6,BRL,1,14,,1.4,BRL,6,0.7,BRL,2000,BRL,0.09,BRL,1.5,BRL,BRL,0.89,17,BRL,3.5,0.3,13,32.8,4,1.9,,,,,,55.1,26.5,2.1,3.9,,1.9,3.2,,,,1.5,,,,,,,,
1,43013332030000,39.9979,-110.1687,PETES WASH U 13-06 GR,UT CRC,"TC, TOC, HAWK, ICP, XRD",AGAT,E151201-150,5598,,,Green River,Uteland Butte,15.43,4.94,1.46,39.79,0.42,453,0.86,21.1,0.82,0.24,7.45,0.04,0.62,5.19,0.03,BRL,7,17,660,BRL,BRL,BRL,7.1,3.2,BRL,0.7,23,0.44,0.29,0.14,1.96,0.48,BRL,BRL,0.09,BRL,3.4,22,BRL,318,9,1.2,2.7,13,BRL,0.75,13.2,,1.4,BRL,BRL,0.5,BRL,836,BRL,0.07,BRL,1.1,BRL,BRL,1.68,28,BRL,2.9,0.3,16,12.8,4.5,1,,11.4,,,,6.7,5.6,65,11.4,,1.2,1.5,0.1,,,3,,,,,,,,
1,43013332030000,39.9979,-110.1687,PETES WASH U 13-06 GR,UT CRC,"TC, TOC, HAWK, ICP, XRD",AGAT,E151201-151,5599,,,Green River,Uteland Butte,13.07,3.26,0.82,24.45,0.27,453,1.56,26,1.2,0.46,4,0.08,1.43,5.36,0.06,BRL,11,24,1150,BRL,0.1,0.3,13.4,3.7,14,1.6,22,0.85,0.51,0.27,3.68,0.98,BRL,BRL,0.17,BRL,6.6,22,0.08,223,9,2.3,5.2,12,5,1.45,24.5,,1.2,BRL,6,1.1,BRL,1150,BRL,0.15,BRL,2.2,BRL,0.08,1.87,42,BRL,5.1,0.5,24,24.3,3.2,1.1,,,,,,33.2,21.1,27.1,4.8,,1.4,5,,,,3.1,,,,,,,,
1,43013332030000,39.9979,-110.1687,PETES WASH U 13-06 GR,UT CRC,"TC, TOC, HAWK, ICP, XRD",AGAT,E151201-152,5600,,,Green River,Wasatch,11.43,2.2,0.42,12.69,0.36,451,1.81,28.8,0.48,0.56,2.07,0.09,0.69,7.62,0.05,BRL,BRL,24,1240,BRL,0.1,0.2,12,3.3,17,2,21,0.79,0.48,0.26,4.28,0.94,BRL,BRL,0.17,BRL,6.2,27,0.08,210,BRL,2.1,5.3,12,5,1.39,27.2,,0.3,BRL,5,1.1,BRL,901,BRL,0.14,BRL,2.3,BRL,0.07,1.41,50,BRL,5.2,0.5,24,22.1,5,0.8,,,,,,14.4,62.4,3.8,1.8,,0.7,5.2,4.9,,,1,,,,,,,,
1,43013332030000,39.9979,-110.1687,PETES WASH U 13-06 GR,UT CRC,"TC, TOC, HAWK, ICP, XRD",AGAT,E151201-153,5601,,,Green River,Wasatch,10,2.51,0.6,13.97,0.29,455,3.28,23.9,0.77,1.05,1.59,0.11,0.71,11.8,0.1,BRL,BRL,44,505,BRL,0.2,0.4,18.3,5,35,4.2,24,1.37,0.86,0.39,7.7,1.64,BRL,1,0.29,BRL,11,46,0.13,311,3,3.9,9.1,19,9,2.43,54.1,,0.4,BRL,BRL,1.8,BRL,641,BRL,0.24,BRL,4.2,BRL,0.12,1.58,70,BRL,8.8,0.8,56,41.5,7,1.1,,,,,,10.7,52.3,,4.1,,0.6,15.3,,,,8.8,,,,,,,,
1,43013332030000,39.9979,-110.1687,PETES WASH U 13-06 GR,UT CRC,"TC, TOC, HAWK, ICP, XRD",AGAT,E151201-154,5602,,,Green River,Wasatch,11.06,2.28,0.29,12.45,0.29,451,1.82,28.1,0.82,0.56,1.3,0.11,1.1,8.97,0.06,BRL,BRL,24,425,BRL,0.1,0.2,7.4,3.9,20,2.2,20,0.95,0.6,0.27,3.95,1.07,BRL,BRL,0.2,BRL,7,30,0.09,328,5,2.1,5.7,20,6,1.52,27.2,,0.5,BRL,6,1.2,BRL,756,BRL,0.17,BRL,2.4,BRL,0.09,1.95,41,BRL,6.3,0.6,20,26,6.6,,,,,,,9.9,65.1,1.3,3.6,,0.9,7.1,,,,5.5,,,,,,,,
1,43013332030000,39.9979,-110.1687,PETES WASH U 13-06 GR,UT CRC,"TC, TOC, HAWK, ICP, XRD",AGAT,E151201-155,5603,,,Green River,Wasatch,11.16,2.22,0.29,11.66,0.35,449,2.05,28.1,0.66,0.63,1.64,0.12,0.84,8.89,0.06,BRL,BRL,27,487,BRL,0.1,0.3,15.6,5.6,24,2.3,22,0.97,0.57,0.28,4.36,1.16,BRL,BRL,0.2,BRL,7.4,34,0.08,285,4,2.1,6.2,19,6,1.66,30.2,,0.4,BRL,5,1.2,BRL,860,BRL,0.17,BRL,2.5,BRL,0.09,1.56,43,BRL,6.3,0.6,34,25.6,5.8,0.6,,,,,,11.5,65.8,0.9,2.3,,0.6,8.5,,,,4,,,,,,,,
1,43013332030000,39.9979,-110.1687,PETES WASH U 13-06 GR,UT CRC,"TC, TOC, HAWK, ICP, XRD",AGAT,E151201-156,5604,,,Green River,Wasatch,11.27,3.11,0.6,20.62,0.4,455,2.75,23.4,0.84,0.88,2.12,0.15,0.93,10.1,0.1,BRL,BRL,36,821,BRL,0.2,0.3,25.3,6.1,27,3.2,25,1.46,0.86,0.41,6.14,1.73,BRL,1,0.3,BRL,11.7,38,0.13,187,5,3.9,9.8,20,9,2.58,42.9,,0.6,BRL,7,1.9,BRL,1010,BRL,0.26,BRL,4.2,BRL,0.13,3.23,71,BRL,8.8,0.9,30,41.2,6.5,2.6,,,,,,30,32.8,7.2,2,,1.1,17.8,,,,,,,,,,,,
1,43013332030000,39.9979,-110.1687,PETES WASH U 13-06 GR,UT CRC,"TC, TOC, HAWK, ICP, XRD",AGAT,E151201-157,5605,,,Green River,Wasatch,9.15,4.43,0.47,30.29,0.19,450,5.16,13.3,2.26,1.55,1.67,0.09,2.16,15.9,0.2,BRL,11,73,869,BRL,0.5,1.3,40.5,10.2,48,6.6,54,2.33,1.33,0.66,12.1,2.68,1,2,0.47,BRL,21.8,77,0.21,239,14,7.4,17.1,31,14,4.67,75.9,,1,8,6,3.2,BRL,571,0.6,0.4,BRL,7.4,0.7,0.21,7.28,116,1,13.4,1.4,87,70.3,8.5,9.5,2.4,,,,,27.1,5.1,7.8,3.7,,3.3,32.7,,,,,,,,,,,,
1,43013332030000,39.9979,-110.1687,PETES WASH U 13-06 GR,UT CRC,"TC, TOC, HAWK, ICP, XRD",AGAT,E151201-158,5606,,,Green River,Wasatch,14.1,3.67,0.59,26.79,0.27,457,0.96,31.3,0.32,0.25,1.46,0.05,0.68,3.77,0.04,BRL,BRL,BRL,832,BRL,BRL,BRL,8.6,2,13,0.9,9,0.49,0.3,0.18,2.14,0.58,BRL,BRL,0.11,BRL,4.3,12,BRL,257,3,1.5,3.4,10,BRL,0.92,12.7,,0.2,BRL,BRL,0.7,BRL,959,BRL,0.09,BRL,1.4,BRL,BRL,0.86,20,BRL,3,0.3,13,17,2.4,2.2,,,,,,25.9,58.1,7.6,0.3,,0.3,2.4,,,,0.8,,,,,,,,
1,43013332030000,39.9979,-110.1687,PETES WASH U 13-06 GR,UT CRC,"TC, TOC, HAWK, ICP, XRD",AGAT,E151201-159,5607,,,Green River,Wasatch,9.81,2.75,1.33,14.13,0.21,448,4.66,15.3,1.64,1.54,5.72,0.07,1.39,12.3,0.19,BRL,30,76,516,BRL,0.3,0.6,33.7,6.1,39,5.7,32,1.88,1.08,0.48,10.4,2.3,1,2,0.38,BRL,18.7,64,0.17,387,17,7.4,14.4,25,11,3.95,74.4,,1.7,6,5,2.6,BRL,690,0.6,0.32,BRL,6.5,0.8,0.16,3.16,99,1,10.3,1.1,66,67.1,5.7,1.7,1.1,,,,,11.6,3.4,36.5,6.1,,2.4,31.6,,,,,,,,,,,,
1,43013332030000,39.9979,-110.1687,PETES WASH U 13-06 GR,UT CRC,"TC, TOC, HAWK, ICP, XRD",AGAT,E151201-160,5608,,,Green River,Wasatch,12.25,2.24,0.29,11.95,0.27,451,1.29,31.2,0.33,0.37,1.28,0.18,0.64,5.21,0.04,BRL,BRL,16,532,BRL,BRL,BRL,3.1,3.5,11,1.4,13,0.57,0.34,0.16,2.8,0.66,BRL,BRL,0.12,BRL,4.4,21,0.06,246,2,1.4,3.6,5,BRL,0.95,17.8,,0.1,BRL,BRL,0.7,BRL,1050,BRL,0.1,BRL,1.6,BRL,0.05,1.07,29,BRL,3.4,0.4,19,16.8,3.3,1.3,,,,,,17,69.8,1,1.4,,0.3,4.3,,,,1.5,,,,,,,,
1,43013332030000,39.9979,-110.1687,PETES WASH U 13-06 GR,UT CRC,"TC, TOC, HAWK, ICP, XRD",AGAT,E151201-161,5609,,,Green River,Wasatch,10.28,3.3,0.53,20.61,0.22,448,3.94,20.5,2.06,1.5,2.15,0.06,1.9,11.6,0.13,BRL,9,59,676,BRL,0.4,0.5,26.3,10.5,34,5.5,55,1.73,1.13,0.48,9.24,2.02,BRL,1,0.39,BRL,15.5,44,0.18,166,18,4.6,12.3,27,16,3.39,57.4,,0.7,6,BRL,2.2,BRL,854,BRL,0.3,BRL,5.6,0.7,0.17,4.61,144,1,11.6,1.2,66,44.3,5.7,2,,,,,,44.4,1,10,4.3,,2.1,24.4,4.8,,,1.3,,,,,,,,
1,43013332030000,39.9979,-110.1687,PETES WASH U 13-06 GR,UT CRC,"TC, TOC, HAWK, ICP, XRD",AGAT,E151201-162,5610,,,Green River,Wasatch,6.9,1.55,0.84,8.34,0.28,448,5.19,11.3,2.61,2.07,4.4,0.06,1.92,16,0.22,BRL,31,79,737,BRL,0.6,0.6,46.4,11,47,7.4,55,2.84,1.55,0.82,12.4,3.39,1,2,0.55,BRL,24.5,58,0.25,386,16,7.7,20.3,27,21,5.49,83,,3.6,9,BRL,3.9,BRL,508,0.6,0.49,BRL,8.7,0.7,0.23,5.62,134,1,15.9,1.6,90,83.1,8.5,2.4,2.4,,,,,8.3,,33.8,2.2,,2.7,31,,,,8.6,,,,,,,,
1,43013332030000,39.9979,-110.1687,PETES WASH U 13-06 GR,UT CRC,"TC, TOC, HAWK, ICP, XRD",AGAT,E151201-163,5611,,,Green River,Wasatch,5.68,1.81,1.26,9.07,0.34,445,6.37,9.68,3.03,2.59,3.2,0.07,1.93,19.6,0.27,BRL,43,95,581,BRL,0.6,0.6,55.4,12.7,60,9.3,63,3.02,1.8,0.88,14.7,3.66,2,2,0.6,BRL,28.2,72,0.28,365,8,9.4,22.8,38,29,6.24,102,,3.2,11,BRL,4.3,1,445,0.8,0.54,BRL,10.3,0.8,0.27,5.38,157,1,17.5,1.7,107,87,10.5,2.9,2.2,,,,,12.5,,19,4,,2.7,46.1,0,,,,,,,,,,,
1,43013332030000,39.9979,-110.1687,PETES WASH U 13-06 GR,UT CRC,"TC, TOC, HAWK, ICP, XRD",AGAT,E151201-164,5612,,,Green River,Wasatch,8.26,1.59,1.26,8.47,0.38,444,4.18,15.4,1.81,1.71,4.56,0.06,0.89,14.2,0.17,BRL,32,64,515,BRL,0.2,0.6,41.7,5.9,31,4.6,33,2.87,1.71,0.66,9.13,3,BRL,2,0.58,BRL,18.3,40,0.25,542,7,6.6,15.9,14,12,4.21,62.6,,1.5,6,BRL,3.4,BRL,784,0.5,0.48,BRL,7.1,0.5,0.24,3.3,80,BRL,16.9,1.6,63,68.8,8.3,1.2,,,,,,13.2,7.6,33.6,4.8,,1.3,25.4,,,0,4.6,,,,,,,,
1,43013332030000,39.9979,-110.1687,PETES WASH U 13-06 GR,UT CRC,"TC, TOC, HAWK, ICP, XRD",AGAT,E151201-165,5613,,,Green River,Wasatch,8.17,0.98,0.62,5.42,0.37,447,2.69,17.9,1.13,1.09,3.6,0.05,0.64,14.2,0.15,BRL,7,47,450,BRL,0.2,0.5,34.6,4.2,23,2.7,25,2.45,1.32,0.75,6.1,2.87,BRL,3,0.49,BRL,17.7,28,0.21,411,3,5.7,15.6,13,8,4.18,40.2,,0.6,BRL,BRL,3.2,BRL,1020,BRL,0.43,BRL,5.4,BRL,0.21,2.87,50,BRL,13.4,1.4,42,98.2,11.7,3.3,1.7,,,,,26.2,8.5,30.9,,,1,11,,,,5.7,,,,,,,,
1,43013332030000,39.9979,-110.1687,PETES WASH U 13-06 GR,UT CRC,"TC, TOC, HAWK, ICP, XRD",AGAT,E151201-166,5614,,,Green River,Wasatch,8.33,0.93,0.83,5.05,0.21,444,2.56,19.4,0.95,1.02,2.93,0.04,0.55,13.7,0.15,BRL,7,37,465,BRL,0.2,0.5,38.4,4.1,23,2.4,22,2.48,1.33,0.74,5.58,2.99,BRL,3,0.46,BRL,19.1,31,0.19,354,3,5.7,16.7,17,7,4.46,36.5,,0.6,BRL,BRL,3.4,BRL,1140,BRL,0.44,BRL,5.1,BRL,0.19,2.71,45,BRL,13.7,1.3,46,94.2,12,2.5,1.2,,,,,36.9,4,23.5,2.6,,0.9,12.1,,,,4.3,,,,,,,,
1,43013332030000,39.9979,-110.1687,PETES WASH U 13-06 GR,UT CRC,"TC, TOC, HAWK, ICP, XRD",AGAT,E151201-167,5615,,,Green River,Wasatch,8.67,1.98,1.27,11.82,0.32,447,3.84,15.4,1.69,1.5,4.07,0.04,0.79,13.9,0.22,BRL,8,57,452,BRL,0.2,0.5,38.1,5.3,33,4.4,20,2.52,1.47,0.71,8.6,2.99,BRL,2,0.51,BRL,20.4,34,0.22,473,6,8.1,17,14,13,4.61,58.9,,1.6,6,BRL,3.4,BRL,845,0.6,0.45,BRL,6.7,BRL,0.21,3.5,81,1,14.2,1.4,54,80.9,8.8,2.9,,,,,,19.5,,34.2,3.3,,1,22,2.3,,,6.2,,,,,,,,
1,43013332030000,39.9979,-110.1687,PETES WASH U 13-06 GR,UT CRC,"TC, TOC, HAWK, ICP, XRD",AGAT,E151201-168,5616,,,Green River,Wasatch,8.18,2.86,3.26,17.11,0.26,445,5.09,9.67,2.29,2.02,5,0.03,1.24,16.2,0.22,BRL,28,74,511,BRL,0.3,0.4,40.2,8.7,40,6.1,31,2.32,1.39,0.67,11.3,2.7,1,2,0.47,BRL,21.5,45,0.2,325,6,7.6,17.1,23,11,4.66,75.4,,1.9,7,BRL,3.3,BRL,590,0.6,0.4,BRL,6.7,0.6,0.2,4.61,106,1,13.3,1.4,78,78,9,2.4,8.9,,,,,1.7,,42.8,1.1,,1.3,27.9,5.1,,,0,,,,,,,,
1,43013332030000,39.9979,-110.1687,PETES WASH U 13-06 GR,UT CRC,"TC, TOC, HAWK, ICP, XRD",AGAT,E151201-169,5617,,,Green River,Wasatch,6.2,3.95,3.14,27.39,0.18,451,7.61,4.76,3.4,3.3,2.71,0.05,2.22,22,0.31,BRL,36,115,677,BRL,0.5,0.5,51.3,15.6,69,10.5,62,2.66,1.64,0.78,17.8,3.16,1,3,0.53,BRL,28.7,79,0.25,299,11,10.9,21,44,24,5.96,122,,3.6,12,BRL,3.7,2,338,0.8,0.48,BRL,8.9,0.9,0.24,4.44,159,2,16,1.6,109,92,10.6,3.2,5.9,,0,,,4.1,,10,5.4,,2.3,57.4,,1.1,,,,,,,,,,
1,43013332030000,39.9979,-110.1687,PETES WASH U 13-06 GR,UT CRC,"TC, TOC, HAWK, ICP, XRD",AGAT,E151201-170,5618,,,Green River,Wasatch,5.23,1.06,1.89,3.79,0.32,438,5.72,10.4,2.86,2.55,3.01,0.06,1.76,19.7,0.27,BRL,13,79,671,BRL,0.4,0.5,53.4,10.2,57,8.2,42,3.02,1.7,0.82,13.5,3.42,1,3,0.59,BRL,25.8,58,0.26,446,4,9.6,20.3,30,21,5.62,92.5,,3.4,9,BRL,4,1,424,0.8,0.51,BRL,9.4,0.7,0.24,3.38,112,1,17,1.7,100,88.5,11.1,6.9,,,,,,14.7,1.8,19.2,3.4,,1.1,32.1,,3.6,,6,,,,,,,,
1,43013332030000,39.9979,-110.1687,PETES WASH U 13-06 GR,UT CRC,"TC, TOC, HAWK, ICP, XRD",AGAT,E151201-171,5619,,,Green River,Wasatch,6.07,0.81,1.12,2.06,0.25,439,4.82,12.1,3.08,2.1,3.86,0.06,2.2,17.3,0.23,BRL,12,77,706,BRL,0.3,0.3,51,11.3,49,7.3,44,2.89,1.62,0.84,11.3,3.39,BRL,2,0.58,BRL,23.7,49,0.25,473,4,8.1,19.9,34,22,5.35,77.4,,3.5,8,BRL,4,BRL,486,0.6,0.51,BRL,8,0.6,0.23,2.87,93,1,16.9,1.6,72,69.3,9.7,1.8,5.5,,,,,17.3,,29.4,2.6,,1.8,23.5,,,1.8,6.6,,,,,,,,
1,43013332030000,39.9979,-110.1687,PETES WASH U 13-06 GR,UT CRC,"TC, TOC, HAWK, ICP, XRD",AGAT,E151201-172,5620,,,Green River,Wasatch,6.9,1.14,2.08,4.38,0.28,438,4.88,14.6,2.38,2.06,3.46,0.05,1.11,16.6,0.24,BRL,10,68,781,BRL,0.3,0.4,47.8,7.8,41,6.5,32,2.51,1.46,0.71,11.1,2.99,BRL,2,0.5,BRL,21.8,48,0.21,390,3,7.9,17.8,22,15,4.86,75.9,,2.2,8,BRL,3.5,BRL,606,0.6,0.44,BRL,7.9,0.6,0.21,3.12,93,1,14.2,1.4,78,69.7,9,1.8,2.7,,,,,22.4,0.4,24.4,3.4,,0.9,27,,,,8,,,,,,,,
1,43013332030000,39.9979,-110.1687,PETES WASH U 13-06 GR,UT CRC,"TC, TOC, HAWK, ICP, XRD",AGAT,E151201-173,5621,,,Green River,Wasatch,6.88,1.43,2.19,6.97,0.27,442,4.81,13.4,2.31,1.98,3.73,0.12,1.22,17.3,0.23,BRL,11,68,660,BRL,0.3,0.5,47.8,9,42,6.2,33,3.04,1.7,0.93,11,3.51,BRL,2,0.59,BRL,23.1,49,0.25,426,6,8.1,19.9,21,16,5.32,75.5,,1.9,7,BRL,4.1,BRL,633,0.7,0.52,BRL,9,0.6,0.25,5.72,96,1,17.1,1.6,72,79.1,10.4,3.2,2,,,,,16.5,1,26.6,3.6,,1.3,28.7,,0,0.9,5.9,,,,,,,,
1,43013332030000,39.9979,-110.1687,PETES WASH U 13-06 GR,UT CRC,"TC, TOC, HAWK, ICP, XRD",AGAT,E151201-174,5622,,,Green River,Wasatch,9.03,3.16,2.38,21.84,0.34,449,4.41,13.1,1.75,1.82,4.16,0.15,0.74,15.1,0.2,BRL,9,68,475,BRL,0.3,0.4,35.3,8.5,44,5.6,35,2.32,1.34,0.66,10.1,2.78,BRL,2,0.48,BRL,20,49,0.21,399,6,7.4,16.1,24,14,4.37,70.4,,1.8,7,BRL,3.2,BRL,808,0.6,0.4,BRL,6.8,0.6,0.2,3.24,93,1,13,1.4,67,73.4,9.4,3.3,,,,,,14.5,,33,4.7,,1,34,0.1,,,,,,,,,,,
1,43013332030000,39.9979,-110.1687,PETES WASH U 13-06 GR,UT CRC,"TC, TOC, HAWK, ICP, XRD",AGAT,E151201-175,5623,,,Green River,Wasatch,9.82,1.95,2.31,11.09,0.29,446,3.62,18.8,1.34,1.58,4.63,0.04,0.49,10.6,0.18,BRL,BRL,60,650,BRL,0.2,0.4,31.6,5.7,33,4.3,31,1.92,1.15,0.53,8.31,2.25,BRL,2,0.38,BRL,16.4,38,0.18,559,4,6.3,13.4,18,10,3.6,56.3,,1.2,5,BRL,2.6,BRL,1170,0.6,0.34,BRL,6.2,BRL,0.18,3.5,75,BRL,10.3,1.2,57,70.9,5,1.3,1.1,,,,,26.7,0,36.8,2.1,,1.1,19.5,,,,6.3,,,,,,,,
1,43013332030000,39.9979,-110.1687,PETES WASH U 13-06 GR,UT CRC,"TC, TOC, HAWK, ICP, XRD",AGAT,E151201-176,5624,,,Green River,Wasatch,9.04,1.79,2.14,8.75,0.41,443,3.88,17.6,1.5,1.69,4.88,0.05,0.53,13.2,0.19,BRL,6,64,580,BRL,0.2,0.3,36.4,6.2,34,4.2,28,2.19,1.29,0.61,8.26,2.58,BRL,2,0.45,BRL,17.8,45,0.19,515,6,6.4,14.7,18,10,3.94,55.8,,1.1,6,BRL,2.8,BRL,1090,0.5,0.39,BRL,6.6,BRL,0.18,3.68,76,BRL,11.7,1.3,59,72.8,7.2,1.5,,,,,,23.2,4.3,34.5,2.5,,0.8,21,,,0,5,,,,,,,,
1,43013332030000,39.9979,-110.1687,PETES WASH U 13-06 GR,UT CRC,"TC, TOC, HAWK, ICP, XRD",AGAT,E151201-177,5625,,,Green River,Wasatch,7.27,1.67,2.2,8.22,0.31,444,4.74,12.9,1.75,1.99,4.08,0.04,0.71,17.7,0.23,BRL,9,72,702,BRL,0.2,0.5,43.1,7.4,43,5.3,29,2.36,1.38,0.66,9.8,2.81,BRL,2,0.46,BRL,20.5,55,0.2,465,9,7.8,16.8,22,13,4.55,67.9,,1.4,7,BRL,3.1,BRL,794,0.6,0.43,BRL,6.6,0.5,0.21,3.24,94,1,12.5,1.3,82,86.5,10.7,2.1,1.5,,,,,15.9,,28.3,4,,0.8,30.2,,,,6.5,,,,,,,,
1,43013332030000,39.9979,-110.1687,PETES WASH U 13-06 GR,UT CRC,"TC, TOC, HAWK, ICP, XRD",AGAT,E151201-178,5626,,,Green River,Wasatch,9.24,2.15,2.33,13.25,0.28,445,3.42,15.5,1.66,1.33,4.45,0.04,0.87,13.8,0.15,BRL,12,45,506,BRL,0.3,0.4,38.9,5.3,29,3.8,35,2.26,1.27,0.63,7.52,2.61,BRL,2,0.43,BRL,17.3,35,0.19,459,6,5.4,14.7,17,12,3.88,48.4,,1.2,6,BRL,3,BRL,831,0.5,0.38,BRL,6.3,BRL,0.19,3.45,71,1,11.9,1.2,55,66.8,9.7,3.9,0.9,,,,,19,2.1,38.8,3.1,,0.8,15.9,,,,5.7,,,,,,,,
1,43013332030000,39.9979,-110.1687,PETES WASH U 13-06 GR,UT CRC,"TC, TOC, HAWK, ICP, XRD",AGAT,E151201-179,5627,,,Green River,Wasatch,7.53,1.91,2.51,9.94,0.25,445,4.77,12.1,1.94,2,4.28,0.04,0.9,16.3,0.21,BRL,6,73,510,BRL,0.3,0.5,40.2,5.9,46,5.8,34,2.34,1.33,0.68,11,2.82,1,2,0.47,BRL,20.3,53,0.2,435,9,7.5,16.5,22,12,4.49,74.7,,1.2,7,BRL,3.1,BRL,730,0.6,0.42,BRL,6.7,0.6,0.2,3.36,101,1,12.7,1.3,77,77.6,9.8,2.1,2.4,,,,,11.7,,31,4.7,,0.8,27.6,,,,9.9,,,,,,,,
1,43013332030000,39.9979,-110.1687,PETES WASH U 13-06 GR,UT CRC,"TC, TOC, HAWK, ICP, XRD",AGAT,E151201-180,5628,,,Green River,Wasatch,8.5,5.16,3.61,36.24,0.23,450,6.62,6.59,3.4,2.65,3.48,0.05,1.93,19.4,0.26,BRL,13,92,544,BRL,0.5,0.6,44.9,13.4,60,8.5,63,2.55,1.55,0.72,14.9,2.98,1,2,0.54,BRL,23.1,74,0.24,309,11,8.4,18.7,33,19,5.12,92.5,,1.6,11,BRL,3.5,BRL,373,0.7,0.46,BRL,8.2,0.7,0.22,5.63,161,1,14.7,1.5,114,79.1,9.5,6.6,2.2,,,,,3.5,,21.6,5.5,,2.1,47.6,,1.5,,,,,,,,,,
1,43013332030000,39.9979,-110.1687,PETES WASH U 13-06 GR,UT CRC,"TC, TOC, HAWK, ICP, XRD",AGAT,E151201-181,5629,,,Green River,Wasatch,8.19,5.94,3.53,47.43,0.3,455,7.24,4.51,3.41,2.88,2.62,0.05,2.12,21.5,0.27,BRL,11,102,517,BRL,0.5,0.7,53.1,15.4,69,9.9,69,2.54,1.48,0.69,16.2,2.95,1,3,0.51,BRL,25.1,75,0.23,277,11,9.1,18.9,38,21,5.35,106,,1.7,11,BRL,3.6,1,307,0.8,0.44,BRL,8.1,0.8,0.22,4.55,166,1,13.9,1.5,142,86,10.5,7.3,5.9,,,,,3.3,,10.9,6.3,,2.1,52.7,,1,,,,,,,,,,
1,43013332030000,39.9979,-110.1687,PETES WASH U 13-06 GR,UT CRC,"TC, TOC, HAWK, ICP, XRD",AGAT,E151201-182,5630,,,Green River,Wasatch,7.66,3.51,4.62,21.4,0.22,448,7.04,6.8,3.37,3.09,3.57,0.05,1.95,20.3,0.29,BRL,14,106,653,BRL,0.5,0.6,51.5,12.2,63,9.8,63,2.68,1.52,0.77,15.5,3.21,1,3,0.54,BRL,25.8,79,0.24,353,9,9.6,19.9,37,22,5.45,105,,1.7,11,BRL,3.8,1,413,0.8,0.46,BRL,9.2,0.8,0.22,4.74,165,1,14.8,1.6,121,86.6,9.3,3.2,5.8,,,,,5.1,,17.3,5.6,,1.6,41.7,6.6,1.1,,2.7,,,,,,,,
1,43013332030000,39.9979,-110.1687,PETES WASH U 13-06 GR,UT CRC,"TC, TOC, HAWK, ICP, XRD",AGAT,E151201-183,5631,,,Green River,Wasatch,5.32,2.51,4.8,12.2,0.24,446,7.27,5.85,3.38,3.26,3.18,0.04,2.32,21.7,0.29,BRL,34,107,843,BRL,0.5,0.5,49.3,13.3,66,9.7,60,2.44,1.45,0.77,16.2,2.9,1,3,0.5,BRL,25.2,78,0.25,256,11,9.8,19.3,41,20,5.32,114,,2.5,10,BRL,3.5,1,402,0.8,0.42,BRL,8.3,1,0.21,4.42,163,1,13.9,1.5,123,92.3,10.2,2,6.3,,,,,4.3,,17.4,3.4,,2.3,54.2,,,,,,,,,,,,
1,43013332030000,39.9979,-110.1687,PETES WASH U 13-06 GR,UT CRC,"TC, TOC, HAWK, ICP, XRD",AGAT,E151201-184,5632,,,Green River,Wasatch,8.46,1.79,2.23,8.5,0.33,444,4.12,15.3,1.91,1.69,4.54,0.04,1.32,14,0.15,BRL,17,57,615,BRL,0.3,0.5,30.5,7.8,42,5,36,1.81,1.06,0.56,9.35,2.13,BRL,2,0.37,BRL,15.9,41,0.17,328,12,5.3,12.9,25,11,3.48,65.3,,1.6,6,BRL,2.4,BRL,678,BRL,0.33,BRL,5.3,0.6,0.16,4.42,97,BRL,10.3,1.1,85,58.6,8.3,2.2,1.9,,,,,17.7,0.8,35.3,3.9,,1.7,24.1,,,,4,,,,,,,,
1,43013332030000,39.9979,-110.1687,PETES WASH U 13-06 GR,UT CRC,"TC, TOC, HAWK, ICP, XRD",AGAT,E151201-185,5633,,,Green River,Wasatch,12.08,2.72,4.05,15.64,0.22,447,2.27,19.9,0.93,0.98,6.53,0.04,0.47,7.87,0.11,BRL,BRL,36,388,BRL,0.1,0.3,19.9,4.2,21,2.3,25,1.18,0.69,0.34,5.57,1.41,BRL,1,0.24,BRL,9.5,25,0.1,322,8,4,7.9,12,10,2.12,37.5,,0.4,BRL,BRL,1.6,BRL,1050,BRL,0.21,BRL,3.4,BRL,0.1,2.17,48,BRL,6.8,0.7,37,47,4.7,1.2,,,,,,19,0.7,55.5,2.7,,1.2,9.8,2,,,3.1,,,,,,,,
1,43013332030000,39.9979,-110.1687,PETES WASH U 13-06 GR,UT CRC,"TC, TOC, HAWK, ICP, XRD",AGAT,E151201-186,5634,,,Green River,Wasatch,10.99,2.37,2.97,12.78,0.22,447,2.45,19.2,1.48,0.98,5.89,0.03,0.92,9.84,0.09,BRL,18,34,435,BRL,0.3,0.3,22.3,4.8,20,2.6,35,1.41,0.84,0.38,5.51,1.6,BRL,1,0.29,BRL,11.3,27,0.12,436,8,3,9.1,19,10,2.51,35.9,,0.7,BRL,BRL,1.8,BRL,833,BRL,0.24,BRL,4.1,BRL,0.11,3.03,51,BRL,7.6,0.8,36,39.4,7.1,1.9,,,,,,17.4,0.5,51.6,5.1,,1.3,12.5,,,,2.7,,,,,,,,
1,43013332030000,39.9979,-110.1687,PETES WASH U 13-06 GR,UT CRC,"TC, TOC, HAWK, ICP, XRD",AGAT,E151201-187,5635,,,Green River,Wasatch,7.88,1.98,2.5,9.46,0.31,445,4.75,12.6,2.06,1.92,4.74,0.03,1.23,15.7,0.18,BRL,8,62,619,BRL,0.3,0.3,35.6,8.2,41,5.9,36,1.8,1.09,0.49,11.1,2.04,1,2,0.36,BRL,16.9,52,0.18,326,11,6.5,13.2,24,13,3.58,76.4,,1,7,BRL,2.5,BRL,616,0.5,0.3,BRL,5.3,0.6,0.17,3.82,99,BRL,10.2,1.1,74,61.3,9.3,4.3,,,,,,11.1,,39.2,2.6,,1.4,32.2,,0,,,,,,,,,,
1,43013332030000,39.9979,-110.1687,PETES WASH U 13-06 GR,UT CRC,"TC, TOC, HAWK, ICP, XRD",AGAT,E151201-188,5636,,,Green River,Wasatch,7.44,1.88,2.23,9.98,0.23,446,4.88,11.1,2.44,2.03,4.62,0.03,1.53,15.8,0.19,BRL,BRL,65,636,BRL,0.3,0.3,37.6,9.7,40,6.3,38,1.98,1.17,0.56,11.6,2.3,1,2,0.41,BRL,17.5,56,0.2,322,10,7,14.1,24,12,3.84,82.5,,0.9,7,BRL,2.7,1,577,0.5,0.34,BRL,5.8,0.7,0.19,3.95,105,BRL,11.7,1.2,70,64,8.9,1.8,3.3,,,,,8.2,,35.4,4.7,,1.7,28.2,,,,7.8,,,,,,,,
1,43013332030000,39.9979,-110.1687,PETES WASH U 13-06 GR,UT CRC,"TC, TOC, HAWK, ICP, XRD",AGAT,E151201-189,5637,,,Green River,Wasatch,6.66,3.07,3.07,18.98,0.26,448,6.7,7.83,3.24,2.83,3.49,0.05,2.11,19.7,0.25,BRL,7,92,732,BRL,0.5,0.6,37.9,12.2,64,9.7,58,2.19,1.39,0.65,15.5,2.55,1,2,0.45,BRL,21.8,81,0.22,351,9,8.6,16.8,33,18,4.6,114,,1.5,10,BRL,3.1,1,397,0.7,0.39,BRL,7.5,0.9,0.2,3.95,155,1,12.6,1.4,132,78.8,9.2,2.4,3.2,,,,,8.2,,19.5,3.4,,2.5,42.2,,1.6,,7.8,,,,,,,,
1,43013332030000,39.9979,-110.1687,PETES WASH U 13-06 GR,UT CRC,"TC, TOC, HAWK, ICP, XRD",AGAT,E151201-190,5638,,,Green River,Wasatch,5.5,1.99,1.84,10.69,0.26,445,6.17,8.51,2.9,2.68,2.93,0.06,1.97,20,0.22,BRL,23,90,572,BRL,0.4,0.7,46.6,10.6,57,9.2,52,2.55,1.48,0.72,14.7,3.07,1,2,0.5,BRL,22.8,78,0.22,301,11,8.3,18.9,34,21,5.04,109,,3,10,BRL,3.7,1,430,0.7,0.45,BRL,8,0.9,0.21,4.13,154,1,14.3,1.5,111,75.5,11.2,1.8,4.5,,,,,11.9,,16.3,3.7,,2.6,39.8,,,,8.3,,,,,,,,
1,43013332030000,39.9979,-110.1687,PETES WASH U 13-06 GR,UT CRC,"TC, TOC, HAWK, ICP, XRD",AGAT,E151201-191,5639,,,Green River,Wasatch,10.86,2.38,1.18,15.47,0.35,446,2.64,18.7,1.33,1.12,5.52,0.04,0.75,10.1,0.11,BRL,6,38,408,BRL,0.2,0.4,22.8,5.3,22,3,31,1.4,0.84,0.42,6.07,1.66,BRL,1,0.3,BRL,11.5,34,0.12,430,10,4,9.7,12,9,2.63,42.1,,0.5,BRL,BRL,1.9,BRL,927,BRL,0.24,BRL,3.9,BRL,0.12,2.53,59,BRL,8.1,0.8,45,46.6,6.7,0.6,,,,,,18.2,4.1,47.4,3.9,,1.3,14.2,3.7,,,,,,,,,,,
1,43013332030000,39.9979,-110.1687,PETES WASH U 13-06 GR,UT CRC,"TC, TOC, HAWK, ICP, XRD",AGAT,E151201-192,5640,,,Green River,Wasatch,9.34,3.23,0.71,23.84,0.32,449,3.9,14,1.6,1.64,4.22,0.05,0.77,15.5,0.17,BRL,7,52,503,BRL,0.3,0.5,36.5,7.3,34,4.6,31,2.19,1.21,0.61,8.95,2.58,BRL,2,0.44,BRL,17.8,49,0.19,384,11,6.5,14.9,19,13,4.09,63.5,,0.7,6,BRL,2.9,BRL,721,0.5,0.38,BRL,5.9,0.5,0.19,2.55,76,BRL,11.8,1.2,60,76.4,11.2,2.3,,,,,,12,8.6,31.6,6.2,,1.2,23.3,,,,3.5,,,,,,,,
1,43013332030000,39.9979,-110.1687,PETES WASH U 13-06 GR,UT CRC,"TC, TOC, HAWK, ICP, XRD",AGAT,E151201-193,5641,,,Green River,Wasatch,8.94,3.4,0.71,24.89,0.27,454,5.08,11.7,2.12,2.18,4.62,0.04,1.39,15.5,0.17,BRL,12,71,479,BRL,0.4,0.6,36.3,7.8,44,6.6,42,1.94,1.14,0.52,11.7,2.11,BRL,2,0.38,BRL,17.7,57,0.17,338,12,6.6,13.9,23,15,3.83,87.7,,1.1,7,BRL,2.7,BRL,677,0.5,0.32,BRL,5.8,0.8,0.17,3.02,112,BRL,10.5,1.2,85,63.9,7.9,1.2,2,,,,,9.6,,36.5,3.7,,1.9,37.1,,,,,,,,,,,,
1,43013332030000,39.9979,-110.1687,PETES WASH U 13-06 GR,UT CRC,"TC, TOC, HAWK, ICP, XRD",AGAT,E151201-194,5642,,,Green River,Wasatch,12.33,2.21,0.43,13.66,0.29,447,2.18,24.5,0.96,0.94,4.04,0.15,0.99,6.85,0.08,BRL,25,29,2210,BRL,0.2,0.4,24,5.4,17,3,28,1.26,0.73,0.46,5.08,1.51,BRL,BRL,0.26,BRL,10.4,30,0.1,380,12,3.1,8.9,12,7,2.35,41.9,,1,BRL,BRL,1.7,BRL,1290,BRL,0.22,BRL,3.7,1.2,0.11,5.39,50,BRL,7.1,0.7,46,29.7,3.5,,,,,,,36.6,17.3,29,1.1,,1.2,9.3,2,,,,,,,,,,,
1,43013332030000,39.9979,-110.1687,PETES WASH U 13-06 GR,UT CRC,"TC, TOC, HAWK, ICP, XRD",AGAT,E151201-195,5643,,,Green River,Wasatch,13.66,1.28,5.74,5.8,0.44,439,0.31,26.4,0.73,0.09,8.59,0.02,0.51,1.09,0.02,BRL,7,BRL,192,BRL,BRL,BRL,5.4,2.7,BRL,0.2,20,0.45,0.23,0.12,0.88,0.48,BRL,BRL,0.09,BRL,3,BRL,BRL,1110,4,0.5,2.5,6,BRL,0.68,3.5,,0.6,BRL,BRL,0.5,BRL,719,BRL,0.08,BRL,1,BRL,BRL,0.91,11,BRL,2.5,0.2,6,6.9,0.8,,,,,,,21.6,3.2,70.6,3.1,,0.7,,,,,,,,,,,,,
1,43013332030000,39.9979,-110.1687,PETES WASH U 13-06 GR,UT CRC,"TC, TOC, HAWK, ICP, XRD",AGAT,E151201-196,5644,,,Green River,Wasatch,13.23,1.16,5.74,5.12,0.28,438,0.09,24.7,0.27,0.03,8.86,0.02,0.41,2.56,BRL,BRL,BRL,BRL,104,BRL,BRL,BRL,2.7,1.4,BRL,BRL,46,0.23,0.13,0.05,0.28,0.23,BRL,BRL,0.05,BRL,1.2,BRL,BRL,439,BRL,0.1,1,BRL,BRL,0.26,0.9,,0.4,BRL,BRL,0.2,BRL,958,BRL,BRL,BRL,0.5,BRL,BRL,2.73,9,BRL,1.5,0.1,19,3,3.5,,,,,,,16.9,1.9,73.3,3.5,,0.9,,,,,,,,,,,,,
1,43013332030000,39.9979,-110.1687,PETES WASH U 13-06 GR,UT CRC,"TC, TOC, HAWK, ICP, XRD",AGAT,E151201-197,5645,,,Green River,Wasatch,14.17,1.83,11.22,8.44,0.32,439,0.06,24.5,1.04,0.03,9.27,0.01,0.47,0.9,BRL,BRL,11,BRL,122,BRL,BRL,BRL,1.8,2.5,BRL,BRL,21,0.33,0.2,0.08,0.27,0.33,BRL,BRL,0.07,BRL,1.5,BRL,BRL,1550,3,BRL,1.4,BRL,BRL,0.33,0.4,,1.1,BRL,BRL,0.3,BRL,679,BRL,0.05,BRL,0.9,BRL,BRL,3.55,21,BRL,2.2,0.2,BRL,3,1,,,,,,,10.9,1.3,80.8,4.8,,1.2,,,,,,,,,,,,,
2,05-103-70000-OS00,39.991,-109.0171,TOTAL SA PR-15-7C,UT CRC,"TC, TOC, HAWK, ICP, XRD",AGAT,E160301-001,5.2,,,Green River,R-8 zone,9.6,3.88,4.2,32.32,0.51,410,3.96,12,2.14,3.7,3.42,0.02,0.26,16.8,0.17,BRL,51,292,706,BRL,0.4,0.2,58.8,5.8,29,3.9,36,2.34,1.32,0.7,11,2.85,BRL,3,0.46,BRL,31.6,98,0.26,470,17,9,22,16,24,6.31,101,,2,7,BRL,3.6,2,715,0.6,0.41,BRL,8.9,BRL,0.23,4.38,67,1,13.8,1.4,70,73.7,11.8,3.4,,28.9,,,2.2,12.1,,28.6,3.2,,,9.8,,,,,,,,,,,,
2,05-103-70000-OS00,39.991,-109.0171,TOTAL SA PR-15-7C,UT CRC,"TC, TOC, HAWK, ICP, XRD",AGAT,E160301-002,11.13,,,Green River,R-8 zone,8.81,4.18,3.43,35.85,0.52,418,4.57,11.3,2.89,2.4,2.68,0.02,1.59,17.3,0.15,BRL,127,243,511,BRL,0.4,0.4,38,7.1,27,6.3,27,2.14,1.03,0.63,11,2.79,BRL,2,0.4,BRL,21.3,112,0.16,400,13,9,16.8,23,25,4.51,95.5,,2.7,BRL,BRL,3.4,1,642,BRL,0.39,BRL,5.5,2.6,0.15,1.81,60,1,10.9,0.9,73,67.3,10.9,4.2,,21.8,,,15.2,15.7,,19.1,3.6,,0.9,7,,,,,,1.7,,,,,,
2,05-103-70000-OS00,39.991,-109.0171,TOTAL SA PR-15-7C,UT CRC,"TC, TOC, HAWK, ICP, XRD",AGAT,E160301-003,21.1,,,Green River,R-8 zone,13.78,6.4,4.37,62.28,0.64,419,2.62,17,1.26,1.6,3.44,0.05,0.1,12,0.11,BRL,47,134,551,BRL,0.4,0.4,30.2,4.5,21,3.1,20,2.34,1.14,0.55,6,2.55,BRL,1,0.42,BRL,15.8,61,0.16,380,9,6,14.1,14,14,3.8,60.5,,0.9,BRL,BRL,2.8,2,1000,BRL,0.4,BRL,12,BRL,0.17,6.15,45,BRL,12.8,1,45,46.2,11.6,4.1,,12.1,,,4.2,26.2,,28.2,5.5,,5.2,2.9,,,,,,,,,,,,
2,05-103-70000-OS00,39.991,-109.0171,TOTAL SA PR-15-7C,UT CRC,"TC, TOC, HAWK, ICP, XRD",AGAT,E160301-004,31.1,,,Green River,R-8 zone,15.23,8.58,3.74,86.85,0.94,432,2.68,14.9,1.5,1.7,3.88,0.56,0.37,11.9,0.11,BRL,32,147,624,BRL,0.4,0.4,26.7,5.6,22,3.6,27,1.97,1.75,0.44,7,1.89,BRL,1,0.49,BRL,14.6,85,0.48,280,15,5,11.6,18,23,3.13,67.8,,1.2,BRL,BRL,2.2,2,1243,BRL,0.3,BRL,15.2,BRL,0.35,21.6,60,1,14.6,2.4,49,46.7,13.5,3.8,,14.2,,,3.7,16.6,,30.8,7.5,,,5.5,,,,,,4.4,,,,,,
2,05-103-70000-OS00,39.991,-109.0171,TOTAL SA PR-15-7C,UT CRC,"TC, TOC, HAWK, ICP, XRD",AGAT,E160301-005,45.1,,,Green River,R-8 zone,17.4,12.4,4.22,117.29,1.43,435,3.55,10.7,1.95,2.6,3.13,0.52,0.93,14.4,0.15,BRL,89,203,616,BRL,0.6,0.6,36.2,9.3,31,3.9,46,2.02,1.13,0.6,9,2.25,BRL,2,0.41,BRL,19.4,166,0.24,260,28,7,15.2,36,34,4.35,97.9,,2.5,BRL,BRL,2.7,3,1104,BRL,0.34,BRL,6.2,0.6,0.2,6.67,72,1,11.3,1.3,68,68.3,10.6,5.4,,25.9,,,3,11,,28,2,,4.2,6.3,,,,,,3.7,,,,,,
2,05-103-70000-OS00,39.991,-109.0171,TOTAL SA PR-15-7C,UT CRC,"TC, TOC, HAWK, ICP, XRD",AGAT,E160301-006,55.4,,,Green River,R-8 zone,10.93,4.14,2.64,34.47,0.66,425,3.28,14.4,1.98,2.2,4.26,0.02,0.2,13.5,0.13,BRL,BRL,179,468,BRL,0.4,0.3,32.8,6.7,28,5,32,1.72,0.89,0.47,8,1.97,BRL,1,0.34,BRL,17.8,176,0.15,410,4,5,13.5,18,16,3.78,86.1,,1,6,BRL,2.4,1,851,BRL,0.29,BRL,4.5,BRL,0.15,1.99,63,1,9.6,0.9,56,42.1,9,2.9,,19.1,,,5,14.7,,18,21.7,,,9.5,,,,,,,,,,,,
2,05-103-70000-OS00,39.991,-109.0171,TOTAL SA PR-15-7C,UT CRC,"TC, TOC, HAWK, ICP, XRD",AGAT,E160301-007,65.4,,,Green River,R-8 zone,11.14,4.61,2.93,39.62,0.55,422,3.63,14.3,1.96,2.3,3.6,0.03,0.53,13.5,0.15,BRL,41,123,501,BRL,0.4,0.4,31.7,7.4,30,5.2,35,2.02,1.04,0.55,9,2.21,BRL,2,0.38,BRL,17,98,0.17,290,10,7,13.8,22,20,3.83,79.9,,1.6,5,BRL,2.7,1,928,BRL,0.34,BRL,5.4,BRL,0.17,3.51,66,1,11.2,1,64,48.2,8.5,4.4,,23.1,,,6,17.4,,20.2,14.6,,3,2.8,,,,,,,,,,,,
2,05-103-70000-OS00,39.991,-109.0171,TOTAL SA PR-15-7C,UT CRC,"TC, TOC, HAWK, ICP, XRD",AGAT,E160301-008,71.2,,,Green River,R-8 zone,22.03,17.2,5.45,163.08,2.15,434,3.35,8.5,2.12,2.1,3.44,0.04,1.3,13.2,0.15,BRL,196,160,463,BRL,0.8,0.8,36.4,9.8,30,3.9,61,1.87,1.02,0.61,9,2.27,BRL,2,0.37,BRL,19.9,175,0.15,290,38,6,15.2,28,53,4.26,85.4,,2.3,BRL,BRL,2.6,2,706,BRL,0.32,BRL,6.2,0.6,0.14,8.59,86,1,10.5,0.9,81,50.4,14.8,7.8,,26.6,,,3.4,5.9,,30.3,6,,0.6,4.6,,,,,,,,,,,,
2,05-103-70000-OS00,39.991,-109.0171,TOTAL SA PR-15-7C,UT CRC,"TC, TOC, HAWK, ICP, XRD",AGAT,E160301-009,77.5,,,Green River,R-8 zone,8.2,2.76,1.71,21.16,0.52,416,4.5,10.7,2.54,3.6,3.42,0.03,0.73,17.3,0.18,BRL,30,248,478,BRL,0.5,0.4,51.8,10.5,33,3.6,47,2.68,1.34,0.81,12,3.25,BRL,2,0.49,BRL,27.8,53,0.22,390,15,8,21.2,29,28,5.98,87.5,,1.8,7,BRL,3.8,2,622,BRL,0.49,BRL,8.7,BRL,0.22,4.51,73,2,14.6,1.3,77,53.7,9.3,5.6,,36.4,,,2.8,8.3,,10.9,23.2,,,3.5,,,,,,,,,,,,
2,05-103-70000-OS00,39.991,-109.0171,TOTAL SA PR-15-7C,UT CRC,"TC, TOC, HAWK, ICP, XRD",AGAT,E160301-010,85.3,,,Green River,R-8 zone,7.55,3.04,1.63,23.93,0.4,421,5.31,7.3,2.49,5.3,3.72,0.03,0.32,19.5,0.21,BRL,BRL,401,337,BRL,0.5,0.5,46.7,8.5,41,3.7,44,2.43,1.21,0.74,14,2.95,BRL,2,0.46,BRL,25.2,76,0.23,370,5,9,20,22,22,5.63,117,,1.4,8,BRL,3.6,2,484,0.6,0.42,BRL,5.5,BRL,0.22,2.77,94,1,14.1,1.3,86,70.6,7.8,3.4,,47.9,,,0.5,,,14.1,19.4,,,5.6,,,,,,1.4,,,,,,
2,05-103-70000-OS00,39.991,-109.0171,TOTAL SA PR-15-7C,UT CRC,"TC, TOC, HAWK, ICP, XRD",AGAT,E160301-011,93.3,,,Green River,Mahogany zone,26.2,22.58,4.55,222.8,2.68,439,3.62,6.5,1.4,0.9,2.7,0.03,0.82,14.2,0.15,BRL,153,99,396,BRL,0.7,1.2,29.2,10,28,6.9,45,1.44,0.74,0.43,9,1.76,1,2,0.28,BRL,16.2,183,0.12,190,47,8,12.6,28,48,3.53,60.9,,5.5,BRL,BRL,2.2,2,423,BRL,0.25,BRL,8,0.7,0.1,5.54,69,1,7.9,0.7,69,57.8,15.3,13.4,,1.6,,,20.7,3.4,,33.6,,,0.3,11.7,,,,,,,,,,,,
2,05-103-70000-OS00,39.991,-109.0171,TOTAL SA PR-15-7C,UT CRC,"TC, TOC, HAWK, ICP, XRD",AGAT,E160301-012,99.4,,,Green River,Mahogany zone,14.45,9.8,5.41,101.37,0.93,423,4.06,7.4,2.6,0.7,3.77,0.02,0.72,18.4,0.17,BRL,36,92,390,BRL,0.6,0.5,38.3,10.4,46,3.2,39,1.48,0.85,0.6,10,2.02,BRL,3,0.3,BRL,25.8,113,0.15,470,40,10,13.4,26,24,3.98,40.8,,1.7,7,BRL,2.3,2,875,0.6,0.26,BRL,6.1,0.6,0.15,6.59,119,1,8.1,0.9,64,103,17.9,23.3,,3.9,,,11.6,,,30.2,10.1,,0,3,,,,,,,,,,,,
2,05-103-70000-OS00,39.991,-109.0171,TOTAL SA PR-15-7C,UT CRC,"TC, TOC, HAWK, ICP, XRD",AGAT,E160301-013,103.3,,,Green River,Mahogany zone,17.43,14.81,3.91,147.87,1.34,436,5.01,4,2.41,1.6,2.61,0.03,1.31,19.9,0.23,BRL,91,240,369,BRL,1,0.9,40.8,13.8,42,8.3,60,1.82,0.94,0.55,13,2,2,3,0.37,BRL,22.8,375,0.18,220,42,12,16.2,33,42,4.73,114,,3.7,5,BRL,2.7,3,349,0.5,0.3,BRL,4.6,0.8,0.16,4.86,137,2,10.1,1,97,76.7,19.8,11.4,,10.3,,,20.8,,,24,,,0.2,13.5,,,,,,,,,,,,
2,05-103-70000-OS00,39.991,-109.0171,TOTAL SA PR-15-7C,UT CRC,"TC, TOC, HAWK, ICP, XRD",AGAT,E160301-014,109.7,,,Green River,Mahogany zone,17.11,10.09,3.55,100.12,1.19,438,2.78,15.4,1.58,1.5,3.34,0.2,0.15,10.9,0.12,BRL,BRL,91,595,BRL,0.2,0.4,27.9,5.7,23,3.2,24,1.96,1.3,0.47,7,1.96,BRL,1,0.42,BRL,14.9,87,0.31,390,7,5,12.4,21,14,3.4,58.9,,0.9,BRL,BRL,2.2,3,1092,BRL,0.29,BRL,7.7,BRL,0.22,6.73,66,1,11.8,1.6,51,39.5,10.7,4,,17.7,,,8.8,13.8,,35.6,6.5,,0.5,1.1,,,,,,1.4,,,,,,
2,05-103-70000-OS00,39.991,-109.0171,TOTAL SA PR-15-7C,UT CRC,"TC, TOC, HAWK, ICP, XRD",AGAT,E160301-015,119.52,,,Green River,Mahogany zone,29.87,25.13,9.14,253.86,2.27,425,2.87,6.3,1.86,1.2,3.99,0.02,1.51,11,0.12,BRL,146,151,299,BRL,0.5,0.6,27,13.4,30,5.6,38,1.2,0.64,0.34,7,1.3,1,1,0.23,BRL,15.7,372,0.12,260,40,6,9.8,44,28,3.03,82,,1.3,BRL,BRL,1.5,2,803,BRL,0.19,BRL,2.5,0.5,0.1,3.73,107,1,6.9,0.7,66,36.8,13.1,3.8,,10.2,,,14.5,,,44.5,2.6,,0.8,10.5,,,,,,,,,,,,
2,05-103-70000-OS00,39.991,-109.0171,TOTAL SA PR-15-7C,UT CRC,"TC, TOC, HAWK, ICP, XRD",AGAT,E160301-016,123.58,,,Green River,Mahogany zone,13.1,5.3,2.24,50.83,0.74,439,2.33,16.9,1.06,1.1,4.78,0.03,0.08,11.5,0.1,BRL,BRL,108,497,BRL,0.2,0.2,20.1,4,21,3.1,18,1.19,0.6,0.31,6,1.38,BRL,1,0.23,BRL,10.9,287,0.12,340,7,4,8.7,18,9,2.4,69.1,,0.6,BRL,BRL,1.6,2,1083,BRL,0.2,BRL,4.8,BRL,0.1,3.54,57,1,6.7,0.7,40,45.1,12.4,4.2,,6.3,,,6.5,19.8,,30.7,14,,2.7,3.3,,,,,,0,,,,,,
2,05-103-70000-OS00,39.991,-109.0171,TOTAL SA PR-15-7C,UT CRC,"TC, TOC, HAWK, ICP, XRD",AGAT,E160301-017,129.4,,,Green River,Mahogany zone,32.54,27.67,7.52,272.08,3.55,439,2.28,7.4,1.75,0.9,3.14,0.18,1.03,9.8,0.09,BRL,33,102,352,BRL,0.6,0.4,21.3,9.2,28,3.2,46,1.37,1.03,0.34,6,1.21,BRL,1,0.3,BRL,11.9,47,0.2,270,21,4,9.1,25,29,2.53,44.1,,2.5,BRL,BRL,1.7,3,506,BRL,0.21,BRL,6,BRL,0.18,7.6,132,2,8.9,1.1,47,30.6,16.2,13.8,,7.6,,,4.3,,,30.4,24.7,,0.2,1.4,,,,,,1.2,,,,,,
2,05-103-70000-OS00,39.991,-109.0171,TOTAL SA PR-15-7C,UT CRC,"TC, TOC, HAWK, ICP, XRD",AGAT,E160301-018,131.2,,,Green River,Mahogany zone,26.4,22.08,7.57,203.42,2.82,437,3.53,6.6,2.28,1.6,2.62,0.26,1.02,14.4,0.14,BRL,32,146,341,BRL,0.8,0.9,31.9,10.1,34,3.3,60,1.66,0.93,0.46,9,1.96,1,2,0.31,BRL,18.4,28,0.16,240,39,6,13.2,35,35,3.83,60.9,,3.6,5,BRL,2.3,3,458,BRL,0.3,BRL,4.8,BRL,0.15,4.27,147,2,9.9,0.9,69,47.3,15.9,19.8,,18.5,,,3.9,0.9,,34.3,,,0.4,1.6,,,,,,4.8,,,,,,
2,05-103-70000-OS00,39.991,-109.0171,TOTAL SA PR-15-7C,UT CRC,"TC, TOC, HAWK, ICP, XRD",AGAT,E160301-019,137.3,,,Green River,Mahogany zone,27.25,22.51,11.51,214.18,1.57,414,2.47,8.3,1.6,1,3.33,0.03,1.12,12.1,0.11,BRL,134,68,426,BRL,0.7,0.9,29.5,8.3,26,3.9,51,1.28,0.72,0.46,6,1.82,1,1,0.27,BRL,15.2,201,0.12,250,39,4,12.5,29,32,3.4,69.2,,2.1,BRL,BRL,2.2,2,662,BRL,0.24,BRL,3.7,0.5,0.11,3.74,86,1,7.7,0.7,54,46.3,20.9,9.2,,6.4,,,7.6,5.6,,45.6,,,1.2,3.7,,,,,,,,,,,,
2,05-103-70000-OS00,39.991,-109.0171,TOTAL SA PR-15-7C,UT CRC,"TC, TOC, HAWK, ICP, XRD",AGAT,E160301-020,141.4,,,Green River,Mahogany zone,28.73,24.03,8.64,239.26,2.48,438,2.8,7.8,1.81,1,3.09,0.05,1.18,12,0.13,BRL,79,74,385,BRL,0.6,0.8,28.1,9.3,27,3.8,52,1.51,0.92,0.41,7,1.75,2,2,0.31,BRL,15.9,75,0.15,250,31,6,11.7,27,32,3.24,55.6,,2.6,BRL,BRL,2.2,3,521,BRL,0.26,BRL,5.5,BRL,0.14,6.62,106,1,9,0.9,86,49.8,16.9,10.6,,8.1,,,9.2,3.5,,33.2,16,,1,1.6,,,,,,,,,,,,
2,05-103-70000-OS00,39.991,-109.0171,TOTAL SA PR-15-7C,UT CRC,"TC, TOC, HAWK, ICP, XRD",AGAT,E160301-021,145.2,,,Green River,Mahogany zone,15.89,8.64,6.05,87.56,0.9,439,3.04,15.1,1.7,1.5,3.77,0.02,0.17,11.4,0.11,BRL,BRL,47,528,BRL,0.3,0.5,30.6,7.1,31,2.9,31,1.83,1.02,0.51,8,1.96,BRL,1,0.34,BRL,17,14,0.17,260,13,5,13.4,16,14,3.83,55.1,,1.1,6,BRL,2.6,3,1026,BRL,0.33,BRL,4.8,BRL,0.15,3.08,101,2,10.2,0.9,63,34.9,8.2,4.1,,15.1,,,9.8,19.2,,24.3,19.2,,,0.2,,,,,,,,,,,,
2,05-103-70000-OS00,39.991,-109.0171,TOTAL SA PR-15-7C,UT CRC,"TC, TOC, HAWK, ICP, XRD",AGAT,E160301-022,149.3,,,Green River,Mahogany zone,11.89,3.78,3.13,32.28,0.65,431,1.2,10.5,0.97,0.2,4.67,BRL,0.02,8,0.05,BRL,BRL,17,160,BRL,0.1,0.3,18.1,1.8,BRL,0.9,10,0.94,0.58,0.28,3,1.17,BRL,BRL,0.21,BRL,10.3,42,0.09,110,2,2,7.6,10,BRL,2.19,15.7,,0.4,BRL,BRL,1.3,1,587,BRL,0.17,BRL,2.5,BRL,0.09,2.18,32,1,5.5,0.5,26,23.8,12.6,3.1,,7.5,,,8.2,5.4,,49.7,11,,,1.4,,,,,,1.1,,,,,,
2,05-103-70000-OS00,39.991,-109.0171,TOTAL SA PR-15-7C,UT CRC,"TC, TOC, HAWK, ICP, XRD",AGAT,E160301-023,155.3,,,Green River,Mahogany zone,18.56,11.65,3.94,129.94,1.29,441,2.6,11.9,1.51,0.9,4.72,0.02,0.62,12,0.12,BRL,BRL,81,493,BRL,0.3,0.5,25.8,6.5,25,3.7,28,1.57,0.87,0.42,7,1.78,BRL,1,0.3,BRL,14,134,0.13,210,23,5,11.1,18,15,3.04,60.4,,1.3,BRL,BRL,1.9,2,899,BRL,0.27,BRL,4,BRL,0.12,3.89,94,2,8.6,0.8,53,42,16.1,2.9,,5.7,,,14.2,7.7,,33.2,16.9,,0.4,3,,,,,,,,,,,,
2,05-103-70000-OS00,39.991,-109.0171,TOTAL SA PR-15-7C,UT CRC,"TC, TOC, HAWK, ICP, XRD",AGAT,E160301-024,159.1,,,Green River,Mahogany zone,19.13,11.44,2.86,126.45,1.34,447,2.25,14.2,1.38,0.7,4.9,0.02,0.19,9.5,0.09,BRL,BRL,66,510,BRL,0.2,0.6,22.1,6.4,22,3.6,22,1.36,0.72,0.38,6,1.45,BRL,BRL,0.26,BRL,12.5,111,0.11,200,19,4,9.8,16,12,2.68,44.2,,0.9,BRL,BRL,1.7,2,1058,BRL,0.21,BRL,3.4,BRL,0.11,4.3,69,1,7.5,0.7,47,39.4,11.5,2.6,,3.4,,,11.6,13.2,,45.4,9.3,,0,3,,,,,,,,,,,,
2,05-103-70000-OS00,39.991,-109.0171,TOTAL SA PR-15-7C,UT CRC,"TC, TOC, HAWK, ICP, XRD",AGAT,E160301-025,165.6,,,Green River,Mahogany zone,9.08,3.7,2.6,32.41,0.56,429,3.88,12.4,2.9,2.8,2.78,0.03,2.43,16,0.17,BRL,42,135,501,BRL,0.6,0.6,40.4,7.7,34,4.9,50,2.42,1.22,0.68,10,2.86,BRL,2,0.48,BRL,21.4,162,0.19,260,25,7,17.9,21,32,4.91,117,,2.8,5,BRL,3.4,2,879,BRL,0.43,BRL,6.2,0.9,0.2,4.55,72,1,13.3,1,71,47,12.6,3,,28,,,5.2,16.7,,19.5,6.7,,2.1,5,,,,,,1,,,,,,
2,05-103-70000-OS00,39.991,-109.0171,TOTAL SA PR-15-7C,UT CRC,"TC, TOC, HAWK, ICP, XRD",AGAT,E160301-026,173.7,,,Green River,Mahogany zone,21.39,14.75,11.46,145.46,1.27,422,3.03,10.3,1.26,1.6,5.9,0.02,0.4,10.7,0.12,BRL,61,80,374,BRL,0.4,0.4,25.1,10,31,4.7,29,1.16,0.69,0.35,7,1.44,BRL,1,0.23,BRL,14,125,0.12,170,57,6,10,38,21,2.84,64.5,,1.5,BRL,BRL,1.7,2,1222,BRL,0.22,BRL,3,0.6,0.11,4.15,106,1,7.2,0.7,57,30.8,8.5,1.4,,17.9,,,10.7,,,57.8,0,,,2.9,,,,,,0.8,,,,,,
2,05-103-70000-OS00,39.991,-109.0171,TOTAL SA PR-15-7C,UT CRC,"TC, TOC, HAWK, ICP, XRD",AGAT,E160301-027,177.2,,,Green River,Mahogany zone,8.31,3.13,1.44,27.97,0.47,438,5.25,9.1,1.87,5.1,4,0.03,0.12,18.2,0.2,BRL,BRL,263,589,BRL,0.6,0.7,56.1,8.7,48,4.1,42,3.49,1.92,1,13,4.11,BRL,2,0.69,BRL,31.8,49,0.25,410,8,9,24.9,19,25,6.98,109,,1.1,10,BRL,4.7,3,736,0.5,0.63,BRL,7.8,BRL,0.29,4.51,138,2,19.5,1.6,86,55.3,5.7,2.9,,48.5,,,1.7,,,18.5,19.6,,0.1,1.9,,,,,,1,,,,,,
2,05-103-70000-OS00,39.991,-109.0171,TOTAL SA PR-15-7C,UT CRC,"TC, TOC, HAWK, ICP, XRD",AGAT,E160301-028,181.2,,,Green River,Mahogany zone,13.69,6.86,1.79,72.3,0.83,443,3.1,16.3,1.18,1.2,3.57,0.02,0.44,11.5,0.15,BRL,57,71,537,BRL,0.2,0.2,30.4,6.2,24,5.1,20,1.76,0.98,0.52,8,2.07,BRL,1,0.35,BRL,16.3,336,0.15,260,12,6,12.9,22,12,3.6,85.6,,0.7,BRL,BRL,2.5,2,1038,BRL,0.3,BRL,6.5,0.9,0.14,3.1,50,BRL,10.3,0.8,49,42.9,8.8,4.5,,6.7,,,11,26.7,,32.2,,,4.7,5.4,,,,,,0,,,,,,
2,05-103-70000-OS00,39.991,-109.0171,TOTAL SA PR-15-7C,UT CRC,"TC, TOC, HAWK, ICP, XRD",AGAT,E160301-029,188.1,,,Green River,Mahogany zone,13.07,6.54,2.05,65.53,0.82,440,3.37,14.4,1.41,2.3,3.99,0.02,0.17,12.9,0.16,BRL,BRL,111,606,BRL,0.2,0.3,35.8,5.9,33,4.7,24,2.25,1.23,0.62,9,2.47,BRL,2,0.45,BRL,19,252,0.19,320,17,7,16.2,16,11,4.32,111,,0.6,6,BRL,3.2,3,1111,BRL,0.41,BRL,7.1,BRL,0.18,5.34,71,1,12.7,1.2,61,48.3,8.1,2.7,,20.1,,,5.7,16.7,,29.8,6.8,,0.1,10,,,,,,,,,,,,
2,05-103-70000-OS00,39.991,-109.0171,TOTAL SA PR-15-7C,UT CRC,"TC, TOC, HAWK, ICP, XRD",AGAT,E160301-030,193.3,,,Green River,B-groove,10.92,3.28,1.32,28.81,0.63,427,3.13,13.9,1.67,1.7,6.34,0.02,0.08,12.6,0.15,BRL,BRL,78,507,BRL,0.2,0.3,32.6,5.1,29,4.9,24,1.86,1.01,0.56,8,2.29,BRL,2,0.38,BRL,17.2,228,0.17,330,8,6,14.5,15,12,3.91,87.4,,0.5,7,BRL,2.6,3,1194,BRL,0.33,BRL,5.5,BRL,0.16,2.55,70,1,10.8,1,54,49,9.8,2.9,,11.7,,,6.8,4,,47.8,8.7,,,7.8,,,,,,0.5,,,,,,
2,05-103-70000-OS00,39.991,-109.0171,TOTAL SA PR-15-7C,UT CRC,"TC, TOC, HAWK, ICP, XRD",AGAT,E160301-031,205.3,,,Green River,B-groove,7.6,1.48,0.71,9.65,0.42,414,4.86,10.8,4.52,2.6,3.56,0.03,0.04,15.2,0.21,BRL,BRL,115,586,BRL,0.4,0.4,62.8,4.7,47,6.9,37,3.5,2.18,0.93,13,3.72,BRL,2,0.73,BRL,35.1,23,0.39,450,4,9,25.3,13,13,7.4,61.7,,0.8,12,BRL,4.4,3,561,0.5,0.57,BRL,9.1,BRL,0.36,7.57,121,2,22.4,2.3,73,56.4,5.5,3.4,,24.1,,,16.1,2.8,,11,35.7,,,1.1,,,,,,0.4,,,,,,
2,05-103-70000-OS00,39.991,-109.0171,TOTAL SA PR-15-7C,UT CRC,"TC, TOC, HAWK, ICP, XRD",AGAT,E160301-032,219.3,,,Green River,B-groove,5.14,0.86,0.38,4.15,0.48,422,6.49,7.2,2.06,4.9,3.44,0.03,0.24,20.3,0.27,BRL,BRL,459,461,BRL,0.5,0.5,59.1,3.4,52,6.7,46,3.21,1.69,0.95,17,4.06,BRL,3,0.62,BRL,32.7,40,0.27,460,4,12,25.6,14,23,7.19,92.2,,2.1,9,BRL,4.7,3,445,0.7,0.59,BRL,8.5,BRL,0.25,4.92,111,2,17.6,1.6,99,80.4,6.2,3.8,,40.7,,,11.9,,,11.7,20.2,,,4.5,,,,,,1,,,,,,
2,05-103-70000-OS00,39.991,-109.0171,TOTAL SA PR-15-7C,UT CRC,"TC, TOC, HAWK, ICP, XRD",AGAT,E160301-033,225.5,,,Green River,B-groove,5.99,0.85,0.24,4.27,0.48,424,5.31,8.6,2.81,5.7,4.16,0.02,0.61,18.2,0.23,BRL,BRL,505,742,BRL,0.4,0.4,54.8,8.1,54,2.8,27,2.79,1.63,0.82,14,3.23,BRL,3,0.55,BRL,30.7,86,0.28,400,6,10,22.1,19,18,6.42,135,,0.9,9,BRL,3.9,3,564,0.6,0.47,BRL,5.8,BRL,0.26,4.01,121,2,16.5,1.6,82,78.3,5.9,1.7,,48.9,,,,,,15.4,22.4,,,4.2,,,,,,1.5,,,,,,
2,05-103-70000-OS00,39.991,-109.0171,TOTAL SA PR-15-7C,UT CRC,"TC, TOC, HAWK, ICP, XRD",AGAT,E160301-034,231.12,,,Green River,R-6 zone,23.06,19.35,4.22,202.93,2.74,443,3.95,8.2,2.43,3.7,1.82,0.04,2,14.2,0.15,BRL,58,350,682,BRL,0.6,0.6,39.6,9.7,32,4.5,47,1.73,0.94,0.6,10,2.19,BRL,2,0.34,BRL,22.5,273,0.14,230,29,6,16.3,26,27,4.68,109,,1.3,BRL,BRL,2.8,2,819,BRL,0.33,BRL,5.4,0.7,0.15,4.16,72,BRL,10,0.8,68,61.9,10.2,3.2,,45.6,,,7.1,6.9,,12.9,3.3,,1.8,8.9,,,,,,,,,,,,
2,05-103-70000-OS00,39.991,-109.0171,TOTAL SA PR-15-7C,UT CRC,"TC, TOC, HAWK, ICP, XRD",AGAT,E160301-035,233.3,,,Green River,R-6 zone,11.64,4.82,1.43,45.63,0.93,436,3.61,15.1,2.46,3.9,3.62,0.03,1.61,11.8,0.14,BRL,59,271,769,BRL,0.4,0.4,35.7,7.9,32,2.3,30,2.35,1.2,0.61,9,2.48,BRL,2,0.46,BRL,19.4,68,0.22,280,15,6,16,24,21,4.38,92.1,,1.6,6,BRL,3.2,2,1167,BRL,0.37,BRL,7.3,1.7,0.2,4.35,78,1,13.4,1.3,67,42.7,4.3,2.1,,37,,,16.1,,,24.7,11,,1.2,3.5,,,,,,,,,,,,
2,05-103-70000-OS00,39.991,-109.0171,TOTAL SA PR-15-7C,UT CRC,"TC, TOC, HAWK, ICP, XRD",AGAT,E160301-036,245.5,,,Green River,R-6 zone,9.09,0.8,0.37,4.96,0.39,426,2.71,15.6,1.8,2,6.13,0.02,0.12,11.8,0.13,BRL,BRL,148,540,BRL,0.2,0.2,30,2.7,30,2.7,16,1.46,0.85,0.44,7,1.7,BRL,2,0.28,BRL,16.7,63,0.15,230,4,6,12.6,10,8,3.6,74.5,,0.3,6,BRL,2.3,3,955,BRL,0.28,BRL,4.4,BRL,0.13,3.16,70,1,8.8,0.8,50,46.3,10.2,1,,19.4,,,2.7,9.7,,44.9,9.8,,,2.3,,,,,,,,,,,,
2,05-103-70000-OS00,39.991,-109.0171,TOTAL SA PR-15-7C,UT CRC,"TC, TOC, HAWK, ICP, XRD",AGAT,E160301-037,252.52,,,Green River,R-6 zone,12.67,9.4,22.62,96.34,0.78,428,6.31,3.8,3.85,3.7,1.5,0.12,4.04,19.4,0.13,BRL,BRL,114,476,BRL,0.5,0.5,42.9,29.1,76,7.7,97,2.19,1.06,0.83,14,2.93,BRL,2,0.42,BRL,24.9,129,0.16,240,35,5,18.9,56,35,5.34,123,,0.5,BRL,BRL,3.3,3,399,BRL,0.4,BRL,7.3,1,0.17,4.59,53,1,11.3,0.9,81,50.4,4.5,4,,47.8,,,23.2,,,9.9,5.1,,4,1.4,,,,,,0.1,,,,,,
2,05-103-70000-OS00,39.991,-109.0171,TOTAL SA PR-15-7C,UT CRC,"TC, TOC, HAWK, ICP, XRD",AGAT,E160301-038,259.4,,,Green River,R-6 zone,10.63,2.08,1.01,16.33,0.69,430,2.47,17.9,1.53,2.1,6,0.03,0.23,9.6,0.12,BRL,BRL,142,664,BRL,0.1,0.2,22.6,4.4,35,2.6,13,1.3,0.74,0.34,6,1.39,BRL,1,0.26,BRL,13.8,58,0.12,190,10,5,9.2,15,8,2.61,56,,0.4,BRL,BRL,1.6,2,1513,BRL,0.22,BRL,3.9,BRL,0.12,2.73,69,BRL,8.3,0.7,37,41.4,6.5,2.7,,17.3,,,2.7,11.9,,34.2,19.1,,3.3,1.9,,,,,,0.4,,,,,,
2,05-103-70000-OS00,39.991,-109.0171,TOTAL SA PR-15-7C,UT CRC,"TC, TOC, HAWK, ICP, XRD",AGAT,E160301-039,265.5,,,Green River,R-6 zone,9.7,1.89,0.75,14.54,0.48,433,3,16,1.6,1.3,5.16,0.02,0.52,11.6,0.14,BRL,BRL,62,621,BRL,0.1,0.3,28.8,4.6,28,3.9,15,1.57,0.86,0.47,8,2,BRL,2,0.33,BRL,16.3,104,0.17,230,11,6,12.1,16,10,3.51,65.4,,0.3,5,BRL,2.3,2,1320,BRL,0.3,BRL,4.8,BRL,0.14,2.82,68,1,9.4,1,42,54,10.4,2.8,,11.2,,,10.6,15,,27.7,18.8,,0.6,2.2,,,,,,0.7,,,,,,
2,05-103-70000-OS00,39.991,-109.0171,TOTAL SA PR-15-7C,UT CRC,"TC, TOC, HAWK, ICP, XRD",AGAT,E160301-040,271.4,,,Green River,R-6 zone,14.83,8.79,1.95,97.59,0.9,446,3.62,12.2,1.65,2.2,4.27,0.03,1.35,13,0.15,BRL,BRL,125,664,BRL,0.4,0.5,33.2,6.6,29,4.2,24,1.78,0.97,0.56,9,2.14,BRL,1,0.36,BRL,18.7,216,0.15,220,25,6,14.9,22,15,4.13,90.5,,1,BRL,BRL,2.5,2,1060,BRL,0.31,BRL,5.5,0.5,0.14,4.43,70,BRL,9.9,0.9,59,49.5,9.5,1.7,,20.3,,,10.4,10,,36.9,2.2,,1.8,7.3,,,,,,,,,,,,
2,05-103-70000-OS00,39.991,-109.0171,TOTAL SA PR-15-7C,UT CRC,"TC, TOC, HAWK, ICP, XRD",AGAT,E160301-041,279.73,,,Green River,R-6 zone,5.1,3.84,6.05,32.36,0.29,420,5.69,2.1,6.98,1.2,1.44,0.05,7.35,24,0.14,BRL,40,55,382,BRL,0.6,BRL,18.6,7.8,19,4.8,28,0.74,0.43,0.31,13,1.1,BRL,3,0.14,BRL,10.2,119,0.06,140,101,4,8.1,48,42,2.2,52.4,,1.8,BRL,BRL,1.3,3,271,BRL,0.14,BRL,1.6,1.5,0.05,1.18,37,BRL,4.3,0.4,35,108,21.4,7.8,,12.6,,,31.5,,,0.7,15.2,,5.9,4.7,,,,,,,,,,,,
2,05-103-70000-OS00,39.991,-109.0171,TOTAL SA PR-15-7C,UT CRC,"TC, TOC, HAWK, ICP, XRD",AGAT,E160301-042,289.2,,,Green River,R-6 zone,9.63,2.17,0.68,17.22,0.5,429,3.27,12.6,1.75,1.5,6.75,0.03,0.12,12.8,0.15,BRL,BRL,82,571,BRL,0.2,0.4,34,5.8,32,3.7,17,2.03,1.12,0.59,8,2.38,BRL,2,0.4,BRL,18.5,120,0.19,250,7,6,14.9,15,11,4.18,68.9,,0.5,5,BRL,2.9,2,978,BRL,0.36,BRL,4.8,BRL,0.18,3.61,73,BRL,11.5,1.1,55,57.8,10.8,1.8,,10.2,,,11.4,,,51.5,8.1,,1.3,4.6,,,,,,0.4,,,,,,
2,05-103-70000-OS00,39.991,-109.0171,TOTAL SA PR-15-7C,UT CRC,"TC, TOC, HAWK, ICP, XRD",AGAT,E160301-043,294.3,,,Green River,R-6 zone,9.67,5.61,0.93,54.41,0.84,440,5.36,7.8,2.25,2.9,3.43,0.05,0.76,18.7,0.23,BRL,BRL,131,555,BRL,0.3,0.6,43.3,8.9,49,5.7,25,2.69,1.48,0.72,13,3.06,1,3,0.51,BRL,24.1,64,0.24,430,14,9,19.7,32,18,5.34,94.8,,1.6,6,BRL,3.6,3,452,0.6,0.45,BRL,8.2,0.6,0.22,5.34,114,2,15.3,1.4,85,73.4,13.3,3.2,,24.1,,,15.4,2.9,,27.3,4.6,,,9.2,,,,,,,,,,,,
2,05-103-70000-OS00,39.991,-109.0171,TOTAL SA PR-15-7C,UT CRC,"TC, TOC, HAWK, ICP, XRD",AGAT,E160301-044,301.2,,,Green River,R-6 zone,4.46,1.95,0.43,11.97,0.53,427,7.52,4.4,4.08,4.4,2.1,0.06,1.59,21.8,0.28,BRL,BRL,138,496,BRL,0.8,0.5,68.3,12.8,55,6.8,49,4.06,2.27,1.14,19,4.41,BRL,2,0.81,BRL,36.4,39,0.32,390,14,11,29.2,40,33,8.22,107,,2.3,9,BRL,5.4,4,289,0.7,0.67,BRL,13.4,0.7,0.35,6.83,121,2,23.5,2,111,71.5,8.5,3.9,,39.6,,,19.6,,,18.1,2.6,,0,7.1,,,,,,0.5,,,,,,
2,05-103-70000-OS00,39.991,-109.0171,TOTAL SA PR-15-7C,UT CRC,"TC, TOC, HAWK, ICP, XRD",AGAT,E160301-045,307.36,,,Green River,R-6 zone,7.14,4.07,1.51,37.67,0.61,433,6.12,5.4,3.75,3.7,2.28,0.04,1.52,20.5,0.23,BRL,BRL,156,494,BRL,0.9,0.6,62.8,13.6,51,5.9,59,3.34,1.82,1.01,16,4.11,BRL,3,0.65,BRL,34.4,65,0.28,360,28,10,27,37,39,7.45,108,,2.7,9,BRL,5.1,3,348,0.6,0.59,BRL,9.6,0.7,0.29,5.97,123,2,19.2,1.8,97,81.2,11.3,3.1,,33.4,,,14.5,2.1,,18.6,3.2,,0,13.6,,,,,,,,,,,,
2,05-103-70000-OS00,39.991,-109.0171,TOTAL SA PR-15-7C,UT CRC,"TC, TOC, HAWK, ICP, XRD",AGAT,E160301-046,315.5,,,Green River,R-6 zone,8.98,1.68,0.44,13.41,0.52,431,3.12,12.7,1.22,1.4,6.42,0.03,0.04,14.1,0.14,BRL,BRL,66,635,BRL,0.1,0.3,30.4,3.2,29,3.1,15,2.13,1.03,0.59,7,2.36,BRL,2,0.4,BRL,17.1,40,0.19,280,4,6,13.7,15,10,3.73,50.5,,0.7,BRL,BRL,2.5,3,887,BRL,0.36,BRL,7.2,BRL,0.17,3.38,55,1,11.8,1.1,50,56,15.2,1.6,,10.7,,,11.1,0.3,,47.3,8.9,,,3.3,,,,,,1.5,,,,,,
2,05-103-70000-OS00,39.991,-109.0171,TOTAL SA PR-15-7C,UT CRC,"TC, TOC, HAWK, ICP, XRD",AGAT,E160301-047,323,,,Green River,R-6 zone,18.78,12.72,4.31,120.23,1.74,431,3.01,9.9,1.52,1.2,6.46,0.02,0.37,11.4,0.12,BRL,60,89,527,BRL,0.4,0.6,34.1,7.1,27,3.8,35,1.76,0.96,0.52,7,2.09,BRL,1,0.34,BRL,19.5,254,0.16,220,17,5,14.4,22,20,4.09,68.1,,1.3,BRL,BRL,2.6,2,994,BRL,0.32,BRL,4.3,0.5,0.14,3.49,81,1,10.3,0.9,62,40.7,9.3,0.9,,4.8,,,8.1,,,52.2,5.3,,,19.4,,,,,,,,,,,,
2,05-103-70000-OS00,39.991,-109.0171,TOTAL SA PR-15-7C,UT CRC,"TC, TOC, HAWK, ICP, XRD",AGAT,E160301-048,327.55,,,Green River,R-6 zone,8.68,2.42,0.44,19.1,0.66,437,3.83,14.7,1.83,1.5,3.43,0.03,0.33,14.8,0.17,BRL,BRL,76,739,BRL,0.2,0.4,35.5,6.2,58,4.1,23,2.08,1.19,0.59,10,2.51,BRL,2,0.43,BRL,19.1,90,0.2,390,7,7,15.8,51,19,4.31,70.5,,0.8,5,BRL,2.9,4,919,BRL,0.38,BRL,5.9,BRL,0.19,2.9,81,3,12.3,1.1,62,56.1,13.4,2.6,,7.2,,,13.4,20.5,,29.1,2.8,,,11.1,,,,,,,,,,,,
2,05-103-70000-OS00,39.991,-109.0171,TOTAL SA PR-15-7C,UT CRC,"TC, TOC, HAWK, ICP, XRD",AGAT,E160301-049,333.45,,,Green River,R-6 zone,6.23,3.79,0.93,33.53,0.48,435,7.18,4.1,3.36,3,2.54,0.03,0.95,21.3,0.25,BRL,BRL,131,452,BRL,0.8,0.7,62.2,14.9,57,7.9,72,3.34,1.75,0.99,19,3.96,1,2,0.63,BRL,35.3,154,0.28,300,18,10,27.1,37,22,7.68,121,,1.2,12,BRL,4.9,2,254,0.7,0.59,BRL,8.3,0.8,0.28,3.98,175,2,18.6,1.6,117,76,9.8,3.5,,21.6,,,24.7,,,7.1,12.7,,,20.7,,,,,,,,,,,,
2,05-103-70000-OS00,39.991,-109.0171,TOTAL SA PR-15-7C,UT CRC,"TC, TOC, HAWK, ICP, XRD",AGAT,E160301-050,345,,,Green River,R-6 zone,8.09,2.51,0.55,20.6,0.56,438,4.91,9.3,3.64,2.3,4.46,0.03,0.07,16.1,0.19,BRL,BRL,104,565,BRL,0.4,0.3,58.7,6.2,42,5.3,34,3.06,1.7,0.94,14,3.73,BRL,2,0.6,BRL,33.4,114,0.26,370,5,8,24.2,17,17,6.98,90.3,,0.7,16,BRL,4.4,BRL,796,BRL,0.55,BRL,7,0.5,0.26,3.67,135,1,17.3,1.5,81,60.9,8.8,2.4,,14.9,,,15.7,,,21.4,24.5,,,12.3,,,,,,,,,,,,
2,05-103-70000-OS00,39.991,-109.0171,TOTAL SA PR-15-7C,UT CRC,"TC, TOC, HAWK, ICP, XRD",AGAT,E160301-051,353.5,,,Green River,R-6 zone,5.4,0.74,0.08,3.32,0.65,437,5.51,8.8,2.51,3.6,3.64,0.05,0.45,19.7,0.27,2,BRL,228,584,BRL,0.2,0.6,55.7,7.8,58,5.4,25,3.63,1.8,1.03,14,3.97,BRL,3,0.66,BRL,30.3,37,0.29,340,10,11,25.3,30,16,6.8,91.2,,1,8,BRL,4.7,3,481,0.7,0.67,BRL,9.4,0.7,0.28,5.11,120,2,19.9,1.7,92,86.4,14.4,2.6,,27.1,,,11.4,3.1,,14.7,20,,,6.5,,,0.2,,,0,,,,,,
2,05-103-70000-OS00,39.991,-109.0171,TOTAL SA PR-15-7C,UT CRC,"TC, TOC, HAWK, ICP, XRD",AGAT,E160301-052,357.32,,,Green River,R-6 zone,11.13,6.82,1.78,65.86,0.77,433,5.07,7.2,2.39,3,4.78,0.03,0.47,16.9,0.2,BRL,BRL,205,491,BRL,0.5,0.8,44.6,9.4,46,5.7,41,2.47,1.33,0.71,13,2.9,BRL,2,0.49,BRL,24.6,439,0.21,290,10,8,19.3,26,27,5.46,128,,1.5,7,BRL,3.4,4,519,0.5,0.43,BRL,6,0.7,0.2,4.01,115,1,14,1.2,85,71.4,8.1,0.2,,22.9,,,10.2,,,23.9,13,,,21.7,,,,,,,,,,,,
2,05-103-70000-OS00,39.991,-109.0171,TOTAL SA PR-15-7C,UT CRC,"TC, TOC, HAWK, ICP, XRD",AGAT,E160301-053,361.3,,,Green River,R-6 zone,9.7,4.29,0.85,36.54,0.94,433,4.57,11.3,2.58,2.7,3.66,0.04,0.13,15.5,0.19,BRL,BRL,126,635,BRL,0.3,0.7,43.8,7.2,44,4.9,27,2.54,1.48,0.76,12,3.04,BRL,2,0.49,BRL,24,77,0.25,400,3,7,19,23,19,5.24,87.8,,1.3,8,BRL,3.5,2,678,BRL,0.44,BRL,7.4,0.5,0.24,3.78,104,1,15.4,1.4,71,63.3,,,,,,,,,,,,,,,,,,,,,,,,,,
2,05-103-70000-OS00,39.991,-109.0171,TOTAL SA PR-15-7C,UT CRC,"TC, TOC, HAWK, ICP, XRD",AGAT,E160301-054,369.5,,,Green River,R-6 zone,8.24,4.59,1.16,42.13,0.94,433,6.67,8.5,2.86,2.3,2.16,0.07,0.14,19,0.26,BRL,BRL,93,692,BRL,0.6,0.7,65,11.5,51,7.6,52,3.66,2.11,1.06,16,4.64,1,2,0.73,BRL,35.6,79,0.34,420,9,11,28,28,26,7.91,94.8,,1.1,9,BRL,5,2,496,0.7,0.67,BRL,10.7,0.6,0.33,5.21,103,2,21.9,1.9,101,74.6,10.9,5,,17.9,,,30.8,3.7,,13.1,,,,9.2,,,6.3,,,3.1,,,,,,
2,05-103-70000-OS00,39.991,-109.0171,TOTAL SA PR-15-7C,UT CRC,"TC, TOC, HAWK, ICP, XRD",AGAT,E160301-055,380.3,,,Green River,R-6 zone,16.13,13.19,2.06,131.93,2.03,436,5.52,7.1,2.87,2,1.64,0.04,1.4,16.3,0.21,BRL,39,111,624,BRL,0.7,1.1,54.3,10.8,48,6.4,55,2.66,1.43,0.83,15,3.32,1,3,0.51,BRL,28.8,89,0.22,360,19,10,22.1,34,35,6.41,84.6,,2.4,7,BRL,3.9,3,497,0.6,0.49,BRL,7.5,0.8,0.23,4.38,120,1,15.7,1.3,100,67.7,13.7,2.5,,16.6,,,32.3,5.1,,12.6,,,0.9,11.9,,,4.4,,,,,,,,,
2,05-103-70000-OS00,39.991,-109.0171,TOTAL SA PR-15-7C,UT CRC,"TC, TOC, HAWK, ICP, XRD",AGAT,E160301-056,389.23,,,Green River,L-5 zone,9.28,1.55,5.07,8.99,0.7,426,1.95,15.9,0.84,1.1,5.05,0.04,0.14,15,0.08,2,BRL,78,452,BRL,0.1,0.3,16.4,3.8,19,1.6,7,1.27,0.68,0.37,4,1.45,BRL,2,0.25,BRL,8.9,51,0.11,270,3,3,7.7,16,8,2.11,31.2,,0.5,BRL,BRL,1.6,2,844,BRL,0.22,BRL,3.2,BRL,0.11,2.32,34,BRL,7.3,0.7,28,76.7,23.5,2.3,,8.6,,,5.3,15.7,,26.4,14.4,,,1.4,,,,,,2.5,,,,,,
2,05-103-70000-OS00,39.991,-109.0171,TOTAL SA PR-15-7C,UT CRC,"TC, TOC, HAWK, ICP, XRD",AGAT,E160301-057,394.3,,,Green River,L-5 zone,8.42,3.71,1.79,33.77,0.84,435,4.7,8.2,2.27,2.9,4.84,0.03,1.07,18.2,0.18,BRL,192,171,504,BRL,0.4,0.7,35.4,9.7,40,5.2,26,2.1,1.2,0.57,11,2.34,BRL,2,0.42,BRL,19.4,289,0.18,320,7,8,15.5,32,22,4.36,103,,1.8,5,BRL,2.9,2,457,BRL,0.37,BRL,6.3,0.9,0.18,2.63,81,1,12.2,1,87,67.5,12.7,2.2,,23,,,8.4,,,32.2,5.1,,0.7,11.4,,,4.3,,,,,,,,,
2,05-103-70000-OS00,39.991,-109.0171,TOTAL SA PR-15-7C,UT CRC,"TC, TOC, HAWK, ICP, XRD",AGAT,E160301-058,397.32,,,Green River,L-5 zone,3.65,3.19,8.56,21.92,0.28,423,9.35,0.2,2.62,0.7,0.09,0.02,2.83,25,0.03,BRL,84,25,265,BRL,0.5,BRL,15,4.9,BRL,9.7,16,0.55,0.32,0.19,14,0.79,BRL,7,0.1,BRL,8.7,BRL,BRL,210,16,1,6.3,61,44,1.7,13.9,,1.9,BRL,BRL,1.1,3,32,0.8,0.11,BRL,1.4,1.9,BRL,0.76,BRL,BRL,2.7,0.2,45,159,1.3,2.1,,7.6,,,85.5,,,0.3,,,3.2,,,,,,,0,,,,,,
2,05-103-70000-OS00,39.991,-109.0171,TOTAL SA PR-15-7C,UT CRC,"TC, TOC, HAWK, ICP, XRD",AGAT,E160301-059,405,,,Green River,L-5 zone,4.97,0.67,0.15,2.89,0.71,428,5.16,8.3,2.26,3.4,3.84,0.04,0.47,20.9,0.25,BRL,BRL,234,490,BRL,0.2,0.6,50,8.5,44,5.7,20,2.95,1.6,0.87,14,3.35,1,3,0.58,BRL,26.5,116,0.26,390,5,10,21.7,23,14,6.08,101,,0.7,8,BRL,4.1,3,507,0.6,0.51,BRL,7.9,0.5,0.24,3.93,93,1,17.5,1.5,81,91.4,17.1,2.1,,24,,,8.2,4.9,,18.5,10.5,,0,11.4,,,3.3,,,,,,,,,
2,05-103-70000-OS00,39.991,-109.0171,TOTAL SA PR-15-7C,UT CRC,"TC, TOC, HAWK, ICP, XRD",AGAT,E160301-060,413,,,Green River,L-5 zone,5.14,0.93,0.28,5.06,0.45,427,4.88,8.1,2.1,4.2,3.99,0.04,1.04,21.5,0.23,BRL,BRL,307,449,BRL,0.3,0.6,45.6,8.1,45,4.6,19,2.48,1.35,0.73,13,3.14,1,3,0.5,BRL,24.1,174,0.22,350,4,10,20.3,27,17,5.54,109,,0.7,7,BRL,3.7,2,557,0.6,0.46,BRL,7.4,0.7,0.21,3.07,94,1,14.7,1.4,72,86.5,18.2,2.4,,30.6,,,0.4,4.4,,23.8,3.7,,0.8,12.5,,,3.2,,,,,,,,,
2,05-103-70000-OS00,39.991,-109.0171,TOTAL SA PR-15-7C,UT CRC,"TC, TOC, HAWK, ICP, XRD",AGAT,E160301-061,419,,,Green River,L-5 zone,8.06,1.41,0.21,10.05,0.46,436,3.72,14,1.38,3.3,4.48,0.04,0.8,15,0.17,BRL,BRL,309,382,BRL,0.2,0.5,35.7,5.2,31,3.5,20,2.63,1.38,0.62,9,2.74,BRL,2,0.5,BRL,19.4,82,0.22,360,BRL,7,16.4,18,13,4.39,76.5,,0.6,BRL,BRL,3.1,1,856,BRL,0.44,BRL,6.9,BRL,0.21,3.46,65,1,14.8,1.3,54,70.1,13.4,1.5,,24.4,,,1.2,14.5,,30.2,6.7,,0.9,5.3,,,1.9,,,,,,,,,
2,05-103-70000-OS00,39.991,-109.0171,TOTAL SA PR-15-7C,UT CRC,"TC, TOC, HAWK, ICP, XRD",AGAT,E160301-062,429.1,,,Green River,L-5 zone,7.71,1.15,0.38,7.2,0.59,430,3.52,11.1,1.67,3.3,6.32,0.03,0.69,15.9,0.16,BRL,BRL,275,408,BRL,0.2,0.5,33.6,6.2,32,3.5,18,2.25,1.36,0.6,9,2.43,BRL,2,0.46,BRL,17.8,151,0.21,330,2,7,15.5,19,13,4.18,83.4,,0.5,5,BRL,2.9,1,747,BRL,0.4,BRL,6.2,BRL,0.2,3.24,69,1,13.8,1.2,56,58,13.8,1.5,,24.4,,,0.6,,,41.9,8.3,,0.7,6.3,,,1.3,,,1.2,,,,,,
2,05-103-70000-OS00,39.991,-109.0171,TOTAL SA PR-15-7C,UT CRC,"TC, TOC, HAWK, ICP, XRD",AGAT,E160301-063,439,,,Green River,L-5 zone,4.27,0.57,0.19,2.13,0.58,430,5.45,6.3,2.04,3.9,3.67,0.04,0.96,22.7,0.25,BRL,BRL,240,452,BRL,0.2,0.6,45.1,7.5,47,5.9,18,2.88,1.72,0.83,14,3.28,BRL,3,0.6,BRL,24,105,0.28,310,3,11,20.1,25,12,5.59,103,,1.1,6,BRL,3.7,2,385,0.7,0.49,BRL,8.3,0.7,0.26,4.57,107,1,17.9,1.6,79,93.6,20.1,2.3,,29.7,,,5.4,1.1,,18.2,8.9,,0.8,10,,,3.5,,,,,,,,,
2,05-103-70000-OS00,39.991,-109.0171,TOTAL SA PR-15-7C,UT CRC,"TC, TOC, HAWK, ICP, XRD",AGAT,E160301-064,450.66,,,Green River,R-5 zone,6.44,1.56,0.39,10.33,0.48,430,5.1,8.4,2.83,4.4,4.96,0.03,1.59,18.2,0.2,BRL,BRL,223,540,BRL,0.2,0.5,43.9,8.5,42,4.6,25,2.44,1.32,0.69,13,2.93,1,2,0.49,BRL,24.3,114,0.21,360,6,8,18.8,28,13,5.17,96.4,,1.5,10,BRL,3.2,2,591,BRL,0.44,BRL,6.1,0.6,0.22,2.99,119,1,14.5,1.3,85,64.3,9.4,1.4,,36.7,,,2.4,,,18.2,18.9,,1.8,7.6,,,3.6,,,,,,,,,
2,05-103-70000-OS00,39.991,-109.0171,TOTAL SA PR-15-7C,UT CRC,"TC, TOC, HAWK, ICP, XRD",AGAT,E160301-065,457.4,,,Green River,R-5 zone,3.62,0.37,0.09,1.09,0.56,436,3.73,5.5,1.35,3,3.84,0.04,0.49,27.9,0.2,BRL,BRL,256,464,BRL,BRL,0.4,36.4,4.2,34,3.1,10,2.47,1.37,0.67,9,2.82,BRL,4,0.48,BRL,19.6,86,0.23,200,3,8,16.9,20,10,4.59,76.3,,0.6,BRL,BRL,3.2,2,312,0.5,0.44,BRL,5.6,0.5,0.23,2.82,62,1,14.8,1.4,49,145,35.3,4.7,,21,,,,,,25.6,,,0.5,12.2,,,0.7,,,,,,,,,
2,05-103-70000-OS00,39.991,-109.0171,TOTAL SA PR-15-7C,UT CRC,"TC, TOC, HAWK, ICP, XRD",AGAT,E160301-066,465.41,,,Green River,R-5 zone,14.57,10.65,3.43,115.31,0.83,434,4.82,6.3,2.09,2,4.77,0.03,1.34,16.8,0.17,BRL,BRL,111,382,BRL,0.5,1.2,40.2,11.4,42,5.7,50,2.29,1.25,0.69,12,2.67,1,2,0.44,BRL,22.9,221,0.21,210,19,7,17,28,29,4.84,84.8,,1.1,6,BRL,3.1,3,421,0.5,0.4,BRL,6,0.7,0.2,4.43,127,2,13.5,1.3,83,63.9,9.8,1.1,,13.3,,,15.3,,,,33,,1.3,17.9,,,8.3,,,,,,,,,
2,05-103-70000-OS00,39.991,-109.0171,TOTAL SA PR-15-7C,UT CRC,"TC, TOC, HAWK, ICP, XRD",AGAT,E160301-067,475.7,,,Green River,R-5 zone,7.51,5.83,1.09,56.39,0.57,426,6.78,3.1,3.05,3.5,3.01,0.03,1.24,23.7,0.26,BRL,BRL,152,411,BRL,0.5,0.9,50,12,59,7.5,44,2.76,1.39,0.7,20,2.95,2,3,0.5,BRL,28.4,253,0.24,240,18,16,20.8,36,23,5.91,134,,1.1,9,BRL,3.7,3,219,0.8,0.46,BRL,7.4,0.9,0.23,3.67,161,2,15.7,1.4,117,105,12.6,2.3,,21.9,,,11.9,1.1,,,11.6,,1.3,28.9,,,8.4,,,,,,,,,
2,05-103-70000-OS00,39.991,-109.0171,TOTAL SA PR-15-7C,UT CRC,"TC, TOC, HAWK, ICP, XRD",AGAT,E160301-068,480.67,,,Green River,R-5 zone,8.42,3.22,0.39,31.01,0.66,438,2.71,10.1,0.92,1.4,4.12,0.03,0.37,21.8,0.15,BRL,BRL,51,464,BRL,BRL,BRL,26.8,4.9,21,2.1,12,1.74,1.03,0.55,6,2.01,BRL,4,0.38,BRL,14.2,56,0.18,270,2,6,12.2,16,10,3.29,42.9,,0.8,BRL,BRL,2.2,1,613,BRL,0.31,BRL,4.2,BRL,0.17,1.85,39,1,11.5,1.1,34,139,32.2,4.5,,12.7,,,6.7,5.2,,,34,,0.6,4.1,,,0,,,,,,,,,
2,05-103-70000-OS00,39.991,-109.0171,TOTAL SA PR-15-7C,UT CRC,"TC, TOC, HAWK, ICP, XRD",AGAT,E160301-069,484.27,,,Green River,R-5 zone,11.27,6.44,1.48,69.16,0.77,438,4.17,9.4,1.91,2,4.22,0.03,0.63,17.4,0.2,BRL,31,78,540,BRL,0.2,0.5,39.9,7.2,38,4.9,25,2.3,1.27,0.7,12,2.69,BRL,2,0.46,BRL,21.6,132,0.2,330,7,8,17.6,25,14,4.88,84.4,,1.7,6,BRL,3.2,2,594,0.5,0.39,BRL,6.6,0.5,0.18,3.18,89,1,13.2,1.2,69,81,15.1,2.1,,13.5,,,10.4,6.3,,,34.1,,0.6,11.2,,,6.7,,,,,,,,,
2,05-103-70000-OS00,39.991,-109.0171,TOTAL SA PR-15-7C,UT CRC,"TC, TOC, HAWK, ICP, XRD",AGAT,E160301-070,492.52,,,Green River,R-5 zone,9.14,4.6,0.85,45.89,0.71,438,4.27,8.3,1.77,1.9,4.86,0.03,0.33,18.9,0.2,BRL,BRL,76,462,BRL,0.2,0.4,34,5.5,39,5,14,2.14,1.09,0.6,12,2.42,BRL,3,0.4,BRL,18.8,135,0.2,290,4,9,15.1,16,11,4.22,83.7,,1.2,6,BRL,2.7,2,598,0.5,0.36,BRL,5.7,0.5,0.18,3.07,96,1,12.3,1.1,64,92.3,16.9,1.9,,11.2,,,9.3,2.2,,,33.5,,0.4,17.2,,,7.4,,,,,,,,,
2,05-103-70000-OS00,39.991,-109.0171,TOTAL SA PR-15-7C,UT CRC,"TC, TOC, HAWK, ICP, XRD",AGAT,E160301-071,497.63,,,Green River,R-5 zone,9.59,7.18,1.08,78.91,0.85,439,6.42,4.6,1.88,1.9,2.45,0.02,0.91,21.5,0.21,BRL,151,70,480,BRL,0.5,0.7,63.8,9,44,6.2,42,6.19,3.59,0.82,18,5.81,BRL,4,1.29,BRL,35.9,90,0.42,240,16,10,27.8,50,21,7.59,85.2,,3.5,7,BRL,5.8,4,271,1.1,1.03,BRL,6.4,1,0.54,2.82,126,1,33.8,2.9,94,100,14.4,2.1,,13.3,,,29.4,2.6,,,16.5,,0.7,18,,,3,,,,,,,,,
2,05-103-70000-OS00,39.991,-109.0171,TOTAL SA PR-15-7C,UT CRC,"TC, TOC, HAWK, ICP, XRD",AGAT,E160301-072,503.25,,,Green River,R-5 zone,7.89,6.15,0.61,68.37,0.63,441,7.32,3.5,3.09,3,2.1,0.03,1.09,22.1,0.3,BRL,BRL,139,438,BRL,0.8,0.7,65.4,16.2,60,7.9,68,3.17,1.83,0.97,20,4.03,1,3,0.64,BRL,37.6,133,0.3,280,9,12,28,40,28,7.97,115,,1.1,11,BRL,4.8,2,234,0.8,0.57,BRL,9.1,0.7,0.27,4.49,197,2,18.8,1.7,116,88.4,9.3,3.1,,18,,,24.6,3.2,,,8.5,,0.7,27.4,,,5.2,,,,,,,,,
2,05-103-70000-OS00,39.991,-109.0171,TOTAL SA PR-15-7C,UT CRC,"TC, TOC, HAWK, ICP, XRD",AGAT,E160301-073,510.5,,,Green River,R-5 zone,5.51,0.3,0.06,1.18,0.57,437,2.55,9,1.05,1.4,4.56,0.07,0.15,23.6,0.18,BRL,BRL,47,412,BRL,BRL,0.3,31.7,3.9,26,1.9,8,2.26,1.34,0.57,6,2.4,BRL,6,0.48,BRL,17,52,0.25,210,2,7,14.6,16,9,3.92,47,,0.6,BRL,BRL,2.7,1,536,BRL,0.35,BRL,5.2,BRL,0.24,2.53,39,BRL,14,1.4,39,198,35.1,4.5,,12.1,,,3.6,,,,38.1,,0.8,3.4,,,0,,,2.4,,,,,,
2,05-103-70000-OS00,39.991,-109.0171,TOTAL SA PR-15-7C,UT CRC,"TC, TOC, HAWK, ICP, XRD",AGAT,E160301-074,517.6,,,Green River,R-5 zone,12.01,7.59,1.1,77.06,0.83,435,4.27,8.7,2.14,1.9,4.72,0.04,0.27,16.9,0.18,BRL,BRL,94,488,BRL,0.3,0.4,41.1,6.9,39,4.7,26,2.57,1.41,0.7,12,3.01,BRL,2,0.51,BRL,22,138,0.21,330,11,8,18.7,27,12,5.05,86.2,,1.4,7,BRL,3.4,1,605,BRL,0.47,BRL,6.6,0.5,0.21,5.04,113,1,15.1,1.2,64,67,11.5,1.6,,7.2,,,8.7,5.8,,,28.6,,0.2,26.5,,,9.9,,,,,,,,,
2,05-103-70000-OS00,39.991,-109.0171,TOTAL SA PR-15-7C,UT CRC,"TC, TOC, HAWK, ICP, XRD",AGAT,E160301-075,524.4,,,Green River,R-5 zone,9.09,4.81,0.52,46.81,0.67,440,4.7,8,1.99,1.9,5.28,0.04,0.08,18.7,0.18,BRL,BRL,102,441,BRL,0.2,0.3,33,5,41,5.6,11,1.89,1.11,0.55,13,2.14,BRL,2,0.39,BRL,18.9,188,0.19,210,2,8,14.2,19,10,4.02,95.8,,0.6,6,BRL,2.6,2,630,BRL,0.33,BRL,5.4,0.5,0.18,2.67,101,1,11.6,1.1,66,63.8,11.9,1.8,,6,,,8.5,2.8,,,29.1,,0.1,29.5,,,10.3,,,,,,,,,
2,05-103-70000-OS00,39.991,-109.0171,TOTAL SA PR-15-7C,UT CRC,"TC, TOC, HAWK, ICP, XRD",AGAT,E160301-076,530.42,,,Green River,L-4 zone,8.41,2.34,0.98,17.93,0.68,434,4.16,10.3,2.23,1.8,6.23,0.03,0.07,15.6,0.17,BRL,BRL,75,528,BRL,0.2,0.5,32.2,7.7,38,4.7,25,2,1.19,0.53,12,2.17,BRL,2,0.4,BRL,17.3,80,0.2,300,2,7,13.7,19,15,3.72,74.2,,0.9,6,BRL,2.4,2,865,BRL,0.34,BRL,5.4,BRL,0.18,3.34,121,1,12.1,1.1,72,70.9,10.8,1.1,,9.8,,,9.6,,,,46.2,,0.2,11.7,,,10.6,,,,,,,,,
2,05-103-70000-OS00,39.991,-109.0171,TOTAL SA PR-15-7C,UT CRC,"TC, TOC, HAWK, ICP, XRD",AGAT,E160301-077,535.4,,,Green River,L-4 zone,4.42,2.27,0.46,16.86,0.67,435,7.61,4.1,3.05,2,2.34,0.04,0.7,23.7,0.28,BRL,BRL,75,437,BRL,0.7,0.4,60,10.2,48,7,51,3.36,2.01,0.97,19,3.76,BRL,3,0.71,BRL,33.5,60,0.35,300,11,11,25.5,28,29,7.16,85.7,,1.7,11,BRL,4.7,2,275,0.8,0.62,BRL,11.2,0.6,0.34,5.21,167,2,21.4,2.1,100,98.2,11.9,2.4,,11.9,,,37.1,0.9,,,15.3,,,17.1,,,3.4,,,,,,,,,
2,05-103-70000-OS00,39.991,-109.0171,TOTAL SA PR-15-7C,UT CRC,"TC, TOC, HAWK, ICP, XRD",AGAT,E160301-078,538.52,,,Green River,L-4 zone,16.7,12.05,2.13,126.13,0.97,439,3.25,8.2,1.58,1.3,6.08,0.06,0.16,14.5,0.13,BRL,BRL,88,439,BRL,0.2,0.4,26.3,5,31,4,15,1.65,0.9,0.52,9,1.89,BRL,2,0.34,BRL,14.4,294,0.16,220,5,6,12.2,19,10,3.23,67.3,,0.9,BRL,BRL,2.2,1,609,BRL,0.28,BRL,4.4,BRL,0.15,4.1,87,1,9.7,0.9,48,54.8,12,1.4,,4.6,,,5.9,1.5,,,41.6,,0.1,14.2,,,18.7,,,,,,,,,
2,05-103-70000-OS00,39.991,-109.0171,TOTAL SA PR-15-7C,UT CRC,"TC, TOC, HAWK, ICP, XRD",AGAT,E160301-079,544.7,,,Green River,L-4 zone,4.94,0.83,0.15,4.3,0.62,437,4.01,6.9,1.55,1.9,4.24,0.04,0.04,23.9,0.21,BRL,BRL,65,464,BRL,BRL,0.4,39.2,5.3,36,4.2,11,2.74,1.55,0.78,10,3.17,BRL,4,0.57,BRL,21.5,74,0.27,250,3,9,17.7,18,9,4.93,74.5,,0.6,5,BRL,3.2,2,452,0.5,0.46,BRL,6.6,0.5,0.26,3.29,68,1,17,1.5,53,141,29.9,2.4,,13,,,6.8,1.3,,,31.3,,0,11.1,,,4.2,,,,,,,,,
2,05-103-70000-OS00,39.991,-109.0171,TOTAL SA PR-15-7C,UT CRC,"TC, TOC, HAWK, ICP, XRD",AGAT,E160301-080,545.15,,,Green River,R-4 zone,6.15,2.3,0.39,17.94,0.53,438,5.12,6.9,1.99,2.3,4.58,0.04,0.05,22.4,0.24,BRL,BRL,88,511,BRL,0.2,0.5,42.1,6.7,46,5.6,16,2.62,1.55,0.75,13,3.07,BRL,3,0.53,BRL,23.1,123,0.24,270,3,10,18.8,21,11,5.15,95.3,,0.6,7,BRL,3.5,1,458,0.6,0.44,BRL,6.8,0.6,0.25,3.38,105,1,15.9,1.4,76,98.5,22,3.1,,15.2,,,9.3,0.7,,,29.3,,2.9,10.9,,,6.6,,,,,,,,,
2,05-103-70000-OS00,39.991,-109.0171,TOTAL SA PR-15-7C,UT CRC,"TC, TOC, HAWK, ICP, XRD",AGAT,E160301-081,564.5,,,Green River,R-4 zone,5.79,0.81,0.15,4.6,0.53,438,2.5,8.9,0.93,1.5,4.92,0.03,0.12,23.7,0.13,BRL,BRL,54,427,BRL,BRL,0.3,25.2,2.9,23,2.2,7,1.87,0.98,0.51,6,1.93,BRL,3,0.35,BRL,13.9,127,0.19,220,2,6,11.7,14,7,3.23,50.4,,0.5,BRL,BRL,2.2,1,480,BRL,0.28,BRL,4,BRL,0.18,2.14,38,1,11,1,35,110,32.5,3.7,,8.9,,,1.6,2.5,,,36.1,,5.8,8.9,,,0,,,,,,,,,
2,05-103-70000-OS00,39.991,-109.0171,TOTAL SA PR-15-7C,UT CRC,"TC, TOC, HAWK, ICP, XRD",AGAT,E160301-082,573.5,,,Green River,R-4 zone,10.27,3.45,0.87,30.08,0.6,442,2.27,12,1.2,1.2,8.03,0.03,0.28,14.2,0.11,BRL,BRL,43,471,BRL,0.1,0.2,20.9,3.7,22,2.5,10,1.45,0.82,0.42,6,1.66,BRL,2,0.27,BRL,11.4,240,0.13,270,3,4,9.6,16,6,2.6,46.3,,0.8,BRL,BRL,1.8,1,927,BRL,0.26,BRL,3.3,BRL,0.12,1.66,47,BRL,8.3,0.8,37,48.1,14,2.7,,6.4,,,1.4,1.6,,,50.9,,4.5,6.6,,,11.9,,,,,,,,,
2,05-103-70000-OS00,39.991,-109.0171,TOTAL SA PR-15-7C,UT CRC,"TC, TOC, HAWK, ICP, XRD",AGAT,E160301-083,579.58,,,Green River,R-4 zone,12.2,9.19,2.09,94.69,0.74,434,5.66,6,2.73,2.3,3.35,0.04,1.4,18.9,0.21,BRL,BRL,101,435,BRL,0.5,0.8,41.3,10.3,50,6.6,45,2.05,1.19,0.57,14,2.42,2,2,0.41,BRL,26.8,143,0.21,240,17,8,17.6,34,21,5,102,,1.8,8,BRL,2.9,2,407,BRL,0.36,BRL,6.1,0.8,0.2,4.16,152,1,12.6,1.2,94,65.6,13.3,2.2,,10.7,,,14.4,5,,,17.7,,1,30.3,,,5.4,,,,,,,,,
2,05-103-70000-OS00,39.991,-109.0171,TOTAL SA PR-15-7C,UT CRC,"TC, TOC, HAWK, ICP, XRD",AGAT,E160301-084,588.5,,,Green River,R-4 zone,13.94,7.29,1.48,76.56,0.94,443,3.1,13.4,1.3,1.4,5.34,0.06,0.58,12.8,0.13,BRL,BRL,51,468,BRL,0.3,0.7,27.9,7.4,26,3.4,27,1.61,0.9,0.46,7,1.97,BRL,3,0.32,BRL,15.1,91,0.16,310,12,4,11.9,25,18,3.34,55.4,,1.6,BRL,BRL,2.2,1,758,BRL,0.29,BRL,4.4,0.5,0.15,3.73,67,1,9.5,0.9,63,60,13.4,1.5,,6.7,,,7.3,11.2,,,44.5,,0.7,10.9,,,3.8,,,,,,,,,
2,05-103-70000-OS00,39.991,-109.0171,TOTAL SA PR-15-7C,UT CRC,"TC, TOC, HAWK, ICP, XRD",AGAT,E160301-085,591.57,,,Green River,R-3 zone,6.97,4.98,0.58,50.05,0.61,438,7.66,4.2,2.81,3.2,2.52,0.05,0.71,22.1,0.27,BRL,BRL,106,511,BRL,0.4,0.5,60.3,10.7,59,8.1,37,3.17,1.67,0.91,18,3.78,1,3,0.62,BRL,32.3,109,0.27,290,8,10,25.3,32,21,7.11,124,,1.4,10,BRL,4.5,2,358,0.7,0.58,BRL,9.3,0.8,0.28,5.76,167,2,18,1.7,107,83.3,13.4,3,,16.1,,,18.2,2.7,,,11.2,,0.4,29.1,,,5.9,,,,,,,,,
2,05-103-70000-OS00,39.991,-109.0171,TOTAL SA PR-15-7C,UT CRC,"TC, TOC, HAWK, ICP, XRD",AGAT,E160301-086,597.15,,,Green River,R-3 zone,5.65,1.47,0.18,9.41,0.4,436,5.3,7.3,2.08,2.4,5.04,0.05,0.03,21.2,0.24,BRL,BRL,95,452,BRL,0.1,0.3,41.3,3.4,45,6.2,5,2.59,1.42,0.77,12,2.81,BRL,3,0.51,BRL,23.3,117,0.25,230,BRL,9,18.3,16,9,5.02,91.7,,0.5,8,BRL,3.5,BRL,449,0.5,0.44,BRL,6.6,0.7,0.24,4.82,116,2,14.1,1.4,77,86.1,17.8,1.7,,11.3,,,6.3,,,,30.1,,0,25.7,,,7.1,,,,,,,,,
2,05-103-70000-OS00,39.991,-109.0171,TOTAL SA PR-15-7C,UT CRC,"TC, TOC, HAWK, ICP, XRD",AGAT,E160301-087,600.65,,,Green River,R-3 zone,8.24,2.2,0.34,18.2,0.61,437,2.78,10.9,1.47,1.2,5.85,0.04,0.06,18.2,0.12,BRL,BRL,38,433,BRL,BRL,BRL,26.3,3.7,21,2.4,5,1.7,0.88,0.46,6,1.9,BRL,2,0.34,BRL,14,83,0.16,270,BRL,4,11.8,12,6,3.19,46.2,,0.7,BRL,BRL,2.3,BRL,662,BRL,0.32,BRL,3.9,BRL,0.15,2.47,47,1,10,0.9,37,75.7,18.5,1.9,,4.7,,,3.6,2.4,,,35.1,,23.9,9.9,,,0,,,,,,,,,
2,05-103-70000-OS00,39.991,-109.0171,TOTAL SA PR-15-7C,UT CRC,"TC, TOC, HAWK, ICP, XRD",AGAT,E160301-088,604,,,Green River,R-3 zone,12.93,7.81,1.62,79.22,0.94,434,4.04,10,2.08,1.7,5.19,0.03,0.23,15.2,0.15,BRL,BRL,57,469,BRL,0.4,0.6,39.2,8,33,4.5,30,2.24,1.23,0.63,10,2.62,BRL,2,0.43,BRL,20.4,132,0.21,390,11,5,16.9,21,13,4.6,68.6,,0.8,6,BRL,3.3,1,651,BRL,0.41,BRL,6.7,BRL,0.2,8.33,89,1,13.1,1.2,68,47.8,11.9,1.6,,7.8,,,10.3,6,,,37.9,,0.3,10.4,,,13.8,,,,,,,,,
2,05-103-70000-OS00,39.991,-109.0171,TOTAL SA PR-15-7C,UT CRC,"TC, TOC, HAWK, ICP, XRD",AGAT,E160301-089,608.05,,,Green River,R-3 zone,8.51,6.47,1.22,64.56,0.58,430,6.86,4.1,2.55,3.2,3.13,0.03,0.43,21.3,0.26,BRL,BRL,99,482,BRL,0.5,0.6,57.4,12.6,53,6.8,42,2.84,1.6,0.85,18,3.46,1,3,0.56,BRL,28.9,179,0.26,300,6,9,23.5,29,18,6.72,120,,1.1,11,BRL,4.1,2,358,0.6,0.52,BRL,8.1,0.7,0.25,6.87,167,2,16.4,1.6,106,92.9,13.3,3.4,,16.9,,,12.8,1.8,,,14.7,,0.3,32.3,,,4.5,,,,,,,,,
2,05-103-70000-OS00,39.991,-109.0171,TOTAL SA PR-15-7C,UT CRC,"TC, TOC, HAWK, ICP, XRD",AGAT,E160301-090,612.88,,,Green River,R-3 zone,3.98,2.9,0.51,25.7,0.44,431,8.61,3,2.55,2.8,1.11,0.11,1.53,24,0.32,BRL,BRL,62,520,BRL,0.4,0.5,73.5,13,51,7.9,42,3.83,1.92,1.14,19,4.62,BRL,3,0.71,BRL,37.7,72,0.29,230,6,11,31.3,29,22,8.74,106,,1.4,10,BRL,5.6,1,245,0.8,0.74,BRL,11.8,0.7,0.29,6.83,124,2,20.6,1.8,121,86.9,13.6,3.9,,17.4,,,34.4,4.4,,,3.8,,1.7,17.3,,,3.5,,,,,,,,,
2,05-103-70000-OS00,39.991,-109.0171,TOTAL SA PR-15-7C,UT CRC,"TC, TOC, HAWK, ICP, XRD",AGAT,E160301-091,616.9,,,Green River,R-3 zone,7.16,1.17,0.21,7.23,0.63,435,4.96,10.8,2.92,1.9,5.07,0.04,0.38,15.5,0.2,BRL,BRL,45,516,BRL,0.2,0.4,50.1,8.5,35,5.1,28,2.95,1.69,0.8,13,3.21,BRL,2,0.61,BRL,25.7,59,0.29,420,4,7,20.9,19,14,5.74,72.3,,0.9,8,BRL,4,1,663,0.5,0.54,BRL,9.1,BRL,0.27,6.78,91,2,17.6,1.7,70,68.1,9.3,2.1,,10.6,,,18.1,1.5,,,45.9,,0.7,7.6,,,4.2,,,,,,,,,
2,05-103-70000-OS00,39.991,-109.0171,TOTAL SA PR-15-7C,UT CRC,"TC, TOC, HAWK, ICP, XRD",AGAT,E160301-092,628.25,,,Green River,R-3 zone,4.68,2.88,0.78,23.95,0.53,433,8.21,3.2,3.17,2.3,2.58,0.04,0.51,22.8,0.27,BRL,BRL,71,402,BRL,0.4,0.5,67.4,13.4,59,8.2,44,3.61,1.88,1.08,21,4.37,BRL,3,0.7,BRL,34.8,100,0.33,300,7,9,28.7,32,23,7.9,111,,1.3,12,BRL,5.3,3,287,0.6,0.67,BRL,10.6,0.8,0.32,7.97,167,2,20.7,1.9,126,79.8,12.1,2.2,,9.3,,,28,,,,13.4,,0.1,28.1,,,6.8,,,,,,,,,
2,05-103-70000-OS00,39.991,-109.0171,TOTAL SA PR-15-7C,UT CRC,"TC, TOC, HAWK, ICP, XRD",AGAT,E160301-093,635.7,,,Green River,Upper Garden Gulch,12.26,8.16,2,88.15,0.72,435,5.66,6.7,1.54,3.1,4.4,0.02,0.34,18.3,0.23,BRL,BRL,112,422,BRL,0.4,0.7,43.7,11,49,6.1,47,2.08,1.17,0.58,16,2.4,BRL,3,0.41,BRL,23.5,130,0.2,250,29,8,17.2,23,17,4.94,104,,1.6,7,BRL,2.9,2,554,0.5,0.36,BRL,5.7,0.6,0.19,3.46,132,2,12,1.3,88,89.8,12.6,1,,20.7,,,9.8,,,,33.2,,1.7,19.7,,,1.3,,,,,,,,,
2,05-103-70000-OS00,39.991,-109.0171,TOTAL SA PR-15-7C,UT CRC,"TC, TOC, HAWK, ICP, XRD",AGAT,E160301-094,644.32,,,Green River,Upper Garden Gulch,7.91,3.5,0.73,32.33,0.69,433,6.01,9.4,2.63,2.5,3.47,0.04,0.71,17.7,0.23,BRL,BRL,72,699,BRL,0.5,0.4,58.5,11.8,42,5.9,47,3.45,1.8,1.01,15,3.85,BRL,2,0.68,BRL,30.1,80,0.32,410,11,8,25.4,28,19,6.95,87.1,,1.1,10,BRL,4.7,BRL,746,0.6,0.63,BRL,10.5,0.6,0.31,12.4,117,2,20.3,1.9,90,73.7,10.2,1.9,,14.5,,,16.6,9.6,,,24,,0.8,15.9,,,6.5,,,,,,,,,
2,05-103-70000-OS00,39.991,-109.0171,TOTAL SA PR-15-7C,UT CRC,"TC, TOC, HAWK, ICP, XRD",AGAT,E160301-095,648.47,,,Green River,Upper Garden Gulch,8.77,1.21,0.18,7.86,0.53,436,3.55,14.5,1.81,1.7,5.71,0.04,0.2,12.2,0.16,BRL,BRL,46,678,BRL,0.1,0.4,40.3,6.6,29,3.5,14,2.73,1.57,0.69,9,2.92,BRL,2,0.55,BRL,19.9,41,0.25,530,4,5,17.8,15,14,4.81,55.6,,1.1,6,BRL,3.4,BRL,1128,BRL,0.48,BRL,7.2,BRL,0.24,5.48,68,2,16.5,1.5,56,74.9,10.2,3.5,,9.3,,,7.5,7.4,,,50.9,,1.4,6.8,,,3,,,,,,,,,
2,05-103-70000-OS00,39.991,-109.0171,TOTAL SA PR-15-7C,UT CRC,"TC, TOC, HAWK, ICP, XRD",AGAT,E160301-096,657.12,,,Green River,Upper Garden Gulch,6.66,0.57,0.06,1.33,0.38,435,5.15,10.5,5.55,1.5,5.45,0.05,0.26,13.6,0.2,BRL,BRL,40,485,BRL,0.2,0.2,64.9,7,33,4.7,23,4.06,2.18,1.05,15,4.5,BRL,2,0.79,BRL,32.6,62,0.35,870,BRL,6,27,17,14,7.54,62.1,,0.8,13,BRL,5.3,BRL,567,BRL,0.71,BRL,9.5,BRL,0.34,3.88,85,3,23.5,2.2,77,56.1,6.6,3.6,,5.5,,,16,,,,47.8,,0.5,8.2,,,11.8,,,,,,,,,
2,05-103-70000-OS00,39.991,-109.0171,TOTAL SA PR-15-7C,UT CRC,"TC, TOC, HAWK, ICP, XRD",AGAT,E160301-097,662.1,,,Green River,Upper Garden Gulch,3.66,1.41,0.18,7.02,0.44,434,8.03,4.7,3.69,2.4,2.24,0.06,0.34,22.4,0.3,BRL,BRL,67,441,BRL,0.4,0.5,79.1,12.5,58,8.3,44,4.77,2.48,1.34,21,5.62,1,3,0.9,BRL,40.5,81,0.38,390,4,11,35.2,34,23,9.59,111,,1.5,14,BRL,6.7,BRL,296,0.8,0.89,BRL,13.6,0.6,0.38,6.68,141,3,27.5,2.3,108,91.2,11.8,3.4,,11.2,,,25.4,4,,,11.8,,,25.5,,,6.9,,,,,,,,,
2,05-103-70000-OS00,39.991,-109.0171,TOTAL SA PR-15-7C,UT CRC,"TC, TOC, HAWK, ICP, XRD",AGAT,E160301-098,668.83,,,Green River,Upper Garden Gulch,13.75,2.68,0.78,21.4,0.49,421,0.91,19.1,1.8,0.3,9.27,BRL,0.08,3.7,0.03,BRL,BRL,10,485,BRL,0.1,BRL,10.8,2.1,BRL,0.7,BRL,0.92,0.51,0.23,2,0.97,BRL,BRL,0.18,BRL,5.1,15,0.09,650,BRL,BRL,4.7,BRL,BRL,1.26,9.1,,0.3,BRL,BRL,1,BRL,1220,BRL,0.16,BRL,2.3,BRL,0.1,4.1,21,1,5.6,0.5,13,13,4,,,,,,5.1,,,,89.7,,1.2,,,,0,,,,,,,,,
2,05-103-70000-OS00,39.991,-109.0171,TOTAL SA PR-15-7C,UT CRC,"TC, TOC, HAWK, ICP, XRD",AGAT,E160301-099,671.87,,,Green River,Upper Garden Gulch,4.59,0.55,0.07,1.23,0.36,434,6.4,8.2,4.12,2.3,3.13,0.05,1.8,19.2,0.26,BRL,33,56,499,BRL,0.2,0.3,66.5,9.3,42,6.2,26,4.23,2.26,1.18,16,4.92,1,3,0.82,BRL,34,60,0.36,740,3,9,28.8,29,19,7.9,86.9,,2.1,11,BRL,5.6,4,501,0.6,0.79,BRL,11.5,0.7,0.36,6.97,93,2,23.7,2.1,81,88.7,10.9,3.4,,13.3,,,19.4,5.5,,,25.7,,2.3,13.4,,,6.1,,,,,,,,,
2,05-103-70000-OS00,39.991,-109.0171,TOTAL SA PR-15-7C,UT CRC,"TC, TOC, HAWK, ICP, XRD",AGAT,E160301-100,674.55,,,Green River,Upper Garden Gulch,1.71,0.46,0.05,0.74,0.32,430,8.33,2.9,3.73,2.7,1.67,0.06,0.51,25.1,0.35,BRL,BRL,82,419,BRL,0.3,0.4,78.3,13.6,57,8.4,32,4.57,2.46,1.32,22,5.21,2,4,0.88,BRL,40.5,75,0.4,390,2,12,34,30,18,9.43,116,,1.4,12,BRL,6.3,2,189,0.9,0.84,BRL,13.1,0.7,0.41,4.67,113,3,25.5,2.4,116,130,16.5,6.7,,14.8,,,21.1,3.7,,,6.1,,0.4,22.5,,,6.5,,,1.7,,,,,,
2,05-103-70000-OS00,39.991,-109.0171,TOTAL SA PR-15-7C,UT CRC,"TC, TOC, HAWK, ICP, XRD",AGAT,E160301-101,685,,,Green River,Upper Garden Gulch,1.35,0.48,0.05,0.75,0.28,437,9.08,2.5,3.1,3,1.52,0.05,0.14,26.7,0.35,BRL,BRL,79,392,BRL,0.4,0.4,73.8,15,61,9.2,43,3.91,2.19,1.11,23,4.68,1,3,0.75,BRL,38.4,103,0.34,220,BRL,12,31.6,33,21,8.86,128,,1.1,13,BRL,5.8,3,177,0.9,0.71,BRL,14.6,0.8,0.33,4.05,148,2,22.8,2,124,106,13.4,5.6,,12.8,,,22.9,3.2,,,2.8,,0,31.3,,,8,,,,,,,,,
2,05-103-70000-OS00,39.991,-109.0171,TOTAL SA PR-15-7C,UT CRC,"TC, TOC, HAWK, ICP, XRD",AGAT,E160301-102,690.3,,,Green River,Upper Garden Gulch,5.5,1.4,0.35,8.22,0.42,434,5.72,7.3,2.84,1.9,3.77,0.04,0.89,20.6,0.25,BRL,BRL,54,510,BRL,0.2,0.5,60.7,11.4,41,5.4,24,3.82,2.12,1.03,14,4.26,BRL,3,0.73,BRL,30.1,56,0.34,490,6,9,26,29,19,7.24,81.5,,1.1,9,BRL,5,1,621,0.5,0.68,BRL,10.4,0.6,0.35,7.13,97,2,22.1,2,98,96.7,17.3,3.7,,8.5,,,19.5,,,,30.8,,0.9,16.5,,,2.8,,,,,,,,,
2,05-103-70000-OS00,39.991,-109.0171,TOTAL SA PR-15-7C,UT CRC,"TC, TOC, HAWK, ICP, XRD",AGAT,E160301-103,694,,,Green River,Upper Garden Gulch,11.58,0.68,0.11,3.51,0.49,433,1.21,19.9,1.02,0.3,9.27,BRL,0.14,5,0.04,BRL,BRL,11,503,BRL,BRL,BRL,19.7,1.3,BRL,0.8,BRL,1.54,0.85,0.43,2,1.85,BRL,BRL,0.29,BRL,8.5,18,0.12,570,BRL,BRL,9.1,BRL,BRL,2.36,9.1,,0.5,BRL,BRL,1.9,2,1202,BRL,0.28,BRL,4.1,BRL,0.12,4.14,16,BRL,9.1,0.8,12,17.3,4.9,0,,,,,7,1.5,,65.9,17.5,,,,,,,,,3.1,,,,,,
2,05-103-70000-OS00,39.991,-109.0171,TOTAL SA PR-15-7C,UT CRC,"TC, TOC, HAWK, ICP, XRD",AGAT,E160301-104,696.9,,,Green River,Upper Garden Gulch,11.6,2.86,1.02,23.52,0.49,425,2.5,17.9,1.65,1,6.03,0.03,0.36,8.9,0.11,BRL,BRL,27,593,BRL,0.1,BRL,27.9,4.7,18,2.1,13,1.82,1.02,0.5,7,2.13,BRL,1,0.34,BRL,14,36,0.18,600,2,3,11.9,12,7,3.22,36.1,,0.6,BRL,BRL,2.4,BRL,1041,BRL,0.33,BRL,4.8,BRL,0.16,5.28,46,1,11,1,36,39.6,8.7,2.7,,3.3,,,6.6,15.2,,,57.9,,0.9,4.7,,,,,,,,,,,,
2,05-103-70000-OS00,39.991,-109.0171,TOTAL SA PR-15-7C,UT CRC,"TC, TOC, HAWK, ICP, XRD",AGAT,E160301-105,702.05,,,Green River,Upper Garden Gulch,6.48,1.34,0.41,9.06,0.41,431,4.35,11.1,1.69,1.5,3.61,0.05,0.68,19.7,0.22,BRL,BRL,39,548,BRL,0.2,0.3,48.9,6,30,3,16,3.36,1.94,0.81,8,3.46,BRL,5,0.65,BRL,24.7,33,0.32,380,3,7,20.4,18,13,5.76,52.8,,1.2,7,BRL,4,1,744,BRL,0.56,BRL,8,BRL,0.33,7.67,57,2,18.7,1.9,50,162,21,6.4,,8.3,,,13.6,9.5,,,30.7,,0.9,9.5,,,,,,,,,,,,
2,05-103-70000-OS00,39.991,-109.0171,TOTAL SA PR-15-7C,UT CRC,"TC, TOC, HAWK, ICP, XRD",AGAT,E160301-106,708.05,,,Green River,Upper Garden Gulch,1.06,0.2,0.04,0.08,0.29,426,9.23,2.4,2.99,2.9,1.33,0.07,1.23,26.2,0.4,BRL,BRL,75,421,BRL,0.5,0.5,101,14.8,63,9.2,49,5.78,3.1,1.64,25,6.73,2,4,1.1,BRL,51,56,0.5,270,2,14,43,31,23,12.1,127,,1.5,15,BRL,8,3,168,1,1.09,BRL,17.2,0.8,0.5,4.13,123,3,32,3,128,130,13.8,7,,13.1,,,23.3,3.4,,3.6,,,1.2,28.8,,,5.8,,,,,,,,,
2,05-103-70000-OS00,39.991,-109.0171,TOTAL SA PR-15-7C,UT CRC,"TC, TOC, HAWK, ICP, XRD",AGAT,E160301-107,717.67,,,Green River,Douglas Creek,2.09,,,,,,5.95,4.2,1.47,1.6,1.41,0.05,0.11,28.5,0.22,BRL,BRL,32,389,BRL,0.1,0.3,61.7,4.7,26,3.4,17,4.49,2.86,1.01,9,4.62,BRL,16,0.96,BRL,29.5,19,0.53,620,2,7,25.4,13,18,7.11,59.8,,0.7,8,BRL,4.9,BRL,202,BRL,0.78,BRL,10,BRL,0.51,3.59,38,2,27.7,3.3,52,548,31.2,13.3,,10.1,,,19.8,2.2,,7.9,6.5,,0.1,9,,,,,,,,,,,,
2,05-103-70000-OS00,39.991,-109.0171,TOTAL SA PR-15-7C,UT CRC,"TC, TOC, HAWK, ICP, XRD",AGAT,E160301-108,728.35,,,Green River,Douglas Creek,1.37,,,,,,8.06,2.7,3.42,2.9,1.54,0.07,0.02,27.4,0.43,BRL,BRL,84,528,BRL,0.4,0.5,92.8,10.6,62,8.8,52,5.31,2.9,1.41,22,6.03,2,6,1.02,BRL,47,65,0.49,340,BRL,16,38.7,27,28,10.9,135,,1.1,12,BRL,7.2,2,173,1.2,0.93,BRL,17,0.8,0.48,4,115,3,29.7,3,123,186,20.2,9.7,,13.5,,,9.9,3.6,,3.4,0.6,,,30.6,,,5.2,,,3.3,,,,,,
2,05-103-70000-OS00,39.991,-109.0171,TOTAL SA PR-15-7C,UT CRC,"TC, TOC, HAWK, ICP, XRD",AGAT,E160301-109,735.47,,,Green River,Douglas Creek,2.11,,,,,,4.35,4.6,1.76,1.8,1.08,0.07,0.02,31.1,0.35,BRL,BRL,40,453,BRL,0.1,BRL,73.2,4.2,33,2.6,7,5.56,3.4,1.21,8,5.47,1,24,1.18,BRL,36.4,20,0.68,550,BRL,12,33,12,15,8.85,64.2,,0.6,7,BRL,6.5,BRL,242,0.9,0.94,BRL,12.8,BRL,0.59,4.36,37,3,33.9,4,40,799,38.4,16,,12.9,,,6.2,5.6,,4.7,3.7,,,8.8,,,,,,3.7,,,,,,
2,05-103-70000-OS00,39.991,-109.0171,TOTAL SA PR-15-7C,UT CRC,"TC, TOC, HAWK, ICP, XRD",AGAT,E160301-110,737.6,,,Green River,Douglas Creek,1.36,,,,,,7.84,2.9,2.99,2.7,1.41,0.07,0.02,28.5,0.4,BRL,BRL,74,553,BRL,0.3,0.5,81.8,10.1,51,7.3,24,5.16,2.77,1.32,19,5.69,2,6,0.98,BRL,40.8,57,0.47,370,BRL,14,35.3,27,17,9.71,120,,0.8,11,BRL,6.6,2,185,1,0.88,BRL,13.8,0.7,0.46,4.01,89,3,29.3,2.9,102,178,24.7,11.5,,14.8,,,10,4.8,,,4.9,,,24.1,,,5.2,,,,,,,,,
2,05-103-70000-OS00,39.991,-109.0171,TOTAL SA PR-15-7C,UT CRC,"TC, TOC, HAWK, ICP, XRD",AGAT,E160301-111,746.05,,,Green River,Douglas Creek,1.34,,,,,,5.74,3.1,1.63,2.2,0.96,0.06,0.05,32.2,0.26,BRL,BRL,36,509,BRL,0.2,0.3,56.2,6.9,29,4,85,4.12,2.31,1.11,12,4.42,1,6,0.79,BRL,27.5,29,0.4,410,BRL,9,24.9,19,14,6.7,87.4,,0.8,7,BRL,5,BRL,188,0.7,0.72,BRL,8.4,BRL,0.36,3.19,48,2,24.6,2.4,95,211,34.7,16.3,,12.7,,,8.3,3.5,,2.6,3.7,,,12.7,,,1.7,,,3.8,,,,,,
2,05-103-70000-OS00,39.991,-109.0171,TOTAL SA PR-15-7C,UT CRC,"TC, TOC, HAWK, ICP, XRD",AGAT,E160301-112,748.82,,,Green River,Douglas Creek,1.18,0.3,0.02,0.11,0.28,420,10,2.1,4.12,3.3,1.75,0.07,0.06,26.3,0.43,BRL,BRL,121,477,BRL,0.5,0.7,96.9,18.5,75,10.6,50,5.66,3.14,1.61,26,6.45,2,4,1.08,BRL,49.6,101,0.46,320,3,15,41.4,51,33,11.4,154,,1.1,16,BRL,7.8,3,179,1,1.02,BRL,18.3,0.9,0.52,4.66,137,2,30.8,3.1,185,127,12.6,5.8,,15.2,,,4.6,2.6,,2.1,1.9,,,44.5,,,10.6,,,,,,,,,
2,05-103-70000-OS00,39.991,-109.0171,TOTAL SA PR-15-7C,UT CRC,"TC, TOC, HAWK, ICP, XRD",AGAT,E160301-113,754.05,,,Green River,Douglas Creek,1.45,,,,,,6.62,2.9,2.69,2.5,1.26,0.07,0.07,30.6,0.32,BRL,BRL,54,546,BRL,0.3,0.3,66.2,10.5,39,5.5,27,4.4,2.41,1.18,16,4.9,2,6,0.84,BRL,32.8,45,0.4,440,BRL,11,29.4,22,18,7.97,107,,0.9,9,BRL,5.7,4,186,0.8,0.76,BRL,10.9,0.6,0.39,3.49,71,3,25.4,2.4,83,186,29.7,14.1,,15,,,5.9,4.1,,2.6,2.3,,,19.3,,,3,,,4,,,,,,
2,05-103-70000-OS00,39.991,-109.0171,TOTAL SA PR-15-7C,UT CRC,"TC, TOC, HAWK, ICP, XRD",AGAT,E160301-114,762.52,,,Green River,Douglas Creek,1.28,,,,,,5.1,2.9,1.53,2.2,0.92,0.06,0.31,33.3,0.23,BRL,BRL,29,516,BRL,0.1,BRL,51,6.4,28,3,14,3.42,1.95,0.95,10,3.7,1,9,0.66,BRL,25.3,24,0.32,420,3,7,22.8,16,15,6.14,78.6,,1,6,BRL,4.2,1,190,0.6,0.58,BRL,8.1,BRL,0.32,2.72,41,2,19.4,2,56,299,42.4,19,,15.3,,,5.7,2.5,,2.9,3.3,,0.4,,,,4.2,,,4.2,,,,,,
2,05-103-70000-OS00,39.991,-109.0171,TOTAL SA PR-15-7C,UT CRC,"TC, TOC, HAWK, ICP, XRD",AGAT,E160301-115,773,,,Green River,Douglas Creek,1.5,,,,,,8.51,3,4.09,2.9,1.53,0.07,0.22,26.2,0.4,BRL,BRL,96,484,BRL,0.4,0.5,86.5,13.7,56,8.5,41,5.28,2.9,1.39,20,5.97,2,5,1.06,BRL,44,61,0.47,460,3,14,37.3,32,24,10.3,131,,1.4,13,BRL,6.8,3,198,1,0.93,BRL,15.2,0.8,0.47,3.87,103,3,30.4,2.9,110,152,18.3,8.1,,13.7,,,6.5,4.9,,4.3,,,0.1,37.6,,,6.5,,,,,,,,,
2,05-103-70000-OS00,39.991,-109.0171,TOTAL SA PR-15-7C,UT CRC,"TC, TOC, HAWK, ICP, XRD",AGAT,E160301-116,778,,,Green River,Douglas Creek,5.69,0.31,0.04,0.5,0.36,438,3.62,10.3,2.93,1.4,3.75,0.06,0.24,20.7,0.21,BRL,BRL,37,476,BRL,BRL,0.4,44.7,5.4,25,2.7,11,3.16,1.71,0.76,8,3.3,BRL,5,0.58,BRL,22.4,26,0.31,970,6,6,19.8,15,10,5.43,51.9,,1.2,6,BRL,3.9,BRL,535,BRL,0.55,BRL,7.2,BRL,0.28,4.85,48,2,17.6,1.9,67,166,25,9.1,,7.3,,,6.9,2.8,,,39.4,,0.5,9.2,,,,,,,,,,,,
2,05-103-70000-OS00,39.991,-109.0171,TOTAL SA PR-15-7C,UT CRC,"TC, TOC, HAWK, ICP, XRD",AGAT,E160301-117,791.8,,,Green River,Douglas Creek,7.23,1.75,0.21,11.84,0.53,436,5.1,9.9,2.39,1.7,4.78,0.04,0.4,16.1,0.2,BRL,BRL,70,627,BRL,0.2,0.5,48.8,8.4,38,5.1,24,3.17,1.79,0.83,12,3.48,BRL,3,0.62,BRL,25.3,59,0.29,440,8,7,20.7,20,16,5.77,77.4,,1.5,8,BRL,4.1,2,940,BRL,0.56,BRL,9.2,0.6,0.3,6.85,117,2,17.9,1.8,86,84.3,12,3.4,,3.9,,,7.5,1.3,,,42.5,,0.6,23.9,,,4.9,,,,,,,,,
2,05-103-70000-OS00,39.991,-109.0171,TOTAL SA PR-15-7C,UT CRC,"TC, TOC, HAWK, ICP, XRD",AGAT,E160301-118,797.75,,,Green River,Douglas Creek,5.89,0.39,0.07,1.05,0.4,437,3.71,10.3,2.26,1.5,4.13,0.06,0.15,19.9,0.22,BRL,BRL,41,2284,BRL,BRL,0.2,45.9,4.3,25,2.8,10,3.45,1.89,0.78,8,3.46,BRL,6,0.64,BRL,22.7,28,0.33,740,BRL,7,20.2,15,11,5.48,55.8,,0.9,5,BRL,3.9,BRL,696,0.5,0.58,BRL,7.6,BRL,0.29,3.9,47,2,18.8,1.9,44,196,22.4,9,,10.2,,,5,2,,38.6,,,5,7.7,,,,,,,,,,,,
2,05-103-70000-OS00,39.991,-109.0171,TOTAL SA PR-15-7C,UT CRC,"TC, TOC, HAWK, ICP, XRD",AGAT,E160301-119,803.4,,,Green River,Douglas Creek,2.15,0.35,0.02,0.23,0.29,429,8.45,5.1,3.34,2.8,1.49,0.06,0.34,24.5,0.37,BRL,BRL,100,582,BRL,0.4,0.5,81.6,12.7,58,8.3,41,4.73,2.53,1.39,20,5.37,2,4,0.92,BRL,43,75,0.41,350,BRL,13,35.2,33,23,9.77,123,,1.5,13,BRL,6.8,1,232,0.8,0.84,BRL,15,0.7,0.43,4.1,108,2,26.4,2.6,117,115,15.7,7.5,,12.7,,,7.4,9.3,,1.8,2.4,,0.3,34.6,,,8.3,,,,,,,,,
2,05-103-70000-OS00,39.991,-109.0171,TOTAL SA PR-15-7C,UT CRC,"TC, TOC, HAWK, ICP, XRD",AGAT,E160301-120,810.87,,,Green River,Douglas Creek,11.97,,,,,,0.42,25.2,2.65,0.1,6.66,0.02,0.1,1.8,0.05,BRL,BRL,BRL,405,BRL,BRL,BRL,13.8,1.5,BRL,0.3,BRL,1.19,0.64,0.29,BRL,1.24,BRL,BRL,0.23,BRL,6,BRL,0.11,1340,BRL,BRL,6,BRL,6,1.5,2.8,,0.5,BRL,BRL,1.3,BRL,780,BRL,0.22,BRL,2.2,BRL,0.11,4.29,15,BRL,7.3,0.7,7,23.9,1.7,,,,,,2.9,22.3,,61.4,,,0.6,,,,,,,11.1,,,,,,
2,05-103-70000-OS00,39.991,-109.0171,TOTAL SA PR-15-7C,UT CRC,"TC, TOC, HAWK, ICP, XRD",AGAT,E160301-121,819.1,,,Green River,Douglas Creek,2.7,0.82,0.05,2.4,0.3,436,7.92,4.9,3.38,2.5,1.54,0.08,0.88,25.2,0.35,BRL,BRL,86,483,BRL,0.3,0.4,77.8,10.7,52,7.3,31,5.2,2.76,1.4,17,5.63,1,5,1.02,BRL,39.4,64,0.45,470,4,12,34.3,29,21,9.21,109,,2.2,11,BRL,6.4,3,283,0.8,0.91,BRL,13.3,0.8,0.45,7.72,103,3,28.6,2.7,109,153,19,7.6,,7.7,,,3.9,5.8,,8.4,3.7,,1,36,,,6.9,,,,,,,,,
2,05-103-70000-OS00,39.991,-109.0171,TOTAL SA PR-15-7C,UT CRC,"TC, TOC, HAWK, ICP, XRD",AGAT,E160301-122,825.47,,,Green River,Douglas Creek,2.52,0.78,0.04,1.88,0.34,436,8.9,4.7,3.88,2.7,1.64,0.07,0.79,23.7,0.36,BRL,BRL,106,494,BRL,0.4,0.5,82.6,12.5,58,8.8,37,4.71,2.56,1.32,21,5.45,2,4,0.93,BRL,43,82,0.4,430,BRL,12,35,32,23,9.75,125,,1.3,13,BRL,6.7,3,275,0.8,0.87,BRL,15.2,0.8,0.43,5.11,124,3,26.8,2.6,117,111,14.4,7.2,,5.9,,,1.6,7.8,,,3.2,,0.7,51.5,,,7.7,,,,,,,,,
2,05-103-70000-OS00,39.991,-109.0171,TOTAL SA PR-15-7C,UT CRC,"TC, TOC, HAWK, ICP, XRD",AGAT,E160301-123,833.25,,,Green River,Douglas Creek,1.5,,,,,,8.01,3.1,4.1,2.7,1.53,0.07,0.05,26.5,0.4,BRL,BRL,84,581,BRL,0.4,0.4,89,13.6,53,7.7,42,5.49,2.97,1.44,19,5.96,2,6,1.07,BRL,45.1,60,0.48,590,BRL,14,37.4,30,25,10.4,124,,1,13,BRL,7,2,193,1.1,1,BRL,15.5,0.8,0.49,4.44,96,3,30.7,3,116,178,20.6,11.3,,8.5,,,3.9,4.4,,1.1,2.4,2.6,,36.9,,,8.5,,,,,,,,,
2,05-103-70000-OS00,39.991,-109.0171,TOTAL SA PR-15-7C,UT CRC,"TC, TOC, HAWK, ICP, XRD",AGAT,E160301-124,838.7,,,Green River,Douglas Creek,2.37,0.75,0.04,1.62,0.42,436,9.02,4.4,3.96,2.5,1.54,0.07,0.09,22.7,0.37,BRL,BRL,99,558,BRL,0.5,0.4,90.8,14.8,60,9,50,5.66,2.96,1.49,21,6.23,1,3,1.05,BRL,47,66,0.44,440,BRL,13,38.3,33,26,10.7,126,,1.1,14,BRL,7.5,3,249,0.9,0.99,BRL,16.4,0.7,0.48,4.58,117,3,30.9,2.8,129,104,11.7,5.6,,6.4,,,7.7,7,,3.5,,1.8,,46.1,,,10.2,,,,,,,,,
2,05-103-70000-OS00,39.991,-109.0171,TOTAL SA PR-15-7C,UT CRC,"TC, TOC, HAWK, ICP, XRD",AGAT,E160301-125,849.7,,,Green River,Douglas Creek,5.14,4.38,0.51,34.73,0.53,435,7.95,1.6,3.18,2.2,1.73,0.03,1.35,24.7,0.31,BRL,BRL,85,370,BRL,0.4,0.4,62.7,14.3,55,8.2,51,3.13,1.72,0.92,20,3.58,2,3,0.61,BRL,34,100,0.27,240,5,10,26.4,36,18,7.5,105,,1.3,13,BRL,4.6,2,172,0.7,0.56,BRL,9.7,0.7,0.28,3.75,143,2,16.5,1.7,115,88.6,16.5,5.4,,7.2,,,17.7,,,5.4,,,1,41.5,,,5.3,,,,,,,,,
2,05-103-70000-OS00,39.991,-109.0171,TOTAL SA PR-15-7C,UT CRC,"TC, TOC, HAWK, ICP, XRD",AGAT,E160301-126,856.7,,,Green River,Douglas Creek,11.5,0.48,0.15,2.29,0.27,434,0.93,18.4,1.3,0.3,10.1,BRL,0.03,5.3,0.03,BRL,BRL,13,198,BRL,BRL,BRL,9.1,0.9,BRL,0.9,BRL,0.7,0.42,0.16,2,0.74,BRL,BRL,0.13,BRL,4.5,38,0.06,220,BRL,BRL,4.1,5,BRL,1.09,12.1,,0.2,BRL,BRL,0.8,BRL,1073,BRL,0.14,BRL,2,BRL,0.06,2.57,23,BRL,4.2,0.4,10,14.6,7.9,,,,,,2.5,,,71.1,12.6,,5.9,,,,,,,,,,,,,
2,05-103-70000-OS00,39.991,-109.0171,TOTAL SA PR-15-7C,UT CRC,"TC, TOC, HAWK, ICP, XRD",AGAT,E160301-127,861.3,,,Green River,Douglas Creek,9.71,3.88,1.01,38.3,0.43,432,3.66,10.4,1.47,1.4,5.38,0.03,0.27,17.6,0.19,BRL,BRL,51,444,BRL,0.2,0.3,37.3,5.1,31,3.7,12,2.36,1.28,0.64,8,2.71,BRL,2,0.47,BRL,18.7,57,0.21,350,2,6,16.2,19,8,4.43,59.6,,0.8,6,BRL,3.3,1,702,BRL,0.42,BRL,5.9,BRL,0.21,4.17,62,1,13.1,1.3,55,78.2,22.9,2.6,,3.7,,,5.7,,,48.2,,,3.6,13.4,,,,,,,,,,,,
2,05-103-70000-OS00,39.991,-109.0171,TOTAL SA PR-15-7C,UT CRC,"TC, TOC, HAWK, ICP, XRD",AGAT,E160301-128,871.14,,,Green River,Douglas Creek,4.63,1.77,0.21,10.97,0.38,435,7.06,5.3,3.07,2.1,3.07,0.07,0.94,22,0.32,BRL,BRL,65,486,BRL,0.3,0.3,71.6,9.4,49,7.3,27,4.6,2.49,1.18,16,4.89,1,4,0.89,BRL,36.6,63,0.4,490,3,10,30.7,28,15,8.44,93.9,,1.3,11,BRL,5.9,1,384,0.8,0.8,BRL,12.6,0.6,0.4,8.33,94,2,25.2,2.5,93,126,17.9,6.9,,6.2,,,14.7,,,20.7,,,1.1,27.6,,,4.9,,,,,,,,,
2,05-103-70000-OS00,39.991,-109.0171,TOTAL SA PR-15-7C,UT CRC,"TC, TOC, HAWK, ICP, XRD",AGAT,E160301-129,876.1,,,Green River,Douglas Creek,11.23,,,,,,1.43,18,3.13,0.4,9.99,0.01,0.25,4,0.05,BRL,BRL,18,320,BRL,BRL,BRL,12.6,2.2,BRL,1.5,6,0.97,0.61,0.25,3,0.96,BRL,BRL,0.21,BRL,6.6,17,0.1,250,BRL,BRL,5.4,7,BRL,1.51,18.4,,0.7,BRL,BRL,1.1,BRL,783,BRL,0.16,BRL,1.9,BRL,0.1,1.49,37,BRL,6,0.6,19,16.8,2.3,,,1.3,,,4.4,,,33.6,51.7,,4.5,1.3,,,0.9,,,,,,,,,
2,05-103-70000-OS00,39.991,-109.0171,TOTAL SA PR-15-7C,UT CRC,"TC, TOC, HAWK, ICP, XRD",AGAT,E160301-130,885.84,,,Green River,Douglas Creek,13.12,0.37,0.03,1.23,0.39,428,0.17,22.2,0.74,BRL,11.5,BRL,0.15,0.6,BRL,BRL,BRL,BRL,444,BRL,BRL,BRL,6.7,1.8,BRL,0.1,7,0.7,0.4,0.17,BRL,0.71,BRL,BRL,0.12,BRL,2.8,BRL,0.05,590,BRL,BRL,3.1,6,6,0.81,1.3,,2,BRL,BRL,0.7,BRL,1196,BRL,0.11,BRL,1.5,0.6,0.05,2.5,12,BRL,4,0.3,10,5.4,0.4,,,,,,1.1,2.8,,54.1,37.5,,0.6,,,,,,,3.7,,,,,,
2,05-103-70000-OS00,39.991,-109.0171,TOTAL SA PR-15-7C,UT CRC,"TC, TOC, HAWK, ICP, XRD",AGAT,E160301-131,888.07,,,Green River,Douglas Creek,2.54,,,,,,3.72,6.2,0.92,1.7,1.34,0.08,0.35,30.4,0.21,BRL,BRL,28,477,BRL,0.1,0.2,55.5,4,24,2.4,10,3.61,1.97,0.92,7,3.9,BRL,6,0.69,BRL,25,21,0.35,310,2,7,22.4,15,18,5.99,60.5,,0.9,BRL,BRL,4.2,4,283,BRL,0.62,BRL,8.2,BRL,0.32,3.12,29,2,19.5,2.1,42,201,40.5,15.5,,8.9,,,3,7.8,,3.3,8.5,1.3,4,7.2,,,,,,,,,,,,
2,05-103-70000-OS00,39.991,-109.0171,TOTAL SA PR-15-7C,UT CRC,"TC, TOC, HAWK, ICP, XRD",AGAT,E160301-132,891,,,Green River,Douglas Creek,3.38,,,,,,4.66,6.6,2.44,1.8,2.43,0.09,0.66,24.9,0.23,BRL,BRL,43,612,BRL,0.2,0.3,56.3,6.1,31,4.4,21,3.76,2.05,0.95,11,4.08,BRL,6,0.74,BRL,27.4,28,0.34,600,BRL,7,24.3,18,16,6.59,73.5,,1,6,BRL,4.7,1,313,0.5,0.63,BRL,10.1,BRL,0.33,3.93,56,1,21.5,2.1,62,185,30.9,7.9,,11.8,,,8.6,3.5,,24.3,,,0.6,12.3,,,,,,,,,,,,
2,05-103-70000-OS00,39.991,-109.0171,TOTAL SA PR-15-7C,UT CRC,"TC, TOC, HAWK, ICP, XRD",AGAT,E160301-133,895.6,,,Green River,Douglas Creek,1.54,,,,,,6.26,3.2,2.17,2.3,1.47,0.07,0.03,29.8,0.34,BRL,BRL,57,470,BRL,0.2,0.3,68.4,8.2,43,5.7,19,4.29,2.37,1.17,14,4.74,1,8,0.86,BRL,35.1,39,0.43,260,BRL,11,29.4,24,16,8.23,94,,0.6,9,BRL,5.4,1,168,0.8,0.75,BRL,11.4,0.6,0.4,3.12,71,2,24.1,2.7,78,268,34.9,11.5,,12.6,,,6.4,4.2,,2.1,5.3,1.1,,20,,,1.9,,,,,,,,,
2,05-103-70000-OS00,39.991,-109.0171,TOTAL SA PR-15-7C,UT CRC,"TC, TOC, HAWK, ICP, XRD",AGAT,E160301-134,919.5,,,Green River,Douglas Creek,1.27,,,,,,4.52,2.9,1.24,1.9,1,0.06,0.33,33.7,0.19,BRL,BRL,24,500,BRL,0.1,BRL,36.8,5.8,23,3,13,2.43,1.43,0.68,9,2.6,1,5,0.48,BRL,19,25,0.23,220,2,6,16.7,19,15,4.48,75.4,,0.7,BRL,BRL,3.2,2,159,BRL,0.42,BRL,7,BRL,0.23,2.25,37,1,14.6,1.4,42,180,42.1,15.8,,10.1,,,3.9,3.7,,4.1,5.4,2.8,0.2,11.8,,,,,,,,,,,,
2,05-103-70000-OS00,39.991,-109.0171,TOTAL SA PR-15-7C,UT CRC,"TC, TOC, HAWK, ICP, XRD",AGAT,E160301-135,934.81,,,Green River,Douglas Creek,2.78,1.04,0.16,3.97,0.37,433,8.53,5.1,2.62,2.7,1.58,0.07,0.09,23.7,0.33,BRL,BRL,109,491,BRL,0.4,0.5,74.9,13.9,66,9.5,41,4.26,2.32,1.21,20,5.01,1,3,0.85,BRL,39.8,83,0.36,230,3,11,32.4,36,22,9.01,123,,0.7,13,BRL,6,2,262,0.8,0.77,BRL,13.9,0.7,0.38,3.88,124,2,23,2.4,120,100,14,5.1,,9.3,,,8.1,10.8,,2.3,,,3.3,40.1,,,7,,,,,,,,,
2,05-103-70000-OS00,39.991,-109.0171,TOTAL SA PR-15-7C,UT CRC,"TC, TOC, HAWK, ICP, XRD",AGAT,E160301-136,943.3,,,Green River,Douglas Creek,1.78,0.43,0.08,0.2,0.33,428,8.08,3.2,4.09,2.4,1.64,0.08,1.25,25.3,0.37,BRL,BRL,81,475,BRL,0.3,0.7,78,17.4,59,8.5,36,4.97,2.75,1.33,18,5.27,2,5,0.97,BRL,40.1,63,0.44,430,4,12,34.3,38,30,9.45,117,,1.9,12,BRL,6.6,2,179,0.8,0.85,BRL,14.2,0.8,0.45,4.3,112,2,27,2.7,131,136,20.3,6.5,,7.2,,,1.2,3.9,,2.2,2.7,1.9,0.8,43.5,,,9.7,,,,,,,,,
2,05-103-70000-OS00,39.991,-109.0171,TOTAL SA PR-15-7C,UT CRC,"TC, TOC, HAWK, ICP, XRD",AGAT,E160301-137,947.8,,,Green River,Douglas Creek,2.2,,,,,,6,5.6,2.53,2,1.24,0.07,0.66,25.7,0.28,BRL,BRL,52,480,BRL,0.2,0.8,63.2,8.6,39,5.1,30,4.65,2.47,1.13,13,4.85,1,5,0.9,BRL,31.9,45,0.39,620,2,9,28,24,16,7.63,87.5,,1.6,9,BRL,5.7,3,252,0.6,0.8,BRL,9.9,0.7,0.4,3.36,67,2,24.1,2.4,118,146,32.8,8.4,,9,,,3.5,11.4,,3.1,4,,0.8,23.2,,,3.8,,,,,,,,,
2,05-103-70000-OS00,39.991,-109.0171,TOTAL SA PR-15-7C,UT CRC,"TC, TOC, HAWK, ICP, XRD",AGAT,E160301-138,955.95,,,Green River,Douglas Creek,1.47,0.38,0.03,0.56,0.36,430,8.4,3,3.3,2.3,1.48,0.09,0.95,26,0.38,BRL,BRL,81,1077,BRL,0.4,0.4,79.2,13.7,61,7.4,50,4.45,2.39,1.21,18,4.94,1,7,0.85,BRL,40.5,64,0.4,380,3,12,33.1,41,34,9.19,105,,3.5,12,BRL,6,8,277,0.8,0.79,BRL,15.2,0.9,0.41,4.89,101,2,24.2,2.5,105,219,19.6,8.1,,9.1,,,7,4.6,,6.2,2.8,0.2,1,37.4,,,4,,,,,,,,,
2,05-103-70000-OS00,39.991,-109.0171,TOTAL SA PR-15-7C,UT CRC,"TC, TOC, HAWK, ICP, XRD",AGAT,E160301-139,961.92,,,Green River,Douglas Creek,1.53,0.22,0.03,0.21,0.21,458,8.91,3.4,3.72,2.5,1.63,0.08,0.56,25.2,0.38,BRL,BRL,96,587,BRL,0.6,0.5,83.9,12.1,68,9.4,42,5.34,3,1.41,19,5.51,2,4,1.04,BRL,43.5,69,0.46,340,BRL,13,36.8,43,26,10,124,,1,14,BRL,6.9,3,191,0.9,0.92,BRL,15.9,0.8,0.46,5.23,120,3,28.9,2.8,116,122,17.9,7,,5.7,,,1.9,4.9,,,3.8,1.7,0.3,47.5,,,9.3,,,,,,,,,
2,05-103-70000-OS00,39.991,-109.0171,TOTAL SA PR-15-7C,UT CRC,"TC, TOC, HAWK, ICP, XRD",AGAT,E160301-140,963,,,Green River,Douglas Creek,2.22,0.38,0.03,0.2,0.43,431,8.64,4.5,3.79,2.5,1.65,0.08,0.2,24,0.36,BRL,BRL,104,531,BRL,0.4,0.5,78.4,14.3,70,10.2,44,4.93,2.67,1.3,20,5.24,1,4,0.94,BRL,40.8,75,0.43,390,2,12,32.9,48,26,9.08,124,,1.5,13,BRL,6.3,4,234,0.9,0.89,BRL,14.8,0.8,0.43,4.39,128,2,27,2.8,111,112,20.5,7.5,,9.8,,,0.4,8.5,,0.6,2.4,1.8,,36.8,,,11.7,,,,,,,,,
2,05-103-70000-OS00,39.991,-109.0171,TOTAL SA PR-15-7C,UT CRC,"TC, TOC, HAWK, ICP, XRD",AGAT,E160301-141,969.5,,,Green River,Douglas Creek,1.75,0.27,0.05,0.21,0.23,430,6.02,3.6,2.38,2.1,1.46,0.07,0.49,27.6,0.36,BRL,BRL,60,527,BRL,0.2,0.4,67.3,8.4,44,5.7,30,4.63,2.55,1.16,14,4.92,2,6,0.93,BRL,34.8,44,0.41,320,BRL,12,29.3,25,15,8.02,93.4,,1.3,9,BRL,5.7,5,165,0.8,0.81,BRL,11.4,0.6,0.43,3.93,72,2,25.4,2.7,77,203,37.8,10.6,,10,,,3.3,5.1,,2.6,4.6,1.2,0.4,21.8,,,2.5,,,,,,,,,
2,05-103-70000-OS00,39.991,-109.0171,TOTAL SA PR-15-7C,UT CRC,"TC, TOC, HAWK, ICP, XRD",AGAT,E160301-142,977.5,,,Green River,Douglas Creek,1.45,,,,,,5.59,3,2.31,2.2,1.26,0.07,0.07,26.5,0.29,BRL,BRL,54,578,BRL,0.2,0.3,57.6,7.6,39,4.7,27,3.74,2.31,0.98,12,3.89,2,7,0.79,BRL,29.9,38,0.4,320,BRL,9,25,23,17,6.95,93.6,,0.7,8,BRL,4.8,BRL,173,0.7,0.66,BRL,10.5,0.6,0.37,3.48,65,2,22.7,2.4,68,251,38.3,11.5,,14.8,,,0.6,4,,2.8,4.3,2.1,0,19.9,,,1.7,,,,,,,,,
2,05-103-70000-OS00,39.991,-109.0171,TOTAL SA PR-15-7C,UT CRC,"TC, TOC, HAWK, ICP, XRD",AGAT,E160301-143,991.45,,,Green River,Douglas Creek,1.64,,,,,,6.37,3.5,3.05,2.3,1.47,0.07,0.13,28.5,0.33,BRL,BRL,61,551,BRL,0.3,0.4,67.9,9.3,44,5.7,29,4.68,2.45,1.13,13,4.92,1,7,0.9,BRL,34.6,46,0.42,410,BRL,11,30,27,21,8.17,97.4,,1,9,BRL,5.7,1,186,0.7,0.79,BRL,11.9,0.6,0.41,3.69,76,2,24.9,2.6,87,218,33.5,10.9,,10.7,,,2.1,5.8,,1.9,3,1.9,,26.9,,,3.2,,,,,,,,,
2,05-103-70000-OS00,39.991,-109.0171,TOTAL SA PR-15-7C,UT CRC,"TC, TOC, HAWK, ICP, XRD",AGAT,E160301-144,999.52,,,Green River,Douglas Creek,1.66,,,,,,8.65,3.5,4.17,2.5,1.57,0.07,0.11,25.1,0.37,BRL,BRL,96,632,BRL,0.4,0.5,81.3,12.9,58,9.9,41,5.12,2.75,1.38,20,5.58,2,4,0.97,BRL,41.8,60,0.44,510,BRL,12,34,34,29,9.5,126,,1.4,14,BRL,6.5,3,199,0.9,0.9,BRL,15.3,0.8,0.44,3.9,114,2,27.3,2.8,124,126,17,7.4,,4.9,,,2.5,5,,,2.8,2.9,,48.7,,,8.7,,,,,,,,,
2,05-103-70000-OS00,39.991,-109.0171,TOTAL SA PR-15-7C,UT CRC,"TC, TOC, HAWK, ICP, XRD",AGAT,E160301-145,1011.9,,,Green River,Douglas Creek,2.38,,,,,,5.51,5.5,2.23,1.9,1.34,0.07,0.49,27.2,0.29,BRL,BRL,49,604,BRL,0.1,0.3,58.5,9.9,34,4.6,15,4.1,2.48,1.04,10,4.42,1,7,0.83,BRL,29.6,33,0.39,580,2,9,26,31,21,6.98,75.8,,1.8,8,BRL,4.8,1,253,0.6,0.73,BRL,9.4,0.6,0.39,3.62,59,2,23.7,2.4,66,229,,,,,,,,,,,,,,,,,,,,,,,,,,
2,05-103-70000-OS00,39.991,-109.0171,TOTAL SA PR-15-7C,UT CRC,"TC, TOC, HAWK, ICP, XRD",AGAT,E160301-146,1017.93,,,Green River,Douglas Creek,1.54,0.26,0.03,0.14,0.35,429,8.82,2.8,3.5,2.6,1.6,0.07,0.07,25.2,0.39,BRL,BRL,93,533,BRL,0.4,0.6,86.1,12.8,63,9.5,40,5,2.83,1.4,20,5.44,2,5,0.97,BRL,44.8,74,0.42,420,2,12,36,35,28,10.1,123,,0.8,13,BRL,6.7,2,178,0.9,0.86,BRL,16.1,0.8,0.47,4.16,117,2,26.4,2.7,121,146,17.7,8.1,,6.3,,,3.9,3.2,,0.1,3.5,2.6,,44.9,,,9.7,,,,,,,,,
2,05-103-70000-OS00,39.991,-109.0171,TOTAL SA PR-15-7C,UT CRC,"TC, TOC, HAWK, ICP, XRD",AGAT,E160301-147,1021.35,,,Green River,Douglas Creek,1.92,,,,,,4.84,4.1,1.38,1.8,1.18,0.06,0.04,28.2,0.25,BRL,BRL,36,463,BRL,0.1,BRL,46.9,5.2,27,3.4,10,3.33,1.92,0.88,10,3.41,1,8,0.64,BRL,24.4,25,0.33,560,BRL,10,21.1,17,12,5.54,67.3,,0.7,6,BRL,4.1,BRL,221,0.6,0.53,BRL,9,BRL,0.33,2.95,40,2,18.9,2,42,256,40.1,13.8,,11.1,,,7.5,4.2,,6.1,4.1,1.6,,11.5,,,,,,,,,,,,
2,05-103-70000-OS00,39.991,-109.0171,TOTAL SA PR-15-7C,UT CRC,"TC, TOC, HAWK, ICP, XRD",AGAT,E160301-148,1028.65,,,Green River,Douglas Creek,1.82,0.2,0.03,0.12,0.33,431,8.29,3.5,3.95,2.5,1.76,0.08,0.05,25.2,0.41,BRL,BRL,88,493,BRL,0.4,0.5,89.8,13.6,60,8.7,45,5.37,3.02,1.44,19,5.86,2,5,1.05,BRL,46,69,0.53,460,BRL,14,37.8,35,28,10.5,122,,0.8,14,BRL,6.9,2,199,1,0.97,BRL,16.3,0.7,0.5,4.17,109,3,29.5,3.1,120,150,19.4,8.2,,9.6,,,7,4.4,,0.9,3.2,2.9,,34.4,,,10,,,,,,,,,
2,05-103-70000-OS00,39.991,-109.0171,TOTAL SA PR-15-7C,UT CRC,"TC, TOC, HAWK, ICP, XRD",AGAT,E160301-149,1036.51,,,Green River,Douglas Creek,1.7,,,,,,8.21,3.2,4.01,2.5,1.62,0.08,0.08,26.1,0.4,BRL,BRL,84,497,BRL,0.4,0.5,88.5,12.2,57,8.1,42,5.49,3.01,1.4,18,5.88,1,5,1.09,BRL,45.7,65,0.5,440,BRL,14,38.2,33,25,10.3,112,,1.1,13,BRL,7.3,2,200,1,0.97,BRL,15.9,0.7,0.48,3.66,98,2,29,3.1,133,163,20,8.7,,8.7,,,7,4.3,,0.6,3.3,3,,34.4,,,10.1,,,,,,,,,
2,05-103-70000-OS00,39.991,-109.0171,TOTAL SA PR-15-7C,UT CRC,"TC, TOC, HAWK, ICP, XRD",AGAT,E160301-150,1045.9,,,Green River,Douglas Creek,1.43,,,,,,5.02,3,1.67,1.9,1.06,0.09,0.03,32.7,0.37,BRL,BRL,43,472,BRL,0.2,BRL,62.8,3.8,31,2.9,11,5.04,3,1.12,9,5,1,12,1.01,BRL,31.4,25,0.51,400,BRL,13,28.5,17,11,7.63,69.9,,0.7,7,BRL,5.6,BRL,173,1,0.82,BRL,10.4,BRL,0.51,3.8,44,2,29.6,3.3,65,415,48.1,16.5,,11.8,,,5,2.5,,3.4,4,1.4,,7.3,,,,,,,,,,,,
2,05-103-70000-OS00,39.991,-109.0171,TOTAL SA PR-15-7C,UT CRC,"TC, TOC, HAWK, ICP, XRD",AGAT,E160301-151,1053.67,,,Green River,Douglas Creek,1.24,,,,,,6.36,2.5,1.92,2.2,1.13,0.07,0.03,31.3,0.36,BRL,BRL,43,507,BRL,0.2,0.2,66.5,9,40,5,24,4.41,2.56,1.08,14,4.5,1,8,0.87,BRL,34,35,0.42,320,BRL,12,28.6,25,22,7.63,91.8,,0.7,8,BRL,5.4,BRL,176,0.9,0.73,BRL,11.2,0.6,0.41,3.63,66,2,24.1,2.6,68,288,36.5,17.1,,10.1,,,8.5,3.1,,2.2,3.9,1.5,,14.8,,,2.3,,,,,,,,,
2,05-103-70000-OS00,39.991,-109.0171,TOTAL SA PR-15-7C,UT CRC,"TC, TOC, HAWK, ICP, XRD",AGAT,E160301-152,1056.67,,,Green River,Douglas Creek,1.39,,,,,,7.53,3,3.21,2.5,1.45,0.08,0.04,27.4,0.4,BRL,BRL,74,515,BRL,0.3,0.4,80.8,11.6,54,7,36,5,2.97,1.31,18,5.4,2,7,0.98,BRL,41.8,61,0.49,310,BRL,14,35,32,23,9.53,110,,2.5,12,BRL,6.5,2,200,1,0.88,BRL,13.9,0.7,0.49,4.13,94,2,27.7,3.1,100,238,26.7,12.3,,9.7,,,5.7,4.8,,2.4,2.8,1.6,,29.4,,,4.6,,,,,,,,,
2,05-103-70000-OS00,39.991,-109.0171,TOTAL SA PR-15-7C,UT CRC,"TC, TOC, HAWK, ICP, XRD",AGAT,E160301-153,1066.8,,,Green River,Douglas Creek,1.98,0.28,0.02,0.28,0.4,435,8.92,4,4.17,2.6,1.78,0.08,0.1,23.4,0.38,BRL,BRL,100,472,BRL,0.4,0.3,86.8,11.4,61,9.9,45,5.16,2.71,1.32,20,5.48,1,3,0.96,BRL,46.4,66,0.43,450,BRL,13,36.5,34,22,10.3,124,,1,14,BRL,6.5,1,228,0.9,0.89,BRL,16.4,0.8,0.44,4.8,114,2,26.5,2.7,119,101,10.8,5,,6.7,,,12.4,5.9,,3.1,,2.2,,44.1,,,9.7,,,,,,,,,
2,05-103-70000-OS00,39.991,-109.0171,TOTAL SA PR-15-7C,UT CRC,"TC, TOC, HAWK, ICP, XRD",AGAT,E160301-154,1075.5,,,Green River,Douglas Creek,5.3,0.68,0.08,3.37,0.31,440,4.93,8.2,2.09,1.9,4.42,0.06,0.03,21.5,0.25,BRL,BRL,78,405,BRL,0.2,0.5,46.5,5,43,5.2,16,2.82,1.68,0.76,11,3.14,BRL,4,0.58,BRL,24.6,62,0.28,660,2,8,19.7,19,13,5.45,80.2,,0.9,7,BRL,3.7,1,490,0.6,0.51,BRL,7.8,0.5,0.27,4.32,89,2,15.9,1.7,71,113,24.1,2.7,,6.2,,,3,,,23.6,12.1,,,23.8,,,4.5,,,,,,,,,
2,05-103-70000-OS00,39.991,-109.0171,TOTAL SA PR-15-7C,UT CRC,"TC, TOC, HAWK, ICP, XRD",AGAT,E160301-155,1080,,,Green River,Carbonate Marker,4.71,1.9,0.25,11.61,0.35,436,6.16,4.8,2.52,2.2,3.39,0.03,0.07,24.3,0.28,BRL,BRL,86,382,BRL,0.1,0.3,53.6,6.9,50,7.3,16,3.21,1.64,0.86,13,3.43,1,3,0.61,BRL,29.9,98,0.28,370,BRL,10,22.8,28,12,6.39,101,,3.7,8,BRL,4.2,1,339,0.6,0.53,BRL,8,0.7,0.27,3.44,98,2,16.2,1.7,80,99.5,24.5,3.1,,7.1,,,4.5,,,11.1,9.6,,,33.4,,,6.7,,,,,,,,,
2,05-103-70000-OS00,39.991,-109.0171,TOTAL SA PR-15-7C,UT CRC,"TC, TOC, HAWK, ICP, XRD",AGAT,E160301-156,1084.5,,,Green River,Carbonate Marker,6.69,1.08,0.25,7.38,0.36,440,3.73,9.7,1.46,1.5,5.41,0.05,0.17,19.4,0.2,BRL,BRL,57,371,BRL,BRL,0.3,33,4.1,34,3.9,12,2.21,1.3,0.54,8,2.45,BRL,3,0.43,BRL,18,70,0.22,280,6,6,14.5,19,9,4.03,61.6,,1.4,5,BRL,2.9,BRL,681,BRL,0.4,BRL,5.5,BRL,0.21,4.65,71,1,12.2,1.3,49,87.1,27.3,3.4,,3.7,,,2.3,,,28.1,16.3,0,0.2,18.7,,,0,,,,,,,,,
2,05-103-70000-OS00,39.991,-109.0171,TOTAL SA PR-15-7C,UT CRC,"TC, TOC, HAWK, ICP, XRD",AGAT,E160301-157,1091.8,,,Green River,Carbonate Marker,4.96,0.64,0.05,2.9,0.33,441,5.34,8,2.27,1.8,4.37,0.03,0.38,20.8,0.24,BRL,BRL,80,420,BRL,0.1,0.5,49.8,6.8,38,5,20,3.17,1.89,0.83,11,3.36,1,3,0.66,BRL,25.9,135,0.32,420,5,12,20.9,23,17,5.74,70.4,,1.4,8,BRL,4,BRL,609,BRL,0.56,BRL,10.2,0.6,0.32,7.18,93,1,17.4,1.9,72,90.9,18.8,6.3,,2.1,,,3.4,1.3,,18.7,9.2,,0.4,33.7,,,6.1,,,,,,,,,
2,05-103-70000-OS00,39.991,-109.0171,TOTAL SA PR-15-7C,UT CRC,"TC, TOC, HAWK, ICP, XRD",AGAT,E160301-158,1092.54,,,Green River,Carbonate Marker,6.38,0.89,0.08,4.52,0.39,441,4.77,10.3,2.24,1.7,5.33,0.03,0.41,16.6,0.19,BRL,BRL,82,481,BRL,0.1,0.6,46.5,7.6,37,4.8,23,3.32,1.97,0.75,11,3.2,1,2,0.67,BRL,23.6,124,0.32,450,5,6,19.6,23,19,5.35,68.8,,1.2,8,BRL,3.7,BRL,792,BRL,0.56,BRL,9.7,0.5,0.32,9.58,109,1,18.4,2,68,64.7,13.4,5.5,,2.3,,,1.8,1.9,,36.5,,,0.5,31.9,,,6.2,,,,,,,,,
2,05-103-70000-OS00,39.991,-109.0171,TOTAL SA PR-15-7C,UT CRC,"TC, TOC, HAWK, ICP, XRD",AGAT,E160301-159,1096.92,,,Green River,Carbonate Marker,7.98,1.39,0.17,8.72,0.44,442,3.31,11.1,1.65,1.4,5.96,0.04,0.27,14.2,0.15,BRL,BRL,61,350,BRL,0.1,0.4,29.3,5,30,3.9,14,2,1.1,0.51,7,2.11,BRL,2,0.38,BRL,15.2,79,0.17,360,4,5,13,18,9,3.48,60.3,,0.6,5,BRL,2.5,BRL,778,BRL,0.34,BRL,5.5,BRL,0.17,3.01,64,BRL,11.2,1,59,60.5,16,2.2,,2.6,,,2.1,1.1,,50.8,,,0.3,19.5,,,5.4,,,,,,,,,
2,05-103-70000-OS00,39.991,-109.0171,TOTAL SA PR-15-7C,UT CRC,"TC, TOC, HAWK, ICP, XRD",AGAT,E160301-160,1109.3,,,Green River,Carbonate Marker,2.05,0.6,0.07,1.45,0.4,433,8.76,3.7,3.17,2.7,1.86,0.06,0.8,23.3,0.32,BRL,BRL,101,384,BRL,0.5,0.5,69.7,14.3,58,9.4,45,4,2.23,1.18,22,4.6,2,3,0.8,BRL,37,82,0.35,300,2,12,30.6,33,22,8.38,115,,1.5,13,BRL,5.5,3,212,0.7,0.7,BRL,14.8,0.7,0.34,4.08,136,3,22.5,2.1,114,89.8,12.5,6.9,,6.7,,,18.9,4.5,,4.9,,,0.8,38.2,,,6.6,,,,,,,,,
2,05-103-70000-OS00,39.991,-109.0171,TOTAL SA PR-15-7C,UT CRC,"TC, TOC, HAWK, ICP, XRD",AGAT,E160301-161,1115.5,,,Green River,Carbonate Marker,8.95,1.56,0.31,10.06,0.38,440,3.13,12.7,1.75,1.1,6.74,0.02,0.35,13.4,0.14,BRL,BRL,46,339,BRL,0.2,BRL,29.9,5.1,26,3.5,11,1.82,0.97,0.49,7,2.16,BRL,1,0.34,BRL,15.6,65,0.16,410,2,6,12.7,19,9,3.44,49.6,,0.5,BRL,BRL,2.3,1,788,BRL,0.31,BRL,4.3,BRL,0.17,1.76,58,1,9.1,1,47,52.6,13.5,2.2,,2.3,,,1,,,47.9,8.6,,0.3,19.2,,,5,,,,,,,,,
2,05-103-70000-OS00,39.991,-109.0171,TOTAL SA PR-15-7C,UT CRC,"TC, TOC, HAWK, ICP, XRD",AGAT,E160301-162,1118.2,,,Green River,Carbonate Marker,7.52,4.36,0.82,37.74,0.54,433,5.93,6.5,2.81,2.1,3.07,0.08,0.79,21.7,0.23,BRL,BRL,94,422,BRL,0.3,0.6,55.4,9.6,50,6.8,38,3.09,1.59,0.9,15,3.5,1,2,0.59,BRL,28.7,111,0.26,470,7,10,23.4,34,16,6.6,92,,1.3,9,BRL,4.4,2,438,0.7,0.54,BRL,8.3,0.8,0.27,6.19,140,1,15.4,1.7,95,86.9,15.6,7.3,,3.5,,,2.8,3.1,,16.8,,,0.8,44.3,,,5.8,,,,,,,,,
2,05-103-70000-OS00,39.991,-109.0171,TOTAL SA PR-15-7C,UT CRC,"TC, TOC, HAWK, ICP, XRD",AGAT,E160301-163,1130,,,Green River,Carbonate Marker,1.38,,,,,,6.56,2.9,2.83,2.2,1.37,0.07,0.06,30.6,0.34,BRL,BRL,60,551,BRL,0.3,0.5,75.3,10.4,42,5.8,34,5.16,2.66,1.33,16,5.49,2,5,0.94,BRL,38.1,49,0.44,350,2,14,33.5,28,22,9.02,94.2,,2.3,10,BRL,6.1,3,186,1.1,0.87,BRL,10.9,0.6,0.43,3.19,75,2,25.7,2.7,87,197,31.3,14.3,,10.4,,,3.9,4.8,,3,2.2,1.2,,24.2,,,4.8,,,,,,,,,
2,05-103-70000-OS00,39.991,-109.0171,TOTAL SA PR-15-7C,UT CRC,"TC, TOC, HAWK, ICP, XRD",AGAT,E160301-164,1136.7,,,Green River,Carbonate Marker,1.47,,,,,,6.52,2.9,3.16,2.3,1.39,0.07,0.07,29.5,0.34,BRL,BRL,65,567,BRL,0.3,0.3,73.3,10.7,45,5.9,31,4.73,2.58,1.31,16,5.47,2,5,0.92,BRL,37.1,48,0.45,420,BRL,14,32.5,29,21,8.81,96.2,,0.9,10,BRL,6,3,189,1.1,0.85,BRL,11.4,0.6,0.45,3.28,79,3,24.9,2.8,86,190,28,15.4,,11.9,,,2.3,5.2,,2.6,2.6,2.3,,26.3,,,3.4,,,,,,,,,
2,05-103-70000-OS00,39.991,-109.0171,TOTAL SA PR-15-7C,UT CRC,"TC, TOC, HAWK, ICP, XRD",AGAT,E160301-165,1150.5,,,Green River,Carbonate Marker,2.69,0.73,0.05,1.64,0.29,436,8.06,6.4,3.92,2.3,1.69,0.06,0.34,22.4,0.31,BRL,BRL,103,553,BRL,0.4,0.4,79.7,10.9,57,8.7,40,4.83,2.4,1.33,21,5.25,1,2,0.9,BRL,41,65,0.4,480,BRL,13,34.5,34,21,9.34,108,,1.6,13,BRL,6.4,3,306,0.9,0.86,BRL,13.2,0.7,0.39,3.93,118,2,24.2,2.5,116,84.5,11.4,8.8,,7.4,,,2.6,10.9,,2.1,2.2,1.6,0.2,44.3,,,8.5,,,,,,,,,
2,05-103-70000-OS00,39.991,-109.0171,TOTAL SA PR-15-7C,UT CRC,"TC, TOC, HAWK, ICP, XRD",AGAT,E160301-166,1152.5,,,Green River,Carbonate Marker,3.88,1.52,0.11,6.33,0.43,433,7.58,5.3,3.77,2.4,2.09,0.06,0.24,22.6,0.31,BRL,BRL,99,493,BRL,0.3,0.5,72.4,12.2,55,8.4,37,4.26,2.21,1.19,20,4.91,1,3,0.79,BRL,37.6,67,0.37,610,BRL,13,30.9,33,22,8.7,107,,1.2,12,BRL,5.8,6,299,0.9,0.76,BRL,12.5,0.7,0.38,5.19,122,2,21.1,2.5,111,95.8,12.7,8,,3.8,,,2.7,6,,6.9,,2.3,0.1,48.9,,,8.6,,,,,,,,,
2,05-103-70000-OS00,39.991,-109.0171,TOTAL SA PR-15-7C,UT CRC,"TC, TOC, HAWK, ICP, XRD",AGAT,E160301-167,1158.8,,,Green River,Carbonate Marker,3.98,1.58,0.11,7.6,0.41,438,7.71,6.7,3.39,2.2,1.65,0.06,0.16,22.1,0.3,BRL,BRL,103,537,BRL,0.4,0.4,70.4,10.5,56,8.3,42,4.11,2.08,1.21,20,4.77,1,3,0.77,BRL,37,73,0.35,380,5,12,31.6,31,24,8.79,103,,1.1,12,BRL,5.5,3,316,0.9,0.74,BRL,12.5,0.7,0.35,4.76,139,4,20.2,2.1,111,84.2,12,6.1,,4.4,,,1.3,12,,3.4,,1.4,,50.1,,,9.1,,,,,,,,,
2,05-103-70000-OS00,39.991,-109.0171,TOTAL SA PR-15-7C,UT CRC,"TC, TOC, HAWK, ICP, XRD",AGAT,E160301-168,1165.22,,,Green River,Carbonate Marker,5.59,4.05,0.67,29.16,0.38,424,8.23,3.2,3.41,2.5,2.38,0.06,0.11,23.4,0.27,BRL,BRL,108,409,BRL,0.6,0.7,60.4,14.7,63,8.6,57,3.1,1.71,0.91,22,3.84,1,2,0.61,BRL,31.9,87,0.29,390,4,11,26.1,47,28,7.27,114,,1.2,12,BRL,4.8,3,295,0.8,0.68,BRL,11.2,0.7,0.31,4.66,167,2,16.4,1.8,119,81.5,12.4,6.5,,8.9,,,1.2,2.3,,12.3,,,3.7,45.7,,,7,,,,,,,,,
2,05-103-70000-OS00,39.991,-109.0171,TOTAL SA PR-15-7C,UT CRC,"TC, TOC, HAWK, ICP, XRD",AGAT,E160301-169,1171.35,,,Green River,Carbonate Marker,4.48,4.16,0.44,32.27,0.33,438,8.69,0.9,3.92,2.6,1.47,0.06,1.49,26.2,0.33,BRL,BRL,122,380,BRL,0.6,0.8,74,14.5,70,9.3,58,3.99,2.13,1.17,23,4.58,2,3,0.78,BRL,39.1,79,0.36,270,14,13,32.2,45,23,8.83,122,,1.2,13,BRL,5.8,2,166,1,0.74,BRL,12.3,1,0.36,5.94,184,2,20.9,2.2,131,109,16.7,4.9,,9.7,,,0.5,5.1,,,2.6,,1.5,54,,,5,,,,,,,,,
2,05-103-70000-OS00,39.991,-109.0171,TOTAL SA PR-15-7C,UT CRC,"TC, TOC, HAWK, ICP, XRD",AGAT,E160301-170,1178.5,,,Green River,Carbonate Marker,6.61,3.01,0.86,24.3,0.54,435,6.57,6.8,3.04,2.2,3.31,0.05,0.5,20.4,0.22,BRL,BRL,107,609,BRL,1,0.9,58.3,12.2,54,6.9,83,3.44,1.98,0.93,18,3.81,1,3,0.67,BRL,29.9,82,0.34,370,21,10,25.1,34,33,6.85,93.3,,1.5,10,BRL,4.5,2,527,0.6,0.62,BRL,9.4,0.8,0.32,4.48,187,2,18.8,2.1,113,88.2,12.9,7.6,,4.4,,,2.7,0.8,,22.7,,,3.7,39.8,,,5.4,,,,,,,,,
2,05-103-70000-OS00,39.991,-109.0171,TOTAL SA PR-15-7C,UT CRC,"TC, TOC, HAWK, ICP, XRD",AGAT,E160301-171,1184.25,,,Green River,Carbonate Marker,4.84,0.7,0.08,3.46,0.51,439,5.41,7.1,2.6,1.8,4.03,0.03,1.36,21.8,0.24,BRL,BRL,74,402,BRL,0.2,0.3,52.6,8.1,45,6.4,24,3.47,1.81,0.88,14,3.53,BRL,3,0.65,BRL,26.7,34,0.31,340,4,11,22.9,27,18,6.33,78.1,,1.6,8,BRL,4.2,4,675,0.7,0.57,BRL,8.6,0.6,0.32,6.81,117,2,18.5,1.9,59,93.7,21.4,4.2,,7.9,,,9.1,,,20.2,11.5,,1.4,20.3,,,4,,,,,,,,,
2,05-103-70000-OS00,39.991,-109.0171,TOTAL SA PR-15-7C,UT CRC,"TC, TOC, HAWK, ICP, XRD",AGAT,E160301-172,1190.65,,,Green River,Carbonate Marker,2.77,0.51,0.07,2.85,0.32,440,4.45,3.8,1.57,1.7,2.34,0.03,0.5,30.5,0.24,BRL,BRL,64,1854,BRL,BRL,0.2,42.8,4.6,36,4.1,9,2.85,1.46,0.72,11,3.14,1,3,0.56,BRL,22.9,51,0.26,240,2,10,19.5,20,8,5.43,68.9,,0.9,5,BRL,3.5,2,4692,0.7,0.49,BRL,6.1,BRL,0.26,2.67,63,2,14.7,1.6,56,121,44.4,6.9,,8.1,,,1.2,,,7.5,8.9,,6.2,16.7,,,,,,,,,,,,
2,05-103-70000-OS00,39.991,-109.0171,TOTAL SA PR-15-7C,UT CRC,"TC, TOC, HAWK, ICP, XRD",AGAT,E160301-173,1197.1,,,Green River,Carbonate Marker,6.42,3.96,1.23,32.81,0.45,435,6.65,4.3,2.88,2.1,3.22,0.02,0.89,22.2,0.24,BRL,BRL,100,346,BRL,0.4,0.6,48.9,10.6,55,7.5,33,2.64,1.41,0.74,17,2.86,2,2,0.47,BRL,26.4,120,0.23,320,13,10,20.5,34,20,5.74,106,,1.2,9,BRL,3.5,2,331,0.7,0.45,BRL,7.1,0.8,0.22,3.13,141,2,13.6,1.5,98,76.3,21.4,5.4,,8.4,,,1.3,,,15.1,5.4,,0.9,36.4,,,5.7,,,,,,,,,
2,05-103-70000-OS00,39.991,-109.0171,TOTAL SA PR-15-7C,UT CRC,"TC, TOC, HAWK, ICP, XRD",AGAT,E160301-174,1204.5,,,Green River,Carbonate Marker,4.65,1.38,0.12,8.46,0.4,440,4.99,5.5,2.26,1.8,3.43,0.03,0.52,25.1,0.24,BRL,BRL,80,375,BRL,0.1,0.6,45.4,8.4,43,5.4,15,2.73,1.48,0.76,12,3.06,1,3,0.52,BRL,24,70,0.24,330,4,10,19.5,33,15,5.38,83.2,,1.8,6,BRL,3.6,3,369,0.8,0.49,BRL,6.3,0.6,0.25,2.76,86,2,14,1.6,87,92.8,31.8,5.4,,5.1,,,1.4,,,15.5,8.7,,0.3,27.5,,,4.3,,,,,,,,,
2,05-103-70000-OS00,39.991,-109.0171,TOTAL SA PR-15-7C,UT CRC,"TC, TOC, HAWK, ICP, XRD",AGAT,E160301-175,1214.37,,,Green River,Carbonate Marker,9.58,6.72,1.23,61.92,0.59,434,6.31,5,2.5,2,3.51,0.05,0.15,21.5,0.21,BRL,BRL,87,443,BRL,0.7,0.9,57.1,12.5,48,6.5,211,3.36,1.69,0.89,17,3.81,1,2,0.66,BRL,29.9,86,0.28,340,29,9,24.8,29,33,6.78,89.6,,2.5,10,BRL,4.5,2,435,0.6,0.59,BRL,9.2,0.6,0.29,12.6,190,1,17.8,1.9,106,83.4,18.6,5.9,,6.4,,,0.2,,,14.4,10.3,,,37.9,,,6.3,,,,,,,,,
2,05-103-70000-OS00,39.991,-109.0171,TOTAL SA PR-15-7C,UT CRC,"TC, TOC, HAWK, ICP, XRD",AGAT,E160301-176,1218.7,,,Green River,Carbonate Marker,4.41,2.31,0.38,14.39,0.51,438,7.1,3.6,3.21,2.4,2.63,0.05,0.28,24.4,0.28,BRL,BRL,113,406,BRL,0.8,0.8,74.1,11.6,57,8.2,64,4.36,2.42,1.16,20,5.13,1,3,0.86,BRL,37,80,0.42,410,12,12,30.8,38,36,8.6,107,,1.6,11,BRL,5.7,3,267,0.8,0.8,BRL,13,0.7,0.42,6.04,182,2,23.3,2.4,111,96.9,22.7,5.9,,10.5,,,0.6,,,17.7,,0,,35.4,,,7.2,,,,,,,,,
2,05-103-70000-OS00,39.991,-109.0171,TOTAL SA PR-15-7C,UT CRC,"TC, TOC, HAWK, ICP, XRD",AGAT,E160301-177,1222.52,,,Green River,Carbonate Marker,8.36,8.04,1.29,79.75,0.51,425,7.92,0.5,3.68,2.6,1.62,0.04,1.62,26.6,0.31,BRL,115,128,332,BRL,0.6,0.8,56.9,13.4,69,8.9,60,2.74,1.45,0.78,21,2.95,2,3,0.5,BRL,31.4,109,0.27,100,12,12,23.1,51,26,6.69,126,,3.8,11,BRL,4.1,3,127,0.8,0.48,BRL,8.6,1,0.26,3.84,202,2,14.6,1.7,102,103,22.3,6.9,,9.2,,,1.3,,,1.6,0.7,,1.9,52.7,,,3.4,,,,,,,,,
2,05-103-70000-OS00,39.991,-109.0171,TOTAL SA PR-15-7C,UT CRC,"TC, TOC, HAWK, ICP, XRD",AGAT,E160301-178,1226.47,,,Green River,Carbonate Marker,9.73,6.93,1.47,64.33,0.45,431,6.22,4.4,2.93,2.1,3.32,0.04,0.29,20.5,0.22,BRL,BRL,100,386,BRL,0.6,0.6,55.3,12.2,49,6.8,60,3.08,1.69,0.87,17,3.52,1,3,0.58,BRL,29.7,92,0.29,320,19,10,24.3,27,24,6.65,92.7,,1.7,10,BRL,4.3,3,324,0.7,0.54,BRL,9.5,0.7,0.29,7.5,166,1,16.7,1.7,103,90.9,15.2,4.8,,5.5,,,3.2,,,20.1,,0.6,,46.1,,,4.4,,,,,,,,,
2,05-103-70000-OS00,39.991,-109.0171,TOTAL SA PR-15-7C,UT CRC,"TC, TOC, HAWK, ICP, XRD",AGAT,E160301-179,1234.65,,,Green River,Carbonate Marker,5.74,1.43,0.24,7.87,0.43,413,5.48,7.2,2.71,1.9,4.12,0.04,0.67,18,0.21,BRL,BRL,96,384,BRL,0.2,0.5,46.4,7.8,45,5.7,27,2.82,1.5,0.76,14,3.08,1,2,0.56,BRL,23.6,62,0.26,390,2,9,20,28,14,5.48,80.3,,1.3,8,BRL,3.7,3,512,0.6,0.5,BRL,8.1,0.6,0.26,3.88,105,1,15.2,1.6,79,68,15.1,4.1,,5.4,,,1.4,,,32.8,,,0.8,33.9,,,6.5,,,,,,,,,
2,05-103-70000-OS00,39.991,-109.0171,TOTAL SA PR-15-7C,UT CRC,"TC, TOC, HAWK, ICP, XRD",AGAT,E160301-180,1242.9,,,Green River,Carbonate Marker,4.68,1.47,0.24,7.77,0.27,414,6.74,6.1,2.99,2.3,3.33,0.08,0.81,22,0.26,BRL,BRL,110,475,BRL,0.4,0.6,68.3,10,57,7.6,33,4.38,2.2,1.23,18,4.96,1,2,0.81,BRL,32.5,68,0.35,350,2,11,31.1,36,21,8.42,102,,1.8,10,BRL,5.8,3,553,0.7,0.75,BRL,10.5,0.7,0.35,8.09,139,2,22.7,2.2,106,86.3,16.3,3.9,,6.8,,,1.4,1.3,,18.1,5.2,,0.8,40.3,,,5.9,,,,,,,,,
2,05-103-70000-OS00,39.991,-109.0171,TOTAL SA PR-15-7C,UT CRC,"TC, TOC, HAWK, ICP, XRD",AGAT,E160301-181,1246.6,,,Green River,Carbonate Marker,6.94,2.71,0.66,18.23,0.53,413,6.06,7.3,2.96,2,4.45,0.04,0.7,19.2,0.23,BRL,BRL,90,597,BRL,0.5,0.5,59.8,11.4,45,5.9,49,4.37,2.25,1.04,16,4.44,1,2,0.81,BRL,29.3,73,0.38,450,5,9,26.2,28,27,6.98,80.3,,1.4,10,BRL,5,3,846,0.7,0.75,BRL,12.2,0.5,0.37,11.9,143,2,22.5,2.4,88,86.9,13.4,4.9,,5.9,,,0.9,,,25.8,6.9,,0.7,36.1,,,5.4,,,,,,,,,
2,05-103-70000-OS00,39.991,-109.0171,TOTAL SA PR-15-7C,UT CRC,"TC, TOC, HAWK, ICP, XRD",AGAT,E160301-182,1252.1,,,Green River,Carbonate Marker,4.75,1.98,0.27,14.86,0.31,438,3.13,4,1.04,0.4,1.02,0.02,0.22,18.2,0.14,BRL,BRL,23,82.8,BRL,0.2,0.3,31.8,3.8,11,1.5,17,2.04,1.02,0.5,8,2.13,BRL,2,0.39,BRL,14.9,20,0.19,70,BRL,6,13.1,20,15,3.67,20.4,,0.6,6,BRL,2.5,2,169,BRL,0.34,BRL,5.2,BRL,0.18,6.11,39,1,10.6,1.2,47,62.8,34.5,10,,9.5,,,1.4,17.6,,8.4,,,1.8,9.5,,,7.3,,,,,,,,,
2,05-103-70000-OS00,39.991,-109.0171,TOTAL SA PR-15-7C,UT CRC,"TC, TOC, HAWK, ICP, XRD",AGAT,E160301-183,1257.1,,,Green River,Carbonate Marker,10.17,2.24,0.34,15.52,0.42,438,3.19,23.7,1.55,1,1.41,0.07,1,10.4,0.12,BRL,BRL,43,417,BRL,0.2,0.4,33.7,6,24,3.4,31,2.26,1.12,0.55,8,2.32,BRL,BRL,0.39,BRL,17.3,29,0.19,540,6,5,14.9,20,12,4.08,45.2,,0.8,6,BRL,2.8,1,555,BRL,0.37,BRL,6.4,BRL,0.19,7.05,71,1,12,1.2,44,31.8,8.3,1.5,,3.5,,,,68.4,,,,,1.2,17.1,,,,,,,,,,,,
2,05-103-70000-OS00,39.991,-109.0171,TOTAL SA PR-15-7C,UT CRC,"TC, TOC, HAWK, ICP, XRD",AGAT,E160301-184,1261.45,,,Green River,Carbonate Marker,7.47,3.2,0.41,24.13,0.33,437,5.51,12.2,2.07,1.7,1.68,0.05,0.9,19,0.24,BRL,BRL,84,298,BRL,0.2,0.3,47,6.5,51,6.1,21,2.86,1.51,0.69,14,2.97,1,2,0.55,BRL,24.9,45,0.26,280,BRL,10,20.5,25,15,5.57,88.7,,0.9,8,BRL,3.7,3,394,0.7,0.46,BRL,7.5,0.6,0.24,4.01,103,2,15.2,1.7,78,78.4,18.1,4.1,,3.2,,,,26.1,,4.5,,,1,37.9,,,5.1,,,,,,,,,
2,05-103-70000-OS00,39.991,-109.0171,TOTAL SA PR-15-7C,UT CRC,"TC, TOC, HAWK, ICP, XRD",AGAT,E160301-185,1268.4,,,Green River,Carbonate Marker,7.37,5.74,1.16,53.03,0.41,433,7.11,2.8,2.11,2.4,2.51,0.03,0.12,24.9,0.28,BRL,BRL,121,337,BRL,0.5,0.8,51.1,11.1,63,8.6,52,2.5,1.42,0.68,19,2.82,1,2,0.49,BRL,28.7,65,0.25,200,15,12,19.9,33,24,5.87,117,,1.2,10,BRL,3.3,4,211,0.7,0.4,BRL,7.7,0.7,0.24,3.99,182,2,13.9,1.5,108,91.2,21.5,7.4,,5.3,,,0,,,6.2,5.2,,,48.9,,,5.5,,,,,,,,,
2,05-103-70000-OS00,39.991,-109.0171,TOTAL SA PR-15-7C,UT CRC,"TC, TOC, HAWK, ICP, XRD",AGAT,E160301-186,1271.1,,,Green River,Carbonate Marker,4.5,2.98,0.45,22.43,0.3,436,7.43,2.7,2.69,2.7,2.3,0.04,0.97,26.8,0.31,BRL,43,123,379,BRL,0.3,0.7,62.9,9.1,64,8.3,32,3.45,1.8,0.98,19,3.79,2,3,0.65,BRL,33.6,63,0.31,330,6,13,27.1,36,16,7.58,119,,2.2,10,BRL,4.8,3,176,0.9,0.6,BRL,9.7,0.9,0.3,5.95,144,2,17.9,1.9,107,112,24.6,4.6,,11.1,,,1.2,,,10.9,,,1.2,40.7,,,5.7,,,,,,,,,
2,05-103-70000-OS00,39.991,-109.0171,TOTAL SA PR-15-7C,UT CRC,"TC, TOC, HAWK, ICP, XRD",AGAT,E160301-187,1275.5,,,Green River,Carbonate Marker,4.67,4.18,0.38,37.23,0.32,440,8.05,0.8,3.02,2.7,1.82,0.04,0.9,28,0.32,BRL,BRL,138,349,BRL,0.3,0.5,62.2,10,70,9,36,2.99,1.67,0.83,21,3.39,2,3,0.57,BRL,34.4,104,0.29,190,8,13,25.7,34,16,7.27,128,,3.8,12,BRL,4.4,2,116,0.9,0.5,BRL,9.9,0.8,0.28,4.39,150,2,16.3,1.8,111,107,20,7.8,,3.9,,,,,,1.5,5.3,,0.8,55.5,,,5.2,,,,,,,,,
2,05-103-70000-OS00,39.991,-109.0171,TOTAL SA PR-15-7C,UT CRC,"TC, TOC, HAWK, ICP, XRD",AGAT,E160301-188,1283.8,,,Green River,Carbonate Marker,3.25,2.89,0.35,18.96,0.32,437,7.37,1.2,3.02,2.3,1.36,0.06,1.65,28.5,0.31,BRL,BRL,103,358,BRL,0.3,0.8,59.7,9.3,68,8.4,38,3.25,1.79,0.94,20,3.67,2,3,0.59,BRL,32.8,88,0.31,220,11,13,25.7,37,24,7.08,126,,1.2,11,BRL,4.6,6,161,1,0.58,BRL,10.2,0.9,0.31,4.15,154,2,17.3,1.9,103,108,25.7,6.6,,4.6,,,,1.8,,,3,,1.8,52,,,4.5,,,,,,,,,
2,05-103-70000-OS00,39.991,-109.0171,TOTAL SA PR-15-7C,UT CRC,"TC, TOC, HAWK, ICP, XRD",AGAT,E160301-189,1289.5,,,Green River,Carbonate Marker,15.12,4.93,22.07,30.82,0.59,433,0.3,18,2.47,0.1,8.26,0.02,2.43,4.1,BRL,BRL,BRL,BRL,6470,BRL,0.1,0.3,8.4,1.2,BRL,0.3,6,0.9,0.48,0.16,BRL,0.94,BRL,BRL,0.16,BRL,3.7,18,0.07,650,6,BRL,4.1,9,8,1.05,3.1,,0.4,BRL,BRL,1,BRL,16208,BRL,0.16,BRL,1.5,BRL,0.08,5.3,11,BRL,5.3,0.5,22,3.1,9,0.7,,1.5,,,1.4,,,78.1,0,,1.9,,,,,,,7.4,,,,,,
2,05-103-70000-OS00,39.991,-109.0171,TOTAL SA PR-15-7C,UT CRC,"TC, TOC, HAWK, ICP, XRD",AGAT,E160301-190,1298.75,,,Green River,Carbonate Marker,3.41,1.96,0.26,11.83,0.4,439,7.53,2.8,2.53,2.2,2.23,0.05,0.84,26.6,0.33,BRL,37,98,399,BRL,0.3,0.3,70,9.2,57,7.7,31,4.44,2.48,1.11,21,4.6,1,4,0.84,BRL,35.7,69,0.42,240,8,14,29.9,29,21,8.1,107,,2.1,11,BRL,5.5,2,265,0.9,0.77,BRL,11.9,0.8,0.42,8.65,136,3,24,2.6,76,150,30.3,7.5,,10.3,,,0.4,0.3,,10.1,2.1,0,1,32.6,,,5.4,,,,,,,,,
2,05-103-70000-OS00,39.991,-109.0171,TOTAL SA PR-15-7C,UT CRC,"TC, TOC, HAWK, ICP, XRD",AGAT,E160301-191,1308.5,,,Green River,Carbonate Marker,5.76,4.42,1.02,37.22,0.52,436,8.22,2.4,3.17,2.5,2.29,0.11,1.21,24.3,0.31,BRL,BRL,121,359,BRL,0.4,0.6,76.1,11.3,73,9.9,36,4.55,2.11,1.39,22,5.58,2,3,0.77,BRL,39.3,88,0.33,360,9,13,36.2,38,20,9.6,132,,1.5,12,BRL,6.7,4,188,0.9,0.81,BRL,10.5,0.9,0.33,7.29,160,2,23,2,127,95,17.8,4.6,,9.3,,,2.9,,,8.9,1.3,,49.7,,,,5.5,,,,,,,,,
2,05-103-70000-OS00,39.991,-109.0171,TOTAL SA PR-15-7C,UT CRC,"TC, TOC, HAWK, ICP, XRD",AGAT,E160301-192,1312.1,,,Green River,Carbonate Marker,9.22,2.43,0.43,19.67,0.36,439,3.44,11.3,2.13,1.1,6.25,0.03,0.67,15.3,0.16,BRL,BRL,56,262,BRL,0.1,0.4,32.5,3.7,32,4.1,12,2,1.09,0.52,9,2.26,BRL,2,0.37,BRL,17.5,45,0.19,720,4,7,13.7,17,9,3.8,56.5,,1.1,BRL,BRL,2.4,BRL,329,BRL,0.36,BRL,4.6,BRL,0.19,2.39,70,1,11.2,1.2,47,58.3,18.5,1.9,,2.7,,,0,,,44.1,9,,0.7,21.4,,,1.7,,,,,,,,,
2,05-103-70000-OS00,39.991,-109.0171,TOTAL SA PR-15-7C,UT CRC,"TC, TOC, HAWK, ICP, XRD",AGAT,E160301-193,1318.45,,,Green River,Carbonate Marker,7.52,2.62,0.42,21.9,0.47,437,5.16,8.3,2.47,1.6,4.56,0.03,0.57,19.3,0.2,BRL,BRL,71,326,BRL,0.2,0.3,44.9,5.5,41,5.5,22,2.97,1.56,0.81,13,3.23,BRL,2,0.53,BRL,22.8,46,0.24,390,4,9,20.4,22,13,5.42,78.9,,1.1,7,BRL,3.9,2,451,0.6,0.51,BRL,7.6,0.5,0.24,4.79,91,3,15.8,1.5,55,66.9,21.1,3.8,,4.7,,,0.7,,,25.3,14.4,,0.3,25.7,,,4,,,,,,,,,
2,05-103-70000-OS00,39.991,-109.0171,TOTAL SA PR-15-7C,UT CRC,"TC, TOC, HAWK, ICP, XRD",AGAT,E160301-194,1325.1,,,Green River,Carbonate Marker,6.31,6.21,0.58,61.31,0.37,433,8.28,0.4,2.67,2.5,1.45,0.04,1.22,26.7,0.31,BRL,35,119,324,BRL,0.4,1.1,58.3,10.9,72,9.7,39,2.78,1.43,0.83,22,3.07,2,3,0.49,BRL,31.5,77,0.27,180,15,14,24.6,41,24,6.98,134,,2,12,BRL,4.3,3,96.7,0.9,0.5,BRL,9.6,1,0.25,5.05,172,2,14.8,1.6,112,108,23.8,5.4,,9,,,1.9,,,,1.2,,1.2,52.9,,,4.6,,,,,,,,,
2,05-103-70000-OS00,39.991,-109.0171,TOTAL SA PR-15-7C,UT CRC,"TC, TOC, HAWK, ICP, XRD",AGAT,E160301-195,1328.5,,,Green River,Carbonate Marker,10.17,9.59,1.14,100.78,0.36,433,7.18,1,2.63,2.2,1.63,0.03,1.49,25.9,0.29,BRL,BRL,99,385,BRL,0.3,0.8,50.2,9.2,63,8.4,34,2.47,1.5,0.69,19,2.71,2,3,0.49,BRL,28.1,79,0.28,190,12,13,21.1,36,24,5.91,118,,1.3,10,BRL,3.4,3,124,0.8,0.44,BRL,7.9,0.9,0.25,3.85,154,4,14.6,1.7,107,106,23.7,8,,2.9,,,,,,4.5,,,1.3,53.8,,,5.8,,,,,,,,,
2,05-103-70000-OS00,39.991,-109.0171,TOTAL SA PR-15-7C,UT CRC,"TC, TOC, HAWK, ICP, XRD",AGAT,E160301-196,1332.5,,,Green River,Carbonate Marker,9.58,7.32,1.31,78.23,0.56,436,6.64,7.1,2.63,1.8,1.16,0.07,1.96,21.3,0.26,BRL,BRL,80,323,BRL,0.3,0.7,50,8.4,55,7.6,23,2.75,1.43,0.72,17,2.94,1,2,0.47,BRL,27,52,0.25,390,9,11,21.1,29,17,5.86,105,,0.9,9,BRL,3.9,3,294,0.7,0.45,BRL,7.7,0.8,0.24,4.1,117,3,14.5,1.5,96,82.9,18.6,4.4,,7.1,,,3.5,18.2,,,,,2.3,44.5,,,1.4,,,,,,,,,
2,05-103-70000-OS00,39.991,-109.0171,TOTAL SA PR-15-7C,UT CRC,"TC, TOC, HAWK, ICP, XRD",AGAT,E160301-197,1337.52,,,Green River,Carbonate Marker,7.15,1.73,0.12,11.13,0.56,441,4.65,16.7,2.13,1.4,1.17,0.18,1.36,16.1,0.22,BRL,BRL,54,382,BRL,0.3,0.5,51.6,6.5,42,5.1,18,3.77,1.79,0.98,12,3.98,BRL,2,0.67,BRL,25.9,26,0.3,590,BRL,10,24.5,24,17,6.36,76.7,,1.4,7,BRL,4.8,2,332,0.6,0.65,BRL,8.7,0.5,0.3,2.68,91,2,20.1,1.8,66,73.3,14.5,4,,2.6,,,,36.8,,4.4,,,1.5,31.9,,,4.3,,,,,,,,,
2,05-103-70000-OS00,39.991,-109.0171,TOTAL SA PR-15-7C,UT CRC,"TC, TOC, HAWK, ICP, XRD",AGAT,E160301-198,1343.7,,,Green River,Carbonate Marker,7.35,1.11,0.1,6.48,0.45,440,3.36,18.8,1.62,1.2,0.95,0.14,1.06,16.5,0.18,BRL,BRL,31,481,BRL,0.1,0.6,38,5,24,2.6,9,2.65,1.44,0.69,8,2.87,BRL,3,0.5,BRL,18.8,20,0.25,1010,4,8,16.7,17,13,4.52,53.6,,0.6,BRL,BRL,3.3,1,459,0.6,0.45,BRL,6.1,BRL,0.24,1.78,45,4,14.3,1.5,51,109,21.3,4.8,,4.9,,,,47.5,,,4.6,,1.1,15.7,,,,,,,,,,,,
2,05-103-70000-OS00,39.991,-109.0171,TOTAL SA PR-15-7C,UT CRC,"TC, TOC, HAWK, ICP, XRD",AGAT,E160301-199,1349.63,,,Green River,Carbonate Marker,3.59,2.32,0.05,3.33,0.45,435,7.7,4.5,4.14,2.2,1.01,0.09,2.63,26.3,0.4,BRL,87,83,471,BRL,0.6,0.7,72.9,15.1,66,7.8,55,4.08,2.24,1.03,21,4.78,2,4,0.78,BRL,38,52,0.41,350,29,17,31.1,45,32,8.5,119,,3.6,12,BRL,5.7,5,191,1.2,0.73,BRL,14.8,1.1,0.39,5.03,135,3,21.7,2.4,98,136,22.1,5.8,,7.9,,,,7.9,,,4.6,,1.9,44.4,,,5.3,,,,,,,,,
2,05-103-70000-OS00,39.991,-109.0171,TOTAL SA PR-15-7C,UT CRC,"TC, TOC, HAWK, ICP, XRD",AGAT,E160301-200,1354.5,,,Green River,Carbonate Marker,3.59,,,,,,4.54,9.5,1.85,1.9,1.41,0.05,0.48,26.2,0.25,BRL,BRL,29,531,BRL,0.2,0.2,53.3,6.8,31,3.5,13,3.56,1.96,0.9,12,3.78,1,6,0.7,BRL,26.5,30,0.34,610,3,11,23,21,16,6.25,82.7,,1,7,BRL,4.4,3,202,0.8,0.6,BRL,8.6,BRL,0.33,6.22,60,2,20.9,2.2,49,233,28.8,17.5,,17.9,,,1.2,16.3,,,7.3,,,6.1,,5,,,,,,,,,,
2,05-103-70000-OS00,39.991,-109.0171,TOTAL SA PR-15-7C,UT CRC,"TC, TOC, HAWK, ICP, XRD",AGAT,E160301-201,1361.5,,,Green River,Long Point Bed,1.09,,,,,,5.65,2.6,1.74,2.3,1.02,0.05,0.57,33.9,0.3,BRL,BRL,26,576,BRL,0.2,0.2,77.6,6.7,33,3.6,13,4.08,2.18,1,14,4.59,1,12,0.75,BRL,37.9,27,0.4,280,4,13,34.3,22,18,9.27,99.2,,0.9,7,BRL,6,2,123,1.1,0.72,BRL,14.4,0.7,0.4,4.05,51,2,22.1,2.6,57,481,42.4,23.2,,12.9,,,1.6,2.8,,1.4,3.3,0.4,,6.2,,3.4,2.5,,,,,,,,,
2,05-103-70000-OS00,39.991,-109.0171,TOTAL SA PR-15-7C,UT CRC,"TC, TOC, HAWK, ICP, XRD",AGAT,E160301-202,1367.47,,,Green River,Long Point Bed,0.91,,,,,,5.37,2,1.39,2.4,0.79,0.05,0.03,34.8,0.21,BRL,BRL,21,601,BRL,0.1,BRL,50.1,5.3,28,2.8,12,2.98,1.54,0.91,12,3.31,1,5,0.56,BRL,25.1,25,0.27,260,BRL,10,22.4,18,17,5.97,96.2,,0.5,6,BRL,4.1,1,122,1,0.51,BRL,7.3,0.6,0.26,2,43,2,16,1.7,56,205,45.2,19.9,,15.7,,,0.3,2.4,,3.4,2.4,1.3,,5.3,,3.9,0,,,,,,,,,
2,05-103-70000-OS00,39.991,-109.0171,TOTAL SA PR-15-7C,UT CRC,"TC, TOC, HAWK, ICP, XRD",AGAT,E160301-203,1368.37,,,Green River,Long Point Bed,0.67,,,,,,6.07,1.7,1.34,2.4,0.89,0.04,0.02,34.3,0.26,BRL,BRL,29,605,BRL,0.2,BRL,46.5,7.4,34,3.9,16,2.74,1.48,0.69,15,2.81,1,6,0.49,BRL,24,30,0.27,130,BRL,12,20,23,18,5.55,104,,0.7,5,BRL,3.7,1,120,0.9,0.45,BRL,9.4,0.6,0.25,2.32,56,2,14.2,1.7,56,225,43.8,18.5,,15.6,,,0.2,2.2,,,4.1,0.6,,7.8,,4.7,2.5,,,,,,,,,
2,05-103-70000-OS00,39.991,-109.0171,TOTAL SA PR-15-7C,UT CRC,"TC, TOC, HAWK, ICP, XRD",AGAT,E160301-204,1381.3,,,Green River,Castle Peak,1.28,0.26,0.03,0.05,0.31,441,8.08,2.6,4.11,2.4,1.6,0.06,0.03,27.8,0.46,BRL,BRL,48,580,BRL,0.5,0.5,110,13.6,59,8.2,46,6.36,3.34,1.66,23,7.15,2,4,1.16,BRL,54.6,73,0.54,300,BRL,21,47.7,38,27,12.8,134,,1,14,BRL,8.7,4,124,1.5,1.12,BRL,18.8,0.8,0.54,4.21,106,3,33,3.4,123,147,43.8,18.5,,15.6,,,0.2,2.2,,,4.1,0.6,,7.8,,4.7,2.5,,,,,,,,,
2,05-103-70000-OS00,39.991,-109.0171,TOTAL SA PR-15-7C,UT CRC,"TC, TOC, HAWK, ICP, XRD",AGAT,E160301-205,1388.47,,,Green River,Castle Peak,,,,,,,4.96,0.2,1.46,1.8,0.4,0.03,0.02,37.8,0.25,BRL,BRL,34,447,BRL,0.2,0.7,39.4,4.3,30,2.5,12,2.45,1.64,0.52,11,2.32,1,5,0.5,BRL,21.6,27,0.32,40,BRL,12,15.2,19,23,4.33,64.1,,1.1,5,BRL,2.6,4,85.8,0.8,0.38,BRL,10.9,BRL,0.29,2.97,66,2,15,2,76,179,51,15.1,,9.2,,,,0.5,,1.9,,0.7,,18.1,,3.5,,,,,,,,,,
2,05-103-70000-OS00,39.991,-109.0171,TOTAL SA PR-15-7C,UT CRC,"TC, TOC, HAWK, ICP, XRD",AGAT,E160301-206,1398.5,,,Green River,Castle Peak,8.08,4.88,0.16,10.22,1.79,428,5.62,9.1,6.04,1.5,0.95,0.3,1.2,18.7,0.26,BRL,BRL,60,332,BRL,0.3,1.2,88.8,12.7,47,5.8,23,6.69,3.32,1.73,15,7.59,5,3,1.22,BRL,42.3,39,0.51,3830,9,12,41,28,16,10.5,90.7,,1.2,10,BRL,8.3,3,339,0.8,1.19,BRL,10.5,0.5,0.52,13.7,104,2,38.3,3.1,100,98.8,19.2,4,,5.2,,,,17.5,,,0,9.6,1.7,29.4,,10.1,3.3,,,,,,,,,
2,05-103-70000-OS00,39.991,-109.0171,TOTAL SA PR-15-7C,UT CRC,"TC, TOC, HAWK, ICP, XRD",AGAT,E160301-207,1403.52,,,Green River,Castle Peak,1.85,0.2,0.01,0.05,0.29,436,8.25,4.5,3.67,2.2,1.48,0.07,0.05,25.9,0.41,BRL,BRL,52,417,BRL,0.5,0.6,98.7,34.3,58,9.4,58,6.22,3.38,1.51,21,6.82,2,3,1.12,BRL,49.1,53,0.54,920,BRL,17,42,32,30,11.1,120,,1,14,BRL,7.7,8,186,1.2,1.06,BRL,17.2,0.7,0.53,3.74,117,3,35.4,3.4,127,121,23.7,6.1,,9.4,,,0.3,8.8,,0.9,2.9,,,25.4,,14.8,7.7,,,,,,,,,
2,05-103-70000-OS00,39.991,-109.0171,TOTAL SA PR-15-7C,UT CRC,"TC, TOC, HAWK, ICP, XRD",AGAT,E160301-208,1406.5,,,Green River,Castle Peak,0.57,,,,,,9.85,1.1,3.95,2.6,1.46,0.06,0.05,27.3,0.43,BRL,BRL,69,391,BRL,0.5,0.2,94.3,10.9,73,11.5,59,5.31,2.75,1.39,28,5.9,2,3,0.95,BRL,50.3,64,0.47,250,BRL,18,40.3,38,31,11.1,146,,1.1,16,BRL,7.4,5,182,1.3,0.88,BRL,22,0.9,0.46,3.7,148,3,27.5,2.9,113,106,19.2,5.4,,8.3,,,0.4,1.5,,0,1.9,,0,36.6,,18.8,7.9,,,,,,,,,
2,05-103-70000-OS00,39.991,-109.0171,TOTAL SA PR-15-7C,UT CRC,"TC, TOC, HAWK, ICP, XRD",AGAT,E160301-209,1411.92,,,Green River,Castle Peak,1.4,,,,,,8.92,3.6,2.92,2.2,1.4,0.09,0.13,25.6,0.4,BRL,BRL,64,364,BRL,0.4,0.6,100,9.2,63,10.1,41,7,3.6,1.71,25,7.69,2,3,1.26,BRL,49.7,54,0.58,580,BRL,16,43.3,39,24,11.6,121,,1.4,15,BRL,8.3,6,207,1.2,1.18,BRL,17.2,0.8,0.57,6.39,125,3,39.4,3.4,114,121,17.6,4.3,,5.7,,,1.5,5.9,,3.1,1.8,,0.1,39.8,,14.3,5.9,,,,,,,,,
2,05-103-70000-OS00,39.991,-109.0171,TOTAL SA PR-15-7C,UT CRC,"TC, TOC, HAWK, ICP, XRD",AGAT,E160301-210,1415.52,,,Green River,Castle Peak,2.69,,,,,,5.15,4.8,5.3,2,1.37,0.06,0.06,27.7,0.23,BRL,BRL,25,1402,BRL,0.2,0.3,54.3,7,29,3.7,27,3.99,2.08,0.94,13,4.18,1,4,0.74,BRL,26.8,34,0.36,1170,BRL,10,24.1,20,16,6.26,92.6,,0.5,8,BRL,4.8,2,195,0.7,0.66,BRL,8.8,BRL,0.36,4.49,65,2,23.8,2.1,58,155,41,17,,10.6,,,0.9,8.5,,0.6,3.8,5.6,,2.2,,6.4,3.5,,,,,,,,,
2,05-103-70000-OS00,39.991,-109.0171,TOTAL SA PR-15-7C,UT CRC,"TC, TOC, HAWK, ICP, XRD",AGAT,E160301-211,1426.4,,,Green River,Castle Peak,5.16,1.62,0.07,6.99,0.43,437,6.88,11,3.54,1.8,1.26,0.14,1.58,19.1,0.29,BRL,BRL,67,432,BRL,0.3,0.3,77.1,10.4,57,7.6,35,4.76,2.45,1.26,19,5.36,1,2,0.85,BRL,39.7,44,0.39,620,2,13,34.7,31,21,9.21,104,,1.3,12,BRL,6.5,4,350,0.9,0.81,BRL,13.3,0.7,0.39,3.29,118,2,25.2,2.4,80,77,15.9,4,,4.7,,,0.6,25.5,,,2,,1.9,27.1,,11.5,6.9,,,,,,,,,
2,05-103-70000-OS00,39.991,-109.0171,TOTAL SA PR-15-7C,UT CRC,"TC, TOC, HAWK, ICP, XRD",AGAT,E160301-212,1439.5,,,Green River,Castle Peak,4.8,1.61,0.04,0.67,0.47,432,6.63,10.6,2.87,1.6,0.8,0.17,1.4,21.6,0.32,BRL,40,68,304,BRL,0.4,1.1,65.5,5.5,57,7.8,65,4.28,2.21,1.18,18,4.47,1,3,0.78,BRL,33.2,38,0.34,420,30,13,30.2,31,28,7.94,88,,3.4,13,BRL,5.8,3,324,0.9,0.72,BRL,12.2,0.6,0.35,17.3,163,4,22.3,2.3,64,99.1,20.7,3.4,,7.3,,,,25.7,,,,,1.2,30.2,,7.7,3.8,,,,,,,,,
2,05-103-70000-OS00,39.991,-109.0171,TOTAL SA PR-15-7C,UT CRC,"TC, TOC, HAWK, ICP, XRD",AGAT,E160301-213,1442,,,Green River,Castle Peak,8.11,,,,,,3.31,25.1,1.63,0.8,0.7,0.05,0.82,9.7,0.14,BRL,36,33,201,BRL,0.2,1.1,34.3,5.7,29,3.6,10,2.34,1.22,0.62,9,2.56,BRL,1,0.44,BRL,18.1,20,0.2,1370,27,6,16.1,17,22,4.2,50.9,,2.6,6,BRL,3.2,2,301,BRL,0.44,BRL,5.4,BRL,0.21,7.48,77,2,14.2,1.3,38,43.4,8.1,,,3.7,,,,66.7,,,,,0.8,12.4,,8.4,,,,,,,,,,
2,05-103-70000-OS00,39.991,-109.0171,TOTAL SA PR-15-7C,UT CRC,"TC, TOC, HAWK, ICP, XRD",AGAT,E160301-214,1445.4,,,Green River,Castle Peak,9.87,0.63,,1.56,0.48,440,2,29,1.37,0.5,0.63,0.15,0.95,6.8,0.09,BRL,BRL,21,285,BRL,0.1,0.5,21.5,8.9,17,2.1,20,1.43,0.75,0.38,5,1.49,BRL,BRL,0.25,BRL,11.2,10,0.12,1020,6,4,9.5,30,8,2.52,28.5,,1,BRL,BRL,1.7,1,476,BRL,0.25,BRL,3.1,BRL,0.12,9.14,41,1,7.8,0.8,33,34.5,8.6,,,0.5,,,,86.1,,,,,1.3,2,,1.4,,,,,,,,,,
2,05-103-70000-OS00,39.991,-109.0171,TOTAL SA PR-15-7C,UT CRC,"TC, TOC, HAWK, ICP, XRD",AGAT,E160301-215,1448.95,,,Green River,Castle Peak,9.7,5.27,0.42,26.35,0.69,430,5.6,14,1.99,1.5,1.09,0.17,1.04,16.4,0.22,BRL,BRL,57,342,BRL,0.3,0.7,47.4,6.9,48,6.6,59,3.07,1.59,0.84,15,3.31,2,2,0.54,BRL,25.2,29,0.26,370,6,9,21.3,30,15,5.78,86.4,,2.3,9,BRL,4,2,446,0.6,0.53,BRL,9,0.6,0.26,2.74,90,2,16.8,1.6,125,69.7,,,,,,,,,,,,,,,,,,,,,,,,,,
2,05-103-70000-OS00,39.991,-109.0171,TOTAL SA PR-15-7C,UT CRC,"TC, TOC, HAWK, ICP, XRD",AGAT,E160301-216,1456.57,,,Green River,Castle Peak,4.75,0.72,0.02,1.65,0.51,434,4.9,9.7,2.23,1.6,2.84,0.08,1.34,22.2,0.24,BRL,BRL,53,320,BRL,0.3,0.6,52,6.7,39,5.1,24,3.84,1.97,1.03,12,4.35,BRL,3,0.74,BRL,25.9,38,0.31,400,8,10,24.2,22,18,6.26,73,,1.9,7,BRL,5,3,436,0.6,0.68,BRL,8.8,0.6,0.31,5.28,86,6,21.9,2.1,92,123,36.6,5.5,,4.5,,,,10.6,,22.4,,,3,11.8,,3.1,2.1,,,,0.3,,,,,
2,05-103-70000-OS00,39.991,-109.0171,TOTAL SA PR-15-7C,UT CRC,"TC, TOC, HAWK, ICP, XRD",AGAT,E160301-217,1459.1,,,Green River,Castle Peak,5.89,1.6,0.04,4.3,0.49,439,5.73,12.9,2.62,1.4,1.82,0.07,1.67,17.9,0.22,BRL,BRL,53,281,BRL,0.3,0.5,51.9,8.3,38,5.5,27,3.14,1.66,0.89,14,3.74,BRL,2,0.58,BRL,26.5,36,0.26,410,11,9,23.2,23,19,5.91,71.3,,2.2,9,BRL,4.4,2,568,0.6,0.56,BRL,9.6,0.7,0.27,8.02,123,2,17.5,1.6,74,73.2,21.9,4.5,,3.3,,,,34.4,,5.7,,,2.9,24,,1.3,1.1,,,,0.9,,,,,
2,05-103-70000-OS00,39.991,-109.0171,TOTAL SA PR-15-7C,UT CRC,"TC, TOC, HAWK, ICP, XRD",AGAT,E160301-218,1465.5,,,Green River,Uteland Butte,11.98,0.69,0.11,3.06,0.44,433,0.89,23.1,0.71,0.3,7.67,0.03,0.27,3.6,0.04,BRL,BRL,16,201,BRL,BRL,BRL,13,1.7,BRL,0.8,6,1.07,0.61,0.27,2,1.13,BRL,BRL,0.2,BRL,6.3,18,0.1,460,4,2,5.9,13,5,1.51,13.1,,0.3,BRL,BRL,1.3,BRL,577,BRL,0.2,BRL,2.2,BRL,0.1,4.58,27,1,6.7,0.6,19,17,5.1,0,,0.5,,,,21.5,,70.7,,,1.9,0,,0,0,,,,0.3,,,,,
2,05-103-70000-OS00,39.991,-109.0171,TOTAL SA PR-15-7C,UT CRC,"TC, TOC, HAWK, ICP, XRD",AGAT,E160301-219,1468.85,,,Green River,Uteland Butte,10.99,0.24,,0.45,0.36,439,0.84,30,1.27,0.3,2.42,0.04,1.26,3.7,0.04,BRL,BRL,13,156,BRL,0.2,0.3,16.7,1.6,BRL,0.9,6,1.39,0.7,0.38,2,1.51,BRL,BRL,0.25,BRL,8.1,13,0.11,320,5,2,8,5,11,2.01,13,,0.3,BRL,BRL,1.6,2,709,BRL,0.24,BRL,2.6,BRL,0.11,2.68,23,BRL,8.8,0.7,16,23.1,6.3,0,,1.3,,,,70.9,,18.1,,,2.5,0,,0,0,,,,0.9,,,,,
2,05-103-70000-OS00,39.991,-109.0171,TOTAL SA PR-15-7C,UT CRC,"TC, TOC, HAWK, ICP, XRD",AGAT,E160301-220,1474.1,,,Green River,Uteland Butte,12.34,,,,,,0.24,26.1,0.53,BRL,7.59,0.01,0.23,1.6,BRL,BRL,BRL,BRL,162,BRL,BRL,0.3,9.6,1.4,BRL,0.2,6,1.12,0.58,0.25,BRL,1.1,BRL,BRL,0.2,BRL,4.1,BRL,0.09,340,3,BRL,4.7,BRL,10,1.17,3.1,,0.7,BRL,BRL,1.1,BRL,508,BRL,0.2,BRL,2,BRL,0.09,1.35,12,BRL,6,0.5,8,6.8,2.8,0,,0,,,,26.3,,70.5,,,0,0,,0,0,,,,0.4,,,,,
2,05-103-70000-OS00,39.991,-109.0171,TOTAL SA PR-15-7C,UT CRC,"TC, TOC, HAWK, ICP, XRD",AGAT,E160301-221,1475.7,,,Green River,Uteland Butte,7.19,4.14,0.4,41.87,0.43,440,5.17,8.1,1.84,1.8,2.23,0.04,1.3,22.6,0.24,BRL,30,67,334,BRL,0.3,0.8,42.9,6.7,49,6,29,2.53,1.43,0.65,13,2.55,1,4,0.47,BRL,22.9,70,0.25,290,16,11,18.6,27,17,5,86.6,,1.9,7,BRL,3.3,4,338,0.7,0.43,BRL,9.7,0.7,0.25,4.58,112,2,13.9,1.6,92,126,38.2,4.9,,3.7,,,,17,,10.4,,,2.4,20.7,,1.4,1.3,,,,0,,,,,
2,05-103-70000-OS00,39.991,-109.0171,TOTAL SA PR-15-7C,UT CRC,"TC, TOC, HAWK, ICP, XRD",AGAT,E160301-222,1481.65,,,Green River,Uteland Butte,12.34,0.2,0.02,0.63,0.48,443,0.13,35.1,0.22,BRL,2.14,0.02,0.11,0.6,BRL,BRL,BRL,BRL,168,BRL,BRL,BRL,2.5,1,BRL,0.1,5,0.25,0.13,0.06,BRL,0.26,BRL,BRL,BRL,BRL,1.2,BRL,BRL,220,BRL,BRL,1.3,BRL,BRL,0.33,2.4,,0.5,BRL,BRL,0.2,BRL,539,BRL,BRL,BRL,0.5,BRL,BRL,0.61,9,BRL,1.4,0.1,11,2.1,0.9,0,,0,,,,83.3,,15.4,,,0,0,,0,0,,,,0.4,,,,,
2,05-103-70000-OS00,39.991,-109.0171,TOTAL SA PR-15-7C,UT CRC,"TC, TOC, HAWK, ICP, XRD",AGAT,E160301-223,1484.5,,,Green River,Uteland Butte,11.79,,,,,,0.35,31.6,0.52,0.2,3.27,0.03,0.38,1.9,0.02,BRL,BRL,BRL,176,BRL,BRL,0.2,12.3,1.1,BRL,0.4,BRL,1.21,0.63,0.3,BRL,1.36,BRL,BRL,0.23,BRL,5.3,BRL,0.1,380,BRL,BRL,6,5,8,1.43,5.5,,0.2,BRL,BRL,1.3,BRL,620,BRL,0.22,BRL,2.5,BRL,0.09,3.37,14,BRL,7.3,0.6,11,8.3,3.4,0,,0,,,,66.3,,29.1,,,0.9,0,,0,0,,,,0.3,,,,,
2,05-103-70000-OS00,39.991,-109.0171,TOTAL SA PR-15-7C,UT CRC,"TC, TOC, HAWK, ICP, XRD",AGAT,E160301-224,1488.1,,,Green River,Uteland Butte,7.24,1.89,0.2,13.57,0.38,436,4.54,15.8,1.52,1.5,1.99,0.06,0.96,17.5,0.19,BRL,BRL,52,247,BRL,0.2,0.6,38.5,5.9,37,4.9,24,2.49,1.28,0.67,11,2.62,BRL,2,0.44,BRL,19.6,61,0.21,280,6,8,17.4,20,12,4.54,70,,1.2,7,BRL,3.3,2,391,BRL,0.43,BRL,7.7,0.5,0.2,2.7,90,1,12.8,1.3,69,75.1,24.5,3.8,,3.9,,,,37,,8,,,1.7,18.5,,1.4,1.3,,,,0,,,,,
2,05-103-70000-OS00,39.991,-109.0171,TOTAL SA PR-15-7C,UT CRC,"TC, TOC, HAWK, ICP, XRD",AGAT,E160301-225,1494.2,,,Green River,Uteland Butte,12.58,,,,,,0.14,27.9,0.27,BRL,6.71,0.02,0.08,0.9,BRL,BRL,BRL,BRL,161,BRL,BRL,BRL,4.7,1,BRL,0.2,5,0.4,0.16,0.1,BRL,0.5,BRL,BRL,0.07,BRL,2.9,BRL,BRL,260,2,BRL,2.2,5,BRL,0.63,2.1,,0.2,BRL,BRL,0.5,BRL,425,BRL,0.07,BRL,0.6,BRL,BRL,0.7,8,1,2.6,0.2,7,9,1.5,0,,0,,,,37.9,,59.9,,,0,0,,0,0,,,,0.7,,,,,
2,05-103-70000-OS00,39.991,-109.0171,TOTAL SA PR-15-7C,UT CRC,"TC, TOC, HAWK, ICP, XRD",AGAT,E160301-226,1498.5,,,Green River,Uteland Butte,12.39,,,,,,0.19,23.7,0.57,0.1,9.5,BRL,0.2,2.1,BRL,BRL,BRL,BRL,884,BRL,BRL,BRL,3.9,1.3,BRL,0.2,8,0.41,0.22,0.08,BRL,0.4,BRL,BRL,0.07,BRL,1.9,10,BRL,290,4,BRL,1.9,5,15,0.47,3,,0.8,BRL,BRL,0.4,BRL,451,BRL,0.07,BRL,0.8,BRL,BRL,0.69,7,BRL,2.6,0.2,8,2.9,4.2,0,,0,,,,12.2,,83.4,,,0,0,,0,0,,,,0.2,,,,,
2,05-103-70000-OS00,39.991,-109.0171,TOTAL SA PR-15-7C,UT CRC,"TC, TOC, HAWK, ICP, XRD",AGAT,E160301-227,1505.51,,,Green River,Uteland Butte,11.7,0.21,,0.63,0.39,444,0.62,28.7,0.34,0.2,4.7,0.06,0.19,3.1,0.02,BRL,BRL,10,155,BRL,BRL,BRL,5.5,1.5,BRL,0.6,9,0.35,0.18,0.1,2,0.41,BRL,BRL,0.06,BRL,2.9,12,BRL,230,7,1,2.3,9,BRL,0.64,9.8,,0.6,BRL,BRL,0.5,1,764,BRL,0.06,BRL,0.9,BRL,BRL,3.45,12,BRL,2.1,0.2,15,8.4,5.1,0,,0,,,,51.8,,42.6,,,0,0,,0,0,,,,0.5,,,,,
2,05-103-70000-OS00,39.991,-109.0171,TOTAL SA PR-15-7C,UT CRC,"TC, TOC, HAWK, ICP, XRD",AGAT,E160301-228,1508.5,,,Green River,Uteland Butte,9.19,1.73,0.18,11.27,0.46,436,2.95,23.4,1.97,0.8,0.93,0.1,1.85,10.5,0.13,BRL,54,34,241,BRL,0.2,0.3,29.3,4.3,28,3.1,18,1.86,0.98,0.54,7,2.06,BRL,1,0.33,BRL,15.6,26,0.16,340,14,6,13.6,16,10,3.54,47.1,,0.9,BRL,BRL,2.4,2,414,BRL,0.3,BRL,4.4,BRL,0.16,6.61,63,BRL,10.8,0.9,36,40.8,15.6,2.3,,3.3,,,,57.7,,0,,,4.8,14.4,,1.4,0,,,,0.4,,,,,
2,05-103-70000-OS00,39.991,-109.0171,TOTAL SA PR-15-7C,UT CRC,"TC, TOC, HAWK, ICP, XRD",AGAT,E160301-229,1518.5,,,Green River,Uteland Butte,8.72,0.94,0.05,5.11,0.53,442,2.86,22.3,1.09,0.9,1.8,0.12,0.46,11.2,0.13,BRL,BRL,33,228,BRL,0.1,0.4,26.7,2.9,22,2.9,10,1.48,0.76,0.47,7,1.85,BRL,1,0.29,BRL,14.1,23,0.14,540,BRL,5,11.7,15,9,3.22,46.1,,0.6,BRL,BRL,2.2,1,468,BRL,0.26,BRL,4.2,BRL,0.13,1.51,49,1,8.6,0.8,43,48.7,15.5,1.6,,1.3,,,,57.9,,9.1,,,0,13.3,,0,1,,,,0.4,,,,,
2,05-103-70000-OS00,39.991,-109.0171,TOTAL SA PR-15-7C,UT CRC,"TC, TOC, HAWK, ICP, XRD",AGAT,E160301-230,1524.1,,,Green River,Base Uteland-Wasatch,2.83,1.11,0.13,5.21,0.34,434,7.52,4.4,3.09,2.1,1.82,0.05,1.76,25.5,0.31,BRL,BRL,80,405,BRL,0.4,0.6,59.9,10,61,8.1,32,3.49,1.78,0.96,19,3.68,1,3,0.63,BRL,31.3,49,0.29,270,5,13,25.8,32,23,6.93,108,,1.7,10,BRL,4.7,2,328,0.9,0.59,BRL,10.6,0.8,0.29,3.89,138,2,18.7,1.9,100,112,34.1,6.7,,4.4,,,,9.4,,5.6,,,3.1,31.1,,3.6,2.1,,,,0,,,,,
2,05-103-70000-OS00,39.991,-109.0171,TOTAL SA PR-15-7C,UT CRC,"TC, TOC, HAWK, ICP, XRD",AGAT,E160301-231,1526.6,,,Green River,Base Uteland-Wasatch,7.22,2.35,0.65,17.65,0.59,435,4.88,11.7,2.13,1.5,3.01,0.06,1.26,18.9,0.22,BRL,BRL,59,444,BRL,0.3,0.5,46.7,6.9,42,5.4,22,3.05,1.55,0.85,12,3.48,1,3,0.54,BRL,24.2,33,0.24,440,6,10,20.8,29,17,5.47,75.3,,0.7,7,BRL,3.9,1,666,0.7,0.5,BRL,7.6,0.5,0.25,3.69,93,2,17.5,1.6,68,92,26.6,4.4,,5,,,,18.7,,22,,,1.9,18.7,,1.2,1.5,,,,0,,,,,
2,05-103-70000-OS00,39.991,-109.0171,TOTAL SA PR-15-7C,UT CRC,"TC, TOC, HAWK, ICP, XRD",AGAT,E160301-232,1530.52,,,Green River,Base Uteland-Wasatch,6.66,1.1,0.1,6.74,0.47,440,3.84,13.3,1.57,1.3,3.27,0.03,0.71,18.8,0.18,BRL,BRL,46,458,BRL,0.1,0.6,41.6,4.8,32,3.7,12,2.82,1.4,0.73,9,3.12,BRL,3,0.49,BRL,21.4,25,0.24,380,BRL,8,18.7,16,11,5.01,56.7,,0.9,6,BRL,3.7,BRL,746,0.6,0.49,BRL,7,BRL,0.24,3.17,75,1,15.2,1.5,71,113,,,,,,,,,,,,,,,,,,,,,,,,,,
2,05-103-70000-OS00,39.991,-109.0171,TOTAL SA PR-15-7C,UT CRC,"TC, TOC, HAWK, ICP, XRD",AGAT,E160301-233,1531.67,,,Green River,Base Uteland-Wasatch,5.22,1.73,0.61,11.41,0.53,426,5.72,7.4,2.55,1.9,3.29,0.04,1.82,22.1,0.25,BRL,54,67,415,BRL,0.3,0.5,49,10.5,50,6.1,26,3.06,1.56,0.83,14,3.39,1,2,0.54,BRL,25.4,34,0.27,360,8,11,22.1,39,19,5.72,92.1,,2.3,8,BRL,4,2,534,0.8,0.49,BRL,8.3,0.7,0.26,3.58,107,2,17.3,1.6,67,88.2,,,,,,,,,,,,,,,,,,,,,,,,,,
2,05-103-70000-OS00,39.991,-109.0171,TOTAL SA PR-15-7C,UT CRC,"TC, TOC, HAWK, ICP, XRD",AGAT,E160301-234,1535.82,,,Green River,Base Uteland-Wasatch,10.73,0.76,0.1,4.14,0.61,443,1.86,21.3,1.01,0.6,6.47,0.07,0.56,6.5,0.08,BRL,BRL,24,210,BRL,BRL,BRL,14.6,3.1,16,2,11,0.91,0.49,0.25,5,0.98,BRL,BRL,0.16,BRL,7.7,18,0.1,300,4,4,6.6,13,7,1.68,30.6,,0.4,BRL,BRL,1.2,BRL,819,BRL,0.16,BRL,2.9,BRL,0.08,2.34,40,BRL,5.2,0.6,24,29.2,8.3,0,,1.3,,,,23.8,,58.9,,,0.7,5.9,,0,0.8,,,,0.4,,,,,
2,05-103-70000-OS00,39.991,-109.0171,TOTAL SA PR-15-7C,UT CRC,"TC, TOC, HAWK, ICP, XRD",AGAT,E160301-235,1539.45,,,Green River,Base Uteland-Wasatch,9.58,7.18,0.52,78.82,0.6,432,5.56,5.1,2.65,1.3,2.53,0.07,2.26,21.6,0.26,BRL,BRL,57,269,BRL,0.3,0.4,44.9,8.2,45,5.5,31,2.54,1.37,0.71,15,2.83,1,3,0.44,BRL,24.4,57,0.26,240,15,10,19.5,28,19,5.24,70.9,,1.9,8,BRL,3.3,1,628,0.7,0.44,BRL,7.8,3.8,0.24,3.36,109,2,14.6,1.5,73,116,36.9,5.3,,3.6,,,,6.7,,13.7,,,4,27.2,,2.3,0.2,,,,0,,,,,
2,05-103-70000-OS00,39.991,-109.0171,TOTAL SA PR-15-7C,UT CRC,"TC, TOC, HAWK, ICP, XRD",AGAT,E160301-236,1542.75,,,Green River,Base Uteland-Wasatch,4.81,0.24,0.02,0.14,0.39,430,4.44,14,1.78,0.9,1.43,0.14,0.49,20.7,0.22,BRL,BRL,30,294,BRL,0.3,0.6,36.4,8.6,33,5.2,64,2.27,1.28,0.59,11,2.58,1,3,0.42,BRL,19.3,20,0.22,330,10,9,15.7,32,15,4.27,56.9,,2.8,7,BRL,2.9,5,355,0.5,0.4,BRL,8.8,0.6,0.2,3.13,83,4,13.3,1.4,111,132,34.8,3.5,,1.3,,,,36.7,,3.5,,,0,19.2,,0.8,0,,,,0.3,,,,,
2,05-103-70000-OS00,39.991,-109.0171,TOTAL SA PR-15-7C,UT CRC,"TC, TOC, HAWK, ICP, XRD",AGAT,E160301-237,1549.37,,,Green River,Base Uteland-Wasatch,5.63,,,,,,4.4,10.2,2.35,0.8,5.24,0.03,0.32,18.6,0.21,BRL,31,33,174,BRL,0.3,0.6,39,6.8,35,5.7,56,2.45,1.33,0.63,11,2.76,BRL,3,0.45,BRL,20.1,19,0.22,630,33,8,17,25,16,4.56,48.9,,2,6,BRL,3.2,2,316,0.6,0.42,BRL,8.8,0.6,0.21,6.32,81,3,14.3,1.3,101,126,27.9,2.9,,1.9,,,,2.4,,43.8,,,0,18.7,,2.1,0.4,,,,0,,,,,
2,05-103-70000-OS00,39.991,-109.0171,TOTAL SA PR-15-7C,UT CRC,"TC, TOC, HAWK, ICP, XRD",AGAT,E160301-238,1555.6,,,Green River,Base Uteland-Wasatch,8.72,,,,,,2.47,16.2,1.8,0.9,7.44,0.07,0.34,10.4,0.12,BRL,BRL,26,268,BRL,0.1,0.9,26.5,9.1,18,2.8,17,1.69,0.91,0.51,6,2.12,BRL,2,0.32,BRL,13.3,14,0.14,1500,14,5,12.1,18,10,3.19,40,,0.6,BRL,BRL,2.2,BRL,559,BRL,0.32,BRL,4.6,BRL,0.14,8.53,50,1,10.7,0.9,46,62,15.9,2.8,,1.2,,,,0,,71,,,0,8.2,,0,0.8,,,,0.1,,,,,
2,05-103-70000-OS00,39.991,-109.0171,TOTAL SA PR-15-7C,UT CRC,"TC, TOC, HAWK, ICP, XRD",AGAT,E160301-239,1561.55,,,Green River,Base Uteland-Wasatch,8.32,,,,,,2.57,18,1.48,0.7,5.55,0.05,0.4,11.2,0.13,BRL,32,20,180,BRL,0.1,0.3,33.1,7.4,18,2.5,20,2.28,1.18,0.56,6,2.34,BRL,2,0.41,BRL,17.2,15,0.22,1510,16,5,14.7,16,11,3.84,35.2,,0.6,BRL,BRL,2.7,2,367,BRL,0.36,BRL,4.5,BRL,0.2,8.42,41,2,13.7,1.1,43,69.9,20.1,3.2,,1.8,,,,17.5,,48.8,,,0,5.9,,1.4,0.9,,,,0.5,,,,,
2,43013302150000,40.3239,-110.0936,Gulf 1-10-B2 Reese Estate,UT CRC,"TC, TOC, HAWK, ICP, XRD",AGAT,E160401-001,,7600,7610,Green River,Mahogany zone,6.12,1.39,0.73,6.93,0.39,436,4.85,8.2,2.46,3.5,3.97,0.06,0.45,20.2,0.21,BRL,BRL,187,460,BRL,0.3,0.4,47.3,8.2,45,4.3,26,2.65,1.49,0.74,12,3.1,BRL,2,0.52,BRL,23.9,101,0.24,420,6,8,19.2,24,27,5.61,93,,1.1,8,BRL,3.5,2,556,BRL,0.47,BRL,5.3,BRL,0.22,3.21,72,3,15,1.5,70,77.7,15.5,9.9,28.4,,,,,3.4,,35.3,,,0.2,7.3,,,,,,,,,,,,
2,43013302150000,40.3239,-110.0936,Gulf 1-10-B2 Reese Estate,UT CRC,"TC, TOC, HAWK, ICP, XRD",AGAT,E160401-002,,7670,7680,Green River,Mahogany zone,11.86,7.55,3.92,58.77,0.82,444,4.56,9.7,2.37,2.3,3.3,0.18,1.03,17.3,0.2,BRL,62,121,776,BRL,0.5,0.8,44.3,10.8,54,4.5,42,2.82,1.44,0.73,11,3.39,2,2,0.51,BRL,23,77,0.24,390,17,8,19.1,31,25,5.26,81.8,,2.5,7,BRL,3.7,2,614,0.5,0.45,BRL,7,0.5,0.24,4.57,97,3,15.5,1.5,82,86,11.9,15.2,19.6,,,,,10.5,,33.2,,,1.1,6.4,,,2.1,,,,,,,,,
2,43013302150000,40.3239,-110.0936,Gulf 1-10-B2 Reese Estate,UT CRC,"TC, TOC, HAWK, ICP, XRD",AGAT,E160401-003,,7720,7730,Green River,Mahogany zone,8.41,2.31,4.1,12.69,0.52,437,3.22,10.9,1.52,1.7,6.28,0.03,0.4,16.6,0.15,BRL,BRL,93,635,BRL,0.1,BRL,35,5.9,29,3.7,15,1.86,0.95,0.49,8,2.13,BRL,2,0.34,BRL,17.7,243,0.16,340,3,7,14.4,17,17,4,66.3,,0.7,BRL,BRL,2.7,3,1032,BRL,0.3,BRL,4.6,BRL,0.16,2.2,42,2,10.3,1,44,62.6,16.7,11.9,6.3,,,,,3.4,,46,,,5.2,8.5,,,2,,,,,,,,,
2,43013302150000,40.3239,-110.0936,Gulf 1-10-B2 Reese Estate,UT CRC,"TC, TOC, HAWK, ICP, XRD",AGAT,E160401-004,,7780,7790,Green River,Mahogany zone,9.43,4.51,2.6,29.27,0.62,441,4.45,10.3,2.3,2.3,4.09,0.08,0.47,17,0.2,BRL,BRL,86,592,BRL,0.3,0.4,47.5,9.2,37,3.5,28,2.93,1.56,0.77,11,3.23,BRL,2,0.55,BRL,24.1,116,0.24,470,6,8,19.9,26,22,5.64,80.9,,1.2,7,BRL,3.9,2,659,0.6,0.46,BRL,6.9,BRL,0.24,3.17,65,5,15.8,1.5,71,74.5,8.6,20.1,14.9,,,,,7.2,,40.7,,,0.5,6.7,,,1.2,,,,,,,,,
2,43013302150000,40.3239,-110.0936,Gulf 1-10-B2 Reese Estate,UT CRC,"TC, TOC, HAWK, ICP, XRD",AGAT,E160401-005,,7840,7850,Green River,B-groove,3.93,0.77,1.1,2.16,0.65,437,6.11,6.9,3.22,2.4,3.07,0.07,0.63,21.8,0.29,BRL,BRL,110,912,BRL,0.2,0.2,66.5,19.2,49,5.8,29,4.2,2.19,1.08,15,4.85,1,4,0.74,BRL,32.5,92,0.35,550,3,12,28.5,29,33,7.99,105,,0.9,10,BRL,5.5,3,431,0.7,0.67,BRL,9.9,0.6,0.35,3.33,67,45,21.8,2.1,72,128,15.4,19.6,7.2,,,,,6,,21.6,,,5.9,18.3,,3.1,3.1,,,,,,,,,
2,43013302150000,40.3239,-110.0936,Gulf 1-10-B2 Reese Estate,UT CRC,"TC, TOC, HAWK, ICP, XRD",AGAT,E160401-006,,7880,7890,Green River,B-groove,5.03,1.88,2.79,9.61,0.42,435,6.05,6.4,2.79,2.2,2.54,0.07,0.31,23.5,0.27,BRL,BRL,88,733,BRL,0.3,0.2,64.6,9.6,52,4.5,31,4.7,2.54,1.11,15,4.83,BRL,4,0.87,BRL,31,54,0.4,520,2,11,29.4,27,216,8.08,88,,0.9,9,BRL,5.6,3,367,0.7,0.73,BRL,16.8,BRL,0.41,3.64,68,4,26.7,2.5,77,151,16.8,31.2,8.9,,,,,4.3,,24.7,,,5.4,8,,,0.6,,,,,,,,,
2,43013302150000,40.3239,-110.0936,Gulf 1-10-B2 Reese Estate,UT CRC,"TC, TOC, HAWK, ICP, XRD",AGAT,E160401-007,,7930,7940,Green River,R-6 zone,7.85,2.62,1.14,16.48,0.56,443,4.49,10.1,2.51,2.8,4.49,0.07,0.65,17.9,0.19,BRL,BRL,145,626,BRL,0.3,0.4,47.3,8.5,41,5,27,2.91,1.51,0.77,11,3.27,BRL,2,0.52,BRL,23.9,131,0.27,390,9,8,20.1,25,16,5.68,99,,0.9,7,BRL,3.8,3,733,0.5,0.46,BRL,8.2,BRL,0.25,4.31,69,2,16.2,1.6,67,80.8,12.2,13.9,16.7,,,,,6,,40,,,0.5,9.9,,,1,,,,,,,,,
2,43013302150000,40.3239,-110.0936,Gulf 1-10-B2 Reese Estate,UT CRC,"TC, TOC, HAWK, ICP, XRD",AGAT,E160401-008,,7980,7990,Green River,R-6 zone,9.14,2.76,1.04,18.27,0.46,444,3.24,13.3,1.85,1.7,5.97,0.06,0.45,14,0.14,BRL,BRL,124,576,BRL,0.2,0.3,29.8,6.8,29,3.4,21,1.89,0.98,0.5,8,2.3,BRL,1,0.35,BRL,15.2,139,0.17,350,6,5,13,21,11,3.6,61.2,,0.8,5,BRL,2.5,4,826,BRL,0.31,BRL,5.2,BRL,0.17,3.56,58,1,10.6,1,50,56.4,10,9.5,7.9,,,,,11.8,,41.6,,,5.8,9.6,,,3.7,,,,,,,,,
2,43013302150000,40.3239,-110.0936,Gulf 1-10-B2 Reese Estate,UT CRC,"TC, TOC, HAWK, ICP, XRD",AGAT,E160401-009,,8040,8050,Green River,R-6 zone,8.16,2.31,1.28,14.83,0.62,443,3.93,12.5,2.22,2,5.48,0.06,0.6,15.3,0.16,BRL,BRL,111,597,BRL,0.3,0.3,37.7,7.9,38,3.9,27,2.44,1.24,0.59,10,2.84,BRL,1,0.43,BRL,19,147,0.2,400,6,6,16.2,22,15,4.47,69.3,,1.3,7,BRL,3.4,3,816,BRL,0.4,BRL,6.9,BRL,0.2,4.36,69,1,13.2,1.3,62,58.1,6.7,13,10.3,,,,,12.3,,35,,,6.2,10,,,6.5,,,,,,,,,
2,43013302150000,40.3239,-110.0936,Gulf 1-10-B2 Reese Estate,UT CRC,"TC, TOC, HAWK, ICP, XRD",AGAT,E160401-010,,8140,8150,Green River,R-6 zone,4.64,1.21,0.57,4.94,0.68,441,6.32,8.3,3.2,2.2,3.37,0.09,0.65,20.2,0.29,BRL,BRL,109,536,BRL,0.3,BRL,65.9,11.1,48,7.1,33,3.98,2.19,1.06,16,4.64,1,3,0.73,BRL,32.9,92,0.34,550,3,11,28.1,28,18,7.97,96.4,,1.2,10,BRL,5.5,3,512,0.7,0.67,BRL,10.9,0.5,0.35,3.74,86,2,21.7,2.1,87,113,10,17.6,6.8,,,,,10.3,,19.8,,,4,25.2,,1.7,4.6,,,,,,,,,
2,43013302150000,40.3239,-110.0936,Gulf 1-10-B2 Reese Estate,UT CRC,"TC, TOC, HAWK, ICP, XRD",AGAT,E160401-011,,8180,8190,Green River,R-6 zone,8.88,2.77,2.56,17.49,0.7,443,3.81,12.9,2.06,1.7,5.52,0.05,0.31,14.4,0.15,BRL,BRL,95,648,BRL,0.2,0.3,33.2,7.6,30,5,28,2.03,1.07,0.53,10,2.28,1,1,0.39,BRL,16.7,131,0.18,420,4,6,14.2,20,13,4.03,67.6,,1.1,7,BRL,2.7,3,787,BRL,0.33,BRL,5.9,BRL,0.17,3.63,66,1,11.1,1.1,58,54.2,7.8,13.5,6.9,,,,,13.3,,41.2,,,0.7,13.1,,,3.6,,,,,,,,,
2,43013302150000,40.3239,-110.0936,Gulf 1-10-B2 Reese Estate,UT CRC,"TC, TOC, HAWK, ICP, XRD",AGAT,E160401-012,,8200,8210,Green River,R-6 zone,6.39,1.97,1.4,9.84,0.37,443,5.47,9,3.04,2.3,4.36,0.07,0.3,18.1,0.23,BRL,BRL,111,598,BRL,0.3,0.3,50.6,14.3,43,7.5,36,3.47,1.8,0.85,14,3.95,BRL,2,0.62,BRL,25.6,106,0.27,500,BRL,9,21.6,27,17,6.04,91.9,,1.5,10,BRL,4.3,3,458,0.6,0.55,BRL,9.9,BRL,0.28,4.96,87,24,18.8,1.7,88,72.8,5.6,22.1,11.3,,,,,7.5,,30.6,,,2.6,16.8,,,3.5,,,,,,,,,
2,43013302150000,40.3239,-110.0936,Gulf 1-10-B2 Reese Estate,UT CRC,"TC, TOC, HAWK, ICP, XRD",AGAT,E160401-013,,8260,8270,Green River,L-5 zone,10.16,2.37,2.91,15.06,0.72,445,2.35,16.8,1.3,1.2,5.87,0.06,0.35,11.1,0.1,BRL,BRL,82,683,BRL,0.1,0.2,25.2,5,21,2.4,16,1.84,0.97,0.45,6,2.02,BRL,1,0.32,BRL,12.4,134,0.16,400,3,4,11.2,15,20,3,43,,0.8,BRL,BRL,2.1,2,992,BRL,0.3,BRL,5,BRL,0.16,2.74,40,1,9.9,0.9,38,41.4,9.1,7.7,3.7,,,,,20.6,,41.6,,,7,6.5,,,3.8,,,,,,,,,
2,43013302150000,40.3239,-110.0936,Gulf 1-10-B2 Reese Estate,UT CRC,"TC, TOC, HAWK, ICP, XRD",AGAT,E160401-014,,8300,8310,Green River,L-5 zone,8.16,2.64,1.18,16.43,0.57,446,4.33,12.4,2.5,2,4.34,0.09,0.68,15.4,0.19,BRL,BRL,92,798,BRL,0.3,0.4,42.7,9.1,38,4.6,31,2.94,1.55,0.76,11,3.36,BRL,2,0.55,BRL,21.6,91,0.23,490,5,7,19,28,16,5.14,70.7,,1.6,8,BRL,3.7,2,717,BRL,0.48,BRL,8.4,BRL,0.24,4.42,70,2,16,1.6,68,66.5,7.9,16.7,8.3,,,,,14.7,,34.2,,,2.5,13.1,,,2.5,,,,,,,,,
2,43013302150000,40.3239,-110.0936,Gulf 1-10-B2 Reese Estate,UT CRC,"TC, TOC, HAWK, ICP, XRD",AGAT,E160401-015,,8330,8340,Green River,L-5 zone,7.26,1.23,0.84,5.94,0.46,443,3.71,14,2.04,1.7,4.81,0.05,0.78,15.2,0.17,BRL,BRL,96,554,BRL,0.2,BRL,38.9,7.5,36,4,19,2.51,1.35,0.63,9,2.93,BRL,2,0.47,BRL,19.3,142,0.22,490,BRL,7,16.3,27,12,4.61,68.5,,0.8,6,BRL,3.2,2,876,BRL,0.39,BRL,7.1,BRL,0.21,2.91,54,1,13.6,1.4,51,76.9,11,10.4,5.7,,,,,17,,32.1,,,3.4,15.5,,,4.9,,,,,,,,,
2,43013302150000,40.3239,-110.0936,Gulf 1-10-B2 Reese Estate,UT CRC,"TC, TOC, HAWK, ICP, XRD",AGAT,E160401-016,,8380,8390,Green River,L-5 zone,9.26,1.24,0.78,6.97,0.41,444,2.69,18.2,1.54,1.5,5.35,0.08,0.51,10.9,0.12,BRL,BRL,76,752,BRL,0.1,BRL,27.4,6,29,2.5,17,1.92,1.03,0.51,7,2.26,BRL,1,0.37,BRL,13.5,108,0.18,520,3,4,11.7,25,9,3.19,45.4,,0.9,5,BRL,2.3,2,1115,BRL,0.3,BRL,5.8,BRL,0.18,3.46,49,BRL,10.9,1.1,45,40.4,6.2,8.9,7.8,,,,,22.7,,40.4,,,7.5,4.1,,,2.3,,,,,,,,,
2,43013302150000,40.3239,-110.0936,Gulf 1-10-B2 Reese Estate,UT CRC,"TC, TOC, HAWK, ICP, XRD",AGAT,E160401-017,,8420,8430,Green River,R-5 zone,9.63,1.11,0.89,5.88,0.51,443,2.26,18.1,1.47,1.2,6.41,0.08,0.55,10.2,0.1,BRL,BRL,59,886,BRL,BRL,BRL,22.5,5.3,22,1.9,14,1.61,0.94,0.46,6,1.81,BRL,BRL,0.29,BRL,11.2,114,0.15,520,3,4,9.8,16,8,2.62,37.2,,0.8,BRL,BRL,2,1,1214,BRL,0.26,BRL,5,BRL,0.14,2.82,40,BRL,8.9,0.9,40,34.7,8.7,8.3,5.4,,,,,19.1,,52.7,,,0.4,4.3,,,1.1,,,,,,,,,
2,43013302150000,40.3239,-110.0936,Gulf 1-10-B2 Reese Estate,UT CRC,"TC, TOC, HAWK, ICP, XRD",AGAT,E160401-018,,8450,8460,Green River,R-5 zone,9.96,2.23,1.45,13.97,0.53,442,2.92,16,1.87,1.5,5.63,0.06,0.79,11.7,0.11,BRL,BRL,69,695,BRL,0.2,0.3,26.5,7,27,2.6,27,1.73,0.87,0.47,7,1.91,BRL,1,0.32,BRL,14,122,0.15,460,7,4,11.4,20,13,3.11,46.7,,1.2,BRL,BRL,2.2,3,1022,BRL,0.28,BRL,4.9,BRL,0.15,3.44,65,1,9.2,0.9,51,44.6,7,10.7,10,,,,,16.4,,49.6,,,0.9,4.2,,,1.2,,,,,,,,,
2,43013302150000,40.3239,-110.0936,Gulf 1-10-B2 Reese Estate,UT CRC,"TC, TOC, HAWK, ICP, XRD",AGAT,E160401-019,,8500,8510,Green River,R-5 zone,10.17,2.02,1.31,12.41,0.45,444,2.5,17.2,1.43,1.3,5.53,0.05,0.52,10.7,0.11,BRL,BRL,76,784,BRL,0.2,0.2,23.4,5.7,21,2.4,21,1.45,0.81,0.39,6,1.74,BRL,1,0.27,BRL,11.8,115,0.13,450,3,5,10.2,16,10,2.73,43.1,,0.8,BRL,BRL,2,2,1060,BRL,0.23,BRL,4.2,BRL,0.12,2.77,51,BRL,8.3,0.8,41,46.9,8.1,8.6,7.8,,,,,19.6,,47.3,,,1.2,5.3,,,2.2,,,,,,,,,
2,43013302150000,40.3239,-110.0936,Gulf 1-10-B2 Reese Estate,UT CRC,"TC, TOC, HAWK, ICP, XRD",AGAT,E160401-020,,8540,8550,Green River,R-5 zone,9.25,1.37,1.19,6.89,0.52,445,2.8,17.1,1.69,1.5,5.9,0.08,0.53,11.7,0.12,BRL,BRL,70,752,BRL,0.1,0.2,27.6,6.2,25,2.6,17,1.91,0.98,0.48,7,2.09,BRL,1,0.35,BRL,13.8,112,0.17,500,3,5,11.9,17,11,3.26,47.1,,0.9,5,BRL,2.4,2,1096,BRL,0.28,BRL,5.6,BRL,0.17,3.12,52,BRL,10.4,1,43,45.3,8,9.5,7,,,,,19,,46.7,,,0.9,7,,,1.9,,,,,,,,,
2,43013302150000,40.3239,-110.0936,Gulf 1-10-B2 Reese Estate,UT CRC,"TC, TOC, HAWK, ICP, XRD",AGAT,E160401-021,,8610,8620,Green River,L-4 zone,11.75,5,9.92,32.82,0.6,442,2.63,13.9,1.46,1,4.8,0.06,0.45,14.3,0.11,BRL,BRL,38,ARL,BRL,0.1,BRL,22.4,5.8,26,2.7,22,1.46,0.85,BRL,7,1.49,BRL,1,0.26,BRL,11.9,77,0.13,500,3,4,9.5,19,73,2.73,40.4,,0.7,BRL,BRL,1.9,2,834,BRL,0.24,BRL,4.3,BRL,0.13,2.71,44,2,8.4,0.9,65,42.1,15.9,13.5,5.4,,,,,13.7,,43.9,,,3.3,4.4,,,,,,,,,,,,
2,43013302150000,40.3239,-110.0936,Gulf 1-10-B2 Reese Estate,UT CRC,"TC, TOC, HAWK, ICP, XRD",AGAT,E160401-022,,8660,8670,Green River,L-4 zone,11.05,2.46,3.12,15.43,0.6,445,2.17,18.1,1.26,1.1,5.41,0.09,0.28,10.6,0.08,BRL,BRL,30,1052,BRL,0.1,BRL,19.2,5.7,27,2.2,15,1.19,0.69,0.29,5,1.32,BRL,BRL,0.23,BRL,10.2,67,0.1,420,4,3,8,74,7,2.36,36.6,,0.6,BRL,BRL,1.5,3,1104,BRL,0.2,BRL,3.7,BRL,0.1,2.28,46,1,6.6,0.7,37,30.1,9,8.7,9.1,,,,,21.3,,49.7,,,0.4,,,,1.8,,,,,,,,,
2,43013302150000,40.3239,-110.0936,Gulf 1-10-B2 Reese Estate,UT CRC,"TC, TOC, HAWK, ICP, XRD",AGAT,E160401-023,,8730,8740,Green River,L-4 zone,11.35,4.4,3.69,31.3,0.59,447,3.34,14.5,1.83,1.4,4.63,0.07,0.52,13,0.13,BRL,BRL,74,1558,BRL,0.4,0.3,29.5,7.7,33,3.3,30,1.8,0.88,0.43,8,1.97,BRL,1,0.31,BRL,15.6,81,0.15,390,10,5,12.3,28,16,3.56,52.7,,1.1,6,BRL,2.3,3,879,BRL,0.3,BRL,4.8,BRL,0.14,3.37,69,2,9.6,1,57,44.5,8.8,12.8,10.3,,,,,15.7,,45.5,,,0.6,4.8,,,1.4,,,,,,,,,
2,43013302150000,40.3239,-110.0936,Gulf 1-10-B2 Reese Estate,UT CRC,"TC, TOC, HAWK, ICP, XRD",AGAT,E160401-024,,8780,8790,Green River,R-4 zone,10.81,3.06,1.33,19.2,0.48,446,2.61,17.5,1.45,1.1,4.88,0.11,0.39,11.3,0.11,BRL,BRL,64,978,BRL,0.2,0.3,25.9,6.3,27,2.6,22,1.61,0.88,0.45,7,1.95,BRL,BRL,0.3,BRL,13,69,0.15,410,7,4,11.6,21,13,3.09,43.7,,0.8,BRL,BRL,2.2,3,907,BRL,0.26,BRL,4.7,BRL,0.14,2.87,52,2,8.9,0.9,48,38.2,11,8.4,3.6,,,,,22.2,,44,,,3.6,7.2,,,,,,,,,,,,
2,43013302150000,40.3239,-110.0936,Gulf 1-10-B2 Reese Estate,UT CRC,"TC, TOC, HAWK, ICP, XRD",AGAT,E160401-025,,8840,8850,Green River,R-4 zone,8.66,2.23,1.6,11.24,0.46,444,2.56,9.8,1.66,0.9,4.4,0.04,0.35,10.4,0.11,BRL,BRL,54,594,BRL,0.2,0.3,29.3,5.4,19,3.3,20,1.8,0.9,0.47,6,2.02,BRL,1,0.31,BRL,15.1,66,0.15,280,BRL,5,12.7,20,11,3.57,42.9,,1.2,6,BRL,2.5,2,485,BRL,0.3,BRL,5.3,BRL,0.15,2.51,46,1,9.8,1,44,47.4,11.8,12.3,2.5,,,,,6.2,,49.8,,,0.7,16.7,,,,,,,,,,,,
2,43013302150000,40.3239,-110.0936,Gulf 1-10-B2 Reese Estate,UT CRC,"TC, TOC, HAWK, ICP, XRD",AGAT,E160401-026,,8910,8920,Green River,R-4 zone,10.54,3.06,3.05,16.64,0.38,444,2.94,14.9,1.65,1.1,5.64,0.07,0.73,12.2,0.11,BRL,BRL,57,1206,BRL,0.3,0.3,25,6.6,26,2.9,553,1.56,0.79,0.43,7,1.81,BRL,BRL,0.28,BRL,12.9,74,0.13,350,5,4,10.8,24,13,3.03,45,,0.7,BRL,BRL,2.1,3,798,BRL,0.25,BRL,4.3,BRL,0.13,2.93,58,1,8.4,0.8,80,37.2,10.5,10.9,4.2,,,,,10,,52.5,,,0.7,8.7,,,2.5,,,,,,,,,
2,43013302150000,40.3239,-110.0936,Gulf 1-10-B2 Reese Estate,UT CRC,"TC, TOC, HAWK, ICP, XRD",AGAT,E160401-027,,8950,8960,Green River,R-4 zone,5.58,1.2,1.79,4.11,0.59,438,6.09,9.3,3.56,2.1,3.62,0.07,0.51,18.1,0.26,BRL,BRL,97,908,BRL,0.3,0.2,65.3,13.2,52,7.3,34,3.92,2,1.09,15,4.81,1,2,0.72,BRL,32.4,84,0.34,550,3,9,28.5,28,124,7.95,101,,1.2,11,BRL,5.4,2,484,0.7,0.67,BRL,11,0.6,0.32,5.26,81,28,21.2,2,87,80,9.9,12.4,4.6,,,,4.8,8.9,,30.4,,,0.7,23,,2,3.2,,,,,,,,,
2,43013302150000,40.3239,-110.0936,Gulf 1-10-B2 Reese Estate,UT CRC,"TC, TOC, HAWK, ICP, XRD",AGAT,E160401-028,,9010,9020,Green River,R-4 zone,5.81,1.41,1.8,6.11,0.63,435,6.15,9.6,3.31,2,3.39,0.07,0.3,18.7,0.27,BRL,BRL,84,1532,BRL,0.3,0.3,62.8,11.1,45,6.8,35,3.84,1.96,1.03,15,4.62,1,2,0.71,BRL,31.6,72,0.31,550,3,10,27,28,26,7.58,90.2,,1.1,10,BRL,5.3,2,502,0.7,0.64,BRL,10.7,BRL,0.32,4.29,85,2,20.7,1.9,83,85.9,9.7,17.7,5,,,,4.1,10.8,,27.3,,,0.8,18.9,,1.2,4.6,,,,,,,,,
2,43013302150000,40.3239,-110.0936,Gulf 1-10-B2 Reese Estate,UT CRC,"TC, TOC, HAWK, ICP, XRD",AGAT,E160401-029,,9050,9060,Green River,R-3 zone,9.34,2.82,0.96,16.56,0.66,448,3.55,14.3,2.18,1.5,4.8,0.04,0.38,13.7,0.14,BRL,BRL,52,689,BRL,0.2,BRL,32.5,7.7,27,3.3,28,2.07,1.07,0.58,9,2.46,BRL,1,0.38,BRL,16.3,88,0.18,460,3,5,14,20,18,3.95,56.5,,1.2,6,BRL,2.7,3,717,BRL,0.35,BRL,5.5,BRL,0.18,2.76,57,1,11.2,1.1,57,51.9,9.4,11.7,4.4,,,,0.9,18.6,,36.4,,,3.7,10.7,,,4.2,,,,,,,,,
2,43013302150000,40.3239,-110.0936,Gulf 1-10-B2 Reese Estate,UT CRC,"TC, TOC, HAWK, ICP, XRD",AGAT,E160401-030,,9130,9140,Green River,R-3 zone,5.05,0.83,1.01,1.99,0.65,444,6.34,9.7,3.45,2.2,2.86,0.07,0.33,19.5,0.26,BRL,BRL,77,819,BRL,0.3,BRL,58.6,12.1,45,7.6,36,3.62,1.8,0.94,16,4.33,1,2,0.63,BRL,29,73,0.3,610,2,10,25.2,79,16,7.01,92.1,,1,10,BRL,4.9,3,470,0.6,0.56,BRL,9.7,BRL,0.3,3.46,87,2,19.1,1.8,86,84.5,8.6,15,9.6,,,,6,13.8,,21,,,2.5,17.9,,,5.6,,,,,,,,,
2,43013302150000,40.3239,-110.0936,Gulf 1-10-B2 Reese Estate,UT CRC,"TC, TOC, HAWK, ICP, XRD",AGAT,E160401-031,,9160,9170,Green River,R-3 zone,5.32,1.19,1.17,4.54,0.64,441,6.58,9.2,3.32,2.1,2.96,0.06,0.6,19.8,0.25,BRL,BRL,69,832,BRL,0.3,0.2,58.5,13.7,45,6.2,33,3.49,1.75,0.96,16,4.03,1,2,0.62,BRL,29.4,65,0.31,530,BRL,9,25.6,26,14,7.08,90,,1,11,BRL,5,3,467,0.6,0.58,BRL,9.8,0.6,0.29,3.93,90,21,18.5,1.9,87,79.9,7.9,20.9,9.5,,,,4.3,11.7,,23.7,,,0.8,15.7,,5.4,,,,,,,,,,
2,43013302150000,40.3239,-110.0936,Gulf 1-10-B2 Reese Estate,UT CRC,"TC, TOC, HAWK, ICP, XRD",AGAT,E160401-032,,9220,9230,Green River,R-3 zone,5.54,1.61,2.15,7.37,0.55,433,6.61,8.2,3.46,2.1,2.91,0.08,0.35,19.9,0.26,BRL,BRL,75,1223,BRL,0.3,0.2,63.1,11.7,48,7.2,37,3.66,1.93,0.94,17,4.49,1,2,0.67,BRL,31.8,65,0.33,560,BRL,10,26.8,28,25,7.52,92.2,,1.1,11,BRL,5.1,3,465,0.7,0.63,BRL,11.1,0.5,0.31,4.2,91,2,20.4,2,94,86,6.9,19.6,11.1,,,,5.6,9.3,,24.4,,,0.5,16,,2,4.7,,,,,,,,,
2,43013302150000,40.3239,-110.0936,Gulf 1-10-B2 Reese Estate,UT CRC,"TC, TOC, HAWK, ICP, XRD",AGAT,E160401-033,,9310,9320,Green River,Upper Garden Gulch,6.47,1.23,0.68,4.67,0.5,442,5.34,11.2,3.13,1.9,3.69,0.07,0.42,17.7,0.21,BRL,BRL,67,700,BRL,0.2,0.3,46.5,10.6,40,5,32,2.73,1.49,0.78,13,3.31,1,2,0.49,BRL,23.6,79,0.23,550,3,8,20,27,13,5.61,79.5,,1.4,9,BRL,4,2,574,BRL,0.47,BRL,7.6,BRL,0.23,3.65,79,2,14.9,1.5,77,74.8,9.3,12.2,9.9,,,,2,12.7,,33.2,,,0.8,17.7,,2.4,,,,,,,,,,
2,43013302150000,40.3239,-110.0936,Gulf 1-10-B2 Reese Estate,UT CRC,"TC, TOC, HAWK, ICP, XRD",AGAT,E160401-034,,9360,9370,Green River,Upper Garden Gulch,9.55,1.88,3.69,8.01,0.49,438,3.03,15.7,1.81,0.9,5.22,0.06,0.22,12.5,0.12,BRL,BRL,49,1489,BRL,0.3,0.3,27,6.4,28,2.7,24,1.7,0.96,0.44,8,2.1,BRL,1,0.39,BRL,13.9,42,0.17,510,4,5,12.1,16,14,3.32,39.9,,0.9,5,BRL,2.5,2,1064,BRL,0.34,BRL,5.3,BRL,0.17,3.23,58,1,9.7,0.9,50,38.9,10.3,7.9,4.3,,,,1.8,14.9,,50.4,,,0.7,9,,0.7,,,,,,,,,,
2,43013302150000,40.3239,-110.0936,Gulf 1-10-B2 Reese Estate,UT CRC,"TC, TOC, HAWK, ICP, XRD",AGAT,E160401-035,,9430,9440,Green River,Upper Garden Gulch,6.92,1.96,2.02,9.3,0.61,439,5.31,11,2.94,1.8,3.79,0.07,0.51,17.3,0.22,BRL,BRL,82,1377,BRL,0.3,0.3,52.9,9.6,43,6.1,29,3.29,1.79,0.86,13,3.91,1,2,0.63,BRL,27,77,0.28,500,4,8,23.1,24,25,6.44,83.1,,1.1,9,BRL,4.5,3,633,0.5,0.58,BRL,9.3,0.5,0.28,4,76,2,17.8,1.7,74,67.5,10,12.6,5.9,,,,3.5,12.5,,30.2,,,3.2,16,,2.1,4,,,,,,,,,
2,43013302150000,40.3239,-110.0936,Gulf 1-10-B2 Reese Estate,UT CRC,"TC, TOC, HAWK, ICP, XRD",AGAT,E160401-036,,9480,9490,Green River,Upper Garden Gulch,8.46,2.4,2.45,8.49,0.54,443,3.99,11.3,2.53,1.2,5.34,0.09,0.45,16.6,0.15,BRL,BRL,72,1068,BRL,0.3,0.2,29,8.3,43,3.8,30,1.69,1,0.42,10,2,BRL,2,0.34,BRL,15.2,68,0.15,440,5,6,12.7,68,11,3.52,55.9,,0.8,6,BRL,2.4,2,661,BRL,0.29,BRL,4.9,BRL,0.15,2.87,71,2,9.4,0.9,64,48.2,16.3,9.4,1,,,,,5.6,,45.8,,,0.9,19.9,,1,,,,,,,,,,
2,43013302150000,40.3239,-110.0936,Gulf 1-10-B2 Reese Estate,UT CRC,"TC, TOC, HAWK, ICP, XRD",AGAT,E160401-037,,9540,9550,Green River,Upper Garden Gulch,9.79,3.05,3.56,13.47,0.63,441,3.25,13.5,1.95,1,5.24,0.07,0.41,14.1,0.13,BRL,BRL,56,2746,BRL,0.2,0.3,27.3,7.2,36,2.9,23,1.62,0.96,0.43,8,2,BRL,1,0.34,BRL,14.2,55,0.16,460,4,5,12,20,19,3.36,44.4,,0.8,5,BRL,2.2,2,869,BRL,0.31,BRL,4.8,BRL,0.16,2.85,56,7,9.5,0.9,57,41.8,15.2,8.4,1,,,,1.6,10.5,,49.2,,,0.8,13.2,,0.2,,,,,,,,,,
2,43013302150000,40.3239,-110.0936,Gulf 1-10-B2 Reese Estate,UT CRC,"TC, TOC, HAWK, ICP, XRD",AGAT,E160401-038,,9580,9590,Green River,Upper Garden Gulch,8.01,2.5,2.05,9.25,0.34,439,4.94,9.9,3.11,1.4,4.37,0.09,0.63,16.6,0.18,BRL,BRL,97,689,BRL,0.5,0.4,43.1,11,47,5,40,2.69,1.44,0.72,13,3.24,1,2,0.53,BRL,22.7,56,0.22,500,21,7,18.9,27,41,5.24,67.7,,1.3,8,BRL,3.6,3,586,BRL,0.45,BRL,7.5,0.6,0.21,6.39,105,3,15,1.4,77,65.9,14.2,9.4,1,,,,,7,,39.8,,,1.1,26.2,,1.3,,,,,,,,,,
2,43013302150000,40.3239,-110.0936,Gulf 1-10-B2 Reese Estate,UT CRC,"TC, TOC, HAWK, ICP, XRD",AGAT,E160401-039,,9620,9630,Green River,Upper Garden Gulch,7,1.66,1.06,5.77,0.45,441,5.07,10.6,3.13,1.5,4.07,0.09,0.72,17.3,0.2,BRL,BRL,98,3072,BRL,0.3,0.3,44.1,10.5,43,5,35,2.83,1.56,0.72,13,3.24,1,2,0.54,BRL,22.7,57,0.22,530,11,7,19.5,27,23,5.37,72.3,,1.1,9,BRL,3.9,3,592,BRL,0.46,BRL,7.7,0.5,0.24,4.27,93,5,15.3,1.4,82,62.8,13.8,9.3,0.5,,,,,4.2,,43.7,,,1,26,,1.3,,,,,,,,,,
2,43013302150000,40.3239,-110.0936,Gulf 1-10-B2 Reese Estate,UT CRC,"TC, TOC, HAWK, ICP, XRD",AGAT,E160401-040,,9680,9690,Green River,Upper Garden Gulch,7.76,3.73,1.81,12.83,0.23,445,5.57,8.4,3.36,1.6,3.21,0.13,1.29,19.8,0.22,BRL,BRL,104,928,BRL,0.8,0.8,48.2,15.8,49,5.1,69,2.77,1.57,0.73,14,3.45,1,2,0.55,BRL,25.4,55,0.26,460,33,8,21.1,34,40,5.96,76.2,,2.1,9,BRL,4.1,2,450,BRL,0.51,BRL,8.6,0.6,0.26,7.04,127,3,15.5,1.5,124,74.3,17.3,12.4,2.4,,,,,6.9,,31.3,,,1.7,27.2,,0.8,,,,,,,,,,
2,43013302150000,40.3239,-110.0936,Gulf 1-10-B2 Reese Estate,UT CRC,"TC, TOC, HAWK, ICP, XRD",AGAT,E160401-041,,9720,9730,Green River,Upper Garden Gulch,7.89,3.84,1.68,13.5,0.33,444,5.87,7.4,3.48,1.7,3.5,0.11,1.08,19.3,0.22,BRL,BRL,119,562,BRL,0.9,0.8,48.2,15.7,63,5.8,69,2.9,1.52,0.73,15,3.3,1,2,0.53,BRL,25.7,66,0.24,440,33,8,21,33,36,5.97,81.1,,2.1,9,BRL,3.9,4,392,0.5,0.47,BRL,8.8,0.6,0.24,7.06,117,2,15.4,1.5,98,70.8,15.8,11.8,1.8,,,,,4.6,,31.5,,,1.5,32.3,,0.8,,,,,,,,,,
2,43013302150000,40.3239,-110.0936,Gulf 1-10-B2 Reese Estate,UT CRC,"TC, TOC, HAWK, ICP, XRD",AGAT,E160401-042,,9760,9770,Green River,Upper Garden Gulch,7.67,3.76,2.06,12.05,0.37,443,5.64,8.2,3.1,1.8,2.92,0.12,1.36,19.8,0.23,BRL,BRL,117,440,BRL,0.6,0.7,49.3,13.7,74,5.6,53,3.21,1.75,0.84,14,3.71,1,3,0.63,BRL,26.4,55,0.27,440,26,8,22.3,49,29,6.11,81.8,,1.6,9,BRL,4.4,3,406,0.5,0.54,BRL,8.1,0.6,0.26,5.92,115,2,17.5,1.7,96,84.4,18.7,8,3.9,,,,,9.3,,26.7,,,1.9,30.5,,1.1,,,,,,,,,,
2,43013302150000,40.3239,-110.0936,Gulf 1-10-B2 Reese Estate,UT CRC,"TC, TOC, HAWK, ICP, XRD",AGAT,E160401-043,,9790,9800,Green River,Upper Garden Gulch,9.09,4.09,1.61,11.16,0.41,442,4.78,10.5,2.68,1.3,3.78,0.14,1.38,17.9,0.18,BRL,BRL,86,531,BRL,0.7,1,40.5,12.5,55,4.3,57,2.35,1.36,0.63,12,2.95,BRL,2,0.45,BRL,21.4,47,0.22,410,35,7,17.2,34,31,4.9,64.5,,2,8,BRL,3.4,3,533,BRL,0.4,BRL,6.5,0.6,0.22,5.88,110,2,12.9,1.2,97,69.4,17.8,10.9,0.8,,,,,10.6,,34.2,,,1.9,22.5,,1.2,,,,,,,,,,
2,43013302150000,40.3239,-110.0936,Gulf 1-10-B2 Reese Estate,UT CRC,"TC, TOC, HAWK, ICP, XRD",AGAT,E160401-044,,9840,9850,Green River,Upper Garden Gulch,8.19,3.63,1.53,10.29,0.31,440,5.35,9,3.14,1.5,3.57,0.11,1.36,18.9,0.21,BRL,BRL,110,713,BRL,0.6,0.8,45.8,12.2,47,5.1,51,2.79,1.49,0.72,13,3.29,1,2,0.53,BRL,24.5,50,0.23,420,25,8,20,30,29,5.67,74.5,,1.6,9,BRL,4.1,3,440,BRL,0.48,BRL,7.8,0.6,0.23,5.77,106,2,15.2,1.4,105,74.7,18,10.7,0.8,,,,,7.3,,32.8,,,1.8,27.2,,1.4,,,,,,,,,,
2,43013302150000,40.3239,-110.0936,Gulf 1-10-B2 Reese Estate,UT CRC,"TC, TOC, HAWK, ICP, XRD",AGAT,E160401-045,,9860,9870,Green River,Upper Garden Gulch,8.24,3.87,3.33,12.83,0.37,445,5.58,9.1,3.08,1.6,3.31,0.12,1.32,18.8,0.22,BRL,BRL,108,738,BRL,0.6,0.7,47.6,12.9,56,5.4,52,2.8,1.59,0.71,14,3.39,1,2,0.55,BRL,25.1,55,0.24,410,27,8,20.9,33,30,5.82,77.9,,1.7,9,BRL,4.2,3,452,0.5,0.48,BRL,8.1,0.6,0.24,6,111,2,15.7,1.5,102,74.2,17.8,9.6,1.1,,,,,9.4,,29.9,,,1.7,29.6,,0.9,,,,,,,,,,
2,43013302150000,40.3239,-110.0936,Gulf 1-10-B2 Reese Estate,UT CRC,"TC, TOC, HAWK, ICP, XRD",AGAT,E160401-046,,9900,9910,Green River,Upper Garden Gulch,8.83,4.75,2.67,14.93,0.4,446,5.67,8.3,3.45,1.7,3,0.12,1.96,19.4,0.23,BRL,34,118,924,BRL,0.6,0.8,47.8,14.7,62,5.8,55,3.04,1.66,0.83,14,3.61,1,2,0.6,BRL,26.6,50,0.26,430,35,9,21.6,37,58,5.96,80.9,,2.6,9,BRL,4.1,3,410,0.5,0.52,BRL,8,0.7,0.25,6.78,118,3,17.3,1.6,103,83.4,18.5,9.7,1.7,,,,,8.7,,28.7,,,2.5,29.2,,0.8,,,,,,,,,,
2,43013302150000,40.3239,-110.0936,Gulf 1-10-B2 Reese Estate,UT CRC,"TC, TOC, HAWK, ICP, XRD",AGAT,E160401-047,,9950,9960,Green River,Upper Garden Gulch,9.49,5.59,4.32,28.12,0.23,442,5.56,7.6,3.24,1.8,3.08,0.11,1.47,18.9,0.24,BRL,BRL,112,560,BRL,0.7,0.9,49.4,13.5,56,5.4,53,3.26,1.77,0.85,14,3.84,1,3,0.64,BRL,26.3,50,0.27,470,29,9,22,34,30,6.09,80.8,,1.7,9,BRL,4.3,3,368,0.5,0.57,BRL,8.1,0.6,0.27,6.58,108,2,17.9,1.7,100,87.9,17.3,8.8,3.5,,,,2.5,5.6,,30.8,,,1.8,28.4,,1.3,,,,,,,,,,
2,43013302150000,40.3239,-110.0936,Gulf 1-10-B2 Reese Estate,UT CRC,"TC, TOC, HAWK, ICP, XRD",AGAT,E160401-048,,10010,10020,Green River,Douglas Creek,8.81,3.41,4.87,10.41,0.37,440,4.71,10.1,2.94,1.4,4.35,0.13,1.07,17,0.19,BRL,BRL,95,603,BRL,0.8,1.6,41.2,12.1,51,4.3,50,2.65,1.51,0.68,12,3.16,BRL,2,0.51,BRL,22.1,53,0.23,490,32,7,18.2,42,34,5.17,66.6,,1.7,8,BRL,3.6,3,526,BRL,0.46,BRL,6.7,0.6,0.22,4.76,105,1,14.9,1.4,85,73.3,15.3,11.5,1.2,,,,1.1,4.9,,42.4,,,1.5,21.5,,0.6,,,,,,,,,,
2,43013302150000,40.3239,-110.0936,Gulf 1-10-B2 Reese Estate,UT CRC,"TC, TOC, HAWK, ICP, XRD",AGAT,E160401-049,,10060,10070,Green River,Douglas Creek,8.07,3.23,4.84,9.23,0.33,439,5.1,8.7,3.61,1.6,3.74,0.12,1.41,17.7,0.22,BRL,BRL,102,496,BRL,0.7,0.8,48.3,14,54,5,53,3.16,1.83,0.86,13,3.61,1,3,0.64,BRL,25.3,52,0.27,540,34,8,20.9,31,35,5.9,75.7,,1.8,9,BRL,4.1,3,436,0.5,0.52,BRL,7.9,0.6,0.27,5.63,112,2,17.6,1.6,90,82.3,16.4,10.7,1.1,,,,,3.9,,38.9,,,1.9,25.9,,1.2,,,,,,,,,,
2,43013302150000,40.3239,-110.0936,Gulf 1-10-B2 Reese Estate,UT CRC,"TC, TOC, HAWK, ICP, XRD",AGAT,E160401-050,,10100,10110,Green River,Douglas Creek,7.64,2.76,4.18,7.91,0.47,437,5.36,8.9,3.73,1.6,3.96,0.12,1.21,18.1,0.2,BRL,BRL,103,2622,BRL,0.7,0.7,47.5,13.2,48,5.2,52,3.21,1.71,0.84,14,3.7,1,2,0.61,BRL,24.7,54,0.26,550,30,7,21.4,30,31,5.92,74.6,,1.8,9,BRL,4.2,2,468,BRL,0.54,BRL,8.1,0.6,0.27,5.71,112,13,17.2,1.7,93,76.6,15.6,9.7,0.8,,,,1.2,3.6,,40.2,,,1.5,27.1,,0.4,,,,,,,,,,
2,43013302150000,40.3239,-110.0936,Gulf 1-10-B2 Reese Estate,UT CRC,"TC, TOC, HAWK, ICP, XRD",AGAT,E160401-051,,10160,10170,Green River,Douglas Creek,8.39,3.46,3.59,10.93,0.36,445,5.06,10,3.07,1.6,3.83,0.1,1.02,17.5,0.21,2,BRL,99,563,BRL,0.6,0.6,43.3,11.8,51,5,50,2.78,1.5,0.72,13,3.18,1,2,0.54,BRL,23,56,0.24,510,27,7,18.9,35,32,5.24,70.6,,2,9,BRL,3.6,3,536,BRL,0.44,BRL,7.2,0.6,0.23,5.54,98,2,15.2,1.4,86,71.8,15.3,9.6,2.3,,,,,8.5,,36.7,,,1.5,25,,1.2,,,,,,,,,,
2,43013302150000,40.3239,-110.0936,Gulf 1-10-B2 Reese Estate,UT CRC,"TC, TOC, HAWK, ICP, XRD",AGAT,E160401-052,,10220,10230,Green River,Carbonate marker,7.92,2.26,2.51,6.01,0.28,442,4.37,13.1,2.54,1.5,3.26,0.08,1.12,16.6,0.19,BRL,BRL,108,1098,BRL,0.4,0.5,39.1,10.3,45,4.6,37,2.52,1.39,0.64,11,2.92,1,2,0.51,BRL,20.7,53,0.21,400,20,7,17.1,27,22,4.88,67,,1.5,7,BRL,3.4,3,621,BRL,0.42,BRL,6.7,BRL,0.2,4.22,95,1,13.7,1.3,80,67.6,16.8,6.3,1,,,,,20.9,,29.7,,,1.5,22.7,,1.2,,,,,,,,,,
2,43013302150000,40.3239,-110.0936,Gulf 1-10-B2 Reese Estate,UT CRC,"TC, TOC, HAWK, ICP, XRD",AGAT,E160401-053,,10260,10270,Green River,Carbonate marker,7.03,2.98,4.62,9.67,0.46,437,5.8,7.7,3.19,1.8,3.21,0.08,1.22,19.9,0.23,BRL,BRL,115,ARL,BRL,0.5,0.6,47.9,11.2,53,6.3,41,2.85,1.63,BRL,14,3.4,1,2,0.56,BRL,25.2,56,0.25,420,14,9,20.7,28,26,5.84,90.2,,1.4,9,BRL,3.8,3,406,0.5,0.51,BRL,7.8,0.6,0.25,4.44,124,2,15.8,1.5,97,73.4,21.3,4.7,0.7,,,,1.5,6.1,,29.8,,,1.5,33.2,,1.2,,,,,,,,,,
2,43013302150000,40.3239,-110.0936,Gulf 1-10-B2 Reese Estate,UT CRC,"TC, TOC, HAWK, ICP, XRD",AGAT,E160401-054,,10290,10300,Green River,Carbonate marker,8.22,3.47,7.87,14.23,0.44,436,5.09,8.3,2.79,1.6,4.03,0.09,1.17,18.9,0.21,BRL,BRL,106,9175,BRL,0.4,0.5,41.1,9.5,51,5.2,33,2.72,1.53,BRL,13,3.15,1,2,0.5,BRL,21.9,52,0.23,400,14,8,18.2,27,20,5.16,77.3,,1.1,8,BRL,3.6,3,425,BRL,0.46,BRL,7,0.6,0.22,3.62,101,2,14.9,1.4,77,70.9,21.4,4.1,0.7,,,,0.9,4.2,,36,,,1.6,29,,2.2,,,,,,,,,,
2,43013302150000,40.3239,-110.0936,Gulf 1-10-B2 Reese Estate,UT CRC,"TC, TOC, HAWK, ICP, XRD",AGAT,E160401-055,,10340,10350,Green River,Carbonate marker,7.17,2.16,2.37,5.82,0.36,442,5.59,9,3.2,1.8,4.05,0.08,0.96,18.5,0.22,BRL,BRL,110,1096,BRL,0.5,0.6,47.3,10.6,50,6,39,3.01,1.7,0.72,14,3.48,1,2,0.59,BRL,24.4,55,0.25,440,17,8,20.8,32,23,5.78,85.6,,1.4,9,BRL,3.9,3,460,0.5,0.5,BRL,7.8,0.6,0.25,5.03,127,2,16.5,1.5,85,77.2,19.2,4.7,0.5,,,,,4.7,,38.7,,,1.4,30.6,,0.2,,,,,,,,,,
2,43013302150000,40.3239,-110.0936,Gulf 1-10-B2 Reese Estate,UT CRC,"TC, TOC, HAWK, ICP, XRD",AGAT,E160401-056,,10390,10400,Green River,Carbonate marker,7.44,3.99,12.86,15.48,0.47,433,6.32,6.8,3.25,2,3.02,0.09,1.15,20.9,0.24,3,BRL,132,5497,BRL,0.7,0.6,54.1,12.5,55,6.8,53,3.34,1.81,0.81,16,4.04,1,2,0.62,BRL,28.3,72,0.28,410,19,9,23.8,33,85,6.54,94.9,,2.1,10,BRL,4.5,3,401,0.6,0.55,BRL,9.9,0.8,0.28,5.67,116,2,17.6,1.7,92,75.3,19.5,5.9,1.3,,,,1.2,6,,26.4,,,1.7,36.3,,1.7,,,,,,,,,,
2,43013302150000,40.3239,-110.0936,Gulf 1-10-B2 Reese Estate,UT CRC,"TC, TOC, HAWK, ICP, XRD",AGAT,E160401-057,,10430,10440,Green River,Carbonate marker,6.99,2.49,3.62,6.12,0.36,441,5.87,8.5,3.26,1.9,3.6,0.09,1.07,19.2,0.23,BRL,BRL,118,898,BRL,0.5,0.5,50.5,11.3,49,6.3,42,3.03,1.67,0.77,15,3.6,1,3,0.61,BRL,26.7,64,0.26,420,17,8,21.9,29,27,6.21,89.2,,1.6,9,BRL,4.3,4,428,0.6,0.55,BRL,8.6,0.6,0.26,4.92,117,2,16.6,1.6,90,76,17.9,5.2,0.8,,,,,6.4,,32.8,,,1.6,34.4,,0.8,,,,,,,,,,
2,43013302150000,40.3239,-110.0936,Gulf 1-10-B2 Reese Estate,UT CRC,"TC, TOC, HAWK, ICP, XRD",AGAT,E160401-058,,10470,10480,Green River,Long Point Bed,5.95,2.16,3.55,5.87,0.45,439,6.27,8.3,3.2,1.9,2.26,0.09,1.05,21.4,0.25,BRL,BRL,120,2374,BRL,0.5,0.4,56.1,12.4,51,6.4,45,3.4,1.82,0.86,16,4.11,1,3,0.67,BRL,29.1,58,0.3,430,17,9,24.3,31,27,6.79,93.4,,1.5,10,BRL,4.7,3,351,0.6,0.61,BRL,9.7,0.6,0.29,5.19,113,2,18.7,1.8,95,96.7,21.1,6,1.6,,,,1.1,14,,18.9,,,1.5,34.2,,1.8,,,,,,,,,,
2,43013302150000,40.3239,-110.0936,Gulf 1-10-B2 Reese Estate,UT CRC,"TC, TOC, HAWK, ICP, XRD",AGAT,E160401-059,,10500,10510,Green River,Long Point Bed,6.2,2.03,2.58,5.28,0.47,441,6.27,9.4,3.18,2,2.36,0.08,1.05,20.6,0.25,BRL,BRL,123,952,BRL,0.4,0.5,55.7,11.8,51,6.6,43,3.39,1.78,0.87,16,4.04,1,3,0.67,BRL,29.2,58,0.3,470,14,9,24.8,32,24,6.79,94.1,,1.3,10,BRL,4.8,4,359,0.6,0.57,BRL,9.2,0.7,0.3,4.82,108,2,18.2,1.8,86,88.2,18.8,5.4,1.5,,,,,16.2,,19.4,,,1.5,36.1,,1.1,,,,,,,,,,
2,43013302150000,40.3239,-110.0936,Gulf 1-10-B2 Reese Estate,UT CRC,"TC, TOC, HAWK, ICP, XRD",AGAT,E160401-060,,10550,10560,Green River,Castle Peak,6.26,2.75,5.63,9.93,0.54,429,6.47,7.1,3.21,2.1,3.26,0.07,0.8,20.8,0.26,BRL,BRL,144,764,BRL,0.5,0.4,56.5,11.9,52,7.2,45,3.31,1.83,0.9,17,3.91,1,3,0.66,BRL,29.8,83,0.29,420,16,10,24.4,32,27,6.94,102,,1.6,11,BRL,4.6,3,407,0.6,0.57,BRL,9.8,0.7,0.28,4.98,120,2,17.8,1.7,91,88.3,18.2,6.4,1.8,,,,1.2,6.5,,25.7,,,1.3,36.8,,1.8,0.4,,,,,,,,,
2,43013302150000,40.3239,-110.0936,Gulf 1-10-B2 Reese Estate,UT CRC,"TC, TOC, HAWK, ICP, XRD",AGAT,E160401-061,,10620,10630,Green River,Castle Peak,5.26,2,3.53,5.51,0.41,437,6.95,6.7,3.33,2.2,2.39,0.09,0.97,22.1,0.27,BRL,BRL,145,1182,BRL,0.5,0.5,64.4,12.8,60,7.5,47,3.86,2.08,1.01,18,4.62,2,3,0.77,BRL,33.6,65,0.32,420,17,10,28.5,35,42,7.91,107,,1.3,11,BRL,5.6,4,316,0.7,0.64,BRL,10.6,0.7,0.32,5.22,119,9,20.7,1.9,95,94.9,19.3,6,1.6,,,,1.1,8.6,,19.4,,,1.6,39.8,,2.7,,,,,,,,,,
2,43013302150000,40.3239,-110.0936,Gulf 1-10-B2 Reese Estate,UT CRC,"TC, TOC, HAWK, ICP, XRD",AGAT,E160401-062,,10670,10680,Green River,Castle Peak,6.1,2.4,5.21,8.4,0.44,433,6.4,8,3.02,2.1,2.93,0.08,0.93,20.8,0.25,BRL,BRL,140,775,BRL,0.5,0.6,57.8,11.8,55,7.1,47,3.6,1.86,0.95,16,4.27,1,3,0.68,BRL,30.1,78,0.3,430,19,9,26.2,32,23,7.15,97.2,,1.3,10,BRL,5.1,4,400,0.6,0.6,BRL,10,0.6,0.3,5.1,109,2,17.7,1.8,95,84.2,17.7,7,1.9,,,,1.2,11.6,,22.4,,,1.3,36.3,,,0.7,,,,,,,,,
2,43013302150000,40.3239,-110.0936,Gulf 1-10-B2 Reese Estate,UT CRC,"TC, TOC, HAWK, ICP, XRD",AGAT,E160401-063,,10710,10720,Green River,Castle Peak,5.63,2.22,5.79,5.81,0.4,434,6.43,7.9,3.09,2,2.71,0.08,1.54,20.3,0.26,BRL,BRL,136,640,BRL,0.5,0.3,53.9,12.3,70,7.1,43,3.38,1.82,0.86,16,3.86,1,3,0.66,BRL,28.6,63,0.28,400,13,10,24.5,68,22,6.79,99.3,,1.2,10,BRL,4.7,3,397,0.6,0.55,BRL,9.5,0.7,0.28,4.59,118,2,18,1.7,88,87,18.4,5.2,1.7,,,,3.5,9.8,,21.3,,,1.4,37.1,,,1.5,,,,,,,,,
2,43013302150000,40.3239,-110.0936,Gulf 1-10-B2 Reese Estate,UT CRC,"TC, TOC, HAWK, ICP, XRD",AGAT,E160401-064,,10760,10770,Green River,Castle Peak,8.48,3.4,8.13,10.01,0.66,435,4.72,13.4,2.38,1.6,2.21,0.1,1.41,16.5,0.2,BRL,BRL,86,3708,BRL,0.3,0.4,40.9,8.9,52,5.2,33,2.95,1.51,0.78,12,3.37,BRL,2,0.58,BRL,21.2,47,0.22,490,11,8,19.1,25,28,5.26,73.8,,1.3,7,BRL,3.8,2,541,BRL,0.52,BRL,6.8,0.6,0.22,4.17,86,2,16,1.4,88,70.7,19.2,2.6,0.8,,,,2,27.3,,17.6,,,1.8,27,,,1.7,,,,,,,,,
2,43013302150000,40.3239,-110.0936,Gulf 1-10-B2 Reese Estate,UT CRC,"TC, TOC, HAWK, ICP, XRD",AGAT,E160401-065,,10810,10820,Green River,Castle Peak,7.66,1.98,2.66,6.59,0.47,443,4.68,11.5,2.62,1.6,3.91,0.08,0.82,16.7,0.19,BRL,BRL,87,2138,BRL,0.3,0.4,41.8,9.2,40,4.9,38,2.58,1.48,0.7,12,2.96,BRL,2,0.52,BRL,21.8,54,0.21,490,10,7,18.2,25,37,5.09,72.9,,1.1,7,BRL,3.5,3,492,BRL,0.45,BRL,7.2,0.5,0.21,3.87,84,34,14.4,1.3,72,66.3,18.1,6,1.9,,,,1.7,12.5,,36.4,,,1.1,21.8,,,0.6,,,,,,,,,
2,43013302150000,40.3239,-110.0936,Gulf 1-10-B2 Reese Estate,UT CRC,"TC, TOC, HAWK, ICP, XRD",AGAT,E160401-066,,10860,10870,Green River,Castle Peak,9.07,2.28,5.24,7.57,0.48,441,3.84,15.3,1.93,1.4,3.78,0.07,0.67,14.4,0.16,BRL,BRL,65,1388,BRL,0.2,0.5,33.1,6.9,34,3.9,22,2.21,1.22,0.55,10,2.62,BRL,2,0.44,BRL,17.1,48,0.18,520,7,6,14.9,22,14,4.14,58.4,,0.9,6,BRL,2.9,3,588,BRL,0.38,BRL,5.8,BRL,0.18,2.94,66,1,12.4,1.1,101,56,13.9,4.8,1.4,,,,1.8,25.3,,30.8,,,1.2,20.8,,,,,,,,,,,,
2,43013302150000,40.3239,-110.0936,Gulf 1-10-B2 Reese Estate,UT CRC,"TC, TOC, HAWK, ICP, XRD",AGAT,E160401-067,,10900,10910,Green River,Uteland Butte,5.97,1.97,3.95,4.61,0.41,444,6.15,8.2,3.05,2.1,3.06,0.07,1.19,20.7,0.25,BRL,BRL,116,5019,BRL,0.4,0.4,51.5,10.9,60,6.8,35,3.3,1.83,0.8,15,3.86,1,3,0.64,BRL,26.8,61,0.28,440,11,9,22.7,29,22,6.33,95.5,,1.2,10,BRL,4.6,3,418,0.6,0.54,BRL,8.7,0.7,0.28,4.26,108,3,18.1,1.8,85,84.2,19.8,3.3,1.5,,,,1,10.4,,24.9,,,1.7,35.6,,1.8,,,,,,,,,,
2,43013302150000,40.3239,-110.0936,Gulf 1-10-B2 Reese Estate,UT CRC,"TC, TOC, HAWK, ICP, XRD",AGAT,E160401-068,,10950,10960,Green River,Uteland Butte,5.99,1.82,2.58,4.44,0.5,440,6.09,8.4,2.68,2.1,3.43,0.08,0.87,20.2,0.25,BRL,BRL,102,1376,BRL,0.4,0.4,54.6,10.7,51,6.6,33,3.43,1.9,0.92,15,4.01,1,3,0.68,BRL,27.5,59,0.31,430,10,9,24.2,28,20,6.73,97.7,,1.2,9,BRL,4.7,3,364,0.6,0.56,BRL,8.9,0.7,0.31,4.33,106,2,18.8,1.8,83,88.4,19.4,2.7,2.3,,,,1.1,9.2,,24.2,,,1.4,34.7,,3.6,1.2,,,,,,,,,
2,43013302150000,40.3239,-110.0936,Gulf 1-10-B2 Reese Estate,UT CRC,"TC, TOC, HAWK, ICP, XRD",AGAT,E160401-069,,10990,11000,Green River,Uteland Butte,,,,,,,5.01,10.6,2.69,1.7,3.08,0.07,1.12,18.8,0.2,BRL,BRL,140,8394,BRL,0.3,0.5,41.7,9.7,46,5.2,30,2.82,1.57,BRL,12,3.3,1,2,0.55,BRL,22.1,49,0.25,570,12,8,18.5,26,33,5.16,78.5,,1.2,8,BRL,3.7,2,452,BRL,0.48,BRL,7.3,0.6,0.24,4.18,92,4,15.2,1.5,89,72.7,21.2,4.1,0.6,,,,0.6,16.4,,27.7,,,1.9,26,,1.5,,,,,,,,,,
2,43013302150000,40.3239,-110.0936,Gulf 1-10-B2 Reese Estate,UT CRC,"TC, TOC, HAWK, ICP, XRD",AGAT,E160401-070,,5560,5590,Green River,Above Bed 76,2.22,0.34,0.08,0.26,0.32,437,7.17,6.2,3.07,2.5,1.6,0.08,1.63,27,0.3,BRL,BRL,93,1061,BRL,0.2,0.2,69.1,11,52,4.9,24,3.88,2.2,1.16,17,4.47,1,4,0.78,BRL,37.5,46,0.29,530,2,13,29,27,20,8.14,105,,0.5,9,BRL,5.5,2,424,0.9,0.73,BRL,12.4,0.8,0.32,3.23,68,1,22.6,2.1,75,146,16.9,27.8,12.7,,,,2.3,10.1,,6.5,,,1.6,17.7,,2.2,2.2,,,,,,,,,
2,43013302150000,40.3239,-110.0936,Gulf 1-10-B2 Reese Estate,UT CRC,"TC, TOC, HAWK, ICP, XRD",AGAT,E160401-071,,5620,5650,Green River,Bed 76,1.9,,,,,,8.54,5.6,4.14,2.8,2.11,0.09,1.58,23.7,0.4,BRL,BRL,116,428,BRL,0.3,BRL,93.1,14,70,8.2,24,5.71,3.04,1.51,22,7.05,2,4,1.12,BRL,48.1,66,0.48,480,BRL,15,41.5,34,22,11,136,,0.9,14,BRL,8.2,3,416,1,1.02,BRL,15.1,0.8,0.48,3.64,89,2,32.3,3.2,96,152,17.6,2.3,4.3,,,,2.9,4.8,,11.2,,,3.6,31,,21.2,1,,,,,,,,,
2,43013302150000,40.3239,-110.0936,Gulf 1-10-B2 Reese Estate,UT CRC,"TC, TOC, HAWK, ICP, XRD",AGAT,E160401-072,,5680,5690,Green River,Bed 76,7.25,3.42,0.47,25.47,0.71,440,6.09,9.4,2.88,2.3,2.73,0.17,1.08,20.1,0.25,BRL,BRL,108,539,BRL,0.3,0.3,55,9.9,54,6.5,35,3.18,1.72,0.93,15,3.86,1,3,0.64,BRL,29.6,83,0.27,450,13,11,24.5,31,18,6.61,99.5,,0.9,9,BRL,4.7,3,667,0.7,0.6,BRL,9.5,0.6,0.27,4.73,104,2,18.6,1.9,78,96.5,9.9,22,7.9,,,,2.1,12.3,,21.7,,,1.1,19.3,,,3.7,,,,,,,,,
2,43013302150000,40.3239,-110.0936,Gulf 1-10-B2 Reese Estate,UT CRC,"TC, TOC, HAWK, ICP, XRD",AGAT,E160401-073,,5740,5750,Green River,Bed 76,5.35,1.42,0.43,6.26,0.37,437,5.85,9.9,3,2.2,3.43,0.08,1.27,20.6,0.26,BRL,BRL,124,472,BRL,0.2,0.3,56.5,9.8,55,6.2,26,3.39,1.92,0.91,14,4.32,1,3,0.68,BRL,29.6,101,0.31,470,5,10,24.9,28,27,6.74,95.2,,0.8,9,BRL,4.9,2,742,0.6,0.66,BRL,9.2,0.6,0.3,3.5,83,2,20.2,2,74,112,15.1,13.9,4.8,,,,2.4,11.5,,22.2,,,1.4,21.7,,3.4,3.6,,,,,,,,,
2,43013302150000,40.3239,-110.0936,Gulf 1-10-B2 Reese Estate,UT CRC,"TC, TOC, HAWK, ICP, XRD",AGAT,E160401-074,,5820,5830,Green River,Bed 76,6.06,1.26,0.47,5.85,0.53,429,5.23,11.4,2.51,2.2,3.59,0.05,0.74,19.1,0.23,BRL,BRL,136,480,BRL,0.2,0.2,49,8.5,47,6.1,23,2.97,1.58,0.75,13,3.53,1,3,0.56,BRL,26.3,105,0.25,430,2,9,21.1,26,16,5.72,91.6,,1.1,8,BRL,4.1,2,821,0.6,0.52,BRL,8.3,0.6,0.24,2.87,87,2,16.9,1.6,68,87.7,11.7,17.3,6.8,,,,1.7,17,,23.5,,,0.5,19,,0.7,1.5,,,,,,,,,
2,43013302150000,40.3239,-110.0936,Gulf 1-10-B2 Reese Estate,UT CRC,"TC, TOC, HAWK, ICP, XRD",AGAT,E160401-075,,5890,5900,Green River,Bed 76,4.93,1.24,0.43,4.96,0.43,437,6.33,9,3.42,2.4,3.33,0.08,1.31,20.6,0.29,BRL,BRL,151,614,BRL,0.2,0.3,66.9,11.5,55,6.4,24,4.11,2.25,1.1,16,5.02,1,3,0.83,BRL,35.3,95,0.33,440,4,12,29.9,34,22,8.15,105,,1,10,BRL,5.9,4,663,0.7,0.79,BRL,10.5,0.7,0.34,3.51,90,2,23.6,2.3,77,109,14.2,10.6,3.9,,,,3.5,10.1,,20.7,,,1.1,25.9,,6.7,3.2,,,,,,,,,
2,43013302150000,40.3239,-110.0936,Gulf 1-10-B2 Reese Estate,UT CRC,"TC, TOC, HAWK, ICP, XRD",AGAT,E160401-076,,5960,5970,Green River,Bed 76,2.69,0.38,0.08,0.58,0.48,443,7.69,7.2,4.14,2.6,2.3,0.13,1.73,22.3,0.37,BRL,BRL,144,598,BRL,0.3,0.8,91.9,14.1,65,7.7,31,5.53,2.99,1.56,20,7.21,2,4,1.03,BRL,47.7,68,0.44,580,3,15,41.1,35,71,11,128,,1,13,BRL,8.1,4,483,0.9,1.04,BRL,13.8,0.9,0.47,3.9,87,3,33,3.1,103,149,19.1,4.2,4.2,,,,2.5,8.1,,12.4,,,1.5,30.1,,15.7,2.1,,,,,,,,,
2,43013302150000,40.3239,-110.0936,Gulf 1-10-B2 Reese Estate,UT CRC,"TC, TOC, HAWK, ICP, XRD",AGAT,E160401-077,,6030,6040,Green River,Bed 76,3.93,0.68,0.22,1.76,0.65,434,6.51,8.7,3.66,2.1,3.14,0.08,1.57,20.5,0.32,BRL,BRL,131,563,BRL,0.2,0.2,73.4,12.3,59,6.4,24,4.54,2.6,1.18,16,5.64,1,4,0.9,BRL,37.7,74,0.41,540,3,13,32.4,54,38,8.94,107,,1,11,BRL,6.3,3,668,0.8,0.85,BRL,11.2,0.6,0.41,3.22,75,2,26.4,2.6,80,132,18.6,2.9,2.8,,,,5,8.6,,17.4,,,1.3,28.9,,10.3,4,,,,,,,,,
2,43013302150000,40.3239,-110.0936,Gulf 1-10-B2 Reese Estate,UT CRC,"TC, TOC, HAWK, ICP, XRD",AGAT,E160401-078,,6070,6080,Green River,Bed 76,2.95,0.31,0.1,0.43,0.37,432,7.66,7.5,4.18,2.5,2.56,0.09,1.42,21.6,0.37,BRL,114,124,418,BRL,0.3,0.3,84.9,17.1,63,7.7,30,5.11,2.96,1.4,19,6.36,2,4,1.05,BRL,43,69,0.45,570,3,14,37.5,42,33,10.1,129,,1,13,BRL,7.4,4,475,0.9,0.99,BRL,13.5,1.5,0.45,6.06,85,2,30.9,2.9,92,146,17.9,3.7,2.7,,,,3,8.8,,13.8,,,2.2,33.9,,10.5,3.5,,,,,,,,,
2,43013302150000,40.3239,-110.0936,Gulf 1-10-B2 Reese Estate,UT CRC,"TC, TOC, HAWK, ICP, XRD",AGAT,E160401-079,,6110,6120,Green River,Bed 76,5.14,1.57,0.48,6.96,0.63,435,6.02,8.6,3.13,2.1,3.53,0.09,0.77,20.8,0.27,BRL,BRL,129,350,BRL,0.2,0.3,63.3,10.6,55,6.5,25,3.79,2.04,1.02,15,4.63,1,3,0.73,BRL,33.2,100,0.33,430,3,11,28,32,18,7.64,105,,0.8,9,BRL,5.5,3,619,0.7,0.68,BRL,10.5,0.6,0.32,3.47,75,2,22.2,2.1,73,109,19.4,7.2,2.4,,,,1.8,10,,18.5,,,0.7,31.3,,6.6,2.2,,,,,,,,,
2,43013302150000,40.3239,-110.0936,Gulf 1-10-B2 Reese Estate,UT CRC,"TC, TOC, HAWK, ICP, XRD",AGAT,E160401-080,,6170,6180,Green River,Bed 76,7.72,2.95,1.26,19.98,0.68,437,3.84,10.3,2.08,1.6,4.6,0.09,0.57,19.9,0.17,BRL,BRL,177,656,BRL,0.2,0.7,41.1,6.8,32,4.8,23,2.43,1.25,0.59,9,3.03,BRL,2,0.44,BRL,21.9,124,0.2,370,5,9,17.7,24,19,4.84,73.5,,0.8,6,BRL,3.4,3,738,BRL,0.43,BRL,6.7,BRL,0.18,2.91,60,1,13.5,1.3,55,68.9,20.5,13.6,2.3,,,,1.1,9.4,,30.4,,,0.7,19.2,,1.7,1.1,,,,,,,,,
2,43013302150000,40.3239,-110.0936,Gulf 1-10-B2 Reese Estate,UT CRC,"TC, TOC, HAWK, ICP, XRD",AGAT,E160401-081,,6250,6260,Green River,Bed 76,6.12,1.83,0.88,9.21,0.7,433,4.97,8.8,2.76,2,4.25,0.07,0.48,19.1,0.25,BRL,BRL,217,764,BRL,0.2,0.3,50.6,9.3,40,6.3,22,3.09,1.6,0.85,13,3.82,1,3,0.6,BRL,26.5,122,0.24,480,3,12,22.2,26,16,6.03,93,,0.9,8,BRL,4.2,3,589,0.6,0.58,BRL,8,0.6,0.25,2.79,71,2,17.2,1.6,69,91.5,14.9,11.8,3.3,,,,1.7,8.7,,26.2,,,0.8,27.5,,3.7,1.3,,,,,,,,,
2,43013302150000,40.3239,-110.0936,Gulf 1-10-B2 Reese Estate,UT CRC,"TC, TOC, HAWK, ICP, XRD",AGAT,E160401-082,,6300,6310,Green River,Bed 76,5.66,1.46,0.64,6.37,0.58,433,5.02,9.6,2.86,1.9,3.93,0.08,0.9,18.5,0.26,BRL,BRL,215,902,BRL,0.2,BRL,54.1,9.7,42,6.2,22,3.33,1.88,0.89,13,4,1,3,0.62,BRL,28.3,112,0.29,530,BRL,12,24.1,25,17,6.48,93.2,,1,8,BRL,4.7,3,614,0.6,0.6,BRL,8.8,0.6,0.29,3.3,69,2,18.8,1.9,66,93.4,16,9.8,2.6,,,,3,11.4,,23.1,,,0.8,26.7,,4.1,2.6,,,,,,,,,
2,43013302150000,40.3239,-110.0936,Gulf 1-10-B2 Reese Estate,UT CRC,"TC, TOC, HAWK, ICP, XRD",AGAT,E160401-083,,6360,6370,Green River,Bed 76,5.81,1.66,0.82,7.72,0.52,431,4.96,9.5,2.6,2,4.15,0.07,0.64,19.9,0.25,BRL,32,213,810,BRL,0.2,0.4,50.5,9.7,41,6.7,21,3.06,1.74,0.83,13,3.59,1,3,0.6,BRL,26.9,123,0.27,450,3,11,22.8,28,19,6.03,90.5,,1.1,8,BRL,4.2,3,638,0.6,0.55,BRL,8.9,0.6,0.26,3.3,73,2,17.9,1.7,68,100,14.9,11.6,2.1,,,,2.4,12,,22.9,,,3.1,24.7,,4.3,1.9,,,,,,,,,
2,43013302150000,40.3239,-110.0936,Gulf 1-10-B2 Reese Estate,UT CRC,"TC, TOC, HAWK, ICP, XRD",AGAT,E160401-084,,6430,6440,Green River,Bed 76,6.26,1.92,0.83,9.37,0.5,431,4.81,9.6,2.46,2,4.24,0.11,0.61,19.4,0.22,BRL,BRL,195,538,BRL,0.2,0.3,45.8,8.6,44,7.5,26,2.65,1.44,0.73,12,3.27,1,2,0.51,BRL,24.4,140,0.21,440,4,10,19.5,25,17,5.41,91.4,,1.1,7,BRL,3.8,2,657,0.5,0.51,BRL,8.1,0.5,0.22,3.56,80,2,15.7,1.5,70,82.3,13.2,15.8,3.4,,,,1,10.7,,27,,,25.5,1.2,,,2.1,,,,,,,,,
2,43013302150000,40.3239,-110.0936,Gulf 1-10-B2 Reese Estate,UT CRC,"TC, TOC, HAWK, ICP, XRD",AGAT,E160401-085,,6460,6470,Green River,Bed 76,6.85,1.95,1.08,10.64,0.42,431,4.19,10.6,2.22,1.9,4.33,0.13,0.5,18.3,0.19,BRL,BRL,202,865,BRL,0.2,0.2,42.4,8.2,38,7.2,24,2.55,1.35,0.66,11,3.04,1,2,0.5,BRL,23,138,0.22,480,3,9,17.8,23,15,4.98,83.9,,1.1,7,BRL,3.6,3,719,BRL,0.46,BRL,7.7,BRL,0.22,3.51,69,2,15.2,1.5,63,78.8,14.2,14.3,3.6,,,,1.1,12.2,,29.5,,,3.8,19.1,,,2.2,,,,,,,,,
2,43013302150000,40.3239,-110.0936,Gulf 1-10-B2 Reese Estate,UT CRC,"TC, TOC, HAWK, ICP, XRD",AGAT,E160401-086,,6510,6520,Green River,Bed 76,6.69,1.84,0.9,8.84,0.43,428,4.56,10.3,2.38,1.7,3.97,0.09,0.67,18.5,0.2,BRL,34,149,495,BRL,0.3,0.3,45.7,8.6,40,6.2,32,2.71,1.52,0.72,12,3.3,1,2,0.52,BRL,24.8,120,0.22,450,5,9,19.8,35,293,5.3,80.4,,1.2,7,BRL,3.7,3,687,0.5,0.51,BRL,7.8,0.5,0.23,2.84,68,1,16,1.5,79,79.7,14.9,16.6,4,,,,1.8,9.8,,34.3,,,16.3,1,,,1.3,,,,,,,,,
2,43013302150000,40.3239,-110.0936,Gulf 1-10-B2 Reese Estate,UT CRC,"TC, TOC, HAWK, ICP, XRD",AGAT,E160401-087,,6560,6570,Green River,Bed 76,6.45,1.81,0.85,9,0.45,429,4.72,9.1,2.38,1.8,4.08,0.1,0.62,19,0.21,BRL,BRL,192,460,BRL,0.2,0.3,48.3,8.4,40,5.4,26,2.77,1.48,0.74,13,3.4,BRL,2,0.51,BRL,25.8,137,0.25,460,5,9,21.1,25,17,5.71,87.2,,1.1,8,BRL,3.9,3,637,0.6,0.51,BRL,8.4,0.5,0.24,3.62,70,1,15.8,1.5,67,82.1,13.4,17.2,5.6,,,,2.8,4.9,,33.5,,,4.1,14.3,,2.3,1.9,,,,,,,,,
2,43013302150000,40.3239,-110.0936,Gulf 1-10-B2 Reese Estate,UT CRC,"TC, TOC, HAWK, ICP, XRD",AGAT,E160401-088,,6620,6630,Green River,Bed 76,7.03,1.93,0.53,9.48,0.6,428,4.43,10.5,2.39,1.7,3.89,0.26,0.45,18.5,0.21,BRL,BRL,123,861,BRL,0.3,0.4,47,7.8,41,4,27,2.71,1.55,0.75,12,3.3,BRL,2,0.54,BRL,24.9,113,0.22,460,9,9,20.5,23,18,5.45,81.2,,1,7,BRL,3.9,3,696,BRL,0.5,BRL,9,BRL,0.23,4.07,70,4,15.9,1.6,65,65.3,15.3,16.8,8,,,,1.5,8.3,,33.9,,,6.9,7,,,2.3,,,,,,,,,
2,43013302150000,40.3239,-110.0936,Gulf 1-10-B2 Reese Estate,UT CRC,"TC, TOC, HAWK, ICP, XRD",AGAT,E160401-089,,6680,6690,Green River,Bed 76,6.35,1.32,0.6,5.89,0.43,430,4.72,10.7,2.55,2,3.63,0.14,0.75,18.8,0.21,BRL,BRL,88,911,BRL,0.3,0.4,50.3,9.4,45,4.1,26,2.85,1.53,0.83,12,3.61,BRL,2,0.57,BRL,26.3,111,0.24,490,6,9,21.5,27,23,5.85,86.3,,0.9,7,BRL,4.3,5,753,0.6,0.56,BRL,8.8,BRL,0.24,3.64,77,7,17.1,1.7,63,75.2,14.2,19.2,8.7,,,,,10,,33.9,,,0.8,10.7,,,2.4,,,,,,,,,
2,43013302150000,40.3239,-110.0936,Gulf 1-10-B2 Reese Estate,UT CRC,"TC, TOC, HAWK, ICP, XRD",AGAT,E160401-090,,6740,6750,Green River,Bed 69,7.21,2.1,1.25,12.24,0.38,427,4.47,11,2.41,1.7,3.8,0.06,0.59,18.2,0.2,BRL,BRL,291,857,BRL,0.3,0.4,45.6,8.7,39,7.4,30,2.7,1.5,0.75,11,3.32,1,2,0.53,BRL,23.7,116,0.21,450,10,8,20.2,29,29,5.36,81.9,,1,7,BRL,3.8,2,753,BRL,0.49,BRL,7.3,0.5,0.22,3.23,74,3,15.2,1.5,65,76.8,14.5,19.1,4.1,,,,0.8,12.7,,31.7,,,0.9,14.2,,,1.3,,,,,,,,,0.7
2,43013302150000,40.3239,-110.0936,Gulf 1-10-B2 Reese Estate,UT CRC,"TC, TOC, HAWK, ICP, XRD",AGAT,E160401-091,,6790,6800,Green River,Bed 44,5.64,1.7,0.69,7.4,0.5,431,5.52,9.2,2.91,2.1,3.2,0.11,0.93,20.9,0.25,BRL,BRL,200,794,BRL,0.3,0.4,59.4,9.6,56,5.9,26,3.46,1.9,0.92,14,4.17,1,3,0.66,BRL,31.5,96,0.3,450,6,10,25.1,30,43,7.01,93,,1.3,9,BRL,4.8,3,613,0.6,0.61,BRL,10,0.6,0.3,4.22,73,5,19.4,2,74,98.2,17.2,15.4,4.9,,,,0.6,10.6,,25.6,,,2.2,18.6,,2,0.6,,,,,,,,,2.1
2,43013302150000,40.3239,-110.0936,Gulf 1-10-B2 Reese Estate,UT CRC,"TC, TOC, HAWK, ICP, XRD",AGAT,E160401-092,,6850,6860,Green River,Bed 44,3.66,0.48,0.17,0.69,0.51,427,6.22,8.8,3.25,2.3,3.14,0.08,1.56,20.1,0.29,BRL,BRL,149,513,BRL,0.2,0.3,69.5,11.2,51,7.3,24,4.09,2.32,1.12,16,5.02,1,3,0.81,BRL,35.3,85,0.34,480,2,12,29.9,28,18,8.27,110,,1,10,BRL,5.9,3,556,0.7,0.76,BRL,11.4,0.6,0.34,3.51,77,14,24.1,2.4,82,120,13.9,5.1,3.3,,,,0.5,10.3,,15.6,,,2.9,30.2,,5.5,8.1,,,,,,,,,4.6
2,43013302150000,40.3239,-110.0936,Gulf 1-10-B2 Reese Estate,UT CRC,"TC, TOC, HAWK, ICP, XRD",AGAT,E160401-093,,6910,6920,Green River,Bed 44,3.92,0.54,0.15,0.98,0.37,438,5.54,9.4,2.88,2.2,3.81,0.08,1.68,19.7,0.26,BRL,BRL,151,426,BRL,0.2,0.2,60.1,9.7,45,6.8,24,3.59,1.99,1.02,14,4.42,1,3,0.74,BRL,30.9,117,0.32,460,3,10,26.5,25,20,7.1,103,,0.8,9,BRL,5.2,3,605,0.6,0.7,BRL,10.3,0.5,0.33,3.35,72,2,21.4,2.1,75,104,14.4,5.3,3,,,,0.3,11.3,,16.7,,,31.1,3.5,,,8.6,,,,,,,,,5.8
2,43013302150000,40.3239,-110.0936,Gulf 1-10-B2 Reese Estate,UT CRC,"TC, TOC, HAWK, ICP, XRD",AGAT,E160401-094,,6970,6980,Green River,Bed 44,5.33,0.49,0.15,1.28,0.58,441,3.88,11.4,1.98,1.9,5.12,0.07,0.26,17.8,0.2,BRL,BRL,178,627,BRL,0.1,BRL,40.4,6.8,32,5.2,16,2.6,1.48,0.77,10,3.28,1,2,0.52,BRL,21,147,0.23,450,BRL,8,18.4,19,10,4.8,77.6,,0.7,7,BRL,3.8,2,730,BRL,0.48,BRL,7,BRL,0.22,2.7,50,1,15.3,1.5,56,85.1,12.7,8.5,4.6,,,,0.1,20,,22.8,,,0.3,24.4,,1.5,4.6,,,,,,,,,0.4
2,43013302150000,40.3239,-110.0936,Gulf 1-10-B2 Reese Estate,UT CRC,"TC, TOC, HAWK, ICP, XRD",AGAT,E160401-095,,7030,7040,Green River,Bed 44,6.58,1.89,0.67,8.9,0.43,431,4.27,9.8,2.46,2.1,4.38,0.08,0.66,18.9,0.21,BRL,BRL,263,787,BRL,0.2,0.3,42.4,8.9,38,5.3,24,2.67,1.38,0.7,11,3.26,1,2,0.5,BRL,22.3,122,0.22,460,5,9,19,24,30,5.02,80.9,,1.2,7,BRL,3.7,2,649,BRL,0.49,BRL,7,BRL,0.22,3.07,63,2,15.2,1.5,88,88.4,14.5,12.3,4.2,,,,1.8,10.2,,29.6,,,1.4,23.4,,1.9,0.4,,,,,,,,,0.5
2,43013302150000,40.3239,-110.0936,Gulf 1-10-B2 Reese Estate,UT CRC,"TC, TOC, HAWK, ICP, XRD",AGAT,E160401-096,,7080,7090,Green River,Bed 44,5.14,1.7,0.99,7.13,0.52,430,5.65,8.4,2.82,2.2,3.72,0.1,0.72,20.4,0.27,BRL,BRL,142,508,BRL,0.2,BRL,62.4,10.6,47,6.3,21,3.83,2.11,1.03,14,4.73,1,3,0.76,BRL,31.7,109,0.32,440,2,11,27.2,29,18,7.39,97.4,,0.8,9,BRL,5.3,2,566,0.7,0.72,BRL,11.5,0.6,0.33,3.94,70,2,21.7,2.1,122,114,15.9,8.3,3.6,,,,1.3,10.4,,19.1,,,1.9,27,,4.1,6.9,,,,,,,,,1.6
2,43013302150000,40.3239,-110.0936,Gulf 1-10-B2 Reese Estate,UT CRC,"TC, TOC, HAWK, ICP, XRD",AGAT,E160401-097,,7160,7170,Green River,Bed 44,4.66,1.01,0.44,2.95,0.44,435,5.75,8.2,2.95,2.4,3.31,0.08,0.77,21.1,0.27,BRL,BRL,114,423,BRL,0.2,0.4,60.5,10.4,49,6.2,23,3.81,1.96,1,15,4.52,1,3,0.72,BRL,31.6,89,0.32,480,BRL,10,26.8,31,17,7.24,103,,1.1,10,BRL,5.2,3,516,0.7,0.67,BRL,9.8,0.6,0.32,3.36,72,2,21.7,2.2,80,118,19.4,11,5.1,,,,1.3,8.4,,23.9,,,1,23.1,,3.3,1.4,,,,,,,,,2
2,43013302150000,40.3239,-110.0936,Gulf 1-10-B2 Reese Estate,UT CRC,"TC, TOC, HAWK, ICP, XRD",AGAT,E160401-098,,7220,7230,Green River,Bed 44,6.14,1.69,0.86,7.69,0.5,432,4.29,9.7,2.24,2.2,3.63,0.11,0.42,20.2,0.23,BRL,BRL,255,861,BRL,0.2,0.4,43.4,7.6,45,5,21,2.69,1.46,0.7,11,3.22,1,3,0.49,BRL,23.1,95,0.23,410,4,9,18.5,23,15,5.08,82.7,,1,7,BRL,3.6,2,564,0.5,0.47,BRL,7.4,BRL,0.23,3.25,62,2,15.8,1.6,63,109,17.3,13.4,7.8,,,,1,12.5,,27.9,,,6.2,12.6,,,1.3,,,,,,,,,
2,43013302150000,40.3239,-110.0936,Gulf 1-10-B2 Reese Estate,UT CRC,"TC, TOC, HAWK, ICP, XRD",AGAT,E160401-099,,7270,7280,Green River,Bed 44,6.92,2.41,0.95,13.22,0.49,434,4.63,10.6,2.28,2.1,3.59,0.14,0.46,19,0.21,BRL,BRL,206,506,BRL,0.2,0.5,45.9,7.9,40,5.8,24,2.86,1.55,0.78,12,3.47,1,3,0.56,BRL,24.2,91,0.25,410,5,9,20,22,16,5.52,84.1,,1,7,BRL,3.8,3,662,0.5,0.53,BRL,8.5,BRL,0.24,4.02,66,1,17.1,1.6,68,94,15.7,14,6.6,,,,0.7,15.4,,26.7,,,,18.4,,1.2,0.3,,,,,,,,,1
2,43013302150000,40.3239,-110.0936,Gulf 1-10-B2 Reese Estate,UT CRC,"TC, TOC, HAWK, ICP, XRD",AGAT,E160401-100,,7320,7330,Green River,Bed 44,10.88,5.9,1.18,51.96,0.52,445,3.92,11.2,2.02,1.7,3.57,0.11,0.66,16.7,0.18,BRL,BRL,176,566,BRL,0.4,0.5,37.5,8.5,40,4.8,30,2.18,1.32,0.59,10,2.59,BRL,2,0.44,BRL,20.5,94,0.2,400,12,7,16.4,25,21,4.43,72,,1.2,6,BRL,3,2,685,BRL,0.39,BRL,6.3,BRL,0.2,4.46,75,1,13,1.2,88,75.3,13.5,18.1,5.7,,,,1.8,15.2,,32.1,,,0.5,12.5,,,,,,,,,,,,0.5
2,43013302150000,40.3239,-110.0936,Gulf 1-10-B2 Reese Estate,UT CRC,"TC, TOC, HAWK, ICP, XRD",AGAT,E160401-101,,7400,7410,Green River,Bed 44,6.21,1.9,0.9,8.87,0.49,436,4.44,9.1,2.4,2.1,3.43,0.1,0.79,20.9,0.21,BRL,33,143,530,BRL,0.2,0.3,43.6,7.8,51,4.9,22,2.75,1.5,0.72,11,3.35,1,3,0.53,BRL,23,99,0.23,400,6,8,19.1,25,16,5.18,81.9,,1.4,7,BRL,3.9,3,537,BRL,0.5,BRL,7.2,0.6,0.22,3.46,72,2,16.1,1.6,62,102,20.7,13.6,10.2,,,,2.5,9.1,,27.8,,,0.4,13.7,,1,,,,,,,,,,0.9
2,43013302150000,40.3239,-110.0936,Gulf 1-10-B2 Reese Estate,UT CRC,"TC, TOC, HAWK, ICP, XRD",AGAT,E160401-102,,7480,7490,Green River,Bed 44,10.17,5.1,10.51,32.55,0.46,435,3.62,11,1.76,1.7,4.29,0.08,0.38,17.9,0.15,BRL,BRL,127,590,BRL,0.2,0.4,33.6,8.4,36,4.5,22,1.99,1.09,0.48,9,2.31,BRL,2,0.39,BRL,18.3,119,0.16,390,6,7,14.3,24,20,3.94,71.1,,0.9,5,BRL,2.6,4,668,BRL,0.34,BRL,6.5,BRL,0.16,3.12,48,29,11.8,1.1,59,74.4,14.9,15.8,5.7,,,,1.3,13.6,,31.5,,,4.1,9.9,,,2.9,,,,,,,,,0.2
2,43013302150000,40.3239,-110.0936,Gulf 1-10-B2 Reese Estate,UT CRC,"TC, TOC, HAWK, ICP, XRD",AGAT,E160401-103,,7530,7540,Green River,Bed 44,7.77,2.78,2.68,16.82,0.39,437,3.76,10.4,1.78,1.8,3.54,0.1,0.58,20,0.16,BRL,BRL,111,493,BRL,0.3,0.4,37.2,5.9,37,3.5,24,2.31,1.23,0.58,9,2.67,BRL,3,0.43,BRL,20.1,96,0.2,360,8,7,16.1,19,17,4.37,72.4,,1.1,5,BRL,3,3,649,BRL,0.39,BRL,7.1,BRL,0.19,3.58,53,2,13.1,1.3,55,99,19.5,17.5,10.2,,,,0.8,10.9,,33.8,,,0.3,6,,,,,,,,,,,,1
2,43013311400000,40.3422,-110.1578,UTE 2-6B2,USGS CRC,"TC, TOC, HAWK, ICP, XRD",AGAT,E160403-043,,7000,7010,Green River,Upper Green River,6.27,3.7,9.22,17.74,0.78,423,5.76,6.2,3.08,1.9,2.41,0.07,1.24,21.8,0.27,BRL,BRL,111,ARL,BRL,0.2,0.3,64.2,11.5,56,5.8,28,3.93,2.18,BRL,15,4.7,1,4,0.77,BRL,33.6,68,0.34,390,4,11,28.2,31,44,7.68,95.1,,1.7,9,BRL,5.6,4,482,0.7,0.74,BRL,10.2,0.6,0.35,3.31,71,6,22.2,2.3,114,131,14.2,2.4,11.9,,,,1.8,7.4,,,15.2,,0.7,27.6,,5.8,,9.9,,,,,,,,3.2
3,43013311400000,40.3422,-110.1578,UTE 2-6B2,USGS CRC,"TC, TOC, HAWK, ICP, XRD",AGAT,E160403-044,,7050,7060,Green River,Upper Green River,2.65,0.44,0.18,1.02,0.74,432,7.89,5.8,3.83,2.5,2.45,0.08,1.1,22.5,0.36,BRL,BRL,121,1471,BRL,0.3,BRL,87.8,13.7,65,7.6,24,5.54,2.96,1.56,21,7.03,2,4,1.05,BRL,45.2,77,0.46,410,3,14,39.2,33,22,10.6,127,,1.2,13,BRL,7.9,7,472,1,1.01,BRL,13.5,0.7,0.45,3.54,87,2,31,3,92,137,8.7,3.4,5.9,,,,6.2,4.8,,,12.8,,1.5,23.7,,12.4,,16.9,,,,,,,,3.6
3,43013311400000,40.3422,-110.1578,UTE 2-6B2,USGS CRC,"TC, TOC, HAWK, ICP, XRD",AGAT,E160403-045,,7100,7110,Green River,Upper Green River,2.12,0.26,0.08,0.43,0.5,432,8.44,5,4.37,2.6,2.22,0.09,0.98,22.8,0.39,BRL,BRL,123,543,BRL,0.3,BRL,99.7,15.2,87,7.9,28,6.18,3.39,1.67,22,7.48,2,4,1.2,BRL,50.6,74,0.54,450,3,15,44.5,56,23,11.9,139,,1.1,14,BRL,9.1,4,405,1,1.12,BRL,15.5,0.8,0.55,4.11,90,2,34.8,3.5,92,156,9.2,2.8,7.4,,,,3.4,3.6,,,11.1,,0.8,25,,12.9,0.5,18.2,,,,,,,,5.1
3,43013311400000,40.3422,-110.1578,UTE 2-6B2,USGS CRC,"TC, TOC, HAWK, ICP, XRD",AGAT,E160403-046,,7160,7170,Green River,Upper Green River,2.38,0.33,0.08,0.54,0.68,434,7.88,5.4,4.31,2.5,2.26,0.09,1.06,22.6,0.36,BRL,BRL,119,665,BRL,0.3,0.3,90.6,14.6,78,7.4,32,5.43,3.06,1.5,21,6.72,2,4,1.09,BRL,46.6,73,0.49,460,3,14,41.3,37,23,10.9,133,,1.1,13,BRL,8.2,3,426,1,1,BRL,14.2,0.7,0.48,3.85,86,2,32.7,3.1,92,145,8.7,1.7,8.7,,,,3.9,4.3,,,12,,2,26.4,,13.4,,12.7,,,,,,2.3,,3.9
3,43013311400000,40.3422,-110.1578,UTE 2-6B2,USGS CRC,"TC, TOC, HAWK, ICP, XRD",AGAT,E160403-047,,7200,7210,Green River,Upper Green River,3.07,0.55,0.13,1.12,0.57,434,7.64,6.2,3.95,2.5,2.33,0.09,0.75,22.1,0.35,BRL,BRL,139,497,BRL,0.3,BRL,88.1,14.1,70,7.3,30,5.35,2.98,1.5,20,6.57,2,4,1.02,BRL,44.8,83,0.48,430,4,14,39.8,39,22,10.7,129,,1.1,12,BRL,7.8,3,461,0.9,0.99,BRL,13.9,0.7,0.47,3.79,85,2,31.1,3.1,92,136,9.2,4.1,6.7,,,,4.8,6,,,14.2,,1.4,25,,11.4,1.6,12.9,,,,,,,,2.8
3,43013311400000,40.3422,-110.1578,UTE 2-6B2,USGS CRC,"TC, TOC, HAWK, ICP, XRD",AGAT,E160403-048,,7250,7260,Green River,Upper Green River,4.33,1.04,0.22,3.33,0.87,434,6.48,7.7,3.44,2.2,2.81,0.09,0.94,20.5,0.3,BRL,BRL,143,1639,BRL,0.3,0.3,73.7,14.3,60,7.4,29,4.5,2.42,1.21,18,5.45,2,3,0.87,BRL,37.9,88,0.38,430,3,12,33,33,21,8.93,114,,1.3,10,BRL,6.4,3,573,0.8,0.81,BRL,12.2,0.7,0.39,3.71,79,14,26.3,2.6,79,117,8.3,7,8.9,,,,4.4,7.5,,,19.3,,1.5,20.7,,7.8,1.1,9.9,,,,,,,,3.8
3,43013311400000,40.3422,-110.1578,UTE 2-6B2,USGS CRC,"TC, TOC, HAWK, ICP, XRD",AGAT,E160403-049,,7300,7310,Green River,Upper Green River,2.65,0.46,0.17,1.05,0.61,429,8.3,5.1,4.37,2.6,2.3,0.08,0.58,22.4,0.4,BRL,BRL,135,848,BRL,0.3,0.4,95.9,14.9,75,7.8,27,6.11,3.37,1.62,22,7.1,2,4,1.18,BRL,48.6,78,0.51,450,BRL,15,42.6,36,29,11.5,136,,1.1,14,BRL,8.6,3,342,1,1.13,BRL,15.1,0.8,0.53,3.89,93,2,34.3,3.4,98,142,10,2.4,7.1,,,,2.2,4.5,,6.5,6.6,,1.4,27.2,,13.5,0.8,15.5,,,,,,,,2.2
3,43013311400000,40.3422,-110.1578,UTE 2-6B2,USGS CRC,"TC, TOC, HAWK, ICP, XRD",AGAT,E160403-050,,7350,7360,Green River,Upper Green River,3.17,0.72,0.16,1.89,0.56,437,7.55,5.9,3.78,2.5,2.46,0.09,0.68,22.9,0.35,BRL,BRL,130,433,BRL,0.3,0.4,86.1,14.7,65,7.3,27,5.25,2.91,1.41,20,6.27,2,4,1.02,BRL,43.9,83,0.44,400,4,14,38.4,34,23,10.3,126,,1.1,12,BRL,7.6,3,416,0.9,0.95,BRL,13.9,0.8,0.47,3.89,85,3,30.4,3,112,139,8.9,5.9,9.2,,,,4.5,5.3,,,13.8,,2.5,22.6,,11.2,1.3,9.3,,,,,,2.5,,2.9
3,43013311400000,40.3422,-110.1578,UTE 2-6B2,USGS CRC,"TC, TOC, HAWK, ICP, XRD",AGAT,E160403-051,,7400,7410,Green River,Upper Green River,2.74,0.38,0.11,0.93,0.61,435,7.67,5.7,3.91,2.5,2.38,0.09,0.82,22.2,0.37,BRL,BRL,128,390,BRL,0.3,BRL,87.6,14.6,73,7.3,31,5.51,2.96,1.46,20,6.74,2,4,1.04,BRL,44.7,75,0.48,440,BRL,14,39.5,36,22,10.7,129,,1.2,13,BRL,7.9,3,461,1,1.01,BRL,14.2,0.7,0.48,4.03,93,17,31.7,3.1,92,135,9,4.5,7.9,,,,4.3,5,,,13.7,,2,22.9,,12.3,1.7,12.8,,,,,,,,3.8
3,43013311400000,40.3422,-110.1578,UTE 2-6B2,USGS CRC,"TC, TOC, HAWK, ICP, XRD",AGAT,E160403-052,,7450,7460,Green River,Upper Green River,3.92,0.41,0.09,0.85,0.52,438,5.98,8.4,3.06,2.2,3.56,0.08,0.58,20.8,0.28,BRL,BRL,145,456,BRL,0.2,BRL,66.5,13,81,6.4,24,4.3,2.29,1.15,16,5.23,1,4,0.83,BRL,34,102,0.36,430,2,11,29.7,166,17,7.97,110,,1,10,BRL,5.9,2,575,0.7,0.75,BRL,11.1,0.5,0.35,3.47,71,5,25.6,2.4,86,121,8.2,5.1,7.8,,,,4.6,10,,,16.9,,2.1,24.2,,5.9,5.3,8.2,,,,,,,,1.8
3,43013311400000,40.3422,-110.1578,UTE 2-6B2,USGS CRC,"TC, TOC, HAWK, ICP, XRD",AGAT,E160403-053,,7500,7510,Green River,Upper Green River,3.72,0.43,0.11,0.95,0.66,437,6.23,7.8,3.11,2.3,3.32,0.08,0.6,21.1,0.29,BRL,BRL,144,462,BRL,0.2,0.2,70.8,11.4,54,6.4,22,4.41,2.48,1.13,16,5.44,1,3,0.91,BRL,35.9,97,0.38,410,BRL,11,31.3,27,26,8.45,108,,0.9,10,BRL,6.3,2,536,0.8,0.83,BRL,11.5,0.6,0.38,3.43,72,7,25.2,2.5,84,114,8.8,4.5,7.7,,,,3.7,9.7,,10.8,5.9,,1.3,22.5,,8.7,2.3,11.6,,,,,,,,2.5
3,43013311400000,40.3422,-110.1578,UTE 2-6B2,USGS CRC,"TC, TOC, HAWK, ICP, XRD",AGAT,E160403-054,,7560,7570,Green River,Upper Green River,3.89,0.39,0.1,0.91,0.62,438,6.05,8.3,3.03,2.2,3.47,0.08,0.55,20.9,0.28,BRL,BRL,142,448,BRL,0.2,0.2,68.2,11.6,54,6.3,21,4.35,2.52,1.16,16,5.17,1,3,0.84,BRL,35.2,101,0.38,410,BRL,11,30.2,28,18,8.14,107,,0.9,10,BRL,5.9,3,560,0.7,0.79,BRL,11.3,0.6,0.38,3.47,71,15,25.4,2.4,82,112,8.9,4.6,8,,,,5.5,10.5,,,16.6,,2,22.1,,6.5,2.9,10.9,,,,,,,,1.6
3,43013311400000,40.3422,-110.1578,UTE 2-6B2,USGS CRC,"TC, TOC, HAWK, ICP, XRD",AGAT,E160403-055,,7600,7610,Green River,Upper Green River,3.45,0.37,0.11,0.84,0.68,436,6.81,7.4,3.39,2.4,3.25,0.09,0.57,21.6,0.32,BRL,BRL,147,457,BRL,0.2,BRL,76.5,12.3,61,6.7,24,4.72,2.61,1.33,18,5.84,1,4,0.95,BRL,38.6,97,0.42,420,BRL,12,34.6,30,19,9.11,118,,1.1,11,BRL,7.1,4,556,0.8,0.91,BRL,12.2,0.6,0.42,3.54,80,4,27.8,2.8,89,122,8.7,2.5,9.4,,,,2.8,8.4,,14.4,1.7,,1.5,26.3,,10.1,3.2,9.3,,,,,,,,1.8
3,43013311400000,40.3422,-110.1578,UTE 2-6B2,USGS CRC,"TC, TOC, HAWK, ICP, XRD",AGAT,E160403-056,,7650,7660,Green River,Upper Green River,3.2,0.58,0.11,1.22,0.69,436,7.06,6.7,3.6,2.3,2.76,0.09,1.01,21.8,0.33,BRL,BRL,141,451,BRL,0.3,4.9,80.2,15.2,65,6.9,26,4.94,2.64,1.35,18,6.07,2,4,0.97,BRL,41.4,86,0.41,400,3,13,36.1,33,23,9.67,118,,1.1,11,BRL,7,3,520,0.8,0.91,BRL,12.8,0.7,0.41,3.54,83,32,28.1,2.7,85,129,8.8,4.2,8,,,,5.9,6,,,14.2,,2.2,19.3,,10.1,1.2,15.9,,,,,,,,4.2
3,43013311400000,40.3422,-110.1578,UTE 2-6B2,USGS CRC,"TC, TOC, HAWK, ICP, XRD",AGAT,E160403-057,,7700,7710,Green River,Upper Green River,2.87,0.48,,,,,7.64,5.8,3.88,2.5,2.66,0.09,0.79,22.9,0.35,BRL,BRL,147,426,BRL,0.3,BRL,86.4,14.2,67,7.7,27,5.3,2.95,1.46,21,6.51,2,4,1.07,BRL,43.4,84,0.47,400,3,14,38.6,36,21,10.4,131,,1.2,13,BRL,7.8,3,453,0.9,1,BRL,13.9,0.7,0.46,3.71,89,7,31.2,3.1,106,145,8.9,4,7,,,,5.5,5.2,,,13.3,,1.3,24.1,,9.9,2.2,15,,,,,,0.7,,3
3,43013311400000,40.3422,-110.1578,UTE 2-6B2,USGS CRC,"TC, TOC, HAWK, ICP, XRD",AGAT,E160403-058,,7750,7760,Green River,Upper Green River,2.62,0.38,0.08,0.73,0.54,434,7.82,5.8,3.93,2.5,2.53,0.09,0.93,22.8,0.37,BRL,BRL,130,393,BRL,0.3,BRL,86.3,14.8,68,7.4,25,5.45,2.93,1.45,21,6.45,2,4,1.09,BRL,43.8,81,0.47,400,BRL,14,39.6,34,21,10.6,131,,1.1,13,BRL,7.8,2,428,0.9,0.97,BRL,14,0.7,0.47,3.6,89,7,31.5,3,90,138,9.2,3.1,6.5,,,,4.2,4.9,,,12.5,,1.8,25.9,,11.9,2,14,,,,,,0,,3.9
3,43013311400000,40.3422,-110.1578,UTE 2-6B2,USGS CRC,"TC, TOC, HAWK, ICP, XRD",AGAT,E160403-059,,7800,7810,Green River,Upper Green River,2.73,0.41,0.13,0.76,0.76,432,7.65,5.7,3.88,2.5,2.51,0.09,0.82,22.4,0.36,BRL,BRL,142,419,BRL,0.3,0.2,84,14.4,66,7.3,28,5.34,2.88,1.47,20,6.38,2,4,1.04,BRL,43.2,79,0.43,400,3,13,38.8,33,21,10.3,128,,1,13,BRL,7.6,3,429,0.9,0.97,BRL,13.5,0.8,0.43,3.52,86,5,30.9,2.9,90,137,9.7,4,9.2,,,,6.4,4.6,,,11.7,,1.9,20.2,,13.9,0.5,11.4,,,,,,,,6.6
3,43013311400000,40.3422,-110.1578,UTE 2-6B2,USGS CRC,"TC, TOC, HAWK, ICP, XRD",AGAT,E160403-060,,7860,7870,Green River,Upper Green River,3.39,0.6,0.23,1.52,0.77,438,6.65,6.6,3.44,2.3,2.78,0.08,0.74,23,0.31,BRL,BRL,136,1557,BRL,0.3,BRL,73.2,13.8,62,6.4,35,4.69,2.51,1.2,18,5.6,2,3,0.9,BRL,37.2,81,0.39,400,3,12,32.8,30,29,8.88,113,,1.4,11,BRL,6.6,2,478,0.8,0.83,BRL,11.8,0.6,0.4,3.35,74,12,26.8,2.5,83,124,10.8,3.9,8.2,,,,4.7,6.5,,,15.1,,0.9,19,,9.9,0,17.3,,,,,,,,3.5
3,43013311400000,40.3422,-110.1578,UTE 2-6B2,USGS CRC,"TC, TOC, HAWK, ICP, XRD",AGAT,E160403-061,,7900,7910,Green River,Upper Green River,4.56,1.08,0.26,1.78,0.83,441,5.37,8.1,2.73,2,2.89,0.08,0.67,23.1,0.25,BRL,BRL,151,899,BRL,0.2,0.3,58.2,13.8,52,5.2,28,3.64,2.01,0.92,14,4.43,1,3,0.7,BRL,30.1,78,0.3,380,5,10,25.5,26,24,6.91,89.7,,1.1,9,BRL,5.1,3,551,0.9,0.69,BRL,9.3,0.5,0.3,3.25,62,54,20.8,2.1,79,114,12.7,7.4,10.5,,,,5.4,10,,,18.4,,2.4,14.5,,10.5,6.5,,,,,,,,,1.8
3,43013311400000,40.3422,-110.1578,UTE 2-6B2,USGS CRC,"TC, TOC, HAWK, ICP, XRD",AGAT,E160403-062,,7950,7960,Green River,Upper Green River,6.85,2.77,0.72,14.88,0.66,440,4.4,9.1,2.08,1.8,3.16,0.09,0.58,20.7,0.19,BRL,BRL,161,3895,BRL,0.3,0.5,39.9,8.3,43,4.4,26,2.46,1.34,0.59,11,2.91,1,3,0.49,BRL,21.6,78,0.22,360,6,8,17.8,22,21,4.82,76.5,,1.5,6,BRL,3.4,2,574,BRL,0.42,BRL,6.6,BRL,0.21,3.46,64,4,15.1,1.5,92,93.9,12,16.6,12.4,,,,4.4,11,,0.4,27.3,,,6.6,,0,,8.9,,,,,,,,0.4
3,43013311400000,40.3422,-110.1578,UTE 2-6B2,USGS CRC,"TC, TOC, HAWK, ICP, XRD",AGAT,E160403-063,,8000,8010,Green River,Upper Green River,4.38,1.25,0.74,5.66,0.52,440,4.57,6.9,2.36,1.9,2.56,0.07,1.28,23.5,0.21,BRL,BRL,120,ARL,BRL,0.2,0.5,47.8,9.2,43,4.5,26,3.01,1.62,BRL,12,3.61,1,3,0.6,BRL,25.6,72,0.26,330,5,8,21.3,24,15,5.76,80.5,,1.4,7,BRL,4.1,3,545,0.5,0.55,BRL,7.8,BRL,0.26,2.96,54,8,18.1,1.7,69,106,16.4,6.8,21.2,,,,2.2,7.3,,,19.4,,0.7,15.3,,3.5,,4.1,,,,,,,,3.1
3,43013311400000,40.3422,-110.1578,UTE 2-6B2,USGS CRC,"TC, TOC, HAWK, ICP, XRD",AGAT,E160403-064,,8040,8050,Green River,Upper Green River,4.93,1.37,0.38,6.43,0.6,441,4.84,7.6,2.42,2,3.06,0.07,0.59,23.9,0.22,BRL,BRL,138,674,BRL,0.2,BRL,49.8,8.6,44,4.7,20,3.11,1.73,0.79,12,3.69,1,3,0.61,BRL,26,84,0.28,360,4,9,22.2,24,16,6.03,84.3,,1.5,8,BRL,4.2,2,492,0.5,0.57,BRL,8.1,BRL,0.28,3.05,58,7,18.3,1.8,69,102,14.1,8,11.2,,,,6,7.8,,,23.2,,1.4,11.7,,5.4,,9.9,,,,,,,,1.4
3,43013311400000,40.3422,-110.1578,UTE 2-6B2,USGS CRC,"TC, TOC, HAWK, ICP, XRD",AGAT,E160403-065,,8100,8110,Green River,Upper Green River,4.72,1.23,0.25,4.28,0.77,440,5.08,7.7,2.62,2.1,2.96,0.08,0.78,23.5,0.23,BRL,BRL,151,526,BRL,0.2,0.3,54.5,9.4,54,4.9,26,3.43,1.94,0.87,13,4.13,1,3,0.69,BRL,28.7,81,0.3,370,5,10,24.4,26,17,6.57,89.3,,1.3,8,BRL,4.9,3,510,0.6,0.63,BRL,9,0.6,0.29,3.38,60,6,20,2,72,114,13,8.8,9.8,,,,6.2,7.7,,,22.1,,1.6,14.6,,4.3,,10,,,,,,,,2
3,43013311400000,40.3422,-110.1578,UTE 2-6B2,USGS CRC,"TC, TOC, HAWK, ICP, XRD",AGAT,E160403-066,,8150,8160,Green River,Upper Green River,4.34,1.03,0.21,3.42,0.49,439,5.13,7.7,2.63,1.9,2.8,0.08,0.9,23.5,0.23,BRL,BRL,153,602,BRL,0.2,0.3,52.3,9.4,51,4.8,26,3.27,1.75,0.84,13,4.02,1,4,0.63,BRL,27.6,75,0.28,370,4,9,23,26,17,6.28,86.2,,1.3,8,BRL,4.5,2,533,0.7,0.6,BRL,8.9,0.5,0.28,3.09,58,9,19,1.9,80,141,13.3,9.4,11.5,,,,6.3,8,,,19,,2,13.6,,4.1,1.9,7.1,,,,,,,,3.7
3,43013311400000,40.3422,-110.1578,UTE 2-6B2,USGS CRC,"TC, TOC, HAWK, ICP, XRD",AGAT,E160403-067,,8200,8210,Green River,Upper Green River,4.99,1.43,0.4,6.08,0.54,440,4.92,8,2.6,2,3.02,0.08,0.85,23,0.22,BRL,BRL,140,473,BRL,0.2,0.2,52.6,9.6,48,4.8,28,3.56,2.06,0.85,13,3.96,1,4,0.71,BRL,27.6,79,0.32,380,6,9,22.7,25,17,6.26,85.2,,1.1,7,BRL,4.6,1,556,0.6,0.62,BRL,8.6,0.5,0.31,3.14,61,9,21.2,2,93,132,14,10.7,11.6,,,,5.5,8.1,,17.1,21.7,,,,,3,3.7,,,,,,,,,4.5
3,43013311400000,40.3422,-110.1578,UTE 2-6B2,USGS CRC,"TC, TOC, HAWK, ICP, XRD",AGAT,E160403-068,,8250,8260,Green River,Mahogany zone,4.87,1.4,0.33,5.75,0.53,441,4.86,7.8,2.54,2,2.86,0.08,0.87,23.1,0.22,BRL,BRL,141,507,BRL,0.2,0.3,52.9,9.2,49,4.8,35,3.12,1.77,0.87,12,3.81,1,4,0.62,BRL,27.8,79,0.29,360,6,9,22.8,25,18,6.3,85.3,,1.2,7,BRL,4.4,2,548,0.6,0.59,BRL,8.5,0.5,0.29,3.13,62,11,18.5,1.8,81,139,14.4,9.9,11.2,,,,5.4,7.8,,,22.6,,1.8,16.4,,5.9,2.2,,,,,,,,,2.5
3,43013311400000,40.3422,-110.1578,UTE 2-6B2,USGS CRC,"TC, TOC, HAWK, ICP, XRD",AGAT,E160403-069,,8300,8310,Green River,Mahogany zone,6.29,2.49,0.34,14.86,0.73,444,4.83,8.4,2.47,2,3.21,0.09,0.76,21.9,0.22,BRL,BRL,160,471,BRL,0.3,0.3,50.3,8.8,49,4.7,29,3.14,1.71,0.87,12,3.75,1,3,0.61,BRL,25.9,92,0.26,370,8,9,22,25,24,6.06,86.3,,1.5,8,BRL,4.4,2,570,0.5,0.56,BRL,8.2,BRL,0.26,3.6,67,7,18.7,1.8,98,119,12.5,13,12.6,,,,5.6,8.4,,,24.7,,2.2,13.4,,3.3,2.6,,,,,,,,,1.7
3,43013311400000,40.3422,-110.1578,UTE 2-6B2,USGS CRC,"TC, TOC, HAWK, ICP, XRD",AGAT,E160403-070,,8350,8360,Green River,B-groove,6.22,2.34,0.32,14.17,0.58,443,4.72,8.2,2.45,1.9,3.06,0.09,0.8,22.2,0.21,BRL,BRL,153,463,BRL,0.2,0.3,51,8.8,49,4.6,27,3.25,1.8,0.87,12,3.73,1,3,0.62,BRL,26.8,90,0.28,360,7,9,22.3,25,18,6.14,83.8,,1.3,7,BRL,4.4,1,567,0.5,0.59,BRL,8.2,0.5,0.27,3.52,66,5,18.2,1.8,88,107,11.9,12.5,13.9,,,,5.9,7.8,,,24.6,,1.6,9.8,,2.4,2,5.2,,,,,,,,2.4
3,43013311400000,40.3422,-110.1578,UTE 2-6B2,USGS CRC,"TC, TOC, HAWK, ICP, XRD",AGAT,E160403-071,,8400,8410,Green River,B-groove,5.34,1.64,0.24,7.72,0.52,445,5.43,8.1,2.71,2.1,3.24,0.08,0.72,21.4,0.25,BRL,BRL,151,486,BRL,0.3,0.2,59.7,9.4,52,5.5,24,3.71,2.11,0.98,14,4.37,1,3,0.74,BRL,30.6,96,0.32,370,5,10,26.7,25,18,7.17,95.1,,1,9,BRL,5.1,3,590,0.6,0.68,BRL,9.8,0.5,0.32,3.62,72,3,20.9,2.1,95,107,10.1,8.4,12.5,,,,3.9,7.7,,,23.5,,1.6,13.9,,4.7,1.3,10.6,,,,,,,,1.7
3,43013311400000,40.3422,-110.1578,UTE 2-6B2,USGS CRC,"TC, TOC, HAWK, ICP, XRD",AGAT,E160403-072,,8450,8460,Green River,R-6 zone,5.33,1.56,0.24,7.34,0.56,444,5.48,8.1,2.72,2.2,3.29,0.08,0.7,21.4,0.24,BRL,BRL,150,451,BRL,0.2,0.3,59.1,9.5,52,5.5,24,3.67,2.02,0.98,14,4.45,1,3,0.71,BRL,30.4,96,0.31,380,5,10,26.2,25,18,7.17,95,,1,9,BRL,5.2,2,582,0.6,0.65,BRL,9.5,0.5,0.32,3.52,70,2,20.5,2,86,99.5,9.2,8.5,11.1,,,,5.2,7.5,,,22.8,,1.9,11.9,,5.1,,15.1,,,,,,,,1.8
3,43013311400000,40.3422,-110.1578,UTE 2-6B2,USGS CRC,"TC, TOC, HAWK, ICP, XRD",AGAT,E160403-073,,8600,8610,Green River,R-6 zone,4.99,0.99,0.16,2.71,0.63,445,5.88,8.4,2.88,2.3,3.79,0.08,0.7,20.4,0.27,BRL,BRL,151,452,BRL,0.3,0.4,63.1,9.9,52,5.9,22,3.83,2.12,1.05,15,4.71,1,3,0.78,BRL,32.9,105,0.32,400,6,10,28.2,29,17,7.63,100,,0.8,9,BRL,5.4,2,628,0.7,0.75,BRL,10.1,0.6,0.32,3.47,78,2,21.9,2.2,70,106,8,6.9,9.4,,,,6.2,6.8,,23.5,1.5,,2,13.4,,8.7,0.8,12.8,,,,,,,,
3,43013311400000,40.3422,-110.1578,UTE 2-6B2,USGS CRC,"TC, TOC, HAWK, ICP, XRD",AGAT,E160403-074,,8650,8660,Green River,R-6 zone,4.72,0.78,0.11,2.43,0.83,445,5.9,8.2,2.97,2.2,3.69,0.07,0.65,20.2,0.26,BRL,BRL,140,435,BRL,0.2,0.3,62.6,10.4,50,5.9,22,4,2.1,1,16,4.97,1,3,0.8,BRL,32.3,100,0.36,410,3,11,28.3,26,17,7.54,104,,1,10,BRL,5.5,3,576,0.7,0.71,BRL,10.5,0.6,0.36,3.51,72,2,23.8,2.3,73,108,7.9,6.5,9.4,,,,8.7,6.8,,23.7,0.4,,1.9,14.5,,6,2.9,11.2,,,,,,,,
3,43013311400000,40.3422,-110.1578,UTE 2-6B2,USGS CRC,"TC, TOC, HAWK, ICP, XRD",AGAT,E160403-075,,8700,8710,Green River,R-6 zone,5.22,0.72,0.12,1.59,0.73,444,5.33,9.7,2.92,2.1,4.03,0.07,0.86,19.9,0.25,BRL,BRL,130,538,BRL,0.2,0.2,57.7,9.7,47,5.4,23,3.71,2.09,0.96,13,4.59,1,3,0.71,BRL,30.4,101,0.32,430,4,9,25.8,26,17,7,92.7,,1.2,9,BRL,5,3,632,0.6,0.68,BRL,9.7,0.6,0.31,3.48,67,3,21.1,2.2,68,98.5,8.5,6.9,11.2,,,,5.9,8.2,,17.6,7.1,,1.4,13.4,,4.5,2.5,9.8,,,,,,,,3.1
3,43013311400000,40.3422,-110.1578,UTE 2-6B2,USGS CRC,"TC, TOC, HAWK, ICP, XRD",AGAT,E160403-076,,8750,8760,Green River,R-6 zone,5.51,0.78,0.14,2.71,0.61,446,5.03,10.3,2.74,2,4.01,0.07,0.67,19.4,0.23,BRL,BRL,119,549,BRL,0.2,1.6,53,9.4,64,5,23,3.25,1.88,0.9,13,3.85,1,3,0.68,BRL,27.6,92,0.29,440,4,9,23.8,34,29,6.45,86.5,,1.3,8,BRL,4.7,3,653,0.6,0.57,BRL,8.9,BRL,0.29,3.38,67,4,19.7,1.9,66,106,8.5,7.4,8.3,,,,7.7,9.9,,,24.7,,1.3,8.4,,14.5,7.2,,,,,,,,,2
3,43013311400000,40.3422,-110.1578,UTE 2-6B2,USGS CRC,"TC, TOC, HAWK, ICP, XRD",AGAT,E160403-078,,8850,8860,Green River,L-5 zone,3.94,0.71,0.1,1.4,0.56,448,7.26,8.4,3.97,2.5,3.56,0.09,0.65,24,0.33,BRL,BRL,130,583,BRL,0.3,0.2,82.2,14.2,65,6.9,28,5.26,2.84,1.42,18,6.04,2,4,0.99,BRL,41.1,97,0.44,500,3,13,36.7,36,33,10.2,121,,1.3,12,BRL,7.3,3,566,0.8,0.88,BRL,13.4,0.8,0.47,3.98,84,9,27.6,2.7,210,124,9.7,4.8,6.7,,,,5.7,7.4,,,18.4,,1.9,19.7,,10.1,0,13.9,,,,,,,,1.8
3,43013311400000,40.3422,-110.1578,UTE 2-6B2,USGS CRC,"TC, TOC, HAWK, ICP, XRD",AGAT,E160403-083,,8900,8910,Green River,L-5 zone,3.85,0.59,0.15,1.55,0.58,446,6.46,7.2,3.62,2.2,3.01,0.08,0.57,21.5,0.3,BRL,BRL,115,538,BRL,0.3,BRL,75.2,12.7,60,7.2,35,4.97,2.55,1.23,16,5.78,1,4,0.91,BRL,36.8,84,0.42,440,3,11,33.6,31,22,9.5,107,,1.2,11,BRL,6.4,3,478,0.9,0.8,BRL,12,0.7,0.43,3.93,77,10,25.4,2.5,89,127,9.8,6,9.7,,,,5.5,7.1,,,15.9,,1.4,17.6,,8.7,2.5,11.4,,,,,,,,4.4
3,43013311400000,40.3422,-110.1578,UTE 2-6B2,USGS CRC,"TC, TOC, HAWK, ICP, XRD",AGAT,E160403-084,,8950,8960,Green River,L-5 zone,3.92,0.47,0.09,1.12,0.59,445,6.45,7.8,3.42,2.2,3.12,0.08,0.48,21.8,0.3,BRL,BRL,113,439,BRL,0.2,BRL,75.8,11.6,57,6.1,37,4.65,2.61,1.24,16,5.5,1,3,0.89,BRL,36.9,83,0.4,440,4,11,32.3,29,19,9.26,104,,1,11,BRL,6.4,3,502,0.7,0.81,BRL,11.8,0.6,0.41,3.36,74,3,25,2.4,84,111,9.9,5,8.1,,,,5.5,8.3,,,17.2,,2.2,17.8,,8.4,3.1,11.3,,,,,,,,3.2
3,43013311400000,40.3422,-110.1578,UTE 2-6B2,USGS CRC,"TC, TOC, HAWK, ICP, XRD",AGAT,E160403-085,,9000,9010,Green River,R-5 zone,3.8,0.43,0.12,0.93,0.47,443,6.51,7.5,3.48,2.3,3.05,0.08,0.54,22.5,0.3,BRL,BRL,117,429,BRL,0.2,BRL,76,14.4,61,6.2,36,4.82,2.58,1.25,16,5.79,1,4,0.88,BRL,37.5,83,0.41,430,4,11,33,36,20,9.39,107,,0.9,11,BRL,6.5,5,501,3.1,0.84,BRL,12.1,0.6,0.43,3.42,74,40,25.6,2.5,84,126,11.8,4.2,7.5,,,,3,8,,,18.1,,1.8,23,,8.6,0.9,11.3,,,,,,,,1.7
3,43013311400000,40.3422,-110.1578,UTE 2-6B2,USGS CRC,"TC, TOC, HAWK, ICP, XRD",AGAT,E160403-086,,9050,9060,Green River,R-5 zone,4.9,0.46,0.09,0.92,0.84,443,5.16,10,2.74,1.9,3.65,0.07,0.63,20.9,0.24,BRL,BRL,105,489,BRL,0.2,BRL,59.7,9.7,50,5,27,3.83,2.07,0.98,13,4.49,1,3,0.73,BRL,29.7,83,0.32,430,3,9,26,27,17,7.35,85.7,,0.8,9,BRL,5.2,3,652,0.5,0.65,BRL,9.7,0.5,0.33,3.12,64,6,20.5,2,79,96.2,10.7,4.7,6.3,,,,7.5,10.6,,,21.5,,2.1,12.1,,6.4,1,15.1,,,,,,,,1.9
3,43013311400000,40.3422,-110.1578,UTE 2-6B2,USGS CRC,"TC, TOC, HAWK, ICP, XRD",AGAT,E160403-087,,9100,9110,Green River,R-5 zone,4.53,0.53,0.1,1.13,0.63,443,5.46,8.9,3.32,2,3.12,0.07,0.75,21.3,0.25,BRL,BRL,107,453,BRL,0.3,0.5,64.9,11.3,60,5.1,323,4.14,2.28,0.98,14,4.61,1,3,0.77,BRL,31.9,76,0.33,450,4,10,28.4,31,17,8.04,90.6,,1.1,9,BRL,5.7,2,561,0.6,0.68,BRL,10.3,0.5,0.36,3.12,67,7,21.1,2,84,96.8,11,5.2,7.5,,,,6.6,9.7,,,19.1,,2.5,14.7,,6.1,2.7,12.1,,,,,,,,2.7
3,43013311400000,40.3422,-110.1578,UTE 2-6B2,USGS CRC,"TC, TOC, HAWK, ICP, XRD",AGAT,E160403-088,,9150,9160,Green River,R-5 zone,5.08,0.7,0.1,2.09,0.6,445,4.93,9.5,2.78,1.8,3.54,0.07,0.62,20.8,0.22,BRL,BRL,99,441,BRL,0.2,BRL,53.8,9.1,45,4.9,57,3.49,1.92,0.87,13,3.98,1,2,0.65,BRL,26.9,77,0.29,410,4,9,23.3,26,17,6.8,83.6,,1,8,BRL,4.7,2,567,0.5,0.55,BRL,8.8,BRL,0.29,2.86,62,2,18.2,1.7,83,84.6,9.5,4.9,6.3,,,,7.8,11.6,,17.6,5.9,,2.7,12.7,,3.8,1.7,13.6,,,,,,,,2
3,43013311400000,40.3422,-110.1578,UTE 2-6B2,USGS CRC,"TC, TOC, HAWK, ICP, XRD",AGAT,E160403-089,,9200,9210,Green River,L-4 zone,4.9,0.59,0.1,1.08,0.54,444,5.17,9.6,2.91,1.8,3.54,0.07,0.76,21,0.23,BRL,BRL,96,1209,BRL,0.2,BRL,57.8,9.4,49,4.8,24,3.76,2.02,0.95,13,4.33,1,3,0.7,BRL,28.6,79,0.3,420,4,9,25.2,27,31,7.11,83.2,,0.8,8,BRL,5,3,608,0.5,0.63,BRL,9.4,0.5,0.31,2.94,62,2,19.1,1.9,66,94.9,10.1,5.6,7.8,,,,7.2,8.6,,,22.4,,1.6,12.3,,7.2,,13.8,,,,,,,,3.4
3,43013311400000,40.3422,-110.1578,UTE 2-6B2,USGS CRC,"TC, TOC, HAWK, ICP, XRD",AGAT,E160403-090,,9250,9260,Green River,L-4 zone,5.99,1.06,0.16,3.8,0.69,446,4.66,10.7,2.57,1.7,3.79,0.07,0.63,18.7,0.21,BRL,BRL,96,458,BRL,0.2,0.2,53.3,9.1,46,4.7,22,3.4,1.9,0.84,12,3.88,1,3,0.68,BRL,26.6,82,0.28,400,4,8,24,27,16,6.59,82.5,,1,8,BRL,4.7,2,669,0.5,0.59,BRL,8.8,BRL,0.3,2.95,60,2,18,1.8,66,83.8,9.5,5.3,6.8,,,,4.8,11.4,,,27,,,13.5,,3.8,1.5,13.4,,,,,,,,2.9
3,43013311400000,40.3422,-110.1578,UTE 2-6B2,USGS CRC,"TC, TOC, HAWK, ICP, XRD",AGAT,E160403-091,,9300,9310,Green River,R-4 zone,5.5,0.99,0.34,3.23,0.66,444,4.84,10,2.96,1.7,3.28,0.07,0.7,21.1,0.21,BRL,BRL,109,527,BRL,0.3,BRL,51.3,11.1,53,4.7,39,3.31,1.89,0.8,12,3.68,1,3,0.64,BRL,25.6,68,0.27,430,6,8,22.4,25,16,6.34,75.7,,1.5,8,BRL,4.3,3,588,BRL,0.54,BRL,8.4,BRL,0.29,3.16,63,15,17.2,1.7,80,110,11,7,6.2,,,,6.1,10.9,,,25.5,,1.9,12.8,,3.3,,13.6,,,,,,,,1.7
3,43013311400000,40.3422,-110.1578,UTE 2-6B2,USGS CRC,"TC, TOC, HAWK, ICP, XRD",AGAT,E160403-092,,9350,9360,Green River,R-4 zone,5.5,0.93,0.21,3.53,0.88,446,5.13,10,2.83,1.8,3.41,0.07,0.65,19.1,0.23,BRL,BRL,104,469,BRL,0.2,0.2,57.1,9.8,48,5.4,22,3.67,1.94,0.87,14,4.23,1,3,0.65,BRL,28,74,0.3,420,4,9,24.8,27,18,7.02,87.7,,1.2,8,BRL,4.7,3,625,BRL,0.59,BRL,9.2,BRL,0.3,3.23,69,2,19.5,1.9,70,94.9,9.5,5.6,7.6,,,,5.5,10.2,,,24.6,,1.7,14.3,,6,1.2,10.8,,,,,,,,3
3,43013311400000,40.3422,-110.1578,UTE 2-6B2,USGS CRC,"TC, TOC, HAWK, ICP, XRD",AGAT,E160403-093,,9400,9410,Green River,R-4 zone,6.41,0.88,0.24,2.46,0.57,444,3.92,12.1,2.26,1.4,3.7,0.06,0.61,18.2,0.18,BRL,BRL,88,528,BRL,0.2,BRL,43,7.7,39,3.8,26,2.78,1.55,0.68,10,3.14,BRL,3,0.5,BRL,21.9,65,0.25,410,5,7,18.7,22,15,5.26,64.9,,0.8,7,BRL,3.7,2,703,BRL,0.44,BRL,7.1,BRL,0.25,2.83,55,4,14.7,1.4,71,96.3,10.1,4.4,5.5,,,,7.2,13.4,,,29.4,,2,9.9,,4.2,,12.1,,,,,,,,1.8
3,43013311400000,40.3422,-110.1578,UTE 2-6B2,USGS CRC,"TC, TOC, HAWK, ICP, XRD",AGAT,E160403-094,,9450,9460,Green River,Lower Green River,7.31,1.09,0.36,4.29,0.51,445,3.77,14,2.17,1.4,3.97,0.06,0.58,15.7,0.17,BRL,BRL,84,585,BRL,0.2,0.2,42.3,7.6,41,3.7,24,2.64,1.4,0.67,10,3.08,BRL,2,0.51,BRL,20.9,67,0.23,430,4,7,17.9,22,13,5.24,63.9,,1,6,BRL,3.6,2,761,BRL,0.46,BRL,6.9,BRL,0.24,2.61,55,4,14.5,1.4,62,75.3,8.2,4.7,5.1,,,,6,16.5,,,31.8,,1.9,10.2,,3.7,1.8,8.6,,,,,,,,1.7
3,43013311400000,40.3422,-110.1578,UTE 2-6B2,USGS CRC,"TC, TOC, HAWK, ICP, XRD",AGAT,E160403-095,,9500,9510,Green River,Lower Green River,7.18,1.13,0.28,4.11,0.57,447,3.75,13.9,2.17,1.4,3.94,0.06,0.55,16.6,0.17,BRL,BRL,82,530,BRL,0.2,BRL,39.8,8.8,35,3.7,22,2.62,1.46,0.67,10,2.94,BRL,3,0.49,BRL,20.3,66,0.23,420,4,6,17.5,19,14,5.02,62.9,,0.8,6,BRL,3.4,2,749,BRL,0.44,BRL,6.7,BRL,0.23,2.69,53,12,14.2,1.4,56,92.3,8.9,5.5,6,,,,3.5,17.3,,,32.5,,2.1,15.2,,2.1,4.8,,,,,,,,,2
3,43013311400000,40.3422,-110.1578,UTE 2-6B2,USGS CRC,"TC, TOC, HAWK, ICP, XRD",AGAT,E160403-096,,9550,9560,Green River,Lower Green River,7.07,1.23,0.41,5.05,0.55,446,4.18,13.2,2.28,1.5,3.96,0.07,0.55,16.4,0.19,BRL,BRL,97,612,BRL,0.2,0.2,46.1,8.3,53,4.1,23,2.91,1.57,0.71,10,3.33,BRL,3,0.55,BRL,22.9,73,0.25,430,4,8,19.6,41,14,5.68,68.4,,0.9,7,BRL,3.8,2,733,BRL,0.48,BRL,7.5,BRL,0.25,2.86,59,5,15.6,1.5,69,91.7,8,5,6.1,,,,7.2,14.9,,,28.5,,1.6,9.9,,3.9,1,11.8,,,,,,,,2.1
3,43013311400000,40.3422,-110.1578,UTE 2-6B2,USGS CRC,"TC, TOC, HAWK, ICP, XRD",AGAT,E160403-097,,9600,9610,Green River,Lower Green River,5.14,0.77,0.2,2.37,0.52,446,5.31,9.8,3.45,1.8,3.53,0.07,0.67,19.3,0.24,BRL,BRL,98,511,BRL,0.2,0.2,58.4,15.2,70,5.1,46,3.73,2.01,0.95,13,4.11,1,4,0.7,BRL,28.7,70,0.31,500,5,9,25.5,34,17,7.14,84.3,,1.2,9,BRL,5.1,3,553,0.5,0.62,BRL,9.5,0.5,0.33,3.23,71,29,19.9,1.9,92,149,9.3,5.6,6.5,,,,7.4,9.5,,,24.6,,2.5,14.4,,5.2,1.8,10.9,,,,,,,,2.5
3,43013311400000,40.3422,-110.1578,UTE 2-6B2,USGS CRC,"TC, TOC, HAWK, ICP, XRD",AGAT,E160403-098,,9650,9660,Green River,Lower Green River,5.06,0.74,0.14,1.91,0.76,446,5.61,9.6,3.34,1.9,3.51,0.07,0.62,19.8,0.25,3,BRL,106,529,BRL,0.3,BRL,61.1,10.6,61,5.4,37,4.08,2.17,0.97,14,4.74,1,3,0.75,BRL,30.4,75,0.34,480,4,10,27,31,18,7.55,90.8,,1.4,9,BRL,5.3,4,562,0.6,0.67,BRL,10.2,0.6,0.35,3.33,71,5,21.6,2.1,75,96.2,10.3,5.2,6.7,,,,4.3,9.8,,,24.7,,1.9,16.3,,6.7,0.7,11.3,,,,,,,,2.1
3,43013311400000,40.3422,-110.1578,UTE 2-6B2,USGS CRC,"TC, TOC, HAWK, ICP, XRD",AGAT,E160403-099,,9700,9710,Green River,Lower Green River,5.63,0.82,0.24,2.61,0.43,448,4.98,10.8,3.08,1.7,3.46,0.07,0.73,18.6,0.22,BRL,BRL,90,564,BRL,0.2,0.2,52.4,9.9,64,4.8,85,3.25,1.8,0.86,13,3.76,1,4,0.63,BRL,26.5,64,0.29,510,7,8,22.4,28,20,6.51,75.1,,1.3,8,BRL,4.5,3,592,0.5,0.54,BRL,9,0.5,0.29,3.32,67,6,17.9,1.7,112,126,8.7,8,8,,,,3.7,13.4,,,25.7,,1.4,13,,3.2,2.1,10.4,,,,,,,,2.5
3,43013311400000,40.3422,-110.1578,UTE 2-6B2,USGS CRC,"TC, TOC, HAWK, ICP, XRD",AGAT,E160403-100,,9750,9760,Green River,Lower Green River,5.51,0.82,0.25,2.64,0.44,447,4.89,10.9,3.14,1.7,3.46,0.06,0.74,18.7,0.22,BRL,BRL,86,573,BRL,0.2,0.3,52.3,12.7,54,4.7,37,3.34,1.95,0.84,12,3.85,1,5,0.67,BRL,26.2,64,0.29,520,5,8,22.4,27,16,6.51,75.7,,1.3,8,BRL,4.2,3,593,0.8,0.57,BRL,8.5,BRL,0.31,3.26,70,20,18.2,1.8,98,179,10,9.1,4.4,,,,3.4,14.4,,,26.1,,1,17.8,,1.7,3.5,5.2,,,,,,,,3.4
3,43013311400000,40.3422,-110.1578,UTE 2-6B2,USGS CRC,"TC, TOC, HAWK, ICP, XRD",AGAT,E160403-101,,9800,9810,Green River,Lower Green River,5.65,0.77,0.19,2.25,0.58,447,4.92,11.2,3.08,1.7,3.51,0.06,0.68,19,0.22,BRL,BRL,85,543,BRL,0.2,BRL,52.2,11,55,4.7,32,3.24,1.9,0.84,12,3.88,BRL,3,0.61,BRL,26.1,64,0.29,520,4,8,22.1,27,16,6.52,74.6,,1.3,9,BRL,4.4,3,603,BRL,0.54,BRL,8.7,BRL,0.29,3.39,68,14,17.5,1.7,81,118,8.7,8.1,5.9,,,,3.5,13.8,,,27.4,,2.1,14.3,,4.5,0,9.5,,,,,,,,2.2
3,43013311400000,40.3422,-110.1578,UTE 2-6B2,USGS CRC,"TC, TOC, HAWK, ICP, XRD",AGAT,E160403-102,,9850,9860,Green River,Lower Green River,5.39,0.76,0.16,2.17,0.55,447,5.41,10.7,3.04,1.9,3.27,0.07,0.57,18.8,0.24,BRL,BRL,90,500,BRL,0.3,0.2,58,10.8,79,5.3,43,3.64,2.02,0.92,13,4.19,1,3,0.68,BRL,29.5,68,0.3,520,4,9,24.9,56,17,7.28,84,,1,9,BRL,5,3,574,0.5,0.59,BRL,9.9,BRL,0.3,3.59,74,5,19.1,1.8,79,103,8,8.4,6.3,,,,4.3,14.2,,,24.6,,1.3,17.2,,2.8,2.4,8.7,,,,,,,,1.8
3,43013311400000,40.3422,-110.1578,UTE 2-6B2,USGS CRC,"TC, TOC, HAWK, ICP, XRD",AGAT,E160403-103,,9900,9910,Green River,Lower Green River,6.3,0.86,0.28,2.89,0.52,446,4.78,12.6,2.61,1.7,3.68,0.07,0.46,17.4,0.2,BRL,BRL,79,490,BRL,0.3,BRL,50.3,8.7,44,4.6,26,3.04,1.62,0.78,12,3.82,1,2,0.59,BRL,24.8,71,0.26,510,2,8,21.4,27,14,6.13,74.1,,1.1,8,BRL,4.3,3,675,BRL,0.5,BRL,8.2,BRL,0.26,3.01,64,1,16.6,1.5,69,71.8,8.5,7.2,5.2,,,,3.3,17.9,,,27.6,,1.2,13.8,,1.7,3,8.8,,,,,,,,1.7
3,43013311400000,40.3422,-110.1578,UTE 2-6B2,USGS CRC,"TC, TOC, HAWK, ICP, XRD",AGAT,E160403-104,,9950,9960,Green River,Lower Green River,6.54,1.2,0.22,4.3,0.6,446,4.89,12.2,2.52,1.7,3.67,0.07,0.44,17.3,0.21,BRL,BRL,80,478,BRL,0.2,0.6,49,8.6,44,4.5,26,3.07,1.74,0.79,12,3.71,1,2,0.57,BRL,24.7,76,0.27,490,3,8,20.8,24,15,6.02,74.7,,1,8,BRL,4.2,3,669,BRL,0.52,BRL,8.3,BRL,0.26,3.32,70,2,16.5,1.6,68,75.9,6.7,8.8,7.2,,,,3,15.3,,,28.9,,1.6,13.6,,2.4,1.2,10.3,,,,,,,,1
3,43013311400000,40.3422,-110.1578,UTE 2-6B2,USGS CRC,"TC, TOC, HAWK, ICP, XRD",AGAT,E160403-105,,10000,10010,Green River,Lower Green River,5.54,0.84,0.29,2.82,0.52,444,5.5,10.2,2.96,1.9,3.21,0.08,0.45,18.1,0.24,BRL,BRL,75,491,BRL,0.3,0.3,55.7,9.8,50,5.6,32,3.4,1.9,0.93,14,4.13,1,3,0.67,BRL,28,64,0.27,490,2,9,24,27,17,7,82.9,,0.9,9,BRL,4.7,2,594,0.6,0.59,BRL,9.7,BRL,0.31,3.49,76,3,18.6,1.8,77,84.7,7,9.5,11.8,,,,3.8,11.8,,,27.3,,1.6,15.4,,1.9,1.9,6.5,,,,,,,,1.6
3,43013311400000,40.3422,-110.1578,UTE 2-6B2,USGS CRC,"TC, TOC, HAWK, ICP, XRD",AGAT,E160403-106,,10050,10060,Green River,Lower Green River,5.97,0.86,0.18,1.73,0.67,443,4.68,11.1,2.7,1.7,3.73,0.07,0.51,17.7,0.2,BRL,BRL,78,437,BRL,0.3,BRL,48.1,9.3,51,4.6,27,3.02,1.7,0.76,12,3.45,1,2,0.56,BRL,24.5,66,0.25,470,4,8,21.1,25,14,6.03,73.2,,0.8,8,BRL,4.1,3,647,BRL,0.5,BRL,8.1,BRL,0.28,3.18,65,4,16.1,1.6,64,81.4,8.2,6.8,7.2,,,,7.3,10,,,29.7,,1.6,11.7,,3.2,1.7,11.4,,,,,,,,1.2
3,43013311400000,40.3422,-110.1578,UTE 2-6B2,USGS CRC,"TC, TOC, HAWK, ICP, XRD",AGAT,E160403-107,,10100,10110,Green River,Lower Green River,5.68,0.95,0.41,2.98,0.45,443,4.23,9.8,2.36,1.5,3.31,0.06,0.45,15.8,0.18,BRL,BRL,65,383,BRL,0.2,BRL,42.3,7.9,41,4,27,2.72,1.46,0.67,11,3.1,BRL,2,0.52,BRL,21.3,59,0.21,410,3,7,18.1,21,12,5.27,63.3,,0.6,7,BRL,3.7,3,588,BRL,0.46,BRL,7,BRL,0.22,2.72,63,2,14.3,1.4,55,73.7,9.2,6.7,6.5,,,,6.5,10,,,27.7,,1.4,14.2,,4.8,,11.6,,,,,,,,1.4
3,43013311400000,40.3422,-110.1578,UTE 2-6B2,USGS CRC,"TC, TOC, HAWK, ICP, XRD",AGAT,E160403-108,,10150,10160,Green River,Lower Green River,5.54,0.87,0.24,2.55,0.66,445,5.15,10.3,2.8,1.8,3.6,0.07,0.57,18.4,0.22,BRL,BRL,89,446,BRL,0.3,0.3,52.4,9.7,47,5.2,32,3.26,1.77,0.82,13,3.69,1,2,0.6,BRL,26.6,68,0.27,450,3,8,22.5,26,15,6.44,78.6,,0.9,9,BRL,4.5,2,597,0.5,0.54,BRL,8.8,BRL,0.29,3.54,76,6,17.4,1.6,74,79.3,8.5,7.3,6.2,,,,5,10.4,,,27.6,,1.6,17.3,,4.3,1.8,8.2,,,,,,,,1.8
3,43013311400000,40.3422,-110.1578,UTE 2-6B2,USGS CRC,"TC, TOC, HAWK, ICP, XRD",AGAT,E160403-109,,10200,10210,Green River,Lower Green River,5.2,0.87,0.4,2.45,0.42,443,5.87,11.2,3.17,2.1,3.77,0.08,0.64,19.1,0.25,BRL,BRL,100,478,BRL,0.3,0.2,62.5,11.4,54,5.8,30,3.98,2.21,1,16,4.77,1,3,0.75,BRL,31.9,73,0.32,510,4,10,27,29,17,7.81,94.7,,1,10,BRL,5.3,2,654,0.6,0.69,BRL,10.5,0.6,0.36,4.05,85,4,21.2,2,81,93.4,8.5,5.7,5.9,,,,5.6,9.2,,,26.7,,1.6,16.2,,4.7,,14.4,,,,,,,,1.5
3,43013311400000,40.3422,-110.1578,UTE 2-6B2,USGS CRC,"TC, TOC, HAWK, ICP, XRD",AGAT,E160403-110,,10250,10260,Green River,Lower Green River,5.12,0.92,0.36,2.69,0.84,444,5.07,8.7,2.75,1.7,3.12,0.07,0.51,16.6,0.22,BRL,BRL,86,495,BRL,0.2,BRL,52.5,9.3,47,4.9,24,3.36,1.78,0.89,13,3.92,1,2,0.61,BRL,26,60,0.27,430,4,8,22.9,26,14,6.34,78.7,,1,9,BRL,4.5,5,528,0.5,0.56,BRL,8.9,BRL,0.29,3.46,71,4,17.1,1.7,67,75.9,8.3,6.2,6,,,,6,9,,,25.2,,1.5,20.4,,5.4,1.4,9.6,,,,,,,,1.1
3,43013311400000,40.3422,-110.1578,UTE 2-6B2,USGS CRC,"TC, TOC, HAWK, ICP, XRD",AGAT,E160403-111,,10300,10310,Green River,Lower Green River,4.22,1,0.32,2.64,0.55,446,6.58,10.4,3.61,2.3,3.69,0.09,0.71,21,0.28,BRL,BRL,112,485,BRL,0.3,0.3,70.3,12.6,66,6.4,32,4.54,2.44,1.13,17,5.22,1,3,0.83,BRL,35.7,80,0.37,520,6,11,30.7,33,20,8.73,105,,1,11,BRL,5.9,6,613,0.7,0.72,BRL,11.8,0.7,0.4,4.46,92,5,23.2,2.3,86,100,11.9,5,6.3,,,,6.9,6.2,,,19,,1.8,18.4,,6.2,,15,,,,,,,,3.4
3,43013311400000,40.3422,-110.1578,UTE 2-6B2,USGS CRC,"TC, TOC, HAWK, ICP, XRD",AGAT,E160403-112,,10350,10360,Green River,Lower Green River,4.14,0.88,0.26,2.12,0.56,445,5.98,7.5,3.47,2,2.71,0.08,1.06,21.2,0.25,BRL,BRL,96,517,BRL,0.3,BRL,63.9,11.7,62,5.5,45,4.01,2.24,1.07,15,4.63,1,3,0.76,BRL,31.7,62,0.33,430,8,10,28.2,31,20,8.04,94.7,,1.2,9,BRL,5.4,3,506,0.7,0.66,BRL,10.5,0.6,0.32,3.89,79,7,20.9,2.1,108,113,11.7,5.8,7.6,,,,5.5,6.1,,,18.5,,2,20,,5.2,2,11.6,,,,,,,,4
3,43013311400000,40.3422,-110.1578,UTE 2-6B2,USGS CRC,"TC, TOC, HAWK, ICP, XRD",AGAT,E160403-113,,10400,10410,Green River,Lower Green River,4.36,0.99,0.3,2.62,0.54,445,6.77,7.7,3.41,2.3,3.12,0.09,0.83,19.6,0.29,BRL,BRL,112,392,BRL,0.3,0.2,73.1,12.3,60,6.7,29,4.44,2.46,1.19,18,5.06,1,3,0.82,BRL,36.3,76,0.36,430,6,11,31.2,31,20,8.99,110,,1.2,11,BRL,6.1,3,506,0.7,0.71,BRL,12.1,0.6,0.39,4.31,87,3,24,2.3,86,104,8,4.8,4.5,,,,5.3,7.1,,,18.8,,1,24.3,,7.2,0.8,16.1,,,,,,,,2.2
3,43013311400000,40.3422,-110.1578,UTE 2-6B2,USGS CRC,"TC, TOC, HAWK, ICP, XRD",AGAT,E160403-114,,10450,10460,Green River,Lower Green River,5.18,1.61,0.32,3.04,0.61,445,6.24,8.1,3.43,2.1,2.98,0.1,1.03,18.8,0.27,BRL,BRL,113,437,BRL,0.4,0.5,64.6,12.8,64,6,34,4.18,2.31,1.07,16,4.64,1,3,0.77,BRL,32.2,70,0.35,510,12,10,28.2,31,23,8.06,98.1,,1.7,10,BRL,5.3,2,482,0.7,0.69,BRL,10.7,0.7,0.35,4.86,93,2,21.8,2.1,87,97,8.7,5.6,4.6,,,,5.2,8.4,,,21,,1,23.9,,4.6,0.6,14.5,,,,,,,,1.9
3,43013311400000,40.3422,-110.1578,UTE 2-6B2,USGS CRC,"TC, TOC, HAWK, ICP, XRD",AGAT,E160403-115,,10500,10510,Green River,Lower Green River,5.11,1.57,0.36,3.52,0.62,446,6.28,8.1,3.38,2.2,2.95,0.1,1.11,19.1,0.27,BRL,BRL,115,483,BRL,0.4,0.5,65.2,12.1,60,6.3,32,4.25,2.42,1.11,16,4.75,1,3,0.79,BRL,32.6,70,0.35,500,11,10,28.3,31,22,8.09,102,,1.5,10,BRL,5.6,2,479,0.7,0.68,BRL,10.7,0.7,0.37,4.79,91,4,23.2,2.2,86,107,9.6,6,6.6,,,,3.8,8.9,,,20.9,,1.5,25.4,,4.7,1.6,9,,,,,,,,2.2
3,43013311400000,40.3422,-110.1578,UTE 2-6B2,USGS CRC,"TC, TOC, HAWK, ICP, XRD",AGAT,E160403-116,,10550,10560,Green River,Lower Green River,4.08,0.89,0.25,2.14,0.68,443,6.71,7.8,3.64,2.3,3.09,0.09,1.04,19.5,0.29,BRL,BRL,118,379,BRL,0.4,0.2,76.2,13,57,6.6,29,4.68,2.5,1.21,17,5.67,1,3,0.9,BRL,37.6,86,0.41,460,7,12,32.7,32,22,9.41,113,,1.3,11,BRL,6.4,2,526,0.7,0.78,BRL,12.4,0.7,0.44,4.08,85,3,24.7,2.3,86,115,8.4,4.9,6.8,,,,4.6,7.2,,,17.1,,1.2,23.7,,6.2,2.8,11.4,,,,,,,,5.7
3,43013311400000,40.3422,-110.1578,UTE 2-6B2,USGS CRC,"TC, TOC, HAWK, ICP, XRD",AGAT,E160403-117,,10600,10610,Green River,Lower Green River,3.33,0.58,0.21,0.91,0.6,442,6.73,7.1,3.56,2.4,2.9,0.09,1.57,20.1,0.3,1,BRL,114,443,BRL,0.4,0.3,76.6,12.3,60,6.8,25,4.68,2.55,1.1,17,5.62,1,3,0.89,BRL,38.2,82,0.35,420,4,12,32.7,31,21,9.52,114,,1.1,11,BRL,6.6,2,516,0.7,0.75,BRL,12.6,0.7,0.42,4.12,83,2,24.6,2.4,83,115,8.4,5.3,6.1,,,,3.8,5.5,,7.6,6.8,,1.4,28.1,,7.2,2.5,10.1,,,,,,,,7.2
3,43013311400000,40.3422,-110.1578,UTE 2-6B2,USGS CRC,"TC, TOC, HAWK, ICP, XRD",AGAT,E160403-118,,10650,10660,Green River,Lower Green River,3.73,0.78,0.24,1.58,0.75,444,6.59,7.3,3.45,2.4,3.01,0.08,1.54,19.7,0.29,BRL,BRL,116,370,BRL,0.3,0.3,69.5,12.6,56,6.9,29,4.39,2.43,1.11,17,4.89,1,3,0.82,BRL,35.1,83,0.36,430,7,11,30.6,33,19,8.78,111,,1.1,11,BRL,6,3,502,0.7,0.72,BRL,12.1,0.7,0.39,4.41,90,3,23.3,2.2,98,111,8.1,4.7,6.2,,,,4.1,5.8,,,16.4,,1.6,28.9,,6.8,0.6,10.4,,,,,,,,6.4
3,43013311400000,40.3422,-110.1578,UTE 2-6B2,USGS CRC,"TC, TOC, HAWK, ICP, XRD",AGAT,E160403-119,,10700,10710,Green River,Lower Green River,3.95,0.88,0.49,1.78,0.58,444,6.63,8.3,3.62,2.3,2.82,0.09,2.13,19.1,0.29,BRL,BRL,117,394,BRL,0.4,0.3,69.2,13.8,67,6.7,31,4.45,2.47,1.16,17,5.17,2,3,0.85,BRL,34.7,72,0.37,500,10,11,30.6,44,22,8.74,107,,1.3,10,BRL,6,2,546,0.7,0.75,BRL,11.3,0.9,0.38,4.38,88,2,24.7,2.3,85,110,8,4.8,6.4,,,,4.8,5.6,,2.3,14.1,,20.9,1.5,,16.5,4.5,,,,,,,,,10.6
3,43013311400000,40.3422,-110.1578,UTE 2-6B2,USGS CRC,"TC, TOC, HAWK, ICP, XRD",AGAT,E160403-120,,10750,10760,Green River,Carbonate marker,3.26,0.81,0.44,1.89,0.49,441,7.33,5.2,3.57,2.6,2.86,0.08,0.65,21.1,0.32,BRL,BRL,121,395,BRL,0.3,0.3,76.2,12.9,59,7.9,27,4.7,2.5,1.23,19,5.53,2,4,0.88,BRL,38.6,86,0.38,390,4,12,33,32,20,9.54,125,,0.9,11,BRL,6.4,2,380,0.8,0.79,BRL,12.8,0.8,0.42,3.95,90,2,25.3,2.4,87,131,9,4.9,6.6,,,,4.4,4.5,,,14.8,,1.2,32.3,,8,1.3,11.8,,,,,,,,1
3,43013311400000,40.3422,-110.1578,UTE 2-6B2,USGS CRC,"TC, TOC, HAWK, ICP, XRD",AGAT,E160403-121,,10800,10810,Green River,Carbonate marker,5.62,1.76,1.16,4.65,0.55,446,6.04,8.4,2.78,2.2,3.41,0.08,0.83,19.3,0.27,BRL,BRL,109,418,BRL,0.3,0.3,54.6,10.1,52,6.3,27,3.43,1.92,0.9,14,3.93,1,3,0.65,BRL,28.3,78,0.29,410,6,10,23.9,30,18,6.81,96.8,,1.3,9,BRL,4.6,BRL,447,0.6,0.56,BRL,9.4,0.6,0.31,3.93,94,2,18.4,1.8,73,102,9.4,4.1,4.5,,,,4.5,8.1,,,23.8,,1.2,28.5,,2.9,,12.4,,,,,,,,0.5
3,43013311400000,40.3422,-110.1578,UTE 2-6B2,USGS CRC,"TC, TOC, HAWK, ICP, XRD",AGAT,E160403-122,,10850,10860,Green River,Carbonate marker,5.42,1.61,1.14,3.99,0.59,445,6.04,8.3,2.74,2.1,3.5,0.07,0.89,18.9,0.27,BRL,BRL,105,432,BRL,0.3,0.3,56,9.8,53,6.3,29,3.53,1.97,0.91,15,4.24,1,4,0.69,BRL,28.8,73,0.31,420,5,10,24.9,29,19,7,99.3,,1.3,9,BRL,4.9,3,446,0.7,0.61,BRL,9.4,0.6,0.32,3.97,99,2,19.9,1.9,82,118,9.5,3.8,3.5,,,,5.2,6.3,,,26,,1.1,27.5,,3.4,,12,,,,,,,,1.6
3,43013311400000,40.3422,-110.1578,UTE 2-6B2,USGS CRC,"TC, TOC, HAWK, ICP, XRD",AGAT,E160403-123,,10900,10910,Green River,Carbonate marker,5.09,1.85,1.08,4.43,0.5,442,6.25,8.1,2.9,2.2,3.32,0.07,0.82,19.5,0.28,BRL,BRL,102,384,BRL,0.3,0.4,58.2,10,57,6.2,28,4.01,2.1,0.94,15,4.36,1,3,0.71,BRL,30.1,65,0.33,410,8,11,25,31,18,7.23,98.8,,1.4,9,BRL,4.9,2,413,0.6,0.63,BRL,9.6,0.6,0.33,4.23,112,2,20.9,2.1,77,108,11,2.2,4.2,,,,3.8,6.5,,,28,,1.5,31.3,,4,,7.6,,,,,,,,
3,43013311400000,40.3422,-110.1578,UTE 2-6B2,USGS CRC,"TC, TOC, HAWK, ICP, XRD",AGAT,E160403-124,,10950,10960,Green River,Carbonate marker,5.4,1.77,,,,,5.9,8.4,2.8,2.2,3.49,0.08,0.73,19,0.26,BRL,BRL,101,788,BRL,0.3,0.4,54.2,9.4,59,6.3,28,3.74,2.04,0.91,14,4.43,1,3,0.72,BRL,27.6,68,0.33,410,6,10,24.3,29,18,6.9,95.7,,1.3,9,BRL,4.8,2,438,0.6,0.62,BRL,9.3,0.6,0.34,4.18,103,2,20.9,2,78,107,10.4,2.8,3.5,,,,3.7,7.6,,,28.4,,1.4,32.5,,3.1,,6.6,,,,,,,,
3,43013311400000,40.3422,-110.1578,UTE 2-6B2,USGS CRC,"TC, TOC, HAWK, ICP, XRD",AGAT,E160403-125,,10990,11000,Green River,Long Point Bed,5.46,1.71,1.32,4.25,0.45,442,5.94,8.2,2.88,2.2,3.56,0.1,0.8,19.6,0.27,BRL,BRL,102,498,BRL,0.3,0.4,54.9,9.2,57,6.2,29,3.84,2.19,0.93,14,4.14,1,3,0.71,BRL,28.1,68,0.33,410,7,10,23.8,29,19,6.92,95,,1.4,9,BRL,4.8,3,421,0.6,0.63,BRL,10.4,0.6,0.34,5.23,101,2,21.1,2.1,76,102,10.6,2.7,3.7,,,,6,6,,,27.6,,1.3,26.1,,3.7,,12.2,,,,,,,,
3,43013311400000,40.3422,-110.1578,UTE 2-6B2,USGS CRC,"TC, TOC, HAWK, ICP, XRD",AGAT,E160403-126,,11050,11060,Green River,Lower Green River,5.26,1.35,0.41,1.65,2.33,443,4.22,13.2,3.9,1.4,2.02,0.08,1.21,18,0.2,BRL,BRL,95,6726,BRL,0.8,0.5,42.5,9.9,84,3.7,259,3.12,1.79,BRL,11,3.46,1,3,0.59,BRL,21.3,41,0.29,790,19,8,18.3,40,1779,5.24,58.6,,6.2,7,BRL,3.8,4,485,BRL,0.51,BRL,7.4,BRL,0.29,3.26,58,19,18.3,1.6,1463,121,13.8,3,0,,,,5.8,21.6,,,17.9,,1.7,29.9,,,,6.3,,,,,,,,
3,43013311400000,40.3422,-110.1578,UTE 2-6B2,USGS CRC,"TC, TOC, HAWK, ICP, XRD",AGAT,E160403-127,,11100,11110,Green River,Lower Green River,2.72,1.06,0.78,1.69,1.46,444,4.96,9.2,5.3,1.8,1.86,0.08,0.9,21.2,0.25,BRL,BRL,106,1161,BRL,0.5,0.2,50.4,12.5,119,4.4,397,3.99,2.35,0.86,12,4.29,2,4,0.76,BRL,25.7,39,0.38,1330,27,10,22.8,65,274,6.41,70.2,,3.2,7,BRL,4.6,6,309,0.7,0.64,BRL,8.9,0.6,0.39,3.41,67,7,23.7,2.3,331,154,15.3,3.1,8.6,,,,5.4,12,,,16.2,,2.2,22.6,,,,14.8,,,,,,,,
3,43013311400000,40.3422,-110.1578,UTE 2-6B2,USGS CRC,"TC, TOC, HAWK, ICP, XRD",AGAT,E160403-128,,11150,11160,Green River,Lower Green River,5.36,1.28,1.57,5.19,3.9,435,3.22,21,2.64,0.9,1.6,0.07,1.05,13.4,0.15,BRL,BRL,88,1958,BRL,1.4,0.3,33,9.5,55,2.6,77,2.42,1.34,0.56,8,2.56,1,2,0.46,BRL,17.2,33,0.21,760,10,6,14.8,30,334,4.22,37.1,,2.8,BRL,BRL,2.9,4,435,BRL,0.4,BRL,5.9,BRL,0.21,3.16,48,4,13.6,1.3,463,84,5.3,0.8,9.5,,,,5.1,11.3,,8.9,1.6,,8.4,24.6,,,,,,,,12.8,3.3,8.5,,
3,43013311400000,40.3422,-110.1578,UTE 2-6B2,USGS CRC,"TC, TOC, HAWK, ICP, XRD",AGAT,E160403-129,,11200,11210,Green River,Lower Green River,3.28,1.23,1.42,3.27,0.54,433,7.81,4.8,2.99,3,1.93,0.08,1.45,23.3,0.36,BRL,BRL,89,844,BRL,0.3,0.4,69,15.2,71,7.6,59,4.44,2.59,0.99,19,4.67,2,4,0.89,BRL,35.4,52,0.41,510,5,13,29.1,34,41,8.52,120,,1.9,12,BRL,5.3,3,212,0.8,0.69,BRL,12.4,0.8,0.41,3.88,110,11,24.8,2.5,108,147,14.7,2.4,2.3,,,,1.3,7.7,,6.3,6.1,,2.3,47.8,,6.5,0.1,,,,,,,2.5,,
3,43013311400000,40.3422,-110.1578,UTE 2-6B2,USGS CRC,"TC, TOC, HAWK, ICP, XRD",AGAT,E160403-130,,11250,11260,Green River,Lower Green River,2.45,1.21,2.43,3.88,0.52,425,7.15,3.5,3.1,3,1.83,0.09,0.85,26.8,0.36,BRL,BRL,83,ARL,BRL,0.3,0.5,61.6,13.2,74,6.6,43,4.34,2.59,BRL,17,4.52,1,6,0.84,BRL,31.9,47,0.39,370,6,12,27.4,35,98,7.87,109,,1.5,11,BRL,5.3,2,239,0.8,0.69,BRL,10.8,0.7,0.4,3.83,90,16,24.4,2.5,217,195,19.8,2.4,18,,,,1.4,4.1,,1.4,6.6,,1.2,36.1,,2.3,,5.4,,,,1.3,,,,
3,43013311400000,40.3422,-110.1578,UTE 2-6B2,USGS CRC,"TC, TOC, HAWK, ICP, XRD",AGAT,E160403-131,,11300,11310,Green River,Lower Green River,2.01,0.48,0.88,1.2,0.52,429,6.77,3.8,2.86,2.9,1.95,0.12,0.32,26.9,0.35,BRL,BRL,72,1177,BRL,0.3,0.3,63.4,11.8,66,6.2,37,4.72,2.7,1.14,16,4.97,2,6,0.92,BRL,32.4,46,0.41,420,BRL,12,27.7,32,30,7.91,104,,1,11,BRL,5.6,2,179,0.8,0.78,BRL,10.7,0.6,0.41,3.55,81,8,25.8,2.6,90,198,21.2,3.1,11.2,,,,2.3,5.1,,,8.5,,0.8,31.7,,4.3,,11.7,,,,,,,,
3,43013311400000,40.3422,-110.1578,UTE 2-6B2,USGS CRC,"TC, TOC, HAWK, ICP, XRD",AGAT,E160403-132,,11350,11360,Green River,Lower Green River,3.41,0.67,1.04,1.55,0.46,424,7.51,6.5,3.03,3.2,2.64,0.09,0.85,21.9,0.35,BRL,BRL,83,595,BRL,0.3,0.3,63.9,12.7,68,7.2,34,4.23,2.44,1.05,18,4.61,1,4,0.84,BRL,32.3,50,0.36,400,3,12,27.3,33,38,7.99,116,,1.5,12,BRL,5.4,3,308,0.8,0.71,BRL,11,0.8,0.38,3.66,101,3,24.1,2.3,89,130,11.4,1.6,3.8,,,,1.3,9.9,,,14.9,,1.9,44.8,,8.5,1.7,,,,,,,,,
3,43013311400000,40.3422,-110.1578,UTE 2-6B2,USGS CRC,"TC, TOC, HAWK, ICP, XRD",AGAT,E160403-133,,11400,11410,Green River,Lower Green River,2.28,0.6,0.58,0.97,0.68,436,8.56,4.4,3.59,3.6,2.63,0.09,0.48,23.7,0.39,BRL,BRL,105,526,BRL,0.3,0.3,73.5,14.6,80,8.4,40,4.87,2.61,1.21,21,5,2,4,0.91,BRL,37.3,65,0.4,390,2,13,31.9,39,24,9.04,132,,1.3,14,BRL,6,2,230,1,0.77,BRL,12.4,0.8,0.43,4.3,117,7,25.8,2.5,109,140,10.3,1.6,5.5,,,,2.9,5.4,,,9.9,,1.5,45.2,,4.9,3.7,7.7,,,,,,1.3,,
3,43013311400000,40.3422,-110.1578,UTE 2-6B2,USGS CRC,"TC, TOC, HAWK, ICP, XRD",AGAT,E160403-134,,11450,11460,Green River,Lower Green River,4.61,1.13,0.79,2.57,0.74,446,6.8,7.8,3.05,2.7,3.08,0.08,0.64,19.3,0.31,BRL,BRL,96,453,BRL,0.4,0.2,63,11.8,63,6.9,42,4,2.23,0.97,17,4.26,2,3,0.76,BRL,33,61,0.35,440,6,11,26.6,32,32,7.71,106,,1.5,11,BRL,4.8,3,342,0.7,0.62,BRL,10.5,0.7,0.36,4.1,99,3,21.9,2.2,112,114,9,2.2,5.9,,,,4.1,7.5,,,20.3,,1.8,34.7,,4.6,,8.1,,,,,,1.7,,
3,43013311400000,40.3422,-110.1578,UTE 2-6B2,USGS CRC,"TC, TOC, HAWK, ICP, XRD",AGAT,E160403-135,,11500,11510,Green River,Lower Green River,3.51,1.14,1.54,2.91,0.92,443,7.66,5.6,3.45,3.2,2.64,0.09,0.71,22,0.35,BRL,BRL,107,770,BRL,0.3,0.3,67.2,12.6,90,7.5,48,4.24,2.39,1.06,18,4.49,2,4,0.83,BRL,33.9,64,0.37,400,5,12,28.8,37,40,8.43,123,,2.3,13,BRL,5.3,3,278,0.8,0.66,BRL,11.4,0.8,0.37,4.07,109,3,23.7,2.4,122,129,11.4,2.6,2.2,,,,4.1,7.3,,,12.5,,1.6,50.8,,7,0.4,0,,,,,,,,
3,43013311400000,40.3422,-110.1578,UTE 2-6B2,USGS CRC,"TC, TOC, HAWK, ICP, XRD",AGAT,E160403-136,,11550,11560,Green River,Lower Green River,2.78,1.01,0.8,1.5,0.44,440,8.45,4.2,3.48,3.7,2.66,0.09,1.25,23.7,0.39,BRL,BRL,97,349,BRL,0.3,0.3,68.8,13.5,78,8.4,54,4.44,2.58,1.09,20,4.99,2,4,0.89,BRL,35.5,64,0.4,410,4,13,29.4,54,24,8.62,135,,1.8,14,BRL,5.7,3,191,0.8,0.71,BRL,11.8,0.9,0.42,3.83,113,5,24.9,2.5,394,139,11.2,1.4,,,,,0.3,5.9,,4,8.1,,2,54.4,,10.6,,,,,,,,2.2,,
3,43013311400000,40.3422,-110.1578,UTE 2-6B2,USGS CRC,"TC, TOC, HAWK, ICP, XRD",AGAT,E160403-137,,11600,11610,Green River,Lower Green River,3.07,0.87,0.52,1.83,0.35,443,7.56,5,3.03,3.1,2.54,0.1,0.94,23.8,0.35,3,BRL,91,853,BRL,0.4,0.4,66.8,12,67,7.5,80,4.51,2.53,1.17,19,4.9,2,4,0.87,BRL,34.3,64,0.37,370,5,12,29.5,33,88,8.5,118,,1.2,12,BRL,5.6,3,253,0.8,0.71,BRL,11.5,0.7,0.41,4.1,102,6,24.7,2.4,473,144,15.1,1.6,5.2,,,,1.1,6.6,,0.8,12.4,,1.8,46.4,,4.9,,1.2,,,,,,2.8,,
3,43013311400000,40.3422,-110.1578,UTE 2-6B2,USGS CRC,"TC, TOC, HAWK, ICP, XRD",AGAT,E160403-138,,11650,11660,Green River,Lower Green River,2.8,0.79,0.31,0.55,0.69,433,7.76,4.5,3.1,3.3,2.5,0.1,1.07,24,0.36,BRL,BRL,94,628,BRL,0.3,0.4,69.6,13.5,75,8.2,37,4.42,2.46,1.12,20,5.02,2,4,0.84,BRL,35.6,59,0.37,420,5,13,31.2,35,20,8.86,130,,1.4,13,BRL,5.8,5,205,0.8,0.73,BRL,11.8,0.8,0.41,3.86,109,9,24.8,2.4,115,143,14,2.1,3.8,,,,0.9,6.7,,,10,,2,49.9,,6.2,1,,,,,,,3.4,,
3,43013311400000,40.3422,-110.1578,UTE 2-6B2,USGS CRC,"TC, TOC, HAWK, ICP, XRD",AGAT,E160403-139,,11700,11710,Green River,Lower Green River,4.4,1.4,1,2.71,0.54,443,6.92,7.1,3.04,2.9,2.71,0.09,1.04,21,0.31,BRL,BRL,91,2290,BRL,0.3,0.4,60.1,11.4,65,7.2,43,4.19,2.25,0.96,17,4.66,1,4,0.77,BRL,30.8,58,0.34,440,6,11,26.6,34,29,7.52,110,,1.5,11,BRL,4.9,2,323,0.7,0.65,BRL,10.4,0.8,0.35,4.26,108,6,22.2,2.1,125,116,12.2,0.9,1.2,,,,,10.8,,,15.6,,1.7,42.3,,5,,8.4,,,,,,,,
3,43-047-14005-OS00,39.8707,-109.1123,SKYLINE 16,UT CRC,"TC, TOC, HAWK, ICP, XRD",AGAT,E161206-001,20.3,,,Green River,R-8 zone,14.18,7.07,2.94,60.39,0.94,431,2.33,13.7,1.09,0.84,5.64,0.02,0.27,11.1,0.11,2,7,53,564,BRL,0.1,0.3,20.8,4.5,16,3,21,1.12,0.7,0.37,5.77,1.51,BRL,1,0.23,BRL,12.3,115,0.1,521,4,4.9,9.5,12,7,2.79,53.1,,0.6,BRL,BRL,1.6,BRL,949,BRL,0.21,BRL,3.4,BRL,0.1,1.96,55,1,7.1,0.6,31,41.6,14.3,2.8,,9.2,,,15.7,9.9,,43.8,,,,0.8,3.1,,,,,,,,,,,
3,43-047-14005-OS00,39.8707,-109.1123,SKYLINE 16,UT CRC,"TC, TOC, HAWK, ICP, XRD",AGAT,E161206-002,21.9,,,Green River,R-8 zone,18.05,12.09,4.5,111.82,1.37,425,2.52,14.6,1.22,1.07,1.89,0.35,0.63,9.37,0.11,1,56,64,602,BRL,0.3,0.4,26.9,7.7,20,3.2,39,1.55,0.97,0.44,6.51,1.77,BRL,1,0.3,BRL,13.8,75,0.21,264,11,5.1,11.1,20,17,3.23,59,,1.1,BRL,BRL,2,4,1100,BRL,0.28,BRL,6.2,0.5,0.16,7.43,61,BRL,8.9,1.2,45,42,9.4,4.2,,15.6,,,17.1,31.3,,16.2,,,0.2,0.4,3.3,,,,,0.8,,,,,,
3,43-047-14005-OS00,39.8707,-109.1123,SKYLINE 16,UT CRC,"TC, TOC, HAWK, ICP, XRD",AGAT,E161206-003,26.8,,,Green River,R-8 zone,6.42,1.98,0.74,12.54,0.55,420,5.98,9.54,2.25,2.38,3.06,0.05,0.43,20,0.27,1,15,135,574,BRL,0.5,0.3,60.7,10.5,50,7.2,46,2.21,1.26,0.67,14,2.81,BRL,2,0.44,BRL,29.3,134,0.2,465,6,11.4,20.8,18,19,6.46,127,,1.2,8,BRL,3.5,3,641,0.8,0.4,BRL,5.2,0.6,0.19,2.26,97,1,12.2,1.2,96,84.6,7.1,7.7,,25.4,,,29.2,6.1,,17.6,,,0.2,0.5,4.7,,,,,,,,,,,
3,43-047-14005-OS00,39.8707,-109.1123,SKYLINE 16,UT CRC,"TC, TOC, HAWK, ICP, XRD",AGAT,E161206-004,31.9,,,Green River,R-8 zone,20.55,13.75,4.84,135.18,1.55,430,2.02,12,0.87,0.63,3.09,0.16,0.29,9.23,0.08,1,17,40,516,BRL,0.1,0.3,18.7,4.5,12,2.5,22,1.08,0.64,0.29,4.98,1.24,BRL,1,0.23,BRL,11,35,0.12,463,4,3.4,8.6,12,9,2.52,35.2,,0.5,BRL,BRL,1.5,BRL,927,BRL,0.19,BRL,8.9,BRL,0.1,8.15,36,1,7,0.8,28,40.8,12.1,13.2,,20.3,,,12,9.4,,27.6,,,0.2,,4.5,,,,,,,,,,,
3,43-047-14005-OS00,39.8707,-109.1123,SKYLINE 16,UT CRC,"TC, TOC, HAWK, ICP, XRD",AGAT,E161206-005,36.6,,,Green River,R-8 zone,7.57,2.73,0.87,18.78,0.72,425,4.87,11.5,2.12,1.59,3.05,0.09,0.2,17.2,0.34,1,13,87,686,BRL,0.4,0.4,45.3,8.4,43,9.7,39,2.59,1.17,0.91,12.3,3.73,BRL,2,0.43,BRL,23.9,184,0.18,477,3,16,21.7,18,19,5.85,113,,0.9,7,BRL,4.3,1,934,0.8,0.49,BRL,8.5,0.5,0.16,3.03,82,1,12.9,1.2,65,84,8.5,19.3,,18.3,,,19.1,11,,17.9,,,0.1,1,4.2,,,,,,,,,,,
3,43-047-14005-OS00,39.8707,-109.1123,SKYLINE 16,UT CRC,"TC, TOC, HAWK, ICP, XRD",AGAT,E161206-006,41.9,,,Green River,R-8 zone,5.27,1.82,0.78,11.77,0.47,422,5.75,7.29,1.9,2.12,2.08,0.06,0.13,22.9,0.18,BRL,27,70,413,BRL,0.3,0.3,56.6,8.7,36,3.3,29,1.66,0.73,0.63,15.2,2.64,1,3,0.29,BRL,29.6,47,0.12,534,5,8.8,20.1,19,19,5.93,91.2,,0.8,6,BRL,3.3,1,446,0.9,0.34,BRL,5.7,BRL,0.11,2.21,58,BRL,8.5,0.8,59,97,11.5,42,,21.5,,,2.2,5.7,,14.3,,,0.1,,2.1,,,,,,,,,,,
3,43-047-14005-OS00,39.8707,-109.1123,SKYLINE 16,UT CRC,"TC, TOC, HAWK, ICP, XRD",AGAT,E161206-007,55.9,,,Green River,R-8 zone,2.06,0.52,0.04,1.06,0.28,427,6.93,3.1,2.97,4.43,1.08,0.03,0.99,27.3,0.16,BRL,8,70,234,BRL,0.4,0.3,139,11.8,34,2.3,19,0.9,0.43,0.52,15.9,2,2,4,0.17,BRL,75.1,17,0.07,454,10,9.1,36.6,42,32,12.7,147,,0.6,BRL,BRL,3.5,1,222,0.9,0.22,BRL,4.7,1.1,0.07,0.92,49,BRL,4.8,0.5,65,113,12.1,36.5,,37.7,,,1.1,1.8,,8.1,,,,,1.4,,,,,,,,,,,
3,43-047-14005-OS00,39.8707,-109.1123,SKYLINE 16,UT CRC,"TC, TOC, HAWK, ICP, XRD",AGAT,E161206-008,66.1,,,Green River,R-8 zone,6.7,2.43,0.72,16.81,0.62,415,5.06,11.4,2.45,1.66,3.05,1.24,0.19,16.7,0.36,BRL,19,98,801,BRL,0.4,0.4,121,8.2,47,10.6,38,8.92,6.65,1.99,12.8,8.68,1,3,1.98,BRL,52.1,211,1.37,474,3,22.2,56.2,15,23,14.3,121,,0.8,10,BRL,10.5,1,1310,0.8,1.37,BRL,141,0.5,1.19,56.5,82,2,62,8.7,68,92.2,3.2,15.7,,23.8,,,22.1,5.8,,18.6,,,0.1,0.2,5.1,,,,,3.1,,,,,,
3,43-047-14005-OS00,39.8707,-109.1123,SKYLINE 16,UT CRC,"TC, TOC, HAWK, ICP, XRD",AGAT,E161206-009,72.5,,,Green River,R-8 zone,1.1,,,,,,6.33,2.2,1.59,2.72,0.51,0.02,0.55,32.8,0.1,BRL,BRL,66,1470,BRL,0.3,0.2,96.1,5.6,17,5.9,12,1.3,0.54,0.62,14.6,2.41,BRL,3,0.23,BRL,51.4,12,0.07,278,4,7.4,25.2,24,30,8.77,98.7,,0.7,BRL,BRL,3.2,2,168,1.1,0.29,BRL,3.4,0.6,0.07,0.78,23,BRL,6.1,0.5,55,147,25.4,19.5,,26.7,,,22.1,2.2,,1.4,,,0.1,,1.9,,,,,,,,,,,
3,43-047-14005-OS00,39.8707,-109.1123,SKYLINE 16,UT CRC,"TC, TOC, HAWK, ICP, XRD",AGAT,E161206-010,75.9,,,Green River,R-8 zone,5.27,1.9,0.52,12.22,0.57,414,5.78,8.06,2.43,3.15,2.71,0.97,0.2,21.1,0.22,BRL,25,104,693,BRL,0.3,0.3,89.8,8.1,49,5,31,8.75,6.29,2.03,13.6,7.91,1,3,1.94,BRL,41.8,84,1.24,516,4,12.2,45,21,20,11.2,126,,0.8,7,BRL,9.4,1,777,0.9,1.31,BRL,111,0.7,1.07,43.1,62,BRL,62.5,7.8,64,100,9.4,28.8,,29.5,,,8.5,1.4,,15.9,,,,,3.3,,,,,2.1,,,,,,
3,43-047-14005-OS00,39.8707,-109.1123,SKYLINE 16,UT CRC,"TC, TOC, HAWK, ICP, XRD",AGAT,E161206-011,78.8,,,Green River,R-8 zone,3.73,1.31,0.46,7.87,0.38,417,6.84,4.47,2.03,1.79,1.86,0.06,0.12,27.1,0.18,BRL,20,69,1410,BRL,0.3,0.3,23.1,7.1,45,2.6,32,1.12,0.59,0.46,23.5,1.78,1,4,0.18,BRL,15.8,32,0.09,704,3,11.2,11.1,15,18,3.21,73.3,,0.6,6,BRL,2.2,2,245,1.2,0.23,BRL,4.6,BRL,0.08,2.1,62,BRL,6.2,0.6,61,123,10.1,51.2,,20.1,,,3.2,1.1,,11.9,,,,,1.8,,,,,,,,,,,
3,43-047-14005-OS00,39.8707,-109.1123,SKYLINE 16,UT CRC,"TC, TOC, HAWK, ICP, XRD",AGAT,E161206-012,83.9,,,Green River,R-8 zone,7.39,2.52,1.26,18.36,0.71,418,4.62,11.1,1.71,1.86,3.05,0.05,0.2,19.1,0.2,BRL,26,85,552,BRL,0.4,0.5,35.4,7.8,35,8.7,34,1.21,0.68,0.37,11.1,1.55,1,3,0.25,BRL,21.2,142,0.13,463,7,10.7,11,25,21,3.49,104,,1,6,BRL,1.8,1,769,0.9,0.22,BRL,3.7,0.6,0.1,1.86,67,BRL,7.3,0.7,59,88.2,9,14.8,,24,,,16.8,10.7,,20,,,,0.4,3.8,,,,,,,,,,,
4,43-047-14005-OS00,39.8707,-109.1123,SKYLINE 16,UT CRC,"TC, TOC, HAWK, ICP, XRD",AGAT,E161206-013,90.8,,,Green River,R-8 zone,8.9,2.67,1.05,21.13,0.42,419,3.95,14,2.01,1.5,3.81,0.05,0.46,15.8,0.19,BRL,12,73,553,BRL,0.4,0.6,35,7.1,34,6.9,39,1.53,0.94,0.47,9.62,1.88,BRL,2,0.33,BRL,18.2,126,0.19,450,16,8.7,13.3,20,21,3.82,86.7,,0.7,6,BRL,2.3,1,935,0.6,0.28,BRL,4.6,0.6,0.16,3.55,75,BRL,9.9,1.2,65,67.6,4.4,19,,18.9,,,13.3,13.9,,26,,,,1,3.5,,,,,,,,,,,
4,43-047-14005-OS00,39.8707,-109.1123,SKYLINE 16,UT CRC,"TC, TOC, HAWK, ICP, XRD",AGAT,E161206-014,98.1,,,Green River,Saline zone,10.9,6.42,2.39,52.88,1.12,423,4.49,11.3,1.98,1.58,2.8,0.9,0.35,15.3,0.21,BRL,29,79,594,BRL,0.3,0.4,43.3,7,34,10,30,2.35,1.4,0.64,11.1,2.87,1,2,0.48,BRL,21.9,96,0.37,419,4,9.2,17.8,14,16,5.04,95.7,,0.9,6,BRL,3.2,1,1010,0.7,0.39,BRL,9.1,0.6,0.24,12.2,76,1,13.9,2,65,66.1,8,17.6,,16.3,,,18.8,10,,19.3,,,0.2,,5.4,,,,,2,,,,,,
4,43-047-14005-OS00,39.8707,-109.1123,SKYLINE 16,UT CRC,"TC, TOC, HAWK, ICP, XRD",AGAT,E161206-015,103.9,,,Green River,Saline zone,7.19,2.06,0.69,12.79,0.46,421,4.71,10.9,2.03,2.19,3.14,0.07,0.44,18.1,0.25,BRL,32,72,446,BRL,0.3,1.1,29.9,7.9,49,6.7,27,1.88,1.28,0.52,11.9,2.29,1,2,0.4,BRL,18.1,89,0.26,368,5,11.3,14.2,33,17,4.11,103,,1.1,6,BRL,2.6,2,642,0.7,0.34,BRL,9.1,0.8,0.24,7.26,117,1,12.1,1.7,75,70.6,12.3,26.7,,18.1,,,6,10.4,,21.2,,,0.2,0.3,4.4,,,,,,,,,,,
4,43-047-14005-OS00,39.8707,-109.1123,SKYLINE 16,UT CRC,"TC, TOC, HAWK, ICP, XRD",AGAT,E161206-016,110.1,,,Green River,Saline zone,1.09,0.47,0.13,1.32,0.19,435,5.97,1.11,0.7,3.3,0.57,0.01,0.05,33.8,0.07,BRL,21,96,122,BRL,0.4,BRL,9.9,6.5,12,1.5,14,0.33,0.18,0.14,14.9,0.56,5,3,0.07,BRL,4.4,25,BRL,163,6,5.6,4,26,31,1.04,109,,0.7,BRL,BRL,0.8,4,64.1,1.2,0.06,BRL,1.9,BRL,BRL,1.41,34,BRL,2.2,0.2,49,62.2,25.4,35,,30.7,,,2.6,1,,3.7,,,,,1.7,,,,,,,,,,,
4,43-047-14005-OS00,39.8707,-109.1123,SKYLINE 16,UT CRC,"TC, TOC, HAWK, ICP, XRD",AGAT,E161206-017,119.9,,,Green River,Saline zone,1.87,0.48,0.12,1.29,0.33,429,6.27,3.56,0.9,3.91,0.58,0.01,0.26,31.1,0.07,BRL,9,88,888,BRL,0.4,BRL,88.8,7.8,11,1,11,2.58,1.29,0.79,14.7,3.1,5,3,0.52,BRL,44.6,BRL,0.1,271,9,5.6,28.6,51,36,8.95,127,,1,BRL,BRL,4,1,195,1.3,0.46,BRL,14.4,0.9,0.17,2.23,29,BRL,15.1,0.9,40,65.8,19.5,31.4,,35.2,,,3.8,3.7,,3.7,,,0.1,,1.7,,,,,,,,,,,
4,43-047-14005-OS00,39.8707,-109.1123,SKYLINE 16,UT CRC,"TC, TOC, HAWK, ICP, XRD",AGAT,E161206-018,124.2,,,Green River,Saline zone,4.98,1.37,0.34,7.96,0.47,418,6.68,6.09,3.39,1.91,2.84,0.02,0.59,21.3,0.34,BRL,BRL,82,224,BRL,0.5,0.7,15.1,10.8,55,4.1,44,1.25,0.68,0.38,17.4,1.56,1,3,0.23,BRL,12.1,89,0.14,453,9,19.1,9.5,23,30,2.63,91.9,,1.2,9,BRL,1.9,2,263,0.9,0.22,BRL,3.4,0.8,0.1,2.22,113,1,7.1,0.8,113,82.8,4.7,51.6,,16.5,,,1.1,1.2,,20.9,,,,,3.2,,,,,,,,,,,
4,43-047-14005-OS00,39.8707,-109.1123,SKYLINE 16,UT CRC,"TC, TOC, HAWK, ICP, XRD",AGAT,E161206-019,130.4,,,Green River,Saline zone,6.43,0.82,0.21,4.03,0.57,429,4.42,11.1,2.42,2.47,4.14,BRL,0.36,17.3,0.22,BRL,32,112,284,BRL,0.4,0.3,29.9,10,43,7.8,39,1.21,0.78,0.32,11.6,1.47,BRL,2,0.26,BRL,17.5,151,0.15,506,14,9.3,11.2,30,20,3.58,104,,1,8,BRL,1.7,2,774,0.7,0.22,BRL,4.5,0.6,0.13,2.57,97,BRL,8,1.1,70,65.2,11.1,21.9,,20.1,,,5.7,9.5,,26.2,,,0.1,0.7,4,,,,,,,,,,,
4,43-047-14005-OS00,39.8707,-109.1123,SKYLINE 16,UT CRC,"TC, TOC, HAWK, ICP, XRD",AGAT,E161206-020,143.9,,,Green River,Saline zone,8.62,2.77,1.87,19.6,0.65,419,4.08,13.2,3.68,2.17,3.1,0.02,2.35,14.8,0.19,BRL,75,78,221,BRL,0.4,0.5,57.8,7.6,38,3.9,39,2.86,1.46,0.77,11.1,3.46,1,2,0.56,BRL,30,88,0.2,335,20,7.8,19.6,19,25,5.71,86.5,,2.2,7,BRL,3.8,2,701,0.6,0.49,BRL,5.4,0.6,0.22,2.76,86,BRL,16.7,1.4,68,57.7,7.8,26.9,,17.7,,,0.7,16.2,,22.8,,,1.7,0.7,2.7,,,,,,,,,,,
4,43-047-14005-OS00,39.8707,-109.1123,SKYLINE 16,UT CRC,"TC, TOC, HAWK, ICP, XRD",AGAT,E161206-021,151.9,,,Green River,Saline zone,8.58,3.09,1.55,22.55,0.85,414,4.9,11.1,2.52,2.74,3.43,0.03,0.3,16.5,0.24,BRL,10,103,1480,BRL,0.4,0.5,52.3,7.8,50,3.2,48,2.18,1.13,0.59,12.5,2.66,BRL,2,0.4,BRL,25.1,48,0.15,543,9,12.6,16.5,21,20,5.11,84.3,,1.1,6,BRL,3,3,1210,0.8,0.39,BRL,4.1,BRL,0.17,1.47,77,1,12.2,1.1,75,66.1,6.5,28.8,,25,,,3,7.2,,24.7,,,0.1,,2.6,,,,,,,,,,,
4,43-047-14005-OS00,39.8707,-109.1123,SKYLINE 16,UT CRC,"TC, TOC, HAWK, ICP, XRD",AGAT,E161206-022,163.2,,,Green River,Saline zone,10.52,4.19,2.23,33.9,0.5,416,3.9,14.3,2.21,1.72,3.65,0.03,0.66,14.3,0.17,BRL,32,90,597,BRL,0.4,0.4,29.6,8.2,35,4.3,44,1.46,0.81,0.42,9.89,1.81,BRL,2,0.28,BRL,16.8,143,0.14,444,6,6.6,11.5,21,16,3.52,77,,1,7,BRL,2.2,BRL,873,0.5,0.25,BRL,3.2,BRL,0.13,1.81,69,BRL,8.8,0.9,66,55.9,7.8,27.9,,15.6,,,1.7,15.3,,25.8,,,0.2,0.6,2.7,,,,,,,,,,,
4,43-047-14005-OS00,39.8707,-109.1123,SKYLINE 16,UT CRC,"TC, TOC, HAWK, ICP, XRD",AGAT,E161206-023,171.9,,,Green River,Saline zone,6.96,0.88,0.53,4.16,0.56,420,4.21,12.3,4.34,3.21,3.82,0.03,1.61,14.9,0.19,BRL,8,108,638,BRL,0.3,0.4,39.3,13.2,36,3.1,38,2.76,1.48,0.68,11.2,3.15,BRL,2,0.53,BRL,22,70,0.2,539,26,7.7,17.8,54,19,5.06,90.8,,0.7,7,BRL,3.5,2,797,0.7,0.47,BRL,7.4,BRL,0.2,3.51,80,1,15.5,1.4,60,58.3,7.2,18.2,,26.9,,,4.3,8.3,,30.2,,,,0.3,2.5,,,,,,,,,,,
4,43-047-14005-OS00,39.8707,-109.1123,SKYLINE 16,UT CRC,"TC, TOC, HAWK, ICP, XRD",AGAT,E161206-024,180.1,,,Green River,Saline zone,12,5.31,2.67,43.62,0.69,416,3.09,16.2,1.64,1.08,3.68,0.03,0.43,12.6,0.14,BRL,28,66,586,BRL,0.2,0.4,28.9,5.7,27,3.1,31,1.83,1.11,0.48,8.28,2.25,1,2,0.4,BRL,15.5,89,0.15,531,4,5.7,12.5,16,13,3.56,51.4,,0.7,5,BRL,2.4,BRL,1020,BRL,0.31,BRL,6.3,BRL,0.16,2.5,54,BRL,11.6,1.1,46,54.8,9.4,27.1,,11.6,,,0.7,19.2,,27,,,0.1,0.6,2,,,,,,,,,,,
4,43-047-14005-OS00,39.8707,-109.1123,SKYLINE 16,UT CRC,"TC, TOC, HAWK, ICP, XRD",AGAT,E161206-025,187.9,,,Green River,Saline zone,11.4,4.51,2.72,33.68,0.74,419,2.88,15,1.55,1.03,4.38,0.03,0.26,13,0.11,BRL,11,69,441,BRL,0.3,0.3,32.1,6.6,23,3.1,34,1.41,0.81,0.46,8.05,2.04,1,2,0.28,BRL,17.9,94,0.14,473,16,5.3,12.8,15,15,3.75,49.7,,0.9,5,BRL,2.3,BRL,956,0.5,0.26,BRL,4,BRL,0.12,2.96,52,BRL,9.2,0.8,44,40.4,11.4,26.9,,10.8,,,1,15.7,,30.2,,,,0.7,1.6,,,,,,,,,,,
4,43-047-14005-OS00,39.8707,-109.1123,SKYLINE 16,UT CRC,"TC, TOC, HAWK, ICP, XRD",AGAT,E161206-026,191.9,,,Green River,R-8 zone,9.15,3.3,3.13,25.44,0.68,417,4.38,11.1,2.25,1.89,4,0.04,0.26,16.5,0.2,7,12,132,464,BRL,0.7,BRL,36.8,7.2,40,5.6,42,2.16,1.22,0.53,11.8,2.46,BRL,2,0.42,BRL,18.9,124,0.16,407,11,8.9,15,24,16,4.19,81.2,,0.7,6,BRL,2.9,45,667,0.7,0.37,BRL,8,BRL,0.17,2.78,82,BRL,12.8,1.1,68,68.4,9.2,32.4,,15.7,,,2.7,7.5,,28,,,,0.5,2.7,,,,,,,,,,,
4,43-047-14005-OS00,39.8707,-109.1123,SKYLINE 16,UT CRC,"TC, TOC, HAWK, ICP, XRD",AGAT,E161206-027,199.2,,,Green River,R-8 zone,7.8,1.7,1.46,9.87,0.89,421,3.02,12.8,2.07,1.87,4.17,0.04,0.42,17.4,0.15,4,7,192,427,BRL,0.3,0.4,35.6,6.4,28,4,31,1.85,1.07,0.54,7.87,2.37,BRL,2,0.39,BRL,16.3,106,0.17,462,6,6.1,14.3,20,12,4.03,65.6,,0.6,6,BRL,2.8,BRL,746,0.5,0.34,BRL,8.3,BRL,0.17,2.71,67,BRL,11.4,1.1,56,70,20,15.2,,16.9,,,2.9,11.3,,28.5,,,,0.3,3.3,,,,,,,,,,,
4,43-047-14005-OS00,39.8707,-109.1123,SKYLINE 16,UT CRC,"TC, TOC, HAWK, ICP, XRD",AGAT,E161206-028,200.8,,,Green River,R-8 zone,9.06,3.44,2.77,26.5,0.66,419,3.98,12.7,2.11,1.77,3.19,0.03,0.93,16.5,0.18,3,38,161,426,BRL,0.3,0.4,39.4,6.7,35,5.7,39,1.76,0.98,0.53,10.6,2.27,1,2,0.36,BRL,19.7,152,0.16,432,7,7.6,14.2,24,15,4.05,85.2,,1.2,6,BRL,2.5,1,796,0.6,0.31,BRL,5.7,0.5,0.14,2.34,67,BRL,10.5,1,67,64.9,,29.2,,21.1,,,10.8,8.7,,21.2,,,0.4,,5.5,,,,,,,,,,,
4,43-047-14005-OS00,39.8707,-109.1123,SKYLINE 16,UT CRC,"TC, TOC, HAWK, ICP, XRD",AGAT,E161206-029,207.9,,,Green River,R-8 zone,10.73,4.12,2.41,28.69,0.75,419,3.03,15.9,1.79,1.62,4.81,0.04,0.27,12.4,0.14,2,10,149,444,BRL,0.3,0.4,31.5,7.7,26,4.4,35,2,1.16,0.54,7.75,2.39,1,2,0.41,BRL,16.9,112,0.18,508,4,5.4,13.5,19,13,3.87,64.3,,0.8,6,BRL,2.5,BRL,881,BRL,0.34,BRL,7.3,BRL,0.17,2.52,57,BRL,12.7,1.2,47,54.7,9.1,17.5,,15.8,,,1.9,16.1,,33.6,,,,0.9,2.9,,,,,,,,,,,
4,43-047-14005-OS00,39.8707,-109.1123,SKYLINE 16,UT CRC,"TC, TOC, HAWK, ICP, XRD",AGAT,E161206-030,211.9,,,Green River,R-8 zone,10.04,3.44,2.65,27.99,0.6,417,3.73,15.9,2.03,2.32,3.67,0.04,0.58,14,0.17,2,15,191,589,BRL,0.3,0.5,42.6,7.8,36,4.8,37,2.35,1.4,0.63,9.95,2.78,1,2,0.48,BRL,21.9,86,0.24,437,3,6.8,17.1,24,13,4.91,79,,0.8,7,BRL,3.1,1,989,0.6,0.41,BRL,9.6,BRL,0.21,3.6,62,BRL,14.7,1.5,62,61.5,9.4,16,,21.3,,,1.9,20.9,,24.1,,,,0.7,3.5,,,,,,,,,,,
4,43-047-14005-OS00,39.8707,-109.1123,SKYLINE 16,UT CRC,"TC, TOC, HAWK, ICP, XRD",AGAT,E161206-031,217.5,,,Green River,R-8 zone,8.46,3.23,2.07,24.7,0.68,418,4.63,12,2.59,2.54,3.17,0.05,0.68,16.7,0.2,1,15,233,519,BRL,0.4,0.5,45.8,9,38,5.8,47,2.71,1.58,0.7,11.9,3.05,1,2,0.54,BRL,23.2,101,0.21,409,11,7.7,18.1,22,19,5.06,87.6,,1.1,8,BRL,3.3,1,653,0.6,0.47,BRL,8.8,0.5,0.22,2.96,80,BRL,16,1.5,79,72.2,8.4,23.7,,21,,,6.9,13.2,,20.4,,,0.1,0.5,4.1,,,,,,,,,,,
4,43-047-14005-OS00,39.8707,-109.1123,SKYLINE 16,UT CRC,"TC, TOC, HAWK, ICP, XRD",AGAT,E161206-032,224.3,,,Green River,R-8 zone,7.18,2.54,1.86,17.03,0.58,419,5.03,10.4,2.85,3.46,3.11,0.06,0.78,18.2,0.22,1,11,277,541,BRL,0.5,0.5,51.3,10.1,45,6.3,43,2.73,1.53,0.73,13.3,3.35,1,2,0.53,BRL,27.3,86,0.23,409,7,9,20.4,23,19,5.88,104,,1.3,8,BRL,3.6,1,522,0.7,0.48,BRL,11.8,BRL,0.23,3.88,93,BRL,16.7,1.5,79,81.4,10.3,18.6,,30,,,3.4,10.4,,20.4,,,,0.7,4.8,,,,,,,,,,,
4,43-047-14005-OS00,39.8707,-109.1123,SKYLINE 16,UT CRC,"TC, TOC, HAWK, ICP, XRD",AGAT,E161206-033,229.9,,,Green River,R-8 zone,9.02,3.35,2.05,26.21,0.51,422,3.96,12.2,2.1,2.12,3.77,0.03,0.55,16.3,0.18,1,11,237,423,BRL,0.4,0.5,25.7,7.1,34,6.8,38,1.47,0.87,0.35,10.5,1.54,1,2,0.31,BRL,13.3,143,0.14,290,5,8.1,9.7,18,17,2.81,88.5,,1.2,6,BRL,1.9,1,638,0.6,0.27,BRL,3.8,0.5,0.14,2.53,73,3,9.3,1,64,69.6,13.2,18,,17.2,,,7.8,14.2,,23.4,,,,0.9,4.8,,,,,,,,,,,
4,43-047-14005-OS00,39.8707,-109.1123,SKYLINE 16,UT CRC,"TC, TOC, HAWK, ICP, XRD",AGAT,E161206-034,234.1,,,Green River,R-8 zone,11.15,4.35,3.24,34.97,0.73,421,3,15.3,1.51,1.21,4.04,0.04,0.29,13.6,0.15,1,9,134,461,BRL,0.2,0.4,32.3,4.7,25,3.3,26,1.91,1.2,0.49,7.88,2.25,1,2,0.38,BRL,17.2,60,0.2,472,3,6.1,14.2,15,10,3.94,54.8,,0.7,6,BRL,2.6,1,934,0.6,0.31,BRL,8.7,BRL,0.18,4.17,50,BRL,11.5,1.3,48,69.3,8.2,14.3,,17.8,,,9,18.3,,27.8,,,,1.1,2.7,,,,,,,,,,,
4,43-047-14005-OS00,39.8707,-109.1123,SKYLINE 16,UT CRC,"TC, TOC, HAWK, ICP, XRD",AGAT,E161206-035,245.6,,,Green River,R-8 zone,8.66,3.9,2.14,31.81,0.65,422,4.73,10.7,2.78,2.41,3.45,0.05,0.73,17.1,0.2,BRL,13,263,539,BRL,0.5,0.5,45.3,9.5,41,6.1,47,2.43,1.27,0.65,12.5,2.89,1,2,0.48,BRL,23.6,87,0.19,470,7,8.3,18,19,22,5.06,95.2,,2.4,7,BRL,3.1,1,651,0.7,0.44,BRL,7.8,BRL,0.19,3.43,77,BRL,14.6,1.3,79,70,3.4,19.1,,24.6,,,10.2,11.6,,24.6,,,,1.2,4.3,,,,,,,,,,,
4,43-047-14005-OS00,39.8707,-109.1123,SKYLINE 16,UT CRC,"TC, TOC, HAWK, ICP, XRD",AGAT,E161206-036,255.2,,,Green River,R-8 zone,12.52,6.99,2.15,63.61,0.94,431,3.98,11,2.14,1.91,4.04,0.05,0.57,15.3,0.18,BRL,22,210,480,BRL,0.7,0.6,40.5,9.1,34,3.9,51,1.71,0.9,0.52,9.91,2.16,2,2,0.34,BRL,19,123,0.15,434,32,7.7,15.1,23,24,4.41,73.7,,1.7,5,BRL,2.5,1,776,0.7,0.31,BRL,8.9,0.6,0.14,5.77,90,BRL,10,1,66,62.5,10.7,26.9,,17.8,,,2.4,10.1,,26.4,,,,0.4,3.6,,,,,,,,,,,
4,43-047-14005-OS00,39.8707,-109.1123,SKYLINE 16,UT CRC,"TC, TOC, HAWK, ICP, XRD",AGAT,E161206-037,261.5,,,Green River,R-8 zone,11.74,4.76,2.55,40.59,0.82,416,3.28,16.4,1.56,1.66,3.71,0.03,0.3,12.5,0.14,BRL,23,167,577,BRL,0.3,0.4,24,6.1,26,4.6,35,1.67,1.02,0.49,8.29,2.06,BRL,1,0.34,BRL,15.6,78,0.15,444,4,5.6,11.8,17,12,3.32,64.8,,0.9,6,BRL,2.3,1,973,BRL,0.29,BRL,5.2,BRL,0.15,2.4,59,BRL,10.3,1,58,46.7,10,11.5,,15.8,,,8.5,22.7,,25.7,,,,0.8,3.7,,,,,,,,,,,
4,43-047-14005-OS00,39.8707,-109.1123,SKYLINE 16,UT CRC,"TC, TOC, HAWK, ICP, XRD",AGAT,E161206-038,269.2,,,Green River,R-8 zone,9.01,3.52,2.41,29.76,0.65,424,4.38,10.8,2.24,3.49,4.19,0.03,0.43,16.5,0.18,BRL,68,397,607,BRL,0.4,0.4,41.2,9.8,36,5.1,41,2.74,1.51,0.76,11.9,3.4,1,2,0.53,BRL,21.7,131,0.18,466,6,6.6,19.2,40,17,5.17,97,,1.9,7,BRL,3.8,2,699,0.6,0.49,BRL,5.3,0.5,0.21,3.4,78,BRL,15.1,1.3,72,63.2,10.7,9,,33.1,,,8.2,8.2,,24,,,,0.5,4.9,,,,,,,,,,,
4,43-047-14005-OS00,39.8707,-109.1123,SKYLINE 16,UT CRC,"TC, TOC, HAWK, ICP, XRD",AGAT,E161206-039,273.9,,,Green River,R-8 zone,9.44,3.76,2.65,30.66,0.54,417,4.36,13.2,2.78,3.52,3.35,0.03,0.98,15.4,0.19,BRL,13,363,552,BRL,0.5,0.6,44,9.5,37,4.9,48,2.25,1.17,0.57,11.8,2.71,BRL,2,0.42,BRL,20.1,92,0.16,517,3,7,14.9,21,20,4.18,96.3,,1.8,6,BRL,2.9,1,761,0.6,0.4,BRL,4.2,BRL,0.17,2.34,69,BRL,12.5,1.1,80,56.1,8.6,8.2,,30.3,,,8,16.8,,22,,,,0.7,4,,,,,,,,,,,
4,43-047-14005-OS00,39.8707,-109.1123,SKYLINE 16,UT CRC,"TC, TOC, HAWK, ICP, XRD",AGAT,E161206-040,279.2,,,Green River,R-8 zone,12.27,7.24,3.9,63.79,0.93,430,3.98,11.9,2.36,1.95,3.23,0.03,0.73,13.9,0.18,BRL,13,242,506,BRL,0.5,0.5,31.7,8.6,35,5.3,42,1.66,1,0.47,10,2.03,1,2,0.32,BRL,18.6,132,0.12,409,8,6.8,13.5,21,18,3.87,86.2,,1.5,6,BRL,2.5,BRL,778,0.5,0.29,BRL,4.1,BRL,0.12,2.1,75,BRL,9.4,0.9,68,54.4,8.2,22.5,,18.7,,,6.3,16.2,,20.3,,,,0.8,4.8,,,,,,,,,,,
4,43-047-14005-OS00,39.8707,-109.1123,SKYLINE 16,UT CRC,"TC, TOC, HAWK, ICP, XRD",AGAT,E161206-041,285.9,,,Green River,R-8 zone,13.41,5.62,2.67,52.47,0.79,422,2.13,20,1.04,1.32,3.18,0.02,0.38,9.85,0.09,BRL,22,143,610,BRL,0.3,0.4,16.9,5.4,18,2.7,30,1.19,0.69,0.31,5.35,1.4,BRL,1,0.26,BRL,10.8,88,0.1,400,5,3.7,8.2,13,12,2.27,48.4,,1.1,BRL,BRL,1.6,BRL,1310,BRL,0.21,BRL,3.6,BRL,0.11,2.87,36,BRL,7.3,0.7,38,32.3,10.6,8.5,,16.4,,,2.4,34.9,,22.2,,,0.1,0.8,2.4,,,,,,,,,,,
4,43-047-14005-OS00,39.8707,-109.1123,SKYLINE 16,UT CRC,"TC, TOC, HAWK, ICP, XRD",AGAT,E161206-042,293.9,,,Green River,R-8 zone,14.53,7.86,2.7,71.82,1.13,437,2.42,15,1.29,1.07,4.14,0.03,0.38,11.6,0.12,BRL,19,178,477,BRL,0.3,0.5,15.3,6.3,22,3.4,33,1.09,0.65,0.32,6.36,1.22,2,1,0.2,BRL,11.7,90,0.1,481,14,4.7,8.4,14,14,2.44,53.9,,1.1,BRL,BRL,1.6,BRL,1010,BRL,0.17,BRL,3.9,BRL,0.09,3.77,58,BRL,6.4,0.6,43,45.7,12.9,13.2,,12.9,,,5.2,19.7,,31.2,,,,1,3.2,,,,,,,,,,,
4,43-047-14005-OS00,39.8707,-109.1123,SKYLINE 16,UT CRC,"TC, TOC, HAWK, ICP, XRD",AGAT,E161206-043,297.9,,,Green River,R-8 zone,26.68,22.75,4.55,208.08,2.86,439,2.3,9.01,1.39,1.07,2.03,1,0.84,9.5,0.12,BRL,43,174,502,BRL,0.7,0.6,25.2,7.6,22,3.3,41,1.28,0.78,0.36,6.08,1.51,1,1,0.26,BRL,12.4,96,0.14,238,18,4.4,9.1,16,26,2.62,53.1,,1.6,BRL,BRL,1.7,BRL,854,BRL,0.22,BRL,3.4,BRL,0.12,4.36,73,BRL,7.9,0.9,49,49.6,13.7,19.6,,18.9,,,8.6,11.7,,17.6,,,0.3,,5.1,,,,,2.7,,,,,,
4,43-047-14005-OS00,39.8707,-109.1123,SKYLINE 16,UT CRC,"TC, TOC, HAWK, ICP, XRD",AGAT,E161206-044,301.9,,,Green River,R-8 zone,10.16,5.31,1.21,51.18,0.9,440,4.69,10.8,2.69,2.08,3.3,0.04,1,16.9,0.2,BRL,15,237,510,BRL,0.7,0.4,38.9,10.2,39,5.7,49,1.83,1.11,0.53,12.4,2.57,1,2,0.38,BRL,22.7,108,0.15,428,18,8.2,15.8,23,30,4.7,88.9,,1.5,6,BRL,2.7,1,686,0.6,0.34,BRL,5.6,BRL,0.15,4.11,107,1,11.3,1,71,79.5,11.2,24.7,,17.2,,,8.9,13.2,,18.5,,,,0.4,4.6,,,,,,,,,,,
4,43-047-14005-OS00,39.8707,-109.1123,SKYLINE 16,UT CRC,"TC, TOC, HAWK, ICP, XRD",AGAT,E161206-045,306.2,,,Green River,R-8 zone,9.22,3.95,1.07,33.74,0.61,439,4.33,12.3,2.53,1.9,3.5,0.03,0.86,15.8,0.19,BRL,10,267,578,BRL,0.4,0.4,35.5,8.8,45,5.8,44,1.79,0.99,0.5,11.9,2.12,1,2,0.35,BRL,20.5,120,0.15,416,15,7.5,14.6,23,20,4.33,85.3,,1.2,6,BRL,2.6,1,810,0.6,0.32,BRL,4.9,BRL,0.15,3.38,90,1,10.6,1.1,70,71.3,9,15.4,,20.3,,,12.9,16.4,,18.7,,,0.1,0.7,4.6,,,,,,,,,,,
4,43-047-14005-OS00,39.8707,-109.1123,SKYLINE 16,UT CRC,"TC, TOC, HAWK, ICP, XRD",AGAT,E161206-046,311.5,,,Green River,R-8 zone,8.85,4.15,1.76,35.61,0.64,437,4.94,9.47,3.1,2.14,3.86,0.02,1.15,17,0.21,BRL,36,309,482,BRL,0.6,0.4,39.4,10,47,6.7,43,2.06,1.05,0.61,13.2,2.58,1,2,0.4,BRL,22.1,143,0.17,467,8,8.7,15.9,27,23,4.66,101,,1.4,7,BRL,2.7,1,610,0.6,0.39,BRL,5.4,0.8,0.17,2.98,100,1,11.9,1.2,78,71.9,8.5,15.3,,20.7,,,16.6,9.1,,22.3,,,,0.9,5.3,,,,,,,,,,,
4,43-047-14005-OS00,39.8707,-109.1123,SKYLINE 16,UT CRC,"TC, TOC, HAWK, ICP, XRD",AGAT,E161206-047,319.1,,,Green River,R-8 zone,7.49,3.22,1.03,26.35,0.65,436,5.04,9.39,2.52,2.44,3.71,0.05,0.52,18.9,0.21,BRL,23,312,542,BRL,0.5,0.3,41.2,9.6,45,6.4,41,2.01,1.06,0.64,13.6,2.6,1,2,0.38,BRL,22.3,142,0.15,372,8,8.8,17,25,22,4.92,101,,1.4,6,BRL,3.1,1,622,0.7,0.39,BRL,6.6,0.6,0.15,3.56,95,BRL,11.6,1,74,75,11.4,17.3,,22.3,,,12.9,10.2,,19.6,,,,1,4.8,,,,,,,,,,,
4,43-047-14005-OS00,39.8707,-109.1123,SKYLINE 16,UT CRC,"TC, TOC, HAWK, ICP, XRD",AGAT,E161206-048,325.9,,,Green River,R-8 zone,8.73,3.52,1.05,30.96,0.66,439,4.61,11.8,2.47,2.53,3.73,0.05,0.53,16.6,0.19,BRL,27,272,577,BRL,0.6,0.5,49.6,9.3,41,5.2,46,2.66,1.43,0.77,12.3,3.41,1,2,0.52,BRL,24.6,105,0.19,433,8,7.5,21.7,20,27,6.26,92.7,,1.9,7,BRL,3.7,1,789,0.6,0.45,BRL,11.9,0.6,0.21,4.37,88,BRL,15,1.3,77,58.6,4.6,11.9,,27.3,,,10.7,15.9,,21.9,,,,1.1,4.5,,,,,,,,,,,
4,43-047-14005-OS00,39.8707,-109.1123,SKYLINE 16,UT CRC,"TC, TOC, HAWK, ICP, XRD",AGAT,E161206-049,331.8,,,Green River,R-8 zone,10.74,3.22,1.84,27.31,0.61,423,2.68,15.4,1.71,1.48,5.77,0.03,0.24,12.5,0.13,BRL,11,287,540,BRL,0.2,0.3,28,6,26,4,30,1.76,1.08,0.42,7.74,1.99,BRL,1,0.36,BRL,14.9,194,0.16,390,3,5.4,12.4,10,10,3.47,72.2,,0.5,6,BRL,2.3,BRL,934,BRL,0.29,BRL,6.8,BRL,0.16,3.61,59,BRL,11,1,46,50.6,12.1,5.3,,13.9,,,7.9,19.1,,33.4,,,,1.9,5,,,,,,,,,,,
4,43-047-14005-OS00,39.8707,-109.1123,SKYLINE 16,UT CRC,"TC, TOC, HAWK, ICP, XRD",AGAT,E161206-050,337.6,,,Green River,R-8 zone,9.56,5.02,1.05,49.08,0.82,439,4.79,9.85,2.73,2.64,3.4,0.03,0.75,17.3,0.21,BRL,26,402,586,BRL,0.5,0.4,43.9,9.1,42,7.2,42,2.41,1.25,0.64,12.5,2.92,1,2,0.47,BRL,23.3,162,0.19,377,13,10,17.1,21,22,5,113,,1.9,7,BRL,3.1,1,709,0.7,0.41,BRL,6.3,0.6,0.19,3.45,102,1,13.4,1.3,77,70.4,3.9,16,,27.8,,,10.2,14.1,,19,,,,1,5.5,,,,,,,,,,,
4,43-047-14005-OS00,39.8707,-109.1123,SKYLINE 16,UT CRC,"TC, TOC, HAWK, ICP, XRD",AGAT,E161206-051,343.9,,,Green River,R-8 zone,9.79,3.06,1.63,25.65,0.68,429,2.85,15.6,1.65,1.72,4.67,0.03,0.31,13.1,0.15,BRL,10,372,552,BRL,0.2,0.3,28.2,5.8,20,4.6,38,1.38,0.81,0.45,8.11,1.96,BRL,2,0.28,BRL,14.7,192,0.14,336,3,7,12.1,13,12,3.36,80.6,,1,6,BRL,2.1,BRL,922,0.6,0.27,BRL,7,BRL,0.14,2.66,59,BRL,8.5,1,47,61.8,13.2,2.3,,17.2,,,6.6,25.7,,27.1,,,,1.9,5.1,,,,,,,,,,,
4,43-047-14005-OS00,39.8707,-109.1123,SKYLINE 16,UT CRC,"TC, TOC, HAWK, ICP, XRD",AGAT,E161206-052,347.9,,,Green River,R-8 zone,10,3.98,1.15,37.08,0.61,426,3.84,14.7,2.2,2.28,3.34,0.03,0.56,14,0.2,BRL,24,366,714,BRL,0.5,0.4,58.2,7.5,28,5.5,47,1.83,1.01,0.59,11.3,2.45,BRL,2,0.35,BRL,30,141,0.17,436,14,10.3,18.5,16,20,6.06,93.3,,1.5,6,BRL,2.8,4,905,0.5,0.34,BRL,6.7,0.7,0.16,4.25,84,BRL,11.2,1.1,61,86.2,8.7,9.7,,21.8,,,8,24.9,,19.2,,,,1.2,4.3,,,,,,,,,,,
4,43-047-14005-OS00,39.8707,-109.1123,SKYLINE 16,UT CRC,"TC, TOC, HAWK, ICP, XRD",AGAT,E161206-053,353.2,,,Green River,R-8 zone,7.97,1.35,0.82,8.44,0.53,431,3.29,15.4,1.71,2.64,4.25,0.02,0.3,14.4,0.14,BRL,6,357,433,BRL,0.3,0.4,26,6.5,19,4.1,36,1.52,0.91,0.41,8.78,1.88,BRL,2,0.31,BRL,14.6,111,0.14,343,11,6.8,11.4,16,11,3.09,80.3,,1,5,BRL,2.3,1,840,BRL,0.29,BRL,4.3,BRL,0.13,2.25,64,BRL,9.3,0.9,47,65.5,12,4.6,,24.7,,,5.5,20.6,,26.6,,,,1.2,4,,,,,,,,,,,
4,43-047-14005-OS00,39.8707,-109.1123,SKYLINE 16,UT CRC,"TC, TOC, HAWK, ICP, XRD",AGAT,E161206-054,361.9,,,Green River,R-8 zone,12.35,5.43,2.69,50.49,0.62,419,2.94,17.2,1.56,2.44,3.66,0.03,0.43,12.1,0.13,BRL,25,258,823,BRL,0.3,0.4,35.6,5.6,19,3.6,38,1.65,1.14,0.5,7.48,2.22,BRL,2,0.35,BRL,17.7,83,0.23,308,5,6.8,15.2,17,14,4.37,79.6,,0.9,6,BRL,2.4,BRL,1020,BRL,0.29,BRL,12.9,BRL,0.18,4.28,54,BRL,10.8,1.3,47,58.4,11,4.4,,24.3,,,3.1,25.1,,25.6,,,,1,3.2,,,,,,,,,,,
4,43-047-14005-OS00,39.8707,-109.1123,SKYLINE 16,UT CRC,"TC, TOC, HAWK, ICP, XRD",AGAT,E161206-055,371.2,,,Green River,R-8 zone,12.12,4.88,4.03,46.02,0.65,422,2.52,16,1.19,1.44,4.21,0.02,0.34,13.2,0.1,BRL,8,215,601,BRL,0.2,0.4,21.9,4,14,3.1,31,1.1,0.62,0.3,6.41,1.33,BRL,1,0.23,BRL,11.9,100,0.11,412,3,5.2,8.6,12,12,2.5,66.1,,0.8,BRL,BRL,1.5,BRL,932,BRL,0.18,BRL,4.2,BRL,0.1,1.85,40,BRL,6.5,0.7,37,52,14.6,9.4,,16.8,,,7.5,20,,26.5,,,,0.7,3.8,,,,,,,,,,,
4,43-047-14005-OS00,39.8707,-109.1123,SKYLINE 16,UT CRC,"TC, TOC, HAWK, ICP, XRD",AGAT,E161206-056,377.9,,,Green River,R-8 zone,10.01,4,4.09,46.61,0.61,422,3.71,14.4,2,2.45,3.28,0.04,0.63,14.6,0.15,1,21,289,577,BRL,0.4,0.4,50.1,6.1,26,4.7,41,1.64,0.95,0.49,10.2,2.15,BRL,2,0.32,BRL,26,108,0.14,470,16,8.5,16.8,20,18,5.35,91,,1.4,5,BRL,2.9,2,874,0.5,0.31,BRL,7.4,BRL,0.15,3.81,63,BRL,9.8,0.9,55,67.5,10.7,12.2,,23.1,,,6.9,21.6,,19.6,,,,0.7,4,,,,,,,,,,,
4,43-047-14005-OS00,39.8707,-109.1123,SKYLINE 16,UT CRC,"TC, TOC, HAWK, ICP, XRD",AGAT,E161206-057,388.6,,,Green River,R-8 zone,12.31,4.74,2.32,43.99,0.56,432,1.98,19,1.01,0.99,3.96,0.02,0.38,11.9,0.1,BRL,12,181,517,BRL,0.2,0.4,22.8,4,BRL,2.8,28,1.07,0.73,0.34,5.12,1.44,BRL,1,0.24,BRL,11.6,204,0.12,401,3,5.8,9.3,11,9,2.77,57.7,,0.6,BRL,BRL,1.7,2,1020,BRL,0.21,BRL,7.3,BRL,0.1,2.02,38,BRL,6.7,0.7,28,37,17.2,9.3,,11.1,,,3,29.8,,21.1,,,,1.3,5.2,,,,,,,,,,,
4,43-047-14005-OS00,39.8707,-109.1123,SKYLINE 16,UT CRC,"TC, TOC, HAWK, ICP, XRD",AGAT,E161206-058,395.9,,,Green River,R-8 zone,15.05,7.18,3.18,68.65,0.93,434,2.26,19.2,1.24,1.67,3.45,0.11,0.59,9.87,0.1,BRL,30,164,668,BRL,0.4,0.3,25.4,4.9,17,3,40,1.99,1.02,0.49,5.59,2.22,BRL,1,0.38,BRL,13.1,92,0.14,173,6,4,11.8,17,13,3.27,57.5,,1.1,BRL,BRL,2.4,1,1230,BRL,0.35,BRL,5.3,BRL,0.15,5.63,62,BRL,10.9,1,40,37.2,10.3,4.6,,20.2,,,2.4,30.4,,26.4,,,0.1,1.1,2.8,,,,,,,,,,,
4,43-047-14005-OS00,39.8707,-109.1123,SKYLINE 16,UT CRC,"TC, TOC, HAWK, ICP, XRD",AGAT,E161206-059,403.9,,,Green River,R-8 zone,9.69,3.53,1.58,30.34,0.6,431,3.88,13.5,2.35,3.38,4.34,0.03,0.69,15.4,0.17,BRL,8,490,502,BRL,0.4,0.3,39.8,8.4,28,5.7,49,1.63,0.99,0.57,9.43,2.21,BRL,1,0.33,BRL,18.9,198,0.15,394,6,6.5,14.9,22,17,4.29,99.6,,1.4,6,BRL,2.6,2,772,BRL,0.33,BRL,4.1,BRL,0.14,2.37,75,BRL,9.5,1,66,54.3,10.5,3.9,,28.3,,,8.5,13.2,,28.4,,,,1.3,4.7,,,,,,,,,,,
4,43-047-14005-OS00,39.8707,-109.1123,SKYLINE 16,UT CRC,"TC, TOC, HAWK, ICP, XRD",AGAT,E161206-060,411.2,,,Green River,R-8 zone,21.72,14.92,4.87,149.18,1.63,430,2.36,14.5,1.59,1.85,3.47,0.03,1.1,9.62,0.11,BRL,105,187,584,BRL,0.6,0.8,32.9,11.1,19,3.1,63,1.64,0.91,0.49,5.79,2.04,1,1,0.36,BRL,14.9,94,0.12,270,21,4.7,12.3,29,28,3.45,59.9,,1.9,BRL,BRL,2.4,2,980,BRL,0.32,BRL,5.7,BRL,0.14,6.45,69,BRL,9.9,1,50,35.1,10.3,3.9,,21.2,,,5.8,23.3,,29.1,,,0.2,1,2.8,,,,,,,,,,,
4,43-047-14005-OS00,39.8707,-109.1123,SKYLINE 16,UT CRC,"TC, TOC, HAWK, ICP, XRD",AGAT,E161206-061,412.7,,,Green River,R-8 zone,10.88,4.32,2.14,35.67,0.89,432,3.47,14,1.79,2.15,5.13,0.03,0.47,13.8,0.16,BRL,10,248,572,BRL,0.3,0.4,36.7,6.2,26,7,46,1.64,0.97,0.54,9.02,2.29,BRL,2,0.34,BRL,17.7,195,0.15,438,10,7.4,14.3,21,14,3.86,90.2,,1,5,BRL,2.6,1,956,BRL,0.32,BRL,5.7,BRL,0.13,3.92,69,BRL,9.8,0.8,57,56.8,10.7,9.3,,18.7,,,8.8,11.7,,34.3,,,,0.9,4.3,,,,,,,,,,,
4,43-047-14005-OS00,39.8707,-109.1123,SKYLINE 16,UT CRC,"TC, TOC, HAWK, ICP, XRD",AGAT,E161206-062,417.9,,,Green River,R-8 zone,11.82,4.42,2.06,37.32,1.07,437,2.57,17.3,1.62,1.55,4.43,0.03,0.71,12.4,0.11,BRL,23,156,525,BRL,0.3,0.3,27.9,5.4,18,2.5,40,1.58,0.89,0.5,6.56,1.91,BRL,1,0.31,BRL,15.3,92,0.14,323,24,4.9,12,23,11,3.4,51.9,,0.7,BRL,BRL,2.1,2,1130,BRL,0.27,BRL,4.5,BRL,0.14,6.03,61,BRL,8.9,0.9,42,41.3,7,11.8,,19.7,,,3.3,21.2,,31,,,,0.8,2.7,,,,,,,,,,,
4,43-047-14005-OS00,39.8707,-109.1123,SKYLINE 16,UT CRC,"TC, TOC, HAWK, ICP, XRD",AGAT,E161206-063,420,,,Green River,A-groove,9.18,3.32,2.44,26.5,0.83,426,4,12,2.19,3.33,4.27,0.03,0.81,15.4,0.17,BRL,21,385,478,BRL,0.4,0.7,45.9,8.2,29,5.1,52,2.3,1.28,0.63,10.3,3.1,BRL,2,0.44,BRL,21.6,152,0.2,307,6,7,17.9,20,19,4.98,91.8,,1.5,7,BRL,3.2,2,679,0.5,0.4,BRL,9,BRL,0.19,4.25,74,BRL,13.9,1.3,66,65.1,10.2,6.4,,30.1,,,8.9,8.9,,28.6,,,,0.4,4.8,,,,,,,,,,,
4,43-047-14005-OS00,39.8707,-109.1123,SKYLINE 16,UT CRC,"TC, TOC, HAWK, ICP, XRD",AGAT,E161206-064,422.1,,,Green River,A-groove,10.53,2.33,1.26,16.85,0.93,419,2.73,16.6,1.47,2.22,5.6,0.02,0.39,10.9,0.13,BRL,11,270,513,BRL,0.2,0.4,29.2,5.9,18,3.5,41,1.72,1.05,0.53,7.01,2.21,BRL,1,0.36,BRL,14.8,76,0.16,366,6,5.1,12.4,17,10,3.46,62.9,,0.5,5,BRL,2.4,BRL,1030,BRL,0.31,BRL,6.8,BRL,0.15,3.42,56,1,10.7,1.1,45,49.3,9.4,1.3,,21.2,,,5,14.6,,42.2,,,,1.1,3.3,,,,,,,,,,,
4,43-047-14005-OS00,39.8707,-109.1123,SKYLINE 16,UT CRC,"TC, TOC, HAWK, ICP, XRD",AGAT,E161206-065,425.2,,,Green River,A-groove,8.27,2.14,0.93,14.85,0.75,422,4.23,10.4,2.15,3.31,5.57,0.03,0.31,15.9,0.2,BRL,6,459,458,BRL,0.3,0.4,51.3,6.9,32,6.9,50,2.53,1.43,0.76,10.7,3.31,BRL,3,0.49,BRL,25,103,0.24,372,4,8.2,22.1,20,12,6.29,84.2,,0.8,8,BRL,3.7,2,682,0.6,0.45,BRL,12.7,BRL,0.2,4.31,83,1,14.3,1.5,66,87.2,10.3,4.3,,26.6,,,11.4,0.3,,40.2,,,,0.4,5.5,,,,,,,,,,,
4,43-047-14005-OS00,39.8707,-109.1123,SKYLINE 16,UT CRC,"TC, TOC, HAWK, ICP, XRD",AGAT,E161206-066,429.5,,,Green River,A-groove,6.26,2.74,1.44,21.52,0.78,435,5.71,5.81,2.99,6.11,3.49,0.02,0.93,21,0.25,BRL,23,746,335,BRL,0.5,0.4,48.2,10.2,36,5.3,46,1.82,1.09,0.64,14.4,2.5,BRL,2,0.35,BRL,25.8,185,0.19,328,14,10.5,18.5,29,24,5.52,128,,2.2,7,BRL,3,2,460,0.7,0.33,BRL,4.3,0.6,0.16,2.28,91,1,10.5,1.2,85,87.1,9.8,2.9,,47.2,,,12.3,,,19.4,,,,0.3,6.9,,,,,,,,,,,
4,43-047-14005-OS00,39.8707,-109.1123,SKYLINE 16,UT CRC,"TC, TOC, HAWK, ICP, XRD",AGAT,E161206-067,431.5,,,Green River,Mahogany zone,12.17,5.02,1.47,47.04,0.88,440,2.9,13,1.62,2.18,7.22,0.02,0.29,11.6,0.14,BRL,22,243,436,BRL,0.2,0.3,31.8,5.1,16,3.8,48,1.77,1.14,0.47,7.6,2.08,BRL,2,0.38,BRL,16.3,248,0.19,246,31,6,13.3,13,11,3.74,85,,1.6,6,BRL,2.4,BRL,900,BRL,0.3,BRL,7.1,BRL,0.18,3.34,80,BRL,11.3,1.3,45,50.2,8.6,9.3,,18.4,,,1.9,0.2,,54.2,,,,1.1,5.1,,,,,,,,,,,
4,43-047-14005-OS00,39.8707,-109.1123,SKYLINE 16,UT CRC,"TC, TOC, HAWK, ICP, XRD",AGAT,E161206-068,437.9,,,Green River,Mahogany zone,15.89,13.18,3.68,137.14,1.16,435,4.65,4.78,2.62,1,2.05,0.04,1.28,17,0.2,BRL,52,183,429,BRL,1,1.1,54.7,14.1,35,4.4,64,2.14,1.13,0.8,11.3,3.08,1,3,0.39,BRL,31.5,190,0.14,250,50,9.2,21.9,32,38,6.41,59.6,,2.7,5,BRL,3.6,3,439,BRL,0.42,BRL,6.5,0.6,0.16,4.82,113,BRL,11.6,1.1,71,75.6,8.5,46.6,,15.1,,,7.8,2.3,,15.2,,,0.2,,3.7,,,,,,,,,,,
4,43-047-14005-OS00,39.8707,-109.1123,SKYLINE 16,UT CRC,"TC, TOC, HAWK, ICP, XRD",AGAT,E161206-069,444.9,,,Green River,Mahogany zone,17,11.04,2.47,113.15,1.39,445,2.87,12.2,1.38,1.29,2.52,0.03,0.55,10.7,0.13,BRL,32,153,553,BRL,0.3,0.6,31.5,6.7,21,4.7,36,1.68,0.98,0.52,7.19,2.31,BRL,1,0.39,BRL,15.5,149,0.15,253,10,5.2,13.4,19,14,3.76,61.2,,1.4,BRL,BRL,2.5,2,931,BRL,0.33,BRL,5.6,BRL,0.15,3.42,60,BRL,10.7,1,49,43.8,7.7,9.7,,34.1,,,15.5,13,,15.6,,,0.1,,3.9,,,,,,,,,,,
4,43-047-14005-OS00,39.8707,-109.1123,SKYLINE 16,UT CRC,"TC, TOC, HAWK, ICP, XRD",AGAT,E161206-070,453.9,,,Green River,Mahogany zone,14.09,7.54,3.92,76.38,1.17,441,3.25,13.3,1.76,1.4,3.44,0.03,0.48,12.3,0.14,BRL,9,148,486,BRL,0.5,0.5,40.9,6.4,24,3.5,47,2.12,1.23,0.62,8.61,2.64,BRL,1,0.47,BRL,19.4,138,0.18,339,15,6.3,15.5,18,19,4.46,67.6,,1.4,5,BRL,3,BRL,845,BRL,0.41,BRL,5.9,BRL,0.17,4.31,82,1,13.3,1.2,52,53,8.6,25.4,,13.9,,,2.3,14.5,,29.7,,,,0.5,3,,,,,,,,,,,
4,43-047-14005-OS00,39.8707,-109.1123,SKYLINE 16,UT CRC,"TC, TOC, HAWK, ICP, XRD",AGAT,E161206-071,463.9,,,Green River,Mahogany zone,31.07,26.57,10.74,270.79,2.2,441,2.58,5.94,1.57,1.2,3.31,0.02,0.67,10.3,0.12,BRL,57,194,231,BRL,0.8,0.9,27,8.7,19,3.4,55,1.1,0.67,0.33,6.36,1.56,2,1,0.23,BRL,14.7,135,0.11,185,36,5.3,10,29,38,3.02,65.9,,3.2,BRL,BRL,1.7,BRL,490,BRL,0.21,BRL,2.9,BRL,0.1,1.81,116,1,6.7,0.7,56,49.4,13.7,26.6,,12.1,,,4,0.6,,37.3,,,0.2,0.5,5,,,,,,,,,,,
4,43-047-14005-OS00,39.8707,-109.1123,SKYLINE 16,UT CRC,"TC, TOC, HAWK, ICP, XRD",AGAT,E161206-072,468.1,,,Green River,Mahogany zone,16.28,8.14,4.37,72.3,1.63,434,1.81,19.9,0.91,0.82,3.91,0.03,0.49,8.85,0.08,BRL,6,146,605,BRL,0.2,0.3,19.5,4.5,15,1.7,32,0.9,0.54,0.28,4.51,1.35,BRL,BRL,0.22,BRL,9.2,123,0.08,322,7,3.1,7.5,13,8,2.18,43.1,,0.9,BRL,BRL,1.4,BRL,1410,BRL,0.17,BRL,3.2,BRL,0.09,3.07,50,1,5.9,0.6,28,32.3,9.7,13.5,,11.3,,,1.1,29.4,,30,,,,0.5,2,,,,,,,,,,,
4,43-047-14005-OS00,39.8707,-109.1123,SKYLINE 16,UT CRC,"TC, TOC, HAWK, ICP, XRD",AGAT,E161206-073,472.1,,,Green River,Mahogany zone,33.79,29.18,4.49,125.75,1.02,428,2.57,5.8,2.17,1.08,2.31,0.04,1.98,9.9,0.11,BRL,122,132,389,BRL,1.1,1.5,34.9,15.4,22,3.1,87,1.47,0.97,0.47,6.23,1.97,1,1,0.3,BRL,17.2,52,0.13,241,45,4.1,11.9,42,55,3.53,52.4,,3.5,BRL,BRL,2,BRL,436,BRL,0.26,0.6,6.2,0.5,0.14,8.48,109,1,9.5,0.8,69,34,15.5,17.4,,13.6,,,13.5,3.8,,29.9,,,1.2,,4.6,,,,,,,,,,,
4,43-047-14005-OS00,39.8707,-109.1123,SKYLINE 16,UT CRC,"TC, TOC, HAWK, ICP, XRD",AGAT,E161206-074,477.9,,,Green River,Mahogany zone,11.79,4.44,3.1,35.83,1.53,430,2.86,15.2,1.51,1.18,5.89,0.03,0.41,12.6,0.12,BRL,BRL,179,554,BRL,0.2,0.4,26.9,5.1,19,4.5,46,1.42,0.85,0.41,7.16,1.76,BRL,1,0.28,BRL,14.6,119,0.12,318,9,4.9,11,17,10,3.16,64,,0.9,5,BRL,2,2,1120,BRL,0.25,BRL,4.1,BRL,0.11,3.71,87,1,8.3,0.8,49,48.3,13.2,9.1,,11.4,,,10.9,8.7,,41.1,,,,0.5,3.3,,,,,,,,,,,
4,43-047-14005-OS00,39.8707,-109.1123,SKYLINE 16,UT CRC,"TC, TOC, HAWK, ICP, XRD",AGAT,E161206-075,485.8,,,Green River,Mahogany zone,21.17,13.71,4.67,145.52,1.24,448,1.89,16.6,1.1,0.63,2.47,0.11,0.78,7.61,0.08,BRL,22,75,526,BRL,0.2,0.5,19.3,4.1,13,2.7,33,1.09,0.72,0.31,4.46,1.37,BRL,BRL,0.24,BRL,10.3,55,0.11,184,24,3,8.4,13,12,2.32,35.8,,0.9,BRL,BRL,1.5,BRL,1150,BRL,0.22,BRL,3.8,BRL,0.12,3.92,54,BRL,7.2,0.7,39,31.3,7.6,13.8,,10.1,,,6,30.1,,28.5,,,0.2,0.1,2,,,,,0.2,,,,,,
4,43-047-14005-OS00,39.8707,-109.1123,SKYLINE 16,UT CRC,"TC, TOC, HAWK, ICP, XRD",AGAT,E161206-076,493.7,,,Green River,Mahogany zone,28.52,23.76,8.04,238.68,2.04,423,2.46,9.33,1.85,1.41,2.58,0.05,1.65,9.39,0.11,BRL,214,141,526,BRL,0.9,1.1,32.3,9.5,20,3.8,62,1.44,0.88,0.42,5.79,1.87,1,1,0.3,BRL,16,157,0.12,189,49,4.4,12.7,31,38,3.73,61.8,,2.1,BRL,BRL,2.2,1,765,0.5,0.27,0.8,5.8,0.7,0.12,5.78,72,BRL,8.2,0.8,60,39.3,8.6,8.3,,23,,,14.4,13.3,,25.6,,,0.6,0.4,4.1,,,,,,,,,,,
4,43-047-14005-OS00,39.8707,-109.1123,SKYLINE 16,UT CRC,"TC, TOC, HAWK, ICP, XRD",AGAT,E161206-077,496.3,,,Green River,Mahogany zone,10.17,2.38,1.31,16.53,0.92,422,2.91,15.7,1.58,1.85,5.17,0.03,0.5,11.4,0.13,BRL,9,174,648,BRL,0.2,0.3,32.1,5.1,23,3.5,41,1.97,1.29,0.54,7.81,2.55,BRL,1,0.43,BRL,17,84,0.18,271,8,5.4,13.8,18,11,3.83,68.3,,0.8,6,BRL,2.7,1,1120,0.5,0.33,0.6,5.6,BRL,0.19,3.61,67,BRL,11.9,1.2,46,47.3,9.9,4.8,,19.3,,,9.6,13,,38.7,,,,0.4,3.2,,,,,,,,,,,
4,43-047-14005-OS00,39.8707,-109.1123,SKYLINE 16,UT CRC,"TC, TOC, HAWK, ICP, XRD",AGAT,E161206-078,503.8,,,Green River,Mahogany zone,7.64,3.01,1.15,25.55,0.8,434,5.2,9.16,2.6,5.11,3.38,0.04,1.56,17.7,0.21,BRL,27,273,732,BRL,0.6,0.7,59.9,9,43,3,54,3.29,1.86,0.97,13.1,4.22,BRL,2,0.66,BRL,30.2,58,0.25,384,15,8.7,26.1,23,22,7.34,109,,1.5,7,BRL,4.7,2,705,0.8,0.59,BRL,8.4,0.7,0.27,6.4,96,1,18.4,1.7,87,70,4.9,7.8,,44.4,,,8.4,3.6,,23.5,,,0.4,,4.2,,,,,,,,,,,
4,43-047-14005-OS00,39.8707,-109.1123,SKYLINE 16,UT CRC,"TC, TOC, HAWK, ICP, XRD",AGAT,E161206-079,508.1,,,Green River,Mahogany zone,9.96,1.12,0.47,6.9,0.58,425,2.3,14.8,1.61,1.26,8.11,0.02,0.31,10.3,0.1,BRL,8,127,673,BRL,0.1,BRL,28.9,3.9,12,3.3,41,1.48,0.84,0.42,6.22,1.79,BRL,1,0.29,BRL,14.4,144,0.11,186,6,4.4,11.7,12,6,3.22,57.5,,0.4,BRL,BRL,2.1,2,1390,0.5,0.28,BRL,6.1,BRL,0.1,4.77,58,BRL,8.4,0.7,33,40.3,10.3,3,,14.2,,,10.7,1.3,,55.4,,,,0.5,3.9,,,,,,,,,,,
4,43-047-14005-OS00,39.8707,-109.1123,SKYLINE 16,UT CRC,"TC, TOC, HAWK, ICP, XRD",AGAT,E161206-080,510.6,,,Green River,Mahogany zone,15.16,8.99,3.06,89.27,1.01,437,2.49,13.2,1.1,1.93,3.61,0.02,0.4,11.1,0.11,BRL,20,156,538,BRL,0.3,0.4,27.3,5.3,14,3.1,34,1.42,0.77,0.41,6.59,1.71,BRL,1,0.27,BRL,13.5,284,0.12,103,17,5.3,11.1,17,14,3.13,83.3,,0.9,BRL,BRL,1.9,BRL,857,BRL,0.25,BRL,7,0.6,0.1,4.02,45,BRL,8.2,0.8,39,42.7,12.5,,,25,,,11.5,16.6,,28.6,,,0.1,0.8,3.8,,,,,,,,,,,
4,43-047-14005-OS00,39.8707,-109.1123,SKYLINE 16,UT CRC,"TC, TOC, HAWK, ICP, XRD",AGAT,E161206-081,515.7,,,Green River,Mahogany zone,8.68,1.61,0.65,11.88,0.69,425,3.27,12.3,1.76,2.08,6.45,0.03,0.25,14.7,0.18,BRL,28,161,585,BRL,0.2,0.4,35.4,5.5,20,5.3,40,1.98,1.19,0.65,8.66,2.53,BRL,2,0.42,BRL,17.7,322,0.17,323,6,7.2,15.7,14,9,4.26,101,,0.6,6,BRL,2.7,1,1280,0.5,0.36,BRL,6,BRL,0.18,3.64,65,BRL,11.8,1.2,54,79.9,14.1,4.2,,17.7,,,12.5,0.4,,44.5,,,,0.6,5.3,,,,,,,,,,,
4,43-047-14005-OS00,39.8707,-109.1123,SKYLINE 16,UT CRC,"TC, TOC, HAWK, ICP, XRD",AGAT,E161206-082,521.5,,,Green River,B-groove,8.78,4.85,1.13,46.96,1.08,439,5.61,9.32,3.02,3.43,2.32,0.05,1.49,17.2,0.24,BRL,26,214,700,BRL,0.7,0.6,56.7,9,43,8.5,53,3.11,1.74,0.85,15.5,3.93,BRL,2,0.62,BRL,28.3,180,0.25,336,12,10,23.7,31,30,6.64,104,,2,6,BRL,4.3,2,647,0.9,0.56,BRL,8.5,0.6,0.24,6.41,103,1,17.8,1.7,87,71.9,8,8.7,,30.6,,,24.6,7.8,,13.2,,,0.1,,6,,,,,,,,,,,
4,43-047-14005-OS00,39.8707,-109.1123,SKYLINE 16,UT CRC,"TC, TOC, HAWK, ICP, XRD",AGAT,E161206-083,529.9,,,Green River,B-groove,9.55,2.45,8.14,15.55,0.92,420,4.32,12.3,3.92,3.01,4.24,0.03,0.25,13.3,0.2,BRL,13,248,591,BRL,0.4,0.5,60.5,6.5,40,5.5,50,4.11,2.54,0.89,11.4,4.07,BRL,2,0.88,BRL,30,30,0.36,578,BRL,8.2,24,16,15,6.85,63,,0.6,16,BRL,4.4,1,649,0.7,0.67,BRL,9.1,BRL,0.35,7.41,177,1,23.7,2.4,62,53.9,5.7,3.1,,26,,,16.5,4,,38.9,,,,,3.7,,,,,,,,,,,
4,43-047-14005-OS00,39.8707,-109.1123,SKYLINE 16,UT CRC,"TC, TOC, HAWK, ICP, XRD",AGAT,E161206-084,533.4,,,Green River,B-groove,8.13,1.15,0.49,6.76,0.74,423,4,12.7,1.99,4.22,4.95,0.03,0.26,13,0.18,BRL,13,574,540,BRL,0.3,0.3,41.7,7,26,2.4,51,2.99,1.63,0.74,9.6,3.5,BRL,2,0.61,BRL,19.9,29,0.23,424,2,7.4,18.7,12,13,5.14,81.8,,0.6,11,BRL,3.7,BRL,739,0.6,0.51,BRL,9.3,BRL,0.23,4.91,124,1,16.4,1.5,63,65.8,5.8,1,,36.1,,,7.4,5.8,,38.2,,,,0.7,4.2,,,,,,,,,,,
4,43-047-14005-OS00,39.8707,-109.1123,SKYLINE 16,UT CRC,"TC, TOC, HAWK, ICP, XRD",AGAT,E161206-085,534.8,,,Green River,B-groove,5.7,0.52,0.11,1.97,0.54,429,4.97,10,2.7,5.16,3.35,0.03,0.92,16.3,0.23,BRL,9,562,515,BRL,0.4,0.4,55.2,11.9,38,3.2,47,2.65,1.59,0.76,12.9,3.46,BRL,2,0.58,BRL,27.7,42,0.25,413,8,9.6,22.6,30,15,6.28,103,,1.2,9,BRL,3.9,BRL,550,0.7,0.54,BRL,9,0.6,0.21,4.93,97,1,16.7,1.6,74,78,7.3,4.2,,43.6,,,6.4,7,,25.4,,,,0.3,5,,,,,,,,,,,
4,43-047-14005-OS00,39.8707,-109.1123,SKYLINE 16,UT CRC,"TC, TOC, HAWK, ICP, XRD",AGAT,E161206-086,541.7,,,Green River,B-groove,5.67,0.93,0.2,4.67,0.53,426,5.44,8.05,2.9,5.58,3.96,0.03,1.04,16.9,0.24,BRL,11,501,510,BRL,0.4,0.5,58.6,10.1,44,4.4,48,2.95,1.68,0.88,14.1,3.76,BRL,2,0.61,BRL,28.4,89,0.25,431,6,9.7,23.6,28,19,6.44,114,,1.3,8,BRL,3.9,1,475,0.8,0.55,BRL,9.7,0.6,0.25,4.12,97,1,16.9,1.7,86,81.4,7,3.2,,45.4,,,9.7,0.5,,27.2,,,,0.4,6,,,,,,,,,,,
4,43-047-14005-OS00,39.8707,-109.1123,SKYLINE 16,UT CRC,"TC, TOC, HAWK, ICP, XRD",AGAT,E161206-087,544.1,,,Green River,B-groove,9.2,1.17,0.35,6.95,0.72,431,3.02,13,1.69,2.86,6.79,0.03,0.31,11.2,0.14,BRL,8,330,597,BRL,0.2,0.3,34.9,5.7,20,3.6,47,2.08,1.2,0.57,8.49,2.64,BRL,2,0.44,BRL,18.8,158,0.18,276,4,5.6,16.2,14,12,4.46,84.1,,0.6,6,BRL,3.1,BRL,1100,BRL,0.38,BRL,8.4,BRL,0.18,5.7,74,BRL,12.3,1.2,49,51.3,7.7,0.7,,25.8,,,9.2,1.1,,48.9,,,,0.6,4.8,,,,,,,,,,,
4,43-047-14005-OS00,39.8707,-109.1123,SKYLINE 16,UT CRC,"TC, TOC, HAWK, ICP, XRD",AGAT,E161206-088,549.3,,,Green River,R-6 zone,8.76,3.3,1.56,29.05,0.74,439,4.76,10.8,2.92,4.33,3.25,0.03,1.96,14.6,0.2,BRL,17,270,664,BRL,0.5,0.5,56.3,8.6,39,5.6,50,2.75,1.49,0.78,12.1,3.62,BRL,2,0.54,BRL,29.2,89,0.21,300,13,8.3,24.1,22,20,6.88,94.2,,1.3,8,BRL,4.1,3,751,0.7,0.51,BRL,6.9,1.1,0.2,3.61,89,1,15.1,1.4,74,56.5,6.9,4.5,,39.3,,,9.5,9.7,,22.5,,,1,,4.6,,,,,,,,,,,
4,43-047-14005-OS00,39.8707,-109.1123,SKYLINE 16,UT CRC,"TC, TOC, HAWK, ICP, XRD",AGAT,E161206-089,557.1,,,Green River,R-6 zone,16.09,10.66,1.7,116.24,1.2,445,3.28,9.46,1.54,3.36,3.08,0.06,1.11,12.1,0.15,BRL,BRL,335,656,BRL,0.6,0.5,33.5,7.2,22,3.1,52,1.8,1.03,0.54,8.3,2.3,BRL,2,0.35,BRL,17.6,172,0.13,208,17,6.4,14.4,15,22,4.04,90,,0.8,BRL,BRL,2.5,BRL,786,0.5,0.28,BRL,7.3,BRL,0.16,4.47,69,BRL,10,1,59,57,10.7,0.6,,39,,,9.8,8.3,,24.3,,,0.6,0.6,4.7,,,,,,,,,,,
4,43-047-14005-OS00,39.8707,-109.1123,SKYLINE 16,UT CRC,"TC, TOC, HAWK, ICP, XRD",AGAT,E161206-090,565.9,,,Green River,R-6 zone,10.81,2.45,0.67,21.03,0.81,436,2.42,16,1.45,1.93,5.87,0.03,0.35,10.4,0.11,BRL,7,176,675,BRL,0.1,0.3,26.9,4,16,3.5,37,1.58,0.92,0.49,6.67,1.83,BRL,1,0.33,BRL,13.5,274,0.12,157,11,4.9,11.4,15,9,3.26,82.3,,0.2,BRL,BRL,2.1,BRL,1260,BRL,0.26,BRL,5,BRL,0.13,4.46,57,BRL,8.7,0.9,35,51.8,10,0.5,,17.8,,,8.7,12.4,,44.4,,,,1.1,3.5,,,,,,,,,,,
4,43-047-14005-OS00,39.8707,-109.1123,SKYLINE 16,UT CRC,"TC, TOC, HAWK, ICP, XRD",AGAT,E161206-091,573.9,,,Green River,R-6 zone,13.57,5.2,1.26,51.6,1.26,440,2.15,18.3,0.97,1.88,4.31,0.19,0.62,8.4,0.1,BRL,9,145,926,BRL,0.2,0.3,25.2,4.7,17,2.1,34,1.57,1.14,0.44,5.82,2.09,BRL,1,0.32,BRL,13.9,102,0.14,135,13,4.2,12.2,19,9,3.37,57.1,,0.2,BRL,BRL,2.3,BRL,1830,BRL,0.28,BRL,6.5,BRL,0.15,5.86,43,BRL,9.7,0.9,32,35.5,7.3,,,21.1,,,10.1,23.2,,32.8,,,0.2,0.7,2.2,,,,,0.7,,,,,,
4,43-047-14005-OS00,39.8707,-109.1123,SKYLINE 16,UT CRC,"TC, TOC, HAWK, ICP, XRD",AGAT,E161206-092,583.4,,,Green River,R-6 zone,27.13,20.74,6.21,206.48,2.43,433,2.24,12,1.28,0.8,4.86,0.3,0.8,7.2,0.11,BRL,21,88,739,BRL,0.6,0.6,24.2,8.1,13,3.3,51,1.37,0.91,0.41,5.11,1.56,1,BRL,0.28,BRL,13.3,109,0.17,88,23,4.4,10.8,19,26,3.16,48.4,,0.6,BRL,BRL,1.9,BRL,1300,BRL,0.23,0.5,4.8,BRL,0.15,6.66,66,BRL,8.2,1.1,44,33.6,3.9,1.8,,8.5,,,20.6,6.3,,50.6,,,0.8,1,3.4,,,,,0.8,,,,,,
4,43-047-14005-OS00,39.8707,-109.1123,SKYLINE 16,UT CRC,"TC, TOC, HAWK, ICP, XRD",AGAT,E161206-093,587.2,,,Green River,R-6 zone,10.48,3.61,1.45,29.73,1.02,433,3.25,12.4,1.44,2.3,5.84,0.03,0.75,12.2,0.16,BRL,BRL,160,710,BRL,0.2,0.4,28.9,5.4,21,3.7,41,1.63,1.02,0.48,8.68,2.04,BRL,2,0.32,BRL,16,187,0.15,210,13,7,13,16,11,3.77,86.2,,0.4,BRL,BRL,2.3,BRL,1030,0.6,0.28,BRL,4.9,BRL,0.14,3.7,70,BRL,9.6,1,55,56.4,9.6,1,,22,,,12.3,3.9,,43.5,,,0.3,0.9,4.8,,,,,,,,,,,
4,43-047-14005-OS00,39.8707,-109.1123,SKYLINE 16,UT CRC,"TC, TOC, HAWK, ICP, XRD",AGAT,E161206-094,591.7,,,Green River,R-6 zone,7.45,3.36,0.86,30.36,0.65,442,5.23,6.68,2.59,1.87,4.12,0.03,1.2,18,0.2,BRL,6,184,514,BRL,0.6,0.6,48.4,9.4,41,7.2,65,2.28,1.31,0.73,13.5,3.22,1,2,0.45,BRL,25.1,255,0.18,293,16,8.4,21.6,25,27,5.98,113,,0.9,7,BRL,3.7,BRL,613,0.8,0.45,BRL,6.3,0.6,0.19,3.7,128,1,13.1,1.2,86,70.4,10.7,1.2,,23.4,,,30.3,0.1,,23,,,0.8,0.1,8,,,,,,,,,,,
4,43-047-14005-OS00,39.8707,-109.1123,SKYLINE 16,UT CRC,"TC, TOC, HAWK, ICP, XRD",AGAT,E161206-095,596.7,,,Green River,R-6 zone,7.04,0.62,0.17,3.36,0.54,435,2.66,10.7,1.18,1.13,6.04,0.02,0.3,17.9,0.14,BRL,7,65,442,BRL,BRL,0.3,29.4,3.2,11,2.1,34,1.88,1.13,0.49,6.46,2.33,BRL,2,0.38,BRL,14,74,0.16,224,3,5.5,13,12,5,3.57,45.4,,0.3,BRL,BRL,2.4,BRL,649,0.5,0.34,BRL,4.1,BRL,0.17,2.82,43,BRL,11.1,1.1,28,83.3,24.1,7.8,,13.9,,,10.3,0.5,,39.3,,,0.1,0.1,3.8,,,,,,,,,,,
4,43-047-14005-OS00,39.8707,-109.1123,SKYLINE 16,UT CRC,"TC, TOC, HAWK, ICP, XRD",AGAT,E161206-096,600.6,,,Green River,R-6 zone,11.18,5.37,1.09,50.85,0.68,442,3.62,12.5,1.48,1.75,3.87,0.06,0.72,14.3,0.16,BRL,27,120,572,BRL,0.2,0.5,31,5.4,29,4.3,32,1.87,1.16,0.57,8.66,2.43,1,2,0.36,BRL,17,206,0.18,286,14,6.3,14.4,23,12,4.14,78.8,,0.9,5,BRL,2.5,BRL,679,0.6,0.34,BRL,5.1,0.6,0.16,5.19,81,BRL,10.6,1,56,64.9,,1.9,,46.5,,,10.2,11.8,,23.2,,,0.3,1,5.1,,,,,,,,,,,
4,43-047-14005-OS00,39.8707,-109.1123,SKYLINE 16,UT CRC,"TC, TOC, HAWK, ICP, XRD",AGAT,E161206-097,606.7,,,Green River,R-6 zone,2.99,0.86,0.05,2.97,0.75,440,7.44,4.5,4.05,3.19,1.71,0.07,1.5,20.8,0.35,BRL,10,133,579,BRL,0.5,0.5,89.9,13.7,53,7.3,51,4.63,2.54,1.33,19,6.25,1,3,0.92,BRL,46.2,29,0.37,565,7,13.3,37.8,39,25,10.8,102,,1.4,11,BRL,6.8,2,258,1.1,0.8,BRL,13.5,0.7,0.35,5.15,106,2,25.5,2.5,112,110,1.9,13.3,,29.5,,,33.4,2.8,,11.6,,,,0.5,6.2,,,,,,,,,,,
4,43-047-14005-OS00,39.8707,-109.1123,SKYLINE 16,UT CRC,"TC, TOC, HAWK, ICP, XRD",AGAT,E161206-098,608.5,,,Green River,R-6 zone,3.98,0.79,0.17,3.1,0.65,432,7.26,5.35,4.26,3.41,2.31,0.06,0.52,19.7,0.32,BRL,11,142,589,BRL,0.5,0.5,86.6,12.9,55,7.2,49,4.7,2.85,1.28,18.4,6.18,1,2,0.97,BRL,44.2,37,0.42,528,4,12.5,36.7,32,25,10.7,102,,1.5,17,BRL,6.3,2,338,1,0.84,BRL,12.8,0.6,0.42,4.89,121,2,27.9,2.8,111,84.2,6.9,8.1,,26.5,,,31.4,0.9,,16,,,0.1,,7.2,,,,,0.4,,,,,,
4,43-047-14005-OS00,39.8707,-109.1123,SKYLINE 16,UT CRC,"TC, TOC, HAWK, ICP, XRD",AGAT,E161206-099,611.7,,,Green River,R-6 zone,2.2,,,,,,7.4,3.73,3.74,2.64,1.32,0.09,0.27,23.9,0.4,BRL,26,113,606,BRL,0.4,0.4,90.9,13.7,53,7.5,44,4.86,2.8,1.4,19.1,6.18,1,6,0.99,BRL,43.1,34,0.41,697,BRL,15,36.6,34,19,10.8,104,,0.9,10,BRL,7.1,1,194,1.3,0.91,BRL,12.8,0.6,0.4,3.18,88,2,27.3,2.6,103,202,9.8,21.6,,27.7,,,24.5,3.6,,3.3,,,,,5.6,,,,,0.8,,,,,,
4,43-047-14005-OS00,39.8707,-109.1123,SKYLINE 16,UT CRC,"TC, TOC, HAWK, ICP, XRD",AGAT,E161206-100,617.9,,,Green River,R-6 zone,2.99,0.52,0.08,1.23,0.75,432,7.73,5.01,4.18,2.96,1.44,0.09,0.6,20.5,0.36,BRL,17,146,555,BRL,0.5,0.4,84.6,13.1,59,8.6,50,4.89,2.69,1.35,19.7,6.06,1,3,0.94,BRL,46,67,0.35,562,3,14.2,38.5,32,21,10.8,113,,1.2,10,BRL,6.7,2,190,1.1,0.87,0.5,13.7,0.7,0.36,3.08,106,2,27.6,2.5,113,96.7,7.7,13.7,,21.5,,,33,6.6,,4,,,,,7.6,,,,,1,,,,,,
4,43-047-14005-OS00,39.8707,-109.1123,SKYLINE 16,UT CRC,"TC, TOC, HAWK, ICP, XRD",AGAT,E161206-101,622.2,,,Green River,R-6 zone,6.11,0.7,0.19,3.41,0.63,429,4.41,9.74,2.32,2.31,4.11,0.04,0.19,17.4,0.24,BRL,9,127,525,BRL,0.2,0.3,53.2,8.4,34,3.7,41,3.36,1.95,0.89,12.7,3.79,BRL,4,0.69,BRL,24.6,43,0.31,399,BRL,11.1,24.5,20,11,6.83,87.1,,1.5,11,BRL,4.6,2,519,1,0.56,BRL,8.3,BRL,0.31,4.25,77,1,20,2,67,123,12.6,9.9,,19.8,,,15.9,4.1,,31.9,,,,,5.2,,,,,,,,,,,
4,43-047-14005-OS00,39.8707,-109.1123,SKYLINE 16,UT CRC,"TC, TOC, HAWK, ICP, XRD",AGAT,E161206-102,628.1,,,Green River,R-6 zone,7.91,4.56,1.7,41.67,0.59,434,5.79,6.42,2.44,2.6,2.28,0.04,0.38,19.7,0.24,BRL,16,128,519,BRL,0.6,0.5,67.2,10.7,46,5.5,54,3.49,2.01,0.97,16.5,4.46,BRL,3,0.62,BRL,31.8,68,0.26,410,13,10.5,29.9,27,26,8.46,102,,2.1,8,BRL,5.2,2,387,0.8,0.6,BRL,9.5,BRL,0.26,6.43,109,1,20.1,1.7,88,91.5,13.2,3.8,,27.9,,,31.1,2.4,,15,,,0.1,,5.5,,,,,,,,,,,
4,43-047-14005-OS00,39.8707,-109.1123,SKYLINE 16,UT CRC,"TC, TOC, HAWK, ICP, XRD",AGAT,E161206-103,631.2,,,Green River,R-6 zone,8.59,1.29,0.47,7.82,0.68,432,3.43,12.3,1.79,1.84,6.3,0.03,0.24,13.2,0.17,BRL,BRL,93,482,BRL,0.2,0.3,41,5.2,21,3.1,41,2.71,1.49,0.7,9.99,3.06,BRL,2,0.55,BRL,19.1,57,0.22,366,4,7.7,19.2,12,10,5.18,75.9,,1.8,6,BRL,3.5,2,668,0.8,0.45,BRL,8.4,BRL,0.24,3.87,66,1,15.8,1.4,51,65,12.2,2.3,,16.3,,,15.8,0.4,,47.3,,,,0.4,4.5,,,,,,,,,,,
4,43-047-14005-OS00,39.8707,-109.1123,SKYLINE 16,UT CRC,"TC, TOC, HAWK, ICP, XRD",AGAT,E161206-104,632.4,,,Green River,R-6 zone,17.83,11.87,2.59,103.98,1.13,429,3.28,8.95,1.69,1.25,5.9,0.02,0.29,12,0.14,BRL,10,138,427,BRL,0.5,0.8,36.9,10.9,22,4.2,57,1.92,1.11,0.59,9.46,2.45,BRL,1,0.39,BRL,18,334,0.18,227,13,6.4,15.6,19,25,4.63,82.3,,2.2,6,BRL,3,1,711,0.7,0.36,BRL,4.7,BRL,0.17,3.09,87,BRL,11.6,1.2,62,53.1,11.1,,,12.7,,,21.2,,,45.7,,,,1.2,8.2,,,,,,,,,,,
5,43-047-14005-OS00,39.8707,-109.1123,SKYLINE 16,UT CRC,"TC, TOC, HAWK, ICP, XRD",AGAT,E161206-105,636.8,,,Green River,R-6 zone,11.01,0.79,0.34,5.3,0.55,435,1.36,16.2,0.74,0.96,9.37,0.01,0.3,7.51,0.06,1,BRL,73,482,BRL,BRL,0.3,15.9,2.7,BRL,1,40,1.03,0.63,0.32,4.64,1.12,BRL,BRL,0.21,BRL,7.8,42,0.08,151,4,3.3,7.4,9,BRL,2.06,31.7,,1.1,BRL,BRL,1.5,BRL,1340,0.5,0.16,BRL,2.5,BRL,0.1,2.44,48,BRL,6,0.6,14,34.4,9.9,1.6,,10.2,,,9.1,,,66.1,,,,0.6,2.5,,,,,0.1,,,,,,
5,43-047-14005-OS00,39.8707,-109.1123,SKYLINE 16,UT CRC,"TC, TOC, HAWK, ICP, XRD",AGAT,E161206-106,637.8,,,Green River,R-6 zone,17.88,13.45,2.95,133.64,1.05,438,3.52,6.86,1.49,1.53,6.03,0.03,0.28,14.9,0.15,BRL,15,205,514,BRL,0.6,0.7,32.5,9.8,23,4,60,1.56,0.92,0.57,9.35,2.14,BRL,1,0.32,BRL,16.6,679,0.14,196,13,7,14.2,23,22,4.12,99.3,,2.1,BRL,BRL,2.7,BRL,719,0.6,0.3,BRL,4.4,0.6,0.12,3.26,88,2,9.4,0.8,67,58.7,14,1.5,,14.4,,,16.9,,,39.4,,,,2.1,11.3,,,,,,,,,,,
5,43-047-14005-OS00,39.8707,-109.1123,SKYLINE 16,UT CRC,"TC, TOC, HAWK, ICP, XRD",AGAT,E161206-107,644.8,,,Green River,R-6 zone,4.51,2.12,0.49,14.82,0.67,433,7.14,4.33,3.96,3.93,2.4,0.04,2.88,20.7,0.28,BRL,172,168,497,BRL,0.4,0.4,63,13.6,60,6.5,55,3.43,1.97,1.04,19.3,4.24,BRL,3,0.68,BRL,33.7,104,0.3,308,13,11,29.2,34,18,8.51,134,,2.6,9,BRL,5,3,238,0.9,0.62,BRL,10,1.4,0.29,5.47,153,2,19.9,1.7,113,88.6,,5.3,,42,,,25.8,0.9,,13.1,,,2.7,1,7.3,,,,,,,,,,,
5,43-047-14005-OS00,39.8707,-109.1123,SKYLINE 16,UT CRC,"TC, TOC, HAWK, ICP, XRD",AGAT,E161206-108,651.1,,,Green River,R-6 zone,11.3,,,,,,0.83,20.2,2.01,0.29,7.43,0.02,0.38,4.53,0.04,BRL,BRL,21,627,BRL,BRL,BRL,19,10.3,BRL,0.5,32,1.77,1.25,0.42,3.67,1.89,BRL,2,0.4,BRL,9.3,BRL,0.16,264,BRL,1.9,9.4,BRL,7,2.55,9.5,,0.9,7,BRL,1.9,2,1180,BRL,0.27,BRL,3.8,BRL,0.18,2.56,72,BRL,11.2,1,12,52.8,3.7,1.1,,9.8,,,7.5,12.6,,60.9,,,0.1,1.1,0.9,,,,,,,,,,,
5,43-047-14005-OS00,39.8707,-109.1123,SKYLINE 16,UT CRC,"TC, TOC, HAWK, ICP, XRD",AGAT,E161206-109,659.9,,,Green River,R-6 zone,4.03,1.61,0.26,9.15,0.8,437,7.88,3.13,3.76,2.56,2.13,0.06,0.32,21.5,0.31,BRL,9,117,457,BRL,0.5,0.8,70.9,13.9,75,7.7,49,3.99,2.24,1.08,22.1,4.93,BRL,3,0.79,BRL,36,59,0.33,305,8,12.5,30.9,31,26,9.03,105,,2,12,BRL,5.6,4,234,1.1,0.73,0.5,10.1,0.6,0.33,4.9,154,2,22.5,2.2,120,89.6,8.6,3.3,,20.7,,,45.7,,,8.5,,,,,8.2,,,,,1,,,,,,
5,43-047-14005-OS00,39.8707,-109.1123,SKYLINE 16,UT CRC,"TC, TOC, HAWK, ICP, XRD",AGAT,E161206-110,665.7,,,Green River,R-6 zone,9.01,5.75,1.08,55.22,0.83,443,6.64,5.2,2.96,2.92,2.77,0.04,0.39,18.6,0.26,BRL,9,145,498,BRL,0.7,0.7,53.4,11.9,57,7.3,65,2.98,1.74,0.96,18.2,3.75,BRL,3,0.6,BRL,28.1,89,0.24,343,17,10.7,24.6,29,26,7.01,121,,2.4,10,BRL,4.1,4,295,0.9,0.55,BRL,9.2,0.7,0.26,5.85,154,2,17.4,1.7,107,85.9,8.3,1.4,,26.5,,,34,,,19.9,,,0.1,,8.6,,,,,,,,,,,
5,43-047-14005-OS00,39.8707,-109.1123,SKYLINE 16,UT CRC,"TC, TOC, HAWK, ICP, XRD",AGAT,E161206-111,668.7,,,Green River,R-6 zone,7.53,0.91,0.24,5.13,0.64,436,4.08,12.8,2.96,1.81,4.13,0.04,0.25,13.7,0.18,BRL,13,95,621,BRL,0.2,0.5,39.9,6.6,29,4.9,40,2.54,1.46,0.78,12,3.1,BRL,3,0.53,BRL,22,40,0.21,444,BRL,7.4,18.4,14,12,5.31,70.5,,1.4,10,BRL,3.4,3,753,0.6,0.42,BRL,6.5,BRL,0.22,3.3,83,1,15.2,1.4,63,87.9,10.4,4.1,,19.7,,,20.2,8.4,,31.5,,,0.1,,3.9,,,,,,,,,,,
5,43-047-14005-OS00,39.8707,-109.1123,SKYLINE 16,UT CRC,"TC, TOC, HAWK, ICP, XRD",AGAT,E161206-112,679.8,,,Green River,R-6 zone,2.87,0.53,0.09,1.44,0.7,437,6.89,4.97,3.57,2.12,1.23,0.1,0.21,23.5,0.38,BRL,10,90,615,BRL,0.4,0.6,76,14.2,52,8,44,4.39,2.6,1.37,18.3,5.57,1,5,0.94,BRL,37.6,54,0.42,659,BRL,14.6,33.7,28,20,9.45,108,,1.7,11,BRL,6.3,4,198,1.1,0.78,BRL,13.1,0.6,0.39,3.26,87,2,27.6,2.7,104,182,18.4,17.9,,18.1,,,24.3,6.2,,3.3,,,,,7.6,,,,,1,,,,,,
5,43-047-14005-OS00,39.8707,-109.1123,SKYLINE 16,UT CRC,"TC, TOC, HAWK, ICP, XRD",AGAT,E161206-113,687.9,,,Green River,R-6 zone,2.61,0.3,0.06,0.53,0.85,437,7.2,4.28,4.1,2.08,1.21,0.1,0.18,22.3,0.38,BRL,9,92,564,BRL,0.4,0.4,83.2,13.8,53,8.3,46,5.03,2.76,1.32,19.1,6.38,BRL,5,1.03,BRL,44.3,52,0.41,774,BRL,15.5,38.7,29,18,10.8,111,,1.3,11,BRL,7.3,4,168,1.2,0.91,BRL,13.3,0.6,0.4,3.05,84,2,30,2.7,109,174,9.9,16.2,,24.7,,,30.1,6.2,,0.8,,,,,7,,,,,1.2,,,,,,
5,43-047-14005-OS00,39.8707,-109.1123,SKYLINE 16,UT CRC,"TC, TOC, HAWK, ICP, XRD",AGAT,E161206-114,695.4,,,Green River,R-6 zone,2.46,0.37,0.1,1,0.53,437,7.39,3.73,3.98,2.12,1.23,0.09,0.24,23.6,0.39,BRL,12,103,561,BRL,0.5,0.4,76.3,14.4,54,8.9,45,4.88,2.72,1.33,19.4,5.7,BRL,5,0.96,BRL,40.7,52,0.41,552,BRL,14.9,34.5,32,20,9.89,111,,1.5,11,BRL,6.4,4,162,1.3,0.82,BRL,12,0.7,0.41,2.92,89,3,27.6,2.5,115,173,5.6,13.5,,30,,,31.6,3.6,,3,,,,,7.5,,,,,1.3,,,,,,
5,43-047-14005-OS00,39.8707,-109.1123,SKYLINE 16,UT CRC,"TC, TOC, HAWK, ICP, XRD",AGAT,E161206-115,705.1,,,Green River,R-6 zone,13.75,4.06,1.55,33.8,1.26,437,1.74,16.3,1.41,0.82,8.48,0.02,0.36,6.54,0.08,BRL,BRL,61,743,BRL,0.1,0.2,19.2,3.7,BRL,1.9,43,1.25,0.77,0.4,4.84,1.62,BRL,1,0.27,BRL,9.9,115,0.11,346,5,3.5,8.8,12,6,2.35,38.8,,0.3,BRL,BRL,1.6,BRL,1240,BRL,0.24,BRL,3.6,BRL,0.11,2.68,40,BRL,8.1,0.8,29,41.2,6.2,1.4,,8.1,,,11.9,0.7,,64.7,,,0.1,0.5,3.5,,,,,,,,,,,
5,43-047-14005-OS00,39.8707,-109.1123,SKYLINE 16,UT CRC,"TC, TOC, HAWK, ICP, XRD",AGAT,E161206-116,707.5,,,Green River,R-6 zone,10.41,4.52,2.42,38.19,0.67,440,4.39,9.83,3.1,1.65,4.62,0.05,0.22,13.9,0.19,BRL,BRL,91,441,BRL,0.3,0.7,37.4,7.9,33,5.1,49,2.29,1.25,0.61,11.5,2.95,BRL,2,0.47,BRL,22.4,128,0.2,503,5,7.8,18.1,13,16,5.25,83.5,,0.7,9,BRL,3.2,2,513,0.8,0.4,BRL,6.3,BRL,0.18,3,93,1,13.5,1.2,72,71,6.2,,,24.3,,,25.9,,,35.4,,,0.1,0.3,5.5,,,,,,,,,,,
5,43-047-14005-OS00,39.8707,-109.1123,SKYLINE 16,UT CRC,"TC, TOC, HAWK, ICP, XRD",AGAT,E161206-117,713.2,,,Green River,R-6 zone,7.25,4.07,2.07,33.5,0.7,431,6.88,5.56,4.03,2.48,2.65,0.05,1.29,18.9,0.27,BRL,24,101,570,BRL,0.6,0.6,64.1,13.1,53,8.2,63,3.45,2,0.99,16.9,4.32,BRL,3,0.64,BRL,34.5,89,0.26,467,15,10.5,27.9,35,28,7.8,93.4,,2.6,11,BRL,5,3,304,0.8,0.6,BRL,10,0.8,0.27,5.69,131,2,19.7,1.9,105,85,9.2,3.7,,19.1,,,38.8,1.3,,18.6,,,0.3,,7.5,,,,,,,,,,,
5,43-047-14005-OS00,39.8707,-109.1123,SKYLINE 16,UT CRC,"TC, TOC, HAWK, ICP, XRD",AGAT,E161206-118,715.8,,,Green River,L-5 zone,5.61,0.41,0.1,1.52,0.65,437,4.32,10.5,1.92,2.16,3.54,0.05,0.24,19.7,0.25,BRL,13,120,548,BRL,0.1,0.2,46,6.4,30,4.2,33,2.87,1.7,0.78,10.1,3.6,BRL,4,0.57,BRL,23.7,49,0.24,417,4,10.3,19.7,17,7,5.49,65.8,,0.9,7,BRL,3.8,2,527,0.7,0.49,0.5,6.6,BRL,0.25,3.44,70,1,17.3,1.6,57,132,3.6,7.5,,27.5,,,17.6,8.5,,30,,,0.1,0.1,4.7,,,,,,,,,,,
5,43-047-14005-OS00,39.8707,-109.1123,SKYLINE 16,UT CRC,"TC, TOC, HAWK, ICP, XRD",AGAT,E161206-119,721.7,,,Green River,L-5 zone,8.97,0.85,0.26,5.14,0.47,437,2.29,13.2,1.2,1.74,8.04,0.02,0.47,12.7,0.13,BRL,10,164,393,BRL,0.1,0.3,22.5,4.4,10,2.3,42,1.31,0.74,0.41,5.99,1.56,BRL,2,0.27,BRL,12.4,136,0.13,293,4,5.3,10.5,12,6,2.9,56.9,,0.7,BRL,BRL,1.9,BRL,1020,BRL,0.24,BRL,3.1,BRL,0.12,2.02,64,BRL,7.9,0.7,36,70,15.2,2.5,,15.2,,,11.6,,,50.6,,,0.1,1.1,3.6,,,,,0.1,,,,,,
5,43-047-14005-OS00,39.8707,-109.1123,SKYLINE 16,UT CRC,"TC, TOC, HAWK, ICP, XRD",AGAT,E161206-120,727.9,,,Green River,L-5 zone,7.76,1.89,0.47,14.05,0.66,436,4.04,12.6,1.77,3.48,3.92,0.03,0.95,15.1,0.19,BRL,BRL,241,608,BRL,0.3,0.6,40.2,7.5,30,3.6,42,2.52,1.47,0.67,10.3,2.98,BRL,2,0.5,BRL,20.8,117,0.22,472,5,8.6,17.7,18,13,5,87.8,,0.4,6,BRL,3.3,1,642,0.6,0.41,BRL,6.7,BRL,0.21,4.03,75,1,14.5,1.4,66,65.1,13.6,,,32.5,,,8,13,,26.4,,,0.4,1.1,4.2,,,,,,,,,,,
5,43-047-14005-OS00,39.8707,-109.1123,SKYLINE 16,UT CRC,"TC, TOC, HAWK, ICP, XRD",AGAT,E161206-121,733.9,,,Green River,L-5 zone,6.25,0.46,0.19,1.93,0.58,429,3.97,11.5,2.32,3.16,4.23,0.04,1.2,16.2,0.2,BRL,BRL,206,523,BRL,0.2,0.5,48.9,8.7,26,3.5,38,2.69,1.58,0.79,10.1,3.52,BRL,3,0.56,BRL,25.4,67,0.23,446,3,9.2,20.7,18,12,5.88,79.1,,0.5,7,BRL,4.1,2,617,0.7,0.53,BRL,7.1,0.5,0.25,3.84,69,1,16.9,1.6,58,84.8,15.9,3.9,,30.2,,,7.8,8.6,,27.3,,,0.8,0.4,4.7,,,,,,,,,,,
5,43-047-14005-OS00,39.8707,-109.1123,SKYLINE 16,UT CRC,"TC, TOC, HAWK, ICP, XRD",AGAT,E161206-122,741.9,,,Green River,L-5 zone,10.3,1.79,0.51,14.95,0.7,435,3.01,13.2,1.74,1.92,7.99,0.02,0.68,9.68,0.14,BRL,BRL,120,465,BRL,0.2,0.4,30,5.9,17,3.4,47,1.54,0.87,0.45,7.76,1.87,BRL,1,0.27,BRL,15.9,102,0.12,330,5,5.9,12.5,14,10,3.62,61.8,,0.7,6,BRL,2.2,1,984,BRL,0.25,BRL,2.8,BRL,0.11,1.6,70,BRL,8.6,0.7,50,43.6,7.3,,,15.5,,,10.8,,,59.6,,,0.4,0.7,5.1,,,,,,,,,,,
5,43-047-14005-OS00,39.8707,-109.1123,SKYLINE 16,UT CRC,"TC, TOC, HAWK, ICP, XRD",AGAT,E161206-123,746.7,,,Green River,L-5 zone,8.2,2.19,0.99,17.94,0.54,434,4.37,12.5,1.8,4.14,4.33,0.04,1.28,15.5,0.21,BRL,16,421,528,BRL,0.3,0.8,46.7,8.3,35,3.4,44,2.71,1.51,0.81,11.4,3.49,BRL,2,0.57,BRL,23.8,79,0.24,413,6,9.2,21.3,26,15,6,99.2,,2.4,6,BRL,3.8,2,702,0.6,0.48,0.7,7.6,0.7,0.22,4.08,79,1,16.5,1.4,72,77.3,12.4,0.4,,35.3,,,7.2,8.7,,27.8,,,0.7,0.7,4.7,,,,,,,,,,,
5,43-047-14005-OS00,39.8707,-109.1123,SKYLINE 16,UT CRC,"TC, TOC, HAWK, ICP, XRD",AGAT,E161206-124,755.3,,,Green River,L-5 zone,7.36,1.45,0.56,9.78,0.54,428,4.49,11.4,2.35,3.72,4.71,0.04,1.33,15.6,0.19,BRL,BRL,291,464,BRL,0.2,0.6,44.3,8.3,32,4,43,2.73,1.51,0.78,11.4,3.24,BRL,2,0.5,BRL,22.6,78,0.23,437,3,8.2,19.5,24,14,5.39,87.2,,0.6,7,BRL,3.4,2,641,0.6,0.49,BRL,7.8,BRL,0.21,3.79,88,BRL,15.4,1.4,73,64.9,11.5,,,31.9,,,9.8,5.5,,33.1,,,0.8,0.8,5.5,,,,,,,,,,,
5,43-047-14005-OS00,39.8707,-109.1123,SKYLINE 16,UT CRC,"TC, TOC, HAWK, ICP, XRD",AGAT,E161206-125,765.6,,,Green River,L-5 zone,5.1,0.7,0.23,3.61,0.88,435,6.58,9.78,1.82,2.65,2.72,0.04,0.25,18.5,0.26,BRL,BRL,120,600,BRL,0.6,0.6,63,8.2,48,8,53,3.63,2.04,1,15.7,4.23,BRL,2,0.75,BRL,33.7,60,0.31,410,5,10,27.6,15,22,8.02,82.9,,0.5,11,BRL,5.2,4,452,0.8,0.62,BRL,9.9,BRL,0.27,4.52,140,1,20.6,2,108,72.5,7.7,2.9,,21.6,,,34.1,8.1,,18.2,,,0.1,0.3,4.7,,,,,,,,,,,
5,43-047-14005-OS00,39.8707,-109.1123,SKYLINE 16,UT CRC,"TC, TOC, HAWK, ICP, XRD",AGAT,E161206-126,771.5,,,Green River,L-5 zone,6.64,2.26,0.75,17.64,0.51,434,5.97,7.34,3.07,4.25,4.06,0.03,1.25,18.3,0.2,BRL,BRL,253,551,BRL,0.4,0.5,47.5,11.8,47,6,54,2.46,1.54,0.75,16,3.24,BRL,2,0.52,BRL,25.4,99,0.2,344,9,8.2,19.9,31,17,5.72,99.6,,1.1,8,BRL,3.7,2,515,0.6,0.43,BRL,7.2,0.9,0.22,4.02,138,1,15,1.3,96,73.3,9.7,,,34.4,,,20.7,,,26.1,,,0.8,0.2,6.8,,,,,,,,,,,
5,43-047-14005-OS00,39.8707,-109.1123,SKYLINE 16,UT CRC,"TC, TOC, HAWK, ICP, XRD",AGAT,E161206-127,780.8,,,Green River,R-5 zone,7.92,0.98,1.15,5.71,0.54,436,3.79,11.6,1.15,2.17,7.28,0.04,0.57,14.1,0.13,BRL,16,157,601,BRL,0.2,BRL,21.1,5.9,BRL,1.9,40,1.07,0.67,0.36,6.18,1.39,BRL,3,0.21,BRL,10.4,86,0.11,139,8,3.8,8.6,22,11,2.32,43.5,,0.5,BRL,BRL,1.6,BRL,956,BRL,0.18,BRL,2.7,BRL,0.09,1.96,46,BRL,6.6,0.6,50,100,10.9,3,,25.7,,,14.5,0.5,,41.8,,,0.2,0.3,3.2,,,,,,,,,,,
5,43-047-14005-OS00,39.8707,-109.1123,SKYLINE 16,UT CRC,"TC, TOC, HAWK, ICP, XRD",AGAT,E161206-128,782.5,,,Green River,R-5 zone,13.12,11.26,1.32,98.47,0.99,438,4.81,2.74,2.72,3.88,2.23,0.02,0.99,16.4,0.19,BRL,BRL,236,341,BRL,0.9,0.6,48.6,13.2,36,4.6,87,2.58,1.53,0.75,12.5,3.21,BRL,2,0.52,BRL,27.5,106,0.21,218,29,7.8,21.3,26,37,6.12,94.7,,0.8,7,BRL,3.6,3,193,0.7,0.47,BRL,6.8,BRL,0.2,6.99,157,3,15.2,1.4,80,70.1,13.7,2.8,,53.4,,,4.4,1.5,,10.2,,,0.8,0.2,11.8,,,,,,,,,,,
5,43-047-14005-OS00,39.8707,-109.1123,SKYLINE 16,UT CRC,"TC, TOC, HAWK, ICP, XRD",AGAT,E161206-129,786.9,,,Green River,R-5 zone,8.16,5.86,1.85,52.12,0.54,430,6.01,4.39,3.11,4.57,3.35,0.04,2.02,20.6,0.21,BRL,49,200,433,BRL,0.6,0.6,52.4,12.2,43,5.5,62,2.75,1.57,0.82,15,3.46,BRL,3,0.54,BRL,29,171,0.22,318,14,8.8,22.8,30,26,6.48,116,,2.6,8,BRL,4.1,2,345,0.7,0.49,BRL,7,0.7,0.24,6.76,144,1,16.4,1.4,94,84.2,13.8,1.8,,43.5,,,12,,,16.1,,,2,0.5,10,,,,,,,,,,,
5,43-047-14005-OS00,39.8707,-109.1123,SKYLINE 16,UT CRC,"TC, TOC, HAWK, ICP, XRD",AGAT,E161206-130,798.1,,,Green River,R-5 zone,12.09,1.8,0.45,13.57,0.66,436,0.9,17.4,0.8,0.64,9.07,0.02,0.38,7.99,0.07,BRL,BRL,51,604,BRL,BRL,BRL,10.3,2.1,BRL,0.8,41,1.11,0.65,0.31,2.91,1.26,BRL,1,0.22,BRL,5.9,53,0.1,347,BRL,2.3,6,BRL,BRL,1.53,19.1,,0.2,BRL,BRL,1.2,BRL,1110,BRL,0.2,0.6,2.5,BRL,0.09,1.63,35,BRL,6.4,0.6,11,40.1,14.6,,,8.8,,,3.6,0.8,,68.1,,,,0.2,1.9,,,,,0.1,,,,,,
5,43-047-14005-OS00,39.8707,-109.1123,SKYLINE 16,UT CRC,"TC, TOC, HAWK, ICP, XRD",AGAT,E161206-131,803.8,,,Green River,R-5 zone,12.79,9.97,1.07,101.95,0.81,442,5.58,4.46,3.31,3,1.97,0.04,2.39,15.9,0.24,BRL,13,119,400,BRL,0.6,1.1,55.2,12,45,6.4,66,2.78,1.59,0.82,14.7,3.31,BRL,2,0.55,BRL,33.1,80,0.24,307,15,10.1,24.2,29,24,7.08,90.7,,1.3,9,BRL,4.2,2,205,0.8,0.5,BRL,9.1,0.6,0.24,6.36,136,1,16.4,1.6,101,74.8,10.5,2.2,,30.1,,,29.4,4.1,,13.2,,,2.2,,6.8,,,,,,,,,,,
5,43-047-14005-OS00,39.8707,-109.1123,SKYLINE 16,UT CRC,"TC, TOC, HAWK, ICP, XRD",AGAT,E161206-132,829.8,,,Green River,R-5 zone,15.08,9.41,2.67,88.18,0.99,430,3.75,9.66,1.65,1.63,4.87,0.03,0.5,13.3,0.16,BRL,BRL,79,702,BRL,0.5,1,39,9.5,29,3.6,59,1.98,1.13,0.55,9.54,2.66,BRL,2,0.4,BRL,21,145,0.2,398,10,6.3,17,20,12,4.64,79.5,,0.8,6,BRL,3,2,631,0.5,0.36,BRL,5.1,BRL,0.15,6.95,87,BRL,12.1,1.1,79,67.9,8.8,,,19.3,,,20.9,5.1,,36,,,0.3,1.4,6.2,,,,,,,,,,,
5,43-047-14005-OS00,39.8707,-109.1123,SKYLINE 16,UT CRC,"TC, TOC, HAWK, ICP, XRD",AGAT,E161206-133,833.6,,,Green River,R-5 zone,6.39,3.2,0.57,23.19,0.64,436,6.46,5.67,3.3,2.36,3.72,0.03,0.34,20.4,0.27,BRL,BRL,101,500,BRL,0.4,0.6,54.1,12.1,47,6.4,68,3,1.71,0.78,18.3,3.5,BRL,3,0.61,BRL,29.9,96,0.25,382,8,11.2,23.1,35,19,6.59,104,,1.2,10,BRL,4.2,3,411,0.8,0.54,BRL,8,0.8,0.24,7.19,169,1,17.9,1.8,97,110,12.1,,,29.6,,,34,,,13.9,,,0.2,,8.5,,,,,,,,,,,
5,43-047-14005-OS00,39.8707,-109.1123,SKYLINE 16,UT CRC,"TC, TOC, HAWK, ICP, XRD",AGAT,E161206-134,845.9,,,Green River,L-4 zone,1.95,0.47,0.1,1.27,0.71,431,9.39,2.49,4.07,2.54,1.14,0.07,0.53,24.7,0.41,BRL,17,83,449,BRL,0.4,0.4,89.3,18.1,63,8.8,45,4.36,2.51,1.29,22.1,5.95,BRL,3,0.85,BRL,50.1,40,0.36,429,BRL,15.7,38.4,42,24,11.1,113,,1.9,10,BRL,7,3,116,1.2,0.79,BRL,14.9,0.9,0.33,3.66,113,3,25,2.4,131,110,8.2,6.2,,21.1,,,48.2,2.6,,0.6,,,0.3,,8,,,,,1,,,,,,
5,43-047-14005-OS00,39.8707,-109.1123,SKYLINE 16,UT CRC,"TC, TOC, HAWK, ICP, XRD",AGAT,E161206-135,854.1,,,Green River,L-4 zone,1.88,,,,,,8.02,3.12,4.05,2.31,1.35,0.09,0.16,25.5,0.44,BRL,11,72,589,BRL,0.5,0.5,102,16.7,58,7.9,53,5.79,3.4,1.67,20.4,7.18,1,6,1.19,BRL,51.3,42,0.53,686,BRL,17.7,43.6,36,25,12.4,117,,0.9,14,BRL,7.8,2,159,1.4,1.02,BRL,16.1,0.6,0.51,3.77,93,3,35.5,3.4,118,209,11.1,19.4,,22.6,,,29,3.3,,2.8,,,,,8,,,,,0.8,,,,,,
5,43-047-14005-OS00,39.8707,-109.1123,SKYLINE 16,UT CRC,"TC, TOC, HAWK, ICP, XRD",AGAT,E161206-136,863.9,,,Green River,L-4 zone,2.65,0.69,0.11,2.01,0.7,430,7.24,9.34,3.84,1.6,1.33,3.05,0.54,18.7,0.31,BRL,11,77,663,5,0.3,0.3,110,11.1,51,7.1,39,8.59,6.21,2.04,17.9,8.91,BRL,3,2.02,BRL,60,44,1.2,479,BRL,11.7,49.6,22,20,13.6,85.1,,1.1,24,BRL,9.6,2,1950,0.8,1.35,BRL,16.9,0.6,1.02,45.5,106,2,65,7.2,99,124,6.5,3.2,,14.8,,,46.7,3.6,,3,,,0.1,,6.3,,,,,8.8,,,,,,
5,43-047-14005-OS00,39.8707,-109.1123,SKYLINE 16,UT CRC,"TC, TOC, HAWK, ICP, XRD",AGAT,E161206-137,871.7,,,Green River,L-4 zone,2.23,0.3,0.05,0.33,0.54,434,8.54,3.47,4.67,2.21,1.68,0.1,0.14,23.4,0.43,BRL,BRL,72,540,BRL,0.7,0.4,114,16.7,64,8.7,60,5.89,3.34,1.59,25.4,7.27,2,4,1.17,BRL,58.6,52,0.5,775,3,17.3,47.2,51,28,13.4,117,,0.5,14,BRL,8.1,3,158,1.3,1.09,BRL,17.1,0.7,0.48,3.51,108,3,34.1,3.2,125,132,10.7,15.1,,16.1,,,35.2,4.2,,5,,,,,8.1,,,,,0.8,,,,,,
5,43-047-14005-OS00,39.8707,-109.1123,SKYLINE 16,UT CRC,"TC, TOC, HAWK, ICP, XRD",AGAT,E161206-138,881.4,,,Green River,R-4 zone,14.39,11.39,1.66,106.9,0.81,441,4.74,4.67,2.27,1.85,3.99,0.03,0.23,16.7,0.18,BRL,11,132,384,BRL,0.6,0.7,41.2,10.9,36,5,66,2.03,1.19,0.59,11.6,2.66,BRL,2,0.41,BRL,23,277,0.17,273,22,7.2,17.5,36,24,5.02,99.5,,1.9,7,BRL,3.2,1,345,0.5,0.34,BRL,5.4,0.6,0.18,6.46,151,BRL,12.2,1.2,74,77.5,11.9,1.2,,32.3,,,21.9,0.8,,18.1,,,,1.6,11,,,,,,,,,,,
5,43-047-14005-OS00,39.8707,-109.1123,SKYLINE 16,UT CRC,"TC, TOC, HAWK, ICP, XRD",AGAT,E161206-139,895.6,,,Green River,R-4 zone,11.9,2.81,1.03,22.29,0.55,437,1.2,16.1,0.71,0.75,8.63,0.02,0.39,10.5,0.06,BRL,19,49,467,BRL,BRL,BRL,14.1,3.4,BRL,1.2,41,0.83,0.52,0.34,3.35,1.14,BRL,1,0.17,BRL,6.9,183,0.09,231,2,2.5,5.8,11,BRL,1.63,29.2,,0.5,BRL,BRL,1.1,BRL,884,BRL,0.15,BRL,2.4,BRL,0.08,2.61,26,BRL,5.6,0.5,18,41.1,17.1,,,9.1,,,5,0.3,,63.3,,,,0.4,3.5,,,,,,,,,,,
5,43-047-14005-OS00,39.8707,-109.1123,SKYLINE 16,UT CRC,"TC, TOC, HAWK, ICP, XRD",AGAT,E161206-140,900.7,,,Green River,R-4 zone,11.92,2.41,0.7,18.76,0.55,438,1.17,15.8,0.8,0.71,8.49,0.02,0.4,9.07,0.07,BRL,7,42,461,BRL,BRL,BRL,14.5,3.4,13,1.3,41,0.96,0.54,0.32,3.94,1.21,BRL,1,0.2,BRL,7.4,147,0.09,215,BRL,2.9,6.7,8,BRL,1.85,29.4,,0.3,BRL,BRL,1.2,BRL,1010,BRL,0.17,BRL,2.5,BRL,0.08,1.76,32,BRL,5.8,0.5,16,38.2,15.5,,,8,,,5.9,0.7,,64.7,,,0.1,0.4,3.3,,,,,,,,,,,
5,43-047-14005-OS00,39.8707,-109.1123,SKYLINE 16,UT CRC,"TC, TOC, HAWK, ICP, XRD",AGAT,E161206-141,902.6,,,Green River,R-4 zone,14.59,11.86,2.27,117.91,0.93,441,4.11,4.4,3.27,2.24,2.54,0.03,2.41,16,0.16,BRL,17,122,359,BRL,0.5,0.7,38.4,9.8,29,4.3,56,2.15,1.27,0.64,9.81,2.61,BRL,2,0.44,BRL,21.6,248,0.19,315,15,6.2,17.4,34,14,5.01,81.8,,1,7,BRL,3.1,BRL,294,0.6,0.36,BRL,6,0.6,0.18,4.46,90,BRL,12.4,1.2,66,63.6,21.2,3.1,,28,,,14.8,4.2,,15.4,,,2,0.1,10.3,,,,,,,,,,,
5,43-047-14005-OS00,39.8707,-109.1123,SKYLINE 16,UT CRC,"TC, TOC, HAWK, ICP, XRD",AGAT,E161206-142,913.1,,,Green River,R-4 zone,5.84,1.63,0.37,10.25,0.5,434,6.09,9.24,2.63,3.21,3.49,0.04,1.69,18.8,0.29,BRL,43,69,690,BRL,0.3,0.5,64.3,10.6,52,6,34,4.29,2.24,1.14,16.4,5,1,3,0.81,BRL,34,100,0.34,520,7,11.3,29,31,15,7.99,122,,2.1,9,BRL,5.6,2,586,0.9,0.76,BRL,11.2,1.3,0.37,6.92,115,1,25.7,2.1,92,84.1,12.4,2.8,,29.5,,,21.2,6.4,,18.6,,,1.4,0.2,5.8,,,,,,,,,,,
5,43-047-14005-OS00,39.8707,-109.1123,SKYLINE 16,UT CRC,"TC, TOC, HAWK, ICP, XRD",AGAT,E161206-143,925.3,,,Green River,L-3 zone,2.77,0.51,0.07,0.66,0.68,429,8.83,6.15,4.49,2.39,1.87,0.07,0.21,22.5,0.38,BRL,BRL,63,605,BRL,0.4,0.3,89.6,14.7,66,8.8,49,5.32,2.94,1.43,22.3,6.11,2,3,1.02,BRL,46.2,75,0.43,655,BRL,13.7,36.8,32,21,10.6,110,,0.9,14,BRL,7,3,235,1.2,0.89,BRL,14.6,0.7,0.44,3.38,109,2,31,2.8,115,112,10.2,10.5,,19.8,,,35.9,9.2,,2.5,,,,,8.1,,,,,,,,,,,
5,43-047-14005-OS00,39.8707,-109.1123,SKYLINE 16,UT CRC,"TC, TOC, HAWK, ICP, XRD",AGAT,E161206-144,932.7,,,Green River,R-3 zone,9.13,1.59,0.24,12.4,0.65,439,2.33,14,0.96,1.5,6.14,0.11,0.22,13.9,0.13,BRL,8,43,557,BRL,BRL,BRL,24.1,2.5,20,2.5,13,1.66,1.06,0.39,5.57,1.75,BRL,2,0.34,BRL,11.7,183,0.16,347,BRL,5.1,10.1,9,BRL,2.87,65.7,,0.5,BRL,BRL,1.9,BRL,833,0.5,0.29,BRL,4.3,BRL,0.16,6.31,47,BRL,10.4,1,29,71.4,19.9,,,13.7,,,12.3,6.1,,40.8,,,,1,3.7,,,,,0.3,,,,,,
5,43-047-14005-OS00,39.8707,-109.1123,SKYLINE 16,UT CRC,"TC, TOC, HAWK, ICP, XRD",AGAT,E161206-145,938.8,,,Green River,R-3 zone,11.64,7.68,1.25,76.34,0.62,439,4.31,8.58,1.86,2.48,3.4,0.08,0.73,17.7,0.19,BRL,18,54,823,BRL,0.5,0.9,52.4,10.4,37,4.8,38,3.23,1.74,0.86,14.2,3.79,BRL,3,0.62,BRL,26.1,289,0.26,280,4,7.8,22.5,20,11,6.15,111,,1.2,7,BRL,4.4,BRL,587,0.7,0.57,BRL,8.6,0.7,0.25,11.2,121,BRL,19.1,1.6,68,97.3,14.1,3,,24.4,,,15.1,12.1,,20.9,,,0.5,1.8,6.6,,,,,,,,,,,
5,43-047-14005-OS00,39.8707,-109.1123,SKYLINE 16,UT CRC,"TC, TOC, HAWK, ICP, XRD",AGAT,E161206-146,945.6,,,Green River,L-2 zone,4.94,0.66,0.12,2.92,0.43,430,5.62,7.8,3.54,2.01,3.33,0.05,1.2,17.6,0.27,BRL,12,42,688,BRL,0.3,0.3,67.2,9.4,41,5.9,34,4.17,2.44,1.07,14.5,4.44,BRL,3,0.83,BRL,32.6,57,0.37,513,BRL,10.4,26.4,28,17,7.58,90.6,,1.2,12,BRL,5.1,1,496,0.8,0.68,BRL,11.1,0.6,0.37,4.17,86,1,24.8,2.3,78,92.5,6.7,7.3,,21.4,,,30.2,2.3,,24.2,,,1,0.2,5.2,,,,,,,,,,,
5,43-047-14005-OS00,39.8707,-109.1123,SKYLINE 16,UT CRC,"TC, TOC, HAWK, ICP, XRD",AGAT,E161206-147,953.2,,,Green River,L-2 zone,7.74,1.62,0.29,12.42,0.41,438,5.21,12.2,3.02,2.09,4.84,0.04,0.45,15,0.22,BRL,6,44,736,BRL,0.3,0.4,56.1,7.9,42,5.6,39,3.63,2.03,0.95,13.1,3.99,BRL,2,0.68,BRL,28.2,80,0.29,461,3,8.6,23.4,19,14,6.63,89.6,,0.8,9,BRL,4.5,1,769,0.7,0.61,BRL,10.3,0.5,0.28,5.6,95,1,21,2,77,67.1,5.6,,,19.1,,,27.1,4.9,,34,,,0.3,0.6,4.7,,,,,,,,,,,
5,43-047-14005-OS00,39.8707,-109.1123,SKYLINE 16,UT CRC,"TC, TOC, HAWK, ICP, XRD",AGAT,E161206-148,961.2,,,Green River,R-2 zone,4.95,1.89,0.58,14.07,0.43,436,7.39,5.35,3.73,2.03,3.56,0.04,0.98,21.2,0.29,BRL,8,54,521,BRL,0.3,0.4,58.2,12,56,8.6,39,4,2.25,1.04,20.7,4.63,BRL,3,0.75,BRL,35.2,128,0.31,340,9,11.3,28.6,31,18,8.27,110,,1.4,11,BRL,5.3,2,514,0.9,0.71,BRL,11,0.8,0.32,6.84,134,1,22.6,2.1,103,91.2,11.2,1.2,,18.8,,,40,,,18.6,,,0.4,0.4,8.5,,,,,,,,,,,
5,43-047-14005-OS00,39.8707,-109.1123,SKYLINE 16,UT CRC,"TC, TOC, HAWK, ICP, XRD",AGAT,E161206-149,967.9,,,Green River,R-2 zone,13.21,0.76,0.17,4.17,0.37,434,0.19,20,0.36,0.05,12.5,BRL,0.32,2.24,BRL,BRL,10,BRL,577,BRL,BRL,BRL,6,0.6,BRL,BRL,13,0.43,0.23,0.09,0.45,0.42,BRL,BRL,0.09,BRL,1.4,29,BRL,88,BRL,0.4,1.6,8,BRL,0.44,2.5,,0.3,BRL,BRL,0.4,BRL,2190,BRL,0.07,BRL,1.1,BRL,BRL,0.83,12,BRL,2.7,0.2,BRL,4.2,5,,,1.5,,,2.1,,,88.9,,,,0.1,1.3,,,,,0.1,,,,,,
5,43-047-14005-OS00,39.8707,-109.1123,SKYLINE 16,UT CRC,"TC, TOC, HAWK, ICP, XRD",AGAT,E161206-150,973.8,,,Green River,Douglas Creek,1.41,,,,,,6.62,3.42,2.02,2.73,1.45,0.06,1.04,30.7,0.34,BRL,23,34,795,BRL,0.4,0.3,61.2,10,43,5.7,28,4.06,2.24,1.15,17,4.49,1,5,0.76,BRL,29.4,48,0.34,344,3,13.7,26.6,21,19,7.33,114,,2,7,BRL,5.2,3,280,1.1,0.66,BRL,11.7,0.7,0.32,3.31,67,2,23.3,2.2,93,170,24,24.6,,25,,,11.6,2.8,,6.4,,,0.5,,4.7,,,,,,,,,,,
5,43-047-14005-OS00,39.8707,-109.1123,SKYLINE 16,UT CRC,"TC, TOC, HAWK, ICP, XRD",AGAT,E161206-151,980.1,,,Green River,Douglas Creek,1.2,,,,,,9.19,2.89,2.29,2.88,1.61,0.1,0.49,26.8,0.53,BRL,9,46,607,BRL,0.6,0.5,95.2,15.2,79,10.6,50,6.46,3.52,1.65,22.8,7.08,1,6,1.27,BRL,50.1,82,0.5,319,BRL,20.8,44,34,23,12.1,135,,1.5,12,BRL,8.2,3,229,1.6,1.13,BRL,19.6,0.9,0.5,4.41,105,3,37,3.1,144,201,10.1,16.3,,20.7,,,37.6,2.9,,3.1,,,0.3,,7.9,,,,,,,,,,,
5,43-047-14005-OS00,39.8707,-109.1123,SKYLINE 16,UT CRC,"TC, TOC, HAWK, ICP, XRD",AGAT,E161206-152,992,,,Green River,Douglas Creek,1.4,,,,,,5.32,3.55,1.54,2.34,0.98,0.05,1.02,32.8,0.2,BRL,BRL,21,805,BRL,0.2,BRL,42.1,7.4,26,3.2,16,3.09,1.71,0.81,12.3,3.13,1,5,0.57,BRL,23.1,32,0.29,428,BRL,8.2,19.1,18,14,5.38,90.2,,0.8,5,BRL,3.7,BRL,368,0.7,0.49,BRL,7,0.7,0.26,1.88,38,1,18.2,1.8,48,193,30.3,26,,25.7,,,6.5,3.8,,2.9,,,0.4,,3.1,,,,,,,,,,,
5,43-047-14005-OS00,39.8707,-109.1123,SKYLINE 16,UT CRC,"TC, TOC, HAWK, ICP, XRD",AGAT,E161206-153,1001.9,,,Green River,Douglas Creek,12.99,,,,,,0.11,24.5,0.3,0.04,10.5,0.01,0.35,0.73,BRL,BRL,BRL,BRL,602,BRL,BRL,BRL,10.1,1.4,BRL,BRL,13,1.31,0.72,0.28,0.23,1.31,BRL,BRL,0.25,BRL,3.6,13,0.1,367,BRL,0.3,4.8,BRL,BRL,1.2,1.5,,0.1,BRL,BRL,1.2,BRL,1510,BRL,0.22,BRL,3.1,BRL,0.11,1.56,14,BRL,8.3,0.7,BRL,9.8,1.4,,,2.5,,,1.3,15.5,,76,,,,1.3,,,,,,0.1,,,,,,
5,43-013-30315-0000,40.3267,-109.9983,M.M. NORLING #1-9B1,UT CRC,"TC, TOC, HAWK, ICP",AGAT,E161207-001,7493.3,,,Green River,Mahogany zone,9.36,5.55,0.53,36.13,0.37,445,5.22,6.19,2.31,1.64,3.22,0.07,0.26,19.9,0.26,BRL,11,34,329,BRL,0.4,1,46.9,12.1,72,7.2,28,2.78,1.55,0.76,13.3,3.39,2,3,0.56,BRL,26.2,61,0.23,230,19,11.8,19.9,36,23,5.69,90.6,,1.3,6,BRL,3.6,1,301,0.7,0.48,BRL,8.6,0.5,0.22,5.43,113,2,17.6,1.4,107,94.2,,,,,,,,,,,,,,,,,,,,,,,,,,
5,43-013-30315-0000,40.3267,-109.9983,M.M. NORLING #1-9B1,UT CRC,"TC, TOC, HAWK, ICP",AGAT,E161207-002,7494.25,,,Green River,Mahogany zone,16.99,12.37,0.39,109.49,0.57,450,3.65,7.51,1.77,1.71,2.89,0.19,0.55,12.7,0.14,BRL,73,24,376,BRL,0.8,0.8,35.2,14.6,29,3.3,41,1.76,1.06,0.54,9.2,2.16,BRL,2,0.34,BRL,20,57,0.15,230,48,6.7,14.1,45,30,4.17,74.8,,1.9,BRL,BRL,2.5,BRL,527,0.6,0.3,BRL,5.8,0.8,0.16,7.37,63,BRL,10.5,0.9,65,43,,,,,,,,,,,,,,,,,,,,,,,,,,
5,43-013-30315-0000,40.3267,-109.9983,M.M. NORLING #1-9B1,UT CRC,"TC, TOC, HAWK, ICP",AGAT,E161207-003,7495.25,,,Green River,Mahogany zone,15.82,9.25,0.35,77.34,0.44,452,3.11,13.8,1.61,1.98,4.06,0.18,0.39,11.6,0.15,BRL,31,19,493,BRL,0.4,1,29.7,6.8,63,1.8,40,2.23,1.54,0.54,7.32,2.44,BRL,1,0.47,BRL,17.3,BRL,0.28,289,35,5.7,13.9,17,17,3.91,70.7,,1.3,6,BRL,2.7,1,809,BRL,0.36,BRL,8.2,BRL,0.25,7.99,71,1,14.2,1.8,72,45.5,,,,,,,,,,,,,,,,,,,,,,,,,,
5,43-013-30315-0000,40.3267,-109.9983,M.M. NORLING #1-9B1,UT CRC,"TC, TOC, HAWK, ICP",AGAT,E161207-004,7496.2,,,Green River,Mahogany zone,9.63,3.27,0.23,23.07,0.25,447,4.7,12.9,2.09,3.66,4.75,0.03,0.61,14.7,0.2,BRL,39,26,242,BRL,0.8,0.7,49.8,8.2,33,2.4,60,2.89,1.45,0.73,12.2,3.43,BRL,1,0.52,BRL,24.2,BRL,0.22,411,11,8.7,20.1,22,28,5.74,97,,1.9,7,BRL,3.8,1,764,0.6,0.48,BRL,6.8,0.5,0.22,3.03,69,3,15.8,1.5,84,40.9,,,,,,,,,,,,,,,,,,,,,,,,,,
5,43-013-30315-0000,40.3267,-109.9983,M.M. NORLING #1-9B1,UT CRC,"TC, TOC, HAWK, ICP",AGAT,E161207-005,7497.2,,,Green River,Mahogany zone,7.44,1.46,0.36,6.99,0.38,437,4.7,11.5,2.47,3.81,4.26,0.03,0.5,16.9,0.19,BRL,17,36,215,BRL,0.5,0.4,40,10.4,48,3.1,42,2.59,1.44,0.75,12,3.42,BRL,2,0.54,BRL,24.6,BRL,0.21,438,6,8.5,19.1,28,22,5.41,101,,1.2,7,BRL,3.6,1,647,0.6,0.45,BRL,7.2,BRL,0.22,3.1,72,2,15.1,1.4,73,47.8,,,,,,,,,,,,,,,,,,,,,,,,,,
5,43-013-30315-0000,40.3267,-109.9983,M.M. NORLING #1-9B1,UT CRC,"TC, TOC, HAWK, ICP",AGAT,E161207-006,7498.4,,,Green River,Mahogany zone,5.73,1.13,0.19,4.73,0.55,435,4.53,8.52,2.12,3.47,3.73,0.07,0.37,22.8,0.19,BRL,26,46,249,BRL,0.5,0.8,50.2,10.3,53,3.1,43,2.94,1.52,0.8,11,3.71,BRL,3,0.55,BRL,26.5,BRL,0.2,409,9,7.9,22.1,30,20,6.31,99.5,,1.1,6,BRL,4.1,1,489,0.7,0.51,BRL,8,BRL,0.22,3.36,63,2,17,1.4,88,97.3,,,,,,,,,,,,,,,,,,,,,,,,,,
5,43-013-30315-0000,40.3267,-109.9983,M.M. NORLING #1-9B1,UT CRC,"TC, TOC, HAWK, ICP",AGAT,E161207-007,7499.4,,,Green River,Mahogany zone,7.04,0.77,0.35,2.88,0.45,435,4.6,11.3,3.03,3.43,4.95,0.03,0.2,16.8,0.17,BRL,8,49,235,BRL,0.4,0.3,34.9,5.4,72,2.9,37,1.87,1.2,0.45,12.1,2.22,BRL,1,0.37,BRL,21.2,12,0.18,433,3,7,14.1,13,15,4.16,100,,0.6,8,BRL,2.6,1,613,0.5,0.32,BRL,3.2,BRL,0.16,1.76,90,2,11.7,1.2,73,44.8,,,,,,,,,,,,,,,,,,,,,,,,,,
5,43-013-30315-0000,40.3267,-109.9983,M.M. NORLING #1-9B1,UT CRC,"TC, TOC, HAWK, ICP",AGAT,E161207-008,7500.4,,,Green River,Mahogany zone,9.12,1.3,0.13,6.05,0.34,440,3.81,13.7,2.45,2.85,6.9,0.03,0.23,12.7,0.14,BRL,13,35,307,BRL,0.4,0.4,45.5,7.5,58,2.2,34,2.32,1.35,0.65,10.2,2.63,BRL,1,0.45,BRL,22.3,13,0.19,527,6,6.1,15.8,12,11,4.69,83.9,,0.8,7,BRL,3.1,1,882,0.5,0.39,1,4.8,BRL,0.22,2.63,72,2,13.4,1.2,62,43.4,,,,,,,,,,,,,,,,,,,,,,,,,,
5,43-013-30315-0000,40.3267,-109.9983,M.M. NORLING #1-9B1,UT CRC,"TC, TOC, HAWK, ICP",AGAT,E161207-009,7501.3,,,Green River,Mahogany zone,8.78,1.19,0.49,4.02,0.55,440,2.82,14.1,1.77,1.91,6.85,0.47,0.23,13.3,0.15,BRL,18,29,308,BRL,0.2,0.6,41.9,5.2,57,1.7,25,4.03,3.11,0.73,6.78,3.79,BRL,2,0.87,BRL,21.3,11,0.51,475,8,5.7,17.4,17,9,4.86,56.9,,0.6,6,BRL,3.4,BRL,962,BRL,0.62,0.5,15.6,BRL,0.49,16.6,61,1,29.2,3.3,59,65,,,,,,,,,,,,,,,,,,,,,,,,,,
5,43-013-30315-0000,40.3267,-109.9983,M.M. NORLING #1-9B1,UT CRC,"TC, TOC, HAWK, ICP",AGAT,E161207-010,7502.1,,,Green River,Mahogany zone,8.06,1.29,0.3,4.75,0.43,440,3.23,12.4,1.55,2.13,5.82,0.63,0.2,15.2,0.14,BRL,22,28,292,BRL,0.2,1,40.6,5.8,50,2.1,25,4.62,3.07,0.99,6.49,4.42,BRL,3,0.95,BRL,21.9,10,0.6,387,9,5.4,20,19,10,5.29,62.9,,1.1,BRL,BRL,4.3,1,946,BRL,0.68,BRL,16.1,BRL,0.56,17.6,48,1,30.5,3.7,60,101,,,,,,,,,,,,,,,,,,,,,,,,,,
5,43-013-30315-0000,40.3267,-109.9983,M.M. NORLING #1-9B1,UT CRC,"TC, TOC, HAWK, ICP",AGAT,E161207-011,7503.1,,,Green River,Mahogany zone,9.01,1.03,0.38,3.68,0.26,441,3.05,13.1,1.63,1.26,6.93,0.02,0.3,12,0.13,BRL,25,22,154,BRL,0.2,0.4,31.1,5.4,32,1.1,21,1.26,0.62,0.32,7.57,1.66,BRL,1,0.22,BRL,15.5,BRL,0.11,475,12,5.5,10.5,15,10,3.25,33.8,,0.9,5,BRL,1.9,BRL,902,BRL,0.22,BRL,1.9,BRL,0.12,1.31,67,1,6.8,0.7,47,31.9,,,,,,,,,,,,,,,,,,,,,,,,,,
5,43-013-30315-0000,40.3267,-109.9983,M.M. NORLING #1-9B1,UT CRC,"TC, TOC, HAWK, ICP",AGAT,E161207-012,7504.1,,,Green River,Mahogany zone,11.98,4.81,0.22,44.53,0.43,449,2.41,13.9,1.12,0.96,4.76,0.03,0.38,14.3,0.11,BRL,32,21,227,BRL,0.3,0.5,28.2,7,20,2.4,31,1.55,0.81,0.4,6.9,1.69,BRL,1,0.28,BRL,13.2,16,0.12,294,17,4.6,10.2,16,13,2.95,28.1,,1.1,BRL,BRL,2,BRL,889,BRL,0.24,BRL,3.8,0.6,0.12,3.51,36,1,9,0.8,48,34.4,,,,,,,,,,,,,,,,,,,,,,,,,,
5,43-013-30315-0000,40.3267,-109.9983,M.M. NORLING #1-9B1,UT CRC,"TC, TOC, HAWK, ICP",AGAT,E161207-013,7505.2,,,Green River,Mahogany zone,8.8,2.16,3.32,9.54,0.34,441,3,11.6,1.22,1.36,5.39,0.09,0.28,15.5,0.16,BRL,43,22,7090,BRL,0.3,0.2,25.7,3.3,32,0.6,33,2.33,1.24,0.68,9.08,2.39,BRL,BRL,0.44,BRL,13.4,BRL,0.2,357,9,6.5,11.9,16,14,3.18,33,,0.8,BRL,BRL,2.5,BRL,1150,BRL,0.36,BRL,15.4,BRL,0.17,4.76,60,2,12.4,1.1,46,21.6,,,,,,,,,,,,,,,,,,,,,,,,,,
5,43-013-30315-0000,40.3267,-109.9983,M.M. NORLING #1-9B1,UT CRC,"TC, TOC, HAWK, ICP",AGAT,E161207-014,7506.2,,,Green River,Mahogany zone,9.23,1.12,0.36,4.66,0.38,440,3.6,12.9,1.5,2.83,7.36,BRL,0.18,11.4,0.15,BRL,22,31,243,BRL,0.3,0.4,37.9,5.9,38,1.6,31,1.8,1.04,0.46,8.53,2.08,BRL,1,0.34,BRL,17.3,12,0.19,405,7,6.1,13,20,11,3.83,68.7,,0.9,9,BRL,2.3,BRL,1100,BRL,0.33,BRL,2.5,BRL,0.16,1.48,99,1,10.8,1.2,62,35.7,,,,,,,,,,,,,,,,,,,,,,,,,,
5,43-013-30315-0000,40.3267,-109.9983,M.M. NORLING #1-9B1,UT CRC,"TC, TOC, HAWK, ICP",AGAT,E161207-015,7507.2,,,Green River,Mahogany zone,8.64,1.76,0.18,10.34,0.53,440,4.31,10.9,2.3,3.69,6.21,0.01,0.21,13.4,0.18,BRL,24,45,286,BRL,0.5,0.5,51.7,9.1,45,2.3,44,3.24,2.03,0.73,11.5,3.27,BRL,1,0.64,BRL,23.5,82,0.27,405,5,7.8,19.1,25,16,5.64,95.5,,1.1,12,BRL,3.6,1,772,0.6,0.52,BRL,8.7,BRL,0.28,5.41,100,2,20.2,1.7,74,44.7,,,,,,,,,,,,,,,,,,,,,,,,,,
5,43-013-30315-0000,40.3267,-109.9983,M.M. NORLING #1-9B1,UT CRC,"TC, TOC, HAWK, ICP",AGAT,E161207-016,7508.2,,,Green River,Mahogany zone,5.85,1.03,0.25,3.34,0.44,440,5.43,7.18,3.09,4.74,4.36,BRL,0.8,18,0.21,BRL,29,48,223,BRL,0.4,0.3,49.6,11,46,2.9,37,2.87,1.59,0.72,13.2,3.32,BRL,2,0.54,BRL,25.7,88,0.23,463,7,9.5,19.2,34,18,5.78,121,,2.2,8,BRL,3.6,1,453,0.7,0.49,BRL,5.8,0.8,0.22,1.54,82,2,16.2,1.5,80,41.6,,,,,,,,,,,,,,,,,,,,,,,,,,
5,43-013-30315-0000,40.3267,-109.9983,M.M. NORLING #1-9B1,UT CRC,"TC, TOC, HAWK, ICP",AGAT,E161207-017,7509.2,,,Green River,Mahogany zone,5.41,0.96,0.59,2.86,0.47,432,6.01,6.74,3.24,5.2,3.95,BRL,0.28,19.5,0.23,BRL,10,47,205,BRL,0.4,0.4,46.4,9.6,47,2.5,38,2.59,1.41,0.75,15.5,3.27,BRL,1,0.5,BRL,25.8,44,0.2,500,7,10.1,19.8,32,21,5.82,118,,1,8,BRL,3.8,2,399,0.7,0.44,BRL,5.7,BRL,0.22,1.24,79,2,14.8,1.4,76,37.9,,,,,,,,,,,,,,,,,,,,,,,,,,
5,43-013-30315-0000,40.3267,-109.9983,M.M. NORLING #1-9B1,UT CRC,"TC, TOC, HAWK, ICP",AGAT,E161207-018,7510.25,,,Green River,Mahogany zone,5.03,1.03,0.3,3.59,0.59,438,6.35,5.68,2.8,5.3,3.53,0.01,0.14,19.6,0.25,BRL,6,48,221,BRL,0.5,0.3,51.4,10.3,39,2.8,41,3.11,1.69,0.89,16,3.77,BRL,1,0.57,BRL,27.8,28,0.24,513,7,11.2,21,23,16,6.23,132,,1.1,7,BRL,4.2,2,359,0.8,0.57,BRL,6.9,BRL,0.22,1.55,72,2,16.9,1.5,96,40.3,,,,,,,,,,,,,,,,,,,,,,,,,,
5,43-013-30315-0000,40.3267,-109.9983,M.M. NORLING #1-9B1,UT CRC,"TC, TOC, HAWK, ICP",AGAT,E161207-019,7511.25,,,Green River,Mahogany zone,5.21,1.07,0.95,2.92,0.4,430,5.83,5.53,3.19,5.42,3.7,0.01,0.11,19.1,0.24,BRL,5,47,193,BRL,0.5,0.4,47,8.6,45,2.6,39,2.39,1.34,0.74,16.9,3.48,BRL,1,0.46,BRL,26,37,0.2,479,5,11.1,21.9,19,21,6.23,128,,0.9,6,BRL,4.1,2,336,0.8,0.43,BRL,6.2,BRL,0.21,1.31,74,2,14.3,1.3,84,36.3,,,,,,,,,,,,,,,,,,,,,,,,,,
5,43-013-30315-0000,40.3267,-109.9983,M.M. NORLING #1-9B1,UT CRC,"TC, TOC, HAWK, ICP",AGAT,E161207-020,7512.3,,,Green River,Mahogany zone,4.96,0.84,0.41,2.8,0.36,437,5.63,6.35,3.81,5.08,3.48,0.01,2.74,18.1,0.23,BRL,82,51,934,BRL,0.5,0.4,47,10.9,45,3.2,39,2.9,1.6,0.75,13.9,3.31,BRL,2,0.55,BRL,27.1,129,0.23,399,19,10.6,19.8,31,42,6.15,134,,7.9,8,6,3.8,2,446,0.8,0.48,BRL,5.9,2.2,0.21,2.32,68,2,16.3,1.5,85,45,,,,,,,,,,,,,,,,,,,,,,,,,,
5,43-013-30315-0000,40.3267,-109.9983,M.M. NORLING #1-9B1,UT CRC,"TC, TOC, HAWK, ICP",AGAT,E161207-021,7513.5,,,Green River,Mahogany zone,12.46,5.32,0.25,45.83,0.3,452,3.02,11.8,1.98,1.87,6.29,BRL,0.16,12.1,0.15,BRL,10,25,1150,BRL,0.3,0.5,35.1,4.6,32,2.1,34,3.18,2.08,0.64,8.8,2.91,BRL,1,0.62,BRL,18.6,278,0.27,389,9,5.9,14.5,14,15,4.2,60.7,,1.1,13,BRL,3.1,1,804,BRL,0.45,BRL,13.3,BRL,0.29,7.6,116,1,19.4,1.7,49,31.9,,,,,,,,,,,,,,,,,,,,,,,,,,
5,43-013-30315-0000,40.3267,-109.9983,M.M. NORLING #1-9B1,UT CRC,"TC, TOC, HAWK, ICP",AGAT,E161207-022,7514.5,,,Green River,Mahogany zone,10.3,2.59,0.29,17.35,0.49,446,2.52,11.5,1.44,1.05,8.1,0.02,0.16,10.8,0.13,BRL,16,60,239,BRL,0.2,BRL,31,5,22,11.5,25,1.79,0.99,0.41,7.04,2,BRL,2,0.33,BRL,14.9,1310,0.16,236,15,5.9,11.8,13,10,3.45,141,,0.6,5,BRL,2.3,BRL,929,BRL,0.29,BRL,4.7,BRL,0.16,4.46,72,BRL,10.2,0.9,43,44,,,,,,,,,,,,,,,,,,,,,,,,,,
5,43-013-30315-0000,40.3267,-109.9983,M.M. NORLING #1-9B1,UT CRC,"TC, TOC, HAWK, ICP",AGAT,E161207-023,7515.6,,,Green River,Mahogany zone,15.92,14.12,0.71,119.74,0.48,452,5.63,2.64,2.07,0.91,1.55,0.07,0.32,20.4,0.16,BRL,51,32,405,BRL,0.5,0.9,54.5,14.3,32,0.8,31,2.32,1.36,0.87,14.6,3.08,BRL,4,0.42,BRL,32.9,68,0.17,232,34,12.8,21.4,56,30,6.39,42.5,,2,BRL,BRL,3.6,1,196,1.2,0.42,BRL,8.5,0.7,0.2,5.86,56,BRL,13.4,1.1,74,62.9,,,,,,,,,,,,,,,,,,,,,,,,,,
5,43-013-30315-0000,40.3267,-109.9983,M.M. NORLING #1-9B1,UT CRC,"TC, TOC, HAWK, ICP",AGAT,E161207-024,7516.9,,,Green River,Mahogany zone,9.43,4.56,0.39,33.45,0.63,448,4.13,8.64,1.35,1.85,3.78,0.23,0.39,17.7,0.18,BRL,17,25,348,BRL,0.3,0.9,43.5,6.3,65,2.1,25,2.87,2.05,0.76,9.62,3.23,1,3,0.59,BRL,26,15,0.33,311,9,8.6,19,20,22,5.52,70.8,,0.8,BRL,BRL,3.5,1,461,0.7,0.46,BRL,9.3,BRL,0.34,7.34,65,2,19.5,2.1,73,89.8,,,,,,,,,,,,,,,,,,,,,,,,,,
5,43-013-30315-0000,40.3267,-109.9983,M.M. NORLING #1-9B1,UT CRC,"TC, TOC, HAWK, ICP",AGAT,E161207-025,7517.9,,,Green River,Mahogany zone,12.26,5.32,0.23,47.24,0.46,449,3.37,15,1.71,2.58,3.83,0.51,0.63,10.5,0.15,BRL,21,24,471,BRL,0.7,0.7,43.5,9.4,37,3.6,51,2.43,1.43,0.69,9.3,3.14,BRL,2,0.47,BRL,21.1,11,0.21,259,20,8.6,16.5,19,27,4.83,92.1,,1.9,BRL,BRL,3.1,BRL,1020,0.5,0.42,BRL,9.8,0.6,0.22,6.38,55,2,14.7,1.3,141,46,,,,,,,,,,,,,,,,,,,,,,,,,,
5,43-013-30315-0000,40.3267,-109.9983,M.M. NORLING #1-9B1,UT CRC,"TC, TOC, HAWK, ICP",AGAT,E161207-026,7518.8,,,Green River,Mahogany zone,15.64,10.97,0.34,103.04,0.39,453,3.91,7.91,1.9,2.02,3.96,0.07,1.3,14.9,0.19,BRL,83,29,516,BRL,0.3,0.7,37.1,7.9,57,2.6,34,1.95,1.17,0.6,9.72,2.46,1,2,0.38,BRL,21.6,79,0.16,302,22,9.7,15.4,29,19,4.5,85.5,,1.4,BRL,BRL,2.7,BRL,440,0.7,0.35,BRL,5.2,1.6,0.17,2.88,77,2,12,1,68,73.9,,,,,,,,,,,,,,,,,,,,,,,,,,
5,43-013-30315-0000,40.3267,-109.9983,M.M. NORLING #1-9B1,UT CRC,"TC, TOC, HAWK, ICP",AGAT,E161207-027,7519.8,,,Green River,Mahogany zone,9.09,3.18,0.2,24.31,0.48,447,4.48,10.9,2.26,3.05,4.3,0.04,0.21,14.9,0.18,BRL,7,29,295,BRL,0.8,0.5,44.1,9.3,74,5.9,52,1.93,0.96,0.63,13.4,2.82,1,2,0.33,BRL,24.9,11,0.12,412,10,8.9,17.6,15,24,5.19,124,,1.1,7,BRL,3.3,1,663,0.6,0.36,BRL,4.7,BRL,0.14,1.87,83,2,10.3,0.8,69,45.9,,,,,,,,,,,,,,,,,,,,,,,,,,
5,43-013-30315-0000,40.3267,-109.9983,M.M. NORLING #1-9B1,UT CRC,"TC, TOC, HAWK, ICP",AGAT,E161207-028,7520.8,,,Green River,Mahogany zone,7.13,2.74,0.33,18.35,0.34,447,5.33,7.83,1.96,2.46,3.22,0.14,0.22,19.9,0.22,BRL,10,31,539,BRL,0.4,1.1,63,7.9,91,4.6,35,2.84,1.53,1,11.6,3.88,2,3,0.53,BRL,32.7,BRL,0.22,348,10,10,26,20,21,7.35,105,,0.6,6,BRL,4.5,1,485,0.9,0.51,BRL,9.7,BRL,0.23,3.91,63,2,17.8,1.4,90,75.1,,,,,,,,,,,,,,,,,,,,,,,,,,
5,43-013-30315-0000,40.3267,-109.9983,M.M. NORLING #1-9B1,UT CRC,"TC, TOC, HAWK, ICP",AGAT,E161207-029,7522,,,Green River,Mahogany zone,13.09,4.17,0.2,35.18,0.43,450,2.66,15.4,1.35,1.45,8.79,0.03,0.23,8.24,0.1,BRL,BRL,27,809,BRL,0.2,0.3,36.5,3.8,31,6.6,28,2.5,1.39,0.88,6.34,3.65,BRL,1,0.49,BRL,23.8,182,0.16,292,17,3,17.1,12,10,4.34,77.6,,0.8,BRL,BRL,4.1,BRL,1630,BRL,0.47,BRL,5.6,BRL,0.17,5.51,59,1,13.6,1.1,36,21.9,,,,,,,,,,,,,,,,,,,,,,,,,,
5,43-013-30315-0000,40.3267,-109.9983,M.M. NORLING #1-9B1,UT CRC,"TC, TOC, HAWK, ICP",AGAT,E161207-030,7523,,,Green River,Mahogany zone,8.85,1.56,0.2,8.65,0.53,445,3.54,12,2.18,1.48,6.18,0.04,0.18,13.9,0.13,BRL,BRL,32,678,BRL,0.3,0.6,56.9,4.8,60,4,26,1.53,0.83,0.61,9.84,2.35,BRL,2,0.27,BRL,29,15,0.15,317,14,3.9,19.2,12,15,6.17,77.1,,0.5,6,BRL,2.8,BRL,1160,0.6,0.3,BRL,5.3,BRL,0.14,2.04,79,1,9.3,0.8,51,40.4,,,,,,,,,,,,,,,,,,,,,,,,,,
5,43-013-30315-0000,40.3267,-109.9983,M.M. NORLING #1-9B1,UT CRC,"TC, TOC, HAWK, ICP",AGAT,E161207-031,7524,,,Green River,Mahogany zone,8.09,4.72,0.47,38.4,0.64,448,6.76,6.08,2.3,0.66,2.46,0.13,0.21,19.9,0.56,BRL,15,41,200,BRL,0.5,0.3,60.8,12.7,38,3.1,40,2.41,1.31,1.05,16.3,3.75,1,2,0.41,BRL,38.6,BRL,0.17,247,33,32.7,25.1,36,30,7.19,29.3,,1.3,BRL,BRL,4.7,1,435,1.6,0.46,BRL,7.7,0.7,0.17,2.45,43,5,12.4,0.9,81,42.7,,,,,,,,,,,,,,,,,,,,,,,,,,
5,43-013-30315-0000,40.3267,-109.9983,M.M. NORLING #1-9B1,UT CRC,"TC, TOC, HAWK, ICP",AGAT,E161207-032,7525,,,Green River,Mahogany zone,7.95,3.26,0.41,22.5,0.47,439,5.25,8.58,2.38,0.77,3.72,0.15,0.43,17.7,0.18,BRL,78,37,186,BRL,0.9,0.7,49.1,8.5,67,2,44,2.6,1.34,0.78,12.3,3.08,1,2,0.49,BRL,29.7,34,0.18,515,29,9.4,18.8,21,31,5.54,38.7,,2.3,6,BRL,3.4,1,580,0.9,0.44,BRL,6,1.1,0.18,4.76,103,2,14.1,1.1,76,55.3,,,,,,,,,,,,,,,,,,,,,,,,,,
5,43-013-30315-0000,40.3267,-109.9983,M.M. NORLING #1-9B1,UT CRC,"TC, TOC, HAWK, ICP",AGAT,E161207-033,7526.1,,,Green River,Mahogany zone,4.41,1.09,0.41,4.13,0.62,433,4.82,6.39,2.05,1.4,2.49,0.37,0.58,23.7,0.35,BRL,61,38,126,BRL,0.3,0.6,80.2,7.4,68,2.1,23,2.74,1.87,0.91,8.95,3.65,1,5,0.57,BRL,41.2,164,0.31,384,7,19,28.1,19,15,8.83,73.9,,0.9,8,BRL,4.5,2,445,1.6,0.56,BRL,25.9,0.8,0.29,8.57,115,4,18.3,1.8,77,156,,,,,,,,,,,,,,,,,,,,,,,,,,
5,43-013-30315-0000,40.3267,-109.9983,M.M. NORLING #1-9B1,UT CRC,"TC, TOC, HAWK, ICP",AGAT,E161207-034,7527.2,,,Green River,Mahogany zone,4.51,2.14,0.49,9.61,0.19,442,6.47,4.72,3.6,2.61,1.58,0.27,2.82,24.4,0.38,BRL,113,42,1190,BRL,0.4,0.7,65.9,12.8,83,3.9,37,3.97,2.3,1.15,14.9,4.66,1,5,0.84,BRL,35.5,30,0.29,303,15,17.6,28.3,33,29,8.22,132,,2.5,8,BRL,5,2,324,0.9,0.73,BRL,11.6,1.6,0.35,4.89,106,3,24.5,2,74,144,,,,,,,,,,,,,,,,,,,,,,,,,,
5,43-013-30315-0000,40.3267,-109.9983,M.M. NORLING #1-9B1,UT CRC,"TC, TOC, HAWK, ICP",AGAT,E161207-035,7527.9,,,Green River,Mahogany zone,7.51,3.46,0.29,24.47,0.58,446,5.32,8.91,2.24,2.65,2.68,0.25,0.48,21.7,0.35,BRL,19,37,599,BRL,0.3,0.3,59.9,7.8,87,8.2,28,3.65,2.26,1.11,11.3,4.79,2,4,0.78,BRL,35,129,0.28,517,9,12.6,29.4,18,11,8.34,132,,0.8,11,BRL,5.2,2,577,0.8,0.68,BRL,9.8,BRL,0.33,3.86,128,2,22.4,1.8,71,130,,,,,,,,,,,,,,,,,,,,,,,,,,
5,43-013-30315-0000,40.3267,-109.9983,M.M. NORLING #1-9B1,UT CRC,"TC, TOC, HAWK, ICP",AGAT,E161207-036,7529.8,,,Green River,Mahogany zone,12.99,7.74,0.25,72.13,0.32,450,4.32,13.7,2.21,1.41,2.59,0.16,1.32,15.2,0.19,BRL,91,34,544,BRL,0.9,1.5,43,11.4,46,7.5,63,2.41,1.32,0.7,10.8,3.06,1,2,0.5,BRL,24.7,109,0.17,313,39,7.9,19.4,28,36,5.68,78.3,,3.8,5,5,3.4,4,976,0.5,0.45,BRL,6.4,1,0.2,4.6,83,2,14.1,1.2,104,57.5,,,,,,,,,,,,,,,,,,,,,,,,,,
5,43-013-30315-0000,40.3267,-109.9983,M.M. NORLING #1-9B1,UT CRC,"TC, TOC, HAWK, ICP",AGAT,E161207-037,7530.7,,,Green River,Mahogany zone,24.85,19.99,0.75,189.15,0.98,455,2.96,9.09,1.45,1.18,2.96,0.09,0.21,11.5,0.13,BRL,13,24,429,BRL,0.4,0.7,20.6,5,33,4,36,1.56,0.88,0.48,6.88,1.65,BRL,2,0.29,BRL,15.9,62,0.11,257,23,5.8,11.8,17,24,3.38,58.9,,1.8,BRL,BRL,2,BRL,533,BRL,0.27,BRL,4.7,BRL,0.13,5.93,85,2,8.8,0.8,261,45.9,,,,,,,,,,,,,,,,,,,,,,,,,,
5,43-013-30315-0000,40.3267,-109.9983,M.M. NORLING #1-9B1,UT CRC,"TC, TOC, HAWK, ICP",AGAT,E161207-038,7531.7,,,Green River,Mahogany zone,4.92,2.28,0.37,12.17,0.23,443,5.86,5.56,2.96,1.69,2.17,0.12,2.64,24.6,0.26,BRL,38,637,3840,BRL,0.3,0.8,52.2,9,89,3.7,31,3.26,1.96,0.98,14,3.98,4,4,0.65,BRL,31.4,42,0.28,310,16,11.9,25.2,40,22,7.1,84.5,,1.4,8,BRL,4.3,2,269,0.8,0.59,BRL,8.8,1,0.32,6.37,121,2,21.5,1.9,89,114,,,,,,,,,,,,,,,,,,,,,,,,,,
5,43-013-30315-0000,40.3267,-109.9983,M.M. NORLING #1-9B1,UT CRC,"TC, TOC, HAWK, ICP",AGAT,E161207-039,7532.7,,,Green River,Mahogany zone,10.56,7.53,0.5,64.31,0.32,453,5.1,8.7,2.68,2.16,1.82,0.99,2.29,20.1,0.24,BRL,59,46,517,BRL,0.4,0.7,51,9.3,139,6.4,39,3.36,1.92,0.83,12.4,3.9,3,3,0.69,BRL,30,57,0.28,549,21,9.9,23,34,27,6.56,87.4,,1.7,8,BRL,4.2,2,705,0.7,0.57,BRL,8.1,1,0.29,5.15,92,3,22.7,1.8,87,101,,,,,,,,,,,,,,,,,,,,,,,,,,
5,43-013-30315-0000,40.3267,-109.9983,M.M. NORLING #1-9B1,UT CRC,"TC, TOC, HAWK, ICP",AGAT,E161207-040,7533.8,,,Green River,Mahogany zone,9.8,5.59,0.34,45.85,0.41,451,3.8,10.6,1.86,1.7,2.38,0.33,1.15,20.8,0.18,1,158,56,630,BRL,0.3,0.9,35.7,5.1,67,4.3,27,2.48,1.52,0.6,9.23,2.73,1,3,0.48,BRL,20.5,77,0.25,242,15,7.2,16.2,24,20,4.64,75.4,,1.6,BRL,BRL,2.9,1,772,0.6,0.43,BRL,7.3,1.3,0.26,5.23,56,2,16.3,1.6,177,109,,,,,,,,,,,,,,,,,,,,,,,,,,
5,43-013-30315-0000,40.3267,-109.9983,M.M. NORLING #1-9B1,UT CRC,"TC, TOC, HAWK, ICP",AGAT,E161207-041,7534.8,,,Green River,Mahogany zone,10.86,6.16,0.35,53.56,0.32,452,4.52,11.6,1.7,1.69,2.32,0.21,0.33,18.1,0.17,BRL,27,41,499,BRL,0.3,0.6,47.6,7.7,40,4.5,28,2.53,1.38,0.69,11,3.04,1,2,0.47,BRL,24.9,65,0.2,343,12,6.5,18.5,19,19,5.71,71,,3.1,BRL,BRL,3.2,1,797,0.6,0.46,BRL,8.5,0.6,0.2,4.5,50,1,14.7,1.2,67,67.9,,,,,,,,,,,,,,,,,,,,,,,,,,
5,43-013-30315-0000,40.3267,-109.9983,M.M. NORLING #1-9B1,UT CRC,"TC, TOC, HAWK, ICP",AGAT,E161207-042,7535.9,,,Green River,Mahogany zone,11.33,5.93,0.31,54.34,0.36,450,4.45,12.5,2.08,2.29,2.58,0.11,0.71,16.1,0.19,BRL,47,44,431,BRL,0.4,0.6,41,8.8,49,5.4,41,2.62,1.61,0.65,10.9,3.03,BRL,2,0.56,BRL,23.1,97,0.22,388,11,8.4,18.9,26,19,5.31,97.9,,1.6,5,BRL,3.3,3,763,0.5,0.46,BRL,7.6,0.9,0.25,3.76,57,2,16.5,1.3,77,66.8,,,,,,,,,,,,,,,,,,,,,,,,,,
5,43-013-30315-0000,40.3267,-109.9983,M.M. NORLING #1-9B1,UT CRC,"TC, TOC, HAWK, ICP",AGAT,E161207-043,7536.3,,,Green River,Mahogany zone,11.91,6.3,0.28,59.4,0.36,451,3.99,12.1,1.91,1.41,3.13,0.09,0.43,16.3,0.18,1,29,40,409,BRL,0.4,0.7,37.4,6.6,54,3.3,40,2.81,1.8,0.72,9.77,3.17,1,2,0.57,BRL,21.1,83,0.26,358,12,7.2,18.2,21,21,5.25,64.4,,1.5,6,BRL,3.5,1,748,0.5,0.5,BRL,8.4,BRL,0.27,4.52,62,2,17.7,1.7,83,74.6,,,,,,,,,,,,,,,,,,,,,,,,,,
5,43-013-30315-0000,40.3267,-109.9983,M.M. NORLING #1-9B1,UT CRC,"TC, TOC, HAWK, ICP",AGAT,E161207-044,7537.3,,,Green River,Mahogany zone,9.67,3.39,0.32,26.76,0.36,448,4.49,15.1,2.26,1.67,3.97,0.05,0.93,16.2,0.19,1,56,77,523,BRL,0.5,0.7,43.9,9.7,42,6.9,46,2.94,1.69,0.67,11.8,3.46,1,2,0.57,BRL,23.7,86,0.21,407,9,8.5,19.9,28,21,5.75,77.1,,2.1,6,BRL,3.8,1,1000,0.6,0.51,BRL,8.3,0.9,0.25,3.65,68,2,16.9,1.5,80,59.5,,,,,,,,,,,,,,,,,,,,,,,,,,
5,43-013-30315-0000,40.3267,-109.9983,M.M. NORLING #1-9B1,UT CRC,"TC, TOC, HAWK, ICP",AGAT,E161207-045,7538.3,,,Green River,Mahogany zone,8.76,3.48,0.6,24.35,0.42,446,4.56,12.1,2.27,0.96,3.36,0.1,1.07,16.6,0.2,BRL,45,46,306,BRL,0.4,0.8,37.3,8.1,64,3.6,42,2.52,1.33,0.65,11,2.93,1,3,0.48,BRL,24,85,0.2,386,10,8.4,18.4,26,19,5.28,44.8,,1.8,7,BRL,3.3,1,705,0.6,0.44,BRL,6,0.6,0.21,2.87,70,2,14.8,1.2,81,93.8,,,,,,,,,,,,,,,,,,,,,,,,,,
5,43-013-30315-0000,40.3267,-109.9983,M.M. NORLING #1-9B1,UT CRC,"TC, TOC, HAWK, ICP",AGAT,E161207-046,7539.5,,,Green River,Mahogany zone,13.81,8.71,0.48,82.59,0.46,453,3.91,11.7,1.59,1.46,2.5,0.15,0.46,15.2,0.17,BRL,40,59,506,BRL,0.4,0.8,31.4,5.5,60,3.9,34,2.36,1.4,0.63,9.55,2.8,1,2,0.5,BRL,20,98,0.19,320,12,7.2,16.5,26,18,4.67,68.4,,3,BRL,BRL,3,1,781,BRL,0.39,BRL,5.9,0.9,0.22,3.56,54,1,15,1.3,79,76.7,,,,,,,,,,,,,,,,,,,,,,,,,,
5,43-013-30315-0000,40.3267,-109.9983,M.M. NORLING #1-9B1,UT CRC,"TC, TOC, HAWK, ICP",AGAT,E161207-047,7540.5,,,Green River,Mahogany zone,8.87,4.1,0.37,34.4,0.41,449,3.28,11.2,1.08,1.36,2.99,0.12,0.19,21.8,0.16,BRL,14,32,375,BRL,0.2,0.8,32.8,4.4,49,6.6,25,2.17,1.23,0.5,8.07,2.41,1,3,0.42,BRL,16.5,120,0.19,323,7,6.3,13.8,14,13,3.95,59.4,,1.6,BRL,6,2.8,BRL,611,BRL,0.37,BRL,5.4,BRL,0.19,4.58,41,1,13.5,1.3,56,124,,,,,,,,,,,,,,,,,,,,,,,,,,
5,43-013-30315-0000,40.3267,-109.9983,M.M. NORLING #1-9B1,UT CRC,"TC, TOC, HAWK, ICP",AGAT,E161207-048,7541.6,,,Green River,Mahogany zone,8.94,2.55,1.61,17.11,0.37,444,2.37,12.7,1.65,0.78,4.75,0.05,0.19,19.1,0.11,BRL,21,40,322,BRL,0.2,0.3,21.5,4.2,56,2.3,21,1.48,0.93,0.39,5.46,1.74,BRL,3,0.3,BRL,13.1,111,0.15,278,5,4.3,10.7,17,19,3.08,35.3,,0.9,BRL,BRL,1.9,BRL,795,BRL,0.27,BRL,4.8,BRL,0.14,3.24,60,1,9.4,0.9,47,85.2,,,,,,,,,,,,,,,,,,,,,,,,,,
5,43-013-30315-0000,40.3267,-109.9983,M.M. NORLING #1-9B1,UT CRC,"TC, TOC, HAWK, ICP",AGAT,E161207-049,7542.6,,,Green River,Mahogany zone,6.35,3,1.84,15.67,0.29,442,2.78,7.14,1.07,1.44,2.83,0.14,0.15,25.9,0.16,BRL,32,26,330,BRL,0.1,1.2,39.7,6.2,56,3,17,2.98,1.75,0.7,6.14,3.26,1,4,0.6,BRL,18.2,92,0.2,164,6,4.7,17.4,29,7,4.84,62.8,,0.8,BRL,BRL,3.3,1,503,BRL,0.5,BRL,10.4,0.5,0.23,6.43,42,1,18.3,1.4,69,134,,,,,,,,,,,,,,,,,,,,,,,,,,
5,43-013-30315-0000,40.3267,-109.9983,M.M. NORLING #1-9B1,UT CRC,"TC, TOC, HAWK, ICP",AGAT,E161207-050,7543.6,,,Green River,Mahogany zone,9.7,2.72,0.31,20.1,0.48,446,3.24,12.8,1.89,1.18,5.84,0.03,0.19,15.9,0.14,BRL,18,30,161,BRL,0.3,0.3,32.2,7.1,37,2.3,33,1.98,1.14,0.52,8.18,2.2,BRL,2,0.4,BRL,15.5,31,0.17,363,5,6.2,13,18,13,3.8,52,,2.7,6,7,2.3,1,904,BRL,0.34,BRL,6,BRL,0.17,4.39,63,1,11.8,1.1,60,44.6,,,,,,,,,,,,,,,,,,,,,,,,,,
5,43-013-30315-0000,40.3267,-109.9983,M.M. NORLING #1-9B1,UT CRC,"TC, TOC, HAWK, ICP",AGAT,E161207-051,7544.8,,,Green River,Mahogany zone,11.14,4.14,0.21,36.4,0.5,450,3.38,12.8,1.8,1.53,5.86,0.03,0.19,15,0.14,BRL,7,64,411,BRL,0.3,0.3,29.4,6,28,2.4,33,2.36,1.53,0.51,8.72,2.49,BRL,2,0.49,BRL,16.4,27,0.23,402,3,6,14.7,12,15,4.22,64.4,,1.3,6,BRL,2.8,1,718,BRL,0.38,BRL,8.8,BRL,0.21,5.96,58,1,14.1,1.4,54,52.2,,,,,,,,,,,,,,,,,,,,,,,,,,
5,43-013-30315-0000,40.3267,-109.9983,M.M. NORLING #1-9B1,UT CRC,"TC, TOC, HAWK, ICP",AGAT,E161207-052,7545.8,,,Green River,Mahogany zone,2.96,0.48,0.57,1.69,0.34,431,1.5,3.99,1.53,0.91,1.96,0.04,0.07,31.7,0.06,BRL,12,66,425,BRL,BRL,BRL,26.4,2.6,42,1.5,9,2.39,1.46,0.48,4.08,2.46,1,4,0.5,BRL,12.6,86,0.21,133,6,1.8,12.5,10,BRL,3.32,39.2,,0.3,BRL,BRL,2.3,1,280,BRL,0.38,BRL,8.1,BRL,0.2,2.77,46,BRL,14.7,1.3,27,165,,,,,,,,,,,,,,,,,,,,,,,,,,
5,43-013-30315-0000,40.3267,-109.9983,M.M. NORLING #1-9B1,UT CRC,"TC, TOC, HAWK, ICP",AGAT,E161207-053,7546.9,,,Green River,Mahogany zone,7.96,2.63,0.19,18.82,0.39,445,5.01,8.89,2.52,1.94,4.79,0.02,0.19,18.6,0.21,BRL,32,114,652,BRL,0.5,0.4,47.1,9.6,45,9.5,44,2.4,1.54,0.62,14,2.71,1,2,0.49,BRL,22.8,456,0.27,407,6,9.3,18.3,18,20,5.45,105,,1.8,8,BRL,3.1,1,679,0.6,0.44,BRL,7.9,BRL,0.26,4.27,87,3,15.2,1.6,79,54.1,,,,,,,,,,,,,,,,,,,,,,,,,,
5,43-013-30315-0000,40.3267,-109.9983,M.M. NORLING #1-9B1,UT CRC,"TC, TOC, HAWK, ICP",AGAT,E161207-054,7548.1,,,Green River,Mahogany zone,7.9,2.64,0.2,19.64,0.5,449,4.67,8.91,3.97,2.78,4.35,0.03,2.77,17.7,0.2,BRL,254,68,334,BRL,0.5,0.4,53.5,11.8,49,5.7,49,3.16,1.77,0.75,12.5,3.47,1,2,0.62,BRL,26.3,51,0.25,441,14,8.5,21.1,41,28,6.01,119,,3.2,8,BRL,3.7,2,616,0.6,0.54,BRL,8.9,2,0.27,4.84,91,2,18,1.6,78,50.9,,,,,,,,,,,,,,,,,,,,,,,,,,
5,43-013-30315-0000,40.3267,-109.9983,M.M. NORLING #1-9B1,UT CRC,"TC, TOC, HAWK, ICP",AGAT,E161207-055,7549.1,,,Green River,Mahogany zone,9.05,3.12,0.34,21.65,0.48,445,4.31,11,2.58,1.56,4.32,0.04,0.46,15.6,0.18,BRL,39,80,501,BRL,0.7,0.5,46.4,9.7,42,2.7,51,3.31,1.89,0.75,12,3.45,2,2,0.66,BRL,25.2,16,0.28,445,9,7.9,20.9,23,24,6.01,69.6,,2.3,8,BRL,3.6,1,683,0.6,0.53,1.2,9.6,0.7,0.28,6.04,93,2,19.6,1.7,71,51.7,,,,,,,,,,,,,,,,,,,,,,,,,,
5,43-013-30315-0000,40.3267,-109.9983,M.M. NORLING #1-9B1,UT CRC,"TC, TOC, HAWK, ICP",AGAT,E161207-056,7550.25,,,Green River,Mahogany zone,8.22,3.43,0.37,25.27,0.72,446,5,10.4,2.11,0.84,2.9,0.16,0.69,18.2,0.22,BRL,45,43,353,BRL,0.8,1.1,52,11.6,65,4.1,60,2.6,1.49,0.74,12.5,3.24,3,3,0.53,BRL,28.1,16,0.23,334,22,10.1,20.3,21,30,6.08,39.3,,2.7,6,BRL,3.7,3,652,0.7,0.46,0.8,6.3,0.7,0.21,3.73,69,2,15.1,1.3,103,81.3,,,,,,,,,,,,,,,,,,,,,,,,,,
5,43-013-30315-0000,40.3267,-109.9983,M.M. NORLING #1-9B1,UT CRC,"TC, TOC, HAWK, ICP",AGAT,E161207-057,7551.25,,,Green River,Mahogany zone,12.4,4.22,0.16,32.8,0.47,449,2.25,18.3,0.98,0.86,4.73,0.05,0.31,10.9,0.09,BRL,8,30,437,BRL,0.4,0.4,26.5,4,22,4.4,30,1.59,0.92,0.41,6.2,1.75,1,1,0.32,BRL,12.5,25,0.14,336,30,4.4,10.6,9,16,2.99,36.6,,1.6,BRL,BRL,2,BRL,1210,BRL,0.28,BRL,4.4,BRL,0.11,4.59,49,1,9.1,0.7,89,27.9,,,,,,,,,,,,,,,,,,,,,,,,,,
5,43-013-30315-0000,40.3267,-109.9983,M.M. NORLING #1-9B1,UT CRC,"TC, TOC, HAWK, ICP",AGAT,E161207-058,7552.25,,,Green River,Mahogany zone,14.94,9.45,0.74,73.37,0.43,446,4.2,8.99,1.98,1.46,4.45,0.05,0.53,14.7,0.16,BRL,120,82,545,BRL,0.6,0.8,36,14.8,46,4.3,51,2.17,1.36,0.58,11,2.62,2,1,0.45,BRL,21.8,37,0.19,254,51,8.8,17,39,32,4.97,74,,2.3,6,BRL,3.1,1,682,0.5,0.38,BRL,6.6,0.9,0.2,12.1,124,2,13.2,1.3,79,46.5,,,,,,,,,,,,,,,,,,,,,,,,,,
5,43-013-30315-0000,40.3267,-109.9983,M.M. NORLING #1-9B1,UT CRC,"TC, TOC, HAWK, ICP",AGAT,E161207-059,7552.8,,,Green River,Mahogany zone,19.77,14.81,0.32,133.34,0.99,450,3.43,11.2,1.89,1.44,2.75,0.16,0.81,13.1,0.14,BRL,101,84,648,BRL,0.8,1,34.2,9.5,44,4.4,59,2.42,1.39,0.57,8.78,2.79,1,2,0.48,BRL,20,190,0.22,245,37,5.7,16.3,30,33,4.8,81.5,,3.4,5,5,2.8,1,855,BRL,0.41,BRL,7.2,0.7,0.22,6.75,83,1,14.3,1.3,78,50.6,,,,,,,,,,,,,,,,,,,,,,,,,,
5,43-013-30315-0000,40.3267,-109.9983,M.M. NORLING #1-9B1,UT CRC,"TC, TOC, HAWK, ICP",AGAT,E161207-060,7553.8,,,Green River,Mahogany zone,12.55,6.76,0.3,56.28,0.58,450,3.84,12.6,1.88,1.49,3.39,0.05,0.51,14.3,0.16,BRL,62,56,467,BRL,0.6,0.6,38.2,8.3,32,4.6,45,2.57,1.49,0.65,9.86,2.78,BRL,1,0.47,BRL,21.9,99,0.21,352,16,6.4,17.7,20,23,5.11,77.1,,1.9,5,BRL,3.2,3,780,0.5,0.44,BRL,7.4,0.5,0.22,3.86,74,2,14.1,1.3,70,49.1,,,,,,,,,,,,,,,,,,,,,,,,,,
5,43-013-30315-0000,40.3267,-109.9983,M.M. NORLING #1-9B1,UT CRC,"TC, TOC, HAWK, ICP",AGAT,E161207-061,7554.8,,,Green River,Mahogany zone,15.82,8.07,0.34,75.52,0.39,453,2.1,14.3,1,0.83,5.37,0.03,0.29,10.9,0.09,BRL,16,47,405,BRL,0.3,0.4,23.9,3.6,22,2.3,28,1.4,0.78,0.38,5.51,1.73,BRL,1,0.26,BRL,11.8,81,0.11,290,17,4,10.1,12,11,2.84,47.2,,1,BRL,BRL,1.9,1,1010,BRL,0.26,BRL,3.7,BRL,0.12,3.66,47,1,8.1,0.6,45,36.5,,,,,,,,,,,,,,,,,,,,,,,,,,
5,43-013-30315-0000,40.3267,-109.9983,M.M. NORLING #1-9B1,UT CRC,"TC, TOC, HAWK, ICP",AGAT,E161207-062,7555.9,,,Green River,Mahogany zone,18.34,12.51,0.43,105.39,0.82,456,2.2,10.4,1.16,0.91,4.34,0.03,0.26,15.1,0.09,BRL,17,63,396,BRL,0.5,0.6,22,6,22,2.8,37,1.36,0.78,0.35,6.08,1.59,BRL,1,0.26,BRL,12.4,96,0.11,236,26,4.1,10.1,13,35,2.76,55.1,,4.8,BRL,BRL,1.7,BRL,727,BRL,0.24,BRL,3.6,BRL,0.12,4.54,66,1,8,0.7,235,38.1,,,,,,,,,,,,,,,,,,,,,,,,,,
5,43-013-30315-0000,40.3267,-109.9983,M.M. NORLING #1-9B1,UT CRC,"TC, TOC, HAWK, ICP",AGAT,E161207-063,7556.9,,,Green River,Mahogany zone,3.52,1.56,1.44,7.61,0.3,449,5.95,3.16,1.61,0.76,1.19,0.08,0.13,28.3,0.21,BRL,22,101,357,BRL,0.3,BRL,82.6,4.7,26,5.1,6,2.75,1.53,1.17,13.6,3.63,2,5,0.54,BRL,58.4,153,0.22,478,6,14.9,30.7,8,24,9.76,47.1,,0.8,BRL,BRL,5,2,324,1.8,0.52,BRL,16.9,BRL,0.21,5.61,42,3,16,1.4,134,287,,,,,,,,,,,,,,,,,,,,,,,,,,
5,43-013-30315-0000,40.3267,-109.9983,M.M. NORLING #1-9B1,UT CRC,"TC, TOC, HAWK, ICP",AGAT,E161207-064,7557.9,,,Green River,Mahogany zone,17.08,11.92,0.52,82.5,1.32,448,3.98,11.5,2.5,1.36,3.31,0.04,1.01,14.8,0.17,BRL,168,90,464,BRL,1.5,1.3,54.4,11.4,35,3.7,90,2.27,1.19,0.67,9.62,2.82,1,2,0.44,BRL,28.4,78,0.18,346,30,6.6,20.6,25,53,5.98,71.2,,6.1,6,6,3.4,1,738,0.5,0.43,BRL,8,0.7,0.18,4.75,104,4,13.2,1.1,104,49.8,,,,,,,,,,,,,,,,,,,,,,,,,,
5,43-013-30315-0000,40.3267,-109.9983,M.M. NORLING #1-9B1,UT CRC,"TC, TOC, HAWK, ICP",AGAT,E161207-065,7559,,,Green River,Mahogany zone,32.65,28.36,0.6,252.34,1.26,463,2.53,9.06,1.53,0.91,2.9,0.05,0.84,11.3,0.11,BRL,57,45,341,BRL,0.5,0.8,21.3,11.8,26,3.5,40,1.31,0.82,0.4,6.22,1.56,1,1,0.26,BRL,13.5,67,0.12,231,25,4.7,10.3,23,19,3,51.9,,1.3,BRL,BRL,1.8,1,561,BRL,0.26,BRL,3.9,0.6,0.12,5.91,85,2,8.1,0.8,57,39.9,,,,,,,,,,,,,,,,,,,,,,,,,,
5,43-013-30315-0000,40.3267,-109.9983,M.M. NORLING #1-9B1,UT CRC,"TC, TOC, HAWK, ICP",AGAT,E161207-066,7560,,,Green River,Mahogany zone,15.71,11.65,0.9,86.29,0.83,447,4.66,8.77,2.5,1.3,2.83,0.13,0.98,16.4,0.19,BRL,19,68,404,BRL,1.1,0.9,44.7,13,48,5.2,71,2.61,1.43,0.66,11.6,3.01,1,2,0.49,BRL,23.8,61,0.23,216,24,8.1,18.7,34,47,5.28,83.9,,2.8,7,BRL,3.2,1,546,0.6,0.44,BRL,8.2,0.8,0.24,8.06,172,5,15.6,1.4,88,74.3,,,,,,,,,,,,,,,,,,,,,,,,,,
5,43-013-30315-0000,40.3267,-109.9983,M.M. NORLING #1-9B1,UT CRC,"TC, TOC, HAWK, ICP",AGAT,E161207-067,7561.2,,,Green River,Mahogany zone,39.21,35.57,1.06,361.97,1.05,454,2.69,7.33,1.46,0.76,2.34,0.19,0.63,10.3,0.12,BRL,23,75,378,BRL,0.9,1.1,25.7,10.7,35,3.2,61,1.55,0.98,0.38,6.96,1.59,BRL,1,0.29,BRL,14.6,54,0.13,201,29,4.9,10.8,24,33,3.09,43.3,,2.5,BRL,BRL,1.8,BRL,360,BRL,0.24,BRL,4.1,BRL,0.14,4.34,118,3,9,0.8,76,47.1,,,,,,,,,,,,,,,,,,,,,,,,,,
5,43-013-30315-0000,40.3267,-109.9983,M.M. NORLING #1-9B1,UT CRC,"TC, TOC, HAWK, ICP",AGAT,E161207-068,7562.1,,,Green River,Mahogany zone,29.44,25.74,0.98,209.4,1.66,451,3.47,7.59,2.19,1.23,2.71,0.1,0.93,12.4,0.16,BRL,53,65,352,BRL,1.3,1.7,30.9,15.8,42,5.1,87,1.87,1.12,0.49,8.71,2.13,1,2,0.34,BRL,19.2,46,0.17,273,47,6.5,14.1,33,53,4.2,69,,6.1,5,BRL,2.3,1,346,BRL,0.33,BRL,5.5,0.7,0.16,5.39,163,8,11.2,1,106,56,,,,,,,,,,,,,,,,,,,,,,,,,,
5,43-013-30315-0000,40.3267,-109.9983,M.M. NORLING #1-9B1,UT CRC,"TC, TOC, HAWK, ICP",AGAT,E161207-069,7563.1,,,Green River,Mahogany zone,24.23,19.91,1.07,222.34,0.89,452,3.38,11.9,2.08,1.23,2.12,0.39,1.12,12.8,0.14,BRL,189,77,496,BRL,1,1.9,36.8,13.4,40,4.8,73,1.84,1.12,0.49,8.47,2.29,BRL,2,0.41,BRL,18.6,106,0.16,308,49,5.9,14.5,32,46,4.13,80.8,,5.4,BRL,9,2.5,1,718,BRL,0.33,BRL,5.5,0.9,0.16,7.02,103,2,11.6,1,111,60.3,,,,,,,,,,,,,,,,,,,,,,,,,,
5,43-013-30315-0000,40.3267,-109.9983,M.M. NORLING #1-9B1,UT CRC,"TC, TOC, HAWK, ICP",AGAT,E161207-070,7564.3,,,Green River,Mahogany zone,18.45,14.79,0.8,169.27,0.99,450,4.77,7.1,2.66,1.6,3.38,0.09,0.82,18.1,0.2,BRL,102,99,440,BRL,1.3,1.8,48.5,14.9,53,7.3,90,2.59,1.57,0.67,11.9,2.82,2,2,0.49,BRL,25.9,149,0.21,300,69,9.1,18.8,42,64,5.73,98.7,,5.4,7,6,3.4,1,365,0.6,0.42,BRL,8.1,0.9,0.23,7.37,153,7,15.1,1.4,113,81.4,,,,,,,,,,,,,,,,,,,,,,,,,,
5,43-013-30315-0000,40.3267,-109.9983,M.M. NORLING #1-9B1,UT CRC,"TC, TOC, HAWK, ICP",AGAT,E161207-071,7565.2,,,Green River,Mahogany zone,10.5,7.4,1.63,52.48,0.48,444,4.86,6.35,1.58,1.26,1.47,0.17,0.21,23.2,0.17,BRL,29,80,375,BRL,0.7,1.3,56.9,6.8,61,4,51,4.52,2.81,0.66,11,4.44,2,4,0.95,BRL,26.1,41,0.44,269,29,8.8,22.9,13,29,6.26,64.9,,3.1,BRL,BRL,4.3,7,336,0.7,0.77,BRL,8,BRL,0.44,5.5,62,5,28.5,2.5,95,82.4,,,,,,,,,,,,,,,,,,,,,,,,,,
5,43-013-30315-0000,40.3267,-109.9983,M.M. NORLING #1-9B1,UT CRC,"TC, TOC, HAWK, ICP",AGAT,E161207-072,7570,,,Green River,Mahogany zone,17.66,10.36,0.89,87.82,0.51,450,2.59,16.8,1.5,0.81,3.44,0.08,0.53,10.8,0.11,BRL,43,146,1090,BRL,0.4,0.9,31.8,7.3,26,2.5,39,1.66,1,0.45,6.77,2.07,BRL,1,0.35,BRL,14.9,70,0.14,318,21,4.3,11.6,17,54,3.43,50.3,,2,BRL,BRL,2.1,BRL,945,BRL,0.33,BRL,5.3,BRL,0.15,2.93,68,2,10.8,0.9,95,43.8,,,,,,,,,,,,,,,,,,,,,,,,,,
5,43-013-30315-0000,40.3267,-109.9983,M.M. NORLING #1-9B1,UT CRC,"TC, TOC, HAWK, ICP",AGAT,E161207-073,7570.3,,,Green River,Mahogany zone,16.09,8.03,0.77,68.91,0.52,451,2.38,19.4,1.13,0.68,3.35,0.22,0.67,10,0.11,BRL,69,50,446,BRL,0.2,0.9,24.5,4.5,55,1.6,30,1.29,0.88,0.41,5.71,1.63,BRL,1,0.27,BRL,12.6,24,0.13,387,16,3.8,9.8,15,12,2.79,35,,1.6,BRL,BRL,1.7,BRL,1110,BRL,0.25,BRL,3.6,BRL,0.13,2.68,46,2,9.3,0.8,57,46.3,,,,,,,,,,,,,,,,,,,,,,,,,,
5,43-013-30315-0000,40.3267,-109.9983,M.M. NORLING #1-9B1,UT CRC,"TC, TOC, HAWK, ICP",AGAT,E161207-074,7571.3,,,Green River,Mahogany zone,13.12,5.76,1.1,42.6,0.59,445,2.31,18.1,1.15,0.93,2.95,0.34,0.65,11.8,0.12,BRL,71,98,646,BRL,0.2,0.8,27,6,55,2.4,29,1.55,0.89,0.42,5.92,2.01,BRL,2,0.35,BRL,13.7,36,0.14,316,15,4.6,11,17,11,3.02,49.1,,1.6,BRL,BRL,2.1,1,1220,BRL,0.29,BRL,3.7,0.8,0.14,3.63,52,2,10.9,0.9,66,68.5,,,,,,,,,,,,,,,,,,,,,,,,,,
5,43-013-30315-0000,40.3267,-109.9983,M.M. NORLING #1-9B1,UT CRC,"TC, TOC, HAWK, ICP",AGAT,E161207-075,7572.3,,,Green River,Mahogany zone,18.35,10.84,1.23,95.77,0.76,451,1.89,16.4,1.22,0.76,3.07,0.12,0.82,11.6,0.09,BRL,58,45,430,BRL,0.4,0.8,20.7,7.2,27,2.1,38,0.99,0.61,0.26,4.58,1.15,BRL,1,0.22,BRL,9.3,50,0.09,213,27,3.1,7.2,21,597,2.09,39,,1.3,BRL,BRL,1.3,1,1140,BRL,0.18,BRL,2.9,0.8,0.07,4.85,63,2,6.2,0.6,145,38.8,,,,,,,,,,,,,,,,,,,,,,,,,,
5,43-013-30315-0000,40.3267,-109.9983,M.M. NORLING #1-9B1,UT CRC,"TC, TOC, HAWK, ICP",AGAT,E161207-076,7573.3,,,Green River,Mahogany zone,14.57,11.33,1.53,69.9,0.56,448,5.09,6.83,2.53,2.42,1.59,0.32,0.78,19.2,0.28,BRL,54,269,429,BRL,0.5,2.6,49.4,10,215,7.6,44,2.92,1.82,0.85,12.3,3.81,3,3,0.7,BRL,30.9,66,0.24,258,18,11,22.1,43,88,6.24,111,,2.1,8,BRL,3.9,2,414,0.6,0.53,BRL,6.6,1.3,0.28,5.79,129,5,23.2,1.7,164,109,,,,,,,,,,,,,,,,,,,,,,,,,,
5,43-013-30315-0000,40.3267,-109.9983,M.M. NORLING #1-9B1,UT CRC,"TC, TOC, HAWK, ICP",AGAT,E161207-077,7574.3,,,Green River,Mahogany zone,21.89,17.46,0.7,142.14,0.5,445,4.11,10.8,2.93,1.71,0.95,0.56,1.2,14,0.18,BRL,315,99,584,BRL,1.3,2.4,44.6,13.7,50,4,95,2.1,1.18,0.57,9.81,2.74,1,2,0.44,BRL,21.9,64,0.2,279,48,7.3,16.6,53,60,4.68,82.1,,9.3,6,9,2.7,2,705,BRL,0.39,BRL,6.8,1.1,0.18,12.6,139,4,13.1,1.2,139,72.9,,,,,,,,,,,,,,,,,,,,,,,,,,
5,43-013-30315-0000,40.3267,-109.9983,M.M. NORLING #1-9B1,UT CRC,"TC, TOC, HAWK, ICP",AGAT,E161207-078,7575.2,,,Green River,Mahogany zone,12.59,7.85,0.57,58.51,0.58,449,4.71,10.9,3.06,1.68,2.89,0.47,1.06,14.5,0.2,BRL,24,188,618,BRL,1.1,1.3,47.8,15.8,44,5.5,79,2.46,1.49,0.7,11.7,3.19,2,2,0.56,BRL,24.5,30,0.2,351,28,7.6,19.6,35,230,5.53,79.9,,2.4,9,BRL,3.3,1,679,BRL,0.48,BRL,7.3,0.9,0.21,6.11,136,4,14.6,1.3,127,59.4,,,,,,,,,,,,,,,,,,,,,,,,,,
5,43-013-30315-0000,40.3267,-109.9983,M.M. NORLING #1-9B1,UT CRC,"TC, TOC, HAWK, ICP",AGAT,E161207-079,7576.2,,,Green River,Mahogany zone,12.34,7.6,0.8,54.26,0.61,448,5.43,8.35,3.2,1.63,2.99,0.07,0.7,16.6,0.22,BRL,45,82,478,BRL,1.5,1.5,51.1,14.8,65,4.4,82,2.37,1.41,0.7,13.2,3.19,2,2,0.52,BRL,28.5,44,0.19,358,24,9.1,21.2,40,77,6.19,79.9,,5.3,8,BRL,3.9,2,539,0.5,0.46,BRL,7,1,0.19,4.25,130,4,14.4,1.3,347,63.1,,,,,,,,,,,,,,,,,,,,,,,,,,
5,43-013-30315-0000,40.3267,-109.9983,M.M. NORLING #1-9B1,UT CRC,"TC, TOC, HAWK, ICP",AGAT,E161207-080,7577.2,,,Green River,Mahogany zone,10.34,5.97,0.88,42.79,0.6,449,4.43,9.27,1.7,2.08,2.22,0.15,0.55,20.6,0.2,BRL,51,64,509,BRL,0.4,1.2,43.6,8.7,68,3.4,40,2.39,1.53,0.66,10.2,3.07,2,3,0.57,BRL,22.3,36,0.2,222,17,8,17.7,26,54,4.98,86.3,,2,6,BRL,3.3,2,504,0.6,0.45,BRL,6.6,0.7,0.22,4.63,82,3,15.9,1.3,100,103,,,,,,,,,,,,,,,,,,,,,,,,,,
5,43-013-30315-0000,40.3267,-109.9983,M.M. NORLING #1-9B1,UT CRC,"TC, TOC, HAWK, ICP",AGAT,E161207-081,7578.1,,,Green River,Mahogany zone,11.58,6.94,0.77,50.8,0.68,445,,,,,,,,,,,,,,,,,,,,,,,,,,,,,,,,,,,,,,,,,,,,,,,,,,,,,,,,,,,,,,,,,,,,,,,,,,,,,,,,,,,,,,,
5,43-013-30315-0000,40.3267,-109.9983,M.M. NORLING #1-9B1,UT CRC,"TC, TOC, HAWK, ICP",AGAT,E161207-082,7579.1,,,Green River,Mahogany zone,17.83,9.99,0.29,100.64,0.47,452,1.92,16.3,1.02,0.79,4.1,0.07,0.54,10.6,0.09,BRL,47,34,432,BRL,0.3,0.6,22.2,5.1,20,2.1,31,1.1,0.65,0.29,4.69,1.42,BRL,1,0.25,BRL,10,52,0.09,305,14,3.5,8.6,25,14,2.33,42.3,,0.7,BRL,BRL,1.7,BRL,1100,BRL,0.21,BRL,3.2,1,0.1,3.59,40,1,6.7,0.6,43,32.7,,,,,,,,,,,,,,,,,,,,,,,,,,
5,43-013-30315-0000,40.3267,-109.9983,M.M. NORLING #1-9B1,UT CRC,"TC, TOC, HAWK, ICP",AGAT,E161207-083,7580,,,Green River,Mahogany zone,10.13,9.1,8.14,67.69,0.45,442,5.38,2,0.88,0.36,0.28,0.09,0.3,29.2,0.05,BRL,54,128,832,BRL,0.3,0.2,58.6,12.1,17,1.9,17,0.9,0.47,0.43,12,1.49,BRL,3,0.17,BRL,30.2,52,0.05,BRL,15,1.6,17.1,37,22,5.73,20.9,,0.5,BRL,BRL,2,BRL,453,0.5,0.19,BRL,9.8,1.1,BRL,2.39,11,BRL,4.9,0.4,38,80.3,,,,,,,,,,,,,,,,,,,,,,,,,,
5,43-013-30315-0000,40.3267,-109.9983,M.M. NORLING #1-9B1,UT CRC,"TC, TOC, HAWK, ICP",AGAT,E161207-084,7581.2,,,Green River,Mahogany zone,13.24,6.47,0.73,49.64,0.57,448,2.95,11.9,1.51,1.09,5,0.06,0.31,14.8,0.13,BRL,7,69,417,BRL,0.5,0.8,27.4,6.8,30,3.4,41,1.54,1.01,0.38,7.24,1.93,BRL,1,0.36,BRL,15.1,156,0.15,241,26,5.3,11.8,16,28,3.31,65.6,,1.7,BRL,BRL,2.1,1,796,BRL,0.26,BRL,4.6,0.5,0.14,5.42,95,2,10,1,69,54.6,,,,,,,,,,,,,,,,,,,,,,,,,,
5,43-013-30315-0000,40.3267,-109.9983,M.M. NORLING #1-9B1,UT CRC,"TC, TOC, HAWK, ICP",AGAT,E161207-085,7582.1,,,Green River,Mahogany zone,13.76,9.02,0.88,80.71,0.53,442,3.21,9.97,1.89,1.94,2.65,0.17,0.86,18.9,0.14,BRL,102,73,320,BRL,1,1.5,38.4,11.9,41,4.2,64,2.04,1.09,0.66,8.01,2.44,BRL,BRL,0.44,BRL,19.7,44,0.16,307,36,5.4,15.5,31,54,4.31,73.5,,4,BRL,BRL,2.8,1,632,BRL,0.35,BRL,7.4,1,0.16,7.52,91,3,12.8,1.1,104,38.7,,,,,,,,,,,,,,,,,,,,,,,,,,
5,43-013-30315-0000,40.3267,-109.9983,M.M. NORLING #1-9B1,UT CRC,"TC, TOC, HAWK, ICP",AGAT,E161207-086,7583,,,Green River,Mahogany zone,10.99,4.91,0.28,36.63,0.49,447,3.98,12.8,2.46,1.83,3.1,0.05,0.56,15.4,0.16,BRL,59,133,892,BRL,0.7,0.7,45.1,11.1,41,5,56,2.28,1.25,0.62,9.94,2.91,BRL,1,0.47,BRL,20.7,52,0.19,281,23,6,17,25,27,4.93,96.9,,2.7,7,BRL,3.2,1,839,BRL,0.41,BRL,6.9,1,0.18,3.96,86,3,13.1,1.1,80,44.4,,,,,,,,,,,,,,,,,,,,,,,,,,
5,43-013-30315-0000,40.3267,-109.9983,M.M. NORLING #1-9B1,UT CRC,"TC, TOC, HAWK, ICP",AGAT,E161207-087,7583.9,,,Green River,Mahogany zone,16.12,7.1,0.23,68.53,0.44,450,1.83,21.5,0.84,0.84,3.62,0.08,0.45,8.37,0.08,BRL,BRL,23,410,BRL,0.2,0.4,22.5,4.7,16,2.3,30,1.56,0.92,0.31,4.39,1.68,BRL,BRL,0.36,BRL,9.8,48,0.12,285,17,3.1,9.2,10,11,2.42,42.7,,1.2,BRL,BRL,1.7,BRL,1450,BRL,0.25,BRL,4.9,BRL,0.15,3.38,36,1,9.6,0.8,35,27.1,,,,,,,,,,,,,,,,,,,,,,,,,,
5,43-013-30315-0000,40.3267,-109.9983,M.M. NORLING #1-9B1,UT CRC,"TC, TOC, HAWK, ICP",AGAT,E161207-088,7584.9,,,Green River,Mahogany zone,11.66,4.47,2.12,28.45,0.66,447,1.78,13.2,0.98,0.94,5.54,0.03,0.34,15.8,0.09,BRL,24,54,284,BRL,0.2,0.3,20.7,6.1,25,4.6,29,1,0.61,0.31,5.2,1.39,BRL,1,0.24,BRL,9.4,126,0.11,200,13,3.5,7.9,19,24,2.28,49.5,,0.8,BRL,BRL,1.5,1,1030,BRL,0.22,BRL,2.8,0.7,0.1,2.05,48,2,6.7,0.7,44,36.5,,,,,,,,,,,,,,,,,,,,,,,,,,
5,43-013-30315-0000,40.3267,-109.9983,M.M. NORLING #1-9B1,UT CRC,"TC, TOC, HAWK, ICP",AGAT,E161207-089,7585.9,,,Green River,Mahogany zone,12.57,4.69,0.22,35.23,0.57,448,2.74,14.9,1.17,0.99,5.47,0.04,0.31,11.7,0.13,BRL,18,301,1670,BRL,0.3,0.6,24,5.7,29,4.4,36,1.53,0.83,0.48,6.86,1.86,BRL,1,0.32,BRL,13.7,191,0.12,232,37,5,11.1,14,13,3.15,63.2,,1.2,BRL,BRL,2.1,BRL,1190,BRL,0.26,BRL,4.1,BRL,0.12,4.77,75,2,8.8,0.7,55,46,,,,,,,,,,,,,,,,,,,,,,,,,,
5,43-013-30315-0000,40.3267,-109.9983,M.M. NORLING #1-9B1,UT CRC,"TC, TOC, HAWK, ICP",AGAT,E161207-090,7586.7,,,Green River,Mahogany zone,18.79,12.97,0.48,116.75,0.61,455,2.92,11.9,1.89,1.33,3.63,0.27,0.8,12.5,0.13,BRL,64,55,437,BRL,0.5,1.1,30.6,11.1,34,2.8,49,1.58,0.92,0.44,7.44,2.07,1,1,0.37,BRL,14.7,98,0.13,251,36,5.3,11.5,28,25,3.19,61.6,,1.6,BRL,BRL,1.9,1,819,BRL,0.29,BRL,4.4,1,0.14,6.34,87,2,9.7,0.9,71,50,,,,,,,,,,,,,,,,,,,,,,,,,,
5,43-013-30315-0000,40.3267,-109.9983,M.M. NORLING #1-9B1,UT CRC,"TC, TOC, HAWK, ICP",AGAT,E161207-091,7587.7,,,Green River,Mahogany zone,18.92,13.44,0.35,120.78,0.46,452,3.08,11.8,2.12,1.28,3.57,0.29,1.21,12.3,0.14,BRL,72,104,422,BRL,0.5,1.2,27.6,13,37,1.8,54,1.64,0.92,0.44,7.55,1.95,1,2,0.33,BRL,15.4,90,0.13,233,38,5.4,12.5,31,37,3.51,58.4,,1.6,BRL,6,2.2,1,863,BRL,0.28,BRL,4.4,1,0.15,6.28,94,3,10.1,0.9,82,51.1,,,,,,,,,,,,,,,,,,,,,,,,,,
5,43-013-30315-0000,40.3267,-109.9983,M.M. NORLING #1-9B1,UT CRC,"TC, TOC, HAWK, ICP",AGAT,E161207-092,7588.7,,,Green River,Mahogany zone,17.89,9.4,0.25,84.64,0.42,452,1.72,20.7,0.94,0.66,3.11,0.17,0.5,7.59,0.08,BRL,11,120,353,BRL,0.2,0.5,19.9,5.2,17,1.1,27,0.95,0.56,0.28,4.31,1.26,BRL,BRL,0.22,BRL,9.2,76,0.08,293,18,3.2,7.4,11,11,2.09,34.6,,0.8,BRL,BRL,1.4,2,1110,BRL,0.18,BRL,2.8,BRL,0.1,2.49,52,2,6.3,0.5,44,26.2,,,,,,,,,,,,,,,,,,,,,,,,,,
5,43-013-30315-0000,40.3267,-109.9983,M.M. NORLING #1-9B1,UT CRC,"TC, TOC, HAWK, ICP",AGAT,E161207-093,7589.5,,,Green River,Mahogany zone,16.6,9.2,0.31,82.31,0.54,453,2.26,18.7,1.22,0.91,3.02,0.17,0.58,9.17,0.1,BRL,34,77,559,BRL,0.3,0.6,22.8,7,25,2.1,36,1.24,0.77,0.36,5.53,1.68,BRL,1,0.27,BRL,11.9,46,0.1,207,19,4.1,9.9,19,15,2.79,42.1,,1.4,BRL,BRL,1.9,BRL,1210,BRL,0.24,BRL,3.8,0.7,0.11,3.12,67,2,7.7,0.7,63,31.5,,,,,,,,,,,,,,,,,,,,,,,,,,
5,43-013-30315-0000,40.3267,-109.9983,M.M. NORLING #1-9B1,UT CRC,"TC, TOC, HAWK, ICP",AGAT,E161207-094,7590.5,,,Green River,Mahogany zone,21.59,16.45,0.27,144.63,0.73,452,3.15,9.8,1.69,1.31,4.38,0.09,0.77,12.8,0.14,BRL,65,78,460,BRL,0.5,1.1,30.2,11.1,38,6.4,43,1.53,0.81,0.44,7.58,2,BRL,1,0.36,BRL,15.8,134,0.12,180,39,5.7,12.1,28,26,3.52,68.8,,1.6,BRL,BRL,2.3,1,766,BRL,0.26,BRL,4.3,1,0.14,6.57,89,3,9.2,0.9,70,41.2,,,,,,,,,,,,,,,,,,,,,,,,,,
5,43-013-30315-0000,40.3267,-109.9983,M.M. NORLING #1-9B1,UT CRC,"TC, TOC, HAWK, ICP",AGAT,E161207-095,7591.6,,,Green River,Mahogany zone,12.9,8.94,0.53,64.9,0.41,447,4.27,7.85,1.81,1.74,3.34,0.33,0.57,17.9,0.21,BRL,25,102,481,BRL,0.3,1.8,34.7,8.8,156,7.3,37,2.3,1.44,0.67,10.5,3.23,2,3,0.53,BRL,23.9,93,0.23,266,22,8.1,18.7,31,16,5.2,78.4,,0.9,6,BRL,3.4,1,583,0.5,0.42,BRL,5.5,1,0.22,5.2,81,3,17.3,1.4,125,82,,,,,,,,,,,,,,,,,,,,,,,,,,
5,43-013-30315-0000,40.3267,-109.9983,M.M. NORLING #1-9B1,UT CRC,"TC, TOC, HAWK, ICP",AGAT,E161207-096,7592.5,,,Green River,Mahogany zone,9.26,4.59,1.61,30.46,0.57,446,4.03,10.7,1.53,1.57,3.17,0.69,0.57,18.3,0.22,BRL,31,69,504,BRL,0.2,1.7,40,6.5,148,3.7,29,2.6,1.7,0.68,9.9,3.23,2,3,0.55,BRL,22.9,71,0.23,305,12,7.7,17.9,26,27,4.96,64.5,,0.8,5,BRL,3.5,1,795,BRL,0.46,BRL,5.5,0.9,0.25,4.27,51,2,19.1,1.6,146,101,,,,,,,,,,,,,,,,,,,,,,,,,,
5,43-013-30315-0000,40.3267,-109.9983,M.M. NORLING #1-9B1,UT CRC,"TC, TOC, HAWK, ICP",AGAT,E161207-097,7593.5,,,Green River,Mahogany zone,14.45,6.44,0.28,55.02,0.51,449,2.3,19.2,1.01,0.73,4.13,0.11,0.66,8.91,0.1,BRL,32,34,369,BRL,0.3,0.5,26,5,27,1.3,33,1.22,0.74,0.37,6.09,1.67,BRL,1,0.29,BRL,13,95,0.1,292,16,4.2,10.7,14,12,2.93,33.6,,0.9,BRL,BRL,1.9,BRL,1470,BRL,0.25,BRL,3.2,0.7,0.09,2.47,38,1,7.6,0.6,50,33.3,,,,,,,,,,,,,,,,,,,,,,,,,,
5,43-013-30315-0000,40.3267,-109.9983,M.M. NORLING #1-9B1,UT CRC,"TC, TOC, HAWK, ICP",AGAT,E161207-098,7594.5,,,Green River,Mahogany zone,7.2,2.08,1.86,10.02,0.43,446,0.79,10.9,0.48,0.27,3.43,0.02,0.28,25.6,0.03,BRL,9,72,199,BRL,BRL,BRL,7.4,4.4,BRL,5.5,8,0.51,0.32,0.14,2.83,0.75,1,2,0.12,BRL,4.1,158,0.05,168,5,1.5,3.6,10,BRL,1.02,16.8,,0.2,BRL,BRL,0.7,BRL,866,BRL,0.09,BRL,1.4,BRL,0.05,1.55,17,BRL,3.4,0.3,17,37.5,,,,,,,,,,,,,,,,,,,,,,,,,,
5,43-013-30315-0000,40.3267,-109.9983,M.M. NORLING #1-9B1,UT CRC,"TC, TOC, HAWK, ICP",AGAT,E161207-099,7595.5,,,Green River,Mahogany zone,13.86,5.53,0.16,49.08,0.45,451,1.43,17.9,0.85,0.65,4.78,0.06,0.41,9.99,0.07,BRL,6,43,305,BRL,0.1,0.3,14.3,4.1,16,2.6,24,1.05,0.55,0.25,4.02,1.24,BRL,BRL,0.21,BRL,7.7,282,0.08,223,11,2.7,6.8,8,6,1.89,37.6,,0.4,BRL,BRL,1.2,BRL,1540,BRL,0.17,BRL,3.2,BRL,0.09,5.01,37,1,6.2,0.6,30,29.7,,,,,,,,,,,,,,,,,,,,,,,,,,
5,43-013-30315-0000,40.3267,-109.9983,M.M. NORLING #1-9B1,UT CRC,"TC, TOC, HAWK, ICP",AGAT,E161207-100,7596.5,,,Green River,Mahogany zone,14.78,9.59,0.75,70.74,0.66,446,3.8,9.88,1.72,1.58,3.25,0.13,0.76,15,0.18,BRL,61,78,414,BRL,0.4,1.2,40.5,7.5,63,6,36,2,1.07,0.57,9.39,2.58,3,2,0.41,BRL,21.5,63,0.16,251,46,8,16.2,29,21,4.49,63.2,,2.1,5,BRL,2.7,1,612,BRL,0.38,BRL,4.8,1.5,0.15,3.59,90,2,12,1.1,84,70,,,,,,,,,,,,,,,,,,,,,,,,,,
5,43-013-30315-0000,40.3267,-109.9983,M.M. NORLING #1-9B1,UT CRC,"TC, TOC, HAWK, ICP",AGAT,E161207-101,7597.5,,,Green River,Mahogany zone,5.97,3.79,2.51,21.29,0.39,437,6.83,4.3,4.16,2.3,1.6,0.14,1.45,19.8,0.18,BRL,62,655,539,BRL,0.3,0.5,70.7,39.5,50,2.9,53,2.66,1.22,1.38,17.5,4.54,3,2,0.53,BRL,44,BRL,0.1,396,14,7.6,28.7,178,23,7.97,84.9,,1.2,BRL,BRL,5.3,2,388,0.9,0.58,BRL,3.4,1,0.16,2.48,57,BRL,13.2,0.9,98,50.5,,,,,,,,,,,,,,,,,,,,,,,,,,
5,43-013-30315-0000,40.3267,-109.9983,M.M. NORLING #1-9B1,UT CRC,"TC, TOC, HAWK, ICP",AGAT,E161207-102,7598.5,,,Green River,Mahogany zone,8.18,3.12,0.4,19.44,0.47,446,4.94,11.2,2.76,1.3,2.56,0.04,0.82,16,0.2,BRL,92,111,604,BRL,0.8,0.7,45.7,10.2,42,3.6,63,1.85,1.09,0.61,11.6,2.85,1,2,0.39,BRL,23.7,25,0.16,283,32,8.8,16.6,29,33,4.94,54,,2.8,5,BRL,3.1,1,627,0.7,0.4,BRL,4.1,2.5,0.17,3.27,54,2,11.2,1,90,70.3,,,,,,,,,,,,,,,,,,,,,,,,,,
5,43-013-30315-0000,40.3267,-109.9983,M.M. NORLING #1-9B1,UT CRC,"TC, TOC, HAWK, ICP",AGAT,E161207-103,7599.5,,,Green River,Mahogany zone,11.01,1.23,2.03,5.27,0.47,438,1.8,17.3,1.71,0.91,7.08,0.03,0.37,7.34,0.08,BRL,9,51,637,BRL,0.1,0.3,15.6,4.6,35,2.6,26,1.25,0.76,0.36,5.46,1.71,BRL,1,0.3,BRL,10.5,115,0.11,318,4,3,9.3,5,8,2.54,46,,0.3,5,BRL,1.8,BRL,1390,BRL,0.26,BRL,3.5,BRL,0.13,3.43,62,1,7.9,0.8,38,25.6,,,,,,,,,,,,,,,,,,,,,,,,,,
5,43-013-30315-0000,40.3267,-109.9983,M.M. NORLING #1-9B1,UT CRC,"TC, TOC, HAWK, ICP",AGAT,E161207-104,7600.5,,,Green River,Mahogany zone,9.08,4.18,0.63,30.12,0.31,449,4.16,10.4,1.7,2.5,3.15,0.46,0.55,16.9,0.2,BRL,49,72,438,BRL,0.3,1.9,37.9,6.1,102,9.5,32,3.2,2.28,0.76,9.88,3.66,1,2,0.78,BRL,22.5,74,0.32,338,23,7.2,19.8,18,24,5.5,105,,1,BRL,BRL,3.8,1,876,0.5,0.54,BRL,9.7,2.3,0.35,9.26,55,1,23.2,2.2,113,72.9,,,,,,,,,,,,,,,,,,,,,,,,,,
6,43-013-30315-0000,40.3267,-109.9983,M.M. NORLING #1-9B1,UT CRC,"TC, TOC, HAWK, ICP",AGAT,E161207-105,7601.5,,,Green River,Mahogany zone,4.12,1.24,1.94,3.67,0.27,438,4.28,5.98,1.19,2.87,2.28,0.34,0.29,25.1,0.22,BRL,46,35,361,BRL,0.1,2.3,53.3,7.4,50,5.1,25,5.06,3.06,1.15,10.6,5.63,1,4,1.04,BRL,30.2,51,0.35,261,18,7.6,27.9,27,21,7.61,117,,1.4,BRL,BRL,5.6,2,793,0.5,0.86,BRL,16.9,1.1,0.42,14.8,33,2,34,2.4,145,141,,,,,,,,,,,,,,,,,,,,,,,,,,
6,43-013-30315-0000,40.3267,-109.9983,M.M. NORLING #1-9B1,UT CRC,"TC, TOC, HAWK, ICP",AGAT,E161207-106,7602.5,,,Green River,Mahogany zone,11.42,3.17,0.24,23.8,0.37,447,2.25,16.6,1.21,1.18,4.93,0.04,0.41,10.1,0.11,BRL,6,34,504,BRL,0.3,0.6,26.1,4.2,26,1.7,23,1.26,0.82,0.38,6.08,1.97,BRL,1,0.32,BRL,13.8,56,0.12,225,17,4.7,11,10,15,3.12,53.6,,0.5,BRL,BRL,2.1,BRL,1140,BRL,0.25,BRL,4,BRL,0.12,3.53,52,1,8.6,0.9,51,42,,,,,,,,,,,,,,,,,,,,,,,,,,
6,43-013-30315-0000,40.3267,-109.9983,M.M. NORLING #1-9B1,UT CRC,"TC, TOC, HAWK, ICP",AGAT,E161207-107,7603.2,,,Green River,Mahogany zone,11.64,5.11,0.22,42.41,0.61,450,3.62,10.9,1.84,1.69,5.33,0.05,0.46,13.3,0.14,BRL,31,86,541,BRL,0.7,1.1,30,6.8,41,3.9,49,1.84,0.98,0.5,9.58,2.26,1,2,0.34,BRL,19.6,87,0.15,213,36,6.5,15.2,20,41,4.35,67.2,,1.2,8,BRL,2.4,2,1000,BRL,0.34,BRL,3.5,0.9,0.15,3.08,85,2,10.1,1,88,48.6,,,,,,,,,,,,,,,,,,,,,,,,,,
6,43-013-30315-0000,40.3267,-109.9983,M.M. NORLING #1-9B1,UT CRC,"TC, TOC, HAWK, ICP",AGAT,E161207-108,7604.3,,,Green River,Mahogany zone,6.52,1.76,0.24,8.84,0.4,445,4.69,7.52,2.73,2.93,4.19,0.02,0.7,17.6,0.2,BRL,18,134,463,BRL,0.9,0.8,45,8.5,56,7,64,1.72,1.04,0.47,13.5,2.18,1,2,0.39,BRL,21.8,333,0.18,332,19,9.2,15.2,18,35,4.71,118,,2.3,10,BRL,2.3,1,821,0.6,0.29,BRL,3.9,1,0.16,3.18,101,2,10.7,1.1,92,60.5,,,,,,,,,,,,,,,,,,,,,,,,,,
6,43-013-30315-0000,40.3267,-109.9983,M.M. NORLING #1-9B1,UT CRC,"TC, TOC, HAWK, ICP",AGAT,E161207-109,7605.4,,,Green River,Mahogany zone,2.48,1.82,7.04,5.55,0.25,428,8.63,0.08,1.99,1.63,0.72,0.02,0.09,27.1,0.02,BRL,BRL,42,18.9,BRL,0.3,0.4,118,7.5,16,2,19,12.7,7.33,1.32,24.3,14.3,2,4,2.82,0.2,61.6,20,0.75,39,4,0.7,61.7,20,33,15.4,51.8,,0.6,BRL,BRL,13.2,4,14.6,0.6,2.21,BRL,12.5,0.7,1.03,9.63,42,BRL,69.8,5.6,152,57.3,,,,,,,,,,,,,,,,,,,,,,,,,,
6,43-013-30315-0000,40.3267,-109.9983,M.M. NORLING #1-9B1,UT CRC,"TC, TOC, HAWK, ICP",AGAT,E161207-110,7605.7,,,Green River,Mahogany zone,6.45,1.87,0.21,9.48,0.58,443,5.3,6.64,2.89,1.71,4.21,0.02,0.33,18.2,0.25,BRL,6,86,316,BRL,1.1,0.9,44.6,9.5,62,6.6,68,1.44,0.88,0.39,13.9,1.81,1,3,0.32,BRL,21.5,340,0.15,439,17,11.4,14.1,17,41,4.55,87.2,,1.6,9,BRL,2.2,2,599,0.7,0.26,BRL,3.8,0.6,0.15,1.69,120,2,8.9,1,110,81.5,,,,,,,,,,,,,,,,,,,,,,,,,,
6,43-013-30315-0000,40.3267,-109.9983,M.M. NORLING #1-9B1,UT CRC,"TC, TOC, HAWK, ICP",AGAT,E161207-111,7606.7,,,Green River,Mahogany zone,10.99,3.94,0.37,30.62,0.43,449,3.75,12,1.99,2,5.06,0.05,0.35,12.5,0.17,BRL,17,123,857,BRL,0.7,0.7,41.5,7.7,37,1.9,48,1.99,1.19,0.67,9.39,2.49,BRL,2,0.42,BRL,21.5,11,0.17,215,32,8.2,16.7,14,25,4.9,66.6,,1.4,8,BRL,2.7,BRL,841,BRL,0.36,BRL,10.1,0.6,0.17,4.85,108,2,12.8,1.2,71,53,,,,,,,,,,,,,,,,,,,,,,,,,,
6,43-013-30315-0000,40.3267,-109.9983,M.M. NORLING #1-9B1,UT CRC,"TC, TOC, HAWK, ICP",AGAT,E161207-112,7607.7,,,Green River,Mahogany zone,8.93,4.44,1.02,20.24,0.38,440,4.39,8.28,1.7,1.78,2.88,0.18,0.35,18.9,0.26,BRL,32,37,254,BRL,0.2,0.9,45.4,12.9,70,1.9,14,2.43,1.75,0.72,9.55,2.96,2,3,0.55,BRL,22.3,BRL,0.28,154,10,8.7,18.8,48,13,5.27,42,,0.9,6,BRL,3.6,1,340,0.5,0.48,BRL,8.4,0.8,0.25,7.76,99,1,16.9,1.8,72,96.8,,,,,,,,,,,,,,,,,,,,,,,,,,
6,43-013-30315-0000,40.3267,-109.9983,M.M. NORLING #1-9B1,UT CRC,"TC, TOC, HAWK, ICP",AGAT,E161207-113,7608.2,,,Green River,Mahogany zone,12.36,7.14,0.63,54.87,0.46,443,4.07,11.3,2.14,2.84,2.67,0.14,0.68,15,0.21,BRL,71,95,459,BRL,0.4,1.1,36.8,7.7,68,8,44,2.37,1.47,0.72,10.6,3.09,2,2,0.54,BRL,21.3,BRL,0.2,398,26,7.9,16.7,31,33,4.79,70,,2,6,BRL,3.4,1,689,BRL,0.41,BRL,6.3,1.3,0.21,5.91,74,1,16.3,1.4,90,82.8,,,,,,,,,,,,,,,,,,,,,,,,,,
6,43-013-30315-0000,40.3267,-109.9983,M.M. NORLING #1-9B1,UT CRC,"TC, TOC, HAWK, ICP",AGAT,E161207-114,7609.3,,,Green River,Mahogany zone,7.41,2.77,2.63,17.35,0.42,445,5.59,7.97,2.61,3.45,3.04,0.05,0.31,17.6,0.13,BRL,21,80,460,BRL,0.6,0.4,50.1,16.9,61,3.4,41,3.02,1.64,0.77,14.6,3.22,BRL,2,0.67,BRL,26.2,BRL,0.2,364,11,5,20.3,50,30,5.65,101,,1.4,8,BRL,3.7,1,651,0.7,0.53,BRL,6.1,0.5,0.25,5.93,125,BRL,17.4,1.4,83,58.8,,,,,,,,,,,,,,,,,,,,,,,,,,
6,43-013-30315-0000,40.3267,-109.9983,M.M. NORLING #1-9B1,UT CRC,"TC, TOC, HAWK, ICP",AGAT,E161207-115,7610.3,,,Green River,Mahogany zone,8.53,3.73,0.2,29.94,0.52,449,5.58,7.98,3.39,4.12,4.08,0.06,0.78,17.4,0.23,BRL,12,198,796,BRL,0.8,0.7,50.2,13.9,49,5.7,64,3.27,1.72,0.94,13.4,3.87,BRL,2,0.64,BRL,27.5,179,0.21,406,21,8.7,23.2,29,32,6.64,115,,2,8,BRL,4.5,2,698,0.7,0.6,BRL,6.2,1,0.25,6.69,108,1,18.3,1.5,98,69,,,,,,,,,,,,,,,,,,,,,,,,,,
6,43-013-30315-0000,40.3267,-109.9983,M.M. NORLING #1-9B1,UT CRC,"TC, TOC, HAWK, ICP",AGAT,E161207-116,7611.3,,,Green River,Mahogany zone,5.94,2.97,0.67,11.67,1.02,442,5.47,5.19,2.14,4.34,2.82,0.12,0.5,23.9,0.28,BRL,11,138,380,BRL,0.2,2,50.6,12.3,101,9.5,27,2.32,1.34,0.69,12.5,2.99,2,3,0.45,BRL,26.5,325,0.18,286,15,8.3,24.6,34,17,7.04,145,,2.3,6,BRL,3.9,1,376,0.6,0.41,BRL,7.9,1,0.2,2.85,89,1,15,1.2,140,99.8,,,,,,,,,,,,,,,,,,,,,,,,,,
6,43-013-30315-0000,40.3267,-109.9983,M.M. NORLING #1-9B1,UT CRC,"TC, TOC, HAWK, ICP",AGAT,E161207-117,7612.3,,,Green River,Mahogany zone,22.44,16.74,0.35,176.06,0.56,453,2.97,12.1,1.61,1.97,3.3,0.08,1.12,11.3,0.13,BRL,60,65,547,BRL,0.6,0.7,30,9.6,30,3.5,77,1.43,0.77,0.4,7.56,1.95,1,1,0.3,BRL,15.1,269,0.11,204,37,5.3,11.6,24,33,3.51,88.2,,2.6,BRL,BRL,2.2,BRL,906,BRL,0.26,BRL,4.4,1.1,0.12,5.77,78,BRL,9,0.7,75,43,,,,,,,,,,,,,,,,,,,,,,,,,,
6,43-013-30315-0000,40.3267,-109.9983,M.M. NORLING #1-9B1,UT CRC,"TC, TOC, HAWK, ICP",AGAT,E161207-118,7613.25,,,Green River,Mahogany zone,14.93,10.11,0.73,81.3,0.43,447,3.45,11.3,1.43,1.81,2.73,0.1,0.76,16.3,0.19,BRL,48,50,333,BRL,0.3,0.8,34.9,10,56,2.2,27,1.83,0.99,0.58,7.45,2.36,2,2,0.37,BRL,17.1,49,0.14,203,22,6.9,14,33,16,4.11,51.2,,1,BRL,BRL,2.6,BRL,540,BRL,0.32,BRL,5.7,1,0.14,3.96,75,BRL,11.5,0.9,69,78.8,,,,,,,,,,,,,,,,,,,,,,,,,,
6,43-013-30315-0000,40.3267,-109.9983,M.M. NORLING #1-9B1,UT CRC,"TC, TOC, HAWK, ICP",AGAT,E161207-119,7614.25,,,Green River,Mahogany zone,11.6,4.5,0.34,36.83,0.52,449,1.85,18.8,0.84,0.93,2.45,0.03,0.38,14.8,0.09,BRL,13,28,692,BRL,0.2,0.2,28.2,3.9,15,0.6,22,1.15,0.58,0.32,4.62,1.47,BRL,1,0.24,BRL,12.1,28,0.08,201,10,4.2,8.6,14,10,2.52,32.2,,0.5,BRL,BRL,1.5,BRL,1350,BRL,0.22,BRL,4.1,0.6,0.1,2.82,29,BRL,7.1,0.6,34,42.5,,,,,,,,,,,,,,,,,,,,,,,,,,
6,43-013-30315-0000,40.3267,-109.9983,M.M. NORLING #1-9B1,UT CRC,"TC, TOC, HAWK, ICP",AGAT,E161207-120,7615.25,,,Green River,Mahogany zone,11.81,3.25,0.29,25.94,0.59,447,2.19,18.8,0.9,1.3,4.68,0.04,0.31,9.92,0.1,BRL,6,29,795,BRL,0.3,0.3,25,3.7,19,0.4,28,1.3,0.81,0.41,5.28,1.73,BRL,1,0.27,BRL,12.3,13,0.12,262,8,4.9,10.1,9,11,2.83,37.3,,0.4,BRL,BRL,1.9,1,1500,BRL,0.24,BRL,7.2,0.6,0.13,3.42,30,BRL,8.7,0.7,43,32.9,,,,,,,,,,,,,,,,,,,,,,,,,,
6,43-013-30315-0000,40.3267,-109.9983,M.M. NORLING #1-9B1,UT CRC,"TC, TOC, HAWK, ICP",AGAT,E161207-121,7615.5,,,Green River,Mahogany zone,8.82,0.68,1.73,2.12,0.45,435,2.29,14.5,0.96,1.25,7.83,0.02,0.23,14.2,0.1,BRL,9,21,422,BRL,0.1,0.3,25.6,2.8,13,0.5,21,1.08,0.64,0.27,5.24,1.49,BRL,1,0.23,BRL,11.5,35,0.1,338,3,4.4,8.6,8,9,2.53,33.8,,0.3,BRL,BRL,1.4,1,1320,BRL,0.2,BRL,3.9,0.5,0.1,1.59,36,BRL,6.9,0.7,46,42.5,,,,,,,,,,,,,,,,,,,,,,,,,,
6,43-013-30315-0000,40.3267,-109.9983,M.M. NORLING #1-9B1,UT CRC,"TC, TOC, HAWK, ICP",AGAT,E161207-122,7616.5,,,Green River,Mahogany zone,9.29,0.62,0.56,2.47,0.59,442,2.05,14.8,0.94,0.85,8.1,0.02,0.23,12.7,0.09,BRL,11,36,557,BRL,0.2,0.2,27.1,3,18,0.7,21,1.06,0.66,0.26,4.95,1.21,BRL,1,0.21,BRL,11.5,93,0.1,279,3,4,8.6,9,11,2.51,27.4,,0.3,BRL,BRL,1.4,1,1470,BRL,0.17,BRL,4.2,BRL,0.09,1.75,42,BRL,7.1,0.7,34,36,,,,,,,,,,,,,,,,,,,,,,,,,,
6,43-013-30315-0000,40.3267,-109.9983,M.M. NORLING #1-9B1,UT CRC,"TC, TOC, HAWK, ICP",AGAT,E161207-123,7617.5,,,Green River,Mahogany zone,4.43,0.91,2.35,3.55,0.32,435,6.32,5.91,0.66,3.06,3.28,0.04,0.09,24.5,0.07,BRL,31,41,1100,BRL,0.3,0.3,56.1,7.9,14,2.1,23,4.18,2.29,1.14,15.1,5.81,BRL,2,0.93,BRL,33.1,169,0.2,116,4,3.1,35.7,28,28,7.96,97.6,,0.3,BRL,BRL,6.7,1,682,0.6,0.8,BRL,27.5,0.8,0.27,19.1,23,BRL,23.4,1.5,49,94.2,,,,,,,,,,,,,,,,,,,,,,,,,,
6,43-013-30315-0000,40.3267,-109.9983,M.M. NORLING #1-9B1,UT CRC,"TC, TOC, HAWK, ICP",AGAT,E161207-124,7618.5,,,Green River,Mahogany zone,9.53,3.05,0.37,25.54,0.52,449,3.38,10.8,1.21,2.58,6.98,0.03,0.18,15,0.16,BRL,10,135,530,BRL,0.3,0.5,27.1,4.8,24,10,31,1.15,0.66,0.29,8.57,1.66,BRL,2,0.22,BRL,13.6,881,0.1,258,12,7.8,10.4,14,16,3.03,131,,1.2,BRL,BRL,1.7,2,1170,0.6,0.2,BRL,3.5,0.9,0.11,1.71,52,BRL,7.4,0.7,57,63.4,,,,,,,,,,,,,,,,,,,,,,,,,,
6,43-013-30315-0000,40.3267,-109.9983,M.M. NORLING #1-9B1,UT CRC,"TC, TOC, HAWK, ICP",AGAT,E161207-125,7619.5,,,Green River,Mahogany zone,14.65,10.44,0.49,101.91,0.47,450,1.79,9.48,0.71,1.26,2.18,0.04,0.22,20.6,0.08,BRL,23,52,553,BRL,0.4,0.6,18.5,4.6,17,0.8,30,0.89,0.5,0.23,4.12,1.1,BRL,1,0.19,BRL,8.6,38,0.07,114,25,4.2,7.1,15,18,2,38.3,,1.2,BRL,BRL,1.3,BRL,674,BRL,0.16,BRL,5.1,1,0.07,3.29,32,BRL,5.5,0.5,48,41.3,,,,,,,,,,,,,,,,,,,,,,,,,,
6,43-013-30315-0000,40.3267,-109.9983,M.M. NORLING #1-9B1,UT CRC,"TC, TOC, HAWK, ICP",AGAT,E161207-126,7620.4,,,Green River,Mahogany zone,3.39,1.78,3.87,9.99,0.32,439,6.59,2.85,0.73,3.99,1.12,0.06,0.1,29.8,0.15,BRL,BRL,58,397,BRL,0.5,0.3,50.4,2.4,16,3.2,14,1.35,0.8,0.5,16.7,2.05,BRL,4,0.31,BRL,29.4,56,0.15,278,12,10.3,16.5,10,29,5.03,99.8,,BRL,BRL,BRL,2.7,3,334,1.3,0.27,BRL,5.3,0.7,0.14,5.97,28,BRL,9.1,1,79,113,,,,,,,,,,,,,,,,,,,,,,,,,,
6,43-013-30315-0000,40.3267,-109.9983,M.M. NORLING #1-9B1,UT CRC,"TC, TOC, HAWK, ICP",AGAT,E161207-127,7621,,,Green River,Mahogany zone,3.44,1.38,2.09,7.79,0.4,438,6.32,3.61,1.49,3.63,1.15,0.05,0.08,28.7,0.11,BRL,BRL,69,458,BRL,0.3,0.2,64.7,4.8,21,2.6,13,1.5,0.77,0.53,14.5,2.1,BRL,3,0.31,BRL,33.2,33,0.12,283,8,7.2,17.4,11,31,5.74,88.1,,BRL,BRL,BRL,2.7,2,323,1.1,0.31,BRL,6.3,0.6,0.11,3.37,37,BRL,9.2,0.8,42,97.8,,,,,,,,,,,,,,,,,,,,,,,,,,
6,43-013-30315-0000,40.3267,-109.9983,M.M. NORLING #1-9B1,UT CRC,"TC, TOC, HAWK, ICP",AGAT,E161207-128,7622.1,,,Green River,Mahogany zone,3.3,1.9,8.91,9.08,0.77,432,7.69,2.24,0.94,4.37,0.72,0.08,0.14,28.9,0.13,BRL,BRL,27,1370,BRL,0.3,0.3,59.5,6.6,22,3.5,BRL,2.62,1.35,0.86,19.8,3.62,BRL,5,0.49,BRL,31.6,12,0.15,228,5,5.9,22.5,11,25,6.78,115,,0.2,BRL,BRL,4.1,2,333,1.3,0.52,BRL,7.4,0.7,0.18,5.85,32,BRL,15,1.1,58,167,,,,,,,,,,,,,,,,,,,,,,,,,,
6,43-013-30315-0000,40.3267,-109.9983,M.M. NORLING #1-9B1,UT CRC,"TC, TOC, HAWK, ICP",AGAT,E161207-129,7623.1,,,Green River,Mahogany zone,13.53,5.4,0.24,49.26,0.52,450,2.26,19.6,1.34,1.6,3.65,0.03,0.32,9.64,0.13,BRL,BRL,37,738,BRL,0.3,0.4,28.6,5.2,21,1,33,1.92,1.13,0.46,6.11,2,BRL,1,0.4,BRL,12.8,109,0.17,275,8,7.1,11.6,11,12,3.34,62.7,,0.7,5,BRL,2.4,BRL,1410,0.6,0.3,BRL,10.9,0.5,0.18,4.73,52,BRL,12.1,1.1,47,38,,,,,,,,,,,,,,,,,,,,,,,,,,
6,43-013-30315-0000,40.3267,-109.9983,M.M. NORLING #1-9B1,UT CRC,"TC, TOC, HAWK, ICP",AGAT,E161207-130,7623.4,,,Green River,Mahogany zone,16.47,11.08,0.25,117.58,0.51,454,3.31,10.4,1.9,2.3,3.19,0.05,0.6,13.2,0.18,BRL,28,51,534,BRL,0.6,0.6,46.3,6.7,32,1.9,49,1.69,1.08,0.49,8.93,2.34,BRL,2,0.39,BRL,21.5,175,0.16,280,19,10.4,14.6,17,22,4.42,89.9,,1.2,5,BRL,2.6,1,828,BRL,0.29,BRL,8.1,1.1,0.15,4.23,77,BRL,10.9,0.9,72,55.9,,,,,,,,,,,,,,,,,,,,,,,,,,
6,43-013-30315-0000,40.3267,-109.9983,M.M. NORLING #1-9B1,UT CRC,"TC, TOC, HAWK, ICP",AGAT,E161207-131,7624.4,,,Green River,Mahogany zone,8.31,3.17,0.29,23.68,0.69,444,4.88,10.3,2.36,3.56,3.63,0.05,1.16,17.2,0.21,BRL,74,67,470,BRL,0.6,0.4,53.2,9.2,38,1.8,57,2.51,1.41,0.73,12.9,3.37,BRL,3,0.56,BRL,28.4,146,0.19,379,28,10.1,21.1,25,33,6.13,129,,2.2,5,BRL,4.1,3,605,0.6,0.5,BRL,9.4,1.3,0.2,5.33,75,1,16,1.3,81,85.7,,,,,,,,,,,,,,,,,,,,,,,,,,
6,43-013-30315-0000,40.3267,-109.9983,M.M. NORLING #1-9B1,UT CRC,"TC, TOC, HAWK, ICP",AGAT,E161207-132,7625.4,,,Green River,Mahogany zone,10.82,1.63,1.1,9.18,0.47,444,1.85,19.7,0.86,1.44,6.3,0.05,0.3,9.47,0.1,BRL,BRL,31,544,BRL,0.2,0.3,19.8,2.6,15,0.9,21,1.27,0.94,0.33,4.46,1.49,BRL,1,0.29,BRL,8.2,75,0.14,279,3,4.1,7.9,6,8,2.12,54.5,,0.4,BRL,BRL,1.6,BRL,1310,BRL,0.22,BRL,6.8,0.5,0.15,3.91,37,BRL,9,0.9,33,36.6,,,,,,,,,,,,,,,,,,,,,,,,,,
6,43-013-30315-0000,40.3267,-109.9983,M.M. NORLING #1-9B1,UT CRC,"TC, TOC, HAWK, ICP",AGAT,E161207-133,7626.3,,,Green River,Mahogany zone,9.48,2.94,1.89,20.25,0.29,446,4.03,15.8,0.55,1.99,3.4,0.06,0.26,14.9,0.08,BRL,22,27,470,BRL,0.2,0.3,25.6,10.1,10,0.7,22,1.29,0.75,0.39,9.05,1.65,BRL,5,0.3,BRL,14.3,28,0.11,208,4,4.1,9.3,31,17,2.76,69.4,,0.9,BRL,BRL,1.8,BRL,1200,BRL,0.23,BRL,6.5,0.6,0.13,4.09,22,BRL,8.8,0.8,47,455,,,,,,,,,,,,,,,,,,,,,,,,,,
6,43-013-30315-0000,40.3267,-109.9983,M.M. NORLING #1-9B1,UT CRC,"TC, TOC, HAWK, ICP",AGAT,E161207-134,7627.3,,,Green River,Mahogany zone,10.05,0.99,3.34,3.39,0.48,431,1.21,15.7,0.6,0.67,8.4,0.04,0.24,12.5,0.07,BRL,BRL,19,789,BRL,BRL,BRL,14.9,1.5,17,0.4,BRL,1.25,0.77,0.28,3.16,1.24,BRL,1,0.28,BRL,5.5,32,0.11,299,BRL,2.3,5.9,6,8,1.6,21.9,,BRL,BRL,BRL,1.3,BRL,1340,BRL,0.21,BRL,4.5,BRL,0.12,2.83,24,BRL,7.7,0.7,34,37,,,,,,,,,,,,,,,,,,,,,,,,,,
6,43-013-30315-0000,40.3267,-109.9983,M.M. NORLING #1-9B1,UT CRC,"TC, TOC, HAWK, ICP",AGAT,E161207-135,7628.3,,,Green River,Mahogany zone,10.12,1.15,4.17,3.84,0.39,430,1.29,16,0.63,0.68,8.33,0.03,0.25,12.6,0.06,BRL,17,20,550,BRL,BRL,0.4,14.9,4,12,0.4,BRL,1.15,0.79,0.24,3.38,1.28,BRL,BRL,0.26,BRL,6.3,29,0.1,318,BRL,2.4,6.2,16,14,1.56,21.6,,0.2,BRL,BRL,1.2,BRL,1390,BRL,0.21,BRL,4,BRL,0.11,2.59,25,BRL,8,0.7,35,36.4,,,,,,,,,,,,,,,,,,,,,,,,,,
6,43-013-50623-0000,40.2003,-110.524,16X-23D-36,UT CRC,"TC, TOC, HAWK, ICP",AGAT,E171004-001,4524,,,Green River,Mahogany zone,5.63,0.53,0.18,1.88,0.53,452,2.93,11.5,1.72,2.14,8.1,0.04,0.3,16.8,0.14,1,7,327,360,BRL,0.1,BRL,35,5.6,28,4.6,27,2.25,1.3,0.58,7.74,2.42,BRL,1,0.45,BRL,19.2,262,0.17,375,BRL,4.9,15.2,15,8,4.42,70.7,,0.6,6,BRL,2.7,2,662,BRL,0.38,BRL,7.2,BRL,0.19,2.91,50,BRL,11.3,1.2,44,44.7,,,,,,,,,,,,,,,,,,,,,,,,,,
6,43-013-50623-0000,40.2003,-110.524,16X-23D-36,UT CRC,"TC, TOC, HAWK, ICP",AGAT,E171004-002,4526,,,Green River,Mahogany zone,7.6,3.12,0.81,21.87,0.43,446,4.43,9.89,2.48,3.87,4.63,0.04,0.3,17.8,0.17,BRL,7,262,353,BRL,0.5,0.4,50.7,8.1,40,5.7,49,2.79,1.5,0.8,11.9,3.47,BRL,2,0.55,BRL,26.7,140,0.22,409,BRL,6,20.9,22,25,6.12,87.7,,1.1,8,BRL,3.7,2,736,0.5,0.5,BRL,7.1,BRL,0.22,3.55,92,BRL,14.6,1.4,69,58.1,,,,,,,,,,,,,,,,,,,,,,,,,,
6,43-013-50623-0000,40.2003,-110.524,16X-23D-36,UT CRC,"TC, TOC, HAWK, ICP",AGAT,E171004-003,4538.6,,,Green River,Mahogany zone,12.38,4.72,0.74,40.47,0.41,447,2.5,18.7,1.29,1.12,4.64,0.11,0.6,11.8,0.12,BRL,18,107,404,BRL,0.3,0.3,25.2,3.8,27,2.9,29,1.97,1.3,0.5,6.28,1.94,BRL,1,0.42,BRL,14.6,131,0.21,317,11,4.2,11.3,13,14,3.28,50.9,,1.2,BRL,BRL,2.1,1,1050,BRL,0.33,BRL,6.4,BRL,0.2,5.06,64,BRL,12.1,1.3,39,40,,,,,,,,,,,,,,,,,,,,,,,,,,
6,43-013-50623-0000,40.2003,-110.524,16X-23D-36,UT CRC,"TC, TOC, HAWK, ICP",AGAT,E171004-004,4540,,,Green River,Mahogany zone,12.46,6.14,0.71,55.39,0.4,451,3.03,14.2,1.55,1.47,4.01,0.04,1.2,14.3,0.13,BRL,49,103,386,BRL,0.3,0.4,30.2,6.5,29,4.1,31,1.72,0.96,0.54,7.96,2.2,BRL,1,0.34,BRL,16.2,137,0.13,303,7,5,12.7,17,15,3.59,68.7,,2.8,BRL,BRL,2.4,BRL,969,BRL,0.33,BRL,4.8,BRL,0.15,2.73,71,BRL,10.4,1,46,48.3,,,,,,,,,,,,,,,,,,,,,,,,,,
6,43-013-50623-0000,40.2003,-110.524,16X-23D-36,UT CRC,"TC, TOC, HAWK, ICP",AGAT,E171004-005,4542,,,Green River,Mahogany zone,12.65,4.74,0.8,38.4,0.39,450,1.95,17.6,0.92,1.21,5.94,0.06,0.4,12.1,0.09,BRL,8,88,425,BRL,0.1,0.2,16.7,3.5,25,2.4,22,1.08,0.61,0.36,5.12,1.27,BRL,1,0.21,BRL,11,153,0.1,330,4,3.3,7.9,16,8,2.27,46,,0.5,BRL,BRL,1.4,1,1160,BRL,0.2,BRL,2.8,BRL,0.09,2.71,55,BRL,6.6,0.7,28,46.5,,,,,,,,,,,,,,,,,,,,,,,,,,
6,43-013-50623-0000,40.2003,-110.524,16X-23D-36,UT CRC,"TC, TOC, HAWK, ICP",AGAT,E171004-006,4544,,,Green River,Mahogany zone,18.16,13.24,1.76,120.06,0.35,452,3,11.3,1.73,1.51,3.19,0.09,0.8,12.8,0.13,BRL,20,154,353,BRL,0.6,1,26.3,8,31,3.9,65,1.47,0.84,0.5,7.43,1.87,1,1,0.3,BRL,15.8,131,0.11,230,30,5.1,11.6,28,36,3.28,62.2,,2.6,BRL,BRL,2,2,689,BRL,0.27,BRL,4.2,BRL,0.11,5.62,112,BRL,8.6,0.8,64,45.9,,,,,,,,,,,,,,,,,,,,,,,,,,
6,43-013-50623-0000,40.2003,-110.524,16X-23D-36,UT CRC,"TC, TOC, HAWK, ICP",AGAT,E171004-007,4546,,,Green River,Mahogany zone,8.61,3.31,0.77,24.16,0.5,449,4.22,11.7,2.56,3.22,4.82,0.03,0.9,17.1,0.16,BRL,5,146,519,BRL,0.5,0.5,39.3,9,37,4.8,46,2.37,1.4,0.66,11.7,2.82,BRL,2,0.49,BRL,20.1,82,0.19,325,10,6.5,16.2,24,20,4.5,95.6,,0.7,7,BRL,3,3,803,BRL,0.44,BRL,6.9,BRL,0.22,4.8,114,BRL,15,1.4,68,61.4,,,,,,,,,,,,,,,,,,,,,,,,,,
6,43-013-50623-0000,40.2003,-110.524,16X-23D-36,UT CRC,"TC, TOC, HAWK, ICP",AGAT,E171004-008,4548,,,Green River,Mahogany zone,7.77,1.34,0.31,7.82,0.37,448,2.14,13.6,0.99,1.52,6.6,0.05,0.3,16.4,0.1,14,10,152,478,BRL,BRL,0.2,18.2,3.6,25,2.9,15,1.36,0.81,0.4,7.39,1.59,BRL,1,0.27,BRL,10.2,159,0.1,250,BRL,4.3,8.5,14,6,2.29,57.7,,0.5,BRL,BRL,1.7,1,871,BRL,0.24,BRL,4,BRL,0.11,3.77,44,BRL,8.3,0.7,26,46.8,,,,,,,,,,,,,,,,,,,,,,,,,,
6,43-013-50623-0000,40.2003,-110.524,16X-23D-36,UT CRC,"TC, TOC, HAWK, ICP",AGAT,E171004-009,4550,,,Green River,Mahogany zone,14.2,10.03,1.81,90.07,0.37,448,3.55,9.95,1.89,2.56,3.48,0.07,1,15.6,0.15,1,53,188,448,BRL,0.8,1,31.9,6.9,35,4,61,1.8,1.04,0.51,8.92,2.15,1,2,0.34,BRL,17.2,96,0.13,241,29,5.8,13.1,31,48,3.64,69.7,,2.6,BRL,BRL,2.3,2,656,BRL,0.32,BRL,5.2,0.6,0.15,4.44,135,BRL,11.1,1,67,55.6,,,,,,,,,,,,,,,,,,,,,,,,,,
6,43-013-50623-0000,40.2003,-110.524,16X-23D-36,UT CRC,"TC, TOC, HAWK, ICP",AGAT,E171004-010,4552,,,Green River,Mahogany zone,7.52,0.39,0.21,1.14,0.33,451,2.49,14.7,1.29,1.46,7.7,0.03,0.3,14.1,0.12,BRL,6,179,447,BRL,BRL,0.2,25.5,4.5,22,3.4,22,1.66,0.93,0.49,6.43,1.93,BRL,1,0.34,BRL,15.8,141,0.14,356,2,4.5,11.7,19,9,3.31,60,,0.5,BRL,BRL,2.1,1,798,BRL,0.3,BRL,4.8,BRL,0.14,2.28,38,BRL,10.2,0.9,38,43.8,,,,,,,,,,,,,,,,,,,,,,,,,,
6,43-013-50623-0000,40.2003,-110.524,16X-23D-36,UT CRC,"TC, TOC, HAWK, ICP",AGAT,E171004-011,4554,,,Green River,Mahogany zone,7.2,0.88,0.49,5.01,0.42,453,2.48,12.4,1.3,1.44,9.14,0.03,0.3,15,0.11,BRL,BRL,256,1200,BRL,BRL,0.2,17.6,4.2,21,3.7,20,1.32,0.76,0.46,6.76,1.42,BRL,1,0.25,BRL,9.6,255,0.11,260,BRL,4.6,8.1,11,5,2.18,66.8,,0.5,BRL,BRL,1.5,BRL,791,BRL,0.22,BRL,4.1,BRL,0.11,2.59,42,BRL,8.1,0.8,37,45.4,,,,,,,,,,,,,,,,,,,,,,,,,,
6,43-013-50623-0000,40.2003,-110.524,16X-23D-36,UT CRC,"TC, TOC, HAWK, ICP",AGAT,E171004-012,4556,,,Green River,Mahogany zone,6.86,1.09,0.45,5.64,0.36,456,2.86,11.4,1.51,1.7,8.94,0.04,0.3,15.6,0.12,BRL,BRL,284,1180,BRL,BRL,BRL,19.4,4.6,24,4.4,24,1.35,0.82,0.48,8.26,1.52,BRL,1,0.26,BRL,10.7,268,0.12,275,BRL,4.9,8.4,14,7,2.31,76.6,,0.5,BRL,BRL,1.5,BRL,735,BRL,0.23,BRL,4.1,BRL,0.12,3.23,56,BRL,8.2,0.8,41,49.3,,,,,,,,,,,,,,,,,,,,,,,,,,
6,43-013-50623-0000,40.2003,-110.524,16X-23D-36,UT CRC,"TC, TOC, HAWK, ICP",AGAT,E171004-013,4558,,,Green River,Mahogany zone,8.12,1.63,1.66,10.94,0.25,451,1.64,14,0.8,0.83,9.21,0.03,0.3,15.7,0.09,BRL,BRL,173,571,BRL,0.1,BRL,13.5,3.3,17,2.2,16,0.89,0.47,0.31,3.53,1.04,BRL,1,0.17,BRL,7.6,141,0.09,233,BRL,3.2,6,14,228,1.63,40.2,,0.3,BRL,BRL,1.1,BRL,943,BRL,0.16,BRL,2.3,BRL,0.08,1.9,37,BRL,5.5,0.5,25,39.7,,,,,,,,,,,,,,,,,,,,,,,,,,
6,43-013-50623-0000,40.2003,-110.524,16X-23D-36,UT CRC,"TC, TOC, HAWK, ICP",AGAT,E171004-014,4560,,,Green River,Mahogany zone,8.32,0.57,0.42,3.17,0.32,458,1.36,14.8,0.92,0.62,10.9,0.04,0.3,11.9,0.07,BRL,BRL,199,309,BRL,BRL,BRL,12,3,11,2.2,17,1,0.66,0.27,4.01,1.02,BRL,BRL,0.21,BRL,6.8,268,0.09,322,BRL,2.7,5.2,10,BRL,1.45,41.5,,0.3,BRL,BRL,1.1,BRL,828,BRL,0.17,BRL,3.3,BRL,0.09,2.78,28,BRL,6.7,0.6,22,29,,,,,,,,,,,,,,,,,,,,,,,,,,
6,43-013-50623-0000,40.2003,-110.524,16X-23D-36,UT CRC,"TC, TOC, HAWK, ICP",AGAT,E171004-015,4562,,,Green River,Mahogany zone,8.86,0.47,0.34,2.35,0.32,457,1.05,16.9,0.72,0.52,9.18,0.02,0.4,12.2,0.06,BRL,6,105,388,BRL,BRL,BRL,12.2,2.5,BRL,1.5,14,0.81,0.52,0.26,3.09,1.06,BRL,BRL,0.18,BRL,6.3,157,0.07,319,BRL,1.9,5.2,9,15,1.41,28.1,,0.2,BRL,BRL,1,BRL,1020,BRL,0.14,BRL,2.7,BRL,0.07,1.76,23,BRL,5.4,0.5,17,22.3,,,,,,,,,,,,,,,,,,,,,,,,,,
6,43-013-50623-0000,40.2003,-110.524,16X-23D-36,UT CRC,"TC, TOC, HAWK, ICP",AGAT,E171004-016,4564,,,Green River,Mahogany zone,8.03,0.71,0.48,3.86,0.3,458,1.44,14.7,0.88,0.65,10.3,0.04,0.3,12.9,0.06,BRL,BRL,192,326,BRL,BRL,BRL,9.7,2.7,13,2,15,0.93,0.55,0.24,4.22,1,BRL,BRL,0.17,BRL,5.3,280,0.09,272,BRL,2.1,4.4,11,15,1.23,41.8,,0.3,BRL,BRL,0.9,BRL,898,BRL,0.14,BRL,2.7,BRL,0.08,2.53,30,BRL,5.9,0.6,20,24,,,,,,,,,,,,,,,,,,,,,,,,,,
6,43-013-50623-0000,40.2003,-110.524,16X-23D-36,UT CRC,"TC, TOC, HAWK, ICP",AGAT,E171004-017,4566,,,Green River,Mahogany zone,7.8,1,0.64,5.65,0.32,453,1.95,13.8,0.98,1.07,9.87,0.04,0.3,14.3,0.07,BRL,BRL,196,709,BRL,BRL,0.2,13.8,3.3,21,2.7,15,1.04,0.56,0.34,5.82,1.22,BRL,BRL,0.21,BRL,7.4,284,0.08,215,BRL,2.3,6.1,12,5,1.69,53.2,,0.3,BRL,BRL,1.2,BRL,977,BRL,0.17,BRL,3.1,BRL,0.08,2.88,42,BRL,6.7,0.6,25,25.7,,,,,,,,,,,,,,,,,,,,,,,,,,
6,43-013-50623-0000,40.2003,-110.524,16X-23D-36,UT CRC,"TC, TOC, HAWK, ICP",AGAT,E171004-018,4568,,,Green River,Mahogany zone,8.36,1.7,0.7,11.82,0.3,452,1.96,14.1,1.03,1,9.88,0.02,0.3,14.6,0.08,BRL,8,178,304,BRL,0.1,0.3,17.6,4.5,22,2.6,21,1.15,0.63,0.34,6.57,1.4,BRL,1,0.22,BRL,11.5,345,0.08,225,BRL,2.6,8.5,14,8,2.45,48.4,,0.3,BRL,BRL,1.6,BRL,976,BRL,0.2,BRL,3.4,BRL,0.1,2.51,53,BRL,6,0.6,32,28.9,,,,,,,,,,,,,,,,,,,,,,,,,,
6,43-013-50623-0000,40.2003,-110.524,16X-23D-36,UT CRC,"TC, TOC, HAWK, ICP",AGAT,E171004-019,4570,,,Green River,Mahogany zone,16.22,9.51,1.31,97.24,0.35,456,1.92,16.4,1.08,1.07,4.96,0.06,0.6,10.5,0.09,BRL,28,88,707,BRL,0.2,0.4,19.1,4.2,21,2.3,24,1.1,0.61,0.38,4.7,1.34,BRL,1,0.22,BRL,10.2,117,0.09,231,20,3,7.9,19,11,2.28,37,,0.8,BRL,BRL,1.4,1,1170,BRL,0.2,BRL,2.9,BRL,0.1,3.33,51,BRL,6.1,0.6,34,31.2,,,,,,,,,,,,,,,,,,,,,,,,,,
6,43-013-50623-0000,40.2003,-110.524,16X-23D-36,UT CRC,"TC, TOC, HAWK, ICP",AGAT,E171004-020,4572,,,Green River,Mahogany zone,13.48,6.37,1.01,64.62,0.23,452,2.48,18.2,1.02,2.15,4.17,0.08,0.5,12.1,0.11,BRL,43,110,453,BRL,0.2,0.5,27.8,4.2,30,3,21,1.59,0.89,0.49,6.04,1.89,BRL,1,0.33,BRL,14.5,124,0.13,238,17,3.9,11.5,15,10,3.33,53.7,,1.4,BRL,BRL,2.1,BRL,1160,BRL,0.28,BRL,5,BRL,0.14,3.89,73,BRL,9.1,0.9,40,39.2,,,,,,,,,,,,,,,,,,,,,,,,,,
6,43-013-50623-0000,40.2003,-110.524,16X-23D-36,UT CRC,"TC, TOC, HAWK, ICP",AGAT,E171004-021,4574,,,Green River,Mahogany zone,10.08,3.46,1.2,29.28,0.38,452,3.17,12.3,1.73,2.74,7.08,0.03,0.5,14.9,0.13,BRL,15,135,380,BRL,0.2,0.2,30.7,6,30,4,27,1.79,0.95,0.51,7.28,2.12,BRL,1,0.34,BRL,16.3,158,0.12,327,5,4.5,12.9,17,10,3.73,70.7,,1.1,5,BRL,2.5,BRL,892,BRL,0.31,BRL,4.4,BRL,0.14,2.56,70,BRL,9.1,0.9,50,38.1,,,,,,,,,,,,,,,,,,,,,,,,,,
6,43-013-50623-0000,40.2003,-110.524,16X-23D-36,UT CRC,"TC, TOC, HAWK, ICP",AGAT,E171004-022,4576,,,Green River,Mahogany zone,9.02,1.81,1.09,11.38,0.29,447,1.67,17,0.87,0.97,6.66,0.06,0.4,14,0.08,4,7,121,395,BRL,0.1,BRL,16.3,3.1,17,2.4,15,1.3,0.76,0.35,4.45,1.32,BRL,1,0.24,BRL,8.6,178,0.12,215,BRL,3,7.3,10,11,2.07,38.1,,0.3,BRL,BRL,1.4,BRL,1130,BRL,0.22,BRL,3.5,BRL,0.11,3.22,41,BRL,7.8,0.8,25,32.8,,,,,,,,,,,,,,,,,,,,,,,,,,
6,43-013-50623-0000,40.2003,-110.524,16X-23D-36,UT CRC,"TC, TOC, HAWK, ICP",AGAT,E171004-023,4578,,,Green River,Mahogany zone,6.68,0.59,0.33,2.29,0.31,449,2.63,12.1,1.3,1.66,9.53,0.04,0.3,15.3,0.12,BRL,10,296,458,BRL,BRL,BRL,21.8,3.5,25,4.3,16,1.45,0.85,0.4,7,1.73,BRL,2,0.3,BRL,11.5,295,0.11,279,BRL,4.5,9.6,11,5,2.65,72.5,,0.5,BRL,BRL,1.8,BRL,837,BRL,0.26,BRL,3.8,BRL,0.12,2.29,42,BRL,8.5,0.8,39,49.8,,,,,,,,,,,,,,,,,,,,,,,,,,
6,43-013-50623-0000,40.2003,-110.524,16X-23D-36,UT CRC,"TC, TOC, HAWK, ICP",AGAT,E171004-024,4580,,,Green River,Mahogany zone,5.38,0.41,0.13,1.34,0.29,450,3.59,9.83,1.92,2.11,8.83,0.03,0.2,16.5,0.15,BRL,18,376,711,BRL,0.1,BRL,27.9,6.7,30,6.2,24,1.68,1.03,0.51,9.51,1.96,BRL,2,0.32,BRL,14.4,328,0.14,298,2,5.9,12.2,17,7,3.54,99.7,,0.7,6,BRL,2.4,1,633,BRL,0.31,BRL,5.3,BRL,0.14,2.3,56,BRL,9.1,1,60,47.2,,,,,,,,,,,,,,,,,,,,,,,,,,
6,43-013-50623-0000,40.2003,-110.524,16X-23D-36,UT CRC,"TC, TOC, HAWK, ICP",AGAT,E171004-025,4583,,,Green River,Mahogany zone,6.08,0.75,0.4,2.68,0.33,448,2.88,10.4,1.69,1.82,10,0.05,0.2,16.4,0.13,BRL,10,370,321,BRL,0.1,BRL,21.7,4.7,27,5.3,19,1.42,0.85,0.37,8.01,1.62,BRL,1,0.3,BRL,11.5,327,0.13,283,BRL,4.7,9.2,15,6,2.68,82.6,,0.6,5,BRL,1.7,BRL,702,BRL,0.23,BRL,4,BRL,0.12,2.71,47,BRL,8.1,0.9,46,41.7,,,,,,,,,,,,,,,,,,,,,,,,,,
6,43-013-50623-0000,40.2003,-110.524,16X-23D-36,UT CRC,"TC, TOC, HAWK, ICP",AGAT,E171004-026,4584,,,Green River,Mahogany zone,5.55,0.58,0.27,2.36,0.26,451,3.36,9.62,1.78,2.14,9.03,0.04,0.2,17.6,0.14,BRL,16,377,383,BRL,0.1,BRL,26.7,7.8,31,5.9,21,1.57,0.87,0.45,8.64,1.93,BRL,2,0.32,BRL,13.8,335,0.13,264,BRL,4.9,11.4,19,7,3.31,92.9,,0.6,5,BRL,2,1,613,BRL,0.28,BRL,4.5,BRL,0.12,2.72,54,BRL,8.4,0.9,51,44,,,,,,,,,,,,,,,,,,,,,,,,,,
6,43-013-50623-0000,40.2003,-110.524,16X-23D-36,UT CRC,"TC, TOC, HAWK, ICP",AGAT,E171004-027,4586,,,Green River,Mahogany zone,11.11,2.6,3.35,19.73,0.5,446,1.81,15.1,0.92,0.97,10.8,0.05,0.3,10.2,0.08,BRL,7,136,413,BRL,0.1,0.2,15.7,3.2,20,2.3,17,1.07,0.67,0.32,4.63,1.21,BRL,1,0.23,BRL,9,208,0.1,178,5,3.1,6.8,14,7,1.9,37.7,,0.4,BRL,BRL,1.3,BRL,1070,BRL,0.19,BRL,2.6,BRL,0.1,2.61,49,BRL,6.4,0.7,28,30.4,,,,,,,,,,,,,,,,,,,,,,,,,,
6,43-013-50623-0000,40.2003,-110.524,16X-23D-36,UT CRC,"TC, TOC, HAWK, ICP",AGAT,E171004-028,4588,,,Green River,Mahogany zone,9.73,1.91,0.42,11.48,0.26,448,1.98,18,1.17,1.22,7.37,0.04,0.4,10.8,0.09,BRL,BRL,153,604,BRL,0.2,BRL,20.3,4,18,3.2,20,1.78,1.16,0.43,5.81,1.71,BRL,1,0.38,BRL,10.9,224,0.16,307,2,3.8,9,11,8,2.53,51.4,,0.3,BRL,BRL,1.8,BRL,1210,BRL,0.28,BRL,6.2,BRL,0.15,5.02,43,BRL,10.4,1,25,38.9,,,,,,,,,,,,,,,,,,,,,,,,,,
6,43-013-50623-0000,40.2003,-110.524,16X-23D-36,UT CRC,"TC, TOC, HAWK, ICP",AGAT,E171004-029,4590,,,Green River,Mahogany zone,6.63,0.42,0.18,1.52,0.26,447,3.22,12.1,1.48,2.49,8.7,0.03,0.3,14.8,0.14,BRL,7,281,625,BRL,BRL,BRL,27.6,4.5,27,4.2,28,2.06,1.15,0.54,8.3,2.29,BRL,2,0.4,BRL,14,250,0.18,316,BRL,5.7,12.5,13,7,3.49,76.4,,0.5,5,BRL,2.4,1,760,BRL,0.35,BRL,5.8,BRL,0.17,2.7,42,BRL,11.5,1.2,47,59.4,,,,,,,,,,,,,,,,,,,,,,,,,,
6,43-013-50623-0000,40.2003,-110.524,16X-23D-36,UT CRC,"TC, TOC, HAWK, ICP",AGAT,E171004-030,4592,,,Green River,Mahogany zone,4.95,0.33,0.08,0.75,0.27,441,3.73,8.41,1.99,3.06,9.14,0.05,0.2,17.7,0.15,BRL,BRL,379,318,BRL,0.1,BRL,22.5,10.1,31,5.9,25,1.78,1.17,0.39,9.87,1.78,1,2,0.37,BRL,11.5,430,0.18,295,BRL,5.6,9.9,17,7,2.83,102,,0.5,6,BRL,1.8,1,545,BRL,0.29,BRL,6,BRL,0.15,3.94,46,BRL,10.8,1.1,63,53.1,,,,,,,,,,,,,,,,,,,,,,,,,,
6,43-013-70010-S000,39.8472,-110.7662,WILLOW CREEK #1,USGS CRC,"TC, TOC, HAWK, ICP",AGAT,E181102-001,27.1,,,Green River,Lower Green River,10.07,0.24,,,,,0.79,28.3,4.01,0.47,0.79,0.07,0.6,6.61,0.02,BRL,51,BRL,218,BRL,0.1,0.4,18.1,2.2,BRL,0.4,BRL,2.67,1.83,0.5,1.8,2.72,BRL,BRL,0.61,BRL,8.5,BRL,0.21,943,7,1.7,8.6,7,12,2.11,16.2,,2.6,BRL,BRL,2,BRL,772,BRL,0.44,BRL,0.8,BRL,0.25,1.54,11,BRL,23,1.6,BRL,28.7,,,,,,,,,,,,,,,,,,,,,,,,,,
6,43-013-70010-S000,39.8472,-110.7662,WILLOW CREEK #1,USGS CRC,"TC, TOC, HAWK, ICP",AGAT,E181102-002,28.5,,,Green River,Lower Green River,4.44,0.22,,,,,5.74,13.3,3.85,1.61,1.13,0.19,0.1,17.3,0.31,BRL,6,52,421,BRL,0.3,1,58,7.1,48,5.7,24,3.67,2.02,0.97,14.8,4.51,BRL,3,0.75,BRL,30.1,34,0.29,1210,BRL,12.9,26.1,21,23,6.73,99,,0.8,9,BRL,4.8,2,386,0.6,0.64,BRL,10.9,0.8,0.29,4.6,87,2,20.2,2.1,91,84,,,,,,,,,,,,,,,,,,,,,,,,,,
6,43-013-70010-S000,39.8472,-110.7662,WILLOW CREEK #1,USGS CRC,"TC, TOC, HAWK, ICP",AGAT,E181102-003,32,,,Green River,Lower Green River,1.57,1.18,0.02,0.78,0.78,442,9.95,0.96,4.28,2.38,1.51,0.08,0.1,26,0.41,BRL,41,82,565,BRL,0.5,0.6,86.3,12.1,74,12.9,47,4.96,2.45,1.42,24.8,6.17,2,3,0.99,BRL,44.4,69,0.38,266,4,14.7,38.6,35,28,10.4,146,,2,15,BRL,7.2,4,179,0.6,0.88,BRL,18.4,1.1,0.4,5.65,141,2,26.9,2.8,125,107,,,,,,,,,,,,,,,,,,,,,,,,,,
6,43-013-70010-S000,39.8472,-110.7662,WILLOW CREEK #1,USGS CRC,"TC, TOC, HAWK, ICP",AGAT,E181102-004,49.5,,,Green River,Lower Green River,39.21,36.82,6.99,144.89,1.26,411,2.38,4.45,3.89,0.86,0.2,0.15,0.7,12.1,0.13,BRL,33,83,302,BRL,0.1,0.6,62.9,5.8,23,1.7,15,6.12,3.31,1.39,7.85,7.16,58,6,1.23,BRL,31.1,12,0.43,374,22,7.8,30.4,18,26,7.58,35.8,,23.1,8,BRL,6.5,1,172,BRL,1.04,BRL,6.8,1.1,0.45,9.37,101,BRL,41.5,3,60,317,,,,,,,,,,,,,,,,,,,,,,,,,,
6,43-013-70010-S000,39.8472,-110.7662,WILLOW CREEK #1,USGS CRC,"TC, TOC, HAWK, ICP",AGAT,E181102-005,50.5,,,Green River,Lower Green River,1.46,,,,,,5.49,3.38,1.98,2.18,1.07,0.07,0.3,30.6,0.37,BRL,31,41,547,BRL,0.2,0.8,76.1,10,45,4.5,17,4.95,2.9,1.15,12.9,5.8,1,16,0.99,BRL,38.1,31,0.53,323,5,15.2,34.8,24,21,9,102,,2.2,9,BRL,6.3,2,147,0.6,0.86,BRL,15.5,0.9,0.5,4.61,75,2,29.4,3.4,86,600,,,,,,,,,,,,,,,,,,,,,,,,,,
6,43-013-70010-S000,39.8472,-110.7662,WILLOW CREEK #1,USGS CRC,"TC, TOC, HAWK, ICP",AGAT,E181102-006,51.5,,,Green River,Lower Green River,2.11,,,,,,6.75,4.23,3.37,2.21,1.73,0.06,0.2,26,0.39,BRL,17,53,481,BRL,0.4,0.7,78.8,16.9,55,6.7,37,5.08,2.74,1.26,17.8,5.57,2,5,0.95,BRL,40.6,57,0.45,580,6,16,34.6,30,22,9.01,119,,2,11,BRL,6.3,5,169,0.5,0.86,BRL,14.2,0.9,0.43,3.78,100,2,28.5,3.2,87,173,,,,,,,,,,,,,,,,,,,,,,,,,,
6,43-013-70010-S000,39.8472,-110.7662,WILLOW CREEK #1,USGS CRC,"TC, TOC, HAWK, ICP",AGAT,E181102-007,52.5,,,Green River,Lower Green River,1.76,,,,,,5.71,3.63,2.25,2.22,1.24,0.06,0.1,30.7,0.34,BRL,8,36,631,BRL,0.2,0.6,66.1,8,38,4,20,4.4,2.63,1.09,12.7,4.77,1,9,0.88,BRL,33.7,31,0.45,489,2,13.7,28.7,19,17,7.72,97.9,,1.3,8,BRL,5.2,2,154,BRL,0.75,BRL,11.6,0.7,0.43,3.45,64,2,26,3.1,63,308,,,,,,,,,,,,,,,,,,,,,,,,,,
6,43-013-70010-S000,39.8472,-110.7662,WILLOW CREEK #1,USGS CRC,"TC, TOC, HAWK, ICP",AGAT,E181102-008,53.5,,,Green River,Lower Green River,1.84,,,,,,6.62,3.6,2.87,2.31,1.59,0.09,0.1,29.1,0.39,BRL,11,48,599,BRL,0.3,0.8,80.3,11.3,49,6.1,30,6.25,3.07,1.58,16.9,7.17,1,6,1.11,BRL,40,46,0.46,544,BRL,15,39.4,28,20,9.77,110,,1.8,11,BRL,7.7,3,164,0.5,1.07,BRL,13.6,0.8,0.45,3.73,87,2,33.6,3.2,85,226,,,,,,,,,,,,,,,,,,,,,,,,,,
6,43-013-70010-S000,39.8472,-110.7662,WILLOW CREEK #1,USGS CRC,"TC, TOC, HAWK, ICP",AGAT,E181102-009,54.5,,,Green River,Lower Green River,1.86,,,,,,5.33,4.65,1.73,2.13,1.08,0.06,0.2,31.8,0.31,BRL,6,31,2130,BRL,0.7,0.7,61.8,8.5,33,3.1,15,4.36,2.71,3.57,12.1,5.13,1,10,0.9,BRL,31,26,0.44,501,2,12.1,28,21,37,7.32,87.3,,1.2,7,BRL,5.4,2,194,BRL,0.74,BRL,10,BRL,0.44,3.18,54,1,27.2,2.9,71,355,,,,,,,,,,,,,,,,,,,,,,,,,,
6,43-013-70010-S000,39.8472,-110.7662,WILLOW CREEK #1,USGS CRC,"TC, TOC, HAWK, ICP",AGAT,E181102-010,55.5,,,Green River,Lower Green River,1.6,,,,,,4.94,3.65,1.47,1.9,1.04,0.09,0.1,32.4,0.5,1,8,36,706,BRL,0.2,0.6,113,6.8,44,2.6,15,7.21,4.55,1.54,11.6,8.09,2,31,1.53,BRL,56.5,25,0.84,600,BRL,20.9,50.2,15,14,13,74.4,,0.9,7,BRL,8.9,2,161,0.7,1.26,BRL,21.8,0.6,0.76,5.89,54,2,43.5,5.7,54,1120,,,,,,,,,,,,,,,,,,,,,,,,,,
6,43-013-70010-S000,39.8472,-110.7662,WILLOW CREEK #1,USGS CRC,"TC, TOC, HAWK, ICP",AGAT,E181102-011,56.5,,,Green River,Lower Green River,1.55,,,,,,6.17,3.62,2.86,2.15,1.35,0.07,0.1,30.1,0.39,BRL,5,40,492,BRL,0.5,0.7,73.9,9.1,48,4.7,38,4.81,2.83,1.24,14.9,5.79,2,10,1.01,BRL,37.8,36,0.53,498,BRL,15.8,33.1,22,16,8.78,96.2,,0.9,10,BRL,6,2,163,BRL,0.86,BRL,14,0.6,0.51,3.81,81,2,27.8,3.3,72,350,,,,,,,,,,,,,,,,,,,,,,,,,,
6,43-013-70010-S000,39.8472,-110.7662,WILLOW CREEK #1,USGS CRC,"TC, TOC, HAWK, ICP",AGAT,E181102-012,57.5,,,Green River,Lower Green River,1.93,,,,,,5.19,4.36,2.12,2.04,1.14,0.06,0.1,31.8,0.3,BRL,BRL,41,1210,BRL,0.2,0.6,60.9,5.8,40,3,13,4.11,2.4,1.07,11.6,4.71,1,10,0.78,BRL,30.3,33,0.4,561,BRL,12.7,27.4,16,59,7,83.1,,0.7,7,BRL,5,3,175,BRL,0.7,BRL,10.3,BRL,0.39,2.93,59,2,24.7,2.7,59,366,,,,,,,,,,,,,,,,,,,,,,,,,,
6,43-013-70010-S000,39.8472,-110.7662,WILLOW CREEK #1,USGS CRC,"TC, TOC, HAWK, ICP",AGAT,E181102-013,58.5,,,Green River,Lower Green River,1.93,,,,,,5.26,3.63,2.25,2.04,1.22,0.06,BRL,31.3,0.28,BRL,BRL,28,790,BRL,0.1,0.6,53.8,5.6,34,2.9,16,3.77,2.18,0.95,11.2,4.32,1,8,0.75,BRL,27.4,25,0.37,529,BRL,12.1,24,15,13,6.35,81.8,,0.6,7,BRL,4.5,6,162,BRL,0.67,BRL,9.2,BRL,0.36,2.82,57,1,23.3,2.5,50,305,,,,,,,,,,,,,,,,,,,,,,,,,,
6,43-013-70010-S000,39.8472,-110.7662,WILLOW CREEK #1,USGS CRC,"TC, TOC, HAWK, ICP",AGAT,E181102-014,59.5,,,Green River,Lower Green River,2.1,,,,,,4.6,4.51,1.86,1.88,1.06,0.06,BRL,31.9,0.3,BRL,BRL,25,1200,BRL,0.1,0.5,72.7,5.1,32,2.4,11,4.5,2.83,1.12,9.91,5.2,1,16,0.97,BRL,36.1,24,0.48,534,BRL,12.7,32.4,13,13,8.49,74.8,,0.5,6,BRL,5.9,2,184,BRL,0.78,BRL,14.2,BRL,0.48,3.49,46,2,28.4,3.3,41,615,,,,,,,,,,,,,,,,,,,,,,,,,,
6,43-013-70010-S000,39.8472,-110.7662,WILLOW CREEK #1,USGS CRC,"TC, TOC, HAWK, ICP",AGAT,E181102-015,60,,,Green River,Lower Green River,2.11,,,,,,4.96,4.28,1.9,1.93,1.3,0.06,BRL,30.8,0.29,BRL,BRL,28,1090,BRL,0.2,0.6,60.2,5.6,31,2.7,12,4.27,2.41,0.99,10.9,4.51,1,9,0.85,BRL,29.9,27,0.41,585,BRL,11.8,27.1,13,13,7,78.1,,0.5,7,BRL,5,3,173,BRL,0.69,BRL,10.2,BRL,0.4,2.74,46,1,25.1,2.8,46,329,,,,,,,,,,,,,,,,,,,,,,,,,,
6,43-013-70010-S000,39.8472,-110.7662,WILLOW CREEK #1,USGS CRC,"TC, TOC, HAWK, ICP",AGAT,E181102-016,60.3,,,Green River,Lower Green River,1.95,,,,,,6.15,3.48,2.88,2.22,1.6,0.06,BRL,30.2,0.33,BRL,6,38,525,BRL,0.3,0.4,69.4,9,45,4.8,24,4.39,2.5,1.12,16.2,4.86,1,6,0.84,BRL,34.9,37,0.4,578,BRL,16.5,30.9,28,20,8.11,104,,0.7,10,BRL,5.7,2,158,0.7,0.71,BRL,11.5,0.6,0.41,2.91,73,2,26.6,2.8,76,221,,,,,,,,,,,,,,,,,,,,,,,,,,
6,43-013-70010-S000,39.8472,-110.7662,WILLOW CREEK #1,USGS CRC,"TC, TOC, HAWK, ICP",AGAT,E181102-017,61.5,,,Green River,Lower Green River,1.77,,,,,,6.16,3.43,2.47,2.19,1.34,0.07,BRL,31.5,0.36,BRL,6,41,587,BRL,0.3,0.3,74.8,8.5,41,4.9,25,4.9,2.85,1.21,14.6,5.52,1,8,1.03,BRL,37.2,36,0.45,469,BRL,15.2,33.3,18,18,8.6,103,,0.8,9,BRL,6.1,2,159,0.8,0.8,BRL,12.3,0.6,0.47,3.14,70,2,28.7,3.1,64,261,,,,,,,,,,,,,,,,,,,,,,,,,,
6,43-013-70010-S000,39.8472,-110.7662,WILLOW CREEK #1,USGS CRC,"TC, TOC, HAWK, ICP",AGAT,E181102-018,62.6,,,Green River,Lower Green River,1.92,,,,,,6.52,3.31,3.37,2.23,1.57,0.07,BRL,29.1,0.4,BRL,6,45,512,BRL,0.4,0.4,78.1,10.8,49,6.1,35,5.29,2.93,1.27,16,6.09,2,7,1.04,BRL,39.6,50,0.48,577,BRL,16.7,35.6,22,21,9.2,114,,0.8,10,BRL,6.4,2,160,0.7,0.89,BRL,14,0.6,0.49,3.29,86,2,31.7,3.3,84,246,,,,,,,,,,,,,,,,,,,,,,,,,,
6,43-013-70010-S000,39.8472,-110.7662,WILLOW CREEK #1,USGS CRC,"TC, TOC, HAWK, ICP",AGAT,E181102-019,63.6,,,Green River,Lower Green River,2.51,,,,,,7.29,3.15,6.09,2.23,2.05,0.07,BRL,25,0.41,BRL,9,49,468,BRL,0.4,0.7,91.9,12.4,59,8.4,41,6.05,3.16,1.51,18.4,6.84,1,4,1.19,BRL,44.7,61,0.5,704,BRL,16,41,28,26,10.4,123,,0.9,14,BRL,7.8,2,179,0.7,1.06,BRL,15.6,0.8,0.52,3.85,127,2,35.3,3.5,125,138,,,,,,,,,,,,,,,,,,,,,,,,,,
6,43-013-70010-S000,39.8472,-110.7662,WILLOW CREEK #1,USGS CRC,"TC, TOC, HAWK, ICP",AGAT,E181102-020,64.6,,,Green River,Lower Green River,1.29,0.2,,,,,9.41,2.56,2.98,2.67,1.66,0.08,0.1,26.8,0.48,BRL,11,89,458,BRL,0.8,0.7,103,20.8,76,11.5,121,5.99,3.33,1.47,22.8,7.13,2,4,1.12,BRL,53.1,80,0.49,319,BRL,18.6,45.2,44,38,12,149,,2.1,16,BRL,8,3,219,0.7,1,BRL,20.1,0.9,0.54,3.81,144,2,32.8,3.6,192,124,,,,,,,,,,,,,,,,,,,,,,,,,,
6,43-013-70010-S000,39.8472,-110.7662,WILLOW CREEK #1,USGS CRC,"TC, TOC, HAWK, ICP",AGAT,E181102-021,65.5,,,Green River,Lower Green River,1.63,0.21,,,,,8.42,3.47,2.56,2.58,1.58,0.09,BRL,26.2,0.43,BRL,10,69,517,BRL,0.6,0.5,99.7,12.9,67,8.7,39,5.44,3.2,1.46,22.2,6.68,2,5,1.06,BRL,49.9,70,0.47,387,BRL,18.7,43.2,33,22,11.3,133,,1,15,BRL,7.5,3,212,0.7,0.95,BRL,18.1,0.7,0.48,12.4,128,2,29.5,3.2,107,159,,,,,,,,,,,,,,,,,,,,,,,,,,
6,43-013-70010-S000,39.8472,-110.7662,WILLOW CREEK #1,USGS CRC,"TC, TOC, HAWK, ICP",AGAT,E181102-022,66.5,,,Green River,Lower Green River,1.55,,,,,,5.35,4.11,3.07,2.24,0.72,0.05,BRL,30.9,0.24,BRL,BRL,21,740,BRL,0.2,BRL,48.8,6.4,31,2.9,10,3.38,1.91,0.89,12.1,3.73,1,7,0.68,BRL,25,28,0.33,464,BRL,11,21.3,13,14,5.51,87.5,,0.4,6,BRL,3.7,2,203,0.5,0.57,BRL,9,BRL,0.33,2.03,61,1,20.6,2.1,51,244,,,,,,,,,,,,,,,,,,,,,,,,,,
6,43-013-70010-S000,39.8472,-110.7662,WILLOW CREEK #1,USGS CRC,"TC, TOC, HAWK, ICP",AGAT,E181102-023,67,,,Green River,Lower Green River,1.7,,,,,,6,2.92,3.19,2.59,0.9,0.04,BRL,32.1,0.2,1,BRL,18,807,BRL,0.2,0.3,43.6,9.3,27,3.6,13,2.57,1.46,0.79,13.3,3.18,1,3,0.5,BRL,21.7,28,0.23,466,BRL,9.5,19,15,16,4.9,110,,0.4,7,BRL,3.5,1,191,BRL,0.44,BRL,6.3,0.6,0.22,1.67,61,2,14.8,1.7,70,86.7,,,,,,,,,,,,,,,,,,,,,,,,,,
6,43-013-70010-S000,39.8472,-110.7662,WILLOW CREEK #1,USGS CRC,"TC, TOC, HAWK, ICP",AGAT,E181102-024,68.4,,,Green River,Lower Green River,1.45,,,,,,6.17,2.62,2.24,2.53,0.99,0.04,BRL,32.6,0.24,BRL,BRL,24,708,BRL,0.2,0.3,47.4,8,30,3.7,20,2.99,1.75,0.79,14,3.27,1,5,0.56,BRL,23.2,30,0.3,376,BRL,10.2,19.7,15,15,5.33,106,,0.5,7,BRL,3.5,1,180,BRL,0.46,BRL,8.8,0.6,0.28,1.98,61,1,17.7,2,66,171,,,,,,,,,,,,,,,,,,,,,,,,,,
6,43-013-70010-S000,39.8472,-110.7662,WILLOW CREEK #1,USGS CRC,"TC, TOC, HAWK, ICP",AGAT,E181102-025,69.5,,,Green River,Lower Green River,1.88,,,,,,5.25,4.51,1.38,2.24,0.64,0.04,0.1,32.8,0.16,BRL,BRL,18,3130,BRL,0.1,0.3,38.8,4.6,20,2.3,8,2.56,1.45,0.97,10.7,3.15,1,3,0.5,BRL,19.8,24,0.22,449,BRL,6.6,17.1,8,12,4.58,86.5,,0.3,BRL,BRL,3.4,BRL,244,BRL,0.47,BRL,6,BRL,0.21,1.46,34,BRL,15.8,1.6,47,111,,,,,,,,,,,,,,,,,,,,,,,,,,
6,43-013-70010-S000,39.8472,-110.7662,WILLOW CREEK #1,USGS CRC,"TC, TOC, HAWK, ICP",AGAT,E181102-026,70.4,,,Green River,Lower Green River,1.86,,,,,,5.62,3.44,2.81,2.36,1,0.04,BRL,30.7,0.19,BRL,BRL,19,911,BRL,0.1,0.2,41.2,6.7,27,3.1,12,3.03,1.64,0.82,12.2,2.96,1,4,0.54,BRL,21.5,25,0.23,538,BRL,8.2,17.8,13,13,4.69,91,,0.3,7,BRL,3.3,2,195,BRL,0.46,BRL,6.7,BRL,0.24,1.63,51,BRL,16.6,1.8,52,139,,,,,,,,,,,,,,,,,,,,,,,,,,
6,43-013-70010-S000,39.8472,-110.7662,WILLOW CREEK #1,USGS CRC,"TC, TOC, HAWK, ICP",AGAT,E181102-027,71.6,,,Green River,Lower Green River,1.77,,,,,,5.85,3.4,2.62,2.24,1.15,0.06,BRL,31.1,0.3,BRL,BRL,26,793,BRL,0.2,0.2,61.2,7.9,36,3.5,18,4.03,2.24,1.04,13,4.6,1,9,0.84,BRL,30.5,30,0.39,492,BRL,12.6,27.3,15,15,7.12,93.8,,0.5,8,BRL,5,2,180,0.5,0.68,BRL,10.3,BRL,0.41,2.55,59,1,23.7,2.7,68,327,,,,,,,,,,,,,,,,,,,,,,,,,,
6,43-013-70010-S000,39.8472,-110.7662,WILLOW CREEK #1,USGS CRC,"TC, TOC, HAWK, ICP",AGAT,E181102-028,72.4,,,Green River,Lower Green River,2.01,0.29,,,,,8.6,2.26,5.46,2.54,1.75,0.08,BRL,24.9,0.48,BRL,BRL,46,593,BRL,0.8,0.3,125,17.8,69,8.5,39,7.18,4.02,1.82,22.6,8.75,2,5,1.43,BRL,59.8,73,0.56,533,BRL,20.5,53,33,26,13.9,136,,0.7,17,BRL,9.7,3,196,0.8,1.32,BRL,21.4,0.8,0.66,4.38,124,3,41.4,4.3,108,157,,,,,,,,,,,,,,,,,,,,,,,,,,
6,43-013-70010-S000,39.8472,-110.7662,WILLOW CREEK #1,USGS CRC,"TC, TOC, HAWK, ICP",AGAT,E181102-029,73.4,,,Green River,Lower Green River,1.14,0.34,,,,,9.93,2.07,3.34,2.88,1.62,0.08,0.1,26.3,0.48,BRL,16,85,528,BRL,0.8,0.3,118,18.5,79,11.9,51,6.61,3.59,1.66,26.5,7.76,2,4,1.3,BRL,58.7,93,0.51,359,BRL,18.9,50.4,40,31,13.3,162,,1.5,17,BRL,9.2,3,210,0.7,1.2,BRL,23.3,0.9,0.57,3.67,141,3,38.5,3.9,112,116,,,,,,,,,,,,,,,,,,,,,,,,,,
6,43-013-70010-S000,39.8472,-110.7662,WILLOW CREEK #1,USGS CRC,"TC, TOC, HAWK, ICP",AGAT,E181102-030,74.3,,,Green River,Lower Green River,1.55,0.23,,,,,8.64,2.58,4.01,2.59,1.64,0.07,0.1,25.6,0.43,BRL,15,68,505,BRL,0.6,0.4,93,14.7,69,10.1,46,5.43,3.12,1.39,21.4,6.71,2,3,1.12,BRL,48.2,76,0.47,477,2,16.4,40,35,24,10.5,140,,1.3,15,BRL,7.1,3,194,0.6,0.98,BRL,18.5,0.9,0.49,3.42,126,2,32.2,3.2,115,112,,,,,,,,,,,,,,,,,,,,,,,,,,
6,43-013-70010-S000,39.8472,-110.7662,WILLOW CREEK #1,USGS CRC,"TC, TOC, HAWK, ICP",AGAT,E181102-031,75.4,,,Green River,Lower Green River,3.67,,,,,,6.26,3.17,9.65,2.06,2.42,0.07,0.1,21.3,0.35,BRL,11,23,479,BRL,0.4,0.4,85,12.7,52,7,32,5.38,3.17,1.34,16.1,6.48,2,4,1.07,BRL,42.6,51,0.44,1220,BRL,13.1,37.2,30,18,9.68,110,,1,13,BRL,6.8,3,173,0.6,0.93,BRL,14.9,0.6,0.48,3.25,114,2,32,3.2,113,136,,,,,,,,,,,,,,,,,,,,,,,,,,
6,43-013-70010-S000,39.8472,-110.7662,WILLOW CREEK #1,USGS CRC,"TC, TOC, HAWK, ICP",AGAT,E181102-032,76.3,,,Green River,Lower Green River,11.31,,,,,,0.45,35,1.65,0.13,0.43,0.2,0.3,1.43,0.02,BRL,BRL,BRL,181,BRL,BRL,0.7,28.6,2.7,BRL,0.3,BRL,2.73,1.64,0.47,1.28,2.81,BRL,BRL,0.57,BRL,12.8,BRL,0.21,1610,BRL,0.4,12.4,BRL,9,3.03,5.7,,0.4,BRL,BRL,2.3,BRL,899,BRL,0.43,BRL,1.2,BRL,0.24,29.5,6,BRL,22.5,1.5,74,23.2,,,,,,,,,,,,,,,,,,,,,,,,,,
6,43-013-70010-S000,39.8472,-110.7662,WILLOW CREEK #1,USGS CRC,"TC, TOC, HAWK, ICP",AGAT,E181102-033,77.5,,,Green River,Lower Green River,0.9,0.22,,,,,6.6,2.17,1.5,2.88,0.61,0.1,0.1,33.8,0.36,BRL,8,52,973,BRL,0.4,0.7,77.5,8.2,49,5.1,21,5.3,2.83,1.33,17.3,6.16,2,10,0.98,BRL,38,23,0.43,224,2,14.1,34.6,18,38,8.91,116,,1.6,8,BRL,6.6,4,181,0.7,0.9,BRL,15.3,0.5,0.46,6.14,75,2,30.8,3,74,383,,,,,,,,,,,,,,,,,,,,,,,,,,
6,43-013-70010-S000,39.8472,-110.7662,WILLOW CREEK #1,USGS CRC,"TC, TOC, HAWK, ICP",AGAT,E181102-034,78.4,,,Green River,Lower Green River,0.24,,,,,,6.3,0.48,1.43,3.01,0.44,0.05,0.1,35.9,0.34,4,7,50,1360,BRL,0.3,0.4,67.6,6.8,40,4.4,23,3.21,2.03,0.85,16.1,3.9,2,11,0.67,BRL,34.5,20,0.38,82,BRL,14,27.6,14,26,7.31,122,,1.1,7,BRL,4.7,3,159,0.6,0.57,BRL,14.6,0.5,0.35,2.82,62,2,19.7,2.6,73,405,,,,,,,,,,,,,,,,,,,,,,,,,,
6,43-013-70010-S000,39.8472,-110.7662,WILLOW CREEK #1,USGS CRC,"TC, TOC, HAWK, ICP",AGAT,E181102-035,79.3,,,Green River,Lower Green River,1.89,,,,,,6.35,1.7,5.52,2.58,1.15,0.09,0.1,29.8,0.33,1,10,36,739,BRL,0.3,0.8,86.7,8.4,43,5.1,25,6.51,3.69,1.59,15.2,7.16,2,7,1.22,BRL,42.1,27,0.54,890,BRL,15.4,39,19,23,9.99,108,,1.1,11,BRL,7.6,2,153,0.6,1.11,BRL,13.6,BRL,0.52,2.91,80,2,39.8,3.6,88,276,,,,,,,,,,,,,,,,,,,,,,,,,,
6,43-013-70010-S000,39.8472,-110.7662,WILLOW CREEK #1,USGS CRC,"TC, TOC, HAWK, ICP",AGAT,E181102-036,80.3,,,Green River,Lower Green River,0.36,0.23,,,,,8.75,0.52,3.54,3.54,1.06,0.07,0.1,30,0.46,2,12,81,828,BRL,0.6,0.7,98.3,14,71,11.9,89,5.44,3.16,1.41,22.2,6.71,3,5,1.11,BRL,49.4,49,0.46,158,BRL,18.3,41.8,38,36,11,180,,2.4,15,BRL,7.3,4,129,0.7,0.96,BRL,19.8,0.8,0.49,2.85,118,3,31.5,3.6,145,181,,,,,,,,,,,,,,,,,,,,,,,,,,
6,43-013-70010-S000,39.8472,-110.7662,WILLOW CREEK #1,USGS CRC,"TC, TOC, HAWK, ICP",AGAT,E181102-037,81.1,,,Green River,Lower Green River,0.49,,,,,,8.56,1.1,3.61,3.54,1.04,0.1,0.1,29.8,0.44,BRL,7,82,867,BRL,0.6,0.7,99.8,12.3,70,11.3,43,6.5,3.65,1.71,21.2,7.83,3,5,1.28,BRL,49.6,46,0.54,190,BRL,18.8,45.3,35,24,11.9,177,,1.9,15,BRL,8.6,2,133,0.6,1.18,BRL,19.2,0.9,0.57,2.84,126,3,39.3,3.7,140,156,,,,,,,,,,,,,,,,,,,,,,,,,,
6,43-013-70010-S000,39.8472,-110.7662,WILLOW CREEK #1,USGS CRC,"TC, TOC, HAWK, ICP",AGAT,E181102-038,82.4,,,Green River,Lower Green River,0.58,,,,,,8.56,1.43,3.77,3.52,1.04,0.14,0.1,29.3,0.43,BRL,BRL,76,897,BRL,0.5,0.6,116,11.6,70,11.9,57,9.34,4.5,2.33,22.9,10.9,3,4,1.76,BRL,52.9,51,0.63,203,BRL,17.5,59.1,34,25,14.1,184,,2.1,16,BRL,11.8,3,144,0.6,1.64,BRL,18.8,0.8,0.68,2.68,152,3,54.8,4.4,130,153,,,,,,,,,,,,,,,,,,,,,,,,,,
6,43-013-70010-S000,39.8472,-110.7662,WILLOW CREEK #1,USGS CRC,"TC, TOC, HAWK, ICP",AGAT,E181102-039,83.4,,,Green River,Lower Green River,0.73,,,,,,8.71,1.24,4.52,3.29,1.18,0.07,0.2,28.3,0.44,BRL,7,72,874,BRL,0.6,0.6,97.7,17,71,12.2,65,5.61,3.4,1.41,22.7,6.63,3,4,1.08,BRL,49.8,58,0.5,260,BRL,17.3,42.5,41,24,11.3,178,,2,15,BRL,7.4,3,137,0.7,0.99,BRL,19.4,0.9,0.49,2.6,127,3,34.1,3.4,137,142,,,,,,,,,,,,,,,,,,,,,,,,,,
6,43-013-70010-S000,39.8472,-110.7662,WILLOW CREEK #1,USGS CRC,"TC, TOC, HAWK, ICP",AGAT,E181102-040,84.4,,,Green River,Lower Green River,0.6,,,,,,7.4,1.19,3.29,3.14,0.84,0.06,0.1,31.2,0.34,BRL,23,50,875,BRL,0.5,0.5,77.3,13.3,52,7.9,34,4.05,2.43,1.18,18.3,4.89,2,5,0.84,BRL,39.7,48,0.39,259,BRL,15.4,31.5,30,22,8.56,149,,1.8,11,BRL,5.8,2,147,0.6,0.73,BRL,14.4,0.7,0.37,2.55,99,2,25.4,2.6,113,169,,,,,,,,,,,,,,,,,,,,,,,,,,
6,43-013-70010-S000,39.8472,-110.7662,WILLOW CREEK #1,USGS CRC,"TC, TOC, HAWK, ICP",AGAT,E181102-041,85.7,,,Green River,Lower Green River,,,,,,,9.31,0.29,4.01,3.13,1,0.06,0.2,28.7,0.39,BRL,22,78,963,BRL,0.7,BRL,85,18.8,90,12,54,3.91,2.38,1.11,24.1,4.74,2,3,0.81,BRL,48.4,89,0.38,128,2,15.1,34.5,45,31,9.76,164,,3.1,14,BRL,5.7,2,143,0.6,0.73,BRL,21.8,0.9,0.39,2.75,157,3,23.1,2.7,123,110,,,,,,,,,,,,,,,,,,,,,,,,,,
6,43-013-70010-S000,39.8472,-110.7662,WILLOW CREEK #1,USGS CRC,"TC, TOC, HAWK, ICP",AGAT,E181102-042,86.5,,,Green River,Lower Green River,0.32,,,,,,8.31,0.82,3.16,3.11,0.87,0.09,0.1,30.4,0.44,BRL,9,60,918,BRL,0.3,0.6,90.6,15.1,63,9.7,44,5.82,3.29,1.52,21.1,6.87,2,5,1.16,BRL,44.5,62,0.46,179,BRL,17.6,42,32,34,10.8,160,,1.8,14,BRL,7.5,3,148,0.7,1,BRL,16.8,0.8,0.51,3.1,102,3,35.6,3.3,128,198,,,,,,,,,,,,,,,,,,,,,,,,,,
6,43-013-70010-S000,39.8472,-110.7662,WILLOW CREEK #1,USGS CRC,"TC, TOC, HAWK, ICP",AGAT,E181102-043,87.5,,,Green River,Lower Green River,0.58,,,,,,8.61,0.79,3.06,3,1.23,0.09,BRL,31,0.49,1,11,71,917,BRL,0.6,BRL,99.6,17.5,72,10.6,50,5.94,3.42,1.55,21.7,6.94,2,5,1.22,BRL,51.7,71,0.57,208,BRL,18,43.2,40,29,11.6,155,,1.8,14,BRL,7.4,3,138,0.8,1.01,BRL,19.3,0.6,0.54,3.35,119,3,35.3,3.6,143,194,,,,,,,,,,,,,,,,,,,,,,,,,,
6,43-013-70010-S000,39.8472,-110.7662,WILLOW CREEK #1,USGS CRC,"TC, TOC, HAWK, ICP",AGAT,E181102-044,88.9,,,Green River,Lower Green River,4.7,,,,,,6.37,5.88,8.72,1.87,2.94,0.08,0.1,18.6,0.34,BRL,7,33,625,BRL,0.4,BRL,88.5,17.4,55,6.6,35,5.65,3.09,1.35,18,6.3,2,3,1.11,BRL,44.8,61,0.47,1610,BRL,13.4,38.3,30,20,9.89,98.8,,1.4,15,BRL,6.8,3,211,0.5,0.95,BRL,14.9,BRL,0.47,4.09,137,2,34.1,3.2,97,105,,,,,,,,,,,,,,,,,,,,,,,,,,
6,43-013-70010-S000,39.8472,-110.7662,WILLOW CREEK #1,USGS CRC,"TC, TOC, HAWK, ICP",AGAT,E181102-045,89.5,,,Green River,Lower Green River,3,,,,,,6.91,4.07,4.79,2.28,2.18,0.08,0.1,25.7,0.39,BRL,7,42,679,BRL,0.4,0.2,85.2,13.4,55,6.3,34,5.51,3.18,1.37,19.8,6.2,1,5,1.12,BRL,42.7,53,0.51,870,BRL,14.7,37.9,31,22,9.74,110,,1.4,13,BRL,7,3,192,0.7,0.97,BRL,14.6,0.6,0.5,3.5,106,2,33.2,3.5,95,189,,,,,,,,,,,,,,,,,,,,,,,,,,
6,43-013-70010-S000,39.8472,-110.7662,WILLOW CREEK #1,USGS CRC,"TC, TOC, HAWK, ICP",AGAT,E181102-046,90.4,,,Green River,Lower Green River,1.47,,,,,,6.3,2.35,2.15,2.27,1.16,0.07,BRL,32.1,0.34,BRL,BRL,34,595,BRL,0.3,BRL,75.6,7,38,3,17,4.67,2.75,1.14,15.2,5.68,2,9,0.93,BRL,37.7,26,0.46,375,BRL,13.9,33.5,18,17,8.81,94.3,,0.6,7,BRL,6.3,2,147,0.6,0.8,BRL,12.6,BRL,0.44,2.69,62,2,28.4,3,55,352,,,,,,,,,,,,,,,,,,,,,,,,,,
6,43-013-70010-S000,39.8472,-110.7662,WILLOW CREEK #1,USGS CRC,"TC, TOC, HAWK, ICP",AGAT,E181102-047,92.5,,,Green River,Lower Green River,1.45,,,,,,5.14,2.52,2.14,2.11,0.94,0.05,BRL,33.2,0.25,BRL,BRL,20,556,BRL,0.1,BRL,53,4.8,25,1.7,12,3.47,1.96,0.93,10.6,3.9,1,7,0.69,BRL,26.7,18,0.31,487,BRL,10.5,24.7,12,18,6.22,79.2,,0.3,7,BRL,4.4,2,145,BRL,0.63,BRL,8,BRL,0.34,1.73,37,1,21.1,2.3,34,278,,,,,,,,,,,,,,,,,,,,,,,,,,
6,43-013-70010-S000,39.8472,-110.7662,WILLOW CREEK #1,USGS CRC,"TC, TOC, HAWK, ICP",AGAT,E181102-048,93.8,,,Green River,Lower Green River,0.94,,,,,,6.06,1.64,1.18,2.37,0.84,0.05,BRL,34.6,0.24,BRL,BRL,28,594,BRL,0.1,BRL,46.7,6,32,2.6,13,2.95,1.85,0.88,14,3.34,2,6,0.62,BRL,24.3,20,0.3,220,BRL,10,19.8,16,15,5.19,90,,0.5,5,BRL,3.6,4,144,BRL,0.5,BRL,8,BRL,0.29,1.85,48,2,17.6,2.1,49,210,,,,,,,,,,,,,,,,,,,,,,,,,,
6,43-013-70010-S000,39.8472,-110.7662,WILLOW CREEK #1,USGS CRC,"TC, TOC, HAWK, ICP",AGAT,E181102-049,95.3,,,Green River,Lower Green River,1.4,,,,,,5.57,2.13,1.57,2.2,0.87,0.05,BRL,34,0.26,BRL,BRL,22,553,BRL,0.1,0.2,54.5,5.9,26,1.9,10,3.42,2.13,0.87,12,4.11,1,10,0.71,BRL,27,18,0.34,343,BRL,9.9,24.6,12,309,6.48,82.9,,0.7,6,BRL,4.3,1,147,BRL,0.59,BRL,9.6,BRL,0.32,2.12,42,1,21.2,2.3,39,383,,,,,,,,,,,,,,,,,,,,,,,,,,
6,43-013-70010-S000,39.8472,-110.7662,WILLOW CREEK #1,USGS CRC,"TC, TOC, HAWK, ICP",AGAT,E181102-050,96.5,,,Green River,Lower Green River,1.93,0.49,,,,,5.37,2.73,1.89,2.11,1.06,0.05,BRL,32.8,0.21,BRL,5,24,532,BRL,0.2,BRL,52.8,6,27,1.8,10,3.29,1.95,0.89,12.4,3.77,1,6,0.66,BRL,25.8,17,0.3,452,BRL,9,23.3,13,21,6.26,84,,0.8,6,BRL,4.2,2,148,0.6,0.57,BRL,7.3,BRL,0.3,1.9,42,1,19.1,2,35,231,,,,,,,,,,,,,,,,,,,,,,,,,,
6,43-013-70010-S000,39.8472,-110.7662,WILLOW CREEK #1,USGS CRC,"TC, TOC, HAWK, ICP",AGAT,E181102-051,97.6,,,Green River,Lower Green River,2.31,1.17,5.35,6.6,0.23,436,5.32,1.77,1.27,2.29,0.62,0.04,BRL,35.4,0.21,BRL,BRL,19,574,BRL,0.1,BRL,53.7,5.1,21,1.6,8,3.17,1.89,0.97,11,3.59,1,8,0.64,BRL,26.3,10,0.29,355,BRL,9.5,23.6,12,18,6.22,84.5,,0.6,BRL,BRL,4.3,2,146,0.5,0.54,BRL,8.2,BRL,0.27,1.94,31,BRL,19.8,1.9,38,313,,,,,,,,,,,,,,,,,,,,,,,,,,
6,43-013-70010-S000,39.8472,-110.7662,WILLOW CREEK #1,USGS CRC,"TC, TOC, HAWK, ICP",AGAT,E181102-052,99.1,,,Green River,Lower Green River,2.45,1,4.14,4.45,0.22,431,5.24,2.2,2.04,2.04,0.9,0.05,BRL,33.7,0.25,BRL,BRL,18,524,BRL,0.1,BRL,71.4,5.4,26,1.7,7,3.85,2.11,1.03,12.1,4.73,1,9,0.72,BRL,35.4,17,0.33,488,BRL,10.2,30.7,11,14,8.12,79.2,,0.6,6,BRL,5.8,2,143,0.5,0.67,BRL,12.3,BRL,0.36,2.33,42,BRL,22.5,2.2,44,330,,,,,,,,,,,,,,,,,,,,,,,,,,
6,43-013-70010-S000,39.8472,-110.7662,WILLOW CREEK #1,USGS CRC,"TC, TOC, HAWK, ICP",AGAT,E181102-053,100.3,,,Green River,Lower Green River,1.72,0.7,2.32,3.14,0.17,434,5.76,2.07,1.36,2.24,0.76,0.05,BRL,33.5,0.24,BRL,BRL,22,565,BRL,BRL,BRL,46.9,5.5,27,1.9,8,2.86,1.53,0.82,12.9,3.47,1,6,0.6,BRL,23.8,21,0.25,333,BRL,13.9,20.9,14,14,5.5,88,,0.4,5,BRL,3.8,2,147,0.5,0.49,BRL,8.2,BRL,0.26,1.82,40,1,17.4,1.8,32,227,,,,,,,,,,,,,,,,,,,,,,,,,,
6,43-013-70010-S000,39.8472,-110.7662,WILLOW CREEK #1,USGS CRC,"TC, TOC, HAWK, ICP",AGAT,E181102-054,101.4,,,Green River,Lower Green River,1.08,,,,,,6.12,1.94,0.98,2.3,0.78,0.05,BRL,34.9,0.24,BRL,BRL,27,585,BRL,0.1,BRL,43,5.3,29,2,11,2.59,1.68,0.8,14,2.97,1,6,0.53,BRL,21.9,18,0.29,245,BRL,11.7,19,17,15,5,87.7,,0.5,BRL,BRL,3.2,2,146,BRL,0.43,BRL,7.2,BRL,0.27,1.96,46,1,16.4,1.9,40,228,,,,,,,,,,,,,,,,,,,,,,,,,,
6,43-013-70010-S000,39.8472,-110.7662,WILLOW CREEK #1,USGS CRC,"TC, TOC, HAWK, ICP",AGAT,E181102-055,102.9,,,Green River,Lower Green River,1.75,,,,,,6.75,2.14,3.13,2.25,1.26,0.06,BRL,31.1,0.35,BRL,BRL,31,578,BRL,0.2,BRL,64,7.5,44,3,10,3.55,2.1,0.98,18.2,4.37,2,8,0.8,BRL,33.1,27,0.36,679,BRL,15.5,27.7,18,15,7.33,91.6,,0.6,8,BRL,4.8,2,152,0.6,0.66,BRL,11.6,BRL,0.38,2.98,72,2,23.7,2.7,54,314,,,,,,,,,,,,,,,,,,,,,,,,,,
6,43-013-70010-S000,39.8472,-110.7662,WILLOW CREEK #1,USGS CRC,"TC, TOC, HAWK, ICP",AGAT,E181102-056,103.4,,,Green River,Lower Green River,2.9,1.65,8.73,9.18,0.16,432,5.06,1.5,1.07,2.26,0.5,0.04,BRL,35.4,0.27,BRL,BRL,17,592,BRL,BRL,BRL,72.5,3.2,18,1.4,7,3.78,1.96,0.97,10.8,4.63,1,12,0.7,BRL,35,BRL,0.34,341,BRL,12.7,31.5,9,14,8.3,79.6,,0.3,6,BRL,5.7,1,136,0.6,0.67,BRL,17.1,BRL,0.32,2.46,27,1,20.9,2.4,26,479,,,,,,,,,,,,,,,,,,,,,,,,,,
6,43-013-70010-S000,39.8472,-110.7662,WILLOW CREEK #1,USGS CRC,"TC, TOC, HAWK, ICP",AGAT,E181102-057,104.4,,,Green River,Lower Green River,4.57,3.45,16.81,17.26,0.33,431,4.23,1.9,1.07,2.12,0.48,0.02,BRL,35.6,0.1,BRL,BRL,13,588,BRL,BRL,BRL,34.6,3.6,14,1,49,2.28,1.43,0.73,8.5,2.39,1,3,0.46,BRL,16.8,BRL,0.19,380,BRL,4.4,15.1,10,13,3.83,76.3,,0.3,BRL,BRL,2.6,BRL,129,BRL,0.37,BRL,4.7,BRL,0.19,1.04,17,BRL,13.7,1.4,41,123,,,,,,,,,,,,,,,,,,,,,,,,,,
6,43-013-70010-S000,39.8472,-110.7662,WILLOW CREEK #1,USGS CRC,"TC, TOC, HAWK, ICP",AGAT,E181102-058,105.3,,,Green River,Lower Green River,,,,,,,4.92,0.41,0.59,2.43,0.14,0.02,BRL,38.1,0.08,BRL,11,14,720,BRL,BRL,BRL,34.3,5.3,43,1.2,70,1.5,0.85,0.64,9.27,1.99,1,2,0.26,BRL,17,12,0.13,79,3,3.4,13.7,26,18,3.69,84.5,,0.6,BRL,BRL,2.4,1,132,BRL,0.26,BRL,4.4,BRL,0.13,0.96,14,BRL,8.4,0.9,53,87.1,,,,,,,,,,,,,,,,,,,,,,,,,,
6,43-013-70010-S000,39.8472,-110.7662,WILLOW CREEK #1,USGS CRC,"TC, TOC, HAWK, ICP",AGAT,E181102-059,106.3,,,Green River,Lower Green River,3.78,2.74,13.13,14.11,0.26,429,4.84,1.37,1.31,2.12,0.48,0.03,0.1,35.9,0.19,BRL,8,17,597,BRL,BRL,BRL,48.4,5.1,27,1.3,16,2.67,1.58,0.74,10.2,3,1,6,0.54,BRL,24.8,11,0.25,316,BRL,9.1,20.6,14,16,5.49,78.5,,0.7,BRL,BRL,3.5,1,132,BRL,0.43,BRL,8.8,BRL,0.27,1.77,25,BRL,16.6,1.9,26,250,,,,,,,,,,,,,,,,,,,,,,,,,,
6,43-013-70010-S000,39.8472,-110.7662,WILLOW CREEK #1,USGS CRC,"TC, TOC, HAWK, ICP",AGAT,E181102-060,107.7,,,Green River,Lower Green River,3.35,2.41,12.2,13.72,0.38,431,5.22,1.08,1.18,2.39,0.42,0.03,BRL,35.6,0.15,BRL,5,15,621,BRL,BRL,BRL,47.1,4.4,18,1.4,33,2.41,1.43,0.78,10.8,3.11,1,5,0.51,BRL,23.4,10,0.22,275,BRL,6.3,19.3,13,15,5.18,88.2,,0.4,BRL,BRL,3.4,2,138,BRL,0.44,BRL,7.5,BRL,0.21,1.58,24,BRL,14.7,1.5,41,201,,,,,,,,,,,,,,,,,,,,,,,,,,
6,43-013-70010-S000,39.8472,-110.7662,WILLOW CREEK #1,USGS CRC,"TC, TOC, HAWK, ICP",AGAT,E181102-061,108.5,,,Green River,Lower Green River,3.74,3.4,14.89,17.93,0.26,432,5.03,0.62,0.64,2.38,0.23,0.02,BRL,37.8,0.09,BRL,BRL,14,628,BRL,BRL,0.4,33.5,3.1,19,1.3,38,1.54,0.84,0.66,9.48,2.01,1,2,0.3,BRL,16.7,14,0.13,136,BRL,3.9,13.9,10,13,3.67,84.9,,0.3,BRL,BRL,2.2,1,139,BRL,0.27,BRL,4,BRL,0.13,1.04,18,BRL,8.9,0.9,34,85.8,,,,,,,,,,,,,,,,,,,,,,,,,,
6,43-013-70010-S000,39.8472,-110.7662,WILLOW CREEK #1,USGS CRC,"TC, TOC, HAWK, ICP",AGAT,E181102-062,109.5,,,Green River,Lower Green River,3.24,2.73,11.95,13.98,0.2,431,4.63,0.6,0.61,2.04,0.27,0.02,BRL,39.2,0.11,BRL,BRL,16,542,BRL,BRL,0.4,36.3,2.6,17,1.2,48,2.34,1.38,0.63,8.68,2.22,1,3,0.45,BRL,18.3,11,0.22,121,BRL,5.6,15.1,9,11,4.02,73.5,,0.2,BRL,BRL,2.5,1,123,BRL,0.37,BRL,5,BRL,0.2,1.12,15,BRL,15.8,1.5,39,93.8,,,,,,,,,,,,,,,,,,,,,,,,,,
6,43-013-70010-S000,39.8472,-110.7662,WILLOW CREEK #1,USGS CRC,"TC, TOC, HAWK, ICP",AGAT,E181102-063,110.4,,,Green River,Lower Green River,4.78,1.01,4.36,4.93,0.32,425,3.72,5.46,4.78,1.69,1.61,0.02,0.1,27.5,0.12,BRL,BRL,BRL,820,BRL,0.1,0.4,36.5,5.4,23,1,7,4.36,2.93,1.12,7.77,3.84,1,4,1.02,BRL,17.8,BRL,0.52,1490,BRL,4.5,17.3,9,11,4.26,62.8,,0.3,21,BRL,3.9,1,192,BRL,0.68,BRL,4.7,BRL,0.52,1.21,47,BRL,28.9,3.6,19,153,,,,,,,,,,,,,,,,,,,,,,,,,,
6,43-013-70010-S000,39.8472,-110.7662,WILLOW CREEK #1,USGS CRC,"TC, TOC, HAWK, ICP",AGAT,E181102-064,111.4,,,Green River,Lower Green River,3.39,2.14,10.11,10.87,0.28,430,5.15,1.7,1.46,2.52,0.51,0.02,BRL,34.6,0.1,BRL,BRL,13,655,BRL,BRL,0.4,37.1,4.4,16,1.4,6,2.29,1.25,0.78,10.4,2.46,1,2,0.44,BRL,18.5,12,0.16,410,BRL,4.2,15.8,9,17,4.05,91.8,,0.3,BRL,BRL,3.1,2,156,BRL,0.38,BRL,5.1,BRL,0.2,1.14,23,1,13.5,1.5,23,86.2,,,,,,,,,,,,,,,,,,,,,,,,,,
6,43-013-70010-S000,39.8472,-110.7662,WILLOW CREEK #1,USGS CRC,"TC, TOC, HAWK, ICP",AGAT,E181102-065,112.4,,,Green River,Lower Green River,2.86,2.41,11.08,13.64,0.19,433,5.25,0.64,0.99,2.3,0.31,0.05,BRL,36.1,0.93,1,6,15,607,BRL,0.1,0.4,237,4.4,37,1.3,10,9.45,5.89,1.21,12.9,13.5,2,47,1.93,BRL,115,11,1.08,279,BRL,40.6,98.5,9,24,26,85.3,,0.6,5,BRL,17.5,3,133,1.3,1.84,BRL,66.4,BRL,1,7.29,34,3,61.6,7,29,1960,,,,,,,,,,,,,,,,,,,,,,,,,,
6,43-013-70010-S000,39.8472,-110.7662,WILLOW CREEK #1,USGS CRC,"TC, TOC, HAWK, ICP",AGAT,E181102-066,113.6,,,Green River,Lower Green River,3.28,2.51,11.71,13.9,0.19,431,4.95,0.66,0.83,2.19,0.31,0.03,BRL,37.3,0.16,BRL,BRL,17,579,BRL,0.1,0.4,35.4,3.1,16,1.2,38,2.14,1.23,0.62,9.29,2.32,1,5,0.41,BRL,18.1,13,0.21,173,BRL,7,15.1,10,13,4.06,78.7,,0.4,BRL,BRL,2.7,1,131,BRL,0.33,BRL,5.2,BRL,0.2,1.3,20,1,12.8,1.3,39,189,,,,,,,,,,,,,,,,,,,,,,,,,,
6,43-013-70010-S000,39.8472,-110.7662,WILLOW CREEK #1,USGS CRC,"TC, TOC, HAWK, ICP",AGAT,E181102-067,115,,,Green River,Lower Green River,2.49,2.09,9.25,10.63,0.26,431,5.55,0.53,0.97,2.71,0.28,0.03,BRL,35.9,0.11,BRL,BRL,15,687,BRL,BRL,0.4,37.1,3.6,17,1.5,BRL,2.16,1.22,0.78,11.4,2.48,BRL,4,0.43,BRL,19,13,0.21,186,BRL,4.7,15.2,10,19,4.02,107,,0.4,BRL,BRL,2.9,1,150,0.5,0.35,BRL,5.3,BRL,0.2,1.33,23,1,13.7,1.3,33,146,,,,,,,,,,,,,,,,,,,,,,,,,,
6,43-013-70010-S000,39.8472,-110.7662,WILLOW CREEK #1,USGS CRC,"TC, TOC, HAWK, ICP",AGAT,E181102-068,115.9,,,Green River,Lower Green River,2.26,1.71,8.03,8.35,0.22,431,5.89,0.49,1.23,2.87,0.29,0.03,BRL,35.4,0.1,BRL,5,15,744,BRL,BRL,0.4,38.3,4,16,1.6,BRL,2.08,1.13,0.86,11.9,2.59,1,2,0.4,BRL,19.5,14,0.15,220,BRL,4.3,16.3,11,18,4.11,108,,0.5,BRL,BRL,3,1,156,BRL,0.4,BRL,5,BRL,0.18,1.32,28,1,12.7,1.3,30,90.8,,,,,,,,,,,,,,,,,,,,,,,,,,
6,43-013-70010-S000,39.8472,-110.7662,WILLOW CREEK #1,USGS CRC,"TC, TOC, HAWK, ICP",AGAT,E181102-069,116.9,,,Green River,Lower Green River,2.27,1.5,6.55,7.62,0.2,432,5.89,0.59,1.72,2.81,0.38,0.03,BRL,35.3,0.11,BRL,BRL,17,729,BRL,0.1,0.4,35.9,5.4,17,1.8,9,2.05,1.11,0.85,12.4,2.63,1,3,0.41,BRL,18.2,14,0.18,306,BRL,5,14.8,14,19,3.89,108,,0.7,BRL,BRL,2.8,1,156,BRL,0.37,BRL,4.7,BRL,0.18,1.38,31,BRL,13.4,1.3,27,109,,,,,,,,,,,,,,,,,,,,,,,,,,
6,43-013-70010-S000,39.8472,-110.7662,WILLOW CREEK #1,USGS CRC,"TC, TOC, HAWK, ICP",AGAT,E181102-070,117.4,,,Green River,Lower Green River,3.04,2.32,10.24,12.61,0.28,431,5.31,0.5,1.46,2.65,0.31,0.02,BRL,36.3,0.08,BRL,BRL,12,697,BRL,BRL,0.4,28.3,4.3,14,1.4,7,1.74,0.94,0.68,10.6,2.18,1,2,0.36,BRL,14.4,13,0.14,276,BRL,3,12.4,10,16,3.13,97.1,,0.5,BRL,BRL,2.3,1,141,BRL,0.31,BRL,3.4,BRL,0.17,1.12,22,BRL,11.3,1.2,28,69.8,,,,,,,,,,,,,,,,,,,,,,,,,,
6,43-013-70010-S000,39.8472,-110.7662,WILLOW CREEK #1,USGS CRC,"TC, TOC, HAWK, ICP",AGAT,E181102-071,118.3,,,Green River,Lower Green River,3.09,2.36,11.19,11.58,0.16,430,5.29,0.61,1.57,2.59,0.33,0.03,BRL,36.3,0.11,BRL,BRL,11,673,BRL,BRL,0.4,36.1,3.2,14,1.3,6,1.94,1.06,0.71,10.3,2.52,1,3,0.37,BRL,17.4,14,0.18,310,BRL,4.5,15.1,8,20,3.96,93.1,,0.4,BRL,BRL,2.7,1,142,BRL,0.33,BRL,5.3,BRL,0.16,1.35,20,BRL,11.5,1.2,26,115,,,,,,,,,,,,,,,,,,,,,,,,,,
6,43-013-70010-S000,39.8472,-110.7662,WILLOW CREEK #1,USGS CRC,"TC, TOC, HAWK, ICP",AGAT,E181102-072,119.2,,,Green River,Lower Green River,3.01,2.58,12.86,12.67,0.27,429,5.1,1.02,1.72,2.69,0.18,0.02,0.2,34.1,0.06,BRL,BRL,BRL,697,BRL,BRL,0.6,35.2,3.6,12,1.4,12,1.82,1.01,0.77,9.79,2.42,1,2,0.38,BRL,16.2,14,0.16,192,BRL,4.3,15,8,74,3.82,97.3,,0.6,BRL,BRL,2.7,2,160,BRL,0.36,BRL,3.2,BRL,0.16,1.34,17,BRL,11,1,55,62.4,,,,,,,,,,,,,,,,,,,,,,,,,,
6,43-013-70010-S000,39.8472,-110.7662,WILLOW CREEK #1,USGS CRC,"TC, TOC, HAWK, ICP",AGAT,E181102-073,119.8,,,Green River,Lower Green River,0.9,0.35,,,,,12.4,1.18,3.42,3.31,1.76,0.08,0.3,23.2,0.63,3,62,122,904,8,0.9,0.8,128,93.4,110,14,89,6.86,3.77,1.81,50.5,8.15,3,5,1.29,BRL,68.2,133,0.6,274,BRL,25.6,55.8,190,101,14.8,197,,15.2,22,BRL,9.5,4,161,0.9,1.2,BRL,30.8,1,0.67,6.41,190,4,39.7,4.4,159,166,,,,,,,,,,,,,,,,,,,,,,,,,,
6,43-013-70010-S000,39.8472,-110.7662,WILLOW CREEK #1,USGS CRC,"TC, TOC, HAWK, ICP",AGAT,E181102-074,121.1,,,Green River,Lower Green River,3.03,,,,,,7.64,6.14,5.62,2.52,1.65,0.08,BRL,21.5,0.39,1,5,59,762,BRL,0.5,1.1,95,17.8,61,10.4,46,6.45,3.65,1.52,21.3,7.09,2,3,1.27,BRL,47.7,61,0.53,1990,BRL,14.6,42.7,34,51,11,154,,0.9,16,BRL,7.9,3,150,0.6,1.11,BRL,17.4,0.5,0.56,3.7,114,3,40.2,3.8,105,108,,,,,,,,,,,,,,,,,,,,,,,,,,
7,43-013-70010-S000,39.8472,-110.7662,WILLOW CREEK #1,USGS CRC,"TC, TOC, HAWK, ICP",AGAT,E181102-075,122,,,Green River,Lower Green River,0.4,0.42,,,,,10.8,0.13,4.15,3.57,1.11,0.03,BRL,27.3,0.56,BRL,5,84,1110,6,0.9,0.4,165,16,92,15,68,6.22,3.59,1.73,32.6,7.44,3,3,1.19,BRL,92.8,91,0.51,166,BRL,22.2,64.1,42,29,18,230,,1.4,20,BRL,10.1,5,216,0.8,1.09,BRL,31,0.9,0.54,3.93,178,5,35,4,119,112,,,,,,,,,,,,,,,,,,,,,,,,,,
7,43-013-70010-S000,39.8472,-110.7662,WILLOW CREEK #1,USGS CRC,"TC, TOC, HAWK, ICP",AGAT,E181102-076,123.3,,,Green River,Lower Green River,1.79,0.23,,,,,9.5,2.45,4.57,2.72,1.89,0.08,BRL,24,0.48,BRL,5,80,867,BRL,0.7,0.5,122,15.6,82,11.2,52,7.37,3.87,1.86,28.7,8.1,2,3,1.4,BRL,59.9,90,0.59,599,BRL,17.9,53,41,32,14.2,169,,1.4,18,BRL,9.6,4,135,0.8,1.22,BRL,24.2,0.8,0.63,4.6,160,3,44.6,4.3,151,115,,,,,,,,,,,,,,,,,,,,,,,,,,
7,43-013-70010-S000,39.8472,-110.7662,WILLOW CREEK #1,USGS CRC,"TC, TOC, HAWK, ICP",AGAT,E181102-077,124.2,,,Green River,Lower Green River,1.44,0.24,,,,,10.5,1.75,4.4,2.82,1.56,0.09,BRL,24.9,0.49,BRL,6,91,865,5,0.8,0.5,120,17.8,90,11.5,73,6.29,3.37,1.76,33.7,8.12,2,4,1.22,BRL,59.6,103,0.54,516,BRL,19.6,51.4,43,24,13.5,157,,1.3,19,BRL,9.2,4,130,0.8,1.14,BRL,23.5,0.7,0.53,10.2,192,3,37.4,3.8,126,152,,,,,,,,,,,,,,,,,,,,,,,,,,
7,43-013-70010-S000,39.8472,-110.7662,WILLOW CREEK #1,USGS CRC,"TC, TOC, HAWK, ICP",AGAT,E181102-078,125.1,,,Green River,Lower Green River,4.67,,,,,,3.62,14.5,1.21,1.84,0.43,0.02,BRL,24.6,0.1,BRL,BRL,12,505,BRL,BRL,BRL,25.1,2.6,11,1.3,BRL,1.42,0.88,0.5,6.92,1.73,BRL,3,0.29,BRL,13,12,0.12,1060,BRL,4.5,11.2,7,11,2.9,67.7,,0.3,BRL,BRL,1.9,1,320,BRL,0.25,BRL,3.7,BRL,0.15,1.21,17,BRL,9.2,0.9,14,114,,,,,,,,,,,,,,,,,,,,,,,,,,
7,43-013-70010-S000,39.8472,-110.7662,WILLOW CREEK #1,USGS CRC,"TC, TOC, HAWK, ICP",AGAT,E181102-079,126.1,,,Green River,Lower Green River,2.22,,,,,,5.18,3.93,3.05,1.92,1.15,0.06,BRL,31.2,0.26,1,BRL,22,489,BRL,0.1,0.3,49.7,5.7,32,2.2,8,3.59,2.06,0.93,12.8,3.92,1,7,0.73,BRL,25.8,22,0.34,812,BRL,10.9,22.8,12,13,5.92,79.1,,0.6,7,BRL,4.2,2,159,0.5,0.6,BRL,8.5,BRL,0.35,2.78,51,1,23.4,2.3,45,265,,,,,,,,,,,,,,,,,,,,,,,,,,
7,43-013-70010-S000,39.8472,-110.7662,WILLOW CREEK #1,USGS CRC,"TC, TOC, HAWK, ICP",AGAT,E181102-080,127.4,,,Green River,Lower Green River,1.26,,,,,,4.53,2.52,1.21,1.92,0.6,0.05,BRL,36.5,0.19,BRL,BRL,22,517,BRL,BRL,0.4,40.1,4.2,17,1.2,15,2.3,1.49,0.72,8.75,2.86,1,5,0.48,BRL,19.7,18,0.21,520,BRL,9.6,17.5,11,12,4.57,73.1,,0.4,BRL,BRL,2.9,2,137,BRL,0.41,BRL,5.8,BRL,0.19,1.43,23,BRL,15.6,1.4,53,196,,,,,,,,,,,,,,,,,,,,,,,,,,
7,43-013-70010-S000,39.8472,-110.7662,WILLOW CREEK #1,USGS CRC,"TC, TOC, HAWK, ICP",AGAT,E181102-081,128.2,,,Green River,Lower Green River,1.34,,,,,,4.61,2.69,1.52,1.93,0.77,0.05,BRL,35.5,0.23,BRL,BRL,19,508,BRL,BRL,BRL,52.8,4.9,18,1.5,13,3.09,1.88,0.79,10.2,3.65,1,11,0.62,BRL,26.5,19,0.34,454,BRL,9.7,23.2,11,14,6.07,72.6,,0.5,6,BRL,4.4,1,145,BRL,0.52,BRL,11.1,BRL,0.29,2.33,31,1,18.6,2.1,40,474,,,,,,,,,,,,,,,,,,,,,,,,,,
7,43-013-70010-S000,39.8472,-110.7662,WILLOW CREEK #1,USGS CRC,"TC, TOC, HAWK, ICP",AGAT,E181102-082,129.2,,,Green River,Lower Green River,1.38,,,,,,7.47,2.68,1.55,2.38,1.4,0.07,BRL,29.5,0.49,BRL,BRL,55,625,BRL,0.3,0.3,80.6,10,65,5.6,23,4.77,2.93,1.22,22.3,5.47,2,10,0.98,BRL,41.6,43,0.51,334,BRL,19.6,35.5,28,19,9.4,113,,0.9,10,BRL,6,3,142,0.8,0.81,BRL,16.6,BRL,0.47,3.61,96,2,30,3.5,79,373,,,,,,,,,,,,,,,,,,,,,,,,,,
7,43-013-70010-S000,39.8472,-110.7662,WILLOW CREEK #1,USGS CRC,"TC, TOC, HAWK, ICP",AGAT,E181102-083,130.1,,,Green River,Lower Green River,1.19,0.79,3.07,3.73,0.18,432,4.81,1.29,0.57,2.26,0.26,0.03,BRL,37.6,0.14,BRL,BRL,20,591,BRL,BRL,BRL,41.8,3.5,17,1.5,12,2.07,1.14,0.73,9.89,2.52,2,3,0.44,BRL,20.5,18,0.18,196,BRL,6.4,18,8,15,4.72,85,,0.6,BRL,BRL,3.3,5,136,BRL,0.39,BRL,5.2,BRL,0.16,1.49,24,BRL,12.7,1.2,36,132,,,,,,,,,,,,,,,,,,,,,,,,,,
7,43-013-70010-S000,39.8472,-110.7662,WILLOW CREEK #1,USGS CRC,"TC, TOC, HAWK, ICP",AGAT,E181102-084,131.1,,,Green River,Lower Green River,1.69,0.86,3.06,4.3,0.18,433,4.76,2.43,0.74,2.24,0.39,0.04,BRL,36.2,0.12,BRL,5,17,602,BRL,BRL,0.2,35.5,3.5,16,1.5,BRL,2.57,1.45,0.88,9.49,2.84,1,3,0.52,BRL,17.3,17,0.19,366,BRL,5.9,16.6,9,13,4.07,84,,0.6,BRL,BRL,3,1,156,BRL,0.42,BRL,4.3,BRL,0.22,1.54,23,BRL,16.3,1.4,42,104,,,,,,,,,,,,,,,,,,,,,,,,,,
7,43-013-70010-S000,39.8472,-110.7662,WILLOW CREEK #1,USGS CRC,"TC, TOC, HAWK, ICP",AGAT,E181102-085,132.1,,,Green River,Lower Green River,1.36,0.36,,,,,5.86,2.84,1.01,2.2,0.72,0.05,0.1,34.4,0.26,5,BRL,27,632,BRL,0.3,BRL,54.7,6.1,35,2.8,13,3.5,2.2,0.92,12.7,3.79,1,7,0.67,BRL,27,21,0.32,374,BRL,9.8,21.7,14,20,6.2,92.9,,0.9,7,BRL,4,1,162,0.7,0.53,BRL,8.9,1,0.33,3.58,54,2,18.5,2.2,66,256,,,,,,,,,,,,,,,,,,,,,,,,,,
7,43-013-70010-S000,39.8472,-110.7662,WILLOW CREEK #1,USGS CRC,"TC, TOC, HAWK, ICP",AGAT,E181102-086,133.4,,,Green River,Lower Green River,5.33,0.62,0.03,0.31,0.3,434,5.34,17.3,4.04,1.51,0.77,0.56,3.1,15.2,0.27,1,102,49,1140,BRL,0.5,0.3,77.9,19.6,45,5.9,47,4.88,2.96,1.2,13.6,5.87,1,3,0.93,BRL,40.6,33,0.42,1420,16,9.3,32.5,31,45,8.99,82.6,,4.1,10,BRL,6,2,476,0.7,0.8,BRL,13.7,1.5,0.42,57.6,79,2,28.9,2.6,120,95.2,,,,,,,,,,,,,,,,,,,,,,,,,,
7,43-013-70010-S000,39.8472,-110.7662,WILLOW CREEK #1,USGS CRC,"TC, TOC, HAWK, ICP",AGAT,E181102-087,134.2,,,Green River,Lower Green River,6.1,0.4,,,,,4.12,19.8,1.38,1.16,0.58,0.18,0.4,16.9,0.22,1,19,37,470,BRL,0.3,BRL,63.4,7.3,27,3.9,22,3.52,1.91,0.89,9.78,4.32,1,4,0.69,BRL,26.6,25,0.27,650,BRL,7.2,26.6,13,10,7.05,49.5,,1.1,5,BRL,5.2,2,490,0.6,0.62,BRL,10.6,0.7,0.27,3.89,52,2,17,1.8,72,155,,,,,,,,,,,,,,,,,,,,,,,,,,
7,43-013-70010-S000,39.8472,-110.7662,WILLOW CREEK #1,USGS CRC,"TC, TOC, HAWK, ICP",AGAT,E181102-088,134.9,,,Green River,Lower Green River,10.48,1.09,0.03,0.38,0.41,446,1.69,31.7,0.9,0.44,0.48,0.38,0.3,5.47,0.09,BRL,6,28,1350,BRL,0.1,BRL,49.9,3,15,2.1,30,3.4,2.04,0.97,4.42,4.22,BRL,BRL,0.7,BRL,26,BRL,0.24,1480,BRL,2.5,20.4,8,BRL,5.38,22.3,,0.7,5,BRL,4.1,1,746,BRL,0.58,BRL,3.6,BRL,0.28,4.81,29,BRL,20.4,1.7,43,24.4,,,,,,,,,,,,,,,,,,,,,,,,,,
7,43-013-70010-S000,39.8472,-110.7662,WILLOW CREEK #1,USGS CRC,"TC, TOC, HAWK, ICP",AGAT,E181102-089,135.9,,,Green River,Lower Green River,8.3,,,,,,2.5,25.7,1.68,0.72,0.75,0.09,0.5,8.91,0.13,BRL,BRL,24,377,BRL,0.3,BRL,30.5,3.6,19,2.8,10,1.88,1.29,0.51,6.2,2.47,BRL,1,0.42,BRL,16.3,15,0.16,1680,BRL,4.2,13.1,9,7,3.48,40.2,,0.4,BRL,BRL,2.3,15,713,BRL,0.34,BRL,5.8,BRL,0.18,1.64,39,BRL,11.4,1.1,35,47.7,,,,,,,,,,,,,,,,,,,,,,,,,,
7,43-013-70010-S000,39.8472,-110.7662,WILLOW CREEK #1,USGS CRC,"TC, TOC, HAWK, ICP",AGAT,E181102-090,136.9,,,Green River,Lower Green River,8.06,,,,,,2.45,22.5,1.81,0.8,1.82,0.1,0.1,11,0.16,BRL,BRL,22,396,BRL,0.2,BRL,31.1,2.4,20,2.2,12,2.16,1.15,0.54,5.49,2.66,BRL,2,0.41,BRL,15.9,14,0.15,1700,BRL,4.9,13.3,5,9,3.53,37,,0.3,BRL,BRL,2.7,1,468,BRL,0.34,BRL,4.9,BRL,0.17,1.79,36,BRL,11.4,1.3,22,67.6,,,,,,,,,,,,,,,,,,,,,,,,,,
7,43-013-70010-S000,39.8472,-110.7662,WILLOW CREEK #1,USGS CRC,"TC, TOC, HAWK, ICP",AGAT,E181102-091,137.8,,,Green River,Lower Green River,7.26,,,,,,3.7,15.9,3.05,1.12,4.03,0.08,0.4,12.9,0.22,2,BRL,33,363,BRL,0.2,BRL,42.9,5.9,33,4.1,24,2.74,1.68,0.64,9.26,3.17,BRL,2,0.55,BRL,22.2,22,0.23,1430,BRL,7,17.4,20,15,4.75,62.5,,0.5,7,BRL,3.4,2,320,0.5,0.45,BRL,8.8,0.6,0.24,2.01,54,1,14.1,1.6,68,69.9,,,,,,,,,,,,,,,,,,,,,,,,,,
7,43-013-70010-S000,39.8472,-110.7662,WILLOW CREEK #1,USGS CRC,"TC, TOC, HAWK, ICP",AGAT,E181102-092,139.1,,,Green River,Lower Green River,5.06,0.28,,,,,4.96,13.8,2.39,1.56,1.38,0.1,0.7,18,0.3,3,10,50,1800,BRL,0.2,BRL,57.8,5.4,42,5.4,17,3.79,2.25,1.05,12.1,4.6,1,4,0.76,BRL,29.4,27,0.34,1360,2,10.4,25.2,15,15,6.73,85.7,,0.8,9,BRL,4.7,1,508,0.6,0.65,BRL,10.2,0.5,0.32,2.88,78,2,19.2,2.1,51,123,,,,,,,,,,,,,,,,,,,,,,,,,,
7,43-013-70010-S000,39.8472,-110.7662,WILLOW CREEK #1,USGS CRC,"TC, TOC, HAWK, ICP",AGAT,E181102-093,139.9,,,Green River,Lower Green River,5.92,1.97,0.1,13.32,0.28,446,5.39,12.3,2.04,1.72,1.3,0.13,0.5,20.4,0.3,1,12,54,454,BRL,0.2,BRL,57.1,7.5,44,5.2,20,3.7,2.22,0.89,12.4,4.35,1,4,0.72,BRL,29.4,30,0.33,927,2,9.9,24.7,19,13,6.87,87.6,,0.8,8,BRL,4.5,2,572,0.6,0.62,BRL,9.7,0.7,0.3,3.59,89,1,18.2,2.1,72,122,,,,,,,,,,,,,,,,,,,,,,,,,,
7,43-013-70010-S000,39.8472,-110.7662,WILLOW CREEK #1,USGS CRC,"TC, TOC, HAWK, ICP",AGAT,E181102-094,140.9,,,Green River,Lower Green River,7.27,2.27,0.17,15.42,0.44,444,4.5,14.6,2.49,1.38,1.6,0.14,1,16.7,0.25,2,20,42,540,BRL,0.2,BRL,47.9,7.7,39,4.8,23,2.95,1.83,0.82,11,3.64,1,3,0.62,BRL,24.7,32,0.24,1200,5,8.5,20.5,20,13,5.61,74.3,,1.1,7,BRL,3.9,2,775,BRL,0.51,BRL,8.5,1,0.28,3.73,70,1,15.9,1.7,73,93.5,,,,,,,,,,,,,,,,,,,,,,,,,,
7,43-013-70010-S000,39.8472,-110.7662,WILLOW CREEK #1,USGS CRC,"TC, TOC, HAWK, ICP",AGAT,E181102-095,142.1,,,Green River,Lower Green River,9.25,4.03,0.44,25.66,0.49,440,4.58,15.5,3.86,1.38,1.02,0.26,2.9,13.9,0.26,2,39,43,373,BRL,0.3,0.3,52.8,8.7,41,5,29,3.34,1.97,0.89,12,4.06,2,2,0.66,BRL,27.2,31,0.29,1430,10,8.5,22.4,28,16,6.16,73,,1.2,8,BRL,4.3,2,599,0.5,0.56,BRL,9.6,1.5,0.29,3.77,81,2,18.4,1.8,56,76.9,,,,,,,,,,,,,,,,,,,,,,,,,,
7,43-013-70010-S000,39.8472,-110.7662,WILLOW CREEK #1,USGS CRC,"TC, TOC, HAWK, ICP",AGAT,E181102-096,142.6,,,Green River,Lower Green River,5.59,0.95,0.05,3.55,0.37,442,4.68,14.4,3.35,1.38,0.93,0.19,2.1,17.7,0.31,3,25,40,1230,BRL,0.3,0.3,60.4,7.8,38,4.7,17,4.09,2.43,1.12,11.5,4.81,1,3,0.79,BRL,30.1,27,0.36,2120,6,10.7,25.5,19,18,6.85,74.7,,1.3,8,BRL,4.8,2,593,0.6,0.66,BRL,10.6,1,0.35,4.59,69,2,23.1,2.3,59,115,,,,,,,,,,,,,,,,,,,,,,,,,,
7,43-013-70010-S000,39.8472,-110.7662,WILLOW CREEK #1,USGS CRC,"TC, TOC, HAWK, ICP",AGAT,E181102-097,143.1,,,Green River,Lower Green River,2.46,1.16,0.05,2.78,0.21,439,8.06,4.03,3.03,2.13,1.1,0.1,0.8,26.2,0.45,2,24,72,507,BRL,0.5,0.5,105,14.5,63,9.1,40,6.62,3.49,1.59,20.3,8.45,2,4,1.28,BRL,52.4,53,0.49,308,7,15.4,47.1,35,29,12.9,108,,2.2,13,BRL,9.1,2,247,0.8,1.16,BRL,20.1,1.1,0.52,17.3,129,3,31,3.2,148,150,,,,,,,,,,,,,,,,,,,,,,,,,,
7,43-013-70010-S000,39.8472,-110.7662,WILLOW CREEK #1,USGS CRC,"TC, TOC, HAWK, ICP",AGAT,E181102-098,144.1,,,Green River,Lower Green River,6.77,1.02,0.04,3.38,0.34,444,4.07,17.7,2.75,1.12,0.99,0.12,1.4,14.5,0.25,1,19,34,2980,BRL,0.3,0.3,67,10.8,33,4.2,30,4.57,2.86,1.29,10.2,5.11,1,2,0.97,BRL,34,26,0.34,1000,3,8.5,27.6,28,25,7.48,63,,1.3,8,BRL,5.1,1,649,0.5,0.75,BRL,9.9,0.5,0.37,3.13,68,2,26.3,2.4,76,84.6,,,,,,,,,,,,,,,,,,,,,,,,,,
7,43-013-70010-S000,39.8472,-110.7662,WILLOW CREEK #1,USGS CRC,"TC, TOC, HAWK, ICP",AGAT,E181102-099,145.1,,,Green River,Lower Green River,1.65,0.24,,,,,8.35,3.95,3.11,2.21,1.27,0.07,0.5,25,0.38,3,7,70,416,BRL,0.4,BRL,94.3,13.4,60,10.5,52,5.87,3.36,1.38,20.7,6.86,2,3,1.16,BRL,46.7,60,0.47,1530,BRL,12.5,39,31,25,10.6,126,,1.5,15,BRL,7.3,3,164,0.7,0.98,BRL,16.8,0.9,0.5,3.34,124,2,28.3,3.2,129,102,,,,,,,,,,,,,,,,,,,,,,,,,,
7,43-013-70010-S000,39.8472,-110.7662,WILLOW CREEK #1,USGS CRC,"TC, TOC, HAWK, ICP",AGAT,E181102-100,145.9,,,Green River,Lower Green River,10.78,6.48,0.58,32.47,0.43,438,3.91,11,5.78,1.11,0.88,0.21,3.7,16.3,0.26,1,57,27,427,BRL,0.3,0.6,78.6,14.1,35,4.1,29,5.37,3.47,1.25,10.5,6.19,2,3,1.11,BRL,38.3,33,0.39,1160,17,8.5,32,34,32,8.67,56.6,,2.6,7,BRL,6.2,3,366,0.7,0.87,BRL,11.1,1.4,0.44,12.6,73,1,34.7,2.7,68,110,,,,,,,,,,,,,,,,,,,,,,,,,,
7,43-013-70010-S000,39.8472,-110.7662,WILLOW CREEK #1,USGS CRC,"TC, TOC, HAWK, ICP",AGAT,E181102-101,146.9,,,Green River,Lower Green River,2.34,0.92,0.04,1.99,0.27,442,8.54,4.26,3.31,2.26,1.3,0.08,0.8,24.6,0.41,6,6,70,469,BRL,0.5,0.7,98.6,10,67,10.3,48,5.66,3.46,1.44,22.6,7.08,2,3,1.09,BRL,49.6,67,0.49,1050,BRL,13.7,41.1,30,26,11.4,132,,1,14,BRL,7.5,3,199,0.8,0.94,BRL,19.9,0.9,0.47,3.76,122,2,29.3,3.1,157,105,,,,,,,,,,,,,,,,,,,,,,,,,,
7,43-013-70010-S000,39.8472,-110.7662,WILLOW CREEK #1,USGS CRC,"TC, TOC, HAWK, ICP",AGAT,E181102-102,147.9,,,Green River,Lower Green River,4.48,3.28,0.24,19.71,0.48,441,5.69,11.2,5.21,1.52,1.17,0.12,3.4,16.3,0.32,2,19,48,1670,BRL,0.4,0.6,73.6,11.1,49,6.3,36,5.22,2.83,1.26,15.5,5.79,2,3,0.96,BRL,38,45,0.38,1350,4,10.6,31.3,30,25,8.72,87.8,,1.4,11,BRL,6.2,3,387,0.6,0.81,BRL,14.8,1.3,0.4,3.92,90,2,26.7,2.6,79,96.3,,,,,,,,,,,,,,,,,,,,,,,,,,
7,43-013-70010-S000,39.8472,-110.7662,WILLOW CREEK #1,USGS CRC,"TC, TOC, HAWK, ICP",AGAT,E181102-103,149,,,Green River,Lower Green River,5.78,3.56,0.35,20.9,0.46,439,4.6,15.7,3.68,1.26,1.06,0.11,2.3,13.6,0.27,2,16,36,462,BRL,0.4,0.5,65,9.6,41,5.5,34,4.17,2.31,1.04,12.1,4.94,2,2,0.77,BRL,33.6,36,0.32,1450,4,9.6,27.8,23,21,7.48,73.9,,1,9,BRL,5.3,2,407,0.6,0.7,BRL,12.9,0.8,0.35,5.08,74,1,22.2,2.2,71,70.5,,,,,,,,,,,,,,,,,,,,,,,,,,
7,43-013-70010-S000,39.8472,-110.7662,WILLOW CREEK #1,USGS CRC,"TC, TOC, HAWK, ICP",AGAT,E181102-104,150.2,,,Green River,Lower Green River,3.98,2.1,0.15,11.01,0.39,441,6,11,5.61,1.61,1.53,0.11,1.6,16.3,0.36,BRL,14,48,478,BRL,0.4,0.6,83.7,11.7,54,7.1,36,5.45,3.41,1.4,15.7,6.91,1,3,1.16,BRL,41.9,49,0.42,1820,3,12.4,36.2,31,27,9.96,94.1,,1.8,11,BRL,6.8,3,364,0.7,0.93,BRL,16.2,0.7,0.46,5.88,101,2,29.1,2.8,119,86.4,,,,,,,,,,,,,,,,,,,,,,,,,,
8,43-013-70010-S000,39.8472,-110.7662,WILLOW CREEK #1,USGS CRC,"TC, TOC, HAWK, ICP",AGAT,E181102-105,151.3,,,Green River,Lower Green River,3.89,1.84,0.13,6.11,0.36,441,7.87,6.76,3.58,2.15,1.25,0.1,1.3,21.4,0.36,2,9,68,468,BRL,0.4,0.6,96.4,11.5,63,10,44,6.02,3.27,1.48,20.5,7.09,2,3,1.15,BRL,48.2,65,0.44,582,3,12.3,41,32,22,11.3,117,,1.5,14,BRL,7.7,3,263,0.6,1.02,BRL,17.4,0.9,0.46,7.38,113,2,31.7,3,159,87.2,,,,,,,,,,,,,,,,,,,,,,,,,,
8,43-013-70010-S000,39.8472,-110.7662,WILLOW CREEK #1,USGS CRC,"TC, TOC, HAWK, ICP",AGAT,E181102-106,152.1,,,Green River,Lower Green River,8.78,2.77,0.29,19.3,0.35,443,4.07,19.1,3.26,1.01,1.02,0.08,0.9,11.1,0.21,BRL,17,29,816,BRL,0.3,0.4,57.3,9.1,34,4.6,30,4.12,2.34,0.94,10.3,4.83,1,2,0.8,BRL,29.3,37,0.3,791,BRL,6.6,24.8,28,17,6.6,60.9,,1,8,BRL,4.8,1,356,BRL,0.59,BRL,10,0.8,0.31,4.3,66,1,23.2,2,67,52.7,,,,,,,,,,,,,,,,,,,,,,,,,,
8,43-013-70010-S000,39.8472,-110.7662,WILLOW CREEK #1,USGS CRC,"TC, TOC, HAWK, ICP",AGAT,E181102-107,153.3,,,Green River,Lower Green River,1.77,0.29,,,,,7.11,3.71,3.06,2.25,1.47,0.07,0.7,25.7,0.4,BRL,9,56,524,BRL,0.5,0.6,89.8,14.6,57,8.5,45,5.71,3.56,1.32,19.3,6.92,2,5,1.1,BRL,45.5,59,0.46,519,BRL,14.6,39.1,31,22,10.5,121,,1.1,12,BRL,7.3,3,153,0.7,0.91,BRL,17.9,0.8,0.47,4.13,105,2,30.5,3.1,117,176,,,,,,,,,,,,,,,,,,,,,,,,,,
8,43-013-70010-S000,39.8472,-110.7662,WILLOW CREEK #1,USGS CRC,"TC, TOC, HAWK, ICP",AGAT,E181102-108,154.2,,,Green River,Lower Green River,1.72,0.25,,,,,7.02,3.72,3.57,2.22,1.41,0.07,1.5,26.6,0.4,BRL,9,50,519,BRL,0.4,0.6,90.4,12,55,8.1,45,5.67,3.11,1.35,18.5,6.72,2,6,1.06,BRL,44.5,52,0.45,594,BRL,14,37.4,30,22,10.4,114,,1.4,12,BRL,7.1,4,158,0.7,0.93,BRL,16.6,0.9,0.53,4.2,104,2,28.5,3,138,192,,,,,,,,,,,,,,,,,,,,,,,,,,
8,43-013-70010-S000,39.8472,-110.7662,WILLOW CREEK #1,USGS CRC,"TC, TOC, HAWK, ICP",AGAT,E181102-109,155.4,,,Green River,Lower Green River,7.27,2.64,0.8,18.58,0.39,436,4.06,13.5,2.26,1.44,0.74,0.13,1.5,19.8,0.24,BRL,7,28,1440,BRL,0.2,0.4,57.9,5.4,31,3.3,16,3.7,2.39,0.9,9.29,4.26,1,9,0.77,BRL,29,25,0.37,766,3,8.9,24.1,17,11,6.8,62.4,,0.8,6,BRL,4.6,2,387,0.5,0.62,BRL,11.1,0.6,0.33,3.4,44,1,21.3,2.3,51,332,,,,,,,,,,,,,,,,,,,,,,,,,,
8,43-013-70010-S000,39.8472,-110.7662,WILLOW CREEK #1,USGS CRC,"TC, TOC, HAWK, ICP",AGAT,E181102-110,156.1,,,Green River,Lower Green River,12.45,5.3,1.09,35.32,0.45,440,3.16,21.6,1.52,0.89,0.78,0.14,0.9,9.78,0.18,BRL,6,32,438,BRL,0.2,0.3,36,4.8,29,3.4,15,2.35,1.43,0.62,8.3,2.78,2,2,0.47,BRL,18.4,22,0.2,1100,BRL,6.2,15.6,14,7,4.26,49.5,,0.3,5,BRL,2.8,1,509,BRL,0.4,BRL,7.3,BRL,0.19,2.13,55,1,12.3,1.3,33,79,,,,,,,,,,,,,,,,,,,,,,,,,,
8,43-013-70010-S000,39.8472,-110.7662,WILLOW CREEK #1,USGS CRC,"TC, TOC, HAWK, ICP",AGAT,E181102-111,157.3,,,Green River,Lower Green River,11.44,4.16,0.6,29.77,0.43,445,3.25,23.6,1.6,0.84,0.73,0.12,1,8.81,0.15,BRL,6,29,571,BRL,0.2,0.2,42,4.7,30,3.6,25,2.48,1.45,0.66,8.16,3.26,1,1,0.53,BRL,22.3,19,0.2,1090,2,4.7,18.4,13,7,5,44.6,,0.4,5,BRL,3.5,2,425,BRL,0.42,BRL,8.3,0.5,0.21,3.21,54,1,13.9,1.4,33,41.7,,,,,,,,,,,,,,,,,,,,,,,,,,
8,43-013-70010-S000,39.8472,-110.7662,WILLOW CREEK #1,USGS CRC,"TC, TOC, HAWK, ICP",AGAT,E181102-112,158.2,,,Green River,Lower Green River,11.6,4.17,0.62,31.97,0.49,442,3.61,22.2,1.72,0.98,0.76,0.13,1,9.79,0.17,BRL,16,35,410,BRL,0.2,0.5,38.6,7.5,33,4.1,28,2.3,1.39,0.62,9.34,3.07,1,1,0.47,BRL,19.8,26,0.19,947,5,5.7,17.1,22,12,4.52,52.7,,1.1,6,BRL,3,1,465,BRL,0.4,BRL,7.8,0.5,0.22,5.26,62,BRL,13,1.3,62,44.4,,,,,,,,,,,,,,,,,,,,,,,,,,
8,43-013-70010-S000,39.8472,-110.7662,WILLOW CREEK #1,USGS CRC,"TC, TOC, HAWK, ICP",AGAT,E181102-113,159.4,,,Green River,Lower Green River,12.22,4.44,1.3,30,0.3,437,2.47,24.6,1.38,0.65,0.61,0.22,0.8,8.32,0.13,BRL,10,22,378,BRL,0.1,BRL,32.9,5,21,2.6,19,2.19,1.17,0.55,6.59,2.69,1,2,0.38,BRL,16.3,16,0.16,656,3,4.1,14.9,14,7,3.86,36.4,,0.5,BRL,BRL,2.9,BRL,535,BRL,0.37,BRL,5.8,0.5,0.16,2.93,38,BRL,11.7,1.1,26,55.2,,,,,,,,,,,,,,,,,,,,,,,,,,
8,43-013-70010-S000,39.8472,-110.7662,WILLOW CREEK #1,USGS CRC,"TC, TOC, HAWK, ICP",AGAT,E181102-114,160.2,,,Green River,Lower Green River,6.41,1.4,0.23,6.84,0.29,439,4.82,15.7,3.63,1.24,0.91,0.11,2.6,14.8,0.27,BRL,50,36,413,BRL,0.3,0.3,66,8,37,4.7,22,4.13,2.36,1.01,12.3,4.9,1,3,0.84,BRL,32.4,32,0.32,1200,7,9.2,27.6,19,17,7.66,68.4,,1.9,9,BRL,5.4,2,441,0.5,0.71,BRL,12.5,1.5,0.35,2.85,62,1,21.9,2.1,54,88.2,,,,,,,,,,,,,,,,,,,,,,,,,,
8,43-013-70010-S000,39.8472,-110.7662,WILLOW CREEK #1,USGS CRC,"TC, TOC, HAWK, ICP",AGAT,E181102-115,161.3,,,Green River,Lower Green River,3.85,1.2,0.15,6.05,0.31,441,5.18,7.29,3.28,1.65,1.1,0.11,1.1,25.4,0.34,BRL,35,37,946,BRL,0.2,0.4,79.7,7.2,39,4.1,22,5.28,3.3,1.27,12.4,6.13,2,8,1.04,BRL,39.2,35,0.47,630,3,11.7,34.2,19,14,9.37,79.6,,1.8,8,BRL,6.5,2,324,0.6,0.88,BRL,13.3,1,0.47,3.76,66,2,28.9,2.9,75,281,,,,,,,,,,,,,,,,,,,,,,,,,,
8,43-013-70010-S000,39.8472,-110.7662,WILLOW CREEK #1,USGS CRC,"TC, TOC, HAWK, ICP",AGAT,E181102-116,162.2,,,Green River,Lower Green River,2.86,1.35,0.11,3.55,0.25,440,6.52,4.42,3.31,2.11,1.2,0.07,1.2,26.6,0.41,BRL,17,51,500,BRL,0.4,BRL,87.1,13,53,6.8,38,5.12,3.07,1.32,18.1,6.57,2,5,1.04,BRL,44.5,47,0.45,521,BRL,14.5,36.2,28,30,10.2,115,,1.8,11,BRL,6.9,3,187,0.7,0.85,BRL,15.9,1.1,0.45,3.43,86,2,28.7,3,97,172,,,,,,,,,,,,,,,,,,,,,,,,,,
8,43-013-70010-S000,39.8472,-110.7662,WILLOW CREEK #1,USGS CRC,"TC, TOC, HAWK, ICP",AGAT,E181102-117,163.1,,,Green River,Lower Green River,2.01,0.3,,,,,7.7,5.33,3.38,2.31,1.1,0.11,1.1,24.7,0.41,BRL,16,64,480,BRL,0.6,0.3,115,14.3,62,8.3,52,7.39,4.02,1.84,20.8,8.67,2,4,1.43,BRL,57.6,54,0.49,570,BRL,13.9,48.1,36,31,13.1,126,,1.9,14,BRL,9.5,3,202,0.7,1.23,BRL,20.2,0.9,0.55,3.28,122,2,37.7,3.5,109,150,,,,,,,,,,,,,,,,,,,,,,,,,,
8,43-013-70010-S000,39.8472,-110.7662,WILLOW CREEK #1,USGS CRC,"TC, TOC, HAWK, ICP",AGAT,E181102-118,164.4,,,Green River,Lower Green River,1.85,,,,,,7.69,5.22,4.8,2.16,1.13,0.08,2.7,23.6,0.38,BRL,47,59,429,BRL,0.4,0.2,93.1,15.1,62,8.9,47,5.77,3.29,1.39,21.3,6.87,2,4,1.13,BRL,47.7,56,0.47,664,6,12.9,39.6,32,29,10.8,131,,1.8,13,BRL,7.4,2,173,0.7,0.96,BRL,17.7,0.7,0.46,3.42,118,2,31.5,3,106,135,,,,,,,,,,,,,,,,,,,,,,,,,,
8,43-013-70010-S000,39.8472,-110.7662,WILLOW CREEK #1,USGS CRC,"TC, TOC, HAWK, ICP",AGAT,E181102-119,165.2,,,Green River,Lower Green River,2.07,,,,,,6.59,4.96,4.11,2,1.34,0.06,1.8,24.3,0.38,BRL,46,46,465,BRL,0.4,BRL,91.2,13.5,52,7.3,46,5.72,3.35,1.41,18.5,6.67,2,5,1.13,BRL,45.6,52,0.49,809,4,13.4,38.6,32,25,10.6,117,,1.3,12,BRL,7.4,2,150,0.7,0.95,BRL,16.4,0.8,0.47,4.2,100,2,31.3,3.1,98,177,,,,,,,,,,,,,,,,,,,,,,,,,,
8,43-013-70010-S000,39.8472,-110.7662,WILLOW CREEK #1,USGS CRC,"TC, TOC, HAWK, ICP",AGAT,E181102-120,166.2,,,Green River,Lower Green River,3.07,,,,,,6.33,8.11,3.32,1.94,1.19,0.11,0.5,22.5,0.33,3,6,49,468,BRL,0.4,0.2,93.3,9.3,50,6.8,40,6.46,3.66,1.66,17.8,8.02,2,5,1.26,BRL,44.6,43,0.49,900,BRL,11.6,42.1,24,20,10.9,107,,1,11,BRL,8.5,3,224,0.6,1.06,BRL,15.4,0.5,0.47,4.73,92,2,34.8,3.1,90,176,,,,,,,,,,,,,,,,,,,,,,,,,,
8,43-013-70010-S000,39.8472,-110.7662,WILLOW CREEK #1,USGS CRC,"TC, TOC, HAWK, ICP",AGAT,E181102-121,166.9,,,Green River,Lower Green River,5.69,,,,,,3.07,17.5,1.82,1.2,0.72,0.16,0.3,18.6,0.21,4,5,23,601,BRL,0.2,BRL,65.6,4.2,21,1.9,12,4.58,2.79,0.96,7.35,4.92,BRL,8,0.87,BRL,30.4,14,0.42,1070,2,7.4,27.2,10,12,7.11,50,,0.6,BRL,BRL,5,1,358,0.5,0.69,BRL,9.8,BRL,0.39,4.76,32,1,26,2.6,21,297,,,,,,,,,,,,,,,,,,,,,,,,,,
8,43-013-70010-S000,39.8472,-110.7662,WILLOW CREEK #1,USGS CRC,"TC, TOC, HAWK, ICP",AGAT,E181102-122,168.1,,,Green River,Lower Green River,4.21,,,,,,5.64,11.5,3.78,1.7,1.31,0.11,1.1,19,0.31,3,9,46,392,BRL,0.3,BRL,78.4,8.5,47,5.9,26,4.85,2.95,1.18,16.2,6.25,1,4,0.94,BRL,39.8,31,0.41,836,BRL,11.4,33.6,22,19,9.1,101,,0.7,10,BRL,6.5,3,246,0.6,0.83,BRL,15.2,0.5,0.44,2.95,90,2,26.6,2.6,56,132,,,,,,,,,,,,,,,,,,,,,,,,,,
8,43-013-70010-S000,39.8472,-110.7662,WILLOW CREEK #1,USGS CRC,"TC, TOC, HAWK, ICP",AGAT,E181102-123,169.2,,,Green River,Lower Green River,4.05,0.24,,,,,5.67,11.9,2.85,1.65,1.02,0.19,1.1,19.8,0.32,1,12,54,379,BRL,0.4,0.6,71.7,6.3,46,6,28,4.55,2.86,1.18,15.4,5.58,1,5,0.94,BRL,37.1,30,0.39,796,4,11.4,31,19,23,8.45,93.9,,1.2,9,BRL,6.3,2,302,0.6,0.76,BRL,13.8,0.5,0.43,7.34,96,2,25.6,2.5,151,174,,,,,,,,,,,,,,,,,,,,,,,,,,
8,43-013-70010-S000,39.8472,-110.7662,WILLOW CREEK #1,USGS CRC,"TC, TOC, HAWK, ICP",AGAT,E181102-124,169.8,,,Green River,Lower Green River,4.31,0.26,,,,,5.97,13.5,2.05,1.67,1.08,0.19,0.3,18.8,0.31,1,14,62,378,BRL,0.3,0.3,71.4,6.9,52,6.4,28,4.86,2.87,1.18,15.8,5.62,1,4,0.97,BRL,36.6,35,0.36,834,2,10.9,31.8,19,24,8.56,97.8,,0.7,10,BRL,6.3,2,355,0.6,0.76,BRL,12.9,BRL,0.39,4.93,106,2,26.1,2.6,56,145,,,,,,,,,,,,,,,,,,,,,,,,,,
8,43-013-70010-S000,39.8472,-110.7662,WILLOW CREEK #1,USGS CRC,"TC, TOC, HAWK, ICP",AGAT,E181102-125,171.3,,,Green River,Lower Green River,,,,,,,6.01,12,4.01,1.56,1.29,0.17,0.1,17.4,0.3,BRL,6,54,319,BRL,0.4,0.2,67.4,6.5,50,6.3,22,4.41,2.52,1.16,15.8,5.29,1,3,0.89,BRL,34.5,37,0.35,1450,BRL,10.4,30.2,21,20,8.33,96.6,,0.6,9,BRL,5.8,2,281,0.5,0.76,BRL,12.5,0.5,0.36,4.07,105,1,23.6,2.5,43,102,,,,,,,,,,,,,,,,,,,,,,,,,,
8,43-013-70010-S000,39.8472,-110.7662,WILLOW CREEK #1,USGS CRC,"TC, TOC, HAWK, ICP",AGAT,E181102-126,171.6,,,Green River,Lower Green River,7.93,,,,,,1.17,24.3,10.4,0.27,0.5,0.12,11.3,3.58,0.05,BRL,240,BRL,98,BRL,BRL,BRL,14.8,49.7,BRL,1.2,10,1.03,0.62,0.24,3.21,1.28,BRL,BRL,0.2,BRL,8,BRL,0.09,1860,241,1.3,6.5,64,59,1.74,16.6,,5,BRL,BRL,1.1,BRL,229,BRL,0.16,BRL,2.4,0.7,0.08,2.09,22,BRL,6.6,0.6,8,19.6,,,,,,,,,,,,,,,,,,,,,,,,,,
8,43-013-70010-S000,39.8472,-110.7662,WILLOW CREEK #1,USGS CRC,"TC, TOC, HAWK, ICP",AGAT,E181102-127,173.2,,,Green River,Lower Green River,2.99,,,,,,6.22,8.24,2.42,1.91,1.26,0.09,BRL,24,0.38,1,BRL,53,482,BRL,0.5,0.4,78.7,8.9,55,7.4,32,5.46,3.18,1.3,16.7,6.49,2,5,1.05,BRL,40.2,41,0.44,1120,BRL,13.2,34.8,26,24,9.32,104,,0.7,10,BRL,6.9,3,230,0.6,0.87,BRL,14.4,BRL,0.47,3.01,106,2,29.4,3.1,86,170,,,,,,,,,,,,,,,,,,,,,,,,,,
8,43-013-70010-S000,39.8472,-110.7662,WILLOW CREEK #1,USGS CRC,"TC, TOC, HAWK, ICP",AGAT,E181102-128,174.2,,,Green River,Lower Green River,3.64,,,,,,6.28,10.2,3.39,1.97,1.19,0.1,BRL,21.1,0.33,1,6,58,406,BRL,0.3,0.3,70.1,9.6,58,8.4,28,4.58,2.82,1.09,16.4,5.38,1,4,0.92,BRL,37.6,41,0.41,1320,BRL,11.3,30.3,25,19,8.28,112,,0.8,10,BRL,5.3,2,267,0.6,0.79,BRL,12.4,0.6,0.41,2.94,122,2,26.2,2.6,68,123,,,,,,,,,,,,,,,,,,,,,,,,,,
8,43-013-70010-S000,39.8472,-110.7662,WILLOW CREEK #1,USGS CRC,"TC, TOC, HAWK, ICP",AGAT,E181102-129,175.3,,,Green River,Lower Green River,3.04,,,,,,4.73,8.62,2.09,1.61,1.02,0.13,BRL,26.4,0.28,8,5,33,424,BRL,0.2,1.5,69.9,13.7,36,4.4,33,4.95,2.93,1.22,12.1,5.94,1,5,0.92,BRL,33.6,33,0.39,759,BRL,9.8,31.4,29,23,8.34,81.1,,1,8,BRL,6.3,1,196,0.5,0.81,BRL,10,BRL,0.4,14.5,60,1,26.5,2.7,137,171,,,,,,,,,,,,,,,,,,,,,,,,,,
8,43-013-70010-S000,39.8472,-110.7662,WILLOW CREEK #1,USGS CRC,"TC, TOC, HAWK, ICP",AGAT,E181102-130,176.2,,,Green River,Lower Green River,4.47,,,,,,3.11,14.4,0.9,1.67,0.29,0.13,BRL,23.8,0.19,BRL,BRL,13,480,BRL,0.1,1.8,90.1,3.3,18,1.1,12,5.35,3.35,1.09,6.45,6.39,BRL,23,1.09,BRL,43.7,BRL,0.6,1160,6,6.5,38.2,7,30,10.4,60.4,,2,BRL,BRL,7,BRL,322,0.6,0.85,BRL,14.7,BRL,0.56,21.5,20,BRL,32.3,3.6,99,874,,,,,,,,,,,,,,,,,,,,,,,,,,
8,43-013-70010-S000,39.8472,-110.7662,WILLOW CREEK #1,USGS CRC,"TC, TOC, HAWK, ICP",AGAT,E181102-131,177.1,,,Green River,Lower Green River,0.54,,,,,,7.28,1.45,2.6,2.64,0.9,0.06,0.1,31.3,0.43,BRL,BRL,56,565,BRL,0.4,BRL,86,11.4,59,8.4,34,4.86,3.07,1.12,20.2,5.76,2,9,0.99,BRL,44.3,50,0.47,220,BRL,14.8,35.1,34,22,9.91,139,,1.3,12,BRL,6.4,2,129,0.7,0.85,BRL,18.2,0.6,0.46,3.28,116,3,25.1,3.1,102,309,,,,,,,,,,,,,,,,,,,,,,,,,,
8,43-013-70010-S000,39.8472,-110.7662,WILLOW CREEK #1,USGS CRC,"TC, TOC, HAWK, ICP",AGAT,E181102-132,178.1,,,Green River,Lower Green River,1.86,,,,,,6.2,4.84,2.32,2.28,1.31,0.07,0.1,29.4,0.36,BRL,8,44,577,BRL,0.5,0.5,78,10.4,48,6.1,53,4.94,2.94,1.26,16.2,6.07,2,6,1,BRL,40.2,43,0.46,561,BRL,12.3,33.6,26,27,9.14,112,,1.4,9,BRL,6.4,3,152,0.6,0.86,BRL,13.6,BRL,0.45,3.44,95,2,27.3,2.9,108,230,,,,,,,,,,,,,,,,,,,,,,,,,,
8,43-013-70010-S000,39.8472,-110.7662,WILLOW CREEK #1,USGS CRC,"TC, TOC, HAWK, ICP",AGAT,E181102-133,179.2,,,Green River,Lower Green River,2.34,,,,,,5.71,5.75,2.2,1.97,1.51,0.06,0.1,27.2,0.35,BRL,10,39,505,BRL,0.3,BRL,67.1,10.2,46,6,25,4.49,2.82,1.1,14.7,5.38,2,6,0.94,BRL,33.9,40,0.4,600,BRL,12.1,29.3,28,18,7.88,99.2,,1.1,9,BRL,5.4,2,135,0.6,0.72,BRL,12.3,BRL,0.42,3.15,77,2,25,2.6,80,199,,,,,,,,,,,,,,,,,,,,,,,,,,
8,43-013-70010-S000,39.8472,-110.7662,WILLOW CREEK #1,USGS CRC,"TC, TOC, HAWK, ICP",AGAT,E181102-134,180.2,,,Green River,Lower Green River,2.18,,,,,,6.51,5,2.88,2.14,1.75,0.07,0.1,26.7,0.39,BRL,15,47,470,BRL,0.4,BRL,79,12.9,55,7.5,27,5.08,3.12,1.28,19,6.36,1,5,1.02,BRL,41,51,0.46,640,BRL,13.7,34.2,32,24,9.18,122,,1.2,11,BRL,6.7,2,142,0.9,0.84,0.5,14.4,0.6,0.43,3.98,99,2,28,3,97,171,,,,,,,,,,,,,,,,,,,,,,,,,,
8,43-013-70010-S000,39.8472,-110.7662,WILLOW CREEK #1,USGS CRC,"TC, TOC, HAWK, ICP",AGAT,E181102-135,181.3,,,Green River,Lower Green River,2.42,,,,,,5.47,5.16,2.99,1.82,1.56,0.06,BRL,27.7,0.31,1,BRL,34,702,BRL,0.3,BRL,65.1,9,40,5.3,56,4.4,2.77,1.17,13.9,5.18,2,6,0.91,BRL,33.6,35,0.42,655,BRL,11.3,28.4,22,18,7.78,92.7,,0.6,9,BRL,5.3,2,141,0.7,0.72,BRL,10.8,BRL,0.4,2.84,79,2,26,2.7,83,199,,,,,,,,,,,,,,,,,,,,,,,,,,
8,43-013-70010-S000,39.8472,-110.7662,WILLOW CREEK #1,USGS CRC,"TC, TOC, HAWK, ICP",AGAT,E181102-136,182.1,,,Green River,Lower Green River,2.26,,,,,,5.74,4.63,2.88,1.89,1.64,0.06,BRL,27,0.34,2,BRL,38,657,BRL,0.2,BRL,66.8,10,48,6.4,78,4.24,2.7,1.09,15.3,5,2,5,0.89,BRL,34.3,42,0.44,589,BRL,11.9,28.6,29,17,7.97,103,,0.6,9,BRL,5.4,2,137,0.7,0.75,BRL,12.6,BRL,0.39,2.98,80,2,24.6,2.6,91,196,,,,,,,,,,,,,,,,,,,,,,,,,,
8,43-013-70010-S000,39.8472,-110.7662,WILLOW CREEK #1,USGS CRC,"TC, TOC, HAWK, ICP",AGAT,E181102-137,183.3,,,Green River,Lower Green River,2.48,,,,,,5.59,5.12,3.06,1.83,1.68,0.06,BRL,27.2,0.33,1,BRL,33,771,BRL,0.2,BRL,66.6,9.5,41,5.5,27,4.64,2.95,1.07,14.1,5.16,1,5,0.99,BRL,34,40,0.43,676,BRL,11.5,28.7,22,18,7.92,94.6,,0.7,9,BRL,5.1,2,143,0.6,0.77,BRL,11.4,BRL,0.44,2.74,75,2,26.4,2.8,77,190,,,,,,,,,,,,,,,,,,,,,,,,,,
8,43-013-70010-S000,39.8472,-110.7662,WILLOW CREEK #1,USGS CRC,"TC, TOC, HAWK, ICP",AGAT,E181102-138,184.3,,,Green River,Lower Green River,2.18,,,,,,6.69,4.55,3.03,2.13,1.79,0.08,BRL,26.5,0.4,BRL,BRL,54,456,BRL,0.3,BRL,85.9,13.1,57,8.5,33,5.69,3.39,1.45,18.9,6.48,2,5,1.08,BRL,44.1,57,0.45,662,BRL,13.6,37.1,31,28,9.93,120,,1,12,BRL,6.6,3,139,0.6,0.93,BRL,15.6,0.5,0.49,4.03,107,2,32.1,3.1,124,179,,,,,,,,,,,,,,,,,,,,,,,,,,
8,43-013-70010-S000,39.8472,-110.7662,WILLOW CREEK #1,USGS CRC,"TC, TOC, HAWK, ICP",AGAT,E181102-139,185.5,,,Green River,Lower Green River,2.38,,,,,,6.66,5.27,2.78,2.09,2,0.08,BRL,25.4,0.41,BRL,9,53,463,BRL,0.5,BRL,88.2,12,59,8.5,36,6.36,3.78,1.46,18,7.29,2,4,1.24,BRL,45.1,56,0.51,671,BRL,14.3,38.4,31,24,10.3,113,,0.8,12,BRL,7.3,2,145,0.7,1.04,BRL,15.5,0.5,0.52,6.43,116,2,37.4,3.4,107,160,,,,,,,,,,,,,,,,,,,,,,,,,,
8,43-013-70010-S000,39.8472,-110.7662,WILLOW CREEK #1,USGS CRC,"TC, TOC, HAWK, ICP",AGAT,E181102-140,185.9,,,Green River,Lower Green River,0.98,,,,,,8.73,1.86,5.58,2.77,1.74,0.09,BRL,24.9,0.44,BRL,9,67,424,BRL,0.6,BRL,116,18.2,80,13.5,52,6.9,4,1.82,24.8,8.56,3,3,1.4,BRL,59.2,81,0.55,364,BRL,16.1,51.4,44,23,13.8,170,,2.6,18,BRL,9.6,4,133,0.7,1.21,BRL,23.6,0.8,0.58,3.23,154,3,36.7,3.6,151,112,,,,,,,,,,,,,,,,,,,,,,,,,,
8,43-013-70010-S000,39.8472,-110.7662,WILLOW CREEK #1,USGS CRC,"TC, TOC, HAWK, ICP",AGAT,E181102-141,186.8,,,Green River,Lower Green River,1.34,,,,,,8.61,2.51,6.16,2.64,1.97,0.09,BRL,23.8,0.43,BRL,10,67,430,BRL,0.6,BRL,103,15.8,83,13.5,55,6.83,3.98,1.62,24.2,8.11,3,3,1.37,BRL,52.7,85,0.58,470,BRL,15,44.5,44,26,12.1,156,,2.9,16,BRL,8.5,3,133,0.7,1.13,BRL,21.8,0.8,0.56,2.9,159,3,36.4,3.8,152,102,,,,,,,,,,,,,,,,,,,,,,,,,,
8,43-013-70010-S000,39.8472,-110.7662,WILLOW CREEK #1,USGS CRC,"TC, TOC, HAWK, ICP",AGAT,E181102-142,187.7,,,Green River,Lower Green River,2.77,,,,,,7.04,6.32,3.01,2.08,2.24,0.08,BRL,23.7,0.41,BRL,5,54,420,BRL,0.6,0.4,89.5,16.3,68,10.5,23,6.3,3.92,1.51,19.6,7.55,2,3,1.27,BRL,45.8,70,0.53,745,BRL,14,39.2,36,26,10.7,124,,0.8,13,BRL,7.9,3,144,0.7,1.09,BRL,17.1,0.5,0.55,10.6,122,2,36.9,3.6,127,114,,,,,,,,,,,,,,,,,,,,,,,,,,
8,43-013-70010-S000,39.8472,-110.7662,WILLOW CREEK #1,USGS CRC,"TC, TOC, HAWK, ICP",AGAT,E181102-143,188.6,,,Green River,Lower Green River,1.09,,,,,,9.35,2.22,6.01,2.81,1.96,0.1,BRL,22.8,0.42,BRL,10,76,431,BRL,0.5,BRL,82.1,14.2,91,14.6,55,5.03,3.14,1.3,25.8,6.01,3,3,1.02,BRL,46,100,0.42,328,BRL,14.3,35.5,49,29,9.62,172,,3.5,15,BRL,6.6,4,137,BRL,0.83,BRL,22.5,0.8,0.44,3.1,168,3,28.2,2.9,156,94,,,,,,,,,,,,,,,,,,,,,,,,,,
8,43-013-70010-S000,39.8472,-110.7662,WILLOW CREEK #1,USGS CRC,"TC, TOC, HAWK, ICP",AGAT,E181102-144,189.6,,,Green River,Lower Green River,1.38,,,,,,2.82,2.8,2.3,0.95,1.01,0.02,BRL,36,0.13,BRL,BRL,29,264,BRL,0.2,BRL,30.8,4.9,27,4.3,14,2.29,1.35,0.54,7.79,2.45,2,6,0.43,BRL,16.6,23,0.22,331,BRL,4.1,13.5,17,11,3.65,53.3,,1,5,BRL,2.7,1,92.3,BRL,0.36,BRL,7.2,BRL,0.21,1.29,48,1,12.8,1.4,50,238,,,,,,,,,,,,,,,,,,,,,,,,,,
8,43-013-70010-S000,39.8472,-110.7662,WILLOW CREEK #1,USGS CRC,"TC, TOC, HAWK, ICP",AGAT,E181102-145,190.1,,,Green River,Lower Green River,5.36,,,,,,5.43,9.79,4.38,1.78,4.37,0.04,BRL,16.7,0.25,BRL,7,38,364,BRL,0.4,0.6,76.1,11.1,50,7.4,85,5.02,3.1,1.11,14.3,5.91,1,2,1.11,BRL,39.3,49,0.5,1040,BRL,8.4,30.9,28,25,8.54,93.4,,1.5,13,BRL,6,2,344,BRL,0.82,BRL,12.8,BRL,0.47,16.6,137,2,28.2,3.2,100,87.5,,,,,,,,,,,,,,,,,,,,,,,,,,
8,43-013-70010-S000,39.8472,-110.7662,WILLOW CREEK #1,USGS CRC,"TC, TOC, HAWK, ICP",AGAT,E181102-146,191.4,,,Green River,Lower Green River,2.66,,,,,,5.82,6.2,2.29,2.14,1.68,0.08,BRL,27.2,0.29,BRL,8,36,735,BRL,0.3,0.9,71.5,9.5,43,5.9,29,4.49,2.74,1.13,15,5.29,1,4,0.9,BRL,37.1,38,0.39,839,BRL,10.4,30.3,22,20,8.3,106,,0.9,9,BRL,5.7,1,181,0.6,0.76,BRL,11.4,BRL,0.39,4.31,97,2,25.4,2.6,82,149,,,,,,,,,,,,,,,,,,,,,,,,,,
8,43-013-70010-S000,39.8472,-110.7662,WILLOW CREEK #1,USGS CRC,"TC, TOC, HAWK, ICP",AGAT,E181102-147,192.2,,,Green River,Lower Green River,1.32,,,,,,7.06,2.66,2.45,2.36,1.59,0.07,BRL,29.8,0.41,BRL,8,49,564,BRL,0.4,0.2,70.4,13.4,61,8.3,31,4.2,2.64,1.07,17.6,5.22,2,6,0.87,BRL,36.7,56,0.4,290,BRL,14.4,29.8,31,20,8.43,124,,1,9,BRL,5.6,3,122,0.7,0.71,BRL,15.8,0.5,0.36,3.91,107,2,23.3,2.5,107,215,,,,,,,,,,,,,,,,,,,,,,,,,,
8,43-013-70010-S000,39.8472,-110.7662,WILLOW CREEK #1,USGS CRC,"TC, TOC, HAWK, ICP",AGAT,E181102-148,193.5,,,Green River,Lower Green River,1.48,,,,,,7.3,2.69,3.1,2.28,1.85,0.07,BRL,28.1,0.44,BRL,9,54,463,BRL,0.5,BRL,81.3,16.5,67,10.3,52,5.05,3.08,1.22,19.3,5.75,2,5,1.04,BRL,42.6,61,0.49,373,BRL,15.4,34,36,22,9.3,119,,1,11,BRL,6.2,2,117,0.7,0.81,BRL,17.5,0.5,0.45,3.84,124,3,28.1,2.9,123,200,,,,,,,,,,,,,,,,,,,,,,,,,,
8,43-013-70010-S000,39.8472,-110.7662,WILLOW CREEK #1,USGS CRC,"TC, TOC, HAWK, ICP",AGAT,E181102-149,194.4,,,Green River,Lower Green River,1.85,,,,,,7.35,3.51,3.52,2.29,1.88,0.08,BRL,26.9,0.44,1,10,55,467,BRL,0.5,0.4,78.3,13.9,65,10.3,55,5.37,3.24,1.24,19.4,6.06,2,5,1.1,BRL,41.8,64,0.46,450,BRL,15.1,33.9,35,22,9.31,124,,1,11,BRL,6.6,2,131,0.7,0.89,BRL,17.5,0.5,0.45,4.2,116,3,29.6,3,128,163,,,,,,,,,,,,,,,,,,,,,,,,,,
8,43-013-70010-S000,39.8472,-110.7662,WILLOW CREEK #1,USGS CRC,"TC, TOC, HAWK, ICP",AGAT,E181102-150,196.1,,,Green River,Lower Green River,1.21,,,,,,8.83,2.47,3.43,2.63,1.91,0.08,0.3,25.9,0.47,1,28,73,483,BRL,0.6,0.4,87.7,18.5,81,13.1,56,5.59,3.36,1.31,23.9,6.37,2,4,1.07,BRL,46.3,93,0.49,319,BRL,16,37.1,46,29,10.3,156,,2.1,15,BRL,6.8,3,125,0.7,0.9,BRL,21.3,0.8,0.5,5.22,151,3,30.2,3.1,150,123,,,,,,,,,,,,,,,,,,,,,,,,,,
8,43-013-70010-S000,39.8472,-110.7662,WILLOW CREEK #1,USGS CRC,"TC, TOC, HAWK, ICP",AGAT,E181102-151,196.9,,,Green River,Lower Green River,0.63,,,,,,9.53,1.17,6.22,2.96,1.65,0.09,BRL,25.4,0.46,BRL,9,76,513,BRL,0.7,0.3,105,16,91,15.2,53,6.89,4.09,1.64,26.1,8.26,3,3,1.31,BRL,53.7,100,0.52,238,2,15.6,44.7,49,26,12.4,174,,3.5,18,BRL,8.6,3,124,0.9,1.17,0.6,24.1,0.9,0.56,3.2,161,3,37.5,3.6,171,106,,,,,,,,,,,,,,,,,,,,,,,,,,
8,43-013-70010-S000,39.8472,-110.7662,WILLOW CREEK #1,USGS CRC,"TC, TOC, HAWK, ICP",AGAT,E181102-152,198.2,,,Green River,Lower Green River,1.76,,,,,,7.33,3.99,2.86,2.27,1.76,0.1,BRL,27.1,0.45,BRL,6,55,668,BRL,0.4,0.5,103,13.9,65,9.9,76,7.47,4.08,1.89,19.2,8.8,2,5,1.5,BRL,50.2,68,0.59,474,BRL,15.9,45.1,35,20,12.1,123,,1,14,BRL,9.1,1,136,0.8,1.26,BRL,17.4,0.6,0.61,5.4,131,3,41.3,3.9,135,158,,,,,,,,,,,,,,,,,,,,,,,,,,
8,43-013-70010-S000,39.8472,-110.7662,WILLOW CREEK #1,USGS CRC,"TC, TOC, HAWK, ICP",AGAT,E181102-153,199.4,,,Green River,Lower Green River,2.22,,,,,,5.8,5.4,2.34,1.87,1.55,0.07,0.6,27.7,0.36,1,8,39,6530,BRL,0.3,0.4,69.6,15.1,49,6.5,34,5.02,3.09,1.63,13.9,5.75,2,4,1.02,BRL,36.1,47,0.43,511,3,12.5,29.9,31,23,8.19,98.3,,0.9,10,BRL,5.9,2,399,0.7,0.81,BRL,12.5,BRL,0.44,5.46,89,2,29.2,2.8,97,147,,,,,,,,,,,,,,,,,,,,,,,,,,
8,43-013-70010-S000,39.8472,-110.7662,WILLOW CREEK #1,USGS CRC,"TC, TOC, HAWK, ICP",AGAT,E181102-154,200.4,,,Green River,Lower Green River,1.32,,,,,,8.59,3.01,6.36,2.65,1.71,0.1,BRL,23.2,0.42,1,9,71,2250,BRL,0.5,0.6,111,14.3,83,13,49,7.06,4.16,1.82,23.6,8.47,3,3,1.4,BRL,55.6,85,0.53,516,2,14.5,46.9,43,25,12.7,155,,3.1,17,BRL,8.8,3,158,0.7,1.16,BRL,21.1,0.7,0.56,3.27,156,3,37.4,3.7,154,102,,,,,,,,,,,,,,,,,,,,,,,,,,
8,43-013-70010-S000,39.8472,-110.7662,WILLOW CREEK #1,USGS CRC,"TC, TOC, HAWK, ICP",AGAT,E181102-155,201.7,,,Green River,Lower Green River,3.23,,,,,,5.63,8.36,2.8,1.87,1.64,0.08,0.5,24.2,0.34,2,6,42,440,BRL,0.3,0.5,65.6,12.3,45,7.3,33,4.41,2.79,1.07,14.4,5.27,1,4,0.92,BRL,34.3,46,0.37,861,2,11.5,28.5,29,18,7.58,101,,0.8,9,BRL,5.5,2,155,0.6,0.74,BRL,12.3,BRL,0.41,7.47,88,2,27.2,2.6,95,133,,,,,,,,,,,,,,,,,,,,,,,,,,
8,43-013-70010-S000,39.8472,-110.7662,WILLOW CREEK #1,USGS CRC,"TC, TOC, HAWK, ICP",AGAT,E181102-156,202.5,,,Green River,Lower Green River,2.07,,,,,,6.81,4.68,3.57,2.17,1.82,0.08,1,25.4,0.41,2,9,51,458,BRL,0.4,0.5,85.8,13.1,59,9.1,47,5.88,3.6,1.36,17.8,6.79,2,4,1.17,BRL,43,59,0.47,589,4,14.1,37.1,32,21,10.2,118,,1.2,13,BRL,7,2,140,0.7,0.96,BRL,15.8,BRL,0.5,7.31,121,2,32.6,3.3,125,138,,,,,,,,,,,,,,,,,,,,,,,,,,
8,43-013-70010-S000,39.8472,-110.7662,WILLOW CREEK #1,USGS CRC,"TC, TOC, HAWK, ICP",AGAT,E181102-157,203.6,,,Green River,Lower Green River,1.22,,,,,,8.95,2.55,4.36,2.71,1.81,0.08,0.9,25.4,0.44,1,9,71,447,BRL,0.6,0.4,83.8,18.3,84,13.4,76,5.36,3.35,1.39,23.2,6.55,2,3,1.09,BRL,45.2,87,0.47,384,2,14.6,36.4,44,38,9.97,154,,2.4,15,BRL,6.6,2,127,0.7,0.9,BRL,20.9,0.7,0.5,3.76,145,3,29.8,3.2,158,102,,,,,,,,,,,,,,,,,,,,,,,,,,
8,43-013-70010-S000,39.8472,-110.7662,WILLOW CREEK #1,USGS CRC,"TC, TOC, HAWK, ICP",AGAT,E181102-158,204.4,,,Green River,Lower Green River,1.33,,,,,,8.16,2.84,5.42,2.66,1.81,0.08,BRL,25.3,0.44,5,6,65,911,BRL,0.5,0.5,85.4,12,76,12.5,37,5.67,3.31,1.28,21,6.51,2,4,1.1,BRL,45.8,75,0.47,424,BRL,14.8,36.7,38,23,10.1,148,,2.2,14,BRL,7.1,3,150,0.7,0.9,BRL,20.1,0.6,0.49,3.3,127,3,30.8,3,149,128,,,,,,,,,,,,,,,,,,,,,,,,,,
8,43-013-70010-S000,39.8472,-110.7662,WILLOW CREEK #1,USGS CRC,"TC, TOC, HAWK, ICP",AGAT,E181102-159,205.4,,,Green River,Lower Green River,1.57,,,,,,8.04,3.41,6.08,2.65,1.92,0.09,BRL,24.9,0.43,1,7,67,421,BRL,0.5,0.5,93.1,11.9,76,12.3,48,6.36,3.89,1.53,20.7,7.42,3,4,1.25,BRL,48.6,72,0.55,482,BRL,14,40.8,38,21,10.9,142,,2.2,15,BRL,7.7,2,144,0.6,1.06,BRL,18.7,0.6,0.52,3.16,129,3,35.2,3.4,154,113,,,,,,,,,,,,,,,,,,,,,,,,,,
8,43-013-70010-S000,39.8472,-110.7662,WILLOW CREEK #1,USGS CRC,"TC, TOC, HAWK, ICP",AGAT,E181102-160,206.2,,,Green River,Lower Green River,1.61,0.24,,,,,9.12,3.24,4.19,2.69,1.78,0.06,0.7,23.8,0.51,BRL,7,63,414,BRL,0.6,0.4,122,17.1,84,11.2,42,6.05,3.52,1.53,25.8,7.92,2,3,1.2,BRL,61.2,86,0.49,408,3,18.8,50.1,43,37,14,164,,1.7,18,BRL,8.9,3,136,0.8,1.08,BRL,31,0.8,0.5,5.16,153,3,30,3.4,158,101,,,,,,,,,,,,,,,,,,,,,,,,,,
8,43-013-70010-S000,39.8472,-110.7662,WILLOW CREEK #1,USGS CRC,"TC, TOC, HAWK, ICP",AGAT,E181102-161,207.4,,,Green River,Lower Green River,1.52,,,,,,8.66,3.44,4.3,2.57,1.83,0.08,1.4,24.4,0.44,BRL,13,71,444,BRL,0.7,0.2,98.3,19.1,82,12,55,5.93,3.35,1.53,24.8,7.42,2,3,1.15,BRL,51.6,84,0.45,431,3,15.4,42.5,45,40,11.8,154,,2.6,15,BRL,7.8,3,139,0.8,0.95,BRL,20.8,0.7,0.47,4.59,143,3,31.6,3,154,109,,,,,,,,,,,,,,,,,,,,,,,,,,
8,43-013-70010-S000,39.8472,-110.7662,WILLOW CREEK #1,USGS CRC,"TC, TOC, HAWK, ICP",AGAT,E181102-162,208.7,,,Green River,Lower Green River,5.08,,,,,,3.55,16.1,1.33,1.32,0.67,0.09,0.5,21.3,0.25,BRL,BRL,28,390,BRL,0.2,0.2,55.4,5.4,28,3.3,26,4.03,2.44,0.86,8.14,4.27,1,5,0.83,BRL,27.6,21,0.34,892,2,8.4,23.1,14,15,6.25,59.4,,0.6,5,BRL,4.5,2,165,0.5,0.62,BRL,7.9,BRL,0.31,5.3,45,1,22.3,2.3,41,162,,,,,,,,,,,,,,,,,,,,,,,,,,
8,43-013-70010-S000,39.8472,-110.7662,WILLOW CREEK #1,USGS CRC,"TC, TOC, HAWK, ICP",AGAT,E181102-163,209.8,,,Green River,Lower Green River,5.45,,,,,,5.28,16.3,3.29,1.51,1.31,0.14,1.8,15.1,0.29,BRL,13,45,353,BRL,0.4,0.7,61.4,13.7,51,7.2,39,3.73,2.33,1,13.6,4.95,1,2,0.77,BRL,31.6,45,0.31,2070,4,9.4,26.5,29,28,7.24,86.9,,1.6,9,BRL,5,2,260,0.5,0.66,0.8,12.7,BRL,0.31,4.04,95,2,20.8,2.1,101,72.7,,,,,,,,,,,,,,,,,,,,,,,,,,
8,43-013-70010-S000,39.8472,-110.7662,WILLOW CREEK #1,USGS CRC,"TC, TOC, HAWK, ICP",AGAT,E181102-164,210.6,,,Green River,Lower Green River,3.46,,,,,,6.11,10.9,3.22,2.05,1.04,0.27,1.1,21.5,0.37,BRL,12,58,388,BRL,0.4,0.8,87.5,11.7,54,8.2,43,6.32,3.67,1.34,16.7,7.07,2,4,1.24,BRL,46.1,39,0.47,1350,3,12.6,36.2,28,34,9.81,111,,1.9,11,BRL,6.9,2,221,0.6,0.97,BRL,14.6,BRL,0.5,10.4,98,3,39.2,3.3,101,133,,,,,,,,,,,,,,,,,,,,,,,,,,
8,43-013-70010-S000,39.8472,-110.7662,WILLOW CREEK #1,USGS CRC,"TC, TOC, HAWK, ICP",AGAT,E181102-165,211.6,,,Green River,Lower Green River,1.33,,,,,,9.23,2.93,4.23,2.77,1.74,0.09,BRL,24.4,0.45,BRL,7,65,466,BRL,0.7,0.3,113,24.8,85,13.3,48,7.6,4.25,1.76,24.8,9.29,2,3,1.46,BRL,56.8,93,0.58,519,BRL,15.3,49.5,48,30,13.2,161,,1.5,18,BRL,9.7,3,134,0.7,1.28,BRL,24,0.7,0.61,4.61,135,3,40,3.9,166,97.8,,,,,,,,,,,,,,,,,,,,,,,,,,
8,43-013-70010-S000,39.8472,-110.7662,WILLOW CREEK #1,USGS CRC,"TC, TOC, HAWK, ICP",AGAT,E181102-166,212.9,,,Green River,Lower Green River,1.12,,,,,,8.87,2.64,6.39,2.74,1.6,0.09,BRL,24.5,0.43,BRL,17,66,449,BRL,0.6,BRL,99.9,16.4,83,13.1,44,6.61,3.86,1.59,23.5,7.73,3,3,1.28,BRL,52.1,84,0.54,518,5,14.5,43.1,47,29,11.5,150,,3.2,16,BRL,7.9,4,131,0.6,1.12,BRL,21.6,0.6,0.54,4.34,181,3,35.9,3.5,173,102,,,,,,,,,,,,,,,,,,,,,,,,,,
8,43-013-70010-S000,39.8472,-110.7662,WILLOW CREEK #1,USGS CRC,"TC, TOC, HAWK, ICP",AGAT,E181102-167,213.9,,,Green River,Lower Green River,1.83,,,,,,8.44,4.12,6,2.53,1.86,0.1,BRL,23.1,0.42,BRL,14,60,423,BRL,0.6,BRL,105,15.6,75,11.9,49,7.01,4.04,1.58,23,8.09,2,3,1.28,BRL,53.7,82,0.54,626,4,14.2,44.1,42,27,12.2,147,,2.4,16,BRL,8.4,3,142,0.6,1.15,BRL,21.1,0.7,0.54,4.22,166,3,37.8,3.7,163,94.8,,,,,,,,,,,,,,,,,,,,,,,,,,
8,43-013-70010-S000,39.8472,-110.7662,WILLOW CREEK #1,USGS CRC,"TC, TOC, HAWK, ICP",AGAT,E181102-168,214.9,,,Green River,Lower Green River,1.76,0.22,,,,,7.49,3.34,2.78,2.32,1.86,0.07,BRL,27.8,0.45,BRL,BRL,54,453,BRL,0.4,BRL,98.5,16.5,65,10.6,146,5.79,3.46,1.35,20.4,7.22,2,4,1.17,BRL,48.6,67,0.44,367,BRL,15.9,41.8,39,20,11.4,139,,0.7,14,BRL,7.7,3,127,0.7,0.98,BRL,17.5,0.7,0.48,15.3,114,2,31.5,3.3,144,124,,,,,,,,,,,,,,,,,,,,,,,,,,
8,43-013-70010-S000,39.8472,-110.7662,WILLOW CREEK #1,USGS CRC,"TC, TOC, HAWK, ICP",AGAT,E181102-169,215.8,,,Green River,Lower Green River,,,,,,,10.5,0.18,5.85,2.77,1.31,0.04,BRL,25.3,0.46,BRL,15,81,416,BRL,0.8,BRL,86.6,15.1,90,14.7,46,4,2.42,1.07,27.5,4.87,3,3,0.72,BRL,46.4,110,0.36,144,3,16.2,35.7,50,27,9.7,186,,4.1,18,BRL,5.6,4,132,0.8,0.69,BRL,21.7,1,0.35,3.83,194,4,20.7,2.7,176,102,,,,,,,,,,,,,,,,,,,,,,,,,,
8,43-013-70010-S000,39.8472,-110.7662,WILLOW CREEK #1,USGS CRC,"TC, TOC, HAWK, ICP",AGAT,E181102-170,216.5,,,Green River,Lower Green River,2.98,,,,,,7.34,5.47,5.41,2.31,3.34,0.1,BRL,20.8,0.36,BRL,17,57,344,BRL,0.5,1.3,91.9,13.2,65,9.8,46,7.05,4.07,1.74,19.3,8.74,2,3,1.33,BRL,44.2,54,0.47,1190,4,13.1,44.5,36,26,10.4,140,,3.4,14,BRL,8.9,2,177,BRL,1.2,BRL,16.7,0.6,0.55,4.31,186,3,40.3,3.6,143,99.5,,,,,,,,,,,,,,,,,,,,,,,,,,
8,43-013-70010-S000,39.8472,-110.7662,WILLOW CREEK #1,USGS CRC,"TC, TOC, HAWK, ICP",AGAT,E181102-171,217.9,,,Green River,Lower Green River,2.89,,,,,,7.65,5.19,4.59,2.25,3.43,0.06,BRL,21.4,0.37,BRL,14,62,349,BRL,0.6,0.7,86.9,12.7,68,10.2,38,5.55,3.17,1.34,19.3,6.88,2,3,0.98,BRL,44.3,65,0.4,1000,3,13.8,38.6,36,27,9.79,134,,2.6,13,BRL,6.9,3,168,BRL,0.97,BRL,17.8,0.6,0.45,4.04,117,3,30.4,2.9,134,96.5,,,,,,,,,,,,,,,,,,,,,,,,,,
8,43-013-70010-S000,39.8472,-110.7662,WILLOW CREEK #1,USGS CRC,"TC, TOC, HAWK, ICP",AGAT,E181102-172,218.6,,,Green River,Lower Green River,2.26,,,,,,8.07,3.95,5.38,2.25,2.95,0.08,BRL,21.6,0.37,BRL,17,60,365,BRL,0.6,0.7,87.6,14.1,71,10.7,44,6.09,3.51,1.51,21.3,7.15,2,3,1.07,BRL,44.5,73,0.38,771,6,13.5,39.9,39,27,10,142,,3.3,14,BRL,7.5,2,155,BRL,1.05,BRL,17.3,BRL,0.45,4.19,158,3,32.4,3,136,101,,,,,,,,,,,,,,,,,,,,,,,,,,
8,43-013-70010-S000,39.8472,-110.7662,WILLOW CREEK #1,USGS CRC,"TC, TOC, HAWK, ICP",AGAT,E181102-173,219.8,,,Green River,Lower Green River,1.8,,,,,,8.63,3.21,5.41,2.42,2.6,0.09,BRL,23.6,0.44,BRL,13,65,380,BRL,0.7,0.7,101,15.1,76,10.9,45,6.75,3.78,1.6,22.9,8.44,2,3,1.23,BRL,50.3,78,0.5,721,3,16.1,45.5,40,27,11.2,156,,2.7,16,BRL,8,3,155,BRL,1.14,BRL,21.5,BRL,0.53,4.59,134,3,37.4,3.5,152,100,,,,,,,,,,,,,,,,,,,,,,,,,,
8,43-013-70010-S000,39.8472,-110.7662,WILLOW CREEK #1,USGS CRC,"TC, TOC, HAWK, ICP",AGAT,E181102-174,220.5,,,Green River,Lower Green River,1.72,,,,,,9.17,3.04,6.37,2.46,2.57,0.1,BRL,22.4,0.39,BRL,15,68,360,BRL,0.7,0.5,110,14,81,11.5,66,7.14,3.99,1.8,24.5,8.83,3,3,1.27,BRL,54,88,0.5,690,4,14.3,48.9,43,28,12,157,,3.3,16,BRL,9.2,3,163,BRL,1.22,BRL,20.7,BRL,0.55,4.98,185,3,38.3,3.6,158,86.7,,,,,,,,,,,,,,,,,,,,,,,,,,
8,43-013-70010-S000,39.8472,-110.7662,WILLOW CREEK #1,USGS CRC,"TC, TOC, HAWK, ICP",AGAT,E181102-175,221.9,,,Green River,Lower Green River,,,,,,,10.2,0.4,6.46,2.75,1.4,0.08,BRL,25.4,0.47,BRL,18,69,406,BRL,0.7,BRL,96,17.6,86,12.8,73,5.14,3.16,1.36,26.9,6.5,3,3,0.96,BRL,49.9,93,0.39,225,4,17.8,39.9,66,24,10.4,184,,3.3,17,BRL,6.9,3,134,BRL,0.89,BRL,23.3,BRL,0.46,3.69,184,3,28,2.8,171,115,,,,,,,,,,,,,,,,,,,,,,,,,,
8,43-013-70010-S000,39.8472,-110.7662,WILLOW CREEK #1,USGS CRC,"TC, TOC, HAWK, ICP",AGAT,E181102-176,222.5,,,Green River,Lower Green River,1.41,,,,,,7.87,2.82,3.96,2.27,1.93,0.08,1.5,25.7,0.42,BRL,44,57,415,BRL,0.3,0.4,86,20.1,64,9.5,51,5.48,3.28,1.41,19.8,7.03,2,4,0.98,BRL,44,66,0.45,409,3,15.5,38.3,36,25,9.57,138,,1.7,13,BRL,7,5,135,BRL,0.97,BRL,17.1,BRL,0.47,9.7,105,2,30.8,3,122,155,,,,,,,,,,,,,,,,,,,,,,,,,,
8,43-013-70010-S000,39.8472,-110.7662,WILLOW CREEK #1,USGS CRC,"TC, TOC, HAWK, ICP",AGAT,E181102-177,223.6,,,Green River,Lower Green River,2.08,,,,,,6.29,4.75,2.1,1.95,1.81,0.08,0.3,28.9,0.38,BRL,6,43,452,BRL,0.3,0.4,70.3,11.7,49,6.1,36,4.95,3.07,1.21,15.1,5.94,2,6,0.92,BRL,35.4,45,0.43,522,BRL,14.3,31.5,26,22,8.04,106,,1.4,10,BRL,5.9,2,137,BRL,0.82,BRL,12.3,BRL,0.45,5.35,96,2,29,2.9,88,228,,,,,,,,,,,,,,,,,,,,,,,,,,
8,43-013-70010-S000,39.8472,-110.7662,WILLOW CREEK #1,USGS CRC,"TC, TOC, HAWK, ICP",AGAT,E181102-178,224.6,,,Green River,Lower Green River,1.85,,,,,,6.92,4.04,2.17,2.02,1.81,0.09,0.1,28.6,0.41,BRL,5,50,456,BRL,0.5,0.3,81.4,11.5,53,6.8,21,5.64,3.35,1.41,17.3,6.58,2,6,1.01,BRL,41.2,53,0.42,505,BRL,15.1,37.4,27,18,9.3,115,,1,11,BRL,6.8,2,139,BRL,0.92,BRL,14.6,BRL,0.46,4.05,106,2,29.5,3.1,96,228,,,,,,,,,,,,,,,,,,,,,,,,,,
8,43-013-70010-S000,39.8472,-110.7662,WILLOW CREEK #1,USGS CRC,"TC, TOC, HAWK, ICP",AGAT,E181102-179,225.6,,,Green River,Lower Green River,1.59,,,,,,5.72,3.57,1.46,1.87,1.32,0.06,0.2,31.2,0.27,BRL,BRL,30,2060,BRL,0.2,0.3,64,6.9,33,3.7,24,4.25,2.59,1.39,11.9,5.24,1,5,0.81,BRL,31.2,32,0.34,517,BRL,10,28.5,18,13,7.12,91.8,,0.6,8,BRL,5.3,2,179,BRL,0.73,BRL,9.1,BRL,0.38,3.12,61,2,24.3,2.6,59,189,,,,,,,,,,,,,,,,,,,,,,,,,,
8,43-013-70010-S000,39.8472,-110.7662,WILLOW CREEK #1,USGS CRC,"TC, TOC, HAWK, ICP",AGAT,E181102-180,226.6,,,Green River,Lower Green River,1.65,,,,,,6.52,3.5,1.93,1.93,1.67,0.07,0.2,30.5,0.39,BRL,7,44,494,BRL,0.4,0.3,67.5,11,51,5.8,26,4.87,2.86,1.14,15.4,5.59,2,6,0.9,BRL,34.6,43,0.39,471,BRL,14.4,30,25,20,7.5,108,,1.1,9,BRL,5.3,2,132,BRL,0.79,BRL,12.8,BRL,0.42,4.04,88,2,27.5,2.9,90,250,,,,,,,,,,,,,,,,,,,,,,,,,,
8,43-013-70010-S000,39.8472,-110.7662,WILLOW CREEK #1,USGS CRC,"TC, TOC, HAWK, ICP",AGAT,E181102-181,227.7,,,Green River,Lower Green River,1.41,,,,,,8.3,2.57,6.06,2.36,2.19,0.11,BRL,24.5,0.43,BRL,16,64,377,BRL,0.6,0.6,94.4,14.5,72,11.3,72,7.06,3.95,1.71,21.6,8.67,2,4,1.24,BRL,48.4,69,0.47,645,3,15,44,40,21,10.8,149,,2.6,14,BRL,8.6,3,150,BRL,1.19,BRL,17.8,BRL,0.54,3.2,152,3,39.2,3.5,141,126,,,,,,,,,,,,,,,,,,,,,,,,,,
8,43-013-70010-S000,39.8472,-110.7662,WILLOW CREEK #1,USGS CRC,"TC, TOC, HAWK, ICP",AGAT,E181102-182,228.8,,,Green River,Lower Green River,1.18,,,,,,9.71,2.37,4.99,2.67,1.95,0.08,BRL,25.4,0.46,BRL,9,73,374,BRL,0.6,0.4,94.5,16,82,13.1,63,5.96,3.47,1.59,24.9,7.38,2,3,1.13,BRL,50.2,90,0.45,315,BRL,16.2,42.8,44,19,10.6,168,,2.3,16,BRL,7.8,3,139,BRL,1.01,BRL,20.5,BRL,0.51,3,146,3,30.8,3.2,158,116,,,,,,,,,,,,,,,,,,,,,,,,,,
8,43-013-70010-S000,39.8472,-110.7662,WILLOW CREEK #1,USGS CRC,"TC, TOC, HAWK, ICP",AGAT,E181102-183,229.8,,,Green River,Lower Green River,2.21,,,,,,4.53,5.12,1.39,1.33,1.26,0.05,0.2,31,0.2,BRL,BRL,21,1770,BRL,0.2,0.5,45.9,6,24,2.4,14,3.37,2.15,0.98,9.02,3.9,1,6,0.64,BRL,23,22,0.25,646,BRL,8.1,21.5,15,14,5.06,65.5,,0.6,5,BRL,4,1,147,BRL,0.55,BRL,7.1,BRL,0.27,2.64,43,1,19.5,2,67,214,,,,,,,,,,,,,,,,,,,,,,,,,,
8,43-013-70010-S000,39.8472,-110.7662,WILLOW CREEK #1,USGS CRC,"TC, TOC, HAWK, ICP",AGAT,E181102-184,230.6,,,Green River,Lower Green River,2.84,,,,,,4.65,5.98,1.89,1.47,1.91,0.05,BRL,28.9,0.21,BRL,BRL,24,1230,BRL,0.2,0.6,43.1,7.9,30,2.9,35,3.17,1.85,0.95,10,3.7,1,4,0.59,BRL,22.2,27,0.25,1080,BRL,8.5,19.4,15,14,4.79,68.5,,1.2,10,BRL,3.5,2,161,1.6,0.53,BRL,7.3,0.6,0.26,3.24,49,1,17.8,1.8,67,123,,,,,,,,,,,,,,,,,,,,,,,,,,
8,43-013-70010-S000,39.8472,-110.7662,WILLOW CREEK #1,USGS CRC,"TC, TOC, HAWK, ICP",AGAT,E181102-185,231.8,,,Green River,Lower Green River,1.98,,,,,,5.82,4.27,1.79,1.62,1.61,0.06,0.4,30.1,0.35,BRL,BRL,37,396,BRL,0.3,0.3,60.4,9.4,44,4.2,25,4.2,2.65,1.03,13.4,4.84,2,9,0.77,BRL,29.7,39,0.37,363,BRL,12.9,27,22,15,6.71,84.8,,1.3,8,BRL,4.9,2,121,1.5,0.69,BRL,11.6,0.5,0.37,3.78,74,2,22.8,2.5,92,342,,,,,,,,,,,,,,,,,,,,,,,,,,
8,43-013-70010-S000,39.8472,-110.7662,WILLOW CREEK #1,USGS CRC,"TC, TOC, HAWK, ICP",AGAT,E181102-186,232.6,,,Green River,Lower Green River,2.5,,,,,,7.87,4.66,4.51,2.29,2.96,0.08,BRL,23.2,0.41,BRL,6,61,340,BRL,0.4,0.7,81.8,16.8,68,11,41,5.65,3.4,1.42,20.3,6.79,2,3,1.06,BRL,41.7,65,0.46,978,BRL,14,36.1,41,25,9.24,142,,2,14,BRL,6.6,3,171,1.4,0.94,BRL,15.9,0.9,0.44,4.07,110,4,30.8,3.1,123,110,,,,,,,,,,,,,,,,,,,,,,,,,,
8,43-013-70010-S000,39.8472,-110.7662,WILLOW CREEK #1,USGS CRC,"TC, TOC, HAWK, ICP",AGAT,E181102-187,233.7,,,Green River,Lower Green River,5.54,,,,,,5.34,15.4,2.44,1.59,1.66,0.19,0.3,16.3,0.3,BRL,5,48,342,BRL,0.4,1.1,62,9.1,48,6.6,35,4.27,2.42,1.05,13.2,5.2,1,3,0.8,BRL,32,36,0.31,1760,BRL,10.4,28,26,22,6.9,95.2,,1.4,9,BRL,5.1,2,285,0.9,0.7,0.6,11.1,0.6,0.33,15.4,90,3,24.8,2.3,104,88,,,,,,,,,,,,,,,,,,,,,,,,,,
8,43-013-70010-S000,39.8472,-110.7662,WILLOW CREEK #1,USGS CRC,"TC, TOC, HAWK, ICP",AGAT,E181102-188,234.4,,,Green River,Lower Green River,1.69,0.2,,,,,9.79,4.34,3.91,2.49,1.78,0.17,0.8,23.3,0.42,1,53,84,390,BRL,0.6,11.8,65.5,56.8,86,12.4,50,4.31,2.5,1.13,25.5,5.13,3,3,0.76,BRL,38.1,88,0.33,426,7,14.5,28.9,86,56,7.49,163,,8.6,15,BRL,5.3,3,181,1.2,0.71,BRL,20.4,1.4,0.35,63.3,170,5,22.5,2.4,801,95.9,,,,,,,,,,,,,,,,,,,,,,,,,,
8,43-013-70010-S000,39.8472,-110.7662,WILLOW CREEK #1,USGS CRC,"TC, TOC, HAWK, ICP",AGAT,E181102-189,235.5,,,Green River,Lower Green River,3.76,,,,,,6.16,11.6,3.26,1.98,1.11,0.14,BRL,22.7,0.37,BRL,12,53,293,BRL,0.5,0.4,72.6,6,51,8.7,35,5.6,3.01,1.47,15,6.93,2,4,0.99,BRL,34.2,24,0.36,1270,6,12.8,36.1,22,18,8.66,125,,2,10,BRL,6.8,2,210,1,0.92,BRL,12.7,0.8,0.41,7.38,120,4,28.1,2.7,56,129,,,,,,,,,,,,,,,,,,,,,,,,,,
8,43-013-70010-S000,39.8472,-110.7662,WILLOW CREEK #1,USGS CRC,"TC, TOC, HAWK, ICP",AGAT,E181102-190,236.4,,,Green River,Lower Green River,8.36,,,,,,3.08,15.2,4.13,0.91,6.58,0.04,BRL,11.2,0.2,BRL,6,25,168,BRL,0.4,0.7,35.9,8.5,29,3.7,34,2.54,1.54,0.68,7.21,3.35,BRL,2,0.5,BRL,18.6,21,0.2,3120,4,7,16.4,17,15,4.07,55.1,,0.9,5,BRL,3.1,1,236,BRL,0.44,BRL,6.6,BRL,0.2,8.32,64,2,15.1,1.4,41,63.5,,,,,,,,,,,,,,,,,,,,,,,,,,
8,43-013-70010-S000,39.8472,-110.7662,WILLOW CREEK #1,USGS CRC,"TC, TOC, HAWK, ICP",AGAT,E181102-191,237.6,,,Green River,Lower Green River,4.27,,,,,,5.85,7.77,4.24,1.71,4.17,0.08,0.4,21.7,0.39,BRL,23,50,293,BRL,0.6,0.8,66.7,20.2,51,6.7,51,4.87,2.7,1.19,13.8,5.78,1,4,0.82,BRL,33.9,42,0.34,1570,12,13.6,30.9,39,28,7.58,105,,3.2,9,BRL,5.7,2,222,1,0.8,BRL,12.7,0.6,0.39,7.17,102,3,25.6,2.7,65,141,,,,,,,,,,,,,,,,,,,,,,,,,,
8,43-013-70010-S000,39.8472,-110.7662,WILLOW CREEK #1,USGS CRC,"TC, TOC, HAWK, ICP",AGAT,E181102-192,238.5,,,Green River,Lower Green River,2.87,,,,,,5.26,6.4,2.51,1.62,2.25,0.07,0.5,29.5,0.29,BRL,7,32,726,BRL,0.2,0.3,57.9,9.1,36,4.2,23,4.22,2.61,1.11,11.5,4.99,1,7,0.82,BRL,28.3,37,0.34,950,3,11,26.6,24,17,6.63,80.6,,1.2,7,BRL,5.1,2,161,0.8,0.69,BRL,9.3,BRL,0.36,3.5,64,2,23.8,2.5,69,279,,,,,,,,,,,,,,,,,,,,,,,,,,
8,43-013-70010-S000,39.8472,-110.7662,WILLOW CREEK #1,USGS CRC,"TC, TOC, HAWK, ICP",AGAT,E181102-193,239.6,,,Green River,Lower Green River,1.88,,,,,,6.18,3.8,2.33,1.81,1.94,0.07,0.5,30.6,0.36,BRL,6,42,478,BRL,0.2,0.3,51.6,9.8,46,5.6,23,3.59,2.17,0.96,14.7,4.35,2,7,0.69,BRL,27.1,44,0.33,557,3,13.3,22.6,28,14,5.8,97.3,,1.1,7,BRL,4.2,2,132,0.9,0.57,BRL,10.5,BRL,0.33,3.09,77,2,20.6,2.3,79,251,,,,,,,,,,,,,,,,,,,,,,,,,,
8,43-013-70010-S000,39.8472,-110.7662,WILLOW CREEK #1,USGS CRC,"TC, TOC, HAWK, ICP",AGAT,E181102-194,240.4,,,Green River,Lower Green River,2.12,,,,,,5.95,3.9,2.43,1.74,2.28,0.08,0.6,30,0.36,BRL,8,39,458,BRL,0.3,0.3,61.6,9.7,45,5.2,28,4.31,2.56,1.11,13.9,5.44,2,7,0.82,BRL,31,41,0.34,666,4,13,29.3,26,17,7.21,90.7,,1,8,BRL,5.2,2,138,0.9,0.7,BRL,11.1,0.5,0.36,3.71,78,2,24.4,2.4,75,247,,,,,,,,,,,,,,,,,,,,,,,,,,
8,43-013-70010-S000,39.8472,-110.7662,WILLOW CREEK #1,USGS CRC,"TC, TOC, HAWK, ICP",AGAT,E181102-195,241.7,,,Green River,Lower Green River,2.81,,,,,,5.23,7.92,1.59,1.64,1.51,0.06,0.2,30.2,0.26,BRL,BRL,28,748,BRL,0.2,0.4,55.8,6.3,33,3.5,22,4.08,2.14,1.1,10.6,5.02,1,5,0.76,BRL,27.5,29,0.28,830,BRL,9.7,26.2,17,13,6.41,80.5,,0.7,7,BRL,4.9,2,170,0.6,0.66,BRL,7.7,BRL,0.3,2.57,54,1,24.1,2.1,62,203,,,,,,,,,,,,,,,,,,,,,,,,,,
8,43-013-70010-S000,39.8472,-110.7662,WILLOW CREEK #1,USGS CRC,"TC, TOC, HAWK, ICP",AGAT,E181102-196,242.6,,,Green River,Lower Green River,1.53,,,,,,7.62,2.97,2.45,2.09,2.11,0.09,0.2,30,0.46,BRL,5,60,468,BRL,0.3,0.4,77.2,13.7,66,9.2,48,5.33,2.93,1.35,19,6.27,2,6,0.96,BRL,39.3,72,0.41,382,BRL,16.1,35.7,37,17,8.79,119,,1.2,12,BRL,6.5,3,127,1.1,0.84,BRL,14.9,0.7,0.43,5.1,111,3,28.3,2.9,121,205,,,,,,,,,,,,,,,,,,,,,,,,,,
8,43-013-70010-S000,39.8472,-110.7662,WILLOW CREEK #1,USGS CRC,"TC, TOC, HAWK, ICP",AGAT,E181102-197,243.6,,,Green River,Lower Green River,1.71,0.2,,,,,7.54,3.59,3.62,2.05,2.03,0.08,1.4,28.4,0.44,BRL,12,58,468,BRL,0.5,0.8,75.5,15.3,67,9.6,52,5.89,3.57,1.39,18.4,6.52,2,5,1.04,BRL,40.2,75,0.49,433,BRL,15.4,35.5,40,25,8.65,120,,2.4,13,BRL,6.6,3,130,1,0.97,BRL,15,0.7,0.49,3.62,135,3,32.2,3.4,158,195,,,,,,,,,,,,,,,,,,,,,,,,,,
8,43-013-70010-S000,39.8472,-110.7662,WILLOW CREEK #1,USGS CRC,"TC, TOC, HAWK, ICP",AGAT,E181102-198,244.4,,,Green River,Lower Green River,2.38,0.22,,,,,7.5,5.75,3.64,2.02,2.15,0.13,1.3,27.8,0.43,BRL,12,57,439,BRL,0.5,0.5,82.1,14.4,62,8.9,38,6.38,3.48,1.67,18.2,7.2,2,5,1.15,BRL,41.2,75,0.45,751,3,15.2,38.8,34,22,9.63,117,,1.7,12,BRL,7.6,2,154,1,1.08,BRL,14.8,0.6,0.5,4.13,127,3,34.4,3.2,122,187,,,,,,,,,,,,,,,,,,,,,,,,,,
8,43-013-70010-S000,39.8472,-110.7662,WILLOW CREEK #1,USGS CRC,"TC, TOC, HAWK, ICP",AGAT,E181102-199,245.4,,,Green River,Lower Green River,1.58,0.41,,,,,8.72,2.64,4.03,2.24,2.17,0.08,1.4,27.6,0.48,BRL,12,69,480,BRL,0.7,0.8,87.6,17.5,80,11.5,61,5.32,3.21,1.42,22.5,6.36,2,4,0.97,BRL,44.6,101,0.44,414,4,16.3,38.4,43,27,9.72,136,,2.2,15,BRL,6.9,3,130,1,0.9,BRL,17.1,0.8,0.45,3.46,148,3,29.9,3.1,148,161,,,,,,,,,,,,,,,,,,,,,,,,,,
8,43-013-70010-S000,39.8472,-110.7662,WILLOW CREEK #1,USGS CRC,"TC, TOC, HAWK, ICP",AGAT,E181102-200,246.4,,,Green River,Lower Green River,1.79,,,,,,6.12,3.93,2.81,1.8,1.73,0.08,0.8,30.9,0.37,BRL,11,41,526,BRL,0.3,0.6,72.7,10.7,47,6.1,33,5.16,2.96,1.29,14.7,5.76,2,7,0.94,BRL,37.3,49,0.4,402,5,14.3,32.7,24,19,8.19,99.4,,1.4,9,BRL,5.7,2,131,0.8,0.87,BRL,12.3,0.6,0.44,3.31,79,2,30,2.9,101,277,,,,,,,,,,,,,,,,,,,,,,,,,,
8,43-013-70010-S000,39.8472,-110.7662,WILLOW CREEK #1,USGS CRC,"TC, TOC, HAWK, ICP",AGAT,E181102-201,247.6,,,Green River,Lower Green River,1.82,0.46,,,,,8.3,3.12,4.16,2.18,2.04,0.07,1.3,27.8,0.46,BRL,11,64,500,BRL,0.6,0.9,86.6,14.9,72,10.9,50,6.15,3.53,1.58,20,7.06,2,5,1.13,BRL,43.2,95,0.44,414,6,15.7,38.7,38,28,9.83,130,,3,14,BRL,7.2,3,132,1.7,0.98,BRL,16.7,0.8,0.46,6.99,129,3,31.8,3.4,173,151,,,,,,,,,,,,,,,,,,,,,,,,,,
8,43-013-70010-S000,39.8472,-110.7662,WILLOW CREEK #1,USGS CRC,"TC, TOC, HAWK, ICP",AGAT,E181102-202,248.5,,,Green River,Lower Green River,1.94,0.96,0.02,0.5,0.23,438,9.4,2.35,3.8,2.39,2,0.08,0.8,26.9,0.47,BRL,26,75,492,BRL,0.7,0.4,83,13.5,85,12.3,59,5.72,3.38,1.45,23.9,6.72,3,4,1.06,BRL,42.8,105,0.45,389,9,16.6,38.4,38,24,9.82,154,,2.1,16,BRL,7.3,3,140,1.1,0.92,BRL,18.7,0.9,0.47,11.1,144,3,31,3.3,122,130,,,,,,,,,,,,,,,,,,,,,,,,,,
8,43-013-70010-S000,39.8472,-110.7662,WILLOW CREEK #1,USGS CRC,"TC, TOC, HAWK, ICP",AGAT,E181102-203,249.5,,,Green River,Lower Green River,12.52,0.75,0.02,0.78,0.29,440,0.11,38.2,0.84,0.05,0.44,0.05,BRL,0.24,BRL,BRL,BRL,BRL,197,BRL,BRL,BRL,1,1.2,BRL,0.1,BRL,0.12,0.06,0.06,BRL,0.1,BRL,BRL,BRL,BRL,0.7,BRL,BRL,2010,BRL,0.3,0.4,BRL,BRL,0.11,BRL,,0.3,BRL,BRL,BRL,BRL,683,BRL,BRL,BRL,0.4,BRL,BRL,26.4,BRL,BRL,1.2,BRL,BRL,2.7,,,,,,,,,,,,,,,,,,,,,,,,,,
8,43-013-70010-S000,39.8472,-110.7662,WILLOW CREEK #1,USGS CRC,"TC, TOC, HAWK, ICP",AGAT,E181102-204,250.2,,,Green River,Lower Green River,1.81,,,,,,5.98,5.24,2.38,1.87,0.94,0.17,0.7,30,0.47,BRL,37,50,423,BRL,0.4,1.3,86.7,8.3,48,4.8,37,6.79,3.62,1.78,13.9,8.13,2,6,1.12,BRL,40.5,29,0.47,411,8,16,44.6,23,23,10.3,96.7,,3,10,BRL,8.7,2,218,1,1.16,BRL,12.8,0.6,0.53,5.61,112,3,33.6,3.4,93,210,,,,,,,,,,,,,,,,,,,,,,,,,,
8,43-013-70010-S000,39.8472,-110.7662,WILLOW CREEK #1,USGS CRC,"TC, TOC, HAWK, ICP",AGAT,E181102-205,251.4,,,Green River,Lower Green River,23.92,22.46,1.2,51.27,1.29,433,4.65,1.59,9.58,1.4,0.51,0.07,0.6,15.4,0.35,1,1330,40,409,11,0.5,6.3,63.7,76,71,4.3,174,3.32,2.44,0.76,10.5,3.36,2,3,0.68,BRL,51.8,42,0.43,122,174,7.9,20.1,284,93,5.77,67.3,,31.3,14,37,3.2,2,360,BRL,0.52,1.3,12.3,7.7,0.38,28.8,378,2,18.8,3.1,272,162,,,,,,,,,,,,,,,,,,,,,,,,,,
8,43-013-70010-S000,39.8472,-110.7662,WILLOW CREEK #1,USGS CRC,"TC, TOC, HAWK, ICP",AGAT,E181102-206,252.4,,,Green River,Lower Green River,2.13,,,,,,6.27,5.39,2.53,2.23,1.76,0.12,0.4,28.3,0.28,BRL,37,49,566,BRL,0.4,0.9,49,11.5,48,5.9,47,3.63,2.03,1.01,14.8,4.19,2,5,0.64,BRL,25.3,44,0.3,470,7,10.4,23.4,31,16,5.77,114,,2.5,8,BRL,4.2,1,242,BRL,0.58,0.6,9.7,0.7,0.32,13,96,2,19.9,2.1,99,188,,,,,,,,,,,,,,,,,,,,,,,,,,
8,43-013-70010-S000,39.8472,-110.7662,WILLOW CREEK #1,USGS CRC,"TC, TOC, HAWK, ICP",AGAT,E181102-207,253.6,,,Green River,Lower Green River,2.8,,,,,,4.71,7.61,2.4,1.8,1.7,0.08,0.6,29.6,0.21,BRL,10,23,840,BRL,0.1,0.5,41.2,7,28,2.6,22,2.79,1.68,0.84,9.68,3.32,1,5,0.51,BRL,20.9,23,0.24,935,9,8,18.5,15,15,4.7,79.1,,1.7,6,BRL,3.4,BRL,241,BRL,0.47,BRL,7,BRL,0.22,7.81,57,2,15.7,1.6,49,185,,,,,,,,,,,,,,,,,,,,,,,,,,
8,43-013-70010-S000,39.8472,-110.7662,WILLOW CREEK #1,USGS CRC,"TC, TOC, HAWK, ICP",AGAT,E181102-208,254.3,,,Green River,Lower Green River,3.16,,,,,,4.52,9.1,1.92,1.71,1.25,0.05,0.4,28.2,0.19,BRL,8,20,624,BRL,BRL,0.5,42.8,7.7,24,2.5,23,3.02,1.86,0.87,9.49,3.37,1,4,0.56,BRL,22.3,24,0.25,991,10,7.7,18.7,17,17,4.77,74.7,,2,BRL,BRL,3.5,BRL,226,BRL,0.5,BRL,6.2,BRL,0.27,3.71,42,2,18.7,2,44,147,,,,,,,,,,,,,,,,,,,,,,,,,,
8,43-013-70010-S000,39.8472,-110.7662,WILLOW CREEK #1,USGS CRC,"TC, TOC, HAWK, ICP",AGAT,E181102-209,255.5,,,Green River,Lower Green River,2.42,,,,,,5.08,6.67,2.13,1.64,1.48,0.04,0.5,30.4,0.2,BRL,8,23,2370,BRL,BRL,0.3,43,8.4,29,2.6,19,2.92,1.58,1.11,9.93,3.43,1,4,0.51,BRL,21,27,0.22,885,12,8,19.7,17,13,4.88,74.6,,1.5,5,BRL,3.5,BRL,223,BRL,0.5,BRL,6.2,BRL,0.24,2.82,49,1,17,1.6,50,139,,,,,,,,,,,,,,,,,,,,,,,,,,
8,43-013-70010-S000,39.8472,-110.7662,WILLOW CREEK #1,USGS CRC,"TC, TOC, HAWK, ICP",AGAT,E181102-210,256.7,,,Green River,Lower Green River,2.12,,,,,,5.9,4.39,1.95,1.84,2.06,0.07,BRL,30.4,0.32,BRL,BRL,43,539,BRL,0.2,0.6,58.4,9,46,4.8,40,4.29,2.62,1.3,13.6,5.31,1,6,0.8,BRL,29,41,0.34,600,4,11.8,28.5,25,15,6.78,92.3,,1.1,9,BRL,5.7,2,161,BRL,0.76,BRL,10.4,BRL,0.36,4.16,84,2,24.2,2.5,79,239,,,,,,,,,,,,,,,,,,,,,,,,,,
8,43-013-70010-S000,39.8472,-110.7662,WILLOW CREEK #1,USGS CRC,"TC, TOC, HAWK, ICP",AGAT,E181102-211,257.9,,,Green River,Lower Green River,2,,,,,,6.89,3.6,2.6,1.97,2.47,0.08,BRL,28.4,0.42,9,5,55,472,BRL,0.4,1,80.7,13.2,63,7.9,43,6.27,3.58,1.61,17.5,7.67,2,6,1.14,BRL,38.8,66,0.46,493,BRL,14.6,39.4,34,21,9.47,110,,1,13,BRL,7.9,2,160,0.5,1.05,BRL,13.4,BRL,0.48,3.8,111,3,34.1,3.5,114,229,,,,,,,,,,,,,,,,,,,,,,,,,,
8,43-013-70010-S000,39.8472,-110.7662,WILLOW CREEK #1,USGS CRC,"TC, TOC, HAWK, ICP",AGAT,E181102-212,258.4,,,Green River,Lower Green River,1.11,,,,,,7.63,2.13,2.64,2.22,1.87,0.08,BRL,30.9,0.45,3,6,64,599,BRL,0.4,0.5,77.5,12.4,67,8.4,44,5.28,3.05,1.43,19.1,6.35,2,6,1,BRL,39.2,69,0.42,291,BRL,15.6,34.8,34,21,8.86,125,,1.1,12,BRL,6.4,2,143,0.6,0.87,BRL,14.2,0.5,0.44,3.45,120,3,29,3.1,116,220,,,,,,,,,,,,,,,,,,,,,,,,,,
8,43-013-70010-S000,39.8472,-110.7662,WILLOW CREEK #1,USGS CRC,"TC, TOC, HAWK, ICP",AGAT,E181102-213,259.7,,,Green River,Lower Green River,4.1,,,,,,4.77,9.12,3.02,1.4,2.82,0.08,BRL,23.6,0.27,BRL,BRL,32,1180,BRL,0.3,0.7,55.1,7.3,38,4,33,4.57,2.67,1.14,10.4,4.78,1,5,0.82,BRL,28.4,40,0.36,1330,BRL,9.6,25.4,22,17,6.22,70.8,,0.8,10,BRL,4.5,1,193,0.9,0.68,BRL,8.5,BRL,0.37,3.37,70,2,26.5,2.7,76,182,,,,,,,,,,,,,,,,,,,,,,,,,,
8,43-013-70010-S000,39.8472,-110.7662,WILLOW CREEK #1,USGS CRC,"TC, TOC, HAWK, ICP",AGAT,E181102-214,260.7,,,Green River,Lower Green River,1.95,,,,,,6.24,4.23,2.78,1.79,1.97,0.06,BRL,30.3,0.38,BRL,BRL,43,490,BRL,0.2,0.6,53.3,9.6,51,5.5,33,3.64,2.3,0.88,14,4.15,2,7,0.69,BRL,28.4,56,0.33,379,BRL,13,24.6,32,21,6.17,95.2,,0.8,9,BRL,4.2,1,128,1.1,0.6,BRL,11.1,BRL,0.34,3.29,88,2,21.4,2.5,100,246,,,,,,,,,,,,,,,,,,,,,,,,,,
8,43-013-70010-S000,39.8472,-110.7662,WILLOW CREEK #1,USGS CRC,"TC, TOC, HAWK, ICP",AGAT,E181102-215,261.7,,,Green River,Lower Green River,2,,,,,,7.15,4.37,3.39,1.94,2.13,0.07,BRL,28.2,0.43,3,7,56,456,BRL,0.5,0.7,73.3,13.5,64,8.4,61,5.09,3.06,1.24,17.4,5.97,2,5,0.92,BRL,37.2,77,0.41,392,BRL,14.5,32.4,37,37,8.15,112,,1.5,12,BRL,5.7,3,130,1.1,0.83,BRL,13.3,BRL,0.43,5.06,118,2,29.4,3,124,188,,,,,,,,,,,,,,,,,,,,,,,,,,
8,43-013-70010-S000,39.8472,-110.7662,WILLOW CREEK #1,USGS CRC,"TC, TOC, HAWK, ICP",AGAT,E181102-216,262.8,,,Green River,Lower Green River,0.32,0.29,,,,,10.2,0.25,5.02,2.67,1.45,0.05,BRL,28.2,0.47,BRL,5,79,527,BRL,0.9,BRL,95.5,21.9,98,15,92,5.55,3.27,1.59,26.6,7.35,3,4,1.02,BRL,47.9,145,0.45,163,BRL,15.9,44,66,23,11.1,163,,2.2,17,BRL,7.8,3,107,2.2,0.95,BRL,19.8,1,0.46,3.76,199,3,29.1,3.2,178,125,,,,,,,,,,,,,,,,,,,,,,,,,,
8,43-013-70010-S000,39.8472,-110.7662,WILLOW CREEK #1,USGS CRC,"TC, TOC, HAWK, ICP",AGAT,E181102-217,263.7,,,Green River,Lower Green River,2.31,,,,,,7.29,4.96,2.67,1.98,2.28,0.08,BRL,26.1,0.49,BRL,5,66,449,BRL,0.7,1.1,74,15.4,75,9.6,51,5.78,3.49,1.36,18.7,6.92,2,5,1.06,BRL,36.8,77,0.49,415,BRL,16.8,34.3,45,28,8.34,117,,1.8,13,BRL,6.3,2,136,1.8,0.91,BRL,16.8,0.7,0.52,12.8,162,3,32.3,3.6,137,174,,,,,,,,,,,,,,,,,,,,,,,,,,
8,43-013-70010-S000,39.8472,-110.7662,WILLOW CREEK #1,USGS CRC,"TC, TOC, HAWK, ICP",AGAT,E181102-218,264.6,,,Green River,Lower Green River,10.51,,,,,,0.98,32.9,1.3,0.28,0.56,0.2,BRL,3.79,0.08,BRL,BRL,BRL,126,BRL,BRL,1.5,21.5,5.7,11,0.6,25,2.34,1.54,0.49,2.24,2.4,BRL,BRL,0.48,BRL,12.9,BRL,0.21,4120,BRL,1.9,9.2,6,18,2.25,12,,0.9,BRL,BRL,1.7,BRL,371,BRL,0.33,BRL,1.6,BRL,0.21,115,30,BRL,18.3,1.4,47,32.7,,,,,,,,,,,,,,,,,,,,,,,,,,
8,43-013-70010-S000,39.8472,-110.7662,WILLOW CREEK #1,USGS CRC,"TC, TOC, HAWK, ICP",AGAT,E181102-219,265.5,,,Green River,Lower Green River,2.37,,,,,,6.34,6.97,4.84,2.09,1.22,0.12,BRL,25,0.45,BRL,14,40,353,BRL,0.4,0.8,60.2,11.2,58,7.3,52,4.48,2.74,1.19,15.7,5.47,2,4,0.83,BRL,30,31,0.36,897,2,11.6,27.2,32,27,6.75,118,,3.1,14,BRL,5.1,2,175,1.1,0.75,1.3,11.5,BRL,0.37,3.22,121,3,24,2.5,86,150,,,,,,,,,,,,,,,,,,,,,,,,,,
8,43-013-70010-S000,39.8472,-110.7662,WILLOW CREEK #1,USGS CRC,"TC, TOC, HAWK, ICP",AGAT,E181102-220,267.1,,,Green River,Lower Green River,2.76,,,,,,5.7,8.53,1.89,1.99,0.95,0.13,BRL,27.9,0.31,BRL,10,41,473,BRL,0.3,1.7,70.2,9.2,43,5.3,24,5.29,3.04,1.27,13,6.25,1,6,0.97,BRL,35.3,33,0.38,909,BRL,11.3,31.3,27,22,7.95,102,,1.2,8,BRL,5.6,2,184,1,0.81,BRL,11.6,BRL,0.42,6.89,76,2,30.9,2.8,83,255,,,,,,,,,,,,,,,,,,,,,,,,,,
8,43-013-70010-S000,39.8472,-110.7662,WILLOW CREEK #1,USGS CRC,"TC, TOC, HAWK, ICP",AGAT,E181102-221,268.3,,,Green River,Lower Green River,1.02,,,,,,6.27,3.42,3.19,2.54,0.77,0.08,BRL,32.4,0.38,BRL,8,43,475,BRL,0.4,1,86.9,8.8,45,5.8,36,5.19,3.25,1.08,14.4,6.12,2,17,0.94,BRL,45,26,0.55,470,2,13.6,37.9,28,19,9.62,132,,1.6,9,BRL,6.6,2,153,1.2,0.87,0.7,17.6,0.5,0.46,3.96,87,2,28.1,3.4,91,650,,,,,,,,,,,,,,,,,,,,,,,,,,
8,43-013-70010-S000,39.8472,-110.7662,WILLOW CREEK #1,USGS CRC,"TC, TOC, HAWK, ICP",AGAT,E181102-222,269.1,,,Green River,Lower Green River,0.85,,,,,,6.27,2.44,3.53,2.38,1.08,0.14,BRL,31.7,0.4,BRL,8,40,470,BRL,0.3,1.1,98.6,10.4,50,5.9,64,7.45,3.86,1.79,15.7,9.32,2,18,1.35,BRL,46.8,31,0.56,329,3,14.9,48,30,21,11.7,126,,1.8,10,BRL,9,2,147,1.3,1.23,BRL,16.8,BRL,0.53,4.47,102,2,38.6,3.5,98,680,,,,,,,,,,,,,,,,,,,,,,,,,,
8,43-013-70010-S000,39.8472,-110.7662,WILLOW CREEK #1,USGS CRC,"TC, TOC, HAWK, ICP",AGAT,E181102-223,270.1,,,Green River,Lower Green River,3.48,,,,,,4.63,8.61,1.9,1.68,2.09,0.07,BRL,26.5,0.32,BRL,8,31,419,BRL,0.2,0.9,75.4,7.4,35,3.4,22,4.78,2.94,0.95,11.1,5.9,1,15,0.88,BRL,38.4,22,0.43,965,BRL,12,33.1,17,17,8.29,82.9,,0.8,7,BRL,6,2,176,1,0.77,BRL,14.9,BRL,0.39,6.05,58,2,27.6,3,53,612,,,,,,,,,,,,,,,,,,,,,,,,,,
8,43-013-70010-S000,39.8472,-110.7662,WILLOW CREEK #1,USGS CRC,"TC, TOC, HAWK, ICP",AGAT,E181102-224,271.3,,,Green River,Lower Green River,3.73,,,,,,4.32,11.4,1.37,1.52,1.38,0.06,BRL,26.2,0.29,BRL,BRL,26,400,BRL,0.1,0.5,55.9,5.5,31,2.9,14,3.89,2.48,0.84,9.45,4.49,1,12,0.69,BRL,28.6,20,0.37,824,BRL,10.4,25,16,14,6.26,71.5,,0.6,6,BRL,4.6,1,156,0.7,0.61,BRL,10.6,BRL,0.36,3.98,48,1,23.3,2.5,42,459,,,,,,,,,,,,,,,,,,,,,,,,,,
8,43-013-70010-S000,39.8472,-110.7662,WILLOW CREEK #1,USGS CRC,"TC, TOC, HAWK, ICP",AGAT,E181102-225,272.5,,,Green River,Lower Green River,2.61,,,,,,4.83,6.14,1.94,1.52,1.83,0.06,BRL,30.6,0.37,BRL,5,27,885,BRL,0.1,0.4,81.4,6.3,42,2.8,15,5.49,3.53,1.09,10.7,6.52,1,23,1.02,BRL,40.7,22,0.54,935,BRL,13.8,37.3,14,17,8.94,72.4,,0.6,7,BRL,6.4,2,153,1.1,0.89,BRL,17.1,BRL,0.53,5.02,68,2,31.9,3.9,52,879,,,,,,,,,,,,,,,,,,,,,,,,,,
8,43-013-70010-S000,39.8472,-110.7662,WILLOW CREEK #1,USGS CRC,"TC, TOC, HAWK, ICP",AGAT,E181102-226,273.2,,,Green River,Lower Green River,2.88,,,,,,4.45,7.7,1.56,1.45,1.56,0.05,BRL,31.2,0.29,BRL,BRL,22,2510,BRL,0.5,0.4,60.2,4.9,30,2,21,5.36,3.54,1.19,8.62,5.77,1,16,1.01,BRL,30.8,18,0.49,997,BRL,10.2,27.5,17,49,6.91,65.1,,0.6,BRL,BRL,5.4,2,204,0.9,0.83,BRL,12.3,BRL,0.5,4.21,46,1,32.8,3.6,36,603,,,,,,,,,,,,,,,,,,,,,,,,,,
8,43-013-70010-S000,39.8472,-110.7662,WILLOW CREEK #1,USGS CRC,"TC, TOC, HAWK, ICP",AGAT,E181102-227,274.4,,,Green River,Lower Green River,1.48,,,,,,7.73,2.94,2.23,2.22,2.04,0.07,BRL,30.9,0.41,BRL,5,56,478,BRL,0.4,0.3,80.6,13,59,7.7,14,5.11,3.09,1.28,20.6,6.54,2,6,1,BRL,42.1,64,0.4,569,3,14.7,36.9,30,25,9.21,127,,1,12,BRL,6.4,2,149,1.2,0.9,BRL,16.2,0.5,0.45,4.71,111,2,28.8,3,103,239,,,,,,,,,,,,,,,,,,,,,,,,,,
8,43-013-70010-S000,39.8472,-110.7662,WILLOW CREEK #1,USGS CRC,"TC, TOC, HAWK, ICP",AGAT,E181102-228,275.2,,,Green River,Lower Green River,1.64,,,,,,7.04,3.1,2.15,2.15,2.17,0.07,BRL,30.5,0.39,BRL,5,50,450,BRL,0.4,0.2,68.5,11.5,53,7.1,20,5.06,2.96,1.2,17.3,6.03,2,5,0.96,BRL,35.5,46,0.37,616,BRL,14,32,29,20,7.82,117,,0.9,11,BRL,5.7,2,147,1.4,0.87,BRL,13.2,0.8,0.41,4.23,100,2,28.8,3,94,204,,,,,,,,,,,,,,,,,,,,,,,,,,
8,43-013-70010-S000,39.8472,-110.7662,WILLOW CREEK #1,USGS CRC,"TC, TOC, HAWK, ICP",AGAT,E181102-229,276.4,,,Green River,Lower Green River,,,,,,,8.01,0.31,2.18,2.58,0.9,0.06,BRL,34.1,0.38,BRL,11,57,569,BRL,0.4,BRL,75.6,13.4,58,8.2,16,4.16,2.36,1.22,19.8,5.12,2,7,0.73,BRL,39.4,54,0.35,125,BRL,13.8,31.3,30,19,8.25,140,,1.2,11,BRL,5.5,2,140,1,0.74,BRL,15.6,0.8,0.33,4.55,119,2,22,2.5,100,240,,,,,,,,,,,,,,,,,,,,,,,,,,
8,43-013-70010-S000,39.8472,-110.7662,WILLOW CREEK #1,USGS CRC,"TC, TOC, HAWK, ICP",AGAT,E181102-230,277.7,,,Green River,Lower Green River,0.73,,,,,,9.46,1.53,5.52,2.65,1.93,0.09,BRL,28.6,0.48,BRL,8,72,430,BRL,0.4,BRL,87,16.4,80,12.5,42,6.65,3.73,1.57,24.4,7.64,3,4,1.21,BRL,45.2,71,0.48,500,2,16.8,39.7,44,20,9.7,167,,2.8,16,BRL,7.5,3,145,1.2,1.09,BRL,19.1,1,0.54,3.84,141,3,38.5,3.5,147,146,,,,,,,,,,,,,,,,,,,,,,,,,,
8,43-013-70010-S000,39.8472,-110.7662,WILLOW CREEK #1,USGS CRC,"TC, TOC, HAWK, ICP",AGAT,E181102-231,279.8,,,Green River,Lower Green River,2.82,,,,,,7.05,6.42,3.69,2.04,2.7,0.06,BRL,24.6,0.37,BRL,8,56,371,BRL,0.5,2.9,80.7,12.8,63,10.2,69,6.08,3.67,1.4,17.6,6.9,2,4,1.16,BRL,40.9,57,0.47,957,2,13.5,34.8,36,27,8.74,122,,2.4,12,BRL,6.6,2,166,0.8,0.95,BRL,14.2,0.8,0.49,4.72,105,2,35.7,3.4,120,132,,,,,,,,,,,,,,,,,,,,,,,,,,
8,43-013-70010-S000,39.8472,-110.7662,WILLOW CREEK #1,USGS CRC,"TC, TOC, HAWK, ICP",AGAT,E181102-232,280.8,,,Green River,Lower Green River,1.54,,,,,,7.4,3.46,3.44,2.27,2.01,0.07,BRL,30.1,0.44,BRL,7,57,483,BRL,0.5,0.4,74.6,14.8,63,9,44,5.01,3.02,1.22,18.2,6.21,2,5,0.95,BRL,38.2,57,0.41,381,BRL,15.8,34.2,36,19,8.46,132,,2.2,12,BRL,6.3,3,138,2,0.84,BRL,14.9,0.9,0.4,4.2,110,3,27.8,2.8,127,183,,,,,,,,,,,,,,,,,,,,,,,,,,
8,43-013-70010-S000,39.8472,-110.7662,WILLOW CREEK #1,USGS CRC,"TC, TOC, HAWK, ICP",AGAT,E181102-233,281.8,,,Green River,Lower Green River,0.73,,,,,,9.22,1.55,5.76,2.62,1.86,0.1,BRL,27.8,0.47,BRL,14,72,488,BRL,0.9,0.4,97.5,17.8,79,11.9,89,6.72,3.81,1.71,24.4,8.12,3,4,1.16,BRL,48.4,77,0.49,476,3,17.1,45.3,44,26,11.1,166,,3.4,15,BRL,8.2,3,143,1.7,1.06,BRL,20.3,1.1,0.52,4.27,160,3,36.3,3.2,158,137,,,,,,,,,,,,,,,,,,,,,,,,,,
8,43-013-70010-S000,39.8472,-110.7662,WILLOW CREEK #1,USGS CRC,"TC, TOC, HAWK, ICP",AGAT,E181102-234,283.3,,,Green River,Lower Green River,1.44,,,,,,8.82,3.41,5.72,2.49,2.15,0.09,BRL,26.2,0.44,BRL,10,63,413,BRL,0.6,0.8,92.5,16.4,72,11.6,46,6.93,4.01,1.8,22.1,8.64,2,4,1.24,BRL,47.8,71,0.5,704,3,15.2,42.6,40,23,10.6,151,,2.9,15,BRL,8.2,3,155,1.4,1.14,BRL,17.7,1,0.54,3.91,138,3,39,3.6,148,128,,,,,,,,,,,,,,,,,,,,,,,,,,
8,43-013-70010-S000,39.8472,-110.7662,WILLOW CREEK #1,USGS CRC,"TC, TOC, HAWK, ICP",AGAT,E181102-235,284.6,,,Green River,Lower Green River,1.83,,,,,,7.81,4.82,2.65,2.18,1.97,0.07,0.6,28.7,0.45,BRL,104,63,471,BRL,0.4,0.6,82.4,21.9,65,9.9,33,6.38,3.72,1.51,20,7.5,2,5,1.18,BRL,41.6,65,0.49,647,4,16.2,37.9,40,25,9.17,131,,2.8,14,BRL,6.9,3,144,1.3,0.99,BRL,15.2,0.6,0.51,59.3,138,2,36.2,3.3,130,173,,,,,,,,,,,,,,,,,,,,,,,,,,
8,43-013-70010-S000,39.8472,-110.7662,WILLOW CREEK #1,USGS CRC,"TC, TOC, HAWK, ICP",AGAT,E181102-236,285.3,,,Green River,Lower Green River,1.47,,,,,,8.14,3.44,5.46,2.33,1.97,0.09,BRL,25.8,0.42,BRL,9,59,421,BRL,0.5,0.6,97.2,17.7,70,10.9,41,6.9,4.07,1.74,21.3,8.64,2,4,1.31,BRL,49.7,64,0.5,699,3,15,44.2,39,21,11,143,,2.5,14,BRL,8.3,3,145,1.1,1.18,BRL,16.7,0.9,0.54,3.65,147,3,40.2,3.6,142,136,,,,,,,,,,,,,,,,,,,,,,,,,,
8,43-013-70010-S000,39.8472,-110.7662,WILLOW CREEK #1,USGS CRC,"TC, TOC, HAWK, ICP",AGAT,E181102-237,286.8,,,Green River,Lower Green River,1.25,,,,,,8.49,2.97,5.53,2.44,1.97,0.09,BRL,28.1,0.45,BRL,10,61,443,BRL,0.5,0.5,90.5,16.3,73,11.5,41,7.09,3.95,1.66,21.2,8.36,2,4,1.27,BRL,45.9,70,0.53,657,3,15.4,41.7,42,21,10.1,150,,2.9,15,BRL,8.1,3,143,1.1,1.21,BRL,16.6,0.9,0.59,3.45,137,3,41.2,3.9,148,143,,,,,,,,,,,,,,,,,,,,,,,,,,
8,43-013-70010-S000,39.8472,-110.7662,WILLOW CREEK #1,USGS CRC,"TC, TOC, HAWK, ICP",AGAT,E181102-238,287.2,,,Green River,Lower Green River,,,,,,,10,0.17,5.82,2.62,1.18,0.07,BRL,29.3,0.45,BRL,20,77,488,BRL,0.7,BRL,130,15.4,86,13.8,80,4.77,3.2,1.32,25.9,5.82,3,4,0.96,BRL,67.7,83,0.44,118,6,15.9,55.2,52,35,14.1,169,,7.1,17,BRL,8.1,3,369,1.1,0.83,BRL,21.3,1,0.46,3.41,261,5,28.2,3.2,166,139,,,,,,,,,,,,,,,,,,,,,,,,,,
8,43-013-70010-S000,39.8472,-110.7662,WILLOW CREEK #1,USGS CRC,"TC, TOC, HAWK, ICP",AGAT,E181102-239,288.5,,,Green River,Lower Green River,,,,,,,9.23,0.23,5.5,2.95,1.27,0.07,BRL,30.8,0.47,BRL,11,71,457,BRL,0.6,BRL,85.2,15.6,78,12.7,64,5.78,3.03,1.53,22.9,6.24,2,4,0.98,BRL,43.9,59,0.4,138,2,16.6,37.9,48,24,9.62,194,,3,16,BRL,6.5,3,123,1.3,0.9,BRL,19.6,1.1,0.45,9.87,176,4,28.1,3.2,184,154,,,,,,,,,,,,,,,,,,,,,,,,,,
8,43-013-70010-S000,39.8472,-110.7662,WILLOW CREEK #1,USGS CRC,"TC, TOC, HAWK, ICP",AGAT,E181102-240,289.9,,,Green River,Lower Green River,2.01,,,,,,8.13,5.19,4.76,2.2,1.87,0.07,BRL,24.9,0.39,BRL,14,63,356,BRL,0.5,1,82.7,14.3,71,10.7,56,6.25,3.46,1.5,20.8,7.63,2,3,1.15,BRL,42,60,0.46,662,6,14.1,38.7,42,23,9.53,132,,3.2,14,BRL,7.4,3,147,1,0.98,BRL,16.4,0.9,0.48,4.15,123,3,35.8,3.2,122,119,,,,,,,,,,,,,,,,,,,,,,,,,,
8,43013313880000,40.3281,-110.2018,IORG 2-10B3,UT CRC,"TC, TOC, HAWK, XRD",,E220207-001,,11170,11180,Green River,Uteland Butte,4.7,3.57,2.48,6.05,0.48,455,,,,,,,,,,,,,,,,,,,,,,,,,,,,,,,,,,,,,,,,,,,,,,,,,,,,,,,,,,,,,,47.1,3.8,,0,,1.3,0.4,4.5,,1,12,,1.7,25.6,,0.6,0.9,,,,,,,,1.2,
8,43013313880000,40.3281,-110.2018,IORG 2-10B3,UT CRC,"TC, TOC, HAWK, XRD",,E220207-002,,11180,11190,Green River,Uteland Butte,3.33,2.15,1.63,4.04,0.34,453,,,,,,,,,,,,,,,,,,,,,,,,,,,,,,,,,,,,,,,,,,,,,,,,,,,,,,,,,,,,,,52.3,5.6,,0.2,,3.9,0.3,3.8,,1.2,8.8,,1.1,20.4,,0.6,0.4,,,,,,,,1.3,
8,43013313880000,40.3281,-110.2018,IORG 2-10B3,UT CRC,"TC, TOC, HAWK, XRD",,E220207-003,,11190,11200,Green River,Uteland Butte,3.71,2.82,2.28,5.29,0.43,455,,,,,,,,,,,,,,,,,,,,,,,,,,,,,,,,,,,,,,,,,,,,,,,,,,,,,,,,,,,,,,44,3.7,,0,,1.6,0.4,5.2,,1.2,12.7,,1.5,26.9,,0.6,1.1,,,,,,,,1.1,
8,43013313880000,40.3281,-110.2018,IORG 2-10B3,UT CRC,"TC, TOC, HAWK, XRD",,E220207-004,,11200,11210,Green River,Uteland Butte,3.65,0.95,0.94,1.94,0.41,447,,,,,,,,,,,,,,,,,,,,,,,,,,,,,,,,,,,,,,,,,,,,,,,,,,,,,,,,,,,,,,41.8,6.7,,0,,0,0.3,7.7,,0.7,26.5,,0.6,13.3,,0.4,0.4,,,,,,,,1.5,
8,43013313880000,40.3281,-110.2018,IORG 2-10B3,UT CRC,"TC, TOC, HAWK, XRD",,E220207-005,,11210,11220,Green River,Uteland Butte,4.41,1.35,1.27,2.89,0.67,448,,,,,,,,,,,,,,,,,,,,,,,,,,,,,,,,,,,,,,,,,,,,,,,,,,,,,,,,,,,,,,34,5.7,,0,,0,0.4,9.4,,0,32.7,,0.8,15.1,,0.4,0.6,,,,,,,,0.9,
8,43013313880000,40.3281,-110.2018,IORG 2-10B3,UT CRC,"TC, TOC, HAWK, XRD",,E220207-006,,11220,11230,Green River,Uteland Butte,3.72,0.99,1.01,2.26,0.49,448,,,,,,,,,,,,,,,,,,,,,,,,,,,,,,,,,,,,,,,,,,,,,,,,,,,,,,,,,,,,,,40.2,9,,0.2,,3.2,0.1,7.2,,0.7,23.8,,0.5,13,,0.5,0.3,,,,,,,,1.3,
8,43013313880000,40.3281,-110.2018,IORG 2-10B3,UT CRC,"TC, TOC, HAWK, XRD",,E220207-007,,11230,11240,Green River,Uteland Butte,5.12,1.49,1.43,3.3,0.6,448,,,,,,,,,,,,,,,,,,,,,,,,,,,,,,,,,,,,,,,,,,,,,,,,,,,,,,,,,,,,,,28.6,6.4,,1.1,,0.8,0.3,10.1,,0,32.4,,1,17.8,,0.3,0.7,,,,,,,,0.4,
8,43013313880000,40.3281,-110.2018,IORG 2-10B3,UT CRC,"TC, TOC, HAWK, XRD",,E220207-008,,11240,11250,Green River,Uteland Butte,3.77,1.55,1.41,3.09,0.41,449,,,,,,,,,,,,,,,,,,,,,,,,,,,,,,,,,,,,,,,,,,,,,,,,,,,,,,,,,,,,,,45.7,4.3,,0,,1.4,0.4,7.2,,0.7,17.5,,0.8,19.2,,0.2,1.6,,,,,,,,1,
8,43013313880000,40.3281,-110.2018,IORG 2-10B3,UT CRC,"TC, TOC, HAWK, XRD",,E220207-009,,11250,11260,Green River,Uteland Butte,4.02,1.73,1.45,3.31,0.45,450,,,,,,,,,,,,,,,,,,,,,,,,,,,,,,,,,,,,,,,,,,,,,,,,,,,,,,,,,,,,,,41.1,1.3,,0,,7,0.5,8,,0.7,19.2,,0.8,19.3,,0.5,0.5,,,,,,,,1.2,
8,43013313880000,40.3281,-110.2018,IORG 2-10B3,UT CRC,"TC, TOC, HAWK, XRD",,E220207-010,,11260,11270,Green River,Uteland Butte,3.33,1.63,1.42,3.23,0.53,450,,,,,,,,,,,,,,,,,,,,,,,,,,,,,,,,,,,,,,,,,,,,,,,,,,,,,,,,,,,,,,43.1,3,,0.2,,7.5,0.5,6.7,,0.8,16.1,,0.8,18.3,,0.5,0.9,,,,,,,,1.7,
8,43013313880000,40.3281,-110.2018,IORG 2-10B3,UT CRC,"TC, TOC, HAWK, XRD",,E220207-011,,11270,11280,Green River,Uteland Butte,4.88,1.37,1.31,3.3,0.29,446,,,,,,,,,,,,,,,,,,,,,,,,,,,,,,,,,,,,,,,,,,,,,,,,,,,,,,,,,,,,,,20.3,2,,0,,1.3,0.5,7,,0,40,,0.8,26.1,,0.3,1.3,,,,,,,,0.3,
8,43013313880000,40.3281,-110.2018,IORG 2-10B3,UT CRC,"TC, TOC, HAWK, XRD",,E220207-012,,11280,11290,Green River,Uteland Butte,5.18,1.59,1.55,4.13,0.53,445,,,,,,,,,,,,,,,,,,,,,,,,,,,,,,,,,,,,,,,,,,,,,,,,,,,,,,,,,,,,,,18.7,0,,0,,0.5,0.4,10.6,,0,37.5,,1.1,28.3,,0.5,1.5,,,,,,,,0.9,
8,43013313880000,40.3281,-110.2018,IORG 2-10B3,UT CRC,"TC, TOC, HAWK, XRD",,E220207-013,,11290,11300,Green River,Uteland Butte,5.17,1.79,1.77,4.6,0.34,445,,,,,,,,,,,,,,,,,,,,,,,,,,,,,,,,,,,,,,,,,,,,,,,,,,,,,,,,,,,,,,16.3,0,,0,,0,0.6,11.1,,0.3,37.4,,1,30.8,,0.1,2.1,,,,,,,,0.3,
8,43013313880000,40.3281,-110.2018,IORG 2-10B3,UT CRC,"TC, TOC, HAWK, XRD",,E220207-014,,11300,11310,Green River,Uteland Butte,5.42,1.47,1.45,3.9,0.38,446,,,,,,,,,,,,,,,,,,,,,,,,,,,,,,,,,,,,,,,,,,,,,,,,,,,,,,,,,,,,,,20.4,1.7,,0,,0,0.3,10.7,,1,39.2,,0.9,24,,0.3,1.3,,,,,,,,0.3,
8,43013313880000,40.3281,-110.2018,IORG 2-10B3,UT CRC,"TC, TOC, HAWK, XRD",,E220207-015,,11310,11320,Green River,Uteland Butte,5.6,1.52,1.43,3.76,0.44,446,,,,,,,,,,,,,,,,,,,,,,,,,,,,,,,,,,,,,,,,,,,,,,,,,,,,,,,,,,,,,,20,2.4,,0.1,,4.2,0.6,11,,0,36.2,,1,22.1,,0.5,0.9,,,,,,,,1,
8,43013313880000,40.3281,-110.2018,IORG 2-10B3,UT CRC,"TC, TOC, HAWK, XRD",,E220207-016,,11320,11330,Green River,Uteland Butte,4.42,1.11,1.01,2.42,0.59,447,,,,,,,,,,,,,,,,,,,,,,,,,,,,,,,,,,,,,,,,,,,,,,,,,,,,,,,,,,,,,,31.1,1.2,,0.2,,2.5,0.5,11.2,,0.5,29.9,,0.8,19.7,,0.5,1.1,,,,,,,,0.9,
8,43013313880000,40.3281,-110.2018,IORG 2-10B3,UT CRC,"TC, TOC, HAWK, XRD",,E220207-017,,11330,11340,Green River,Uteland Butte,4.89,1.2,1.14,2.78,0.53,447,,,,,,,,,,,,,,,,,,,,,,,,,,,,,,,,,,,,,,,,,,,,,,,,,,,,,,,,,,,,,,26.3,2.6,,0.7,,3.2,0.3,12,,0.2,31.2,,0.9,20.5,,0.3,1.4,,,,,,,,0.5,
8,43013313880000,40.3281,-110.2018,IORG 2-10B3,UT CRC,"TC, TOC, HAWK, XRD",,E220207-018,,11340,11350,Green River,Uteland Butte,5.3,1.39,1.31,3.08,0.56,447,,,,,,,,,,,,,,,,,,,,,,,,,,,,,,,,,,,,,,,,,,,,,,,,,,,,,,,,,,,,,,24.8,3.2,,0.4,,3.6,0.5,12.4,,0.8,29.6,,0.9,21.4,,0.5,1.6,,,,,,,,0.3,
8,43013313880000,40.3281,-110.2018,IORG 2-10B3,UT CRC,"TC, TOC, HAWK, XRD",,E220207-019,,11350,11360,Green River,Uteland Butte,5.68,1.54,1.46,3.39,0.58,448,,,,,,,,,,,,,,,,,,,,,,,,,,,,,,,,,,,,,,,,,,,,,,,,,,,,,,,,,,,,,,20.6,1.6,,0,,0.5,0.3,14.6,,0.7,34.4,,1.2,23.8,,0.3,2.2,,,,,,,,0.1,
8,43013313880000,40.3281,-110.2018,IORG 2-10B3,UT CRC,"TC, TOC, HAWK, XRD",,E220207-020,,11360,11370,Green River,Uteland Butte,5,1.62,1.54,3.91,0.48,446,,,,,,,,,,,,,,,,,,,,,,,,,,,,,,,,,,,,,,,,,,,,,,,,,,,,,,,,,,,,,,21.3,4.4,,0,,0,0.5,10.1,,1.1,33.7,,1,25.2,,0.4,1.7,,,,,,,,0.5,
8,43013300860000,40.3931,-110.0982,L. BOREN 3-15A2,UT CRC,"TC, TOC, HAWK, XRD",,E220207-021,,11400,11410,Green River,Uteland Butte,3.83,0.85,0.82,3.1,0.46,445,,,,,,,,,,,,,,,,,,,,,,,,,,,,,,,,,,,,,,,,,,,,,,,,,,,,,,,,,,,,,,21.1,3.3,,0.4,,1.7,0.8,6.9,,2,41.8,,0.4,19.6,,0.6,1.4,,,,,,,,0,
8,43013300860000,40.3931,-110.0982,L. BOREN 3-15A2,UT CRC,"TC, TOC, HAWK, XRD",,E220207-022,,11410,11420,Green River,Uteland Butte,3.79,0.7,0.69,2.35,0.41,444,,,,,,,,,,,,,,,,,,,,,,,,,,,,,,,,,,,,,,,,,,,,,,,,,,,,,,,,,,,,,,41.8,3.8,,0.2,,3.2,0.4,5,,1.4,26.9,,0.4,15.5,,0.7,0.7,,,,,,,,0.1,
8,43013300860000,40.3931,-110.0982,L. BOREN 3-15A2,UT CRC,"TC, TOC, HAWK, XRD",,E220207-023,,11420,11430,Green River,Uteland Butte,3.89,0.9,0.76,3.27,0.44,445,,,,,,,,,,,,,,,,,,,,,,,,,,,,,,,,,,,,,,,,,,,,,,,,,,,,,,,,,,,,,,30.5,1.7,,0.2,,1.3,0.4,6.9,,1.2,34.6,,0.5,20.7,,0.7,1.2,,,,,,,,0.1,
8,43013300860000,40.3931,-110.0982,L. BOREN 3-15A2,UT CRC,"TC, TOC, HAWK, XRD",,E220207-024,,11430,11440,Green River,Uteland Butte,3.56,0.78,0.8,2.86,0.48,444,,,,,,,,,,,,,,,,,,,,,,,,,,,,,,,,,,,,,,,,,,,,,,,,,,,,,,,,,,,,,,35.6,2.7,,0.4,,2.3,0.4,5.3,,1.6,29.2,,0.4,19.7,,0.7,1.4,,,,,,,,0.2,
8,43013300860000,40.3931,-110.0982,L. BOREN 3-15A2,UT CRC,"TC, TOC, HAWK, XRD",,E220207-025,,11440,11450,Green River,Uteland Butte,4.24,1,0.74,3.85,0.54,445,,,,,,,,,,,,,,,,,,,,,,,,,,,,,,,,,,,,,,,,,,,,,,,,,,,,,,,,,,,,,,26.8,0.7,,0,,1,0.5,6.5,,0.8,38.6,,0.5,22.7,,0.8,1.2,,,,,,,,0,
8,43013300860000,40.3931,-110.0982,L. BOREN 3-15A2,UT CRC,"TC, TOC, HAWK, XRD",,E220207-026,,11450,11460,Green River,Uteland Butte,4.2,0.97,0.79,3.74,0.53,445,,,,,,,,,,,,,,,,,,,,,,,,,,,,,,,,,,,,,,,,,,,,,,,,,,,,,,,,,,,,,,28.1,4,,0.4,,1.6,0.5,9.2,,0,35.2,,0.4,19.2,,0.4,1.2,,,,,,,,0,
8,43013300860000,40.3931,-110.0982,L. BOREN 3-15A2,UT CRC,"TC, TOC, HAWK, XRD",,E220207-027,,11460,11470,Green River,Uteland Butte,3.59,0.67,0.73,2.36,0.41,444,,,,,,,,,,,,,,,,,,,,,,,,,,,,,,,,,,,,,,,,,,,,,,,,,,,,,,,,,,,,,,32.4,2.6,,0,,1.9,0.5,5.9,,2.5,30.5,,0.4,20.6,,1,1.3,,,,,,,,0.4,
8,43013300860000,40.3931,-110.0982,L. BOREN 3-15A2,UT CRC,"TC, TOC, HAWK, XRD",,E220207-028,,11470,11480,Green River,Uteland Butte,3.89,0.77,0.82,2.87,0.42,444,,,,,,,,,,,,,,,,,,,,,,,,,,,,,,,,,,,,,,,,,,,,,,,,,,,,,,,,,,,,,,27.6,6.2,,0.8,,7.3,0.5,6,,1,27.8,,0.5,20.4,,0.6,1.3,,,,,,,,0,
8,43013300860000,40.3931,-110.0982,L. BOREN 3-15A2,UT CRC,"TC, TOC, HAWK, XRD",,E220207-029,,11480,11490,Green River,Uteland Butte,4.06,0.88,0.83,3.1,0.44,445,,,,,,,,,,,,,,,,,,,,,,,,,,,,,,,,,,,,,,,,,,,,,,,,,,,,,,,,,,,,,,29.4,2.1,,0,,0.8,0.5,6.1,,2.2,34.2,,0.5,22.3,,0.6,1.3,,,,,,,,0,
8,43013300860000,40.3931,-110.0982,L. BOREN 3-15A2,UT CRC,"TC, TOC, HAWK, XRD",,E220207-030,,11490,11500,Green River,Uteland Butte,3.91,0.83,0.96,3.25,0.32,443,,,,,,,,,,,,,,,,,,,,,,,,,,,,,,,,,,,,,,,,,,,,,,,,,,,,,,,,,,,,,,32.4,2.3,,0,,1.9,0.5,6.4,,3.1,30.2,,0.4,20.2,,0.7,1.1,,,,,,,,0.6,
8,43013300860000,40.3931,-110.0982,L. BOREN 3-15A2,UT CRC,"TC, TOC, HAWK, XRD",,E220207-031,,11500,11510,Green River,Uteland Butte,3.82,0.82,1.01,3.09,0.71,443,,,,,,,,,,,,,,,,,,,,,,,,,,,,,,,,,,,,,,,,,,,,,,,,,,,,,,,,,,,,,,31.4,1.9,,0,,1.5,0.7,6.8,,2.9,28.4,,0.5,22.7,,1,1.2,,,,,,,,1.1,
8,43013300860000,40.3931,-110.0982,L. BOREN 3-15A2,UT CRC,"TC, TOC, HAWK, XRD",,E220207-032,,11510,11520,Green River,Uteland Butte,3.71,0.93,1.03,3.52,0.56,444,,,,,,,,,,,,,,,,,,,,,,,,,,,,,,,,,,,,,,,,,,,,,,,,,,,,,,,,,,,,,,31.8,1.1,,0,,1.8,0.5,5.7,,2.2,30.3,,0.6,23,,0.9,1.3,,,,,,,,0.9,
8,43013300860000,40.3931,-110.0982,L. BOREN 3-15A2,UT CRC,"TC, TOC, HAWK, XRD",,E220207-033,,11520,11530,Green River,Uteland Butte,3.32,0.97,1.45,4.1,0.5,441,,,,,,,,,,,,,,,,,,,,,,,,,,,,,,,,,,,,,,,,,,,,,,,,,,,,,,,,,,,,,,24.3,0.4,,0,,0,0.8,3.3,,14.4,16.6,,0.5,31.5,,1.9,1.1,,,,,,,,5.2,
8,43013300860000,40.3931,-110.0982,L. BOREN 3-15A2,UT CRC,"TC, TOC, HAWK, XRD",,E220207-034,,11530,11540,Green River,Uteland Butte,3.11,0.59,0.89,2.43,0.41,443,,,,,,,,,,,,,,,,,,,,,,,,,,,,,,,,,,,,,,,,,,,,,,,,,,,,,,,,,,,,,,41.3,1.2,,0.1,,2.2,0.6,5.9,,3.2,23.8,,0.3,18.1,,1,1.3,,,,,,,,1,
8,43013300860000,40.3931,-110.0982,L. BOREN 3-15A2,UT CRC,"TC, TOC, HAWK, XRD",,E220207-035,,11540,11550,Green River,Uteland Butte,3.11,0.71,0.78,2.44,0.44,444,,,,,,,,,,,,,,,,,,,,,,,,,,,,,,,,,,,,,,,,,,,,,,,,,,,,,,,,,,,,,,31,4.4,,0,,1.8,0.6,5.7,,3.6,22.1,,0.5,27.6,,0.8,2.1,,,,,,,,0,
8,43013300860000,40.3931,-110.0982,L. BOREN 3-15A2,UT CRC,"TC, TOC, HAWK, XRD",,E220207-036,,11550,11560,Green River,Uteland Butte,3.86,0.73,0.79,2.44,0.39,443,,,,,,,,,,,,,,,,,,,,,,,,,,,,,,,,,,,,,,,,,,,,,,,,,,,,,,,,,,,,,,30.4,1.2,,0,,1.1,0.7,6.7,,1.8,33.6,,0.4,21.8,,1,1.4,,,,,,,,0,
8,43013300860000,40.3931,-110.0982,L. BOREN 3-15A2,UT CRC,"TC, TOC, HAWK, XRD",,E220207-037,,11560,11570,Green River,Uteland Butte,3.65,0.88,0.73,2.87,0.58,445,,,,,,,,,,,,,,,,,,,,,,,,,,,,,,,,,,,,,,,,,,,,,,,,,,,,,,,,,,,,,,31,2.9,,0.4,,2,0.4,5.5,,1.2,31.7,,0.6,22.3,,0.7,1.3,,,,,,,,0,
8,43013300860000,40.3931,-110.0982,L. BOREN 3-15A2,UT CRC,"TC, TOC, HAWK, XRD",,E220207-038,,11570,11580,Green River,Uteland Butte,3.02,0.78,0.86,2.85,0.34,445,,,,,,,,,,,,,,,,,,,,,,,,,,,,,,,,,,,,,,,,,,,,,,,,,,,,,,,,,,,,,,42.8,3.9,,0,,2.6,0.6,5.7,,3.5,17.3,,0.4,20.6,,0.8,1.1,,,,,,,,0.8,
8,43013300860000,40.3931,-110.0982,L. BOREN 3-15A2,UT CRC,"TC, TOC, HAWK, XRD",,E220207-039,,11580,11590,Green River,Uteland Butte,3.14,0.87,0.82,3.18,0.43,443,,,,,,,,,,,,,,,,,,,,,,,,,,,,,,,,,,,,,,,,,,,,,,,,,,,,,,,,,,,,,,25.4,2.4,,0,,2.5,0.7,6.2,,3.4,31.9,,0.5,24.3,,0.9,1.2,,,,,,,,0.6,
8,43013300860000,40.3931,-110.0982,L. BOREN 3-15A2,UT CRC,"TC, TOC, HAWK, XRD",,E220207-040,,11590,11600,Green River,Uteland Butte,2.7,0.49,0.61,1.77,0.4,442,,,,,,,,,,,,,,,,,,,,,,,,,,,,,,,,,,,,,,,,,,,,,,,,,,,,,,,,,,,,,,46.2,1.6,,0.4,,2.4,0.4,6.2,,4.2,20.4,,0.2,15,,1.1,1.2,,,,,,,,0.5,
8,43013300860000,40.3931,-110.0982,L. BOREN 3-15A2,UT CRC,"TC, TOC, HAWK, XRD",,E220207-041,,11600,11610,Green River,Uteland Butte,2.78,0.44,0.56,1.66,0.34,444,,,,,,,,,,,,,,,,,,,,,,,,,,,,,,,,,,,,,,,,,,,,,,,,,,,,,,,,,,,,,,56.4,4.1,,0.4,,1.7,0.5,5.5,,3,14.1,,0.1,12.1,,0.7,1,,,,,,,,0.4,
8,43013300860000,40.3931,-110.0982,L. BOREN 3-15A2,UT CRC,"TC, TOC, HAWK, XRD",,E220207-042,,11610,11620,Green River,Uteland Butte,3.26,0.97,0.71,3.81,0.44,446,,,,,,,,,,,,,,,,,,,,,,,,,,,,,,,,,,,,,,,,,,,,,,,,,,,,,,,,,,,,,,39.8,0.9,,0,,2.1,0.6,4.7,,4.5,21,,0.6,24.1,,0.8,0.9,,,,,,,,0.1,
8,43013300860000,40.3931,-110.0982,L. BOREN 3-15A2,UT CRC,"TC, TOC, HAWK, XRD",,E220207-043,,11620,11630,Green River,Uteland Butte,3.3,0.95,0.71,3.82,0.48,445,,,,,,,,,,,,,,,,,,,,,,,,,,,,,,,,,,,,,,,,,,,,,,,,,,,,,,,,,,,,,,31.4,0.2,,0,,1.2,0.5,5.6,,2.3,27.9,,0.5,27.9,,0.8,1.5,,,,,,,,0.1,
8,43013300860000,40.3931,-110.0982,L. BOREN 3-15A2,UT CRC,"TC, TOC, HAWK, XRD",,E220207-044,,11630,11640,Green River,Uteland Butte,2.68,0.42,0.55,1.37,0.29,443,,,,,,,,,,,,,,,,,,,,,,,,,,,,,,,,,,,,,,,,,,,,,,,,,,,,,,,,,,,,,,41.3,4.5,,0.4,,2,0.6,7.6,,1.7,21.3,,0.3,18.2,,0.8,1.2,,,,,,,,0.2,
8,43013300860000,40.3931,-110.0982,L. BOREN 3-15A2,UT CRC,"TC, TOC, HAWK, XRD",,E220207-045,,11640,11650,Green River,Uteland Butte,3.07,0.59,0.62,2.28,0.34,445,,,,,,,,,,,,,,,,,,,,,,,,,,,,,,,,,,,,,,,,,,,,,,,,,,,,,,,,,,,,,,40.9,1,,0,,1.7,0.5,7.5,,2.9,22.9,,0.3,19.8,,0.9,1.3,,,,,,,,0.3,
8,43013300860000,40.3931,-110.0982,L. BOREN 3-15A2,UT CRC,"TC, TOC, HAWK, XRD",,E220207-046,,11650,11660,Green River,Uteland Butte,3.46,0.82,0.62,3.36,0.38,446,,,,,,,,,,,,,,,,,,,,,,,,,,,,,,,,,,,,,,,,,,,,,,,,,,,,,,,,,,,,,,34.4,2.4,,0,,1,0.7,5.1,,1,29.3,,0.4,23.9,,0.4,1.3,,,,,,,,0.1,
8,43013300860000,40.3931,-110.0982,L. BOREN 3-15A2,UT CRC,"TC, TOC, HAWK, XRD",,E220207-047,,11660,11670,Green River,Uteland Butte,3.43,0.95,0.67,3.31,0.44,445,,,,,,,,,,,,,,,,,,,,,,,,,,,,,,,,,,,,,,,,,,,,,,,,,,,,,,,,,,,,,,32.4,0,,0,,1.7,0.6,4.6,,4.3,25.4,,0.5,27.9,,1.1,1.6,,,,,,,,0.2,
8,43013300860000,40.3931,-110.0982,L. BOREN 3-15A2,UT CRC,"TC, TOC, HAWK, XRD",,E220207-048,,11670,11680,Green River,Uteland Butte,2.96,0.61,0.56,2.15,0.31,446,,,,,,,,,,,,,,,,,,,,,,,,,,,,,,,,,,,,,,,,,,,,,,,,,,,,,,,,,,,,,,34.6,1,,0.1,,2.2,0.6,4.4,,3.6,26,,0.4,24.8,,0.7,1.6,,,,,,,,0,
8,43013300860000,40.3931,-110.0982,L. BOREN 3-15A2,UT CRC,"TC, TOC, HAWK, XRD",,E220207-049,,11680,11690,Green River,Uteland Butte,2.57,0.47,0.49,1.43,0.31,444,,,,,,,,,,,,,,,,,,,,,,,,,,,,,,,,,,,,,,,,,,,,,,,,,,,,,,,,,,,,,,37.8,0,,0,,1.9,0.5,4.5,,4,19.8,,0.4,28.5,,0.7,2,,,,,,,,0,
8,43013300860000,40.3931,-110.0982,L. BOREN 3-15A2,UT CRC,"TC, TOC, HAWK, XRD",,E220207-050,,11690,11700,Green River,Uteland Butte,2.63,0.61,0.52,2.18,0.35,445,,,,,,,,,,,,,,,,,,,,,,,,,,,,,,,,,,,,,,,,,,,,,,,,,,,,,,,,,,,,,,34.5,0,,0,,1.7,0.6,5.1,,3.3,21.2,,0.4,30.4,,0.7,2,,,,,,,,0,
8,43013300860000,40.3931,-110.0982,L. BOREN 3-15A2,UT CRC,"TC, TOC, HAWK, XRD",,E220207-051,,11700,11710,Green River,Uteland Butte,2.9,0.51,0.51,1.69,0.32,444,,,,,,,,,,,,,,,,,,,,,,,,,,,,,,,,,,,,,,,,,,,,,,,,,,,,,,,,,,,,,,32.4,0.1,,0,,1.5,0.6,4.8,,3.8,25.9,,0.4,27,,1.4,2.1,,,,,,,,0,
8,43013300860000,40.3931,-110.0982,L. BOREN 3-15A2,UT CRC,"TC, TOC, HAWK, XRD",,E220207-052,,11710,11720,Green River,Uteland Butte,2.42,0.5,0.5,1.64,0.27,444,,,,,,,,,,,,,,,,,,,,,,,,,,,,,,,,,,,,,,,,,,,,,,,,,,,,,,,,,,,,,,40,0,,0,,2.1,0.6,5.1,,3.5,16.7,,0.3,29.3,,0.8,1.5,,,,,,,,0.1,
8,43013300860000,40.3931,-110.0982,L. BOREN 3-15A2,UT CRC,"TC, TOC, HAWK, XRD",,E220207-053,,11720,11730,Green River,Uteland Butte,2.6,0.42,0.45,1.32,0.28,445,,,,,,,,,,,,,,,,,,,,,,,,,,,,,,,,,,,,,,,,,,,,,,,,,,,,,,,,,,,,,,37.3,0,,0.2,,2.5,0.4,4.6,,4.8,20.9,,0.3,25.8,,1.1,2,,,,,,,,0.1,
8,43013300860000,40.3931,-110.0982,L. BOREN 3-15A2,UT CRC,"TC, TOC, HAWK, XRD",,E220207-054,,11730,11740,Green River,Uteland Butte,2.18,0.39,0.44,1.27,0.24,444,,,,,,,,,,,,,,,,,,,,,,,,,,,,,,,,,,,,,,,,,,,,,,,,,,,,,,,,,,,,,,37,2.2,,0.7,,2.3,0.5,5.3,,3.2,17.3,,0.3,28.5,,0.7,2,,,,,,,,0.1,
8,43013300860000,40.3931,-110.0982,L. BOREN 3-15A2,UT CRC,"TC, TOC, HAWK, XRD",,E220207-055,,11740,11750,Green River,Uteland Butte,3.02,0.5,0.47,1.7,0.29,445,,,,,,,,,,,,,,,,,,,,,,,,,,,,,,,,,,,,,,,,,,,,,,,,,,,,,,,,,,,,,,37.6,0,,0.1,,1.9,0.4,6.4,,3.4,23.6,,0.3,24,,0.5,1.7,,,,,,,,0,
8,43013300860000,40.3931,-110.0982,L. BOREN 3-15A2,UT CRC,"TC, TOC, HAWK, XRD",,E220207-056,,11750,11760,Green River,Uteland Butte,2.87,0.47,0.59,1.81,0.25,444,,,,,,,,,,,,,,,,,,,,,,,,,,,,,,,,,,,,,,,,,,,,,,,,,,,,,,,,,,,,,,33.4,0,,0,,2.1,0.6,5.7,,3.9,23.3,,0.5,27.5,,0.9,2.2,,,,,,,,0.1,
8,43013300860000,40.3931,-110.0982,L. BOREN 3-15A2,UT CRC,"TC, TOC, HAWK, XRD",,E220207-057,,11760,11770,Green River,Uteland Butte,2.36,0.44,0.53,1.56,0.43,444,,,,,,,,,,,,,,,,,,,,,,,,,,,,,,,,,,,,,,,,,,,,,,,,,,,,,,,,,,,,,,36.6,0,,0,,1.7,0.6,5,,3.5,20.2,,0.3,29,,1,2,,,,,,,,0.1,
8,43013300860000,40.3931,-110.0982,L. BOREN 3-15A2,UT CRC,"TC, TOC, HAWK, XRD",,E220207-058,,11770,11780,Green River,Uteland Butte,2.75,0.5,0.56,2,0.32,444,,,,,,,,,,,,,,,,,,,,,,,,,,,,,,,,,,,,,,,,,,,,,,,,,,,,,,,,,,,,,,35.2,1.9,,0,,2.5,0.6,4.5,,4.4,21.4,,0.3,26.8,,0.8,1.5,,,,,,,,0.1,
8,43013300860000,40.3931,-110.0982,L. BOREN 3-15A2,UT CRC,"TC, TOC, HAWK, XRD",,E220207-059,,11780,11790,Green River,Uteland Butte,2.37,0.42,0.59,1.49,0.36,443,,,,,,,,,,,,,,,,,,,,,,,,,,,,,,,,,,,,,,,,,,,,,,,,,,,,,,,,,,,,,,31.1,0,,0,,1.8,0.7,5.3,,2.7,23.2,,0.4,31.4,,1,2.5,,,,,,,,0,
8,43013300860000,40.3931,-110.0982,L. BOREN 3-15A2,UT CRC,"TC, TOC, HAWK, XRD",,E220207-060,,11790,11800,Green River,Uteland Butte,2.06,0.3,0.52,0.93,0.34,442,,,,,,,,,,,,,,,,,,,,,,,,,,,,,,,,,,,,,,,,,,,,,,,,,,,,,,,,,,,,,,39.8,0,,0,,1.8,0.6,5.1,,2.5,15.3,,0.3,31.3,,1.1,1.6,,,,,,,,0.6,
8,43013300860000,40.3931,-110.0982,L. BOREN 3-15A2,UT CRC,"TC, TOC, HAWK, XRD",,E220207-061,,11800,11810,Green River,Uteland Butte,2.1,BRL,0.32,0.41,0.77,318,,,,,,,,,,,,,,,,,,,,,,,,,,,,,,,,,,,,,,,,,,,,,,,,,,,,,,,,,,,,,,30.2,0,,0,,1.5,0.6,2.7,,8.3,13.4,,0.2,38.3,,1.1,3.5,,,,,,,,0.2,
8,43013300860000,40.3931,-110.0982,L. BOREN 3-15A2,UT CRC,"TC, TOC, HAWK, XRD",,E220207-062,,11810,11820,Green River,Uteland Butte,3.6,0.41,0.41,0.85,1.35,442,,,,,,,,,,,,,,,,,,,,,,,,,,,,,,,,,,,,,,,,,,,,,,,,,,,,,,,,,,,,,,35.6,0,,0,,0.6,0.7,7.1,,8.8,10.2,,0.4,32.3,,2,2.1,,,,,,,,0.4,
8,43013312380000,40.3189,-110.0545,SHERMAN 2-12B2,UT CRC,"TC, TOC, HAWK, XRD",,E220208-001,,10420,10430,Green River,Uteland Butte,8.12,2.4,1.67,5.54,0.27,450,,,,,,,,,,,,,,,,,,,,,,,,,,,,,,,,,,,,,,,,,,,,,,,,,,,,,,,,,,,,,,,,,,,,,,,,,,,,,,,,,,,,,,,
8,43013312380000,40.3189,-110.0545,SHERMAN 2-12B2,UT CRC,"TC, TOC, HAWK, XRD",,E220208-002,,10430,10440,Green River,Uteland Butte,7.02,1.81,1.44,4.55,0.31,446,,,,,,,,,,,,,,,,,,,,,,,,,,,,,,,,,,,,,,,,,,,,,,,,,,,,,,,,,,,,,,,,,,,,,,,,,,,,,,,,,,,,,,,
8,43013312380000,40.3189,-110.0545,SHERMAN 2-12B2,UT CRC,"TC, TOC, HAWK, XRD",,E220208-003,,10440,10450,Green River,Uteland Butte,6.23,1.6,1.44,4.29,0.29,443,,,,,,,,,,,,,,,,,,,,,,,,,,,,,,,,,,,,,,,,,,,,,,,,,,,,,,,,,,,,,,,,,,,,,,,,,,,,,,,,,,,,,,,
8,43013312380000,40.3189,-110.0545,SHERMAN 2-12B2,UT CRC,"TC, TOC, HAWK, XRD",,E220208-004,,10450,10460,Green River,Uteland Butte,7.33,1.88,1.58,4.99,0.45,448,,,,,,,,,,,,,,,,,,,,,,,,,,,,,,,,,,,,,,,,,,,,,,,,,,,,,,,,,,,,,,,,,,,,,,,,,,,,,,,,,,,,,,,
8,43013312380000,40.3189,-110.0545,SHERMAN 2-12B2,UT CRC,"TC, TOC, HAWK, XRD",,E220208-005,,10470,10480,Green River,Uteland Butte,6.52,1.59,1.5,4.34,0.36,444,,,,,,,,,,,,,,,,,,,,,,,,,,,,,,,,,,,,,,,,,,,,,,,,,,,,,,,,,,,,,,,,,,,,,,,,,,,,,,,,,,,,,,,
8,43013312380000,40.3189,-110.0545,SHERMAN 2-12B2,UT CRC,"TC, TOC, HAWK, XRD",,E220208-006,,10480,10490,Green River,Uteland Butte,6.77,1.52,1.75,4.41,0.31,445,,,,,,,,,,,,,,,,,,,,,,,,,,,,,,,,,,,,,,,,,,,,,,,,,,,,,,,,,,,,,,,,,,,,,,,,,,,,,,,,,,,,,,,
8,43013312380000,40.3189,-110.0545,SHERMAN 2-12B2,UT CRC,"TC, TOC, HAWK, XRD",,E220208-007,,10490,10500,Green River,Uteland Butte,6.76,1.53,1.33,4.63,0.32,446,,,,,,,,,,,,,,,,,,,,,,,,,,,,,,,,,,,,,,,,,,,,,,,,,,,,,,,,,,,,,,,,,,,,,,,,,,,,,,,,,,,,,,,
8,43013312380000,40.3189,-110.0545,SHERMAN 2-12B2,UT CRC,"TC, TOC, HAWK, XRD",,E220208-008,,10500,10510,Green River,Uteland Butte,5.3,1.58,1.31,4.68,0.41,444,,,,,,,,,,,,,,,,,,,,,,,,,,,,,,,,,,,,,,,,,,,,,,,,,,,,,,,,,,,,,,,,,,,,,,,,,,,,,,,,,,,,,,,
8,43013312380000,40.3189,-110.0545,SHERMAN 2-12B2,UT CRC,"TC, TOC, HAWK, XRD",,E220208-009,,10510,10520,Green River,Uteland Butte,7.4,1.55,1.03,4.75,0.54,446,,,,,,,,,,,,,,,,,,,,,,,,,,,,,,,,,,,,,,,,,,,,,,,,,,,,,,,,,,,,,,,,,,,,,,,,,,,,,,,,,,,,,,,
8,43013312380000,40.3189,-110.0545,SHERMAN 2-12B2,UT CRC,"TC, TOC, HAWK, XRD",,E220208-010,,10520,10530,Green River,Uteland Butte,7.9,1.59,1.55,4.69,0.36,443,,,,,,,,,,,,,,,,,,,,,,,,,,,,,,,,,,,,,,,,,,,,,,,,,,,,,,,,,,,,,,,,,,,,,,,,,,,,,,,,,,,,,,,
8,43013312380000,40.3189,-110.0545,SHERMAN 2-12B2,UT CRC,"TC, TOC, HAWK, XRD",,E220208-011,,10530,10540,Green River,Uteland Butte,6.6,1.66,1.19,5.39,0.41,445,,,,,,,,,,,,,,,,,,,,,,,,,,,,,,,,,,,,,,,,,,,,,,,,,,,,,,,,,,,,,,,,,,,,,,,,,,,,,,,,,,,,,,,
8,43013312380000,40.3189,-110.0545,SHERMAN 2-12B2,UT CRC,"TC, TOC, HAWK, XRD",,E220208-012,,10540,10550,Green River,Uteland Butte,5.62,1.82,1.65,5.54,0.4,444,,,,,,,,,,,,,,,,,,,,,,,,,,,,,,,,,,,,,,,,,,,,,,,,,,,,,,,,,,,,,,,,,,,,,,,,,,,,,,,,,,,,,,,
8,43013307400000,40.2972,-110.0191,SONAT NIELSEN 1-20-B1,UT CRC,"TC, TOC, HAWK, XRD",,E220208-013,,9940,9950,Green River,Uteland Butte,6.36,2.74,1.6,6.86,0.41,444,,,,,,,,,,,,,,,,,,,,,,,,,,,,,,,,,,,,,,,,,,,,,,,,,,,,,,,,,,,,,,,,,,,,,,,,,,,,,,,,,,,,,,,
8,43013307400000,40.2972,-110.0191,SONAT NIELSEN 1-20-B1,UT CRC,"TC, TOC, HAWK, XRD",,E220208-014,,9950,9960,Green River,Uteland Butte,5.52,1.89,1.24,4.91,0.49,439,,,,,,,,,,,,,,,,,,,,,,,,,,,,,,,,,,,,,,,,,,,,,,,,,,,,,,,,,,,,,,,,,,,,,,,,,,,,,,,,,,,,,,,
8,43013307400000,40.2972,-110.0191,SONAT NIELSEN 1-20-B1,UT CRC,"TC, TOC, HAWK, XRD",,E220208-015,,9960,9970,Green River,Uteland Butte,6.8,1.96,1.34,5.03,0.44,443,,,,,,,,,,,,,,,,,,,,,,,,,,,,,,,,,,,,,,,,,,,,,,,,,,,,,,,,,,,,,,,,,,,,,,,,,,,,,,,,,,,,,,,
8,43013307400000,40.2972,-110.0191,SONAT NIELSEN 1-20-B1,UT CRC,"TC, TOC, HAWK, XRD",,E220208-016,,9970,9980,Green River,Uteland Butte,8.27,1.6,1.05,4.62,0.45,441,,,,,,,,,,,,,,,,,,,,,,,,,,,,,,,,,,,,,,,,,,,,,,,,,,,,,,,,,,,,,,,,,,,,,,,,,,,,,,,,,,,,,,,
8,43013307400000,40.2972,-110.0191,SONAT NIELSEN 1-20-B1,UT CRC,"TC, TOC, HAWK, XRD",,E220208-017,,9980,9990,Green River,Uteland Butte,8.68,1.53,1.08,4.58,0.41,440,,,,,,,,,,,,,,,,,,,,,,,,,,,,,,,,,,,,,,,,,,,,,,,,,,,,,,,,,,,,,,,,,,,,,,,,,,,,,,,,,,,,,,,
8,43013307400000,40.2972,-110.0191,SONAT NIELSEN 1-20-B1,UT CRC,"TC, TOC, HAWK, XRD",,E220208-018,,9990,10000,Green River,Uteland Butte,7.76,1.8,1.24,4.96,0.42,443,,,,,,,,,,,,,,,,,,,,,,,,,,,,,,,,,,,,,,,,,,,,,,,,,,,,,,,,,,,,,,,,,,,,,,,,,,,,,,,,,,,,,,,
8,43013307400000,40.2972,-110.0191,SONAT NIELSEN 1-20-B1,UT CRC,"TC, TOC, HAWK, XRD",,E220208-019,,10000,10010,Green River,Uteland Butte,8.62,2.27,1.78,6.87,0.45,442,,,,,,,,,,,,,,,,,,,,,,,,,,,,,,,,,,,,,,,,,,,,,,,,,,,,,,,,,,,,,,,,,,,,,,,,,,,,,,,,,,,,,,,
8,43013307400000,40.2972,-110.0191,SONAT NIELSEN 1-20-B1,UT CRC,"TC, TOC, HAWK, XRD",,E220208-020,,10010,10020,Green River,Uteland Butte,10.56,1.79,1.37,5.57,0.36,439,,,,,,,,,,,,,,,,,,,,,,,,,,,,,,,,,,,,,,,,,,,,,,,,,,,,,,,,,,,,,,,,,,,,,,,,,,,,,,,,,,,,,,,
8,43013307400000,40.2972,-110.0191,SONAT NIELSEN 1-20-B1,UT CRC,"TC, TOC, HAWK, XRD",,E220208-021,,10020,10030,Green River,Uteland Butte,9.97,2.5,2.22,7.4,0.45,438,,,,,,,,,,,,,,,,,,,,,,,,,,,,,,,,,,,,,,,,,,,,,,,,,,,,,,,,,,,,,,,,,,,,,,,,,,,,,,,,,,,,,,,
8,43013307400000,40.2972,-110.0191,SONAT NIELSEN 1-20-B1,UT CRC,"TC, TOC, HAWK, XRD",,E220208-022,,10030,10040,Green River,Uteland Butte,10.48,2.02,1.81,6.59,0.42,436,,,,,,,,,,,,,,,,,,,,,,,,,,,,,,,,,,,,,,,,,,,,,,,,,,,,,,,,,,,,,,,,,,,,,,,,,,,,,,,,,,,,,,,
8,43013307400000,40.2972,-110.0191,SONAT NIELSEN 1-20-B1,UT CRC,"TC, TOC, HAWK, XRD",,E220208-023,,10040,10050,Green River,Uteland Butte,7.37,1.72,1.44,4.41,0.45,443,,,,,,,,,,,,,,,,,,,,,,,,,,,,,,,,,,,,,,,,,,,,,,,,,,,,,,,,,,,,,,,,,,,,,,,,,,,,,,,,,,,,,,,
8,43013307400000,40.2972,-110.0191,SONAT NIELSEN 1-20-B1,UT CRC,"TC, TOC, HAWK, XRD",,E220208-024,,10050,10060,Green River,Uteland Butte,6.42,1.74,1.73,4.7,0.43,442,,,,,,,,,,,,,,,,,,,,,,,,,,,,,,,,,,,,,,,,,,,,,,,,,,,,,,,,,,,,,,,,,,,,,,,,,,,,,,,,,,,,,,,
8,43013307400000,40.2972,-110.0191,SONAT NIELSEN 1-20-B1,UT CRC,"TC, TOC, HAWK, XRD",,E220208-025,,10060,10070,Green River,Uteland Butte,5.95,2.43,2.03,7.84,0.49,436,,,,,,,,,,,,,,,,,,,,,,,,,,,,,,,,,,,,,,,,,,,,,,,,,,,,,,,,,,,,,,,,,,,,,,,,,,,,,,,,,,,,,,,
8,43047319810000,40.2764,-109.9691,COOK 1-26B1,UT CRC,"TC, TOC, HAWK, XRD",,E220208-026,,9390,9400,Green River,Uteland Butte,7.79,1.86,2.16,6.37,0.3,431,,,,,,,,,,,,,,,,,,,,,,,,,,,,,,,,,,,,,,,,,,,,,,,,,,,,,,,,,,,,,,,,,,,,,,,,,,,,,,,,,,,,,,,
8,43047319810000,40.2764,-109.9691,COOK 1-26B1,UT CRC,"TC, TOC, HAWK, XRD",,E220208-027,,9400,9410,Green River,Uteland Butte,7.62,1.94,2.63,5.91,0.32,430,,,,,,,,,,,,,,,,,,,,,,,,,,,,,,,,,,,,,,,,,,,,,,,,,,,,,,,,,,,,,,,,,,,,,,,,,,,,,,,,,,,,,,,
8,43047319810000,40.2764,-109.9691,COOK 1-26B1,UT CRC,"TC, TOC, HAWK, XRD",,E220208-028,,9410,9420,Green River,Uteland Butte,7.03,1.71,2.45,5.76,1.67,427,,,,,,,,,,,,,,,,,,,,,,,,,,,,,,,,,,,,,,,,,,,,,,,,,,,,,,,,,,,,,,,,,,,,,,,,,,,,,,,,,,,,,,,
8,43047319810000,40.2764,-109.9691,COOK 1-26B1,UT CRC,"TC, TOC, HAWK, XRD",,E220208-029,,9420,9430,Green River,Uteland Butte,7.89,1.85,2.68,5.8,1.44,430,,,,,,,,,,,,,,,,,,,,,,,,,,,,,,,,,,,,,,,,,,,,,,,,,,,,,,,,,,,,,,,,,,,,,,,,,,,,,,,,,,,,,,,
8,43047319810000,40.2764,-109.9691,COOK 1-26B1,UT CRC,"TC, TOC, HAWK, XRD",,E220208-030,,9430,9440,Green River,Uteland Butte,7.84,1.86,2.73,5.85,0.46,430,,,,,,,,,,,,,,,,,,,,,,,,,,,,,,,,,,,,,,,,,,,,,,,,,,,,,,,,,,,,,,,,,,,,,,,,,,,,,,,,,,,,,,,
8,43047319810000,40.2764,-109.9691,COOK 1-26B1,UT CRC,"TC, TOC, HAWK, XRD",,E220208-031,,9450,9460,Green River,Uteland Butte,7.84,1.95,2.81,7.03,0.53,438,,,,,,,,,,,,,,,,,,,,,,,,,,,,,,,,,,,,,,,,,,,,,,,,,,,,,,,,,,,,,,,,,,,,,,,,,,,,,,,,,,,,,,,
8,43047319810000,40.2764,-109.9691,COOK 1-26B1,UT CRC,"TC, TOC, HAWK, XRD",,E220208-032,,9460,9470,Green River,Uteland Butte,9.87,2.15,3.21,6.75,0.42,437,,,,,,,,,,,,,,,,,,,,,,,,,,,,,,,,,,,,,,,,,,,,,,,,,,,,,,,,,,,,,,,,,,,,,,,,,,,,,,,,,,,,,,,
8,43047319810000,40.2764,-109.9691,COOK 1-26B1,UT CRC,"TC, TOC, HAWK, XRD",,E220208-033,,9470,9480,Green River,Uteland Butte,9.93,2.07,2.76,7.25,0.4,438,,,,,,,,,,,,,,,,,,,,,,,,,,,,,,,,,,,,,,,,,,,,,,,,,,,,,,,,,,,,,,,,,,,,,,,,,,,,,,,,,,,,,,,
8,43047319810000,40.2764,-109.9691,COOK 1-26B1,UT CRC,"TC, TOC, HAWK, XRD",,E220208-034,,9500,9510,Green River,Uteland Butte,8.09,2.02,2.77,6.95,0.38,438,,,,,,,,,,,,,,,,,,,,,,,,,,,,,,,,,,,,,,,,,,,,,,,,,,,,,,,,,,,,,,,,,,,,,,,,,,,,,,,,,,,,,,,
8,43047319810000,40.2764,-109.9691,COOK 1-26B1,UT CRC,"TC, TOC, HAWK, XRD",,E220208-035,,9510,9520,Green River,Uteland Butte,8.06,1.9,2.66,7.15,0.31,439,,,,,,,,,,,,,,,,,,,,,,,,,,,,,,,,,,,,,,,,,,,,,,,,,,,,,,,,,,,,,,,,,,,,,,,,,,,,,,,,,,,,,,,
8,43013313010000,40.3934,-110.2112,YOUNG 2-15A3,UT CRC,"TC, TOC, HAWK, XRD",,E220209-001,,12660,12670,Green River,Uteland Butte,2.72,0.45,0.27,1.14,0.47,444,,,,,,,,,,,,,,,,,,,,,,,,,,,,,,,,,,,,,,,,,,,,,,,,,,,,,,,,,,,,,,,,,,,,,,,,,,,,,,,,,,,,,,,
8,43013313010000,40.3934,-110.2112,YOUNG 2-15A3,UT CRC,"TC, TOC, HAWK, XRD",,E220209-002,,12670,12680,Green River,Uteland Butte,3.1,0.53,0.47,1.75,0.45,445,,,,,,,,,,,,,,,,,,,,,,,,,,,,,,,,,,,,,,,,,,,,,,,,,,,,,,,,,,,,,,,,,,,,,,,,,,,,,,,,,,,,,,,
8,43013313010000,40.3934,-110.2112,YOUNG 2-15A3,UT CRC,"TC, TOC, HAWK, XRD",,E220209-003,,12680,12690,Green River,Uteland Butte,2.7,0.39,0.28,0.94,0.53,441,,,,,,,,,,,,,,,,,,,,,,,,,,,,,,,,,,,,,,,,,,,,,,,,,,,,,,,,,,,,,,,,,,,,,,,,,,,,,,,,,,,,,,,
8,43013313010000,40.3934,-110.2112,YOUNG 2-15A3,UT CRC,"TC, TOC, HAWK, XRD",,E220209-004,,12690,12700,Green River,Uteland Butte,2.72,0.42,0.46,1.39,0.54,443,,,,,,,,,,,,,,,,,,,,,,,,,,,,,,,,,,,,,,,,,,,,,,,,,,,,,,,,,,,,,,,,,,,,,,,,,,,,,,,,,,,,,,,
8,43013313010000,40.3934,-110.2112,YOUNG 2-15A3,UT CRC,"TC, TOC, HAWK, XRD",,E220209-005,,12700,12710,Green River,Uteland Butte,2.71,0.42,0.18,0.86,0.52,441,,,,,,,,,,,,,,,,,,,,,,,,,,,,,,,,,,,,,,,,,,,,,,,,,,,,,,,,,,,,,,,,,,,,,,,,,,,,,,,,,,,,,,,
8,43013313010000,40.3934,-110.2112,YOUNG 2-15A3,UT CRC,"TC, TOC, HAWK, XRD",,E220209-006,,12710,12720,Green River,Uteland Butte,3.06,0.46,0.28,1.31,0.71,443,,,,,,,,,,,,,,,,,,,,,,,,,,,,,,,,,,,,,,,,,,,,,,,,,,,,,,,,,,,,,,,,,,,,,,,,,,,,,,,,,,,,,,,
8,43013313010000,40.3934,-110.2112,YOUNG 2-15A3,UT CRC,"TC, TOC, HAWK, XRD",,E220209-007,,12720,12730,Green River,Uteland Butte,2.4,0.33,0.22,0.93,0.69,443,,,,,,,,,,,,,,,,,,,,,,,,,,,,,,,,,,,,,,,,,,,,,,,,,,,,,,,,,,,,,,,,,,,,,,,,,,,,,,,,,,,,,,,
9,43013313010000,40.3934,-110.2112,YOUNG 2-15A3,UT CRC,"TC, TOC, HAWK, XRD",,E220209-008,,12730,12740,Green River,Uteland Butte,3.68,0.74,0.29,2.41,0.69,447,,,,,,,,,,,,,,,,,,,,,,,,,,,,,,,,,,,,,,,,,,,,,,,,,,,,,,,,,,,,,,,,,,,,,,,,,,,,,,,,,,,,,,,
9,43013313010000,40.3934,-110.2112,YOUNG 2-15A3,UT CRC,"TC, TOC, HAWK, XRD",,E220209-009,,12740,12750,Green River,Uteland Butte,3.56,0.64,0.32,2.33,0.61,444,,,,,,,,,,,,,,,,,,,,,,,,,,,,,,,,,,,,,,,,,,,,,,,,,,,,,,,,,,,,,,,,,,,,,,,,,,,,,,,,,,,,,,,
9,43013313010000,40.3934,-110.2112,YOUNG 2-15A3,UT CRC,"TC, TOC, HAWK, XRD",,E220209-010,,12750,12760,Green River,Uteland Butte,3.78,0.74,0.39,2.48,0.6,445,,,,,,,,,,,,,,,,,,,,,,,,,,,,,,,,,,,,,,,,,,,,,,,,,,,,,,,,,,,,,,,,,,,,,,,,,,,,,,,,,,,,,,,
9,43013313010000,40.3934,-110.2112,YOUNG 2-15A3,UT CRC,"TC, TOC, HAWK, XRD",,E220209-011,,12760,12770,Green River,Uteland Butte,3.85,0.77,0.29,2.41,0.58,445,,,,,,,,,,,,,,,,,,,,,,,,,,,,,,,,,,,,,,,,,,,,,,,,,,,,,,,,,,,,,,,,,,,,,,,,,,,,,,,,,,,,,,,
9,43013313010000,40.3934,-110.2112,YOUNG 2-15A3,UT CRC,"TC, TOC, HAWK, XRD",,E220209-012,,12770,12780,Green River,Uteland Butte,3.89,0.8,0.36,2.66,0.77,445,,,,,,,,,,,,,,,,,,,,,,,,,,,,,,,,,,,,,,,,,,,,,,,,,,,,,,,,,,,,,,,,,,,,,,,,,,,,,,,,,,,,,,,
9,43013313010000,40.3934,-110.2112,YOUNG 2-15A3,UT CRC,"TC, TOC, HAWK, XRD",,E220209-013,,12780,12790,Green River,Uteland Butte,2.16,0.23,0.23,0.79,0.35,445,,,,,,,,,,,,,,,,,,,,,,,,,,,,,,,,,,,,,,,,,,,,,,,,,,,,,,,,,,,,,,,,,,,,,,,,,,,,,,,,,,,,,,,
9,43013313010000,40.3934,-110.2112,YOUNG 2-15A3,UT CRC,"TC, TOC, HAWK, XRD",,E220209-014,,12790,12800,Green River,Uteland Butte,2.1,0.26,0.26,0.81,0.55,443,,,,,,,,,,,,,,,,,,,,,,,,,,,,,,,,,,,,,,,,,,,,,,,,,,,,,,,,,,,,,,,,,,,,,,,,,,,,,,,,,,,,,,,
9,43013313010000,40.3934,-110.2112,YOUNG 2-15A3,UT CRC,"TC, TOC, HAWK, XRD",,E220209-015,,12800,12810,Green River,Uteland Butte,2.38,0.26,0.2,0.92,0.22,445,,,,,,,,,,,,,,,,,,,,,,,,,,,,,,,,,,,,,,,,,,,,,,,,,,,,,,,,,,,,,,,,,,,,,,,,,,,,,,,,,,,,,,,
9,43013313010000,40.3934,-110.2112,YOUNG 2-15A3,UT CRC,"TC, TOC, HAWK, XRD",,E220209-016,,12810,12820,Green River,Uteland Butte,2.09,0.25,0.19,0.74,0.62,445,,,,,,,,,,,,,,,,,,,,,,,,,,,,,,,,,,,,,,,,,,,,,,,,,,,,,,,,,,,,,,,,,,,,,,,,,,,,,,,,,,,,,,,
9,43013313010000,40.3934,-110.2112,YOUNG 2-15A3,UT CRC,"TC, TOC, HAWK, XRD",,E220209-017,,12820,12830,Green River,Uteland Butte,2.25,0.27,0.19,0.8,0.46,445,,,,,,,,,,,,,,,,,,,,,,,,,,,,,,,,,,,,,,,,,,,,,,,,,,,,,,,,,,,,,,,,,,,,,,,,,,,,,,,,,,,,,,,
9,43013313010000,40.3934,-110.2112,YOUNG 2-15A3,UT CRC,"TC, TOC, HAWK, XRD",,E220209-018,,12830,12840,Green River,Uteland Butte,2.9,0.4,0.2,0.95,0.39,442,,,,,,,,,,,,,,,,,,,,,,,,,,,,,,,,,,,,,,,,,,,,,,,,,,,,,,,,,,,,,,,,,,,,,,,,,,,,,,,,,,,,,,,
9,43013313010000,40.3934,-110.2112,YOUNG 2-15A3,UT CRC,"TC, TOC, HAWK, XRD",,E220209-019,,12840,12850,Green River,Uteland Butte,2.05,0.26,0.16,0.77,0.38,445,,,,,,,,,,,,,,,,,,,,,,,,,,,,,,,,,,,,,,,,,,,,,,,,,,,,,,,,,,,,,,,,,,,,,,,,,,,,,,,,,,,,,,,
9,43013313010000,40.3934,-110.2112,YOUNG 2-15A3,UT CRC,"TC, TOC, HAWK, XRD",,E220209-020,,12850,12860,Green River,Uteland Butte,2.35,0.33,0.23,0.94,0.92,444,,,,,,,,,,,,,,,,,,,,,,,,,,,,,,,,,,,,,,,,,,,,,,,,,,,,,,,,,,,,,,,,,,,,,,,,,,,,,,,,,,,,,,,
9,43013313010000,40.3934,-110.2112,YOUNG 2-15A3,UT CRC,"TC, TOC, HAWK, XRD",,E220209-021,,12860,12870,Green River,Uteland Butte,2.43,0.33,0.21,0.91,0.58,444,,,,,,,,,,,,,,,,,,,,,,,,,,,,,,,,,,,,,,,,,,,,,,,,,,,,,,,,,,,,,,,,,,,,,,,,,,,,,,,,,,,,,,,
9,43013313010000,40.3934,-110.2112,YOUNG 2-15A3,UT CRC,"TC, TOC, HAWK, XRD",,E220209-022,,12870,12880,Green River,Uteland Butte,2.02,0.23,0.15,0.54,0.41,443,,,,,,,,,,,,,,,,,,,,,,,,,,,,,,,,,,,,,,,,,,,,,,,,,,,,,,,,,,,,,,,,,,,,,,,,,,,,,,,,,,,,,,,
9,43013313010000,40.3934,-110.2112,YOUNG 2-15A3,UT CRC,"TC, TOC, HAWK, XRD",,E220209-023,,12880,12890,Green River,Uteland Butte,2.36,0.28,0.15,0.6,0.36,443,,,,,,,,,,,,,,,,,,,,,,,,,,,,,,,,,,,,,,,,,,,,,,,,,,,,,,,,,,,,,,,,,,,,,,,,,,,,,,,,,,,,,,,
9,43013313010000,40.3934,-110.2112,YOUNG 2-15A3,UT CRC,"TC, TOC, HAWK, XRD",,E220209-024,,12890,12900,Green River,Uteland Butte,2.42,0.31,0.15,0.65,0.38,442,,,,,,,,,,,,,,,,,,,,,,,,,,,,,,,,,,,,,,,,,,,,,,,,,,,,,,,,,,,,,,,,,,,,,,,,,,,,,,,,,,,,,,,
9,43013313010000,40.3934,-110.2112,YOUNG 2-15A3,UT CRC,"TC, TOC, HAWK, XRD",,E220209-025,,12900,12910,Green River,Uteland Butte,2.59,0.33,0.21,0.72,0.35,443,,,,,,,,,,,,,,,,,,,,,,,,,,,,,,,,,,,,,,,,,,,,,,,,,,,,,,,,,,,,,,,,,,,,,,,,,,,,,,,,,,,,,,,
9,43013313010000,40.3934,-110.2112,YOUNG 2-15A3,UT CRC,"TC, TOC, HAWK, XRD",,E220209-026,,12910,12920,Green River,Uteland Butte,2.8,0.42,0.21,0.96,0.38,443,,,,,,,,,,,,,,,,,,,,,,,,,,,,,,,,,,,,,,,,,,,,,,,,,,,,,,,,,,,,,,,,,,,,,,,,,,,,,,,,,,,,,,,
9,43013313010000,40.3934,-110.2112,YOUNG 2-15A3,UT CRC,"TC, TOC, HAWK, XRD",,E220209-027,,12920,12930,Green River,Uteland Butte,3.84,0.81,1.59,3.81,0.45,426,,,,,,,,,,,,,,,,,,,,,,,,,,,,,,,,,,,,,,,,,,,,,,,,,,,,,,,,,,,,,,,,,,,,,,,,,,,,,,,,,,,,,,,
10,43013313010000,40.3934,-110.2112,YOUNG 2-15A3,UT CRC,"TC, TOC, HAWK, XRD",,E220209-028,,12940,12950,Green River,Uteland Butte,1.97,0.23,0.24,0.67,0.35,442,,,,,,,,,,,,,,,,,,,,,,,,,,,,,,,,,,,,,,,,,,,,,,,,,,,,,,,,,,,,,,,,,,,,,,,,,,,,,,,,,,,,,,,
10,43013313010000,40.3934,-110.2112,YOUNG 2-15A3,UT CRC,"TC, TOC, HAWK, XRD",,E220209-029,,12950,12960,Green River,Uteland Butte,2.04,,0.17,0.59,0.27,442,,,,,,,,,,,,,,,,,,,,,,,,,,,,,,,,,,,,,,,,,,,,,,,,,,,,,,,,,,,,,,,,,,,,,,,,,,,,,,,,,,,,,,,
10,43013312650000,40.3770,-110.2174,MONSEN 2-22A3,UT CRC,"TC, TOC, HAWK, XRD",,E220209-030,,12310,12320,Green River,Uteland Butte,4.32,0.91,0.31,2.45,3.5,435,,,,,,,,,,,,,,,,,,,,,,,,,,,,,,,,,,,,,,,,,,,,,,,,,,,,,,,,,,,,,,,,,,,,,,,,,,,,,,,,,,,,,,,
10,43013312650000,40.3770,-110.2174,MONSEN 2-22A3,UT CRC,"TC, TOC, HAWK, XRD",,E220209-031,,12320,12330,Green River,Uteland Butte,3.01,0.88,0.45,2.38,2.57,442,,,,,,,,,,,,,,,,,,,,,,,,,,,,,,,,,,,,,,,,,,,,,,,,,,,,,,,,,,,,,,,,,,,,,,,,,,,,,,,,,,,,,,,
10,43013312650000,40.3770,-110.2174,MONSEN 2-22A3,UT CRC,"TC, TOC, HAWK, XRD",,E220209-032,,12340,12350,Green River,Uteland Butte,4.44,0.71,0.47,2.26,3.18,431,,,,,,,,,,,,,,,,,,,,,,,,,,,,,,,,,,,,,,,,,,,,,,,,,,,,,,,,,,,,,,,,,,,,,,,,,,,,,,,,,,,,,,,
10,43013312650000,40.3770,-110.2174,MONSEN 2-22A3,UT CRC,"TC, TOC, HAWK, XRD",,E220209-033,,12350,12360,Green River,Uteland Butte,1.73,0.26,0.24,0.86,0.62,443,,,,,,,,,,,,,,,,,,,,,,,,,,,,,,,,,,,,,,,,,,,,,,,,,,,,,,,,,,,,,,,,,,,,,,,,,,,,,,,,,,,,,,,
10,43013312650000,40.3770,-110.2174,MONSEN 2-22A3,UT CRC,"TC, TOC, HAWK, XRD",,E220209-034,,12360,12370,Green River,Uteland Butte,1.48,,0.21,0.53,0.49,442,,,,,,,,,,,,,,,,,,,,,,,,,,,,,,,,,,,,,,,,,,,,,,,,,,,,,,,,,,,,,,,,,,,,,,,,,,,,,,,,,,,,,,,
10,43013312650000,40.3770,-110.2174,MONSEN 2-22A3,UT CRC,"TC, TOC, HAWK, XRD",,E220209-035,,12370,12380,Green River,Uteland Butte,5.06,,0.16,0.38,0.54,436,,,,,,,,,,,,,,,,,,,,,,,,,,,,,,,,,,,,,,,,,,,,,,,,,,,,,,,,,,,,,,,,,,,,,,,,,,,,,,,,,,,,,,,
10,43013312650000,40.3770,-110.2174,MONSEN 2-22A3,UT CRC,"TC, TOC, HAWK, XRD",,E220209-036,,12380,12390,Green River,Uteland Butte,2.6,,0.21,0.45,0.9,440,,,,,,,,,,,,,,,,,,,,,,,,,,,,,,,,,,,,,,,,,,,,,,,,,,,,,,,,,,,,,,,,,,,,,,,,,,,,,,,,,,,,,,,
10,43013312650000,40.3770,-110.2174,MONSEN 2-22A3,UT CRC,"TC, TOC, HAWK, XRD",,E220209-037,,12390,12400,Green River,Uteland Butte,3,,0.26,0.67,0.8,443,,,,,,,,,,,,,,,,,,,,,,,,,,,,,,,,,,,,,,,,,,,,,,,,,,,,,,,,,,,,,,,,,,,,,,,,,,,,,,,,,,,,,,,
10,43013312650000,40.3770,-110.2174,MONSEN 2-22A3,UT CRC,"TC, TOC, HAWK, XRD",,E220209-038,,12400,12410,Green River,Uteland Butte,2.55,0.33,0.87,1.6,0.63,363,,,,,,,,,,,,,,,,,,,,,,,,,,,,,,,,,,,,,,,,,,,,,,,,,,,,,,,,,,,,,,,,,,,,,,,,,,,,,,,,,,,,,,,
10,43013312650000,40.3770,-110.2174,MONSEN 2-22A3,UT CRC,"TC, TOC, HAWK, XRD",,E220209-039,,12410,12420,Green River,Uteland Butte,2.55,0.32,0.68,1.5,0.83,364,,,,,,,,,,,,,,,,,,,,,,,,,,,,,,,,,,,,,,,,,,,,,,,,,,,,,,,,,,,,,,,,,,,,,,,,,,,,,,,,,,,,,,,
10,43013312650000,40.3770,-110.2174,MONSEN 2-22A3,UT CRC,"TC, TOC, HAWK, XRD",,E220209-040,,12420,12430,Green River,Uteland Butte,2.28,0.31,0.48,0.9,0.77,361,,,,,,,,,,,,,,,,,,,,,,,,,,,,,,,,,,,,,,,,,,,,,,,,,,,,,,,,,,,,,,,,,,,,,,,,,,,,,,,,,,,,,,,
10,43013312650000,40.3770,-110.2174,MONSEN 2-22A3,UT CRC,"TC, TOC, HAWK, XRD",,E220209-041,,12430,12440,Green River,Uteland Butte,2.23,0.37,0.38,0.8,0.65,416,,,,,,,,,,,,,,,,,,,,,,,,,,,,,,,,,,,,,,,,,,,,,,,,,,,,,,,,,,,,,,,,,,,,,,,,,,,,,,,,,,,,,,,
10,43013312650000,40.3770,-110.2174,MONSEN 2-22A3,UT CRC,"TC, TOC, HAWK, XRD",,E220209-042,,12440,12450,Green River,Uteland Butte,2.31,0.23,0.24,0.57,0.71,339,,,,,,,,,,,,,,,,,,,,,,,,,,,,,,,,,,,,,,,,,,,,,,,,,,,,,,,,,,,,,,,,,,,,,,,,,,,,,,,,,,,,,,,
10,43013312650000,40.3770,-110.2174,MONSEN 2-22A3,UT CRC,"TC, TOC, HAWK, XRD",,E220209-043,,12450,12460,Green River,Uteland Butte,2.24,,0.28,0.49,0.64,338,,,,,,,,,,,,,,,,,,,,,,,,,,,,,,,,,,,,,,,,,,,,,,,,,,,,,,,,,,,,,,,,,,,,,,,,,,,,,,,,,,,,,,,
10,43013312650000,40.3770,-110.2174,MONSEN 2-22A3,UT CRC,"TC, TOC, HAWK, XRD",,E220209-044,,12460,12470,Green River,Uteland Butte,1.96,,0.31,0.63,0.71,347,,,,,,,,,,,,,,,,,,,,,,,,,,,,,,,,,,,,,,,,,,,,,,,,,,,,,,,,,,,,,,,,,,,,,,,,,,,,,,,,,,,,,,,
10,43013312650000,40.3770,-110.2174,MONSEN 2-22A3,UT CRC,"TC, TOC, HAWK, XRD",,E220209-045,,12470,12480,Green River,Uteland Butte,1.99,,0.3,0.61,0.68,351,,,,,,,,,,,,,,,,,,,,,,,,,,,,,,,,,,,,,,,,,,,,,,,,,,,,,,,,,,,,,,,,,,,,,,,,,,,,,,,,,,,,,,,
10,43013312650000,40.3770,-110.2174,MONSEN 2-22A3,UT CRC,"TC, TOC, HAWK, XRD",,E220209-046,,12480,12490,Green River,Uteland Butte,1.77,,0.34,0.52,0.52,352,,,,,,,,,,,,,,,,,,,,,,,,,,,,,,,,,,,,,,,,,,,,,,,,,,,,,,,,,,,,,,,,,,,,,,,,,,,,,,,,,,,,,,,
10,43013312650000,40.3770,-110.2174,MONSEN 2-22A3,UT CRC,"TC, TOC, HAWK, XRD",,E220209-047,,12490,12500,Green River,Uteland Butte,1.72,,0.27,0.42,0.49,346,,,,,,,,,,,,,,,,,,,,,,,,,,,,,,,,,,,,,,,,,,,,,,,,,,,,,,,,,,,,,,,,,,,,,,,,,,,,,,,,,,,,,,,
10,43013312650000,40.3770,-110.2174,MONSEN 2-22A3,UT CRC,"TC, TOC, HAWK, XRD",,E220209-048,,12500,12510,Green River,Uteland Butte,1.74,,0.37,0.53,0.47,342,,,,,,,,,,,,,,,,,,,,,,,,,,,,,,,,,,,,,,,,,,,,,,,,,,,,,,,,,,,,,,,,,,,,,,,,,,,,,,,,,,,,,,,
10,43013312650000,40.3770,-110.2174,MONSEN 2-22A3,UT CRC,"TC, TOC, HAWK, XRD",,E220209-049,,12510,12520,Green River,Uteland Butte,1.66,,0.27,0.42,0.55,346,,,,,,,,,,,,,,,,,,,,,,,,,,,,,,,,,,,,,,,,,,,,,,,,,,,,,,,,,,,,,,,,,,,,,,,,,,,,,,,,,,,,,,,
10,43013312650000,40.3770,-110.2174,MONSEN 2-22A3,UT CRC,"TC, TOC, HAWK, XRD",,E220209-050,,12520,12530,Green River,Uteland Butte,1.8,0.2,0.27,0.31,0.57,338,,,,,,,,,,,,,,,,,,,,,,,,,,,,,,,,,,,,,,,,,,,,,,,,,,,,,,,,,,,,,,,,,,,,,,,,,,,,,,,,,,,,,,,
10,43013312650000,40.3770,-110.2174,MONSEN 2-22A3,UT CRC,"TC, TOC, HAWK, XRD",,E220209-051,,12530,12540,Green River,Uteland Butte,2.03,0.28,0.35,0.64,0.53,429,,,,,,,,,,,,,,,,,,,,,,,,,,,,,,,,,,,,,,,,,,,,,,,,,,,,,,,,,,,,,,,,,,,,,,,,,,,,,,,,,,,,,,,
10,43013312650000,40.3770,-110.2174,MONSEN 2-22A3,UT CRC,"TC, TOC, HAWK, XRD",,E220209-052,,12540,12550,Green River,Uteland Butte,2.73,0.6,0.52,1.24,0.69,417,,,,,,,,,,,,,,,,,,,,,,,,,,,,,,,,,,,,,,,,,,,,,,,,,,,,,,,,,,,,,,,,,,,,,,,,,,,,,,,,,,,,,,,
10,43013312650000,40.3770,-110.2174,MONSEN 2-22A3,UT CRC,"TC, TOC, HAWK, XRD",,E220209-053,,12550,12560,Green River,Uteland Butte,4.34,1.18,1.13,4.73,0.6,444,,,,,,,,,,,,,,,,,,,,,,,,,,,,,,,,,,,,,,,,,,,,,,,,,,,,,,,,,,,,,,,,,,,,,,,,,,,,,,,,,,,,,,,
10,43013312650000,40.3770,-110.2174,MONSEN 2-22A3,UT CRC,"TC, TOC, HAWK, XRD",,E220209-054,,12560,12570,Green River,Uteland Butte,2.22,0.36,0.63,0.61,0.45,421,,,,,,,,,,,,,,,,,,,,,,,,,,,,,,,,,,,,,,,,,,,,,,,,,,,,,,,,,,,,,,,,,,,,,,,,,,,,,,,,,,,,,,,
10,43013312650000,40.3770,-110.2174,MONSEN 2-22A3,UT CRC,"TC, TOC, HAWK, XRD",,E220209-055,,12570,12580,Green River,Uteland Butte,3.47,1.16,1.66,4.97,0.69,409,,,,,,,,,,,,,,,,,,,,,,,,,,,,,,,,,,,,,,,,,,,,,,,,,,,,,,,,,,,,,,,,,,,,,,,,,,,,,,,,,,,,,,,
10,43013312650000,40.3770,-110.2174,MONSEN 2-22A3,UT CRC,"TC, TOC, HAWK, XRD",,E220209-056,,12580,12590,Green River,Uteland Butte,2.71,0.6,1.04,1.24,0.68,421,,,,,,,,,,,,,,,,,,,,,,,,,,,,,,,,,,,,,,,,,,,,,,,,,,,,,,,,,,,,,,,,,,,,,,,,,,,,,,,,,,,,,,,
10,43013312650000,40.3770,-110.2174,MONSEN 2-22A3,UT CRC,"TC, TOC, HAWK, XRD",,E220209-057,,12590,12600,Green River,Uteland Butte,4.4,1.48,2.9,9.44,2.16,431,,,,,,,,,,,,,,,,,,,,,,,,,,,,,,,,,,,,,,,,,,,,,,,,,,,,,,,,,,,,,,,,,,,,,,,,,,,,,,,,,,,,,,,
10,43013312650000,40.3770,-110.2174,MONSEN 2-22A3,UT CRC,"TC, TOC, HAWK, XRD",,E220209-058,,12600,12610,Green River,Uteland Butte,4.08,1.26,2.68,6.47,1.61,408,,,,,,,,,,,,,,,,,,,,,,,,,,,,,,,,,,,,,,,,,,,,,,,,,,,,,,,,,,,,,,,,,,,,,,,,,,,,,,,,,,,,,,,
10,43013312650000,40.3770,-110.2174,MONSEN 2-22A3,UT CRC,"TC, TOC, HAWK, XRD",,E220209-059,,12610,12620,Green River,Uteland Butte,3.68,0.65,0.46,1.52,1.11,432,,,,,,,,,,,,,,,,,,,,,,,,,,,,,,,,,,,,,,,,,,,,,,,,,,,,,,,,,,,,,,,,,,,,,,,,,,,,,,,,,,,,,,,
10,43013312650000,40.3770,-110.2174,MONSEN 2-22A3,UT CRC,"TC, TOC, HAWK, XRD",,E220209-060,,12620,12630,Green River,Uteland Butte,3.1,0.53,0.43,1.33,0.7,425,,,,,,,,,,,,,,,,,,,,,,,,,,,,,,,,,,,,,,,,,,,,,,,,,,,,,,,,,,,,,,,,,,,,,,,,,,,,,,,,,,,,,,,
10,43013314010000,40.3714,-110.2127,MONSEN 3-27A3,UT CRC,"TC, TOC, HAWK, XRD",,E220210-001,,12160,12170,Green River,Uteland Butte,2.9,0.72,1.13,2.43,0.76,445,,,,,,,,,,,,,,,,,,,,,,,,,,,,,,,,,,,,,,,,,,,,,,,,,,,,,,,,,,,,,,,,,,,,,,,,,,,,,,,,,,,,,,,
10,43013314010000,40.3714,-110.2127,MONSEN 3-27A3,UT CRC,"TC, TOC, HAWK, XRD",,E220210-002,,12170,12180,Green River,Uteland Butte,2.78,0.59,1.06,1.94,0.62,444,,,,,,,,,,,,,,,,,,,,,,,,,,,,,,,,,,,,,,,,,,,,,,,,,,,,,,,,,,,,,,,,,,,,,,,,,,,,,,,,,,,,,,,
10,43013314010000,40.3714,-110.2127,MONSEN 3-27A3,UT CRC,"TC, TOC, HAWK, XRD",,E220210-003,,12190,12200,Green River,Uteland Butte,2.53,0.47,0.8,1.67,0.42,447,,,,,,,,,,,,,,,,,,,,,,,,,,,,,,,,,,,,,,,,,,,,,,,,,,,,,,,,,,,,,,,,,,,,,,,,,,,,,,,,,,,,,,,
10,43013314010000,40.3714,-110.2127,MONSEN 3-27A3,UT CRC,"TC, TOC, HAWK, XRD",,E220210-004,,12200,12210,Green River,Uteland Butte,3.37,0.82,1.53,2.64,0.44,446,,,,,,,,,,,,,,,,,,,,,,,,,,,,,,,,,,,,,,,,,,,,,,,,,,,,,,,,,,,,,,,,,,,,,,,,,,,,,,,,,,,,,,,
10,43013314010000,40.3714,-110.2127,MONSEN 3-27A3,UT CRC,"TC, TOC, HAWK, XRD",,E220210-005,,12210,12220,Green River,Uteland Butte,1.87,0.39,0.73,1.14,0.25,445,,,,,,,,,,,,,,,,,,,,,,,,,,,,,,,,,,,,,,,,,,,,,,,,,,,,,,,,,,,,,,,,,,,,,,,,,,,,,,,,,,,,,,,
10,43013314010000,40.3714,-110.2127,MONSEN 3-27A3,UT CRC,"TC, TOC, HAWK, XRD",,E220210-006,,12240,12250,Green River,Uteland Butte,2.92,0.81,1.75,1.88,0.54,443,,,,,,,,,,,,,,,,,,,,,,,,,,,,,,,,,,,,,,,,,,,,,,,,,,,,,,,,,,,,,,,,,,,,,,,,,,,,,,,,,,,,,,,
10,43013314010000,40.3714,-110.2127,MONSEN 3-27A3,UT CRC,"TC, TOC, HAWK, XRD",,E220210-007,,12250,12260,Green River,Uteland Butte,2.55,0.53,1.65,1.51,0.46,445,,,,,,,,,,,,,,,,,,,,,,,,,,,,,,,,,,,,,,,,,,,,,,,,,,,,,,,,,,,,,,,,,,,,,,,,,,,,,,,,,,,,,,,
10,43013314010000,40.3714,-110.2127,MONSEN 3-27A3,UT CRC,"TC, TOC, HAWK, XRD",,E220210-008,,12260,12270,Green River,Uteland Butte,2.82,0.58,1.18,1.69,0.49,445,,,,,,,,,,,,,,,,,,,,,,,,,,,,,,,,,,,,,,,,,,,,,,,,,,,,,,,,,,,,,,,,,,,,,,,,,,,,,,,,,,,,,,,
10,43013314010000,40.3714,-110.2127,MONSEN 3-27A3,UT CRC,"TC, TOC, HAWK, XRD",,E220210-009,,12270,12280,Green River,Uteland Butte,2.66,0.55,1.08,1.49,0.28,444,,,,,,,,,,,,,,,,,,,,,,,,,,,,,,,,,,,,,,,,,,,,,,,,,,,,,,,,,,,,,,,,,,,,,,,,,,,,,,,,,,,,,,,
11,43013314010000,40.3714,-110.2127,MONSEN 3-27A3,UT CRC,"TC, TOC, HAWK, XRD",,E220210-010,,12280,12290,Green River,Uteland Butte,3.02,0.58,1.15,1.74,0.46,446,,,,,,,,,,,,,,,,,,,,,,,,,,,,,,,,,,,,,,,,,,,,,,,,,,,,,,,,,,,,,,,,,,,,,,,,,,,,,,,,,,,,,,,
11,43013314010000,40.3714,-110.2127,MONSEN 3-27A3,UT CRC,"TC, TOC, HAWK, XRD",,E220210-011,,12290,12300,Green River,Uteland Butte,2.86,0.51,1.13,1.58,0.28,445,,,,,,,,,,,,,,,,,,,,,,,,,,,,,,,,,,,,,,,,,,,,,,,,,,,,,,,,,,,,,,,,,,,,,,,,,,,,,,,,,,,,,,,
11,43013314010000,40.3714,-110.2127,MONSEN 3-27A3,UT CRC,"TC, TOC, HAWK, XRD",,E220210-012,,12300,12310,Green River,Uteland Butte,3.48,0.71,1.24,2.3,0.54,446,,,,,,,,,,,,,,,,,,,,,,,,,,,,,,,,,,,,,,,,,,,,,,,,,,,,,,,,,,,,,,,,,,,,,,,,,,,,,,,,,,,,,,,
11,43013314010000,40.3714,-110.2127,MONSEN 3-27A3,UT CRC,"TC, TOC, HAWK, XRD",,E220210-013,,12310,12320,Green River,Uteland Butte,2.21,0.35,0.63,1.15,0.57,444,,,,,,,,,,,,,,,,,,,,,,,,,,,,,,,,,,,,,,,,,,,,,,,,,,,,,,,,,,,,,,,,,,,,,,,,,,,,,,,,,,,,,,,
11,43013314010000,40.3714,-110.2127,MONSEN 3-27A3,UT CRC,"TC, TOC, HAWK, XRD",,E220210-014,,12320,12330,Green River,Uteland Butte,3.07,0.44,0.96,1.46,0.63,444,,,,,,,,,,,,,,,,,,,,,,,,,,,,,,,,,,,,,,,,,,,,,,,,,,,,,,,,,,,,,,,,,,,,,,,,,,,,,,,,,,,,,,,
11,43013314010000,40.3714,-110.2127,MONSEN 3-27A3,UT CRC,"TC, TOC, HAWK, XRD",,E220210-015,,12330,12340,Green River,Uteland Butte,2.68,0.42,0.59,1.24,0.59,443,,,,,,,,,,,,,,,,,,,,,,,,,,,,,,,,,,,,,,,,,,,,,,,,,,,,,,,,,,,,,,,,,,,,,,,,,,,,,,,,,,,,,,,
11,43013314010000,40.3714,-110.2127,MONSEN 3-27A3,UT CRC,"TC, TOC, HAWK, XRD",,E220210-016,,12340,12350,Green River,Uteland Butte,2.35,0.46,0.7,1.42,0.74,443,,,,,,,,,,,,,,,,,,,,,,,,,,,,,,,,,,,,,,,,,,,,,,,,,,,,,,,,,,,,,,,,,,,,,,,,,,,,,,,,,,,,,,,
11,43013314010000,40.3714,-110.2127,MONSEN 3-27A3,UT CRC,"TC, TOC, HAWK, XRD",,E220210-017,,12350,12360,Green River,Uteland Butte,2.32,0.43,0.82,1.53,0.65,444,,,,,,,,,,,,,,,,,,,,,,,,,,,,,,,,,,,,,,,,,,,,,,,,,,,,,,,,,,,,,,,,,,,,,,,,,,,,,,,,,,,,,,,
11,43013314010000,40.3714,-110.2127,MONSEN 3-27A3,UT CRC,"TC, TOC, HAWK, XRD",,E220210-018,,12380,12390,Green River,Uteland Butte,1.49,0.22,0.43,0.75,0.54,445,,,,,,,,,,,,,,,,,,,,,,,,,,,,,,,,,,,,,,,,,,,,,,,,,,,,,,,,,,,,,,,,,,,,,,,,,,,,,,,,,,,,,,,
11,43013314010000,40.3714,-110.2127,MONSEN 3-27A3,UT CRC,"TC, TOC, HAWK, XRD",,E220210-019,,12390,12400,Green River,Uteland Butte,1.93,0.28,0.68,0.91,0.4,444,,,,,,,,,,,,,,,,,,,,,,,,,,,,,,,,,,,,,,,,,,,,,,,,,,,,,,,,,,,,,,,,,,,,,,,,,,,,,,,,,,,,,,,
11,43013314010000,40.3714,-110.2127,MONSEN 3-27A3,UT CRC,"TC, TOC, HAWK, XRD",,E220210-020,,12400,12410,Green River,Uteland Butte,2.01,0.21,0.38,0.64,0.32,444,,,,,,,,,,,,,,,,,,,,,,,,,,,,,,,,,,,,,,,,,,,,,,,,,,,,,,,,,,,,,,,,,,,,,,,,,,,,,,,,,,,,,,,
11,43013314010000,40.3714,-110.2127,MONSEN 3-27A3,UT CRC,"TC, TOC, HAWK, XRD",,E220210-021,,12410,12420,Green River,Uteland Butte,2.23,0.48,0.75,1.31,0.38,442,,,,,,,,,,,,,,,,,,,,,,,,,,,,,,,,,,,,,,,,,,,,,,,,,,,,,,,,,,,,,,,,,,,,,,,,,,,,,,,,,,,,,,,
12,43013314010000,40.3714,-110.2127,MONSEN 3-27A3,UT CRC,"TC, TOC, HAWK, XRD",,E220210-022,,12420,12430,Green River,Uteland Butte,3.29,0.68,1.3,1.97,0.43,444,,,,,,,,,,,,,,,,,,,,,,,,,,,,,,,,,,,,,,,,,,,,,,,,,,,,,,,,,,,,,,,,,,,,,,,,,,,,,,,,,,,,,,,
12,43013314010000,40.3714,-110.2127,MONSEN 3-27A3,UT CRC,"TC, TOC, HAWK, XRD",,E220210-023,,12430,12440,Green River,Uteland Butte,2.96,0.55,0.93,1.48,0.53,444,,,,,,,,,,,,,,,,,,,,,,,,,,,,,,,,,,,,,,,,,,,,,,,,,,,,,,,,,,,,,,,,,,,,,,,,,,,,,,,,,,,,,,,
12,43013314010000,40.3714,-110.2127,MONSEN 3-27A3,UT CRC,"TC, TOC, HAWK, XRD",,E220210-024,,12450,12460,Green River,Uteland Butte,2.35,0.4,0.71,1.1,0.42,442,,,,,,,,,,,,,,,,,,,,,,,,,,,,,,,,,,,,,,,,,,,,,,,,,,,,,,,,,,,,,,,,,,,,,,,,,,,,,,,,,,,,,,,
12,43013314010000,40.3714,-110.2127,MONSEN 3-27A3,UT CRC,"TC, TOC, HAWK, XRD",,E220210-025,,12460,12470,Green River,Uteland Butte,2.17,0.41,0.67,1.31,0.46,443,,,,,,,,,,,,,,,,,,,,,,,,,,,,,,,,,,,,,,,,,,,,,,,,,,,,,,,,,,,,,,,,,,,,,,,,,,,,,,,,,,,,,,,
12,43013313400000,40.3613,-110.1969,UTE 2-26A3,UT CRC,"TC, TOC, HAWK, XRD",,E220210-026,,11820,11830,Green River,Uteland Butte,3.08,0.76,0.71,2.41,0.52,444,,,,,,,,,,,,,,,,,,,,,,,,,,,,,,,,,,,,,,,,,,,,,,,,,,,,,,,,,,,,,,,,,,,,,,,,,,,,,,,,,,,,,,,
12,43013313400000,40.3613,-110.1969,UTE 2-26A3,UT CRC,"TC, TOC, HAWK, XRD",,E220210-027,,11830,11840,Green River,Uteland Butte,3.59,0.85,0.82,2.86,0.7,444,,,,,,,,,,,,,,,,,,,,,,,,,,,,,,,,,,,,,,,,,,,,,,,,,,,,,,,,,,,,,,,,,,,,,,,,,,,,,,,,,,,,,,,
12,43013313400000,40.3613,-110.1969,UTE 2-26A3,UT CRC,"TC, TOC, HAWK, XRD",,E220210-028,,11840,11850,Green River,Uteland Butte,3.59,0.89,0.79,2.97,0.45,444,,,,,,,,,,,,,,,,,,,,,,,,,,,,,,,,,,,,,,,,,,,,,,,,,,,,,,,,,,,,,,,,,,,,,,,,,,,,,,,,,,,,,,,
12,43013313400000,40.3613,-110.1969,UTE 2-26A3,UT CRC,"TC, TOC, HAWK, XRD",,E220210-029,,11850,11860,Green River,Uteland Butte,3.4,0.85,0.67,2.81,0.71,444,,,,,,,,,,,,,,,,,,,,,,,,,,,,,,,,,,,,,,,,,,,,,,,,,,,,,,,,,,,,,,,,,,,,,,,,,,,,,,,,,,,,,,,
12,43013313400000,40.3613,-110.1969,UTE 2-26A3,UT CRC,"TC, TOC, HAWK, XRD",,E220210-030,,11860,11870,Green River,Uteland Butte,3.85,0.86,0.78,3,0.68,443,,,,,,,,,,,,,,,,,,,,,,,,,,,,,,,,,,,,,,,,,,,,,,,,,,,,,,,,,,,,,,,,,,,,,,,,,,,,,,,,,,,,,,,
12,43013313400000,40.3613,-110.1969,UTE 2-26A3,UT CRC,"TC, TOC, HAWK, XRD",,E220210-031,,11870,11880,Green River,Uteland Butte,3.9,0.97,0.79,3.35,0.71,443,,,,,,,,,,,,,,,,,,,,,,,,,,,,,,,,,,,,,,,,,,,,,,,,,,,,,,,,,,,,,,,,,,,,,,,,,,,,,,,,,,,,,,,
12,43013313400000,40.3613,-110.1969,UTE 2-26A3,UT CRC,"TC, TOC, HAWK, XRD",,E220210-032,,11880,11890,Green River,Uteland Butte,4.27,0.92,0.84,3.24,0.58,443,,,,,,,,,,,,,,,,,,,,,,,,,,,,,,,,,,,,,,,,,,,,,,,,,,,,,,,,,,,,,,,,,,,,,,,,,,,,,,,,,,,,,,,
12,43013313400000,40.3613,-110.1969,UTE 2-26A3,UT CRC,"TC, TOC, HAWK, XRD",,E220210-033,,11890,11900,Green River,Uteland Butte,3.94,0.73,0.68,2.32,0.55,443,,,,,,,,,,,,,,,,,,,,,,,,,,,,,,,,,,,,,,,,,,,,,,,,,,,,,,,,,,,,,,,,,,,,,,,,,,,,,,,,,,,,,,,
12,43013313400000,40.3613,-110.1969,UTE 2-26A3,UT CRC,"TC, TOC, HAWK, XRD",,E220210-034,,11900,11910,Green River,Uteland Butte,4.09,0.81,0.68,2.88,0.73,443,,,,,,,,,,,,,,,,,,,,,,,,,,,,,,,,,,,,,,,,,,,,,,,,,,,,,,,,,,,,,,,,,,,,,,,,,,,,,,,,,,,,,,,
13,43013313400000,40.3613,-110.1969,UTE 2-26A3,UT CRC,"TC, TOC, HAWK, XRD",,E220210-035,,11910,11920,Green River,Uteland Butte,3.22,0.65,0.66,2.15,0.51,443,,,,,,,,,,,,,,,,,,,,,,,,,,,,,,,,,,,,,,,,,,,,,,,,,,,,,,,,,,,,,,,,,,,,,,,,,,,,,,,,,,,,,,,
13,43013313400000,40.3613,-110.1969,UTE 2-26A3,UT CRC,"TC, TOC, HAWK, XRD",,E220210-036,,11920,11930,Green River,Uteland Butte,2.5,0.39,0.38,1.14,0.48,444,,,,,,,,,,,,,,,,,,,,,,,,,,,,,,,,,,,,,,,,,,,,,,,,,,,,,,,,,,,,,,,,,,,,,,,,,,,,,,,,,,,,,,,
13,43013313400000,40.3613,-110.1969,UTE 2-26A3,UT CRC,"TC, TOC, HAWK, XRD",,E220210-037,,11930,11940,Green River,Uteland Butte,3.08,0.67,0.58,2.28,0.73,445,,,,,,,,,,,,,,,,,,,,,,,,,,,,,,,,,,,,,,,,,,,,,,,,,,,,,,,,,,,,,,,,,,,,,,,,,,,,,,,,,,,,,,,
13,43013313400000,40.3613,-110.1969,UTE 2-26A3,UT CRC,"TC, TOC, HAWK, XRD",,E220210-038,,11940,11950,Green River,Uteland Butte,3.51,0.81,0.65,2.75,0.67,444,,,,,,,,,,,,,,,,,,,,,,,,,,,,,,,,,,,,,,,,,,,,,,,,,,,,,,,,,,,,,,,,,,,,,,,,,,,,,,,,,,,,,,,
13,43013313400000,40.3613,-110.1969,UTE 2-26A3,UT CRC,"TC, TOC, HAWK, XRD",,E220210-039,,11950,11960,Green River,Uteland Butte,3.32,0.74,0.58,2.44,0.63,445,,,,,,,,,,,,,,,,,,,,,,,,,,,,,,,,,,,,,,,,,,,,,,,,,,,,,,,,,,,,,,,,,,,,,,,,,,,,,,,,,,,,,,,
13,43013313400000,40.3613,-110.1969,UTE 2-26A3,UT CRC,"TC, TOC, HAWK, XRD",,E220210-040,,11960,11970,Green River,Uteland Butte,3.46,0.77,0.64,2.66,0.75,445,,,,,,,,,,,,,,,,,,,,,,,,,,,,,,,,,,,,,,,,,,,,,,,,,,,,,,,,,,,,,,,,,,,,,,,,,,,,,,,,,,,,,,,
13,43013313400000,40.3613,-110.1969,UTE 2-26A3,UT CRC,"TC, TOC, HAWK, XRD",,E220210-041,,11970,11980,Green River,Uteland Butte,3.49,0.76,0.6,2.54,0.58,445,,,,,,,,,,,,,,,,,,,,,,,,,,,,,,,,,,,,,,,,,,,,,,,,,,,,,,,,,,,,,,,,,,,,,,,,,,,,,,,,,,,,,,,
13,43013313400000,40.3613,-110.1969,UTE 2-26A3,UT CRC,"TC, TOC, HAWK, XRD",,E220210-042,,11980,11990,Green River,Uteland Butte,3.65,0.82,0.7,3.01,0.75,445,,,,,,,,,,,,,,,,,,,,,,,,,,,,,,,,,,,,,,,,,,,,,,,,,,,,,,,,,,,,,,,,,,,,,,,,,,,,,,,,,,,,,,,
13,43013313400000,40.3613,-110.1969,UTE 2-26A3,UT CRC,"TC, TOC, HAWK, XRD",,E220210-043,,11990,12000,Green River,Uteland Butte,3.75,0.9,0.77,3.2,0.65,445,,,,,,,,,,,,,,,,,,,,,,,,,,,,,,,,,,,,,,,,,,,,,,,,,,,,,,,,,,,,,,,,,,,,,,,,,,,,,,,,,,,,,,,
13,43013313400000,40.3613,-110.1969,UTE 2-26A3,UT CRC,"TC, TOC, HAWK, XRD",,E220210-044,,12000,12010,Green River,Uteland Butte,3.8,0.88,0.89,3.43,0.56,445,,,,,,,,,,,,,,,,,,,,,,,,,,,,,,,,,,,,,,,,,,,,,,,,,,,,,,,,,,,,,,,,,,,,,,,,,,,,,,,,,,,,,,,
14,43013313400000,40.3613,-110.1969,UTE 2-26A3,UT CRC,"TC, TOC, HAWK, XRD",,E220210-045,,12010,12020,Green River,Uteland Butte,3.77,0.73,0.88,2.57,0.51,445,,,,,,,,,,,,,,,,,,,,,,,,,,,,,,,,,,,,,,,,,,,,,,,,,,,,,,,,,,,,,,,,,,,,,,,,,,,,,,,,,,,,,,,
14,43013313400000,40.3613,-110.1969,UTE 2-26A3,UT CRC,"TC, TOC, HAWK, XRD",,E220210-046,,12020,12030,Green River,Uteland Butte,3.8,0.81,0.93,2.76,0.33,443,,,,,,,,,,,,,,,,,,,,,,,,,,,,,,,,,,,,,,,,,,,,,,,,,,,,,,,,,,,,,,,,,,,,,,,,,,,,,,,,,,,,,,,
14,43013313400000,40.3613,-110.1969,UTE 2-26A3,UT CRC,"TC, TOC, HAWK, XRD",,E220210-047,,12030,12040,Green River,Uteland Butte,3.59,0.68,0.93,2.42,0.4,443,,,,,,,,,,,,,,,,,,,,,,,,,,,,,,,,,,,,,,,,,,,,,,,,,,,,,,,,,,,,,,,,,,,,,,,,,,,,,,,,,,,,,,,
14,43013313400000,40.3613,-110.1969,UTE 2-26A3,UT CRC,"TC, TOC, HAWK, XRD",,E220210-048,,12040,12050,Green River,Uteland Butte,3.89,0.85,1.2,2.96,0.53,445,,,,,,,,,,,,,,,,,,,,,,,,,,,,,,,,,,,,,,,,,,,,,,,,,,,,,,,,,,,,,,,,,,,,,,,,,,,,,,,,,,,,,,,
14,43013313400000,40.3613,-110.1969,UTE 2-26A3,UT CRC,"TC, TOC, HAWK, XRD",,E220210-049,,12060,12070,Green River,Uteland Butte,3.51,0.83,1.72,4.48,1.14,364,,,,,,,,,,,,,,,,,,,,,,,,,,,,,,,,,,,,,,,,,,,,,,,,,,,,,,,,,,,,,,,,,,,,,,,,,,,,,,,,,,,,,,,
14,43013313400000,40.3613,-110.1969,UTE 2-26A3,UT CRC,"TC, TOC, HAWK, XRD",,E220210-050,,12070,12080,Green River,Uteland Butte,3.28,0.55,1.27,2.13,1.37,440,,,,,,,,,,,,,,,,,,,,,,,,,,,,,,,,,,,,,,,,,,,,,,,,,,,,,,,,,,,,,,,,,,,,,,,,,,,,,,,,,,,,,,,
14,43013313400000,40.3613,-110.1969,UTE 2-26A3,UT CRC,"TC, TOC, HAWK, XRD",,E220210-051,,12100,12110,Green River,Uteland Butte,1.7,0.5,1.55,2.34,1,357,,,,,,,,,,,,,,,,,,,,,,,,,,,,,,,,,,,,,,,,,,,,,,,,,,,,,,,,,,,,,,,,,,,,,,,,,,,,,,,,,,,,,,,
14,43013313400000,40.3613,-110.1969,UTE 2-26A3,UT CRC,"TC, TOC, HAWK, XRD",,E220210-052,,12110,12120,Green River,Uteland Butte,2.14,0.36,0.75,1.51,1.01,387,,,,,,,,,,,,,,,,,,,,,,,,,,,,,,,,,,,,,,,,,,,,,,,,,,,,,,,,,,,,,,,,,,,,,,,,,,,,,,,,,,,,,,,
14,43013313400000,40.3613,-110.1969,UTE 2-26A3,UT CRC,"TC, TOC, HAWK, XRD",,E220210-053,,12120,12130,Green River,Uteland Butte,2.31,0.54,1.16,2.21,0.96,393,,,,,,,,,,,,,,,,,,,,,,,,,,,,,,,,,,,,,,,,,,,,,,,,,,,,,,,,,,,,,,,,,,,,,,,,,,,,,,,,,,,,,,,
14,43013313400000,40.3613,-110.1969,UTE 2-26A3,UT CRC,"TC, TOC, HAWK, XRD",,E220210-054,,12130,12140,Green River,Uteland Butte,2.13,0.33,0.76,1.06,0.96,440,,,,,,,,,,,,,,,,,,,,,,,,,,,,,,,,,,,,,,,,,,,,,,,,,,,,,,,,,,,,,,,,,,,,,,,,,,,,,,,,,,,,,,,
14,43013313400000,40.3613,-110.1969,UTE 2-26A3,UT CRC,"TC, TOC, HAWK, XRD",,E220210-055,,12140,12150,Green River,Uteland Butte,2.15,0.36,0.85,1.5,0.85,372,,,,,,,,,,,,,,,,,,,,,,,,,,,,,,,,,,,,,,,,,,,,,,,,,,,,,,,,,,,,,,,,,,,,,,,,,,,,,,,,,,,,,,,
14,43013313400000,40.3613,-110.1969,UTE 2-26A3,UT CRC,"TC, TOC, HAWK, XRD",,E220210-056,,12150,12160,Green River,Uteland Butte,2.01,0.48,1.16,2.06,0.7,355,,,,,,,,,,,,,,,,,,,,,,,,,,,,,,,,,,,,,,,,,,,,,,,,,,,,,,,,,,,,,,,,,,,,,,,,,,,,,,,,,,,,,,,
14,43013313650000,40.3549,-110.197,#3- 35A3 UTE,UT CRC,"TC, TOC, HAWK, XRD",,E220211-001,,11680,11690,Green River,Uteland Butte,4.56,1.42,0.97,5.12,0.56,444,,,,,,,,,,,,,,,,,,,,,,,,,,,,,,,,,,,,,,,,,,,,,,,,,,,,,,,,,,,,,,,,,,,,,,,,,,,,,,,,,,,,,,,
14,43013313650000,40.3549,-110.197,#3- 35A3 UTE,UT CRC,"TC, TOC, HAWK, XRD",,E220211-002,,11690,11700,Green River,Uteland Butte,4.58,1.54,1.07,5.48,0.44,445,,,,,,,,,,,,,,,,,,,,,,,,,,,,,,,,,,,,,,,,,,,,,,,,,,,,,,,,,,,,,,,,,,,,,,,,,,,,,,,,,,,,,,,
14,43013313650000,40.3549,-110.197,#3- 35A3 UTE,UT CRC,"TC, TOC, HAWK, XRD",,E220211-003,,11700,11710,Green River,Uteland Butte,4.49,1.38,1.06,4.6,0.34,444,,,,,,,,,,,,,,,,,,,,,,,,,,,,,,,,,,,,,,,,,,,,,,,,,,,,,,,,,,,,,,,,,,,,,,,,,,,,,,,,,,,,,,,
14,43013313650000,40.3549,-110.197,#3- 35A3 UTE,UT CRC,"TC, TOC, HAWK, XRD",,E220211-004,,11710,11720,Green River,Uteland Butte,4.87,1.3,0.99,4.24,0.37,444,,,,,,,,,,,,,,,,,,,,,,,,,,,,,,,,,,,,,,,,,,,,,,,,,,,,,,,,,,,,,,,,,,,,,,,,,,,,,,,,,,,,,,,
14,43013313650000,40.3549,-110.197,#3- 35A3 UTE,UT CRC,"TC, TOC, HAWK, XRD",,E220211-005,,11720,11730,Green River,Uteland Butte,5.12,1.13,0.73,3.75,0.32,444,,,,,,,,,,,,,,,,,,,,,,,,,,,,,,,,,,,,,,,,,,,,,,,,,,,,,,,,,,,,,,,,,,,,,,,,,,,,,,,,,,,,,,,
14,43013313650000,40.3549,-110.197,#3- 35A3 UTE,UT CRC,"TC, TOC, HAWK, XRD",,E220211-006,,11730,11740,Green River,Uteland Butte,4.89,1.4,0.68,5.1,0.34,446,,,,,,,,,,,,,,,,,,,,,,,,,,,,,,,,,,,,,,,,,,,,,,,,,,,,,,,,,,,,,,,,,,,,,,,,,,,,,,,,,,,,,,,
14,43013313650000,40.3549,-110.197,#3- 35A3 UTE,UT CRC,"TC, TOC, HAWK, XRD",,E220211-007,,11740,11750,Green River,Uteland Butte,4.53,1.18,0.8,4.02,0.45,444,,,,,,,,,,,,,,,,,,,,,,,,,,,,,,,,,,,,,,,,,,,,,,,,,,,,,,,,,,,,,,,,,,,,,,,,,,,,,,,,,,,,,,,
14,43013313650000,40.3549,-110.197,#3- 35A3 UTE,UT CRC,"TC, TOC, HAWK, XRD",,E220211-008,,11750,11760,Green River,Uteland Butte,4.76,1.28,0.87,4.74,0.32,444,,,,,,,,,,,,,,,,,,,,,,,,,,,,,,,,,,,,,,,,,,,,,,,,,,,,,,,,,,,,,,,,,,,,,,,,,,,,,,,,,,,,,,,
14,43013313650000,40.3549,-110.197,#3- 35A3 UTE,UT CRC,"TC, TOC, HAWK, XRD",,E220211-009,,11760,11770,Green River,Uteland Butte,4.44,1.08,0.75,3.57,0.4,444,,,,,,,,,,,,,,,,,,,,,,,,,,,,,,,,,,,,,,,,,,,,,,,,,,,,,,,,,,,,,,,,,,,,,,,,,,,,,,,,,,,,,,,
14,43013313650000,40.3549,-110.197,#3- 35A3 UTE,UT CRC,"TC, TOC, HAWK, XRD",,E220211-010,,11770,11780,Green River,Uteland Butte,4.69,0.94,0.62,3.12,0.42,444,,,,,,,,,,,,,,,,,,,,,,,,,,,,,,,,,,,,,,,,,,,,,,,,,,,,,,,,,,,,,,,,,,,,,,,,,,,,,,,,,,,,,,,
14,43013313650000,40.3549,-110.197,#3- 35A3 UTE,UT CRC,"TC, TOC, HAWK, XRD",,E220211-011,,11780,11790,Green River,Uteland Butte,4.08,1.05,0.72,3.54,0.35,445,,,,,,,,,,,,,,,,,,,,,,,,,,,,,,,,,,,,,,,,,,,,,,,,,,,,,,,,,,,,,,,,,,,,,,,,,,,,,,,,,,,,,,,
14,43013313650000,40.3549,-110.197,#3- 35A3 UTE,UT CRC,"TC, TOC, HAWK, XRD",,E220211-012,,11790,11800,Green River,Uteland Butte,4.37,1.05,0.75,3.6,0.43,444,,,,,,,,,,,,,,,,,,,,,,,,,,,,,,,,,,,,,,,,,,,,,,,,,,,,,,,,,,,,,,,,,,,,,,,,,,,,,,,,,,,,,,,
14,43013313650000,40.3549,-110.197,#3- 35A3 UTE,UT CRC,"TC, TOC, HAWK, XRD",,E220211-013,,11800,11810,Green River,Uteland Butte,4.38,1.01,1,2.95,0.38,445,,,,,,,,,,,,,,,,,,,,,,,,,,,,,,,,,,,,,,,,,,,,,,,,,,,,,,,,,,,,,,,,,,,,,,,,,,,,,,,,,,,,,,,
14,43013313650000,40.3549,-110.197,#3- 35A3 UTE,UT CRC,"TC, TOC, HAWK, XRD",,E220211-014,,11810,11820,Green River,Uteland Butte,3.49,0.84,0.71,2.42,0.5,446,,,,,,,,,,,,,,,,,,,,,,,,,,,,,,,,,,,,,,,,,,,,,,,,,,,,,,,,,,,,,,,,,,,,,,,,,,,,,,,,,,,,,,,
14,43013313650000,40.3549,-110.197,#3- 35A3 UTE,UT CRC,"TC, TOC, HAWK, XRD",,E220211-015,,11820,11830,Green River,Uteland Butte,4.35,1.13,0.87,3.17,0.44,445,,,,,,,,,,,,,,,,,,,,,,,,,,,,,,,,,,,,,,,,,,,,,,,,,,,,,,,,,,,,,,,,,,,,,,,,,,,,,,,,,,,,,,,
14,43013313650000,40.3549,-110.197,#3- 35A3 UTE,UT CRC,"TC, TOC, HAWK, XRD",,E220211-016,,11830,11840,Green River,Uteland Butte,5.23,1.14,0.84,3.56,0.34,445,,,,,,,,,,,,,,,,,,,,,,,,,,,,,,,,,,,,,,,,,,,,,,,,,,,,,,,,,,,,,,,,,,,,,,,,,,,,,,,,,,,,,,,
14,43013313650000,40.3549,-110.197,#3- 35A3 UTE,UT CRC,"TC, TOC, HAWK, XRD",,E220211-017,,11840,11850,Green River,Uteland Butte,4.48,1.25,0.95,3.66,0.49,445,,,,,,,,,,,,,,,,,,,,,,,,,,,,,,,,,,,,,,,,,,,,,,,,,,,,,,,,,,,,,,,,,,,,,,,,,,,,,,,,,,,,,,,
15,43013313650000,40.3549,-110.197,#3- 35A3 UTE,UT CRC,"TC, TOC, HAWK, XRD",,E220211-018,,11850,11860,Green River,Uteland Butte,5.45,1.21,0.78,3.88,0.37,444,,,,,,,,,,,,,,,,,,,,,,,,,,,,,,,,,,,,,,,,,,,,,,,,,,,,,,,,,,,,,,,,,,,,,,,,,,,,,,,,,,,,,,,
15,43013313650000,40.3549,-110.197,#3- 35A3 UTE,UT CRC,"TC, TOC, HAWK, XRD",,E220211-019,,11860,11870,Green River,Uteland Butte,5.02,1.22,0.75,4.32,0.49,444,,,,,,,,,,,,,,,,,,,,,,,,,,,,,,,,,,,,,,,,,,,,,,,,,,,,,,,,,,,,,,,,,,,,,,,,,,,,,,,,,,,,,,,
15,43013313650000,40.3549,-110.197,#3- 35A3 UTE,UT CRC,"TC, TOC, HAWK, XRD",,E220211-020,,11870,11880,Green River,Uteland Butte,2.92,0.69,0.46,2.28,0.53,445,,,,,,,,,,,,,,,,,,,,,,,,,,,,,,,,,,,,,,,,,,,,,,,,,,,,,,,,,,,,,,,,,,,,,,,,,,,,,,,,,,,,,,,
15,43013313650000,40.3549,-110.197,#3- 35A3 UTE,UT CRC,"TC, TOC, HAWK, XRD",,E220211-021,,11880,11890,Green River,Uteland Butte,3.19,0.87,0.63,2.93,0.47,444,,,,,,,,,,,,,,,,,,,,,,,,,,,,,,,,,,,,,,,,,,,,,,,,,,,,,,,,,,,,,,,,,,,,,,,,,,,,,,,,,,,,,,,
15,43013313650000,40.3549,-110.197,#3- 35A3 UTE,UT CRC,"TC, TOC, HAWK, XRD",,E220211-022,,11890,11900,Green River,Uteland Butte,3.93,1.16,0.9,4.2,0.52,444,,,,,,,,,,,,,,,,,,,,,,,,,,,,,,,,,,,,,,,,,,,,,,,,,,,,,,,,,,,,,,,,,,,,,,,,,,,,,,,,,,,,,,,
15,43013313650000,40.3549,-110.197,#3- 35A3 UTE,UT CRC,"TC, TOC, HAWK, XRD",,E220211-023,,11900,11910,Green River,Uteland Butte,3.56,1.03,1.13,3.71,0.35,443,,,,,,,,,,,,,,,,,,,,,,,,,,,,,,,,,,,,,,,,,,,,,,,,,,,,,,,,,,,,,,,,,,,,,,,,,,,,,,,,,,,,,,,
15,43013313650000,40.3549,-110.197,#3- 35A3 UTE,UT CRC,"TC, TOC, HAWK, XRD",,E220211-024,,11910,11920,Green River,Uteland Butte,4.54,1.33,0.9,5.15,0.48,445,,,,,,,,,,,,,,,,,,,,,,,,,,,,,,,,,,,,,,,,,,,,,,,,,,,,,,,,,,,,,,,,,,,,,,,,,,,,,,,,,,,,,,,
15,43013313650000,40.3549,-110.197,#3- 35A3 UTE,UT CRC,"TC, TOC, HAWK, XRD",,E220211-025,,11920,11930,Green River,Uteland Butte,4.57,1.22,0.7,4.46,0.36,444,,,,,,,,,,,,,,,,,,,,,,,,,,,,,,,,,,,,,,,,,,,,,,,,,,,,,,,,,,,,,,,,,,,,,,,,,,,,,,,,,,,,,,,
15,43013313650000,40.3549,-110.197,#3- 35A3 UTE,UT CRC,"TC, TOC, HAWK, XRD",,E220211-026,,11930,11940,Green River,Uteland Butte,4.71,1.26,0.68,4.63,0.43,445,,,,,,,,,,,,,,,,,,,,,,,,,,,,,,,,,,,,,,,,,,,,,,,,,,,,,,,,,,,,,,,,,,,,,,,,,,,,,,,,,,,,,,,
15,43013313650000,40.3549,-110.197,#3- 35A3 UTE,UT CRC,"TC, TOC, HAWK, XRD",,E220211-027,,11950,11960,Green River,Uteland Butte,4.3,1,0.51,3.46,0.42,445,,,,,,,,,,,,,,,,,,,,,,,,,,,,,,,,,,,,,,,,,,,,,,,,,,,,,,,,,,,,,,,,,,,,,,,,,,,,,,,,,,,,,,,
15,43013313650000,40.3549,-110.197,#3- 35A3 UTE,UT CRC,"TC, TOC, HAWK, XRD",,E220211-028,,11960,11970,Green River,Uteland Butte,4.52,1.37,0.77,5.16,0.36,445,,,,,,,,,,,,,,,,,,,,,,,,,,,,,,,,,,,,,,,,,,,,,,,,,,,,,,,,,,,,,,,,,,,,,,,,,,,,,,,,,,,,,,,
15,43013313650000,40.3549,-110.197,#3- 35A3 UTE,UT CRC,"TC, TOC, HAWK, XRD",,E220211-029,,11970,11980,Green River,Uteland Butte,4.24,1.2,0.94,4.47,0.38,443,,,,,,,,,,,,,,,,,,,,,,,,,,,,,,,,,,,,,,,,,,,,,,,,,,,,,,,,,,,,,,,,,,,,,,,,,,,,,,,,,,,,,,,
15,43013313650000,40.3549,-110.197,#3- 35A3 UTE,UT CRC,"TC, TOC, HAWK, XRD",,E220211-030,,11980,11990,Green River,Uteland Butte,4.36,1.32,0.84,5.12,0.4,443,,,,,,,,,,,,,,,,,,,,,,,,,,,,,,,,,,,,,,,,,,,,,,,,,,,,,,,,,,,,,,,,,,,,,,,,,,,,,,,,,,,,,,,
15,43013313650000,40.3549,-110.197,#3- 35A3 UTE,UT CRC,"TC, TOC, HAWK, XRD",,E220211-031,,11990,12000,Green River,Uteland Butte,3.24,0.81,0.85,2.76,0.32,446,,,,,,,,,,,,,,,,,,,,,,,,,,,,,,,,,,,,,,,,,,,,,,,,,,,,,,,,,,,,,,,,,,,,,,,,,,,,,,,,,,,,,,,
15,43013313650000,40.3549,-110.197,#3- 35A3 UTE,UT CRC,"TC, TOC, HAWK, XRD",,E220211-032,,12010,12020,Green River,Uteland Butte,6.09,0.51,0.59,1.7,1.17,441,,,,,,,,,,,,,,,,,,,,,,,,,,,,,,,,,,,,,,,,,,,,,,,,,,,,,,,,,,,,,,,,,,,,,,,,,,,,,,,,,,,,,,,
15,43013313650000,40.3549,-110.197,#3- 35A3 UTE,UT CRC,"TC, TOC, HAWK, XRD",,E220211-033,,12020,12030,Green River,Uteland Butte,4.89,0.96,0.66,2.58,3.31,425,,,,,,,,,,,,,,,,,,,,,,,,,,,,,,,,,,,,,,,,,,,,,,,,,,,,,,,,,,,,,,,,,,,,,,,,,,,,,,,,,,,,,,,
15,43013312610000,40.3359,-110.2096,Miles 2-3B3,UT CRC,"TC, TOC, HAWK, XRD",,E220211-034,,11320,11330,Green River,Uteland Butte,3.09,1.83,1.11,4.24,0.64,452,,,,,,,,,,,,,,,,,,,,,,,,,,,,,,,,,,,,,,,,,,,,,,,,,,,,,,,,,,,,,,,,,,,,,,,,,,,,,,,,,,,,,,,
15,43013312610000,40.3359,-110.2096,Miles 2-3B3,UT CRC,"TC, TOC, HAWK, XRD",,E220211-035,,11330,11340,Green River,Uteland Butte,3.2,1.32,1.11,3.07,0.69,447,,,,,,,,,,,,,,,,,,,,,,,,,,,,,,,,,,,,,,,,,,,,,,,,,,,,,,,,,,,,,,,,,,,,,,,,,,,,,,,,,,,,,,,
15,43013312610000,40.3359,-110.2096,Miles 2-3B3,UT CRC,"TC, TOC, HAWK, XRD",,E220211-036,,11340,11350,Green River,Uteland Butte,3.27,1.22,0.89,3.11,0.75,448,,,,,,,,,,,,,,,,,,,,,,,,,,,,,,,,,,,,,,,,,,,,,,,,,,,,,,,,,,,,,,,,,,,,,,,,,,,,,,,,,,,,,,,
15,43013312610000,40.3359,-110.2096,Miles 2-3B3,UT CRC,"TC, TOC, HAWK, XRD",,E220211-037,,11350,11360,Green River,Uteland Butte,3.4,1.55,1.16,3.76,0.76,449,,,,,,,,,,,,,,,,,,,,,,,,,,,,,,,,,,,,,,,,,,,,,,,,,,,,,,,,,,,,,,,,,,,,,,,,,,,,,,,,,,,,,,,
15,43013312610000,40.3359,-110.2096,Miles 2-3B3,UT CRC,"TC, TOC, HAWK, XRD",,E220211-038,,11360,11370,Green River,Uteland Butte,3.81,1.41,1.06,3.46,0.69,449,,,,,,,,,,,,,,,,,,,,,,,,,,,,,,,,,,,,,,,,,,,,,,,,,,,,,,,,,,,,,,,,,,,,,,,,,,,,,,,,,,,,,,,
15,43013312610000,40.3359,-110.2096,Miles 2-3B3,UT CRC,"TC, TOC, HAWK, XRD",,E220211-039,,11370,11380,Green River,Uteland Butte,2.67,1.24,1.1,2.87,0.76,448,,,,,,,,,,,,,,,,,,,,,,,,,,,,,,,,,,,,,,,,,,,,,,,,,,,,,,,,,,,,,,,,,,,,,,,,,,,,,,,,,,,,,,,
15,43013312610000,40.3359,-110.2096,Miles 2-3B3,UT CRC,"TC, TOC, HAWK, XRD",,E220211-040,,11380,11390,Green River,Uteland Butte,3.05,1.29,1.03,2.74,0.61,446,,,,,,,,,,,,,,,,,,,,,,,,,,,,,,,,,,,,,,,,,,,,,,,,,,,,,,,,,,,,,,,,,,,,,,,,,,,,,,,,,,,,,,,
15,43013312610000,40.3359,-110.2096,Miles 2-3B3,UT CRC,"TC, TOC, HAWK, XRD",,E220211-041,,11390,11400,Green River,Uteland Butte,3.46,1.23,1.01,2.96,0.53,447,,,,,,,,,,,,,,,,,,,,,,,,,,,,,,,,,,,,,,,,,,,,,,,,,,,,,,,,,,,,,,,,,,,,,,,,,,,,,,,,,,,,,,,
15,43013312610000,40.3359,-110.2096,Miles 2-3B3,UT CRC,"TC, TOC, HAWK, XRD",,E220211-042,,11400,11410,Green River,Uteland Butte,4.29,1.46,2.16,4.14,0.47,312,,,,,,,,,,,,,,,,,,,,,,,,,,,,,,,,,,,,,,,,,,,,,,,,,,,,,,,,,,,,,,,,,,,,,,,,,,,,,,,,,,,,,,,
15,43013312610000,40.3359,-110.2096,Miles 2-3B3,UT CRC,"TC, TOC, HAWK, XRD",,E220211-043,,11410,11420,Green River,Uteland Butte,3.25,1.5,1.8,3.78,0.4,448,,,,,,,,,,,,,,,,,,,,,,,,,,,,,,,,,,,,,,,,,,,,,,,,,,,,,,,,,,,,,,,,,,,,,,,,,,,,,,,,,,,,,,,
15,43013312610000,40.3359,-110.2096,Miles 2-3B3,UT CRC,"TC, TOC, HAWK, XRD",,E220211-044,,11420,11430,Green River,Uteland Butte,4.9,2.01,1.9,4.47,0.44,450,,,,,,,,,,,,,,,,,,,,,,,,,,,,,,,,,,,,,,,,,,,,,,,,,,,,,,,,,,,,,,,,,,,,,,,,,,,,,,,,,,,,,,,
15,43013312610000,40.3359,-110.2096,Miles 2-3B3,UT CRC,"TC, TOC, HAWK, XRD",,E220211-045,,11430,11440,Green River,Uteland Butte,4.67,2.08,2.14,6.72,0.4,446,,,,,,,,,,,,,,,,,,,,,,,,,,,,,,,,,,,,,,,,,,,,,,,,,,,,,,,,,,,,,,,,,,,,,,,,,,,,,,,,,,,,,,,
15,43013312610000,40.3359,-110.2096,Miles 2-3B3,UT CRC,"TC, TOC, HAWK, XRD",,E220211-046,,11440,11450,Green River,Uteland Butte,4.88,2.21,2.02,6.09,0.51,449,,,,,,,,,,,,,,,,,,,,,,,,,,,,,,,,,,,,,,,,,,,,,,,,,,,,,,,,,,,,,,,,,,,,,,,,,,,,,,,,,,,,,,,
15,43013312610000,40.3359,-110.2096,Miles 2-3B3,UT CRC,"TC, TOC, HAWK, XRD",,E220211-047,,11450,11460,Green River,Uteland Butte,4.26,1.88,2.57,5.32,0.66,448,,,,,,,,,,,,,,,,,,,,,,,,,,,,,,,,,,,,,,,,,,,,,,,,,,,,,,,,,,,,,,,,,,,,,,,,,,,,,,,,,,,,,,,
15,43013312610000,40.3359,-110.2096,Miles 2-3B3,UT CRC,"TC, TOC, HAWK, XRD",,E220211-048,,11460,11470,Green River,Uteland Butte,3.72,1.74,2.26,4.66,0.38,448,,,,,,,,,,,,,,,,,,,,,,,,,,,,,,,,,,,,,,,,,,,,,,,,,,,,,,,,,,,,,,,,,,,,,,,,,,,,,,,,,,,,,,,
16,43013312610000,40.3359,-110.2096,Miles 2-3B3,UT CRC,"TC, TOC, HAWK, XRD",,E220211-049,,11470,11480,Green River,Uteland Butte,4.02,1.74,2.85,5.5,0.45,445,,,,,,,,,,,,,,,,,,,,,,,,,,,,,,,,,,,,,,,,,,,,,,,,,,,,,,,,,,,,,,,,,,,,,,,,,,,,,,,,,,,,,,,
16,43013312610000,40.3359,-110.2096,Miles 2-3B3,UT CRC,"TC, TOC, HAWK, XRD",,E220211-050,,11480,11490,Green River,Uteland Butte,4.99,1.67,2.41,5.05,0.58,446,,,,,,,,,,,,,,,,,,,,,,,,,,,,,,,,,,,,,,,,,,,,,,,,,,,,,,,,,,,,,,,,,,,,,,,,,,,,,,,,,,,,,,,
16,43013312610000,40.3359,-110.2096,Miles 2-3B3,UT CRC,"TC, TOC, HAWK, XRD",,E220211-051,,11490,11500,Green River,Uteland Butte,4.98,1.7,2.29,5.13,0.37,444,,,,,,,,,,,,,,,,,,,,,,,,,,,,,,,,,,,,,,,,,,,,,,,,,,,,,,,,,,,,,,,,,,,,,,,,,,,,,,,,,,,,,,,
16,43013312610000,40.3359,-110.2096,Miles 2-3B3,UT CRC,"TC, TOC, HAWK, XRD",,E220211-052,,11500,11510,Green River,Uteland Butte,4.54,1.69,1.84,5.15,0.73,447,,,,,,,,,,,,,,,,,,,,,,,,,,,,,,,,,,,,,,,,,,,,,,,,,,,,,,,,,,,,,,,,,,,,,,,,,,,,,,,,,,,,,,,
16,43013312610000,40.3359,-110.2096,Miles 2-3B3,UT CRC,"TC, TOC, HAWK, XRD",,E220211-053,,11510,11520,Green River,Uteland Butte,4.63,1.73,1.77,5.01,0.94,447,,,,,,,,,,,,,,,,,,,,,,,,,,,,,,,,,,,,,,,,,,,,,,,,,,,,,,,,,,,,,,,,,,,,,,,,,,,,,,,,,,,,,,,
16,43013312610000,40.3359,-110.2096,Miles 2-3B3,UT CRC,"TC, TOC, HAWK, XRD",,E220211-054,,11520,11530,Green River,Uteland Butte,4.73,1.56,1.69,4.21,0.45,447,,,,,,,,,,,,,,,,,,,,,,,,,,,,,,,,,,,,,,,,,,,,,,,,,,,,,,,,,,,,,,,,,,,,,,,,,,,,,,,,,,,,,,,
16,43013312610000,40.3359,-110.2096,Miles 2-3B3,UT CRC,"TC, TOC, HAWK, XRD",,E220211-055,,11530,11540,Green River,Uteland Butte,4.64,1.46,1.43,4.04,0.6,448,,,,,,,,,,,,,,,,,,,,,,,,,,,,,,,,,,,,,,,,,,,,,,,,,,,,,,,,,,,,,,,,,,,,,,,,,,,,,,,,,,,,,,,
16,43013312610000,40.3359,-110.2096,Miles 2-3B3,UT CRC,"TC, TOC, HAWK, XRD",,E220211-056,,11540,11550,Green River,Uteland Butte,4.5,1.66,1.61,4.45,0.75,447,,,,,,,,,,,,,,,,,,,,,,,,,,,,,,,,,,,,,,,,,,,,,,,,,,,,,,,,,,,,,,,,,,,,,,,,,,,,,,,,,,,,,,,
16,43013313340000,40.3769,-110.1013,LORANGER 6-22A2,UT CRC,"TC, TOC, HAWK, XRD",,E220212-001,,11330,11340,Green River,Uteland Butte,1.51,,,,,,,,,,,,,,,,,,,,,,,,,,,,,,,,,,,,,,,,,,,,,,,,,,,,,,,,,,,,,,,,,,,,,,,,,,,,,,,,,,,,,,,,,,,,
16,43013313340000,40.3769,-110.1013,LORANGER 6-22A2,UT CRC,"TC, TOC, HAWK, XRD",,E220212-002,,11340,11350,Green River,Uteland Butte,1.44,,,,,,,,,,,,,,,,,,,,,,,,,,,,,,,,,,,,,,,,,,,,,,,,,,,,,,,,,,,,,,,,,,,,,,,,,,,,,,,,,,,,,,,,,,,,
16,43013313340000,40.3769,-110.1013,LORANGER 6-22A2,UT CRC,"TC, TOC, HAWK, XRD",,E220212-003,,11350,11360,Green River,Uteland Butte,1.91,,,,,,,,,,,,,,,,,,,,,,,,,,,,,,,,,,,,,,,,,,,,,,,,,,,,,,,,,,,,,,,,,,,,,,,,,,,,,,,,,,,,,,,,,,,,
16,43013313340000,40.3769,-110.1013,LORANGER 6-22A2,UT CRC,"TC, TOC, HAWK, XRD",,E220212-004,,11360,11370,Green River,Uteland Butte,1.83,,,,,,,,,,,,,,,,,,,,,,,,,,,,,,,,,,,,,,,,,,,,,,,,,,,,,,,,,,,,,,,,,,,,,,,,,,,,,,,,,,,,,,,,,,,,
16,43013313340000,40.3769,-110.1013,LORANGER 6-22A2,UT CRC,"TC, TOC, HAWK, XRD",,E220212-005,,11370,11380,Green River,Uteland Butte,1.66,,,,,,,,,,,,,,,,,,,,,,,,,,,,,,,,,,,,,,,,,,,,,,,,,,,,,,,,,,,,,,,,,,,,,,,,,,,,,,,,,,,,,,,,,,,,
16,43013313340000,40.3769,-110.1013,LORANGER 6-22A2,UT CRC,"TC, TOC, HAWK, XRD",,E220212-006,,11380,11390,Green River,Uteland Butte,2.16,,,,,,,,,,,,,,,,,,,,,,,,,,,,,,,,,,,,,,,,,,,,,,,,,,,,,,,,,,,,,,,,,,,,,,,,,,,,,,,,,,,,,,,,,,,,
16,43013313340000,40.3769,-110.1013,LORANGER 6-22A2,UT CRC,"TC, TOC, HAWK, XRD",,E220212-007,,11390,11400,Green River,Uteland Butte,2.1,,,,,,,,,,,,,,,,,,,,,,,,,,,,,,,,,,,,,,,,,,,,,,,,,,,,,,,,,,,,,,,,,,,,,,,,,,,,,,,,,,,,,,,,,,,,
16,43013313340000,40.3769,-110.1013,LORANGER 6-22A2,UT CRC,"TC, TOC, HAWK, XRD",,E220212-008,,11420,11430,Green River,Uteland Butte,2.24,,,,,,,,,,,,,,,,,,,,,,,,,,,,,,,,,,,,,,,,,,,,,,,,,,,,,,,,,,,,,,,,,,,,,,,,,,,,,,,,,,,,,,,,,,,,
16,43013313340000,40.3769,-110.1013,LORANGER 6-22A2,UT CRC,"TC, TOC, HAWK, XRD",,E220212-009,,11430,11440,Green River,Uteland Butte,3.46,,,,,,,,,,,,,,,,,,,,,,,,,,,,,,,,,,,,,,,,,,,,,,,,,,,,,,,,,,,,,,,,,,,,,,,,,,,,,,,,,,,,,,,,,,,,
16,43013313340000,40.3769,-110.1013,LORANGER 6-22A2,UT CRC,"TC, TOC, HAWK, XRD",,E220212-010,,11440,11450,Green River,Uteland Butte,3.36,,,,,,,,,,,,,,,,,,,,,,,,,,,,,,,,,,,,,,,,,,,,,,,,,,,,,,,,,,,,,,,,,,,,,,,,,,,,,,,,,,,,,,,,,,,,
16,43013313340000,40.3769,-110.1013,LORANGER 6-22A2,UT CRC,"TC, TOC, HAWK, XRD",,E220212-011,,11450,11460,Green River,Uteland Butte,2.12,0.2,,,,,,,,,,,,,,,,,,,,,,,,,,,,,,,,,,,,,,,,,,,,,,,,,,,,,,,,,,,,,,,,,,,,,,,,,,,,,,,,,,,,,,,,,,,
16,43013313340000,40.3769,-110.1013,LORANGER 6-22A2,UT CRC,"TC, TOC, HAWK, XRD",,E220212-012,,11460,11470,Green River,Uteland Butte,2.57,0.22,,,,,,,,,,,,,,,,,,,,,,,,,,,,,,,,,,,,,,,,,,,,,,,,,,,,,,,,,,,,,,,,,,,,,,,,,,,,,,,,,,,,,,,,,,,
16,43013313340000,40.3769,-110.1013,LORANGER 6-22A2,UT CRC,"TC, TOC, HAWK, XRD",,E220212-013,,11470,11480,Green River,Uteland Butte,2.56,0.23,,,,,,,,,,,,,,,,,,,,,,,,,,,,,,,,,,,,,,,,,,,,,,,,,,,,,,,,,,,,,,,,,,,,,,,,,,,,,,,,,,,,,,,,,,,
16,43013313340000,40.3769,-110.1013,LORANGER 6-22A2,UT CRC,"TC, TOC, HAWK, XRD",,E220212-014,,11480,11490,Green River,Uteland Butte,2.01,,,,,,,,,,,,,,,,,,,,,,,,,,,,,,,,,,,,,,,,,,,,,,,,,,,,,,,,,,,,,,,,,,,,,,,,,,,,,,,,,,,,,,,,,,,,
16,43013313340000,40.3769,-110.1013,LORANGER 6-22A2,UT CRC,"TC, TOC, HAWK, XRD",,E220212-015,,11490,11500,Green River,Uteland Butte,2.67,,,,,,,,,,,,,,,,,,,,,,,,,,,,,,,,,,,,,,,,,,,,,,,,,,,,,,,,,,,,,,,,,,,,,,,,,,,,,,,,,,,,,,,,,,,,
16,43013313340000,40.3769,-110.1013,LORANGER 6-22A2,UT CRC,"TC, TOC, HAWK, XRD",,E220212-016,,11500,11510,Green River,Uteland Butte,2.11,,,,,,,,,,,,,,,,,,,,,,,,,,,,,,,,,,,,,,,,,,,,,,,,,,,,,,,,,,,,,,,,,,,,,,,,,,,,,,,,,,,,,,,,,,,,
16,43013313340000,40.3769,-110.1013,LORANGER 6-22A2,UT CRC,"TC, TOC, HAWK, XRD",,E220212-017,,11510,11520,Green River,Uteland Butte,1.28,,,,,,,,,,,,,,,,,,,,,,,,,,,,,,,,,,,,,,,,,,,,,,,,,,,,,,,,,,,,,,,,,,,,,,,,,,,,,,,,,,,,,,,,,,,,
17,43013313340000,40.3769,-110.1013,LORANGER 6-22A2,UT CRC,"TC, TOC, HAWK, XRD",,E220212-018,,11520,11530,Green River,Uteland Butte,1.05,,,,,,,,,,,,,,,,,,,,,,,,,,,,,,,,,,,,,,,,,,,,,,,,,,,,,,,,,,,,,,,,,,,,,,,,,,,,,,,,,,,,,,,,,,,,
17,43013313340000,40.3769,-110.1013,LORANGER 6-22A2,UT CRC,"TC, TOC, HAWK, XRD",,E220212-019,,11530,11540,Green River,Uteland Butte,0.93,,,,,,,,,,,,,,,,,,,,,,,,,,,,,,,,,,,,,,,,,,,,,,,,,,,,,,,,,,,,,,,,,,,,,,,,,,,,,,,,,,,,,,,,,,,,
17,43013313340000,40.3769,-110.1013,LORANGER 6-22A2,UT CRC,"TC, TOC, HAWK, XRD",,E220212-020,,11540,11550,Green River,Uteland Butte,1.6,,,,,,,,,,,,,,,,,,,,,,,,,,,,,,,,,,,,,,,,,,,,,,,,,,,,,,,,,,,,,,,,,,,,,,,,,,,,,,,,,,,,,,,,,,,,
17,43013313340000,40.3769,-110.1013,LORANGER 6-22A2,UT CRC,"TC, TOC, HAWK, XRD",,E220212-021,,11550,11560,Green River,Uteland Butte,1.5,,,,,,,,,,,,,,,,,,,,,,,,,,,,,,,,,,,,,,,,,,,,,,,,,,,,,,,,,,,,,,,,,,,,,,,,,,,,,,,,,,,,,,,,,,,,
17,43013313340000,40.3769,-110.1013,LORANGER 6-22A2,UT CRC,"TC, TOC, HAWK, XRD",,E220212-022,,11560,11570,Green River,Uteland Butte,1.6,,,,,,,,,,,,,,,,,,,,,,,,,,,,,,,,,,,,,,,,,,,,,,,,,,,,,,,,,,,,,,,,,,,,,,,,,,,,,,,,,,,,,,,,,,,,
17,43013313340000,40.3769,-110.1013,LORANGER 6-22A2,UT CRC,"TC, TOC, HAWK, XRD",,E220212-023,,11570,11580,Green River,Uteland Butte,2.15,,,,,,,,,,,,,,,,,,,,,,,,,,,,,,,,,,,,,,,,,,,,,,,,,,,,,,,,,,,,,,,,,,,,,,,,,,,,,,,,,,,,,,,,,,,,
17,43013313340000,40.3769,-110.1013,LORANGER 6-22A2,UT CRC,"TC, TOC, HAWK, XRD",,E220212-024,,11580,11590,Green River,Uteland Butte,1.24,,,,,,,,,,,,,,,,,,,,,,,,,,,,,,,,,,,,,,,,,,,,,,,,,,,,,,,,,,,,,,,,,,,,,,,,,,,,,,,,,,,,,,,,,,,,
17,43013313340000,40.3769,-110.1013,LORANGER 6-22A2,UT CRC,"TC, TOC, HAWK, XRD",,E220212-025,,11590,11600,Green River,Uteland Butte,1.86,,,,,,,,,,,,,,,,,,,,,,,,,,,,,,,,,,,,,,,,,,,,,,,,,,,,,,,,,,,,,,,,,,,,,,,,,,,,,,,,,,,,,,,,,,,,
17,43013313340000,40.3769,-110.1013,LORANGER 6-22A2,UT CRC,"TC, TOC, HAWK, XRD",,E220212-026,,11600,11610,Green River,Uteland Butte,2.62,0.23,,,,,,,,,,,,,,,,,,,,,,,,,,,,,,,,,,,,,,,,,,,,,,,,,,,,,,,,,,,,,,,,,,,,,,,,,,,,,,,,,,,,,,,,,,,
17,43013313340000,40.3769,-110.1013,LORANGER 6-22A2,UT CRC,"TC, TOC, HAWK, XRD",,E220212-027,,11630,11640,Green River,Uteland Butte,2.84,0.26,,,,,,,,,,,,,,,,,,,,,,,,,,,,,,,,,,,,,,,,,,,,,,,,,,,,,,,,,,,,,,,,,,,,,,,,,,,,,,,,,,,,,,,,,,,
17,43013313340000,40.3769,-110.1013,LORANGER 6-22A2,UT CRC,"TC, TOC, HAWK, XRD",,E220212-028,,11640,11650,Green River,Uteland Butte,3.64,,,,,,,,,,,,,,,,,,,,,,,,,,,,,,,,,,,,,,,,,,,,,,,,,,,,,,,,,,,,,,,,,,,,,,,,,,,,,,,,,,,,,,,,,,,,
17,43013313340000,40.3769,-110.1013,LORANGER 6-22A2,UT CRC,"TC, TOC, HAWK, XRD",,E220212-029,,11650,11660,Green River,Uteland Butte,3.69,,,,,,,,,,,,,,,,,,,,,,,,,,,,,,,,,,,,,,,,,,,,,,,,,,,,,,,,,,,,,,,,,,,,,,,,,,,,,,,,,,,,,,,,,,,,
17,43013313340000,40.3769,-110.1013,LORANGER 6-22A2,UT CRC,"TC, TOC, HAWK, XRD",,E220212-030,,11660,11670,Green River,Uteland Butte,2.39,,,,,,,,,,,,,,,,,,,,,,,,,,,,,,,,,,,,,,,,,,,,,,,,,,,,,,,,,,,,,,,,,,,,,,,,,,,,,,,,,,,,,,,,,,,,
17,43013311840000,40.3626,-110.0973,SHAW 2-27A2,UT CRC,"TC, TOC, HAWK, XRD",,E220212-031,,11250,11260,Green River,Uteland Butte,5.89,0.65,0.39,1.74,0.39,442,,,,,,,,,,,,,,,,,,,,,,,,,,,,,,,,,,,,,,,,,,,,,,,,,,,,,,,,,,,,,,,,,,,,,,,,,,,,,,,,,,,,,,,
17,43013311840000,40.3626,-110.0973,SHAW 2-27A2,UT CRC,"TC, TOC, HAWK, XRD",,E220212-032,,11260,11270,Green River,Uteland Butte,4.51,0.58,0.34,1.44,0.39,442,,,,,,,,,,,,,,,,,,,,,,,,,,,,,,,,,,,,,,,,,,,,,,,,,,,,,,,,,,,,,,,,,,,,,,,,,,,,,,,,,,,,,,,
17,43013311840000,40.3626,-110.0973,SHAW 2-27A2,UT CRC,"TC, TOC, HAWK, XRD",,E220212-033,,11270,11280,Green River,Uteland Butte,4.16,0.54,0.41,1.5,0.37,442,,,,,,,,,,,,,,,,,,,,,,,,,,,,,,,,,,,,,,,,,,,,,,,,,,,,,,,,,,,,,,,,,,,,,,,,,,,,,,,,,,,,,,,
17,43013311840000,40.3626,-110.0973,SHAW 2-27A2,UT CRC,"TC, TOC, HAWK, XRD",,E220212-034,,11280,11290,Green River,Uteland Butte,3.06,0.46,,,,,,,,,,,,,,,,,,,,,,,,,,,,,,,,,,,,,,,,,,,,,,,,,,,,,,,,,,,,,,,,,,,,,,,,,,,,,,,,,,,,,,,,,,,
17,43013311840000,40.3626,-110.0973,SHAW 2-27A2,UT CRC,"TC, TOC, HAWK, XRD",,E220212-035,,11290,11300,Green River,Uteland Butte,3.1,0.62,0.32,1.37,0.31,442,,,,,,,,,,,,,,,,,,,,,,,,,,,,,,,,,,,,,,,,,,,,,,,,,,,,,,,,,,,,,,,,,,,,,,,,,,,,,,,,,,,,,,,
17,43013311840000,40.3626,-110.0973,SHAW 2-27A2,UT CRC,"TC, TOC, HAWK, XRD",,E220212-036,,11300,11310,Green River,Uteland Butte,3.02,0.53,0.29,1.4,0.42,442,,,,,,,,,,,,,,,,,,,,,,,,,,,,,,,,,,,,,,,,,,,,,,,,,,,,,,,,,,,,,,,,,,,,,,,,,,,,,,,,,,,,,,,
17,43013311840000,40.3626,-110.0973,SHAW 2-27A2,UT CRC,"TC, TOC, HAWK, XRD",,E220212-037,,11310,11320,Green River,Uteland Butte,2.85,0.53,0.35,1.36,0.33,442,,,,,,,,,,,,,,,,,,,,,,,,,,,,,,,,,,,,,,,,,,,,,,,,,,,,,,,,,,,,,,,,,,,,,,,,,,,,,,,,,,,,,,,
17,43013311840000,40.3626,-110.0973,SHAW 2-27A2,UT CRC,"TC, TOC, HAWK, XRD",,E220212-038,,11320,11330,Green River,Uteland Butte,3.64,0.69,0.39,1.86,0.45,442,,,,,,,,,,,,,,,,,,,,,,,,,,,,,,,,,,,,,,,,,,,,,,,,,,,,,,,,,,,,,,,,,,,,,,,,,,,,,,,,,,,,,,,
17,43013311840000,40.3626,-110.0973,SHAW 2-27A2,UT CRC,"TC, TOC, HAWK, XRD",,E220212-039,,11330,11340,Green River,Uteland Butte,4.63,0.64,0.28,1.64,0.36,442,,,,,,,,,,,,,,,,,,,,,,,,,,,,,,,,,,,,,,,,,,,,,,,,,,,,,,,,,,,,,,,,,,,,,,,,,,,,,,,,,,,,,,,
17,43013311840000,40.3626,-110.0973,SHAW 2-27A2,UT CRC,"TC, TOC, HAWK, XRD",,E220212-040,,11340,11350,Green River,Uteland Butte,3.91,0.7,0.31,1.83,0.49,442,,,,,,,,,,,,,,,,,,,,,,,,,,,,,,,,,,,,,,,,,,,,,,,,,,,,,,,,,,,,,,,,,,,,,,,,,,,,,,,,,,,,,,,
17,43013311840000,40.3626,-110.0973,SHAW 2-27A2,UT CRC,"TC, TOC, HAWK, XRD",,E220212-041,,11350,11360,Green River,Uteland Butte,3.54,0.62,0.32,1.67,0.44,441,,,,,,,,,,,,,,,,,,,,,,,,,,,,,,,,,,,,,,,,,,,,,,,,,,,,,,,,,,,,,,,,,,,,,,,,,,,,,,,,,,,,,,,
17,43013311840000,40.3626,-110.0973,SHAW 2-27A2,UT CRC,"TC, TOC, HAWK, XRD",,E220212-042,,11360,11370,Green River,Uteland Butte,3.69,0.71,0.32,1.81,0.38,441,,,,,,,,,,,,,,,,,,,,,,,,,,,,,,,,,,,,,,,,,,,,,,,,,,,,,,,,,,,,,,,,,,,,,,,,,,,,,,,,,,,,,,,
17,43013311840000,40.3626,-110.0973,SHAW 2-27A2,UT CRC,"TC, TOC, HAWK, XRD",,E220212-043,,11370,11380,Green River,Uteland Butte,3.71,0.82,0.45,2.13,0.45,441,,,,,,,,,,,,,,,,,,,,,,,,,,,,,,,,,,,,,,,,,,,,,,,,,,,,,,,,,,,,,,,,,,,,,,,,,,,,,,,,,,,,,,,
17,43013311840000,40.3626,-110.0973,SHAW 2-27A2,UT CRC,"TC, TOC, HAWK, XRD",,E220212-044,,11380,11390,Green River,Uteland Butte,4.36,0.85,0.45,2.42,0.38,441,,,,,,,,,,,,,,,,,,,,,,,,,,,,,,,,,,,,,,,,,,,,,,,,,,,,,,,,,,,,,,,,,,,,,,,,,,,,,,,,,,,,,,,
17,43013311840000,40.3626,-110.0973,SHAW 2-27A2,UT CRC,"TC, TOC, HAWK, XRD",,E220212-045,,11390,11400,Green River,Uteland Butte,3.53,0.74,0.52,1.93,0.33,441,,,,,,,,,,,,,,,,,,,,,,,,,,,,,,,,,,,,,,,,,,,,,,,,,,,,,,,,,,,,,,,,,,,,,,,,,,,,,,,,,,,,,,,
17,43013311840000,40.3626,-110.0973,SHAW 2-27A2,UT CRC,"TC, TOC, HAWK, XRD",,E220212-046,,11400,11410,Green River,Uteland Butte,4.01,0.93,0.59,2.99,0.39,440,,,,,,,,,,,,,,,,,,,,,,,,,,,,,,,,,,,,,,,,,,,,,,,,,,,,,,,,,,,,,,,,,,,,,,,,,,,,,,,,,,,,,,,
17,43013311840000,40.3626,-110.0973,SHAW 2-27A2,UT CRC,"TC, TOC, HAWK, XRD",,E220212-047,,11410,11420,Green River,Uteland Butte,3.76,0.88,0.4,2.77,0.29,442,,,,,,,,,,,,,,,,,,,,,,,,,,,,,,,,,,,,,,,,,,,,,,,,,,,,,,,,,,,,,,,,,,,,,,,,,,,,,,,,,,,,,,,
17,43013311840000,40.3626,-110.0973,SHAW 2-27A2,UT CRC,"TC, TOC, HAWK, XRD",,E220212-048,,11420,11430,Green River,Uteland Butte,3.83,0.89,0.44,2.63,0.48,442,,,,,,,,,,,,,,,,,,,,,,,,,,,,,,,,,,,,,,,,,,,,,,,,,,,,,,,,,,,,,,,,,,,,,,,,,,,,,,,,,,,,,,,
18,43013311840000,40.3626,-110.0973,SHAW 2-27A2,UT CRC,"TC, TOC, HAWK, XRD",,E220212-049,,11430,11440,Green River,Uteland Butte,3.79,0.8,0.24,2.43,0.52,443,,,,,,,,,,,,,,,,,,,,,,,,,,,,,,,,,,,,,,,,,,,,,,,,,,,,,,,,,,,,,,,,,,,,,,,,,,,,,,,,,,,,,,,
18,43013311840000,40.3626,-110.0973,SHAW 2-27A2,UT CRC,"TC, TOC, HAWK, XRD",,E220212-050,,11440,11450,Green River,Uteland Butte,5.1,0.67,0.25,2.08,0.35,442,,,,,,,,,,,,,,,,,,,,,,,,,,,,,,,,,,,,,,,,,,,,,,,,,,,,,,,,,,,,,,,,,,,,,,,,,,,,,,,,,,,,,,,
18,43013311840000,40.3626,-110.0973,SHAW 2-27A2,UT CRC,"TC, TOC, HAWK, XRD",,E220212-051,,11450,11460,Green River,Uteland Butte,4.32,0.75,0.32,2.07,0.46,441,,,,,,,,,,,,,,,,,,,,,,,,,,,,,,,,,,,,,,,,,,,,,,,,,,,,,,,,,,,,,,,,,,,,,,,,,,,,,,,,,,,,,,,
18,43013311840000,40.3626,-110.0973,SHAW 2-27A2,UT CRC,"TC, TOC, HAWK, XRD",,E220212-052,,11460,11470,Green River,Uteland Butte,3.58,0.63,0.3,1.89,0.45,441,,,,,,,,,,,,,,,,,,,,,,,,,,,,,,,,,,,,,,,,,,,,,,,,,,,,,,,,,,,,,,,,,,,,,,,,,,,,,,,,,,,,,,,
18,43013311840000,40.3626,-110.0973,SHAW 2-27A2,UT CRC,"TC, TOC, HAWK, XRD",,E220212-053,,11470,11480,Green River,Uteland Butte,3.75,0.67,0.31,1.91,0.33,441,,,,,,,,,,,,,,,,,,,,,,,,,,,,,,,,,,,,,,,,,,,,,,,,,,,,,,,,,,,,,,,,,,,,,,,,,,,,,,,,,,,,,,,
18,43013311840000,40.3626,-110.0973,SHAW 2-27A2,UT CRC,"TC, TOC, HAWK, XRD",,E220212-054,,11480,11490,Green River,Uteland Butte,3.54,0.67,0.31,2.14,0.36,441,,,,,,,,,,,,,,,,,,,,,,,,,,,,,,,,,,,,,,,,,,,,,,,,,,,,,,,,,,,,,,,,,,,,,,,,,,,,,,,,,,,,,,,
18,43013311840000,40.3626,-110.0973,SHAW 2-27A2,UT CRC,"TC, TOC, HAWK, XRD",,E220212-055,,11490,11500,Green River,Uteland Butte,3.6,0.63,0.32,1.79,0.44,442,,,,,,,,,,,,,,,,,,,,,,,,,,,,,,,,,,,,,,,,,,,,,,,,,,,,,,,,,,,,,,,,,,,,,,,,,,,,,,,,,,,,,,,
18,43013311840000,40.3626,-110.0973,SHAW 2-27A2,UT CRC,"TC, TOC, HAWK, XRD",,E220212-056,,11500,11510,Green River,Uteland Butte,4.69,0.81,0.35,2.62,0.36,442,,,,,,,,,,,,,,,,,,,,,,,,,,,,,,,,,,,,,,,,,,,,,,,,,,,,,,,,,,,,,,,,,,,,,,,,,,,,,,,,,,,,,,,
18,43013311840000,40.3626,-110.0973,SHAW 2-27A2,UT CRC,"TC, TOC, HAWK, XRD",,E220212-057,,11510,11520,Green River,Uteland Butte,4.42,0.89,0.35,2.63,0.33,441,,,,,,,,,,,,,,,,,,,,,,,,,,,,,,,,,,,,,,,,,,,,,,,,,,,,,,,,,,,,,,,,,,,,,,,,,,,,,,,,,,,,,,,
18,43013311840000,40.3626,-110.0973,SHAW 2-27A2,UT CRC,"TC, TOC, HAWK, XRD",,E220212-058,,11520,11530,Green River,Uteland Butte,4.89,0.91,0.39,2.79,0.37,442,,,,,,,,,,,,,,,,,,,,,,,,,,,,,,,,,,,,,,,,,,,,,,,,,,,,,,,,,,,,,,,,,,,,,,,,,,,,,,,,,,,,,,,
18,43013311840000,40.3626,-110.0973,SHAW 2-27A2,UT CRC,"TC, TOC, HAWK, XRD",,E220212-059,,11530,11540,Green River,Uteland Butte,4.56,0.96,0.25,3.11,0.28,443,,,,,,,,,,,,,,,,,,,,,,,,,,,,,,,,,,,,,,,,,,,,,,,,,,,,,,,,,,,,,,,,,,,,,,,,,,,,,,,,,,,,,,,
18,43013311840000,40.3626,-110.0973,SHAW 2-27A2,UT CRC,"TC, TOC, HAWK, XRD",,E220212-060,,11540,11550,Green River,Uteland Butte,4.57,0.97,0.31,3.21,0.42,442,,,,,,,,,,,,,,,,,,,,,,,,,,,,,,,,,,,,,,,,,,,,,,,,,,,,,,,,,,,,,,,,,,,,,,,,,,,,,,,,,,,,,,,
18,43013311840000,40.3626,-110.0973,SHAW 2-27A2,UT CRC,"TC, TOC, HAWK, XRD",,E220212-061,,11550,11560,Green River,Uteland Butte,3.6,0.56,0.32,1.54,0.3,441,,,,,,,,,,,,,,,,,,,,,,,,,,,,,,,,,,,,,,,,,,,,,,,,,,,,,,,,,,,,,,,,,,,,,,,,,,,,,,,,,,,,,,,
18,43013311840000,40.3626,-110.0973,SHAW 2-27A2,UT CRC,"TC, TOC, HAWK, XRD",,E220212-062,,11560,11570,Green River,Uteland Butte,4.11,0.73,0.26,2.06,0.27,442,,,,,,,,,,,,,,,,,,,,,,,,,,,,,,,,,,,,,,,,,,,,,,,,,,,,,,,,,,,,,,,,,,,,,,,,,,,,,,,,,,,,,,,
18,43013311840000,40.3626,-110.0973,SHAW 2-27A2,UT CRC,"TC, TOC, HAWK, XRD",,E220212-063,,11570,11580,Green River,Uteland Butte,4.35,0.71,0.32,2.23,0.25,442,,,,,,,,,,,,,,,,,,,,,,,,,,,,,,,,,,,,,,,,,,,,,,,,,,,,,,,,,,,,,,,,,,,,,,,,,,,,,,,,,,,,,,,
18,43013301220000,40.2926,-110.2116,Dustin 1,UT CRC,"TC, TOC, HAWK, XRD",,E220213-001,,10450,10460,Green River,Uteland Butte,7.8,2.36,1.29,4.98,0.63,439,,,,,,,,,,,,,,,,,,,,,,,,,,,,,,,,,,,,,,,,,,,,,,,,,,,,,,,,,,,,,,,,,,,,,,,,,,,,,,,,,,,,,,,
18,43013301220000,40.2926,-110.2116,Dustin 1,UT CRC,"TC, TOC, HAWK, XRD",,E220213-002,,10460,10470,Green River,Uteland Butte,8.62,2.31,1.25,4.54,0.51,440,,,,,,,,,,,,,,,,,,,,,,,,,,,,,,,,,,,,,,,,,,,,,,,,,,,,,,,,,,,,,,,,,,,,,,,,,,,,,,,,,,,,,,,
18,43013301220000,40.2926,-110.2116,Dustin 1,UT CRC,"TC, TOC, HAWK, XRD",,E220213-003,,10470,10480,Green River,Uteland Butte,6.36,1.9,1.53,4.58,0.61,436,,,,,,,,,,,,,,,,,,,,,,,,,,,,,,,,,,,,,,,,,,,,,,,,,,,,,,,,,,,,,,,,,,,,,,,,,,,,,,,,,,,,,,,
18,43013301220000,40.2926,-110.2116,Dustin 1,UT CRC,"TC, TOC, HAWK, XRD",,E220213-004,,10480,10490,Green River,Uteland Butte,7.6,2.26,1.78,5.04,0.57,436,,,,,,,,,,,,,,,,,,,,,,,,,,,,,,,,,,,,,,,,,,,,,,,,,,,,,,,,,,,,,,,,,,,,,,,,,,,,,,,,,,,,,,,
18,43013301220000,40.2926,-110.2116,Dustin 1,UT CRC,"TC, TOC, HAWK, XRD",,E220213-005,,10490,10500,Green River,Uteland Butte,6.78,2.02,1.63,4.97,0.59,443,,,,,,,,,,,,,,,,,,,,,,,,,,,,,,,,,,,,,,,,,,,,,,,,,,,,,,,,,,,,,,,,,,,,,,,,,,,,,,,,,,,,,,,
18,43013301220000,40.2926,-110.2116,Dustin 1,UT CRC,"TC, TOC, HAWK, XRD",,E220213-006,,10500,10510,Green River,Uteland Butte,8.78,1.93,1.81,5.88,0.67,439,,,,,,,,,,,,,,,,,,,,,,,,,,,,,,,,,,,,,,,,,,,,,,,,,,,,,,,,,,,,,,,,,,,,,,,,,,,,,,,,,,,,,,,
18,43013301220000,40.2926,-110.2116,Dustin 1,UT CRC,"TC, TOC, HAWK, XRD",,E220213-007,,10510,10520,Green River,Uteland Butte,8.58,1.78,2,5.72,0.53,439,,,,,,,,,,,,,,,,,,,,,,,,,,,,,,,,,,,,,,,,,,,,,,,,,,,,,,,,,,,,,,,,,,,,,,,,,,,,,,,,,,,,,,,
18,43013301220000,40.2926,-110.2116,Dustin 1,UT CRC,"TC, TOC, HAWK, XRD",,E220213-008,,10520,10530,Green River,Uteland Butte,8.82,1.75,1.95,5.19,0.39,438,,,,,,,,,,,,,,,,,,,,,,,,,,,,,,,,,,,,,,,,,,,,,,,,,,,,,,,,,,,,,,,,,,,,,,,,,,,,,,,,,,,,,,,
18,43013301220000,40.2926,-110.2116,Dustin 1,UT CRC,"TC, TOC, HAWK, XRD",,E220213-009,,10530,10540,Green River,Uteland Butte,8.91,1.97,2.09,5.66,0.52,440,,,,,,,,,,,,,,,,,,,,,,,,,,,,,,,,,,,,,,,,,,,,,,,,,,,,,,,,,,,,,,,,,,,,,,,,,,,,,,,,,,,,,,,
18,43013301220000,40.2926,-110.2116,Dustin 1,UT CRC,"TC, TOC, HAWK, XRD",,E220213-010,,10540,10550,Green River,Uteland Butte,10.31,2.06,2.04,6.19,0.47,441,,,,,,,,,,,,,,,,,,,,,,,,,,,,,,,,,,,,,,,,,,,,,,,,,,,,,,,,,,,,,,,,,,,,,,,,,,,,,,,,,,,,,,,
18,43013301220000,40.2926,-110.2116,Dustin 1,UT CRC,"TC, TOC, HAWK, XRD",,E220213-011,,10550,10560,Green River,Uteland Butte,7.64,2.04,2.17,6.41,0.56,439,,,,,,,,,,,,,,,,,,,,,,,,,,,,,,,,,,,,,,,,,,,,,,,,,,,,,,,,,,,,,,,,,,,,,,,,,,,,,,,,,,,,,,,
18,43013301220000,40.2926,-110.2116,Dustin 1,UT CRC,"TC, TOC, HAWK, XRD",,E220213-012,,10560,10570,Green River,Uteland Butte,9.01,2.31,2.15,7.31,0.57,442,,,,,,,,,,,,,,,,,,,,,,,,,,,,,,,,,,,,,,,,,,,,,,,,,,,,,,,,,,,,,,,,,,,,,,,,,,,,,,,,,,,,,,,
18,43013301220000,40.2926,-110.2116,Dustin 1,UT CRC,"TC, TOC, HAWK, XRD",,E220213-013,,10570,10580,Green River,Uteland Butte,8.9,2.04,2.03,6.38,0.42,442,,,,,,,,,,,,,,,,,,,,,,,,,,,,,,,,,,,,,,,,,,,,,,,,,,,,,,,,,,,,,,,,,,,,,,,,,,,,,,,,,,,,,,,
18,43013301220000,40.2926,-110.2116,Dustin 1,UT CRC,"TC, TOC, HAWK, XRD",,E220213-014,,10580,10590,Green River,Uteland Butte,9.26,2.03,1.81,6.4,0.35,440,,,,,,,,,,,,,,,,,,,,,,,,,,,,,,,,,,,,,,,,,,,,,,,,,,,,,,,,,,,,,,,,,,,,,,,,,,,,,,,,,,,,,,,
18,43013301220000,40.2926,-110.2116,Dustin 1,UT CRC,"TC, TOC, HAWK, XRD",,E220213-015,,10590,10600,Green River,Uteland Butte,9.32,2.22,2.08,6.71,0.45,441,,,,,,,,,,,,,,,,,,,,,,,,,,,,,,,,,,,,,,,,,,,,,,,,,,,,,,,,,,,,,,,,,,,,,,,,,,,,,,,,,,,,,,,
18,43013301220000,40.2926,-110.2116,Dustin 1,UT CRC,"TC, TOC, HAWK, XRD",,E220213-016,,10600,10610,Green River,Uteland Butte,9.67,2.11,2.33,6.15,0.46,440,,,,,,,,,,,,,,,,,,,,,,,,,,,,,,,,,,,,,,,,,,,,,,,,,,,,,,,,,,,,,,,,,,,,,,,,,,,,,,,,,,,,,,,
18,43013301220000,40.2926,-110.2116,Dustin 1,UT CRC,"TC, TOC, HAWK, XRD",,E220213-017,,10610,10620,Green River,Uteland Butte,9.66,2.09,2.01,7.24,0.46,442,,,,,,,,,,,,,,,,,,,,,,,,,,,,,,,,,,,,,,,,,,,,,,,,,,,,,,,,,,,,,,,,,,,,,,,,,,,,,,,,,,,,,,,
18,43013312150000,40.3481,-110.0838,WISSE 3-35A2,UT CRC,"TC, TOC, HAWK, XRD",,E220213-018,,11000,11020,Green River,Uteland Butte,4.01,0.97,0.54,2.52,0.54,442,,,,,,,,,,,,,,,,,,,,,,,,,,,,,,,,,,,,,,,,,,,,,,,,,,,,,,,,,,,,,,,,,,,,,,,,,,,,,,,,,,,,,,,
19,43013312150000,40.3481,-110.0838,WISSE 3-35A2,UT CRC,"TC, TOC, HAWK, XRD",,E220213-019,,11020,11040,Green River,Uteland Butte,3.9,1,0.52,2.42,0.47,442,,,,,,,,,,,,,,,,,,,,,,,,,,,,,,,,,,,,,,,,,,,,,,,,,,,,,,,,,,,,,,,,,,,,,,,,,,,,,,,,,,,,,,,
19,43013312150000,40.3481,-110.0838,WISSE 3-35A2,UT CRC,"TC, TOC, HAWK, XRD",,E220213-020,,11040,11060,Green River,Uteland Butte,4.16,1.11,0.66,2.56,0.38,443,,,,,,,,,,,,,,,,,,,,,,,,,,,,,,,,,,,,,,,,,,,,,,,,,,,,,,,,,,,,,,,,,,,,,,,,,,,,,,,,,,,,,,,
19,43013312150000,40.3481,-110.0838,WISSE 3-35A2,UT CRC,"TC, TOC, HAWK, XRD",,E220213-021,,11060,11080,Green River,Uteland Butte,4.21,0.8,0.52,2,0.35,444,,,,,,,,,,,,,,,,,,,,,,,,,,,,,,,,,,,,,,,,,,,,,,,,,,,,,,,,,,,,,,,,,,,,,,,,,,,,,,,,,,,,,,,
19,43013312150000,40.3481,-110.0838,WISSE 3-35A2,UT CRC,"TC, TOC, HAWK, XRD",,E220213-022,,11080,11100,Green River,Uteland Butte,4.33,0.99,0.55,2.34,0.38,443,,,,,,,,,,,,,,,,,,,,,,,,,,,,,,,,,,,,,,,,,,,,,,,,,,,,,,,,,,,,,,,,,,,,,,,,,,,,,,,,,,,,,,,
19,43013312150000,40.3481,-110.0838,WISSE 3-35A2,UT CRC,"TC, TOC, HAWK, XRD",,E220213-023,,11100,11120,Green River,Uteland Butte,4.33,0.73,0.4,1.79,0.43,443,,,,,,,,,,,,,,,,,,,,,,,,,,,,,,,,,,,,,,,,,,,,,,,,,,,,,,,,,,,,,,,,,,,,,,,,,,,,,,,,,,,,,,,
19,43013312150000,40.3481,-110.0838,WISSE 3-35A2,UT CRC,"TC, TOC, HAWK, XRD",,E220213-024,,11120,11140,Green River,Uteland Butte,3.74,0.72,0.44,1.79,0.51,443,,,,,,,,,,,,,,,,,,,,,,,,,,,,,,,,,,,,,,,,,,,,,,,,,,,,,,,,,,,,,,,,,,,,,,,,,,,,,,,,,,,,,,,
19,43013312150000,40.3481,-110.0838,WISSE 3-35A2,UT CRC,"TC, TOC, HAWK, XRD",,E220213-025,,11180,11200,Green River,Uteland Butte,3.99,0.75,0.51,2.04,0.36,440,,,,,,,,,,,,,,,,,,,,,,,,,,,,,,,,,,,,,,,,,,,,,,,,,,,,,,,,,,,,,,,,,,,,,,,,,,,,,,,,,,,,,,,
19,43013312150000,40.3481,-110.0838,WISSE 3-35A2,UT CRC,"TC, TOC, HAWK, XRD",,E220213-026,,11200,11220,Green River,Uteland Butte,4.32,0.83,0.5,2.25,0.4,442,,,,,,,,,,,,,,,,,,,,,,,,,,,,,,,,,,,,,,,,,,,,,,,,,,,,,,,,,,,,,,,,,,,,,,,,,,,,,,,,,,,,,,,
19,43013312150000,40.3481,-110.0838,WISSE 3-35A2,UT CRC,"TC, TOC, HAWK, XRD",,E220213-027,,11220,11240,Green River,Uteland Butte,4.4,0.71,0.42,1.7,0.44,441,,,,,,,,,,,,,,,,,,,,,,,,,,,,,,,,,,,,,,,,,,,,,,,,,,,,,,,,,,,,,,,,,,,,,,,,,,,,,,,,,,,,,,,
19,43013312150000,40.3481,-110.0838,WISSE 3-35A2,UT CRC,"TC, TOC, HAWK, XRD",,E220213-028,,11240,11260,Green River,Uteland Butte,3.8,0.79,0.37,2.15,0.42,443,,,,,,,,,,,,,,,,,,,,,,,,,,,,,,,,,,,,,,,,,,,,,,,,,,,,,,,,,,,,,,,,,,,,,,,,,,,,,,,,,,,,,,,
19,43013313560000,40.3255,-110.0692,PEARSON 2-11B2,UT CRC,"TC, TOC, HAWK, XRD",,E220213-029,,10600,10610,Green River,Uteland Butte,9,3.27,4.12,7.48,0.46,446,,,,,,,,,,,,,,,,,,,,,,,,,,,,,,,,,,,,,,,,,,,,,,,,,,,,,,,,,,,,,,,,,,,,,,,,,,,,,,,,,,,,,,,
19,43013313560000,40.3255,-110.0692,PEARSON 2-11B2,UT CRC,"TC, TOC, HAWK, XRD",,E220213-030,,10610,10620,Green River,Uteland Butte,9.22,3.39,4.38,7.73,0.37,445,,,,,,,,,,,,,,,,,,,,,,,,,,,,,,,,,,,,,,,,,,,,,,,,,,,,,,,,,,,,,,,,,,,,,,,,,,,,,,,,,,,,,,,
19,43013313560000,40.3255,-110.0692,PEARSON 2-11B2,UT CRC,"TC, TOC, HAWK, XRD",,E220213-031,,10620,10630,Green River,Uteland Butte,7.27,1.89,2.42,4.79,0.36,444,,,,,,,,,,,,,,,,,,,,,,,,,,,,,,,,,,,,,,,,,,,,,,,,,,,,,,,,,,,,,,,,,,,,,,,,,,,,,,,,,,,,,,,
19,43013313560000,40.3255,-110.0692,PEARSON 2-11B2,UT CRC,"TC, TOC, HAWK, XRD",,E220213-032,,10630,10640,Green River,Uteland Butte,7.24,1.82,2.47,4.13,0.42,442,,,,,,,,,,,,,,,,,,,,,,,,,,,,,,,,,,,,,,,,,,,,,,,,,,,,,,,,,,,,,,,,,,,,,,,,,,,,,,,,,,,,,,,
19,43013313560000,40.3255,-110.0692,PEARSON 2-11B2,UT CRC,"TC, TOC, HAWK, XRD",,E220213-033,,10640,10650,Green River,Uteland Butte,8.57,1.59,2.21,3.99,0.34,444,,,,,,,,,,,,,,,,,,,,,,,,,,,,,,,,,,,,,,,,,,,,,,,,,,,,,,,,,,,,,,,,,,,,,,,,,,,,,,,,,,,,,,,
19,43013313560000,40.3255,-110.0692,PEARSON 2-11B2,UT CRC,"TC, TOC, HAWK, XRD",,E220213-034,,10650,10660,Green River,Uteland Butte,8.44,1.63,2.29,3.83,0.36,444,,,,,,,,,,,,,,,,,,,,,,,,,,,,,,,,,,,,,,,,,,,,,,,,,,,,,,,,,,,,,,,,,,,,,,,,,,,,,,,,,,,,,,,
19,43013313560000,40.3255,-110.0692,PEARSON 2-11B2,UT CRC,"TC, TOC, HAWK, XRD",,E220213-035,,10660,10670,Green River,Uteland Butte,7.27,1.94,2.5,4.51,0.44,446,,,,,,,,,,,,,,,,,,,,,,,,,,,,,,,,,,,,,,,,,,,,,,,,,,,,,,,,,,,,,,,,,,,,,,,,,,,,,,,,,,,,,,,
19,43013313560000,40.3255,-110.0692,PEARSON 2-11B2,UT CRC,"TC, TOC, HAWK, XRD",,E220213-036,,10670,10680,Green River,Uteland Butte,5.73,1.61,2.23,3.23,0.39,449,,,,,,,,,,,,,,,,,,,,,,,,,,,,,,,,,,,,,,,,,,,,,,,,,,,,,,,,,,,,,,,,,,,,,,,,,,,,,,,,,,,,,,,
19,43013313560000,40.3255,-110.0692,PEARSON 2-11B2,UT CRC,"TC, TOC, HAWK, XRD",,E220213-037,,10680,10690,Green River,Uteland Butte,5.05,1.35,1.87,3.05,0.32,449,,,,,,,,,,,,,,,,,,,,,,,,,,,,,,,,,,,,,,,,,,,,,,,,,,,,,,,,,,,,,,,,,,,,,,,,,,,,,,,,,,,,,,,
19,43013313560000,40.3255,-110.0692,PEARSON 2-11B2,UT CRC,"TC, TOC, HAWK, XRD",,E220213-038,,10690,10700,Green River,Uteland Butte,7.03,1.92,2.75,5.23,0.47,444,,,,,,,,,,,,,,,,,,,,,,,,,,,,,,,,,,,,,,,,,,,,,,,,,,,,,,,,,,,,,,,,,,,,,,,,,,,,,,,,,,,,,,,
19,43013313560000,40.3255,-110.0692,PEARSON 2-11B2,UT CRC,"TC, TOC, HAWK, XRD",,E220213-039,,10700,10710,Green River,Uteland Butte,7.21,2.12,3.94,5.55,0.47,442,,,,,,,,,,,,,,,,,,,,,,,,,,,,,,,,,,,,,,,,,,,,,,,,,,,,,,,,,,,,,,,,,,,,,,,,,,,,,,,,,,,,,,,
19,43013313560000,40.3255,-110.0692,PEARSON 2-11B2,UT CRC,"TC, TOC, HAWK, XRD",,E220213-040,,10710,10720,Green River,Uteland Butte,8.84,2.05,3.86,6.02,0.41,439,,,,,,,,,,,,,,,,,,,,,,,,,,,,,,,,,,,,,,,,,,,,,,,,,,,,,,,,,,,,,,,,,,,,,,,,,,,,,,,,,,,,,,,
19,43013313560000,40.3255,-110.0692,PEARSON 2-11B2,UT CRC,"TC, TOC, HAWK, XRD",,E220213-041,,10720,10730,Green River,Uteland Butte,10.01,1.95,2.68,5.7,0.41,444,,,,,,,,,,,,,,,,,,,,,,,,,,,,,,,,,,,,,,,,,,,,,,,,,,,,,,,,,,,,,,,,,,,,,,,,,,,,,,,,,,,,,,,
20,43013313560000,40.3255,-110.0692,PEARSON 2-11B2,UT CRC,"TC, TOC, HAWK, XRD",,E220213-042,,10730,10740,Green River,Uteland Butte,10,1.92,2.74,5.52,0.44,445,,,,,,,,,,,,,,,,,,,,,,,,,,,,,,,,,,,,,,,,,,,,,,,,,,,,,,,,,,,,,,,,,,,,,,,,,,,,,,,,,,,,,,,
20,43013313560000,40.3255,-110.0692,PEARSON 2-11B2,UT CRC,"TC, TOC, HAWK, XRD",,E220213-043,,10740,10750,Green River,Uteland Butte,8.16,1.8,2.8,5.23,0.45,445,,,,,,,,,,,,,,,,,,,,,,,,,,,,,,,,,,,,,,,,,,,,,,,,,,,,,,,,,,,,,,,,,,,,,,,,,,,,,,,,,,,,,,,
20,43013313560000,40.3255,-110.0692,PEARSON 2-11B2,UT CRC,"TC, TOC, HAWK, XRD",,E220213-044,,10750,10760,Green River,Uteland Butte,8.24,1.76,2.47,4.96,0.37,445,,,,,,,,,,,,,,,,,,,,,,,,,,,,,,,,,,,,,,,,,,,,,,,,,,,,,,,,,,,,,,,,,,,,,,,,,,,,,,,,,,,,,,,
20,43013300310000,40.4132,-110.0537,CHEVRON OIL 1 CHEVRON WALKER,USGS CRC,"TC, TOC, HAWK, ICP",AGAT,E221101-001,10480,,,Green River,Douglas Creek,6.55,0.5,,,,,4.24,13.1,1.88,1.5,4.12,0.07,0.38,17.5,0.26,BRL,24,34,673,BRL,0.2,0.2,38.8,9.3,40,1.5,43,2.72,1.74,0.8,10,3.21,BRL,5,0.6,BRL,20.7,BRL,0.29,399,5,8,18.7,22,14,4.84,42.2,BRL,1.4,7,BRL,3.6,2,778,0.6,0.46,BRL,6.6,BRL,0.26,3.29,75,1,16.4,1.9,70,157,,,,,,,,,,,,,,,,,,,,,,,,,,
20,43013300310000,40.4132,-110.0537,CHEVRON OIL 1 CHEVRON WALKER,USGS CRC,"TC, TOC, HAWK, ICP",AGAT,E221101-002,10482,,,Green River,Douglas Creek,5.11,0.57,0.51,1.19,0.59,441,6.02,10.3,2.25,2.6,3.03,0.12,0.8,19.7,0.32,BRL,6,66,405,BRL,0.2,0.4,50.5,11.3,60,4.7,26,3.23,2.03,1.01,15,4.35,1,3,0.71,BRL,28,52,0.3,421,BRL,10,24.1,33,11,6.51,84,BRL,0.8,9,BRL,4.9,2,573,0.8,0.6,BRL,7.8,0.5,0.31,2.45,80,1,19.2,2,91,103,,,,,,,,,,,,,,,,,,,,,,,,,,
20,43013300310000,40.4132,-110.0537,CHEVRON OIL 1 CHEVRON WALKER,USGS CRC,"TC, TOC, HAWK, ICP",AGAT,E221101-003,10484,,,Green River,Douglas Creek,6.36,0.6,0.71,1.5,0.4,441,4.77,13.5,2.26,1.8,3.28,0.08,0.5,16.7,0.26,BRL,8,51,476,BRL,0.2,0.2,45.7,10.2,84,3.5,28,3.01,1.82,0.91,12,3.69,1,3,0.64,BRL,25.7,42,0.26,435,3,9,21.6,102,10,5.73,59.4,BRL,0.7,8,BRL,4.3,2,816,0.6,0.55,0.05,6.6,BRL,0.28,2.11,72,1,17.2,1.7,73,86.9,,,,,,,,,,,,,,,,,,,,,,,,,,
20,43013300310000,40.4132,-110.0537,CHEVRON OIL 1 CHEVRON WALKER,USGS CRC,"TC, TOC, HAWK, ICP",AGAT,E221101-004,10486,,,Green River,Douglas Creek,8.15,0.53,0.98,1.21,0.32,442,3.23,17.6,2.45,1.1,4.55,0.1,0.43,12.7,0.18,BRL,BRL,31,617,BRL,0.2,BRL,35.5,8,32,1.7,22,2.69,1.66,0.7,9,2.9,BRL,2,0.59,BRL,19.3,19,0.25,465,BRL,6,16.9,22,12,4.42,34.6,BRL,0.5,6,BRL,3.3,1,1150,BRL,0.45,0.05,6.5,BRL,0.25,2.6,64,BRL,16.5,1.7,46,76.9,,,,,,,,,,,,,,,,,,,,,,,,,,
20,43013300310000,40.4132,-110.0537,CHEVRON OIL 1 CHEVRON WALKER,USGS CRC,"TC, TOC, HAWK, ICP",AGAT,E221101-005,10488,,,Green River,Douglas Creek,5.47,0.36,,,,,5.2,11.9,2.31,2.2,3.2,0.08,0.48,19.7,0.29,BRL,9,59,505,BRL,0.2,0.3,49.3,8.3,43,3.9,31,3.38,2,0.96,13,4.09,1,3,0.73,BRL,27.1,43,0.31,449,BRL,10,23.8,25,11,6.39,68.2,BRL,0.7,8,BRL,4.6,2,677,0.7,0.6,BRL,7.7,BRL,0.29,2.3,73,1,19.3,2,78,108,,,,,,,,,,,,,,,,,,,,,,,,,,
20,43013300310000,40.4132,-110.0537,CHEVRON OIL 1 CHEVRON WALKER,USGS CRC,"TC, TOC, HAWK, ICP",AGAT,E221101-006,10490,,,Green River,Carbonate Marker,5.19,0.45,,,,,5.28,10.8,2.38,2.3,3,0.08,0.85,19.2,0.31,BRL,10,70,445,BRL,0.2,0.3,50.9,10.7,47,5.4,34,3.32,1.96,1,15,4.24,1,3,0.7,BRL,28.3,61,0.31,450,3,10,24,31,13,6.4,79.5,BRL,0.9,9,BRL,4.9,2,622,0.7,0.61,0.06,7.4,BRL,0.3,2.26,77,1,18.5,2,86,97.7,,,,,,,,,,,,,,,,,,,,,,,,,,
20,43013300310000,40.4132,-110.0537,CHEVRON OIL 1 CHEVRON WALKER,USGS CRC,"TC, TOC, HAWK, ICP",AGAT,E221101-007,10492,,,Green River,Carbonate Marker,4.21,0.56,0.55,1.21,0.29,440,6.49,8.1,2.69,3.1,2.77,0.07,1.2,20.5,0.33,BRL,17,121,428,BRL,0.3,0.2,55.3,12.9,54,31.5,33,3.59,2.01,1.08,18,4.25,2,3,0.75,BRL,30.6,132,0.3,426,5,11,25.8,41,16,6.82,123,BRL,1.3,10,BRL,4.9,2,463,0.7,0.64,0.07,8.5,0.9,0.29,2.29,83,1,19.1,1.9,92,105,,,,,,,,,,,,,,,,,,,,,,,,,,
20,43013300310000,40.4132,-110.0537,CHEVRON OIL 1 CHEVRON WALKER,USGS CRC,"TC, TOC, HAWK, ICP",AGAT,E221101-008,10494,,,Green River,Carbonate Marker,4.64,0.76,0.44,1.81,0.3,446,6.09,8.5,3.37,2.9,3.02,0.08,1.71,20.4,0.32,BRL,27,96,607,BRL,0.3,0.3,50.4,12.1,54,8.1,40,3.13,2.05,0.91,17,4.1,1,3,0.69,BRL,28.4,113,0.28,498,7,10,23.5,37,16,6.37,102,BRL,1.3,11,1,4.8,2,573,0.7,0.56,0.09,7.4,1.2,0.29,2.29,100,1,17.8,1.9,79,103,,,,,,,,,,,,,,,,,,,,,,,,,,
20,43013300310000,40.4132,-110.0537,CHEVRON OIL 1 CHEVRON WALKER,USGS CRC,"TC, TOC, HAWK, ICP",AGAT,E221101-009,10496,,,Green River,Carbonate Marker,7.12,1,0.81,3.79,0.34,443,4.96,12.1,2.55,1.7,4.22,0.06,0.65,15.3,0.19,BRL,8,43,485,BRL,0.6,0.5,46.9,12,37,7,50,3.02,1.8,0.83,11,3.55,BRL,2,0.64,BRL,25.4,38,0.25,394,8,6,21.2,27,20,5.83,56.5,0.03,0.8,8,BRL,4,1,980,BRL,0.54,0.08,8.9,0.6,0.27,7.88,117,BRL,17.6,1.7,76,56.4,,,,,,,,,,,,,,,,,,,,,,,,,,
20,43013300310000,40.4132,-110.0537,CHEVRON OIL 1 CHEVRON WALKER,USGS CRC,"TC, TOC, HAWK, ICP",AGAT,E221101-010,10498,,,Green River,Carbonate Marker,5.07,0.42,,,,,5.74,8.7,2.59,2.6,3.92,0.06,0.95,19,0.32,BRL,12,84,479,BRL,0.3,0.2,54.8,13.2,45,7.3,38,3.66,2.26,1,17,4.38,1,4,0.73,BRL,29,99,0.36,518,4,11,25.5,30,20,6.7,95.8,BRL,1.4,11,2,4.9,2,577,0.8,0.63,BRL,9.1,0.6,0.33,5.59,120,1,20.5,2.1,74,104,,,,,,,,,,,,,,,,,,,,,,,,,,
20,43013300310000,40.4132,-110.0537,CHEVRON OIL 1 CHEVRON WALKER,USGS CRC,"TC, TOC, HAWK, ICP",AGAT,E221101-011,10500,,,Green River,Carbonate Marker,5.02,BRL,,,,,3.31,10.6,1.59,1.2,3.47,0.09,0.34,23.3,0.21,BRL,10,39,380,BRL,BRL,BRL,31.6,4.1,38,0.5,21,2.24,1.44,0.61,9,2.7,BRL,5,0.53,BRL,18.6,BRL,0.26,415,BRL,7,15.3,20,6,4.02,33.5,BRL,0.4,5,BRL,3.1,BRL,655,BRL,0.43,BRL,3.7,BRL,0.25,2.13,35,1,14.8,1.8,41,159,,,,,,,,,,,,,,,,,,,,,,,,,,
20,43013300310000,40.4132,-110.0537,CHEVRON OIL 1 CHEVRON WALKER,USGS CRC,"TC, TOC, HAWK, ICP",AGAT,E221101-012,10503,,,Green River,Carbonate Marker,3.66,0.64,0.4,1.44,0.33,445,6.52,6.1,2.32,3.7,2.97,0.07,1.29,24,0.38,BRL,8,102,615,BRL,0.2,0.2,40.5,14.7,60,7.5,27,3.01,1.76,0.89,17,3.62,2,5,0.64,BRL,22.8,117,0.29,419,2,12,20.5,44,14,5.24,125,BRL,0.7,9,BRL,4.2,2,336,0.9,0.52,BRL,6.5,0.6,0.28,1.81,68,2,16.4,2,94,144,,,,,,,,,,,,,,,,,,,,,,,,,,
20,43013300310000,40.4132,-110.0537,CHEVRON OIL 1 CHEVRON WALKER,USGS CRC,"TC, TOC, HAWK, ICP",AGAT,E221101-013,10505,,,Green River,Carbonate Marker,7.37,0.87,0.88,3.29,0.35,441,4.33,13,2.34,1.7,4.79,0.05,0.54,15.3,0.23,BRL,11,47,420,BRL,0.2,0.4,50.7,9.2,37,4.9,24,3.71,2.3,0.94,10,4.43,BRL,3,0.8,BRL,25.2,55,0.33,489,3,7,23.6,24,22,6.2,55.9,BRL,0.8,8,BRL,4.9,1,830,BRL,0.67,BRL,10,BRL,0.32,3.31,76,1,21.3,2.1,89,85.2,,,,,,,,,,,,,,,,,,,,,,,,,,
20,43013300310000,40.4132,-110.0537,CHEVRON OIL 1 CHEVRON WALKER,USGS CRC,"TC, TOC, HAWK, ICP",AGAT,E221101-014,10507,,,Green River,Carbonate Marker,9.61,0.9,2.55,2.92,0.26,435,2.68,18.3,1.94,1,5.83,0.04,0.34,9.9,0.14,BRL,6,24,520,BRL,0.1,0.2,34.3,6.6,32,1.5,10,2.43,1.49,0.64,8,2.69,BRL,1,0.53,BRL,17.7,23,0.25,440,BRL,5,14.8,13,10,3.87,32.1,BRL,0.5,5,BRL,3.2,BRL,1220,BRL,0.42,BRL,5.9,BRL,0.25,2.44,70,BRL,15.5,1.7,34,47.3,,,,,,,,,,,,,,,,,,,,,,,,,,
20,43013300310000,40.4132,-110.0537,CHEVRON OIL 1 CHEVRON WALKER,USGS CRC,"TC, TOC, HAWK, ICP",AGAT,E221101-015,10509,,,Green River,Carbonate Marker,7.97,0.88,1.47,2.89,0.45,439,4.26,15,2.01,1.6,4.9,0.05,0.6,13.7,0.22,BRL,8,34,468,BRL,0.1,0.3,38.6,8.8,52,2,22,2.94,1.74,0.82,10,3.39,BRL,2,0.62,BRL,20.7,25,0.25,405,3,7,18.6,50,12,4.97,49.1,BRL,0.7,6,BRL,3.7,2,927,0.5,0.55,BRL,7.3,BRL,0.26,2.3,61,1,16.4,1.7,62,74.4,,,,,,,,,,,,,,,,,,,,,,,,,,
20,43013300310000,40.4132,-110.0537,CHEVRON OIL 1 CHEVRON WALKER,USGS CRC,"TC, TOC, HAWK, ICP",AGAT,E221101-016,10511,,,Green River,Carbonate Marker,5.96,0.57,0.44,1.63,0.31,445,3.83,11.9,1.66,1.9,3.39,0.09,0.56,20.3,0.22,BRL,11,36,438,BRL,0.1,0.3,33.6,6.8,43,3.1,14,2.61,1.7,0.72,9,3.29,BRL,4,0.56,BRL,18.6,18,0.28,356,BRL,7,16.8,22,9,4.32,58.9,BRL,0.9,6,BRL,3.5,1,730,0.5,0.5,BRL,6,BRL,0.24,2.04,47,BRL,16.1,1.7,57,141,,,,,,,,,,,,,,,,,,,,,,,,,,
20,43013300310000,40.4132,-110.0537,CHEVRON OIL 1 CHEVRON WALKER,USGS CRC,"TC, TOC, HAWK, ICP",AGAT,E221101-017,10513,,,Green River,Carbonate Marker,7.49,1.01,0.69,3.82,0.28,444,4.36,14.2,2,1.7,4.16,0.06,0.56,15.4,0.24,BRL,9,42,489,BRL,0.1,0.3,39.8,8.3,46,3,19,2.55,1.64,0.69,11,3.41,BRL,3,0.58,BRL,22,34,0.26,419,BRL,8,19.2,22,10,4.95,55.2,BRL,0.6,7,1,3.5,1,900,0.5,0.48,BRL,6.4,BRL,0.24,2.91,67,1,16.3,1.6,69,91.8,,,,,,,,,,,,,,,,,,,,,,,,,,
20,43013300310000,40.4132,-110.0537,CHEVRON OIL 1 CHEVRON WALKER,USGS CRC,"TC, TOC, HAWK, ICP",AGAT,E221101-018,10515,,,Green River,Carbonate Marker,7.03,1.22,0.49,5.02,0.22,444,4.71,12.8,2.35,1.8,3.78,0.07,0.77,16.8,0.25,BRL,14,47,541,BRL,0.2,0.5,47.8,8.8,47,3.8,24,2.85,1.72,0.85,12,3.76,BRL,3,0.61,BRL,25.9,41,0.29,435,3,8,22,29,14,5.9,60.3,BRL,0.8,8,1,4.2,2,787,0.6,0.53,0.05,7,0.6,0.25,3.67,86,1,17.3,1.8,74,89.8,,,,,,,,,,,,,,,,,,,,,,,,,,
20,43013300310000,40.4132,-110.0537,CHEVRON OIL 1 CHEVRON WALKER,USGS CRC,"TC, TOC, HAWK, ICP",AGAT,E221101-019,10517,,,Green River,Carbonate Marker,4.41,0.39,,,,,3.84,9.5,1.79,1.8,2.35,0.04,0.68,25.5,0.24,BRL,6,44,637,BRL,BRL,BRL,35.8,5.5,31,1.3,11,2.66,1.76,0.75,10,3.14,1,6,0.55,BRL,19.3,13,0.29,377,BRL,8,17.5,17,10,4.55,56.8,BRL,0.5,6,BRL,3.6,1,922,0.6,0.46,BRL,5,BRL,0.24,1.61,46,1,15.2,1.7,33,212,,,,,,,,,,,,,,,,,,,,,,,,,,
20,43013300310000,40.4132,-110.0537,CHEVRON OIL 1 CHEVRON WALKER,USGS CRC,"TC, TOC, HAWK, ICP",AGAT,E221101-020,10519,,,Green River,Carbonate Marker,7.19,1.59,0.59,8.08,0.35,446,5.72,13.1,2.2,2.1,3.16,0.1,0.4,16.9,0.26,BRL,8,46,565,BRL,0.3,0.6,46,9.2,65,3.4,31,3.47,2.04,0.86,13,3.52,1,3,0.72,BRL,26.1,31,0.3,486,3,9,21.8,30,18,5.85,67.3,BRL,0.8,10,BRL,4,2,797,0.6,0.56,0.07,8.8,0.5,0.3,3.3,100,1,21.1,1.9,97,81.3,,,,,,,,,,,,,,,,,,,,,,,,,,
20,43013300310000,40.4132,-110.0537,CHEVRON OIL 1 CHEVRON WALKER,USGS CRC,"TC, TOC, HAWK, ICP",AGAT,E221101-021,10521,,,Green River,Carbonate Marker,6.24,1.51,0.45,7.23,0.29,445,5.53,9.7,2.82,1.9,2.96,0.06,0.93,19.2,0.27,BRL,13,46,526,BRL,0.3,0.3,48.8,10.6,52,3,25,2.99,1.67,0.86,14,3.67,1,3,0.63,BRL,26.9,24,0.28,536,3,9,22.8,35,18,6.08,64.8,BRL,0.8,9,1,4.3,2,569,0.6,0.52,0.06,7.1,0.6,0.26,2.13,101,1,16.8,1.7,75,81.7,,,,,,,,,,,,,,,,,,,,,,,,,,
20,43013300310000,40.4132,-110.0537,CHEVRON OIL 1 CHEVRON WALKER,USGS CRC,"TC, TOC, HAWK, ICP",AGAT,E221101-022,10523,,,Green River,Carbonate Marker,4.68,1.25,0.4,4.24,0.29,446,6.16,6.9,4.67,3,2.8,0.07,2.76,21.3,0.34,BRL,29,105,480,BRL,0.3,BRL,57.2,13.4,51,8.5,35,3.68,2.04,1.08,18,4.43,2,4,0.77,BRL,31.4,102,0.32,409,9,10,26.9,45,22,7.16,118,BRL,1.6,12,2,5.2,2,411,0.8,0.67,0.06,8.9,1.9,0.31,2.41,124,1,19.9,2.1,89,111,,,,,,,,,,,,,,,,,,,,,,,,,,
20,43013300310000,40.4132,-110.0537,CHEVRON OIL 1 CHEVRON WALKER,USGS CRC,"TC, TOC, HAWK, ICP",AGAT,E221101-023,10525,,,Green River,Carbonate Marker,5.04,1.54,0.4,6.08,0.45,443,6.55,7.7,2.94,2.9,2.37,0.09,0.93,21.6,0.32,BRL,26,117,530,BRL,0.5,0.5,58.7,15.4,67,14.6,57,3.78,2.29,1.12,18,4.6,2,4,0.8,BRL,32.4,129,0.33,402,5,11,28.1,48,28,7.28,126,BRL,2.5,11,2,5.2,2,489,0.8,0.7,0.11,9.7,0.9,0.34,3.91,134,1,22.9,2.2,101,119,,,,,,,,,,,,,,,,,,,,,,,,,,
20,43013300310000,40.4132,-110.0537,CHEVRON OIL 1 CHEVRON WALKER,USGS CRC,"TC, TOC, HAWK, ICP",AGAT,E221101-024,10527,,,Green River,Carbonate Marker,6.25,1.61,0.69,7.04,0.37,445,5.6,9,2.98,2.4,3.27,0.08,0.3,19.6,0.29,BRL,8,82,437,BRL,0.5,0.6,61,10.3,61,7.6,41,6.21,4.28,1.22,17,5.88,1,4,1.4,BRL,33.9,80,0.66,546,4,12,29.4,26,23,7.81,99.7,BRL,1,11,2,6.1,2,563,0.6,1.03,0.1,9,0.6,0.64,4.06,116,1,39.2,4.4,96,118,,,,,,,,,,,,,,,,,,,,,,,,,,
20,43013300310000,40.4132,-110.0537,CHEVRON OIL 1 CHEVRON WALKER,USGS CRC,"TC, TOC, HAWK, ICP",AGAT,E221101-025,10529,,,Green River,Carbonate Marker,7.76,1.79,0.48,7.24,0.47,444,5.11,13.7,2.41,1.9,3.37,0.07,0.09,16.4,0.24,BRL,7,60,455,BRL,0.6,0.7,53.3,10.4,59,5.3,61,3.45,2,0.94,13,4.05,BRL,2,0.71,BRL,28.8,54,0.3,515,3,8,25.2,30,27,6.53,71.3,BRL,0.7,8,BRL,4.9,1,827,0.5,0.63,0.12,9.2,BRL,0.3,5.29,117,BRL,20.6,2,89,77.5,,,,,,,,,,,,,,,,,,,,,,,,,,
20,43013300310000,40.4132,-110.0537,CHEVRON OIL 1 CHEVRON WALKER,USGS CRC,"TC, TOC, HAWK, ICP",AGAT,E221101-026,10531,,,Green River,Carbonate Marker,4.09,0.82,0.3,2.36,0.27,445,5.17,6.8,2.33,2.8,2.55,0.06,0.69,26.6,0.32,BRL,31,73,467,BRL,0.2,BRL,49.8,11.9,52,4.9,23,3.66,2.17,0.97,13,4.21,1,6,0.79,BRL,26.9,54,0.36,393,18,10,24.2,35,14,6.54,97.8,BRL,1.3,8,BRL,4.9,2,364,0.7,0.64,BRL,8.4,0.9,0.34,2.57,79,1,20.8,2.3,56,194,,,,,,,,,,,,,,,,,,,,,,,,,,
20,43013300310000,40.4132,-110.0537,CHEVRON OIL 1 CHEVRON WALKER,USGS CRC,"TC, TOC, HAWK, ICP",AGAT,E221101-027,10533,,,Green River,Carbonate Marker,9.52,0.79,1.84,2.22,0.32,433,1.62,21.7,1.1,0.5,4.72,0.15,0.09,11.3,0.11,BRL,BRL,18,411,BRL,BRL,0.3,19.3,3,25,0.3,BRL,2.18,1.38,0.44,4,2.16,BRL,2,0.47,BRL,10.7,BRL,0.2,340,BRL,3,10,17,6,2.65,15.5,BRL,0.3,BRL,BRL,2.1,BRL,1548,BRL,0.36,BRL,5.1,BRL,0.2,6.55,26,BRL,14.8,1.3,46,65.5,,,,,,,,,,,,,,,,,,,,,,,,,,
21,43013300310000,40.4132,-110.0537,CHEVRON OIL 1 CHEVRON WALKER,USGS CRC,"TC, TOC, HAWK, ICP",AGAT,E221101-028,10535,,,Green River,Carbonate Marker,9.38,1.7,0.35,6.94,0.42,444,3.35,18.1,1.88,1.6,4.02,0.07,0.08,12,0.16,BRL,BRL,41,426,BRL,0.2,0.5,31.8,5.9,40,3.1,18,2.22,1.34,0.65,9,2.64,BRL,2,0.46,BRL,18.1,30,0.21,389,BRL,5,15.8,19,17,4.17,58.4,BRL,0.4,5,BRL,3,BRL,1178,BRL,0.4,BRL,5.3,BRL,0.21,2.91,69,BRL,13.5,1.3,58,55.3,,,,,,,,,,,,,,,,,,,,,,,,,,
21,43013300310000,40.4132,-110.0537,CHEVRON OIL 1 CHEVRON WALKER,USGS CRC,"TC, TOC, HAWK, ICP",AGAT,E221101-029,10537,,,Green River,Carbonate Marker,5.67,1.78,0.39,6.36,0.34,440,5.85,8.5,3.81,3.1,3.04,0.04,2.07,19.6,0.36,BRL,32,109,391,BRL,0.2,0.2,59.3,15.3,50,11.4,40,3.71,2.25,1.15,17,4.69,2,4,0.8,BRL,32.1,104,0.35,481,10,11,27.7,39,17,7.35,125,BRL,2,11,3,5.6,2,439,0.8,0.7,BRL,8.9,0.9,0.33,2.27,92,1,21.2,2.3,93,110,,,,,,,,,,,,,,,,,,,,,,,,,,
21,43013300310000,40.4132,-110.0537,CHEVRON OIL 1 CHEVRON WALKER,USGS CRC,"TC, TOC, HAWK, ICP",AGAT,E221101-030,10539,,,Green River,Carbonate Marker,5.58,0.91,0.63,2.54,0.3,443,5.04,9.5,2.82,2,3.58,0.05,0.95,21.2,0.29,BRL,20,56,560,BRL,0.3,0.3,49.2,10.4,47,4.8,37,3.67,2.24,0.98,13,4.39,1,5,0.82,BRL,26.7,37,0.35,463,5,9,24.1,29,18,6.38,69.5,BRL,1.1,8,1,4.6,2,604,0.6,0.65,BRL,8.6,0.6,0.34,3.4,99,1,21.6,2.3,73,167,,,,,,,,,,,,,,,,,,,,,,,,,,
21,43013300310000,40.4132,-110.0537,CHEVRON OIL 1 CHEVRON WALKER,USGS CRC,"TC, TOC, HAWK, ICP",AGAT,E221101-031,10541,,,Green River,Carbonate Marker,4.9,1.62,0.82,5.76,0.36,444,7.07,6,2.55,3.3,2.72,0.07,1.06,22.6,0.34,BRL,23,63,504,BRL,0.5,0.6,71.1,14.7,62,5.8,69,4.62,2.44,1.36,16,5.65,2,4,0.9,BRL,35.9,32,0.36,478,5,11,35.6,39,23,9.2,105,BRL,1.4,11,BRL,6.9,3,358,0.9,0.87,0.13,12.3,1,0.38,4.31,94,1,26.2,2.5,129,124,,,,,,,,,,,,,,,,,,,,,,,,,,
21,43013300310000,40.4132,-110.0537,CHEVRON OIL 1 CHEVRON WALKER,USGS CRC,"TC, TOC, HAWK, ICP",AGAT,E221101-032,10543,,,Green River,Carbonate Marker,5.15,1.06,0.8,3.59,0.39,443,7.11,7.8,2.46,3,3.48,0.07,0.18,20.8,0.34,BRL,5,93,510,BRL,0.7,0.5,66.3,18.6,60,9.9,66,4.17,2.42,1.16,21,5.02,2,4,0.86,BRL,35.1,104,0.37,477,3,11,30.5,40,30,8.19,115,BRL,0.9,12,BRL,6,11,500,0.8,0.75,0.1,11.7,0.6,0.38,3.8,132,2,23.2,2.5,101,112,,,,,,,,,,,,,,,,,,,,,,,,,,
21,43013300310000,40.4132,-110.0537,CHEVRON OIL 1 CHEVRON WALKER,USGS CRC,"TC, TOC, HAWK, ICP",AGAT,E221101-033,10545,,,Green River,Carbonate Marker,6.39,0.6,2.04,1.81,0.24,431,2.32,11.8,1.19,0.7,4.24,0.08,0.12,22,0.14,BRL,7,31,289,BRL,BRL,BRL,29.2,2.7,30,0.3,29,2.5,1.61,0.65,6,2.69,BRL,4,0.58,BRL,16,BRL,0.25,383,BRL,4,14.9,13,6,3.94,17.7,BRL,0.4,BRL,BRL,2.9,BRL,780,BRL,0.45,BRL,4.8,BRL,0.24,1.94,34,BRL,16.5,1.6,30,158,,,,,,,,,,,,,,,,,,,,,,,,,,
21,43013300310000,40.4132,-110.0537,CHEVRON OIL 1 CHEVRON WALKER,USGS CRC,"TC, TOC, HAWK, ICP",AGAT,E221101-034,10547,,,Green River,Carbonate Marker,7.51,0.96,0.72,3.77,0.27,441,4.07,12.7,2.23,2,4.98,0.05,0.41,15.8,0.22,BRL,9,36,551,BRL,0.4,0.4,40,7.7,39,2.4,45,3.04,1.83,0.75,10,3.41,BRL,3,0.64,BRL,21.6,16,0.28,496,BRL,7,19.4,26,17,5.19,55.2,BRL,0.6,7,BRL,3.9,1,787,BRL,0.52,0.07,7.2,BRL,0.28,5.96,74,1,18.1,1.8,75,109,,,,,,,,,,,,,,,,,,,,,,,,,,
21,43013300310000,40.4132,-110.0537,CHEVRON OIL 1 CHEVRON WALKER,USGS CRC,"TC, TOC, HAWK, ICP",AGAT,E221101-035,10549,,,Green River,Carbonate Marker,3.03,0.41,,,,,5.95,4.9,2.25,3.5,2.43,0.06,1.26,27.5,0.37,BRL,10,71,485,BRL,0.2,BRL,41.9,9,54,3.8,35,3.21,1.94,0.94,15,3.93,1,6,0.72,BRL,22.5,26,0.34,361,BRL,12,21.9,26,12,5.56,108,BRL,0.8,8,BRL,4.3,2,271,0.9,0.59,BRL,7.4,0.6,0.3,2.58,59,2,19.3,2.1,79,205,,,,,,,,,,,,,,,,,,,,,,,,,,
21,43013300310000,40.4132,-110.0537,CHEVRON OIL 1 CHEVRON WALKER,USGS CRC,"TC, TOC, HAWK, ICP",AGAT,E221101-036,10551,,,Green River,Carbonate Marker,3.67,0.71,0.43,1.46,0.31,440,5.65,5.2,2.91,3.4,2.61,0.04,1.28,26.1,0.35,BRL,14,63,491,BRL,0.2,BRL,52,12.9,44,3.7,47,3.6,2.08,0.99,16,4.22,1,5,0.77,BRL,27.8,36,0.34,412,4,11,24.9,41,14,6.72,106,BRL,1.1,10,BRL,4.8,2,309,0.8,0.64,BRL,7.4,0.6,0.35,1.63,73,2,20.7,2.1,82,155,,,,,,,,,,,,,,,,,,,,,,,,,,
21,43013300310000,40.4132,-110.0537,CHEVRON OIL 1 CHEVRON WALKER,USGS CRC,"TC, TOC, HAWK, ICP",AGAT,E221101-037,10553,,,Green River,Carbonate Marker,10.59,1.94,1.91,7.03,0.31,439,2.41,18.8,2.43,1,5.23,0.07,0.11,10.2,0.12,BRL,BRL,23,731,BRL,0.1,BRL,25.7,5.8,22,0.8,26,2.12,1.33,0.5,6,2.22,BRL,2,0.47,BRL,13.8,13,0.23,608,BRL,4,12.5,16,6,3.22,29.5,BRL,0.6,BRL,BRL,2.5,BRL,1313,BRL,0.33,BRL,5,BRL,0.22,3.99,66,BRL,13.1,1.5,44,50.4,,,,,,,,,,,,,,,,,,,,,,,,,,
21,43013300310000,40.4132,-110.0537,CHEVRON OIL 1 CHEVRON WALKER,USGS CRC,"TC, TOC, HAWK, ICP",AGAT,E221101-038,10555,,,Green River,Carbonate Marker,9.31,1.82,1.41,6.73,0.33,440,3.52,15.7,2.49,1.5,4.57,0.07,0.12,12.5,0.16,BRL,BRL,34,507,BRL,0.3,0.5,33.9,6,36,2.4,64,2.38,1.39,0.65,9,2.81,BRL,2,0.49,BRL,18.8,19,0.21,552,BRL,6,15.5,17,21,4.24,50.3,BRL,0.7,6,2,3.1,1,1030,BRL,0.42,0.06,5.4,BRL,0.2,2.98,78,BRL,14.3,1.4,75,62.1,,,,,,,,,,,,,,,,,,,,,,,,,,
21,43013300310000,40.4132,-110.0537,CHEVRON OIL 1 CHEVRON WALKER,USGS CRC,"TC, TOC, HAWK, ICP",AGAT,E221101-039,10557,,,Green River,Carbonate Marker,4.11,1.44,1.78,5.09,0.22,435,4.88,4.6,2.28,2.4,2.31,0.05,0.75,28.7,0.33,BRL,18,48,458,BRL,0.1,BRL,48.4,11.1,45,1.6,72,3.49,2.03,0.89,13,4.25,1,7,0.75,BRL,25.9,15,0.34,358,BRL,10,23.5,35,11,6.21,69.7,BRL,1.2,8,BRL,4.9,1,269,0.7,0.62,BRL,7.2,BRL,0.31,1.59,55,1,19.8,2.2,76,244,,,,,,,,,,,,,,,,,,,,,,,,,,
21,43013300310000,40.4132,-110.0537,CHEVRON OIL 1 CHEVRON WALKER,USGS CRC,"TC, TOC, HAWK, ICP",AGAT,E221101-040,10559,,,Green River,Carbonate Marker,7.59,1.81,1.06,7.13,0.35,444,4.99,12.8,2.12,1.7,3.2,0.08,0.12,18.8,0.25,BRL,8,38,504,BRL,0.3,0.4,48.8,8,51,3.9,70,3.13,1.87,0.87,12,3.52,BRL,3,0.66,BRL,25.1,30,0.22,460,3,9,22.2,23,23,5.92,56.8,BRL,1,9,2,4.3,2,850,0.6,0.55,0.09,7.5,BRL,0.27,3.46,96,1,17.3,1.7,94,89.6,,,,,,,,,,,,,,,,,,,,,,,,,,
21,43013300310000,40.4132,-110.0537,CHEVRON OIL 1 CHEVRON WALKER,USGS CRC,"TC, TOC, HAWK, ICP",AGAT,E221101-041,10561,,,Green River,Carbonate Marker,7.31,1.73,0.77,6.14,0.3,443,5.21,11.7,2.55,2.1,3.2,0.09,0.34,19.6,0.25,BRL,11,47,558,BRL,0.5,0.8,55.8,9.8,57,4.4,95,3.69,2.03,0.97,13,4.17,BRL,3,0.73,BRL,28.2,39,0.28,453,6,9,24.5,31,29,6.64,69,BRL,1.4,10,2,4.6,2,876,0.5,0.63,0.2,9.1,BRL,0.31,5.86,111,1,20.6,1.9,101,90.6,,,,,,,,,,,,,,,,,,,,,,,,,,
21,43013300310000,40.4132,-110.0537,CHEVRON OIL 1 CHEVRON WALKER,USGS CRC,"TC, TOC, HAWK, ICP",AGAT,E221101-042,10563,,,Green River,Carbonate Marker,8.56,1.85,1.54,6.94,0.26,445,4.29,12.3,2.18,1.7,5,0.07,0.16,15.7,0.22,BRL,10,34,709,BRL,0.7,0.5,55.1,8.4,39,2.4,116,3.77,2.35,0.97,10,3.83,BRL,2,0.79,BRL,26.3,29,0.34,474,3,7,23.7,30,34,6.39,54.8,BRL,1,9,2,4.5,1,1069,BRL,0.67,0.14,11.1,BRL,0.35,11.21,115,1,22,2.4,96,83.1,,,,,,,,,,,,,,,,,,,,,,,,,,
21,43013300310000,40.4132,-110.0537,CHEVRON OIL 1 CHEVRON WALKER,USGS CRC,"TC, TOC, HAWK, ICP",AGAT,E221101-043,10565,,,Green River,Carbonate Marker,6.17,0.59,1.87,1.89,0.32,430,1.55,12,0.97,0.6,3.66,0.1,0.07,25.8,0.11,BRL,5,20,348,BRL,BRL,BRL,21.7,2.8,37,1.8,138,1.98,1.2,0.43,4,2,BRL,4,0.39,BRL,11.3,10,0.16,232,BRL,4,10.7,15,7,2.8,16.8,BRL,0.3,BRL,BRL,2.1,BRL,773,BRL,0.33,BRL,3.4,BRL,0.16,1.34,29,BRL,11.5,1,72,146,,,,,,,,,,,,,,,,,,,,,,,,,,
21,43013300310000,40.4132,-110.0537,CHEVRON OIL 1 CHEVRON WALKER,USGS CRC,"TC, TOC, HAWK, ICP",AGAT,E221101-044,10566.5,,,Green River,Carbonate Marker,8.36,0.87,2.28,2.86,0.44,431,2.87,16,1.38,1.1,4.75,0.06,0.13,16.5,0.17,BRL,BRL,21,330,BRL,BRL,0.3,29.8,6.1,44,1.2,70,2.17,1.32,0.57,7,2.31,BRL,3,0.43,BRL,15.7,14,0.16,341,BRL,6,14.4,22,6,3.75,31.4,BRL,0.3,5,1,2.9,BRL,990,BRL,0.35,BRL,4.4,BRL,0.19,1.49,41,1,12.4,1.2,82,89.3,,,,,,,,,,,,,,,,,,,,,,,,,,
21,43013300310000,40.4132,-110.0537,CHEVRON OIL 1 CHEVRON WALKER,USGS CRC,"TC, TOC, HAWK, ICP",AGAT,E221101-045,10569,,,Green River,Carbonate Marker,5.76,1.16,0.47,3.3,0.36,443,5.37,10.5,2.33,3,3.18,0.15,0.88,19.9,0.31,BRL,17,87,463,BRL,BRL,0.8,50.5,11.1,95,12.2,65,3.78,2.18,0.95,13,4.02,2,4,0.79,BRL,26.9,116,0.31,427,4,9,23.7,38,14,6.15,111,BRL,0.9,10,2,4.8,2,639,0.6,0.65,BRL,7.6,0.7,0.32,3.58,71,1,21,2.1,112,146,,,,,,,,,,,,,,,,,,,,,,,,,,
21,43013300310000,40.4132,-110.0537,CHEVRON OIL 1 CHEVRON WALKER,USGS CRC,"TC, TOC, HAWK, ICP",AGAT,E221101-046,10571,,,Green River,Carbonate Marker,7.38,1.49,0.51,6.8,0.27,446,4.67,12.1,2.02,2,3.85,0.06,0.64,17.8,0.27,BRL,52,42,405,BRL,0.1,BRL,48.7,8.4,50,4.8,58,3.2,1.98,0.86,12,3.4,BRL,3,0.65,BRL,25,42,0.28,379,3,9,22.3,28,12,5.86,67.8,BRL,1.7,8,2,4.3,1,722,0.7,0.56,0.05,7.2,0.7,0.27,3.87,74,1,17.8,1.8,84,104,,,,,,,,,,,,,,,,,,,,,,,,,,
21,43013300310000,40.4132,-110.0537,CHEVRON OIL 1 CHEVRON WALKER,USGS CRC,"TC, TOC, HAWK, ICP",AGAT,E221101-047,10571.8,,,Green River,Carbonate Marker,9.81,1.98,2.12,8.17,0.35,439,2.95,15.8,2.33,1.6,5.09,0.05,0.06,13.5,0.17,BRL,5,31,501,BRL,BRL,BRL,28.4,4.7,30,1.9,49,2.04,1.29,0.53,7,2.3,BRL,2,0.41,BRL,14.7,20,0.15,527,BRL,7,13.4,20,7,3.48,51.1,BRL,0.5,6,1,2.7,1,1055,BRL,0.33,BRL,4.4,BRL,0.17,2.13,70,1,11.4,1.1,52,69.7,,,,,,,,,,,,,,,,,,,,,,,,,,
21,43013300310000,40.4132,-110.0537,CHEVRON OIL 1 CHEVRON WALKER,USGS CRC,"TC, TOC, HAWK, ICP",AGAT,E221101-048,10573,,,Green River,Carbonate Marker,10.17,1.62,1.81,6.6,0.28,439,2.62,16.3,1.98,1.2,6.24,0.04,0.35,11.4,0.15,BRL,26,17,555,BRL,BRL,BRL,27.8,5.8,28,1.5,41,2.27,1.37,0.51,7,2.11,BRL,1,0.45,BRL,13.9,19,0.18,455,3,5,12.7,23,6,3.35,39.2,BRL,1.2,5,1,2.5,BRL,1084,BRL,0.36,BRL,4.2,BRL,0.19,4.65,67,BRL,12.8,1.3,48,54.9,,,,,,,,,,,,,,,,,,,,,,,,,,
21,43013300310000,40.4132,-110.0537,CHEVRON OIL 1 CHEVRON WALKER,USGS CRC,"TC, TOC, HAWK, ICP",AGAT,E221101-049,10575.5,,,Green River,Carbonate Marker,9.31,1.01,0.87,3.51,0.34,439,2.79,17.1,1.89,1.6,5.48,0.05,0.22,12.6,0.15,BRL,9,25,410,BRL,BRL,BRL,27.8,4.1,27,2.1,19,1.82,1.11,0.48,7,2,BRL,1,0.37,BRL,14.3,29,0.16,402,BRL,6,12.9,18,7,3.37,50.3,BRL,0.4,5,1,2.3,BRL,1014,BRL,0.34,BRL,3.9,BRL,0.17,2.37,58,BRL,10.6,1,41,53.8,,,,,,,,,,,,,,,,,,,,,,,,,,
21,43013300310000,40.4132,-110.0537,CHEVRON OIL 1 CHEVRON WALKER,USGS CRC,"TC, TOC, HAWK, ICP",AGAT,E221101-050,10577,,,Green River,Carbonate Marker,6.68,0.64,1.48,1.69,0.26,429,2.27,14.2,1.36,0.8,3.08,0.18,0.25,19.3,0.13,BRL,7,16,419,BRL,BRL,0.2,24,4.6,36,1.8,28,2.99,1.81,0.53,6,2.52,BRL,3,0.63,BRL,12.6,14,0.19,338,BRL,5,12.1,18,7,3.04,23.2,BRL,0.4,BRL,2,2.4,BRL,990,BRL,0.43,BRL,6.3,BRL,0.24,3.29,38,BRL,18,1.4,32,134,,,,,,,,,,,,,,,,,,,,,,,,,,
21,43013300310000,40.4132,-110.0537,CHEVRON OIL 1 CHEVRON WALKER,USGS CRC,"TC, TOC, HAWK, ICP",AGAT,E221101-051,10579,,,Green River,Carbonate Marker,8.25,1.47,1.7,5.54,0.39,438,3.51,13.4,2.17,1.9,4.42,0.05,0.19,16.2,0.22,BRL,7,34,439,BRL,BRL,0.2,34.5,7.1,38,2.2,60,2.45,1.42,0.62,8,2.74,BRL,3,0.5,BRL,17.6,22,0.21,469,BRL,8,16.1,17,9,4.16,62.5,BRL,0.6,6,1,3.2,1,863,BRL,0.43,BRL,5.1,BRL,0.22,2.86,64,1,13.7,1.4,74,103,,,,,,,,,,,,,,,,,,,,,,,,,,
21,43013300310000,40.4132,-110.0537,CHEVRON OIL 1 CHEVRON WALKER,USGS CRC,"TC, TOC, HAWK, ICP",AGAT,E221101-052,10581,,,Green River,Carbonate Marker,7.52,1.93,0.72,7.46,0.4,441,5.05,12.1,2.91,2.1,3.08,0.06,0.46,18.8,0.25,BRL,10,84,484,BRL,0.2,0.4,48.1,8.3,55,7.1,52,3.1,1.76,0.82,12,3.36,1,3,0.6,BRL,25.4,67,0.22,465,3,10,21,27,16,5.64,86,BRL,1,9,1,4,2,812,0.6,0.52,BRL,7.6,BRL,0.28,3.93,113,1,17.4,1.7,92,96,,,,,,,,,,,,,,,,,,,,,,,,,,
21,43013300310000,40.4132,-110.0537,CHEVRON OIL 1 CHEVRON WALKER,USGS CRC,"TC, TOC, HAWK, ICP",AGAT,E221101-053,10583,,,Green River,Carbonate Marker,7.93,2.11,0.74,8.55,0.48,443,4.63,13.3,2.07,1.7,2.9,0.06,0.08,17.3,0.25,BRL,8,46,516,BRL,0.4,0.5,48.6,9.1,48,3.2,70,3.21,1.91,0.8,12,3.56,BRL,3,0.68,BRL,24.3,28,0.27,468,3,8,21.4,28,24,5.68,59.7,BRL,0.7,8,1,3.9,1,885,BRL,0.53,0.08,7.8,BRL,0.28,5.38,112,1,18.2,1.8,85,94.7,,,,,,,,,,,,,,,,,,,,,,,,,,
21,43013300310000,40.4132,-110.0537,CHEVRON OIL 1 CHEVRON WALKER,USGS CRC,"TC, TOC, HAWK, ICP",AGAT,E221101-054,10585,,,Green River,Carbonate Marker,5.76,1.27,0.8,4.06,0.29,443,5.84,10.3,1.81,2.9,2.55,0.07,0.75,21.3,0.33,BRL,31,58,443,BRL,0.2,0.4,55.4,10.8,61,5.1,56,3.31,1.94,0.98,14,3.91,1,3,0.67,BRL,29.1,29,0.25,352,5,13,24.5,37,16,6.63,98.1,BRL,1.1,9,2,4.6,2,573,0.7,0.62,BRL,8,0.7,0.27,2.41,71,1,17.9,1.8,98,115,,,,,,,,,,,,,,,,,,,,,,,,,,
21,43013300310000,40.4132,-110.0537,CHEVRON OIL 1 CHEVRON WALKER,USGS CRC,"TC, TOC, HAWK, ICP",AGAT,E221101-055,10587,,,Green River,Carbonate Marker,6.04,1.35,0.73,4.68,0.26,444,5.04,10.6,2.11,2.1,2.78,0.08,0.95,18.9,0.32,BRL,17,49,477,BRL,0.1,0.2,53.2,10.4,62,4,70,3.65,2.05,0.93,12,3.9,1,4,0.74,BRL,27.5,29,0.29,410,4,9,24.2,29,13,6.4,71,BRL,0.9,9,1,4.7,2,671,0.6,0.63,BRL,8.3,0.5,0.33,2.6,69,1,19.9,1.9,84,166,,,,,,,,,,,,,,,,,,,,,,,,,,
21,43013300310000,40.4132,-110.0537,CHEVRON OIL 1 CHEVRON WALKER,USGS CRC,"TC, TOC, HAWK, ICP",AGAT,E221101-056,10589,,,Green River,Carbonate Marker,4.89,1.48,0.77,4.9,0.33,447,6.55,7.1,2.88,3.3,2.53,0.06,1.48,22,0.41,BRL,12,115,478,BRL,0.3,BRL,66.6,13.4,67,8.2,67,4.04,2.3,1.07,19,4.41,2,4,0.79,BRL,34.6,88,0.35,425,4,12,29.4,38,19,7.88,124,BRL,0.8,12,1,5.4,3,407,0.8,0.69,0.05,9.6,0.6,0.37,3.2,103,2,21.6,2.3,109,147,,,,,,,,,,,,,,,,,,,,,,,,,,
21,43013300310000,40.4132,-110.0537,CHEVRON OIL 1 CHEVRON WALKER,USGS CRC,"TC, TOC, HAWK, ICP",AGAT,E221101-057,10591,,,Green River,Carbonate Marker,8.11,2.02,1.53,7.18,0.37,442,4.39,12,2.27,1.8,4.1,0.09,0.63,17.2,0.24,BRL,12,40,575,BRL,0.5,0.4,50.7,9,46,2.6,78,3.63,2.05,0.84,10,3.95,1,3,0.75,BRL,25.2,20,0.29,476,3,9,22.8,30,24,5.96,57.8,BRL,1.3,8,1,4.6,1,911,0.5,0.59,0.08,8.9,BRL,0.31,6.86,92,1,20.5,2,79,116,,,,,,,,,,,,,,,,,,,,,,,,,,
21,43013300310000,40.4132,-110.0537,CHEVRON OIL 1 CHEVRON WALKER,USGS CRC,"TC, TOC, HAWK, ICP",AGAT,E221101-058,10593,,,Green River,Carbonate Marker,6.56,1.92,0.88,5.88,0.37,443,5.41,10.3,2.51,2.4,2.86,0.15,0.88,19.9,0.32,BRL,18,55,543,BRL,0.4,0.4,67.3,11.7,59,4.2,94,5.37,3.39,1.28,14,5.19,2,4,1.13,BRL,32.2,40,0.47,497,4,10,29.4,31,26,7.78,82,BRL,1.1,10,2,5.7,2,714,0.7,0.83,0.09,11.4,BRL,0.5,11.21,106,1,31.5,3.1,107,141,,,,,,,,,,,,,,,,,,,,,,,,,,
21,43013300310000,40.4132,-110.0537,CHEVRON OIL 1 CHEVRON WALKER,USGS CRC,"TC, TOC, HAWK, ICP",AGAT,E221101-059,10595,,,Green River,Carbonate Marker,5.22,1.67,4.37,8.08,0.28,434,3.44,6.1,1.89,1.5,2.51,0.05,0.42,21.1,0.23,BRL,10,30,409,BRL,BRL,BRL,41.5,5.9,56,0.9,41,3.42,2.36,0.79,8,3.24,BRL,5,0.7,BRL,21.6,10,0.34,400,BRL,5,18.7,30,8,4.98,42.4,BRL,0.5,6,BRL,3.5,BRL,372,BRL,0.59,BRL,5.4,BRL,0.34,1.64,44,BRL,20.8,2.2,42,240,,,,,,,,,,,,,,,,,,,,,,,,,,
21,43013300310000,40.4132,-110.0537,CHEVRON OIL 1 CHEVRON WALKER,USGS CRC,"TC, TOC, HAWK, ICP",AGAT,E221101-060,10597,,,Green River,Carbonate Marker,4.77,1.24,0.38,2.6,0.37,447,6.34,7.9,1.98,3.8,2.23,0.08,0.51,24.3,0.41,BRL,14,70,531,BRL,BRL,0.3,63.8,13.6,57,9.8,75,4.25,2.42,1.15,17,4.71,2,5,0.85,BRL,32.1,70,0.32,371,BRL,14,28.8,30,13,7.66,127,BRL,0.8,11,1,5.4,3,572,0.8,0.76,BRL,10.7,0.6,0.34,4.62,70,2,22.8,2.2,118,168,,,,,,,,,,,,,,,,,,,,,,,,,,
22,43013300310000,40.4132,-110.0537,CHEVRON OIL 1 CHEVRON WALKER,USGS CRC,"TC, TOC, HAWK, ICP",AGAT,E221101-061,10599,,,Green River,Carbonate Marker,10.62,0.84,2.79,3.21,0.52,433,1.99,19.8,1.87,0.7,6.4,0.04,0.18,8.3,0.12,BRL,BRL,11,383,BRL,BRL,BRL,21.4,4.7,20,0.6,43,1.68,1.06,0.43,6,1.7,BRL,1,0.36,BRL,10.8,BRL,0.14,369,BRL,4,9.7,20,6,2.56,20.5,BRL,0.3,BRL,1,1.9,BRL,1341,BRL,0.29,BRL,3.2,BRL,0.15,1.18,53,BRL,9.9,0.9,46,39.3,,,,,,,,,,,,,,,,,,,,,,,,,,
22,43013300310000,40.4132,-110.0537,CHEVRON OIL 1 CHEVRON WALKER,USGS CRC,"TC, TOC, HAWK, ICP",AGAT,E221101-062,10601,,,Green River,Carbonate Marker,3.76,0.37,,,,,6.53,7.7,1.9,3.7,2.32,0.07,0.37,25.2,0.38,BRL,11,83,460,BRL,0.2,0.3,60.6,15.8,93,9.4,68,3.45,1.97,1.08,19,4.24,2,4,0.7,BRL,31.7,112,0.29,321,BRL,14,27.8,67,17,7.42,139,BRL,1.2,11,1,5.3,3,524,0.8,0.66,0.06,9.4,0.6,0.31,1.95,76,2,19.1,1.8,114,131,,,,,,,,,,,,,,,,,,,,,,,,,,
22,43013300310000,40.4132,-110.0537,CHEVRON OIL 1 CHEVRON WALKER,USGS CRC,"TC, TOC, HAWK, ICP",AGAT,E221101-063,10603,,,Green River,Carbonate Marker,7.28,1.12,0.27,3.63,0.46,443,4.73,13.9,2.68,2.2,3.49,0.07,0.94,16.9,0.27,BRL,23,56,540,BRL,0.2,0.5,47.3,15.6,53,5,92,2.91,1.56,0.77,12,3.27,BRL,3,0.57,BRL,24.4,71,0.23,420,4,9,20.8,41,23,5.58,73.1,BRL,2.6,9,2,4.1,2,893,0.6,0.49,0.11,6.7,0.5,0.25,4.02,91,1,15,1.5,102,82,,,,,,,,,,,,,,,,,,,,,,,,,,
22,43013300310000,40.4132,-110.0537,CHEVRON OIL 1 CHEVRON WALKER,USGS CRC,"TC, TOC, HAWK, ICP",AGAT,E221101-064,10605,,,Green River,Carbonate Marker,7.89,1.04,0.63,3.05,0.35,445,4.4,13.3,2.34,2.4,5.34,0.05,0.77,13.8,0.23,BRL,24,37,553,BRL,0.2,0.2,48.4,9.8,49,3.5,67,3.48,2.06,0.93,12,3.75,BRL,2,0.7,BRL,23.8,42,0.28,443,BRL,8,23.5,24,16,5.99,77,BRL,1.5,9,1,4.4,1,1099,BRL,0.6,0.15,8.9,BRL,0.31,4.53,80,1,19.8,2,80,76,,,,,,,,,,,,,,,,,,,,,,,,,,
22,43013300310000,40.4132,-110.0537,CHEVRON OIL 1 CHEVRON WALKER,USGS CRC,"TC, TOC, HAWK, ICP",AGAT,E221101-065,10607,,,Green River,Carbonate Marker,4.84,0.59,0.33,1.32,0.4,440,4.69,8.2,1.78,2.7,3.55,0.06,0.67,20.3,0.27,BRL,18,39,538,BRL,0.1,BRL,42.7,8,53,1.6,45,3.62,2.22,0.85,9,3.81,BRL,6,0.74,BRL,21,BRL,0.35,420,2,7,20.9,26,13,5.43,75.9,BRL,1.1,8,BRL,4.1,1,537,BRL,0.57,0.07,6.5,BRL,0.34,2.87,54,1,20.4,2.4,61,207,,,,,,,,,,,,,,,,,,,,,,,,,,
22,43013300310000,40.4132,-110.0537,CHEVRON OIL 1 CHEVRON WALKER,USGS CRC,"TC, TOC, HAWK, ICP",AGAT,E221101-066,10609,,,Green River,Carbonate Marker,3.07,0.59,2.42,1.63,0.29,428,2.68,4.8,1.24,1.2,1.9,0.08,0.42,28.5,0.22,BRL,BRL,38,279,BRL,0.2,BRL,21.5,2.6,49,0.6,90,2.67,1.81,0.6,6,2.38,BRL,10,0.57,BRL,11.7,BRL,0.31,300,BRL,5,11.5,18,9,2.9,33.6,BRL,0.3,BRL,BRL,2.6,BRL,225,0.6,0.42,BRL,3.2,BRL,0.25,1.9,25,1,16.5,1.9,51,394,,,,,,,,,,,,,,,,,,,,,,,,,,
22,43013300310000,40.4132,-110.0537,CHEVRON OIL 1 CHEVRON WALKER,USGS CRC,"TC, TOC, HAWK, ICP",AGAT,E221101-067,10611,,,Green River,Carbonate Marker,3.29,0.51,2.6,1.91,0.32,430,1.99,5.2,1.24,1,2.06,0.1,0.11,30,0.1,BRL,BRL,31,291,BRL,BRL,BRL,25.5,2.3,52,0.6,127,2.36,1.57,0.56,4,2.41,BRL,5,0.48,BRL,13.5,BRL,0.24,326,BRL,3,13.1,18,8,3.33,26.5,BRL,0.3,5,BRL,2.5,BRL,257,BRL,0.39,BRL,3.9,BRL,0.22,1.79,28,BRL,14.8,1.5,69,202,,,,,,,,,,,,,,,,,,,,,,,,,,
22,43013300310000,40.4132,-110.0537,CHEVRON OIL 1 CHEVRON WALKER,USGS CRC,"TC, TOC, HAWK, ICP",AGAT,E221101-068,10613,,,Green River,Carbonate Marker,3.14,0.58,2.06,1.52,0.31,426,2.84,5.6,1.05,1.2,1.85,0.11,0.36,27.7,0.2,BRL,23,32,494,BRL,BRL,0.2,41.7,5.6,53,0.7,95,3.4,2.27,0.8,6,3.5,BRL,9,0.71,BRL,21.3,BRL,0.34,277,2,6,21.1,30,11,5.47,34.6,BRL,1,BRL,BRL,3.8,BRL,304,BRL,0.54,0.06,9.1,BRL,0.33,3.15,23,BRL,21.3,2.2,68,364,,,,,,,,,,,,,,,,,,,,,,,,,,
22,43013300310000,40.4132,-110.0537,CHEVRON OIL 1 CHEVRON WALKER,USGS CRC,"TC, TOC, HAWK, ICP",AGAT,E221101-069,10615,,,Green River,Carbonate Marker,3.34,0.66,0.54,1.33,0.24,438,5.16,5.5,1.77,2.9,2.11,0.19,0.95,24.1,0.37,BRL,18,46,459,BRL,0.1,0.6,78.7,12.4,73,1.6,92,7.53,4.31,1.64,12,7.65,BRL,9,1.47,BRL,36.5,BRL,0.53,383,3,9,41.9,38,16,10.54,84.8,BRL,1.2,9,2,8.3,1,282,0.6,1.2,0.07,14.5,0.5,0.58,4.43,47,1,42.4,3.4,105,325,,,,,,,,,,,,,,,,,,,,,,,,,,
22,43013300310000,40.4132,-110.0537,CHEVRON OIL 1 CHEVRON WALKER,USGS CRC,"TC, TOC, HAWK, ICP",AGAT,E221101-070,10617,,,Green River,Carbonate Marker,3.3,0.56,2.07,1.47,0.26,429,2.92,5.9,1.25,1.4,1.94,0.07,0.39,27,0.19,BRL,BRL,33,372,BRL,BRL,0.4,22.7,2.5,44,0.7,66,2.28,1.54,0.55,7,2.48,BRL,6,0.48,BRL,11.7,BRL,0.23,346,BRL,5,12.8,20,19,3.14,38,BRL,0.4,BRL,BRL,2.6,BRL,274,BRL,0.4,BRL,3.6,BRL,0.21,1.46,25,BRL,13.6,1.6,43,216,,,,,,,,,,,,,,,,,,,,,,,,,,
22,43013300310000,40.4132,-110.0537,CHEVRON OIL 1 CHEVRON WALKER,USGS CRC,"TC, TOC, HAWK, ICP",AGAT,E221101-071,10619,,,Green River,Carbonate Marker,3.13,0.46,,,,,2.29,6.3,0.94,1.1,1.73,0.21,0.22,29.5,0.16,BRL,BRL,31,370,BRL,BRL,0.4,26.5,2.9,45,0.6,34,2.6,1.8,0.6,5,2.72,BRL,7,0.55,BRL,14.7,BRL,0.27,251,BRL,5,14.3,16,8,3.66,29.8,BRL,0.3,BRL,BRL,2.8,BRL,363,BRL,0.42,BRL,3.6,BRL,0.26,1.91,20,BRL,17.5,1.8,32,276,,,,,,,,,,,,,,,,,,,,,,,,,,
22,43013300310000,40.4132,-110.0537,CHEVRON OIL 1 CHEVRON WALKER,USGS CRC,"TC, TOC, HAWK, ICP",AGAT,E221101-072,10621,,,Green River,Carbonate Marker,3.41,0.41,,,,,4.01,6.2,1.41,1.8,2.09,0.14,0.46,23.2,0.24,BRL,BRL,34,413,BRL,0.2,0.2,31.8,5.4,41,1.4,48,3.04,1.88,0.74,9,3.19,BRL,6,0.64,BRL,17.1,BRL,0.31,369,BRL,5,15.3,10,17,3.83,54.9,BRL,0.4,6,BRL,3.2,1,357,BRL,0.5,BRL,3.8,BRL,0.31,1.69,37,1,17.9,2,68,252,,,,,,,,,,,,,,,,,,,,,,,,,,
22,43013300310000,40.4132,-110.0537,CHEVRON OIL 1 CHEVRON WALKER,USGS CRC,"TC, TOC, HAWK, ICP",AGAT,E221101-073,10623,,,Green River,Carbonate Marker,3.3,0.64,2.88,2.25,0.26,433,3.15,5.5,1.07,1.2,1.91,0.09,0.19,28.9,0.22,BRL,BRL,32,459,BRL,BRL,BRL,25.8,2.6,34,0.8,107,2.12,1.3,0.57,7,2.31,BRL,6,0.49,BRL,13.2,BRL,0.24,296,BRL,7,12.8,11,11,3.38,30.4,BRL,0.1,BRL,BRL,2.5,BRL,268,BRL,0.36,BRL,3.5,BRL,0.23,1.59,27,1,13.1,1.6,62,259,,,,,,,,,,,,,,,,,,,,,,,,,,
22,43013300310000,40.4132,-110.0537,CHEVRON OIL 1 CHEVRON WALKER,USGS CRC,"TC, TOC, HAWK, ICP",AGAT,E221101-074,10625,,,Green River,Carbonate Marker,3.16,0.66,2.97,2.09,0.21,430,3.33,5,1.04,1.3,1.77,0.09,0.27,27,0.26,BRL,BRL,28,412,BRL,BRL,0.3,29.2,4.5,46,0.9,65,2.18,1.56,0.65,7,2.71,BRL,6,0.47,BRL,14.6,11,0.24,279,BRL,8,15,16,9,3.95,33.9,BRL,0.1,BRL,BRL,3,BRL,240,BRL,0.39,BRL,4,BRL,0.23,1.67,31,1,13,1.6,62,270,,,,,,,,,,,,,,,,,,,,,,,,,,
22,43013300310000,40.4132,-110.0537,CHEVRON OIL 1 CHEVRON WALKER,USGS CRC,"TC, TOC, HAWK, ICP",AGAT,E221101-075,10627,,,Green River,Carbonate Marker,3.08,0.55,2.27,1.48,0.28,429,1.84,5.3,0.89,0.9,1.67,0.12,0.06,21.4,0.1,BRL,BRL,22,244,BRL,BRL,BRL,20.1,1.6,41,0.7,76,3.3,2.11,0.46,4,2.38,BRL,6,0.68,BRL,10.2,BRL,0.24,234,BRL,2,10.5,7,7,2.69,23.1,BRL,0.2,BRL,BRL,2.2,BRL,282,BRL,0.46,BRL,5.6,BRL,0.28,2.06,21,BRL,19.7,1.8,41,267,,,,,,,,,,,,,,,,,,,,,,,,,,
22,43013300310000,40.4132,-110.0537,CHEVRON OIL 1 CHEVRON WALKER,USGS CRC,"TC, TOC, HAWK, ICP",AGAT,E221101-076,10629,,,Green River,Carbonate Marker,3.37,0.57,1.68,1.72,0.34,428,2.59,6.1,0.93,1.2,1.97,0.1,0.06,26.5,0.16,BRL,BRL,19,338,BRL,BRL,0.4,24.4,2.4,42,0.7,128,2.19,1.5,0.53,5,2.32,BRL,5,0.5,BRL,12.5,BRL,0.24,253,BRL,5,13.6,14,7,3.3,30.3,BRL,0.1,BRL,BRL,2.5,BRL,333,BRL,0.41,BRL,4.6,BRL,0.24,2.02,29,BRL,14.2,1.6,91,196,,,,,,,,,,,,,,,,,,,,,,,,,,
22,43013300310000,40.4132,-110.0537,CHEVRON OIL 1 CHEVRON WALKER,USGS CRC,"TC, TOC, HAWK, ICP",AGAT,E221101-077,10630,,,Green River,Carbonate Marker,4.42,0.47,,,,,3.8,8.5,1.36,1.4,2.69,0.09,0.29,26,0.27,BRL,8,25,335,BRL,BRL,0.2,29.7,4.5,41,1,77,2.37,1.46,0.61,9,2.8,BRL,4,0.54,BRL,15.7,BRL,0.24,382,BRL,9,14.5,23,8,3.82,37.7,BRL,0.4,6,BRL,2.9,1,496,BRL,0.41,BRL,4,BRL,0.23,1.58,40,1,13.9,1.5,65,148,,,,,,,,,,,,,,,,,,,,,,,,,,
23,43013308210000,40.3701,-110.1118,DEVON ENERGY PROD CO 2-28-A2 DILLMAN,USGS CRC,"TC, TOC, HAWK, ICP",AGAT,E221102-001,9976,,,Green River,Garden Gulch,3.99,1.83,0.18,10.16,0.28,446,7.23,4.1,4.54,2.8,2.09,0.05,2.56,23.4,0.26,BRL,55,74,674,BRL,1.2,0.7,60.7,13.2,79,8.1,79,3.4,1.77,0.92,17,3.94,BRL,2,0.65,BRL,32.2,161,0.23,439,15,8,26,46,48,7.21,129,BRL,5.3,12,2,4.8,2,232,0.6,0.57,0.23,10.8,1.4,0.24,4.8,175,1,16.8,1.6,121,72.6,,,,,,,,,,,,,,,,,,,,,,,,,,
23,43013308210000,40.3701,-110.1118,DEVON ENERGY PROD CO 2-28-A2 DILLMAN,USGS CRC,"TC, TOC, HAWK, ICP",AGAT,E221102-002,9977,,,Green River,Garden Gulch,7.69,0.68,0.76,2.25,0.47,442,3.49,16.4,1.89,1.4,5.4,0.27,0.16,13.6,0.15,BRL,22,87,630,BRL,0.1,0.4,33.4,5.6,52,7,25,2.5,1.33,0.53,9,2.93,BRL,2,0.5,BRL,16.8,581,0.16,499,BRL,6,15.8,10,8,4.15,86,BRL,1.1,6,BRL,3.1,2,1022,BRL,0.45,BRL,6.5,BRL,0.17,3.86,58,BRL,13.8,1.1,74,70.3,,,,,,,,,,,,,,,,,,,,,,,,,,
23,43013308210000,40.3701,-110.1118,DEVON ENERGY PROD CO 2-28-A2 DILLMAN,USGS CRC,"TC, TOC, HAWK, ICP",AGAT,E221102-003,9978,,,Green River,Garden Gulch,12.33,1.09,1.79,4.37,0.36,442,0.68,ARL,0.61,0.3,7.58,0.15,0.01,3.3,0.03,BRL,BRL,22,867,BRL,BRL,BRL,6.8,1.8,20,0.5,19,0.47,0.25,0.12,1,0.53,BRL,BRL,0.09,BRL,3.7,44,0.06,391,BRL,BRL,3,BRL,BRL,0.85,9.9,BRL,0.2,BRL,BRL,0.6,BRL,1622,BRL,0.09,BRL,1.6,BRL,BRL,1.08,18,BRL,2.7,0.3,14,10.5,,,,,,,,,,,,,,,,,,,,,,,,,,
23,43013308210000,40.3701,-110.1118,DEVON ENERGY PROD CO 2-28-A2 DILLMAN,USGS CRC,"TC, TOC, HAWK, ICP",AGAT,E221102-004,9979,,,Green River,Garden Gulch,12.14,1.16,4.34,5.22,0.33,437,0.31,ARL,0.25,BRL,4.22,0.1,BRL,4,0.01,BRL,BRL,11,881,BRL,BRL,BRL,2.4,0.8,10,0.1,17,0.19,0.16,BRL,BRL,0.2,BRL,BRL,BRL,BRL,1.3,BRL,BRL,787,BRL,BRL,1.1,BRL,BRL,0.29,2,BRL,0.1,BRL,BRL,0.2,BRL,1787,BRL,BRL,BRL,0.6,BRL,BRL,0.74,8,BRL,1.2,0.2,24,5.6,,,,,,,,,,,,,,,,,,,,,,,,,,
23,43013308210000,40.3701,-110.1118,DEVON ENERGY PROD CO 2-28-A2 DILLMAN,USGS CRC,"TC, TOC, HAWK, ICP",AGAT,E221102-005,9980,,,Green River,Garden Gulch,11.67,0.82,0.43,2.41,0.22,451,0.59,ARL,0.25,0.3,3.91,0.26,BRL,3.5,0.03,BRL,BRL,19,1123,BRL,0.4,BRL,4.6,1.8,21,0.9,39,0.38,0.23,0.1,1,0.39,BRL,BRL,0.08,BRL,2.6,72,BRL,846,BRL,BRL,2.2,BRL,BRL,0.58,11.8,BRL,0.2,BRL,BRL,0.4,BRL,2106,BRL,0.06,BRL,0.9,BRL,BRL,1.73,9,BRL,2.2,0.3,40,12.9,,,,,,,,,,,,,,,,,,,,,,,,,,
23,43013308210000,40.3701,-110.1118,DEVON ENERGY PROD CO 2-28-A2 DILLMAN,USGS CRC,"TC, TOC, HAWK, ICP",AGAT,E221102-006,9981,,,Green River,Garden Gulch,12.53,1.31,1.92,4.81,0.3,441,0.26,ARL,0.3,0.2,8.62,0.29,BRL,2.6,0.02,BRL,BRL,20,932,BRL,BRL,BRL,2.7,2,17,0.7,35,0.24,0.18,BRL,BRL,0.24,BRL,BRL,0.05,BRL,1.6,124,BRL,459,BRL,BRL,1.3,BRL,BRL,0.36,11.5,BRL,0.2,BRL,BRL,0.3,BRL,1937,BRL,BRL,BRL,0.7,BRL,BRL,1.43,9,BRL,1.6,0.2,35,6.3,,,,,,,,,,,,,,,,,,,,,,,,,,
23,43013308210000,40.3701,-110.1118,DEVON ENERGY PROD CO 2-28-A2 DILLMAN,USGS CRC,"TC, TOC, HAWK, ICP",AGAT,E221102-007,9982,,,Green River,Garden Gulch,12.08,0.91,0.2,3.65,0.28,450,0.47,ARL,0.17,0.3,2.72,0.15,BRL,1.9,0.02,BRL,BRL,18,1095,BRL,BRL,BRL,3.8,1.7,22,0.8,30,0.29,0.19,0.08,1,0.28,BRL,BRL,0.07,BRL,2.1,61,BRL,1012,BRL,BRL,1.7,7,BRL,0.49,11.4,BRL,0.3,BRL,BRL,0.4,BRL,2097,BRL,0.06,BRL,0.7,BRL,BRL,1.1,9,BRL,1.7,0.2,103,8.1,,,,,,,,,,,,,,,,,,,,,,,,,,
23,43013308210000,40.3701,-110.1118,DEVON ENERGY PROD CO 2-28-A2 DILLMAN,USGS CRC,"TC, TOC, HAWK, ICP",AGAT,E221102-008,9983.5,,,Green River,Garden Gulch,6.39,2.41,3.03,17.01,0.32,447,5.39,7.5,1.19,1.2,3.2,0.11,0.04,25,0.07,BRL,40,19,332,BRL,0.5,0.4,24.4,8.6,24,1,55,2.12,1.25,0.34,14,2.23,BRL,6,0.4,BRL,12.7,28,0.14,248,15,5,11.8,36,23,2.98,33.8,0.05,1.5,BRL,1,2.5,2,445,0.7,0.35,0.1,3.3,BRL,0.16,3.62,34,BRL,11.2,1,163,188,,,,,,,,,,,,,,,,,,,,,,,,,,
23,43013308210000,40.3701,-110.1118,DEVON ENERGY PROD CO 2-28-A2 DILLMAN,USGS CRC,"TC, TOC, HAWK, ICP",AGAT,E221102-009,9984,,,Green River,Garden Gulch,12.28,2.81,0.1,21,0.34,447,1.53,24.5,0.77,0.7,4.98,0.16,0.14,7.4,0.06,BRL,6,29,751,BRL,0.2,0.4,13.1,3.9,26,1.8,72,0.79,0.43,0.21,3,0.84,BRL,BRL,0.16,BRL,7.1,70,0.07,363,6,2,5.6,7,11,1.52,25.3,0.02,0.7,BRL,1,1.1,BRL,1216,BRL,0.14,0.08,2.1,BRL,0.07,2.56,42,BRL,4.5,0.4,62,24.7,,,,,,,,,,,,,,,,,,,,,,,,,,
23,43013308210000,40.3701,-110.1118,DEVON ENERGY PROD CO 2-28-A2 DILLMAN,USGS CRC,"TC, TOC, HAWK, ICP",AGAT,E221102-010,9985,,,Green River,Garden Gulch,5.97,3.49,0.12,25.84,0.31,451,5.81,4.3,3.6,2.4,3.41,0.06,0.2,23.2,0.23,BRL,11,106,463,BRL,0.6,0.7,45.7,12.3,64,13.2,116,2.26,1.27,0.61,16,2.67,2,3,0.44,BRL,24.8,519,0.18,307,42,12,19.7,29,23,5.41,132,0.06,1,9,2,3.5,2,275,0.5,0.41,0.08,6,0.6,0.17,2.91,156,BRL,11.9,1.2,143,96.7,,,,,,,,,,,,,,,,,,,,,,,,,,
23,43013308210000,40.3701,-110.1118,DEVON ENERGY PROD CO 2-28-A2 DILLMAN,USGS CRC,"TC, TOC, HAWK, ICP",AGAT,E221102-011,9986,,,Green River,Garden Gulch,11.32,1.11,1.45,5.28,0.27,442,0.8,ARL,0.56,0.4,5.08,0.08,BRL,6.7,0.04,BRL,BRL,17,758,BRL,BRL,BRL,6.7,2.5,21,0.9,34,0.55,0.35,0.13,2,0.6,BRL,BRL,0.12,BRL,3.6,29,0.06,417,BRL,1,3.1,BRL,BRL,0.8,10.8,BRL,0.2,BRL,BRL,0.6,BRL,1299,BRL,0.1,BRL,1.7,BRL,0.06,1.3,19,BRL,3.7,0.4,36,14.5,,,,,,,,,,,,,,,,,,,,,,,,,,
24,43013308210000,40.3701,-110.1118,DEVON ENERGY PROD CO 2-28-A2 DILLMAN,USGS CRC,"TC, TOC, HAWK, ICP",AGAT,E221102-012,9987,,,Green River,Garden Gulch,11.99,1.59,0.23,8.59,0.37,448,1.17,24.4,0.61,0.6,6.43,0.06,0.01,5.3,0.05,BRL,5,24,706,BRL,0.1,BRL,10,2,32,1.1,65,0.78,0.44,0.2,2,0.8,BRL,BRL,0.16,BRL,5.6,90,0.07,373,BRL,2,4.7,6,6,1.22,19.6,BRL,0.3,BRL,BRL,0.9,2,1218,BRL,0.13,BRL,1.9,BRL,0.06,1.29,21,BRL,4.2,0.4,46,20.8,,,,,,,,,,,,,,,,,,,,,,,,,,
24,43013308210000,40.3701,-110.1118,DEVON ENERGY PROD CO 2-28-A2 DILLMAN,USGS CRC,"TC, TOC, HAWK, ICP",AGAT,E221102-013,9988,,,Green River,Garden Gulch,11.66,1.29,0.5,5.64,0.37,446,1.1,24,0.9,0.5,6.44,0.06,0.01,6,0.05,BRL,BRL,21,684,BRL,BRL,0.2,9.6,2.1,44,0.6,16,0.76,0.45,0.17,3,0.76,BRL,BRL,0.16,BRL,5.2,63,0.06,542,BRL,2,4.6,13,5,1.16,15.1,BRL,0.2,BRL,BRL,0.8,BRL,1144,BRL,0.12,BRL,2,BRL,0.06,1.02,21,BRL,4.5,0.4,38,17.3,,,,,,,,,,,,,,,,,,,,,,,,,,
24,43013308210000,40.3701,-110.1118,DEVON ENERGY PROD CO 2-28-A2 DILLMAN,USGS CRC,"TC, TOC, HAWK, ICP",AGAT,E221102-014,9989,,,Green River,Garden Gulch,10.9,1.25,0.2,6.07,0.3,450,1.43,24,0.67,0.7,4.87,0.1,0.01,7.8,0.08,BRL,6,25,637,BRL,BRL,0.3,12.7,2.2,32,0.9,31,1.09,0.59,0.28,3,1.1,BRL,BRL,0.22,BRL,7.1,78,0.08,464,BRL,3,6.2,7,BRL,1.61,22.2,BRL,0.3,BRL,BRL,1.2,BRL,1102,BRL,0.17,BRL,2.6,BRL,0.09,1.46,20,BRL,6.5,0.6,52,31.4,,,,,,,,,,,,,,,,,,,,,,,,,,
24,43013308210000,40.3701,-110.1118,DEVON ENERGY PROD CO 2-28-A2 DILLMAN,USGS CRC,"TC, TOC, HAWK, ICP",AGAT,E221102-015,9990,,,Green River,Garden Gulch,12.73,4.48,0.11,38.93,0.32,448,1.84,20,0.77,1.1,4.65,0.15,0.03,10.5,0.09,BRL,6,34,614,BRL,0.2,0.4,16.7,3.3,35,1.7,22,1.26,0.7,0.3,4,1.3,BRL,BRL,0.25,BRL,9.1,160,0.09,343,BRL,3,7.6,9,9,2.01,38.5,0.03,0.5,BRL,BRL,1.5,1,1057,BRL,0.2,BRL,2.9,BRL,0.1,2.1,30,BRL,6.9,0.7,41,30.5,,,,,,,,,,,,,,,,,,,,,,,,,,
24,43013308210000,40.3701,-110.1118,DEVON ENERGY PROD CO 2-28-A2 DILLMAN,USGS CRC,"TC, TOC, HAWK, ICP",AGAT,E221102-016,9992,,,Green River,Garden Gulch,11.1,0.57,0.25,1.67,0.24,447,0.96,ARL,0.54,0.4,2.99,0.04,0.06,4.4,0.04,BRL,9,13,678,BRL,BRL,BRL,7.8,2.2,31,0.3,28,0.5,0.29,0.12,2,0.54,BRL,BRL,0.1,BRL,4.2,16,0.05,885,BRL,1,3.3,18,BRL,0.93,10.4,BRL,0.3,BRL,BRL,0.6,BRL,1327,BRL,0.08,BRL,1.3,BRL,BRL,0.88,13,BRL,2.8,0.3,34,13.4,,,,,,,,,,,,,,,,,,,,,,,,,,
24,43013308210000,40.3701,-110.1118,DEVON ENERGY PROD CO 2-28-A2 DILLMAN,USGS CRC,"TC, TOC, HAWK, ICP",AGAT,E221102-017,9993,,,Green River,Garden Gulch,10.84,0.76,0.52,2.24,0.34,444,1.12,ARL,0.66,0.5,3.87,0.06,0.02,6.4,0.04,BRL,6,19,636,BRL,BRL,BRL,8.8,1.6,26,0.3,46,0.68,0.35,0.18,3,0.71,BRL,BRL,0.14,BRL,4.7,13,0.05,506,BRL,1,3.9,7,BRL,1.04,11.1,BRL,0.2,BRL,BRL,0.8,BRL,1297,BRL,0.11,BRL,1.6,BRL,0.05,1.28,14,BRL,3.7,0.4,43,12.8,,,,,,,,,,,,,,,,,,,,,,,,,,
24,43013308210000,40.3701,-110.1118,DEVON ENERGY PROD CO 2-28-A2 DILLMAN,USGS CRC,"TC, TOC, HAWK, ICP",AGAT,E221102-018,9994,,,Green River,Garden Gulch,4.23,0.87,0.09,2.87,0.27,451,0.32,8.9,0.23,0.2,1.71,0.03,BRL,27.2,0.02,BRL,BRL,28,266,BRL,BRL,BRL,2.6,1,30,0.2,55,0.21,0.14,0.05,1,0.21,BRL,BRL,BRL,BRL,1.4,38,BRL,160,BRL,BRL,1.2,8,BRL,0.33,5.5,BRL,0.1,BRL,BRL,0.2,BRL,409,BRL,BRL,BRL,0.6,BRL,BRL,0.67,7,BRL,1.3,0.1,34,23,,,,,,,,,,,,,,,,,,,,,,,,,,
24,43013308210000,40.3701,-110.1118,DEVON ENERGY PROD CO 2-28-A2 DILLMAN,USGS CRC,"TC, TOC, HAWK, ICP",AGAT,E221102-019,9995,,,Green River,Garden Gulch,11.44,0.81,1.83,2.92,0.37,436,0.71,ARL,0.41,0.3,3.7,0.04,BRL,4.9,0.03,BRL,BRL,13,584,BRL,BRL,BRL,5.6,1.6,19,0.1,20,0.45,0.27,0.1,2,0.46,BRL,BRL,0.08,BRL,3.1,BRL,BRL,631,BRL,BRL,2.6,BRL,BRL,0.71,5.1,BRL,0.2,BRL,BRL,0.5,BRL,1313,BRL,0.07,BRL,1.2,BRL,BRL,1.02,12,BRL,2.4,0.3,30,10.1,,,,,,,,,,,,,,,,,,,,,,,,,,
24,43013308210000,40.3701,-110.1118,DEVON ENERGY PROD CO 2-28-A2 DILLMAN,USGS CRC,"TC, TOC, HAWK, ICP",AGAT,E221102-020,9996,,,Green River,Garden Gulch,10.97,1.03,0.4,3.51,0.23,447,1.52,ARL,0.74,0.9,4.74,0.09,0.04,6.4,0.07,BRL,8,21,688,BRL,BRL,0.2,12.3,3,33,0.5,25,0.94,0.49,0.22,3,0.96,BRL,BRL,0.19,BRL,6.8,14,0.07,566,BRL,2,5.8,7,5,1.52,19.6,BRL,0.4,BRL,BRL,1.2,BRL,1268,BRL,0.16,BRL,2.8,BRL,0.08,1.93,21,BRL,5.2,0.5,48,20.7,,,,,,,,,,,,,,,,,,,,,,,,,,
24,43013308210000,40.3701,-110.1118,DEVON ENERGY PROD CO 2-28-A2 DILLMAN,USGS CRC,"TC, TOC, HAWK, ICP",AGAT,E221102-021,9997,,,Green River,Garden Gulch,9.94,1.33,3.6,5.25,0.37,436,1.4,19.7,0.94,0.4,5.32,0.14,BRL,12.5,0.07,BRL,BRL,19,412,BRL,BRL,BRL,11.6,3.1,27,0.2,21,0.99,0.81,0.23,4,0.95,BRL,BRL,0.23,BRL,6.3,11,0.13,409,BRL,3,5.5,6,BRL,1.46,8.1,BRL,0.2,BRL,BRL,1.1,BRL,1093,BRL,0.16,BRL,2.8,BRL,0.12,2.23,25,BRL,7.1,0.8,40,18.4,,,,,,,,,,,,,,,,,,,,,,,,,,
24,43013308210000,40.3701,-110.1118,DEVON ENERGY PROD CO 2-28-A2 DILLMAN,USGS CRC,"TC, TOC, HAWK, ICP",AGAT,E221102-022,9998,,,Green River,Garden Gulch,10.85,0.93,0.99,3.23,0.3,443,1.56,23.9,0.88,0.9,5.91,0.07,0.02,7.3,0.08,BRL,BRL,20,593,BRL,BRL,0.2,13,2.9,36,0.4,BRL,0.95,0.52,0.24,4,1.02,BRL,BRL,0.18,BRL,7.1,10,0.08,354,BRL,2,5.8,10,BRL,1.56,17.9,BRL,0.3,BRL,BRL,1.2,BRL,1313,BRL,0.15,BRL,2.3,BRL,0.07,1.55,20,BRL,5.1,0.5,39,23.3,,,,,,,,,,,,,,,,,,,,,,,,,,
24,43013308210000,40.3701,-110.1118,DEVON ENERGY PROD CO 2-28-A2 DILLMAN,USGS CRC,"TC, TOC, HAWK, ICP",AGAT,E221102-023,9999,,,Green River,Garden Gulch,11.61,0.95,0.13,4.2,0.18,448,1,ARL,0.46,0.6,3.86,0.04,0.01,4,0.05,BRL,BRL,BRL,746,BRL,BRL,BRL,8.6,2.8,24,0.8,31,0.57,0.33,0.12,2,0.62,BRL,BRL,0.13,BRL,4.7,BRL,0.07,467,BRL,1,3.7,BRL,BRL,1.02,12.2,BRL,0.2,BRL,BRL,0.7,BRL,1575,BRL,0.1,BRL,1.5,BRL,0.05,1.01,15,BRL,3.4,0.4,32,12.5,,,,,,,,,,,,,,,,,,,,,,,,,,
24,43013308210000,40.3701,-110.1118,DEVON ENERGY PROD CO 2-28-A2 DILLMAN,USGS CRC,"TC, TOC, HAWK, ICP",AGAT,E221102-024,10000,,,Green River,Garden Gulch,8.95,1.09,2.55,4.53,0.36,436,0.95,17.3,0.68,0.3,5.16,0.05,BRL,16,0.05,BRL,BRL,20,403,BRL,BRL,BRL,7.3,1.3,22,0.2,19,0.55,0.47,0.15,2,0.59,BRL,BRL,0.12,BRL,4,14,0.09,262,BRL,1,3.4,BRL,BRL,0.89,6.2,BRL,0.1,BRL,BRL,0.7,BRL,987,BRL,0.09,BRL,1.5,BRL,0.08,1.25,20,BRL,3.7,0.6,43,15.3,,,,,,,,,,,,,,,,,,,,,,,,,,
24,43013308210000,40.3701,-110.1118,DEVON ENERGY PROD CO 2-28-A2 DILLMAN,USGS CRC,"TC, TOC, HAWK, ICP",AGAT,E221102-025,10001,,,Green River,Garden Gulch,8.61,0.91,1.87,3.37,0.26,438,1.1,19,0.6,0.2,4.52,0.07,BRL,16.1,0.05,BRL,BRL,18,412,BRL,BRL,BRL,8.5,1.4,35,0.2,40,0.66,0.6,0.15,3,0.62,BRL,BRL,0.15,BRL,4.5,11,0.12,371,BRL,2,3.8,BRL,BRL,1.03,4.9,BRL,0.1,BRL,BRL,0.7,1,1094,BRL,0.1,BRL,1.8,BRL,0.1,1.86,22,BRL,4.6,0.7,40,14.5,,,,,,,,,,,,,,,,,,,,,,,,,,
24,43013308210000,40.3701,-110.1118,DEVON ENERGY PROD CO 2-28-A2 DILLMAN,USGS CRC,"TC, TOC, HAWK, ICP",AGAT,E221102-026,10002,,,Green River,Garden Gulch,11.24,1.03,0.38,3.99,0.29,447,1.28,ARL,0.79,0.7,5.69,0.04,BRL,5.5,0.06,BRL,BRL,16,656,BRL,BRL,BRL,10.6,3.1,29,0.5,11,0.71,0.44,0.18,3,0.77,BRL,BRL,0.14,BRL,5.7,BRL,0.06,257,BRL,2,4.5,BRL,BRL,1.25,14.7,BRL,0.2,BRL,BRL,0.8,BRL,1526,BRL,0.12,BRL,1.8,BRL,0.06,1.09,22,BRL,4,0.4,40,15.4,,,,,,,,,,,,,,,,,,,,,,,,,,
24,43013308210000,40.3701,-110.1118,DEVON ENERGY PROD CO 2-28-A2 DILLMAN,USGS CRC,"TC, TOC, HAWK, ICP",AGAT,E221102-027,10003,,,Green River,Garden Gulch,6.65,0.44,,,,,4.89,11.5,2.7,2.1,6.19,0.02,0.08,16,0.23,BRL,11,90,615,BRL,0.2,0.3,25,13.2,59,6,67,1.33,0.8,0.33,12,1.48,BRL,2,0.25,BRL,13.6,247,0.13,418,BRL,7,10,22,9,2.81,87.4,BRL,0.7,8,BRL,1.8,2,674,BRL,0.22,BRL,2.9,BRL,0.12,1.18,76,BRL,7.1,0.8,132,58.8,,,,,,,,,,,,,,,,,,,,,,,,,,
25,43013308210000,40.3701,-110.1118,DEVON ENERGY PROD CO 2-28-A2 DILLMAN,USGS CRC,"TC, TOC, HAWK, ICP",AGAT,E221102-028,10004,,,Green River,Garden Gulch,8.96,1.03,1.92,4.18,0.35,437,2.99,16.2,1.58,1.1,6.42,0.06,0.03,13.7,0.12,BRL,BRL,24,427,BRL,BRL,0.2,22.6,6,38,0.6,12,2.01,0.94,0.53,7,2.36,BRL,1,0.37,BRL,11.5,BRL,0.11,388,BRL,4,11.4,15,7,2.89,23,BRL,0.3,BRL,BRL,2.3,BRL,874,BRL,0.34,BRL,7.5,BRL,0.13,1.17,30,BRL,9.8,0.8,56,43,,,,,,,,,,,,,,,,,,,,,,,,,,
25,43013308210000,40.3701,-110.1118,DEVON ENERGY PROD CO 2-28-A2 DILLMAN,USGS CRC,"TC, TOC, HAWK, ICP",AGAT,E221102-029,10005,,,Green River,Garden Gulch,9.39,0.94,1.88,3.81,0.35,438,2.72,19.1,1.3,0.8,5.36,0.07,0.02,11.9,0.11,BRL,BRL,21,443,BRL,0.1,BRL,20.2,3.5,36,0.8,17,1.67,1.04,0.38,7,1.56,BRL,1,0.38,BRL,10.4,BRL,0.15,486,BRL,4,9.4,BRL,5,2.5,17.8,BRL,0.3,BRL,BRL,1.8,1,1014,BRL,0.26,BRL,5.1,BRL,0.15,1.65,27,BRL,10.2,1,51,33.3,,,,,,,,,,,,,,,,,,,,,,,,,,
25,43013308210000,40.3701,-110.1118,DEVON ENERGY PROD CO 2-28-A2 DILLMAN,USGS CRC,"TC, TOC, HAWK, ICP",AGAT,E221102-030,10006,,,Green River,Garden Gulch,5.72,0.48,,,,,4.78,9.8,3.09,2.1,5.45,0.05,0.11,18.4,0.21,BRL,12,106,477,BRL,0.1,BRL,32.5,8.3,54,8.2,20,1.81,1.03,0.55,12,2.1,1,2,0.37,BRL,17.1,331,0.15,492,BRL,7,14.5,27,10,3.85,93.8,BRL,0.9,8,BRL,2.6,2,515,BRL,0.32,BRL,5.2,BRL,0.14,1.2,64,BRL,9.9,1.1,88,56.3,,,,,,,,,,,,,,,,,,,,,,,,,,
25,43013308210000,40.3701,-110.1118,DEVON ENERGY PROD CO 2-28-A2 DILLMAN,USGS CRC,"TC, TOC, HAWK, ICP",AGAT,E221102-031,10007,,,Green River,Garden Gulch,5.09,0.33,,,,,5.55,9.1,3.34,2.5,5.66,0.05,0.03,19.4,0.24,BRL,BRL,138,485,BRL,0.2,BRL,33.9,11.3,106,11.3,61,1.98,1.09,0.56,15,2.39,1,2,0.37,BRL,17.4,475,0.15,512,BRL,8,14.7,53,9,4.07,117,BRL,0.6,9,BRL,2.8,2,504,0.6,0.36,BRL,5.6,0.6,0.16,1.28,76,1,10.3,1,113,61.9,,,,,,,,,,,,,,,,,,,,,,,,,,
25,43013308210000,40.3701,-110.1118,DEVON ENERGY PROD CO 2-28-A2 DILLMAN,USGS CRC,"TC, TOC, HAWK, ICP",AGAT,E221102-032,10008,,,Green River,Garden Gulch,5.33,0.44,,,,,5.32,9,3.08,2.5,5.77,0.03,0.17,17.9,0.23,BRL,15,138,510,BRL,0.2,0.2,29.4,9.9,57,10,45,1.41,0.84,0.45,15,1.7,1,2,0.29,BRL,15.2,506,0.13,429,BRL,8,12.7,23,8,3.5,116,BRL,1.7,8,BRL,2.3,2,529,BRL,0.26,BRL,3.5,0.6,0.12,1.21,80,BRL,7.6,0.9,99,59.7,,,,,,,,,,,,,,,,,,,,,,,,,,
25,43013308210000,40.3701,-110.1118,DEVON ENERGY PROD CO 2-28-A2 DILLMAN,USGS CRC,"TC, TOC, HAWK, ICP",AGAT,E221102-033,10009,,,Green River,Garden Gulch,4.55,0.71,0.22,1.88,0.51,442,5.95,7.3,3.01,2.4,4.9,0.06,0.02,21.8,0.24,BRL,BRL,151,438,BRL,0.2,0.4,31.8,18.2,74,11.9,44,1.98,1.13,0.52,15,2.2,1,2,0.4,BRL,16.6,445,0.13,419,BRL,8,14.2,42,8,3.81,116,BRL,0.5,8,BRL,2.6,2,402,0.5,0.34,BRL,5.9,0.6,0.16,1.7,86,3,11,1,134,56.1,,,,,,,,,,,,,,,,,,,,,,,,,,
25,43013308210000,40.3701,-110.1118,DEVON ENERGY PROD CO 2-28-A2 DILLMAN,USGS CRC,"TC, TOC, HAWK, ICP",AGAT,E221102-034,10010,,,Green River,Garden Gulch,4.88,0.41,,,,,5.66,8.5,3.37,2.5,5.33,0.06,0.06,19.2,0.23,BRL,7,139,465,BRL,0.2,BRL,33.5,8.6,73,11.1,63,2.12,1.15,0.57,14,2.27,1,2,0.4,BRL,17.4,452,0.14,476,BRL,8,14.9,40,9,4.02,116,BRL,0.8,9,BRL,2.8,2,463,0.5,0.36,BRL,6.1,0.6,0.15,1.43,82,BRL,10.8,1,115,58.5,,,,,,,,,,,,,,,,,,,,,,,,,,
25,43013308210000,40.3701,-110.1118,DEVON ENERGY PROD CO 2-28-A2 DILLMAN,USGS CRC,"TC, TOC, HAWK, ICP",AGAT,E221102-035,10011,,,Green River,Garden Gulch,5.74,0.46,,,,,5.08,10,3.29,2.2,5.7,0.06,0.05,18.5,0.21,BRL,8,118,487,BRL,0.2,0.2,31.6,9.7,55,9.1,76,2.06,1.15,0.56,13,2.23,1,2,0.38,BRL,16.3,371,0.15,508,BRL,7,14,25,10,3.8,102,BRL,0.7,9,BRL,2.7,2,530,BRL,0.32,BRL,5.7,BRL,0.16,1.29,68,BRL,10.5,1.1,121,51,,,,,,,,,,,,,,,,,,,,,,,,,,
25,43013308210000,40.3701,-110.1118,DEVON ENERGY PROD CO 2-28-A2 DILLMAN,USGS CRC,"TC, TOC, HAWK, ICP",AGAT,E221102-036,10012,,,Green River,Garden Gulch,7.88,5.63,0.15,51.29,0.4,450,6.53,3.6,3.78,2.2,3.31,0.03,0.37,23.2,0.23,BRL,14,91,361,BRL,0.7,0.8,47.5,12.8,65,5.5,112,2.37,1.27,0.7,17,2.75,BRL,2,0.45,BRL,25.6,465,0.19,333,11,7,19.9,39,26,5.58,111,0.04,1.2,11,1,3.6,2,245,BRL,0.39,0.09,7,0.7,0.19,4.37,175,BRL,12.2,1.1,148,56.8,,,,,,,,,,,,,,,,,,,,,,,,,,
25,43013308210000,40.3701,-110.1118,DEVON ENERGY PROD CO 2-28-A2 DILLMAN,USGS CRC,"TC, TOC, HAWK, ICP",AGAT,E221102-037,10013,,,Green River,Garden Gulch,6.42,0.8,0.63,3.09,0.48,443,4.82,10.4,2.98,2,6.32,0.13,0.07,17.6,0.19,BRL,7,107,398,BRL,0.1,BRL,29.1,7.3,54,5.6,51,2.13,1.47,0.5,12,2.14,BRL,2,0.45,BRL,15.1,368,0.22,493,BRL,7,13.2,21,8,3.49,91.1,BRL,0.9,8,BRL,2.5,2,584,BRL,0.33,BRL,5.9,BRL,0.21,4.21,71,BRL,12.6,1.5,95,48.3,,,,,,,,,,,,,,,,,,,,,,,,,,
25,43013308210000,40.3701,-110.1118,DEVON ENERGY PROD CO 2-28-A2 DILLMAN,USGS CRC,"TC, TOC, HAWK, ICP",AGAT,E221102-038,10014,,,Green River,Garden Gulch,7.46,1.82,0.86,9.42,0.41,444,2.52,10.6,1.87,1.4,4.88,0.08,0.03,22.3,0.11,BRL,BRL,36,418,BRL,0.2,0.3,21.2,3.7,48,1.1,65,1.38,0.85,0.36,6,1.52,BRL,1,0.29,BRL,11.2,32,0.13,387,BRL,4,9.5,12,8,2.57,33.7,BRL,0.4,6,BRL,1.8,BRL,485,BRL,0.24,BRL,3.7,BRL,0.12,1.61,39,BRL,8.5,0.9,71,32.6,,,,,,,,,,,,,,,,,,,,,,,,,,
25,43013308210000,40.3701,-110.1118,DEVON ENERGY PROD CO 2-28-A2 DILLMAN,USGS CRC,"TC, TOC, HAWK, ICP",AGAT,E221102-039,10015,,,Green River,Garden Gulch,7.7,1.75,0.74,9.08,0.28,445,2.71,10.7,2.03,1.5,5.05,0.07,0.03,19.9,0.11,BRL,6,44,449,BRL,0.1,0.2,21,3.9,42,1.2,54,1.38,0.87,0.38,6,1.52,BRL,1,0.29,BRL,11.2,45,0.12,394,BRL,3,9.3,8,8,2.52,39.6,BRL,0.4,6,BRL,1.7,1,507,BRL,0.24,BRL,3.6,BRL,0.12,1.52,43,BRL,8.3,0.8,67,34.4,,,,,,,,,,,,,,,,,,,,,,,,,,
25,43013308210000,40.3701,-110.1118,DEVON ENERGY PROD CO 2-28-A2 DILLMAN,USGS CRC,"TC, TOC, HAWK, ICP",AGAT,E221102-040,10016,,,Green River,Garden Gulch,9.78,0.82,0.96,2.57,0.24,443,2.05,22,0.78,0.9,5.29,0.06,0.02,11,0.1,BRL,7,22,527,BRL,BRL,BRL,16.6,2.9,38,0.6,38,1.16,0.67,0.34,5,1.28,BRL,1,0.24,BRL,9.2,16,0.1,280,BRL,3,7.8,9,BRL,2.04,22.4,BRL,0.4,BRL,BRL,1.5,BRL,1281,BRL,0.19,BRL,2.4,BRL,0.09,1.7,24,BRL,6.8,0.7,48,51.1,,,,,,,,,,,,,,,,,,,,,,,,,,
25,43013308210000,40.3701,-110.1118,DEVON ENERGY PROD CO 2-28-A2 DILLMAN,USGS CRC,"TC, TOC, HAWK, ICP",AGAT,E221102-041,10017,,,Green River,Garden Gulch,10.59,0.97,1.88,3.53,0.32,439,1.98,21.5,1.11,0.9,6.7,0.05,0.01,8.7,0.08,BRL,BRL,19,590,BRL,BRL,0.2,16.6,3.7,42,0.6,47,1.09,0.66,0.28,4,1.29,BRL,BRL,0.22,BRL,9,14,0.09,303,BRL,3,7.8,25,5,2.09,24.3,BRL,0.2,BRL,BRL,1.4,BRL,1276,BRL,0.19,BRL,2.8,BRL,0.09,1.87,28,BRL,6.2,0.6,53,31.2,,,,,,,,,,,,,,,,,,,,,,,,,,
25,43013308210000,40.3701,-110.1118,DEVON ENERGY PROD CO 2-28-A2 DILLMAN,USGS CRC,"TC, TOC, HAWK, ICP",AGAT,E221102-042,10018,,,Green River,Garden Gulch,6.1,3.7,0.12,26.94,0.26,448,6.54,4.2,4.28,3,3.44,0.03,2.76,24.2,0.23,BRL,117,88,594,BRL,0.8,0.8,45.8,13.3,60,5.1,106,1.82,1.12,0.57,16,2.38,BRL,2,0.37,BRL,25.6,349,0.17,299,11,8,18.6,38,30,5.26,130,BRL,6.3,10,3,3.2,2,269,0.5,0.33,0.13,7.5,1.5,0.15,3.7,162,BRL,10.2,1.1,139,68.3,,,,,,,,,,,,,,,,,,,,,,,,,,
25,43013300300000,40.4002,-110.0349,CHEVRON OIL 1 CHASEL UNIT FLYING DIAMOND,USGS CRC,"TC, TOC, HAWK, ICP",AGAT,E221103-001,10630,,,Green River,Lower Black Shale,7.54,0.5,,,,,3.66,15.8,1.86,1.3,5.06,0.05,0.31,15.6,0.21,BRL,6,66,353,BRL,BRL,BRL,37.3,5.2,37,2.7,65,3.26,1.91,0.77,8,3.46,BRL,3,0.68,BRL,18.5,35,0.24,470,BRL,8,18.9,16,9,4.79,46.3,BRL,0.6,6,1,3.7,1,875,0.5,0.51,BRL,6.6,BRL,0.26,2.45,51,BRL,17.4,1.7,65,101,,,,,,,,,,,,,,,,,,,,,,,,,,
25,43013300300000,40.4002,-110.0349,CHEVRON OIL 1 CHASEL UNIT FLYING DIAMOND,USGS CRC,"TC, TOC, HAWK, ICP",AGAT,E221103-002,10632,,,Green River,Lower Black Shale,6.52,0.62,0.37,1.31,0.21,445,4.63,12.8,2.29,1.9,4.42,0.06,0.89,18.2,0.26,BRL,20,77,466,BRL,BRL,0.3,43.4,8.3,44,3.8,61,3.31,1.98,0.84,12,3.66,1,3,0.69,BRL,21.8,42,0.29,474,2,9,20.5,30,13,5.52,63.8,BRL,2.1,7,1,4.4,2,845,0.7,0.54,BRL,7.5,0.7,0.25,2.38,62,1,16.8,1.8,83,100,,,,,,,,,,,,,,,,,,,,,,,,,,
25,43013300300000,40.4002,-110.0349,CHEVRON OIL 1 CHASEL UNIT FLYING DIAMOND,USGS CRC,"TC, TOC, HAWK, ICP",AGAT,E221103-003,10634,,,Green River,Lower Black Shale,5.84,0.99,0.62,2.71,0.33,445,4.5,13,2.08,1.8,2.46,0.06,0.67,22,0.26,BRL,14,80,496,BRL,BRL,0.4,50.2,7,50,4,80,4.23,2.54,1.01,11,4.34,BRL,4,0.89,BRL,24.4,46,0.36,387,3,9,23.8,29,12,6.26,63.8,BRL,1.6,7,2,4.8,1,775,0.7,0.68,BRL,8.9,0.6,0.36,4.54,90,1,24.2,2.6,93,126,,,,,,,,,,,,,,,,,,,,,,,,,,
25,43013300300000,40.4002,-110.0349,CHEVRON OIL 1 CHASEL UNIT FLYING DIAMOND,USGS CRC,"TC, TOC, HAWK, ICP",AGAT,E221103-004,10636,,,Green River,Lower Black Shale,8.16,0.96,1.2,2.58,0.28,443,2.89,15.7,1.9,1.1,5.05,0.07,0.33,16,0.17,BRL,7,55,359,BRL,BRL,BRL,28.6,3.8,34,2.6,16,2.36,1.43,0.63,7,2.54,BRL,2,0.46,BRL,14.9,34,0.18,483,BRL,6,14.4,15,7,3.68,40.9,BRL,0.7,BRL,1,2.6,1,927,BRL,0.42,BRL,4.8,BRL,0.19,2.06,55,BRL,13.3,1.4,53,77.7,,,,,,,,,,,,,,,,,,,,,,,,,,
25,43013300300000,40.4002,-110.0349,CHEVRON OIL 1 CHASEL UNIT FLYING DIAMOND,USGS CRC,"TC, TOC, HAWK, ICP",AGAT,E221103-005,10638,,,Green River,Lower Black Shale,3.8,1.7,2.18,6.47,0.27,450,7.56,5.5,2.72,3,1.81,0.1,1.29,27.6,0.35,BRL,10,142,385,BRL,0.3,0.4,61.6,8.6,70,9,36,4.27,2.43,1.14,19,4.7,2,4,0.86,BRL,33,74,0.39,335,2,13,28.8,34,18,7.77,124,BRL,0.9,10,1,5.5,2,292,1,0.73,BRL,10.7,0.8,0.38,3.18,123,3,23,2.4,105,122,,,,,,,,,,,,,,,,,,,,,,,,,,
25,43013300300000,40.4002,-110.0349,CHEVRON OIL 1 CHASEL UNIT FLYING DIAMOND,USGS CRC,"TC, TOC, HAWK, ICP",AGAT,E221103-006,10652,,,Green River,Lower Black Shale,6.36,BRL,,,,,4.1,15,1.75,1.8,3.78,0.07,0.22,17.6,0.23,BRL,7,78,477,BRL,BRL,0.3,31.9,5.1,45,3.3,69,2.51,1.59,0.65,11,2.72,BRL,3,0.55,BRL,16.3,44,0.24,388,BRL,8,15.1,20,10,3.95,61.2,BRL,0.5,6,BRL,3.2,2,1075,0.5,0.42,BRL,6.2,BRL,0.22,2.37,51,2,14.6,1.6,74,90,,,,,,,,,,,,,,,,,,,,,,,,,,
25,43013300300000,40.4002,-110.0349,CHEVRON OIL 1 CHASEL UNIT FLYING DIAMOND,USGS CRC,"TC, TOC, HAWK, ICP",AGAT,E221103-007,10654,,,Green River,Lower Black Shale,1.55,0.5,0.18,1.49,0.26,445,9.82,2.8,2.31,4.2,1.7,0.08,0.37,28.9,0.44,BRL,5,209,388,BRL,0.3,0.3,88.6,8.8,76,11.9,34,4.44,2.58,1.12,24,4.93,2,4,0.87,BRL,46.1,99,0.33,129,BRL,16,40.3,33,22,10.95,158,BRL,1.5,11,2,6.5,3,290,1.2,0.73,0.06,15.9,0.9,0.37,3.28,149,3,22,2.5,82,132,,,,,,,,,,,,,,,,,,,,,,,,,,
25,43013300300000,40.4002,-110.0349,CHEVRON OIL 1 CHASEL UNIT FLYING DIAMOND,USGS CRC,"TC, TOC, HAWK, ICP",AGAT,E221103-008,10656,,,Green River,Lower Black Shale,8.08,1.48,1.19,4.33,0.42,439,4.02,15.5,2.15,1.5,4.24,0.09,0.92,15.8,0.2,BRL,34,71,366,BRL,0.2,0.5,42.3,6.9,40,3.5,74,3.2,1.81,0.78,10,3.4,BRL,3,0.62,BRL,20.2,42,0.28,532,6,7,19.2,29,18,4.94,54.7,BRL,1.2,6,2,3.9,1,918,BRL,0.53,0.07,7.5,0.6,0.24,4.91,77,1,16.6,1.7,82,89,,,,,,,,,,,,,,,,,,,,,,,,,,
25,43013300300000,40.4002,-110.0349,CHEVRON OIL 1 CHASEL UNIT FLYING DIAMOND,USGS CRC,"TC, TOC, HAWK, ICP",AGAT,E221103-009,10658,,,Green River,Lower Black Shale,8.28,1.87,1.06,5.74,0.36,443,4.63,14.5,2.53,1.8,4.79,0.1,1.07,16.1,0.22,BRL,14,78,373,BRL,0.4,0.6,62.8,9.5,46,4.2,68,4.59,2.82,1.2,12,4.83,BRL,3,0.9,BRL,27.8,52,0.35,642,4,7,28.1,34,34,7.27,61.3,BRL,1.4,8,2,5.7,1,885,0.6,0.82,0.09,10.3,BRL,0.4,11.04,96,1,24.3,2.3,74,87.8,,,,,,,,,,,,,,,,,,,,,,,,,,
25,43013300300000,40.4002,-110.0349,CHEVRON OIL 1 CHASEL UNIT FLYING DIAMOND,USGS CRC,"TC, TOC, HAWK, ICP",AGAT,E221103-010,10660,,,Green River,Lower Black Shale,8.28,0.89,1.24,2.64,0.31,435,2.92,15.6,1.75,1.2,5.85,0.06,0.48,15.6,0.15,BRL,5,53,749,BRL,BRL,0.4,45.2,6.4,28,2.1,49,4.37,2.82,0.9,6,3.87,BRL,3,0.92,BRL,17.3,34,0.39,633,BRL,5,18.8,20,14,4.75,36.5,BRL,0.6,6,1,4,BRL,906,BRL,0.67,BRL,12.3,BRL,0.39,4.57,59,BRL,24.6,2.6,75,96.5,,,,,,,,,,,,,,,,,,,,,,,,,,
25,43013300300000,40.4002,-110.0349,CHEVRON OIL 1 CHASEL UNIT FLYING DIAMOND,USGS CRC,"TC, TOC, HAWK, ICP",AGAT,E221103-011,10662,,,Green River,Lower Black Shale,3.64,BRL,,,,,6.54,7,2.33,3,3.73,0.07,1.05,24.7,0.39,BRL,7,110,359,BRL,0.2,0.4,59.3,8.4,62,4.6,60,4.7,2.77,1.08,16,5.17,1,5,0.93,BRL,30.2,63,0.42,460,BRL,12,28.2,37,12,7.46,85.2,BRL,1,10,1,5.7,2,305,1,0.78,BRL,7.7,BRL,0.39,2.41,75,1,23.7,2.7,122,161,,,,,,,,,,,,,,,,,,,,,,,,,,
25,43013300300000,40.4002,-110.0349,CHEVRON OIL 1 CHASEL UNIT FLYING DIAMOND,USGS CRC,"TC, TOC, HAWK, ICP",AGAT,E221103-012,10664,,,Green River,Lower Black Shale,5.04,0.82,0.81,2.11,0.37,441,5,10.1,2.07,2.2,2.99,0.06,0.82,19.9,0.29,BRL,8,91,396,BRL,BRL,0.4,51.4,7.1,48,4.9,38,4.13,2.5,0.98,13,4.34,1,4,0.83,BRL,25.7,51,0.35,416,3,9,24.5,28,14,6.43,75.5,BRL,0.5,8,1,4.7,1,540,0.6,0.7,BRL,9,0.6,0.36,3.82,77,1,22.3,2.3,67,124,,,,,,,,,,,,,,,,,,,,,,,,,,
25,43013300300000,40.4002,-110.0349,CHEVRON OIL 1 CHASEL UNIT FLYING DIAMOND,USGS CRC,"TC, TOC, HAWK, ICP",AGAT,E221103-013,10666,,,Green River,Lower Black Shale,3.68,BRL,,,,,3.76,7.7,2.11,1.6,2.62,0.05,0.68,27.8,0.23,BRL,6,54,400,BRL,BRL,BRL,35.4,5.3,41,2.4,56,3.26,2.18,0.83,8,3.75,BRL,6,0.73,BRL,16.9,37,0.32,475,BRL,7,18,20,10,4.77,50.2,BRL,0.4,5,1,4,BRL,536,0.5,0.56,BRL,5.3,BRL,0.28,2.12,36,1,19.4,2.1,69,198,,,,,,,,,,,,,,,,,,,,,,,,,,
25,43013300300000,40.4002,-110.0349,CHEVRON OIL 1 CHASEL UNIT FLYING DIAMOND,USGS CRC,"TC, TOC, HAWK, ICP",AGAT,E221103-014,10667.5,,,Green River,Lower Black Shale,2.29,BRL,,,,,6.48,4.5,2.34,2.8,2.55,0.1,1.17,28.1,0.42,BRL,7,119,465,BRL,0.2,0.3,58.2,9.1,71,4.9,67,4.59,2.91,1.02,18,4.55,2,8,1.02,BRL,30.7,57,0.44,348,BRL,12,27,29,18,7.31,90.1,BRL,0.7,9,1,5.2,2,232,1,0.77,BRL,9.8,0.5,0.43,2.43,66,2,24.4,3,92,279,,,,,,,,,,,,,,,,,,,,,,,,,,
25,43013300300000,40.4002,-110.0349,CHEVRON OIL 1 CHASEL UNIT FLYING DIAMOND,USGS CRC,"TC, TOC, HAWK, ICP",AGAT,E221103-015,10672,,,Green River,Lower Black Shale,3.1,0.43,,,,,4.47,6,1.76,1.6,2.24,0.07,0.69,27.2,0.27,BRL,6,65,463,BRL,BRL,BRL,37.9,7.3,48,2.5,101,3.26,2.08,0.79,10,3.48,1,5,0.69,BRL,19,41,0.31,333,BRL,7,19.4,24,13,4.96,54.4,BRL,0.4,6,1,3.9,2,355,0.5,0.57,BRL,6.2,BRL,0.29,1.77,40,BRL,17.6,1.9,91,189,,,,,,,,,,,,,,,,,,,,,,,,,,
25,43013300300000,40.4002,-110.0349,CHEVRON OIL 1 CHASEL UNIT FLYING DIAMOND,USGS CRC,"TC, TOC, HAWK, ICP",AGAT,E221103-016,10674,,,Green River,Lower Black Shale,7.47,1.23,1.07,3.89,0.36,438,2.73,14.9,1.62,1.1,3.7,0.08,0.49,19,0.15,BRL,8,49,303,BRL,BRL,BRL,30.3,6.6,32,2.1,55,2.76,1.63,0.75,7,3.17,BRL,3,0.56,BRL,14.3,31,0.23,537,BRL,5,15.9,23,9,4.1,38,BRL,0.4,BRL,1,3.1,1,1098,BRL,0.48,BRL,4.8,BRL,0.21,1.94,38,5,15.7,1.5,55,109,,,,,,,,,,,,,,,,,,,,,,,,,,
25,43013300300000,40.4002,-110.0349,CHEVRON OIL 1 CHASEL UNIT FLYING DIAMOND,USGS CRC,"TC, TOC, HAWK, ICP",AGAT,E221103-017,10676,,,Green River,Lower Black Shale,8.41,0.5,0.48,1.14,0.29,440,3.65,18,1.38,1.6,5.93,0.06,0.47,12,0.17,BRL,BRL,68,338,BRL,BRL,0.2,27.2,4.2,34,3.3,53,1.77,1.08,0.52,9,1.93,BRL,2,0.36,BRL,14.3,49,0.15,362,BRL,6,12.2,16,7,3.4,56,BRL,0.5,5,2,2.4,1,887,BRL,0.28,BRL,4.5,BRL,0.17,2.29,63,BRL,9.8,1,66,53.7,,,,,,,,,,,,,,,,,,,,,,,,,,
25,43013300300000,40.4002,-110.0349,CHEVRON OIL 1 CHASEL UNIT FLYING DIAMOND,USGS CRC,"TC, TOC, HAWK, ICP",AGAT,E221103-018,10678,,,Green River,Lower Black Shale,8.91,0.22,,,,,2.42,19.9,1.19,1,5.97,0.06,0.39,10.9,0.11,BRL,BRL,47,345,BRL,BRL,0.2,19.9,4.4,24,2,48,1.4,0.88,0.38,6,1.66,BRL,1,0.31,BRL,10.3,39,0.13,366,BRL,4,9.3,17,7,2.49,36.9,BRL,0.3,BRL,1,1.9,BRL,937,BRL,0.24,BRL,3.1,BRL,0.12,1.46,39,BRL,8,0.9,48,43.5,,,,,,,,,,,,,,,,,,,,,,,,,,
25,43013300300000,40.4002,-110.0349,CHEVRON OIL 1 CHASEL UNIT FLYING DIAMOND,USGS CRC,"TC, TOC, HAWK, ICP",AGAT,E221103-019,10680,,,Green River,Lower Black Shale,6.93,1.4,0.88,4.37,0.35,440,3.77,12.9,1.85,1.4,3.68,0.11,0.65,20.3,0.2,BRL,8,62,289,BRL,BRL,0.4,37.6,7.5,50,2.9,93,3.53,2.06,0.89,9,3.4,BRL,4,0.69,BRL,19.2,40,0.27,535,BRL,7,19.7,31,12,4.89,50.4,BRL,0.6,6,1,4,1,795,BRL,0.52,BRL,6,BRL,0.27,2.34,49,BRL,18.6,1.8,89,137,,,,,,,,,,,,,,,,,,,,,,,,,,
25,43013300300000,40.4002,-110.0349,CHEVRON OIL 1 CHASEL UNIT FLYING DIAMOND,USGS CRC,"TC, TOC, HAWK, ICP",AGAT,E221103-020,10682,,,Green River,Lower Black Shale,9.78,0.32,,,,,1.74,19.6,1.35,0.7,7.83,0.05,0.43,9.6,0.08,BRL,BRL,33,300,BRL,BRL,BRL,20.7,3,18,1.3,79,2.25,1.2,0.62,4,2.61,BRL,1,0.46,BRL,9.5,27,0.15,505,BRL,3,11.5,11,BRL,2.74,23.4,BRL,0.3,BRL,2,2.8,BRL,934,BRL,0.4,BRL,2.9,BRL,0.16,2.87,29,BRL,12.7,1,62,38.6,,,,,,,,,,,,,,,,,,,,,,,,,,
25,43013300300000,40.4002,-110.0349,CHEVRON OIL 1 CHASEL UNIT FLYING DIAMOND,USGS CRC,"TC, TOC, HAWK, ICP",AGAT,E221103-021,10684,,,Green River,Lower Black Shale,9.07,0.25,,,,,1.85,19.5,1.79,0.7,6.3,0.05,0.45,11.1,0.1,BRL,6,30,319,BRL,BRL,BRL,20.9,5.5,24,1.4,63,2.04,1.24,0.59,4,1.94,BRL,2,0.42,BRL,9.8,24,0.16,524,BRL,3,10.8,24,9,2.71,23.9,BRL,0.8,BRL,1,2.2,BRL,1380,BRL,0.35,BRL,4,BRL,0.16,1.33,25,BRL,10.9,1,56,72.4,,,,,,,,,,,,,,,,,,,,,,,,,,
25,43013300300000,40.4002,-110.0349,CHEVRON OIL 1 CHASEL UNIT FLYING DIAMOND,USGS CRC,"TC, TOC, HAWK, ICP",AGAT,E221103-022,10686,,,Green River,Lower Black Shale,2.05,0.6,0.33,1.48,0.2,444,7.92,3.6,2.98,3.3,2.08,0.07,1.4,27.7,0.39,BRL,10,132,345,BRL,0.1,0.6,61.9,10.4,71,9.4,27,3.73,2.41,0.82,20,3.74,2,5,0.81,BRL,33.4,107,0.38,246,BRL,13,28,36,17,7.8,131,BRL,1.4,11,1,4.6,2,247,1,0.59,BRL,10.3,0.9,0.36,2.84,128,2,20,2.5,124,139,,,,,,,,,,,,,,,,,,,,,,,,,,
25,43013300300000,40.4002,-110.0349,CHEVRON OIL 1 CHASEL UNIT FLYING DIAMOND,USGS CRC,"TC, TOC, HAWK, ICP",AGAT,E221103-023,10688,,,Green River,Lower Black Shale,9.79,0.49,,,,,1.28,20.7,1.4,0.5,6.27,0.04,0.36,10.2,0.05,BRL,7,31,398,BRL,BRL,0.3,13.4,2.5,21,0.7,44,1.43,0.88,0.4,3,1.37,BRL,2,0.29,BRL,6.3,19,0.12,507,BRL,2,7,14,7,1.83,15.1,BRL,0.5,BRL,2,1.4,1,1123,BRL,0.25,BRL,2.7,BRL,0.12,1.03,19,BRL,8.2,0.8,60,74.2,,,,,,,,,,,,,,,,,,,,,,,,,,
25,43013300300000,40.4002,-110.0349,CHEVRON OIL 1 CHASEL UNIT FLYING DIAMOND,USGS CRC,"TC, TOC, HAWK, ICP",AGAT,E221103-024,10690.5,,,Green River,Lower Black Shale,4.52,0.22,,,,,3.73,10,1.63,1.5,3.42,0.1,0.61,24.9,0.22,BRL,6,76,285,BRL,BRL,0.2,34.3,4.2,40,3.2,53,2.46,1.66,0.72,10,2.73,BRL,5,0.55,BRL,18.3,52,0.25,275,BRL,7,16.5,19,9,4.31,56.7,BRL,0.6,5,1,3.2,1,505,BRL,0.45,BRL,5.6,BRL,0.22,1.87,50,BRL,15.1,1.7,66,185,,,,,,,,,,,,,,,,,,,,,,,,,,
25,43013300300000,40.4002,-110.0349,CHEVRON OIL 1 CHASEL UNIT FLYING DIAMOND,USGS CRC,"TC, TOC, HAWK, ICP",AGAT,E221103-025,10691,,,Green River,Lower Black Shale,2.59,0.41,,,,,6.93,5,2.32,2.9,2.46,0.1,0.9,27.2,0.35,BRL,10,119,339,BRL,0.1,0.5,57.2,7.2,65,7.7,25,3.96,2.41,1.02,17,4.31,1,5,0.84,BRL,30.5,88,0.36,251,BRL,12,27.7,31,13,7.27,112,BRL,1.3,10,1,5.3,2,279,0.9,0.67,BRL,8.7,0.7,0.34,2.75,113,1,21.2,2.2,101,145,,,,,,,,,,,,,,,,,,,,,,,,,,
25,43013300300000,40.4002,-110.0349,CHEVRON OIL 1 CHASEL UNIT FLYING DIAMOND,USGS CRC,"TC, TOC, HAWK, ICP",AGAT,E221103-026,10705,,,Green River,Lower Black Shale,10.36,1.17,0.69,3.28,0.35,448,1.79,18.3,1.26,0.6,7.42,0.04,0.42,10.1,0.08,BRL,BRL,27,372,BRL,BRL,BRL,24.5,2.5,21,1.5,15,2.85,1.92,0.54,4,2.5,BRL,BRL,0.63,BRL,10.4,31,0.29,361,BRL,3,10.9,14,5,2.71,23.7,BRL,0.4,BRL,1,2.3,1,827,BRL,0.46,BRL,3.9,BRL,0.27,4.27,44,BRL,17.8,2,46,31.7,,,,,,,,,,,,,,,,,,,,,,,,,,
25,43013300300000,40.4002,-110.0349,CHEVRON OIL 1 CHASEL UNIT FLYING DIAMOND,USGS CRC,"TC, TOC, HAWK, ICP",AGAT,E221103-027,10708,,,Green River,Lower Black Shale,11.85,0.69,2.51,1.62,0.3,435,0.36,23.4,0.48,0.1,9.25,0.02,0.16,4.5,0.01,BRL,6,BRL,152,BRL,BRL,BRL,3.2,1,BRL,0.1,50,0.33,0.18,0.1,BRL,0.34,BRL,BRL,0.08,BRL,1.5,16,BRL,269,BRL,BRL,1.8,7,BRL,0.43,3.5,BRL,0.3,BRL,1,0.3,BRL,936,BRL,BRL,BRL,0.5,BRL,BRL,0.58,BRL,BRL,1.9,0.2,37,4.2,,,,,,,,,,,,,,,,,,,,,,,,,,
25,43013300300000,40.4002,-110.0349,CHEVRON OIL 1 CHASEL UNIT FLYING DIAMOND,USGS CRC,"TC, TOC, HAWK, ICP",AGAT,E221103-028,10710,,,Green River,Lower Black Shale,10.76,0.63,1.7,1.42,0.24,440,0.94,20.2,0.57,0.3,8.23,0.03,0.24,8.2,0.05,BRL,BRL,15,218,BRL,BRL,BRL,9,1.6,11,0.7,68,0.89,0.52,0.24,2,0.94,BRL,BRL,0.18,BRL,4.4,27,0.07,270,3,2,4.6,9,BRL,1.09,12.7,BRL,0.4,BRL,1,1,BRL,713,BRL,0.13,BRL,1.5,BRL,0.06,1.13,16,BRL,5.1,0.4,48,20.2,,,,,,,,,,,,,,,,,,,,,,,,,,
25,43013300300000,40.4002,-110.0349,CHEVRON OIL 1 CHASEL UNIT FLYING DIAMOND,USGS CRC,"TC, TOC, HAWK, ICP",AGAT,E221103-029,10713,,,Green River,Lower Black Shale,12.98,1.39,8.55,5.28,0.41,431,0.12,22.9,0.15,BRL,9.64,0.02,0.1,3.9,BRL,BRL,BRL,BRL,143,BRL,BRL,BRL,1.4,0.5,BRL,0.1,120,0.17,0.16,BRL,BRL,0.17,BRL,BRL,BRL,BRL,0.5,13,BRL,149,BRL,BRL,0.7,BRL,BRL,0.16,1,BRL,0.2,BRL,BRL,0.2,BRL,887,BRL,BRL,BRL,0.3,BRL,BRL,0.23,BRL,BRL,1.1,0.1,66,1.7,,,,,,,,,,,,,,,,,,,,,,,,,,
25,43013300300000,40.4002,-110.0349,CHEVRON OIL 1 CHASEL UNIT FLYING DIAMOND,USGS CRC,"TC, TOC, HAWK, ICP",AGAT,E221103-030,10716,,,Green River,Lower Black Shale,9.7,0.32,,,,,0.04,17.7,0.18,BRL,8.51,0.02,0.08,12.5,BRL,BRL,BRL,BRL,69,BRL,BRL,BRL,1.4,0.5,12,BRL,71,0.22,0.14,0.06,BRL,0.16,BRL,BRL,BRL,BRL,0.4,BRL,BRL,124,BRL,BRL,0.7,8,BRL,0.16,BRL,BRL,0.1,BRL,BRL,0.2,BRL,560,BRL,BRL,BRL,0.3,BRL,BRL,0.41,BRL,BRL,1.3,0.2,40,2.8,,,,,,,,,,,,,,,,,,,,,,,,,,
25,43013300300000,40.4002,-110.0349,CHEVRON OIL 1 CHASEL UNIT FLYING DIAMOND,USGS CRC,"TC, TOC, HAWK, ICP",AGAT,E221103-031,10718,,,Green River,Lower Black Shale,7.73,0.31,,,,,0.09,14.3,0.26,BRL,6.81,0.01,0.07,19.1,BRL,BRL,BRL,BRL,40,BRL,BRL,BRL,1.5,0.7,25,0.1,76,0.19,0.15,BRL,BRL,0.17,BRL,BRL,0.06,BRL,0.5,19,BRL,108,BRL,BRL,0.9,8,BRL,0.18,0.7,BRL,0.3,BRL,BRL,0.2,1,429,BRL,BRL,BRL,0.4,BRL,BRL,0.57,BRL,BRL,1.2,0.1,36,2.6,,,,,,,,,,,,,,,,,,,,,,,,,,
25,43013300300000,40.4002,-110.0349,CHEVRON OIL 1 CHASEL UNIT FLYING DIAMOND,USGS CRC,"TC, TOC, HAWK, ICP",AGAT,E221103-032,10720,,,Green River,Lower Black Shale,12.3,0.86,4.05,3.17,0.3,434,0.16,22.4,0.15,BRL,10.1,0.03,0.09,4.6,BRL,BRL,BRL,BRL,172,BRL,BRL,BRL,1.9,0.6,BRL,0.2,70,0.26,0.17,BRL,BRL,0.22,BRL,BRL,BRL,BRL,0.8,BRL,BRL,89,BRL,1,0.9,6,BRL,0.21,1.2,BRL,0.3,BRL,1,0.2,BRL,817,BRL,BRL,BRL,0.3,BRL,BRL,0.51,8,BRL,1.3,0.1,37,2.5,,,,,,,,,,,,,,,,,,,,,,,,,,
25,43013300300000,40.4002,-110.0349,CHEVRON OIL 1 CHASEL UNIT FLYING DIAMOND,USGS CRC,"TC, TOC, HAWK, ICP",AGAT,E221103-033,10723,,,Green River,Lower Black Shale,4.37,1.8,0.66,6.8,0.23,448,6.69,7,2.22,2.5,2.09,0.1,1.39,25.2,0.31,BRL,16,92,241,BRL,0.1,0.4,56.5,9.1,59,7,35,4.42,2.42,1.24,18,4.63,1,3,0.87,BRL,29.3,147,0.33,293,3,11,27.2,34,16,7.08,104,BRL,1.1,10,2,5.4,2,414,0.7,0.75,BRL,8.8,0.7,0.37,3.63,106,1,24.2,2.2,93,102,,,,,,,,,,,,,,,,,,,,,,,,,,
25,43013300300000,40.4002,-110.0349,CHEVRON OIL 1 CHASEL UNIT FLYING DIAMOND,USGS CRC,"TC, TOC, HAWK, ICP",AGAT,E221103-034,10725,,,Green River,Lower Black Shale,11.32,0.48,,,,,0.73,24.7,0.94,0.3,7.31,0.03,0.28,4.9,0.04,BRL,5,14,274,BRL,BRL,BRL,7.3,1.6,11,0.7,29,0.71,0.44,0.19,2,0.63,BRL,BRL,0.14,BRL,3.6,23,0.07,313,BRL,1,3.6,8,BRL,0.88,10.4,BRL,0.7,BRL,1,0.8,BRL,1193,BRL,0.13,BRL,1.5,BRL,0.06,1.08,16,BRL,4.4,0.4,54,13.1,,,,,,,,,,,,,,,,,,,,,,,,,,
25,43013300300000,40.4002,-110.0349,CHEVRON OIL 1 CHASEL UNIT FLYING DIAMOND,USGS CRC,"TC, TOC, HAWK, ICP",AGAT,E221103-035,10728,,,Green River,Lower Black Shale,10.45,0.66,0.32,1.7,0.33,449,1.34,23.8,1.01,0.5,6.61,0.05,0.95,7.6,0.06,BRL,5,20,196,BRL,BRL,BRL,12.3,2.3,12,1.1,55,1.27,0.78,0.33,3,1.37,BRL,BRL,0.27,BRL,6.4,29,0.11,159,BRL,2,6.2,10,BRL,1.51,18,BRL,0.5,BRL,1,1.4,BRL,1131,BRL,0.22,BRL,1.7,BRL,0.11,2.76,30,BRL,7.6,0.7,47,20.7,,,,,,,,,,,,,,,,,,,,,,,,,,
25,43013300300000,40.4002,-110.0349,CHEVRON OIL 1 CHASEL UNIT FLYING DIAMOND,USGS CRC,"TC, TOC, HAWK, ICP",AGAT,E221103-036,10731,,,Green River,Lower Black Shale,12.3,0.28,,,,,0.18,ARL,0.17,BRL,7.96,0.06,0.16,1,BRL,BRL,BRL,BRL,211,BRL,BRL,BRL,2.4,0.8,19,0.2,56,0.28,0.2,BRL,BRL,0.27,BRL,BRL,0.07,BRL,1.1,13,BRL,165,4,BRL,1.3,11,BRL,0.29,2.3,BRL,0.2,BRL,1,0.3,BRL,1516,BRL,BRL,BRL,0.3,BRL,BRL,1.31,11,BRL,2.1,0.2,32,3.2,,,,,,,,,,,,,,,,,,,,,,,,,,
25,43013300300000,40.4002,-110.0349,CHEVRON OIL 1 CHASEL UNIT FLYING DIAMOND,USGS CRC,"TC, TOC, HAWK, ICP",AGAT,E221103-037,10733,,,Green River,Lower Black Shale,12.3,0.25,,,,,0.16,ARL,0.1,BRL,5.86,0.04,0.13,0.6,BRL,BRL,BRL,BRL,54,BRL,BRL,BRL,1.5,0.9,BRL,0.1,22,0.18,0.13,BRL,BRL,0.13,BRL,BRL,BRL,BRL,0.8,BRL,BRL,105,BRL,BRL,0.9,BRL,BRL,0.17,1.9,BRL,0.2,BRL,1,0.2,BRL,551,BRL,BRL,BRL,0.3,BRL,BRL,0.92,6,BRL,1,0.1,18,2.6,,,,,,,,,,,,,,,,,,,,,,,,,,
25,43013300300000,40.4002,-110.0349,CHEVRON OIL 1 CHASEL UNIT FLYING DIAMOND,USGS CRC,"TC, TOC, HAWK, ICP",AGAT,E221103-038,10735,,,Green River,Lower Black Shale,7.88,1.12,0.74,3.15,0.24,447,4.22,15,1.66,1.7,5.83,0.08,0.86,14.6,0.22,BRL,13,63,328,BRL,BRL,BRL,39.3,6.3,38,3.9,52,2.94,1.74,0.71,11,3.13,BRL,3,0.6,BRL,19.8,47,0.26,350,3,8,18.7,21,12,4.9,63.3,BRL,1.1,7,2,3.6,7,660,0.7,0.49,BRL,6.2,BRL,0.27,3.68,64,1,15.7,1.7,65,98.4,,,,,,,,,,,,,,,,,,,,,,,,,,
25,43013300300000,40.4002,-110.0349,CHEVRON OIL 1 CHASEL UNIT FLYING DIAMOND,USGS CRC,"TC, TOC, HAWK, ICP",AGAT,E221103-039,10737,,,Green River,Lower Black Shale,9.21,0.81,0.47,1.73,0.26,447,2.37,ARL,1.21,1,1.87,0.09,0.87,10.3,0.15,BRL,6,34,372,BRL,BRL,BRL,24.8,4.7,25,2.2,60,1.85,1.1,0.46,6,2.01,BRL,2,0.37,BRL,12.9,34,0.15,376,BRL,6,11.4,16,8,3.04,35.7,BRL,0.3,BRL,2,2.4,BRL,847,BRL,0.34,0.07,4,BRL,0.17,2.14,41,BRL,10.3,1,52,66.7,,,,,,,,,,,,,,,,,,,,,,,,,,
25,43013300300000,40.4002,-110.0349,CHEVRON OIL 1 CHASEL UNIT FLYING DIAMOND,USGS CRC,"TC, TOC, HAWK, ICP",AGAT,E221103-040,10739,,,Green River,Lower Black Shale,9.34,0.93,0.42,2.13,0.4,450,2.4,ARL,1.1,1,2.14,0.11,0.74,9.3,0.14,BRL,BRL,38,448,BRL,BRL,0.2,24.6,4.7,24,2.1,62,2.02,1.06,0.48,6,2.2,BRL,2,0.4,BRL,12.5,37,0.16,390,BRL,5,11.8,14,7,3.14,37.2,BRL,0.3,BRL,2,2.3,BRL,759,BRL,0.33,BRL,3.8,BRL,0.18,2.01,39,BRL,10.7,1,57,56.4,,,,,,,,,,,,,,,,,,,,,,,,,,
25,43013300300000,40.4002,-110.0349,CHEVRON OIL 1 CHASEL UNIT FLYING DIAMOND,USGS CRC,"TC, TOC, HAWK, ICP",AGAT,E221103-041,10741.5,,,Green River,Lower Black Shale,3.83,BRL,,,,,1.84,11,0.48,0.7,1.11,0.06,0.2,23.2,0.13,BRL,BRL,34,125,BRL,BRL,BRL,20.4,1.6,34,0.7,69,2.07,1.22,0.46,3,2.12,BRL,6,0.41,BRL,10.9,18,0.19,226,BRL,4,10.5,7,10,2.75,22.5,BRL,0.3,BRL,BRL,2.2,5,311,BRL,0.32,BRL,3.3,BRL,0.17,1.28,12,BRL,12,1.3,43,235,,,,,,,,,,,,,,,,,,,,,,,,,,
25,43013300300000,40.4002,-110.0349,CHEVRON OIL 1 CHASEL UNIT FLYING DIAMOND,USGS CRC,"TC, TOC, HAWK, ICP",AGAT,E221103-042,10743,,,Green River,Lower Black Shale,1.61,BRL,,,,,1.47,3.8,0.54,0.6,0.89,0.07,0.18,24,0.1,BRL,BRL,32,668,BRL,BRL,BRL,20.1,1.4,43,1.4,87,1.98,1.08,0.49,3,2.15,BRL,4,0.38,BRL,10.6,25,0.17,190,BRL,3,11,13,6,2.71,20.5,BRL,0.2,BRL,BRL,2.3,1,133,BRL,0.33,BRL,2.6,BRL,0.14,1.06,9,BRL,11.4,1.1,70,190,,,,,,,,,,,,,,,,,,,,,,,,,,
25,43013300300000,40.4002,-110.0349,CHEVRON OIL 1 CHASEL UNIT FLYING DIAMOND,USGS CRC,"TC, TOC, HAWK, ICP",AGAT,E221103-043,10745,,,Green River,Lower Black Shale,1.9,BRL,,,,,3.74,3.6,1.07,1.2,1.81,0.09,0.49,29.2,0.3,BRL,BRL,60,382,BRL,BRL,0.6,41,4.1,52,1.8,100,3.69,2.39,0.79,8,3.68,1,11,0.77,BRL,21.4,28,0.42,285,BRL,8,20,12,34,5.11,41.4,BRL,0.6,BRL,BRL,3.9,3,119,0.7,0.59,BRL,6.7,BRL,0.35,2.58,29,1,22.1,2.6,190,425,,,,,,,,,,,,,,,,,,,,,,,,,,
25,43013300300000,40.4002,-110.0349,CHEVRON OIL 1 CHASEL UNIT FLYING DIAMOND,USGS CRC,"TC, TOC, HAWK, ICP",AGAT,E221103-044,10747,,,Green River,Lower Black Shale,2,0.27,,,,,5.52,3.4,1.81,2,2.52,0.12,0.83,28.8,0.42,BRL,BRL,93,296,BRL,0.2,0.3,60.1,7.8,81,3.2,127,5.39,3.28,1.1,12,5.45,1,10,1.06,BRL,31.2,44,0.53,355,BRL,12,28,24,16,7.4,69.9,BRL,0.6,8,BRL,5.8,3,120,1,0.87,BRL,9.5,BRL,0.48,3.44,58,1,29.8,3.3,161,386,,,,,,,,,,,,,,,,,,,,,,,,,,
25,43013300300000,40.4002,-110.0349,CHEVRON OIL 1 CHASEL UNIT FLYING DIAMOND,USGS CRC,"TC, TOC, HAWK, ICP",AGAT,E221103-045,10749.5,,,Green River,Lower Black Shale,2.34,0.42,,,,,4.29,4.1,1.77,1.7,2.11,0.12,1.14,ARL,0.31,BRL,7,78,246,BRL,0.1,0.3,54.4,7.1,65,2.4,108,4.94,3.04,1.1,9,5.36,1,11,1,BRL,26.8,37,0.51,334,BRL,10,27.2,23,14,6.82,58.3,BRL,0.5,6,BRL,5.5,3,123,0.8,0.86,BRL,8.3,BRL,0.41,3.19,39,1,28.4,3,94,426,,,,,,,,,,,,,,,,,,,,,,,,,,
25,43013300300000,40.4002,-110.0349,CHEVRON OIL 1 CHASEL UNIT FLYING DIAMOND,USGS CRC,"TC, TOC, HAWK, ICP",AGAT,E221103-046,10752,,,Green River,Lower Black Shale,2.69,0.55,0.39,0.63,0.22,452,5.48,4.6,2.45,2.2,2.59,0.07,1.28,28.4,0.35,BRL,8,80,240,BRL,0.2,0.2,50.6,9.7,66,4.1,144,3.86,2.49,0.82,13,3.81,1,7,0.79,BRL,26.9,55,0.39,462,BRL,11,23,29,14,6,80.2,BRL,0.7,9,BRL,4.5,3,141,0.9,0.63,BRL,8.8,BRL,0.35,2.35,63,1,21.2,2.6,143,255,,,,,,,,,,,,,,,,,,,,,,,,,,
25,43013300300000,40.4002,-110.0349,CHEVRON OIL 1 CHASEL UNIT FLYING DIAMOND,USGS CRC,"TC, TOC, HAWK, ICP",AGAT,E221103-047,10754,,,Green River,Lower Black Shale,7.18,1.22,0.86,2.59,0.37,449,3.5,17.6,1.67,1.6,1.97,0.07,1.11,16.3,0.23,BRL,8,60,323,BRL,0.2,0.2,38.4,7.3,71,3.5,82,2.81,1.68,0.69,8,3.02,BRL,3,0.56,BRL,19.4,36,0.26,436,2,7,17.8,103,12,4.68,57,BRL,0.5,6,BRL,3.5,3,488,0.6,0.46,BRL,5.9,BRL,0.24,2.65,50,1,15.9,1.6,83,118,,,,,,,,,,,,,,,,,,,,,,,,,,
25,43013300300000,40.4002,-110.0349,CHEVRON OIL 1 CHASEL UNIT FLYING DIAMOND,USGS CRC,"TC, TOC, HAWK, ICP",AGAT,E221103-048,10756,,,Green River,Lower Black Shale,10.51,0.51,0.26,1,0.32,448,1.34,ARL,0.71,0.6,0.92,0.05,0.58,4.3,0.08,BRL,BRL,26,137,BRL,BRL,BRL,14.9,2.7,25,1.5,56,1.23,0.72,0.3,3,1.28,BRL,BRL,0.24,BRL,7.9,19,0.1,504,BRL,3,6.8,10,BRL,1.83,21.6,BRL,0.2,BRL,BRL,1.4,2,415,BRL,0.19,BRL,2.1,BRL,0.1,1.68,20,BRL,7.4,0.6,47,28.9,,,,,,,,,,,,,,,,,,,,,,,,,,
25,43013300300000,40.4002,-110.0349,CHEVRON OIL 1 CHASEL UNIT FLYING DIAMOND,USGS CRC,"TC, TOC, HAWK, ICP",AGAT,E221103-049,10758,,,Green River,Lower Black Shale,8.63,0.86,0.96,2.12,0.39,444,2.36,17,1.31,1,5.47,0.07,0.65,12.8,0.16,BRL,11,48,374,BRL,BRL,BRL,33,4,33,1.7,50,3.48,1.88,0.78,5,3.5,BRL,4,0.66,BRL,15.4,31,0.26,394,2,5,17.1,12,7,4.17,34.2,BRL,1,BRL,BRL,3.7,2,658,BRL,0.55,BRL,4.4,BRL,0.26,4.03,31,BRL,19.2,1.7,59,143,,,,,,,,,,,,,,,,,,,,,,,,,,
25,43013300300000,40.4002,-110.0349,CHEVRON OIL 1 CHASEL UNIT FLYING DIAMOND,USGS CRC,"TC, TOC, HAWK, ICP",AGAT,E221104-001,10761,,,Green River,Lower Black Shale,11.22,0.44,,,,,0.83,24.1,0.57,0.4,7.04,0.02,0.29,3.8,0.05,BRL,6,22,263,BRL,BRL,BRL,11.5,1.9,20,0.8,BRL,1.12,0.56,0.3,2,1.22,BRL,BRL,0.22,BRL,5.7,17,0.1,291,BRL,2,5.8,9,BRL,1.4,12.8,BRL,0.9,BRL,BRL,1.2,2,928,BRL,0.18,BRL,1.4,BRL,0.08,1.49,15,BRL,6.4,0.6,20,23.3,,,,,,,,,,,,,,,,,,,,,,,,,,
25,43013300300000,40.4002,-110.0349,CHEVRON OIL 1 CHASEL UNIT FLYING DIAMOND,USGS CRC,"TC, TOC, HAWK, ICP",AGAT,E221104-002,10762,,,Green River,Lower Black Shale,4.13,0.35,,,,,4.01,10.1,1.74,1.4,2.26,0.08,0.93,22.7,0.27,BRL,10,63,356,BRL,0.1,0.6,39.3,6.7,57,2.5,14,3.67,2.05,0.82,9,3.77,BRL,5,0.72,BRL,19.8,45,0.33,496,BRL,8,19.7,21,10,5.03,50.7,BRL,0.6,6,BRL,4.1,2,178,0.6,0.6,BRL,5.8,0.5,0.29,2.15,43,BRL,20.3,2.2,83,172,,,,,,,,,,,,,,,,,,,,,,,,,,
25,43013300300000,40.4002,-110.0349,CHEVRON OIL 1 CHASEL UNIT FLYING DIAMOND,USGS CRC,"TC, TOC, HAWK, ICP",AGAT,E221104-003,10763,,,Green River,Lower Black Shale,6.5,1.06,0.42,1.81,0.33,449,4.22,16.1,2.15,1.7,1.95,0.1,1.46,16.6,0.26,BRL,18,77,1675,BRL,0.2,0.5,49.8,7.5,60,3.7,19,3.91,2.18,0.98,10,4.27,BRL,4,0.76,BRL,25.6,41,0.3,519,BRL,9,23.8,22,12,6.28,62.4,BRL,0.6,7,BRL,4.9,3,341,0.7,0.64,BRL,6.6,0.5,0.29,2.42,54,BRL,21.4,2,59,130,,,,,,,,,,,,,,,,,,,,,,,,,,
25,43013300300000,40.4002,-110.0349,CHEVRON OIL 1 CHASEL UNIT FLYING DIAMOND,USGS CRC,"TC, TOC, HAWK, ICP",AGAT,E221104-004,10764,,,Green River,Lower Black Shale,3.51,0.71,0.28,0.91,0.36,449,5.37,6.3,2.64,2,2.75,0.1,1.43,24.7,0.36,BRL,16,79,340,BRL,0.2,0.5,49.1,8.8,68,4.1,22,3.93,2.35,0.9,12,3.95,1,5,0.77,BRL,25.7,55,0.35,473,BRL,10,22.6,31,15,5.93,68.4,BRL,0.6,9,BRL,4.5,3,165,0.9,0.65,BRL,7.7,BRL,0.33,2.4,61,1,20.9,2.4,92,159,,,,,,,,,,,,,,,,,,,,,,,,,,
25,43013300300000,40.4002,-110.0349,CHEVRON OIL 1 CHASEL UNIT FLYING DIAMOND,USGS CRC,"TC, TOC, HAWK, ICP",AGAT,E221104-005,10765,,,Green River,Lower Black Shale,7.55,0.26,,,,,2.08,23.1,0.74,0.8,1.06,0.09,0.46,14.3,0.16,BRL,8,49,277,BRL,BRL,0.2,30.5,3,27,1.3,11,2.8,1.69,0.63,4,2.89,BRL,6,0.6,BRL,15.9,22,0.29,591,BRL,6,14.5,9,6,3.8,24.8,BRL,0.4,BRL,BRL,3,2,236,0.5,0.44,BRL,4.6,BRL,0.26,1.7,20,BRL,16.8,1.7,32,249,,,,,,,,,,,,,,,,,,,,,,,,,,
25,43013300300000,40.4002,-110.0349,CHEVRON OIL 1 CHASEL UNIT FLYING DIAMOND,USGS CRC,"TC, TOC, HAWK, ICP",AGAT,E221104-006,10766,,,Green River,Lower Black Shale,4.09,0.72,0.23,1.09,0.31,449,5.19,9.5,2.31,2.2,1.8,0.08,1.37,22.4,0.33,BRL,25,87,253,BRL,0.5,0.3,54.5,8.3,57,4.6,23,3.98,2.27,0.93,12,4.37,1,5,0.83,BRL,27.4,44,0.35,467,2,11,24.9,22,16,6.57,79.9,BRL,0.8,8,BRL,4.8,4,248,0.9,0.7,BRL,8,0.7,0.34,2.88,63,3,22.1,2.4,68,185,,,,,,,,,,,,,,,,,,,,,,,,,,
25,43013300300000,40.4002,-110.0349,CHEVRON OIL 1 CHASEL UNIT FLYING DIAMOND,USGS CRC,"TC, TOC, HAWK, ICP",AGAT,E221104-007,10767,,,Green River,Lower Black Shale,3.35,BRL,,,,,4.13,9.5,1.42,1.7,1.19,0.07,0.55,25.7,0.25,BRL,14,70,364,BRL,0.1,0.3,47.6,5.5,53,2.6,18,4.28,2.54,0.93,9,4.43,BRL,7,0.84,BRL,22.2,31,0.37,412,6,8,23.8,19,10,5.96,53.6,BRL,0.5,6,BRL,5,2,234,0.7,0.7,BRL,6.4,BRL,0.34,2.65,35,1,22.8,2.5,63,254,,,,,,,,,,,,,,,,,,,,,,,,,,
25,43013300300000,40.4002,-110.0349,CHEVRON OIL 1 CHASEL UNIT FLYING DIAMOND,USGS CRC,"TC, TOC, HAWK, ICP",AGAT,E221104-008,10768,,,Green River,Lower Black Shale,0.91,BRL,,,,,2.54,2.8,0.83,0.9,0.3,0.03,0.33,ARL,0.17,BRL,9,44,5033,BRL,0.1,0.3,28.4,3.6,48,1.9,18,3.02,1.86,0.63,4,3.03,BRL,8,0.59,BRL,13.6,52,0.3,161,6,5,14.8,14,6,3.6,28.1,BRL,0.3,BRL,BRL,3.3,2,359,BRL,0.47,BRL,4.9,BRL,0.26,2.3,19,1,17,1.8,66,309,,,,,,,,,,,,,,,,,,,,,,,,,,
25,43013300300000,40.4002,-110.0349,CHEVRON OIL 1 CHASEL UNIT FLYING DIAMOND,USGS CRC,"TC, TOC, HAWK, ICP",AGAT,E221104-009,10769,,,Green River,Lower Black Shale,BRL,BRL,,,,,6.48,0.3,3.64,3,0.97,0.01,2.48,ARL,0.39,BRL,20,104,667,BRL,0.3,BRL,61.3,10.7,88,6,23,3.64,2.44,0.59,16,2.84,1,7,0.79,BRL,33.3,53,0.39,87,11,12,25.1,32,17,6.96,118,BRL,1.3,11,BRL,3.7,4,139,1.1,0.52,BRL,8.4,0.6,0.37,3.85,72,2,20.5,2.5,69,253,,,,,,,,,,,,,,,,,,,,,,,,,,
25,43013300300000,40.4002,-110.0349,CHEVRON OIL 1 CHASEL UNIT FLYING DIAMOND,USGS CRC,"TC, TOC, HAWK, ICP",AGAT,E221104-010,10770,,,Green River,Lower Black Shale,BRL,BRL,,,,,6.16,0.2,3.28,2.8,1.1,0.02,1.78,ARL,0.38,BRL,15,101,632,BRL,0.3,BRL,63.7,16.5,79,5.5,44,4.03,2.61,0.72,15,3.09,1,7,0.88,BRL,33.5,57,0.44,114,8,11,26.7,48,21,7.64,106,BRL,0.9,11,BRL,3.8,3,129,1,0.6,BRL,10.1,0.6,0.39,4.26,79,2,22.1,2.7,84,263,,,,,,,,,,,,,,,,,,,,,,,,,,
25,43013300300000,40.4002,-110.0349,CHEVRON OIL 1 CHASEL UNIT FLYING DIAMOND,USGS CRC,"TC, TOC, HAWK, ICP",AGAT,E221104-011,10771,,,Green River,Lower Black Shale,2.88,BRL,,,,,4.57,8,2.17,2.1,1.63,0.04,0.91,24.6,0.28,BRL,8,78,328,BRL,0.2,BRL,49.5,7.7,54,3.7,21,3.81,2.3,0.94,11,3.86,1,6,0.77,BRL,26,45,0.36,749,11,8,23.2,22,14,6.14,71.4,BRL,0.4,7,1,4.2,2,140,0.7,0.6,BRL,7,BRL,0.31,6.82,53,1,22.6,2.2,49,215,,,,,,,,,,,,,,,,,,,,,,,,,,
25,43013300300000,40.4002,-110.0349,CHEVRON OIL 1 CHASEL UNIT FLYING DIAMOND,USGS CRC,"TC, TOC, HAWK, ICP",AGAT,E221104-012,10776,,,Green River,Lower Black Shale,3.2,BRL,,,,,3.4,6.3,1.5,1.4,3.25,0.1,0.36,26.2,0.25,BRL,BRL,64,1960,BRL,0.1,0.3,39.9,5.4,53,2.2,15,3.85,2.14,0.97,7,3.93,1,9,0.75,BRL,20,34,0.36,756,BRL,7,20,21,21,5.04,47,BRL,0.3,BRL,BRL,4.1,2,212,0.6,0.61,BRL,6.2,BRL,0.32,5.12,44,1,22.3,2.4,41,355,,,,,,,,,,,,,,,,,,,,,,,,,,
25,43013300300000,40.4002,-110.0349,CHEVRON OIL 1 CHASEL UNIT FLYING DIAMOND,USGS CRC,"TC, TOC, HAWK, ICP",AGAT,E221104-013,10777.5,,,Green River,Lower Black Shale,2.03,BRL,,,,,5.29,3.8,2.46,2.4,2.58,0.05,0.85,28.7,0.32,BRL,8,94,615,BRL,0.2,0.4,51.8,8.5,73,4.2,34,3.92,2.43,0.91,12,4.07,1,6,0.83,BRL,27.4,53,0.36,561,11,9,23.6,30,25,6.33,81.6,BRL,0.5,9,BRL,4.4,3,159,1.3,0.64,BRL,7.9,BRL,0.34,4.81,72,1,23.2,2.4,75,242,,,,,,,,,,,,,,,,,,,,,,,,,,
26,43013300300000,40.4002,-110.0349,CHEVRON OIL 1 CHASEL UNIT FLYING DIAMOND,USGS CRC,"TC, TOC, HAWK, ICP",AGAT,E221104-014,10780,,,Green River,Lower Black Shale,1.16,BRL,,,,,7.1,2,2.78,3.3,2.34,0.03,0.86,28.2,0.4,BRL,12,121,490,BRL,0.3,BRL,70.2,11.1,74,6.1,69,5.13,2.97,1.26,18,5.41,2,5,1.07,BRL,35.1,56,0.44,335,3,12,31.2,30,19,8.26,114,BRL,0.6,12,BRL,5.9,4,146,1.1,0.85,BRL,10.4,0.7,0.44,3.17,79,2,29.1,3,77,195,,,,,,,,,,,,,,,,,,,,,,,,,,
26,43013300300000,40.4002,-110.0349,CHEVRON OIL 1 CHASEL UNIT FLYING DIAMOND,USGS CRC,"TC, TOC, HAWK, ICP",AGAT,E221104-015,10782,,,Green River,Lower Black Shale,0.86,BRL,,,,,5.36,1.9,2.56,2.5,1.72,0.09,1.03,ARL,0.33,BRL,13,87,1021,BRL,0.2,BRL,57.2,10,71,4.3,41,4.7,2.52,1.27,13,5.3,1,6,0.87,BRL,28.2,46,0.41,260,7,10,28.2,32,15,7.16,84.4,BRL,0.8,9,BRL,6.1,3,135,0.8,0.78,BRL,8.2,0.5,0.34,2.56,77,1,25.1,2.5,70,229,,,,,,,,,,,,,,,,,,,,,,,,,,
26,43013300300000,40.4002,-110.0349,CHEVRON OIL 1 CHASEL UNIT FLYING DIAMOND,USGS CRC,"TC, TOC, HAWK, ICP",AGAT,E221104-016,10784,,,Green River,Lower Black Shale,1.65,BRL,,,,,5.3,4.2,1.99,2.4,1.88,0.1,0.29,28.2,0.33,BRL,10,85,334,BRL,0.2,0.2,58.6,8.8,68,4.2,40,4.7,2.57,1.32,13,5.53,1,6,0.91,BRL,29.2,47,0.38,437,2,10,29.1,27,13,7.32,82.8,BRL,0.5,9,BRL,6,3,126,0.8,0.84,BRL,7.9,BRL,0.36,2.28,60,1,25.1,2.6,61,236,,,,,,,,,,,,,,,,,,,,,,,,,,
26,43013300300000,40.4002,-110.0349,CHEVRON OIL 1 CHASEL UNIT FLYING DIAMOND,USGS CRC,"TC, TOC, HAWK, ICP",AGAT,E221104-017,10786,,,Green River,Lower Black Shale,2.59,BRL,,,,,3.28,8,1.19,1.4,1.03,0.1,0.31,26.4,0.21,BRL,BRL,57,278,BRL,0.1,0.4,35.4,5.2,54,2.7,16,3.07,1.72,0.74,8,3.15,1,6,0.58,BRL,18.2,28,0.28,758,BRL,6,17.4,49,10,4.54,48.2,BRL,0.3,BRL,BRL,3.5,2,112,BRL,0.49,BRL,5.2,BRL,0.25,1.82,34,BRL,17.4,1.7,38,216,,,,,,,,,,,,,,,,,,,,,,,,,,
26,43013300300000,40.4002,-110.0349,CHEVRON OIL 1 CHASEL UNIT FLYING DIAMOND,USGS CRC,"TC, TOC, HAWK, ICP",AGAT,E221104-018,10788,,,Green River,Lower Black Shale,2.17,BRL,,,,,4.69,4,2.12,1.9,2.79,0.09,0.76,28.3,0.3,BRL,BRL,70,4340,BRL,0.1,BRL,45.6,7.8,54,3.3,20,4.03,2.37,1.07,11,4.48,1,6,0.79,BRL,23.5,43,0.35,565,BRL,9,23.1,35,11,5.82,67.4,BRL,0.4,7,BRL,4.8,3,249,0.7,0.69,BRL,6.9,BRL,0.32,2.08,54,1,23,2.3,54,236,,,,,,,,,,,,,,,,,,,,,,,,,,
26,43013300300000,40.4002,-110.0349,CHEVRON OIL 1 CHASEL UNIT FLYING DIAMOND,USGS CRC,"TC, TOC, HAWK, ICP",AGAT,E221104-019,10790,,,Green River,Lower Black Shale,BRL,BRL,,,,,6.23,0.5,2.07,2.9,1.29,0.07,0.3,ARL,0.39,BRL,6,93,1875,BRL,0.2,BRL,63.4,9.4,66,5,27,5.31,3.11,1.36,15,5.92,2,7,1.04,BRL,30.6,51,0.44,122,BRL,12,32,26,15,7.96,103,BRL,0.7,10,BRL,6.6,3,165,1.1,0.92,BRL,9.7,0.6,0.43,2.28,88,1,28.7,2.8,69,264,,,,,,,,,,,,,,,,,,,,,,,,,,
26,43013300300000,40.4002,-110.0349,CHEVRON OIL 1 CHASEL UNIT FLYING DIAMOND,USGS CRC,"TC, TOC, HAWK, ICP",AGAT,E221104-020,10792,,,Green River,Lower Black Shale,1.29,BRL,,,,,5.96,2.5,2.13,2.7,2.29,0.1,0.28,ARL,0.36,BRL,7,91,390,BRL,0.2,BRL,54.8,9.8,67,4.9,24,4.31,2.57,1.08,15,4.46,1,7,0.86,BRL,27.8,52,0.39,327,BRL,12,25.9,26,15,6.71,95.3,BRL,0.7,9,BRL,5.1,3,120,0.9,0.7,BRL,9,0.5,0.36,2.33,65,1,24.1,2.6,66,244,,,,,,,,,,,,,,,,,,,,,,,,,,
26,43013300300000,40.4002,-110.0349,CHEVRON OIL 1 CHASEL UNIT FLYING DIAMOND,USGS CRC,"TC, TOC, HAWK, ICP",AGAT,E221104-021,10794,,,Green River,Lower Black Shale,1.62,BRL,,,,,4.45,4,1.62,2,1.62,0.1,0.37,27.4,0.29,BRL,7,72,271,BRL,0.2,0.3,51.3,10.3,60,3.7,25,4.13,2.55,1.02,11,4.53,1,9,0.82,BRL,26.1,32,0.39,350,BRL,8,25,20,14,6.46,70.6,BRL,0.6,7,BRL,5,2,105,0.7,0.72,BRL,7.8,BRL,0.36,2.27,49,1,24.7,2.3,55,337,,,,,,,,,,,,,,,,,,,,,,,,,,
26,43013300300000,40.4002,-110.0349,CHEVRON OIL 1 CHASEL UNIT FLYING DIAMOND,USGS CRC,"TC, TOC, HAWK, ICP",AGAT,E221104-022,10797,,,Green River,Lower Black Shale,2.79,BRL,,,,,2.7,7.5,0.89,1,1.3,0.08,0.04,25.6,0.2,BRL,BRL,49,134,BRL,0.1,BRL,34.8,3.2,42,1.4,20,3.51,2.01,0.7,6,3.43,1,9,0.69,BRL,17.1,27,0.33,477,BRL,14,18,10,9,4.51,31.7,BRL,0.3,BRL,BRL,3.6,4,142,BRL,0.53,BRL,5.2,BRL,0.3,1.87,25,BRL,20.1,2.1,27,341,,,,,,,,,,,,,,,,,,,,,,,,,,
26,43013300300000,40.4002,-110.0349,CHEVRON OIL 1 CHASEL UNIT FLYING DIAMOND,USGS CRC,"TC, TOC, HAWK, ICP",AGAT,E221104-023,10799,,,Green River,Lower Black Shale,2.53,BRL,,,,,2.72,6.7,1.01,1,1.35,0.09,0.04,29.5,0.19,BRL,BRL,47,176,BRL,BRL,0.2,31.2,3.8,44,1.7,13,2.72,1.6,0.63,6,3.05,1,7,0.58,BRL,16.2,31,0.29,418,BRL,8,15.9,10,10,3.98,33.8,BRL,0.3,BRL,BRL,3.2,3,118,BRL,0.46,BRL,4.7,BRL,0.24,1.81,24,BRL,16.3,1.6,43,255,,,,,,,,,,,,,,,,,,,,,,,,,,
26,43013300300000,40.4002,-110.0349,CHEVRON OIL 1 CHASEL UNIT FLYING DIAMOND,USGS CRC,"TC, TOC, HAWK, ICP",AGAT,E221104-024,10801,,,Green River,Lower Black Shale,2.27,BRL,,,,,3.17,5.8,1.13,1.2,1.57,0.1,0.02,29.2,0.22,BRL,BRL,51,191,BRL,BRL,BRL,33.2,4.4,52,1.8,16,3.02,1.83,0.71,7,3.11,1,7,0.61,BRL,17.4,27,0.29,404,BRL,7,16.8,14,9,4.32,40.1,BRL,0.3,BRL,BRL,3.4,2,110,0.5,0.49,BRL,5.4,BRL,0.27,1.93,29,BRL,17.7,1.9,32,279,,,,,,,,,,,,,,,,,,,,,,,,,,
26,43013300300000,40.4002,-110.0349,CHEVRON OIL 1 CHASEL UNIT FLYING DIAMOND,USGS CRC,"TC, TOC, HAWK, ICP",AGAT,E221104-025,10803,,,Green River,Lower Black Shale,2.22,BRL,,,,,4.43,5.4,1.6,1.7,2.04,0.1,0.06,27.9,0.29,BRL,BRL,73,191,BRL,0.1,0.3,41.8,6.4,53,2.7,36,3.7,2.17,0.88,9,3.81,1,7,0.71,BRL,21.3,35,0.36,424,BRL,8,20.4,18,15,5.18,57.2,BRL,0.4,6,BRL,4.1,2,121,0.6,0.6,BRL,6.5,BRL,0.29,2.57,44,1,20.9,2.1,63,251,,,,,,,,,,,,,,,,,,,,,,,,,,
26,43013300300000,40.4002,-110.0349,CHEVRON OIL 1 CHASEL UNIT FLYING DIAMOND,USGS CRC,"TC, TOC, HAWK, ICP",AGAT,E221104-026,10805,,,Green River,Lower Black Shale,1.82,BRL,,,,,2.24,4.5,0.88,0.7,1.24,0.09,0.03,ARL,0.16,BRL,BRL,43,641,BRL,BRL,BRL,24.8,3.5,53,1.2,14,2.13,1.38,0.52,5,2.32,BRL,9,0.44,BRL,13.6,22,0.26,320,5,6,12.2,28,7,3.14,25.1,BRL,0.3,BRL,BRL,2.4,2,106,BRL,0.35,BRL,4.3,BRL,0.21,2.43,20,BRL,12.7,1.5,26,341,,,,,,,,,,,,,,,,,,,,,,,,,,
26,43013300300000,40.4002,-110.0349,CHEVRON OIL 1 CHASEL UNIT FLYING DIAMOND,USGS CRC,"TC, TOC, HAWK, ICP",AGAT,E221104-027,10810,,,Green River,Lower Black Shale,1.17,BRL,,,,,6.86,2.3,2.94,2.9,2.6,0.12,0.03,ARL,0.41,BRL,BRL,103,265,BRL,0.4,1.1,68.8,13.6,83,5.8,39,5.43,3,1.45,17,6.01,2,6,1.06,BRL,34.8,56,0.44,320,BRL,13,33.9,36,128,8.53,107,BRL,0.5,12,BRL,6.9,4,122,1.1,0.92,BRL,10,0.6,0.42,7.33,86,1,30.1,2.9,95,230,,,,,,,,,,,,,,,,,,,,,,,,,,
26,43013300300000,40.4002,-110.0349,CHEVRON OIL 1 CHASEL UNIT FLYING DIAMOND,USGS CRC,"TC, TOC, HAWK, ICP",AGAT,E221104-028,10812,,,Green River,Lower Black Shale,2.34,BRL,,,,,3.75,5.8,1.39,1.5,1.83,0.08,0.02,ARL,0.25,BRL,BRL,64,177,BRL,0.1,0.3,38.9,5.4,47,2.2,11,3.55,2.15,0.8,8,3.72,1,7,0.68,BRL,20,29,0.32,446,BRL,8,19.3,16,10,4.95,50.4,BRL,0.3,5,BRL,4,2,115,0.6,0.58,BRL,6.2,BRL,0.29,2.81,38,BRL,19.6,2,40,248,,,,,,,,,,,,,,,,,,,,,,,,,,
26,43013300300000,40.4002,-110.0349,CHEVRON OIL 1 CHASEL UNIT FLYING DIAMOND,USGS CRC,"TC, TOC, HAWK, ICP",AGAT,E221104-029,10814,,,Green River,Lower Black Shale,2.23,BRL,,,,,5.07,5,2.37,2.2,2.45,0.09,0.03,27.3,0.33,BRL,BRL,74,200,BRL,0.2,0.2,53.3,10.4,57,4.2,26,4.48,2.59,1.06,13,4.74,1,6,0.89,BRL,26.8,41,0.37,473,BRL,10,25.9,26,13,6.55,81,BRL,0.4,8,BRL,5.4,3,122,0.8,0.75,BRL,8,BRL,0.37,2.51,61,1,25.3,2.5,62,227,,,,,,,,,,,,,,,,,,,,,,,,,,
26,43013300300000,40.4002,-110.0349,CHEVRON OIL 1 CHASEL UNIT FLYING DIAMOND,USGS CRC,"TC, TOC, HAWK, ICP",AGAT,E221104-030,10816,,,Green River,Lower Black Shale,2.25,BRL,,,,,5.11,5.1,1.79,2.2,2.22,0.08,0.06,28.3,0.34,BRL,10,89,186,BRL,0.1,0.6,54.3,8.8,59,3.7,31,4.92,2.86,1.18,12,5.49,1,6,0.99,BRL,27.2,35,0.42,462,BRL,11,27.7,25,13,6.88,79,BRL,0.6,9,BRL,6,3,129,0.9,0.82,BRL,8.1,BRL,0.4,6.34,59,1,28.4,2.8,59,214,,,,,,,,,,,,,,,,,,,,,,,,,,
26,43013300300000,40.4002,-110.0349,CHEVRON OIL 1 CHASEL UNIT FLYING DIAMOND,USGS CRC,"TC, TOC, HAWK, ICP",AGAT,E221104-031,10818,,,Green River,Lower Black Shale,BRL,BRL,,,,,4.85,0.4,2.51,2.3,0.94,0.06,BRL,ARL,0.29,BRL,BRL,78,474,BRL,BRL,BRL,44.1,7.6,45,3.9,23,3.5,2.06,0.86,11,3.67,2,7,0.69,BRL,22.1,36,0.31,97,BRL,9,19.9,25,12,5.59,79.8,BRL,0.7,7,BRL,4,2,91,0.7,0.57,BRL,7.1,BRL,0.32,1.94,52,1,18.7,1.9,48,228,,,,,,,,,,,,,,,,,,,,,,,,,,
26,43013300300000,40.4002,-110.0349,CHEVRON OIL 1 CHASEL UNIT FLYING DIAMOND,USGS CRC,"TC, TOC, HAWK, ICP",AGAT,E221104-032,10820,,,Green River,Lower Black Shale,2.01,BRL,,,,,3.5,5.5,1.4,1.5,1.25,0.09,BRL,20.3,0.22,BRL,BRL,58,157,BRL,BRL,0.3,37,4.9,31,2.8,10,3,2.05,0.74,7,3.32,1,7,0.69,BRL,19.6,27,0.35,350,BRL,4,18.1,11,9,4.83,50,BRL,0.4,BRL,BRL,3.4,BRL,97,0.5,0.52,BRL,5.9,BRL,0.3,2.25,34,2,19.5,2.1,38,275,,,,,,,,,,,,,,,,,,,,,,,,,,
26,43013300300000,40.4002,-110.0349,CHEVRON OIL 1 CHASEL UNIT FLYING DIAMOND,USGS CRC,"TC, TOC, HAWK, ICP",AGAT,E221104-033,10822.5,,,Green River,Lower Black Shale,2.31,BRL,,,,,2.86,5.2,1.09,1.3,1.29,0.09,BRL,16.2,0.16,BRL,BRL,47,152,BRL,BRL,0.2,29.2,4.4,24,2.1,11,2.41,1.49,0.62,6,2.41,BRL,4,0.5,BRL,15.2,23,0.23,346,BRL,3,14.6,9,8,3.84,47.8,BRL,0.2,BRL,BRL,2.9,BRL,86,BRL,0.41,BRL,4.3,BRL,0.23,1.67,33,BRL,14.2,1.5,80,134,,,,,,,,,,,,,,,,,,,,,,,,,,
26,43013300300000,40.4002,-110.0349,CHEVRON OIL 1 CHASEL UNIT FLYING DIAMOND,USGS CRC,"TC, TOC, HAWK, ICP",AGAT,E221104-034,10824,,,Green River,Lower Black Shale,2.58,BRL,,,,,4.5,6.9,1.91,1.9,2.02,0.11,0.02,17.7,0.27,BRL,BRL,67,200,BRL,BRL,0.3,44.1,7.1,43,3.3,15,3.77,2.25,0.94,10,3.91,1,5,0.82,BRL,23.2,34,0.33,499,BRL,5,22.3,16,13,5.71,65.6,BRL,0.4,6,BRL,4.5,BRL,119,0.6,0.64,BRL,6.7,BRL,0.34,2.37,49,1,22,2.3,47,179,,,,,,,,,,,,,,,,,,,,,,,,,,
26,43013300300000,40.4002,-110.0349,CHEVRON OIL 1 CHASEL UNIT FLYING DIAMOND,USGS CRC,"TC, TOC, HAWK, ICP",AGAT,E221104-035,10826,,,Green River,Lower Black Shale,BRL,BRL,,,,,6.13,0.3,2.92,2.7,1.29,0.05,BRL,ARL,0.37,BRL,BRL,89,423,BRL,BRL,BRL,56.1,9.4,59,5.5,26,3.86,2.83,0.95,15,3.82,2,7,0.94,BRL,29.7,45,0.41,142,BRL,12,26,26,15,7.02,98.1,BRL,0.7,10,BRL,4.8,2,102,1,0.7,BRL,9.1,0.6,0.41,2.41,66,1,22.9,2.8,79,238,,,,,,,,,,,,,,,,,,,,,,,,,,
26,43013300300000,40.4002,-110.0349,CHEVRON OIL 1 CHASEL UNIT FLYING DIAMOND,USGS CRC,"TC, TOC, HAWK, ICP",AGAT,E221104-036,10827.5,,,Green River,Lower Black Shale,2.38,BRL,,,,,4.95,4.6,2.71,2.2,3.01,0.11,0.03,25.2,0.29,BRL,BRL,74,354,BRL,0.1,0.3,45.8,8.5,41,4,19,3.79,2.41,0.98,12,3.97,1,6,0.82,BRL,24.7,38,0.37,484,BRL,8,22.6,18,18,5.86,77.3,BRL,0.7,7,1,4.6,1,135,0.7,0.62,BRL,7.2,BRL,0.37,2.51,58,1,22.4,2.4,57,197,,,,,,,,,,,,,,,,,,,,,,,,,,
26,43013300300000,40.4002,-110.0349,CHEVRON OIL 1 CHASEL UNIT FLYING DIAMOND,USGS CRC,"TC, TOC, HAWK, ICP",AGAT,E221104-037,11002,,,Green River,Lower Black Shale,2.03,BRL,,,,,1.35,5.2,0.36,0.7,0.38,0.02,0.03,26.4,0.09,BRL,BRL,32,110,BRL,BRL,BRL,14.1,1.2,10,0.4,BRL,1.01,0.76,0.31,3,1.17,BRL,4,0.25,BRL,7.2,12,0.14,260,BRL,2,6.6,BRL,BRL,1.73,22.1,BRL,0.2,BRL,BRL,1.3,BRL,63,BRL,0.18,BRL,2.1,BRL,0.13,0.83,11,BRL,6.5,0.8,16,138,,,,,,,,,,,,,,,,,,,,,,,,,,
26,43013300300000,40.4002,-110.0349,CHEVRON OIL 1 CHASEL UNIT FLYING DIAMOND,USGS CRC,"TC, TOC, HAWK, ICP",AGAT,E221104-038,11004,,,Green River,Lower Black Shale,1.6,BRL,,,,,1.98,4.6,0.54,1.1,0.45,0.02,0.16,23.6,0.11,BRL,BRL,41,180,BRL,BRL,0.3,17.5,1.8,17,0.9,BRL,1.42,0.95,0.37,4,1.34,BRL,4,0.33,BRL,9.2,16,0.16,260,BRL,2,8.1,BRL,8,2.17,33.8,BRL,0.3,BRL,BRL,1.6,BRL,58,BRL,0.23,BRL,2.4,BRL,0.16,0.99,13,BRL,8.6,1,21,156,,,,,,,,,,,,,,,,,,,,,,,,,,
26,43013300300000,40.4002,-110.0349,CHEVRON OIL 1 CHASEL UNIT FLYING DIAMOND,USGS CRC,"TC, TOC, HAWK, ICP",AGAT,E221104-039,11006,,,Green River,Lower Black Shale,BRL,BRL,,,,,3.68,0.2,1.15,1.8,0.62,0.04,0.46,ARL,0.18,BRL,8,73,161,BRL,BRL,BRL,32.7,3.7,26,2.1,BRL,2.19,1.47,0.63,9,2.58,1,6,0.48,BRL,17.7,25,0.23,34,BRL,5,15.8,14,10,4.34,56.1,BRL,0.5,BRL,BRL,2.9,BRL,60,0.5,0.39,BRL,5,BRL,0.22,1.59,42,BRL,12.7,1.4,27,213,,,,,,,,,,,,,,,,,,,,,,,,,,
26,43013300300000,40.4002,-110.0349,CHEVRON OIL 1 CHASEL UNIT FLYING DIAMOND,USGS CRC,"TC, TOC, HAWK, ICP",AGAT,E221104-040,11008,,,Green River,Lower Black Shale,1.95,BRL,,,,,0.6,6,0.24,0.2,0.13,BRL,BRL,ARL,0.04,BRL,BRL,22,107,BRL,BRL,BRL,10,0.7,16,BRL,BRL,0.76,0.52,0.18,1,0.83,BRL,3,0.18,BRL,5.7,BRL,0.1,266,BRL,BRL,4.4,5,BRL,1.16,6.4,BRL,0.2,BRL,BRL,0.8,BRL,56,BRL,0.12,BRL,1,BRL,0.07,0.63,BRL,BRL,5.2,0.5,8,129,,,,,,,,,,,,,,,,,,,,,,,,,,
26,43013300300000,40.4002,-110.0349,CHEVRON OIL 1 CHASEL UNIT FLYING DIAMOND,USGS CRC,"TC, TOC, HAWK, ICP",AGAT,E221104-041,11011,,,Green River,Lower Black Shale,1.04,0.52,1.8,1.71,0.28,444,1.38,1.4,0.41,0.4,0.42,0.03,0.06,26.7,0.05,BRL,BRL,26,836,BRL,BRL,0.3,15.8,1.5,BRL,0.8,BRL,1.18,0.75,0.37,3,1.51,BRL,2,0.24,BRL,8,14,0.1,86,4,1,8.1,BRL,7,2.16,12.4,BRL,0.3,BRL,BRL,1.8,BRL,59,BRL,0.23,BRL,1.9,BRL,0.1,1.62,12,BRL,6.5,0.7,23,64.3,,,,,,,,,,,,,,,,,,,,,,,,,,
26,43013300300000,40.4002,-110.0349,CHEVRON OIL 1 CHASEL UNIT FLYING DIAMOND,USGS CRC,"TC, TOC, HAWK, ICP",AGAT,E221104-042,11015.5,,,Green River,Lower Black Shale,0.59,0.33,,,,,1.37,0.8,0.5,0.4,0.36,BRL,0.18,ARL,0.05,BRL,5,32,633,BRL,BRL,BRL,11.2,1.2,12,0.2,BRL,0.88,0.67,0.23,3,0.89,1,4,0.19,BRL,6.1,20,0.13,61,5,1,5.8,6,BRL,1.51,12.5,BRL,0.2,BRL,BRL,1.2,BRL,43,BRL,0.16,BRL,1.5,BRL,0.1,0.97,10,BRL,5.4,0.8,16,121,,,,,,,,,,,,,,,,,,,,,,,,,,
26,43013300300000,40.4002,-110.0349,CHEVRON OIL 1 CHASEL UNIT FLYING DIAMOND,USGS CRC,"TC, TOC, HAWK, ICP",AGAT,E221104-043,11018,,,Green River,Lower Black Shale,0.88,0.27,,,,,1.4,1.6,0.44,0.5,0.39,0.02,0.03,ARL,0.07,BRL,7,35,268,BRL,BRL,BRL,13.4,1.4,BRL,0.6,BRL,1.1,0.72,0.37,3,1.18,1,2,0.24,BRL,6.9,18,0.11,119,5,2,6.8,7,7,1.72,16.4,BRL,0.3,BRL,BRL,1.4,BRL,40,BRL,0.21,BRL,1.7,BRL,0.11,0.83,10,BRL,6.4,0.7,12,74,,,,,,,,,,,,,,,,,,,,,,,,,,
26,43013300300000,40.4002,-110.0349,CHEVRON OIL 1 CHASEL UNIT FLYING DIAMOND,USGS CRC,"TC, TOC, HAWK, ICP",AGAT,E221104-044,11019,,,Green River,Lower Black Shale,0.83,BRL,,,,,2.17,2.2,0.63,1.1,0.54,0.03,0.12,ARL,0.12,BRL,BRL,43,205,BRL,BRL,0.2,21.5,1.8,12,1.5,BRL,1.61,1.06,0.47,5,1.87,1,4,0.36,BRL,11.2,19,0.16,136,BRL,3,10.5,11,9,2.84,36.5,BRL,0.2,BRL,BRL,2,BRL,62,BRL,0.31,BRL,3.1,BRL,0.18,1.48,29,BRL,9.9,1.2,29,140,,,,,,,,,,,,,,,,,,,,,,,,,,
26,43013300300000,40.4002,-110.0349,CHEVRON OIL 1 CHASEL UNIT FLYING DIAMOND,USGS CRC,"TC, TOC, HAWK, ICP",AGAT,E221104-045,11021,,,Green River,Lower Black Shale,1.41,BRL,,,,,0.64,3.5,0.33,0.2,0.15,0.01,0.13,27.8,0.03,BRL,BRL,18,1630,BRL,BRL,BRL,7.9,0.9,BRL,0.2,BRL,0.61,0.39,0.18,1,0.69,BRL,BRL,0.13,BRL,3.9,19,0.06,182,BRL,2,4.2,BRL,6,1.06,8.4,BRL,0.1,BRL,BRL,0.8,BRL,102,BRL,0.11,BRL,0.9,BRL,0.05,0.35,5,BRL,3.9,0.3,6,22.1,,,,,,,,,,,,,,,,,,,,,,,,,,
26,43013300300000,40.4002,-110.0349,CHEVRON OIL 1 CHASEL UNIT FLYING DIAMOND,USGS CRC,"TC, TOC, HAWK, ICP",AGAT,E221104-046,11023,,,Green River,Lower Black Shale,0.79,0.24,,,,,1.67,1.5,0.57,0.6,0.41,0.02,0.08,ARL,0.11,BRL,BRL,47,607,BRL,BRL,BRL,19.7,1.7,14,0.5,BRL,1.42,1.02,0.33,4,1.42,1,6,0.31,BRL,10.3,17,0.18,107,BRL,3,9.3,8,6,2.49,19.2,BRL,0.3,BRL,BRL,1.9,BRL,53,BRL,0.24,BRL,2.8,BRL,0.16,1.1,13,BRL,8.3,1,13,230,,,,,,,,,,,,,,,,,,,,,,,,,,
26,43013300300000,40.4002,-110.0349,CHEVRON OIL 1 CHASEL UNIT FLYING DIAMOND,USGS CRC,"TC, TOC, HAWK, ICP",AGAT,E221104-047,11024.5,,,Green River,Lower Black Shale,2.83,BRL,,,,,1.29,9.1,0.45,0.5,0.32,0.01,0.08,22.6,0.09,BRL,BRL,35,1194,BRL,BRL,BRL,14.6,1.2,11,0.3,BRL,1.29,0.95,0.35,3,1.44,BRL,6,0.31,BRL,7.6,11,0.18,448,BRL,2,6.9,BRL,7,1.87,16.2,BRL,0.2,BRL,BRL,1.5,BRL,140,BRL,0.23,BRL,2,BRL,0.13,0.92,9,BRL,8.6,1,12,225,,,,,,,,,,,,,,,,,,,,,,,,,,
26,43013300300000,40.4002,-110.0349,CHEVRON OIL 1 CHASEL UNIT FLYING DIAMOND,USGS CRC,"TC, TOC, HAWK, ICP",AGAT,E221104-048,11027,,,Green River,Lower Black Shale,0.57,BRL,,,,,4.89,1.2,1.22,2.4,1.13,0.05,0.18,ARL,0.3,BRL,9,92,241,BRL,0.2,0.4,46.4,5.6,32,2.9,13,3.26,2.28,0.8,11,3.35,1,6,0.77,BRL,24.3,32,0.34,127,BRL,8,21.1,16,14,5.75,82.1,BRL,0.8,6,BRL,4.1,1,88,0.7,0.58,BRL,7.5,0.5,0.34,2.18,52,1,19.3,2.3,51,207,,,,,,,,,,,,,,,,,,,,,,,,,,
26,43013300300000,40.4002,-110.0349,CHEVRON OIL 1 CHASEL UNIT FLYING DIAMOND,USGS CRC,"TC, TOC, HAWK, ICP",AGAT,E221104-049,11030,,,Green River,Lower Black Shale,2.44,BRL,,,,,0.37,7.9,0.13,0.1,0.1,BRL,0.01,27.8,0.02,BRL,BRL,15,118,BRL,BRL,BRL,6.1,BRL,BRL,BRL,BRL,0.49,0.36,0.14,BRL,0.59,BRL,BRL,0.11,BRL,3.2,BRL,0.05,317,BRL,BRL,3.1,BRL,BRL,0.82,4.2,BRL,0.1,BRL,BRL,0.6,BRL,76,BRL,0.08,BRL,0.7,BRL,BRL,0.34,BRL,BRL,3.4,0.3,7,28.6,,,,,,,,,,,,,,,,,,,,,,,,,,
26,43013300300000,40.4002,-110.0349,CHEVRON OIL 1 CHASEL UNIT FLYING DIAMOND,USGS CRC,"TC, TOC, HAWK, ICP",AGAT,E221105-001,11034,,,Green River,Lower Black Shale,1.3,BRL,,,,,2.95,3.6,0.92,1.5,0.88,0.03,0.11,27.1,0.15,BRL,BRL,50,183,BRL,BRL,0.9,25.2,3,12,1.4,63,2.2,1.37,0.58,6,2.3,1,3,0.43,BRL,13.1,22,0.21,267,BRL,3,12.7,9,9,3.28,51.9,BRL,0.3,BRL,BRL,2.7,BRL,83,BRL,0.36,BRL,3.8,BRL,0.2,1.23,28,1,12.5,1.3,68,120,,,,,,,,,,,,,,,,,,,,,,,,,,
26,43013300300000,40.4002,-110.0349,CHEVRON OIL 1 CHASEL UNIT FLYING DIAMOND,USGS CRC,"TC, TOC, HAWK, ICP",AGAT,E221105-002,11039,,,Green River,Lower Black Shale,1.61,BRL,,,,,2.45,4.6,0.73,1.2,0.74,0.03,0.04,28.8,0.15,BRL,BRL,45,177,BRL,BRL,0.3,25.4,2.4,12,1,46,2.07,1.38,0.64,5,2.54,1,4,0.44,BRL,12.4,24,0.19,326,BRL,4,12.9,8,9,3.34,41,BRL,0.5,BRL,BRL,2.6,BRL,90,BRL,0.38,BRL,3.5,BRL,0.21,1.31,22,1,12.3,1.3,43,136,,,,,,,,,,,,,,,,,,,,,,,,,,
26,43013300300000,40.4002,-110.0349,CHEVRON OIL 1 CHASEL UNIT FLYING DIAMOND,USGS CRC,"TC, TOC, HAWK, ICP",AGAT,E221105-003,11043,,,Green River,Lower Black Shale,1.47,BRL,,,,,2.83,4.5,1.09,1.6,0.7,0.03,0.24,28.7,0.13,BRL,BRL,52,185,BRL,BRL,BRL,26.2,3.9,13,1.7,129,2.25,1.36,0.68,6,2.25,1,3,0.47,BRL,13.4,18,0.18,318,BRL,4,13.5,9,7,3.34,53.3,BRL,0.4,BRL,BRL,2.9,BRL,89,BRL,0.38,BRL,3.5,BRL,0.2,1.19,26,BRL,13.4,1.3,97,86.4,,,,,,,,,,,,,,,,,,,,,,,,,,
26,43013300300000,40.4002,-110.0349,CHEVRON OIL 1 CHASEL UNIT FLYING DIAMOND,USGS CRC,"TC, TOC, HAWK, ICP",AGAT,E221105-004,11046,,,Green River,Lower Black Shale,1.45,BRL,,,,,6.84,2.7,3.07,3.5,2.56,0.04,0.02,24.8,0.31,BRL,BRL,105,241,BRL,0.5,BRL,60.1,9.3,37,5.9,37,4.37,2.65,1.36,16,5.32,2,5,0.95,BRL,30.7,32,0.39,676,BRL,8,30.1,22,21,7.81,121,BRL,0.6,9,BRL,6.1,2,143,0.8,0.8,BRL,9,0.8,0.39,2.31,73,1,25.4,2.5,71,150,,,,,,,,,,,,,,,,,,,,,,,,,,
26,43013300300000,40.4002,-110.0349,CHEVRON OIL 1 CHASEL UNIT FLYING DIAMOND,USGS CRC,"TC, TOC, HAWK, ICP",AGAT,E221105-005,11050,,,Green River,Uteland Butte,0.8,BRL,,,,,3.17,2.4,1.19,1.6,0.66,0.06,0.49,25.1,0.17,BRL,9,62,178,BRL,BRL,BRL,33.1,4.3,19,1.8,54,2.79,1.65,0.85,7,3.4,1,5,0.6,BRL,17,19,0.25,177,BRL,4,17,13,11,4.37,55.8,BRL,0.5,BRL,BRL,3.7,BRL,74,BRL,0.5,BRL,4.5,BRL,0.26,1.62,31,2,16.4,1.6,51,159,,,,,,,,,,,,,,,,,,,,,,,,,,
26,43013300300000,40.4002,-110.0349,CHEVRON OIL 1 CHASEL UNIT FLYING DIAMOND,USGS CRC,"TC, TOC, HAWK, ICP",AGAT,E221105-006,11054,,,Green River,Uteland Butte,2.19,BRL,,,,,0.66,7.7,0.27,0.2,0.13,0.01,BRL,29.1,0.03,BRL,BRL,20,53,BRL,BRL,BRL,6.7,0.8,BRL,0.4,56,0.51,0.33,0.1,1,0.42,BRL,2,0.11,BRL,3.6,BRL,0.06,357,BRL,BRL,3,BRL,BRL,0.83,6.7,BRL,0.1,BRL,BRL,0.6,BRL,79,BRL,0.08,BRL,0.9,BRL,0.06,0.36,BRL,1,3.3,0.3,42,64.4,,,,,,,,,,,,,,,,,,,,,,,,,,
27,43013300300000,40.4002,-110.0349,CHEVRON OIL 1 CHASEL UNIT FLYING DIAMOND,USGS CRC,"TC, TOC, HAWK, ICP",AGAT,E221105-007,11058,,,Green River,Uteland Butte,3.4,BRL,,,,,0.41,11.5,0.26,BRL,0.1,BRL,0.02,28.1,0.02,BRL,BRL,14,1879,BRL,BRL,0.2,5.9,0.6,BRL,BRL,69,0.54,0.41,0.12,BRL,0.56,BRL,1,0.12,BRL,3,BRL,BRL,710,BRL,BRL,2.8,BRL,BRL,0.74,3.2,BRL,0.1,BRL,BRL,0.6,BRL,161,BRL,0.1,BRL,0.7,BRL,BRL,0.29,BRL,BRL,4,0.4,37,51,,,,,,,,,,,,,,,,,,,,,,,,,,
27,43013300300000,40.4002,-110.0349,CHEVRON OIL 1 CHASEL UNIT FLYING DIAMOND,USGS CRC,"TC, TOC, HAWK, ICP",AGAT,E221105-008,11061,,,Green River,Uteland Butte,1.37,BRL,,,,,2.75,4.4,0.79,1.4,0.57,0.03,BRL,ARL,0.13,BRL,BRL,48,178,BRL,BRL,BRL,25.5,3.1,19,1.5,53,1.96,1.23,0.59,6,2.29,1,3,0.44,BRL,12.9,23,0.18,356,BRL,4,12.5,10,20,3.27,47.3,BRL,0.3,BRL,BRL,2.6,BRL,92,BRL,0.35,BRL,3.5,BRL,0.17,1.26,24,BRL,11.6,1.1,45,97.9,,,,,,,,,,,,,,,,,,,,,,,,,,
27,43013300300000,40.4002,-110.0349,CHEVRON OIL 1 CHASEL UNIT FLYING DIAMOND,USGS CRC,"TC, TOC, HAWK, ICP",AGAT,E221105-009,11063,,,Green River,Uteland Butte,BRL,BRL,,,,,5.4,0.4,2.16,2.8,0.86,0.04,BRL,ARL,0.27,BRL,BRL,90,234,BRL,0.2,BRL,42.1,5.6,30,4.6,30,2.59,1.82,0.78,12,2.95,2,5,0.56,BRL,21.9,29,0.27,64,BRL,9,19,18,11,5.22,98.2,BRL,0.5,6,BRL,3.4,2,88,0.7,0.48,BRL,7.3,0.6,0.28,1.68,59,1,15.4,1.9,45,162,,,,,,,,,,,,,,,,,,,,,,,,,,
27,43013300300000,40.4002,-110.0349,CHEVRON OIL 1 CHASEL UNIT FLYING DIAMOND,USGS CRC,"TC, TOC, HAWK, ICP",AGAT,E221105-010,11065,,,Green River,Uteland Butte,0.86,BRL,,,,,2.7,2.4,1.07,1.3,0.74,0.03,0.03,ARL,0.15,BRL,BRL,51,1808,BRL,BRL,BRL,25.4,4.3,17,1.8,37,2.01,1.23,0.7,6,2.48,1,4,0.4,BRL,12.6,22,0.18,254,BRL,5,12.8,11,9,3.2,44.8,BRL,0.3,BRL,BRL,2.8,BRL,103,BRL,0.39,BRL,3.7,BRL,0.2,1.01,24,BRL,11.8,1.2,47,149,,,,,,,,,,,,,,,,,,,,,,,,,,
27,43013300300000,40.4002,-110.0349,CHEVRON OIL 1 CHASEL UNIT FLYING DIAMOND,USGS CRC,"TC, TOC, HAWK, ICP",AGAT,E221105-011,11065.3,,,Green River,Uteland Butte,6.65,0.69,0.52,2.1,0.25,441,4.57,12.8,2,1.8,5.44,0.05,0.75,14.5,0.21,BRL,5,75,405,BRL,BRL,0.4,37.3,5.1,27,4.9,BRL,2.56,1.57,0.66,11,3,BRL,2,0.56,BRL,20.5,67,0.24,416,BRL,7,17.7,10,9,4.77,75.1,BRL,0.9,7,BRL,3.2,1,636,0.6,0.45,BRL,6.2,0.5,0.23,2.74,86,1,15.2,1.5,74,76,,,,,,,,,,,,,,,,,,,,,,,,,,
27,43013300300000,40.4002,-110.0349,CHEVRON OIL 1 CHASEL UNIT FLYING DIAMOND,USGS CRC,"TC, TOC, HAWK, ICP",AGAT,E221105-012,11065.6,,,Green River,Uteland Butte,4.04,1,0.72,3.13,2.39,443,6.39,8.4,2.49,2.5,2.42,0.06,1.37,20.6,0.3,BRL,10,123,377,BRL,0.1,0.5,50.9,7.7,49,7.5,21,3.01,1.93,0.78,16,3.29,1,3,0.68,BRL,28.3,94,0.3,298,BRL,10,23,23,16,6.41,111,BRL,1,9,BRL,4.1,2,449,0.8,0.52,BRL,8.5,0.9,0.3,2.84,115,1,17.5,1.9,87,103,,,,,,,,,,,,,,,,,,,,,,,,,,
27,43013300300000,40.4002,-110.0349,CHEVRON OIL 1 CHASEL UNIT FLYING DIAMOND,USGS CRC,"TC, TOC, HAWK, ICP",AGAT,E221105-013,11065.9,,,Green River,Uteland Butte,4.25,0.92,0.34,2.04,0.28,446,5.78,7.5,2.88,2,3.42,0.08,1.65,21.7,0.34,BRL,16,79,608,BRL,0.1,0.6,51.1,11.1,46,5.2,80,3.79,2.27,0.9,14,3.7,1,4,0.81,BRL,27,83,0.35,527,3,11,24.4,23,22,6.41,87,BRL,1.3,9,BRL,4.6,2,342,0.9,0.61,BRL,8.1,0.7,0.34,3.12,77,1,21,2.3,166,118,,,,,,,,,,,,,,,,,,,,,,,,,,
27,43013300300000,40.4002,-110.0349,CHEVRON OIL 1 CHASEL UNIT FLYING DIAMOND,USGS CRC,"TC, TOC, HAWK, ICP",AGAT,E221105-014,11070,,,Green River,Uteland Butte,BRL,BRL,,,,,4.56,0.5,2.24,2.5,0.74,0.03,BRL,ARL,0.24,BRL,BRL,76,448,BRL,BRL,BRL,43.4,6.8,26,3.5,46,2.95,1.97,0.76,10,3.27,1,5,0.68,BRL,22.8,23,0.31,79,BRL,7,19.3,20,12,5.25,84.1,BRL,0.6,6,BRL,3.6,1,81,0.6,0.53,BRL,6.5,0.6,0.3,1.37,46,BRL,16.9,1.9,58,160,,,,,,,,,,,,,,,,,,,,,,,,,,
27,43013300300000,40.4002,-110.0349,CHEVRON OIL 1 CHASEL UNIT FLYING DIAMOND,USGS CRC,"TC, TOC, HAWK, ICP",AGAT,E221105-015,11074,,,Green River,Uteland Butte,BRL,BRL,,,,,2.81,0.4,0.8,1.5,0.42,0.02,BRL,ARL,0.12,BRL,BRL,50,504,BRL,BRL,BRL,21,2.7,13,2.2,93,1.41,0.88,0.4,6,1.75,1,3,0.3,BRL,10.9,19,0.14,41,BRL,4,10.1,12,5,2.65,51.4,BRL,0.2,BRL,BRL,2,BRL,58,BRL,0.27,BRL,3.7,BRL,0.14,1.1,28,BRL,7.8,1,72,83.1,,,,,,,,,,,,,,,,,,,,,,,,,,
27,43013300300000,40.4002,-110.0349,CHEVRON OIL 1 CHASEL UNIT FLYING DIAMOND,USGS CRC,"TC, TOC, HAWK, ICP",AGAT,E221105-016,11076,,,Green River,Uteland Butte,2.56,BRL,,,,,5.91,6.2,3.21,2.7,2.98,0.08,0.03,19.8,0.35,BRL,6,84,242,BRL,0.1,BRL,54.2,11.4,51,5.5,42,3.86,2.64,1.09,14,4.61,1,5,0.86,BRL,28.3,44,0.35,700,BRL,7,26.1,23,19,6.85,99.6,BRL,0.8,10,BRL,5.1,2,141,0.7,0.69,BRL,8.4,0.6,0.38,2.38,80,1,23.1,2.5,80,164,,,,,,,,,,,,,,,,,,,,,,,,,,
27,43013300300000,40.4002,-110.0349,CHEVRON OIL 1 CHASEL UNIT FLYING DIAMOND,USGS CRC,"TC, TOC, HAWK, ICP",AGAT,E221105-017,11080,,,Green River,Uteland Butte,1.09,BRL,,,,,2.22,3.3,0.63,1.1,0.49,0.02,0.01,30,0.12,BRL,BRL,43,1348,BRL,BRL,BRL,21.7,2.6,12,1.4,177,1.71,1.12,0.47,5,1.88,1,4,0.37,BRL,11.1,18,0.15,284,BRL,3,10.4,7,5,2.86,35.9,BRL,0.2,BRL,BRL,2,BRL,95,BRL,0.29,BRL,2.9,BRL,0.17,0.98,19,BRL,10,1.1,110,144,,,,,,,,,,,,,,,,,,,,,,,,,,
27,43013300300000,40.4002,-110.0349,CHEVRON OIL 1 CHASEL UNIT FLYING DIAMOND,USGS CRC,"TC, TOC, HAWK, ICP",AGAT,E221105-018,11084.5,,,Green River,Uteland Butte,0.74,BRL,,,,,1.84,2.2,0.41,0.7,0.42,0.02,BRL,ARL,0.1,BRL,BRL,38,268,BRL,BRL,BRL,14.6,1.8,10,0.4,71,1.24,0.82,0.33,3,1.15,1,3,0.25,BRL,7.5,18,0.13,211,BRL,4,7.4,7,BRL,1.89,23.1,BRL,0.2,BRL,BRL,1.5,BRL,53,BRL,0.2,BRL,2,BRL,0.14,0.73,12,BRL,7.1,0.8,40,104,,,,,,,,,,,,,,,,,,,,,,,,,,
27,43013300300000,40.4002,-110.0349,CHEVRON OIL 1 CHASEL UNIT FLYING DIAMOND,USGS CRC,"TC, TOC, HAWK, ICP",AGAT,E221105-019,11088,,,Green River,Uteland Butte,BRL,BRL,,,,,9.08,0.3,4.96,4.3,1.84,0.06,BRL,27.4,0.49,BRL,8,128,287,BRL,0.3,BRL,84.1,15.9,63,8.1,71,6.48,3.8,2.21,21,8.48,2,6,1.34,BRL,41.6,53,0.51,184,BRL,14,43.8,37,25,10.98,155,BRL,1.2,14,BRL,10,3,132,1.2,1.17,BRL,12,0.9,0.54,2.67,105,2,33.1,3.5,106,180,,,,,,,,,,,,,,,,,,,,,,,,,,
27,43013300300000,40.4002,-110.0349,CHEVRON OIL 1 CHASEL UNIT FLYING DIAMOND,USGS CRC,"TC, TOC, HAWK, ICP",AGAT,E221105-020,11089,,,Green River,Uteland Butte,BRL,BRL,,,,,8.41,0.2,3.96,4.3,1.33,0.02,BRL,27.4,0.39,BRL,8,130,236,BRL,0.2,BRL,73.5,10.2,51,7.4,25,4.35,2.96,1.14,19,4.32,2,5,0.94,BRL,39.5,35,0.43,79,BRL,10,32.7,30,19,9.04,152,BRL,1.1,11,BRL,5.5,2,132,0.9,0.73,BRL,11,1,0.4,2.12,88,1,23.8,2.8,77,165,,,,,,,,,,,,,,,,,,,,,,,,,,
27,43013300300000,40.4002,-110.0349,CHEVRON OIL 1 CHASEL UNIT FLYING DIAMOND,USGS CRC,"TC, TOC, HAWK, ICP",AGAT,E221105-021,11094,,,Green River,Uteland Butte,1.63,BRL,,,,,6.58,4.4,3.05,3.5,1.72,0.06,0.01,29.2,0.34,BRL,6,107,215,BRL,0.2,0.3,62.9,9.6,45,5.5,34,4.32,2.53,1.23,15,5.08,1,5,0.92,BRL,31.1,32,0.39,481,BRL,11,28.1,24,20,7.56,115,BRL,0.8,9,BRL,5.8,2,143,0.9,0.79,BRL,9.3,0.8,0.42,2.29,80,1,26.1,2.3,71,176,,,,,,,,,,,,,,,,,,,,,,,,,,
27,43013300300000,40.4002,-110.0349,CHEVRON OIL 1 CHASEL UNIT FLYING DIAMOND,USGS CRC,"TC, TOC, HAWK, ICP",AGAT,E221105-022,11098,,,Green River,Uteland Butte,1.21,BRL,,,,,1.9,3.9,0.49,1.1,0.36,0.02,BRL,ARL,0.1,BRL,BRL,39,570,BRL,BRL,BRL,14,2.2,13,1.1,115,1.15,0.76,0.29,4,1.05,1,4,0.23,BRL,7,22,0.12,375,BRL,3,6.2,12,7,1.68,33.4,BRL,0.3,BRL,BRL,1.2,BRL,87,BRL,0.18,BRL,2.1,BRL,0.12,0.74,11,BRL,7.1,0.7,60,154,,,,,,,,,,,,,,,,,,,,,,,,,,
27,43013300300000,40.4002,-110.0349,CHEVRON OIL 1 CHASEL UNIT FLYING DIAMOND,USGS CRC,"TC, TOC, HAWK, ICP",AGAT,E221105-023,11101,,,Green River,Uteland Butte,0.92,BRL,,,,,5.19,2.7,1.92,2.7,1.01,0.04,BRL,ARL,0.25,BRL,5,89,151,BRL,0.6,BRL,45,7.1,33,4.4,60,2.9,1.92,0.75,12,3.24,1,4,0.65,BRL,22.2,25,0.29,194,2,8,18.6,21,15,5.31,89.6,BRL,0.5,7,BRL,3.8,2,108,0.6,0.52,BRL,7.6,0.6,0.28,1.63,57,2,17,1.9,56,131,,,,,,,,,,,,,,,,,,,,,,,,,,
27,43013300300000,40.4002,-110.0349,CHEVRON OIL 1 CHASEL UNIT FLYING DIAMOND,USGS CRC,"TC, TOC, HAWK, ICP",AGAT,E221105-024,11104,,,Green River,Uteland Butte,1.99,BRL,,,,,2.43,6.2,0.68,1.4,0.52,0.04,BRL,ARL,0.12,BRL,BRL,51,171,BRL,BRL,0.5,26.6,2.6,14,1.7,127,1.94,1.13,0.57,5,2.18,1,4,0.43,BRL,12.8,15,0.17,475,BRL,4,12.2,10,15,3.18,44.8,BRL,0.3,BRL,BRL,2.6,BRL,92,BRL,0.33,BRL,3.1,BRL,0.17,1.21,22,BRL,11.4,1.1,83,143,,,,,,,,,,,,,,,,,,,,,,,,,,
27,43013300300000,40.4002,-110.0349,CHEVRON OIL 1 CHASEL UNIT FLYING DIAMOND,USGS CRC,"TC, TOC, HAWK, ICP",AGAT,E221105-025,11107.5,,,Green River,Uteland Butte,0.51,BRL,,,,,3.4,1.5,0.9,1.5,0.67,0.05,BRL,ARL,0.16,BRL,BRL,64,210,BRL,BRL,BRL,27.9,5.3,21,1.8,79,2.24,1.53,0.68,7,2.82,1,5,0.52,BRL,13.5,24,0.22,126,BRL,5,12.9,15,8,3.42,46.3,BRL,0.3,BRL,BRL,2.6,1,69,BRL,0.39,BRL,4.8,BRL,0.22,1.56,42,BRL,13.9,1.5,64,184,,,,,,,,,,,,,,,,,,,,,,,,,,
27,43013300300000,40.4002,-110.0349,CHEVRON OIL 1 CHASEL UNIT FLYING DIAMOND,USGS CRC,"TC, TOC, HAWK, ICP",AGAT,E221105-026,11110,,,Green River,Uteland Butte,BRL,BRL,,,,,3.79,0.2,1.55,2.1,0.48,0.02,BRL,ARL,0.18,BRL,BRL,74,210,BRL,BRL,BRL,31.1,3.3,19,2.9,65,1.78,1.22,0.5,9,1.61,1,5,0.43,BRL,16,17,0.23,29,BRL,6,12.7,12,13,3.68,68.3,BRL,0.5,BRL,BRL,2.3,BRL,71,BRL,0.29,BRL,5.3,0.5,0.21,1.17,36,BRL,10.5,1.5,49,185,,,,,,,,,,,,,,,,,,,,,,,,,,
27,43013300300000,40.4002,-110.0349,CHEVRON OIL 1 CHASEL UNIT FLYING DIAMOND,USGS CRC,"TC, TOC, HAWK, ICP",AGAT,E221105-027,11114,,,Green River,Uteland Butte,1.75,BRL,,,,,4.05,5.1,1.43,2.3,0.99,0.06,BRL,ARL,0.23,BRL,BRL,73,188,BRL,BRL,BRL,38.2,5.4,24,3.3,48,2.79,1.75,0.72,9,3,1,6,0.61,BRL,19.4,21,0.31,297,BRL,8,16.9,15,15,4.63,74.5,BRL,0.4,BRL,BRL,3.3,1,116,0.6,0.46,BRL,6.2,0.6,0.27,1.85,54,BRL,16.6,1.8,51,207,,,,,,,,,,,,,,,,,,,,,,,,,,
27,43013300300000,40.4002,-110.0349,CHEVRON OIL 1 CHASEL UNIT FLYING DIAMOND,USGS CRC,"TC, TOC, HAWK, ICP",AGAT,E221105-028,11117,,,Green River,Uteland Butte,1.87,BRL,,,,,0.98,6,0.31,0.3,0.22,0.05,BRL,ARL,0.04,BRL,BRL,27,220,BRL,BRL,BRL,8,1.4,BRL,0.3,65,0.65,0.4,0.17,2,0.59,BRL,3,0.15,BRL,4.2,11,0.08,422,BRL,1,3.3,9,6,0.93,8.4,BRL,0.2,BRL,BRL,0.7,BRL,78,BRL,0.1,BRL,1.1,BRL,0.06,2.24,8,BRL,3.7,0.5,36,123,,,,,,,,,,,,,,,,,,,,,,,,,,
27,43013300300000,40.4002,-110.0349,CHEVRON OIL 1 CHASEL UNIT FLYING DIAMOND,USGS CRC,"TC, TOC, HAWK, ICP",AGAT,E221105-029,11120.5,,,Green River,Uteland Butte,1.14,BRL,,,,,3.28,3.3,1.04,1.8,0.73,0.04,BRL,ARL,0.19,BRL,BRL,69,180,BRL,BRL,BRL,31.2,4.2,33,2.1,123,2.37,1.47,0.65,7,2.81,1,7,0.51,BRL,15.1,18,0.25,269,BRL,5,14.7,12,12,3.85,56.1,BRL,0.3,BRL,BRL,2.9,BRL,88,BRL,0.42,BRL,4.8,BRL,0.26,2.44,27,BRL,14.2,1.6,93,251,,,,,,,,,,,,,,,,,,,,,,,,,,
27,43013300300000,40.4002,-110.0349,CHEVRON OIL 1 CHASEL UNIT FLYING DIAMOND,USGS CRC,"TC, TOC, HAWK, ICP",AGAT,E221105-030,11123,,,Green River,Uteland Butte,1.55,BRL,,,,,2.41,4.7,0.76,1.3,0.62,0.03,BRL,ARL,0.14,BRL,BRL,52,165,BRL,BRL,BRL,21.7,3,19,1.5,20,1.67,1.1,0.41,5,1.64,1,7,0.38,BRL,11,18,0.2,327,BRL,5,9.6,11,9,2.58,40.6,BRL,0.2,BRL,BRL,1.9,BRL,87,BRL,0.27,BRL,3.2,BRL,0.19,1.26,19,1,10.7,1.1,29,245,,,,,,,,,,,,,,,,,,,,,,,,,,
27,43013300300000,40.4002,-110.0349,CHEVRON OIL 1 CHASEL UNIT FLYING DIAMOND,USGS CRC,"TC, TOC, HAWK, ICP",AGAT,E221105-031,11236,,,Green River,Uteland Butte,0.49,BRL,,,,,6.48,1.4,2.84,3.4,1.22,0.09,BRL,ARL,0.31,BRL,BRL,101,194,BRL,0.1,0.2,61.9,7.3,45,5.9,38,4.56,2.55,1.36,14,5.64,2,5,0.94,BRL,29.7,32,0.39,110,BRL,11,28.6,22,31,7.69,118,BRL,0.9,8,BRL,6.2,2,121,0.8,0.86,BRL,9.3,0.9,0.37,2.26,82,1,25.5,2.2,119,186,,,,,,,,,,,,,,,,,,,,,,,,,,
27,43013300300000,40.4002,-110.0349,CHEVRON OIL 1 CHASEL UNIT FLYING DIAMOND,USGS CRC,"TC, TOC, HAWK, ICP",AGAT,E221105-032,11129,,,Green River,Uteland Butte,1.36,BRL,,,,,0.66,4.4,0.33,0.2,0.16,0.02,BRL,ARL,0.02,BRL,BRL,23,209,BRL,BRL,BRL,7.7,1.1,10,0.3,22,0.64,0.37,0.18,1,0.71,1,1,0.13,BRL,3.7,BRL,0.06,341,BRL,BRL,3.7,7,6,0.94,5.2,BRL,BRL,BRL,BRL,0.8,BRL,56,BRL,0.12,BRL,0.9,BRL,0.07,0.59,BRL,BRL,4,0.4,29,49.6,,,,,,,,,,,,,,,,,,,,,,,,,,
27,43013300300000,40.4002,-110.0349,CHEVRON OIL 1 CHASEL UNIT FLYING DIAMOND,USGS CRC,"TC, TOC, HAWK, ICP",AGAT,E221105-033,11133,,,Green River,Uteland Butte,1.47,BRL,,,,,1.92,4.5,0.41,0.9,0.42,0.02,BRL,ARL,0.12,BRL,BRL,44,123,BRL,BRL,BRL,19.5,1.9,15,0.9,46,1.52,0.97,0.36,4,1.51,1,7,0.33,BRL,9.8,14,0.18,369,2,4,8.7,10,9,2.37,27.4,BRL,0.2,BRL,BRL,1.7,BRL,66,BRL,0.24,BRL,2.7,BRL,0.17,1.64,14,1,8.9,1.1,30,253,,,,,,,,,,,,,,,,,,,,,,,,,,
27,43013300300000,40.4002,-110.0349,CHEVRON OIL 1 CHASEL UNIT FLYING DIAMOND,USGS CRC,"TC, TOC, HAWK, ICP",AGAT,E221105-034,11136,,,Green River,Uteland Butte,1.28,BRL,,,,,1.67,4,0.45,0.5,0.43,0.02,0.13,ARL,0.1,BRL,BRL,45,6736,BRL,BRL,BRL,16.4,2.3,17,0.7,30,1.45,0.97,0.37,4,1.57,BRL,7,0.31,BRL,7.9,16,0.17,359,8,3,8,9,10,2.04,14,BRL,0.1,BRL,BRL,1.9,BRL,171,BRL,0.28,BRL,2.3,BRL,0.15,1.39,12,BRL,8.9,1,23,270,,,,,,,,,,,,,,,,,,,,,,,,,,
27,43013300300000,40.4002,-110.0349,CHEVRON OIL 1 CHASEL UNIT FLYING DIAMOND,USGS CRC,"TC, TOC, HAWK, ICP",AGAT,E221105-035,11139,,,Green River,Uteland Butte,2.18,BRL,,,,,1.57,7,0.39,0.9,0.33,0.03,BRL,ARL,0.07,BRL,BRL,33,196,BRL,BRL,0.2,17.4,2.1,11,0.8,BRL,1.67,0.96,0.43,3,1.76,BRL,2,0.34,BRL,8.2,15,0.14,551,BRL,2,8.2,11,6,2.2,26.5,BRL,0.2,BRL,BRL,1.7,BRL,90,BRL,0.27,BRL,1.8,BRL,0.14,1.09,13,BRL,10.5,0.8,14,73.7,,,,,,,,,,,,,,,,,,,,,,,,,,
27,43013300300000,40.4002,-110.0349,CHEVRON OIL 1 CHASEL UNIT FLYING DIAMOND,USGS CRC,"TC, TOC, HAWK, ICP",AGAT,E221105-036,11140,,,Green River,Uteland Butte,0.94,BRL,,,,,3.5,2.7,0.95,1.9,0.75,0.04,BRL,ARL,0.16,BRL,BRL,65,363,BRL,BRL,BRL,32,5,25,2.7,28,2.69,1.44,0.81,8,3.37,1,3,0.57,BRL,15.5,22,0.22,238,BRL,6,15.5,16,8,4.11,63.6,BRL,0.4,BRL,BRL,3.5,1,93,BRL,0.5,BRL,4.8,BRL,0.23,3.51,43,BRL,16,1.4,43,107,,,,,,,,,,,,,,,,,,,,,,,,,,
27,43013300300000,40.4002,-110.0349,CHEVRON OIL 1 CHASEL UNIT FLYING DIAMOND,USGS CRC,"TC, TOC, HAWK, ICP",AGAT,E221105-037,11144,,,Green River,Uteland Butte,BRL,BRL,,,,,6.82,0.4,3.08,3.7,1.03,0.02,BRL,ARL,0.32,BRL,6,111,244,BRL,0.2,BRL,55,7.4,42,5.8,18,3.68,2.11,0.92,16,3.67,2,5,0.78,BRL,27.6,30,0.35,80,BRL,11,23.6,25,18,6.58,131,BRL,0.9,9,BRL,4.3,2,112,0.8,0.57,BRL,8.9,0.8,0.33,1.77,73,1,20.9,2.2,64,167,,,,,,,,,,,,,,,,,,,,,,,,,,
27,43013300300000,40.4002,-110.0349,CHEVRON OIL 1 CHASEL UNIT FLYING DIAMOND,USGS CRC,"TC, TOC, HAWK, ICP",AGAT,E221105-038,11149,,,Green River,Uteland Butte,1.15,BRL,,,,,6.7,2.1,2.85,3.6,1.95,0.03,0.01,ARL,0.3,BRL,6,104,281,BRL,0.1,0.3,46.7,7.9,46,5.8,26,4.2,2.45,1.18,15,4.92,2,5,0.91,BRL,23.8,29,0.35,522,BRL,10,21.7,22,23,5.7,121,BRL,1,9,BRL,5,2,146,0.8,0.74,BRL,8.2,0.8,0.35,3.16,63,1,26.8,2.1,54,155,,,,,,,,,,,,,,,,,,,,,,,,,,
27,43013300300000,40.4002,-110.0349,CHEVRON OIL 1 CHASEL UNIT FLYING DIAMOND,USGS CRC,"TC, TOC, HAWK, ICP",AGAT,E221105-039,11153,,,Green River,Uteland Butte,1.46,BRL,,,,,,,,,,,,,,,,,,,,,,,,,,,,,,,,,,,,,,,,,,,,,,,,,,,,,,,,,,,,,,,,,,,,,,,,,,,,,,,,,,,,,,,,,,,
27,43013300300000,40.4002,-110.0349,CHEVRON OIL 1 CHASEL UNIT FLYING DIAMOND,USGS CRC,"TC, TOC, HAWK, ICP",AGAT,E221105-040,11156,,,Green River,Uteland Butte,2.41,BRL,,,,,6.43,5.7,3.05,3.1,2.64,0.11,0.02,26.8,0.39,BRL,5,95,240,BRL,BRL,BRL,65.9,11.8,48,5.5,61,5.23,2.97,1.45,15,6.07,2,7,1.1,BRL,32.5,42,0.45,642,BRL,13,31.4,24,15,8.25,103,BRL,0.6,10,BRL,6.8,2,144,0.9,0.89,BRL,9.5,0.7,0.46,2.46,74,1,29.1,2.8,79,234,,,,,,,,,,,,,,,,,,,,,,,,,,
27,43013300300000,40.4002,-110.0349,CHEVRON OIL 1 CHASEL UNIT FLYING DIAMOND,USGS CRC,"TC, TOC, HAWK, ICP",AGAT,E221105-041,11158.5,,,Green River,Uteland Butte,0.71,BRL,,,,,1.6,1.7,0.44,0.4,0.6,0.03,BRL,ARL,0.1,BRL,BRL,40,75,BRL,BRL,BRL,16.4,1.8,17,0.6,BRL,1.33,0.74,0.36,3,1.5,1,5,0.28,BRL,7.9,20,0.14,171,BRL,3,8,12,BRL,2.16,12.1,BRL,0.1,BRL,BRL,1.7,BRL,40,BRL,0.23,BRL,2,BRL,0.13,0.75,10,BRL,7.7,0.9,14,196,,,,,,,,,,,,,,,,,,,,,,,,,,
27,43013300300000,40.4002,-110.0349,CHEVRON OIL 1 CHASEL UNIT FLYING DIAMOND,USGS CRC,"TC, TOC, HAWK, ICP",AGAT,E221105-042,11162.5,,,Green River,Uteland Butte,1.14,BRL,,,,,0.65,3.1,0.28,0.2,0.48,0.04,BRL,ARL,0.03,BRL,BRL,24,89,BRL,BRL,BRL,13.1,0.9,11,0.3,BRL,0.91,0.47,0.24,1,1.12,BRL,2,0.2,BRL,6.4,11,0.07,207,BRL,1,6.3,8,BRL,1.66,5.3,BRL,BRL,BRL,BRL,1.2,BRL,36,BRL,0.15,BRL,1.1,BRL,0.07,0.51,6,BRL,5.3,0.5,BRL,64.4,,,,,,,,,,,,,,,,,,,,,,,,,,
27,43013300300000,40.4002,-110.0349,CHEVRON OIL 1 CHASEL UNIT FLYING DIAMOND,USGS CRC,"TC, TOC, HAWK, ICP",AGAT,E221105-043,11166,,,Green River,Uteland Butte,0.66,BRL,,,,,0.7,1.5,0.26,0.2,0.47,0.04,BRL,ARL,0.03,BRL,BRL,23,112,BRL,BRL,BRL,11.2,1,12,0.3,BRL,0.95,0.49,0.31,1,1.06,1,2,0.2,BRL,5.5,11,0.07,111,BRL,1,5.7,14,BRL,1.49,5.1,BRL,BRL,BRL,BRL,1.2,BRL,26,BRL,0.16,BRL,1.2,BRL,0.08,0.59,5,BRL,5.2,0.5,15,58.4,,,,,,,,,,,,,,,,,,,,,,,,,,
27,43013300300000,40.4002,-110.0349,CHEVRON OIL 1 CHASEL UNIT FLYING DIAMOND,USGS CRC,"TC, TOC, HAWK, ICP",AGAT,E221105-044,11170,,,Green River,Uteland Butte,0.8,BRL,,,,,0.7,2,0.34,0.2,0.51,0.03,BRL,ARL,0.03,BRL,BRL,25,282,BRL,BRL,BRL,11.8,1.1,20,0.3,BRL,0.79,0.52,0.24,2,1.03,BRL,2,0.19,BRL,6,BRL,0.07,141,BRL,1,5.8,10,BRL,1.56,5.8,BRL,0.1,BRL,BRL,1.2,BRL,33,BRL,0.17,BRL,1.2,BRL,0.09,0.64,6,BRL,5.4,0.6,6,67.2,,,,,,,,,,,,,,,,,,,,,,,,,,
27,43013300300000,40.4002,-110.0349,CHEVRON OIL 1 CHASEL UNIT FLYING DIAMOND,USGS CRC,"TC, TOC, HAWK, ICP",AGAT,E221105-045,11176,,,Green River,Uteland Butte,0.61,BRL,,,,,8.26,0.8,1.68,3.6,1.64,0.05,BRL,ARL,0.55,BRL,6,147,212,BRL,0.2,BRL,78.1,8.6,78,4.9,34,5.17,3.8,1.08,20,4.71,2,22,1.25,BRL,40.5,56,0.74,111,3,18,32,24,36,8.93,108,0.09,0.6,11,BRL,5.5,3,125,1.4,0.81,BRL,14,0.7,0.65,7.98,83,2,33,4.3,64,790,,,,,,,,,,,,,,,,,,,,,,,,,,
27,43013300300000,40.4002,-110.0349,CHEVRON OIL 1 CHASEL UNIT FLYING DIAMOND,USGS CRC,"TC, TOC, HAWK, ICP",AGAT,E221105-046,11179,,,Green River,Uteland Butte,0.65,BRL,,,,,3.99,1.7,0.92,1.7,0.87,0.02,BRL,ARL,0.18,BRL,BRL,63,350,BRL,BRL,BRL,36,4.4,29,2.3,37,2.44,1.46,0.81,9,2.95,1,5,0.54,BRL,17.5,35,0.23,145,BRL,9,16.8,22,79,4.46,54.8,0.06,0.2,BRL,BRL,3.6,3,75,BRL,0.44,BRL,5.1,BRL,0.24,2.39,40,2,13,1.4,45,158,,,,,,,,,,,,,,,,,,,,,,,,,,
27,43013300300000,40.4002,-110.0349,CHEVRON OIL 1 CHASEL UNIT FLYING DIAMOND,USGS CRC,"TC, TOC, HAWK, ICP",AGAT,E221105-047,11182.8,,,Green River,Uteland Butte,0.97,BRL,,,,,1.55,2.7,0.49,0.6,0.44,0.01,BRL,ARL,0.07,BRL,6,35,207,BRL,BRL,BRL,15.9,3.5,22,0.7,BRL,1.19,0.7,0.37,3,1.48,1,2,0.25,BRL,7.6,20,0.12,168,16,2,7.3,11,54,1.99,16.9,0.11,0.4,BRL,BRL,1.5,1,55,BRL,0.23,BRL,2.1,BRL,0.11,2.11,14,BRL,7,0.7,17,81.4,,,,,,,,,,,,,,,,,,,,,,,,,,
27,43013300300000,40.4002,-110.0349,CHEVRON OIL 1 CHASEL UNIT FLYING DIAMOND,USGS CRC,"TC, TOC, HAWK, ICP",AGAT,E221105-048,11185.5,,,Green River,Uteland Butte,0.86,BRL,,,,,2.44,1.8,0.68,1.1,0.93,0.03,BRL,ARL,0.13,BRL,BRL,51,407,BRL,BRL,BRL,20.9,3.1,19,1.1,41,1.52,1.1,0.41,6,1.63,1,5,0.36,BRL,10.1,19,0.2,191,8,5,9.2,17,11,2.5,31.9,BRL,0.3,BRL,BRL,1.6,1,101,0.6,0.27,BRL,3,BRL,0.18,1.42,19,1,9.1,1.1,32,177,,,,,,,,,,,,,,,,,,,,,,,,,,
27,43013300300000,40.4002,-110.0349,CHEVRON OIL 1 CHASEL UNIT FLYING DIAMOND,USGS CRC,"TC, TOC, HAWK, ICP",AGAT,E221105-049,11189,,,Green River,Uteland Butte,0.6,BRL,,,,,2.45,1.5,0.61,1,0.61,0.02,BRL,ARL,0.11,BRL,BRL,49,600,BRL,BRL,BRL,18.5,3.2,12,1,60,1.49,0.97,0.43,6,1.7,1,3,0.33,BRL,8.8,20,0.15,114,BRL,4,8.7,14,16,2.33,29.8,BRL,0.4,BRL,BRL,1.9,1,64,BRL,0.29,0.11,2.5,BRL,0.15,1.13,19,BRL,8.9,0.9,48,107,,,,,,,,,,,,,,,,,,,,,,,,,,
27,43013300300000,40.4002,-110.0349,CHEVRON OIL 1 CHASEL UNIT FLYING DIAMOND,USGS CRC,"TC, TOC, HAWK, ICP",AGAT,E221105-050,11191,,,Green River,Uteland Butte,BRL,BRL,,,,,7.78,0.3,2.15,4,1.18,0.08,BRL,ARL,0.36,BRL,BRL,130,203,BRL,0.1,BRL,75.2,7.4,50,6.2,89,5.44,2.83,1.83,18,7.26,2,6,1.09,BRL,35.5,37,0.4,59,BRL,12,35.6,26,38,9.26,131,BRL,0.7,10,BRL,7.5,3,122,0.9,1.06,BRL,9.9,0.8,0.43,2.21,71,1,29.1,2.6,56,205,,,,,,,,,,,,,,,,,,,,,,,,,,
27,43013300300000,40.4002,-110.0349,CHEVRON OIL 1 CHASEL UNIT FLYING DIAMOND,USGS CRC,"TC, TOC, HAWK, ICP",AGAT,E221105-051,11194,,,Green River,Uteland Butte,0.51,BRL,,,,,2.9,1.6,0.93,1.6,0.52,0.02,BRL,ARL,0.17,BRL,BRL,59,223,BRL,BRL,BRL,26.3,3.6,20,1.7,BRL,1.93,1.24,0.49,6,2.12,1,7,0.45,BRL,13.5,23,0.22,109,BRL,6,11.7,13,8,3.18,50.4,BRL,0.3,BRL,BRL,2.2,BRL,66,BRL,0.33,BRL,4.5,BRL,0.21,1.4,24,BRL,11.5,1.4,26,241,,,,,,,,,,,,,,,,,,,,,,,,,,
27,43013300300000,40.4002,-110.0349,CHEVRON OIL 1 CHASEL UNIT FLYING DIAMOND,USGS CRC,"TC, TOC, HAWK, ICP",AGAT,E221105-052,11198,,,Green River,Uteland Butte,1.49,BRL,,,,,1.92,4.5,0.52,0.8,0.53,0.02,BRL,ARL,0.11,BRL,BRL,44,179,BRL,BRL,BRL,16.5,2,14,0.8,BRL,1.33,0.91,0.36,4,1.4,BRL,6,0.3,BRL,8.2,17,0.18,291,BRL,4,7.1,12,10,2.01,24.9,BRL,0.2,BRL,BRL,1.4,1,71,BRL,0.22,BRL,2.4,BRL,0.16,1.1,13,1,8.5,1,16,204,,,,,,,,,,,,,,,,,,,,,,,,,,
27,43013300300000,40.4002,-110.0349,CHEVRON OIL 1 CHASEL UNIT FLYING DIAMOND,USGS CRC,"TC, TOC, HAWK, ICP",AGAT,E221105-053,11202,,,Green River,Uteland Butte,0.49,BRL,,,,,0.54,1.6,0.27,0.1,0.1,BRL,BRL,ARL,0.02,BRL,BRL,22,228,BRL,BRL,BRL,5.3,0.8,19,0.2,23,0.35,0.24,0.1,BRL,0.42,1,BRL,0.09,BRL,2.5,25,BRL,110,BRL,BRL,2.3,14,BRL,0.63,4.1,BRL,0.1,BRL,BRL,0.5,BRL,30,BRL,0.07,BRL,0.5,BRL,BRL,0.32,BRL,BRL,2.1,0.2,16,26.9,,,,,,,,,,,,,,,,,,,,,,,,,,
27,43013300300000,40.4002,-110.0349,CHEVRON OIL 1 CHASEL UNIT FLYING DIAMOND,USGS CRC,"TC, TOC, HAWK, ICP",AGAT,E221105-054,11204,,,Green River,Uteland Butte,0.95,BRL,,,,,9.12,2.5,3.57,4.6,2.06,0.16,0.01,27.7,0.38,BRL,6,138,208,BRL,0.2,BRL,81.8,10.5,66,8,42,5.77,3.04,1.75,21,7.27,2,4,1.2,BRL,39.9,49,0.46,236,BRL,13,37.4,35,21,9.83,158,BRL,0.7,12,BRL,7.8,3,183,0.9,1.06,BRL,12,1.1,0.47,2.71,109,1,32.8,2.8,84,140,,,,,,,,,,,,,,,,,,,,,,,,,,
27,43013300300000,40.4002,-110.0349,CHEVRON OIL 1 CHASEL UNIT FLYING DIAMOND,USGS CRC,"TC, TOC, HAWK, ICP",AGAT,E221105-055,11208,,,Green River,Uteland Butte,0.24,BRL,,,,,4.81,0.7,1.83,2.5,0.93,0.05,BRL,ARL,0.24,BRL,BRL,83,152,BRL,BRL,BRL,43.5,5.8,39,3.5,61,3.31,1.81,1,11,4.04,1,7,0.68,BRL,21,28,0.31,84,BRL,8,21.1,24,11,5.51,80.5,BRL,0.4,6,BRL,4.4,2,83,0.6,0.57,BRL,6.4,0.5,0.32,1.76,47,BRL,18.3,1.8,60,250,,,,,,,,,,,,,,,,,,,,,,,,,,
27,43013300300000,40.4002,-110.0349,CHEVRON OIL 1 CHASEL UNIT FLYING DIAMOND,USGS CRC,"TC, TOC, HAWK, ICP",AGAT,E221105-056,11211.5,,,Green River,Uteland Butte,0.83,BRL,,,,,2.08,2,0.87,0.6,0.89,0.08,BRL,ARL,0.12,BRL,BRL,45,78,BRL,BRL,BRL,21.5,3.5,29,0.9,49,1.61,1.1,0.41,5,1.56,1,7,0.36,BRL,11,21,0.18,201,BRL,4,9.2,12,BRL,2.59,20.2,BRL,0.2,BRL,BRL,1.9,BRL,49,BRL,0.29,BRL,3.1,BRL,0.19,3.51,20,BRL,10.6,1.2,43,274,,,,,,,,,,,,,,,,,,,,,,,,,,
27,43013300300000,40.4002,-110.0349,CHEVRON OIL 1 CHASEL UNIT FLYING DIAMOND,USGS CRC,"TC, TOC, HAWK, ICP",AGAT,E221105-057,11214,,,Green River,Uteland Butte,0.78,BRL,,,,,0.93,2.1,0.36,0.2,0.48,0.02,BRL,ARL,0.05,BRL,BRL,29,50,BRL,BRL,BRL,10.7,1.5,34,0.3,90,0.84,0.53,0.2,2,0.79,BRL,5,0.21,BRL,5.4,12,0.11,188,BRL,2,4.8,16,BRL,1.31,6.5,BRL,0.2,BRL,BRL,0.9,BRL,33,BRL,0.13,BRL,1.4,BRL,0.09,1.46,7,BRL,5.1,0.6,52,165,,,,,,,,,,,,,,,,,,,,,,,,,,
27,43013300300000,40.4002,-110.0349,CHEVRON OIL 1 CHASEL UNIT FLYING DIAMOND,USGS CRC,"TC, TOC, HAWK, ICP",AGAT,E221105-058,11218.5,,,Green River,Uteland Butte,0.59,BRL,,,,,1.06,1.5,0.33,0.2,0.47,0.03,BRL,ARL,0.06,BRL,BRL,33,65,BRL,BRL,BRL,11.1,1.5,16,0.3,81,0.9,0.64,0.23,2,0.91,BRL,6,0.21,BRL,5.5,12,0.13,131,BRL,2,5.1,12,BRL,1.35,6.4,BRL,0.2,BRL,BRL,1,BRL,29,BRL,0.14,BRL,1.5,BRL,0.11,0.88,7,BRL,5.6,0.7,88,214,,,,,,,,,,,,,,,,,,,,,,,,,,
27,43013300300000,40.4002,-110.0349,CHEVRON OIL 1 CHASEL UNIT FLYING DIAMOND,USGS CRC,"TC, TOC, HAWK, ICP",AGAT,E221105-059,11221.5,,,Green River,Uteland Butte,1.34,BRL,,,,,0.44,3.6,0.26,0.1,0.62,0.03,BRL,ARL,0.03,BRL,BRL,27,188,BRL,BRL,BRL,12.9,0.9,17,0.2,46,0.95,0.57,0.29,1,1.2,BRL,2,0.19,BRL,5.7,11,0.08,215,BRL,1,6.8,15,BRL,1.72,3.5,BRL,0.1,BRL,BRL,1.3,BRL,49,BRL,0.18,BRL,1.3,BRL,0.09,0.54,BRL,1,5.5,0.5,25,59.2,,,,,,,,,,,,,,,,,,,,,,,,,,
27,43013300360000,40.4068,-110.1386,2-8C LAMIQ URRUTY 1-8-A2,USGS CRC,"TC, TOC, HAWK",,E231006-001,10827,,,Green River,Douglas Creek,3.87,,,,,,,,,,,,,,,,,,,,,,,,,,,,,,,,,,,,,,,,,,,,,,,,,,,,,,,,,,,,,,,,,,,,,,,,,,,,,,,,,,,,,,,,,,,,
27,43013300360000,40.4068,-110.1386,2-8C LAMIQ URRUTY 1-8-A2,USGS CRC,"TC, TOC, HAWK",,E231006-002,10827.5,,,Green River,Douglas Creek,2.5,0.39,,,,,,,,,,,,,,,,,,,,,,,,,,,,,,,,,,,,,,,,,,,,,,,,,,,,,,,,,,,,,,,,,,,,,,,,,,,,,,,,,,,,,,,,,,,
27,43013300360000,40.4068,-110.1386,2-8C LAMIQ URRUTY 1-8-A2,USGS CRC,"TC, TOC, HAWK",,E231006-003,10830,,,Green River,Douglas Creek,2.68,0.57,0.07,0.68,0.33,439,,,,,,,,,,,,,,,,,,,,,,,,,,,,,,,,,,,,,,,,,,,,,,,,,,,,,,,,,,,,,,,,,,,,,,,,,,,,,,,,,,,,,,,
27,43013300360000,40.4068,-110.1386,2-8C LAMIQ URRUTY 1-8-A2,USGS CRC,"TC, TOC, HAWK",,E231006-004,10833,,,Green River,Douglas Creek,4.06,1.23,0.28,2.73,0.32,444,,,,,,,,,,,,,,,,,,,,,,,,,,,,,,,,,,,,,,,,,,,,,,,,,,,,,,,,,,,,,,,,,,,,,,,,,,,,,,,,,,,,,,,
27,43013300360000,40.4068,-110.1386,2-8C LAMIQ URRUTY 1-8-A2,USGS CRC,"TC, TOC, HAWK",,E231006-005,10836,,,Green River,Douglas Creek,5.29,0.32,,,,,,,,,,,,,,,,,,,,,,,,,,,,,,,,,,,,,,,,,,,,,,,,,,,,,,,,,,,,,,,,,,,,,,,,,,,,,,,,,,,,,,,,,,,
27,43013300360000,40.4068,-110.1386,2-8C LAMIQ URRUTY 1-8-A2,USGS CRC,"TC, TOC, HAWK",,E231006-006,10839,,,Green River,Douglas Creek,6.67,2.09,0.53,9.51,0.49,442,,,,,,,,,,,,,,,,,,,,,,,,,,,,,,,,,,,,,,,,,,,,,,,,,,,,,,,,,,,,,,,,,,,,,,,,,,,,,,,,,,,,,,,
27,43013300360000,40.4068,-110.1386,2-8C LAMIQ URRUTY 1-8-A2,USGS CRC,"TC, TOC, HAWK",,E231006-007,10842,,,Green River,Douglas Creek,5.86,2.53,0.44,8.52,0.33,444,,,,,,,,,,,,,,,,,,,,,,,,,,,,,,,,,,,,,,,,,,,,,,,,,,,,,,,,,,,,,,,,,,,,,,,,,,,,,,,,,,,,,,,
27,43013300360000,40.4068,-110.1386,2-8C LAMIQ URRUTY 1-8-A2,USGS CRC,"TC, TOC, HAWK",,E231006-008,10845,,,Green River,Douglas Creek,8.69,1.24,0.4,4.18,0.46,445,,,,,,,,,,,,,,,,,,,,,,,,,,,,,,,,,,,,,,,,,,,,,,,,,,,,,,,,,,,,,,,,,,,,,,,,,,,,,,,,,,,,,,,
27,43013300360000,40.4068,-110.1386,2-8C LAMIQ URRUTY 1-8-A2,USGS CRC,"TC, TOC, HAWK",,E231006-009,10848,,,Green River,Douglas Creek,3.66,0.52,0.45,0.87,0.35,440,,,,,,,,,,,,,,,,,,,,,,,,,,,,,,,,,,,,,,,,,,,,,,,,,,,,,,,,,,,,,,,,,,,,,,,,,,,,,,,,,,,,,,,
27,43013300360000,40.4068,-110.1386,2-8C LAMIQ URRUTY 1-8-A2,USGS CRC,"TC, TOC, HAWK",,E231006-010,10851,,,Green River,Douglas Creek,4.6,0.24,,,,,,,,,,,,,,,,,,,,,,,,,,,,,,,,,,,,,,,,,,,,,,,,,,,,,,,,,,,,,,,,,,,,,,,,,,,,,,,,,,,,,,,,,,,
27,43013300360000,40.4068,-110.1386,2-8C LAMIQ URRUTY 1-8-A2,USGS CRC,"TC, TOC, HAWK",,E231006-011,10854,,,Green River,Douglas Creek,2.71,0.52,0.31,0.88,0.27,441,,,,,,,,,,,,,,,,,,,,,,,,,,,,,,,,,,,,,,,,,,,,,,,,,,,,,,,,,,,,,,,,,,,,,,,,,,,,,,,,,,,,,,,
27,43013300360000,40.4068,-110.1386,2-8C LAMIQ URRUTY 1-8-A2,USGS CRC,"TC, TOC, HAWK",,E231006-012,10857,,,Green River,Douglas Creek,5.28,0.63,0.43,1.63,0.45,445,,,,,,,,,,,,,,,,,,,,,,,,,,,,,,,,,,,,,,,,,,,,,,,,,,,,,,,,,,,,,,,,,,,,,,,,,,,,,,,,,,,,,,,
27,43013300360000,40.4068,-110.1386,2-8C LAMIQ URRUTY 1-8-A2,USGS CRC,"TC, TOC, HAWK",,E231006-013,10860,,,Green River,Douglas Creek,7.38,0.42,,,,,,,,,,,,,,,,,,,,,,,,,,,,,,,,,,,,,,,,,,,,,,,,,,,,,,,,,,,,,,,,,,,,,,,,,,,,,,,,,,,,,,,,,,,
27,43013300360000,40.4068,-110.1386,2-8C LAMIQ URRUTY 1-8-A2,USGS CRC,"TC, TOC, HAWK",,E231006-014,10863,,,Green River,Douglas Creek,6.17,0.95,0.44,3.07,0.42,447,,,,,,,,,,,,,,,,,,,,,,,,,,,,,,,,,,,,,,,,,,,,,,,,,,,,,,,,,,,,,,,,,,,,,,,,,,,,,,,,,,,,,,,
27,43013300360000,40.4068,-110.1386,2-8C LAMIQ URRUTY 1-8-A2,USGS CRC,"TC, TOC, HAWK",,E231006-015,10866,,,Green River,Douglas Creek,4.34,,,,,,,,,,,,,,,,,,,,,,,,,,,,,,,,,,,,,,,,,,,,,,,,,,,,,,,,,,,,,,,,,,,,,,,,,,,,,,,,,,,,,,,,,,,,
27,43013300360000,40.4068,-110.1386,2-8C LAMIQ URRUTY 1-8-A2,USGS CRC,"TC, TOC, HAWK",,E231006-016,10869,,,Green River,Douglas Creek,3.64,,,,,,,,,,,,,,,,,,,,,,,,,,,,,,,,,,,,,,,,,,,,,,,,,,,,,,,,,,,,,,,,,,,,,,,,,,,,,,,,,,,,,,,,,,,,
27,43013300360000,40.4068,-110.1386,2-8C LAMIQ URRUTY 1-8-A2,USGS CRC,"TC, TOC, HAWK",,E231006-017,10872,,,Green River,Douglas Creek,3.22,0.36,,,,,,,,,,,,,,,,,,,,,,,,,,,,,,,,,,,,,,,,,,,,,,,,,,,,,,,,,,,,,,,,,,,,,,,,,,,,,,,,,,,,,,,,,,,
27,43013300360000,40.4068,-110.1386,2-8C LAMIQ URRUTY 1-8-A2,USGS CRC,"TC, TOC, HAWK",,E231006-018,10875,,,Green River,Douglas Creek,6.75,1.28,0.27,5.1,0.37,447,,,,,,,,,,,,,,,,,,,,,,,,,,,,,,,,,,,,,,,,,,,,,,,,,,,,,,,,,,,,,,,,,,,,,,,,,,,,,,,,,,,,,,,
27,43013300360000,40.4068,-110.1386,2-8C LAMIQ URRUTY 1-8-A2,USGS CRC,"TC, TOC, HAWK",,E231006-019,10878,,,Green River,Douglas Creek,6.26,0.93,0.61,3.63,0.37,444,,,,,,,,,,,,,,,,,,,,,,,,,,,,,,,,,,,,,,,,,,,,,,,,,,,,,,,,,,,,,,,,,,,,,,,,,,,,,,,,,,,,,,,
27,43013300360000,40.4068,-110.1386,2-8C LAMIQ URRUTY 1-8-A2,USGS CRC,"TC, TOC, HAWK",,E231006-020,10881,,,Green River,Douglas Creek,7,1.47,0.62,5.82,0.44,444,,,,,,,,,,,,,,,,,,,,,,,,,,,,,,,,,,,,,,,,,,,,,,,,,,,,,,,,,,,,,,,,,,,,,,,,,,,,,,,,,,,,,,,
27,43013300360000,40.4068,-110.1386,2-8C LAMIQ URRUTY 1-8-A2,USGS CRC,"TC, TOC, HAWK",,E231006-021,10884,,,Green River,Douglas Creek,5.42,0.42,,,,,,,,,,,,,,,,,,,,,,,,,,,,,,,,,,,,,,,,,,,,,,,,,,,,,,,,,,,,,,,,,,,,,,,,,,,,,,,,,,,,,,,,,,,
27,43013300360000,40.4068,-110.1386,2-8C LAMIQ URRUTY 1-8-A2,USGS CRC,"TC, TOC, HAWK",,E231006-022,10887,,,Green River,Douglas Creek,4.23,1.01,0.29,3.1,0.37,446,,,,,,,,,,,,,,,,,,,,,,,,,,,,,,,,,,,,,,,,,,,,,,,,,,,,,,,,,,,,,,,,,,,,,,,,,,,,,,,,,,,,,,,
27,43013300360000,40.4068,-110.1386,2-8C LAMIQ URRUTY 1-8-A2,USGS CRC,"TC, TOC, HAWK",,E231006-023,10890,,,Green River,Douglas Creek,4.99,0.64,0.16,1.75,0.22,441,,,,,,,,,,,,,,,,,,,,,,,,,,,,,,,,,,,,,,,,,,,,,,,,,,,,,,,,,,,,,,,,,,,,,,,,,,,,,,,,,,,,,,,
27,43013300360000,40.4068,-110.1386,2-8C LAMIQ URRUTY 1-8-A2,USGS CRC,"TC, TOC, HAWK",,E231006-024,10893,,,Green River,Douglas Creek,3.24,,,,,,,,,,,,,,,,,,,,,,,,,,,,,,,,,,,,,,,,,,,,,,,,,,,,,,,,,,,,,,,,,,,,,,,,,,,,,,,,,,,,,,,,,,,,
27,43013300360000,40.4068,-110.1386,2-8C LAMIQ URRUTY 1-8-A2,USGS CRC,"TC, TOC, HAWK",,E231006-025,10896,,,Green River,Douglas Creek,2.36,0.46,0.72,0.91,0.34,431,,,,,,,,,,,,,,,,,,,,,,,,,,,,,,,,,,,,,,,,,,,,,,,,,,,,,,,,,,,,,,,,,,,,,,,,,,,,,,,,,,,,,,,
27,43013300360000,40.4068,-110.1386,2-8C LAMIQ URRUTY 1-8-A2,USGS CRC,"TC, TOC, HAWK",,E231006-026,10897,,,Green River,Douglas Creek,2.65,0.3,,,,,,,,,,,,,,,,,,,,,,,,,,,,,,,,,,,,,,,,,,,,,,,,,,,,,,,,,,,,,,,,,,,,,,,,,,,,,,,,,,,,,,,,,,,
27,43013300360000,40.4068,-110.1386,2-8C LAMIQ URRUTY 1-8-A2,USGS CRC,"TC, TOC, HAWK",,E231006-027,10899,,,Green River,Douglas Creek,2.62,0.43,,,,,,,,,,,,,,,,,,,,,,,,,,,,,,,,,,,,,,,,,,,,,,,,,,,,,,,,,,,,,,,,,,,,,,,,,,,,,,,,,,,,,,,,,,,
27,43013300360000,40.4068,-110.1386,2-8C LAMIQ URRUTY 1-8-A2,USGS CRC,"TC, TOC, HAWK",,E231006-028,10900,,,Green River,Douglas Creek,5.07,1.44,0.48,3.97,0.42,444,,,,,,,,,,,,,,,,,,,,,,,,,,,,,,,,,,,,,,,,,,,,,,,,,,,,,,,,,,,,,,,,,,,,,,,,,,,,,,,,,,,,,,,
27,43013300360000,40.4068,-110.1386,2-8C LAMIQ URRUTY 1-8-A2,USGS CRC,"TC, TOC, HAWK",,E231006-029,10902,,,Green River,Douglas Creek,7.9,1.06,0.47,2.92,0.47,444,,,,,,,,,,,,,,,,,,,,,,,,,,,,,,,,,,,,,,,,,,,,,,,,,,,,,,,,,,,,,,,,,,,,,,,,,,,,,,,,,,,,,,,
27,43013300360000,40.4068,-110.1386,2-8C LAMIQ URRUTY 1-8-A2,USGS CRC,"TC, TOC, HAWK",,E231006-030,10905,,,Green River,Douglas Creek,8.01,1.92,0.64,8.06,0.46,442,,,,,,,,,,,,,,,,,,,,,,,,,,,,,,,,,,,,,,,,,,,,,,,,,,,,,,,,,,,,,,,,,,,,,,,,,,,,,,,,,,,,,,,
27,43013300360000,40.4068,-110.1386,2-8C LAMIQ URRUTY 1-8-A2,USGS CRC,"TC, TOC, HAWK",,E231006-031,10908,,,Green River,Douglas Creek,6.64,1.72,0.61,7.23,0.28,444,,,,,,,,,,,,,,,,,,,,,,,,,,,,,,,,,,,,,,,,,,,,,,,,,,,,,,,,,,,,,,,,,,,,,,,,,,,,,,,,,,,,,,,
27,43013300360000,40.4068,-110.1386,2-8C LAMIQ URRUTY 1-8-A2,USGS CRC,"TC, TOC, HAWK",,E231006-032,10911,,,Green River,Douglas Creek,3.77,0.27,,,,,,,,,,,,,,,,,,,,,,,,,,,,,,,,,,,,,,,,,,,,,,,,,,,,,,,,,,,,,,,,,,,,,,,,,,,,,,,,,,,,,,,,,,,
27,43013300360000,40.4068,-110.1386,2-8C LAMIQ URRUTY 1-8-A2,USGS CRC,"TC, TOC, HAWK",,E231006-033,10913,,,Green River,Douglas Creek,3.86,0.24,,,,,,,,,,,,,,,,,,,,,,,,,,,,,,,,,,,,,,,,,,,,,,,,,,,,,,,,,,,,,,,,,,,,,,,,,,,,,,,,,,,,,,,,,,,
27,43013300360000,40.4068,-110.1386,2-8C LAMIQ URRUTY 1-8-A2,USGS CRC,"TC, TOC, HAWK",,E231006-034,10916,,,Green River,Douglas Creek,4,,,,,,,,,,,,,,,,,,,,,,,,,,,,,,,,,,,,,,,,,,,,,,,,,,,,,,,,,,,,,,,,,,,,,,,,,,,,,,,,,,,,,,,,,,,,
27,43013300360000,40.4068,-110.1386,2-8C LAMIQ URRUTY 1-8-A2,USGS CRC,"TC, TOC, HAWK",,E231006-035,10919,,,Green River,Douglas Creek,2.57,0.33,,,,,,,,,,,,,,,,,,,,,,,,,,,,,,,,,,,,,,,,,,,,,,,,,,,,,,,,,,,,,,,,,,,,,,,,,,,,,,,,,,,,,,,,,,,
27,43013300360000,40.4068,-110.1386,2-8C LAMIQ URRUTY 1-8-A2,USGS CRC,"TC, TOC, HAWK",,E231006-036,10922,,,Green River,Douglas Creek,5.36,1.01,0.28,3,0.33,446,,,,,,,,,,,,,,,,,,,,,,,,,,,,,,,,,,,,,,,,,,,,,,,,,,,,,,,,,,,,,,,,,,,,,,,,,,,,,,,,,,,,,,,
27,43013300360000,40.4068,-110.1386,2-8C LAMIQ URRUTY 1-8-A2,USGS CRC,"TC, TOC, HAWK",,E231006-037,10925,,,Green River,Douglas Creek,3.05,,,,,,,,,,,,,,,,,,,,,,,,,,,,,,,,,,,,,,,,,,,,,,,,,,,,,,,,,,,,,,,,,,,,,,,,,,,,,,,,,,,,,,,,,,,,
27,43013300360000,40.4068,-110.1386,2-8C LAMIQ URRUTY 1-8-A2,USGS CRC,"TC, TOC, HAWK",,E231006-038,10928,,,Green River,Douglas Creek,8.59,1.85,0.85,8.57,0.48,443,,,,,,,,,,,,,,,,,,,,,,,,,,,,,,,,,,,,,,,,,,,,,,,,,,,,,,,,,,,,,,,,,,,,,,,,,,,,,,,,,,,,,,,
27,43013300360000,40.4068,-110.1386,2-8C LAMIQ URRUTY 1-8-A2,USGS CRC,"TC, TOC, HAWK",,E231006-039,10931,,,Green River,Douglas Creek,3.64,0.45,0.28,0.89,0.39,440,,,,,,,,,,,,,,,,,,,,,,,,,,,,,,,,,,,,,,,,,,,,,,,,,,,,,,,,,,,,,,,,,,,,,,,,,,,,,,,,,,,,,,,
27,43013300360000,40.4068,-110.1386,2-8C LAMIQ URRUTY 1-8-A2,USGS CRC,"TC, TOC, HAWK",,E231006-040,10934,,,Green River,Douglas Creek,4.18,,,,,,,,,,,,,,,,,,,,,,,,,,,,,,,,,,,,,,,,,,,,,,,,,,,,,,,,,,,,,,,,,,,,,,,,,,,,,,,,,,,,,,,,,,,,
27,43013300360000,40.4068,-110.1386,2-8C LAMIQ URRUTY 1-8-A2,USGS CRC,"TC, TOC, HAWK",,E231006-041,10937,,,Green River,Douglas Creek,3.22,0.55,0.27,0.97,0.26,438,,,,,,,,,,,,,,,,,,,,,,,,,,,,,,,,,,,,,,,,,,,,,,,,,,,,,,,,,,,,,,,,,,,,,,,,,,,,,,,,,,,,,,,
27,43013300360000,40.4068,-110.1386,2-8C LAMIQ URRUTY 1-8-A2,USGS CRC,"TC, TOC, HAWK",,E231006-042,10940,,,Green River,Douglas Creek,5.03,2.09,0.23,8.98,0.23,447,,,,,,,,,,,,,,,,,,,,,,,,,,,,,,,,,,,,,,,,,,,,,,,,,,,,,,,,,,,,,,,,,,,,,,,,,,,,,,,,,,,,,,,
27,43013300360000,40.4068,-110.1386,2-8C LAMIQ URRUTY 1-8-A2,USGS CRC,"TC, TOC, HAWK",,E231006-043,10943,,,Green River,Douglas Creek,4.9,0.93,0.26,2.91,0.32,447,,,,,,,,,,,,,,,,,,,,,,,,,,,,,,,,,,,,,,,,,,,,,,,,,,,,,,,,,,,,,,,,,,,,,,,,,,,,,,,,,,,,,,,
27,43013300360000,40.4068,-110.1386,2-8C LAMIQ URRUTY 1-8-A2,USGS CRC,"TC, TOC, HAWK",,E231006-044,10946,,,Green River,Douglas Creek,6.22,1.13,0.44,4.01,0.44,441,,,,,,,,,,,,,,,,,,,,,,,,,,,,,,,,,,,,,,,,,,,,,,,,,,,,,,,,,,,,,,,,,,,,,,,,,,,,,,,,,,,,,,,
27,43013300360000,40.4068,-110.1386,2-8C LAMIQ URRUTY 1-8-A2,USGS CRC,"TC, TOC, HAWK",,E231006-045,10949,,,Green River,Douglas Creek,5.48,1.18,0.36,4.89,0.3,439,,,,,,,,,,,,,,,,,,,,,,,,,,,,,,,,,,,,,,,,,,,,,,,,,,,,,,,,,,,,,,,,,,,,,,,,,,,,,,,,,,,,,,,
27,43013300360000,40.4068,-110.1386,2-8C LAMIQ URRUTY 1-8-A2,USGS CRC,"TC, TOC, HAWK",,E231006-046,10952,,,Green River,Douglas Creek,10.34,0.67,0.49,1.85,0.3,445,,,,,,,,,,,,,,,,,,,,,,,,,,,,,,,,,,,,,,,,,,,,,,,,,,,,,,,,,,,,,,,,,,,,,,,,,,,,,,,,,,,,,,,
27,43013300360000,40.4068,-110.1386,2-8C LAMIQ URRUTY 1-8-A2,USGS CRC,"TC, TOC, HAWK",,E231006-047,10955,,,Green River,Douglas Creek,2.82,0.4,,,,,,,,,,,,,,,,,,,,,,,,,,,,,,,,,,,,,,,,,,,,,,,,,,,,,,,,,,,,,,,,,,,,,,,,,,,,,,,,,,,,,,,,,,,
27,43013300360000,40.4068,-110.1386,2-8C LAMIQ URRUTY 1-8-A2,USGS CRC,"TC, TOC, HAWK",,E231006-048,10958,,,Green River,Douglas Creek,3.21,0.78,0.38,2.12,0.35,440,,,,,,,,,,,,,,,,,,,,,,,,,,,,,,,,,,,,,,,,,,,,,,,,,,,,,,,,,,,,,,,,,,,,,,,,,,,,,,,,,,,,,,,
27,43013300360000,40.4068,-110.1386,2-8C LAMIQ URRUTY 1-8-A2,USGS CRC,"TC, TOC, HAWK",,E231006-049,10961,,,Green River,Douglas Creek,1.97,0.86,0.41,0.97,0.44,441,,,,,,,,,,,,,,,,,,,,,,,,,,,,,,,,,,,,,,,,,,,,,,,,,,,,,,,,,,,,,,,,,,,,,,,,,,,,,,,,,,,,,,,
27,43013300360000,40.4068,-110.1386,2-8C LAMIQ URRUTY 1-8-A2,USGS CRC,"TC, TOC, HAWK",,E231006-050,10964,,,Green River,Douglas Creek,2.49,0.54,1.67,1.6,0.37,429,,,,,,,,,,,,,,,,,,,,,,,,,,,,,,,,,,,,,,,,,,,,,,,,,,,,,,,,,,,,,,,,,,,,,,,,,,,,,,,,,,,,,,,
27,43013300360000,40.4068,-110.1386,2-8C LAMIQ URRUTY 1-8-A2,USGS CRC,"TC, TOC, HAWK",,E231006-051,10967,,,Green River,Douglas Creek,2.2,0.57,1.85,2.28,0.38,433,,,,,,,,,,,,,,,,,,,,,,,,,,,,,,,,,,,,,,,,,,,,,,,,,,,,,,,,,,,,,,,,,,,,,,,,,,,,,,,,,,,,,,,
27,43013300090000,40.4138,-110.0725,1-11A2 MECHAM UNIT 3-11C,USGS CRC,"TC, TOC, HAWK",,E231102-001,10313,,,Green River,Garden Gulch,6.27,2.02,1.37,6.77,0.3,442,,,,,,,,,,,,,,,,,,,,,,,,,,,,,,,,,,,,,,,,,,,,,,,,,,,,,,,,,,,,,,,,,,,,,,,,,,,,,,,,,,,,,,,
27,43013300090000,40.4138,-110.0725,1-11A2 MECHAM UNIT 3-11C,USGS CRC,"TC, TOC, HAWK",,E231102-002,10316,,,Green River,Garden Gulch,8.5,2.1,1.76,8.42,0.37,442,,,,,,,,,,,,,,,,,,,,,,,,,,,,,,,,,,,,,,,,,,,,,,,,,,,,,,,,,,,,,,,,,,,,,,,,,,,,,,,,,,,,,,,
27,43013300090000,40.4138,-110.0725,1-11A2 MECHAM UNIT 3-11C,USGS CRC,"TC, TOC, HAWK",,E231102-003,10319,,,Green River,Garden Gulch,12.56,3.2,9.08,14.97,0.37,441,,,,,,,,,,,,,,,,,,,,,,,,,,,,,,,,,,,,,,,,,,,,,,,,,,,,,,,,,,,,,,,,,,,,,,,,,,,,,,,,,,,,,,,
27,43013300090000,40.4138,-110.0725,1-11A2 MECHAM UNIT 3-11C,USGS CRC,"TC, TOC, HAWK",,E231102-004,10322,,,Green River,Garden Gulch,5.14,2.46,1.57,11.08,0.31,443,,,,,,,,,,,,,,,,,,,,,,,,,,,,,,,,,,,,,,,,,,,,,,,,,,,,,,,,,,,,,,,,,,,,,,,,,,,,,,,,,,,,,,,
27,43013300090000,40.4138,-110.0725,1-11A2 MECHAM UNIT 3-11C,USGS CRC,"TC, TOC, HAWK",,E231102-005,10325,,,Green River,Garden Gulch,4.59,1.62,0.99,6.55,0.35,438,,,,,,,,,,,,,,,,,,,,,,,,,,,,,,,,,,,,,,,,,,,,,,,,,,,,,,,,,,,,,,,,,,,,,,,,,,,,,,,,,,,,,,,
27,43013300090000,40.4138,-110.0725,1-11A2 MECHAM UNIT 3-11C,USGS CRC,"TC, TOC, HAWK",,E231102-006,10328,,,Green River,Garden Gulch,4.46,1.76,1.2,7.24,0.51,434,,,,,,,,,,,,,,,,,,,,,,,,,,,,,,,,,,,,,,,,,,,,,,,,,,,,,,,,,,,,,,,,,,,,,,,,,,,,,,,,,,,,,,,
27,43013300090000,40.4138,-110.0725,1-11A2 MECHAM UNIT 3-11C,USGS CRC,"TC, TOC, HAWK",,E231102-007,10331,,,Green River,Garden Gulch,5.42,2.15,1.52,9.15,0.28,440,,,,,,,,,,,,,,,,,,,,,,,,,,,,,,,,,,,,,,,,,,,,,,,,,,,,,,,,,,,,,,,,,,,,,,,,,,,,,,,,,,,,,,,
27,43013300090000,40.4138,-110.0725,1-11A2 MECHAM UNIT 3-11C,USGS CRC,"TC, TOC, HAWK",,E231102-008,10336,,,Green River,Garden Gulch,7.73,4.03,1.37,17.45,0.35,447,,,,,,,,,,,,,,,,,,,,,,,,,,,,,,,,,,,,,,,,,,,,,,,,,,,,,,,,,,,,,,,,,,,,,,,,,,,,,,,,,,,,,,,
27,43013300090000,40.4138,-110.0725,1-11A2 MECHAM UNIT 3-11C,USGS CRC,"TC, TOC, HAWK",,E231102-009,10339,,,Green River,Garden Gulch,11.68,5.73,1.71,39.09,0.4,451,,,,,,,,,,,,,,,,,,,,,,,,,,,,,,,,,,,,,,,,,,,,,,,,,,,,,,,,,,,,,,,,,,,,,,,,,,,,,,,,,,,,,,,
27,43013300090000,40.4138,-110.0725,1-11A2 MECHAM UNIT 3-11C,USGS CRC,"TC, TOC, HAWK",,E231102-010,10342,,,Green River,Garden Gulch,5.5,2.85,1.56,13.79,0.35,442,,,,,,,,,,,,,,,,,,,,,,,,,,,,,,,,,,,,,,,,,,,,,,,,,,,,,,,,,,,,,,,,,,,,,,,,,,,,,,,,,,,,,,,
27,43013300090000,40.4138,-110.0725,1-11A2 MECHAM UNIT 3-11C,USGS CRC,"TC, TOC, HAWK",,E231102-011,10346,,,Green River,Garden Gulch,5.85,2.3,0.51,9.3,0.33,446,,,,,,,,,,,,,,,,,,,,,,,,,,,,,,,,,,,,,,,,,,,,,,,,,,,,,,,,,,,,,,,,,,,,,,,,,,,,,,,,,,,,,,,
27,43013300090000,40.4138,-110.0725,1-11A2 MECHAM UNIT 3-11C,USGS CRC,"TC, TOC, HAWK",,E231102-012,10349,,,Green River,Garden Gulch,10.66,3.21,0.79,15,0.51,446,,,,,,,,,,,,,,,,,,,,,,,,,,,,,,,,,,,,,,,,,,,,,,,,,,,,,,,,,,,,,,,,,,,,,,,,,,,,,,,,,,,,,,,
27,43013300090000,40.4138,-110.0725,1-11A2 MECHAM UNIT 3-11C,USGS CRC,"TC, TOC, HAWK",,E231102-013,10352,,,Green River,Garden Gulch,13.14,2.59,7.73,10.53,0.23,441,,,,,,,,,,,,,,,,,,,,,,,,,,,,,,,,,,,,,,,,,,,,,,,,,,,,,,,,,,,,,,,,,,,,,,,,,,,,,,,,,,,,,,,
27,43013300090000,40.4138,-110.0725,1-11A2 MECHAM UNIT 3-11C,USGS CRC,"TC, TOC, HAWK",,E231102-014,10355,,,Green River,Garden Gulch,6.1,2.25,0.76,12.09,0.26,448,,,,,,,,,,,,,,,,,,,,,,,,,,,,,,,,,,,,,,,,,,,,,,,,,,,,,,,,,,,,,,,,,,,,,,,,,,,,,,,,,,,,,,,
27,43013300090000,40.4138,-110.0725,1-11A2 MECHAM UNIT 3-11C,USGS CRC,"TC, TOC, HAWK",,E231102-015,10358,,,Green River,Garden Gulch,9.51,3.74,0.8,25.17,0.39,448,,,,,,,,,,,,,,,,,,,,,,,,,,,,,,,,,,,,,,,,,,,,,,,,,,,,,,,,,,,,,,,,,,,,,,,,,,,,,,,,,,,,,,,
27,43013300090000,40.4138,-110.0725,1-11A2 MECHAM UNIT 3-11C,USGS CRC,"TC, TOC, HAWK",,E231102-016,10361,,,Green River,Garden Gulch,6.94,3.39,0.87,21.8,0.35,448,,,,,,,,,,,,,,,,,,,,,,,,,,,,,,,,,,,,,,,,,,,,,,,,,,,,,,,,,,,,,,,,,,,,,,,,,,,,,,,,,,,,,,,
27,43013300090000,40.4138,-110.0725,1-11A2 MECHAM UNIT 3-11C,USGS CRC,"TC, TOC, HAWK",,E231102-017,10364,,,Green River,Garden Gulch,6.75,3.04,1,13.72,0.31,442,,,,,,,,,,,,,,,,,,,,,,,,,,,,,,,,,,,,,,,,,,,,,,,,,,,,,,,,,,,,,,,,,,,,,,,,,,,,,,,,,,,,,,,
27,43013300090000,40.4138,-110.0725,1-11A2 MECHAM UNIT 3-11C,USGS CRC,"TC, TOC, HAWK",,E231102-018,10367,,,Green River,Garden Gulch,9.8,3.2,1.16,15.34,0.42,443,,,,,,,,,,,,,,,,,,,,,,,,,,,,,,,,,,,,,,,,,,,,,,,,,,,,,,,,,,,,,,,,,,,,,,,,,,,,,,,,,,,,,,,
27,43013300090000,40.4138,-110.0725,1-11A2 MECHAM UNIT 3-11C,USGS CRC,"TC, TOC, HAWK",,E231102-019,10370,,,Green River,Garden Gulch,3.83,2.12,0.71,8.88,0.23,449,,,,,,,,,,,,,,,,,,,,,,,,,,,,,,,,,,,,,,,,,,,,,,,,,,,,,,,,,,,,,,,,,,,,,,,,,,,,,,,,,,,,,,,
27,43013300090000,40.4138,-110.0725,1-11A2 MECHAM UNIT 3-11C,USGS CRC,"TC, TOC, HAWK",,E231102-020,10373,,,Green River,Garden Gulch,5.53,2.6,0.96,14.45,0.32,448,,,,,,,,,,,,,,,,,,,,,,,,,,,,,,,,,,,,,,,,,,,,,,,,,,,,,,,,,,,,,,,,,,,,,,,,,,,,,,,,,,,,,,,
27,43013300090000,40.4138,-110.0725,1-11A2 MECHAM UNIT 3-11C,USGS CRC,"TC, TOC, HAWK",,E231102-021,10376,,,Green River,Garden Gulch,2.96,1.6,0.87,6.76,0.18,447,,,,,,,,,,,,,,,,,,,,,,,,,,,,,,,,,,,,,,,,,,,,,,,,,,,,,,,,,,,,,,,,,,,,,,,,,,,,,,,,,,,,,,,
27,43013300090000,40.4138,-110.0725,1-11A2 MECHAM UNIT 3-11C,USGS CRC,"TC, TOC, HAWK",,E231102-022,10379,,,Green River,Garden Gulch,3.54,1.71,0.42,6.99,0.35,447,,,,,,,,,,,,,,,,,,,,,,,,,,,,,,,,,,,,,,,,,,,,,,,,,,,,,,,,,,,,,,,,,,,,,,,,,,,,,,,,,,,,,,,
27,43013300090000,40.4138,-110.0725,1-11A2 MECHAM UNIT 3-11C,USGS CRC,"TC, TOC, HAWK",,E231102-023,10382,,,Green River,Douglas Creek,4.94,1.89,0.41,8.26,0.34,442,,,,,,,,,,,,,,,,,,,,,,,,,,,,,,,,,,,,,,,,,,,,,,,,,,,,,,,,,,,,,,,,,,,,,,,,,,,,,,,,,,,,,,,
27,43013300090000,40.4138,-110.0725,1-11A2 MECHAM UNIT 3-11C,USGS CRC,"TC, TOC, HAWK",,E231102-024,10387,,,Green River,Douglas Creek,5.05,0.57,0.73,1.28,0.24,439,,,,,,,,,,,,,,,,,,,,,,,,,,,,,,,,,,,,,,,,,,,,,,,,,,,,,,,,,,,,,,,,,,,,,,,,,,,,,,,,,,,,,,,
27,43013300090000,40.4138,-110.0725,1-11A2 MECHAM UNIT 3-11C,USGS CRC,"TC, TOC, HAWK",,E231102-025,10389,,,Green River,Douglas Creek,4.35,1.95,0.98,7.35,0.24,447,,,,,,,,,,,,,,,,,,,,,,,,,,,,,,,,,,,,,,,,,,,,,,,,,,,,,,,,,,,,,,,,,,,,,,,,,,,,,,,,,,,,,,,
27,43013300090000,40.4138,-110.0725,1-11A2 MECHAM UNIT 3-11C,USGS CRC,"TC, TOC, HAWK",,E231102-026,10392,,,Green River,Douglas Creek,5,1.26,0.35,4.12,0.28,444,,,,,,,,,,,,,,,,,,,,,,,,,,,,,,,,,,,,,,,,,,,,,,,,,,,,,,,,,,,,,,,,,,,,,,,,,,,,,,,,,,,,,,,
27,43013300090000,40.4138,-110.0725,1-11A2 MECHAM UNIT 3-11C,USGS CRC,"TC, TOC, HAWK",,E231102-027,10395,,,Green River,Douglas Creek,4.88,1.14,0.74,3.93,0.46,444,,,,,,,,,,,,,,,,,,,,,,,,,,,,,,,,,,,,,,,,,,,,,,,,,,,,,,,,,,,,,,,,,,,,,,,,,,,,,,,,,,,,,,,
27,43013300090000,40.4138,-110.0725,1-11A2 MECHAM UNIT 3-11C,USGS CRC,"TC, TOC, HAWK",,E231102-028,10398,,,Green River,Douglas Creek,6.14,1.36,1.37,4.82,0.39,436,,,,,,,,,,,,,,,,,,,,,,,,,,,,,,,,,,,,,,,,,,,,,,,,,,,,,,,,,,,,,,,,,,,,,,,,,,,,,,,,,,,,,,,
27,43013300090000,40.4138,-110.0725,1-11A2 MECHAM UNIT 3-11C,USGS CRC,"TC, TOC, HAWK",,E231102-029,10401,,,Green River,Douglas Creek,6.47,1.09,1.33,3.03,0.28,439,,,,,,,,,,,,,,,,,,,,,,,,,,,,,,,,,,,,,,,,,,,,,,,,,,,,,,,,,,,,,,,,,,,,,,,,,,,,,,,,,,,,,,,
27,43013300090000,40.4138,-110.0725,1-11A2 MECHAM UNIT 3-11C,USGS CRC,"TC, TOC, HAWK",,E231102-030,10403,,,Green River,Douglas Creek,1.88,0.42,,,,,,,,,,,,,,,,,,,,,,,,,,,,,,,,,,,,,,,,,,,,,,,,,,,,,,,,,,,,,,,,,,,,,,,,,,,,,,,,,,,,,,,,,,,
27,43013300090000,40.4138,-110.0725,1-11A2 MECHAM UNIT 3-11C,USGS CRC,"TC, TOC, HAWK",,E231102-031,10406,,,Green River,Douglas Creek,3.34,0.71,2.5,1.93,0.3,426,,,,,,,,,,,,,,,,,,,,,,,,,,,,,,,,,,,,,,,,,,,,,,,,,,,,,,,,,,,,,,,,,,,,,,,,,,,,,,,,,,,,,,,
27,43013300090000,40.4138,-110.0725,1-11A2 MECHAM UNIT 3-11C,USGS CRC,"TC, TOC, HAWK",,E231102-032,10410,,,Green River,Douglas Creek,3.5,,,,,,,,,,,,,,,,,,,,,,,,,,,,,,,,,,,,,,,,,,,,,,,,,,,,,,,,,,,,,,,,,,,,,,,,,,,,,,,,,,,,,,,,,,,,
27,43013300090000,40.4138,-110.0725,1-11A2 MECHAM UNIT 3-11C,USGS CRC,"TC, TOC, HAWK",,E231102-033,10413,,,Green River,Douglas Creek,8.52,0.97,2.65,3.43,0.42,431,,,,,,,,,,,,,,,,,,,,,,,,,,,,,,,,,,,,,,,,,,,,,,,,,,,,,,,,,,,,,,,,,,,,,,,,,,,,,,,,,,,,,,,
27,43013300090000,40.4138,-110.0725,1-11A2 MECHAM UNIT 3-11C,USGS CRC,"TC, TOC, HAWK",,E231102-034,10416,,,Green River,Douglas Creek,8.22,3.35,0.29,21.91,0.34,447,,,,,,,,,,,,,,,,,,,,,,,,,,,,,,,,,,,,,,,,,,,,,,,,,,,,,,,,,,,,,,,,,,,,,,,,,,,,,,,,,,,,,,,
27,43013300090000,40.4138,-110.0725,1-11A2 MECHAM UNIT 3-11C,USGS CRC,"TC, TOC, HAWK",,E231102-035,10418.5,,,Green River,Douglas Creek,7.36,3.16,0.52,18.22,0.39,437,,,,,,,,,,,,,,,,,,,,,,,,,,,,,,,,,,,,,,,,,,,,,,,,,,,,,,,,,,,,,,,,,,,,,,,,,,,,,,,,,,,,,,,
27,43013300090000,40.4138,-110.0725,1-11A2 MECHAM UNIT 3-11C,USGS CRC,"TC, TOC, HAWK",,E231102-036,10421,,,Green River,Douglas Creek,8.7,3.78,1.06,17.75,0.38,440,,,,,,,,,,,,,,,,,,,,,,,,,,,,,,,,,,,,,,,,,,,,,,,,,,,,,,,,,,,,,,,,,,,,,,,,,,,,,,,,,,,,,,,
27,43013300090000,40.4138,-110.0725,1-11A2 MECHAM UNIT 3-11C,USGS CRC,"TC, TOC, HAWK",,E231102-037,10424,,,Green River,Douglas Creek,8.09,1.71,0.53,7.56,0.39,443,,,,,,,,,,,,,,,,,,,,,,,,,,,,,,,,,,,,,,,,,,,,,,,,,,,,,,,,,,,,,,,,,,,,,,,,,,,,,,,,,,,,,,,
27,43013300090000,40.4138,-110.0725,1-11A2 MECHAM UNIT 3-11C,USGS CRC,"TC, TOC, HAWK",,E231102-038,10427,,,Green River,Douglas Creek,8.75,1.22,1.88,4.32,0.48,440,,,,,,,,,,,,,,,,,,,,,,,,,,,,,,,,,,,,,,,,,,,,,,,,,,,,,,,,,,,,,,,,,,,,,,,,,,,,,,,,,,,,,,,
27,43013300090000,40.4138,-110.0725,1-11A2 MECHAM UNIT 3-11C,USGS CRC,"TC, TOC, HAWK",,E231102-039,10435,,,Green River,Douglas Creek,9.41,0.71,0.83,1.52,0.32,439,,,,,,,,,,,,,,,,,,,,,,,,,,,,,,,,,,,,,,,,,,,,,,,,,,,,,,,,,,,,,,,,,,,,,,,,,,,,,,,,,,,,,,,
27,43013300090000,40.4138,-110.0725,1-11A2 MECHAM UNIT 3-11C,USGS CRC,"TC, TOC, HAWK",,E231102-040,10440,,,Green River,Douglas Creek,6.47,0.85,0.19,1.51,0.26,444,,,,,,,,,,,,,,,,,,,,,,,,,,,,,,,,,,,,,,,,,,,,,,,,,,,,,,,,,,,,,,,,,,,,,,,,,,,,,,,,,,,,,,,
27,43013300090000,40.4138,-110.0725,1-11A2 MECHAM UNIT 3-11C,USGS CRC,"TC, TOC, HAWK",,E231102-041,10443,,,Green River,Douglas Creek,2.95,0.23,,,,,,,,,,,,,,,,,,,,,,,,,,,,,,,,,,,,,,,,,,,,,,,,,,,,,,,,,,,,,,,,,,,,,,,,,,,,,,,,,,,,,,,,,,,
27,43013300090000,40.4138,-110.0725,1-11A2 MECHAM UNIT 3-11C,USGS CRC,"TC, TOC, HAWK",,E231102-042,10447.5,,,Green River,Douglas Creek,5.51,0.69,0.29,0.92,0.25,443,,,,,,,,,,,,,,,,,,,,,,,,,,,,,,,,,,,,,,,,,,,,,,,,,,,,,,,,,,,,,,,,,,,,,,,,,,,,,,,,,,,,,,,
27,43013300090000,40.4138,-110.0725,1-11A2 MECHAM UNIT 3-11C,USGS CRC,"TC, TOC, HAWK",,E231102-043,10450,,,Green River,Douglas Creek,6,1.15,0.4,1.69,0.21,446,,,,,,,,,,,,,,,,,,,,,,,,,,,,,,,,,,,,,,,,,,,,,,,,,,,,,,,,,,,,,,,,,,,,,,,,,,,,,,,,,,,,,,,
27,43013300090000,40.4138,-110.0725,1-11A2 MECHAM UNIT 3-11C,USGS CRC,"TC, TOC, HAWK",,E231102-044,10453,,,Green River,Douglas Creek,6.21,0.55,0.23,0.78,0.32,443,,,,,,,,,,,,,,,,,,,,,,,,,,,,,,,,,,,,,,,,,,,,,,,,,,,,,,,,,,,,,,,,,,,,,,,,,,,,,,,,,,,,,,,
27,43013300090000,40.4138,-110.0725,1-11A2 MECHAM UNIT 3-11C,USGS CRC,"TC, TOC, HAWK",,E231102-045,10456,,,Green River,Douglas Creek,3.41,0.38,,,,,,,,,,,,,,,,,,,,,,,,,,,,,,,,,,,,,,,,,,,,,,,,,,,,,,,,,,,,,,,,,,,,,,,,,,,,,,,,,,,,,,,,,,,
27,43013300090000,40.4138,-110.0725,1-11A2 MECHAM UNIT 3-11C,USGS CRC,"TC, TOC, HAWK",,E231102-046,10461,,,Green River,Douglas Creek,5.92,1.91,0.66,9.74,0.26,449,,,,,,,,,,,,,,,,,,,,,,,,,,,,,,,,,,,,,,,,,,,,,,,,,,,,,,,,,,,,,,,,,,,,,,,,,,,,,,,,,,,,,,,
27,43013300090000,40.4138,-110.0725,1-11A2 MECHAM UNIT 3-11C,USGS CRC,"TC, TOC, HAWK",,E231102-047,10463,,,Green River,Douglas Creek,9.49,1.31,1.12,3.28,0.32,442,,,,,,,,,,,,,,,,,,,,,,,,,,,,,,,,,,,,,,,,,,,,,,,,,,,,,,,,,,,,,,,,,,,,,,,,,,,,,,,,,,,,,,,
27,43013300090000,40.4138,-110.0725,1-11A2 MECHAM UNIT 3-11C,USGS CRC,"TC, TOC, HAWK",,E231102-048,10467,,,Green River,Douglas Creek,7.87,3.43,2.65,14.37,0.4,440,,,,,,,,,,,,,,,,,,,,,,,,,,,,,,,,,,,,,,,,,,,,,,,,,,,,,,,,,,,,,,,,,,,,,,,,,,,,,,,,,,,,,,,
27,43013300090000,40.4138,-110.0725,1-11A2 MECHAM UNIT 3-11C,USGS CRC,"TC, TOC, HAWK",,E231102-049,10469,,,Green River,Douglas Creek,4.78,0.54,0.21,0.54,0.28,445,,,,,,,,,,,,,,,,,,,,,,,,,,,,,,,,,,,,,,,,,,,,,,,,,,,,,,,,,,,,,,,,,,,,,,,,,,,,,,,,,,,,,,,
27,43013300090000,40.4138,-110.0725,1-11A2 MECHAM UNIT 3-11C,USGS CRC,"TC, TOC, HAWK",,E231102-050,10472,,,Green River,Douglas Creek,6.8,2.16,1.14,9.09,0.35,440,,,,,,,,,,,,,,,,,,,,,,,,,,,,,,,,,,,,,,,,,,,,,,,,,,,,,,,,,,,,,,,,,,,,,,,,,,,,,,,,,,,,,,,
27,43013300090000,40.4138,-110.0725,1-11A2 MECHAM UNIT 3-11C,USGS CRC,"TC, TOC, HAWK",,E231102-051,10475,,,Green River,Douglas Creek,5.54,2.04,0.49,9.35,0.24,441,,,,,,,,,,,,,,,,,,,,,,,,,,,,,,,,,,,,,,,,,,,,,,,,,,,,,,,,,,,,,,,,,,,,,,,,,,,,,,,,,,,,,,,
27,43013300090000,40.4138,-110.0725,1-11A2 MECHAM UNIT 3-11C,USGS CRC,"TC, TOC, HAWK",,E231102-052,10478,,,Green River,Douglas Creek,4.59,1.65,1.2,5.56,0.18,444,,,,,,,,,,,,,,,,,,,,,,,,,,,,,,,,,,,,,,,,,,,,,,,,,,,,,,,,,,,,,,,,,,,,,,,,,,,,,,,,,,,,,,,
27,43013300090000,40.4138,-110.0725,1-11A2 MECHAM UNIT 3-11C,USGS CRC,"TC, TOC, HAWK",,E231102-053,10481,,,Green River,Douglas Creek,7.47,0.42,,,,,,,,,,,,,,,,,,,,,,,,,,,,,,,,,,,,,,,,,,,,,,,,,,,,,,,,,,,,,,,,,,,,,,,,,,,,,,,,,,,,,,,,,,,
28,43013300090000,40.4138,-110.0725,1-11A2 MECHAM UNIT 3-11C,USGS CRC,"TC, TOC, HAWK",,E231102-054,10483,,,Green River,Douglas Creek,9.23,1.56,6.05,5.04,0.22,431,,,,,,,,,,,,,,,,,,,,,,,,,,,,,,,,,,,,,,,,,,,,,,,,,,,,,,,,,,,,,,,,,,,,,,,,,,,,,,,,,,,,,,,
28,43013300090000,40.4138,-110.0725,1-11A2 MECHAM UNIT 3-11C,USGS CRC,"TC, TOC, HAWK",,E231102-055,10486,,,Green River,Douglas Creek,6.92,1.23,0.31,4.86,0.22,446,,,,,,,,,,,,,,,,,,,,,,,,,,,,,,,,,,,,,,,,,,,,,,,,,,,,,,,,,,,,,,,,,,,,,,,,,,,,,,,,,,,,,,,
28,43013300090000,40.4138,-110.0725,1-11A2 MECHAM UNIT 3-11C,USGS CRC,"TC, TOC, HAWK",,E231102-056,10489,,,Green River,Douglas Creek,7.8,1.78,0.23,10.41,0.28,444,,,,,,,,,,,,,,,,,,,,,,,,,,,,,,,,,,,,,,,,,,,,,,,,,,,,,,,,,,,,,,,,,,,,,,,,,,,,,,,,,,,,,,,
28,43013300090000,40.4138,-110.0725,1-11A2 MECHAM UNIT 3-11C,USGS CRC,"TC, TOC, HAWK",,E231102-057,10492,,,Green River,Douglas Creek,6.55,1.69,0.47,8.32,0.29,445,,,,,,,,,,,,,,,,,,,,,,,,,,,,,,,,,,,,,,,,,,,,,,,,,,,,,,,,,,,,,,,,,,,,,,,,,,,,,,,,,,,,,,,
28,43013300090000,40.4138,-110.0725,1-11A2 MECHAM UNIT 3-11C,USGS CRC,"TC, TOC, HAWK",,E231102-058,10495,,,Green River,Douglas Creek,7.72,2.91,1.03,12.39,0.4,442,,,,,,,,,,,,,,,,,,,,,,,,,,,,,,,,,,,,,,,,,,,,,,,,,,,,,,,,,,,,,,,,,,,,,,,,,,,,,,,,,,,,,,,
28,43013300090000,40.4138,-110.0725,1-11A2 MECHAM UNIT 3-11C,USGS CRC,"TC, TOC, HAWK",,E231102-059,10498,,,Green River,Douglas Creek,6.35,1.73,0.54,7.53,0.22,443,,,,,,,,,,,,,,,,,,,,,,,,,,,,,,,,,,,,,,,,,,,,,,,,,,,,,,,,,,,,,,,,,,,,,,,,,,,,,,,,,,,,,,,
28,43013300090000,40.4138,-110.0725,1-11A2 MECHAM UNIT 3-11C,USGS CRC,"TC, TOC, HAWK",,E231102-060,10501,,,Green River,Douglas Creek,7.94,1.56,1.22,6.82,0.26,440,,,,,,,,,,,,,,,,,,,,,,,,,,,,,,,,,,,,,,,,,,,,,,,,,,,,,,,,,,,,,,,,,,,,,,,,,,,,,,,,,,,,,,,
28,43013300090000,40.4138,-110.0725,1-11A2 MECHAM UNIT 3-11C,USGS CRC,"TC, TOC, HAWK",,E231102-061,10504,,,Green River,Douglas Creek,7.78,0.71,0.48,1.62,0.29,443,,,,,,,,,,,,,,,,,,,,,,,,,,,,,,,,,,,,,,,,,,,,,,,,,,,,,,,,,,,,,,,,,,,,,,,,,,,,,,,,,,,,,,,
28,43013300090000,40.4138,-110.0725,1-11A2 MECHAM UNIT 3-11C,USGS CRC,"TC, TOC, HAWK",,E231102-062,10508,,,Green River,Douglas Creek,2.85,0.63,2.66,1.63,0.15,425,,,,,,,,,,,,,,,,,,,,,,,,,,,,,,,,,,,,,,,,,,,,,,,,,,,,,,,,,,,,,,,,,,,,,,,,,,,,,,,,,,,,,,,
28,43013300090000,40.4138,-110.0725,1-11A2 MECHAM UNIT 3-11C,USGS CRC,"TC, TOC, HAWK",,E231102-063,10510,,,Green River,Douglas Creek,4.2,0.47,0.33,0.61,0.29,441,,,,,,,,,,,,,,,,,,,,,,,,,,,,,,,,,,,,,,,,,,,,,,,,,,,,,,,,,,,,,,,,,,,,,,,,,,,,,,,,,,,,,,,
28,43013300090000,40.4138,-110.0725,1-11A2 MECHAM UNIT 3-11C,USGS CRC,"TC, TOC, HAWK",,E231102-064,10513,,,Green River,Carbonate Marker,4.29,0.78,0.28,0.73,0.26,445,,,,,,,,,,,,,,,,,,,,,,,,,,,,,,,,,,,,,,,,,,,,,,,,,,,,,,,,,,,,,,,,,,,,,,,,,,,,,,,,,,,,,,,
28,43013300090000,40.4138,-110.0725,1-11A2 MECHAM UNIT 3-11C,USGS CRC,"TC, TOC, HAWK",,E231102-065,10516,,,Green River,Carbonate Marker,6.68,0.78,0.52,1.6,0.39,445,,,,,,,,,,,,,,,,,,,,,,,,,,,,,,,,,,,,,,,,,,,,,,,,,,,,,,,,,,,,,,,,,,,,,,,,,,,,,,,,,,,,,,,
28,43013300090000,40.4138,-110.0725,1-11A2 MECHAM UNIT 3-11C,USGS CRC,"TC, TOC, HAWK",,E231102-066,10518,,,Green River,Carbonate Marker,4.25,0.72,0.29,0.69,0.24,443,,,,,,,,,,,,,,,,,,,,,,,,,,,,,,,,,,,,,,,,,,,,,,,,,,,,,,,,,,,,,,,,,,,,,,,,,,,,,,,,,,,,,,,
28,43013300090000,40.4138,-110.0725,1-11A2 MECHAM UNIT 3-11C,USGS CRC,"TC, TOC, HAWK",,E231102-067,10521,,,Green River,Carbonate Marker,6.62,0.39,,,,,,,,,,,,,,,,,,,,,,,,,,,,,,,,,,,,,,,,,,,,,,,,,,,,,,,,,,,,,,,,,,,,,,,,,,,,,,,,,,,,,,,,,,,
28,43013300090000,40.4138,-110.0725,1-11A2 MECHAM UNIT 3-11C,USGS CRC,"TC, TOC, HAWK",,E231102-068,10524,,,Green River,Carbonate Marker,8.85,0.69,1.04,1.48,0.26,440,,,,,,,,,,,,,,,,,,,,,,,,,,,,,,,,,,,,,,,,,,,,,,,,,,,,,,,,,,,,,,,,,,,,,,,,,,,,,,,,,,,,,,,
28,43013300090000,40.4138,-110.0725,1-11A2 MECHAM UNIT 3-11C,USGS CRC,"TC, TOC, HAWK",,E231102-069,10527,,,Green River,Carbonate Marker,5.8,0.97,1.04,3.03,0.32,444,,,,,,,,,,,,,,,,,,,,,,,,,,,,,,,,,,,,,,,,,,,,,,,,,,,,,,,,,,,,,,,,,,,,,,,,,,,,,,,,,,,,,,,
28,43013300090000,40.4138,-110.0725,1-11A2 MECHAM UNIT 3-11C,USGS CRC,"TC, TOC, HAWK",,E231102-070,10530,,,Green River,Carbonate Marker,7.4,0.62,0.69,1.61,0.36,438,,,,,,,,,,,,,,,,,,,,,,,,,,,,,,,,,,,,,,,,,,,,,,,,,,,,,,,,,,,,,,,,,,,,,,,,,,,,,,,,,,,,,,,
28,43013300090000,40.4138,-110.0725,1-11A2 MECHAM UNIT 3-11C,USGS CRC,"TC, TOC, HAWK",,E231102-071,10533,,,Green River,Carbonate Marker,4.25,,,,,,,,,,,,,,,,,,,,,,,,,,,,,,,,,,,,,,,,,,,,,,,,,,,,,,,,,,,,,,,,,,,,,,,,,,,,,,,,,,,,,,,,,,,,
28,43013300090000,40.4138,-110.0725,1-11A2 MECHAM UNIT 3-11C,USGS CRC,"TC, TOC, HAWK",,E231102-072,10536,,,Green River,Carbonate Marker,5.92,0.65,0.38,1.59,0.28,445,,,,,,,,,,,,,,,,,,,,,,,,,,,,,,,,,,,,,,,,,,,,,,,,,,,,,,,,,,,,,,,,,,,,,,,,,,,,,,,,,,,,,,,
28,43013300090000,40.4138,-110.0725,1-11A2 MECHAM UNIT 3-11C,USGS CRC,"TC, TOC, HAWK",,E231102-073,10539,,,Green River,Carbonate Marker,9.73,0.88,1.64,2.94,0.22,439,,,,,,,,,,,,,,,,,,,,,,,,,,,,,,,,,,,,,,,,,,,,,,,,,,,,,,,,,,,,,,,,,,,,,,,,,,,,,,,,,,,,,,,
28,43013300090000,40.4138,-110.0725,1-11A2 MECHAM UNIT 3-11C,USGS CRC,"TC, TOC, HAWK",,E231102-074,10541.5,,,Green River,Carbonate Marker,5.69,0.31,,,,,,,,,,,,,,,,,,,,,,,,,,,,,,,,,,,,,,,,,,,,,,,,,,,,,,,,,,,,,,,,,,,,,,,,,,,,,,,,,,,,,,,,,,,
28,43013300090000,40.4138,-110.0725,1-11A2 MECHAM UNIT 3-11C,USGS CRC,"TC, TOC, HAWK",,E231102-075,10544,,,Green River,Carbonate Marker,7.12,1.2,0.46,5.31,0.24,445,,,,,,,,,,,,,,,,,,,,,,,,,,,,,,,,,,,,,,,,,,,,,,,,,,,,,,,,,,,,,,,,,,,,,,,,,,,,,,,,,,,,,,,
28,43013300090000,40.4138,-110.0725,1-11A2 MECHAM UNIT 3-11C,USGS CRC,"TC, TOC, HAWK",,E231102-076,10547,,,Green River,Carbonate Marker,8.8,1.5,0.92,7.57,0.25,446,,,,,,,,,,,,,,,,,,,,,,,,,,,,,,,,,,,,,,,,,,,,,,,,,,,,,,,,,,,,,,,,,,,,,,,,,,,,,,,,,,,,,,,
28,43013300090000,40.4138,-110.0725,1-11A2 MECHAM UNIT 3-11C,USGS CRC,"TC, TOC, HAWK",,E231102-077,10550,,,Green River,Carbonate Marker,7.06,1.5,0.35,6.62,0.22,443,,,,,,,,,,,,,,,,,,,,,,,,,,,,,,,,,,,,,,,,,,,,,,,,,,,,,,,,,,,,,,,,,,,,,,,,,,,,,,,,,,,,,,,
28,43013300090000,40.4138,-110.0725,1-11A2 MECHAM UNIT 3-11C,USGS CRC,"TC, TOC, HAWK",,E231102-078,10553,,,Green River,Carbonate Marker,5.73,1.52,0.42,6.94,0.29,444,,,,,,,,,,,,,,,,,,,,,,,,,,,,,,,,,,,,,,,,,,,,,,,,,,,,,,,,,,,,,,,,,,,,,,,,,,,,,,,,,,,,,,,
28,43013300090000,40.4138,-110.0725,1-11A2 MECHAM UNIT 3-11C,USGS CRC,"TC, TOC, HAWK",,E231102-079,10556,,,Green River,Carbonate Marker,7.28,2.11,0.39,9.49,0.36,442,,,,,,,,,,,,,,,,,,,,,,,,,,,,,,,,,,,,,,,,,,,,,,,,,,,,,,,,,,,,,,,,,,,,,,,,,,,,,,,,,,,,,,,
28,43013300090000,40.4138,-110.0725,1-11A2 MECHAM UNIT 3-11C,USGS CRC,"TC, TOC, HAWK",,E231102-080,10558.4,,,Green River,Carbonate Marker,4.35,1.12,3.51,3.97,0.25,429,,,,,,,,,,,,,,,,,,,,,,,,,,,,,,,,,,,,,,,,,,,,,,,,,,,,,,,,,,,,,,,,,,,,,,,,,,,,,,,,,,,,,,,
28,43013300090000,40.4138,-110.0725,1-11A2 MECHAM UNIT 3-11C,USGS CRC,"TC, TOC, HAWK",,E231102-081,10561,,,Green River,Carbonate Marker,7.44,1.49,0.46,6.1,0.32,444,,,,,,,,,,,,,,,,,,,,,,,,,,,,,,,,,,,,,,,,,,,,,,,,,,,,,,,,,,,,,,,,,,,,,,,,,,,,,,,,,,,,,,,
28,43013300090000,40.4138,-110.0725,1-11A2 MECHAM UNIT 3-11C,USGS CRC,"TC, TOC, HAWK",,E231102-082,10563,,,Green River,Carbonate Marker,6.99,1.76,0.44,8.96,0.26,443,,,,,,,,,,,,,,,,,,,,,,,,,,,,,,,,,,,,,,,,,,,,,,,,,,,,,,,,,,,,,,,,,,,,,,,,,,,,,,,,,,,,,,,
28,43013300090000,40.4138,-110.0725,1-11A2 MECHAM UNIT 3-11C,USGS CRC,"TC, TOC, HAWK",,E231102-083,10566,,,Green River,Carbonate Marker,4.65,,,,,,,,,,,,,,,,,,,,,,,,,,,,,,,,,,,,,,,,,,,,,,,,,,,,,,,,,,,,,,,,,,,,,,,,,,,,,,,,,,,,,,,,,,,,
28,43013300090000,40.4138,-110.0725,1-11A2 MECHAM UNIT 3-11C,USGS CRC,"TC, TOC, HAWK",,E231102-084,10568,,,Green River,Carbonate Marker,8.45,0.69,0.77,1.67,0.35,443,,,,,,,,,,,,,,,,,,,,,,,,,,,,,,,,,,,,,,,,,,,,,,,,,,,,,,,,,,,,,,,,,,,,,,,,,,,,,,,,,,,,,,,
28,43013300090000,40.4138,-110.0725,1-11A2 MECHAM UNIT 3-11C,USGS CRC,"TC, TOC, HAWK",,E231102-085,10571,,,Green River,Carbonate Marker,6.03,1.84,0.61,6.43,0.28,441,,,,,,,,,,,,,,,,,,,,,,,,,,,,,,,,,,,,,,,,,,,,,,,,,,,,,,,,,,,,,,,,,,,,,,,,,,,,,,,,,,,,,,,
28,43013300090000,40.4138,-110.0725,1-11A2 MECHAM UNIT 3-11C,USGS CRC,"TC, TOC, HAWK",,E231102-086,10573,,,Green River,Carbonate Marker,7.96,3.68,0.65,14.81,0.43,446,,,,,,,,,,,,,,,,,,,,,,,,,,,,,,,,,,,,,,,,,,,,,,,,,,,,,,,,,,,,,,,,,,,,,,,,,,,,,,,,,,,,,,,
28,43013300090000,40.4138,-110.0725,1-11A2 MECHAM UNIT 3-11C,USGS CRC,"TC, TOC, HAWK",,E231102-087,10575,,,Green River,Carbonate Marker,7.59,1.92,0.72,7.61,0.23,444,,,,,,,,,,,,,,,,,,,,,,,,,,,,,,,,,,,,,,,,,,,,,,,,,,,,,,,,,,,,,,,,,,,,,,,,,,,,,,,,,,,,,,,
28,43013300090000,40.4138,-110.0725,1-11A2 MECHAM UNIT 3-11C,USGS CRC,"TC, TOC, HAWK",,E231102-088,10578,,,Green River,Carbonate Marker,7.92,1.26,2.07,5.48,0.34,437,,,,,,,,,,,,,,,,,,,,,,,,,,,,,,,,,,,,,,,,,,,,,,,,,,,,,,,,,,,,,,,,,,,,,,,,,,,,,,,,,,,,,,,
28,43013300090000,40.4138,-110.0725,1-11A2 MECHAM UNIT 3-11C,USGS CRC,"TC, TOC, HAWK",,E231102-089,10580,,,Green River,Carbonate Marker,3.97,0.23,,,,,,,,,,,,,,,,,,,,,,,,,,,,,,,,,,,,,,,,,,,,,,,,,,,,,,,,,,,,,,,,,,,,,,,,,,,,,,,,,,,,,,,,,,,
28,43013300090000,40.4138,-110.0725,1-11A2 MECHAM UNIT 3-11C,USGS CRC,"TC, TOC, HAWK",,E231102-090,10584,,,Green River,Carbonate Marker,5.91,1.02,0.27,3.45,0.28,443,,,,,,,,,,,,,,,,,,,,,,,,,,,,,,,,,,,,,,,,,,,,,,,,,,,,,,,,,,,,,,,,,,,,,,,,,,,,,,,,,,,,,,,
28,43013300090000,40.4138,-110.0725,1-11A2 MECHAM UNIT 3-11C,USGS CRC,"TC, TOC, HAWK",,E231102-091,10586,,,Green River,Carbonate Marker,3.75,0.97,0.48,3.43,0.23,442,,,,,,,,,,,,,,,,,,,,,,,,,,,,,,,,,,,,,,,,,,,,,,,,,,,,,,,,,,,,,,,,,,,,,,,,,,,,,,,,,,,,,,,
28,43013300090000,40.4138,-110.0725,1-11A2 MECHAM UNIT 3-11C,USGS CRC,"TC, TOC, HAWK",,E231102-092,10589,,,Green River,Carbonate Marker,8.87,1.71,1.33,7.97,0.25,439,,,,,,,,,,,,,,,,,,,,,,,,,,,,,,,,,,,,,,,,,,,,,,,,,,,,,,,,,,,,,,,,,,,,,,,,,,,,,,,,,,,,,,,
28,43013300090000,40.4138,-110.0725,1-11A2 MECHAM UNIT 3-11C,USGS CRC,"TC, TOC, HAWK",,E231102-093,10591,,,Green River,Carbonate Marker,6.54,1.57,0.27,6.83,0.31,438,,,,,,,,,,,,,,,,,,,,,,,,,,,,,,,,,,,,,,,,,,,,,,,,,,,,,,,,,,,,,,,,,,,,,,,,,,,,,,,,,,,,,,,
28,43013300090000,40.4138,-110.0725,1-11A2 MECHAM UNIT 3-11C,USGS CRC,"TC, TOC, HAWK",,E231102-094,10594,,,Green River,Carbonate Marker,9.13,1.77,0.73,7.4,0.24,443,,,,,,,,,,,,,,,,,,,,,,,,,,,,,,,,,,,,,,,,,,,,,,,,,,,,,,,,,,,,,,,,,,,,,,,,,,,,,,,,,,,,,,,
28,43013300090000,40.4138,-110.0725,1-11A2 MECHAM UNIT 3-11C,USGS CRC,"TC, TOC, HAWK",,E231102-095,10597,,,Green River,Carbonate Marker,1.75,0.94,3.27,3.23,0.23,430,,,,,,,,,,,,,,,,,,,,,,,,,,,,,,,,,,,,,,,,,,,,,,,,,,,,,,,,,,,,,,,,,,,,,,,,,,,,,,,,,,,,,,,
28,43013300090000,40.4138,-110.0725,1-11A2 MECHAM UNIT 3-11C,USGS CRC,"TC, TOC, HAWK",,E231102-096,10603,,,Green River,Carbonate Marker,5.46,0.28,,,,,,,,,,,,,,,,,,,,,,,,,,,,,,,,,,,,,,,,,,,,,,,,,,,,,,,,,,,,,,,,,,,,,,,,,,,,,,,,,,,,,,,,,,,
28,43013300090000,40.4138,-110.0725,1-11A2 MECHAM UNIT 3-11C,USGS CRC,"TC, TOC, HAWK",,E231102-097,10606,,,Green River,Carbonate Marker,6.21,0.53,0.72,1.18,0.4,434,,,,,,,,,,,,,,,,,,,,,,,,,,,,,,,,,,,,,,,,,,,,,,,,,,,,,,,,,,,,,,,,,,,,,,,,,,,,,,,,,,,,,,,
28,43013300090000,40.4138,-110.0725,1-11A2 MECHAM UNIT 3-11C,USGS CRC,"TC, TOC, HAWK",,E231102-098,10609,,,Green River,Carbonate Marker,7.24,1.38,0.56,5.61,0.18,438,,,,,,,,,,,,,,,,,,,,,,,,,,,,,,,,,,,,,,,,,,,,,,,,,,,,,,,,,,,,,,,,,,,,,,,,,,,,,,,,,,,,,,,
28,43013300090000,40.4138,-110.0725,1-11A2 MECHAM UNIT 3-11C,USGS CRC,"TC, TOC, HAWK",,E231102-099,10612,,,Green River,Carbonate Marker,5.53,2.07,0.26,9.02,0.31,445,,,,,,,,,,,,,,,,,,,,,,,,,,,,,,,,,,,,,,,,,,,,,,,,,,,,,,,,,,,,,,,,,,,,,,,,,,,,,,,,,,,,,,,
28,43013300090000,40.4138,-110.0725,1-11A2 MECHAM UNIT 3-11C,USGS CRC,"TC, TOC, HAWK",,E231102-100,10615,,,Green River,Carbonate Marker,2.47,0.78,2.83,2.79,0.42,428,,,,,,,,,,,,,,,,,,,,,,,,,,,,,,,,,,,,,,,,,,,,,,,,,,,,,,,,,,,,,,,,,,,,,,,,,,,,,,,,,,,,,,,
28,43013300090000,40.4138,-110.0725,1-11A2 MECHAM UNIT 3-11C,USGS CRC,"TC, TOC, HAWK",,E231102-101,10618,,,Green River,Carbonate Marker,5.77,1.7,0.34,7.24,0.23,443,,,,,,,,,,,,,,,,,,,,,,,,,,,,,,,,,,,,,,,,,,,,,,,,,,,,,,,,,,,,,,,,,,,,,,,,,,,,,,,,,,,,,,,
28,43013300090000,40.4138,-110.0725,1-11A2 MECHAM UNIT 3-11C,USGS CRC,"TC, TOC, HAWK",,E231102-102,10621,,,Green River,Carbonate Marker,4.64,2.09,0.42,9.74,0.19,443,,,,,,,,,,,,,,,,,,,,,,,,,,,,,,,,,,,,,,,,,,,,,,,,,,,,,,,,,,,,,,,,,,,,,,,,,,,,,,,,,,,,,,,
28,43013300090000,40.4138,-110.0725,1-11A2 MECHAM UNIT 3-11C,USGS CRC,"TC, TOC, HAWK",,E231102-103,10623,,,Green River,Carbonate Marker,9.22,2.12,0.68,10.3,0.27,441,,,,,,,,,,,,,,,,,,,,,,,,,,,,,,,,,,,,,,,,,,,,,,,,,,,,,,,,,,,,,,,,,,,,,,,,,,,,,,,,,,,,,,,
28,43013300090000,40.4138,-110.0725,1-11A2 MECHAM UNIT 3-11C,USGS CRC,"TC, TOC, HAWK",,E231102-104,10626,,,Green River,Carbonate Marker,5.07,1.17,0.17,3.93,0.45,445,,,,,,,,,,,,,,,,,,,,,,,,,,,,,,,,,,,,,,,,,,,,,,,,,,,,,,,,,,,,,,,,,,,,,,,,,,,,,,,,,,,,,,,
29,43013300090000,40.4138,-110.0725,1-11A2 MECHAM UNIT 3-11C,USGS CRC,"TC, TOC, HAWK",,E231102-105,10629,,,Green River,Carbonate Marker,4.86,1.08,0.4,3.36,0.25,441,,,,,,,,,,,,,,,,,,,,,,,,,,,,,,,,,,,,,,,,,,,,,,,,,,,,,,,,,,,,,,,,,,,,,,,,,,,,,,,,,,,,,,,
29,43013300090000,40.4138,-110.0725,1-11A2 MECHAM UNIT 3-11C,USGS CRC,"TC, TOC, HAWK",,E231102-106,10632,,,Green River,Carbonate Marker,7.84,1.65,0.94,6.29,0.4,440,,,,,,,,,,,,,,,,,,,,,,,,,,,,,,,,,,,,,,,,,,,,,,,,,,,,,,,,,,,,,,,,,,,,,,,,,,,,,,,,,,,,,,,
29,43013300090000,40.4138,-110.0725,1-11A2 MECHAM UNIT 3-11C,USGS CRC,"TC, TOC, HAWK",,E231102-107,10635,,,Green River,Carbonate Marker,8.83,1.69,0.22,6.12,0.28,443,,,,,,,,,,,,,,,,,,,,,,,,,,,,,,,,,,,,,,,,,,,,,,,,,,,,,,,,,,,,,,,,,,,,,,,,,,,,,,,,,,,,,,,
29,43013512340000,40.1626,-110.4186,Ute Tribal 1 1-2-3-4-5W-H1,UT CRC,"TC, TOC, HAWK, ICP",SGS,E231103-001,6890,,,Green River,Carbonate Marker,5.67,4.47,1.46,6.2,0.27,453,8.82,2.8,4.22,2.4,1.5,0.07,4.01,23.2,0.27,BRL,17,188,536,BRL,1,2,59.5,23.2,71,10.4,98,2.91,1.76,0.81,22,3.5,2,3,0.6,BRL,33.4,58,0.28,294,47,10,25.6,58,53,7.14,146,0.04,1.2,13,4,4.2,3,203,0.8,0.48,0.28,10.1,1.1,0.28,6.02,304,3,17.9,2,149,79.2,,,,,,,,,,,,,,,,,,,,,,,,,,
29,43013512340000,40.1626,-110.4186,Ute Tribal 1 1-2-3-4-5W-H1,UT CRC,"TC, TOC, HAWK, ICP",SGS,E231103-002,6900,,,Green River,Long Point Bed,6.34,1.57,0.64,2.69,0.25,437,4.8,13.9,2.44,1.4,1.18,0.1,2.13,17.1,0.17,BRL,12,69,498,BRL,0.2,0.5,40.9,7.6,37,6.1,27,2.56,1.48,0.7,13,3.07,1,2,0.52,BRL,21.2,33,0.2,399,4,6,19,26,14,4.96,88.1,BRL,1,8,2,3.3,2,385,BRL,0.4,0.05,7.7,0.6,0.21,3.39,92,1,15.2,1.5,92,44.9,,,,,,,,,,,,,,,,,,,,,,,,,,
29,43013512340000,40.1626,-110.4186,Ute Tribal 1 1-2-3-4-5W-H1,UT CRC,"TC, TOC, HAWK, ICP",SGS,E231103-003,6910,,,Green River,Long Point Bed,8.96,1.4,0.93,2.42,0.27,448,3.43,21.5,1.02,0.9,1.75,0.09,0.43,12.4,0.1,BRL,BRL,47,773,BRL,0.2,0.3,24.2,4.9,15,3.4,22,1.42,0.81,0.42,9,1.76,BRL,BRL,0.28,BRL,12.2,26,0.11,275,4,4,11.3,8,8,2.9,54.8,BRL,0.8,BRL,2,2.1,1,493,BRL,0.23,BRL,4.2,BRL,0.11,2.7,65,1,8.5,0.8,46,27.8,,,,,,,,,,,,,,,,,,,,,,,,,,
29,43013512340000,40.1626,-110.4186,Ute Tribal 1 1-2-3-4-5W-H1,UT CRC,"TC, TOC, HAWK, ICP",SGS,E231103-004,6920,,,Green River,Long Point Bed,10.05,3.57,2.14,6.38,0.42,456,4.15,16.3,1.76,1.3,2.62,0.1,0.66,15.3,0.12,BRL,BRL,57,912,BRL,0.2,0.3,28.5,8.4,30,4.8,39,1.71,1.04,0.46,11,2.03,BRL,1,0.37,BRL,15,28,0.15,446,8,6,12.8,19,10,3.44,74.9,BRL,1,6,BRL,2.3,2,696,BRL,0.28,0.06,5.2,BRL,0.15,5.42,122,BRL,10.8,1.1,57,33.8,,,,,,,,,,,,,,,,,,,,,,,,,,
29,43013512340000,40.1626,-110.4186,Ute Tribal 1 1-2-3-4-5W-H1,UT CRC,"TC, TOC, HAWK, ICP",SGS,E231103-005,6925.5,,,Green River,Long Point Bed,6.22,1.78,1.05,3.12,0.27,454,6.26,13,2.29,1.7,1.08,0.09,1.45,18.8,0.27,BRL,10,75,663,BRL,0.3,0.4,73.8,7.2,44,8.7,45,4.2,2.29,1.02,17,5.17,1,2,0.78,BRL,38.4,31,0.32,296,BRL,12,33.6,13,10,9.03,111,BRL,0.5,11,BRL,5.8,3,266,0.7,0.7,BRL,15.1,0.6,0.33,4.5,91,2,22.6,2.3,83,56.5,,,,,,,,,,,,,,,,,,,,,,,,,,
29,43013512340000,40.1626,-110.4186,Ute Tribal 1 1-2-3-4-5W-H1,UT CRC,"TC, TOC, HAWK, ICP",SGS,E231103-006,6930,,,Green River,Castle Peak,12.18,1.39,0.86,1.51,0.32,450,1.11,21.4,3.12,0.4,7.32,0.07,2.11,3.4,0.04,BRL,11,18,787,BRL,BRL,BRL,9.2,3.9,BRL,1.3,16,0.61,0.33,0.15,3,0.73,BRL,BRL,0.12,BRL,4.9,12,0.05,866,BRL,2,4.3,6,12,1.1,20,BRL,0.9,BRL,BRL,0.8,BRL,558,BRL,0.09,BRL,1.7,BRL,BRL,1.01,27,BRL,3.5,0.4,40,13.4,,,,,,,,,,,,,,,,,,,,,,,,,,
29,43013512340000,40.1626,-110.4186,Ute Tribal 1 1-2-3-4-5W-H1,UT CRC,"TC, TOC, HAWK, ICP",SGS,E231103-007,6934,,,Green River,Castle Peak,5.04,2.34,1.33,2.69,0.25,453,5.85,7.4,10.75,1.9,0.85,0.11,10.95,18.1,0.3,BRL,198,72,609,BRL,0.3,0.5,67,14.4,39,6.9,33,4.06,2.38,1.12,15,4.69,1,3,0.8,BRL,34.9,28,0.32,486,14,12,29.1,81,62,7.85,104,BRL,6.3,10,3,5,2,255,1,0.66,0.05,13.4,1.8,0.32,3.77,89,2,24.1,2.2,92,87,,,,,,,,,,,,,,,,,,,,,,,,,,
29,43013512340000,40.1626,-110.4186,Ute Tribal 1 1-2-3-4-5W-H1,UT CRC,"TC, TOC, HAWK, ICP",SGS,E231103-008,6940,,,Green River,Castle Peak,2,0.74,0.66,0.83,0.31,310,8.44,2.8,2.43,2.6,1.38,0.08,0.12,28.5,0.48,BRL,14,83,818,BRL,0.5,0.7,96.9,9.1,56,8.1,51,5.51,3.29,1.36,22,6.21,2,5,1.14,BRL,49.3,60,0.49,334,BRL,21,42.5,20,32,11.34,143,BRL,1.3,14,BRL,7.4,3,170,1.5,0.91,BRL,18.3,0.8,0.48,6.32,118,3,32.8,3.4,156,154,,,,,,,,,,,,,,,,,,,,,,,,,,
29,43013512340000,40.1626,-110.4186,Ute Tribal 1 1-2-3-4-5W-H1,UT CRC,"TC, TOC, HAWK, ICP",SGS,E231103-009,6950,,,Green River,Castle Peak,2.97,0.82,2.15,2.21,0.3,429,4.97,4.2,2.1,1.2,1.28,0.05,0.04,27.4,0.22,BRL,BRL,37,616,BRL,0.1,BRL,52.2,5.4,26,1.6,23,3.12,1.97,0.87,11,3.54,1,7,0.62,BRL,26.5,27,0.32,588,BRL,10,23.8,15,19,6.23,59.6,BRL,0.5,6,BRL,4.2,2,131,0.7,0.5,BRL,8.7,BRL,0.29,2.41,45,1,18.9,2.2,42,258,,,,,,,,,,,,,,,,,,,,,,,,,,
29,43013512340000,40.1626,-110.4186,Ute Tribal 1 1-2-3-4-5W-H1,UT CRC,"TC, TOC, HAWK, ICP",SGS,E231103-010,6961,,,Green River,Castle Peak,1.63,0.71,2.05,2.47,0.22,427,5.35,1.5,1.9,1.3,0.62,0.03,0.02,34.6,0.15,BRL,BRL,33,448,BRL,0.1,BRL,36.5,5.6,21,1.8,16,2.18,1.28,0.67,11,2.76,1,3,0.46,BRL,18.5,38,0.2,400,BRL,8,16.4,12,11,4.32,63.2,BRL,0.7,BRL,BRL,3,1,98,0.5,0.37,BRL,5.2,BRL,0.2,1.63,39,1,13,1.3,40,115,,,,,,,,,,,,,,,,,,,,,,,,,,
29,43013512340000,40.1626,-110.4186,Ute Tribal 1 1-2-3-4-5W-H1,UT CRC,"TC, TOC, HAWK, ICP",SGS,E231103-011,6970,,,Green River,Castle Peak,1.63,0.61,0.2,0.32,0.24,472,9.46,2,3.21,2.9,1.42,0.11,0.04,27.8,0.5,BRL,BRL,90,830,BRL,0.6,0.7,111,7.8,69,9.3,62,7.4,4.19,1.97,25,8.53,2,5,1.46,BRL,55.9,68,0.58,514,BRL,22,49,26,31,12.72,159,BRL,0.8,17,BRL,9,4,183,1.5,1.21,BRL,22.4,0.9,0.59,4.79,152,3,44.8,4.2,165,146,,,,,,,,,,,,,,,,,,,,,,,,,,
29,43013512340000,40.1626,-110.4186,Ute Tribal 1 1-2-3-4-5W-H1,UT CRC,"TC, TOC, HAWK, ICP",SGS,E231103-012,6980,,,Green River,Castle Peak,1.64,0.7,0.21,0.33,0.26,472,9.37,2.1,2.88,2.9,1.39,0.08,0.08,24.2,0.47,BRL,7,85,860,BRL,0.6,0.6,108,19.5,65,11,70,5.6,3.37,1.47,25,6.42,2,3,1.12,BRL,54.7,67,0.46,390,BRL,16,46.1,39,34,12.69,177,BRL,1,15,BRL,7.7,3,180,1.3,0.9,BRL,21.2,1,0.47,4.36,131,3,32.6,3.3,150,106,,,,,,,,,,,,,,,,,,,,,,,,,,
29,43013512340000,40.1626,-110.4186,Ute Tribal 1 1-2-3-4-5W-H1,UT CRC,"TC, TOC, HAWK, ICP",SGS,E231103-013,6990,,,Green River,Castle Peak,2.68,1.6,1.51,2.58,0.23,460,9.76,2.7,3.13,3,1.14,0.09,0.99,24.2,0.4,BRL,37,94,704,BRL,0.7,0.6,116,14.6,70,12.3,86,5.49,3.4,1.38,26,6.37,2,3,1.13,BRL,60.4,53,0.44,305,3,15,51.2,37,33,13.79,177,BRL,3.8,17,BRL,8.5,4,188,1.1,0.93,0.06,24,1,0.48,7.44,174,3,31.5,3.4,162,77.8,,,,,,,,,,,,,,,,,,,,,,,,,,
29,43013512340000,40.1626,-110.4186,Ute Tribal 1 1-2-3-4-5W-H1,UT CRC,"TC, TOC, HAWK, ICP",SGS,E231103-014,7000,,,Green River,Castle Peak,1.72,0.38,,,,,8.46,3.1,2.77,2.4,1.31,0.07,0.36,27.1,0.42,BRL,6,85,1071,BRL,0.5,0.4,100,14.1,57,10.3,57,5.71,3.46,1.36,22,6.62,2,4,1.18,BRL,50.2,54,0.48,380,BRL,18,44.1,32,24,11.78,149,BRL,0.8,14,BRL,7.6,3,202,1.2,0.96,0.06,18.2,0.9,0.49,4.37,124,3,33.6,3.3,129,135,,,,,,,,,,,,,,,,,,,,,,,,,,
29,43013512340000,40.1626,-110.4186,Ute Tribal 1 1-2-3-4-5W-H1,UT CRC,"TC, TOC, HAWK, ICP",SGS,E231103-015,7010,,,Green River,Castle Peak,4.7,2.4,1.67,4.42,0.26,451,7.63,6.1,3.88,2.2,1.08,0.14,1.56,22.9,0.28,BRL,20,76,682,BRL,0.4,0.5,83.8,11,58,10.5,61,4.88,2.62,1.32,21,6.18,2,2,0.94,BRL,42.9,37,0.36,338,5,11,39.4,35,22,10.07,138,BRL,1.5,13,BRL,6.8,3,198,0.8,0.83,BRL,16.6,0.8,0.37,6.85,134,2,26.4,2.5,127,59.9,,,,,,,,,,,,,,,,,,,,,,,,,,
29,43013512340000,40.1626,-110.4186,Ute Tribal 1 1-2-3-4-5W-H1,UT CRC,"TC, TOC, HAWK, ICP",SGS,E231103-016,7020,,,Green River,Castle Peak,8.04,3.16,2.42,5.72,0.28,452,5.49,14.5,1.88,1.5,0.94,0.23,0.93,18.3,0.19,BRL,6,65,699,BRL,0.2,0.3,46,9.2,40,6.8,34,2.77,1.54,0.74,15,3.34,BRL,2,0.54,BRL,23.8,31,0.2,274,6,9,21.4,21,12,5.62,95,BRL,0.9,9,1,3.7,2,364,BRL,0.45,0.09,9.1,0.6,0.21,4.91,106,2,15.4,1.5,48,51.1,,,,,,,,,,,,,,,,,,,,,,,,,,
29,43013512340000,40.1626,-110.4186,Ute Tribal 1 1-2-3-4-5W-H1,UT CRC,"TC, TOC, HAWK, ICP",SGS,E231103-017,7030,,,Green River,Castle Peak,1.82,0.49,0.19,0.28,0.25,469,8.14,2.9,3.23,1.9,1.4,0.08,0.16,26.5,0.43,BRL,18,75,950,BRL,0.5,0.5,96,15.4,58,9,46,5.78,3.28,1.42,21,6.39,2,4,1.16,BRL,47.9,73,0.47,474,BRL,17,43.4,32,27,11.41,119,BRL,1.5,14,BRL,7.6,3,206,1.1,0.92,0.06,17.9,0.7,0.47,4.02,117,3,33.9,3.4,123,134,,,,,,,,,,,,,,,,,,,,,,,,,,
29,43013512340000,40.1626,-110.4186,Ute Tribal 1 1-2-3-4-5W-H1,UT CRC,"TC, TOC, HAWK, ICP",SGS,E231103-018,7040,,,Green River,Castle Peak,5.99,0.89,0.96,2.41,0.19,338,5.42,12.6,3.18,1.4,1.98,0.1,0.94,18.7,0.2,BRL,14,55,708,BRL,0.2,0.2,47.6,17.5,37,6.1,31,2.74,1.61,0.75,15,3.26,1,2,0.54,BRL,25.2,27,0.22,576,BRL,9,21.5,41,19,5.72,90.7,BRL,1.4,9,BRL,3.7,2,312,0.6,0.47,BRL,10,0.5,0.21,3.06,102,1,16,1.5,62,42.8,,,,,,,,,,,,,,,,,,,,,,,,,,
29,43013512340000,40.1626,-110.4186,Ute Tribal 1 1-2-3-4-5W-H1,UT CRC,"TC, TOC, HAWK, ICP",SGS,E231103-019,7050,,,Green River,Castle Peak,8.54,2.12,2.17,4,0.35,451,4.3,19.1,2.22,1,1.09,0.08,0.68,14.6,0.17,BRL,9,46,1988,BRL,0.3,0.3,50.1,7.9,30,5.3,30,3.45,1.8,0.89,12,4.09,BRL,1,0.67,BRL,26.3,39,0.24,321,5,8,23.9,22,17,6.09,66.4,BRL,1.1,7,BRL,4.4,2,367,BRL,0.59,BRL,10.2,BRL,0.27,4.94,72,1,20.5,1.8,62,38.4,,,,,,,,,,,,,,,,,,,,,,,,,,
29,43013512340000,40.1626,-110.4186,Ute Tribal 1 1-2-3-4-5W-H1,UT CRC,"TC, TOC, HAWK, ICP",SGS,E231103-020,7060,,,Green River,Castle Peak,8.36,0.77,0.74,0.89,0.17,457,3.43,22.2,2.4,0.9,1.26,0.11,0.84,12.1,0.17,BRL,8,42,439,BRL,0.2,0.4,35,6.2,26,4.5,21,2.19,1.3,0.62,9,2.65,BRL,1,0.45,BRL,18.1,26,0.18,791,BRL,8,16.3,19,13,4.27,57.5,BRL,0.5,6,BRL,2.9,2,303,BRL,0.37,BRL,7.5,BRL,0.18,1.54,51,1,13.5,1.2,86,40.9,,,,,,,,,,,,,,,,,,,,,,,,,,
29,43013512340000,40.1626,-110.4186,Ute Tribal 1 1-2-3-4-5W-H1,UT CRC,"TC, TOC, HAWK, ICP",SGS,E231103-021,7070,,,Green River,Castle Peak,9.48,1.15,1.09,1.6,0.25,455,2.89,25.79,1.64,0.8,1.03,0.15,0.52,10,0.14,BRL,BRL,32,534,BRL,0.1,0.4,28.7,4.5,28,3.5,13,1.96,1.17,0.58,7,2.5,BRL,1,0.41,BRL,15,20,0.15,902,BRL,6,13.9,11,9,3.51,47.5,BRL,0.4,5,BRL,2.5,1,379,BRL,0.34,BRL,5.5,BRL,0.15,1.24,45,BRL,12.3,1.1,51,32.4,,,,,,,,,,,,,,,,,,,,,,,,,,
29,43013512340000,40.1626,-110.4186,Ute Tribal 1 1-2-3-4-5W-H1,UT CRC,"TC, TOC, HAWK, ICP",SGS,E231103-022,7080,,,Green River,Castle Peak,9.16,2.19,1.36,2.86,0.24,456,3.57,21.2,2.27,0.8,0.94,0.19,0.97,12.8,0.18,BRL,9,40,402,BRL,0.2,0.5,44.4,5.8,29,4.1,23,3.16,1.8,0.82,9,3.62,BRL,1,0.62,BRL,22.7,29,0.24,931,BRL,8,20.6,17,18,5.38,53.7,BRL,0.6,7,BRL,3.9,2,283,BRL,0.54,BRL,8.5,BRL,0.24,2,51,1,19.3,1.7,77,42.2,,,,,,,,,,,,,,,,,,,,,,,,,,
29,43013512340000,40.1626,-110.4186,Ute Tribal 1 1-2-3-4-5W-H1,UT CRC,"TC, TOC, HAWK, ICP",SGS,E231103-023,7090,,,Green River,Castle Peak,9.86,1.29,1.34,1.93,0.39,449,2.56,26.42,1.47,0.7,0.93,0.11,0.43,9.3,0.12,BRL,BRL,30,386,BRL,BRL,0.2,25.7,3.7,22,2.9,25,1.8,1.01,0.48,6,2,BRL,BRL,0.35,BRL,13.5,21,0.14,981,BRL,5,12,5,9,3.09,40.7,BRL,0.3,BRL,BRL,2.3,1,342,BRL,0.29,BRL,5,BRL,0.14,1.29,39,2,11.1,1,44,30.5,,,,,,,,,,,,,,,,,,,,,,,,,,
29,43013512340000,40.1626,-110.4186,Ute Tribal 1 1-2-3-4-5W-H1,UT CRC,"TC, TOC, HAWK, ICP",SGS,E231103-024,7100,,,Green River,Castle Peak,11.84,2.07,1.41,2.57,0.27,456,1.5,30.88,1.11,0.4,0.6,0.21,0.77,5.6,0.07,BRL,15,18,377,BRL,BRL,BRL,14.9,3.7,BRL,1.7,17,1.05,0.56,0.26,4,1.18,BRL,BRL,0.21,BRL,7.8,10,0.08,1464,BRL,3,6.8,6,6,1.77,23.2,BRL,0.2,BRL,BRL,1.3,1,373,BRL,0.16,BRL,3,BRL,0.08,0.74,23,BRL,6.4,0.6,27,18.8,,,,,,,,,,,,,,,,,,,,,,,,,,
29,43013512340000,40.1626,-110.4186,Ute Tribal 1 1-2-3-4-5W-H1,UT CRC,"TC, TOC, HAWK, ICP",SGS,E231103-025,7110,,,Green River,Castle Peak,9.15,1,0.69,1.49,0.2,452,3,24.1,1.54,0.8,1.16,0.09,0.65,10.1,0.14,BRL,BRL,34,359,BRL,0.2,0.3,32,5.1,20,3.8,20,2.03,1.2,0.53,8,2.48,BRL,1,0.41,BRL,16.6,17,0.16,965,BRL,6,14.3,7,11,3.81,48.4,BRL,0.4,6,BRL,2.6,1,353,BRL,0.35,BRL,6.7,BRL,0.17,1.48,47,1,11.9,1.1,46,31.4,,,,,,,,,,,,,,,,,,,,,,,,,,
29,43013512340000,40.1626,-110.4186,Ute Tribal 1 1-2-3-4-5W-H1,UT CRC,"TC, TOC, HAWK, ICP",SGS,E231103-026,7120,,,Green River,Castle Peak,11.16,1.6,1.1,2.04,0.21,455,1.8,29.97,0.99,0.5,0.9,0.25,0.49,7.1,0.08,BRL,10,23,505,BRL,BRL,BRL,15.3,4.2,BRL,2,BRL,1.19,0.62,0.33,5,1.45,BRL,BRL,0.23,BRL,7.7,15,0.09,1017,BRL,3,7.1,10,7,1.94,28.1,BRL,0.3,BRL,BRL,1.5,BRL,539,BRL,0.2,BRL,2.6,BRL,0.09,0.99,23,BRL,7.2,0.6,28,22.7,,,,,,,,,,,,,,,,,,,,,,,,,,
29,43013512340000,40.1626,-110.4186,Ute Tribal 1 1-2-3-4-5W-H1,UT CRC,"TC, TOC, HAWK, ICP",SGS,E231103-027,7130,,,Green River,Castle Peak,9.37,1.03,1.07,1.52,0.29,452,3.04,24.9,2.49,0.8,1.81,0.1,0.63,11.1,0.14,BRL,7,36,525,BRL,0.2,0.3,29.5,5.3,20,3.5,25,2.01,1.16,0.54,8,2.38,BRL,1,0.4,BRL,15.6,25,0.18,1117,BRL,5,13.5,9,9,3.49,45.4,BRL,0.4,6,BRL,2.6,BRL,381,BRL,0.32,BRL,5.7,BRL,0.16,1.8,56,BRL,12.4,1.1,55,34.9,,,,,,,,,,,,,,,,,,,,,,,,,,
29,43013512340000,40.1626,-110.4186,Ute Tribal 1 1-2-3-4-5W-H1,UT CRC,"TC, TOC, HAWK, ICP",SGS,E231103-028,7140,,,Green River,Castle Peak,9.68,1.52,1.42,2.12,0.18,454,3.41,25,1.49,0.9,1.25,0.08,0.49,10.2,0.13,BRL,5,39,467,BRL,0.2,0.4,27.5,4.9,20,4.1,19,1.68,1,0.46,9,2.07,BRL,1,0.32,BRL,14.3,28,0.14,620,2,5,11.7,15,8,3.25,54.5,BRL,0.5,6,1,2.3,BRL,479,BRL,0.28,BRL,4,BRL,0.14,2.33,53,BRL,9.9,0.9,50,34.2,,,,,,,,,,,,,,,,,,,,,,,,,,
29,43013512340000,40.1626,-110.4186,Ute Tribal 1 1-2-3-4-5W-H1,UT CRC,"TC, TOC, HAWK, ICP",SGS,E231103-029,7150,,,Green River,Castle Peak,9.79,0.98,0.59,1.36,0.19,450,2.86,27.87,1.16,0.7,0.89,0.16,0.32,7.9,0.14,BRL,10,35,858,BRL,0.2,0.4,30.3,2.9,18,3.3,15,1.84,1.05,0.49,8,2.07,BRL,1,0.36,BRL,15.6,20,0.15,1419,BRL,6,13.3,7,14,3.59,44.3,BRL,0.5,BRL,BRL,2.4,BRL,461,BRL,0.3,BRL,5.3,BRL,0.15,1.94,49,BRL,10.8,1,49,39.3,,,,,,,,,,,,,,,,,,,,,,,,,,
29,43013512340000,40.1626,-110.4186,Ute Tribal 1 1-2-3-4-5W-H1,UT CRC,"TC, TOC, HAWK, ICP",SGS,E231103-030,7160,,,Green River,Castle Peak,13.05,2.67,1.63,3.62,0.22,457,1.24,32.82,0.66,0.4,0.64,0.15,0.45,4.1,0.06,BRL,5,17,405,BRL,BRL,0.2,12.7,2.7,BRL,1.3,BRL,0.78,0.45,0.2,3,0.91,BRL,BRL,0.16,BRL,6.2,BRL,0.06,1961,BRL,3,5.3,BRL,5,1.48,19.5,BRL,0.2,BRL,1,1,BRL,446,BRL,0.13,BRL,2.4,BRL,0.06,1.36,24,BRL,4.8,0.4,20,19.9,,,,,,,,,,,,,,,,,,,,,,,,,,
29,43013512340000,40.1626,-110.4186,Ute Tribal 1 1-2-3-4-5W-H1,UT CRC,"TC, TOC, HAWK, ICP",SGS,E231103-031,7170,,,Green River,Castle Peak,2.9,,,,,,4.4,7.5,3.69,0.9,1.28,0.06,0.02,24.5,0.21,BRL,BRL,34,225,BRL,0.1,BRL,45.4,3.6,25,1.7,11,3.38,1.84,1.07,11,4.02,2,4,0.64,BRL,23.4,70,0.27,748,BRL,6,20.6,12,11,5.38,44.9,BRL,0.3,7,BRL,4.3,BRL,198,BRL,0.55,BRL,7.6,BRL,0.27,2.22,68,1,20,1.9,41,142,,,,,,,,,,,,,,,,,,,,,,,,,,
29,43013512340000,40.1626,-110.4186,Ute Tribal 1 1-2-3-4-5W-H1,UT CRC,"TC, TOC, HAWK, ICP",SGS,E231103-032,7180,,,Green River,Castle Peak,9.06,2,1.68,3.05,0.3,445,4.13,21.3,2.32,1.3,1.43,0.14,0.41,14,0.15,BRL,8,46,619,BRL,0.1,0.3,30.3,5.3,25,4.4,28,1.92,1.1,0.59,11,2.28,BRL,1,0.38,BRL,15.8,32,0.14,971,BRL,6,13.1,20,10,3.61,71.9,BRL,0.7,7,1,2.5,BRL,537,BRL,0.31,BRL,6.2,BRL,0.16,2.68,70,1,12.1,1.1,53,39.7,,,,,,,,,,,,,,,,,,,,,,,,,,
29,43013512340000,40.1626,-110.4186,Ute Tribal 1 1-2-3-4-5W-H1,UT CRC,"TC, TOC, HAWK, ICP",SGS,E231103-033,7190,,,Green River,Castle Peak,8.42,1.78,1.33,3.36,0.37,437,4.97,20.2,1.72,1.4,1.62,0.11,0.6,13.8,0.2,BRL,7,67,1453,BRL,0.2,0.4,44.3,6.7,34,5.8,25,2.61,1.56,0.69,14,3.05,BRL,2,0.53,BRL,22.1,33,0.21,740,3,7,18.9,23,16,5.18,84.8,BRL,0.6,8,1,3.6,2,594,BRL,0.44,BRL,8.3,BRL,0.22,3.04,84,1,15.3,1.5,78,52.9,,,,,,,,,,,,,,,,,,,,,,,,,,
29,43013512340000,40.1626,-110.4186,Ute Tribal 1 1-2-3-4-5W-H1,UT CRC,"TC, TOC, HAWK, ICP",SGS,E231103-034,7200,,,Green River,Castle Peak,10.33,1.77,1.18,2.51,0.27,453,3.08,26.93,1.27,0.8,1,0.1,0.46,8.9,0.12,BRL,5,39,358,BRL,0.2,0.2,26.1,4.4,16,3.3,16,1.52,0.86,0.42,8,1.83,BRL,BRL,0.3,BRL,13.4,22,0.13,1007,2,5,11.2,9,8,3.14,45.9,BRL,0.4,5,BRL,2.1,BRL,461,BRL,0.25,BRL,5.4,BRL,0.12,2.71,50,BRL,9.4,0.9,37,31.8,,,,,,,,,,,,,,,,,,,,,,,,,,
29,43013512340000,40.1626,-110.4186,Ute Tribal 1 1-2-3-4-5W-H1,UT CRC,"TC, TOC, HAWK, ICP",SGS,E231103-035,7210,,,Green River,Castle Peak,12.34,4.22,2.41,6.67,0.3,457,2.73,25.34,0.9,0.8,1.01,0.25,0.38,10.5,0.11,BRL,BRL,39,491,BRL,0.1,0.2,20.9,4.3,15,2.8,21,1.43,0.84,0.37,7,1.6,BRL,1,0.27,BRL,10.9,29,0.11,664,BRL,4,9.3,10,BRL,2.47,40.2,BRL,0.2,BRL,2,1.8,BRL,694,BRL,0.23,BRL,4,BRL,0.11,2.94,37,BRL,8.3,0.8,30,33.9,,,,,,,,,,,,,,,,,,,,,,,,,,
29,43013512340000,40.1626,-110.4186,Ute Tribal 1 1-2-3-4-5W-H1,UT CRC,"TC, TOC, HAWK, ICP",SGS,E231103-036,7220,,,Green River,Castle Peak,8.72,2.56,2.34,4.41,0.2,453,5.08,12.6,3.42,1.5,4.63,0.1,0.86,16,0.16,BRL,8,73,617,BRL,0.3,0.6,43.9,12.8,38,6,46,3.26,1.79,0.93,13,3.58,1,2,0.62,BRL,22.3,51,0.24,447,17,5,19.5,158,17,5.19,71.8,0.07,0.5,9,5,4.1,BRL,551,BRL,0.53,BRL,7.7,0.6,0.26,14.1,120,1,18.9,1.6,79,51.8,,,,,,,,,,,,,,,,,,,,,,,,,,
29,43013512340000,40.1626,-110.4186,Ute Tribal 1 1-2-3-4-5W-H1,UT CRC,"TC, TOC, HAWK, ICP",SGS,E231103-037,7226.7,,,Green River,Uteland Butte,11.34,1.82,1.89,3.12,0.18,436,1.89,19.3,1.86,0.5,7.08,0.05,0.41,8.9,0.06,BRL,7,33,318,BRL,0.1,0.3,15.3,3.5,BRL,1.7,10,0.96,0.56,0.28,5,1.05,BRL,BRL,0.19,BRL,7.7,29,0.09,405,17,3,6.4,13,BRL,1.82,25,0.07,0.4,BRL,3,1.3,BRL,751,BRL,0.14,BRL,2.5,BRL,0.08,5.61,74,BRL,6.2,0.6,28,22.7,,,,,,,,,,,,,,,,,,,,,,,,,,
29,43013512340000,40.1626,-110.4186,Ute Tribal 1 1-2-3-4-5W-H1,UT CRC,"TC, TOC, HAWK, ICP",SGS,E231103-038,7230,,,Green River,Uteland Butte,5.52,0.9,0.91,1.89,0.26,363,6.57,10.5,3.03,1.9,3.41,0.07,1.65,19.6,0.27,BRL,11,103,452,BRL,0.2,0.4,57,8.7,36,7.4,23,3.31,1.94,0.88,16,3.74,1,2,0.66,BRL,30,48,0.26,383,7,11,24.8,23,19,6.68,88.4,BRL,1.3,10,2,4.5,BRL,600,BRL,0.54,BRL,10.5,0.6,0.26,6.34,114,1,19,1.8,86,76.1,,,,,,,,,,,,,,,,,,,,,,,,,,
29,43013512340000,40.1626,-110.4186,Ute Tribal 1 1-2-3-4-5W-H1,UT CRC,"TC, TOC, HAWK, ICP",SGS,E231103-039,7235,,,Green River,Uteland Butte,9.26,2.9,1.93,4.03,0.25,457,4.36,16.5,1.76,1.3,3.14,0.1,1,16.5,0.18,BRL,10,69,255,BRL,0.1,0.2,30.9,6.6,33,4.6,13,2.07,1.2,0.54,11,2.25,BRL,2,0.4,BRL,16.2,44,0.16,588,BRL,8,13.7,21,10,3.72,68,BRL,0.5,6,2,2.7,BRL,761,BRL,0.32,BRL,6.3,BRL,0.18,1.8,55,BRL,12.4,1.2,50,55.5,,,,,,,,,,,,,,,,,,,,,,,,,,
29,43013512340000,40.1626,-110.4186,Ute Tribal 1 1-2-3-4-5W-H1,UT CRC,"TC, TOC, HAWK, ICP",SGS,E231103-040,7240,,,Green River,Uteland Butte,15.91,8.83,2.46,11.18,0.19,466,2.95,20.7,2.45,0.9,1.36,0.18,2.49,10.7,0.14,BRL,26,52,346,BRL,0.2,0.4,26.9,5.1,19,3.8,12,1.67,1.03,0.48,8,2.04,1,1,0.34,BRL,13.8,33,0.14,1284,4,5,11.7,13,11,3.18,48.5,BRL,0.6,BRL,3,2.4,BRL,535,BRL,0.26,BRL,5.7,BRL,0.14,1.68,52,1,10.2,1,54,41.2,,,,,,,,,,,,,,,,,,,,,,,,,,
29,43013512340000,40.1626,-110.4186,Ute Tribal 1 1-2-3-4-5W-H1,UT CRC,"TC, TOC, HAWK, ICP",SGS,E231103-041,7245,,,Green River,Uteland Butte,6.18,3.55,2.6,7.55,0.21,436,8.3,4.9,3.02,2.7,3.19,0.08,1.8,21.6,0.24,BRL,11,157,354,BRL,0.7,0.8,54,16.9,61,10.1,82,3.02,1.7,0.88,23,3.72,2,2,0.57,BRL,29,82,0.25,270,17,6,23.1,46,29,6.29,130,0.04,1.1,11,2,4.5,BRL,316,BRL,0.53,BRL,11.2,0.8,0.24,8.19,202,1,17.4,1.6,132,73.5,,,,,,,,,,,,,,,,,,,,,,,,,,
29,43013512340000,40.1626,-110.4186,Ute Tribal 1 1-2-3-4-5W-H1,UT CRC,"TC, TOC, HAWK, ICP",SGS,E231103-042,7250,,,Green River,Uteland Butte,9.63,1.88,2.24,5.95,0.24,433,2.72,14.9,2.48,0.9,6.39,0.09,0.26,13.8,0.12,BRL,12,49,606,BRL,0.2,0.4,24.8,4.6,19,2.3,12,1.95,1.05,0.55,7,2.24,BRL,1,0.39,BRL,12.1,47,0.14,507,7,5,11.9,15,10,3.06,38,BRL,0.6,5,BRL,2.4,BRL,592,BRL,0.32,BRL,3.9,BRL,0.14,2.7,47,2,12,1,45,47.6,,,,,,,,,,,,,,,,,,,,,,,,,,
29,43013512340000,40.1626,-110.4186,Ute Tribal 1 1-2-3-4-5W-H1,UT CRC,"TC, TOC, HAWK, ICP",SGS,E231103-043,7255,,,Green River,Uteland Butte,10.11,3.26,2.41,6.57,0.28,440,4.32,12.2,2.51,1.4,6.83,0.03,1.1,15.9,0.13,BRL,12,102,485,BRL,0.4,0.8,29.9,7.4,31,4.6,29,1.82,1.07,0.48,11,2.13,1,2,0.37,BRL,15.8,55,0.15,350,12,6,12.5,27,25,3.43,67.4,0.04,1.2,6,1,2.4,BRL,713,BRL,0.31,0.06,4.9,0.5,0.15,3.16,110,1,11.5,1,76,49.5,,,,,,,,,,,,,,,,,,,,,,,,,,
29,43013512340000,40.1626,-110.4186,Ute Tribal 1 1-2-3-4-5W-H1,UT CRC,"TC, TOC, HAWK, ICP",SGS,E231103-044,7260,,,Green River,Uteland Butte,11.1,0.98,2.47,1.56,0.26,433,0.33,18.7,0.73,0.1,9.9,0.03,0.08,11,0.01,BRL,BRL,11,609,BRL,BRL,BRL,2.5,0.5,BRL,0.1,BRL,0.21,0.14,0.06,BRL,0.24,BRL,BRL,BRL,BRL,0.9,40,BRL,787,BRL,BRL,1.1,BRL,BRL,0.33,3.5,BRL,0.1,BRL,BRL,0.2,BRL,634,BRL,BRL,BRL,0.4,BRL,BRL,0.29,14,BRL,1.5,0.1,9,4.3,,,,,,,,,,,,,,,,,,,,,,,,,,
29,43013512340000,40.1626,-110.4186,Ute Tribal 1 1-2-3-4-5W-H1,UT CRC,"TC, TOC, HAWK, ICP",SGS,E231103-045,7265,,,Green River,Uteland Butte,7.3,2.7,1.9,4.52,0.19,444,5.77,12.7,2.38,1.9,2.39,0.11,1.76,20.3,0.21,BRL,16,101,429,BRL,0.3,0.5,36.1,9.3,44,6.5,36,2.12,1.25,0.62,15,2.49,1,2,0.42,BRL,19.7,71,0.18,242,11,9,15.9,31,12,4.34,91.8,0.03,1.1,8,3,2.9,BRL,571,BRL,0.34,BRL,6.4,0.7,0.19,6.03,125,1,13.5,1.3,103,70.1,,,,,,,,,,,,,,,,,,,,,,,,,,
29,43013512340000,40.1626,-110.4186,Ute Tribal 1 1-2-3-4-5W-H1,UT CRC,"TC, TOC, HAWK, ICP",SGS,E231103-046,7270,,,Green River,Uteland Butte,6.66,3.5,5.56,5.5,0.27,441,8.98,6.8,2.87,3,3.35,0.08,2.15,19.1,0.37,BRL,20,175,592,BRL,0.3,0.6,56.1,14.6,75,9.5,41,2.54,1.68,0.65,24,2.69,2,4,0.52,BRL,32,95,0.27,334,16,15,21.2,44,17,6.37,142,0.04,1.6,11,3,3.5,2,303,0.8,0.39,BRL,11.1,1.1,0.26,4.75,165,2,15.7,1.8,102,124,,,,,,,,,,,,,,,,,,,,,,,,,,
29,43013512340000,40.1626,-110.4186,Ute Tribal 1 1-2-3-4-5W-H1,UT CRC,"TC, TOC, HAWK, ICP",SGS,E231103-047,7275,,,Green River,Uteland Butte,10.6,1.27,3.25,3.33,0.23,434,0.73,17.3,0.68,0.2,8.92,0.03,0.17,13.1,0.02,BRL,BRL,17,472,BRL,BRL,BRL,5,1.2,BRL,0.4,37,0.43,0.26,0.1,2,0.44,BRL,BRL,0.08,BRL,2.2,43,BRL,216,2,1,2.2,5,BRL,0.62,9.1,BRL,0.3,BRL,BRL,0.5,BRL,679,BRL,0.06,BRL,0.7,BRL,BRL,1.4,33,BRL,3,0.3,28,8.9,,,,,,,,,,,,,,,,,,,,,,,,,,
29,43013512340000,40.1626,-110.4186,Ute Tribal 1 1-2-3-4-5W-H1,UT CRC,"TC, TOC, HAWK, ICP",SGS,E231103-048,7280,,,Green River,Uteland Butte,9.54,2.82,2.1,4.96,0.21,447,3.96,16.4,1.55,1.2,4.42,0.11,0.93,14.6,0.17,BRL,15,67,317,BRL,0.2,0.3,28.3,7,32,3.6,19,1.77,1.08,0.49,10,1.98,BRL,2,0.34,BRL,15.3,56,0.16,326,12,6,11.9,20,8,3.39,55.7,0.06,0.5,6,3,2.2,BRL,695,BRL,0.28,BRL,4.7,BRL,0.16,3.52,67,BRL,11,1,63,57.4,,,,,,,,,,,,,,,,,,,,,,,,,,
29,43013512340000,40.1626,-110.4186,Ute Tribal 1 1-2-3-4-5W-H1,UT CRC,"TC, TOC, HAWK, ICP",SGS,E231103-049,7286,,,Green River,Uteland Butte,12.45,1.33,4.58,2.76,0.25,434,0.46,20.7,0.86,0.2,10.43,0.04,0.1,5.8,0.02,BRL,5,11,440,BRL,BRL,BRL,3.4,0.8,BRL,0.3,BRL,0.19,0.14,0.05,1,0.27,BRL,BRL,BRL,BRL,1.3,30,BRL,543,BRL,BRL,1.4,BRL,BRL,0.39,5.8,BRL,0.2,BRL,BRL,0.3,BRL,694,BRL,BRL,BRL,0.6,BRL,BRL,0.52,13,BRL,1.5,0.1,5,7,,,,,,,,,,,,,,,,,,,,,,,,,,
29,43013512340000,40.1626,-110.4186,Ute Tribal 1 1-2-3-4-5W-H1,UT CRC,"TC, TOC, HAWK, ICP",SGS,E231103-050,7290,,,Green River,Uteland Butte,7.25,1.41,1.18,2.59,0.24,434,4.78,18.7,1.49,1.7,1.27,0.11,0.98,17.3,0.2,BRL,9,88,459,BRL,0.2,0.3,37.2,6.8,35,5.6,21,2.38,1.44,0.66,12,2.74,1,2,0.47,BRL,19.6,57,0.2,457,BRL,8,16.3,20,12,4.51,77.6,BRL,0.5,7,1,3.3,BRL,423,BRL,0.4,BRL,7.3,BRL,0.2,2.08,67,1,14.8,1.4,71,64.5,,,,,,,,,,,,,,,,,,,,,,,,,,
29,43013512340000,40.1626,-110.4186,Ute Tribal 1 1-2-3-4-5W-H1,UT CRC,"TC, TOC, HAWK, ICP",SGS,E231103-051,7295,,,Green River,Uteland Butte,6.68,2.04,1.35,3.43,0.34,436,6.15,14,2.31,2.1,1.87,0.09,1.64,19,0.25,BRL,17,105,469,BRL,0.3,0.4,44.2,9.5,46,7.4,35,2.5,1.61,0.63,16,2.96,1,2,0.52,BRL,23.6,71,0.23,410,6,10,18.4,31,15,5.21,103,0.02,0.8,9,3,3.4,1,403,BRL,0.4,BRL,9.5,0.6,0.22,3.73,106,1,15.5,1.5,95,78.3,,,,,,,,,,,,,,,,,,,,,,,,,,
29,43013512340000,40.1626,-110.4186,Ute Tribal 1 1-2-3-4-5W-H1,UT CRC,"TC, TOC, HAWK, ICP",SGS,E231103-052,7300,,,Green River,Uteland Butte,12.56,1.24,3.83,3.01,0.26,436,0.28,22.3,0.62,0.1,9.91,0.03,0.06,4.3,BRL,BRL,BRL,BRL,578,BRL,BRL,BRL,1.8,0.6,BRL,0.3,BRL,0.18,0.1,BRL,BRL,0.17,BRL,BRL,BRL,BRL,1,27,BRL,488,BRL,BRL,0.8,BRL,BRL,0.23,2.8,BRL,BRL,BRL,BRL,0.2,BRL,887,BRL,BRL,BRL,0.2,BRL,BRL,0.44,11,BRL,1.2,BRL,BRL,2.8,,,,,,,,,,,,,,,,,,,,,,,,,,
29,43013512340000,40.1626,-110.4186,Ute Tribal 1 1-2-3-4-5W-H1,UT CRC,"TC, TOC, HAWK, ICP",SGS,E231103-053,7305,,,Green River,Uteland Butte,11.81,2.06,1.23,2.98,0.34,446,1.07,20.8,0.78,0.4,8.01,0.03,0.24,8,0.04,BRL,10,21,273,BRL,BRL,BRL,9,2.2,BRL,1.4,BRL,0.68,0.39,0.19,3,0.78,BRL,BRL,0.12,BRL,4.2,39,BRL,369,3,2,4,9,BRL,1.12,15.2,BRL,0.3,BRL,BRL,0.9,BRL,730,BRL,0.11,BRL,1.1,BRL,0.05,1.65,28,BRL,4.4,0.4,20,10.5,,,,,,,,,,,,,,,,,,,,,,,,,,
29,43013512340000,40.1626,-110.4186,Ute Tribal 1 1-2-3-4-5W-H1,UT CRC,"TC, TOC, HAWK, ICP",SGS,E231103-054,7306,,,Green River,Uteland Butte,14.5,2.13,7.63,6.28,0.44,438,0.16,24.24,0.2,0.1,10.46,0.03,0.03,0.6,BRL,BRL,BRL,12,384,BRL,BRL,BRL,1,0.6,BRL,BRL,BRL,0.07,BRL,BRL,BRL,0.09,BRL,BRL,BRL,BRL,BRL,17,BRL,209,BRL,BRL,0.3,BRL,BRL,0.12,1.7,BRL,BRL,BRL,BRL,0.1,BRL,1218,BRL,BRL,BRL,0.2,BRL,BRL,0.11,BRL,BRL,0.6,BRL,BRL,2.6,,,,,,,,,,,,,,,,,,,,,,,,,,
29,43013512340000,40.1626,-110.4186,Ute Tribal 1 1-2-3-4-5W-H1,UT CRC,"TC, TOC, HAWK, ICP",SGS,E231103-055,7310,,,Green River,Uteland Butte,10.39,1.21,0.72,1.51,0.26,446,2.23,28.16,0.86,0.8,1.63,0.11,0.74,8.1,0.09,BRL,20,39,425,BRL,BRL,BRL,17.7,4.7,BRL,2.3,11,1.25,0.66,0.38,6,1.53,BRL,BRL,0.25,BRL,8.8,46,0.09,838,4,4,8.2,10,6,2.18,38.2,BRL,0.5,BRL,1,1.7,BRL,894,BRL,0.2,BRL,3.3,BRL,0.09,1.64,37,BRL,7.5,0.6,35,26.5,,,,,,,,,,,,,,,,,,,,,,,,,,
29,43013512340000,40.1626,-110.4186,Ute Tribal 1 1-2-3-4-5W-H1,UT CRC,"TC, TOC, HAWK, ICP",SGS,E231103-056,7315,,,Green River,Uteland Butte,11.71,1.69,4.37,4.28,0.27,439,1.23,19.4,0.63,0.4,9.27,0.04,0.42,8.5,0.03,BRL,9,22,392,BRL,BRL,BRL,9.1,1.5,BRL,0.6,BRL,0.6,0.36,0.18,3,0.75,BRL,BRL,0.12,BRL,4.3,38,BRL,241,3,1,4.4,BRL,BRL,1.13,16.3,BRL,0.3,BRL,BRL,0.9,BRL,708,BRL,0.1,BRL,1.4,BRL,0.05,1.25,27,BRL,3.8,0.3,29,10.5,,,,,,,,,,,,,,,,,,,,,,,,,,
29,43013512340000,40.1626,-110.4186,Ute Tribal 1 1-2-3-4-5W-H1,UT CRC,"TC, TOC, HAWK, ICP",SGS,E231103-057,7320,,,Green River,Uteland Butte,11.92,1.78,0.93,2.78,0.23,451,1.04,29.38,0.57,0.4,2.66,0.11,0.44,6.5,0.05,BRL,5,17,1615,BRL,BRL,BRL,8.3,2.4,BRL,0.7,BRL,0.5,0.28,0.12,3,0.58,BRL,BRL,0.09,BRL,3.9,20,BRL,755,BRL,2,3.5,BRL,BRL,0.98,16.5,BRL,0.2,BRL,1,0.7,BRL,963,BRL,0.08,BRL,1.6,BRL,BRL,0.65,18,BRL,3.1,0.3,27,15.8,,,,,,,,,,,,,,,,,,,,,,,,,,
29,43013512340000,40.1626,-110.4186,Ute Tribal 1 1-2-3-4-5W-H1,UT CRC,"TC, TOC, HAWK, ICP",SGS,E231103-058,7325,,,Green River,Uteland Butte,12.39,1.9,1.52,3.43,0.38,448,0.99,31.75,0.35,0.3,1.89,0.11,0.26,4.9,0.04,BRL,7,17,700,BRL,BRL,BRL,8.1,1.9,BRL,0.5,BRL,0.51,0.28,0.14,2,0.63,BRL,BRL,0.1,BRL,3.9,15,BRL,383,BRL,2,3.6,6,BRL,0.99,13.9,BRL,0.2,BRL,BRL,0.7,BRL,1133,BRL,0.09,BRL,1.5,BRL,BRL,0.79,17,BRL,3.2,0.3,14,13.1,,,,,,,,,,,,,,,,,,,,,,,,,,
29,43013512340000,40.1626,-110.4186,Ute Tribal 1 1-2-3-4-5W-H1,UT CRC,"TC, TOC, HAWK, ICP",SGS,E231103-059,7330,,,Green River,Uteland Butte,11.35,1.72,1.04,2.43,0.34,452,1.7,30.73,0.57,0.6,0.97,0.11,0.45,6.6,0.07,BRL,BRL,29,389,BRL,BRL,BRL,13.5,2.8,BRL,1.6,BRL,0.85,0.5,0.26,4,1.02,BRL,BRL,0.17,BRL,6.7,29,0.07,849,BRL,3,5.9,BRL,BRL,1.59,26.4,BRL,0.2,BRL,BRL,1.2,BRL,650,BRL,0.14,BRL,2.6,BRL,0.07,0.87,25,BRL,5.3,0.5,23,23.2,,,,,,,,,,,,,,,,,,,,,,,,,,
29,43013512340000,40.1626,-110.4186,Ute Tribal 1 1-2-3-4-5W-H1,UT CRC,"TC, TOC, HAWK, ICP",SGS,E231103-060,7335,,,Green River,Uteland Butte,9.47,1.96,0.84,3.56,0.29,445,3.41,24.1,1.21,1.1,1.4,0.11,0.88,12.9,0.15,BRL,10,54,560,BRL,0.1,0.4,26.3,5.6,20,3.8,14,1.83,1.1,0.49,9,2.07,BRL,1,0.35,BRL,13.8,42,0.15,700,2,6,11.2,13,9,3.11,54.2,BRL,0.5,5,2,2.3,BRL,707,BRL,0.28,0.05,5.6,BRL,0.15,2.62,65,BRL,11.3,1,59,43.4,,,,,,,,,,,,,,,,,,,,,,,,,,
29,43013512340000,40.1626,-110.4186,Ute Tribal 1 1-2-3-4-5W-H1,UT CRC,"TC, TOC, HAWK, ICP",SGS,E231103-061,7340,,,Green River,Uteland Butte,7.38,1.83,1.25,3.68,0.3,437,4.96,17.3,2.24,1.7,1.68,0.09,1.69,14.9,0.23,BRL,13,81,588,BRL,0.2,0.4,44,7.6,36,6.2,25,2.75,1.54,0.71,13,3.28,1,2,0.54,BRL,23.5,56,0.23,418,3,7,19.2,22,16,5.35,82.1,BRL,0.6,8,2,3.6,BRL,475,BRL,0.44,BRL,9.4,BRL,0.23,2.83,76,1,17.9,1.6,81,67.4,,,,,,,,,,,,,,,,,,,,,,,,,,
29,43013512340000,40.1626,-110.4186,Ute Tribal 1 1-2-3-4-5W-H1,UT CRC,"TC, TOC, HAWK, ICP",SGS,E231103-062,7345,,,Green River,Uteland Butte,8.47,1.23,1.15,2.26,0.28,430,4.14,21.4,1.63,1.4,2.32,0.08,0.86,12.2,0.14,BRL,13,64,457,BRL,0.2,BRL,28.5,6.1,24,5.1,19,1.67,0.96,0.45,11,2.07,BRL,1,0.33,BRL,15,45,0.14,498,3,5,12.2,15,10,3.42,67.9,BRL,0.6,6,1,2.4,BRL,648,BRL,0.29,BRL,6.2,BRL,0.14,3,73,BRL,10.7,1,63,40.5,,,,,,,,,,,,,,,,,,,,,,,,,,
29,43013512340000,40.1626,-110.4186,Ute Tribal 1 1-2-3-4-5W-H1,UT CRC,"TC, TOC, HAWK, ICP",SGS,E231103-063,7351,,,Green River,Uteland Butte,12.21,0.95,2.18,2.39,0.3,440,0.16,20.6,0.17,0.1,11.18,0.02,0.04,6.4,BRL,BRL,BRL,BRL,281,BRL,BRL,BRL,1.2,BRL,BRL,BRL,BRL,BRL,BRL,BRL,BRL,0.08,BRL,BRL,BRL,BRL,0.1,41,BRL,90,BRL,BRL,0.3,BRL,BRL,0.11,1.2,BRL,BRL,BRL,BRL,BRL,BRL,1033,BRL,BRL,BRL,0.2,BRL,BRL,0.15,5,BRL,BRL,BRL,BRL,2.2,,,,,,,,,,,,,,,,,,,,,,,,,,
29,43013512340000,40.1626,-110.4186,Ute Tribal 1 1-2-3-4-5W-H1,UT CRC,"TC, TOC, HAWK, ICP",SGS,E231103-064,7355,,,Green River,Uteland Butte,9.18,2.06,1.07,4.32,0.26,444,3.96,21.8,1.32,1.3,1.71,0.09,0.78,14.2,0.15,BRL,9,63,574,BRL,0.2,0.3,26.8,6.8,23,4.3,20,1.79,1.05,0.47,10,2.06,BRL,1,0.35,BRL,14,43,0.14,362,BRL,6,11.6,19,10,3.13,61.6,BRL,0.5,6,2,2.3,BRL,729,BRL,0.29,BRL,5.5,BRL,0.15,1.64,65,BRL,11.5,1.1,51,44.4,,,,,,,,,,,,,,,,,,,,,,,,,,
29,43013512340000,40.1626,-110.4186,Ute Tribal 1 1-2-3-4-5W-H1,UT CRC,"TC, TOC, HAWK, ICP",SGS,E231103-065,7360,,,Green River,Uteland Butte,9,1.54,1.55,3.58,0.34,439,3.21,23.1,1.16,1.1,1.79,0.08,0.65,13.7,0.11,BRL,9,50,576,BRL,0.1,BRL,23.2,5.4,21,3.3,19,1.6,0.87,0.45,8,2.05,BRL,1,0.31,BRL,11.8,38,0.12,250,5,5,10.7,15,10,2.84,49.5,BRL,0.8,BRL,2,2,BRL,895,BRL,0.26,BRL,4.2,BRL,0.12,2.29,60,BRL,10,0.8,44,37.1,,,,,,,,,,,,,,,,,,,,,,,,,,
29,43013512340000,40.1626,-110.4186,Ute Tribal 1 1-2-3-4-5W-H1,UT CRC,"TC, TOC, HAWK, ICP",SGS,E231103-066,7365,,,Green River,Uteland Butte,8.54,2.12,2.36,6.08,0.26,441,4.42,19.7,1.5,1.5,1.68,0.08,0.75,15.9,0.17,BRL,8,74,477,BRL,0.1,0.3,32.8,5.7,33,5.1,14,2.22,1.33,0.55,11,2.46,1,2,0.42,BRL,17.3,53,0.18,316,2,8,14.5,19,11,3.95,74.2,BRL,0.5,7,2,2.8,BRL,743,BRL,0.34,BRL,6.4,BRL,0.18,2.11,74,BRL,14,1.3,69,56.5,,,,,,,,,,,,,,,,,,,,,,,,,,
29,43013512340000,40.1626,-110.4186,Ute Tribal 1 1-2-3-4-5W-H1,UT CRC,"TC, TOC, HAWK, ICP",SGS,E231103-067,7370,,,Green River,Base Uteland-Wasatch,11.82,1.53,1.13,2.36,0.23,449,1.09,31.39,0.7,0.3,1.54,0.09,0.59,5.6,0.04,BRL,9,17,428,BRL,BRL,BRL,8.8,1.8,BRL,0.6,BRL,0.61,0.35,0.17,3,0.73,BRL,BRL,0.12,BRL,4.2,17,BRL,660,BRL,2,3.8,BRL,BRL,1.06,14.8,BRL,0.2,BRL,BRL,0.7,BRL,851,BRL,0.09,BRL,1.6,BRL,BRL,0.69,22,BRL,4.1,0.4,13,17.5,,,,,,,,,,,,,,,,,,,,,,,,,,
29,43013512340000,40.1626,-110.4186,Ute Tribal 1 1-2-3-4-5W-H1,UT CRC,"TC, TOC, HAWK, ICP",SGS,E231103-068,7375,,,Green River,Base Uteland-Wasatch,11.67,2.4,1.83,3.91,0.21,450,1.59,29.06,0.77,0.5,0.84,0.21,0.63,7.7,0.07,BRL,8,24,525,BRL,BRL,BRL,14.7,2.3,BRL,1.3,BRL,1.1,0.64,0.35,4,1.24,BRL,BRL,0.21,BRL,7.4,23,0.09,793,BRL,3,6.6,BRL,BRL,1.78,20,BRL,0.2,BRL,BRL,1.3,BRL,931,BRL,0.17,BRL,2.5,BRL,0.08,0.72,23,BRL,7.5,0.6,17,24.5,,,,,,,,,,,,,,,,,,,,,,,,,,
29,43013512340000,40.1626,-110.4186,Ute Tribal 1 1-2-3-4-5W-H1,UT CRC,"TC, TOC, HAWK, ICP",SGS,E231103-069,7380,,,Green River,Base Uteland-Wasatch,6.13,1.9,2.57,5.02,0.24,435,5.61,7.6,4.24,2.5,3.93,0.04,2.97,19.5,0.17,BRL,101,97,667,BRL,0.8,0.6,34.8,21.2,56,7.7,62,2.26,1.41,0.58,14,2.5,1,2,0.44,BRL,19.3,70,0.2,331,13,6,15.9,65,55,4.38,94.2,0.03,7.1,9,3,2.9,2,522,BRL,0.35,0.23,7.2,0.9,0.19,5.02,155,BRL,13.5,1.4,103,56.5,,,,,,,,,,,,,,,,,,,,,,,,,,
29,43013512340000,40.1626,-110.4186,Ute Tribal 1 1-2-3-4-5W-H1,UT CRC,"TC, TOC, HAWK, ICP",SGS,E231103-070,7385,,,Green River,Base Uteland-Wasatch,8.43,1.97,2.56,5.27,0.21,441,4.08,13.4,1.52,1.7,4.48,0.05,0.06,16,0.17,BRL,BRL,78,494,BRL,0.2,0.4,30.4,6.4,52,4.4,20,2.18,1.24,0.54,9,2.45,BRL,2,0.43,BRL,16.8,55,0.16,385,8,6,14.2,25,11,3.95,60.2,BRL,0.4,6,BRL,2.7,2,909,BRL,0.34,BRL,5.7,BRL,0.16,3.18,77,BRL,12.3,1.1,66,55.9,,,,,,,,,,,,,,,,,,,,,,,,,,
29,43013512340000,40.1626,-110.4186,Ute Tribal 1 1-2-3-4-5W-H1,UT CRC,"TC, TOC, HAWK, ICP",SGS,E231103-071,7390,,,Green River,Base Uteland-Wasatch,7.75,4.32,4.4,10.82,0.17,448,7.41,5.6,2.14,2.7,3.28,0.03,0.07,20.9,0.22,BRL,BRL,118,618,BRL,0.6,0.7,36,14.5,80,9,67,1.93,1.19,0.52,19,2.02,1,2,0.36,BRL,21.3,88,0.17,235,12,8,15.4,48,17,4.6,106,0.03,0.5,10,BRL,2.7,2,448,0.6,0.3,0.1,6,0.6,0.16,3.86,198,1,11.3,1.2,131,64,,,,,,,,,,,,,,,,,,,,,,,,,,
29,43013512340000,40.1626,-110.4186,Ute Tribal 1 1-2-3-4-5W-H1,UT CRC,"TC, TOC, HAWK, ICP",SGS,E231103-072,7395,,,Green River,Base Uteland-Wasatch,8.82,1.98,2.99,5.46,0.3,434,5.02,11.8,1.97,2.4,6.18,0.06,0.02,13,0.2,BRL,BRL,113,447,BRL,0.5,0.3,32.6,5.8,55,6,26,2.11,1.22,0.58,13,2.36,1,2,0.39,BRL,18,105,0.16,490,3,7,15.4,14,11,4.21,86.2,BRL,0.4,7,BRL,2.8,2,909,0.5,0.32,BRL,6.5,BRL,0.17,2.96,96,2,11.9,1.2,82,61.6,,,,,,,,,,,,,,,,,,,,,,,,,,
29,43013512340000,40.1626,-110.4186,Ute Tribal 1 1-2-3-4-5W-H1,UT CRC,"TC, TOC, HAWK, ICP",SGS,E231103-073,7403,,,Green River,Base Uteland-Wasatch,7.61,2.97,2.86,6.83,0.29,440,6.22,8,2.56,2.8,4.44,0.03,0.13,18.3,0.19,BRL,BRL,107,494,BRL,0.6,0.6,33.9,8.8,67,8.6,70,2.26,1.34,0.6,16,2.52,1,2,0.44,BRL,19.8,96,0.19,338,9,7,15.5,37,19,4.28,96.8,0.03,0.4,9,BRL,3,2,612,BRL,0.36,0.06,7.1,0.5,0.19,5.15,178,1,13.3,1.3,113,52.9,,,,,,,,,,,,,,,,,,,,,,,,,,
29,43013512340000,40.1626,-110.4186,Ute Tribal 1 1-2-3-4-5W-H1,UT CRC,"TC, TOC, HAWK, ICP",SGS,E231103-074,7413,,,Green River,Base Uteland-Wasatch,6.55,2.35,2.1,5.43,0.2,440,5.88,7.4,2.05,2.5,4.12,0.04,0.24,20.9,0.19,BRL,9,107,549,BRL,0.5,0.7,32.8,10.8,65,8.4,51,2.06,1.16,0.55,15,2.28,1,2,0.41,BRL,18.7,93,0.18,325,9,7,14.8,33,15,4.17,100,0.03,1.3,9,BRL,2.8,2,473,BRL,0.32,0.06,6.2,0.5,0.17,4.18,143,BRL,12.2,1.2,142,57.9,,,,,,,,,,,,,,,,,,,,,,,,,,
29,43013512340000,40.1626,-110.4186,Ute Tribal 1 1-2-3-4-5W-H1,UT CRC,"TC, TOC, HAWK, ICP",SGS,E231103-075,7423,,,Green River,Base Uteland-Wasatch,12.72,4.82,2.35,7.84,0.39,452,2.67,19.7,1.23,0.9,3.5,0.14,1.1,10,0.1,BRL,19,44,1559,BRL,0.2,0.6,20.7,8.9,36,3.2,41,1.21,0.72,0.35,6,1.32,BRL,BRL,0.24,BRL,12.4,30,0.1,274,36,4,9,23,9,2.55,36,0.09,0.8,BRL,5,1.7,BRL,1065,BRL,0.19,BRL,3.6,0.7,0.1,6.37,97,BRL,7.2,0.7,56,33.4,,,,,,,,,,,,,,,,,,,,,,,,,,
29,43013512340000,40.1626,-110.4186,Ute Tribal 1 1-2-3-4-5W-H1,UT CRC,"TC, TOC, HAWK, ICP",SGS,E231103-076,7433,,,Green River,Base Uteland-Wasatch,12.98,2.64,0.89,3.25,0.32,460,0.98,32.64,0.4,0.4,0.74,0.1,0.37,3.9,0.05,BRL,BRL,15,448,BRL,BRL,BRL,8.2,2.4,15,2.3,BRL,0.57,0.37,0.17,3,0.71,BRL,BRL,0.1,BRL,4.5,14,BRL,1120,BRL,2,3.8,5,BRL,1.04,16,BRL,0.1,BRL,BRL,0.7,BRL,647,BRL,0.09,BRL,1.5,BRL,BRL,0.54,15,BRL,3.6,0.3,15,17.4,,,,,,,,,,,,,,,,,,,,,,,,,,
29,43013512340000,40.1626,-110.4186,Ute Tribal 1 1-2-3-4-5W-H1,UT CRC,"TC, TOC, HAWK, ICP",SGS,E231103-077,7443,,,Green River,Base Uteland-Wasatch,9.64,0.76,0.61,1.07,0.25,437,2.29,26.99,1.08,0.9,1.79,0.07,0.59,7.6,0.1,BRL,5,29,616,BRL,0.1,0.3,19.6,4.3,31,3.3,17,1.32,0.81,0.36,6,1.5,BRL,BRL,0.25,BRL,10.7,21,0.1,581,BRL,3,8.8,14,7,2.43,40.2,BRL,0.4,BRL,BRL,1.7,BRL,460,BRL,0.22,BRL,4,BRL,0.1,1.03,39,BRL,7.9,0.7,46,27.2,,,,,,,,,,,,,,,,,,,,,,,,,,
29,43013512340000,40.1626,-110.4186,Ute Tribal 1 1-2-3-4-5W-H1,UT CRC,"TC, TOC, HAWK, ICP",SGS,E231103-078,7453,,,Green River,Base Uteland-Wasatch,9.62,0.46,0.27,0.46,0.29,437,2.23,28.78,0.86,0.9,1.35,0.08,0.38,7.3,0.09,BRL,7,27,443,BRL,0.2,0.2,18.7,3.8,29,3.1,17,1.34,0.81,0.35,6,1.44,BRL,BRL,0.25,BRL,10.3,20,0.1,484,BRL,3,8.7,12,6,2.41,43.2,BRL,0.3,BRL,BRL,1.6,BRL,512,BRL,0.21,BRL,3.8,BRL,0.11,1.11,33,BRL,7.5,0.7,38,27.4,,,,,,,,,,,,,,,,,,,,,,,,,,
29,43013512340000,40.1626,-110.4186,Ute Tribal 1 1-2-3-4-5W-H1,UT CRC,"TC, TOC, HAWK, ICP",SGS,E231103-079,7463,,,Green River,Base Uteland-Wasatch,9.51,1.65,1.67,2.44,0.28,441,2.95,23.9,1.77,1.3,1.56,0.11,1.38,9.8,0.13,BRL,16,35,979,BRL,0.2,0.2,22.2,7,43,4.8,23,1.5,0.85,0.42,8,1.78,BRL,1,0.28,BRL,12,22,0.11,465,BRL,4,10.8,21,10,2.9,58.7,BRL,1.3,BRL,1,2.1,BRL,927,BRL,0.24,BRL,4.5,BRL,0.11,1.76,55,BRL,8.6,0.8,52,35.1,,,,,,,,,,,,,,,,,,,,,,,,,,
29,43013512340000,40.1626,-110.4186,Ute Tribal 1 1-2-3-4-5W-H1,UT CRC,"TC, TOC, HAWK, ICP",SGS,E231103-080,7473,,,Green River,Base Uteland-Wasatch,2.18,,,,,,4.35,6.1,1.22,1.4,0.9,0.03,0.49,31.49,0.15,BRL,BRL,35,927,BRL,BRL,BRL,30.1,5.4,38,2,BRL,2.02,1.06,0.72,9,2.59,1,3,0.36,BRL,17,31,0.14,320,BRL,7,13.7,17,10,3.85,55.3,BRL,0.6,BRL,BRL,2.7,BRL,290,0.5,0.35,BRL,4.8,BRL,0.14,1.27,40,BRL,11.6,1,32,91.3,,,,,,,,,,,,,,,,,,,,,,,,,,
29,43013512340000,40.1626,-110.4186,Ute Tribal 1 1-2-3-4-5W-H1,UT CRC,"TC, TOC, HAWK, ICP",SGS,E231103-081,7483,,,Green River,Base Uteland-Wasatch,1.02,0.48,1.21,1.34,0.35,436,5.21,1.4,0.99,1.7,0.65,0.03,0.14,36.2,0.13,BRL,BRL,37,583,BRL,0.2,BRL,29.2,6.5,42,1.9,56,1.41,0.81,0.54,11,1.64,1,2,0.25,BRL,16.6,32,0.12,106,BRL,5,12.6,16,13,3.59,67.9,BRL,0.6,BRL,BRL,2.1,2,134,BRL,0.23,BRL,4.1,BRL,0.12,1.46,47,1,8.1,0.8,65,66.2,,,,,,,,,,,,,,,,,,,,,,,,,,
29,43013512340000,40.1626,-110.4186,Ute Tribal 1 1-2-3-4-5W-H1,UT CRC,"TC, TOC, HAWK, ICP",SGS,E231103-082,7493,,,Green River,Base Uteland-Wasatch,5.44,2.39,2.13,4.12,0.24,446,7.06,9,3.32,2.8,1.58,0.19,2.1,20.2,0.29,BRL,24,77,617,BRL,0.7,0.7,61.7,11.8,73,10.8,55,4.79,2.57,1.45,19,5.5,2,3,0.89,BRL,33.6,46,0.31,423,3,10,30.2,39,20,8.28,137,BRL,1.4,11,2,6.2,2,250,0.7,0.8,0.06,12,0.9,0.33,3.88,118,3,26.7,2.3,128,84.5,,,,,,,,,,,,,,,,,,,,,,,,,,
29,43013512340000,40.1626,-110.4186,Ute Tribal 1 1-2-3-4-5W-H1,UT CRC,"TC, TOC, HAWK, ICP",SGS,E231103-083,7503,,,Green River,Base Uteland-Wasatch,3.63,,,,,,3.63,8.3,2.5,1.2,2.16,0.04,0.79,26.3,0.16,BRL,29,30,11600,BRL,BRL,BRL,39.6,6.8,43,2.3,BRL,3.02,1.71,0.75,7,3.31,1,5,0.57,BRL,21.5,33,0.21,677,33,7,18.5,22,11,5.13,48.3,BRL,1.2,BRL,BRL,3.8,BRL,470,0.6,0.49,BRL,6.1,BRL,0.24,2.4,46,1,18.8,1.5,32,177,,,,,,,,,,,,,,,,,,,,,,,,,,
29,43013512340000,40.1626,-110.4186,Ute Tribal 1 1-2-3-4-5W-H1,UT CRC,"TC, TOC, HAWK, ICP",SGS,E231103-084,7513,,,Green River,Base Uteland-Wasatch,1.25,0.33,,,,,4.94,2.9,0.8,1.3,0.46,0.03,0.22,34.9,0.09,BRL,BRL,32,2160,BRL,BRL,BRL,24.9,5.1,34,1.7,BRL,1.71,1,0.65,10,1.88,1,2,0.31,BRL,14.6,32,0.12,179,3,4,11.1,13,13,3.17,56.8,BRL,0.7,BRL,BRL,2.1,BRL,224,BRL,0.28,BRL,3.4,BRL,0.12,1.34,41,BRL,10.3,0.8,30,56.5,,,,,,,,,,,,,,,,,,,,,,,,,,
29,43013512340000,40.1626,-110.4186,Ute Tribal 1 1-2-3-4-5W-H1,UT CRC,"TC, TOC, HAWK, ICP",SGS,E231103-085,7523,,,Green River,Base Uteland-Wasatch,7.38,0.78,0.47,1.25,0.23,400,4.71,20.6,1.62,1.9,1.5,0.18,0.31,12.7,0.17,BRL,27,51,351,BRL,0.2,BRL,35.7,9.9,54,6.5,32,3.2,1.69,1.51,12,4.16,1,2,0.59,BRL,20.6,37,0.19,730,BRL,7,17.3,29,14,4.7,92.9,0.03,1.2,7,1,4.2,1,559,BRL,0.55,0.05,6.7,0.6,0.22,2.6,65,1,19.9,1.5,48,56.8,,,,,,,,,,,,,,,,,,,,,,,,,,
29,43013512340000,40.1626,-110.4186,Ute Tribal 1 1-2-3-4-5W-H1,UT CRC,"TC, TOC, HAWK, ICP",SGS,E231103-086,7533,,,Green River,Base Uteland-Wasatch,11.73,7.42,6.73,11.69,0.25,453,5.58,12.1,2.68,2.3,1.79,0.2,1.26,16.4,0.24,BRL,12,66,484,BRL,0.2,0.5,41.7,11.5,61,8.1,53,3.01,1.71,0.75,15,3.31,2,2,0.56,BRL,22.8,42,0.24,573,2,8,19.5,34,14,5.52,109,BRL,1.1,9,6,3.8,2,364,0.6,0.48,BRL,7.9,0.8,0.24,3.37,84,1,16.7,1.7,105,75,,,,,,,,,,,,,,,,,,,,,,,,,,
29,43013512340000,40.1626,-110.4186,Ute Tribal 1 1-2-3-4-5W-H1,UT CRC,"TC, TOC, HAWK, ICP",SGS,E231103-087,7543,,,Green River,Base Uteland-Wasatch,11.98,0.26,,,,,0.06,37.88,0.66,0.1,0.61,0.08,0.23,0.4,BRL,BRL,16,BRL,567,BRL,BRL,BRL,0.8,3.4,BRL,0.2,18,0.06,BRL,BRL,BRL,0.08,BRL,BRL,BRL,BRL,0.5,BRL,BRL,905,3,BRL,0.4,7,BRL,0.09,1.2,BRL,1.2,BRL,BRL,BRL,BRL,994,BRL,BRL,BRL,0.1,BRL,BRL,1.52,7,BRL,0.6,BRL,18,1.9,,,,,,,,,,,,,,,,,,,,,,,,,,
29,43013512340000,40.1626,-110.4186,Ute Tribal 1 1-2-3-4-5W-H1,UT CRC,"TC, TOC, HAWK, ICP",SGS,E231103-088,7553,,,Green River,Base Uteland-Wasatch,7.36,1.08,0.77,2.28,0.34,428,5.21,17.1,1.53,2.1,2.93,0.19,0.5,14,0.23,BRL,12,57,1003,BRL,0.1,0.3,34.8,7.2,52,7.3,20,2.53,1.53,0.69,13,2.91,1,2,0.47,BRL,19,29,0.18,607,2,7,17.3,22,10,4.6,98.8,BRL,0.9,8,2,3.4,1,552,0.5,0.39,BRL,7,0.6,0.2,2.7,77,1,13.6,1.3,65,63.6,,,,,,,,,,,,,,,,,,,,,,,,,,
29,43013512340000,40.1626,-110.4186,Ute Tribal 1 1-2-3-4-5W-H1,UT CRC,"TC, TOC, HAWK, ICP",SGS,E231103-089,7563,,,Green River,Base Uteland-Wasatch,9.72,2.28,2.76,3.98,0.38,443,3.47,21.8,1.39,1.4,1.45,0.08,0.68,11.6,0.15,BRL,BRL,37,945,BRL,0.1,0.2,26.9,5.5,42,4.7,17,1.85,1.11,0.5,9,2.03,BRL,2,0.36,BRL,14.9,20,0.15,723,BRL,6,12.4,23,7,3.43,61.6,BRL,0.4,5,BRL,2.2,BRL,877,BRL,0.3,BRL,5.3,BRL,0.15,2.11,51,BRL,10.9,1.1,44,57.1,,,,,,,,,,,,,,,,,,,,,,,,,,
29,43013512340000,40.1626,-110.4186,Ute Tribal 1 1-2-3-4-5W-H1,UT CRC,"TC, TOC, HAWK, ICP",SGS,E231103-090,7573,,,Green River,Base Uteland-Wasatch,2.41,0.67,0.23,0.22,0.25,467,8.78,4.2,3.14,2.9,2.21,0.07,0.47,24.9,0.44,BRL,8,82,379,BRL,0.7,0.8,83,15.4,93,11.6,71,3.7,2.36,0.91,25,3.73,2,4,0.72,BRL,47.1,101,0.33,470,BRL,15,35.2,42,45,10.22,143,BRL,1.8,15,BRL,5.2,3,222,1.1,0.55,0.08,18.4,0.9,0.34,3.39,176,3,22.5,2.4,203,119,,,,,,,,,,,,,,,,,,,,,,,,,,
29,43013512340000,40.1626,-110.4186,Ute Tribal 1 1-2-3-4-5W-H1,UT CRC,"TC, TOC, HAWK, ICP",SGS,E231103-091,7583,,,Green River,Base Uteland-Wasatch,2.34,,,,,,4.67,6.7,1.57,1.2,0.93,0.04,0.59,30.14,0.16,BRL,5,37,953,BRL,BRL,BRL,31.9,6.4,41,2.5,14,1.81,1.05,0.63,10,2.09,1,2,0.36,BRL,17.9,48,0.15,689,3,6,14.2,19,16,4.02,52.3,BRL,0.9,BRL,BRL,2.6,BRL,272,BRL,0.29,BRL,5.6,BRL,0.14,1.63,53,BRL,11.3,1.1,118,86.4,,,,,,,,,,,,,,,,,,,,,,,,,,
29,43013512340000,40.1626,-110.4186,Ute Tribal 1 1-2-3-4-5W-H1,UT CRC,"TC, TOC, HAWK, ICP",SGS,E231103-092,7587.8,,,Green River,Base Uteland-Wasatch,31.96,30.65,4.91,27.22,1.14,471,5.02,2.6,5.2,1.3,0.56,0.16,4.78,15.2,0.22,BRL,136,46,723,BRL,0.4,1.8,57.7,13.8,65,9.3,78,4.93,2.82,1.44,15,5.48,4,2,1,BRL,29.9,53,0.42,243,28,10,26.4,54,36,6.56,75.8,0.02,6,11,9,5.2,2,151,0.7,0.85,0.1,11.4,1.1,0.42,23.14,328,2,29.8,2.7,206,92.3,,,,,,,,,,,,,,,,,,,,,,,,,,
29,43013512340000,40.1626,-110.4186,Ute Tribal 1 1-2-3-4-5W-H1,UT CRC,"TC, TOC, HAWK, ICP",SGS,E231103-093,7603,,,Green River,Base Uteland-Wasatch,11.19,0.32,,,,,0.92,31.56,1.07,0.4,2.5,0.08,0.33,3.4,0.04,BRL,7,13,281,BRL,BRL,BRL,7.6,1.8,17,1,BRL,0.54,0.31,0.3,2,0.66,BRL,BRL,0.11,BRL,4.2,BRL,BRL,1251,4,1,3.5,5,BRL,1.02,14.3,BRL,0.3,BRL,1,0.8,BRL,425,BRL,0.09,BRL,1.4,BRL,BRL,3.03,19,BRL,3.7,0.3,15,14.1,,,,,,,,,,,,,,,,,,,,,,,,,,
29,43013512340000,40.1626,-110.4186,Ute Tribal 1 1-2-3-4-5W-H1,UT CRC,"TC, TOC, HAWK, ICP",SGS,E231103-094,7610.8,,,Green River,Base Uteland-Wasatch,17.38,16.66,4.83,14.73,0.79,465,6.09,1.8,5.65,1.6,0.7,0.59,5.48,20.1,0.32,BRL,90,61,545,BRL,0.4,0.6,81.1,13.3,76,10.2,66,12.7,6.27,7.36,16,16.9,2,4,2.31,BRL,41,55,0.56,146,25,12,41.2,53,20,10.75,89.8,0.08,6.3,10,10,10,2,186,0.8,2.25,0.15,12.7,1.4,0.73,58.9,187,2,93.6,4.4,118,141,,,,,,,,,,,,,,,,,,,,,,,,,,
29,43013512340000,40.1626,-110.4186,Ute Tribal 1 1-2-3-4-5W-H1,UT CRC,"TC, TOC, HAWK, ICP",SGS,E231103-095,7623,,,Green River,Base Uteland-Wasatch,3.23,0.61,0.11,0.18,0.34,496,7.29,6.7,3.42,2.3,2.2,0.08,0.04,23.4,0.4,BRL,BRL,70,1079,BRL,0.4,0.7,73.1,14,89,9.5,41,4.39,2.77,1.07,20,4.48,2,4,0.86,BRL,39.3,68,0.37,536,BRL,14,32.9,47,18,9.32,118,BRL,0.5,12,BRL,5.5,2,197,1,0.68,0.06,15,0.7,0.37,3.15,130,2,26.4,2.6,149,127,,,,,,,,,,,,,,,,,,,,,,,,,,
29,43013512340000,40.1626,-110.4186,Ute Tribal 1 1-2-3-4-5W-H1,UT CRC,"TC, TOC, HAWK, ICP",SGS,E231103-096,7633,,,Green River,Base Uteland-Wasatch,1.18,0.4,,,,,8.66,2.1,3.49,2.8,1.49,0.08,0.05,29.1,0.4,BRL,BRL,73,1387,BRL,0.5,0.2,73.6,10.6,89,12.6,67,3.96,2.61,1.04,23,3.84,2,4,0.84,BRL,40.1,71,0.39,250,BRL,15,33.2,42,28,8.3,152,BRL,0.9,13,1,4.9,2,182,1.1,0.59,0.06,17,0.9,0.37,9.59,211,5,25.1,2.7,125,134,,,,,,,,,,,,,,,,,,,,,,,,,,
29,43013512340000,40.1626,-110.4186,Ute Tribal 1 1-2-3-4-5W-H1,UT CRC,"TC, TOC, HAWK, ICP",SGS,E231103-097,7643,,,Green River,Base Uteland-Wasatch,2.42,0.26,,,,,7.32,5.3,4.13,2.3,2.13,0.07,0.03,26,0.38,BRL,BRL,65,727,BRL,0.4,0.6,70.5,14.4,77,9.9,68,4.46,2.78,1.15,19,4.81,2,3,0.89,BRL,37.2,66,0.37,592,BRL,13,30.6,46,14,7.93,125,BRL,0.6,13,BRL,5.4,2,204,1,0.73,0.07,14.8,0.8,0.37,3.28,143,3,26.5,2.6,148,102,,,,,,,,,,,,,,,,,,,,,,,,,,
29,43013512340000,40.1626,-110.4186,Ute Tribal 1 1-2-3-4-5W-H1,UT CRC,"TC, TOC, HAWK, ICP",SGS,E231103-098,7653,,,Green River,Base Uteland-Wasatch,3.12,,,,,,4.37,8.4,1.2,0.9,1.23,0.05,0.06,28.3,0.19,BRL,BRL,33,2226,BRL,0.1,0.6,36.2,4.5,44,2.3,19,2.72,1.59,0.81,9,3.27,1,4,0.52,BRL,19.8,26,0.2,820,BRL,7,17.2,18,17,4.76,40.6,BRL,0.4,BRL,BRL,3.5,BRL,267,0.6,0.45,BRL,5.8,BRL,0.21,1.8,52,1,16.8,1.5,45,131,,,,,,,,,,,,,,,,,,,,,,,,,,
29,43013512340000,40.1626,-110.4186,Ute Tribal 1 1-2-3-4-5W-H1,UT CRC,"TC, TOC, HAWK, ICP",SGS,E231103-099,7663,,,Green River,Base Uteland-Wasatch,2.11,0.27,,,,,8.12,4.4,3.4,2.6,2.23,0.07,0.39,25.7,0.41,BRL,12,73,1847,BRL,0.4,0.5,78.9,19.9,85,11.4,47,4.22,2.64,1.06,22,4.5,2,3,0.82,BRL,41.7,68,0.37,392,BRL,15,34.8,53,22,9.89,139,BRL,3.8,13,BRL,6.2,2,194,1,0.66,0.08,16.4,0.9,0.34,3.23,148,3,25.4,2.6,120,113,,,,,,,,,,,,,,,,,,,,,,,,,,
29,43013512340000,40.1626,-110.4186,Ute Tribal 1 1-2-3-4-5W-H1,UT CRC,"TC, TOC, HAWK, ICP",SGS,E231103-100,7669,,,Green River,Base Uteland-Wasatch,11.31,3.8,2.92,5.7,0.31,454,2.93,22.2,1.32,1.1,0.84,0.13,0.9,11.3,0.1,BRL,24,26,473,BRL,0.6,0.3,24.8,6.3,34,4,35,1.68,0.97,0.46,8,2,BRL,1,0.34,BRL,13.1,15,0.13,593,8,4,11.9,23,13,2.95,51.9,0.03,5.6,BRL,5,2.2,BRL,336,BRL,0.29,0.1,4.6,0.7,0.14,6.78,71,2,10.2,0.9,56,29.7,,,,,,,,,,,,,,,,,,,,,,,,,,
29,43013512340000,40.1626,-110.4186,Ute Tribal 1 1-2-3-4-5W-H1,UT CRC,"TC, TOC, HAWK, ICP",SGS,E231103-101,7683,,,Green River,Base Uteland-Wasatch,9.38,1.64,1.21,2.64,0.26,446,3.21,22.9,1.16,1,1.38,0.08,0.42,10.8,0.13,BRL,24,29,499,BRL,0.2,0.2,28.7,3.9,32,4.2,20,1.99,1.09,0.5,8,2.23,BRL,1,0.4,BRL,14.9,21,0.15,487,4,5,13.6,13,9,3.37,53.7,BRL,1.1,5,2,2.5,BRL,507,BRL,0.32,BRL,5.6,BRL,0.15,5.36,57,1,10.8,1,57,35.5,,,,,,,,,,,,,,,,,,,,,,,,,,
29,43013203160000,40.4229,-110.0927,1-33-3 BLANCHARD,USGS CRC,"TC, TOC, HAWK",,E231104-001,8927,,,Green River,Parachute Creek,6.7,0.74,0.17,2.85,0.37,444,,,,,,,,,,,,,,,,,,,,,,,,,,,,,,,,,,,,,,,,,,,,,,,,,,,,,,,,,,,,,,,,,,,,,,,,,,,,,,,,,,,,,,,
29,43013203160000,40.4229,-110.0927,1-33-3 BLANCHARD,USGS CRC,"TC, TOC, HAWK",,E231104-002,8933,,,Green River,Parachute Creek,7.29,,,,,,,,,,,,,,,,,,,,,,,,,,,,,,,,,,,,,,,,,,,,,,,,,,,,,,,,,,,,,,,,,,,,,,,,,,,,,,,,,,,,,,,,,,,,
29,43013203160000,40.4229,-110.0927,1-33-3 BLANCHARD,USGS CRC,"TC, TOC, HAWK",,E231104-003,8934,,,Green River,Parachute Creek,1.83,0.55,2.68,1.97,0.25,427,,,,,,,,,,,,,,,,,,,,,,,,,,,,,,,,,,,,,,,,,,,,,,,,,,,,,,,,,,,,,,,,,,,,,,,,,,,,,,,,,,,,,,,
30,43013203160000,40.4229,-110.0927,1-33-3 BLANCHARD,USGS CRC,"TC, TOC, HAWK",,E231104-004,8941,,,Green River,Parachute Creek,5.69,,,,,,,,,,,,,,,,,,,,,,,,,,,,,,,,,,,,,,,,,,,,,,,,,,,,,,,,,,,,,,,,,,,,,,,,,,,,,,,,,,,,,,,,,,,,
30,43013203160000,40.4229,-110.0927,1-33-3 BLANCHARD,USGS CRC,"TC, TOC, HAWK",,E231104-005,8956,,,Green River,Parachute Creek,1.7,0.48,1.82,1.48,0.24,430,,,,,,,,,,,,,,,,,,,,,,,,,,,,,,,,,,,,,,,,,,,,,,,,,,,,,,,,,,,,,,,,,,,,,,,,,,,,,,,,,,,,,,,
30,43013203160000,40.4229,-110.0927,1-33-3 BLANCHARD,USGS CRC,"TC, TOC, HAWK",,E231104-006,8957,,,Green River,Parachute Creek,5.63,,,,,,,,,,,,,,,,,,,,,,,,,,,,,,,,,,,,,,,,,,,,,,,,,,,,,,,,,,,,,,,,,,,,,,,,,,,,,,,,,,,,,,,,,,,,
30,43013203160000,40.4229,-110.0927,1-33-3 BLANCHARD,USGS CRC,"TC, TOC, HAWK",,E231104-007,8960,,,Green River,Parachute Creek,8.2,,,,,,,,,,,,,,,,,,,,,,,,,,,,,,,,,,,,,,,,,,,,,,,,,,,,,,,,,,,,,,,,,,,,,,,,,,,,,,,,,,,,,,,,,,,,
30,43013203160000,40.4229,-110.0927,1-33-3 BLANCHARD,USGS CRC,"TC, TOC, HAWK",,E231104-008,8965,,,Green River,Parachute Creek,7.71,0.83,0.11,3.49,0.39,445,,,,,,,,,,,,,,,,,,,,,,,,,,,,,,,,,,,,,,,,,,,,,,,,,,,,,,,,,,,,,,,,,,,,,,,,,,,,,,,,,,,,,,,
30,43013203160000,40.4229,-110.0927,1-33-3 BLANCHARD,USGS CRC,"TC, TOC, HAWK",,E231104-009,8967,,,Green River,Parachute Creek,2.47,0.45,1.85,1.53,0.31,429,,,,,,,,,,,,,,,,,,,,,,,,,,,,,,,,,,,,,,,,,,,,,,,,,,,,,,,,,,,,,,,,,,,,,,,,,,,,,,,,,,,,,,,
30,43013203160000,40.4229,-110.0927,1-33-3 BLANCHARD,USGS CRC,"TC, TOC, HAWK",,E231104-010,8970,,,Green River,Parachute Creek,2.12,0.4,,,,,,,,,,,,,,,,,,,,,,,,,,,,,,,,,,,,,,,,,,,,,,,,,,,,,,,,,,,,,,,,,,,,,,,,,,,,,,,,,,,,,,,,,,,
30,43013203160000,40.4229,-110.0927,1-33-3 BLANCHARD,USGS CRC,"TC, TOC, HAWK",,E231104-011,8992,,,Green River,Parachute Creek,5.91,1.03,0.26,1.97,0.36,443,,,,,,,,,,,,,,,,,,,,,,,,,,,,,,,,,,,,,,,,,,,,,,,,,,,,,,,,,,,,,,,,,,,,,,,,,,,,,,,,,,,,,,,
30,43013203160000,40.4229,-110.0927,1-33-3 BLANCHARD,USGS CRC,"TC, TOC, HAWK",,E231104-012,9006,,,Green River,Parachute Creek,1.81,0.32,,,,,,,,,,,,,,,,,,,,,,,,,,,,,,,,,,,,,,,,,,,,,,,,,,,,,,,,,,,,,,,,,,,,,,,,,,,,,,,,,,,,,,,,,,,
30,43013203160000,40.4229,-110.0927,1-33-3 BLANCHARD,USGS CRC,"TC, TOC, HAWK",,E231104-013,9007,,,Green River,Parachute Creek,3.87,1.33,0.34,3.51,0.37,435,,,,,,,,,,,,,,,,,,,,,,,,,,,,,,,,,,,,,,,,,,,,,,,,,,,,,,,,,,,,,,,,,,,,,,,,,,,,,,,,,,,,,,,
30,43013203160000,40.4229,-110.0927,1-33-3 BLANCHARD,USGS CRC,"TC, TOC, HAWK",,E231104-014,9010,,,Green River,Parachute Creek,2.37,0.89,4.1,3.12,0.42,428,,,,,,,,,,,,,,,,,,,,,,,,,,,,,,,,,,,,,,,,,,,,,,,,,,,,,,,,,,,,,,,,,,,,,,,,,,,,,,,,,,,,,,,
30,43013203160000,40.4229,-110.0927,1-33-3 BLANCHARD,USGS CRC,"TC, TOC, HAWK",,E231104-015,9019,,,Green River,Parachute Creek,1.89,0.43,,,,,,,,,,,,,,,,,,,,,,,,,,,,,,,,,,,,,,,,,,,,,,,,,,,,,,,,,,,,,,,,,,,,,,,,,,,,,,,,,,,,,,,,,,,
30,43013203160000,40.4229,-110.0927,1-33-3 BLANCHARD,USGS CRC,"TC, TOC, HAWK",,E231104-016,9023,,,Green River,Parachute Creek,8.78,,,,,,,,,,,,,,,,,,,,,,,,,,,,,,,,,,,,,,,,,,,,,,,,,,,,,,,,,,,,,,,,,,,,,,,,,,,,,,,,,,,,,,,,,,,,
30,43013203160000,40.4229,-110.0927,1-33-3 BLANCHARD,USGS CRC,"TC, TOC, HAWK",,E231104-017,9025.5,,,Green River,Parachute Creek,3.38,,,,,,,,,,,,,,,,,,,,,,,,,,,,,,,,,,,,,,,,,,,,,,,,,,,,,,,,,,,,,,,,,,,,,,,,,,,,,,,,,,,,,,,,,,,,
30,43013203160000,40.4229,-110.0927,1-33-3 BLANCHARD,USGS CRC,"TC, TOC, HAWK",,E231104-018,9031.2,,,Green River,Parachute Creek,2.17,0.45,,,,,,,,,,,,,,,,,,,,,,,,,,,,,,,,,,,,,,,,,,,,,,,,,,,,,,,,,,,,,,,,,,,,,,,,,,,,,,,,,,,,,,,,,,,
30,43013203160000,40.4229,-110.0927,1-33-3 BLANCHARD,USGS CRC,"TC, TOC, HAWK",,E231104-019,9035,,,Green River,Parachute Creek,6.81,1.71,0.6,5.95,0.4,445,,,,,,,,,,,,,,,,,,,,,,,,,,,,,,,,,,,,,,,,,,,,,,,,,,,,,,,,,,,,,,,,,,,,,,,,,,,,,,,,,,,,,,,
30,43013203160000,40.4229,-110.0927,1-33-3 BLANCHARD,USGS CRC,"TC, TOC, HAWK",,E231104-020,9038,,,Green River,Parachute Creek,2.35,0.7,2.9,2.64,0.14,429,,,,,,,,,,,,,,,,,,,,,,,,,,,,,,,,,,,,,,,,,,,,,,,,,,,,,,,,,,,,,,,,,,,,,,,,,,,,,,,,,,,,,,,
30,43013203160000,40.4229,-110.0927,1-33-3 BLANCHARD,USGS CRC,"TC, TOC, HAWK",,E231104-021,9041,,,Green River,Parachute Creek,7.6,0.61,0.43,1.94,0.4,444,,,,,,,,,,,,,,,,,,,,,,,,,,,,,,,,,,,,,,,,,,,,,,,,,,,,,,,,,,,,,,,,,,,,,,,,,,,,,,,,,,,,,,,
30,43013203160000,40.4229,-110.0927,1-33-3 BLANCHARD,USGS CRC,"TC, TOC, HAWK",,E231104-022,9049,,,Green River,Parachute Creek,3.95,,,,,,,,,,,,,,,,,,,,,,,,,,,,,,,,,,,,,,,,,,,,,,,,,,,,,,,,,,,,,,,,,,,,,,,,,,,,,,,,,,,,,,,,,,,,
30,43013203160000,40.4229,-110.0927,1-33-3 BLANCHARD,USGS CRC,"TC, TOC, HAWK",,E231104-023,9058,,,Green River,Parachute Creek,2.2,0.88,4.67,3.56,0.3,426,,,,,,,,,,,,,,,,,,,,,,,,,,,,,,,,,,,,,,,,,,,,,,,,,,,,,,,,,,,,,,,,,,,,,,,,,,,,,,,,,,,,,,,
30,43013203160000,40.4229,-110.0927,1-33-3 BLANCHARD,USGS CRC,"TC, TOC, HAWK",,E231104-024,9070,,,Green River,Parachute Creek,5.96,,,,,,,,,,,,,,,,,,,,,,,,,,,,,,,,,,,,,,,,,,,,,,,,,,,,,,,,,,,,,,,,,,,,,,,,,,,,,,,,,,,,,,,,,,,,
30,43013203160000,40.4229,-110.0927,1-33-3 BLANCHARD,USGS CRC,"TC, TOC, HAWK",,E231104-025,9074,,,Green River,Parachute Creek,1.83,0.38,,,,,,,,,,,,,,,,,,,,,,,,,,,,,,,,,,,,,,,,,,,,,,,,,,,,,,,,,,,,,,,,,,,,,,,,,,,,,,,,,,,,,,,,,,,
30,43013203160000,40.4229,-110.0927,1-33-3 BLANCHARD,USGS CRC,"TC, TOC, HAWK",,E231104-026,9076,,,Green River,Parachute Creek,3.21,,,,,,,,,,,,,,,,,,,,,,,,,,,,,,,,,,,,,,,,,,,,,,,,,,,,,,,,,,,,,,,,,,,,,,,,,,,,,,,,,,,,,,,,,,,,
30,43013203160000,40.4229,-110.0927,1-33-3 BLANCHARD,USGS CRC,"TC, TOC, HAWK",,E231104-027,9078,,,Green River,Parachute Creek,2.76,0.67,2.69,2.05,0.3,428,,,,,,,,,,,,,,,,,,,,,,,,,,,,,,,,,,,,,,,,,,,,,,,,,,,,,,,,,,,,,,,,,,,,,,,,,,,,,,,,,,,,,,,
30,43013203160000,40.4229,-110.0927,1-33-3 BLANCHARD,USGS CRC,"TC, TOC, HAWK",,E231104-028,9081,,,Green River,Parachute Creek,3.54,,,,,,,,,,,,,,,,,,,,,,,,,,,,,,,,,,,,,,,,,,,,,,,,,,,,,,,,,,,,,,,,,,,,,,,,,,,,,,,,,,,,,,,,,,,,
30,43013203160000,40.4229,-110.0927,1-33-3 BLANCHARD,USGS CRC,"TC, TOC, HAWK",,E231104-029,9119,,,Green River,Parachute Creek,7.45,0.87,0.91,3.67,0.33,442,,,,,,,,,,,,,,,,,,,,,,,,,,,,,,,,,,,,,,,,,,,,,,,,,,,,,,,,,,,,,,,,,,,,,,,,,,,,,,,,,,,,,,,
30,43013203160000,40.4229,-110.0927,1-33-3 BLANCHARD,USGS CRC,"TC, TOC, HAWK",,E231104-030,9122,,,Green River,Parachute Creek,5.57,0.6,0.29,2.08,0.31,444,,,,,,,,,,,,,,,,,,,,,,,,,,,,,,,,,,,,,,,,,,,,,,,,,,,,,,,,,,,,,,,,,,,,,,,,,,,,,,,,,,,,,,,
30,43013203160000,40.4229,-110.0927,1-33-3 BLANCHARD,USGS CRC,"TC, TOC, HAWK",,E231104-031,9132,,,Green River,Parachute Creek,1.83,0.72,3.21,3.28,0.34,429,,,,,,,,,,,,,,,,,,,,,,,,,,,,,,,,,,,,,,,,,,,,,,,,,,,,,,,,,,,,,,,,,,,,,,,,,,,,,,,,,,,,,,,
30,43013203160000,40.4229,-110.0927,1-33-3 BLANCHARD,USGS CRC,"TC, TOC, HAWK",,E231104-032,9135,,,Green River,Parachute Creek,5.22,,,,,,,,,,,,,,,,,,,,,,,,,,,,,,,,,,,,,,,,,,,,,,,,,,,,,,,,,,,,,,,,,,,,,,,,,,,,,,,,,,,,,,,,,,,,
30,43013203160000,40.4229,-110.0927,1-33-3 BLANCHARD,USGS CRC,"TC, TOC, HAWK",,E231104-033,9146,,,Green River,Parachute Creek,3.26,,,,,,,,,,,,,,,,,,,,,,,,,,,,,,,,,,,,,,,,,,,,,,,,,,,,,,,,,,,,,,,,,,,,,,,,,,,,,,,,,,,,,,,,,,,,
30,43013203160000,40.4229,-110.0927,1-33-3 BLANCHARD,USGS CRC,"TC, TOC, HAWK",,E231104-034,9161,,,Green River,Parachute Creek,1.07,0.41,,,,,,,,,,,,,,,,,,,,,,,,,,,,,,,,,,,,,,,,,,,,,,,,,,,,,,,,,,,,,,,,,,,,,,,,,,,,,,,,,,,,,,,,,,,
30,43013203160000,40.4229,-110.0927,1-33-3 BLANCHARD,USGS CRC,"TC, TOC, HAWK",,E231104-035,9161.8,,,Green River,Parachute Creek,4.51,,,,,,,,,,,,,,,,,,,,,,,,,,,,,,,,,,,,,,,,,,,,,,,,,,,,,,,,,,,,,,,,,,,,,,,,,,,,,,,,,,,,,,,,,,,,
30,43013203160000,40.4229,-110.0927,1-33-3 BLANCHARD,USGS CRC,"TC, TOC, HAWK",,E231104-036,9168,,,Green River,Parachute Creek,1.08,0.4,,,,,,,,,,,,,,,,,,,,,,,,,,,,,,,,,,,,,,,,,,,,,,,,,,,,,,,,,,,,,,,,,,,,,,,,,,,,,,,,,,,,,,,,,,,
30,43013203160000,40.4229,-110.0927,1-33-3 BLANCHARD,USGS CRC,"TC, TOC, HAWK",,E231104-037,9170,,,Green River,Parachute Creek,5.91,,,,,,,,,,,,,,,,,,,,,,,,,,,,,,,,,,,,,,,,,,,,,,,,,,,,,,,,,,,,,,,,,,,,,,,,,,,,,,,,,,,,,,,,,,,,
30,43013203160000,40.4229,-110.0927,1-33-3 BLANCHARD,USGS CRC,"TC, TOC, HAWK",,E231104-038,9371,,,Green River,Garden Gulch,8.68,2.7,0.16,21.13,0.34,448,,,,,,,,,,,,,,,,,,,,,,,,,,,,,,,,,,,,,,,,,,,,,,,,,,,,,,,,,,,,,,,,,,,,,,,,,,,,,,,,,,,,,,,
30,43013203160000,40.4229,-110.0927,1-33-3 BLANCHARD,USGS CRC,"TC, TOC, HAWK",,E231104-039,9374,,,Green River,Garden Gulch,1.41,0.85,3.84,3.08,0.29,428,,,,,,,,,,,,,,,,,,,,,,,,,,,,,,,,,,,,,,,,,,,,,,,,,,,,,,,,,,,,,,,,,,,,,,,,,,,,,,,,,,,,,,,
30,43013203160000,40.4229,-110.0927,1-33-3 BLANCHARD,USGS CRC,"TC, TOC, HAWK",,E231104-040,9376,,,Green River,Garden Gulch,4.32,0.21,,,,,,,,,,,,,,,,,,,,,,,,,,,,,,,,,,,,,,,,,,,,,,,,,,,,,,,,,,,,,,,,,,,,,,,,,,,,,,,,,,,,,,,,,,,
30,43013203160000,40.4229,-110.0927,1-33-3 BLANCHARD,USGS CRC,"TC, TOC, HAWK",,E231104-041,9380,,,Green River,Garden Gulch,4.02,,,,,,,,,,,,,,,,,,,,,,,,,,,,,,,,,,,,,,,,,,,,,,,,,,,,,,,,,,,,,,,,,,,,,,,,,,,,,,,,,,,,,,,,,,,,
30,43013203160000,40.4229,-110.0927,1-33-3 BLANCHARD,USGS CRC,"TC, TOC, HAWK",,E231104-042,9389,,,Green River,Garden Gulch,2.26,0.33,,,,,,,,,,,,,,,,,,,,,,,,,,,,,,,,,,,,,,,,,,,,,,,,,,,,,,,,,,,,,,,,,,,,,,,,,,,,,,,,,,,,,,,,,,,
30,43013203160000,40.4229,-110.0927,1-33-3 BLANCHARD,USGS CRC,"TC, TOC, HAWK",,E231104-043,9400,,,Green River,Garden Gulch,11,2.96,0.15,22.31,0.46,443,,,,,,,,,,,,,,,,,,,,,,,,,,,,,,,,,,,,,,,,,,,,,,,,,,,,,,,,,,,,,,,,,,,,,,,,,,,,,,,,,,,,,,,
30,43013203160000,40.4229,-110.0927,1-33-3 BLANCHARD,USGS CRC,"TC, TOC, HAWK",,E231104-044,9408,,,Green River,Garden Gulch,9.18,0.23,,,,,,,,,,,,,,,,,,,,,,,,,,,,,,,,,,,,,,,,,,,,,,,,,,,,,,,,,,,,,,,,,,,,,,,,,,,,,,,,,,,,,,,,,,,
30,43013203160000,40.4229,-110.0927,1-33-3 BLANCHARD,USGS CRC,"TC, TOC, HAWK",,E231104-045,9429,,,Green River,Garden Gulch,6.91,4.25,0.1,34.44,0.43,444,,,,,,,,,,,,,,,,,,,,,,,,,,,,,,,,,,,,,,,,,,,,,,,,,,,,,,,,,,,,,,,,,,,,,,,,,,,,,,,,,,,,,,,
30,43013203160000,40.4229,-110.0927,1-33-3 BLANCHARD,USGS CRC,"TC, TOC, HAWK",,E231104-046,9436,,,Green River,Garden Gulch,7.81,1.23,0.08,5.4,0.41,442,,,,,,,,,,,,,,,,,,,,,,,,,,,,,,,,,,,,,,,,,,,,,,,,,,,,,,,,,,,,,,,,,,,,,,,,,,,,,,,,,,,,,,,
30,43013203160000,40.4229,-110.0927,1-33-3 BLANCHARD,USGS CRC,"TC, TOC, HAWK",,E231104-047,9437,,,Green River,Garden Gulch,2.1,0.63,2.59,2.03,0.31,430,,,,,,,,,,,,,,,,,,,,,,,,,,,,,,,,,,,,,,,,,,,,,,,,,,,,,,,,,,,,,,,,,,,,,,,,,,,,,,,,,,,,,,,
30,43013203160000,40.4229,-110.0927,1-33-3 BLANCHARD,USGS CRC,"TC, TOC, HAWK",,E231104-048,9444,,,Green River,Garden Gulch,3.75,0.47,0.17,0.68,0.31,442,,,,,,,,,,,,,,,,,,,,,,,,,,,,,,,,,,,,,,,,,,,,,,,,,,,,,,,,,,,,,,,,,,,,,,,,,,,,,,,,,,,,,,,
30,43013203160000,40.4229,-110.0927,1-33-3 BLANCHARD,USGS CRC,"TC, TOC, HAWK",,E231104-049,9455,,,Green River,Garden Gulch,2.17,0.3,,,,,,,,,,,,,,,,,,,,,,,,,,,,,,,,,,,,,,,,,,,,,,,,,,,,,,,,,,,,,,,,,,,,,,,,,,,,,,,,,,,,,,,,,,,
30,43013203160000,40.4229,-110.0927,1-33-3 BLANCHARD,USGS CRC,"TC, TOC, HAWK",,E231104-050,9465,,,Green River,Garden Gulch,8.1,1.27,0.37,4.25,0.5,441,,,,,,,,,,,,,,,,,,,,,,,,,,,,,,,,,,,,,,,,,,,,,,,,,,,,,,,,,,,,,,,,,,,,,,,,,,,,,,,,,,,,,,,
30,43013203160000,40.4229,-110.0927,1-33-3 BLANCHARD,USGS CRC,"TC, TOC, HAWK",,E231104-051,9471,,,Green River,Garden Gulch,0.96,0.74,0.83,0.67,0.25,428,,,,,,,,,,,,,,,,,,,,,,,,,,,,,,,,,,,,,,,,,,,,,,,,,,,,,,,,,,,,,,,,,,,,,,,,,,,,,,,,,,,,,,,
30,43013203160000,40.4229,-110.0927,1-33-3 BLANCHARD,USGS CRC,"TC, TOC, HAWK",,E231104-052,9474,,,Green River,Garden Gulch,4.91,1.05,0.21,2.27,0.43,443,,,,,,,,,,,,,,,,,,,,,,,,,,,,,,,,,,,,,,,,,,,,,,,,,,,,,,,,,,,,,,,,,,,,,,,,,,,,,,,,,,,,,,,
30,43013203160000,40.4229,-110.0927,1-33-3 BLANCHARD,USGS CRC,"TC, TOC, HAWK",,E231104-053,9479,,,Green River,Garden Gulch,1.78,0.73,2.49,2.9,0.24,430,,,,,,,,,,,,,,,,,,,,,,,,,,,,,,,,,,,,,,,,,,,,,,,,,,,,,,,,,,,,,,,,,,,,,,,,,,,,,,,,,,,,,,,
30,43013203160000,40.4229,-110.0927,1-33-3 BLANCHARD,USGS CRC,"TC, TOC, HAWK",,E231104-054,10329,,,Green River,Douglas Creek,8.46,2.69,0.31,16.93,0.35,449,,,,,,,,,,,,,,,,,,,,,,,,,,,,,,,,,,,,,,,,,,,,,,,,,,,,,,,,,,,,,,,,,,,,,,,,,,,,,,,,,,,,,,,
30,43013203160000,40.4229,-110.0927,1-33-3 BLANCHARD,USGS CRC,"TC, TOC, HAWK",,E231104-055,10339,,,Green River,Douglas Creek,7.21,1.27,0.46,3.77,0.31,443,,,,,,,,,,,,,,,,,,,,,,,,,,,,,,,,,,,,,,,,,,,,,,,,,,,,,,,,,,,,,,,,,,,,,,,,,,,,,,,,,,,,,,,
30,43013203160000,40.4229,-110.0927,1-33-3 BLANCHARD,USGS CRC,"TC, TOC, HAWK",,E231104-056,10345,,,Green River,Douglas Creek,3.71,1.03,3.29,4.17,0.32,433,,,,,,,,,,,,,,,,,,,,,,,,,,,,,,,,,,,,,,,,,,,,,,,,,,,,,,,,,,,,,,,,,,,,,,,,,,,,,,,,,,,,,,,
30,43013203160000,40.4229,-110.0927,1-33-3 BLANCHARD,USGS CRC,"TC, TOC, HAWK",,E231104-057,10382,,,Green River,Douglas Creek,3.45,1.01,3.73,3.78,0.29,432,,,,,,,,,,,,,,,,,,,,,,,,,,,,,,,,,,,,,,,,,,,,,,,,,,,,,,,,,,,,,,,,,,,,,,,,,,,,,,,,,,,,,,,
30,43013203160000,40.4229,-110.0927,1-33-3 BLANCHARD,USGS CRC,"TC, TOC, HAWK",,E231104-058,10396,,,Green River,Douglas Creek,5.37,1.17,1.2,4.26,0.24,441,,,,,,,,,,,,,,,,,,,,,,,,,,,,,,,,,,,,,,,,,,,,,,,,,,,,,,,,,,,,,,,,,,,,,,,,,,,,,,,,,,,,,,,
30,43013203160000,40.4229,-110.0927,1-33-3 BLANCHARD,USGS CRC,"TC, TOC, HAWK",,E231104-059,10408,,,Green River,Douglas Creek,2.25,0.55,1.78,2.21,0.41,432,,,,,,,,,,,,,,,,,,,,,,,,,,,,,,,,,,,,,,,,,,,,,,,,,,,,,,,,,,,,,,,,,,,,,,,,,,,,,,,,,,,,,,,
30,43013203160000,40.4229,-110.0927,1-33-3 BLANCHARD,USGS CRC,"TC, TOC, HAWK",,E231104-060,10414,,,Green River,Douglas Creek,5.76,1.22,0.25,4.68,0.34,442,,,,,,,,,,,,,,,,,,,,,,,,,,,,,,,,,,,,,,,,,,,,,,,,,,,,,,,,,,,,,,,,,,,,,,,,,,,,,,,,,,,,,,,
30,43013203160000,40.4229,-110.0927,1-33-3 BLANCHARD,USGS CRC,"TC, TOC, HAWK",,E231104-061,10519,,,Green River,Carbonate Marker,2.76,0.56,1.27,1.57,0.22,433,,,,,,,,,,,,,,,,,,,,,,,,,,,,,,,,,,,,,,,,,,,,,,,,,,,,,,,,,,,,,,,,,,,,,,,,,,,,,,,,,,,,,,,
30,43013203160000,40.4229,-110.0927,1-33-3 BLANCHARD,USGS CRC,"TC, TOC, HAWK",,E231104-062,10530,,,Green River,Carbonate Marker,2.37,0.25,,,,,,,,,,,,,,,,,,,,,,,,,,,,,,,,,,,,,,,,,,,,,,,,,,,,,,,,,,,,,,,,,,,,,,,,,,,,,,,,,,,,,,,,,,,
30,43013203160000,40.4229,-110.0927,1-33-3 BLANCHARD,USGS CRC,"TC, TOC, HAWK",,E231104-063,10973,,,Green River,Lower Black Shale,3.75,,,,,,,,,,,,,,,,,,,,,,,,,,,,,,,,,,,,,,,,,,,,,,,,,,,,,,,,,,,,,,,,,,,,,,,,,,,,,,,,,,,,,,,,,,,,
30,43013203160000,40.4229,-110.0927,1-33-3 BLANCHARD,USGS CRC,"TC, TOC, HAWK",,E231104-064,10987,,,Green River,Lower Black Shale,3.81,0.24,,,,,,,,,,,,,,,,,,,,,,,,,,,,,,,,,,,,,,,,,,,,,,,,,,,,,,,,,,,,,,,,,,,,,,,,,,,,,,,,,,,,,,,,,,,
30,43013203160000,40.4229,-110.0927,1-33-3 BLANCHARD,USGS CRC,"TC, TOC, HAWK",,E231104-065,11011.8,,,Green River,Lower Black Shale,2.23,,,,,,,,,,,,,,,,,,,,,,,,,,,,,,,,,,,,,,,,,,,,,,,,,,,,,,,,,,,,,,,,,,,,,,,,,,,,,,,,,,,,,,,,,,,,
30,43047544140000,40.2122,-109.7684,Ute Tribal 1-21-3-2E,UT CRC,"TC, TOC, HAWK, ICP",SGS,E231209-001,7504,,,Green River,Douglas Creek,9.22,3.29,0.9,11.23,0.34,450,4.24,16.9,1.54,1.4,1.91,0.13,0.88,15.3,0.17,BRL,6,57,1319,BRL,0.2,0.4,33.5,8.1,54,4.9,93,2.39,1.38,0.63,11,2.63,BRL,2,0.46,BRL,18.3,31,0.19,372,5,7,16,22,11,4.45,70,BRL,0.7,7,2,3.1,1,619,BRL,0.39,BRL,6.4,BRL,0.19,4.54,83,BRL,14.5,1.4,79,58.6,,,,,,,,,,,,,,,,,,,,,,,,,,
30,43047544140000,40.2122,-109.7684,Ute Tribal 1-21-3-2E,UT CRC,"TC, TOC, HAWK, ICP",SGS,E231209-002,7510,,,Green River,Long Point Bed,5.16,3.1,0.95,11.41,0.36,449,6.87,4.8,5.17,2.3,1.73,0.09,4.93,22.3,0.31,BRL,73,98,651,BRL,0.3,0.8,53,12.5,73,7.7,47,3.24,1.92,0.86,18,3.67,1,3,0.61,BRL,29.9,50,0.28,246,17,12,24.4,42,18,6.92,113,BRL,1.1,10,3,4.5,2,257,0.8,0.51,0.08,9.3,1.6,0.28,4.95,166,2,19.5,2,98,111,,,,,,,,,,,,,,,,,,,,,,,,,,
30,43047544140000,40.2122,-109.7684,Ute Tribal 1-21-3-2E,UT CRC,"TC, TOC, HAWK, ICP",SGS,E231209-003,7515,,,Green River,Long Point Bed,11.21,2.38,0.66,6.13,0.34,452,2.04,27.85,1.03,0.7,0.84,0.15,0.82,7.9,0.11,BRL,14,30,1046,BRL,BRL,BRL,20.4,4.1,30,2.2,21,1.49,0.87,0.43,5,1.74,BRL,2,0.28,BRL,11,18,0.12,571,2,4,10.1,15,5,2.74,30.4,BRL,0.5,BRL,1,2,BRL,469,BRL,0.23,0.06,3.8,BRL,0.12,1.84,32,BRL,8.7,0.8,25,55.8,,,,,,,,,,,,,,,,,,,,,,,,,,
30,43047544140000,40.2122,-109.7684,Ute Tribal 1-21-3-2E,UT CRC,"TC, TOC, HAWK, ICP",SGS,E231209-004,7520,,,Green River,Long Point Bed,10.87,2.32,0.6,5.63,0.32,451,1.92,25.87,1.18,0.7,1.26,0.1,0.67,9.2,0.11,BRL,6,29,433,BRL,BRL,BRL,18.6,2.6,30,1.9,11,1.31,0.74,0.32,5,1.35,BRL,2,0.25,BRL,9.8,15,0.1,840,BRL,4,8.7,12,BRL,2.4,29.5,BRL,0.2,BRL,BRL,1.7,BRL,468,BRL,0.2,BRL,3.1,BRL,0.11,1.1,31,BRL,7.4,0.8,22,68.2,,,,,,,,,,,,,,,,,,,,,,,,,,
30,43047544140000,40.2122,-109.7684,Ute Tribal 1-21-3-2E,UT CRC,"TC, TOC, HAWK, ICP",SGS,E231209-005,7523.5,,,Green River,Castle Peak,16.49,16.01,3.6,52.47,0.31,451,7.69,0.2,3.55,1.9,0.52,0.01,2.93,23.5,0.32,BRL,16,67,387,BRL,0.4,0.3,59.9,12.9,72,10.3,69,3.55,2.09,0.94,22,3.55,2,3,0.67,BRL,33.1,60,0.29,49,17,13,25.9,53,30,7.58,104,BRL,7.9,13,7,4.6,2,102,0.9,0.54,0.11,15.2,0.9,0.3,58.05,441,1,19.3,2.2,58,167,,,,,,,,,,,,,,,,,,,,,,,,,,
30,43047544140000,40.2122,-109.7684,Ute Tribal 1-21-3-2E,UT CRC,"TC, TOC, HAWK, ICP",SGS,E231209-006,7530,,,Green River,Castle Peak,1.72,0.26,,,,,8.52,2.8,3.33,2.3,1.24,0.08,0.16,27.6,0.43,BRL,8,76,560,BRL,0.5,0.5,92.8,12.8,68,10.5,42,5.94,3.39,1.49,22,6.28,1,5,1.13,BRL,47.5,63,0.46,827,BRL,15,40.2,30,27,10.31,134,BRL,1.4,14,BRL,7.1,2,180,1.2,0.94,0.06,17.1,0.8,0.48,4.15,125,2,32.4,3.3,123,141,,,,,,,,,,,,,,,,,,,,,,,,,,
30,43047544140000,40.2122,-109.7684,Ute Tribal 1-21-3-2E,UT CRC,"TC, TOC, HAWK, ICP",SGS,E231209-007,7540,,,Green River,Castle Peak,1.57,0.44,,,,,7.65,2.3,1.67,1.9,1.32,0.07,0.07,29.85,0.49,BRL,6,63,620,BRL,0.5,0.3,92.8,8.5,84,6.8,64,4.85,3.13,1.17,20,5.03,1,9,0.99,BRL,48.8,64,0.51,223,BRL,20,38.1,27,22,10.23,102,BRL,1.2,11,BRL,6.5,2,133,1.5,0.74,0.05,18.1,0.6,0.45,5.08,110,2,28.2,3.4,92,273,,,,,,,,,,,,,,,,,,,,,,,,,,
30,43047544140000,40.2122,-109.7684,Ute Tribal 1-21-3-2E,UT CRC,"TC, TOC, HAWK, ICP",SGS,E231209-008,7550,,,Green River,Castle Peak,1.71,0.83,0.28,1.37,0.24,449,10.03,2.5,2.44,2.7,1.14,0.08,0.37,26.5,0.41,BRL,11,87,719,BRL,0.5,0.4,87.9,13.4,85,13,54,4.67,2.85,1.2,27,5.21,2,3,0.88,BRL,48.4,67,0.37,253,BRL,15,39.2,38,28,11.27,152,BRL,1.5,14,BRL,6.7,3,201,1.1,0.75,0.05,19.5,1,0.36,4.37,149,3,26.4,2.7,108,103,,,,,,,,,,,,,,,,,,,,,,,,,,
30,43047544140000,40.2122,-109.7684,Ute Tribal 1-21-3-2E,UT CRC,"TC, TOC, HAWK, ICP",SGS,E231209-009,7560,,,Green River,Castle Peak,5.15,2.45,0.89,5.19,0.24,452,6.79,7.6,3.71,2.1,1.19,0.12,2.58,22.6,0.33,BRL,13,82,496,BRL,0.3,0.6,57,10.8,82,7.7,24,4.28,2.38,1.13,17,4.48,2,3,0.79,BRL,31.4,42,0.32,402,3,12,27.1,39,25,7.51,110,BRL,1.2,11,2,5.1,2,232,0.9,0.68,0.05,10.8,0.9,0.33,3.35,136,1,24.7,2.3,104,118,,,,,,,,,,,,,,,,,,,,,,,,,,
30,43047544140000,40.2122,-109.7684,Ute Tribal 1-21-3-2E,UT CRC,"TC, TOC, HAWK, ICP",SGS,E231209-010,7570,,,Green River,Castle Peak,3.25,0.4,,,,,6.96,7.3,2.51,2.3,1.67,0.11,0.68,23.9,0.35,BRL,6,87,730,BRL,0.3,0.5,58.5,8.6,75,7.6,24,3.9,2.33,1.01,18,4.33,1,4,0.72,BRL,31.8,38,0.32,466,BRL,13,27.1,27,17,7.57,111,BRL,0.8,11,2,4.9,2,223,0.9,0.64,BRL,10.6,0.8,0.32,3.08,122,2,22.5,2.4,90,130,,,,,,,,,,,,,,,,,,,,,,,,,,
30,43047544140000,40.2122,-109.7684,Ute Tribal 1-21-3-2E,UT CRC,"TC, TOC, HAWK, ICP",SGS,E231209-011,7580,,,Green River,Castle Peak,5.62,3.06,1.56,6.28,0.34,450,5.83,7.2,3.59,1.8,1.31,0.1,2.74,26.1,0.34,BRL,15,73,345,BRL,0.3,0.6,56.1,9.8,70,6.6,26,4.16,2.52,1.18,13,4.77,2,5,0.82,BRL,29.5,37,0.34,281,4,13,27.4,38,25,7.29,86.6,BRL,1,9,2,5.3,2,237,0.9,0.71,BRL,9.9,0.8,0.34,2.97,98,1,23.7,2.4,81,150,,,,,,,,,,,,,,,,,,,,,,,,,,
30,43047544140000,40.2122,-109.7684,Ute Tribal 1-21-3-2E,UT CRC,"TC, TOC, HAWK, ICP",SGS,E231209-012,7589,,,Green River,Castle Peak,7.09,3.31,0.63,7.17,0.27,452,5.13,10.4,1.79,1.6,1.22,0.14,0.99,21.7,0.28,BRL,5,60,504,BRL,0.3,0.4,55.4,6.4,67,5.3,65,3.84,2.32,0.94,13,4.03,1,5,0.75,BRL,28,37,0.33,304,2,10,25.4,21,14,6.43,80,BRL,1,8,3,4.5,1,476,1.4,0.64,0.09,10.3,0.6,0.32,3.75,116,1,22.3,2.2,95,183,,,,,,,,,,,,,,,,,,,,,,,,,,
30,43047544140000,40.2122,-109.7684,Ute Tribal 1-21-3-2E,UT CRC,"TC, TOC, HAWK, ICP",SGS,E231209-013,7600,,,Green River,Castle Peak,2.22,,,,,,6.71,5,1.81,2.1,1.53,0.09,0.04,28.5,0.34,BRL,BRL,82,668,BRL,0.3,0.5,56.8,6.4,75,7.5,BRL,4.08,2.42,1.13,16,4.51,1,4,0.77,BRL,31.4,46,0.35,233,BRL,14,27.7,28,16,7.25,107,BRL,0.6,9,BRL,5.3,2,190,0.8,0.69,BRL,10.3,0.7,0.34,2.77,131,1,23.7,2.5,72,133,,,,,,,,,,,,,,,,,,,,,,,,,,
30,43047544140000,40.2122,-109.7684,Ute Tribal 1-21-3-2E,UT CRC,"TC, TOC, HAWK, ICP",SGS,E231209-014,7610,,,Green River,Castle Peak,1.78,,,,,,7.91,4.2,1.9,2.6,1.33,0.09,0.13,28.9,0.37,BRL,BRL,91,425,BRL,0.4,0.4,62.9,11.2,87,9,23,4.34,2.67,1.12,19,4.84,2,4,0.87,BRL,35.4,50,0.38,224,BRL,15,29.8,41,21,7.9,128,BRL,0.9,11,BRL,5.5,2,211,0.9,0.72,0.07,12,0.8,0.37,3.05,162,2,25.4,2.6,66,131,,,,,,,,,,,,,,,,,,,,,,,,,,
30,43047544140000,40.2122,-109.7684,Ute Tribal 1-21-3-2E,UT CRC,"TC, TOC, HAWK, ICP",SGS,E231209-015,7620,,,Green River,Castle Peak,7.66,2.62,0.92,5.12,0.45,451,5.1,15.3,2.32,1.5,1.1,0.13,1.26,18.2,0.26,BRL,7,59,495,BRL,0.3,0.6,42.7,6.4,59,5.4,25,3.09,1.84,0.82,12,3.51,1,3,0.63,BRL,23.2,31,0.27,475,BRL,10,20.6,22,14,5.36,77.1,BRL,0.6,8,1,3.9,1,362,0.6,0.52,BRL,7.8,BRL,0.25,2.42,87,1,18.4,1.8,75,105,,,,,,,,,,,,,,,,,,,,,,,,,,
30,43047544140000,40.2122,-109.7684,Ute Tribal 1-21-3-2E,UT CRC,"TC, TOC, HAWK, ICP",SGS,E231209-016,7630,,,Green River,Castle Peak,2.26,1.3,0.46,1.53,0.34,452,4.87,2.1,1.89,1.7,0.9,0.07,0.19,33.6,0.33,BRL,BRL,63,256,BRL,0.2,0.4,54.9,7.6,64,4.2,17,4.6,2.74,1.07,11,4.55,1,7,0.91,BRL,27.8,36,0.39,342,BRL,12,25.5,24,15,6.36,77.8,BRL,0.5,7,BRL,5,1,126,0.8,0.72,BRL,9.2,0.5,0.38,2.75,73,1,26.4,2.7,69,251,,,,,,,,,,,,,,,,,,,,,,,,,,
30,43047544140000,40.2122,-109.7684,Ute Tribal 1-21-3-2E,UT CRC,"TC, TOC, HAWK, ICP",SGS,E231209-017,7640,,,Green River,Castle Peak,5.34,2.29,0.75,3.98,0.34,451,4.64,8.5,2.16,1.6,0.94,0.1,0.89,24.7,0.29,BRL,9,57,306,BRL,0.3,0.5,42.9,9.5,60,5,23,3.29,2.05,0.76,11,3.37,1,5,0.65,BRL,23.4,33,0.3,355,2,11,19.5,32,20,5.01,77.8,BRL,0.9,7,1,3.6,3,203,0.7,0.53,BRL,8.5,0.6,0.29,3.01,80,1,19.7,2,74,169,,,,,,,,,,,,,,,,,,,,,,,,,,
30,43047544140000,40.2122,-109.7684,Ute Tribal 1-21-3-2E,UT CRC,"TC, TOC, HAWK, ICP",SGS,E231209-018,7650,,,Green River,Castle Peak,10.04,1.81,0.68,3.34,0.38,449,2.29,24.8,1.35,0.8,0.85,0.15,0.66,9.6,0.13,BRL,BRL,27,475,BRL,0.2,0.3,24.7,3.5,30,2.2,BRL,1.77,1.1,0.44,6,2.03,BRL,2,0.35,BRL,12.9,18,0.14,975,BRL,5,11.4,10,7,2.87,36.3,BRL,0.3,BRL,BRL,2.1,BRL,380,BRL,0.32,BRL,4.1,BRL,0.15,1.3,33,BRL,10.5,1,41,56.6,,,,,,,,,,,,,,,,,,,,,,,,,,
30,43047544140000,40.2122,-109.7684,Ute Tribal 1-21-3-2E,UT CRC,"TC, TOC, HAWK, ICP",SGS,E231209-019,7660,,,Green River,Castle Peak,7.31,2.27,0.89,5.53,0.31,451,4.14,15.4,1.81,1.4,1.08,0.14,1.04,19.1,0.26,BRL,BRL,52,651,BRL,0.2,0.5,36.2,5,54,3.9,27,2.44,1.49,0.62,10,2.94,1,4,0.48,BRL,19.7,23,0.22,492,BRL,9,16.8,18,10,4.44,61,BRL,0.4,6,2,3.2,1,439,0.5,0.41,0.05,6.8,BRL,0.21,3.14,64,BRL,13.9,1.5,75,113,,,,,,,,,,,,,,,,,,,,,,,,,,
30,43047544140000,40.2122,-109.7684,Ute Tribal 1-21-3-2E,UT CRC,"TC, TOC, HAWK, ICP",SGS,E231209-020,7670,,,Green River,Castle Peak,1.93,0.51,0.22,0.7,0.23,445,7.5,3.7,2.25,2.5,1.51,0.1,0.59,28.9,0.41,BRL,7,89,393,BRL,0.3,0.6,68.1,9.4,82,7.8,24,4.96,2.95,1.32,18,5.58,2,6,0.96,BRL,37.1,46,0.42,289,BRL,15,32.3,31,20,8.41,118,BRL,0.8,11,BRL,5.9,2,210,0.9,0.81,BRL,11.4,0.7,0.41,3.33,119,1,28.4,3,107,166,,,,,,,,,,,,,,,,,,,,,,,,,,
30,43047544140000,40.2122,-109.7684,Ute Tribal 1-21-3-2E,UT CRC,"TC, TOC, HAWK, ICP",SGS,E231209-021,7680,,,Green River,Castle Peak,9.72,1.27,0.5,2.75,0.26,449,3.04,27.09,1.48,1,0.83,0.15,0.85,8.5,0.12,BRL,10,31,3436,BRL,0.2,0.3,25.7,5.1,37,3.3,17,1.55,0.91,0.39,7,1.87,BRL,1,0.31,BRL,14.1,19,0.13,431,3,5,11.9,20,9,3.28,46.5,BRL,0.7,BRL,BRL,2.2,BRL,600,BRL,0.28,BRL,4.9,BRL,0.12,2.31,48,BRL,8.9,0.9,53,31.2,,,,,,,,,,,,,,,,,,,,,,,,,,
30,43047544140000,40.2122,-109.7684,Ute Tribal 1-21-3-2E,UT CRC,"TC, TOC, HAWK, ICP",SGS,E231209-022,7690,,,Green River,Castle Peak,2.72,,,,,,0.74,7.5,0.78,0.3,0.62,0.04,0.11,35.37,0.04,BRL,BRL,19,1570,BRL,BRL,BRL,12.2,0.9,34,0.3,BRL,1.01,0.56,0.29,1,1.14,BRL,2,0.19,BRL,5.9,12,0.08,308,BRL,1,5.8,11,BRL,1.54,7.7,BRL,0.3,BRL,BRL,1.1,BRL,125,BRL,0.17,BRL,1.1,BRL,0.08,0.91,7,BRL,6.7,0.5,8,87.2,,,,,,,,,,,,,,,,,,,,,,,,,,
30,43047544140000,40.2122,-109.7684,Ute Tribal 1-21-3-2E,UT CRC,"TC, TOC, HAWK, ICP",SGS,E231209-023,7700,,,Green River,Castle Peak,1.63,,,,,,6.18,3.4,2.33,2.2,1.72,0.11,1.02,30.2,0.34,BRL,BRL,77,352,BRL,0.5,0.4,53.9,7.8,76,6.3,16,3.63,2.35,0.93,14,3.95,1,5,0.71,BRL,30.6,41,0.32,275,2,13,24.7,32,21,6.71,98.4,BRL,0.9,8,BRL,4.4,2,153,0.8,0.59,BRL,10.3,0.7,0.33,3.13,122,2,21.6,2.3,65,168,,,,,,,,,,,,,,,,,,,,,,,,,,
30,43047544140000,40.2122,-109.7684,Ute Tribal 1-21-3-2E,UT CRC,"TC, TOC, HAWK, ICP",SGS,E231209-024,7710,,,Green River,Castle Peak,2.76,0.43,,,,,1.58,4.3,1.68,0.6,1.46,0.07,0.09,28.1,0.1,BRL,BRL,28,2376,BRL,0.4,0.3,20.6,1.8,39,1,13,1.98,1.11,0.46,4,2.12,BRL,4,0.38,BRL,10.5,16,0.16,426,2,3,10.7,10,6,2.61,21.5,BRL,0.2,BRL,BRL,2.2,BRL,74,BRL,0.33,BRL,2.7,BRL,0.15,1.18,20,1,11.5,1.1,29,135,,,,,,,,,,,,,,,,,,,,,,,,,,
30,43047544140000,40.2122,-109.7684,Ute Tribal 1-21-3-2E,UT CRC,"TC, TOC, HAWK, ICP",SGS,E231209-025,7720,,,Green River,Castle Peak,0.88,,,,,,6.52,1.9,1.57,2.3,1.32,0.16,0.05,33.06,0.36,BRL,BRL,83,354,BRL,0.3,0.5,61,6,75,5.7,41,4.8,2.81,1.32,15,5.59,1,7,0.92,BRL,33.4,41,0.38,167,BRL,14,30.8,26,19,8.03,98.2,BRL,0.6,9,BRL,6.1,2,159,0.8,0.8,BRL,10.1,0.6,0.39,2.85,104,1,28.1,2.6,99,223,,,,,,,,,,,,,,,,,,,,,,,,,,
30,43047544140000,40.2122,-109.7684,Ute Tribal 1-21-3-2E,UT CRC,"TC, TOC, HAWK, ICP",SGS,E231209-026,7730,,,Green River,Castle Peak,0.93,,,,,,9.18,2.1,3.45,3.2,1.52,0.11,1.56,28.4,0.41,BRL,11,105,497,BRL,0.4,0.9,76.4,16.9,102,10.6,25,5.16,3.16,1.37,22,5.88,2,4,1.02,BRL,42,57,0.43,191,BRL,17,36,51,35,9.71,155,BRL,2,14,BRL,6.7,3,222,1,0.85,BRL,13.8,1,0.43,5.81,199,2,30,2.9,123,128,,,,,,,,,,,,,,,,,,,,,,,,,,
30,43047544140000,40.2122,-109.7684,Ute Tribal 1-21-3-2E,UT CRC,"TC, TOC, HAWK, ICP",SGS,E231209-027,7740,,,Green River,Castle Peak,1.39,0.42,,,,,0.54,2.7,0.62,0.2,0.28,0.1,0.23,41.58,0.02,BRL,5,14,2075,BRL,0.1,0.2,16.6,1.6,47,0.7,18,1.2,0.66,0.35,1,1.5,BRL,1,0.23,BRL,10.3,BRL,0.08,196,6,1,8.4,10,8,2.18,5.6,BRL,0.4,BRL,BRL,1.5,BRL,77,BRL,0.2,BRL,1.4,BRL,0.08,1.08,7,BRL,8.2,0.6,22,34.9,,,,,,,,,,,,,,,,,,,,,,,,,,
30,43047544140000,40.2122,-109.7684,Ute Tribal 1-21-3-2E,UT CRC,"TC, TOC, HAWK, ICP",SGS,E231209-028,7750,,,Green River,Castle Peak,1.63,0.42,,,,,6.19,3.4,2.26,2.2,1.3,0.13,0.66,30.5,0.36,BRL,10,77,288,BRL,0.3,0.8,63.7,8.4,73,6.8,21,5.02,2.93,1.4,14,5.82,2,6,0.97,BRL,34.2,46,0.4,257,BRL,14,32.1,27,20,8.32,98.2,BRL,0.9,9,2,6.5,2,190,0.9,0.83,BRL,10.6,0.6,0.39,3.49,108,2,29.2,2.7,132,194,,,,,,,,,,,,,,,,,,,,,,,,,,
30,43047544140000,40.2122,-109.7684,Ute Tribal 1-21-3-2E,UT CRC,"TC, TOC, HAWK, ICP",SGS,E231209-029,7760,,,Green River,Castle Peak,0.26,,,,,,10.35,0.5,2.65,3.5,1.3,0.04,0.06,29.5,0.4,BRL,BRL,113,805,BRL,0.4,1.6,71.1,9.7,109,12.2,45,3.3,2.44,0.76,25,2.94,2,4,0.73,BRL,43.2,70,0.38,107,BRL,16,29.3,39,38,8.43,176,BRL,1.2,15,BRL,4.5,3,237,1,0.47,0.1,14.5,1.1,0.37,5.05,224,2,20.7,2.7,235,117,,,,,,,,,,,,,,,,,,,,,,,,,,
30,43047544140000,40.2122,-109.7684,Ute Tribal 1-21-3-2E,UT CRC,"TC, TOC, HAWK, ICP",SGS,E231209-030,7770,,,Green River,Uteland Butte,2.06,,,,,,7.95,5.8,2.82,2.7,1.33,0.12,0.84,26.7,0.36,BRL,13,88,1029,BRL,0.5,0.6,66.4,9.3,88,9.4,19,4.45,2.79,1.27,19,5.42,2,4,0.89,BRL,37.1,52,0.35,1052,4,15,31.5,38,21,8.4,133,BRL,1.3,12,1,6.1,2,228,0.9,0.76,0.06,11.7,0.9,0.35,4.18,171,2,28,2.6,66,111,,,,,,,,,,,,,,,,,,,,,,,,,,
30,43047544140000,40.2122,-109.7684,Ute Tribal 1-21-3-2E,UT CRC,"TC, TOC, HAWK, ICP",SGS,E231209-031,7775,,,Green River,Uteland Butte,2.53,,,,,,0.46,7,0.38,0.2,0.56,0.09,0.07,36.62,0.03,BRL,BRL,19,579,BRL,BRL,BRL,10.5,0.6,27,0.3,BRL,1.01,0.6,0.26,BRL,1.01,BRL,4,0.19,BRL,5,17,0.09,232,BRL,1,5.5,8,BRL,1.38,4,BRL,0.2,BRL,BRL,1.1,BRL,135,BRL,0.15,BRL,1.8,BRL,0.08,0.74,BRL,BRL,6.3,0.6,10,152,,,,,,,,,,,,,,,,,,,,,,,,,,
30,43047544140000,40.2122,-109.7684,Ute Tribal 1-21-3-2E,UT CRC,"TC, TOC, HAWK, ICP",SGS,E231209-032,7780,,,Green River,Uteland Butte,3.44,0.91,0.83,2.46,0.2,434,6.31,6.8,2.13,2.2,1.83,0.11,1.15,25.6,0.32,BRL,11,89,2366,BRL,0.2,0.6,48.9,5.2,69,7.2,11,2.98,1.9,0.73,15,3.24,1,4,0.58,BRL,27.5,50,0.28,258,2,13,22.3,22,16,6.11,103,BRL,1.2,8,2,3.9,2,311,0.8,0.48,BRL,9.3,0.9,0.28,3.63,128,2,17.3,1.9,78,129,,,,,,,,,,,,,,,,,,,,,,,,,,
30,43047544140000,40.2122,-109.7684,Ute Tribal 1-21-3-2E,UT CRC,"TC, TOC, HAWK, ICP",SGS,E231209-033,7785,,,Green River,Uteland Butte,4.06,2.35,4.8,9.12,0.21,442,7,4.6,2.54,2.6,1.6,0.1,1.33,26.6,0.3,BRL,6,88,588,BRL,0.3,0.5,53.5,8.3,80,8.6,53,3.48,2.06,0.98,17,4.08,1,3,0.68,BRL,30.1,56,0.27,282,5,12,25.6,33,19,6.88,121,BRL,0.9,10,3,4.7,2,310,1.7,0.58,BRL,9.8,0.9,0.29,5.09,152,1,20.2,2,102,94.7,,,,,,,,,,,,,,,,,,,,,,,,,,
30,43047544140000,40.2122,-109.7684,Ute Tribal 1-21-3-2E,UT CRC,"TC, TOC, HAWK, ICP",SGS,E231209-034,7790,,,Green River,Uteland Butte,7.8,0.77,0.6,2.17,0.29,444,2.89,13.6,1.71,1.1,6.69,0.07,0.88,15.2,0.14,BRL,7,41,668,BRL,0.1,0.3,26.1,3.4,36,3.2,BRL,1.84,1.04,0.49,7,2.06,BRL,2,0.36,BRL,14.2,34,0.16,299,6,6,12.6,10,8,3.33,46.3,BRL,0.6,BRL,1,2.4,BRL,410,BRL,0.3,BRL,4.2,BRL,0.15,2.08,65,BRL,10.8,1,61,52.4,,,,,,,,,,,,,,,,,,,,,,,,,,
30,43047544140000,40.2122,-109.7684,Ute Tribal 1-21-3-2E,UT CRC,"TC, TOC, HAWK, ICP",SGS,E231209-035,7795,,,Green River,Uteland Butte,4.32,1.88,1.06,7.23,0.3,446,6.53,6.7,2.35,2.5,2.06,0.09,1.31,24.6,0.31,BRL,8,84,481,BRL,0.2,0.3,49,7.6,73,8.2,20,2.94,1.9,0.75,15,3.31,1,4,0.58,BRL,28.6,52,0.26,256,5,12,22.2,27,15,6.04,114,BRL,0.9,9,2,3.9,2,329,0.7,0.48,BRL,8.6,0.7,0.26,3.87,133,1,17.6,1.8,74,115,,,,,,,,,,,,,,,,,,,,,,,,,,
30,43047544140000,40.2122,-109.7684,Ute Tribal 1-21-3-2E,UT CRC,"TC, TOC, HAWK, ICP",SGS,E231209-036,7800,,,Green River,Uteland Butte,2.7,1.9,1.24,7.13,0.2,450,6.53,2.5,2,2.7,1.29,0.09,0.99,30.08,0.37,BRL,12,94,2778,BRL,0.3,0.5,54,6.8,75,8.2,25,3.14,2.2,0.71,16,3.31,1,7,0.65,BRL,31.1,45,0.34,228,5,15,23.4,25,19,6.52,115,BRL,1.7,9,2,3.9,2,203,0.9,0.49,BRL,9.9,0.8,0.31,3.83,121,1,19.4,2.4,72,206,,,,,,,,,,,,,,,,,,,,,,,,,,
30,43047544140000,40.2122,-109.7684,Ute Tribal 1-21-3-2E,UT CRC,"TC, TOC, HAWK, ICP",SGS,E231209-037,7805,,,Green River,Uteland Butte,2.07,0.67,0.25,1.11,0.21,447,7.73,3.7,3.09,3.1,2.19,0.1,1.68,26.4,0.41,BRL,9,99,756,BRL,0.4,0.5,65.1,10.3,83,8.8,20,4.05,2.62,1.04,20,4.28,2,5,0.81,BRL,37.7,58,0.35,447,BRL,17,29.7,31,21,8.12,140,BRL,1.1,12,1,5.2,2,228,1,0.66,BRL,12.2,0.8,0.35,3.5,132,2,24.3,2.6,76,141,,,,,,,,,,,,,,,,,,,,,,,,,,
30,43047544140000,40.2122,-109.7684,Ute Tribal 1-21-3-2E,UT CRC,"TC, TOC, HAWK, ICP",SGS,E231209-038,7809.8,,,Green River,Uteland Butte,11.57,0.67,1.94,1.9,0.45,432,0.5,21.1,1.38,0.2,8.8,0.03,0.22,4.9,0.02,BRL,BRL,11,332,BRL,BRL,BRL,12,1.1,14,0.3,BRL,1.12,0.56,0.4,BRL,1.38,BRL,BRL,0.2,BRL,5.1,17,BRL,543,BRL,BRL,6.9,BRL,BRL,1.67,4.7,BRL,0.3,BRL,BRL,1.4,BRL,584,BRL,0.21,BRL,1.4,BRL,0.06,0.75,14,BRL,6.6,0.4,9,9.6,,,,,,,,,,,,,,,,,,,,,,,,,,
30,43047544140000,40.2122,-109.7684,Ute Tribal 1-21-3-2E,UT CRC,"TC, TOC, HAWK, ICP",SGS,E231209-039,7815,,,Green River,Uteland Butte,3.56,0.96,0.96,3.35,0.24,444,6.37,6.1,2.31,2.6,2.86,0.08,0.99,25.9,0.32,BRL,16,82,490,BRL,0.2,0.4,52.6,7.9,72,7.7,16,3.31,2.08,0.86,15,3.8,1,4,0.66,BRL,29.7,52,0.3,309,4,13,24.5,32,17,6.62,115,BRL,5.1,8,3,4.5,2,315,0.8,0.56,0.1,8.8,0.7,0.29,3.79,133,1,20.3,2.1,83,116,,,,,,,,,,,,,,,,,,,,,,,,,,
31,43047544140000,40.2122,-109.7684,Ute Tribal 1-21-3-2E,UT CRC,"TC, TOC, HAWK, ICP",SGS,E231209-040,7820,,,Green River,Uteland Butte,12.3,0.69,2.74,1.69,0.45,432,0.23,23.9,0.74,0.2,8.46,0.02,0.15,2.8,0.01,BRL,BRL,BRL,310,BRL,BRL,BRL,7.9,0.9,13,0.2,BRL,0.67,0.34,0.2,BRL,0.78,BRL,BRL,0.12,BRL,3.6,13,BRL,536,BRL,BRL,3.8,BRL,BRL,0.94,2.5,BRL,0.2,BRL,BRL,0.7,BRL,807,BRL,0.12,BRL,1.3,BRL,BRL,0.63,9,BRL,3.8,0.2,7,5.8,,,,,,,,,,,,,,,,,,,,,,,,,,
31,43047544140000,40.2122,-109.7684,Ute Tribal 1-21-3-2E,UT CRC,"TC, TOC, HAWK, ICP",SGS,E231209-041,7824.5,,,Green River,Uteland Butte,12.6,1.14,2.95,3.94,0.4,435,0.28,24.4,2.07,0.2,7.65,0.03,0.14,2.3,0.01,BRL,BRL,BRL,434,BRL,BRL,BRL,6.1,0.9,12,0.6,BRL,0.64,0.37,0.17,BRL,0.69,BRL,BRL,0.13,BRL,2.8,BRL,BRL,1298,BRL,BRL,3.4,BRL,BRL,0.78,2.5,BRL,0.2,BRL,BRL,0.7,BRL,711,BRL,0.1,BRL,0.8,BRL,BRL,0.44,9,BRL,4.3,0.3,6,5.3,,,,,,,,,,,,,,,,,,,,,,,,,,
31,43047544140000,40.2122,-109.7684,Ute Tribal 1-21-3-2E,UT CRC,"TC, TOC, HAWK, ICP",SGS,E231209-042,7830,,,Green River,Uteland Butte,1.56,,,,,,0.95,4.5,0.38,0.6,0.32,0.04,0.06,39.12,0.07,BRL,BRL,22,409,BRL,BRL,BRL,16.7,0.9,32,0.5,BRL,1.51,0.86,0.45,2,1.73,BRL,4,0.3,BRL,7.6,25,0.12,247,BRL,2,9,10,7,2.28,17.3,BRL,0.2,BRL,BRL,1.8,BRL,87,BRL,0.26,BRL,1.8,BRL,0.12,1.37,7,BRL,9.9,0.8,10,133,,,,,,,,,,,,,,,,,,,,,,,,,,
31,43047544140000,40.2122,-109.7684,Ute Tribal 1-21-3-2E,UT CRC,"TC, TOC, HAWK, ICP",SGS,E231209-043,7835,,,Green River,Uteland Butte,1.71,,,,,,2.47,4.7,0.83,1,0.86,0.08,0.14,35.7,0.18,BRL,BRL,43,1799,BRL,BRL,BRL,29.9,1.8,44,1.4,BRL,2.57,1.62,0.7,5,3,1,6,0.53,BRL,14.4,32,0.22,302,BRL,6,15.9,14,7,4.02,35.3,BRL,0.3,BRL,BRL,3.2,BRL,148,BRL,0.43,BRL,4.2,BRL,0.22,1.44,23,BRL,16.1,1.5,21,196,,,,,,,,,,,,,,,,,,,,,,,,,,
31,43047544140000,40.2122,-109.7684,Ute Tribal 1-21-3-2E,UT CRC,"TC, TOC, HAWK, ICP",SGS,E231209-044,7840,,,Green River,Uteland Butte,1.48,,,,,,3.66,2.9,1.42,1.5,1.48,0.08,0.29,34.57,0.26,BRL,6,56,425,BRL,0.1,0.3,33.6,4.1,48,2.7,BRL,2.41,1.54,0.62,8,2.6,1,7,0.46,BRL,18.6,26,0.24,332,BRL,10,15.9,12,11,4.11,54.2,BRL,0.9,BRL,BRL,3,1,142,0.6,0.36,BRL,7.9,BRL,0.22,2.12,48,BRL,13.4,1.6,33,217,,,,,,,,,,,,,,,,,,,,,,,,,,
31,43047544140000,40.2122,-109.7684,Ute Tribal 1-21-3-2E,UT CRC,"TC, TOC, HAWK, ICP",SGS,E231209-045,7845,,,Green River,Uteland Butte,1.08,,,,,,4.95,2.5,1.95,2,1.42,0.1,0.64,33.15,0.32,BRL,BRL,68,1610,BRL,0.2,0.3,44.4,6.6,60,3.9,BRL,3.39,2.22,0.81,11,3.5,1,8,0.67,BRL,24.8,35,0.35,197,BRL,12,21.3,21,18,5.67,77.2,BRL,0.6,6,BRL,3.9,1,156,0.7,0.51,BRL,8.1,BRL,0.32,3.27,67,1,20.5,2.3,54,263,,,,,,,,,,,,,,,,,,,,,,,,,,
31,43047544140000,40.2122,-109.7684,Ute Tribal 1-21-3-2E,UT CRC,"TC, TOC, HAWK, ICP",SGS,E231209-046,7850,,,Green River,Uteland Butte,1.43,,,,,,7.67,3.2,2.46,3.1,2.08,0.11,0.04,29.1,0.41,BRL,BRL,90,334,BRL,0.3,1.1,61.5,11.8,95,8.4,44,4.73,2.99,1.12,18,5.1,2,5,0.93,BRL,34.3,57,0.4,239,BRL,16,29.8,37,18,7.86,130,BRL,0.6,12,BRL,5.9,2,215,1,0.77,BRL,12,0.8,0.4,3.75,136,1,27.1,2.8,162,147,,,,,,,,,,,,,,,,,,,,,,,,,,
31,43047544140000,40.2122,-109.7684,Ute Tribal 1-21-3-2E,UT CRC,"TC, TOC, HAWK, ICP",SGS,E231209-047,7855,,,Green River,Uteland Butte,2.1,,,,,,7.32,5.7,2.38,2.9,1.9,0.15,0.06,27.2,0.37,BRL,BRL,88,1031,BRL,0.3,0.6,65,6.6,88,7.7,19,4.82,2.74,1.33,17,5.58,2,4,0.9,BRL,34.7,51,0.37,507,BRL,14,31.3,48,18,8.34,123,BRL,0.5,11,BRL,6.1,2,256,0.9,0.79,BRL,11.1,0.7,0.38,4.6,140,2,28.1,2.6,93,138,,,,,,,,,,,,,,,,,,,,,,,,,,
31,43047544140000,40.2122,-109.7684,Ute Tribal 1-21-3-2E,UT CRC,"TC, TOC, HAWK, ICP",SGS,E231209-048,7860,,,Green River,Uteland Butte,0.82,0.24,,,,,0.5,2,0.35,0.2,0.14,0.07,0.12,43.18,0.02,BRL,BRL,12,3826,BRL,BRL,BRL,7.3,0.7,43,0.2,BRL,0.52,0.32,0.15,BRL,0.67,1,BRL,0.1,BRL,3.8,17,BRL,118,BRL,BRL,3.8,11,10,1,3.3,BRL,0.2,BRL,BRL,0.7,BRL,135,BRL,0.1,BRL,0.7,BRL,BRL,0.5,BRL,BRL,3.7,0.3,16,21.3,,,,,,,,,,,,,,,,,,,,,,,,,,
31,43047544140000,40.2122,-109.7684,Ute Tribal 1-21-3-2E,UT CRC,"TC, TOC, HAWK, ICP",SGS,E231209-049,7865,,,Green River,Uteland Butte,2.03,0.89,0.3,1.29,0.16,447,8.39,3.4,3.88,3.2,1.75,0.09,2.32,27,0.38,BRL,12,98,672,BRL,0.4,0.7,69.7,11.6,93,9.2,32,4.21,2.67,1.2,20,5.03,2,4,0.86,BRL,38.8,56,0.38,292,4,15,32.4,48,26,8.67,143,BRL,1.8,12,2,5.9,2,248,0.9,0.72,BRL,12.2,1.1,0.36,3.76,160,1,25.4,2.6,94,130,,,,,,,,,,,,,,,,,,,,,,,,,,
31,43047544140000,40.2122,-109.7684,Ute Tribal 1-21-3-2E,UT CRC,"TC, TOC, HAWK, ICP",SGS,E231209-050,7870,,,Green River,Base Uteland-Wasatch,0.27,,,,,,9.99,0.5,2.7,3.8,1.61,0.03,0.61,29.2,0.39,BRL,10,114,533,BRL,0.4,0.5,57.2,8.8,92,11.4,28,3.47,2.61,0.64,25,2.77,2,4,0.76,BRL,35.1,65,0.4,101,2,17,23.7,36,32,6.86,172,BRL,2.1,14,2,3.6,3,230,1,0.49,BRL,14.3,1,0.37,6.59,177,2,22.1,2.8,132,123,,,,,,,,,,,,,,,,,,,,,,,,,,
31,43047544140000,40.2122,-109.7684,Ute Tribal 1-21-3-2E,UT CRC,"TC, TOC, HAWK, ICP",SGS,E231209-051,7875,,,Green River,Base Uteland-Wasatch,4.02,2.29,0.75,6.77,0.17,448,7.73,4.9,4.81,3,2.17,0.08,3.24,22.4,0.35,BRL,41,93,631,BRL,0.3,0.4,53,14.3,82,7.8,33,3.19,2.07,0.81,19,3.48,1,4,0.63,BRL,30.3,57,0.29,560,37,13,24.4,45,19,6.63,126,BRL,2.4,12,4,4.4,2,265,0.8,0.51,0.07,10.5,1.8,0.29,4.65,126,1,18.4,2.1,92,106,,,,,,,,,,,,,,,,,,,,,,,,,,
31,43047544140000,40.2122,-109.7684,Ute Tribal 1-21-3-2E,UT CRC,"TC, TOC, HAWK, ICP",SGS,E231209-052,7878,,,Green River,Base Uteland-Wasatch,13.5,3.53,9.17,11.98,0.42,442,0.52,20.5,0.79,0.3,9.74,0.07,0.36,3.6,0.02,BRL,BRL,13,6942,BRL,BRL,BRL,6,1.3,27,0.4,BRL,0.4,0.22,0.14,1,0.58,BRL,BRL,0.08,BRL,2.6,14,BRL,424,BRL,BRL,3.1,12,BRL,0.77,6.7,0.03,0.2,BRL,BRL,0.7,BRL,541,BRL,0.08,BRL,0.8,BRL,BRL,0.54,10,BRL,2.8,0.2,14,7.1,,,,,,,,,,,,,,,,,,,,,,,,,,
31,43047544140000,40.2122,-109.7684,Ute Tribal 1-21-3-2E,UT CRC,"TC, TOC, HAWK, ICP",SGS,E231209-053,7885,,,Green River,Base Uteland-Wasatch,5.47,2.47,0.95,8.02,0.28,451,6.61,8.7,2.47,2.5,1.98,0.08,1.29,21.7,0.33,BRL,8,82,502,BRL,0.3,0.5,48,8.2,72,7.2,28,2.8,1.84,0.7,16,3.11,1,4,0.59,BRL,27.6,47,0.28,367,3,13,21.3,29,18,5.95,115,BRL,1.1,10,3,3.8,2,451,0.8,0.45,BRL,9.7,0.7,0.27,3.45,118,1,17.5,2,90,107,,,,,,,,,,,,,,,,,,,,,,,,,,
31,43047544140000,40.2122,-109.7684,Ute Tribal 1-21-3-2E,UT CRC,"TC, TOC, HAWK, ICP",SGS,E231209-054,7890,,,Green River,Base Uteland-Wasatch,8.38,1.87,0.7,4.93,0.15,451,3.85,20.1,1.92,1.3,1.92,0.18,1.05,13.6,0.2,BRL,BRL,46,532,BRL,0.2,0.3,48.9,4.5,31,3.9,17,4.79,2.28,1.5,9,5.77,BRL,2,0.89,BRL,23.4,32,0.24,662,BRL,7,26.4,14,11,6.2,61,BRL,0.4,6,2,5.8,2,669,0.5,0.83,BRL,5.8,BRL,0.29,2.1,73,1,25.9,1.9,57,70.2,,,,,,,,,,,,,,,,,,,,,,,,,,
31,43047544140000,40.2122,-109.7684,Ute Tribal 1-21-3-2E,UT CRC,"TC, TOC, HAWK, ICP",SGS,E231209-055,7895,,,Green River,Base Uteland-Wasatch,1.99,0.55,0.24,0.94,0.27,444,8.23,4.3,3.24,2.9,1.76,0.08,1.6,26.7,0.34,BRL,8,94,514,BRL,0.3,0.6,62.6,9.6,75,9.8,19,3.87,2.18,0.95,19,4.08,2,3,0.76,BRL,34.3,61,0.34,262,BRL,13,27.5,31,23,7.32,139,BRL,0.6,12,BRL,5,2,273,0.8,0.64,BRL,10.9,1,0.33,2.75,166,2,20.8,2.2,99,102,,,,,,,,,,,,,,,,,,,,,,,,,,
31,43047544140000,40.2122,-109.7684,Ute Tribal 1-21-3-2E,UT CRC,"TC, TOC, HAWK, ICP",SGS,E231209-056,7900,,,Green River,Base Uteland-Wasatch,4.02,0.35,,,,,6.04,8.4,2.46,2.2,3.23,0.08,1.03,21.8,0.31,BRL,BRL,75,757,BRL,0.2,0.5,52,5,52,6.8,15,3.25,1.98,0.87,14,3.77,1,3,0.67,BRL,28.6,47,0.27,485,BRL,22,23.7,21,14,6.22,103,BRL,0.8,9,2,4.5,3,287,0.7,0.54,BRL,8.3,0.7,0.28,3.3,122,2,18.3,1.9,63,89.4,,,,,,,,,,,,,,,,,,,,,,,,,,
31,43047544140000,40.2122,-109.7684,Ute Tribal 1-21-3-2E,UT CRC,"TC, TOC, HAWK, ICP",SGS,E231209-057,7905,,,Green River,Base Uteland-Wasatch,4.11,1.51,1.71,6.14,0.32,444,6.72,6.5,2.63,2.4,2.51,0.08,1.28,23.8,0.33,BRL,6,81,995,BRL,0.2,0.4,58.6,8.1,56,8.1,28,3.49,2.05,0.9,16,4.05,1,3,0.71,BRL,31.8,54,0.32,365,4,13,26,25,16,6.94,111,BRL,0.7,10,1,4.6,2,299,0.8,0.56,BRL,8.9,0.9,0.31,5.13,136,2,19.5,2.1,86,105,,,,,,,,,,,,,,,,,,,,,,,,,,
31,43047544140000,40.2122,-109.7684,Ute Tribal 1-21-3-2E,UT CRC,"TC, TOC, HAWK, ICP",SGS,E231209-058,7910,,,Green River,Base Uteland-Wasatch,5.23,2.05,2.5,8.04,0.26,438,6.51,7.6,2.95,2.5,3.03,0.09,1.4,22.2,0.31,BRL,14,85,1129,BRL,0.7,0.7,56.6,11.4,53,8,62,3.54,2.07,0.93,16,3.91,1,3,0.72,BRL,29.6,57,0.3,482,6,13,24.2,35,30,6.6,109,BRL,1.3,11,2,4.6,4,357,0.7,0.6,0.08,9.7,0.8,0.31,6.21,149,1,19.4,2.1,99,88.6,,,,,,,,,,,,,,,,,,,,,,,,,,
31,43047544140000,40.2122,-109.7684,Ute Tribal 1-21-3-2E,UT CRC,"TC, TOC, HAWK, ICP",SGS,E231209-059,7915,,,Green River,Base Uteland-Wasatch,2.22,,,,,,1.15,6.3,0.42,0.6,0.61,0.04,0.13,36.44,0.05,BRL,BRL,16,349,BRL,BRL,BRL,11.4,0.7,14,0.4,BRL,0.96,0.52,0.28,2,1.05,BRL,2,0.19,BRL,6.1,16,0.08,186,BRL,3,5.4,BRL,7,1.33,19.6,BRL,0.2,BRL,BRL,1.1,BRL,138,BRL,0.14,BRL,1.4,BRL,0.08,0.53,7,BRL,5.5,0.5,11,64.1,,,,,,,,,,,,,,,,,,,,,,,,,,
31,43047544140000,40.2122,-109.7684,Ute Tribal 1-21-3-2E,UT CRC,"TC, TOC, HAWK, ICP",SGS,E231209-060,7919.9,,,Green River,Base Uteland-Wasatch,1.98,0.25,,,,,2.37,4.8,0.79,1.2,1.05,0.06,0.21,35.57,0.12,BRL,BRL,44,1335,BRL,BRL,0.6,23.8,2.1,27,1.5,13,1.91,1.13,0.52,5,2.1,1,6,0.37,BRL,11.9,21,0.18,177,BRL,5,11.4,11,8,2.94,38.7,BRL,0.2,BRL,BRL,2.3,BRL,151,BRL,0.31,BRL,3.6,BRL,0.16,1.91,31,BRL,10.9,1.2,64,221,,,,,,,,,,,,,,,,,,,,,,,,,,
31,43047544140000,40.2122,-109.7684,Ute Tribal 1-21-3-2E,UT CRC,"TC, TOC, HAWK, ICP",SGS,E231209-061,7925,,,Green River,Base Uteland-Wasatch,3.58,,,,,,0.31,11.2,0.16,0.2,0.53,0.11,0.03,32.32,0.02,BRL,BRL,10,441,BRL,BRL,BRL,6.2,BRL,BRL,BRL,BRL,0.55,0.37,0.14,BRL,0.56,BRL,2,0.11,BRL,3.6,BRL,BRL,204,BRL,BRL,3.1,BRL,BRL,0.78,4.6,BRL,BRL,BRL,BRL,0.6,BRL,167,BRL,0.09,BRL,0.9,BRL,BRL,0.48,BRL,BRL,3.6,0.3,6,67.1,,,,,,,,,,,,,,,,,,,,,,,,,,
31,43047544140000,40.2122,-109.7684,Ute Tribal 1-21-3-2E,UT CRC,"TC, TOC, HAWK, ICP",SGS,E231209-062,7930,,,Green River,Base Uteland-Wasatch,3.63,0.97,1.17,2.89,0.36,442,6,7.2,2.29,2.5,2.33,0.1,1.09,26.2,0.34,BRL,10,84,1017,BRL,0.2,0.5,51.1,7.3,54,6.3,23,3.68,2.04,0.92,14,4.12,1,4,0.74,BRL,27.2,44,0.33,426,5,12,22.9,24,15,6.23,103,BRL,1,9,1,4.3,2,283,0.8,0.59,BRL,7.8,0.6,0.33,3.73,104,1,19.8,2.2,68,142,,,,,,,,,,,,,,,,,,,,,,,,,,
31,43047544140000,40.2122,-109.7684,Ute Tribal 1-21-3-2E,UT CRC,"TC, TOC, HAWK, ICP",SGS,E231209-063,7935,,,Green River,Base Uteland-Wasatch,1.42,,,,,,2.92,3.5,0.98,0.8,1.17,0.12,0.47,36.12,0.26,BRL,BRL,55,2565,BRL,BRL,BRL,40.5,2.8,34,1,BRL,3.49,2.33,0.78,6,3.7,BRL,13,0.72,BRL,20.6,22,0.39,201,BRL,9,20.6,8,9,5.11,28.3,BRL,0.4,BRL,BRL,4.1,BRL,126,0.5,0.57,BRL,6.8,BRL,0.33,2.61,27,BRL,19.9,2.4,21,465,,,,,,,,,,,,,,,,,,,,,,,,,,
31,43047544140000,40.2122,-109.7684,Ute Tribal 1-21-3-2E,UT CRC,"TC, TOC, HAWK, ICP",SGS,E231209-064,7940,,,Green River,Base Uteland-Wasatch,1.25,0.49,0.06,0.67,0.22,444,9.46,1.8,3.96,3.7,2.28,0.11,2.31,26,0.5,BRL,7,126,1059,BRL,0.4,BRL,84.7,12.7,144,9.5,35,4.69,2.85,1.09,23,4.8,2,6,0.94,BRL,47,59,0.43,319,2,17,36.5,36,27,9.85,153,BRL,1,15,1,5.5,3,186,1.2,0.71,BRL,13.3,1,0.44,3.79,149,2,25.6,2.9,71,182,,,,,,,,,,,,,,,,,,,,,,,,,,
31,43047544140000,40.2122,-109.7684,Ute Tribal 1-21-3-2E,UT CRC,"TC, TOC, HAWK, ICP",SGS,E231209-065,7944.8,,,Green River,Base Uteland-Wasatch,10.22,0.35,,,,,0.81,32.38,0.51,0.3,0.71,0.05,0.59,6,0.05,BRL,BRL,14,6101,BRL,BRL,BRL,11.6,1.3,BRL,0.6,BRL,0.91,0.5,0.27,2,1.08,BRL,1,0.19,BRL,5.7,12,0.07,316,BRL,2,5.4,BRL,BRL,1.38,11.2,BRL,0.2,BRL,BRL,1.2,BRL,1361,BRL,0.15,BRL,1.4,BRL,0.07,1.11,11,BRL,5.8,0.4,12,39.1,,,,,,,,,,,,,,,,,,,,,,,,,,
31,43047544140000,40.2122,-109.7684,Ute Tribal 1-21-3-2E,UT CRC,"TC, TOC, HAWK, ICP",SGS,E231209-066,7948.8,,,Green River,Base Uteland-Wasatch,3.41,1.67,0.55,4.86,0.28,449,7.98,5.4,2.49,3.2,1.87,0.1,1.02,24.8,0.4,BRL,30,105,301,BRL,0.2,0.3,62.5,8.8,70,8.9,25,3.38,2.21,0.84,19,3.45,1,5,0.68,BRL,35,50,0.33,249,9,14,25.9,27,16,7.04,140,BRL,0.7,13,2,4.3,2,246,0.9,0.56,BRL,11.4,1.5,0.3,4.82,137,2,17.6,2.2,101,150,,,,,,,,,,,,,,,,,,,,,,,,,,
31,05-103-70000-OS00,39.991,-109.0171,TOTAL SA PR-15-7C,UT CRC,"TC, TOC, HAWK, XRD",,E240109-001,1433.3,,,Green River,Castle Peak,0.48,0.51,0.02,0.19,0.32,431,,,,,,,,,,,,,,,,,,,,,,,,,,,,,,,,,,,,,,,,,,,,,,,,,,,,,,,,,,,,,,17.3,12.2,,4.4,,,,0,,0,,,0.3,51.5,,6.2,2.2,,,,2.8,,,,,3.2
31,05-103-70000-OS00,39.991,-109.0171,TOTAL SA PR-15-7C,UT CRC,"TC, TOC, HAWK, XRD",,E240109-002,1435.4,,,Green River,Castle Peak,2.91,0.28,,,,,,,,,,,,,,,,,,,,,,,,,,,,,,,,,,,,,,,,,,,,,,,,,,,,,,,,,,,,,,,,,,23,7.6,,5.4,,,,9.1,,2.7,,,0.1,36.7,,5.4,4.5,,,,2.4,,,,,3
31,05-103-70000-OS00,39.991,-109.0171,TOTAL SA PR-15-7C,UT CRC,"TC, TOC, HAWK, XRD",,E240109-003,1437,,,Green River,Castle Peak,2.05,,,,,,,,,,,,,,,,,,,,,,,,,,,,,,,,,,,,,,,,,,,,,,,,,,,,,,,,,,,,,,,,,,,29.2,18.5,,8.7,,,,8.7,,3.9,,,0.3,15.7,,3.7,5.6,,,,2.2,,,,,3.5
31,05-103-70000-OS00,39.991,-109.0171,TOTAL SA PR-15-7C,UT CRC,"TC, TOC, HAWK, XRD",,E240109-004,1438,,,Green River,Castle Peak,1.8,,,,,,,,,,,,,,,,,,,,,,,,,,,,,,,,,,,,,,,,,,,,,,,,,,,,,,,,,,,,,,,,,,,26.1,12.1,,6.4,,,,5.5,,4,,,0.3,29.9,,4.6,4.5,,,,3.9,,,,,2.7
31,05-103-70000-OS00,39.991,-109.0171,TOTAL SA PR-15-7C,UT CRC,"TC, TOC, HAWK, XRD",,E240109-005,1439,,,Green River,Castle Peak,3.24,,,,,,,,,,,,,,,,,,,,,,,,,,,,,,,,,,,,,,,,,,,,,,,,,,,,,,,,,,,,,,,,,,,14.1,3.7,,3.2,,,,19.8,,0,,,0.2,45.3,,4.7,6.7,,,,1.5,,,,,0.8
31,05-103-70000-OS00,39.991,-109.0171,TOTAL SA PR-15-7C,UT CRC,"TC, TOC, HAWK, XRD",,E240109-006,1440,,,Green River,Castle Peak,1.68,0.33,,,,,,,,,,,,,,,,,,,,,,,,,,,,,,,,,,,,,,,,,,,,,,,,,,,,,,,,,,,,,,,,,,19,8.9,,4.4,,,,5,,2.8,,,0.9,43.1,,5,5.2,,,,1.8,,,,,3.7
31,05-103-70000-OS00,39.991,-109.0171,TOTAL SA PR-15-7C,UT CRC,"TC, TOC, HAWK, XRD",,E240109-007,1441,,,Green River,Castle Peak,1.7,0.37,,,,,,,,,,,,,,,,,,,,,,,,,,,,,,,,,,,,,,,,,,,,,,,,,,,,,,,,,,,,,,,,,,18.9,7.8,,3.7,,,,5.2,,2,,,1,48.4,,4.6,4.4,,,,2.8,,,,,1.2
31,05-103-70000-OS00,39.991,-109.0171,TOTAL SA PR-15-7C,UT CRC,"TC, TOC, HAWK, XRD",,E240109-008,1442,,,Green River,Castle Peak,2.22,1.85,0.23,0.9,0.51,433,,,,,,,,,,,,,,,,,,,,,,,,,,,,,,,,,,,,,,,,,,,,,,,,,,,,,,,,,,,,,,13.3,7.3,,3,,,,0.8,,0.3,,,0.7,34.4,,8.9,16.3,,,,5.9,,,,,9.1
31,05-103-70000-OS00,39.991,-109.0171,TOTAL SA PR-15-7C,UT CRC,"TC, TOC, HAWK, XRD",,E240109-009,1443,,,Green River,Castle Peak,2.79,0.79,0.24,0.94,0.37,434,,,,,,,,,,,,,,,,,,,,,,,,,,,,,,,,,,,,,,,,,,,,,,,,,,,,,,,,,,,,,,14.5,10.1,,1.9,,,,11.4,,0.5,,,2.3,47.1,,5,4.5,,,,0.9,,,,,1.8
31,05-103-70000-OS00,39.991,-109.0171,TOTAL SA PR-15-7C,UT CRC,"TC, TOC, HAWK, XRD",,E240109-010,1444,,,Green River,Castle Peak,1.58,0.61,0.06,0.58,0.32,430,,,,,,,,,,,,,,,,,,,,,,,,,,,,,,,,,,,,,,,,,,,,,,,,,,,,,,,,,,,,,,13.9,8.2,,5.5,,,,4.6,,0.7,,,2.1,51,,6.5,4.8,,,,0.6,,,,,2.1
31,05-103-70000-OS00,39.991,-109.0171,TOTAL SA PR-15-7C,UT CRC,"TC, TOC, HAWK, XRD",,E240109-011,1446,,,Green River,Castle Peak,6.87,2.64,0.74,12.99,0.66,439,,,,,,,,,,,,,,,,,,,,,,,,,,,,,,,,,,,,,,,,,,,,,,,,,,,,,,,,,,,,,,17.3,3.7,,1.7,,,,28.4,,0.3,,,2.1,38.8,,2.7,3.3,,,,1.5,,,,,0.2
31,05-103-70000-OS00,39.991,-109.0171,TOTAL SA PR-15-7C,UT CRC,"TC, TOC, HAWK, XRD",,E240109-012,1447,,,Green River,Castle Peak,7.12,2.49,0.75,13.27,0.41,435,,,,,,,,,,,,,,,,,,,,,,,,,,,,,,,,,,,,,,,,,,,,,,,,,,,,,,,,,,,,,,12.2,3,,1.8,,,,32.5,,0.6,,,2,40.3,,2.6,2.4,,,,2.6,,,,,0.1
31,05-103-70000-OS00,39.991,-109.0171,TOTAL SA PR-15-7C,UT CRC,"TC, TOC, HAWK, XRD",,E240109-013,1448,,,Green River,Castle Peak,7.93,3.11,0.44,19.11,0.53,434,,,,,,,,,,,,,,,,,,,,,,,,,,,,,,,,,,,,,,,,,,,,,,,,,,,,,,,,,,,,,,13.3,1.8,,2.5,,,,36.3,,0,,,1.5,36.5,,3.5,2.6,,,,2,,,,,0
31,05-103-70000-OS00,39.991,-109.0171,TOTAL SA PR-15-7C,UT CRC,"TC, TOC, HAWK, XRD",,E240109-014,1449,,,Green River,Castle Peak,8.82,1.82,0.66,7.39,0.44,439,,,,,,,,,,,,,,,,,,,,,,,,,,,,,,,,,,,,,,,,,,,,,,,,,,,,,,,,,,,,,,11.6,1.5,,1.8,,,,54,,0.6,,,1.3,24.4,,1.5,0.9,,,,2.4,,,,,0
31,05-103-70000-OS00,39.991,-109.0171,TOTAL SA PR-15-7C,UT CRC,"TC, TOC, HAWK, XRD",,E240109-015,1450,,,Green River,Castle Peak,6.86,0.95,0.14,2.83,0.56,439,,,,,,,,,,,,,,,,,,,,,,,,,,,,,,,,,,,,,,,,,,,,,,,,,,,,,,,,,,,,,,17,1.6,,1.8,,,,42.4,,0.3,,,1,31.7,,1.6,1,,,,1.4,,,,,0.1
31,05-103-70000-OS00,39.991,-109.0171,TOTAL SA PR-15-7C,UT CRC,"TC, TOC, HAWK, XRD",,E240109-016,1451,,,Green River,Castle Peak,8.34,1.29,0.42,5.24,0.46,441,,,,,,,,,,,,,,,,,,,,,,,,,,,,,,,,,,,,,,,,,,,,,,,,,,,,,,,,,,,,,,14.3,1.7,,1.6,,,,54,,0.5,,,0.9,24.1,,1.1,0.7,,,,1,,,,,0
31,05-103-70000-OS00,39.991,-109.0171,TOTAL SA PR-15-7C,UT CRC,"TC, TOC, HAWK, XRD",,E240109-017,1452,,,Green River,Castle Peak,3.96,4,0.24,17.54,0.41,439,,,,,,,,,,,,,,,,,,,,,,,,,,,,,,,,,,,,,,,,,,,,,,,,,,,,,,,,,,,,,,25.3,12.5,,2.2,,,,0.2,,0,,,0.3,49.6,,3.7,4.1,,,,0.8,,,,,1.4
31,05-103-70000-OS00,39.991,-109.0171,TOTAL SA PR-15-7C,UT CRC,"TC, TOC, HAWK, XRD",,E240109-018,1453,,,Green River,Castle Peak,2.78,0.45,,,,,,,,,,,,,,,,,,,,,,,,,,,,,,,,,,,,,,,,,,,,,,,,,,,,,,,,,,,,,,,,,,24,9.2,,3.2,,,,13.4,,0,,,0.4,45.2,,2.7,1.4,,,,0.4,,,,,0.2
31,05-103-70000-OS00,39.991,-109.0171,TOTAL SA PR-15-7C,UT CRC,"TC, TOC, HAWK, XRD",,E240109-019,1454,,,Green River,Castle Peak,7.5,0.27,,,,,,,,,,,,,,,,,,,,,,,,,,,,,,,,,,,,,,,,,,,,,,,,,,,,,,,,,,,,,,,,,,14.1,1.1,,1.7,,,,54.3,,0.1,,,0.8,25,,0.9,0.3,,,,1.9,,,,,0
31,05-103-70000-OS00,39.991,-109.0171,TOTAL SA PR-15-7C,UT CRC,"TC, TOC, HAWK, XRD",,E240109-020,1455,,,Green River,Castle Peak,4.95,0.36,,,,,,,,,,,,,,,,,,,,,,,,,,,,,,,,,,,,,,,,,,,,,,,,,,,,,,,,,,,,,,,,,,28.4,4.8,,2.8,,,,26.3,,0.7,,,0.5,34.1,,1.4,0.6,,,,0.1,,,,,0.2
31,05-103-70000-OS00,39.991,-109.0171,TOTAL SA PR-15-7C,UT CRC,"TC, TOC, HAWK, XRD",,E240109-021,1456,,,Green River,Castle Peak,2.21,0.57,0.18,0.87,0.24,438,,,,,,,,,,,,,,,,,,,,,,,,,,,,,,,,,,,,,,,,,,,,,,,,,,,,,,,,,,,,,,26.2,12.5,,1.2,,,,7.6,,0,,,0.6,46.4,,3,1.1,,,,0.5,,,,,1.1
31,05-103-70000-OS00,39.991,-109.0171,TOTAL SA PR-15-7C,UT CRC,"TC, TOC, HAWK, XRD",,E240109-022,1457,,,Green River,Castle Peak,6.64,0.47,,,,,,,,,,,,,,,,,,,,,,,,,,,,,,,,,,,,,,,,,,,,,,,,,,,,,,,,,,,,,,,,,,16.1,2.3,,2.7,,,,41.5,,0.6,,,0.4,32.5,,1.5,1.5,,,,0.9,,,,,0.1
31,05-103-70000-OS00,39.991,-109.0171,TOTAL SA PR-15-7C,UT CRC,"TC, TOC, HAWK, XRD",,E240109-023,1458,,,Green River,Castle Peak,3.37,3.39,0.06,15.34,0.36,440,,,,,,,,,,,,,,,,,,,,,,,,,,,,,,,,,,,,,,,,,,,,,,,,,,,,,,,,,,,,,,22.8,17.2,,0.7,,,,1,,0,,,0.5,49.6,,3.6,1.6,,,,0.1,,,,,2.7
31,05-103-70000-OS00,39.991,-109.0171,TOTAL SA PR-15-7C,UT CRC,"TC, TOC, HAWK, XRD",,E240109-024,1460,,,Green River,Uteland Butte,1.21,1.24,0.01,0.39,0.34,430,,,,,,,,,,,,,,,,,,,,,,,,,,,,,,,,,,,,,,,,,,,,,,,,,,,,,,,,,,,,,,18.2,18.5,,0,,,,0.7,,0,,,0.7,56.5,,1.7,1.9,,,,0.4,,,,,1.4
31,05-103-70000-OS00,39.991,-109.0171,TOTAL SA PR-15-7C,UT CRC,"TC, TOC, HAWK, XRD",,E240109-025,1461,,,Green River,Uteland Butte,8.5,,,,,,,,,,,,,,,,,,,,,,,,,,,,,,,,,,,,,,,,,,,,,,,,,,,,,,,,,,,,,,,,,,,8.6,0.9,,2.2,,,,65,,0.1,,,0.8,19.9,,0.9,0.5,,,,1,,,,,0
31,05-103-70000-OS00,39.991,-109.0171,TOTAL SA PR-15-7C,UT CRC,"TC, TOC, HAWK, XRD",,E240109-026,1463,,,Green River,Uteland Butte,4.37,0.41,,,,,,,,,,,,,,,,,,,,,,,,,,,,,,,,,,,,,,,,,,,,,,,,,,,,,,,,,,,,,,,,,,12.8,6.2,,1.7,,,,28.2,,0,,,0.9,43.2,,2.3,3.2,,,,0,,,,,1.5
31,05-103-70000-OS00,39.991,-109.0171,TOTAL SA PR-15-7C,UT CRC,"TC, TOC, HAWK, XRD",,E240109-027,1464,,,Green River,Uteland Butte,3.78,0.61,0.43,1.51,0.29,440,,,,,,,,,,,,,,,,,,,,,,,,,,,,,,,,,,,,,,,,,,,,,,,,,,,,,,,,,,,,,,17,9.7,,0,,,,19.5,,0.1,,,0.9,46.7,,2.7,1.8,,,,0.7,,,,,0.8
31,05-103-70000-OS00,39.991,-109.0171,TOTAL SA PR-15-7C,UT CRC,"TC, TOC, HAWK, XRD",,E240109-028,1466,,,Green River,Uteland Butte,8.02,0.98,0.53,3.6,0.34,442,,,,,,,,,,,,,,,,,,,,,,,,,,,,,,,,,,,,,,,,,,,,,,,,,,,,,,,,,,,,,,12.8,1.4,,0.8,,,,54.1,,0.2,,,0.7,28,,0.8,0.1,,,,1.2,,,,,0
31,05-103-70000-OS00,39.991,-109.0171,TOTAL SA PR-15-7C,UT CRC,"TC, TOC, HAWK, XRD",,E240109-029,1468,,,Green River,Uteland Butte,9.19,1.99,0.72,11.14,0.5,443,,,,,,,,,,,,,,,,,,,,,,,,,,,,,,,,,,,,,,,,,,,,,,,,,,,,,,,,,,,,,,8.4,1,,2.9,,,,58,,0,,,1.5,24.1,,1.3,2,,,,0.9,,,,,0
31,05-103-70000-OS00,39.991,-109.0171,TOTAL SA PR-15-7C,UT CRC,"TC, TOC, HAWK, XRD",,E240109-030,1469,,,Green River,Uteland Butte,4.45,0.91,0.08,1.14,0.44,441,,,,,,,,,,,,,,,,,,,,,,,,,,,,,,,,,,,,,,,,,,,,,,,,,,,,,,,,,,,,,,17.7,11.1,,0,,,,21.8,,0.3,,,0.7,40.3,,1.8,1.3,,,,0.9,,,,,4.1
31,05-103-70000-OS00,39.991,-109.0171,TOTAL SA PR-15-7C,UT CRC,"TC, TOC, HAWK, XRD",,E240109-031,1470,,,Green River,Uteland Butte,6.38,0.36,,,,,,,,,,,,,,,,,,,,,,,,,,,,,,,,,,,,,,,,,,,,,,,,,,,,,,,,,,,,,,,,,,18.7,5,,4.3,,,,22.1,,8.2,,,3.5,30.1,,1.8,2.6,,,,3.6,,,,,0
31,05-103-70000-OS00,39.991,-109.0171,TOTAL SA PR-15-7C,UT CRC,"TC, TOC, HAWK, XRD",,E240109-032,1471,,,Green River,Uteland Butte,3.03,0.92,0.19,3.03,0.28,434,,,,,,,,,,,,,,,,,,,,,,,,,,,,,,,,,,,,,,,,,,,,,,,,,,,,,,,,,,,,,,23.4,3.9,,4.6,,,,11.3,,3.5,,,1.2,45.6,,3.3,3.2,,,,0,,,,,0.2
31,05-103-70000-OS00,39.991,-109.0171,TOTAL SA PR-15-7C,UT CRC,"TC, TOC, HAWK, XRD",,E240109-033,1472,,,Green River,Uteland Butte,3.43,1.5,1.28,7.71,0.39,433,,,,,,,,,,,,,,,,,,,,,,,,,,,,,,,,,,,,,,,,,,,,,,,,,,,,,,,,,,,,,,20,12.7,,7.4,,,,2.3,,5.2,,,1.7,42.9,,3.9,2.9,,,,0.4,,,,,0.5
31,05-103-70000-OS00,39.991,-109.0171,TOTAL SA PR-15-7C,UT CRC,"TC, TOC, HAWK, XRD",,E240109-034,1473,,,Green River,Uteland Butte,4.66,3.63,0.42,27.45,0.29,439,,,,,,,,,,,,,,,,,,,,,,,,,,,,,,,,,,,,,,,,,,,,,,,,,,,,,,,,,,,,,,22.7,2.1,,17.3,,,,1.6,,1.8,,,2.5,41.5,,5,4.6,,,,0.2,,,,,0.7
31,05-103-70000-OS00,39.991,-109.0171,TOTAL SA PR-15-7C,UT CRC,"TC, TOC, HAWK, XRD",,E240109-035,1474.2,,,Green River,Uteland Butte,12.51,0.21,,,,,,,,,,,,,,,,,,,,,,,,,,,,,,,,,,,,,,,,,,,,,,,,,,,,,,,,,,,,,,,,,,1.3,0,,0,,,,8.6,,79.3,,,1.9,1.3,,0,0.5,,,,7,,,,,0
31,05-103-70000-OS00,39.991,-109.0171,TOTAL SA PR-15-7C,UT CRC,"TC, TOC, HAWK, XRD",,E240109-036,1475.5,,,Green River,Uteland Butte,9.24,5.23,0.63,47.58,0.5,440,,,,,,,,,,,,,,,,,,,,,,,,,,,,,,,,,,,,,,,,,,,,,,,,,,,,,,,,,,,,,,16.2,2.7,,2.7,,,,21.1,,1.6,,,2.3,46.1,,3.7,2.4,,,,1,,,,,0.1
31,05-103-70000-OS00,39.991,-109.0171,TOTAL SA PR-15-7C,UT CRC,"TC, TOC, HAWK, XRD",,E240109-037,1477.5,,,Green River,Uteland Butte,2.87,0.99,0.25,2.5,0.28,440,,,,,,,,,,,,,,,,,,,,,,,,,,,,,,,,,,,,,,,,,,,,,,,,,,,,,,,,,,,,,,22.7,7.4,,2.6,,,,9,,3.2,,,1.8,48.2,,2.9,1.8,,,,0.4,,,,,0
31,05-103-70000-OS00,39.991,-109.0171,TOTAL SA PR-15-7C,UT CRC,"TC, TOC, HAWK, XRD",,E240109-038,1478.5,,,Green River,Uteland Butte,3.47,0.96,0.29,1.75,0.5,439,,,,,,,,,,,,,,,,,,,,,,,,,,,,,,,,,,,,,,,,,,,,,,,,,,,,,,,,,,,,,,19.3,7.5,,2.3,,,,14.2,,2.4,,,1.6,48.8,,1.7,1.4,,,,0.6,,,,,0.2
32,05-103-70000-OS00,39.991,-109.0171,TOTAL SA PR-15-7C,UT CRC,"TC, TOC, HAWK, XRD",,E240109-039,1480.3,,,Green River,Uteland Butte,6.21,0.77,1.02,0.94,0.51,438,,,,,,,,,,,,,,,,,,,,,,,,,,,,,,,,,,,,,,,,,,,,,,,,,,,,,,,,,,,,,,17,1.1,,7.8,,,,32.6,,0.1,,,1,39.4,,0,0.2,,,,0.7,,,,,0
32,05-103-70000-OS00,39.991,-109.0171,TOTAL SA PR-15-7C,UT CRC,"TC, TOC, HAWK, XRD",,E240109-040,1481.35,,,Green River,Uteland Butte,43.56,43.22,5.37,190.67,2.96,423,,,,,,,,,,,,,,,,,,,,,,,,,,,,,,,,,,,,,,,,,,,,,,,,,,,,,,,,,,,,,,22.9,6.1,,3.2,,,,0.6,,0,,,8.9,53.4,,0.8,0.6,,,,2.7,,,,,0.8
32,05-103-70000-OS00,39.991,-109.0171,TOTAL SA PR-15-7C,UT CRC,"TC, TOC, HAWK, XRD",,E240109-041,1482.2,,,Green River,Uteland Butte,9.84,2.38,1.06,16.21,0.47,439,,,,,,,,,,,,,,,,,,,,,,,,,,,,,,,,,,,,,,,,,,,,,,,,,,,,,,,,,,,,,,10,1.9,,,,,,4.6,,54,,,1.8,22,,0,0.2,,,,2,,,,,
32,05-103-70000-OS00,39.991,-109.0171,TOTAL SA PR-15-7C,UT CRC,"TC, TOC, HAWK, XRD",,E240109-042,1483,,,Green River,Uteland Butte,6.92,3.27,0.86,29.01,0.48,438,,,,,,,,,,,,,,,,,,,,,,,,,,,,,,,,,,,,,,,,,,,,,,,,,,,,,,,,,,,,,,19.8,5.7,,,,,,14.1,,19.9,,,2,31.1,,0,2.9,,,,0,,,,,
32,05-103-70000-OS00,39.991,-109.0171,TOTAL SA PR-15-7C,UT CRC,"TC, TOC, HAWK, XRD",,E240109-043,1484,,,Green River,Uteland Butte,11.36,1.81,0.3,13.9,0.48,435,,,,,,,,,,,,,,,,,,,,,,,,,,,,,,,,,,,,,,,,,,,,,,,,,,,,,,,,,,,,,,10.2,5.1,,,,,,42.8,,32.7,,,1.1,7.2,,0,0.5,,,,0.3,,,,,
32,05-103-70000-OS00,39.991,-109.0171,TOTAL SA PR-15-7C,UT CRC,"TC, TOC, HAWK, XRD",,E240109-044,1485.2,,,Green River,Uteland Butte,9.96,1.82,0.92,12.68,0.45,435,,,,,,,,,,,,,,,,,,,,,,,,,,,,,,,,,,,,,,,,,,,,,,,,,,,,,,,,,,,,,,10.1,3.7,,,,,,26.1,,41,,,1.4,15.6,,0,1.2,,,,0.9,,,,,
32,05-103-70000-OS00,39.991,-109.0171,TOTAL SA PR-15-7C,UT CRC,"TC, TOC, HAWK, XRD",,E240109-045,1487,,,Green River,Uteland Butte,12.33,0.27,,,,,,,,,,,,,,,,,,,,,,,,,,,,,,,,,,,,,,,,,,,,,,,,,,,,,,,,,,,,,,,,,,4.1,2.6,,,,,,24.4,,66.4,,,0.5,1.3,,0,0,,,,0.8,,,,,
32,05-103-70000-OS00,39.991,-109.0171,TOTAL SA PR-15-7C,UT CRC,"TC, TOC, HAWK, XRD",,E240109-046,1488,,,Green River,Uteland Butte,11.97,0.75,0.79,2.77,0.57,442,,,,,,,,,,,,,,,,,,,,,,,,,,,,,,,,,,,,,,,,,,,,,,,,,,,,,,,,,,,,,,6.5,3,,,,,,39.6,,46.7,,,0.6,3.4,,0,0,,,,0.1,,,,,
32,05-103-70000-OS00,39.991,-109.0171,TOTAL SA PR-15-7C,UT CRC,"TC, TOC, HAWK, XRD",,E240109-047,1488.7,,,Green River,Uteland Butte,20.06,18.95,2.08,152.88,1.1,435,,,,,,,,,,,,,,,,,,,,,,,,,,,,,,,,,,,,,,,,,,,,,,,,,,,,,,,,,,,,,,28.3,20.4,,,,,,7.1,,0.1,,,2.3,39.1,,0,2.1,,,,0,,,,,
32,05-103-70000-OS00,39.991,-109.0171,TOTAL SA PR-15-7C,UT CRC,"TC, TOC, HAWK, XRD",,E240109-048,1490,,,Green River,Uteland Butte,6.47,1.27,0.66,7.03,0.36,442,,,,,,,,,,,,,,,,,,,,,,,,,,,,,,,,,,,,,,,,,,,,,,,,,,,,,,,,,,,,,,18.4,6.8,,,,,,28.5,,15.3,,,1.1,25.4,,0,1.5,,,,0,,,,,
32,05-103-70000-OS00,39.991,-109.0171,TOTAL SA PR-15-7C,UT CRC,"TC, TOC, HAWK, XRD",,E240109-049,1491.25,,,Green River,Uteland Butte,7.99,1.66,0.76,12.01,0.37,444,,,,,,,,,,,,,,,,,,,,,,,,,,,,,,,,,,,,,,,,,,,,,,,,,,,,,,,,,,,,,,15.8,8.7,,,,,,32.2,,16.1,,,1.2,24.4,,0,0.8,,,,0.2,,,,,
32,05-103-70000-OS00,39.991,-109.0171,TOTAL SA PR-15-7C,UT CRC,"TC, TOC, HAWK, XRD",,E240109-050,1492,,,Green River,Uteland Butte,11.24,0.44,,,,,,,,,,,,,,,,,,,,,,,,,,,,,,,,,,,,,,,,,,,,,,,,,,,,,,,,,,,,,,,,,,0.8,1.4,,,,,,56.9,,31.3,,,0.5,6.6,,0,0,,,,0.5,,,,,
32,05-103-70000-OS00,39.991,-109.0171,TOTAL SA PR-15-7C,UT CRC,"TC, TOC, HAWK, XRD",,E240110-001,1493,,,Green River,Uteland Butte,12.3,0.22,,,,,,,,,,,,,,,,,,,,,,,,,,,,,,,,,,,,,,,,,,,,,,,,,,,,,,,,,,,,,,,,,,0.8,0,,0.3,,,,37.2,,59.5,,,1,1.3,,0,0,,,,,,,,,
32,05-103-70000-OS00,39.991,-109.0171,TOTAL SA PR-15-7C,UT CRC,"TC, TOC, HAWK, XRD",,E240110-002,1493.9,,,Green River,Uteland Butte,10.23,0.69,1.21,3.64,0.39,443,,,,,,,,,,,,,,,,,,,,,,,,,,,,,,,,,,,,,,,,,,,,,,,,,,,,,,,,,,,,,,10.1,0.2,,1.6,,,,71.6,,11.1,,,0.6,4.7,,0.1,0,,,,,,,,,
32,05-103-70000-OS00,39.991,-109.0171,TOTAL SA PR-15-7C,UT CRC,"TC, TOC, HAWK, XRD",,E240110-003,1495.8,,,Green River,Uteland Butte,11.65,0.28,,,,,,,,,,,,,,,,,,,,,,,,,,,,,,,,,,,,,,,,,,,,,,,,,,,,,,,,,,,,,,,,,,5,0,,0,,,,35.6,,56.9,,,0.7,1.7,,0,0,,,,,,,,,
32,05-103-70000-OS00,39.991,-109.0171,TOTAL SA PR-15-7C,UT CRC,"TC, TOC, HAWK, XRD",,E240110-004,1497.4,,,Green River,Uteland Butte,12.43,0.23,,,,,,,,,,,,,,,,,,,,,,,,,,,,,,,,,,,,,,,,,,,,,,,,,,,,,,,,,,,,,,,,,,0.7,0,,0.7,,,,11.6,,84.4,,,1,1.8,,0,0,,,,,,,,,
32,05-103-70000-OS00,39.991,-109.0171,TOTAL SA PR-15-7C,UT CRC,"TC, TOC, HAWK, XRD",,E240110-005,1498.4,,,Green River,Uteland Butte,12.45,,,,,,,,,,,,,,,,,,,,,,,,,,,,,,,,,,,,,,,,,,,,,,,,,,,,,,,,,,,,,,,,,,,0.4,0.1,,0,,,,27.4,,70.1,,,0.9,1,,0,0,,,,,,,,,
32,05-103-70000-OS00,39.991,-109.0171,TOTAL SA PR-15-7C,UT CRC,"TC, TOC, HAWK, XRD",,E240110-006,1499.35,,,Green River,Uteland Butte,12.08,0.43,,,,,,,,,,,,,,,,,,,,,,,,,,,,,,,,,,,,,,,,,,,,,,,,,,,,,,,,,,,,,,,,,,3.6,0,,0,,,,32.5,,61.7,,,0.9,1.3,,0,0,,,,,,,,,
32,05-103-70000-OS00,39.991,-109.0171,TOTAL SA PR-15-7C,UT CRC,"TC, TOC, HAWK, XRD",,E240110-007,1500.4,,,Green River,Uteland Butte,11.9,,,,,,,,,,,,,,,,,,,,,,,,,,,,,,,,,,,,,,,,,,,,,,,,,,,,,,,,,,,,,,,,,,,3.4,0.1,,0,,,,55.3,,39.4,,,0.7,0.9,,0,0,,,,,,,,,
32,05-103-70000-OS00,39.991,-109.0171,TOTAL SA PR-15-7C,UT CRC,"TC, TOC, HAWK, XRD",,E240110-008,1501.4,,,Green River,Uteland Butte,11.17,4.23,2.12,30.56,0.45,436,,,,,,,,,,,,,,,,,,,,,,,,,,,,,,,,,,,,,,,,,,,,,,,,,,,,,,,,,,,,,,22.7,0.3,,1.4,,,,54.1,,8.4,,,2.4,9.8,,0.2,0.6,,,,,,,,,
32,05-103-70000-OS00,39.991,-109.0171,TOTAL SA PR-15-7C,UT CRC,"TC, TOC, HAWK, XRD",,E240110-009,1503.5,,,Green River,Uteland Butte,12,,,,,,,,,,,,,,,,,,,,,,,,,,,,,,,,,,,,,,,,,,,,,,,,,,,,,,,,,,,,,,,,,,,0.4,0,,0.2,,,,61.7,,36,,,0.6,1,,0,0,,,,,,,,,
32,05-103-70000-OS00,39.991,-109.0171,TOTAL SA PR-15-7C,UT CRC,"TC, TOC, HAWK, XRD",,E240110-010,1504.4,,,Green River,Uteland Butte,1.5,0.91,0.3,3.87,0.27,440,,,,,,,,,,,,,,,,,,,,,,,,,,,,,,,,,,,,,,,,,,,,,,,,,,,,,,,,,,,,,,36.1,4.7,,5.7,,,,4.5,,0.7,,,1.5,41.4,,5.4,0,,,,,,,,,
32,05-103-70000-OS00,39.991,-109.0171,TOTAL SA PR-15-7C,UT CRC,"TC, TOC, HAWK, XRD",,E240110-011,1506.15,,,Green River,Uteland Butte,5.24,1.97,0.87,13.85,0.21,438,,,,,,,,,,,,,,,,,,,,,,,,,,,,,,,,,,,,,,,,,,,,,,,,,,,,,,,,,,,,,,28.6,3.1,,5.4,,,,18.7,,16,,,2.1,22.2,,2,1.8,,,,,,,,,
32,05-103-70000-OS00,39.991,-109.0171,TOTAL SA PR-15-7C,UT CRC,"TC, TOC, HAWK, XRD",,E240110-012,1507,,,Green River,Uteland Butte,5.68,4.34,0.86,38.06,0.34,439,,,,,,,,,,,,,,,,,,,,,,,,,,,,,,,,,,,,,,,,,,,,,,,,,,,,,,,,,,,,,,36.4,5,,6.4,,,,13.8,,1.4,,,2.4,30.4,,1.3,2.8,,,,,,,,,
32,05-103-70000-OS00,39.991,-109.0171,TOTAL SA PR-15-7C,UT CRC,"TC, TOC, HAWK, XRD",,E240110-013,1508,,,Green River,Uteland Butte,7.14,5.73,1.21,59.21,0.33,440,,,,,,,,,,,,,,,,,,,,,,,,,,,,,,,,,,,,,,,,,,,,,,,,,,,,,,,,,,,,,,36,4.8,,6.5,,,,12.9,,1.7,,,2.8,31.5,,1.5,2.4,,,,,,,,,
32,05-103-70000-OS00,39.991,-109.0171,TOTAL SA PR-15-7C,UT CRC,"TC, TOC, HAWK, XRD",,E240110-014,1510.2,,,Green River,Uteland Butte,12.53,,,,,,,,,,,,,,,,,,,,,,,,,,,,,,,,,,,,,,,,,,,,,,,,,,,,,,,,,,,,,,,,,,,0.2,0,,0.4,,,,38.2,,59.3,,,0.9,1.1,,0,0,,,,,,,,,
32,05-103-70000-OS00,39.991,-109.0171,TOTAL SA PR-15-7C,UT CRC,"TC, TOC, HAWK, XRD",,E240110-015,1511.3,,,Green River,Uteland Butte,11.86,0.46,,,,,,,,,,,,,,,,,,,,,,,,,,,,,,,,,,,,,,,,,,,,,,,,,,,,,,,,,,,,,,,,,,4,0,,0.5,,,,52.6,,41.1,,,0.7,1.2,,0,0,,,,,,,,,
32,05-103-70000-OS00,39.991,-109.0171,TOTAL SA PR-15-7C,UT CRC,"TC, TOC, HAWK, XRD",,E240110-016,1512.3,,,Green River,Uteland Butte,11.35,0.87,0.81,4.05,0.55,441,,,,,,,,,,,,,,,,,,,,,,,,,,,,,,,,,,,,,,,,,,,,,,,,,,,,,,,,,,,,,,13.1,0.1,,0.4,,,,16.8,,66.1,,,1.3,2.2,,0,0,,,,,,,,,
32,05-103-70000-OS00,39.991,-109.0171,TOTAL SA PR-15-7C,UT CRC,"TC, TOC, HAWK, XRD",,E240110-017,1513.3,,,Green River,Uteland Butte,12.68,0.26,,,,,,,,,,,,,,,,,,,,,,,,,,,,,,,,,,,,,,,,,,,,,,,,,,,,,,,,,,,,,,,,,,0.8,0,,0.7,,,,30.1,,66.7,,,0.7,0.9,,0,0.1,,,,,,,,,
32,05-103-70000-OS00,39.991,-109.0171,TOTAL SA PR-15-7C,UT CRC,"TC, TOC, HAWK, XRD",,E240110-018,1514.3,,,Green River,Uteland Butte,12.4,0.22,,,,,,,,,,,,,,,,,,,,,,,,,,,,,,,,,,,,,,,,,,,,,,,,,,,,,,,,,,,,,,,,,,0.7,0,,0.7,,,,35,,61.7,,,0.9,1.2,,0,0,,,,,,,,,
32,05-103-70000-OS00,39.991,-109.0171,TOTAL SA PR-15-7C,UT CRC,"TC, TOC, HAWK, XRD",,E240110-019,1516.3,,,Green River,Uteland Butte,1.52,,,,,,,,,,,,,,,,,,,,,,,,,,,,,,,,,,,,,,,,,,,,,,,,,,,,,,,,,,,,,,,,,,,34.8,3.3,,6.8,,,,10.2,,1.7,,,1.9,36.4,,5,0,,,,,,,,,
32,05-103-70000-OS00,39.991,-109.0171,TOTAL SA PR-15-7C,UT CRC,"TC, TOC, HAWK, XRD",,E240110-020,1517.5,,,Green River,Uteland Butte,11.81,0.6,0.64,2.1,0.41,448,,,,,,,,,,,,,,,,,,,,,,,,,,,,,,,,,,,,,,,,,,,,,,,,,,,,,,,,,,,,,,5.6,0,,0.4,,,,16.8,,73.3,,,0.7,2.9,,0.1,0,,,,,,,,,
32,05-103-70000-OS00,39.991,-109.0171,TOTAL SA PR-15-7C,UT CRC,"TC, TOC, HAWK, XRD",,E240110-021,1518.6,,,Green River,Uteland Butte,10.94,,,,,,,,,,,,,,,,,,,,,,,,,,,,,,,,,,,,,,,,,,,,,,,,,,,,,,,,,,,,,,,,,,,13,0,,0.2,,,,12.3,,71.3,,,0.6,2.7,,0,0,,,,,,,,,
32,05-103-70000-OS00,39.991,-109.0171,TOTAL SA PR-15-7C,UT CRC,"TC, TOC, HAWK, XRD",,E240110-022,1520.8,,,Green River,Uteland Butte,12.32,,,,,,,,,,,,,,,,,,,,,,,,,,,,,,,,,,,,,,,,,,,,,,,,,,,,,,,,,,,,,,,,,,,2,0.5,,0,,,,30.1,,64.9,,,0.9,1.5,,0,0,,,,,,,,,
32,05-103-70000-OS00,39.991,-109.0171,TOTAL SA PR-15-7C,UT CRC,"TC, TOC, HAWK, XRD",,E240110-023,1521.8,,,Green River,Base Uteland-Wasatch,12.46,,,,,,,,,,,,,,,,,,,,,,,,,,,,,,,,,,,,,,,,,,,,,,,,,,,,,,,,,,,,,,,,,,,1,0,,0.7,,,,20,,75.8,,,0.7,1.7,,0,0.1,,,,,,,,,
32,05-103-70000-OS00,39.991,-109.0171,TOTAL SA PR-15-7C,UT CRC,"TC, TOC, HAWK, XRD",,E240110-024,1522.8,,,Green River,Base Uteland-Wasatch,12.55,,,,,,,,,,,,,,,,,,,,,,,,,,,,,,,,,,,,,,,,,,,,,,,,,,,,,,,,,,,,,,,,,,,0.9,0,,0.8,,,,21.5,,74.8,,,0.9,1,,0,0.2,,,,,,,,,
32,05-103-70000-OS00,39.991,-109.0171,TOTAL SA PR-15-7C,UT CRC,"TC, TOC, HAWK, XRD",,E240110-025,1524,,,Green River,Base Uteland-Wasatch,1.32,0.42,,,,,,,,,,,,,,,,,,,,,,,,,,,,,,,,,,,,,,,,,,,,,,,,,,,,,,,,,,,,,,,,,,41.2,4.2,,6.4,,,,6,,3.4,,,0.5,35.1,,1.9,1.5,,,,,,,,,
32,05-103-70000-OS00,39.991,-109.0171,TOTAL SA PR-15-7C,UT CRC,"TC, TOC, HAWK, XRD",,E240110-026,1525.4,,,Green River,Base Uteland-Wasatch,10.96,1.5,0.98,9.55,0.43,443,,,,,,,,,,,,,,,,,,,,,,,,,,,,,,,,,,,,,,,,,,,,,,,,,,,,,,,,,,,,,,9.6,0,,1.8,,,,39.5,,39.7,,,1.2,7.9,,0.2,0,,,,,,,,,
32,05-103-70000-OS00,39.991,-109.0171,TOTAL SA PR-15-7C,UT CRC,"TC, TOC, HAWK, XRD",,E240110-027,1527.8,,,Green River,Base Uteland-Wasatch,12.24,0.25,,,,,,,,,,,,,,,,,,,,,,,,,,,,,,,,,,,,,,,,,,,,,,,,,,,,,,,,,,,,,,,,,,2.1,0,,0.6,,,,19.6,,74.2,,,0.8,2.7,,0,0,,,,,,,,,
32,05-103-70000-OS00,39.991,-109.0171,TOTAL SA PR-15-7C,UT CRC,"TC, TOC, HAWK, XRD",,E240110-028,1528.8,,,Green River,Base Uteland-Wasatch,12.35,,,,,,,,,,,,,,,,,,,,,,,,,,,,,,,,,,,,,,,,,,,,,,,,,,,,,,,,,,,,,,,,,,,1.3,0,,0.6,,,,32.6,,62.2,,,0.9,2.4,,0,0,,,,,,,,,
32,05-103-70000-OS00,39.991,-109.0171,TOTAL SA PR-15-7C,UT CRC,"TC, TOC, HAWK, XRD",,E240110-029,1530.1,,,Green River,Base Uteland-Wasatch,4.94,3.15,0.79,22.64,0.37,437,,,,,,,,,,,,,,,,,,,,,,,,,,,,,,,,,,,,,,,,,,,,,,,,,,,,,,,,,,,,,,33.6,3.3,,5.3,,,,13.8,,2.2,,,3.4,34.7,,2.7,1.1,,,,,,,,,
32,05-103-70000-OS00,39.991,-109.0171,TOTAL SA PR-15-7C,UT CRC,"TC, TOC, HAWK, XRD",,E240110-030,1531,,,Green River,Base Uteland-Wasatch,12.73,,,,,,,,,,,,,,,,,,,,,,,,,,,,,,,,,,,,,,,,,,,,,,,,,,,,,,,,,,,,,,,,,,,0.3,0.1,,0,,,,20.5,,76.4,,,0.7,2,,0,0,,,,,,,,,
32,05-103-70000-OS00,39.991,-109.0171,TOTAL SA PR-15-7C,UT CRC,"TC, TOC, HAWK, XRD",,E240110-031,1532,,,Green River,Base Uteland-Wasatch,10.09,,,,,,,,,,,,,,,,,,,,,,,,,,,,,,,,,,,,,,,,,,,,,,,,,,,,,,,,,,,,,,,,,,,18.9,0,,0.3,,,,9.2,,69.5,,,0.5,1.6,,0,0,,,,,,,,,
32,05-103-70000-OS00,39.991,-109.0171,TOTAL SA PR-15-7C,UT CRC,"TC, TOC, HAWK, XRD",,E240110-032,1533.3,,,Green River,Base Uteland-Wasatch,7.81,2.17,0.91,14.88,0.41,439,,,,,,,,,,,,,,,,,,,,,,,,,,,,,,,,,,,,,,,,,,,,,,,,,,,,,,,,,,,,,,38.8,0.3,,2.3,,,,32.6,,4.9,,,3.6,15.8,,1.8,0,,,,,,,,,
32,05-103-70000-OS00,39.991,-109.0171,TOTAL SA PR-15-7C,UT CRC,"TC, TOC, HAWK, XRD",,E240110-033,1534.2,,,Green River,Base Uteland-Wasatch,5.99,2.47,0.95,17.29,0.38,439,,,,,,,,,,,,,,,,,,,,,,,,,,,,,,,,,,,,,,,,,,,,,,,,,,,,,,,,,,,,,,28,2,,3.6,,,,31.1,,1.8,,,3.2,26,,2.9,1.5,,,,,,,,,
32,05-103-70000-OS00,39.991,-109.0171,TOTAL SA PR-15-7C,UT CRC,"TC, TOC, HAWK, XRD",,E240110-034,1535.2,,,Green River,Base Uteland-Wasatch,5.98,2.74,1.2,19.87,0.33,440,,,,,,,,,,,,,,,,,,,,,,,,,,,,,,,,,,,,,,,,,,,,,,,,,,,,,,,,,,,,,,27.3,2,,4.6,,,,28.8,,1.4,,,3.4,27.6,,3.4,1.6,,,,,,,,,
32,05-103-70000-OS00,39.991,-109.0171,TOTAL SA PR-15-7C,UT CRC,"TC, TOC, HAWK, XRD",,E240110-035,1536.1,,,Green River,Base Uteland-Wasatch,6.28,2.65,1.4,18.74,0.47,440,,,,,,,,,,,,,,,,,,,,,,,,,,,,,,,,,,,,,,,,,,,,,,,,,,,,,,,,,,,,,,26.7,1.7,,4.3,,,,31.5,,1.7,,,3.3,26.1,,3.3,1.3,,,,,,,,,
32,05-103-70000-OS00,39.991,-109.0171,TOTAL SA PR-15-7C,UT CRC,"TC, TOC, HAWK, XRD",,E240110-036,1537,,,Green River,Base Uteland-Wasatch,6.21,2.7,0.52,19.98,0.28,439,,,,,,,,,,,,,,,,,,,,,,,,,,,,,,,,,,,,,,,,,,,,,,,,,,,,,,,,,,,,,,27.7,2.1,,4.9,,,,29.8,,1.7,,,3.8,25.6,,3.6,0.9,,,,,,,,,
32,05-103-70000-OS00,39.991,-109.0171,TOTAL SA PR-15-7C,UT CRC,"TC, TOC, HAWK, XRD",,E240110-037,1539.3,,,Green River,Base Uteland-Wasatch,10.7,0.32,,,,,,,,,,,,,,,,,,,,,,,,,,,,,,,,,,,,,,,,,,,,,,,,,,,,,,,,,,,,,,,,,,5.8,0,,0.7,,,,39.6,,45,,,1.1,7.1,,0.7,0,,,,,,,,,
32,05-103-70000-OS00,39.991,-109.0171,TOTAL SA PR-15-7C,UT CRC,"TC, TOC, HAWK, XRD",,E240110-038,1540.5,,,Green River,Base Uteland-Wasatch,9.64,0.76,0.68,4.17,0.29,449,,,,,,,,,,,,,,,,,,,,,,,,,,,,,,,,,,,,,,,,,,,,,,,,,,,,,,,,,,,,,,9.2,0.5,,0.5,,,,72.1,,8.4,,,0.8,7.9,,0.8,0,,,,,,,,,
32,05-103-70000-OS00,39.991,-109.0171,TOTAL SA PR-15-7C,UT CRC,"TC, TOC, HAWK, XRD",,E240110-039,1541.5,,,Green River,Base Uteland-Wasatch,4.76,3.13,1.11,24.1,0.3,439,,,,,,,,,,,,,,,,,,,,,,,,,,,,,,,,,,,,,,,,,,,,,,,,,,,,,,,,,,,,,,37.6,2.5,,5.7,,,,15.2,,2.8,,,3.3,28.7,,2.5,1.7,,,,,,,,,
32,05-103-70000-OS00,39.991,-109.0171,TOTAL SA PR-15-7C,UT CRC,"TC, TOC, HAWK, XRD",,E240110-040,1544.4,,,Green River,Base Uteland-Wasatch,6.43,0.21,,,,,,,,,,,,,,,,,,,,,,,,,,,,,,,,,,,,,,,,,,,,,,,,,,,,,,,,,,,,,,,,,,24,1.3,,1.7,,,,54.3,,6.7,,,0.4,10.1,,1.4,0,,,,,,,,,
32,05-103-70000-OS00,39.991,-109.0171,TOTAL SA PR-15-7C,UT CRC,"TC, TOC, HAWK, XRD",,E240110-041,1545.6,,,Green River,Base Uteland-Wasatch,9.57,,,,,,,,,,,,,,,,,,,,,,,,,,,,,,,,,,,,,,,,,,,,,,,,,,,,,,,,,,,,,,,,,,,8.1,0.5,,0.7,,,,84.6,,1.8,,,0.3,3.5,,0.6,0,,,,,,,,,
32,05-103-70000-OS00,39.991,-109.0171,TOTAL SA PR-15-7C,UT CRC,"TC, TOC, HAWK, XRD",,E240110-042,1547.5,,,Green River,Base Uteland-Wasatch,5.67,,,,,,,,,,,,,,,,,,,,,,,,,,,,,,,,,,,,,,,,,,,,,,,,,,,,,,,,,,,,,,,,,,,28,2.4,,2.2,,,,2.3,,47.6,,,0.6,14.6,,2.1,0,,,,,,,,,
32,05-103-70000-OS00,39.991,-109.0171,TOTAL SA PR-15-7C,UT CRC,"TC, TOC, HAWK, XRD",,E240110-043,1550.5,,,Green River,Base Uteland-Wasatch,7.85,2.73,0.28,22.65,0.55,442,,,,,,,,,,,,,,,,,,,,,,,,,,,,,,,,,,,,,,,,,,,,,,,,,,,,,,,,,,,,,,20.8,0.6,,4,,,,25.7,,22.7,,,2.3,21.6,,1.8,0.3,,,,,,,,,
32,05-103-70000-OS00,39.991,-109.0171,TOTAL SA PR-15-7C,UT CRC,"TC, TOC, HAWK, XRD",,E240110-044,1551.2,,,Green River,Base Uteland-Wasatch,4.49,1.24,0.8,7.04,0.29,439,,,,,,,,,,,,,,,,,,,,,,,,,,,,,,,,,,,,,,,,,,,,,,,,,,,,,,,,,,,,,,31.7,3,,4.9,,,,9.8,,19.9,,,2.7,25.7,,2,0.3,,,,,,,,,
32,05-103-70000-OS00,39.991,-109.0171,TOTAL SA PR-15-7C,UT CRC,"TC, TOC, HAWK, XRD",,E240110-045,1552,,,Green River,Base Uteland-Wasatch,7.09,1.22,1.26,7.65,0.36,440,,,,,,,,,,,,,,,,,,,,,,,,,,,,,,,,,,,,,,,,,,,,,,,,,,,,,,,,,,,,,,27.5,2.2,,4.1,,,,25.7,,23.3,,,1.7,14.6,,0.9,0,,,,,,,,,
32,05-103-70000-OS00,39.991,-109.0171,TOTAL SA PR-15-7C,UT CRC,"TC, TOC, HAWK, XRD",,E240110-046,1555,,,Green River,Base Uteland-Wasatch,2.69,1.48,0.18,8.88,0.31,439,,,,,,,,,,,,,,,,,,,,,,,,,,,,,,,,,,,,,,,,,,,,,,,,,,,,,,,,,,,,,,37.7,4.2,,6.6,,,,7.8,,5,,,3,32.8,,2.1,0.8,,,,,,,,,
32,05-103-70000-OS00,39.991,-109.0171,TOTAL SA PR-15-7C,UT CRC,"TC, TOC, HAWK, XRD",,E240110-047,1556,,,Green River,Base Uteland-Wasatch,10.25,0.32,,,,,,,,,,,,,,,,,,,,,,,,,,,,,,,,,,,,,,,,,,,,,,,,,,,,,,,,,,,,,,,,,,7,0,,0.9,,,,18.1,,63.3,,,1.2,9,,0.6,0,,,,,,,,,
32,05-103-70000-OS00,39.991,-109.0171,TOTAL SA PR-15-7C,UT CRC,"TC, TOC, HAWK, XRD",,E240110-048,1557,,,Green River,Base Uteland-Wasatch,10.66,0.39,,,,,,,,,,,,,,,,,,,,,,,,,,,,,,,,,,,,,,,,,,,,,,,,,,,,,,,,,,,,,,,,,,5.3,0.2,,0.5,,,,10.3,,73.3,,,1.3,8.6,,0.5,0,,,,,,,,,
32,05-103-70000-OS00,39.991,-109.0171,TOTAL SA PR-15-7C,UT CRC,"TC, TOC, HAWK, XRD",,E240110-049,1559.5,,,Green River,Base Uteland-Wasatch,6.81,3.15,0.59,24.55,0.45,441,,,,,,,,,,,,,,,,,,,,,,,,,,,,,,,,,,,,,,,,,,,,,,,,,,,,,,,,,,,,,,28,1.1,,3.8,,,,32.5,,2.5,,,3.6,23.9,,3.9,0.7,,,,,,,,,
32,05-103-70000-OS00,39.991,-109.0171,TOTAL SA PR-15-7C,UT CRC,"TC, TOC, HAWK, XRD",,E240110-050,1560.5,,,Green River,Base Uteland-Wasatch,12.41,1.1,3.46,7.03,0.44,437,,,,,,,,,,,,,,,,,,,,,,,,,,,,,,,,,,,,,,,,,,,,,,,,,,,,,,,,,,,,,,3.6,0,,0,,,,19.1,,74,,,0.9,2.4,,0.1,0,,,,,,,,,
32,05-103-70000-OS00,39.991,-109.0171,TOTAL SA PR-15-7C,UT CRC,"TC, TOC, HAWK, XRD",,E240110-051,1561.3,,,Green River,Base Uteland-Wasatch,9.45,1.44,4.61,9.47,0.33,438,,,,,,,,,,,,,,,,,,,,,,,,,,,,,,,,,,,,,,,,,,,,,,,,,,,,,,,,,,,,,,14.7,1,,0.6,,,,18.7,,50.6,,,2.8,10,,1.5,0,,,,,,,,,
32,05-103-70000-OS00,39.991,-109.0171,TOTAL SA PR-15-7C,UT CRC,"TC, TOC, HAWK, XRD",,E240110-052,1563.1,,,Green River,Base Uteland-Wasatch,5.8,5.61,0.82,47.74,0.29,430,,,,,,,,,,,,,,,,,,,,,,,,,,,,,,,,,,,,,,,,,,,,,,,,,,,,,,,,,,,,,,50.5,3.7,,5.6,,,,6.5,,4.6,,,2.3,18.7,,5,3.2,,,,,,,,,
32,05-103-70000-OS00,39.991,-109.0171,TOTAL SA PR-15-7C,UT CRC,"TC, TOC, HAWK, XRD",,E240110-053,1563.85,,,Green River,Base Uteland-Wasatch,4.2,3.67,0.62,22.41,0.42,428,,,,,,,,,,,,,,,,,,,,,,,,,,,,,,,,,,,,,,,,,,,,,,,,,,,,,,,,,,,,,,36.1,1.3,,3.2,,,,9.2,,4.6,,,1.6,26.9,,15.1,2.1,,,,,,,,,
32,05-103-70000-OS00,39.991,-109.0171,TOTAL SA PR-15-7C,UT CRC,"TC, TOC, HAWK, XRD",,E240110-054,1566.5,,,Wasatch,Base Uteland-Wasatch,5.07,,,,,,,,,,,,,,,,,,,,,,,,,,,,,,,,,,,,,,,,,,,,,,,,,,,,,,,,,,,,,,,,,,,32.2,1.6,,1.6,,,,0.6,,42.7,,,0.7,17.5,,3,0,,,,,,,,,
33,43-051-70000-0000,39.9485,-111.0205,CHEVRON OIL COMPANY #16 MARSING,UT CRC,"TC, TOC, HAWK",,E240212-001,440,,,Green River,Douglas Creek,8.45,5.92,2.63,57.47,0.31,441,,,,,,,,,,,,,,,,,,,,,,,,,,,,,,,,,,,,,,,,,,,,,,,,,,,,,,,,,,,,,,,,,,,,,,,,,,,,,,,,,,,,,,,
33,43-051-70000-0000,39.9485,-111.0205,CHEVRON OIL COMPANY #16 MARSING,UT CRC,"TC, TOC, HAWK",,E240212-002,450,,,Green River,Douglas Creek,21.72,18.46,2.85,193.25,0.54,440,,,,,,,,,,,,,,,,,,,,,,,,,,,,,,,,,,,,,,,,,,,,,,,,,,,,,,,,,,,,,,,,,,,,,,,,,,,,,,,,,,,,,,,
33,43-051-70000-0000,39.9485,-111.0205,CHEVRON OIL COMPANY #16 MARSING,UT CRC,"TC, TOC, HAWK",,E240212-003,460,,,Green River,Long Point Bed,11.09,4.62,1.36,38.19,0.57,444,,,,,,,,,,,,,,,,,,,,,,,,,,,,,,,,,,,,,,,,,,,,,,,,,,,,,,,,,,,,,,,,,,,,,,,,,,,,,,,,,,,,,,,
33,43-051-70000-0000,39.9485,-111.0205,CHEVRON OIL COMPANY #16 MARSING,UT CRC,"TC, TOC, HAWK",,E240212-004,470,,,Green River,Long Point Bed,10.33,2.4,0.48,17.59,0.43,445,,,,,,,,,,,,,,,,,,,,,,,,,,,,,,,,,,,,,,,,,,,,,,,,,,,,,,,,,,,,,,,,,,,,,,,,,,,,,,,,,,,,,,,
33,43-051-70000-0000,39.9485,-111.0205,CHEVRON OIL COMPANY #16 MARSING,UT CRC,"TC, TOC, HAWK",,E240212-005,480,,,Green River,Long Point Bed,5.25,1.03,0.09,3.81,0.23,441,,,,,,,,,,,,,,,,,,,,,,,,,,,,,,,,,,,,,,,,,,,,,,,,,,,,,,,,,,,,,,,,,,,,,,,,,,,,,,,,,,,,,,,
33,43-051-70000-0000,39.9485,-111.0205,CHEVRON OIL COMPANY #16 MARSING,UT CRC,"TC, TOC, HAWK",,E240212-006,490,,,Green River,Long Point Bed,6.7,1.52,0.13,7.17,0.37,443,,,,,,,,,,,,,,,,,,,,,,,,,,,,,,,,,,,,,,,,,,,,,,,,,,,,,,,,,,,,,,,,,,,,,,,,,,,,,,,,,,,,,,,
33,43-051-70000-0000,39.9485,-111.0205,CHEVRON OIL COMPANY #16 MARSING,UT CRC,"TC, TOC, HAWK",,E240212-007,500,,,Green River,Long Point Bed,6.4,1.21,0.11,4.2,0.3,441,,,,,,,,,,,,,,,,,,,,,,,,,,,,,,,,,,,,,,,,,,,,,,,,,,,,,,,,,,,,,,,,,,,,,,,,,,,,,,,,,,,,,,,
33,43-051-70000-0000,39.9485,-111.0205,CHEVRON OIL COMPANY #16 MARSING,UT CRC,"TC, TOC, HAWK",,E240212-008,504.5,,,Green River,Long Point Bed,6.6,2.37,0.21,8.39,0.31,443,,,,,,,,,,,,,,,,,,,,,,,,,,,,,,,,,,,,,,,,,,,,,,,,,,,,,,,,,,,,,,,,,,,,,,,,,,,,,,,,,,,,,,,
33,43-051-70000-0000,39.9485,-111.0205,CHEVRON OIL COMPANY #16 MARSING,UT CRC,"TC, TOC, HAWK",,E240212-009,510,,,Green River,Castle Peak,5.48,1.32,0.07,4.7,0.29,442,,,,,,,,,,,,,,,,,,,,,,,,,,,,,,,,,,,,,,,,,,,,,,,,,,,,,,,,,,,,,,,,,,,,,,,,,,,,,,,,,,,,,,,
33,43-051-70000-0000,39.9485,-111.0205,CHEVRON OIL COMPANY #16 MARSING,UT CRC,"TC, TOC, HAWK",,E240212-010,520,,,Green River,Castle Peak,5.43,1.92,0.14,9.4,0.34,443,,,,,,,,,,,,,,,,,,,,,,,,,,,,,,,,,,,,,,,,,,,,,,,,,,,,,,,,,,,,,,,,,,,,,,,,,,,,,,,,,,,,,,,
33,43-051-70000-0000,39.9485,-111.0205,CHEVRON OIL COMPANY #16 MARSING,UT CRC,"TC, TOC, HAWK",,E240212-011,530,,,Green River,Castle Peak,1,0.29,,,,,,,,,,,,,,,,,,,,,,,,,,,,,,,,,,,,,,,,,,,,,,,,,,,,,,,,,,,,,,,,,,,,,,,,,,,,,,,,,,,,,,,,,,,
33,43-051-70000-0000,39.9485,-111.0205,CHEVRON OIL COMPANY #16 MARSING,UT CRC,"TC, TOC, HAWK",,E240212-012,535,,,Green River,Castle Peak,3.93,2.43,7.53,17.99,0.21,434,,,,,,,,,,,,,,,,,,,,,,,,,,,,,,,,,,,,,,,,,,,,,,,,,,,,,,,,,,,,,,,,,,,,,,,,,,,,,,,,,,,,,,,
33,43-051-70000-0000,39.9485,-111.0205,CHEVRON OIL COMPANY #16 MARSING,UT CRC,"TC, TOC, HAWK",,E240212-013,540,,,Green River,Castle Peak,1.35,0.26,,,,,,,,,,,,,,,,,,,,,,,,,,,,,,,,,,,,,,,,,,,,,,,,,,,,,,,,,,,,,,,,,,,,,,,,,,,,,,,,,,,,,,,,,,,
33,43-051-70000-0000,39.9485,-111.0205,CHEVRON OIL COMPANY #16 MARSING,UT CRC,"TC, TOC, HAWK",,E240212-014,550,,,Green River,Castle Peak,1.42,0.3,,,,,,,,,,,,,,,,,,,,,,,,,,,,,,,,,,,,,,,,,,,,,,,,,,,,,,,,,,,,,,,,,,,,,,,,,,,,,,,,,,,,,,,,,,,
33,43-051-70000-0000,39.9485,-111.0205,CHEVRON OIL COMPANY #16 MARSING,UT CRC,"TC, TOC, HAWK",,E240212-015,560.2,,,Green River,Castle Peak,5.71,1.28,0.17,5.67,0.43,443,,,,,,,,,,,,,,,,,,,,,,,,,,,,,,,,,,,,,,,,,,,,,,,,,,,,,,,,,,,,,,,,,,,,,,,,,,,,,,,,,,,,,,,
33,43-051-70000-0000,39.9485,-111.0205,CHEVRON OIL COMPANY #16 MARSING,UT CRC,"TC, TOC, HAWK",,E240212-016,570,,,Green River,Castle Peak,2.87,1.6,6.29,9.17,0.26,428,,,,,,,,,,,,,,,,,,,,,,,,,,,,,,,,,,,,,,,,,,,,,,,,,,,,,,,,,,,,,,,,,,,,,,,,,,,,,,,,,,,,,,,
33,43-051-70000-0000,39.9485,-111.0205,CHEVRON OIL COMPANY #16 MARSING,UT CRC,"TC, TOC, HAWK",,E240212-017,580,,,Green River,Castle Peak,2.56,0.43,,,,,,,,,,,,,,,,,,,,,,,,,,,,,,,,,,,,,,,,,,,,,,,,,,,,,,,,,,,,,,,,,,,,,,,,,,,,,,,,,,,,,,,,,,,
33,43-051-70000-0000,39.9485,-111.0205,CHEVRON OIL COMPANY #16 MARSING,UT CRC,"TC, TOC, HAWK",,E240212-018,590,,,Green River,Castle Peak,1.55,0.48,0.07,0.45,0.3,433,,,,,,,,,,,,,,,,,,,,,,,,,,,,,,,,,,,,,,,,,,,,,,,,,,,,,,,,,,,,,,,,,,,,,,,,,,,,,,,,,,,,,,,
33,43-051-70000-0000,39.9485,-111.0205,CHEVRON OIL COMPANY #16 MARSING,UT CRC,"TC, TOC, HAWK",,E240212-019,600,,,Green River,Castle Peak,2.8,1.24,0.14,2.24,0.32,438,,,,,,,,,,,,,,,,,,,,,,,,,,,,,,,,,,,,,,,,,,,,,,,,,,,,,,,,,,,,,,,,,,,,,,,,,,,,,,,,,,,,,,,
33,43-051-70000-0000,39.9485,-111.0205,CHEVRON OIL COMPANY #16 MARSING,UT CRC,"TC, TOC, HAWK",,E240212-020,610,,,Green River,Castle Peak,5.46,2.46,0.23,10.44,0.33,442,,,,,,,,,,,,,,,,,,,,,,,,,,,,,,,,,,,,,,,,,,,,,,,,,,,,,,,,,,,,,,,,,,,,,,,,,,,,,,,,,,,,,,,
33,43-051-70000-0000,39.9485,-111.0205,CHEVRON OIL COMPANY #16 MARSING,UT CRC,"TC, TOC, HAWK",,E240212-021,620,,,Green River,Castle Peak,15.17,7.55,1.84,53.34,0.48,439,,,,,,,,,,,,,,,,,,,,,,,,,,,,,,,,,,,,,,,,,,,,,,,,,,,,,,,,,,,,,,,,,,,,,,,,,,,,,,,,,,,,,,,
33,43-051-70000-0000,39.9485,-111.0205,CHEVRON OIL COMPANY #16 MARSING,UT CRC,"TC, TOC, HAWK",,E240212-022,630,,,Green River,Castle Peak,4.6,3.04,0.39,20.89,0.28,442,,,,,,,,,,,,,,,,,,,,,,,,,,,,,,,,,,,,,,,,,,,,,,,,,,,,,,,,,,,,,,,,,,,,,,,,,,,,,,,,,,,,,,,
33,43-051-70000-0000,39.9485,-111.0205,CHEVRON OIL COMPANY #16 MARSING,UT CRC,"TC, TOC, HAWK",,E240212-023,640,,,Green River,Castle Peak,5.45,,,,,,,,,,,,,,,,,,,,,,,,,,,,,,,,,,,,,,,,,,,,,,,,,,,,,,,,,,,,,,,,,,,,,,,,,,,,,,,,,,,,,,,,,,,,
33,43-051-70000-0000,39.9485,-111.0205,CHEVRON OIL COMPANY #16 MARSING,UT CRC,"TC, TOC, HAWK",,E240212-024,650,,,Green River,Castle Peak,4.99,0.41,,,,,,,,,,,,,,,,,,,,,,,,,,,,,,,,,,,,,,,,,,,,,,,,,,,,,,,,,,,,,,,,,,,,,,,,,,,,,,,,,,,,,,,,,,,
33,43-051-70000-0000,39.9485,-111.0205,CHEVRON OIL COMPANY #16 MARSING,UT CRC,"TC, TOC, HAWK",,E240212-025,660,,,Green River,Castle Peak,8.84,1.19,0.07,4.48,0.32,443,,,,,,,,,,,,,,,,,,,,,,,,,,,,,,,,,,,,,,,,,,,,,,,,,,,,,,,,,,,,,,,,,,,,,,,,,,,,,,,,,,,,,,,
33,43-051-70000-0000,39.9485,-111.0205,CHEVRON OIL COMPANY #16 MARSING,UT CRC,"TC, TOC, HAWK",,E240212-026,669.8,,,Green River,Castle Peak,2.71,1.12,0.1,0.88,0.36,440,,,,,,,,,,,,,,,,,,,,,,,,,,,,,,,,,,,,,,,,,,,,,,,,,,,,,,,,,,,,,,,,,,,,,,,,,,,,,,,,,,,,,,,
33,43-051-70000-0000,39.9485,-111.0205,CHEVRON OIL COMPANY #16 MARSING,UT CRC,"TC, TOC, HAWK",,E240212-027,680,,,Green River,Castle Peak,7.43,1.85,0.21,7.8,0.27,443,,,,,,,,,,,,,,,,,,,,,,,,,,,,,,,,,,,,,,,,,,,,,,,,,,,,,,,,,,,,,,,,,,,,,,,,,,,,,,,,,,,,,,,
33,43-051-70000-0000,39.9485,-111.0205,CHEVRON OIL COMPANY #16 MARSING,UT CRC,"TC, TOC, HAWK",,E240212-028,690,,,Green River,Castle Peak,3.12,1.18,0.07,0.9,0.5,438,,,,,,,,,,,,,,,,,,,,,,,,,,,,,,,,,,,,,,,,,,,,,,,,,,,,,,,,,,,,,,,,,,,,,,,,,,,,,,,,,,,,,,,
33,43-051-70000-0000,39.9485,-111.0205,CHEVRON OIL COMPANY #16 MARSING,UT CRC,"TC, TOC, HAWK",,E240212-029,700,,,Green River,Castle Peak,5.18,1.54,0.1,3.61,0.33,441,,,,,,,,,,,,,,,,,,,,,,,,,,,,,,,,,,,,,,,,,,,,,,,,,,,,,,,,,,,,,,,,,,,,,,,,,,,,,,,,,,,,,,,
33,43-051-70000-0000,39.9485,-111.0205,CHEVRON OIL COMPANY #16 MARSING,UT CRC,"TC, TOC, HAWK",,E240212-030,710,,,Green River,Castle Peak,3.45,0.54,2.03,1.72,0.22,414,,,,,,,,,,,,,,,,,,,,,,,,,,,,,,,,,,,,,,,,,,,,,,,,,,,,,,,,,,,,,,,,,,,,,,,,,,,,,,,,,,,,,,,
33,43-051-70000-0000,39.9485,-111.0205,CHEVRON OIL COMPANY #16 MARSING,UT CRC,"TC, TOC, HAWK",,E240212-031,720,,,Green River,Castle Peak,8.76,2.19,0.16,8.95,0.29,443,,,,,,,,,,,,,,,,,,,,,,,,,,,,,,,,,,,,,,,,,,,,,,,,,,,,,,,,,,,,,,,,,,,,,,,,,,,,,,,,,,,,,,,
33,43-051-70000-0000,39.9485,-111.0205,CHEVRON OIL COMPANY #16 MARSING,UT CRC,"TC, TOC, HAWK",,E240212-032,730,,,Green River,Castle Peak,4.85,1.05,0.07,1.97,0.35,440,,,,,,,,,,,,,,,,,,,,,,,,,,,,,,,,,,,,,,,,,,,,,,,,,,,,,,,,,,,,,,,,,,,,,,,,,,,,,,,,,,,,,,,
33,43-051-70000-0000,39.9485,-111.0205,CHEVRON OIL COMPANY #16 MARSING,UT CRC,"TC, TOC, HAWK",,E240212-033,740,,,Green River,Castle Peak,13.34,5.07,0.78,26.16,0.44,438,,,,,,,,,,,,,,,,,,,,,,,,,,,,,,,,,,,,,,,,,,,,,,,,,,,,,,,,,,,,,,,,,,,,,,,,,,,,,,,,,,,,,,,
33,43-051-70000-0000,39.9485,-111.0205,CHEVRON OIL COMPANY #16 MARSING,UT CRC,"TC, TOC, HAWK",,E240212-034,750,,,Green River,Castle Peak,8.32,1.55,0.14,6.83,0.39,444,,,,,,,,,,,,,,,,,,,,,,,,,,,,,,,,,,,,,,,,,,,,,,,,,,,,,,,,,,,,,,,,,,,,,,,,,,,,,,,,,,,,,,,
33,43-051-70000-0000,39.9485,-111.0205,CHEVRON OIL COMPANY #16 MARSING,UT CRC,"TC, TOC, HAWK",,E240212-035,760,,,Green River,Castle Peak,2.52,,,,,,,,,,,,,,,,,,,,,,,,,,,,,,,,,,,,,,,,,,,,,,,,,,,,,,,,,,,,,,,,,,,,,,,,,,,,,,,,,,,,,,,,,,,,
33,43-051-70000-0000,39.9485,-111.0205,CHEVRON OIL COMPANY #16 MARSING,UT CRC,"TC, TOC, HAWK",,E240212-036,770,,,Green River,Castle Peak,2.57,0.92,0.06,0.51,0.37,439,,,,,,,,,,,,,,,,,,,,,,,,,,,,,,,,,,,,,,,,,,,,,,,,,,,,,,,,,,,,,,,,,,,,,,,,,,,,,,,,,,,,,,,
33,43-051-70000-0000,39.9485,-111.0205,CHEVRON OIL COMPANY #16 MARSING,UT CRC,"TC, TOC, HAWK",,E240212-037,780,,,Green River,Castle Peak,5.32,1.82,0.17,6.1,0.36,439,,,,,,,,,,,,,,,,,,,,,,,,,,,,,,,,,,,,,,,,,,,,,,,,,,,,,,,,,,,,,,,,,,,,,,,,,,,,,,,,,,,,,,,
33,43-051-70000-0000,39.9485,-111.0205,CHEVRON OIL COMPANY #16 MARSING,UT CRC,"TC, TOC, HAWK",,E240212-038,790,,,Green River,Castle Peak,2.4,0.57,0.04,0.33,0.43,439,,,,,,,,,,,,,,,,,,,,,,,,,,,,,,,,,,,,,,,,,,,,,,,,,,,,,,,,,,,,,,,,,,,,,,,,,,,,,,,,,,,,,,,
33,43-051-70000-0000,39.9485,-111.0205,CHEVRON OIL COMPANY #16 MARSING,UT CRC,"TC, TOC, HAWK",,E240212-039,800.1,,,Green River,Castle Peak,7.63,3.34,0.36,23.2,0.33,444,,,,,,,,,,,,,,,,,,,,,,,,,,,,,,,,,,,,,,,,,,,,,,,,,,,,,,,,,,,,,,,,,,,,,,,,,,,,,,,,,,,,,,,
33,43-051-70000-0000,39.9485,-111.0205,CHEVRON OIL COMPANY #16 MARSING,UT CRC,"TC, TOC, HAWK",,E240212-040,809.2,,,Green River,Castle Peak,14.62,1.79,4.36,12.43,0.28,440,,,,,,,,,,,,,,,,,,,,,,,,,,,,,,,,,,,,,,,,,,,,,,,,,,,,,,,,,,,,,,,,,,,,,,,,,,,,,,,,,,,,,,,
33,43-051-70000-0000,39.9485,-111.0205,CHEVRON OIL COMPANY #16 MARSING,UT CRC,"TC, TOC, HAWK",,E240212-041,820,,,Green River,Castle Peak,13.95,3.34,0.74,21.37,0.41,445,,,,,,,,,,,,,,,,,,,,,,,,,,,,,,,,,,,,,,,,,,,,,,,,,,,,,,,,,,,,,,,,,,,,,,,,,,,,,,,,,,,,,,,
33,43-051-70000-0000,39.9485,-111.0205,CHEVRON OIL COMPANY #16 MARSING,UT CRC,"TC, TOC, HAWK",,E240212-042,830,,,Green River,Castle Peak,20.31,11.51,2.23,89.94,0.68,441,,,,,,,,,,,,,,,,,,,,,,,,,,,,,,,,,,,,,,,,,,,,,,,,,,,,,,,,,,,,,,,,,,,,,,,,,,,,,,,,,,,,,,,
33,43-051-70000-0000,39.9485,-111.0205,CHEVRON OIL COMPANY #16 MARSING,UT CRC,"TC, TOC, HAWK",,E240212-043,840,,,Green River,Castle Peak,3.71,0.83,0.16,2.6,0.3,432,,,,,,,,,,,,,,,,,,,,,,,,,,,,,,,,,,,,,,,,,,,,,,,,,,,,,,,,,,,,,,,,,,,,,,,,,,,,,,,,,,,,,,,
33,43-051-70000-0000,39.9485,-111.0205,CHEVRON OIL COMPANY #16 MARSING,UT CRC,"TC, TOC, HAWK",,E240212-044,850,,,Green River,Castle Peak,5.82,2.05,0.66,12.69,0.36,443,,,,,,,,,,,,,,,,,,,,,,,,,,,,,,,,,,,,,,,,,,,,,,,,,,,,,,,,,,,,,,,,,,,,,,,,,,,,,,,,,,,,,,,
33,43-051-70000-0000,39.9485,-111.0205,CHEVRON OIL COMPANY #16 MARSING,UT CRC,"TC, TOC, HAWK",,E240212-045,855,,,Green River,Uteland Butte,5.78,1.25,0.24,6.86,0.4,445,,,,,,,,,,,,,,,,,,,,,,,,,,,,,,,,,,,,,,,,,,,,,,,,,,,,,,,,,,,,,,,,,,,,,,,,,,,,,,,,,,,,,,,
33,43-051-70000-0000,39.9485,-111.0205,CHEVRON OIL COMPANY #16 MARSING,UT CRC,"TC, TOC, HAWK",,E240213-001,860,,,Green River,Uteland Butte,14.48,4.37,1.88,34.29,0.48,445,,,,,,,,,,,,,,,,,,,,,,,,,,,,,,,,,,,,,,,,,,,,,,,,,,,,,,,,,,,,,,,,,,,,,,,,,,,,,,,,,,,,,,,
33,43-051-70000-0000,39.9485,-111.0205,CHEVRON OIL COMPANY #16 MARSING,UT CRC,"TC, TOC, HAWK",,E240213-002,865,,,Green River,Uteland Butte,5.02,0.63,0.13,1.62,0.3,437,,,,,,,,,,,,,,,,,,,,,,,,,,,,,,,,,,,,,,,,,,,,,,,,,,,,,,,,,,,,,,,,,,,,,,,,,,,,,,,,,,,,,,,
33,43-051-70000-0000,39.9485,-111.0205,CHEVRON OIL COMPANY #16 MARSING,UT CRC,"TC, TOC, HAWK",,E240213-003,870,,,Green River,Uteland Butte,6.2,3.17,1.37,24.16,0.45,442,,,,,,,,,,,,,,,,,,,,,,,,,,,,,,,,,,,,,,,,,,,,,,,,,,,,,,,,,,,,,,,,,,,,,,,,,,,,,,,,,,,,,,,
33,43-051-70000-0000,39.9485,-111.0205,CHEVRON OIL COMPANY #16 MARSING,UT CRC,"TC, TOC, HAWK",,E240213-004,875,,,Green River,Uteland Butte,12.26,5.25,3,51.23,0.45,440,,,,,,,,,,,,,,,,,,,,,,,,,,,,,,,,,,,,,,,,,,,,,,,,,,,,,,,,,,,,,,,,,,,,,,,,,,,,,,,,,,,,,,,
33,43-051-70000-0000,39.9485,-111.0205,CHEVRON OIL COMPANY #16 MARSING,UT CRC,"TC, TOC, HAWK",,E240213-005,880,,,Green River,Uteland Butte,11.27,6.25,2.95,62.63,0.55,441,,,,,,,,,,,,,,,,,,,,,,,,,,,,,,,,,,,,,,,,,,,,,,,,,,,,,,,,,,,,,,,,,,,,,,,,,,,,,,,,,,,,,,,
33,43-051-70000-0000,39.9485,-111.0205,CHEVRON OIL COMPANY #16 MARSING,UT CRC,"TC, TOC, HAWK",,E240213-006,885,,,Green River,Uteland Butte,9.7,5.2,2.58,48.23,0.33,443,,,,,,,,,,,,,,,,,,,,,,,,,,,,,,,,,,,,,,,,,,,,,,,,,,,,,,,,,,,,,,,,,,,,,,,,,,,,,,,,,,,,,,,
33,43-051-70000-0000,39.9485,-111.0205,CHEVRON OIL COMPANY #16 MARSING,UT CRC,"TC, TOC, HAWK",,E240213-007,889.9,,,Green River,Uteland Butte,7.48,5.51,1.24,49.93,0.35,436,,,,,,,,,,,,,,,,,,,,,,,,,,,,,,,,,,,,,,,,,,,,,,,,,,,,,,,,,,,,,,,,,,,,,,,,,,,,,,,,,,,,,,,
33,43-051-70000-0000,39.9485,-111.0205,CHEVRON OIL COMPANY #16 MARSING,UT CRC,"TC, TOC, HAWK",,E240213-008,895,,,Green River,Uteland Butte,10.16,3.89,0.87,26.91,0.45,442,,,,,,,,,,,,,,,,,,,,,,,,,,,,,,,,,,,,,,,,,,,,,,,,,,,,,,,,,,,,,,,,,,,,,,,,,,,,,,,,,,,,,,,
33,43-051-70000-0000,39.9485,-111.0205,CHEVRON OIL COMPANY #16 MARSING,UT CRC,"TC, TOC, HAWK",,E240213-009,900,,,Green River,Uteland Butte,5.86,3.86,0.71,28.98,0.38,441,,,,,,,,,,,,,,,,,,,,,,,,,,,,,,,,,,,,,,,,,,,,,,,,,,,,,,,,,,,,,,,,,,,,,,,,,,,,,,,,,,,,,,,
33,43-051-70000-0000,39.9485,-111.0205,CHEVRON OIL COMPANY #16 MARSING,UT CRC,"TC, TOC, HAWK",,E240213-010,904.8,,,Green River,Uteland Butte,12.26,2.15,1.66,17.32,0.38,443,,,,,,,,,,,,,,,,,,,,,,,,,,,,,,,,,,,,,,,,,,,,,,,,,,,,,,,,,,,,,,,,,,,,,,,,,,,,,,,,,,,,,,,
33,43-051-70000-0000,39.9485,-111.0205,CHEVRON OIL COMPANY #16 MARSING,UT CRC,"TC, TOC, HAWK",,E240213-011,910,,,Green River,Uteland Butte,12.76,2.82,1.36,21.72,0.48,442,,,,,,,,,,,,,,,,,,,,,,,,,,,,,,,,,,,,,,,,,,,,,,,,,,,,,,,,,,,,,,,,,,,,,,,,,,,,,,,,,,,,,,,
33,43-051-70000-0000,39.9485,-111.0205,CHEVRON OIL COMPANY #16 MARSING,UT CRC,"TC, TOC, HAWK",,E240213-012,915,,,Green River,Uteland Butte,9.23,5.63,1.8,54.52,0.45,444,,,,,,,,,,,,,,,,,,,,,,,,,,,,,,,,,,,,,,,,,,,,,,,,,,,,,,,,,,,,,,,,,,,,,,,,,,,,,,,,,,,,,,,
33,43-051-70000-0000,39.9485,-111.0205,CHEVRON OIL COMPANY #16 MARSING,UT CRC,"TC, TOC, HAWK",,E240213-013,920,,,Green River,Uteland Butte,11.82,5.51,1.39,52.82,0.5,445,,,,,,,,,,,,,,,,,,,,,,,,,,,,,,,,,,,,,,,,,,,,,,,,,,,,,,,,,,,,,,,,,,,,,,,,,,,,,,,,,,,,,,,
33,43-051-70000-0000,39.9485,-111.0205,CHEVRON OIL COMPANY #16 MARSING,UT CRC,"TC, TOC, HAWK",,E240213-014,925,,,Green River,Uteland Butte,14.23,8.12,0.65,88.97,0.38,450,,,,,,,,,,,,,,,,,,,,,,,,,,,,,,,,,,,,,,,,,,,,,,,,,,,,,,,,,,,,,,,,,,,,,,,,,,,,,,,,,,,,,,,
33,43-051-70000-0000,39.9485,-111.0205,CHEVRON OIL COMPANY #16 MARSING,UT CRC,"TC, TOC, HAWK",,E240213-015,930,,,Green River,Uteland Butte,12.93,4.9,1.55,46.66,0.4,443,,,,,,,,,,,,,,,,,,,,,,,,,,,,,,,,,,,,,,,,,,,,,,,,,,,,,,,,,,,,,,,,,,,,,,,,,,,,,,,,,,,,,,,
33,43-051-70000-0000,39.9485,-111.0205,CHEVRON OIL COMPANY #16 MARSING,UT CRC,"TC, TOC, HAWK",,E240213-016,934.5,,,Green River,Uteland Butte,16.89,5.25,8.27,46.33,0.51,441,,,,,,,,,,,,,,,,,,,,,,,,,,,,,,,,,,,,,,,,,,,,,,,,,,,,,,,,,,,,,,,,,,,,,,,,,,,,,,,,,,,,,,,
33,43-051-70000-0000,39.9485,-111.0205,CHEVRON OIL COMPANY #16 MARSING,UT CRC,"TC, TOC, HAWK",,E240213-017,940,,,Green River,Uteland Butte,12.34,2.58,0.96,22.53,0.41,445,,,,,,,,,,,,,,,,,,,,,,,,,,,,,,,,,,,,,,,,,,,,,,,,,,,,,,,,,,,,,,,,,,,,,,,,,,,,,,,,,,,,,,,
33,43-051-70000-0000,39.9485,-111.0205,CHEVRON OIL COMPANY #16 MARSING,UT CRC,"TC, TOC, HAWK",,E240213-018,944.3,,,Green River,Uteland Butte,12.01,1.78,5.04,9.52,0.43,442,,,,,,,,,,,,,,,,,,,,,,,,,,,,,,,,,,,,,,,,,,,,,,,,,,,,,,,,,,,,,,,,,,,,,,,,,,,,,,,,,,,,,,,
33,43-051-70000-0000,39.9485,-111.0205,CHEVRON OIL COMPANY #16 MARSING,UT CRC,"TC, TOC, HAWK",,E240213-019,950,,,Green River,Uteland Butte,8.84,4.18,0.46,31.87,0.43,446,,,,,,,,,,,,,,,,,,,,,,,,,,,,,,,,,,,,,,,,,,,,,,,,,,,,,,,,,,,,,,,,,,,,,,,,,,,,,,,,,,,,,,,
33,43-051-70000-0000,39.9485,-111.0205,CHEVRON OIL COMPANY #16 MARSING,UT CRC,"TC, TOC, HAWK",,E240213-020,955,,,Green River,Uteland Butte,11.57,2.22,0.37,10.74,0.39,443,,,,,,,,,,,,,,,,,,,,,,,,,,,,,,,,,,,,,,,,,,,,,,,,,,,,,,,,,,,,,,,,,,,,,,,,,,,,,,,,,,,,,,,
33,43-051-70000-0000,39.9485,-111.0205,CHEVRON OIL COMPANY #16 MARSING,UT CRC,"TC, TOC, HAWK",,E240213-021,960,,,Green River,Uteland Butte,13.14,5.46,1.7,62.5,0.5,446,,,,,,,,,,,,,,,,,,,,,,,,,,,,,,,,,,,,,,,,,,,,,,,,,,,,,,,,,,,,,,,,,,,,,,,,,,,,,,,,,,,,,,,
33,43-051-70000-0000,39.9485,-111.0205,CHEVRON OIL COMPANY #16 MARSING,UT CRC,"TC, TOC, HAWK",,E240213-022,964,,,Green River,Uteland Butte,17.26,5.8,16.68,40.74,0.84,439,,,,,,,,,,,,,,,,,,,,,,,,,,,,,,,,,,,,,,,,,,,,,,,,,,,,,,,,,,,,,,,,,,,,,,,,,,,,,,,,,,,,,,,
33,43-051-70000-0000,39.9485,-111.0205,CHEVRON OIL COMPANY #16 MARSING,UT CRC,"TC, TOC, HAWK",,E240213-023,965,,,Green River,Uteland Butte,6.02,1.66,0.24,8.7,0.48,445,,,,,,,,,,,,,,,,,,,,,,,,,,,,,,,,,,,,,,,,,,,,,,,,,,,,,,,,,,,,,,,,,,,,,,,,,,,,,,,,,,,,,,,
33,43-051-70000-0000,39.9485,-111.0205,CHEVRON OIL COMPANY #16 MARSING,UT CRC,"TC, TOC, HAWK",,E240213-024,970,,,Green River,Uteland Butte,13.86,4.28,2,38.39,0.36,446,,,,,,,,,,,,,,,,,,,,,,,,,,,,,,,,,,,,,,,,,,,,,,,,,,,,,,,,,,,,,,,,,,,,,,,,,,,,,,,,,,,,,,,
33,43-051-70000-0000,39.9485,-111.0205,CHEVRON OIL COMPANY #16 MARSING,UT CRC,"TC, TOC, HAWK",,E240213-025,975,,,Green River,Uteland Butte,8.46,1.59,0.22,7.89,0.42,446,,,,,,,,,,,,,,,,,,,,,,,,,,,,,,,,,,,,,,,,,,,,,,,,,,,,,,,,,,,,,,,,,,,,,,,,,,,,,,,,,,,,,,,
33,43-051-70000-0000,39.9485,-111.0205,CHEVRON OIL COMPANY #16 MARSING,UT CRC,"TC, TOC, HAWK",,E240213-026,980,,,Green River,Uteland Butte,15.52,4.17,1.48,24.83,0.6,444,,,,,,,,,,,,,,,,,,,,,,,,,,,,,,,,,,,,,,,,,,,,,,,,,,,,,,,,,,,,,,,,,,,,,,,,,,,,,,,,,,,,,,,
33,43-051-70000-0000,39.9485,-111.0205,CHEVRON OIL COMPANY #16 MARSING,UT CRC,"TC, TOC, HAWK",,E240213-027,985,,,Green River,Uteland Butte,14.34,2.78,0.58,21.19,0.46,442,,,,,,,,,,,,,,,,,,,,,,,,,,,,,,,,,,,,,,,,,,,,,,,,,,,,,,,,,,,,,,,,,,,,,,,,,,,,,,,,,,,,,,,
33,43-051-70000-0000,39.9485,-111.0205,CHEVRON OIL COMPANY #16 MARSING,UT CRC,"TC, TOC, HAWK",,E240213-028,990,,,Green River,Uteland Butte,11.38,2.7,0.78,21.15,0.49,444,,,,,,,,,,,,,,,,,,,,,,,,,,,,,,,,,,,,,,,,,,,,,,,,,,,,,,,,,,,,,,,,,,,,,,,,,,,,,,,,,,,,,,,
33,43-051-70000-0000,39.9485,-111.0205,CHEVRON OIL COMPANY #16 MARSING,UT CRC,"TC, TOC, HAWK",,E240213-029,995,,,Green River,Uteland Butte,13.41,4.65,0.65,45.35,0.54,448,,,,,,,,,,,,,,,,,,,,,,,,,,,,,,,,,,,,,,,,,,,,,,,,,,,,,,,,,,,,,,,,,,,,,,,,,,,,,,,,,,,,,,,
33,43-051-70000-0000,39.9485,-111.0205,CHEVRON OIL COMPANY #16 MARSING,UT CRC,"TC, TOC, HAWK",,E240213-030,999.9,,,Green River,Uteland Butte,12.62,2.38,7.01,14.34,0.44,443,,,,,,,,,,,,,,,,,,,,,,,,,,,,,,,,,,,,,,,,,,,,,,,,,,,,,,,,,,,,,,,,,,,,,,,,,,,,,,,,,,,,,,,
33,43-051-70000-0000,39.9485,-111.0205,CHEVRON OIL COMPANY #16 MARSING,UT CRC,"TC, TOC, HAWK",,E240213-031,1005,,,Green River,Uteland Butte,8.02,4,1.25,34.52,0.6,442,,,,,,,,,,,,,,,,,,,,,,,,,,,,,,,,,,,,,,,,,,,,,,,,,,,,,,,,,,,,,,,,,,,,,,,,,,,,,,,,,,,,,,,
33,43-051-70000-0000,39.9485,-111.0205,CHEVRON OIL COMPANY #16 MARSING,UT CRC,"TC, TOC, HAWK",,E240213-032,1010,,,Green River,Uteland Butte,8.88,0.73,0.18,3.41,0.46,443,,,,,,,,,,,,,,,,,,,,,,,,,,,,,,,,,,,,,,,,,,,,,,,,,,,,,,,,,,,,,,,,,,,,,,,,,,,,,,,,,,,,,,,
33,43-051-70000-0000,39.9485,-111.0205,CHEVRON OIL COMPANY #16 MARSING,UT CRC,"TC, TOC, HAWK",,E240213-033,1015,,,Green River,Uteland Butte,8.55,1.69,0.6,10.79,0.42,443,,,,,,,,,,,,,,,,,,,,,,,,,,,,,,,,,,,,,,,,,,,,,,,,,,,,,,,,,,,,,,,,,,,,,,,,,,,,,,,,,,,,,,,
33,43-051-70000-0000,39.9485,-111.0205,CHEVRON OIL COMPANY #16 MARSING,UT CRC,"TC, TOC, HAWK",,E240213-034,1020,,,Green River,Uteland Butte,7.45,2.39,0.61,17.1,0.52,442,,,,,,,,,,,,,,,,,,,,,,,,,,,,,,,,,,,,,,,,,,,,,,,,,,,,,,,,,,,,,,,,,,,,,,,,,,,,,,,,,,,,,,,
33,43-051-70000-0000,39.9485,-111.0205,CHEVRON OIL COMPANY #16 MARSING,UT CRC,"TC, TOC, HAWK",,E240213-035,1025,,,Green River,Uteland Butte,8.52,2.71,0.8,21.58,0.43,441,,,,,,,,,,,,,,,,,,,,,,,,,,,,,,,,,,,,,,,,,,,,,,,,,,,,,,,,,,,,,,,,,,,,,,,,,,,,,,,,,,,,,,,
33,43-051-70000-0000,39.9485,-111.0205,CHEVRON OIL COMPANY #16 MARSING,UT CRC,"TC, TOC, HAWK",,E240213-036,1030,,,Green River,Uteland Butte,9.09,4.54,2.55,38.88,0.43,442,,,,,,,,,,,,,,,,,,,,,,,,,,,,,,,,,,,,,,,,,,,,,,,,,,,,,,,,,,,,,,,,,,,,,,,,,,,,,,,,,,,,,,,
33,43-051-70000-0000,39.9485,-111.0205,CHEVRON OIL COMPANY #16 MARSING,UT CRC,"TC, TOC, HAWK",,E240213-037,1035,,,Green River,Uteland Butte,11.97,3.41,0.84,32.36,0.5,443,,,,,,,,,,,,,,,,,,,,,,,,,,,,,,,,,,,,,,,,,,,,,,,,,,,,,,,,,,,,,,,,,,,,,,,,,,,,,,,,,,,,,,,
33,43-051-70000-0000,39.9485,-111.0205,CHEVRON OIL COMPANY #16 MARSING,UT CRC,"TC, TOC, HAWK",,E240213-038,1040,,,Green River,Uteland Butte,11.88,4.19,0.66,42.48,0.52,443,,,,,,,,,,,,,,,,,,,,,,,,,,,,,,,,,,,,,,,,,,,,,,,,,,,,,,,,,,,,,,,,,,,,,,,,,,,,,,,,,,,,,,,
33,43-051-70000-0000,39.9485,-111.0205,CHEVRON OIL COMPANY #16 MARSING,UT CRC,"TC, TOC, HAWK",,E240213-039,1050,,,Green River,Uteland Butte,11.13,3.15,1.29,28.33,0.4,443,,,,,,,,,,,,,,,,,,,,,,,,,,,,,,,,,,,,,,,,,,,,,,,,,,,,,,,,,,,,,,,,,,,,,,,,,,,,,,,,,,,,,,,
33,43-051-70000-0000,39.9485,-111.0205,CHEVRON OIL COMPANY #16 MARSING,UT CRC,"TC, TOC, HAWK",,E240213-040,1060.2,,,Green River,Uteland Butte,11.77,3.14,7.57,20.31,0.35,437,,,,,,,,,,,,,,,,,,,,,,,,,,,,,,,,,,,,,,,,,,,,,,,,,,,,,,,,,,,,,,,,,,,,,,,,,,,,,,,,,,,,,,,
33,43-051-70000-0000,39.9485,-111.0205,CHEVRON OIL COMPANY #16 MARSING,UT CRC,"TC, TOC, HAWK",,E240213-041,1070,,,Green River,Uteland Butte,3.07,0.88,0.11,1.82,0.3,437,,,,,,,,,,,,,,,,,,,,,,,,,,,,,,,,,,,,,,,,,,,,,,,,,,,,,,,,,,,,,,,,,,,,,,,,,,,,,,,,,,,,,,,
33,43-051-70000-0000,39.9485,-111.0205,CHEVRON OIL COMPANY #16 MARSING,UT CRC,"TC, TOC, HAWK",,E240213-042,1080,,,Green River,Uteland Butte,8.07,1.76,0.4,9.62,0.37,443,,,,,,,,,,,,,,,,,,,,,,,,,,,,,,,,,,,,,,,,,,,,,,,,,,,,,,,,,,,,,,,,,,,,,,,,,,,,,,,,,,,,,,,
33,43-051-70000-0000,39.9485,-111.0205,CHEVRON OIL COMPANY #16 MARSING,UT CRC,"TC, TOC, HAWK",,E240213-043,1090,,,Green River,Uteland Butte,8.49,0.51,0.06,1.8,0.34,443,,,,,,,,,,,,,,,,,,,,,,,,,,,,,,,,,,,,,,,,,,,,,,,,,,,,,,,,,,,,,,,,,,,,,,,,,,,,,,,,,,,,,,,
33,43-051-70000-0000,39.9485,-111.0205,CHEVRON OIL COMPANY #16 MARSING,UT CRC,"TC, TOC, HAWK",,E240213-044,1095,,,Green River,Uteland Butte,13.59,2.5,2.23,16.33,0.41,443,,,,,,,,,,,,,,,,,,,,,,,,,,,,,,,,,,,,,,,,,,,,,,,,,,,,,,,,,,,,,,,,,,,,,,,,,,,,,,,,,,,,,,,
33,43-051-70000-0000,39.9485,-111.0205,CHEVRON OIL COMPANY #16 MARSING,UT CRC,"TC, TOC, HAWK",,E240213-045,1100,,,Green River,Base Uteland-Wasatch,5.78,0.5,0.05,0.86,0.41,439,,,,,,,,,,,,,,,,,,,,,,,,,,,,,,,,,,,,,,,,,,,,,,,,,,,,,,,,,,,,,,,,,,,,,,,,,,,,,,,,,,,,,,,
33,43-051-70000-0000,39.9485,-111.0205,CHEVRON OIL COMPANY #16 MARSING,UT CRC,"TC, TOC, HAWK",,E240214-001,1110,,,Green River,Base Uteland-Wasatch,11.64,0.27,,,,,,,,,,,,,,,,,,,,,,,,,,,,,,,,,,,,,,,,,,,,,,,,,,,,,,,,,,,,,,,,,,,,,,,,,,,,,,,,,,,,,,,,,,,
33,43-051-70000-0000,39.9485,-111.0205,CHEVRON OIL COMPANY #16 MARSING,UT CRC,"TC, TOC, HAWK",,E240214-002,1120,,,Green River,Base Uteland-Wasatch,10.24,1.28,0.15,6.43,0.24,446,,,,,,,,,,,,,,,,,,,,,,,,,,,,,,,,,,,,,,,,,,,,,,,,,,,,,,,,,,,,,,,,,,,,,,,,,,,,,,,,,,,,,,,
33,43-051-70000-0000,39.9485,-111.0205,CHEVRON OIL COMPANY #16 MARSING,UT CRC,"TC, TOC, HAWK",,E240214-003,1130,,,Green River,Base Uteland-Wasatch,9.26,0.27,,,,,,,,,,,,,,,,,,,,,,,,,,,,,,,,,,,,,,,,,,,,,,,,,,,,,,,,,,,,,,,,,,,,,,,,,,,,,,,,,,,,,,,,,,,
33,43-051-70000-0000,39.9485,-111.0205,CHEVRON OIL COMPANY #16 MARSING,UT CRC,"TC, TOC, HAWK",,E240214-004,1140,,,Green River,Base Uteland-Wasatch,7.82,0.21,,,,,,,,,,,,,,,,,,,,,,,,,,,,,,,,,,,,,,,,,,,,,,,,,,,,,,,,,,,,,,,,,,,,,,,,,,,,,,,,,,,,,,,,,,,
33,43-051-70000-0000,39.9485,-111.0205,CHEVRON OIL COMPANY #16 MARSING,UT CRC,"TC, TOC, HAWK",,E240214-005,1150,,,Green River,Base Uteland-Wasatch,6.34,0.44,,,,,,,,,,,,,,,,,,,,,,,,,,,,,,,,,,,,,,,,,,,,,,,,,,,,,,,,,,,,,,,,,,,,,,,,,,,,,,,,,,,,,,,,,,,
33,43-051-70000-0000,39.9485,-111.0205,CHEVRON OIL COMPANY #16 MARSING,UT CRC,"TC, TOC, HAWK",,E240214-006,1160,,,Green River,Base Uteland-Wasatch,12.89,4.16,0.85,33.89,0.35,444,,,,,,,,,,,,,,,,,,,,,,,,,,,,,,,,,,,,,,,,,,,,,,,,,,,,,,,,,,,,,,,,,,,,,,,,,,,,,,,,,,,,,,,
33,43-051-70000-0000,39.9485,-111.0205,CHEVRON OIL COMPANY #16 MARSING,UT CRC,"TC, TOC, HAWK",,E240214-007,1170,,,Green River,Base Uteland-Wasatch,3.8,0.44,,,,,,,,,,,,,,,,,,,,,,,,,,,,,,,,,,,,,,,,,,,,,,,,,,,,,,,,,,,,,,,,,,,,,,,,,,,,,,,,,,,,,,,,,,,
33,43-051-70000-0000,39.9485,-111.0205,CHEVRON OIL COMPANY #16 MARSING,UT CRC,"TC, TOC, HAWK",,E240214-008,1177,,,Green River,Base Uteland-Wasatch,2.27,0.23,,,,,,,,,,,,,,,,,,,,,,,,,,,,,,,,,,,,,,,,,,,,,,,,,,,,,,,,,,,,,,,,,,,,,,,,,,,,,,,,,,,,,,,,,,,
33,43-051-70000-0000,39.9485,-111.0205,CHEVRON OIL COMPANY #16 MARSING,UT CRC,"TC, TOC, HAWK",,E240214-009,1178,,,Green River,Base Uteland-Wasatch,2.29,,,,,,,,,,,,,,,,,,,,,,,,,,,,,,,,,,,,,,,,,,,,,,,,,,,,,,,,,,,,,,,,,,,,,,,,,,,,,,,,,,,,,,,,,,,,
33,43-051-70000-0000,39.9485,-111.0205,CHEVRON OIL COMPANY #16 MARSING,UT CRC,"TC, TOC, HAWK",,E240214-010,1179,,,Green River,Base Uteland-Wasatch,2.48,0.28,,,,,,,,,,,,,,,,,,,,,,,,,,,,,,,,,,,,,,,,,,,,,,,,,,,,,,,,,,,,,,,,,,,,,,,,,,,,,,,,,,,,,,,,,,,
33,43-051-70000-0000,39.9485,-111.0205,CHEVRON OIL COMPANY #16 MARSING,UT CRC,"TC, TOC, HAWK",,E240214-011,1180,,,Green River,Base Uteland-Wasatch,2.63,0.24,,,,,,,,,,,,,,,,,,,,,,,,,,,,,,,,,,,,,,,,,,,,,,,,,,,,,,,,,,,,,,,,,,,,,,,,,,,,,,,,,,,,,,,,,,,
33,43-051-70000-0000,39.9485,-111.0205,CHEVRON OIL COMPANY #16 MARSING,UT CRC,"TC, TOC, HAWK",,E240214-012,1181,,,Green River,Base Uteland-Wasatch,3.31,0.58,0.05,0.2,0.33,439,,,,,,,,,,,,,,,,,,,,,,,,,,,,,,,,,,,,,,,,,,,,,,,,,,,,,,,,,,,,,,,,,,,,,,,,,,,,,,,,,,,,,,,
33,43-051-70000-0000,39.9485,-111.0205,CHEVRON OIL COMPANY #16 MARSING,UT CRC,"TC, TOC, HAWK",,E240214-013,1182,,,Green River,Base Uteland-Wasatch,2.57,0.45,,,,,,,,,,,,,,,,,,,,,,,,,,,,,,,,,,,,,,,,,,,,,,,,,,,,,,,,,,,,,,,,,,,,,,,,,,,,,,,,,,,,,,,,,,,
33,43-051-70000-0000,39.9485,-111.0205,CHEVRON OIL COMPANY #16 MARSING,UT CRC,"TC, TOC, HAWK",,E240214-014,1183,,,Green River,Base Uteland-Wasatch,2.23,0.61,0.04,0.3,0.43,440,,,,,,,,,,,,,,,,,,,,,,,,,,,,,,,,,,,,,,,,,,,,,,,,,,,,,,,,,,,,,,,,,,,,,,,,,,,,,,,,,,,,,,,
33,43-051-70000-0000,39.9485,-111.0205,CHEVRON OIL COMPANY #16 MARSING,UT CRC,"TC, TOC, HAWK",,E240214-015,1184,,,Green River,Base Uteland-Wasatch,3.44,0.98,0.1,1.53,0.41,440,,,,,,,,,,,,,,,,,,,,,,,,,,,,,,,,,,,,,,,,,,,,,,,,,,,,,,,,,,,,,,,,,,,,,,,,,,,,,,,,,,,,,,,
33,43-051-70000-0000,39.9485,-111.0205,CHEVRON OIL COMPANY #16 MARSING,UT CRC,"TC, TOC, HAWK",,E240214-016,1185,,,Green River,Base Uteland-Wasatch,5.17,1.15,0.09,3.98,0.47,444,,,,,,,,,,,,,,,,,,,,,,,,,,,,,,,,,,,,,,,,,,,,,,,,,,,,,,,,,,,,,,,,,,,,,,,,,,,,,,,,,,,,,,,
33,43-051-70000-0000,39.9485,-111.0205,CHEVRON OIL COMPANY #16 MARSING,UT CRC,"TC, TOC, HAWK",,E240214-017,1186,,,Green River,Base Uteland-Wasatch,13.31,3.23,0.49,26.05,0.55,445,,,,,,,,,,,,,,,,,,,,,,,,,,,,,,,,,,,,,,,,,,,,,,,,,,,,,,,,,,,,,,,,,,,,,,,,,,,,,,,,,,,,,,,
33,43-051-70000-0000,39.9485,-111.0205,CHEVRON OIL COMPANY #16 MARSING,UT CRC,"TC, TOC, HAWK",,E240214-018,1187,,,Green River,Base Uteland-Wasatch,12.76,2.17,0.34,17.08,0.47,446,,,,,,,,,,,,,,,,,,,,,,,,,,,,,,,,,,,,,,,,,,,,,,,,,,,,,,,,,,,,,,,,,,,,,,,,,,,,,,,,,,,,,,,
33,43-051-70000-0000,39.9485,-111.0205,CHEVRON OIL COMPANY #16 MARSING,UT CRC,"TC, TOC, HAWK",,E240214-019,1188,,,Green River,Base Uteland-Wasatch,12.71,1.79,0.26,14.1,0.45,447,,,,,,,,,,,,,,,,,,,,,,,,,,,,,,,,,,,,,,,,,,,,,,,,,,,,,,,,,,,,,,,,,,,,,,,,,,,,,,,,,,,,,,,
33,43-051-70000-0000,39.9485,-111.0205,CHEVRON OIL COMPANY #16 MARSING,UT CRC,"TC, TOC, HAWK",,E240214-020,1189,,,Green River,Base Uteland-Wasatch,11.9,3.36,0.5,30.07,0.51,448,,,,,,,,,,,,,,,,,,,,,,,,,,,,,,,,,,,,,,,,,,,,,,,,,,,,,,,,,,,,,,,,,,,,,,,,,,,,,,,,,,,,,,,
33,43-051-70000-0000,39.9485,-111.0205,CHEVRON OIL COMPANY #16 MARSING,UT CRC,"TC, TOC, HAWK",,E240214-021,1190,,,Green River,Base Uteland-Wasatch,11.37,3.1,0.47,25.12,0.51,445,,,,,,,,,,,,,,,,,,,,,,,,,,,,,,,,,,,,,,,,,,,,,,,,,,,,,,,,,,,,,,,,,,,,,,,,,,,,,,,,,,,,,,,
33,43-051-70000-0000,39.9485,-111.0205,CHEVRON OIL COMPANY #16 MARSING,UT CRC,"TC, TOC, HAWK",,E240214-022,1191,,,Green River,Base Uteland-Wasatch,8.66,1.9,0.24,11.13,0.37,444,,,,,,,,,,,,,,,,,,,,,,,,,,,,,,,,,,,,,,,,,,,,,,,,,,,,,,,,,,,,,,,,,,,,,,,,,,,,,,,,,,,,,,,
33,43-051-70000-0000,39.9485,-111.0205,CHEVRON OIL COMPANY #16 MARSING,UT CRC,"TC, TOC, HAWK",,E240214-023,1192,,,Green River,Base Uteland-Wasatch,8.79,2.55,0.31,17.45,0.44,444,,,,,,,,,,,,,,,,,,,,,,,,,,,,,,,,,,,,,,,,,,,,,,,,,,,,,,,,,,,,,,,,,,,,,,,,,,,,,,,,,,,,,,,
33,43-051-70000-0000,39.9485,-111.0205,CHEVRON OIL COMPANY #16 MARSING,UT CRC,"TC, TOC, HAWK",,E240214-024,1193,,,Green River,Base Uteland-Wasatch,2.72,0.24,,,,,,,,,,,,,,,,,,,,,,,,,,,,,,,,,,,,,,,,,,,,,,,,,,,,,,,,,,,,,,,,,,,,,,,,,,,,,,,,,,,,,,,,,,,
33,43-051-70000-0000,39.9485,-111.0205,CHEVRON OIL COMPANY #16 MARSING,UT CRC,"TC, TOC, HAWK",,E240214-025,1194,,,Green River,Base Uteland-Wasatch,1.69,0.44,,,,,,,,,,,,,,,,,,,,,,,,,,,,,,,,,,,,,,,,,,,,,,,,,,,,,,,,,,,,,,,,,,,,,,,,,,,,,,,,,,,,,,,,,,,
33,43-051-70000-0000,39.9485,-111.0205,CHEVRON OIL COMPANY #16 MARSING,UT CRC,"TC, TOC, HAWK",,E240214-026,1195,,,Green River,Base Uteland-Wasatch,0.93,0.31,,,,,,,,,,,,,,,,,,,,,,,,,,,,,,,,,,,,,,,,,,,,,,,,,,,,,,,,,,,,,,,,,,,,,,,,,,,,,,,,,,,,,,,,,,,
33,43-051-70000-0000,39.9485,-111.0205,CHEVRON OIL COMPANY #16 MARSING,UT CRC,"TC, TOC, HAWK",,E240214-027,1196,,,Green River,Base Uteland-Wasatch,3.04,,,,,,,,,,,,,,,,,,,,,,,,,,,,,,,,,,,,,,,,,,,,,,,,,,,,,,,,,,,,,,,,,,,,,,,,,,,,,,,,,,,,,,,,,,,,
33,43-051-70000-0000,39.9485,-111.0205,CHEVRON OIL COMPANY #16 MARSING,UT CRC,"TC, TOC, HAWK",,E240214-028,1197,,,Green River,Base Uteland-Wasatch,3.15,,,,,,,,,,,,,,,,,,,,,,,,,,,,,,,,,,,,,,,,,,,,,,,,,,,,,,,,,,,,,,,,,,,,,,,,,,,,,,,,,,,,,,,,,,,,
33,43-051-70000-0000,39.9485,-111.0205,CHEVRON OIL COMPANY #16 MARSING,UT CRC,"TC, TOC, HAWK",,E240214-029,1198,,,Green River,Base Uteland-Wasatch,3.03,,,,,,,,,,,,,,,,,,,,,,,,,,,,,,,,,,,,,,,,,,,,,,,,,,,,,,,,,,,,,,,,,,,,,,,,,,,,,,,,,,,,,,,,,,,,
33,43-051-70000-0000,39.9485,-111.0205,CHEVRON OIL COMPANY #16 MARSING,UT CRC,"TC, TOC, HAWK",,E240214-030,1199,,,Green River,Base Uteland-Wasatch,2.02,,,,,,,,,,,,,,,,,,,,,,,,,,,,,,,,,,,,,,,,,,,,,,,,,,,,,,,,,,,,,,,,,,,,,,,,,,,,,,,,,,,,,,,,,,,,
33,43-051-70000-0000,39.9485,-111.0205,CHEVRON OIL COMPANY #16 MARSING,UT CRC,"TC, TOC, HAWK",,E240214-031,1200,,,Green River,Base Uteland-Wasatch,3.53,,,,,,,,,,,,,,,,,,,,,,,,,,,,,,,,,,,,,,,,,,,,,,,,,,,,,,,,,,,,,,,,,,,,,,,,,,,,,,,,,,,,,,,,,,,,
33,43-051-70000-0000,39.9485,-111.0205,CHEVRON OIL COMPANY #16 MARSING,UT CRC,"TC, TOC, HAWK",,E240214-032,1201,,,Green River,Base Uteland-Wasatch,3.13,,,,,,,,,,,,,,,,,,,,,,,,,,,,,,,,,,,,,,,,,,,,,,,,,,,,,,,,,,,,,,,,,,,,,,,,,,,,,,,,,,,,,,,,,,,,
33,43-051-70000-0000,39.9485,-111.0205,CHEVRON OIL COMPANY #16 MARSING,UT CRC,"TC, TOC, HAWK",,E240214-033,1202,,,Green River,Base Uteland-Wasatch,2.43,,,,,,,,,,,,,,,,,,,,,,,,,,,,,,,,,,,,,,,,,,,,,,,,,,,,,,,,,,,,,,,,,,,,,,,,,,,,,,,,,,,,,,,,,,,,
33,43-051-70000-0000,39.9485,-111.0205,CHEVRON OIL COMPANY #16 MARSING,UT CRC,"TC, TOC, HAWK",,E240214-034,1203,,,Green River,Base Uteland-Wasatch,1.31,1.2,0.02,0.85,0.3,435,,,,,,,,,,,,,,,,,,,,,,,,,,,,,,,,,,,,,,,,,,,,,,,,,,,,,,,,,,,,,,,,,,,,,,,,,,,,,,,,,,,,,,,
33,43-051-70000-0000,39.9485,-111.0205,CHEVRON OIL COMPANY #16 MARSING,UT CRC,"TC, TOC, HAWK",,E240214-035,1205.1,,,Green River,Base Uteland-Wasatch,0.42,,,,,,,,,,,,,,,,,,,,,,,,,,,,,,,,,,,,,,,,,,,,,,,,,,,,,,,,,,,,,,,,,,,,,,,,,,,,,,,,,,,,,,,,,,,,
33,43-051-70000-0000,39.9485,-111.0205,CHEVRON OIL COMPANY #16 MARSING,UT CRC,"TC, TOC, HAWK",,E240214-036,1209.5,,,Green River,Base Uteland-Wasatch,2.56,,,,,,,,,,,,,,,,,,,,,,,,,,,,,,,,,,,,,,,,,,,,,,,,,,,,,,,,,,,,,,,,,,,,,,,,,,,,,,,,,,,,,,,,,,,,
33,43-051-70000-0000,39.9485,-111.0205,CHEVRON OIL COMPANY #16 MARSING,UT CRC,"TC, TOC, HAWK",,E240214-037,1215.2,,,Green River,Base Uteland-Wasatch,3.09,,,,,,,,,,,,,,,,,,,,,,,,,,,,,,,,,,,,,,,,,,,,,,,,,,,,,,,,,,,,,,,,,,,,,,,,,,,,,,,,,,,,,,,,,,,,
33,43-051-70000-0000,39.9485,-111.0205,CHEVRON OIL COMPANY #16 MARSING,UT CRC,"TC, TOC, HAWK",,E240214-038,1223,,,Green River,Base Uteland-Wasatch,3.11,,,,,,,,,,,,,,,,,,,,,,,,,,,,,,,,,,,,,,,,,,,,,,,,,,,,,,,,,,,,,,,,,,,,,,,,,,,,,,,,,,,,,,,,,,,,
33,43-051-70000-0000,39.9485,-111.0205,CHEVRON OIL COMPANY #16 MARSING,UT CRC,"TC, TOC, HAWK",,E240214-039,1228,,,Green River,Base Uteland-Wasatch,3.23,,,,,,,,,,,,,,,,,,,,,,,,,,,,,,,,,,,,,,,,,,,,,,,,,,,,,,,,,,,,,,,,,,,,,,,,,,,,,,,,,,,,,,,,,,,,
33,43-051-70000-0000,39.9485,-111.0205,CHEVRON OIL COMPANY #16 MARSING,UT CRC,"TC, TOC, HAWK",,E240214-040,1232.7,,,Green River,Base Uteland-Wasatch,,,,,,,,,,,,,,,,,,,,,,,,,,,,,,,,,,,,,,,,,,,,,,,,,,,,,,,,,,,,,,,,,,,,,,,,,,,,,,,,,,,,,,,,,,,,,
34,43013300490000,40.2818,-110.413,Murdock 1-26B5,UT CRC,"TC, TOC, HAWK, ICP",SGS,E240702-001,9360,,,Green River,Upper Garden Gulch,4.47,1.25,1.25,4.92,0.36,433,7.35,6,3.11,2.6,3.87,0.06,0.4,22.4,0.27,BRL,7,141,555,BRL,0.7,0.4,51.2,14,63,7.9,56,3.26,2.08,0.83,17,3.45,1,3,0.66,BRL,25.9,108,0.28,488,6,9,22.2,45,25,5.9,109,BRL,1.1,12,BRL,4,2,586,0.6,0.51,0.06,11.1,0.7,0.28,7.35,164,2,18.6,2,110,80.6,,,,,,,,,,,,,,,,,,,,,,,,,,
34,43013300490000,40.2818,-110.413,Murdock 1-26B5,UT CRC,"TC, TOC, HAWK, ICP",SGS,E240702-002,9385,,,Green River,Upper Garden Gulch,5.19,2.86,0.73,12.35,0.51,446,7.69,4.3,3.88,2.8,3.4,0.04,0.2,23.6,0.28,BRL,9,128,641,BRL,0.7,0.5,58.3,12,64,8.9,62,3.29,1.86,0.84,21,3.75,1,2,0.64,BRL,31,133,0.26,430,6,9,25.5,33,27,6.91,121,BRL,1.2,13,BRL,4.4,2,307,0.6,0.52,0.1,10.1,0.7,0.26,5.36,164,2,17.9,1.8,116,72.8,,,,,,,,,,,,,,,,,,,,,,,,,,
34,43013300490000,40.2818,-110.413,Murdock 1-26B5,UT CRC,"TC, TOC, HAWK, ICP",SGS,E240702-003,9770,,,Green River,Upper Garden Gulch,8.37,0.56,1.29,1.84,0.39,432,3.75,17.3,1.88,1.4,6.44,0.04,0.02,12,0.19,BRL,BRL,59,632,BRL,0.2,0.3,38.3,7.7,40,2.8,16,2.47,1.49,0.6,11,2.78,BRL,2,0.47,BRL,19.4,99,0.2,554,2,7,17.1,27,11,4.47,59.5,BRL,0.4,7,BRL,3.2,BRL,1124,BRL,0.39,BRL,7.6,BRL,0.21,2.86,61,3,13.3,1.4,67,53.6,,,,,,,,,,,,,,,,,,,,,,,,,,
34,43013300490000,40.2818,-110.413,Murdock 1-26B5,UT CRC,"TC, TOC, HAWK, ICP",SGS,E240702-004,9783,,,Green River,Upper Garden Gulch,11.3,1.15,2.89,4.03,0.43,435,1.36,24.4,1,0.4,6.53,0.05,0.02,6.8,0.09,BRL,BRL,21,578,BRL,BRL,0.2,16.3,2.6,26,0.7,BRL,1.28,0.77,0.3,3,1.38,BRL,BRL,0.26,BRL,8.2,22,0.1,604,BRL,3,7.5,6,7,1.92,13.9,BRL,0.2,BRL,BRL,1.4,BRL,1632,BRL,0.2,BRL,4.1,BRL,0.1,1.86,34,BRL,7.3,0.7,33,24.6,,,,,,,,,,,,,,,,,,,,,,,,,,
34,43013300490000,40.2818,-110.413,Murdock 1-26B5,UT CRC,"TC, TOC, HAWK, ICP",SGS,E240702-005,9795,,,Green River,Upper Garden Gulch,8.28,1.25,1.5,4.2,0.54,433,3.93,18.8,1.8,1.3,3.36,0.18,0.09,13.4,0.19,BRL,9,67,495,BRL,0.2,0.3,38.5,7.1,56,3,18,2.6,1.44,0.71,11,2.84,BRL,2,0.5,BRL,20.3,73,0.19,584,BRL,6,17.8,25,6,4.68,53,BRL,0.5,7,BRL,3.3,BRL,810,BRL,0.41,BRL,6.5,BRL,0.2,2.98,59,BRL,14.5,1.4,107,59.3,,,,,,,,,,,,,,,,,,,,,,,,,,
34,43013300490000,40.2818,-110.413,Murdock 1-26B5,UT CRC,"TC, TOC, HAWK, ICP",SGS,E240702-006,9805,,,Green River,Upper Garden Gulch,5.53,1.4,1.96,5.05,0.34,430,6.57,8.1,3.51,2.1,3.73,0.05,0.14,20.9,0.25,BRL,12,103,537,BRL,0.4,0.3,54.3,11.5,54,6.4,45,3.15,1.86,0.76,16,3.57,1,2,0.6,BRL,28.2,90,0.25,517,BRL,9,23.3,23,16,6.34,86.1,BRL,0.7,11,BRL,4.3,1,442,0.6,0.51,BRL,9.7,BRL,0.25,4.07,103,1,17.2,1.9,96,71.4,,,,,,,,,,,,,,,,,,,,,,,,,,
34,43013300490000,40.2818,-110.413,Murdock 1-26B5,UT CRC,"TC, TOC, HAWK, ICP",SGS,E240702-007,10151,,,Green River,Long Point Bed,2.31,0.67,1.93,1.45,0.4,435,0.86,4.2,0.53,0.4,0.78,0.06,0.1,39,0.05,BRL,BRL,21,149,BRL,BRL,BRL,10.6,1.1,46,0.5,BRL,0.92,0.61,0.25,2,1.02,1,5,0.18,BRL,6.3,12,0.1,153,BRL,2,5.3,11,BRL,1.37,11,BRL,0.2,BRL,BRL,1.1,BRL,76,BRL,0.15,BRL,1.4,BRL,0.09,0.89,8,BRL,6.4,0.6,12,161,,,,,,,,,,,,,,,,,,,,,,,,,,
34,43013300490000,40.2818,-110.413,Murdock 1-26B5,UT CRC,"TC, TOC, HAWK, ICP",SGS,E240702-008,10165,,,Green River,Long Point Bed,4.8,1.49,0.82,1.95,0.27,458,6.89,9.7,3.29,2.8,1.66,0.15,2.42,21,0.3,BRL,8,81,355,BRL,0.2,0.7,53.9,9.6,106,8.2,21,3.76,2.13,0.96,17,4.03,2,3,0.71,BRL,30.2,50,0.3,393,BRL,11,25.1,33,17,6.66,124,BRL,0.7,11,BRL,4.8,2,269,0.7,0.59,BRL,10.2,0.9,0.32,3.37,90,1,22,2.2,103,98.2,,,,,,,,,,,,,,,,,,,,,,,,,,
34,43013300490000,40.2818,-110.413,Murdock 1-26B5,UT CRC,"TC, TOC, HAWK, ICP",SGS,E240702-009,10182,,,Green River,Long Point Bed,9.77,1.81,0.81,3.87,0.36,443,2.84,24.7,1.2,1,1.93,0.13,1.2,10.2,0.12,BRL,11,43,915,BRL,0.3,0.5,24,7,45,2.8,28,1.61,0.98,0.42,7,1.84,BRL,1,0.31,BRL,12.8,25,0.13,426,7,4,11,23,9,2.9,45.3,BRL,0.8,BRL,BRL,2.1,BRL,841,BRL,0.26,BRL,4,BRL,0.13,3.7,59,2,9.5,1,121,40.2,,,,,,,,,,,,,,,,,,,,,,,,,,
34,43013300490000,40.2818,-110.413,Murdock 1-26B5,UT CRC,"TC, TOC, HAWK, ICP",SGS,E240702-010,10196.5,,,Green River,Castle Peak,0.99,0.29,,,,,9.7,2,6.05,3.4,1.33,0.09,4.9,26.1,0.45,BRL,7,78,371,BRL,0.5,0.3,108,14,76,10.6,47,5.68,3.36,1.47,24,6.75,3,4,1.12,BRL,54.1,70,0.49,611,2,16,48.8,34,30,12.98,158,BRL,2.5,17,BRL,8.5,3,226,1,0.91,0.07,18.3,0.9,0.46,4.92,151,3,31.1,3.2,100,111,,,,,,,,,,,,,,,,,,,,,,,,,,
34,43013300490000,40.2818,-110.413,Murdock 1-26B5,UT CRC,"TC, TOC, HAWK, ICP",SGS,E240702-011,10204,,,Green River,Castle Peak,5.25,2.05,1.62,3.45,0.35,452,7.38,9.9,3.19,2.9,1.61,0.15,1.99,21.3,0.32,BRL,10,83,314,BRL,0.3,0.5,55.4,9,95,8.8,23,3.56,2.27,1.02,17,3.86,1,3,0.71,BRL,31.1,50,0.32,718,2,11,24.1,30,17,6.7,128,BRL,0.9,10,2,4.3,2,290,0.8,0.57,BRL,10.6,1,0.3,3.45,98,1,21.7,2.3,102,101,,,,,,,,,,,,,,,,,,,,,,,,,,
34,43013300490000,40.2818,-110.413,Murdock 1-26B5,UT CRC,"TC, TOC, HAWK, ICP",SGS,E240702-012,10500.5,,,Green River,Castle Peak,1.55,0.35,,,,,8.29,2.9,2.69,3.4,2.44,0.14,0.67,28.2,0.4,BRL,16,102,199,BRL,0.3,0.5,57.6,10.9,113,8.5,35,2.97,2.1,0.66,20,2.85,2,5,0.62,BRL,32,69,0.35,281,BRL,13,22,40,20,6.64,137,BRL,1.2,12,BRL,3.4,3,167,0.9,0.41,BRL,12,0.9,0.3,3.17,120,2,17.9,2.4,97,150,,,,,,,,,,,,,,,,,,,,,,,,,,
34,43013300490000,40.2818,-110.413,Murdock 1-26B5,UT CRC,"TC, TOC, HAWK, ICP",SGS,E240702-013,10506.5,,,Green River,Castle Peak,3.81,1.23,0.52,3.52,0.35,380,8.34,7.3,3.58,3.4,3,0.11,2.27,21.9,0.38,BRL,20,96,327,BRL,0.3,0.5,68.2,13.9,96,8.1,43,3.57,2.23,0.91,20,3.83,2,3,0.72,BRL,37.1,64,0.34,496,23,12,28.2,41,22,7.85,131,0.03,2.2,13,2,4.9,2,321,0.8,0.54,0.1,10.9,1.2,0.34,7.17,131,1,20.1,2.3,194,105,,,,,,,,,,,,,,,,,,,,,,,,,,
34,43013300490000,40.2818,-110.413,Murdock 1-26B5,UT CRC,"TC, TOC, HAWK, ICP",SGS,E240702-014,10511.8,,,Green River,Castle Peak,4.08,1.56,0.81,3.13,0.28,449,7.78,6.5,2.85,3.1,2.67,0.1,1.81,22.4,0.33,BRL,13,105,1408,BRL,0.2,0.5,56.4,10.3,84,8.4,22,3.39,2.02,0.85,19,3.63,1,3,0.69,BRL,30.8,54,0.29,337,6,12,26,36,19,6.98,131,BRL,1.2,12,BRL,4.6,2,297,0.7,0.54,BRL,9.8,1,0.29,3.76,131,2,20,2.1,96,100,,,,,,,,,,,,,,,,,,,,,,,,,,
34,43013300490000,40.2818,-110.413,Murdock 1-26B5,UT CRC,"TC, TOC, HAWK, ICP",SGS,E240702-015,10515.5,,,Green River,Castle Peak,3.41,1.81,1.06,3.46,0.46,449,8.34,4.6,3.04,3.2,2.15,0.11,1.79,24.9,0.37,BRL,12,104,287,BRL,0.4,0.5,70.6,11.9,92,9.2,29,4.47,2.55,1.07,21,4.65,2,4,0.87,BRL,38.4,60,0.38,381,6,14,31.3,40,23,8.49,138,BRL,1.1,13,2,5.6,2,264,0.9,0.7,0.05,12.1,1,0.38,4.82,144,2,26.2,2.7,85,137,,,,,,,,,,,,,,,,,,,,,,,,,,
34,43013300490000,40.2818,-110.413,Murdock 1-26B5,UT CRC,"TC, TOC, HAWK, ICP",SGS,E240702-016,10520,,,Green River,Castle Peak,2.02,0.41,,,,,8.92,4.7,2.95,3.4,2.06,0.12,1.72,25.8,0.37,BRL,30,108,1583,BRL,0.4,0.3,67,10.5,98,10,25,4.05,2.38,1.05,21,4.3,1,4,0.8,BRL,36.5,61,0.36,329,13,15,30.1,36,22,8.24,152,0.02,2.3,12,BRL,5.1,3,304,1,0.61,0.06,13.4,0.9,0.34,3.89,137,2,23.5,2.5,86,116,,,,,,,,,,,,,,,,,,,,,,,,,,
34,43013300490000,40.2818,-110.413,Murdock 1-26B5,UT CRC,"TC, TOC, HAWK, ICP",SGS,E240702-017,10524.5,,,Green River,Castle Peak,2.98,0.39,,,,,6.34,7.3,2.75,2.3,2.15,0.12,1.46,27.7,0.37,BRL,18,99,304,BRL,0.3,0.4,56.3,11.4,89,5.7,26,3.88,2.39,0.95,15,4.09,1,6,0.77,BRL,30.4,51,0.33,473,20,12,25.6,39,22,6.86,91.7,BRL,2.9,10,BRL,4.7,2,241,0.8,0.59,BRL,10.9,0.6,0.33,5.69,93,1,22.2,2.4,56,194,,,,,,,,,,,,,,,,,,,,,,,,,,
34,43013300490000,40.2818,-110.413,Murdock 1-26B5,UT CRC,"TC, TOC, HAWK, ICP",SGS,E240702-018,10530,,,Green River,Castle Peak,1.37,,,,,,4.47,3,1.76,1.5,1.57,0.1,0.7,33.91,0.25,BRL,7,73,594,BRL,0.2,0.3,42.2,6.6,74,3.7,17,2.82,1.83,0.62,11,2.93,1,5,0.56,BRL,23.2,41,0.26,221,4,9,19.1,24,15,5.29,58.6,BRL,0.7,6,BRL,3.3,1,198,0.6,0.43,BRL,7.3,BRL,0.25,2.82,57,BRL,17.1,1.7,48,188,,,,,,,,,,,,,,,,,,,,,,,,,,
34,43013300490000,40.2818,-110.413,Murdock 1-26B5,UT CRC,"TC, TOC, HAWK, ICP",SGS,E240702-019,10535,,,Green River,Castle Peak,2.19,,,,,,6.2,5.4,2.01,2.2,2.1,0.12,0.09,28.13,0.34,BRL,BRL,82,334,BRL,0.2,0.4,50.6,5.3,84,5.3,15,3.55,2.27,0.89,14,3.67,1,6,0.72,BRL,27.4,51,0.33,450,BRL,12,22.8,24,11,6.15,88.9,BRL,0.3,9,BRL,4.3,2,212,0.7,0.54,BRL,9.7,BRL,0.34,3.11,74,1,22.3,2.3,61,204,,,,,,,,,,,,,,,,,,,,,,,,,,
34,43013300490000,40.2818,-110.413,Murdock 1-26B5,UT CRC,"TC, TOC, HAWK, ICP",SGS,E240702-020,10540.5,,,Green River,Castle Peak,2.68,2.11,0.91,1.51,0.31,453,9.58,1.8,3.9,3.7,2.35,0.13,1.69,26,0.44,BRL,29,112,616,BRL,0.3,0.7,71.8,22.1,106,9.4,34,4.39,2.66,1.08,24,4.78,2,4,0.87,BRL,39.2,83,0.4,297,12,14,29.8,49,32,8.39,153,BRL,1.9,17,1,5.6,3,221,1,0.68,BRL,12.9,1.1,0.39,6.1,146,2,25.2,2.7,122,133,,,,,,,,,,,,,,,,,,,,,,,,,,
34,43013300490000,40.2818,-110.413,Murdock 1-26B5,UT CRC,"TC, TOC, HAWK, ICP",SGS,E240702-021,10583,,,Green River,Uteland Butte,4.3,1.46,1.31,3.97,0.3,442,7.61,8.7,2.57,3.2,2.09,0.08,1.48,22.7,0.32,BRL,11,97,996,BRL,0.3,0.4,57.3,10,80,8.6,28,3.69,2.22,0.97,18,3.89,1,3,0.7,BRL,31.2,55,0.3,390,4,11,25.3,35,17,6.87,130,BRL,1.2,11,BRL,4.5,2,487,0.8,0.55,BRL,10.1,0.8,0.31,3.71,116,1,21.1,2.1,91,97.4,,,,,,,,,,,,,,,,,,,,,,,,,,
34,43013300490000,40.2818,-110.413,Murdock 1-26B5,UT CRC,"TC, TOC, HAWK, ICP",SGS,E240702-022,10590.5,,,Green River,Uteland Butte,11.09,0.58,0.42,0.73,0.41,429,0.48,27.14,1.09,0.2,4.82,0.03,0.52,6,0.03,BRL,21,10,155,BRL,BRL,BRL,8.5,2.2,23,1,BRL,0.8,0.43,0.23,BRL,0.92,BRL,BRL,0.16,BRL,4.1,11,0.06,805,4,BRL,4.4,8,6,1.03,4.8,BRL,2.2,BRL,BRL,0.9,BRL,699,BRL,0.12,BRL,1.7,BRL,0.06,2.71,20,BRL,5.1,0.4,198,31.9,,,,,,,,,,,,,,,,,,,,,,,,,,
34,43013300490000,40.2818,-110.413,Murdock 1-26B5,UT CRC,"TC, TOC, HAWK, ICP",SGS,E240702-023,10595,,,Green River,Uteland Butte,1.14,0.22,,,,,10.28,2.5,3.34,4.3,2.47,0.11,1.35,26.6,0.46,BRL,7,126,1013,BRL,0.3,0.4,76.1,12.9,110,9.2,38,4.36,2.79,0.94,24,4.42,2,5,0.87,BRL,40.7,70,0.41,255,BRL,15,31.7,40,22,9,158,BRL,0.9,16,BRL,5.2,3,265,1,0.67,0.05,13.4,0.8,0.39,3.51,128,2,24.8,2.9,95,139,,,,,,,,,,,,,,,,,,,,,,,,,,
34,43013300490000,40.2818,-110.413,Murdock 1-26B5,UT CRC,"TC, TOC, HAWK, ICP",SGS,E240702-024,10600,,,Green River,Uteland Butte,3.48,2.08,0.56,1.35,0.34,457,8.97,3.7,4.89,3.6,3.01,0.17,3.37,22.3,0.41,BRL,23,113,324,BRL,0.3,1.2,68.2,16.6,165,9.3,36,3.85,2.36,0.96,22,4.29,2,3,0.75,BRL,38.1,84,0.34,595,8,12,30.1,55,23,8.33,142,0.02,1.5,15,2,5.1,3,233,0.9,0.58,0.06,12.3,2.1,0.34,4.12,102,1,21.7,2.4,151,106,,,,,,,,,,,,,,,,,,,,,,,,,,
34,43013300490000,40.2818,-110.413,Murdock 1-26B5,UT CRC,"TC, TOC, HAWK, ICP",SGS,E240702-025,10604.5,,,Green River,Uteland Butte,4,1.99,1.15,2.99,0.32,451,8.05,6,3.67,3.4,2.46,0.13,2.26,23.1,0.37,BRL,36,113,446,BRL,0.3,0.7,60.7,16.9,95,8.2,29,3.66,2.27,0.97,19,4.07,1,4,0.72,BRL,33.6,60,0.32,449,7,12,27.2,45,18,7.4,132,0.05,1.7,12,2,4.7,2,313,0.8,0.55,0.07,10.3,1,0.31,11.97,122,1,21.4,2.2,124,112,,,,,,,,,,,,,,,,,,,,,,,,,,
34,43013300490000,40.2818,-110.413,Murdock 1-26B5,UT CRC,"TC, TOC, HAWK, ICP",SGS,E240702-026,10610,,,Green River,Uteland Butte,1.72,,,,,,7.53,4,2.42,3.4,2.43,0.13,0.93,28.9,0.4,BRL,6,121,348,BRL,0.3,0.5,69.7,10.6,84,6.8,26,4.52,2.68,1,18,4.6,2,6,0.9,BRL,36.9,54,0.41,314,BRL,14,29.7,33,18,8.26,126,BRL,1,12,BRL,5.3,2,227,0.9,0.69,BRL,11.7,0.6,0.39,4.23,93,2,26.3,2.7,86,202,,,,,,,,,,,,,,,,,,,,,,,,,,
34,43013300490000,40.2818,-110.413,Murdock 1-26B5,UT CRC,"TC, TOC, HAWK, ICP",SGS,E240702-027,10615,,,Green River,Uteland Butte,2.63,0.39,,,,,6.14,6.3,2.56,2.7,2.01,0.11,1.41,28.1,0.35,BRL,8,93,572,BRL,0.2,0.3,54.4,10.4,96,5.5,22,3.42,2.34,0.76,14,3.47,1,7,0.75,BRL,30,48,0.34,466,2,12,22.9,30,22,6.47,101,BRL,1,9,BRL,3.9,2,226,0.7,0.52,BRL,9.6,0.6,0.33,2.99,77,1,21.1,2.4,55,231,,,,,,,,,,,,,,,,,,,,,,,,,,
34,43013300490000,40.2818,-110.413,Murdock 1-26B5,UT CRC,"TC, TOC, HAWK, ICP",SGS,E240702-028,10620,,,Green River,Uteland Butte,3.24,0.65,0.19,0.66,0.37,441,7.22,7.2,2.66,3.2,2.43,0.15,1.35,24.4,0.39,BRL,32,106,357,BRL,0.3,0.5,69.9,9.6,96,7.1,26,3.95,2.41,0.92,18,4.47,1,5,0.77,BRL,38.2,53,0.34,451,BRL,13,27.4,31,20,7.88,124,BRL,1.2,11,BRL,4.8,2,318,0.8,0.61,BRL,11.4,0.7,0.35,4.33,93,1,23.1,2.5,102,165,,,,,,,,,,,,,,,,,,,,,,,,,,
34,43013300490000,40.2818,-110.413,Murdock 1-26B5,UT CRC,"TC, TOC, HAWK, ICP",SGS,E240702-029,10625,,,Green River,Uteland Butte,6.24,,,,,,3.15,13.9,1.4,1.4,4.52,0.09,0.52,19.6,0.21,BRL,13,57,515,BRL,BRL,0.3,33.1,4.2,47,2.2,BRL,2.65,1.56,0.67,7,2.79,BRL,4,0.51,BRL,17.2,29,0.23,636,BRL,7,15.9,14,11,4.12,47.3,BRL,0.9,BRL,BRL,3.2,BRL,259,BRL,0.41,BRL,5.6,BRL,0.22,1.91,35,BRL,15.8,1.6,61,139,,,,,,,,,,,,,,,,,,,,,,,,,,
34,43013300490000,40.2818,-110.413,Murdock 1-26B5,UT CRC,"TC, TOC, HAWK, ICP",SGS,E240702-030,10629.8,,,Green River,Uteland Butte,1.9,,,,,,8.04,4.3,2.98,3.5,2.75,0.15,1.33,26.7,0.45,BRL,8,115,624,BRL,0.3,0.6,65.6,11.9,96,7.7,32,4.64,2.76,1.04,19,4.58,2,6,0.88,BRL,35.4,62,0.4,350,4,15,29.4,35,22,8.04,136,BRL,0.9,13,BRL,5.2,2,238,1,0.7,BRL,12.5,0.7,0.43,4.19,103,2,26.6,2.7,93,192,,,,,,,,,,,,,,,,,,,,,,,,,,
34,43013300490000,40.2818,-110.413,Murdock 1-26B5,UT CRC,"TC, TOC, HAWK, ICP",SGS,E240702-031,10635,,,Green River,Uteland Butte,2.16,1.14,0.25,1.13,0.28,451,8.61,2.3,3.25,3.6,2.4,0.16,1.93,27.2,0.61,BRL,13,139,345,BRL,0.3,0.3,80.2,13,108,7.4,34,5.92,3.99,1.16,20,5.21,2,15,1.19,BRL,42.9,62,0.64,467,BRL,20,34.5,36,31,9.5,134,BRL,1.3,13,BRL,6,3,203,1.4,0.83,BRL,16.5,0.9,0.58,5.36,110,2,35.1,4.1,85,499,,,,,,,,,,,,,,,,,,,,,,,,,,
34,43013300490000,40.2818,-110.413,Murdock 1-26B5,UT CRC,"TC, TOC, HAWK, ICP",SGS,E240702-032,10640.5,,,Green River,Uteland Butte,4.32,1.73,0.79,3.59,0.37,448,7.05,7.2,2.67,3.1,2.43,0.1,1.49,24.2,0.35,BRL,12,105,381,BRL,0.2,0.5,64.3,9.7,79,7.1,24,3.86,2.39,0.95,17,4.31,2,5,0.74,BRL,33.3,53,0.32,544,2,12,28.1,29,19,7.65,122,BRL,1.1,11,BRL,5.1,2,300,0.8,0.62,BRL,10.2,0.8,0.32,3.12,87,1,22.2,2.3,151,148,,,,,,,,,,,,,,,,,,,,,,,,,,
34,43013300490000,40.2818,-110.413,Murdock 1-26B5,UT CRC,"TC, TOC, HAWK, ICP",SGS,E240702-033,10653,,,Green River,Uteland Butte,1.78,,,,,,6.23,4.3,2.34,2.6,1.98,0.11,1.04,29,0.35,BRL,BRL,89,465,BRL,0.2,0.6,58.3,8.8,86,5.8,21,4.22,2.64,0.95,15,4.33,2,7,0.81,BRL,31.6,47,0.37,286,BRL,12,26.5,31,20,7.09,102,BRL,0.7,10,BRL,5,2,213,0.8,0.63,BRL,10.5,0.5,0.38,3.04,78,1,25.4,2.7,143,233,,,,,,,,,,,,,,,,,,,,,,,,,,
34,43013300490000,40.2818,-110.413,Murdock 1-26B5,UT CRC,"TC, TOC, HAWK, ICP",SGS,E240702-034,10658,,,Green River,Uteland Butte,1.47,,,,,,6.95,3.3,2.23,2.9,2.1,0.12,0.68,28.94,0.39,BRL,9,105,704,BRL,0.3,0.5,64.3,10.8,93,7,20,4.31,2.68,0.99,16,4.36,1,6,0.83,BRL,34.1,53,0.38,234,BRL,13,28.3,33,20,7.85,116,BRL,0.7,11,BRL,5,2,194,0.9,0.64,BRL,11.4,0.6,0.37,3.27,89,1,25.5,2.6,92,212,,,,,,,,,,,,,,,,,,,,,,,,,,
34,43013300490000,40.2818,-110.413,Murdock 1-26B5,UT CRC,"TC, TOC, HAWK, ICP",SGS,E240702-035,10663.8,,,Green River,Uteland Butte,2.46,1.03,0.15,0.73,0.29,461,8.89,4,2.52,3.7,2.12,0.1,0.71,26.8,0.39,BRL,8,110,203,BRL,0.3,1.1,71.2,37.9,92,10.1,36,5.12,3.25,1.14,21,5.47,2,4,1.03,BRL,37.2,61,0.44,243,BRL,15,34.1,48,27,8.76,154,BRL,1.1,14,10,6.7,3,281,1,0.83,BRL,13.6,1.1,0.44,5.76,132,2,29.6,3.1,204,152,,,,,,,,,,,,,,,,,,,,,,,,,,
34,43013300490000,40.2818,-110.413,Murdock 1-26B5,UT CRC,"TC, TOC, HAWK, ICP",SGS,E240702-036,10670.5,,,Green River,Uteland Butte,4.47,1.29,0.35,1.16,0.21,462,6.9,9.3,2.35,2.9,2.34,0.17,1.02,23.2,0.34,BRL,8,89,338,BRL,0.3,0.7,57.1,8.2,110,7.6,21,3.74,2.31,1.08,16,4.16,1,4,0.74,BRL,32,55,0.33,387,BRL,12,26,28,17,7.01,117,BRL,0.5,10,BRL,4.7,2,297,0.8,0.58,BRL,10.9,0.8,0.33,3.28,92,1,23.2,2.4,91,113,,,,,,,,,,,,,,,,,,,,,,,,,,
34,43013300490000,40.2818,-110.413,Murdock 1-26B5,UT CRC,"TC, TOC, HAWK, ICP",SGS,E240702-037,10678.8,,,Green River,Uteland Butte,5.66,1.65,0.87,3.61,0.39,446,6.52,10.8,2.77,2.8,3.17,0.1,1.69,19.7,0.33,BRL,12,91,631,BRL,0.2,0.4,53.1,10.6,78,6.7,28,3.38,2.09,0.94,16,4.06,1,4,0.66,BRL,28.1,47,0.28,469,4,11,24.5,32,15,6.51,110,BRL,1.2,11,BRL,4.6,2,408,0.7,0.55,0.05,9.8,0.9,0.28,4.96,100,1,19.7,2,270,111,,,,,,,,,,,,,,,,,,,,,,,,,,
34,43013300490000,40.2818,-110.413,Murdock 1-26B5,UT CRC,"TC, TOC, HAWK, ICP",SGS,E240702-038,10682.8,,,Green River,Uteland Butte,6.88,1.29,0.95,2.28,0.44,446,5.44,13.2,2.19,2.4,4.7,0.09,1.34,16.7,0.26,BRL,15,85,382,BRL,0.2,0.5,44.3,8.7,68,5.6,25,2.67,1.65,0.66,13,3.02,1,3,0.52,BRL,23.8,44,0.23,512,7,9,19.8,27,13,5.38,90.1,0.02,1.4,9,BRL,3.5,1,437,0.6,0.43,BRL,7.8,0.7,0.24,3.91,84,BRL,15.3,1.6,131,83.1,,,,,,,,,,,,,,,,,,,,,,,,,,
34,43013300490000,40.2818,-110.413,Murdock 1-26B5,UT CRC,"TC, TOC, HAWK, ICP",SGS,E240702-039,10688.5,,,Green River,Base Uteland-Wasatch,2.88,1.05,0.72,2.4,0.31,441,8.76,4.8,3.72,3.8,3.14,0.11,2.19,23.6,0.42,BRL,39,119,562,BRL,0.3,0.7,66.3,14.5,128,8.9,36,3.38,2.22,0.73,22,3.4,2,4,0.69,BRL,37,69,0.33,461,6,13,27,42,22,7.67,152,BRL,1.8,15,BRL,4.3,2,292,0.9,0.49,BRL,12.2,1.2,0.32,3.05,106,1,19.3,2.3,200,117,,,,,,,,,,,,,,,,,,,,,,,,,,
34,43013300490000,40.2818,-110.413,Murdock 1-26B5,UT CRC,"TC, TOC, HAWK, ICP",SGS,E240702-040,10692.5,,,Green River,Base Uteland-Wasatch,5.14,1.89,1.09,3.69,0.26,449,6.4,8.8,2.52,2.7,2.72,0.12,1.39,23.1,0.36,BRL,13,96,418,BRL,0.2,0.5,53.8,10.6,77,6.3,26,3.64,2.35,0.84,15,3.71,1,4,0.72,BRL,29.6,46,0.32,485,5,12,22.8,31,20,6.34,103,0.02,0.8,10,1,4.3,2,299,0.8,0.54,BRL,9.7,0.7,0.34,3.41,77,1,21.5,2.3,91,141,,,,,,,,,,,,,,,,,,,,,,,,,,
34,43013300490000,40.2818,-110.413,Murdock 1-26B5,UT CRC,"TC, TOC, HAWK, ICP",SGS,E240702-041,10694.6,,,Green River,Base Uteland-Wasatch,4.54,1.13,0.78,2.19,0.5,444,6.46,9,2.58,2.8,3.04,0.11,1.33,23.1,0.34,BRL,28,100,409,BRL,0.2,0.7,50.8,9.3,87,6.1,23,3.27,2.02,0.76,16,3.21,1,5,0.6,BRL,27.7,47,0.3,475,4,11,21.5,30,19,6.05,108,BRL,2.3,10,BRL,3.8,2,419,0.7,0.47,BRL,9.7,0.7,0.3,4.64,77,1,17.9,2.1,108,161,,,,,,,,,,,,,,,,,,,,,,,,,,
34,43013300490000,40.2818,-110.413,Murdock 1-26B5,UT CRC,"TC, TOC, HAWK, ICP",SGS,E240703-001,10700,,,Green River,Base Uteland-Wasatch,2.37,,,,,,5.6,5.9,1.79,2.3,2.31,0.11,0.67,29.7,0.35,BRL,6,88,1172,BRL,0.2,0.4,48.9,6.7,69,4.7,24,3.87,2.51,0.82,12,3.68,1,7,0.8,BRL,26.3,40,0.37,367,2,12,21.5,30,14,5.78,83.2,BRL,0.5,8,BRL,4.1,1,284,0.8,0.56,BRL,9.3,BRL,0.35,2.89,66,2,23.8,2.6,57,257,,,,,,,,,,,,,,,,,,,,,,,,,,
34,43013300490000,40.2818,-110.413,Murdock 1-26B5,UT CRC,"TC, TOC, HAWK, ICP",SGS,E240703-002,10705,,,Green River,Base Uteland-Wasatch,2.89,,,,,,7.46,7.2,3.16,3.2,3.12,0.11,1.33,23.2,0.36,BRL,11,102,335,BRL,0.2,0.6,64.1,12.8,92,7,21,4.31,2.6,1.03,17,4.49,1,4,0.85,BRL,33.9,62,0.37,475,BRL,12,29.1,40,18,7.73,124,BRL,0.9,12,BRL,5.3,2,234,0.8,0.68,BRL,10.8,0.6,0.33,2.99,93,1,24.4,2.4,100,124,,,,,,,,,,,,,,,,,,,,,,,,,,
34,43013300490000,40.2818,-110.413,Murdock 1-26B5,UT CRC,"TC, TOC, HAWK, ICP",SGS,E240703-003,10710,,,Green River,Base Uteland-Wasatch,1.6,,,,,,4.19,3.7,1.4,1.8,1.66,0.1,0.07,33.45,0.24,BRL,BRL,60,777,BRL,0.2,0.3,37.1,3.8,71,3.4,17,3.04,1.87,0.75,9,3.3,1,5,0.62,BRL,20.2,37,0.28,256,BRL,8,17.7,19,12,4.74,61.7,BRL,0.3,5,BRL,3.6,1,184,0.6,0.48,BRL,6.6,BRL,0.26,2.22,41,BRL,17.6,1.8,175,191,,,,,,,,,,,,,,,,,,,,,,,,,,
34,43013300490000,40.2818,-110.413,Murdock 1-26B5,UT CRC,"TC, TOC, HAWK, ICP",SGS,E240703-004,10715.5,,,Green River,Base Uteland-Wasatch,5.84,2.05,0.93,4.79,0.25,449,5.87,11.3,2.72,2.5,2.24,0.12,1.48,20.3,0.34,BRL,12,83,284,BRL,0.2,0.4,53.9,9.5,79,5.5,27,3.17,1.99,0.72,13,3.29,1,4,0.67,BRL,30.4,43,0.33,567,5,11,21.2,27,19,6.29,91.4,BRL,1.2,9,BRL,3.8,2,404,0.8,0.49,BRL,9.3,0.7,0.29,2.68,69,1,18.6,2.1,148,124,,,,,,,,,,,,,,,,,,,,,,,,,,
34,43013300490000,40.2818,-110.413,Murdock 1-26B5,UT CRC,"TC, TOC, HAWK, ICP",SGS,E240703-005,10720,,,Green River,Base Uteland-Wasatch,3.51,1.49,0.71,2.37,0.26,446,6.87,5.6,3.18,3,2.34,0.16,1.82,25.1,0.41,BRL,22,101,675,BRL,0.3,0.6,64.5,10.9,119,7.4,31,4.05,2.59,0.94,16,4.36,1,8,0.82,BRL,36.6,49,0.39,388,8,14,26.9,50,32,7.62,111,BRL,1.5,11,1,4.8,2,239,0.9,0.59,BRL,11,0.7,0.38,4.41,88,1,23.2,2.6,101,290,,,,,,,,,,,,,,,,,,,,,,,,,,
34,43013300490000,40.2818,-110.413,Murdock 1-26B5,UT CRC,"TC, TOC, HAWK, ICP",SGS,E240703-006,10725,,,Green River,Base Uteland-Wasatch,3.06,,,,,,4.32,7.7,2.81,1.7,2.3,0.1,1.66,26.8,0.28,BRL,BRL,63,350,BRL,0.1,0.3,39.5,5.7,71,3.3,12,3.65,2.21,0.8,9,3.67,BRL,7,0.76,BRL,20.4,36,0.35,481,BRL,9,19.4,30,11,5.01,58.5,BRL,0.5,6,BRL,3.9,BRL,214,0.6,0.55,BRL,7.1,BRL,0.33,2.21,46,1,21,2.3,64,231,,,,,,,,,,,,,,,,,,,,,,,,,,
34,43013300490000,40.2818,-110.413,Murdock 1-26B5,UT CRC,"TC, TOC, HAWK, ICP",SGS,E240703-007,10733,,,Green River,Base Uteland-Wasatch,3.24,2.34,0.64,1.59,0.33,444,8.12,3.1,4.31,3.4,2.19,0.23,2.67,24.1,0.38,BRL,41,98,1193,BRL,0.8,0.9,82.4,20.9,124,8.1,44,6.69,3.34,1.84,19,8.54,2,4,1.27,BRL,41.9,62,0.44,327,10,13,43.2,62,40,10.82,132,0.04,3.7,14,13,9.7,2,250,0.8,1.14,0.06,12.1,1.7,0.45,13.98,131,2,34.9,3,102,141,,,,,,,,,,,,,,,,,,,,,,,,,,
34,43013300490000,40.2818,-110.413,Murdock 1-26B5,UT CRC,"TC, TOC, HAWK, ICP",SGS,E240703-008,10735.5,,,Green River,Base Uteland-Wasatch,9.62,1.25,0.7,1.87,0.43,447,2.77,22,2.77,1.2,4.17,0.1,1.2,8.6,0.15,BRL,10,42,1881,BRL,0.3,0.3,29.6,5.8,43,2.6,18,2.51,1.45,0.7,7,2.9,BRL,2,0.49,BRL,15.9,25,0.18,1162,4,5,14.2,17,14,3.72,42,0.07,1.2,BRL,4,3.1,BRL,647,BRL,0.39,BRL,4.8,BRL,0.19,8.63,64,1,15.4,1.2,58,57.9,,,,,,,,,,,,,,,,,,,,,,,,,,
34,43013300490000,40.2818,-110.413,Murdock 1-26B5,UT CRC,"TC, TOC, HAWK, ICP",SGS,E240703-009,10742,,,Green River,Base Uteland-Wasatch,1.78,,,,,,4.05,5.5,1.44,1.9,1.27,0.09,0.4,32.32,0.21,BRL,BRL,58,563,BRL,0.1,0.3,34.7,4.8,72,3.5,13,2.62,1.63,0.64,9,2.86,1,5,0.56,BRL,19,35,0.23,280,BRL,7,16.5,19,11,4.42,65.7,BRL,0.6,6,2,3,BRL,156,BRL,0.4,BRL,5.9,BRL,0.25,2.26,50,BRL,15.8,1.6,49,166,,,,,,,,,,,,,,,,,,,,,,,,,,
34,43013300490000,40.2818,-110.413,Murdock 1-26B5,UT CRC,"TC, TOC, HAWK, ICP",SGS,E240703-010,10747,,,Green River,Base Uteland-Wasatch,2.74,,,,,,4.21,7.1,1.5,1.9,1.93,0.11,0.48,27.9,0.25,BRL,BRL,62,386,BRL,BRL,0.4,39.7,4.7,60,3.3,13,3.24,1.94,0.86,9,3.58,1,6,0.66,BRL,21.4,32,0.3,408,BRL,8,18.8,18,12,5.08,65,BRL,0.4,6,BRL,3.8,BRL,183,BRL,0.52,BRL,6.5,BRL,0.28,2.46,45,BRL,19.3,1.9,42,198,,,,,,,,,,,,,,,,,,,,,,,,,,
34,43013300490000,40.2818,-110.413,Murdock 1-26B5,UT CRC,"TC, TOC, HAWK, ICP",SGS,E240703-011,10753.5,,,Green River,Base Uteland-Wasatch,1.34,,,,,,1.14,4.1,0.39,0.7,0.39,0.07,0.07,39.86,0.06,BRL,BRL,33,425,BRL,BRL,BRL,12.2,0.9,51,0.5,BRL,1.32,0.8,0.3,2,1.39,1,6,0.25,BRL,6.7,16,0.12,186,BRL,2,6.7,11,BRL,1.64,16.8,BRL,0.2,BRL,BRL,1.3,BRL,131,BRL,0.2,BRL,1.5,BRL,0.12,0.93,BRL,BRL,8.3,0.9,9,240,,,,,,,,,,,,,,,,,,,,,,,,,,
34,43013300490000,40.2818,-110.413,Murdock 1-26B5,UT CRC,"TC, TOC, HAWK, ICP",SGS,E240703-012,10758,,,Green River,Base Uteland-Wasatch,1.7,,,,,,2,4.7,0.42,1,0.82,0.08,0.12,37.25,0.12,BRL,BRL,37,878,BRL,BRL,BRL,18,1.4,41,0.7,BRL,1.74,1.12,0.41,3,1.84,BRL,6,0.38,BRL,9.6,19,0.19,254,BRL,4,9.1,10,6,2.37,26.6,BRL,0.2,BRL,BRL,1.8,BRL,202,BRL,0.26,BRL,2.6,BRL,0.16,1.23,13,BRL,10.9,1.1,15,235,,,,,,,,,,,,,,,,,,,,,,,,,,
34,43013300490000,40.2818,-110.413,Murdock 1-26B5,UT CRC,"TC, TOC, HAWK, ICP",SGS,E240703-013,10763.5,,,Green River,Base Uteland-Wasatch,4.42,1.45,0.75,1.6,0.23,463,5,8.1,2.28,2.1,2.24,0.12,1.47,24.5,0.31,BRL,9,68,215,BRL,0.2,0.4,44.8,7.9,78,4,26,3.58,2.27,0.81,11,3.79,1,5,0.73,BRL,23.7,35,0.32,507,3,10,20.6,28,14,5.47,73.7,BRL,0.5,7,2,4,BRL,208,0.6,0.54,BRL,7.4,0.6,0.33,2.83,58,1,20.3,2.2,62,175,,,,,,,,,,,,,,,,,,,,,,,,,,
34,43013300490000,40.2818,-110.413,Murdock 1-26B5,UT CRC,"TC, TOC, HAWK, ICP",SGS,E240703-014,10769.8,,,Green River,Base Uteland-Wasatch,5.46,2.02,0.7,2.88,0.32,455,6.02,10,2.78,2.6,2.26,0.19,1.65,21.1,0.32,BRL,12,85,444,BRL,0.2,0.6,53.9,9.7,82,6.5,27,3.88,2.14,1.07,14,4.5,1,5,0.78,BRL,29.2,47,0.32,498,3,10,25.4,35,18,6.6,98.6,BRL,1.2,9,3,5,1,307,0.7,0.63,BRL,9.2,0.7,0.32,3.94,77,1,21,2.1,92,171,,,,,,,,,,,,,,,,,,,,,,,,,,
34,43013300490000,40.2818,-110.413,Murdock 1-26B5,UT CRC,"TC, TOC, HAWK, ICP",SGS,E240703-015,10770.2,,,Green River,Base Uteland-Wasatch,5.84,2.25,1.07,3.61,0.45,451,5.87,10.3,2.72,2.4,2.46,0.16,1.43,21.6,0.32,BRL,12,82,2047,BRL,0.3,0.5,51.6,9.6,76,5.9,31,3.52,2.17,0.89,13,4.01,1,5,0.73,BRL,27.9,43,0.32,515,5,11,22.8,25,19,6.33,91.7,BRL,1.2,9,2,4.5,1,324,0.7,0.54,BRL,9,0.6,0.33,3.87,79,1,20.6,2.1,88,174,,,,,,,,,,,,,,,,,,,,,,,,,,
34,43013300490000,40.2818,-110.413,Murdock 1-26B5,UT CRC,"TC, TOC, HAWK, ICP",SGS,E240703-016,10774.7,,,Green River,Base Uteland-Wasatch,0.51,,,,,,9.75,1.1,3.86,4.2,2.15,0.12,1.73,27.1,0.42,BRL,16,125,628,BRL,0.4,0.4,77,14.4,116,10.3,36,5.4,3.17,1.23,23,5.96,2,4,1.09,BRL,41.9,76,0.44,166,BRL,15,36.3,39,25,9.52,170,BRL,1.1,16,1,6.8,3,159,1,0.81,0.06,14,1,0.47,4,134,2,29.8,3.2,112,141,,,,,,,,,,,,,,,,,,,,,,,,,,
34,43013300490000,40.2818,-110.413,Murdock 1-26B5,UT CRC,"TC, TOC, HAWK, ICP",SGS,E240703-017,10780,,,Green River,Base Uteland-Wasatch,1.5,,,,,,7.36,3.2,2.28,3,2.16,0.13,0.87,28.4,0.4,BRL,BRL,103,1010,BRL,0.3,0.4,65.9,7.9,86,6.4,18,4.27,2.75,0.87,16,4.28,2,8,0.9,BRL,36,47,0.44,231,BRL,14,27.4,26,15,7.96,115,BRL,0.7,10,1,4.5,2,175,0.9,0.62,BRL,12.1,0.6,0.41,5.74,92,2,25.8,3.1,69,269,,,,,,,,,,,,,,,,,,,,,,,,,,
34,43013300490000,40.2818,-110.413,Murdock 1-26B5,UT CRC,"TC, TOC, HAWK, ICP",SGS,E240703-018,10786.5,,,Green River,Base Uteland-Wasatch,4.29,1.52,0.93,2.49,0.31,452,6.12,7.8,2.66,2.6,2.15,0.15,1.44,23.1,0.34,BRL,15,86,3833,BRL,0.2,0.5,59.1,9.2,83,5.9,23,3.99,2.4,1,14,4.43,1,5,0.81,BRL,32.1,46,0.35,541,4,11,25.9,28,20,7.26,101,0.02,1.1,9,2,4.7,2,215,0.8,0.62,BRL,9.5,0.8,0.36,3.08,71,1,23.2,2.4,73,157,,,,,,,,,,,,,,,,,,,,,,,,,,
34,43013300490000,40.2818,-110.413,Murdock 1-26B5,UT CRC,"TC, TOC, HAWK, ICP",SGS,E240703-019,10790,,,Green River,Base Uteland-Wasatch,2.77,1.96,0.98,4.1,1.5,,6.36,2.6,2.1,2.4,1.51,0.11,2.05,26.6,0.37,BRL,6,93,50500,BRL,0.2,0.4,54.5,8.3,132,5,28,3.69,2.4,0.38,14,3.44,1,6,0.79,BRL,30.8,47,0.36,233,3,13,23.4,23,73,6.66,84.6,BRL,0.8,9,1,4.2,2,297,1,0.53,BRL,10.1,0.5,0.37,3.51,82,2,23.3,2.4,70,222,,,,,,,,,,,,,,,,,,,,,,,,,,
34,43013300490000,40.2818,-110.413,Murdock 1-26B5,UT CRC,"TC, TOC, HAWK, ICP",SGS,E240703-020,10795.5,,,Green River,Base Uteland-Wasatch,1.72,0.61,0.14,0.42,0.24,453,5.51,2.4,2.52,2,1.95,0.13,1.38,31.42,0.44,BRL,6,89,424,BRL,0.2,BRL,58.6,8.8,110,3.6,26,5.1,3.51,1.03,12,4.98,1,13,1.13,BRL,32,45,0.57,216,3,14,26.2,101,25,7.23,66.1,BRL,0.9,8,1,5.2,1,131,0.9,0.77,BRL,11.5,BRL,0.53,3.84,62,2,30.8,3.6,99,474,,,,,,,,,,,,,,,,,,,,,,,,,,
34,43013300490000,40.2818,-110.413,Murdock 1-26B5,UT CRC,"TC, TOC, HAWK, ICP",SGS,E240703-021,10798.5,,,Green River,Base Uteland-Wasatch,2.3,0.68,0.13,0.39,0.24,454,6.3,4,3.22,2.5,2.04,0.11,2.11,27.4,0.38,BRL,8,82,225,BRL,0.2,0.5,57,12.1,70,5.1,29,4.79,2.82,1.03,14,5.01,1,6,0.96,BRL,29.8,43,0.41,378,BRL,13,27.6,33,21,7.32,90.2,BRL,0.9,10,2,5.3,1,152,0.8,0.7,BRL,10.1,0.6,0.4,3.19,81,1,25.8,2.7,71,199,,,,,,,,,,,,,,,,,,,,,,,,,,
34,43013300490000,40.2818,-110.413,Murdock 1-26B5,UT CRC,"TC, TOC, HAWK, ICP",SGS,E240703-022,10805,,,Green River,Base Uteland-Wasatch,1.88,0.48,0.08,0.52,0.3,452,8.56,4.1,2.36,3.6,1.95,0.12,0.64,25.8,0.39,BRL,BRL,104,2347,BRL,0.4,0.3,73.1,6.6,114,9.4,21,4.6,2.88,1.08,20,4.89,2,5,0.94,BRL,39.8,52,0.43,328,BRL,14,34,67,13,9.11,145,BRL,0.6,13,1,5.6,2,186,0.9,0.71,BRL,13,0.8,0.41,3.6,118,2,26.3,2.8,75,146,,,,,,,,,,,,,,,,,,,,,,,,,,
34,43013300490000,40.2818,-110.413,Murdock 1-26B5,UT CRC,"TC, TOC, HAWK, ICP",SGS,E240703-023,10810,,,Green River,Base Uteland-Wasatch,2.95,1.2,0.46,2.51,1,305,7.21,4.5,2.5,3,1.85,0.11,1.71,23.2,0.32,BRL,6,94,34300,BRL,0.3,0.3,60.1,7.5,120,8.1,26,3.75,2.23,0.81,17,4.09,1,4,0.74,BRL,33.2,51,0.31,322,BRL,13,26.4,26,34,7.28,120,BRL,0.7,10,1,4.7,2,264,0.9,0.56,BRL,10.5,0.7,0.32,3.06,107,2,21.4,2.2,95,133,,,,,,,,,,,,,,,,,,,,,,,,,,
34,43013300490000,40.2818,-110.413,Murdock 1-26B5,UT CRC,"TC, TOC, HAWK, ICP",SGS,E240703-024,10815,,,Green River,Base Uteland-Wasatch,3.37,1.11,0.45,1.8,0.63,440,6.5,6.7,3.56,2.7,1.9,0.11,2.46,24.2,0.31,BRL,7,92,7437,BRL,0.2,0.3,54.7,9.7,82,6.8,18,3.63,2.21,0.92,15,4.2,1,5,0.76,BRL,29.3,48,0.34,472,BRL,11,24.2,32,24,6.7,107,BRL,0.8,10,1,4.5,2,502,0.7,0.59,BRL,9.4,0.7,0.33,2.73,84,1,21.4,2.2,98,152,,,,,,,,,,,,,,,,,,,,,,,,,,
34,43013300490000,40.2818,-110.413,Murdock 1-26B5,UT CRC,"TC, TOC, HAWK, ICP",SGS,E240703-025,10822.6,,,Green River,Base Uteland-Wasatch,3.57,1.56,0.86,3.06,0.61,443,7.31,5.5,2.76,3,2.24,0.14,1.29,24.5,0.39,BRL,7,108,2619,BRL,0.3,0.4,63.1,9.8,96,7.2,27,4.37,2.7,1.09,17,4.88,1,6,0.87,BRL,34.4,53,0.41,447,BRL,13,28,30,22,7.71,117,BRL,0.8,11,2,5.3,2,220,0.9,0.65,BRL,11.4,0.7,0.39,3.46,94,2,24.8,2.5,291,180,,,,,,,,,,,,,,,,,,,,,,,,,,
34,43013300490000,40.2818,-110.413,Murdock 1-26B5,UT CRC,"TC, TOC, HAWK, ICP",SGS,E240703-026,10826.5,,,Green River,Base Uteland-Wasatch,4.68,1.52,1.28,3.72,0.26,445,6.6,9.1,2.62,2.8,2.18,0.12,1.26,21.5,0.32,BRL,7,98,1101,BRL,0.3,0.5,58.2,9,77,7.2,21,3.97,2.33,1.04,16,4.72,1,4,0.8,BRL,31.2,51,0.33,450,BRL,11,26.5,25,18,7.16,113,BRL,0.9,10,2,4.9,2,364,0.8,0.61,BRL,10.1,0.6,0.34,2.84,81,1,22.3,2.2,110,116,,,,,,,,,,,,,,,,,,,,,,,,,,
34,43013300490000,40.2818,-110.413,Murdock 1-26B5,UT CRC,"TC, TOC, HAWK, ICP",SGS,E240703-027,10830.2,,,Green River,Base Uteland-Wasatch,4.77,1.67,0.9,3.14,0.38,447,7.21,8.2,3.01,3.1,3,0.1,1.57,21.2,0.34,BRL,18,96,1162,BRL,0.2,0.7,54.4,13.3,89,7,36,3.23,1.97,0.86,17,3.63,1,3,0.68,BRL,29.6,61,0.29,542,10,11,23.9,37,19,6.65,115,0.03,2.3,11,2,4,2,291,0.7,0.52,0.07,9.7,1,0.28,5.64,116,1,17.9,2.1,116,104,,,,,,,,,,,,,,,,,,,,,,,,,,
34,43013300490000,40.2818,-110.413,Murdock 1-26B5,UT CRC,"TC, TOC, HAWK, ICP",SGS,E240703-028,10835,,,Green River,Base Uteland-Wasatch,5.93,3.66,2.7,8.52,0.34,451,7.46,6.3,2.98,3.1,2.46,0.12,1.65,22.5,0.31,BRL,11,104,1259,BRL,0.3,0.6,56.2,12,94,8.5,34,3.97,2.21,1.03,17,4.76,1,3,0.81,BRL,31,60,0.32,372,11,11,26.1,48,21,7.12,122,0.02,1.2,11,3,5.2,2,237,0.7,0.64,0.07,9.8,1.2,0.31,4.91,131,2,22.1,2.1,163,94,,,,,,,,,,,,,,,,,,,,,,,,,,
34,43013300490000,40.2818,-110.413,Murdock 1-26B5,UT CRC,"TC, TOC, HAWK, ICP",SGS,E240703-029,10840,,,Green River,Base Uteland-Wasatch,6.63,1.78,2.02,5.09,0.31,437,5.85,10.8,2.37,2.4,4.42,0.12,0.85,17.4,0.24,BRL,16,80,565,BRL,0.6,0.7,47.9,11.1,74,6.5,62,3.29,1.77,0.93,14,3.88,1,2,0.64,BRL,25.7,51,0.25,434,13,8,22.3,39,25,5.93,91,0.03,1.9,10,1,4.4,1,490,0.5,0.51,0.07,7.8,0.6,0.27,6.23,153,1,17.7,1.7,109,72.6,,,,,,,,,,,,,,,,,,,,,,,,,,
34,43013300490000,40.2818,-110.413,Murdock 1-26B5,UT CRC,"TC, TOC, HAWK, ICP",SGS,E240703-030,10845,,,Green River,Base Uteland-Wasatch,7.21,1.46,1.79,4.38,0.42,438,4.53,14.3,2.14,1.9,3.74,0.1,0.93,16.6,0.19,BRL,15,69,548,BRL,0.3,0.3,37.5,6,51,3.5,19,3.16,1.78,0.75,9,3.32,BRL,4,0.6,BRL,19.9,39,0.26,519,4,6,17.7,22,15,4.58,59.4,BRL,1.4,7,1,3.5,BRL,593,BRL,0.48,BRL,7.6,BRL,0.27,2.55,57,BRL,17.5,1.7,170,129,,,,,,,,,,,,,,,,,,,,,,,,,,
34,43013300490000,40.2818,-110.413,Murdock 1-26B5,UT CRC,"TC, TOC, HAWK, ICP",SGS,E240703-031,10850.5,,,Green River,Base Uteland-Wasatch,7.07,2.52,1.83,6.96,0.5,445,5.57,10.6,2.81,2.4,3.92,0.07,1.66,17.7,0.21,BRL,25,96,2422,BRL,0.5,0.8,40.7,11,62,6.2,57,2.44,1.56,0.63,13,2.88,1,2,0.51,BRL,21.9,50,0.21,383,12,7,17.9,36,29,4.79,86.8,0.02,3.1,9,2,3.1,1,496,BRL,0.39,0.14,7.4,0.6,0.23,5.25,151,1,14.6,1.6,130,69.3,,,,,,,,,,,,,,,,,,,,,,,,,,
34,43013300490000,40.2818,-110.413,Murdock 1-26B5,UT CRC,"TC, TOC, HAWK, ICP",SGS,E240703-032,10854,,,Green River,Base Uteland-Wasatch,6.18,1.49,1.22,4.02,0.55,441,5.61,11.5,2.27,2.4,3.59,0.11,1.08,18.3,0.26,BRL,13,98,3725,BRL,0.3,0.6,40.2,8.2,68,5.9,32,2.6,1.53,0.65,13,2.86,1,3,0.53,BRL,22.2,50,0.24,422,7,9,17.2,26,24,4.87,89.9,0.02,1.6,8,1,3.3,1,543,0.6,0.42,BRL,7.2,0.5,0.24,3.59,96,1,14.7,1.6,171,94.2,,,,,,,,,,,,,,,,,,,,,,,,,,
34,43013300490000,40.2818,-110.413,Murdock 1-26B5,UT CRC,"TC, TOC, HAWK, ICP",SGS,E240703-033,10860.5,,,Green River,Base Uteland-Wasatch,4.65,2.18,2.55,7.09,0.32,433,7.23,6.8,3.5,3.1,2.65,0.08,2.28,22.1,0.28,BRL,29,105,2212,BRL,0.6,0.6,50.2,13.8,84,8.2,67,2.89,1.79,0.76,17,3.21,1,3,0.58,BRL,27.6,63,0.24,363,10,9,21.3,50,28,5.97,117,BRL,3.4,11,2,3.6,2,303,0.6,0.44,0.1,9,0.8,0.26,4.33,163,1,16.5,1.7,129,82.9,,,,,,,,,,,,,,,,,,,,,,,,,,
34,43013300490000,40.2818,-110.413,Murdock 1-26B5,UT CRC,"TC, TOC, HAWK, ICP",SGS,E240703-034,10865.3,,,Green River,Base Uteland-Wasatch,6.26,0.83,0.79,2.1,0.38,425,5.46,13.3,2.65,2.3,4.23,0.09,1.72,15.6,0.27,BRL,6,87,554,BRL,0.3,0.7,42.6,8.2,75,5.8,26,2.71,1.68,0.68,14,3.15,1,3,0.53,BRL,23.5,52,0.25,448,11,9,18.7,26,15,5.15,87.4,BRL,0.9,9,1,3.5,2,494,0.6,0.4,BRL,6.8,BRL,0.25,2.91,89,1,14.9,1.6,98,76.1,,,,,,,,,,,,,,,,,,,,,,,,,,
34,43013300490000,40.2818,-110.413,Murdock 1-26B5,UT CRC,"TC, TOC, HAWK, ICP",SGS,E240703-035,10870,,,Green River,Base Uteland-Wasatch,5.9,2.31,2.81,6.52,0.62,440,6.07,9.3,2.77,2.6,2.82,0.09,1.84,20,0.26,BRL,10,101,4237,BRL,0.4,0.7,45.7,11.4,76,6.6,46,3.11,1.78,0.8,15,3.68,1,3,0.6,BRL,24,52,0.26,418,11,9,21.2,35,25,5.65,99.1,BRL,1.5,9,1,4.1,2,390,0.6,0.48,0.09,8,0.6,0.26,5.14,114,1,17.4,1.8,357,92.7,,,,,,,,,,,,,,,,,,,,,,,,,,
34,43013300490000,40.2818,-110.413,Murdock 1-26B5,UT CRC,"TC, TOC, HAWK, ICP",SGS,E240703-036,10875,,,Green River,Base Uteland-Wasatch,6.79,1.71,1.7,4.09,0.32,442,5.65,11.9,2.38,2.5,4.36,0.07,1.58,16.7,0.26,BRL,10,103,1301,BRL,0.2,0.3,46.1,9.8,67,5.7,29,2.7,1.6,0.68,14,2.87,1,3,0.56,BRL,25.2,49,0.25,433,8,9,19.5,32,15,5.59,92,BRL,1.1,9,1,3.4,1,580,0.6,0.4,BRL,6.7,0.6,0.22,2.76,85,1,15,1.7,130,77.1,,,,,,,,,,,,,,,,,,,,,,,,,,
34,43013300490000,40.2818,-110.413,Murdock 1-26B5,UT CRC,"TC, TOC, HAWK, ICP",SGS,E240703-037,10878.5,,,Green River,Base Uteland-Wasatch,12.94,0.89,1.34,1.48,0.3,431,0.32,25.93,0.27,0.2,8.58,0.05,0.2,1.3,0.02,BRL,BRL,BRL,637,BRL,BRL,BRL,2.8,2,17,0.2,BRL,0.24,0.15,0.07,BRL,0.29,BRL,BRL,BRL,BRL,1.6,12,BRL,207,BRL,BRL,1.4,BRL,8,0.35,3.3,0.03,0.4,BRL,BRL,0.2,BRL,1484,BRL,BRL,BRL,0.8,BRL,BRL,2.61,20,BRL,1.5,0.1,16,6.1,,,,,,,,,,,,,,,,,,,,,,,,,,
34,43013300490000,40.2818,-110.413,Murdock 1-26B5,UT CRC,"TC, TOC, HAWK, ICP",SGS,E240703-038,11053,,,Green River,Base Uteland-Wasatch,2.16,,,,,,7.4,5,4.07,2.8,2.75,0.11,0.38,25.4,0.34,BRL,8,84,617,BRL,0.6,0.6,58,21.9,89,7.5,25,4.59,2.56,1.19,17,5.23,2,4,0.9,BRL,31.1,63,0.37,443,BRL,11,26.7,45,42,7.23,115,BRL,0.6,12,BRL,5.6,2,258,0.7,0.73,0.05,10.7,0.7,0.37,4.07,101,1,26.4,2.6,132,125,,,,,,,,,,,,,,,,,,,,,,,,,,
34,43013300490000,40.2818,-110.413,Murdock 1-26B5,UT CRC,"TC, TOC, HAWK, ICP",SGS,E240703-039,11066,,,Green River,Base Uteland-Wasatch,5.82,2.45,1.1,3.08,0.26,456,6.39,10.5,3.5,2.7,1.69,0.14,2.48,20.2,0.3,BRL,38,82,2461,BRL,0.2,0.3,56.5,11.1,74,6.4,30,3.62,2.15,0.99,15,4.44,1,3,0.73,BRL,29,39,0.33,508,3,10,26,36,18,7.03,101,BRL,5.9,10,2,4.9,2,2044,0.7,0.59,BRL,8.9,1.2,0.32,3.01,77,1,21.1,2.1,82,103,,,,,,,,,,,,,,,,,,,,,,,,,,
34,43013300490000,40.2818,-110.413,Murdock 1-26B5,UT CRC,"TC, TOC, HAWK, ICP",SGS,E240703-040,11076,,,Green River,Base Uteland-Wasatch,2.97,,,,,,6.49,8,2.37,2.5,2.53,0.14,0.13,26.3,0.33,BRL,5,84,442,BRL,0.2,0.3,53.6,8.5,65,5.6,23,4.09,2.44,1.03,14,4.67,1,5,0.82,BRL,28.2,49,0.36,547,BRL,11,25.2,26,14,6.68,94.3,BRL,0.5,10,BRL,4.9,1,191,0.7,0.64,BRL,9.5,0.6,0.35,3.95,88,1,23.5,2.3,80,160,,,,,,,,,,,,,,,,,,,,,,,,,,
34,43013300490000,40.2818,-110.413,Murdock 1-26B5,UT CRC,"TC, TOC, HAWK, ICP",SGS,E240704-001,11086,,,Green River,Base Uteland-Wasatch,0.86,,,,,,8.99,2,3.12,3.4,1.83,0.13,0.03,27.6,0.35,BRL,BRL,93,203,BRL,0.2,0.3,68.8,7.9,102,11,19,4.43,2.53,1.19,21,5.18,2,4,0.89,BRL,36.8,62,0.36,176,BRL,14,33.2,34,8,8.73,161,BRL,0.3,12,BRL,6.2,3,165,0.9,0.72,BRL,13.3,0.9,0.37,3.4,139,2,25.4,2.5,83,115,,,,,,,,,,,,,,,,,,,,,,,,,,
34,43013300490000,40.2818,-110.413,Murdock 1-26B5,UT CRC,"TC, TOC, HAWK, ICP",SGS,E240704-002,11096,,,Green River,Base Uteland-Wasatch,2.17,0.29,,,,,6.33,5,2.38,2.4,1.39,0.11,1.2,24.1,0.31,BRL,10,81,844,BRL,0.3,0.3,60.1,13,71,6.7,19,3.44,2.24,0.87,14,3.82,1,5,0.74,BRL,33.3,42,0.34,225,BRL,12,26.3,31,22,7.54,102,BRL,1.6,9,BRL,4.4,1,199,0.8,0.56,BRL,10.6,0.6,0.33,3.12,97,1,21.1,2.2,130,150,,,,,,,,,,,,,,,,,,,,,,,,,,
34,43013300490000,40.2818,-110.413,Murdock 1-26B5,UT CRC,"TC, TOC, HAWK, ICP",SGS,E240704-003,11175,,,Green River,Base Uteland-Wasatch,2.48,0.44,,,,,7.36,6.2,2.76,2.3,1.92,0.11,1.29,29.8,0.35,BRL,6,91,308,BRL,0.3,0.5,61.6,9.8,77,6.9,21,4.45,2.7,1.07,16,4.8,1,6,0.88,BRL,32.2,51,0.39,471,BRL,13,30.3,30,20,7.9,102,BRL,0.7,11,1,5.6,2,180,0.8,0.65,BRL,11.3,0.7,0.39,3.46,99,1,24.9,2.6,154,178,,,,,,,,,,,,,,,,,,,,,,,,,,
34,43013300490000,40.2818,-110.413,Murdock 1-26B5,UT CRC,"TC, TOC, HAWK, ICP",SGS,E240704-004,11185.5,,,Green River,Base Uteland-Wasatch,3.89,0.85,0.24,0.89,0.42,346,7.11,8.9,3.32,2.4,2.15,0.14,1.82,21.8,0.34,BRL,8,84,377,BRL,0.3,0.6,62.8,10.6,98,7,28,4.12,2.41,1.08,16,4.63,1,3,0.8,BRL,33.6,53,0.33,478,BRL,12,29.2,36,19,7.79,106,BRL,0.9,11,1,5.4,2,259,0.8,0.63,BRL,10.4,0.8,0.34,3.27,94,1,22.9,2.3,139,100,,,,,,,,,,,,,,,,,,,,,,,,,,
34,43013300490000,40.2818,-110.413,Murdock 1-26B5,UT CRC,"TC, TOC, HAWK, ICP",SGS,E240704-005,11195,,,Green River,Base Uteland-Wasatch,1.28,0.68,0.18,0.47,0.21,449,9.39,1.6,3.68,2.8,1.79,0.09,2.11,27.5,0.42,BRL,16,107,785,BRL,0.3,0.6,84.7,13.8,102,8.3,37,4.92,2.96,1.1,22,5.23,2,5,1.01,BRL,46.6,64,0.42,292,8,14,35.1,51,27,9.95,117,BRL,2,13,2,6.2,2,192,1,0.75,0.06,13.1,0.9,0.43,6.87,95,2,27.4,2.8,182,145,,,,,,,,,,,,,,,,,,,,,,,,,,
34,43013300490000,40.2818,-110.413,Murdock 1-26B5,UT CRC,"TC, TOC, HAWK, ICP",SGS,E240704-006,11205,,,Green River,Base Uteland-Wasatch,12.16,5.41,2.08,3.61,0.57,452,2.14,23.6,3.98,0.7,0.85,0.15,4.27,7.5,0.1,BRL,50,33,1261,BRL,0.1,0.8,20.4,18.8,42,2.6,26,1.64,0.99,0.44,6,1.79,BRL,1,0.33,BRL,12,24,0.13,434,17,4,10.6,42,8,2.62,30.6,0.09,2.7,BRL,6,1.9,BRL,358,BRL,0.27,0.12,3.8,1,0.12,14.08,52,BRL,10.1,0.9,132,51.5,,,,,,,,,,,,,,,,,,,,,,,,,,
34,43013300490000,40.2818,-110.413,Murdock 1-26B5,UT CRC,"TC, TOC, HAWK, ICP",SGS,E240704-007,11215,,,Green River,Base Uteland-Wasatch,4.14,0.93,0.25,0.84,0.38,456,6.96,9.2,2.82,2.3,2.73,0.09,1.5,21.8,0.35,BRL,10,93,303,BRL,0.3,0.6,57.1,12.4,79,6.4,30,3.97,2.35,0.87,17,3.97,1,4,0.77,BRL,31.4,58,0.32,456,BRL,12,27.8,35,23,7.02,104,BRL,1,13,2,4.3,2,222,0.8,0.58,BRL,10.2,0.6,0.32,3.38,91,1,21.5,2.3,107,117,,,,,,,,,,,,,,,,,,,,,,,,,,
34,43013300490000,40.2818,-110.413,Murdock 1-26B5,UT CRC,"TC, TOC, HAWK, ICP",SGS,E240704-008,11225,,,Green River,Base Uteland-Wasatch,14.15,6.35,2.57,7.45,0.34,460,2.23,25.69,1.63,0.8,0.92,0.24,1.59,7.7,0.1,BRL,9,28,472,BRL,0.1,0.3,21.3,5.8,48,2.8,17,1.78,0.99,0.53,6,2.11,BRL,1,0.34,BRL,12.5,19,0.12,767,12,4,10.7,17,9,2.54,35.8,0.04,0.3,BRL,4,2.1,BRL,358,BRL,0.3,BRL,3.7,BRL,0.12,3.7,49,BRL,10.2,0.9,106,48.4,,,,,,,,,,,,,,,,,,,,,,,,,,
34,43013300490000,40.2818,-110.413,Murdock 1-26B5,UT CRC,"TC, TOC, HAWK, ICP",SGS,E240704-009,11235,,,Green River,Base Uteland-Wasatch,6.16,2.84,1.28,1.43,0.7,439,4.74,13.5,5.83,1.8,1.26,0.18,5.59,14.4,0.21,BRL,63,58,399,BRL,0.2,1.1,51.1,15.6,73,5.5,36,5.37,2.4,1.63,12,7.89,BRL,2,0.89,BRL,24.3,32,0.26,748,34,8,32.4,51,17,7.28,76.9,BRL,3.9,10,7,7.8,1,260,BRL,1,0.11,7.8,3.4,0.31,15.72,86,1,24.6,2,106,77.9,,,,,,,,,,,,,,,,,,,,,,,,,,
34,43013300490000,40.2818,-110.413,Murdock 1-26B5,UT CRC,"TC, TOC, HAWK, ICP",SGS,E240704-010,11245.8,,,Green River,Base Uteland-Wasatch,2.66,0.27,,,,,6.9,6.7,3.21,2.4,2.53,0.14,1.63,25.8,0.34,BRL,28,93,688,BRL,0.2,0.5,61.6,12.2,100,6.5,31,4.04,2.5,1.01,17,4.55,1,4,0.78,BRL,34.8,55,0.36,461,3,12,30.3,37,22,7.65,108,BRL,1,12,1,5,2,232,0.8,0.64,BRL,10.2,0.6,0.33,3.21,100,2,23.8,2.5,121,149,,,,,,,,,,,,,,,,,,,,,,,,,,
34,43013300490000,40.2818,-110.413,Murdock 1-26B5,UT CRC,"TC, TOC, HAWK, ICP",SGS,E240704-011,11255,,,Green River,Base Uteland-Wasatch,3.59,0.57,0.11,0.45,0.26,461,7.72,7.1,3.3,2.6,3.84,0.15,0.66,22,0.38,BRL,9,89,336,BRL,0.3,0.5,64.9,14,141,7.9,40,3.59,2.23,0.95,20,3.84,2,4,0.73,BRL,37.1,66,0.33,498,4,13,29.3,48,18,7.83,124,BRL,1.9,13,1,4.2,2,181,0.8,0.54,0.11,11.3,0.6,0.33,4.39,112,2,20.8,2.3,124,124,,,,,,,,,,,,,,,,,,,,,,,,,,
34,43013300490000,40.2818,-110.413,Murdock 1-26B5,UT CRC,"TC, TOC, HAWK, ICP",SGS,E240704-012,11265,,,Green River,Base Uteland-Wasatch,1.38,0.3,,,,,8.81,2.6,2.59,2.9,2.52,0.12,0.61,28,0.46,BRL,7,118,1039,BRL,0.3,0.3,70.7,12.4,108,8.8,39,4.53,3.02,0.96,22,4.02,2,8,0.91,BRL,40.1,63,0.45,290,BRL,15,32.8,37,26,8.63,137,BRL,1,14,BRL,4.6,3,385,1.1,0.65,BRL,14,0.7,0.43,3.51,114,2,26.5,3.2,92,269,,,,,,,,,,,,,,,,,,,,,,,,,,
34,43013300490000,40.2818,-110.413,Murdock 1-26B5,UT CRC,"TC, TOC, HAWK, ICP",SGS,E240704-013,11545.5,,,Green River,Base Uteland-Wasatch,2.22,0.6,0.09,0.23,0.25,457,8.01,4.2,3.89,2,2.21,0.07,2.06,26.9,0.4,BRL,29,73,472,BRL,0.5,0.6,73,16.4,82,10.2,56,4.74,2.82,1.22,20,5.12,2,4,0.93,BRL,40.8,77,0.39,428,2,14,35.2,45,27,8.74,116,BRL,2,13,2,5.7,2,182,0.9,0.74,0.05,15.1,0.8,0.39,4.68,147,3,26.9,2.8,155,138,,,,,,,,,,,,,,,,,,,,,,,,,,
34,43013300490000,40.2818,-110.413,Murdock 1-26B5,UT CRC,"TC, TOC, HAWK, ICP",SGS,E240704-014,11555,,,Green River,Base Uteland-Wasatch,6.84,1.25,1.01,2.21,0.46,426,5.29,18.4,1.81,1.4,1.88,0.14,0.76,15.8,0.22,BRL,10,67,739,BRL,0.2,0.4,40.3,7.1,64,5.7,25,2.69,1.67,0.66,13,3.08,1,2,0.55,BRL,23.5,35,0.23,507,BRL,8,19,26,14,4.83,77.7,BRL,1.3,9,1,3.2,1,500,0.6,0.41,BRL,8.2,BRL,0.21,2.51,79,1,15.2,1.7,100,70.9,,,,,,,,,,,,,,,,,,,,,,,,,,
34,43013300490000,40.2818,-110.413,Murdock 1-26B5,UT CRC,"TC, TOC, HAWK, ICP",SGS,E240704-015,11570,,,Green River,Base Uteland-Wasatch,7.23,0.83,0.46,1.19,0.26,432,4.34,21,1.56,1.1,2.11,0.11,0.43,15.9,0.22,BRL,BRL,42,550,BRL,0.2,0.4,38.9,5.3,55,4.2,31,2.89,1.73,0.76,10,3.18,BRL,2,0.56,BRL,21.6,30,0.23,605,BRL,8,19.5,16,10,4.74,60.7,BRL,0.6,7,1,3.4,BRL,690,0.5,0.46,BRL,7.2,BRL,0.24,2.11,63,1,16.4,1.6,80,77.7,,,,,,,,,,,,,,,,,,,,,,,,,,
34,43013300490000,40.2818,-110.413,Murdock 1-26B5,UT CRC,"TC, TOC, HAWK, ICP",SGS,E240704-016,11585,,,Green River,Base Uteland-Wasatch,7.39,2.95,1.81,5,0.34,445,6.42,11.7,2.27,1.8,3.85,0.11,1.35,18.1,0.27,BRL,11,72,721,BRL,0.2,0.5,47.9,9.1,71,7.1,31,2.67,1.68,0.66,17,3.02,1,3,0.53,BRL,27.5,34,0.24,393,3,11,21.9,29,17,5.72,99.3,BRL,1,10,2,3.4,2,420,0.7,0.41,BRL,10.1,0.7,0.25,3,93,1,14.7,1.7,94,90.1,,,,,,,,,,,,,,,,,,,,,,,,,,
34,43013300490000,40.2818,-110.413,Murdock 1-26B5,UT CRC,"TC, TOC, HAWK, ICP",SGS,E240704-017,11599,,,Green River,Base Uteland-Wasatch,3.84,0.81,0.25,1.06,0.49,347,7.04,9.2,3.78,1.6,1.72,0.1,2.21,21.8,0.33,BRL,BRL,69,965,BRL,0.4,0.4,62.8,15.2,76,9.5,44,3.99,2.34,1.03,18,4.52,2,3,0.81,BRL,35.2,60,0.34,531,BRL,12,30.5,40,29,7.52,104,BRL,1.4,12,2,5,2,301,0.8,0.62,0.06,13.2,0.7,0.34,3.33,124,2,23.4,2.4,152,102,,,,,,,,,,,,,,,,,,,,,,,,,,
34,43013300490000,40.2818,-110.413,Murdock 1-26B5,UT CRC,"TC, TOC, HAWK, ICP",SGS,E240704-018,11606,,,Green River,Base Uteland-Wasatch,5.71,1.22,0.9,2.12,0.39,357,6.11,14.9,2.57,1.6,1.45,0.12,1.35,18.9,0.23,BRL,13,69,1339,BRL,0.3,0.5,44.8,9,68,7.6,43,3.09,1.82,0.75,15,3.18,1,2,0.61,BRL,25.7,45,0.27,383,3,8,21.6,33,17,5.44,93.2,BRL,1.5,10,2,3.6,1,368,0.5,0.48,0.05,9.7,0.7,0.25,3.72,101,1,17.2,1.8,184,76.9,,,,,,,,,,,,,,,,,,,,,,,,,,
34,43013300490000,40.2818,-110.413,Murdock 1-26B5,UT CRC,"TC, TOC, HAWK, ICP",SGS,E240704-019,11615,,,Green River,Base Uteland-Wasatch,4.64,1.23,0.44,1.68,0.31,445,5.95,14.6,2.55,1.5,1.42,0.12,1.39,18.6,0.23,BRL,13,70,1326,BRL,0.3,0.5,44,9,65,7.5,40,2.97,1.77,0.81,15,3.29,1,2,0.57,BRL,25.4,44,0.25,377,3,8,21.7,35,17,5.42,92.7,BRL,1.4,10,1,3.7,1,359,0.6,0.46,BRL,9.6,0.6,0.25,3.71,103,1,17.6,1.8,180,77.8,,,,,,,,,,,,,,,,,,,,,,,,,,
34,43013300490000,40.2818,-110.413,Murdock 1-26B5,UT CRC,"TC, TOC, HAWK, ICP",SGS,E240704-020,11627,,,Green River,Base Uteland-Wasatch,5.53,0.96,0.48,1.67,0.28,343,6.02,14.7,1.97,1.7,1.53,0.15,0.79,18.6,0.25,BRL,33,71,947,BRL,0.2,0.5,48.6,12.8,67,7.7,30,3.21,1.94,0.97,16,3.56,1,3,0.61,BRL,27.9,34,0.28,604,5,10,22.8,50,15,5.9,104,BRL,1.3,10,4,3.9,1,368,0.6,0.5,0.06,9.9,0.6,0.27,5.71,85,2,18.2,2,154,91.2,,,,,,,,,,,,,,,,,,,,,,,,,,
34,43013300490000,40.2818,-110.413,Murdock 1-26B5,UT CRC,"TC, TOC, HAWK, ICP",SGS,E240704-021,11632,,,Green River,Base Uteland-Wasatch,3.8,1.26,0.47,1.28,0.3,446,7.32,7.5,3.16,1.8,1.74,0.1,1.81,23.3,0.32,BRL,19,72,1134,BRL,0.5,0.5,65.8,13.6,78,10.4,47,3.98,2.35,0.92,19,4.4,1,3,0.79,BRL,35.9,55,0.34,790,2,12,31.7,42,27,7.89,115,BRL,1.4,13,BRL,5.3,2,261,0.7,0.6,0.07,13.9,0.8,0.36,3.23,131,2,22.1,2.4,185,98.4,,,,,,,,,,,,,,,,,,,,,,,,,,
34,43013300490000,40.2818,-110.413,Murdock 1-26B5,UT CRC,"TC, TOC, HAWK, ICP",SGS,E240704-022,11640,,,Green River,Base Uteland-Wasatch,8.86,2.32,1.28,3.1,0.34,449,4.34,21,1.72,1.4,1.64,0.11,1.05,13,0.2,BRL,12,56,506,BRL,0.1,0.4,33,6.5,54,4.9,20,2.13,1.3,0.56,11,2.31,BRL,2,0.43,BRL,19,26,0.19,761,3,8,15.4,23,11,3.95,73.2,BRL,0.8,7,1,2.6,1,459,BRL,0.34,BRL,6.6,BRL,0.19,2.2,67,1,12.2,1.4,131,76.4,,,,,,,,,,,,,,,,,,,,,,,,,,
34,43013300490000,40.2818,-110.413,Murdock 1-26B5,UT CRC,"TC, TOC, HAWK, ICP",SGS,E240704-023,11650.5,,,Green River,Base Uteland-Wasatch,2.55,1.08,0.28,1.02,0.29,450,9.11,4.4,2.47,2.6,1.76,0.08,1.15,27,0.43,BRL,9,87,362,BRL,0.4,0.5,88.2,10.5,79,12.7,45,4.66,2.92,1.05,23,4.8,2,4,0.94,BRL,49.3,53,0.41,345,BRL,15,41,32,28,10.42,145,BRL,1.7,15,BRL,6,2,265,1,0.7,0.06,17.4,0.9,0.42,4.38,150,3,27.2,3,111,139,,,,,,,,,,,,,,,,,,,,,,,,,,
34,43013300490000,40.2818,-110.413,Murdock 1-26B5,UT CRC,"TC, TOC, HAWK, ICP",SGS,E240704-024,11662,,,Green River,Base Uteland-Wasatch,4.78,0.59,0.24,0.76,0.57,357,6.61,12.6,2.88,2.2,2.22,0.14,1.5,19.4,0.29,BRL,15,95,394,BRL,0.3,0.8,49.6,11.6,89,7.5,35,2.9,1.73,0.75,16,3.07,1,3,0.59,BRL,28.5,36,0.27,470,5,10,22.7,38,16,6.06,113,BRL,1.5,11,1,3.7,2,356,0.6,0.45,0.05,9.5,0.8,0.25,2.95,97,1,16.6,1.9,124,99.4,,,,,,,,,,,,,,,,,,,,,,,,,,
34,43013300490000,40.2818,-110.413,Murdock 1-26B5,UT CRC,"TC, TOC, HAWK, ICP",SGS,E240704-025,11673.5,,,Green River,Base Uteland-Wasatch,4.72,0.47,0.18,0.89,0.34,348,6.16,11.5,1.73,2,2.66,0.11,0.31,20.3,0.24,BRL,BRL,80,697,BRL,0.2,0.4,46.9,5.5,73,7.9,27,3.2,2.04,0.79,16,3.39,1,3,0.62,BRL,26.7,40,0.27,385,BRL,9,22.8,23,13,5.75,112,BRL,0.6,11,BRL,3.7,1,258,0.6,0.49,BRL,9.6,0.6,0.28,2.71,99,1,19.3,2,197,85.5,,,,,,,,,,,,,,,,,,,,,,,,,,
34,43013300490000,40.2818,-110.413,Murdock 1-26B5,UT CRC,"TC, TOC, HAWK, ICP",SGS,E240704-026,11687,,,Green River,Base Uteland-Wasatch,1.57,0.49,0.06,0.29,0.27,459,8.57,2.3,2.48,2.4,2.08,0.06,0.18,28.2,0.4,BRL,BRL,88,407,BRL,0.4,0.3,92.7,12.6,90,12.8,43,4.3,2.81,0.98,22,4.09,2,4,0.85,BRL,51.5,73,0.41,273,BRL,15,43.3,39,22,11.13,142,BRL,1.6,14,3,6.1,2,244,0.9,0.63,0.08,16.1,0.9,0.39,3.8,170,3,24.4,2.8,81,141,,,,,,,,,,,,,,,,,,,,,,,,,,
34,43013300490000,40.2818,-110.413,Murdock 1-26B5,UT CRC,"TC, TOC, HAWK, ICP",SGS,E240704-027,11698,,,Green River,Base Uteland-Wasatch,7.49,3,2.85,6.71,0.44,443,5.76,12.8,2.89,2,2.04,0.11,1.2,18.3,0.26,BRL,8,68,585,BRL,0.3,0.4,47.3,8.3,65,7.3,28,3,1.8,0.76,15,3.18,1,3,0.56,BRL,27.5,28,0.25,987,2,10,21.5,29,14,5.58,107,BRL,1.1,9,1,3.6,1,459,0.6,0.43,BRL,9.7,0.7,0.25,2.8,91,2,16.4,1.8,173,88.2,,,,,,,,,,,,,,,,,,,,,,,,,,
34,43013300490000,40.2818,-110.413,Murdock 1-26B5,UT CRC,"TC, TOC, HAWK, ICP",SGS,E240704-028,11714,,,Green River,Base Uteland-Wasatch,0.77,0.5,0.1,0.29,0.22,470,7.55,1,2.2,2,1.03,0.07,0.09,31.84,0.36,BRL,BRL,81,2239,BRL,0.9,0.3,78.9,10.1,85,9.5,48,4.11,2.53,1.03,19,4.35,2,6,0.82,BRL,43.9,60,0.41,133,3,14,35.4,35,23,9.23,116,BRL,0.8,11,BRL,5.2,2,261,0.9,0.64,0.06,14.4,0.7,0.38,4.22,140,3,24.4,2.6,115,235,,,,,,,,,,,,,,,,,,,,,,,,,,
34,43013300490000,40.2818,-110.413,Murdock 1-26B5,UT CRC,"TC, TOC, HAWK, ICP",SGS,E240704-029,11856,,,Green River,Base Uteland-Wasatch,2.96,0.55,0.11,0.33,0.33,341,6.56,6.1,3.12,1.8,2.61,0.07,0.04,25.4,0.36,BRL,BRL,74,611,BRL,0.5,0.6,69.3,9.6,76,8.5,56,4.27,2.72,1.07,17,4.55,2,4,0.82,BRL,38.2,58,0.36,391,BRL,13,33.5,35,47,8.4,107,BRL,0.7,12,BRL,5.1,2,196,0.8,0.64,0.09,13.6,0.6,0.37,2.73,129,2,25.1,2.5,236,137,,,,,,,,,,,,,,,,,,,,,,,,,,
34,43013300490000,40.2818,-110.413,Murdock 1-26B5,UT CRC,"TC, TOC, HAWK, ICP",SGS,E240704-030,11870,,,Green River,Base Uteland-Wasatch,4.59,0.65,0.31,0.92,0.44,345,6.08,11.5,2.38,1.9,2.24,0.29,0.35,20.4,0.27,BRL,100,68,499,BRL,0.2,0.9,59.1,17.6,121,7.8,28,4.47,2.34,1.51,16,5.99,1,3,0.82,BRL,34.6,35,0.3,560,8,10,30,69,19,7.27,108,BRL,1.7,11,3,6,1,395,0.6,0.77,0.05,9.6,0.9,0.32,4.71,103,2,25.2,2.1,208,95.1,,,,,,,,,,,,,,,,,,,,,,,,,,
34,43013300490000,40.2818,-110.413,Murdock 1-26B5,UT CRC,"TC, TOC, HAWK, ICP",SGS,E240704-031,11885,,,Green River,Base Uteland-Wasatch,6.45,1.36,1.07,2.62,0.33,437,4.88,16,1.67,1.6,1.36,0.1,0.8,17.6,0.2,BRL,8,59,578,BRL,0.2,0.5,43,5.8,54,7.1,30,2.87,1.78,0.73,13,3.06,1,2,0.54,BRL,24.3,22,0.23,479,2,8,20.8,25,13,5.29,93.2,BRL,1,8,2,3.4,1,342,0.5,0.45,BRL,8.5,0.6,0.24,2.94,86,1,16.4,1.6,141,71.1,,,,,,,,,,,,,,,,,,,,,,,,,,
34,43013300490000,40.2818,-110.413,Murdock 1-26B5,UT CRC,"TC, TOC, HAWK, ICP",SGS,E240704-032,11900,,,Green River,Base Uteland-Wasatch,2.93,0.7,0.17,0.47,0.38,344,7.13,5.5,4.23,2,2.42,0.07,2.78,24.2,0.34,BRL,21,81,634,BRL,0.4,0.6,62.7,20.2,80,10.9,46,3.2,2.06,0.69,19,2.98,2,3,0.63,BRL,36,50,0.31,387,3,13,27.6,58,37,7.47,121,BRL,2.8,13,BRL,3.8,2,208,0.8,0.45,0.09,14.7,0.8,0.31,2.71,151,2,18.2,2.2,191,110,,,,,,,,,,,,,,,,,,,,,,,,,,
34,43013300490000,40.2818,-110.413,Murdock 1-26B5,UT CRC,"TC, TOC, HAWK, ICP",SGS,E240704-033,11915,,,Green River,Base Uteland-Wasatch,4.88,1.21,0.51,0.99,0.35,448,5.79,11,3.65,1.7,1.85,0.1,1.86,21.2,0.28,BRL,58,70,1379,BRL,0.5,0.5,58.7,11.2,72,8.4,41,3.73,2.15,1,15,4.29,1,3,0.69,BRL,32.2,49,0.29,635,11,10,28.8,37,28,7.08,98.1,BRL,1.9,10,BRL,4.9,1,423,0.7,0.6,0.07,11.8,0.8,0.3,3.49,118,2,20.9,2.1,151,99.1,,,,,,,,,,,,,,,,,,,,,,,,,,
34,43013300490000,40.2818,-110.413,Murdock 1-26B5,UT CRC,"TC, TOC, HAWK, ICP",SGS,E240704-034,12085,,,Green River,Base Uteland-Wasatch,3,0.76,0.19,0.66,0.4,345,7.18,5.6,3.28,2.2,2.26,0.08,0.69,23.8,0.36,BRL,BRL,85,18600,BRL,0.4,0.4,65.7,15.4,78,9.3,36,4.41,2.66,1.42,17,4.8,2,4,0.91,BRL,34.2,64,0.41,445,BRL,12,31.8,43,25,8.62,112,BRL,3.1,12,1,5.7,2,253,0.8,0.72,0.08,12.8,0.7,0.4,3.56,140,2,25.1,2.6,154,121,,,,,,,,,,,,,,,,,,,,,,,,,,
34,43013300490000,40.2818,-110.413,Murdock 1-26B5,UT CRC,"TC, TOC, HAWK, ICP",SGS,E240704-035,12100,,,Green River,Base Uteland-Wasatch,7.49,0.48,0.16,0.45,0.35,348,3.84,22.9,1.48,1.4,1.26,0.11,0.91,12.8,0.15,BRL,7,47,523,BRL,0.6,0.3,29.4,9,46,5.3,25,2.06,1.22,0.57,9,2.24,BRL,2,0.4,BRL,16.7,18,0.16,645,3,6,14.4,30,14,3.64,76.8,BRL,0.8,6,BRL,2.5,1,382,BRL,0.34,0.05,6,0.5,0.17,1.45,60,2,12.4,1.2,110,52.6,,,,,,,,,,,,,,,,,,,,,,,,,,
34,43013300490000,40.2818,-110.413,Murdock 1-26B5,UT CRC,"TC, TOC, HAWK, ICP",SGS,E240704-036,12115,,,Green River,Base Uteland-Wasatch,9.3,0.5,0.3,0.46,0.37,452,6.72,7.1,5.22,2.4,2.38,0.11,4.06,21.8,0.33,BRL,52,94,1283,BRL,0.3,1.3,66.2,23.4,80,6.9,37,4.05,2.53,1.04,17,4.28,1,4,0.82,BRL,35.6,49,0.36,549,14,12,33.8,52,24,8.41,111,0.03,1.3,12,1,5.5,2,248,0.8,0.64,BRL,10.9,1.1,0.35,3.24,100,2,23.8,2.4,220,121,,,,,,,,,,,,,,,,,,,,,,,,,,
34,43013300490000,40.2818,-110.413,Murdock 1-26B5,UT CRC,"TC, TOC, HAWK, ICP",SGS,E240704-037,12128,,,Green River,Base Uteland-Wasatch,2.39,0.47,0.82,1.67,0.3,419,2.37,28.42,0.92,0.9,0.94,0.07,0.38,8.2,0.1,BRL,9,33,350,BRL,0.2,0.3,21.8,4.5,28,3.2,14,2,1.06,0.73,6,2.52,BRL,1,0.4,BRL,12.1,12,0.14,1183,2,3,11.6,11,10,2.97,44.1,BRL,0.8,BRL,BRL,2.7,BRL,420,BRL,0.35,BRL,4.2,BRL,0.16,1.59,44,BRL,11.4,1,32,34.8,,,,,,,,,,,,,,,,,,,,,,,,,,
34,43013300490000,40.2818,-110.413,Murdock 1-26B5,UT CRC,"TC, TOC, HAWK, ICP",SGS,E240704-038,12144,,,Green River,Base Uteland-Wasatch,2.95,0.39,,,,,6.79,7.2,5.23,2.4,2.42,0.11,4.04,22.4,0.33,BRL,52,91,1305,BRL,0.3,1.4,66.1,23.3,84,6.9,37,4.17,2.53,1.06,17,4.37,1,4,0.81,BRL,36.1,51,0.36,552,14,12,33.9,56,22,8.36,113,0.02,1.4,13,1,5.5,2,250,0.8,0.63,0.05,10.7,1,0.35,3.18,103,2,23.5,2.5,228,119,,,,,,,,,,,,,,,,,,,,,,,,,,
34,43013300490000,40.2818,-110.413,Murdock 1-26B5,UT CRC,"TC, TOC, HAWK, ICP",SGS,E240704-039,12160,,,Green River,Base Uteland-Wasatch,1.73,0.54,1,1.26,0.24,425,3.88,3.4,1.12,1,0.63,0.03,0.1,35.25,0.09,BRL,BRL,30,3776,BRL,BRL,BRL,21.2,3.7,46,2,BRL,1.61,0.87,0.57,7,1.97,1,2,0.32,BRL,11.6,21,0.12,223,BRL,4,10.1,22,10,2.73,44.2,BRL,0.4,BRL,BRL,2.1,BRL,385,BRL,0.28,BRL,3.1,BRL,0.13,1.09,42,BRL,8.9,0.8,27,53.2,,,,,,,,,,,,,,,,,,,,,,,,,,
34,43013300490000,40.2818,-110.413,Murdock 1-26B5,UT CRC,"TC, TOC, HAWK, ICP",SGS,E240704-040,12177.5,,,Green River,Base Uteland-Wasatch,4.19,1.71,0.24,0.59,0.42,459,6.98,6.9,4.66,2.5,2.33,0.08,3.48,23.7,0.32,BRL,41,84,489,BRL,0.5,1,65.8,15.3,93,10.6,57,4.79,2.82,1.33,17,5.68,2,3,0.89,BRL,36.8,51,0.36,640,5,11,33.1,56,34,8.08,123,BRL,5.7,13,2,6.1,2,205,0.7,0.79,0.14,12.8,1.2,0.38,9.9,157,2,27.3,2.7,211,98.3,,,,,,,,,,,,,,,,,,,,,,,,,,
