# delta,gap,coarse,fine
0.000000000000000000e+00,0.000000000000000000e+00,6.738325041757575740e-02,1.062840351162857855e-01
2.000000000000000042e-03,2.664535259100375697e-15,3.620558845439998952e-01,8.654088311309665604e-02
4.000000000000000083e-03,1.776356839400250465e-15,2.864963320567249783e-01,8.484487530132274469e-02
6.000000000000000125e-03,2.664535259100375697e-15,4.790929769166207830e-01,8.395841300448690647e-02
8.000000000000000167e-03,1.776356839400250465e-15,3.253135540291434147e-01,1.294306434623933300e-01
1.000000000000000021e-02,0.000000000000000000e+00,3.208799664102030547e-01,1.452530172723441038e-01
1.200000000000000025e-02,2.664535259100375697e-15,7.675414423785581475e-02,1.755668869025503454e-01
1.400000000000000029e-02,4.440892098500626162e-15,4.206384902511334789e-01,1.242901007084018516e-01
1.600000000000000033e-02,6.217248937900876626e-15,1.758132364268633063e-01,1.034020226051609592e-01
1.800000000000000211e-02,0.000000000000000000e+00,3.941155438522574161e-02,8.560150189729351378e-02
2.000000000000000042e-02,1.776356839400250465e-15,3.863166587462461554e-01,9.569015630062135958e-02
2.199999999999999872e-02,2.664535259100375697e-15,1.269570101958353014e-01,4.635925678298664226e-02
2.400000000000000050e-02,6.217248937900876626e-15,2.684180809476313656e-01,1.581970956955069396e-01
2.600000000000000228e-02,0.000000000000000000e+00,1.271339159975942712e-01,1.047837315662131508e-01
2.800000000000000058e-02,8.881784197001252323e-16,2.779394699152200610e-01,1.550648596889989961e-01
2.999999999999999889e-02,0.000000000000000000e+00,2.562214392774246272e-02,1.357281167421035550e-01
3.200000000000000067e-02,2.664535259100375697e-15,3.226276297971427121e-01,8.283827588878411863e-02
3.400000000000000244e-02,8.881784197001252323e-16,2.642143277214226149e-01,1.269297976391579597e-01
3.600000000000000422e-02,3.552713678800500929e-15,2.049239232417473244e-01,1.530313587115448848e-01
3.799999999999999906e-02,1.776356839400250465e-15,2.201926067602893167e-01,1.376681401574917640e-01
4.000000000000000083e-02,8.881784197001252323e-16,5.843429323477813964e-02,7.637566939676450339e-02
4.200000000000000261e-02,8.881784197001252323e-16,2.122046914984621335e-01,1.308699209581568046e-01
4.399999999999999745e-02,8.881784197001252323e-16,2.944991901279864210e-01,1.037549081842805837e-01
4.599999999999999922e-02,8.881784197001252323e-16,6.565740434287538341e-02,1.333640578062691706e-01
4.800000000000000100e-02,1.776356839400250465e-15,1.725789435066463762e-01,1.085359767128763891e-01
5.000000000000000278e-02,0.000000000000000000e+00,1.078176370991431182e-01,1.581553148689580079e-01
5.200000000000000455e-02,0.000000000000000000e+00,3.708454418319068746e-01,9.698679706406895806e-02
5.399999999999999939e-02,2.664535259100375697e-15,3.944239917026128306e-01,7.610467855097623191e-02
5.600000000000000117e-02,3.552713678800500929e-15,1.301284268626704821e-01,1.187613623244894306e-01
5.800000000000000294e-02,2.664535259100375697e-15,2.186770586787140092e-01,6.738436102146030948e-02
5.999999999999999778e-02,6.217248937900876626e-15,3.462603873817945987e-01,7.822336613059473198e-02
6.199999999999999956e-02,8.881784197001252323e-16,4.485322430623662343e-02,1.461758277053310517e-01
6.400000000000000133e-02,5.329070518200751394e-15,4.827106337295668514e-01,8.097229254509663576e-02
6.600000000000000311e-02,1.776356839400250465e-15,2.163872741702917504e-02,1.316470273109892619e-01
6.800000000000000488e-02,3.552713678800500929e-15,2.412414287032859095e-01,1.319566729133596628e-01
7.000000000000000666e-02,1.776356839400250465e-15,2.429380875176077870e-01,1.281077097338431114e-01
7.200000000000000844e-02,6.217248937900876626e-15,1.431285245824611418e-01,1.486327490407690632e-01
7.399999999999999634e-02,1.776356839400250465e-15,2.444093922001032079e-02,1.098027016568142861e-01
7.599999999999999811e-02,8.881784197001252323e-16,6.677764686857795562e-02,7.092906889457291364e-02
7.799999999999999989e-02,8.881784197001252323e-16,2.628258263842724318e-01,9.703973317811012689e-02
8.000000000000000167e-02,4.440892098500626162e-15,1.194725153951113478e-01,1.017800218642592458e-01
8.200000000000000344e-02,1.776356839400250465e-15,9.613581380162360135e-02,1.681547157056599573e-01
8.400000000000000522e-02,8.881784197001252323e-16,1.727752710314409690e-01,1.449585228562940142e-01
8.600000000000000699e-02,3.552713678800500929e-15,1.628155212394215845e-01,1.328219105710564951e-01
8.799999999999999489e-02,8.881784197001252323e-16,4.036916661369270298e-01,4.171673469823832664e-02
8.999999999999999667e-02,4.440892098500626162e-15,2.636930385342684535e-01,1.304049878741828095e-01
9.199999999999999845e-02,4.440892098500626162e-15,7.712258557077524002e-02,1.543655341657002855e-01
9.400000000000000022e-02,5.329070518200751394e-15,1.132835838610498219e-01,1.372943965587546111e-01
9.600000000000000200e-02,1.776356839400250465e-15,1.714012179175718187e-01,7.693985211443228611e-02
9.800000000000000377e-02,2.664535259100375697e-15,3.912294258735217745e-01,1.125202346682833282e-01
1.000000000000000056e-01,0.000000000000000000e+00,3.398228796412868236e-01,1.344781029296879815e-01
1.020000000000000073e-01,8.881784197001252323e-16,2.219392114319884701e-01,1.320949689992322318e-01
1.040000000000000091e-01,6.217248937900876626e-15,6.906213975726528675e-02,1.113687719465820680e-01
1.059999999999999970e-01,3.552713678800500929e-15,1.588868037823168711e-01,1.074298615845266647e-01
1.079999999999999988e-01,0.000000000000000000e+00,1.680097987611104682e-01,6.519658338789559304e-02
1.100000000000000006e-01,2.664535259100375697e-15,3.249174749062660322e-02,1.512903492777199210e-01
1.120000000000000023e-01,3.552713678800500929e-15,1.486526033759067722e-01,6.010572537902909157e-02
1.140000000000000041e-01,2.664535259100375697e-15,1.292785706647504307e-01,1.179280409814749686e-01
1.160000000000000059e-01,2.664535259100375697e-15,1.450640890482140233e-01,1.062010178554900763e-01
1.180000000000000077e-01,3.552713678800500929e-15,8.388631287265972680e-02,1.575899126539756778e-01
1.199999999999999956e-01,1.776356839400250465e-15,8.773975615993410970e-02,1.148300795966794435e-01
1.219999999999999973e-01,1.776356839400250465e-15,2.789790960309647058e-02,1.097467832346527145e-01
1.239999999999999991e-01,4.440892098500626162e-15,7.251538007411771625e-02,7.214892974516291801e-02
1.260000000000000009e-01,4.440892098500626162e-15,5.891340727899388452e-02,1.591977805865998075e-01
1.280000000000000027e-01,1.776356839400250465e-15,1.835646470086102211e-01,7.863484965646981573e-02
1.300000000000000044e-01,6.217248937900876626e-15,1.463094126447317678e-01,9.095724841767593993e-02
1.320000000000000062e-01,8.881784197001252323e-16,1.770583363328406268e-01,1.318518946642333045e-01
1.340000000000000080e-01,6.217248937900876626e-15,5.430150728259409282e-02,1.043476962889046677e-01
1.360000000000000098e-01,4.440892098500626162e-15,1.339183574995833348e-01,9.751922342199330351e-02
1.380000000000000115e-01,5.329070518200751394e-15,2.502418117878442150e-01,1.409080991394605908e-01
1.400000000000000133e-01,1.776356839400250465e-15,1.620131969671082528e-01,7.488821434842753144e-02
1.420000000000000151e-01,4.440892098500626162e-15,2.096528326799774467e-01,1.370942002703585683e-01
1.440000000000000169e-01,6.217248937900876626e-15,2.670135846288331227e-01,8.840795905724901926e-02
1.459999999999999909e-01,1.776356839400250465e-15,9.084302282797347694e-02,1.238665916353241803e-01
1.479999999999999927e-01,2.664535259100375697e-15,1.254150572170569522e-01,1.165863993496374096e-01
1.499999999999999944e-01,1.776356839400250465e-15,1.804803779562579591e-01,6.882345622924607165e-02
1.519999999999999962e-01,6.217248937900876626e-15,4.465365638518766223e-01,8.157532797579572503e-02
1.539999999999999980e-01,0.000000000000000000e+00,2.005111349557050782e-01,1.484572770813382958e-01
1.559999999999999998e-01,8.881784197001252323e-16,1.307433674158280379e-01,1.165335904608784945e-01
1.580000000000000016e-01,2.664535259100375697e-15,2.114964090144413611e-01,4.916210972272370971e-02
1.600000000000000033e-01,8.881784197001252323e-16,2.096180078258838841e-01,1.426405859465758597e-01
1.620000000000000051e-01,5.329070518200751394e-15,1.686537091837551905e-02,9.312743037897107390e-02
1.640000000000000069e-01,0.000000000000000000e+00,8.522320779557775172e-02,1.131898203919511625e-01
1.660000000000000087e-01,1.776356839400250465e-15,5.702429448317605787e-02,8.495737079920019641e-02
1.680000000000000104e-01,2.664535259100375697e-15,9.343884992566608982e-02,8.409695425592193796e-02
1.700000000000000122e-01,3.552713678800500929e-15,1.407943982740323119e-01,1.343429400070958735e-01
1.720000000000000140e-01,8.881784197001252323e-16,1.775788360154261503e-01,7.357016195315181639e-02
1.740000000000000158e-01,2.664535259100375697e-15,2.745073967906775936e-01,8.419538596625525395e-02
1.759999999999999898e-01,2.664535259100375697e-15,2.187530173927390020e-01,9.126709536634641795e-02
1.779999999999999916e-01,4.440892098500626162e-15,2.690055003678227252e-01,1.100740651336559184e-01
1.799999999999999933e-01,5.329070518200751394e-15,2.624556245195992787e-02,1.086992527599762726e-01
1.819999999999999951e-01,2.664535259100375697e-15,3.094052858514126370e-02,1.022039443868112824e-01
1.839999999999999969e-01,3.552713678800500929e-15,9.603436838636010553e-02,1.014949170487439017e-01
1.859999999999999987e-01,1.776356839400250465e-15,8.366321807379550890e-02,1.262901452632122501e-01
1.880000000000000004e-01,6.217248937900876626e-15,3.566906626389737545e-02,1.470771463323302664e-01
1.900000000000000022e-01,3.552713678800500929e-15,2.366995765271089347e-01,1.177722356749069110e-01
1.920000000000000040e-01,1.776356839400250465e-15,3.492466538213419014e-01,8.598589122141739316e-02
1.940000000000000058e-01,8.881784197001252323e-16,2.455380833429400000e-01,1.072780390920071159e-01
1.960000000000000075e-01,2.664535259100375697e-15,8.684053607146385856e-02,7.493423439073362835e-02
1.980000000000000093e-01,3.552713678800500929e-15,2.382725413089553657e-02,1.560444213534944169e-01
2.000000000000000111e-01,8.881784197001252323e-16,6.723358233352801083e-02,8.680646789666794649e-02
2.020000000000000129e-01,8.881784197001252323e-16,3.320370037908443872e-01,8.166991773563725410e-02
2.040000000000000147e-01,1.776356839400250465e-15,9.954193632391504509e-02,1.183888625230208741e-01
2.060000000000000164e-01,1.776356839400250465e-15,1.899041369704088378e-01,1.018214028587561132e-01
2.080000000000000182e-01,2.664535259100375697e-15,5.051686953532760066e-02,1.342306384934062458e-01
2.099999999999999922e-01,4.440892098500626162e-15,1.093839895006686880e-01,7.742794005149727932e-02
2.119999999999999940e-01,0.000000000000000000e+00,4.564643699803783844e-02,1.391151018740722778e-01
2.139999999999999958e-01,8.881784197001252323e-16,1.409708668852689140e-01,4.017710940204799464e-02
2.159999999999999976e-01,8.881784197001252323e-16,2.507218287954889324e-01,1.112766331259485569e-01
2.179999999999999993e-01,2.664535259100375697e-15,1.050566581308922248e-01,9.464762248732275229e-02
2.200000000000000011e-01,2.664535259100375697e-15,4.490367293616372851e-02,1.029321992931063051e-01
2.220000000000000029e-01,5.329070518200751394e-15,7.736022914196831468e-02,1.239302125519664149e-01
2.240000000000000047e-01,5.329070518200751394e-15,2.331018179452790384e-01,8.406904861927247397e-02
2.260000000000000064e-01,0.000000000000000000e+00,4.851559748273649997e-01,5.250134273786385281e-02
2.280000000000000082e-01,2.664535259100375697e-15,1.554895276425873329e-01,1.259932829168706470e-01
2.300000000000000100e-01,5.329070518200751394e-15,4.135388402583934364e-01,9.364627034651169801e-02
2.320000000000000118e-01,1.776356839400250465e-15,1.263635320000879581e-01,1.302658843607417682e-01
2.340000000000000135e-01,3.552713678800500929e-15,1.439499180754983954e-01,4.316976309214179408e-02
2.360000000000000153e-01,3.552713678800500929e-15,5.062371312587020666e-01,4.888419893466149080e-02
2.380000000000000171e-01,4.440892098500626162e-15,2.188195286342186352e-01,1.167910088022289378e-01
2.399999999999999911e-01,1.065814103640150279e-14,4.692723830198180512e-01,6.779389543488451020e-02
2.419999999999999929e-01,0.000000000000000000e+00,2.734181259509682604e-01,6.014401135851763641e-02
2.439999999999999947e-01,1.776356839400250465e-15,1.843492734784417941e-01,7.134777209403797560e-02
2.459999999999999964e-01,3.552713678800500929e-15,2.546683041764528643e-01,1.135581459359666368e-01
2.479999999999999982e-01,8.881784197001252323e-15,1.584439182721551764e-01,8.009987216435444923e-02
2.500000000000000000e-01,0.000000000000000000e+00,1.657112826184344023e-01,1.255061618152827352e-01
2.520000000000000018e-01,0.000000000000000000e+00,1.010135711372857764e-01,8.775600324310930955e-02
2.540000000000000036e-01,5.329070518200751394e-15,4.876484211242615441e-01,5.216183172474429808e-02
2.560000000000000053e-01,3.552713678800500929e-15,2.415366729986201388e-01,1.033793597045323392e-01
2.580000000000000071e-01,7.105427357601001859e-15,2.048119802942706402e-01,1.013426970571575936e-01
2.600000000000000089e-01,5.329070518200751394e-15,1.630326084299897615e-01,7.697576971853085925e-02
2.620000000000000107e-01,0.000000000000000000e+00,9.984320526009926589e-02,9.397155504637924595e-02
2.640000000000000124e-01,2.664535259100375697e-15,2.304430664290207098e-01,6.495326902634558641e-02
2.660000000000000142e-01,5.329070518200751394e-15,4.225684567545684445e-03,8.057862560033025867e-02
2.680000000000000160e-01,6.217248937900876626e-15,5.754484770113682535e-01,4.395116951636524744e-02
2.700000000000000178e-01,6.217248937900876626e-15,1.071118548386289643e-01,1.128402504870825301e-01
2.720000000000000195e-01,2.664535259100375697e-15,5.726924080815998241e-02,5.178174003160958272e-02
2.740000000000000213e-01,1.776356839400250465e-15,1.061011151123943258e-01,1.161807368048126260e-01
2.760000000000000231e-01,3.552713678800500929e-15,4.341662884861226535e-01,7.251360244805253596e-02
2.780000000000000249e-01,3.552713678800500929e-15,4.056886235333913571e-01,5.835567158760074369e-02
2.800000000000000266e-01,2.664535259100375697e-15,1.602915186283439264e-01,1.004152239069619895e-01
2.820000000000000284e-01,3.552713678800500929e-15,3.347625157783735705e-01,4.104848045888236097e-02
2.840000000000000302e-01,2.664535259100375697e-15,1.678926347995824131e-01,7.703329365668230844e-02
2.860000000000000320e-01,7.105427357601001859e-15,1.684870201506162221e-02,1.191659990527820651e-01
2.880000000000000338e-01,9.769962616701377556e-15,2.249339190010077039e-01,1.044191807389973498e-01
2.899999999999999800e-01,1.776356839400250465e-15,4.693914318567353194e-01,6.120169258732924278e-02
2.919999999999999818e-01,8.881784197001252323e-16,1.186653160151113634e-01,9.866561530443114514e-02
2.939999999999999836e-01,1.776356839400250465e-15,4.205344872474400808e-01,5.590974552741292264e-02
2.959999999999999853e-01,8.881784197001252323e-16,3.255804107135543135e-01,1.140549893314318219e-01
2.979999999999999871e-01,5.329070518200751394e-15,1.972282211872906643e-01,5.233207745461326138e-02
2.999999999999999889e-01,8.881784197001252323e-16,2.368835234177544269e-01,5.589212156009349536e-02
3.019999999999999907e-01,8.881784197001252323e-16,2.409943451126220493e-01,5.454455098616436959e-02
3.039999999999999925e-01,8.881784197001252323e-16,1.154559028887026662e-01,1.229926947077363691e-01
3.059999999999999942e-01,3.552713678800500929e-15,2.625522475769158648e-01,8.405716615333247432e-02
3.079999999999999960e-01,0.000000000000000000e+00,2.906481355966792912e-01,9.887464931924748457e-02
3.099999999999999978e-01,0.000000000000000000e+00,4.275680140451258437e-01,6.558708383332881309e-02
3.119999999999999996e-01,1.776356839400250465e-15,7.689819944843857835e-02,5.852543867317388376e-02
3.140000000000000013e-01,1.776356839400250465e-15,6.596528594658264411e-02,4.802722705641385148e-02
3.160000000000000031e-01,7.993605777301127091e-15,9.687184554037613082e-02,9.221757429787257043e-02
3.180000000000000049e-01,1.776356839400250465e-15,1.689027311496190233e-03,1.150278490364153167e-01
3.200000000000000067e-01,3.552713678800500929e-15,2.166578051855202192e-01,1.139845928514860857e-01
3.220000000000000084e-01,5.329070518200751394e-15,1.155973508610274036e-01,8.275551361946001383e-02
3.240000000000000102e-01,0.000000000000000000e+00,2.909258505537841155e-01,8.964003469607874364e-02
3.260000000000000120e-01,1.776356839400250465e-15,5.784711670938755823e-01,4.143239501349899739e-02
3.280000000000000138e-01,1.953992523340275511e-14,1.103321341677447470e-01,9.182671048650045686e-02
3.300000000000000155e-01,3.552713678800500929e-15,1.103538463566723360e-01,8.476430910870090540e-02
3.320000000000000173e-01,1.776356839400250465e-15,3.935106011034786300e-01,7.215651193743513603e-02
3.340000000000000191e-01,1.776356839400250465e-15,1.377999875121505013e-01,1.028785567806843187e-01
3.360000000000000209e-01,1.776356839400250465e-15,5.244239109228078233e-01,5.649471759733496606e-02
3.380000000000000226e-01,2.664535259100375697e-15,2.373628950155858355e-02,1.141098520792418747e-01
3.400000000000000244e-01,3.552713678800500929e-15,2.198580232373890941e-01,9.814782596405999260e-02
3.420000000000000262e-01,4.440892098500626162e-15,6.516619227048233709e-01,3.379005197672384914e-02
3.440000000000000280e-01,8.881784197001252323e-16,1.736586759732560228e-02,5.232333066560339307e-02
3.460000000000000298e-01,4.440892098500626162e-15,3.404318179833735747e-01,6.757864149604733695e-02
3.480000000000000315e-01,3.552713678800500929e-15,3.585340944102572980e-01,8.044815983540325177e-02
3.500000000000000333e-01,2.664535259100375697e-15,2.643141647241477599e-01,8.296982243358182185e-02
3.519999999999999796e-01,3.552713678800500929e-15,3.088866273985038657e-01,6.143169953095522356e-02
3.539999999999999813e-01,8.881784197001252323e-16,7.205584377209740821e-02,8.553023629183263699e-02
3.559999999999999831e-01,7.105427357601001859e-15,3.057630950852012752e-01,5.540614404330938131e-02
3.579999999999999849e-01,2.664535259100375697e-15,1.570567401500509164e-01,1.094625221174750918e-01
3.599999999999999867e-01,8.881784197001252323e-16,1.766362526219836526e-01,7.297262777864781114e-02
3.619999999999999885e-01,2.664535259100375697e-15,3.391792263629891946e-01,6.449345272164552778e-02
3.639999999999999902e-01,4.440892098500626162e-15,1.006525210158619281e-02,8.725108457040689491e-02
3.659999999999999920e-01,1.776356839400250465e-15,2.151737329279573563e-01,7.568660906612016681e-02
3.679999999999999938e-01,1.776356839400250465e-15,1.906630300918823462e-01,8.852221160187558058e-02
3.699999999999999956e-01,4.440892098500626162e-15,2.605621449833551637e-02,9.355130806479183825e-02
3.719999999999999973e-01,3.552713678800500929e-15,5.048998554748079792e-02,5.684881581167810366e-02
3.739999999999999991e-01,0.000000000000000000e+00,1.116253190351323282e-01,8.936061879342568903e-02
3.760000000000000009e-01,3.552713678800500929e-15,2.291305938769261710e-02,1.165635882163544440e-01
3.780000000000000027e-01,0.000000000000000000e+00,1.056823395807645477e-01,7.578068310940168362e-02
3.800000000000000044e-01,7.993605777301127091e-15,5.425549844344405015e-01,4.847285957729061817e-02
3.820000000000000062e-01,1.776356839400250465e-15,7.504189651090581448e-02,5.516682423094966536e-02
3.840000000000000080e-01,1.776356839400250465e-15,4.119280562592680384e-01,6.609531759452105804e-02
3.860000000000000098e-01,0.000000000000000000e+00,5.500075191807143882e-02,9.415586237517128976e-02
3.880000000000000115e-01,5.329070518200751394e-15,9.379650057113071704e-02,8.159873760503710827e-02
3.900000000000000133e-01,8.881784197001252323e-16,1.210576792973063892e-01,1.017664201605870400e-01
3.920000000000000151e-01,2.664535259100375697e-15,1.257750939007103996e-01,8.771488115876042990e-02
3.940000000000000169e-01,2.664535259100375697e-15,3.421023984944529528e-01,6.079911734706550802e-02
3.960000000000000187e-01,2.664535259100375697e-15,1.548796267558052442e-01,4.901820222652979869e-02
3.980000000000000204e-01,5.329070518200751394e-15,6.491641712816562104e-03,1.135742993785853194e-01
4.000000000000000222e-01,1.776356839400250465e-15,2.220604795427211231e-01,6.032923642762047511e-02
4.020000000000000240e-01,1.154631945610162802e-14,2.557494485613069912e-01,5.400031402308271694e-02
4.040000000000000258e-01,8.881784197001252323e-16,2.475273661614147969e-01,9.082456970261255924e-02
4.060000000000000275e-01,1.776356839400250465e-15,1.437492886446207485e-01,8.339169105163914131e-02
4.080000000000000293e-01,1.776356839400250465e-15,1.077024791775843121e-01,3.899368940150643725e-02
4.100000000000000311e-01,2.664535259100375697e-15,4.536135697115454835e-01,5.438130968185110603e-02
4.120000000000000329e-01,0.000000000000000000e+00,1.813750328313092075e-01,3.000990803482861402e-02
4.140000000000000346e-01,0.000000000000000000e+00,1.458292957019628744e-01,9.464582389654473127e-02
4.160000000000000364e-01,1.776356839400250465e-15,1.684001823121810959e-01,9.328087596330950082e-02
4.179999999999999827e-01,1.776356839400250465e-15,5.765107514030629737e-02,7.525911414304298219e-02
4.199999999999999845e-01,1.776356839400250465e-15,1.638040556673694137e-01,3.126626158223101692e-02
4.219999999999999862e-01,0.000000000000000000e+00,5.500832722569359845e-01,3.267406755218189157e-02
4.239999999999999880e-01,1.776356839400250465e-15,2.929624589010679236e-01,7.954533848075648339e-02
4.259999999999999898e-01,0.000000000000000000e+00,4.532005350630585183e-01,4.641713356652445860e-02
4.279999999999999916e-01,6.217248937900876626e-15,2.311482459286054170e-01,5.448836965679678540e-02
4.299999999999999933e-01,0.000000000000000000e+00,1.954543680779715631e-01,6.277932733299051993e-02
4.319999999999999951e-01,1.243449787580175325e-14,2.688679607430468840e-02,7.099234347157558356e-02
4.339999999999999969e-01,8.881784197001252323e-16,3.000811665805822037e-01,8.177726757557990389e-02
4.359999999999999987e-01,5.329070518200751394e-15,2.711367285903104052e-01,5.249426191888434401e-02
4.380000000000000004e-01,7.993605777301127091e-15,1.647417552697016674e-01,6.762769198733341314e-02
4.400000000000000022e-01,0.000000000000000000e+00,6.929610403280304920e-02,7.285201565795462741e-02
4.420000000000000040e-01,1.776356839400250465e-15,3.621833876475896719e-02,3.654155900828059966e-02
4.440000000000000058e-01,2.664535259100375697e-15,1.356786968188048725e-01,9.241019590695116748e-02
4.460000000000000075e-01,4.440892098500626162e-15,4.545721018123590196e-01,6.062556248560990735e-02
4.480000000000000093e-01,7.105427357601001859e-15,2.373081426693275375e-01,8.838330639341435147e-02
4.500000000000000111e-01,7.993605777301127091e-15,1.230269220615951009e-02,6.246390006829891095e-02
4.520000000000000129e-01,2.664535259100375697e-15,3.247994048667314226e-01,6.171253241141813617e-02
4.540000000000000147e-01,9.769962616701377556e-15,1.894925499737586672e-01,8.032045865672182705e-02
4.560000000000000164e-01,5.329070518200751394e-15,5.012740212397444155e-03,5.928113252336940364e-02
4.580000000000000182e-01,4.440892098500626162e-15,2.682645095573339342e-02,8.501575914928446998e-02
4.600000000000000200e-01,8.881784197001252323e-16,3.487648673590320603e-01,5.732410579913038706e-02
4.620000000000000218e-01,3.552713678800500929e-15,4.958529427857836791e-01,5.418167212736791499e-02
4.640000000000000235e-01,1.776356839400250465e-15,2.762236261441233798e-01,6.818964423700547839e-02
4.660000000000000253e-01,1.776356839400250465e-15,1.988842023209314372e-02,9.549853237468423905e-02
4.680000000000000271e-01,2.664535259100375697e-15,2.234030100304467137e-01,8.436868461439543665e-02
4.700000000000000289e-01,3.552713678800500929e-15,2.358806603940070135e-01,6.926525625664992081e-02
4.720000000000000306e-01,8.881784197001252323e-16,6.854643881367461500e-02,8.461977259910596905e-02
4.740000000000000324e-01,7.105427357601001859e-15,2.115882346623427779e-01,5.222253077276128169e-02
4.760000000000000342e-01,8.881784197001252323e-16,3.076553484205798994e-01,8.692742975621706170e-02
4.780000000000000360e-01,8.881784197001252323e-16,6.352826859227310441e-02,8.138729345516705627e-02
4.799999999999999822e-01,8.881784197001252323e-16,1.452443896437149162e-01,8.429494268098590426e-02
4.819999999999999840e-01,7.993605777301127091e-15,9.419618196167227342e-02,9.102091686037648566e-02
4.839999999999999858e-01,1.776356839400250465e-15,2.529807189549491686e-01,4.273802500541688809e-02
4.859999999999999876e-01,5.329070518200751394e-15,5.382177073933269718e-01,3.622709428236484813e-02
4.879999999999999893e-01,1.776356839400250465e-15,2.358185033982082568e-02,9.941736855923001548e-02
4.899999999999999911e-01,3.552713678800500929e-15,3.750596324543940124e-02,7.362139007589456330e-02
4.919999999999999929e-01,3.552713678800500929e-15,7.748302829377201606e-02,3.384761950512796963e-02
4.939999999999999947e-01,4.440892098500626162e-15,1.237559922647141347e-01,5.640382551115546983e-02
4.959999999999999964e-01,1.243449787580175325e-14,7.847871123736119281e-02,5.967350727488400508e-02
4.979999999999999982e-01,6.217248937900876626e-15,7.287412004887963701e-02,6.828069672184139405e-02
5.000000000000000000e-01,3.552713678800500929e-15,8.820966601043399302e-02,4.484988261343660770e-02
5.020000000000000018e-01,6.217248937900876626e-15,2.306880852094891632e-01,7.276140034008786450e-02
5.040000000000000036e-01,8.881784197001252323e-16,2.250206746730938345e-01,6.016313214933441400e-02
5.060000000000000053e-01,5.329070518200751394e-15,1.465858955933228847e-01,7.818339865937029565e-02
5.080000000000000071e-01,1.776356839400250465e-15,3.957293703872168389e-01,5.693445182650145459e-02
5.100000000000000089e-01,1.776356839400250465e-15,2.008043044744193314e-03,7.104482094730961428e-02
5.120000000000000107e-01,0.000000000000000000e+00,5.959511937994141917e-01,3.353598537131706470e-02
5.140000000000000124e-01,4.440892098500626162e-15,9.533785022101477769e-02,7.655192763482286666e-02
5.160000000000000142e-01,3.552713678800500929e-15,4.155601408689437726e-01,3.536805272168960096e-02
5.180000000000000160e-01,2.664535259100375697e-15,2.948025203163791574e-01,7.836078919933260611e-02
5.200000000000000178e-01,7.105427357601001859e-15,2.586143458325523281e-01,4.672628439343962103e-02
5.220000000000000195e-01,5.329070518200751394e-15,9.954878874390778176e-02,2.900197092908550489e-02
5.240000000000000213e-01,2.664535259100375697e-15,4.048840000497526681e-01,4.292069669930281134e-02
5.260000000000000231e-01,7.105427357601001859e-15,3.585197162480102118e-01,3.830379019413168024e-02
5.280000000000000249e-01,2.664535259100375697e-15,3.449653488814687363e-01,4.805602692770693379e-02
5.300000000000000266e-01,1.776356839400250465e-15,5.948256620256123783e-01,2.919743204808106229e-02
5.320000000000000284e-01,2.664535259100375697e-15,3.291357716131574906e-01,6.931480552426669273e-02
5.340000000000000302e-01,8.881784197001252323e-16,5.653346360711720281e-02,6.573305997607714612e-02
5.360000000000000320e-01,8.881784197001252323e-16,1.236118855262984678e-01,8.465271335242513517e-02
5.380000000000000338e-01,4.440892098500626162e-15,5.203719035708692653e-02,7.217482735641386760e-02
5.400000000000000355e-01,8.881784197001252323e-16,2.517624378936308971e-01,7.546567206942908501e-02
5.420000000000000373e-01,1.776356839400250465e-15,3.238000357482758579e-02,6.117739780614236261e-02
5.440000000000000391e-01,8.881784197001252323e-16,5.374600720021013300e-01,3.095337509921839217e-02
5.460000000000000409e-01,7.993605777301127091e-15,4.530695279809357490e-01,3.018480559671071761e-02
5.480000000000000426e-01,8.881784197001252323e-16,1.207118335130139691e-01,4.683281776170836186e-02
5.500000000000000444e-01,8.881784197001252323e-16,2.931345585577951884e-01,5.765034133772213576e-02
5.520000000000000462e-01,5.329070518200751394e-15,1.916793453159332528e-01,4.120818392096288474e-02
5.540000000000000480e-01,7.993605777301127091e-15,5.306257702407010668e-02,3.413050936911447841e-02
5.560000000000000497e-01,3.552713678800500929e-15,3.688509534491822284e-01,3.959925168626090425e-02
5.580000000000000515e-01,8.881784197001252323e-16,4.987969106475231146e-02,7.390094267561110597e-02
5.600000000000000533e-01,4.440892098500626162e-15,1.499937484706194424e-01,7.015866332371169245e-02
5.620000000000000551e-01,1.154631945610162802e-14,3.834354691937186810e-01,4.872085220641770437e-02
5.640000000000000568e-01,3.552713678800500929e-15,4.438282250176488475e-01,4.174696138415363161e-02
5.660000000000000586e-01,4.440892098500626162e-15,3.691147013948292144e-01,3.871609681647832785e-02
5.680000000000000604e-01,0.000000000000000000e+00,5.331380849471520911e-01,3.901882986777868018e-02
5.700000000000000622e-01,1.776356839400250465e-15,4.965564308588919507e-01,2.693246851121006147e-02
5.720000000000000639e-01,8.881784197001252323e-16,6.919770180216483491e-02,4.399144238812990187e-02
5.740000000000000657e-01,4.440892098500626162e-15,3.014405359085673974e-01,5.148574142385319019e-02
5.760000000000000675e-01,5.329070518200751394e-15,2.042443319544590963e-01,3.323207157199740969e-02
5.779999999999999583e-01,8.881784197001252323e-16,1.906890198021913008e-01,6.298095411237272789e-02
5.799999999999999600e-01,4.440892098500626162e-15,3.869001983080482820e-01,4.444061560582288767e-02
5.819999999999999618e-01,2.664535259100375697e-15,2.962472000675365428e-03,8.280652105971485211e-02
5.839999999999999636e-01,1.776356839400250465e-15,1.710395659855395711e-01,7.412901819755071675e-02
5.859999999999999654e-01,4.440892098500626162e-15,4.708349227636581258e-01,4.764965674511742466e-02
5.879999999999999671e-01,4.440892098500626162e-15,6.017062294991931681e-01,2.437612063282498104e-02
5.899999999999999689e-01,0.000000000000000000e+00,2.670188604678682132e-01,6.211932734414941926e-02
5.919999999999999707e-01,0.000000000000000000e+00,3.198284419797065570e-01,4.280383412839782603e-02
5.939999999999999725e-01,7.993605777301127091e-15,5.448894181154080307e-01,3.810380693681871683e-02
5.959999999999999742e-01,1.776356839400250465e-15,2.026937972267134624e-01,5.568738655731600429e-02
5.979999999999999760e-01,1.065814103640150279e-14,4.486344370040102336e-01,3.206148016972729803e-02
5.999999999999999778e-01,2.664535259100375697e-15,1.185025721494816636e-01,4.541451356608845052e-02
6.019999999999999796e-01,3.552713678800500929e-15,3.440325091804103397e-01,2.679699568177805816e-02
6.039999999999999813e-01,8.881784197001252323e-16,8.999503447892627517e-02,7.431167909939286054e-02
6.059999999999999831e-01,2.664535259100375697e-15,9.860881630011697485e-02,6.149039615005248011e-02
6.079999999999999849e-01,4.440892098500626162e-15,2.430466069799886719e-01,4.103110245130325157e-02
6.099999999999999867e-01,8.881784197001252323e-16,1.699813045148224899e-01,6.526307687172308580e-02
6.119999999999999885e-01,1.776356839400250465e-15,4.046275731808494230e-02,5.272161441988846425e-02
6.139999999999999902e-01,2.664535259100375697e-15,3.913868051238054147e-01,4.631838667560379125e-02
6.159999999999999920e-01,7.993605777301127091e-15,1.348824188175096750e-01,5.705885840333196207e-02
6.179999999999999938e-01,4.440892098500626162e-15,2.166458781933758848e-01,6.217649430807153238e-02
6.199999999999999956e-01,4.440892098500626162e-15,4.438112111907365626e-02,2.798692262032237421e-02
6.219999999999999973e-01,7.105427357601001859e-15,4.335536556956485210e-01,3.966125276659652338e-02
6.239999999999999991e-01,1.776356839400250465e-15,3.819512998018461114e-01,3.394891738255754327e-02
6.260000000000000009e-01,8.881784197001252323e-16,2.698952572763729241e-01,3.580508044819916830e-02
6.280000000000000027e-01,0.000000000000000000e+00,3.115489084601598679e-01,2.877253134585913349e-02
6.300000000000000044e-01,2.664535259100375697e-15,2.733991543291636739e-01,4.809887432096662807e-02
6.320000000000000062e-01,2.664535259100375697e-15,3.148941990436507354e-01,3.917048874775420214e-02
6.340000000000000080e-01,2.664535259100375697e-15,9.021803723123322793e-02,6.510569157697022880e-02
6.360000000000000098e-01,8.881784197001252323e-16,3.638500459368163575e-01,5.427167821023147487e-02
6.380000000000000115e-01,0.000000000000000000e+00,8.073120967017404989e-03,4.556234963441248287e-02
6.400000000000000133e-01,5.329070518200751394e-15,3.578211361029718512e-02,3.939868613820771137e-02
6.420000000000000151e-01,5.329070518200751394e-15,4.335381756475646942e-01,2.867075056460068744e-02
6.440000000000000169e-01,4.440892098500626162e-15,1.000520355130086331e-01,4.464095680198183064e-02
6.460000000000000187e-01,1.776356839400250465e-15,4.942838699035319028e-01,2.805956561233378249e-02
6.480000000000000204e-01,1.776356839400250465e-15,1.073587470288514534e-01,6.142560371993990853e-02
6.500000000000000222e-01,2.398081733190338127e-14,3.254224055909328839e-01,3.641334344841354320e-02
6.520000000000000240e-01,8.881784197001252323e-16,1.881514701784249566e-01,4.844827095521554716e-02
6.540000000000000258e-01,6.217248937900876626e-15,5.897976092632153389e-01,2.209102650236260956e-02
6.560000000000000275e-01,2.664535259100375697e-15,1.039960219252239332e-01,5.376978326156111460e-02
6.580000000000000293e-01,0.000000000000000000e+00,3.227994877472843416e-01,2.967652291818904942e-02
6.600000000000000311e-01,3.552713678800500929e-15,3.482210092167974946e-01,4.068218762665365418e-02
6.620000000000000329e-01,6.217248937900876626e-15,1.413642965462136025e-01,3.269104865895288564e-02
6.640000000000000346e-01,1.776356839400250465e-15,6.603412044486657584e-02,4.612600177468698798e-02
6.660000000000000364e-01,0.000000000000000000e+00,3.355915267417838854e-01,4.316201789332489713e-02
6.680000000000000382e-01,0.000000000000000000e+00,3.248091549430369152e-01,3.934144250965781325e-02
6.700000000000000400e-01,1.776356839400250465e-15,5.134643041636771654e-01,2.660541589127489795e-02
6.720000000000000417e-01,5.329070518200751394e-15,5.516779157979864734e-02,4.787130125050729351e-02
6.740000000000000435e-01,8.881784197001252323e-16,3.782097299082073927e-01,2.142945487463664839e-02
6.760000000000000453e-01,1.776356839400250465e-15,7.273561138297923896e-03,4.626230193302914573e-02
6.780000000000000471e-01,3.552713678800500929e-15,8.289133061550373049e-02,5.303447983920400732e-02
6.800000000000000488e-01,4.440892098500626162e-15,7.869701983391837186e-02,5.253331584260179099e-02
6.820000000000000506e-01,8.881784197001252323e-16,2.434508095166179331e-01,4.040208151687525034e-02
6.840000000000000524e-01,8.881784197001252323e-16,2.130436338307003519e-01,2.614834022288894597e-02
6.860000000000000542e-01,3.552713678800500929e-15,1.208367481792353287e-01,2.112445721409611510e-02
6.880000000000000560e-01,7.105427357601001859e-15,3.991133428278660807e-03,5.195361984493521157e-02
6.900000000000000577e-01,6.217248937900876626e-15,1.419667218847830703e-01,3.669853114744886513e-02
6.920000000000000595e-01,1.065814103640150279e-14,4.456983156545098468e-01,2.555559238677363940e-02
6.940000000000000613e-01,1.154631945610162802e-14,3.375593908928388731e-01,2.152445597646221800e-02
6.960000000000000631e-01,1.776356839400250465e-15,3.013062625124807714e-01,2.932027574632832534e-02
6.980000000000000648e-01,0.000000000000000000e+00,2.827198047208883125e-01,4.877594391827979464e-02
7.000000000000000666e-01,7.993605777301127091e-15,2.215307470358668651e-01,4.183949372049762527e-02
7.020000000000000684e-01,0.000000000000000000e+00,1.952098680485429838e-01,4.086504023859181128e-02
7.039999999999999591e-01,7.993605777301127091e-15,2.377321956480574483e-01,4.515767994448219302e-02
7.059999999999999609e-01,6.217248937900876626e-15,3.169968248877724215e-01,3.336618860977730999e-02
7.079999999999999627e-01,3.552713678800500929e-15,1.738092832523928377e-01,4.363275144537012012e-02
7.099999999999999645e-01,7.993605777301127091e-15,2.842885789203014046e-01,2.416292697450623736e-02
7.119999999999999662e-01,8.881784197001252323e-16,2.317336699833552338e-01,4.170972496045235317e-02
7.139999999999999680e-01,4.440892098500626162e-15,2.088243877446092078e-01,3.144268044851794563e-02
7.159999999999999698e-01,1.776356839400250465e-15,9.041059797034407819e-02,2.460200074343020862e-02
7.179999999999999716e-01,6.217248937900876626e-15,1.045709082019930514e-01,4.970509428276891073e-02
7.199999999999999734e-01,4.440892098500626162e-15,6.243387566071759327e-03,5.253970839473916937e-02
7.219999999999999751e-01,2.664535259100375697e-15,1.062275352466625078e-01,1.731589937728780434e-02
7.239999999999999769e-01,4.440892098500626162e-15,6.545803947017016233e-02,3.594020309599369606e-02
7.259999999999999787e-01,4.440892098500626162e-15,3.233967545358122364e-01,3.232868141610959617e-02
7.279999999999999805e-01,3.552713678800500929e-15,2.329216904504138874e-01,4.030506357878540363e-02
7.299999999999999822e-01,8.881784197001252323e-16,2.194556692908528339e-01,1.675747457232503942e-02
7.319999999999999840e-01,5.329070518200751394e-15,2.143799108284087929e-01,4.119080075898448601e-02
7.339999999999999858e-01,8.881784197001252323e-16,3.016294374095867051e-02,4.665148411042622373e-02
7.359999999999999876e-01,1.776356839400250465e-15,3.967909192878998348e-01,2.192023280014498976e-02
7.379999999999999893e-01,1.776356839400250465e-15,5.588390480643997682e-01,2.028449215240656425e-02
7.399999999999999911e-01,5.329070518200751394e-15,3.412413564106853842e-02,2.761453496929561560e-02
7.419999999999999929e-01,1.776356839400250465e-15,5.124249479194833978e-02,3.420357717622443672e-02
7.439999999999999947e-01,1.776356839400250465e-15,8.175801527167332605e-02,2.954325074710583213e-02
7.459999999999999964e-01,5.329070518200751394e-15,1.063114915005921174e-01,4.592101504123673184e-02
7.479999999999999982e-01,8.881784197001252323e-16,3.669467845755109425e-01,2.474161706773536293e-02
7.500000000000000000e-01,8.881784197001252323e-16,2.957633674096760146e-01,4.001331038549408442e-02
7.520000000000000018e-01,4.440892098500626162e-15,1.014299011652708832e-01,3.597919945848188777e-02
7.540000000000000036e-01,8.881784197001252323e-16,8.118571724121179112e-02,3.087426658287853107e-02
7.560000000000000053e-01,3.552713678800500929e-15,2.884991385391473262e-01,1.479930252403027779e-02
7.580000000000000071e-01,1.776356839400250465e-15,2.835282581985294481e-01,2.889329123265451521e-02
7.600000000000000089e-01,8.881784197001252323e-16,1.232987728761042873e-01,2.881363181224616543e-02
7.620000000000000107e-01,9.769962616701377556e-15,3.344801958057538882e-01,1.934852163895701624e-02
7.640000000000000124e-01,5.329070518200751394e-15,4.456995809026569333e-01,2.219298421367358123e-02
7.660000000000000142e-01,1.776356839400250465e-15,2.842210610025157069e-01,3.764296727390357977e-02
7.680000000000000160e-01,0.000000000000000000e+00,3.121056307342058855e-01,2.213939716704192012e-02
7.700000000000000178e-01,3.552713678800500929e-15,1.297312494532715799e-01,3.548930230248999868e-02
7.720000000000000195e-01,2.664535259100375697e-15,2.268397102362910145e-01,2.655399113350930332e-02
7.740000000000000213e-01,5.329070518200751394e-15,7.249623598913031153e-02,3.094155163695893815e-02
7.760000000000000231e-01,1.332267629550187849e-14,1.384880348458149557e-01,3.172880328445131654e-02
7.780000000000000249e-01,1.776356839400250465e-15,3.038069575593196348e-01,3.194674448163833946e-02
7.800000000000000266e-01,6.217248937900876626e-15,2.915392846142991212e-01,1.966715132334146895e-02
7.820000000000000284e-01,8.881784197001252323e-16,2.597557864522928583e-01,1.583322560626059319e-02
7.840000000000000302e-01,0.000000000000000000e+00,1.121132902300409073e-01,2.178264323454751766e-02
7.860000000000000320e-01,8.881784197001252323e-16,9.523349369013446586e-02,2.252888782759934067e-02
7.880000000000000338e-01,8.881784197001252323e-16,7.774240332008575116e-04,4.158119882211067792e-02
7.900000000000000355e-01,8.881784197001252323e-16,5.994148646992688567e-01,1.604082750163647944e-02
7.920000000000000373e-01,0.000000000000000000e+00,6.984182829682251958e-02,2.978502235605069368e-02
7.940000000000000391e-01,0.000000000000000000e+00,2.166920227038396929e-01,1.680943136229729948e-02
7.960000000000000409e-01,8.881784197001252323e-16,1.678108025975127149e-01,2.708106417282341721e-02
7.980000000000000426e-01,5.329070518200751394e-15,5.451142285367981399e-01,1.726891627881523006e-02
8.000000000000000444e-01,2.664535259100375697e-15,1.761698788013437433e-01,2.823176009831178043e-02
8.020000000000000462e-01,8.881784197001252323e-16,7.278815360676882396e-02,3.601233211553780261e-02
8.040000000000000480e-01,8.881784197001252323e-16,2.261609307819296699e-01,2.633818847194809368e-02
8.060000000000000497e-01,1.776356839400250465e-15,4.230104225496618131e-01,1.679463565822758575e-02
8.080000000000000515e-01,1.776356839400250465e-15,4.721411134463871506e-01,1.493708841857701621e-02
8.100000000000000533e-01,7.105427357601001859e-15,1.895013125213124983e-01,1.158524972801367944e-02
8.120000000000000551e-01,1.776356839400250465e-15,2.152641961025902051e-01,1.903415094444670455e-02
8.140000000000000568e-01,8.881784197001252323e-16,6.249854872470234773e-02,2.919753637040375938e-02
8.160000000000000586e-01,8.881784197001252323e-15,7.310326679529355332e-03,3.542635660849811907e-02
8.180000000000000604e-01,0.000000000000000000e+00,3.163667233890741226e-01,2.092724009501868362e-02
8.200000000000000622e-01,4.440892098500626162e-15,4.052857391469235626e-01,1.898505439028282810e-02
8.220000000000000639e-01,3.552713678800500929e-15,4.569555154752218407e-01,1.212231244243674490e-02
8.240000000000000657e-01,1.776356839400250465e-15,4.796218547737009508e-01,1.379470782910180264e-02
8.260000000000000675e-01,3.552713678800500929e-15,3.738812813735497426e-02,3.052670328813660364e-02
8.280000000000000693e-01,0.000000000000000000e+00,3.762287015402041718e-02,2.845474367107874228e-02
8.300000000000000711e-01,3.552713678800500929e-15,3.914116870823001332e-02,2.480159887725726792e-02
8.320000000000000728e-01,0.000000000000000000e+00,3.302650844918772477e-01,1.767898654128442770e-02
8.339999999999999636e-01,7.105427357601001859e-15,1.903643851884970761e-01,2.277936573417101498e-02
8.359999999999999654e-01,0.000000000000000000e+00,1.958103792643617336e-01,1.645491895658405396e-02
8.379999999999999671e-01,8.881784197001252323e-16,1.412002424697859915e-01,2.861073413149867531e-02
8.399999999999999689e-01,4.440892098500626162e-15,3.024080700669458666e-01,2.539038677311239445e-02
8.419999999999999707e-01,8.881784197001252323e-16,2.427335541401938815e-02,2.306853670164419820e-02
8.439999999999999725e-01,4.440892098500626162e-15,8.164929021934011488e-02,2.049327052318103415e-02
8.459999999999999742e-01,6.217248937900876626e-15,5.322455626334553040e-03,2.715829821974409530e-02
8.479999999999999760e-01,1.776356839400250465e-15,2.213438434311016112e-01,2.406454369516712599e-02
8.499999999999999778e-01,2.664535259100375697e-15,1.800741232770956476e-02,2.251151772801135778e-02
8.519999999999999796e-01,8.881784197001252323e-16,8.997780030165029863e-02,2.151771411496044770e-02
8.539999999999999813e-01,5.329070518200751394e-15,1.932299780904308262e-01,1.728075592295133175e-02
8.559999999999999831e-01,1.776356839400250465e-15,4.459148920395025056e-02,2.018157653510833580e-02
8.579999999999999849e-01,1.776356839400250465e-15,1.792015319986225153e-01,2.068793622835847848e-02
8.599999999999999867e-01,6.217248937900876626e-15,2.676689972825971875e-01,1.476911673989331555e-02
8.619999999999999885e-01,2.664535259100375697e-15,1.917686192682040158e-01,1.157885190500599314e-02
8.639999999999999902e-01,8.881784197001252323e-16,4.696548278110426189e-01,1.107250442691021242e-02
8.659999999999999920e-01,4.440892098500626162e-15,1.653828599793731036e-01,1.776727353985365840e-02
8.679999999999999938e-01,3.552713678800500929e-15,4.709566927975641915e-02,1.937711992754156259e-02
8.699999999999999956e-01,6.217248937900876626e-15,2.169771605898190847e-01,8.936394976329253836e-03
8.719999999999999973e-01,4.440892098500626162e-15,3.256527950063466820e-02,1.818889062462615211e-02
8.739999999999999991e-01,8.881784197001252323e-16,2.420463192822205067e-01,1.243287643518055201e-02
8.760000000000000009e-01,4.440892098500626162e-15,1.062184551843906588e-01,2.055376658231163750e-02
8.780000000000000027e-01,8.881784197001252323e-16,2.202573043094653293e-01,2.090476489654343600e-02
8.800000000000000044e-01,1.776356839400250465e-15,6.249915351237351341e-02,2.143902753384494334e-02
8.820000000000000062e-01,1.065814103640150279e-14,2.022589751822110593e-01,1.959995020841188290e-02
8.840000000000000080e-01,4.440892098500626162e-15,1.142748308880324609e-01,1.651991258411986130e-02
8.860000000000000098e-01,1.776356839400250465e-15,4.529983048109724741e-01,1.096549362199200628e-02
8.880000000000000115e-01,8.881784197001252323e-15,1.124253274015182824e-01,1.515902604227856686e-02
8.900000000000000133e-01,5.329070518200751394e-15,5.752049193640221825e-01,8.742990663615380492e-03
8.920000000000000151e-01,9.769962616701377556e-15,2.736031878296333875e-01,1.435198387289073410e-02
8.940000000000000169e-01,0.000000000000000000e+00,1.840549088910098663e-01,1.322515167732661243e-02
8.960000000000000187e-01,6.217248937900876626e-15,2.271047168769690927e-01,1.456255593767718376e-02
8.980000000000000204e-01,8.881784197001252323e-16,2.469094726434478970e-01,1.669091702830184654e-02
9.000000000000000222e-01,8.881784197001252323e-16,2.227361729323112938e-01,1.205552150820120468e-02
9.020000000000000240e-01,2.664535259100375697e-15,2.054405717954549404e-02,1.494215929219194251e-02
9.040000000000000258e-01,2.664535259100375697e-15,4.283027344524423935e-02,1.600934454688558370e-02
9.060000000000000275e-01,8.881784197001252323e-16,3.971206560623268822e-01,1.293011542927354103e-02
9.080000000000000293e-01,3.552713678800500929e-15,3.238254336315186110e-01,9.155462755281484552e-03
9.100000000000000311e-01,8.881784197001252323e-16,3.069285889632771339e-02,1.210357274961806895e-02
9.120000000000000329e-01,8.881784197001252323e-16,1.401031320762420040e-01,1.491663510550839296e-02
9.140000000000000346e-01,2.664535259100375697e-15,4.779791200130584783e-01,8.754165286447646369e-03
9.160000000000000364e-01,8.881784197001252323e-16,2.074181335030258477e-01,6.977613475249033401e-03
9.180000000000000382e-01,8.881784197001252323e-16,7.379723387617993791e-02,1.300031801597037635e-02
9.200000000000000400e-01,1.776356839400250465e-15,1.564599408228369848e-01,1.353025902436800175e-02
9.220000000000000417e-01,1.776356839400250465e-15,2.546675873300083270e-01,1.241564061586937842e-02
9.240000000000000435e-01,1.776356839400250465e-15,6.865878996073250529e-02,1.069180766141911675e-02
9.260000000000000453e-01,1.776356839400250465e-15,2.126721493117274819e-01,1.256404849379770192e-02
9.280000000000000471e-01,1.776356839400250465e-15,3.208300512244865454e-01,1.152806085829139598e-02
9.300000000000000488e-01,4.440892098500626162e-15,3.607582121165207600e-01,6.183418709269561039e-03
9.320000000000000506e-01,1.776356839400250465e-15,7.409109954705729584e-02,1.123863985766472215e-02
9.340000000000000524e-01,1.776356839400250465e-15,5.143027557623210955e-01,5.208240374296235764e-03
9.360000000000000542e-01,4.440892098500626162e-15,1.819993505554433622e-01,1.114738249716619792e-02
9.380000000000000560e-01,2.664535259100375697e-15,1.536116032703694068e-01,1.078764765554503409e-02
9.400000000000000577e-01,1.776356839400250465e-15,1.807131011467569270e-02,1.096375458978588076e-02
9.420000000000000595e-01,4.440892098500626162e-15,1.439171135133066326e-01,9.255584518367892741e-03
9.440000000000000613e-01,1.776356839400250465e-15,2.124826984073280300e-01,6.614174734320099093e-03
9.460000000000000631e-01,0.000000000000000000e+00,9.809160130136451716e-02,6.549844797017129357e-03
9.480000000000000648e-01,1.776356839400250465e-15,8.607594003671018013e-03,6.297300265371541181e-03
9.500000000000000666e-01,2.664535259100375697e-15,6.615487935390166330e-01,3.173053282028304254e-03
9.520000000000000684e-01,5.329070518200751394e-15,9.720613626899299309e-02,8.297363904812577601e-03
9.540000000000000702e-01,0.000000000000000000e+00,3.583532565459062735e-01,3.838533826975576001e-03
9.560000000000000719e-01,1.776356839400250465e-15,2.160660570333889086e-01,6.479658834575813091e-03
9.580000000000000737e-01,7.993605777301127091e-15,2.294443130901685501e-02,7.470310763196402748e-03
9.599999999999999645e-01,0.000000000000000000e+00,7.025388057426874833e-02,4.677344796960925151e-03
9.619999999999999662e-01,4.440892098500626162e-15,1.459833578688081446e-01,5.226637775376963280e-03
9.639999999999999680e-01,8.881784197001252323e-15,3.340956241555323447e-01,5.757727956758623526e-03
9.659999999999999698e-01,8.881784197001252323e-16,2.546718897797330405e-01,4.624313083745396590e-03
9.679999999999999716e-01,0.000000000000000000e+00,3.871523501430803038e-01,3.331111133872533166e-03
9.699999999999999734e-01,8.881784197001252323e-16,4.199855185802086610e-01,2.894096093112663928e-03
9.719999999999999751e-01,1.776356839400250465e-15,9.047487539344867269e-02,3.853224304187363378e-03
9.739999999999999769e-01,6.217248937900876626e-15,3.347059793214595125e-01,4.018690673647101752e-03
9.759999999999999787e-01,0.000000000000000000e+00,8.127501058853126015e-02,3.157162111109157281e-03
9.779999999999999805e-01,0.000000000000000000e+00,2.268341492780293345e-01,2.926176400571146082e-03
9.799999999999999822e-01,8.881784197001252323e-16,5.055236766434066942e-01,1.887368415936097358e-03
9.819999999999999840e-01,8.881784197001252323e-15,3.095641587033627351e-01,2.406709057542538808e-03
9.839999999999999858e-01,6.217248937900876626e-15,2.322479158579883463e-01,2.349137303065046423e-03
9.859999999999999876e-01,8.881784197001252323e-16,4.521202415439188882e-01,1.175758414863980897e-03
9.879999999999999893e-01,1.154631945610162802e-14,6.407621817327847913e-02,1.796656872865626340e-03
9.899999999999999911e-01,1.776356839400250465e-15,7.421488869059024440e-02,1.301881598499515964e-03
9.919999999999999929e-01,8.881784197001252323e-16,2.405276602204168002e-01,1.292590209738581032e-03
9.939999999999999947e-01,3.552713678800500929e-15,3.013476593087492314e-02,1.036305839118245760e-03
9.959999999999999964e-01,5.329070518200751394e-15,4.668062823322748911e-01,4.634650174928478094e-04
9.979999999999999982e-01,1.776356839400250465e-15,4.114465904283523545e-02,1.688252679864721219e-04
1.000000000000000000e+00,1.776356839400250465e-15,2.962216176528613132e-01,9.614813431917819082e-17
1.002000000000000002e+00,8.881784197001252323e-16,3.234303622213736129e-01,2.707839834994008152e-04
1.004000000000000004e+00,3.552713678800500929e-15,5.088542007857525112e-02,6.635779609599435020e-04
1.006000000000000005e+00,2.664535259100375697e-15,2.216565682443129293e-01,7.347775778036247591e-04
1.008000000000000007e+00,8.881784197001252323e-16,1.522361976188371380e-01,1.289315200743773680e-03
1.010000000000000009e+00,9.769962616701377556e-15,1.706630694715056962e-03,1.611846717099485373e-03
1.012000000000000011e+00,3.552713678800500929e-15,2.427972793067326995e-01,1.799329087968137885e-03
1.014000000000000012e+00,8.881784197001252323e-16,3.731965968023300273e-01,1.681505465159377618e-03
1.016000000000000014e+00,5.329070518200751394e-15,6.614537815896569251e-02,2.184955957926882058e-03
1.018000000000000016e+00,7.993605777301127091e-15,4.735006906467767451e-01,1.869140000105917482e-03
1.020000000000000018e+00,7.105427357601001859e-15,2.567970833288229504e-01,2.445491031540286599e-03
1.022000000000000020e+00,8.881784197001252323e-16,2.472347810594888173e-01,2.664009435985464913e-03
1.024000000000000021e+00,0.000000000000000000e+00,1.464965856282855194e-01,3.437670436504541589e-03
1.026000000000000023e+00,1.776356839400250465e-15,1.455825588219825106e-01,3.193612574442672436e-03
1.028000000000000025e+00,1.065814103640150279e-14,2.832621865272373918e-01,3.962261716862864117e-03
1.030000000000000027e+00,4.440892098500626162e-15,4.217575582811701196e-01,3.241046703646255443e-03
1.032000000000000028e+00,5.329070518200751394e-15,3.364284841284697625e-01,3.090648308971022471e-03
1.034000000000000030e+00,4.440892098500626162e-15,2.815774961922195563e-01,4.615077629004105293e-03
1.036000000000000032e+00,3.552713678800500929e-15,5.301726189902707942e-01,3.038830140524007104e-03
1.038000000000000034e+00,1.776356839400250465e-15,1.521557597189122646e-01,6.148660366085062674e-03
1.040000000000000036e+00,3.552713678800500929e-15,3.427661888729627293e-01,4.006399364877976689e-03
1.042000000000000037e+00,2.664535259100375697e-15,1.139576041772956821e-01,6.945459991080905025e-03
1.044000000000000039e+00,3.552713678800500929e-15,8.419674930457406170e-02,6.857234769340330403e-03
1.046000000000000041e+00,2.664535259100375697e-15,3.142871493857261056e-01,7.295677855495419709e-03
1.048000000000000043e+00,7.105427357601001859e-15,4.034788916512030421e-01,4.810626559251574876e-03
1.050000000000000044e+00,7.105427357601001859e-15,4.986578123452706790e-01,3.886972511541464392e-03
1.052000000000000046e+00,3.552713678800500929e-15,1.860189909626286109e-01,7.577578073125435139e-03
1.054000000000000048e+00,0.000000000000000000e+00,3.367575742504458347e-01,4.778374426617148889e-03
1.056000000000000050e+00,3.552713678800500929e-15,1.857674560750025294e-01,4.196328598753240602e-03
1.058000000000000052e+00,8.881784197001252323e-15,2.899659881281337337e-01,6.767687677124889674e-03
1.060000000000000053e+00,5.329070518200751394e-15,3.436961140633665868e-01,9.354993646496645096e-03
1.062000000000000055e+00,1.776356839400250465e-15,6.472858149100079173e-01,4.300655557293387235e-03
1.064000000000000057e+00,6.217248937900876626e-15,7.617231840705418477e-02,9.785308091417784307e-03
1.066000000000000059e+00,5.329070518200751394e-15,5.743556272941933161e-01,5.247133184568097963e-03
1.068000000000000060e+00,1.776356839400250465e-15,2.110984215041359080e-01,7.521736163358993220e-03
1.070000000000000062e+00,1.776356839400250465e-15,4.128291593007985677e-02,1.013888321759002890e-02
1.072000000000000064e+00,7.105427357601001859e-15,1.895502078747721975e-01,1.034840145322487096e-02
1.074000000000000066e+00,6.217248937900876626e-15,3.742537558831648403e-01,5.764132948175937007e-03
1.076000000000000068e+00,1.776356839400250465e-15,2.000237528636922557e-01,1.122499888848892471e-02
1.078000000000000069e+00,1.154631945610162802e-14,2.170084515943653258e-01,6.080314665728937112e-03
1.080000000000000071e+00,2.664535259100375697e-15,1.922757136502179220e-01,1.079227542007060725e-02
1.082000000000000073e+00,3.552713678800500929e-15,2.805018753227674355e-01,1.147367159840768577e-02
1.084000000000000075e+00,7.105427357601001859e-15,4.408558509971556294e-01,8.026966219665610316e-03
1.086000000000000076e+00,0.000000000000000000e+00,4.649344859683261499e-01,7.319279889133879086e-03
1.088000000000000078e+00,7.105427357601001859e-15,4.885182133870672599e-02,1.056115024236678988e-02
1.090000000000000080e+00,3.552713678800500929e-15,1.818722335709084537e-01,1.394820325688378437e-02
1.092000000000000082e+00,3.552713678800500929e-15,4.045493554409576586e-01,9.796102212740197962e-03
1.094000000000000083e+00,8.881784197001252323e-16,4.653307282645357534e-01,7.341783884029962244e-03
1.096000000000000085e+00,5.329070518200751394e-15,3.403789210563329948e-01,1.355955223586601151e-02
1.098000000000000087e+00,7.993605777301127091e-15,2.086092790081148785e-01,1.431827394068776495e-02
1.100000000000000089e+00,0.000000000000000000e+00,2.732494225578617209e-01,1.196076122985287836e-02
1.102000000000000091e+00,1.065814103640150279e-14,2.979597259464190628e-01,1.646812747454533959e-02
1.104000000000000092e+00,0.000000000000000000e+00,7.062644390362986246e-02,1.232724308090307752e-02
1.106000000000000094e+00,7.105427357601001859e-15,3.513622621699974413e-01,1.324434386375192806e-02
1.108000000000000096e+00,0.000000000000000000e+00,1.280034686904071017e-01,1.460814401098219431e-02
1.110000000000000098e+00,2.664535259100375697e-15,1.742078294980449193e-01,1.782332851131760570e-02
1.112000000000000099e+00,1.776356839400250465e-15,5.436773452151398844e-01,9.628002988561446332e-03
1.114000000000000101e+00,2.664535259100375697e-15,3.269913331367580445e-01,1.377017643438020571e-02
1.116000000000000103e+00,7.105427357601001859e-15,1.854114993673615375e-01,1.877855524754007757e-02
1.118000000000000105e+00,5.329070518200751394e-15,4.983952782855919500e-02,1.954621558136016013e-02
1.120000000000000107e+00,1.776356839400250465e-15,3.766222107192129243e-01,1.232278371321747848e-02
1.122000000000000108e+00,1.332267629550187849e-14,4.001688469627751044e-01,9.826512703290003412e-03
1.124000000000000110e+00,3.552713678800500929e-15,2.415710363450825626e-01,1.489698257302173728e-02
1.126000000000000112e+00,1.776356839400250465e-15,2.079563504072040880e-01,1.981584078018967451e-02
1.128000000000000114e+00,5.329070518200751394e-15,1.292927663895679091e-01,1.447239409918664628e-02
1.130000000000000115e+00,8.881784197001252323e-16,3.335089282187482795e-01,1.899221702920301721e-02
1.132000000000000117e+00,1.776356839400250465e-15,9.140951365570255949e-02,2.328629172432116617e-02
1.134000000000000119e+00,3.552713678800500929e-15,1.618465794216381592e-01,1.791714589156193083e-02
1.136000000000000121e+00,8.881784197001252323e-16,1.947766393864070744e-01,1.471032106458994813e-02
1.138000000000000123e+00,6.217248937900876626e-15,2.941586123979159084e-01,1.662761317867853667e-02
1.140000000000000124e+00,4.440892098500626162e-15,6.109638409027341038e-02,2.171937660067078599e-02
1.142000000000000126e+00,2.664535259100375697e-15,1.489772262192917140e-01,1.684277968643977177e-02
1.144000000000000128e+00,1.776356839400250465e-15,1.580667615691670191e-01,2.096992941037117281e-02
1.146000000000000130e+00,3.552713678800500929e-15,3.425647756646390540e-01,1.566774924227775506e-02
1.148000000000000131e+00,0.000000000000000000e+00,1.497411938299879897e-01,2.197927715547808372e-02
1.150000000000000133e+00,4.440892098500626162e-15,5.097607222116014997e-02,1.256031079543373785e-02
1.152000000000000135e+00,2.664535259100375697e-15,2.073122052915262747e-01,1.318741957987914527e-02
1.153999999999999915e+00,8.881784197001252323e-16,4.743153859332183697e-01,1.482448920539812705e-02
1.155999999999999917e+00,1.776356839400250465e-15,2.221581606883023807e-01,2.578970885476775110e-02
1.157999999999999918e+00,4.440892098500626162e-15,9.103956623359976338e-03,2.667707056924678924e-02
1.159999999999999920e+00,1.065814103640150279e-14,3.494438783995160169e-01,1.485292934518390832e-02
1.161999999999999922e+00,1.776356839400250465e-15,2.052088169012278307e-01,2.356659456530650967e-02
1.163999999999999924e+00,7.993605777301127091e-15,8.274178481934900409e-02,1.908355352643547123e-02
1.165999999999999925e+00,3.552713678800500929e-15,2.500921697758555773e-01,2.151450141884344441e-02
1.167999999999999927e+00,8.881784197001252323e-16,2.375017917603301429e-02,2.766937374458820070e-02
1.169999999999999929e+00,8.881784197001252323e-16,4.456084154620191806e-01,1.305294277464314097e-02
1.171999999999999931e+00,8.881784197001252323e-16,9.653566719881097324e-02,2.771707966122223185e-02
1.173999999999999932e+00,3.552713678800500929e-15,5.289467361238205795e-02,2.565660732510373007e-02
1.175999999999999934e+00,1.776356839400250465e-15,1.500674850252985137e-01,1.670106108702391554e-02
1.177999999999999936e+00,4.440892098500626162e-15,6.348829849479624421e-02,2.645493487188975770e-02
1.179999999999999938e+00,2.664535259100375697e-15,1.376838764028207873e-01,2.909774874753166471e-02
1.181999999999999940e+00,4.440892098500626162e-15,3.082853331520916673e-01,2.195750204288241317e-02
1.183999999999999941e+00,3.552713678800500929e-15,3.931686376899672375e-01,2.204487759351192455e-02
1.185999999999999943e+00,2.664535259100375697e-15,3.136049391243728862e-02,2.569099127503302049e-02
1.187999999999999945e+00,8.881784197001252323e-15,6.134604917120711765e-02,3.273733656613168896e-02
1.189999999999999947e+00,4.440892098500626162e-15,2.088256524828149274e-01,2.986087582556542358e-02
1.191999999999999948e+00,3.552713678800500929e-15,1.545154229382815492e-01,2.282285959910949555e-02
1.193999999999999950e+00,0.000000000000000000e+00,1.437598236630870663e-01,3.198227667745261182e-02
1.195999999999999952e+00,1.687538997430237941e-14,6.014006501580371894e-02,1.852814834588594958e-02
1.197999999999999954e+00,1.776356839400250465e-15,3.042760765358918928e-01,3.116421295228732902e-02
1.199999999999999956e+00,1.776356839400250465e-15,2.404596437461172520e-01,2.162399617799506610e-02
1.201999999999999957e+00,8.881784197001252323e-16,4.952460529791736371e-02,2.886823837577886381e-02
1.203999999999999959e+00,6.217248937900876626e-15,3.552247568001521555e-02,3.401347789722083265e-02
1.205999999999999961e+00,1.776356839400250465e-15,4.366918644088610968e-01,1.890959188101647495e-02
1.207999999999999963e+00,1.776356839400250465e-15,2.027781238207736203e-01,2.173067177878515790e-02
1.209999999999999964e+00,8.881784197001252323e-16,1.293114268122572963e-01,3.188928532621936734e-02
1.211999999999999966e+00,8.881784197001252323e-15,2.698904124125769965e-01,3.136145717516971437e-02
1.213999999999999968e+00,3.552713678800500929e-15,3.273310277877998775e-01,2.249806150011915765e-02
1.215999999999999970e+00,1.776356839400250465e-15,5.151912886952955128e-01,2.078897341682693981e-02
1.217999999999999972e+00,4.440892098500626162e-15,2.485461507433655293e-01,2.372873269517014258e-02
1.219999999999999973e+00,3.552713678800500929e-15,5.154930285038099996e-02,2.676030523723443855e-02
1.221999999999999975e+00,5.329070518200751394e-15,1.429817688845096413e-01,3.810167463652643083e-02
1.223999999999999977e+00,1.776356839400250465e-15,4.467526938957326332e-01,2.514499807885576046e-02
1.225999999999999979e+00,7.105427357601001859e-15,3.117957695222230499e-02,1.801463229794864063e-02
1.227999999999999980e+00,7.105427357601001859e-15,1.792428458647543632e-01,2.252493620486085632e-02
1.229999999999999982e+00,5.329070518200751394e-15,1.690805777824345435e-01,2.452113781330459569e-02
1.231999999999999984e+00,1.776356839400250465e-15,4.958523769881097998e-01,1.965970510928366499e-02
1.233999999999999986e+00,2.664535259100375697e-15,4.436266816369574539e-01,2.397455939028475536e-02
1.235999999999999988e+00,2.664535259100375697e-15,2.332648883749183499e-01,3.157455603234495672e-02
1.237999999999999989e+00,5.329070518200751394e-15,3.558928143916784137e-02,1.722768278535475803e-02
1.239999999999999991e+00,2.664535259100375697e-15,4.033813741190248603e-01,2.819060926603523740e-02
1.241999999999999993e+00,0.000000000000000000e+00,6.640080600408544698e-02,3.240697243898855995e-02
1.243999999999999995e+00,2.664535259100375697e-15,1.266342597538424632e-02,3.113363449428924873e-02
1.245999999999999996e+00,0.000000000000000000e+00,4.957261618596641717e-01,1.781506938876242785e-02
1.247999999999999998e+00,7.993605777301127091e-15,7.271791453794350379e-02,3.277439153079847456e-02
1.250000000000000000e+00,5.329070518200751394e-15,3.006291088837779180e-01,3.774162736689953140e-02
1.252000000000000002e+00,3.552713678800500929e-15,1.057697670964302533e-01,3.856937867676434040e-02
1.254000000000000004e+00,1.421085471520200372e-14,2.887218061024856564e-01,2.247247535848507019e-02
1.256000000000000005e+00,0.000000000000000000e+00,4.575026594775447042e-01,2.009865514875640649e-02
1.258000000000000007e+00,8.881784197001252323e-16,2.176020948968562518e-01,3.479229173179902712e-02
1.260000000000000009e+00,7.105427357601001859e-15,2.472598009348779546e-01,4.052579899679124853e-02
1.262000000000000011e+00,8.881784197001252323e-15,1.152157535744346289e-01,3.719635650174995395e-02
1.264000000000000012e+00,4.440892098500626162e-15,8.250843434407945098e-02,3.655220176134247462e-02
1.266000000000000014e+00,7.105427357601001859e-15,2.007077611007815621e-01,3.032287163941572994e-02
1.268000000000000016e+00,0.000000000000000000e+00,7.343708700697468283e-02,2.795308478780956715e-02
1.270000000000000018e+00,1.332267629550187849e-14,3.669287439572473386e-01,2.823679682177534372e-02
1.272000000000000020e+00,5.329070518200751394e-15,3.478221752664914512e-01,2.726801979709399248e-02
1.274000000000000021e+00,8.881784197001252323e-16,5.429371693115667696e-01,2.200814378694030196e-02
1.276000000000000023e+00,1.776356839400250465e-15,7.810185819642381788e-02,3.954282836402221030e-02
1.278000000000000025e+00,0.000000000000000000e+00,1.483211146216722176e-01,3.649077081328572225e-02
1.280000000000000027e+00,1.243449787580175325e-14,2.511867232270743044e-01,4.059154344962833533e-02
1.282000000000000028e+00,0.000000000000000000e+00,1.772240390512586361e-01,4.289780261408141643e-02
1.284000000000000030e+00,4.440892098500626162e-15,7.588274866018977771e-02,4.490596494050059367e-02
1.286000000000000032e+00,2.664535259100375697e-15,3.685184524499374170e-01,3.341558729977427145e-02
1.288000000000000034e+00,8.881784197001252323e-16,8.582503637142864517e-02,3.758278662348359112e-02
1.290000000000000036e+00,1.776356839400250465e-15,3.882760414156622431e-01,2.467908392230930628e-02
1.292000000000000037e+00,4.440892098500626162e-15,1.422607233673520433e-01,2.841971937248994814e-02
1.294000000000000039e+00,3.552713678800500929e-15,2.762247751827212050e-01,4.502188311739191429e-02
1.296000000000000041e+00,0.000000000000000000e+00,3.390469251934855599e-01,2.136695371874260813e-02
1.298000000000000043e+00,2.664535259100375697e-15,2.867742103641186535e-01,3.996042473989423055e-02
1.300000000000000044e+00,1.776356839400250465e-15,1.658836197994231487e-01,3.660647607500443212e-02
1.302000000000000046e+00,0.000000000000000000e+00,2.070813920420110435e-02,4.246580913100878735e-02
1.304000000000000048e+00,8.881784197001252323e-16,5.276601746324146580e-01,2.808994809725990846e-02
1.306000000000000050e+00,5.329070518200751394e-15,4.055411100752678855e-02,4.152405087877411582e-02
1.308000000000000052e+00,8.881784197001252323e-16,1.367510966173779430e-02,2.239707092875093883e-02
1.310000000000000053e+00,8.881784197001252323e-16,4.974081288512702259e-01,2.683205181828033498e-02
1.312000000000000055e+00,3.552713678800500929e-15,1.013091984974335141e-01,4.168640436819552597e-02
1.314000000000000057e+00,0.000000000000000000e+00,7.002163302492515895e-02,4.156794159217738760e-02
1.316000000000000059e+00,4.440892098500626162e-15,8.103791965036936940e-02,2.495318871517321346e-02
1.318000000000000060e+00,1.776356839400250465e-15,4.717887082043932812e-01,3.282052652872193693e-02
1.320000000000000062e+00,4.440892098500626162e-15,1.130454055013322273e-01,4.918850187492516957e-02
1.322000000000000064e+00,1.065814103640150279e-14,1.616672232748882498e-01,5.117614938836192312e-02
1.324000000000000066e+00,8.881784197001252323e-16,2.525945229219176413e-01,2.878490929214989544e-02
1.326000000000000068e+00,1.332267629550187849e-14,1.701197571951000576e-01,4.806431174065551454e-02
1.328000000000000069e+00,3.552713678800500929e-15,1.258312497042666789e-01,4.424444199294032265e-02
1.330000000000000071e+00,6.217248937900876626e-15,1.123543727360573315e-03,4.971434310218949409e-02
1.332000000000000073e+00,8.881784197001252323e-16,2.039057037571862241e-01,5.062599097118909708e-02
1.334000000000000075e+00,8.881784197001252323e-16,2.711546256239432129e-01,4.129439380676087207e-02
1.336000000000000076e+00,1.776356839400250465e-15,7.452186818718947725e-02,3.742665906691824279e-02
1.338000000000000078e+00,6.217248937900876626e-15,2.455715302903921093e-01,2.973547546933352770e-02
1.340000000000000080e+00,2.664535259100375697e-15,5.511880016908944357e-01,3.038346204145654303e-02
1.342000000000000082e+00,7.105427357601001859e-15,2.322064013734079779e-01,5.096978430631476931e-02
1.344000000000000083e+00,3.552713678800500929e-15,3.192821282373850544e-01,3.142636399291676846e-02
1.346000000000000085e+00,3.552713678800500929e-15,5.231169535888410271e-01,2.596627650441903773e-02
1.348000000000000087e+00,3.552713678800500929e-15,8.699020591036410455e-02,4.755987273005123084e-02
1.350000000000000089e+00,4.440892098500626162e-15,3.417877355151632268e-01,4.641414398781790879e-02
1.352000000000000091e+00,7.105427357601001859e-15,3.897372570386208046e-02,5.277398362615108585e-02
1.354000000000000092e+00,2.664535259100375697e-15,3.118005716469178790e-01,3.480992522115221310e-02
1.356000000000000094e+00,3.552713678800500929e-15,2.543510089365177418e-01,4.722459102753796822e-02
1.358000000000000096e+00,4.440892098500626162e-15,8.944779675287366227e-02,4.450477704048807354e-02
1.360000000000000098e+00,8.881784197001252323e-15,2.690578010715176105e-01,4.075895761352472946e-02
1.362000000000000099e+00,2.664535259100375697e-15,7.509168122501748421e-02,4.987213121252027925e-02
1.364000000000000101e+00,7.105427357601001859e-15,2.103297869607797244e-01,3.855010554031298997e-02
1.366000000000000103e+00,1.776356839400250465e-15,3.577167939754273829e-01,4.205546599450261935e-02
1.368000000000000105e+00,2.664535259100375697e-15,4.421671876295100306e-02,4.766551839729689377e-02
1.370000000000000107e+00,1.776356839400250465e-15,2.688949866506809006e-01,3.925975116927819114e-02
1.372000000000000108e+00,7.993605777301127091e-15,5.617752361704972941e-01,2.888476503083543812e-02
1.374000000000000110e+00,8.881784197001252323e-16,3.376889421604963304e-01,3.884028617719234577e-02
1.376000000000000112e+00,8.881784197001252323e-16,4.273661069418912550e-01,3.932191448357263280e-02
1.378000000000000114e+00,0.000000000000000000e+00,5.662176147888806771e-02,4.681167880517637242e-02
1.380000000000000115e+00,1.154631945610162802e-14,3.042922280338739571e-01,4.946850453701238937e-02
1.382000000000000117e+00,8.881784197001252323e-16,1.856028465234269287e-01,3.015272902872820696e-02
1.384000000000000119e+00,7.993605777301127091e-15,3.895716291376485896e-01,4.226042044774169087e-02
1.386000000000000121e+00,8.881784197001252323e-15,2.971020832425268487e-01,5.619642729979467538e-02
1.388000000000000123e+00,1.776356839400250465e-15,3.472695527024763362e-01,3.946493351069296773e-02
1.390000000000000124e+00,0.000000000000000000e+00,2.737079851421609367e-01,4.575982074151742351e-02
1.392000000000000126e+00,3.552713678800500929e-15,6.089769338253098185e-02,4.371804370104481752e-02
1.394000000000000128e+00,7.993605777301127091e-15,1.798205087807806246e-01,5.975806075320021921e-02
1.396000000000000130e+00,6.217248937900876626e-15,2.925976967251556204e-01,6.207474902970683966e-02
1.398000000000000131e+00,4.440892098500626162e-15,3.709421919917574306e-02,4.775876572282464899e-02
1.400000000000000133e+00,2.664535259100375697e-15,2.597638097091278797e-01,5.681213998508660712e-02
1.402000000000000135e+00,8.881784197001252323e-16,7.773641045787078874e-02,2.980277540601825731e-02
1.404000000000000137e+00,1.776356839400250465e-15,2.987349769417034229e-01,6.268741927152388094e-02
1.406000000000000139e+00,7.105427357601001859e-15,4.174769125621695665e-01,3.946568880742705454e-02
1.407999999999999918e+00,1.154631945610162802e-14,3.639592662257000177e-01,4.184134612635916767e-02
1.409999999999999920e+00,6.217248937900876626e-15,3.097140716946774064e-01,6.091365084779092748e-02
1.411999999999999922e+00,2.664535259100375697e-15,2.478938915955727074e-01,6.025324353765816598e-02
1.413999999999999924e+00,1.953992523340275511e-14,8.864773179883338183e-02,5.349875114107331686e-02
1.415999999999999925e+00,2.664535259100375697e-15,3.893647024372759446e-01,4.341972990078447198e-02
1.417999999999999927e+00,8.881784197001252323e-16,1.116489004194449186e-01,5.390853004722112596e-02
1.419999999999999929e+00,8.881784197001252323e-16,1.190116782551186025e-01,6.433134151976760418e-02
1.421999999999999931e+00,4.440892098500626162e-15,2.435642222908189838e-02,6.456754559252109171e-02
1.423999999999999932e+00,8.881784197001252323e-15,1.686306290074953418e-01,3.204427888558085413e-02
1.425999999999999934e+00,8.881784197001252323e-16,2.573349633871505060e-01,6.305154606133951678e-02
1.427999999999999936e+00,3.552713678800500929e-15,2.881902118326307716e-01,4.125307570204075902e-02
1.429999999999999938e+00,9.769962616701377556e-15,1.173312470753875153e-01,4.215767890865129014e-02
1.431999999999999940e+00,1.776356839400250465e-15,3.205439870906364175e-01,5.602900127642346240e-02
1.433999999999999941e+00,2.664535259100375697e-15,1.326539992052480910e-01,6.316960302081933709e-02
1.435999999999999943e+00,6.217248937900876626e-15,1.747127212730600343e-01,6.923403272229161631e-02
1.437999999999999945e+00,5.329070518200751394e-15,4.106973908960723924e-02,6.340785310142628417e-02
1.439999999999999947e+00,1.776356839400250465e-15,3.547759187806451830e-01,5.097687563895769020e-02
1.441999999999999948e+00,0.000000000000000000e+00,3.979284018768698417e-01,4.515069795063129249e-02
1.443999999999999950e+00,7.105427357601001859e-15,2.703337979651264031e-02,4.190053894944933965e-02
1.445999999999999952e+00,4.440892098500626162e-15,2.338305192057121840e-01,3.938407323231058604e-02
1.447999999999999954e+00,0.000000000000000000e+00,1.410447443134473788e-01,5.552519642855046483e-02
1.449999999999999956e+00,1.065814103640150279e-14,2.892245640428084755e-02,5.299093329143512304e-02
1.451999999999999957e+00,1.421085471520200372e-14,1.061274719929841126e-01,7.596648612141407297e-02
1.453999999999999959e+00,8.881784197001252323e-16,2.388289856514891618e-01,6.458586464330565158e-02
1.455999999999999961e+00,4.440892098500626162e-15,2.947138422537720973e-02,8.004965471507290153e-02
1.457999999999999963e+00,1.776356839400250465e-15,3.188994311191085673e-01,6.888842981153731060e-02
1.459999999999999964e+00,1.154631945610162802e-14,2.266219946743766034e-01,6.871563251630190272e-02
1.461999999999999966e+00,8.881784197001252323e-16,1.846482241705638960e-01,5.025059496462624259e-02
1.463999999999999968e+00,3.552713678800500929e-15,6.382746114759492440e-02,7.245474994221796916e-02
1.465999999999999970e+00,8.881784197001252323e-16,2.885366236864532197e-01,5.161239101156422926e-02
1.467999999999999972e+00,2.664535259100375697e-15,2.690044764980617509e-01,5.398017343782478272e-02
1.469999999999999973e+00,8.881784197001252323e-16,2.698119018270683234e-01,6.686552216254360026e-02
1.471999999999999975e+00,8.881784197001252323e-16,4.630670752478036611e-01,3.897773385565883597e-02
1.473999999999999977e+00,0.000000000000000000e+00,2.059679022520024758e-02,5.859839355474365935e-02
1.475999999999999979e+00,8.881784197001252323e-16,3.163943159876418942e-01,5.774880698026167714e-02
1.477999999999999980e+00,0.000000000000000000e+00,2.458286927042359349e-01,6.018715974698463783e-02
1.479999999999999982e+00,1.776356839400250465e-15,5.673241803009850814e-01,3.908976134906157890e-02
1.481999999999999984e+00,1.776356839400250465e-15,5.609105949316332655e-03,8.357607318575024924e-02
1.483999999999999986e+00,1.776356839400250465e-15,3.097753969077460812e-01,7.190440383197972685e-02
1.485999999999999988e+00,7.105427357601001859e-15,4.061687237554781338e-01,5.071779026921267169e-02
1.487999999999999989e+00,8.881784197001252323e-16,6.003988186596912469e-01,3.842968106635751002e-02
1.489999999999999991e+00,8.881784197001252323e-16,4.426683452731568491e-01,4.360094111799336924e-02
1.491999999999999993e+00,8.881784197001252323e-16,4.542068468544818716e-02,6.477069539175678292e-02
1.493999999999999995e+00,2.664535259100375697e-15,2.284284721237732629e-01,7.462997105336831305e-02
1.495999999999999996e+00,1.776356839400250465e-15,3.357671782127475413e-01,4.236286014982012377e-02
1.497999999999999998e+00,6.217248937900876626e-15,6.434516809591693531e-02,6.961168166949786851e-02
1.500000000000000000e+00,0.000000000000000000e+00,4.248363761217612833e-01,5.882569005208563434e-02
1.502000000000000002e+00,2.664535259100375697e-15,2.988539133372996037e-01,5.106294908224205675e-02
1.504000000000000004e+00,0.000000000000000000e+00,8.600034686797219941e-02,7.393864875897208921e-02
1.506000000000000005e+00,7.993605777301127091e-15,2.520008965665254674e-01,5.048513816715912567e-02
1.508000000000000007e+00,5.329070518200751394e-15,5.324274881924985214e-01,4.625533674669238954e-02
1.510000000000000009e+00,1.065814103640150279e-14,2.603936938485511554e-01,6.994580214425757947e-02
1.512000000000000011e+00,5.329070518200751394e-15,3.348044420301468649e-01,5.709222979857962038e-02
1.514000000000000012e+00,3.552713678800500929e-15,1.007270429102526260e-01,7.900458046534522549e-02
1.516000000000000014e+00,8.881784197001252323e-15,2.728026025372047858e-01,5.904447638502464263e-02
1.518000000000000016e+00,7.105427357601001859e-15,1.102973244308279033e-01,6.638655373671428772e-02
1.520000000000000018e+00,6.217248937900876626e-15,2.911673621087090824e-02,8.028606190339941662e-02
1.522000000000000020e+00,2.664535259100375697e-15,1.535025389826568352e-02,8.745660845791321247e-02
1.524000000000000021e+00,8.881784197001252323e-16,3.696461778753931671e-02,5.687379972552123603e-02
1.526000000000000023e+00,7.993605777301127091e-15,3.220812233551979542e-01,5.570334340451216226e-02
1.528000000000000025e+00,1.776356839400250465e-15,2.445061170095560177e-01,7.252381466393707787e-02
1.530000000000000027e+00,8.881784197001252323e-16,1.357031063093119654e-02,8.349026776503742919e-02
1.532000000000000028e+00,0.000000000000000000e+00,2.745328493958834049e-01,5.842999793271781012e-02
1.534000000000000030e+00,9.769962616701377556e-15,1.017787846634583548e-01,6.638067133756327121e-02
1.536000000000000032e+00,1.776356839400250465e-15,2.327486260475802593e-01,7.057228955552588556e-02
1.538000000000000034e+00,7.105427357601001859e-15,2.910484829330989842e-01,5.272857491713282135e-02
1.540000000000000036e+00,9.769962616701377556e-15,4.918151540055225313e-03,9.519126004244858608e-02
1.542000000000000037e+00,0.000000000000000000e+00,5.608623160078299308e-02,5.714921120036813712e-02
1.544000000000000039e+00,7.993605777301127091e-15,1.126561113082949345e-01,8.853862972362731842e-02
1.546000000000000041e+00,1.776356839400250465e-15,3.682320400034960195e-01,6.804495858876567771e-02
1.548000000000000043e+00,3.552713678800500929e-15,7.668744856872766746e-02,8.617645843571801467e-02
1.550000000000000044e+00,5.329070518200751394e-15,3.104151499241312728e-01,7.655888597841599419e-02
1.552000000000000046e+00,2.664535259100375697e-15,3.388193301266088919e-02,7.946296854116219333e-02
1.554000000000000048e+00,8.881784197001252323e-16,1.741071417011927662e-03,8.091800745609588341e-02
1.556000000000000050e+00,0.000000000000000000e+00,9.102953037833887151e-02,6.485525044470676070e-02
1.558000000000000052e+00,2.664535259100375697e-15,2.754238108294915222e-01,7.161515679117376465e-02
1.560000000000000053e+00,8.881784197001252323e-16,2.057974891030788511e-01,7.162863643189251728e-02
1.562000000000000055e+00,6.217248937900876626e-15,3.175011158070697448e-01,6.958356157142858711e-02
1.564000000000000057e+00,2.664535259100375697e-15,2.887136179309930314e-02,7.855445642918282290e-02
1.566000000000000059e+00,3.552713678800500929e-15,6.084768762439508594e-01,4.502887833996678524e-02
1.568000000000000060e+00,8.881784197001252323e-16,1.423760741540097130e-01,8.544004210013665668e-02
1.570000000000000062e+00,5.329070518200751394e-15,2.359779509550598287e-01,4.749477234800556641e-02
1.572000000000000064e+00,1.154631945610162802e-14,8.534754603343204515e-02,8.605836442286304844e-02
1.574000000000000066e+00,1.065814103640150279e-14,3.596397906710667169e-01,7.903230734860559881e-02
1.576000000000000068e+00,0.000000000000000000e+00,3.809384468083991671e-01,5.328331309783016639e-02
1.578000000000000069e+00,4.440892098500626162e-15,7.057675544385418054e-02,9.348721405515508787e-02
1.580000000000000071e+00,1.776356839400250465e-15,1.039321488562029439e-01,7.203229669448071859e-02
1.582000000000000073e+00,7.105427357601001859e-15,2.090508922280455428e-01,8.353525313901150051e-02
1.584000000000000075e+00,4.440892098500626162e-15,2.945820354941384722e-01,8.566062377167595054e-02
1.586000000000000076e+00,7.993605777301127091e-15,2.832619910077420200e-01,8.416113032127689464e-02
1.588000000000000078e+00,4.440892098500626162e-15,5.834218162149729103e-02,7.515692635064760707e-02
1.590000000000000080e+00,8.881784197001252323e-16,4.483124890767573728e-02,6.508306388298933098e-02
1.592000000000000082e+00,3.552713678800500929e-15,9.859408931031561629e-02,6.881182846760787453e-02
1.594000000000000083e+00,6.217248937900876626e-15,3.740584973778133399e-02,8.402360057370537871e-02
1.596000000000000085e+00,4.440892098500626162e-15,1.309993210179365847e-02,8.904259087442945031e-02
1.598000000000000087e+00,2.664535259100375697e-15,7.543590941761819935e-02,8.338854452204776113e-02
1.600000000000000089e+00,8.881784197001252323e-16,2.828419040410086738e-01,7.701333578298846794e-02
1.602000000000000091e+00,5.329070518200751394e-15,1.670423096074472036e-03,9.683996358678477467e-02
1.604000000000000092e+00,7.993605777301127091e-15,1.742477427897133335e-01,8.762680742362273512e-02
1.606000000000000094e+00,4.440892098500626162e-15,1.188533437294763545e-01,8.437893976890449566e-02
1.608000000000000096e+00,7.105427357601001859e-15,6.280754349283218518e-01,4.399201759674871426e-02
1.610000000000000098e+00,1.154631945610162802e-14,3.247701594410114523e-01,7.588682331900538369e-02
1.612000000000000099e+00,8.881784197001252323e-15,4.082823373452028615e-01,5.242823188717796873e-02
1.614000000000000101e+00,4.440892098500626162e-15,1.635904747390631575e-01,8.302408464332322602e-02
1.616000000000000103e+00,4.440892098500626162e-15,6.101229500757549690e-02,1.007714644766573575e-01
1.618000000000000105e+00,3.552713678800500929e-15,8.530941150045262544e-02,9.732133995622481437e-02
1.620000000000000107e+00,7.105427357601001859e-15,2.000610432829375007e-02,7.124273071242162580e-02
1.622000000000000108e+00,8.881784197001252323e-15,1.373303198701373608e-02,7.642706267522916819e-02
1.624000000000000110e+00,5.329070518200751394e-15,4.372656638887524316e-01,7.247328431792389447e-02
1.626000000000000112e+00,0.000000000000000000e+00,3.831348556374594705e-01,7.818373772887564355e-02
1.628000000000000114e+00,1.776356839400250465e-15,3.528507634515720137e-01,5.863367889626942137e-02
1.630000000000000115e+00,7.105427357601001859e-15,1.045948249137904490e-01,6.162323307607640160e-02
1.632000000000000117e+00,3.552713678800500929e-15,1.390670842168363064e-01,7.567118217627684384e-02
1.634000000000000119e+00,7.105427357601001859e-15,4.516225933725523944e-01,5.950562022829937459e-02
1.636000000000000121e+00,1.776356839400250465e-15,2.330059045356151215e-01,8.861236509424585961e-02
1.638000000000000123e+00,1.421085471520200372e-14,3.237910244886408329e-01,8.725419711922964561e-02
1.640000000000000124e+00,0.000000000000000000e+00,1.298029512837677590e-01,6.172398151767561486e-02
1.642000000000000126e+00,5.329070518200751394e-15,3.190576894849979639e-01,4.800500123622843812e-02
1.644000000000000128e+00,1.598721155460225418e-14,9.588402706247234342e-02,9.883490219643099872e-02
1.646000000000000130e+00,3.552713678800500929e-15,1.629915119133794887e-01,7.359871754431696056e-02
1.648000000000000131e+00,1.776356839400250465e-15,8.511992041623352157e-02,8.722355514239334140e-02
1.650000000000000133e+00,5.329070518200751394e-15,2.881588166622900404e-04,7.323208158854392635e-02
1.652000000000000135e+00,7.105427357601001859e-15,5.687947018886234662e-01,5.835989474074958910e-02
1.654000000000000137e+00,3.552713678800500929e-15,7.415096976404855766e-02,1.069768888315199423e-01
1.656000000000000139e+00,0.000000000000000000e+00,3.358226475037315306e-01,6.406336797601508426e-02
1.658000000000000140e+00,7.105427357601001859e-15,2.470469174763115505e-01,7.183747542048506129e-02
1.660000000000000142e+00,7.105427357601001859e-15,1.861330123973848616e-01,5.385778288576326123e-02
1.662000000000000144e+00,3.552713678800500929e-15,3.473865128832845459e-03,1.103452383918232110e-01
1.664000000000000146e+00,0.000000000000000000e+00,5.934838717638014211e-02,1.065435260185353256e-01
1.665999999999999925e+00,0.000000000000000000e+00,2.681554637726713541e-01,6.517511498760818200e-02
1.667999999999999927e+00,5.329070518200751394e-15,1.104580248764252121e-01,9.800969114938939963e-02
1.669999999999999929e+00,8.881784197001252323e-15,1.918622113000301513e-02,8.754469497519019872e-02
1.671999999999999931e+00,8.881784197001252323e-15,2.826174228641336605e-01,5.893195380671715361e-02
1.673999999999999932e+00,0.000000000000000000e+00,2.806478687567899866e-01,8.125362165335678344e-02
1.675999999999999934e+00,5.329070518200751394e-15,6.803958261207461444e-02,9.760515404903917502e-02
1.677999999999999936e+00,1.243449787580175325e-14,3.492278963329300545e-01,8.069816327795160948e-02
1.679999999999999938e+00,1.065814103640150279e-14,2.510704334825264450e-01,8.156592074449735275e-02
1.681999999999999940e+00,3.552713678800500929e-15,2.143700586763436500e-01,8.300730569729988795e-02
1.683999999999999941e+00,5.329070518200751394e-15,2.443120368150374366e-01,1.030710616302317195e-01
1.685999999999999943e+00,7.105427357601001859e-15,9.196870021276774831e-02,1.013008242422354238e-01
1.687999999999999945e+00,0.000000000000000000e+00,1.455576496839289524e-01,6.655339579919081205e-02
1.689999999999999947e+00,5.329070518200751394e-15,9.191437243414272984e-02,1.022436115634514503e-01
1.691999999999999948e+00,5.329070518200751394e-15,1.510964310717145265e-01,1.022550601968419820e-01
1.693999999999999950e+00,1.065814103640150279e-14,2.868405833055710005e-03,9.242125824504567044e-02
1.695999999999999952e+00,0.000000000000000000e+00,3.334638459012388700e-02,8.623027438024000180e-02
1.697999999999999954e+00,0.000000000000000000e+00,3.235969988281064188e-03,8.834734467698891758e-02
1.699999999999999956e+00,3.552713678800500929e-15,1.083752692846938620e-01,7.639617383801673711e-02
1.701999999999999957e+00,3.552713678800500929e-15,4.473417710868008990e-01,7.547645689414735071e-02
1.703999999999999959e+00,3.552713678800500929e-15,4.831312801211400942e-01,6.114965300057647463e-02
1.705999999999999961e+00,3.552713678800500929e-15,3.560224907751998735e-01,6.192105330907787808e-02
1.707999999999999963e+00,1.421085471520200372e-14,1.024224465102692577e-01,1.031625531205768997e-01
1.709999999999999964e+00,0.000000000000000000e+00,2.644047418786358850e-01,9.617398981156924376e-02
1.711999999999999966e+00,8.881784197001252323e-15,8.483818500516566996e-02,9.166200394160670117e-02
1.713999999999999968e+00,8.881784197001252323e-15,4.873469602445091309e-01,7.812667541388322590e-02
1.715999999999999970e+00,7.105427357601001859e-15,2.939754947755934267e-01,8.003986870687176958e-02
1.717999999999999972e+00,1.776356839400250465e-15,1.186124164198775199e-01,1.060626460935078508e-01
1.719999999999999973e+00,0.000000000000000000e+00,2.153075751718965813e-01,8.821070969422264985e-02
1.721999999999999975e+00,0.000000000000000000e+00,2.521419474522474391e-01,6.533272276851528892e-02
1.723999999999999977e+00,1.776356839400250465e-15,5.735004362205322476e-02,1.103290798101238118e-01
1.725999999999999979e+00,5.329070518200751394e-15,5.759978011255223462e-01,5.639525000495369117e-02
1.727999999999999980e+00,0.000000000000000000e+00,3.476308848733725837e-02,7.283662675568942924e-02
1.729999999999999982e+00,5.329070518200751394e-15,2.364038704302205696e-01,1.002042136216369783e-01
1.731999999999999984e+00,5.329070518200751394e-15,2.350883616248860067e-02,1.045257024919048205e-01
1.733999999999999986e+00,1.776356839400250465e-15,3.771269881277976577e-01,5.971353448949139747e-02
1.735999999999999988e+00,1.776356839400250465e-15,5.055608902786762338e-02,8.673066447112522115e-02
1.737999999999999989e+00,1.776356839400250465e-15,2.607570826327262892e-01,1.063408495467414727e-01
1.739999999999999991e+00,5.329070518200751394e-15,1.803721103159398875e-01,1.075733960286603813e-01
1.741999999999999993e+00,3.552713678800500929e-15,3.209456896602882470e-01,7.578139644097021954e-02
1.743999999999999995e+00,5.329070518200751394e-15,4.928004830780174372e-01,6.269059841331697802e-02
1.745999999999999996e+00,8.881784197001252323e-15,1.379637964528334371e-01,7.262505987018150200e-02
1.747999999999999998e+00,2.309263891220325604e-14,1.471904112244983021e-01,1.027012378454912056e-01
1.750000000000000000e+00,0.000000000000000000e+00,7.671421628333836840e-02,9.091704409213140214e-02
1.752000000000000002e+00,3.552713678800500929e-15,1.848130595686926225e-01,1.116188097122460671e-01
1.754000000000000004e+00,5.329070518200751394e-15,3.223376581654915363e-01,8.790442926084679476e-02
1.756000000000000005e+00,3.552713678800500929e-15,6.848247996254265557e-02,1.125717654582650967e-01
1.758000000000000007e+00,0.000000000000000000e+00,4.204246508980855057e-01,7.663332233717116970e-02
1.760000000000000009e+00,3.552713678800500929e-15,3.517052823011355689e-01,1.023966263620523925e-01
1.762000000000000011e+00,3.552713678800500929e-15,1.858350731572634695e-01,7.113332774793995616e-02
1.764000000000000012e+00,7.105427357601001859e-15,1.701269053494891548e-01,1.003531810456197576e-01
1.766000000000000014e+00,3.552713678800500929e-15,1.423475109927191673e-01,1.039586739362459017e-01
1.768000000000000016e+00,3.552713678800500929e-15,1.246252922204643676e-01,8.975920548500550267e-02
1.770000000000000018e+00,1.776356839400250465e-15,6.963630501214561341e-02,7.675750856902437136e-02
1.772000000000000020e+00,3.552713678800500929e-15,2.385620583928562688e-01,1.084933206452652760e-01
1.774000000000000021e+00,5.329070518200751394e-15,3.345642305186524723e-01,6.546387388594014645e-02
1.776000000000000023e+00,5.329070518200751394e-15,1.107663435343093639e-01,7.182440627818117984e-02
1.778000000000000025e+00,5.329070518200751394e-15,3.677149352868669396e-02,1.127824396457080269e-01
1.780000000000000027e+00,5.329070518200751394e-15,1.258085564114987120e-01,6.650317441778789973e-02
1.782000000000000028e+00,1.776356839400250465e-15,7.638956910913059783e-02,6.986804219043868391e-02
1.784000000000000030e+00,1.421085471520200372e-14,1.683952957221245550e-01,1.133214312242414590e-01
1.786000000000000032e+00,0.000000000000000000e+00,1.158028494191227775e-01,9.983416245010207080e-02
1.788000000000000034e+00,0.000000000000000000e+00,4.862206121979578688e-02,1.166167599193075055e-01
1.790000000000000036e+00,0.000000000000000000e+00,8.414266223939027844e-02,1.083489349168082067e-01
1.792000000000000037e+00,8.881784197001252323e-15,1.912288930670920095e-01,1.027602787146491697e-01
1.794000000000000039e+00,1.776356839400250465e-15,3.027320352258350833e-01,9.168398202010025200e-02
1.796000000000000041e+00,3.552713678800500929e-15,1.416653370012750934e-01,1.011962862087271292e-01
1.798000000000000043e+00,8.881784197001252323e-15,3.539506228929265585e-01,1.069336650736756600e-01
1.800000000000000044e+00,1.421085471520200372e-14,2.216601486530015708e-01,1.020411326700892546e-01
1.802000000000000046e+00,1.776356839400250465e-15,3.091701263675081246e-01,1.155602532445956093e-01
1.804000000000000048e+00,3.552713678800500929e-15,1.512322529718017616e-01,1.167729795127133707e-01
1.806000000000000050e+00,5.329070518200751394e-15,3.805724947136910896e-01,8.177139099539945666e-02
1.808000000000000052e+00,1.243449787580175325e-14,4.459643227178733405e-04,9.939311774939552091e-02
1.810000000000000053e+00,5.329070518200751394e-15,1.084068717830165146e-01,8.901746823318663904e-02
1.812000000000000055e+00,0.000000000000000000e+00,1.338774271212550826e-01,1.065822378407709631e-01
1.814000000000000057e+00,8.881784197001252323e-15,8.917611986028413373e-02,1.192263095203334039e-01
1.816000000000000059e+00,1.776356839400250465e-15,2.871457666076784876e-02,1.041804798449830899e-01
1.818000000000000060e+00,8.881784197001252323e-15,2.670899491288677985e-01,1.050389478597880955e-01
1.820000000000000062e+00,8.881784197001252323e-15,4.940407188577342068e-01,7.080964377344485527e-02
1.822000000000000064e+00,5.329070518200751394e-15,1.572479593300916412e-01,7.219813652466394727e-02
1.824000000000000066e+00,5.329070518200751394e-15,1.193735935156973182e-01,9.472549477969334497e-02
1.826000000000000068e+00,3.552713678800500929e-15,5.545845033328756779e-01,6.941266156398569198e-02
1.828000000000000069e+00,0.000000000000000000e+00,3.339601648219366337e-01,9.177350548619342407e-02
1.830000000000000071e+00,3.552713678800500929e-15,2.982718872489587003e-01,9.182355721251878045e-02
1.832000000000000073e+00,1.243449787580175325e-14,9.805657125645637906e-02,8.717699839230964864e-02
1.834000000000000075e+00,3.552713678800500929e-15,1.882428023622498559e-01,7.096250969670564457e-02
1.836000000000000076e+00,0.000000000000000000e+00,5.163916759502690940e-02,1.085311251821450412e-01
1.838000000000000078e+00,5.329070518200751394e-15,3.793903105488867777e-01,1.028790423762504791e-01
1.840000000000000080e+00,3.552713678800500929e-15,1.790910055432849701e-01,1.231727113219630021e-01
1.842000000000000082e+00,1.243449787580175325e-14,1.317668465210611317e-01,7.273519350346431545e-02
1.844000000000000083e+00,8.881784197001252323e-15,2.936356452660420779e-01,9.107823517198382346e-02
1.846000000000000085e+00,5.329070518200751394e-15,3.470156144253444541e-03,9.955492401151545823e-02
1.848000000000000087e+00,1.776356839400250465e-15,1.079097799626318049e-01,1.004171047319116911e-01
1.850000000000000089e+00,7.105427357601001859e-15,4.902623469688272562e-01,8.018382310482786990e-02
1.852000000000000091e+00,8.881784197001252323e-15,2.578132864336793451e-01,1.060258638161591382e-01
1.854000000000000092e+00,1.243449787580175325e-14,1.175554590363286911e-01,9.366074162027274164e-02
1.856000000000000094e+00,0.000000000000000000e+00,7.031362896149646879e-02,1.281259343924647243e-01
1.858000000000000096e+00,0.000000000000000000e+00,3.795366595938240994e-01,8.298344547824604289e-02
1.860000000000000098e+00,0.000000000000000000e+00,1.035721298454495704e-01,7.508712060094024920e-02
1.862000000000000099e+00,3.552713678800500929e-15,9.137209706308781210e-02,9.950893432675006478e-02
1.864000000000000101e+00,3.552713678800500929e-15,1.474493199791933884e-01,9.101881474307078890e-02
1.866000000000000103e+00,1.776356839400250465e-15,2.479810104986538144e-01,9.525693302008757246e-02
1.868000000000000105e+00,5.329070518200751394e-15,1.560949800085278116e-01,6.435744709128567165e-02
1.870000000000000107e+00,7.105427357601001859e-15,2.411215874226474709e-01,1.178058305512861836e-01
1.872000000000000108e+00,5.329070518200751394e-15,1.237445494352713560e-01,1.123248219874332515e-01
1.874000000000000110e+00,3.552713678800500929e-15,4.624004307091656579e-02,9.817946023486695539e-02
1.876000000000000112e+00,3.552713678800500929e-15,3.093564833868617803e-01,1.210346567468496698e-01
1.878000000000000114e+00,1.776356839400250465e-15,6.287713628595911763e-02,7.447085236045149215e-02
1.880000000000000115e+00,1.243449787580175325e-14,2.117023998681918373e-01,1.196976923614367083e-01
1.882000000000000117e+00,5.329070518200751394e-15,3.862447188320873299e-04,1.163463475236291012e-01
1.884000000000000119e+00,1.776356839400250465e-15,5.254221426333623990e-01,7.143275375512946057e-02
1.886000000000000121e+00,0.000000000000000000e+00,2.743736571660035928e-01,9.747298939690442199e-02
1.888000000000000123e+00,5.329070518200751394e-15,5.243068343123625796e-01,7.973924433583810811e-02
1.890000000000000124e+00,7.105427357601001859e-15,1.120145902525144198e-02,9.418012509650086628e-02
1.892000000000000126e+00,0.000000000000000000e+00,2.472235066125151506e-03,1.267636728138338831e-01
1.894000000000000128e+00,7.105427357601001859e-15,1.478573276899160238e-01,1.268500581699261165e-01
1.896000000000000130e+00,5.329070518200751394e-15,4.235031630364586436e-02,1.179377309746119512e-01
1.898000000000000131e+00,1.243449787580175325e-14,2.475958526217352240e-01,1.183416594880723205e-01
1.900000000000000133e+00,1.065814103640150279e-14,1.010062460349629883e-02,1.138806854955690812e-01
1.902000000000000135e+00,1.776356839400250465e-15,4.522703282227089061e-02,1.291123708021398864e-01
1.904000000000000137e+00,3.552713678800500929e-15,1.086441681464811876e-01,9.615634245275264669e-02
1.906000000000000139e+00,7.105427357601001859e-15,1.051420773034695139e-01,1.064049167267302198e-01
1.908000000000000140e+00,8.881784197001252323e-15,5.593941994400616902e-02,1.433884336357233447e-01
1.910000000000000142e+00,5.329070518200751394e-15,3.670329175588816217e-01,8.223061308407969561e-02
1.912000000000000144e+00,1.776356839400250465e-15,1.055510195182162159e-01,1.152420450867871204e-01
1.914000000000000146e+00,7.105427357601001859e-15,3.033191693662543043e-01,1.144521262039938786e-01
1.916000000000000147e+00,1.776356839400250465e-15,4.731623881220883149e-02,1.179751429439400562e-01
1.918000000000000149e+00,1.776356839400250465e-15,2.356066734427817722e-01,1.315856232852443131e-01
1.919999999999999929e+00,7.105427357601001859e-15,2.351278236636719365e-01,1.280748118133861746e-01
1.921999999999999931e+00,1.776356839400250465e-15,3.633094771892733665e-01,9.931630931413336361e-02
1.923999999999999932e+00,1.776356839400250465e-15,3.221237789052891487e-01,9.890779805831820259e-02
1.925999999999999934e+00,1.776356839400250465e-15,2.803851345458496236e-01,8.953490134038005754e-02
1.927999999999999936e+00,3.552713678800500929e-15,1.964996941654399143e-01,1.322331854725516398e-01
1.929999999999999938e+00,1.776356839400250465e-15,3.667872919242270435e-01,7.418181095033445083e-02
1.931999999999999940e+00,1.776356839400250465e-15,3.903492435707819896e-01,8.155618507542511386e-02
1.933999999999999941e+00,5.329070518200751394e-15,3.301353557733518324e-02,7.355718229619695459e-02
1.935999999999999943e+00,3.552713678800500929e-15,2.799504609997436888e-01,1.065891944895654142e-01
1.937999999999999945e+00,1.421085471520200372e-14,3.239877381932150247e-01,1.096462643607169080e-01
1.939999999999999947e+00,1.776356839400250465e-15,1.241516484705514484e-01,1.379234796197959800e-01
1.941999999999999948e+00,1.776356839400250465e-15,5.001212708589201084e-01,8.783705609271674764e-02
1.943999999999999950e+00,5.329070518200751394e-15,4.940683917929044600e-01,8.964766228994615338e-02
1.945999999999999952e+00,5.329070518200751394e-15,1.420460746455597667e-01,1.386950543887153220e-01
1.947999999999999954e+00,0.000000000000000000e+00,5.036616058462438650e-01,9.685882577774221347e-02
1.949999999999999956e+00,5.329070518200751394e-15,2.080497693580856122e-01,1.064848245311741382e-01
1.951999999999999957e+00,1.776356839400250465e-15,4.893386708984178157e-01,8.849429125359130344e-02
1.953999999999999959e+00,7.105427357601001859e-15,1.949726560997290525e-02,1.307322610542006880e-01
1.955999999999999961e+00,0.000000000000000000e+00,1.037541973823482150e-01,1.149033789880499201e-01
1.957999999999999963e+00,7.105427357601001859e-15,2.908415296747731138e-01,1.267747690885734635e-01
1.959999999999999964e+00,0.000000000000000000e+00,2.197776556703035788e-01,1.077991246097493444e-01
1.961999999999999966e+00,1.776356839400250465e-15,1.983922323317696412e-01,9.401543304683838975e-02
1.963999999999999968e+00,1.776356839400250465e-15,8.494102133477610117e-02,1.115100979484195398e-01
1.965999999999999970e+00,3.552713678800500929e-15,5.902456405888601987e-01,7.760224324796151374e-02
1.967999999999999972e+00,7.105427357601001859e-15,1.653743405293718327e-01,1.282765869421318983e-01
1.969999999999999973e+00,3.552713678800500929e-15,2.606675085031305850e-01,1.198357320228440742e-01
1.971999999999999975e+00,1.776356839400250465e-15,2.289381119820593502e-01,1.352058641840898634e-01
1.973999999999999977e+00,1.065814103640150279e-14,2.931476384445236838e-01,1.211522356097278902e-01
1.975999999999999979e+00,1.776356839400250465e-14,1.007776218397413298e-01,1.025293831266670674e-01
1.977999999999999980e+00,1.776356839400250465e-15,5.161577929778643492e-01,8.636645376931689766e-02
1.979999999999999982e+00,1.776356839400250465e-15,1.028307721896544180e-01,1.255419650073194560e-01
1.981999999999999984e+00,5.329070518200751394e-15,3.329964313750528593e-01,1.370141772633689803e-01
1.983999999999999986e+00,0.000000000000000000e+00,4.163686800184676629e-01,1.079080164283508642e-01
1.985999999999999988e+00,7.105427357601001859e-15,2.807822480716796743e-01,1.316217255976547540e-01
1.987999999999999989e+00,1.776356839400250465e-15,4.688211761854608750e-01,9.793206344279523079e-02
1.989999999999999991e+00,1.776356839400250465e-15,3.345336896093084600e-01,1.141979583801230741e-01
1.991999999999999993e+00,5.329070518200751394e-15,4.945172282999456964e-02,1.490116464680488473e-01
1.993999999999999995e+00,0.000000000000000000e+00,1.205484512800499980e-01,1.277103567775830228e-01
1.995999999999999996e+00,3.552713678800500929e-15,4.166245678445281569e-03,1.362037369013804899e-01
1.997999999999999998e+00,1.776356839400250465e-15,4.499810590879746441e-01,1.062144257258926250e-01
2.000000000000000000e+00,7.105427357601001859e-15,3.267279360419125811e-02,8.188887663180094423e-02
2.002000000000000224e+00,5.329070518200751394e-15,4.512647145502995776e-03,1.530097136969358063e-01
2.004000000000000004e+00,7.105427357601001859e-15,1.205929461076532538e-01,1.027154940810578454e-01
2.006000000000000227e+00,1.065814103640150279e-14,3.696979937839685593e-01,1.179768480662532204e-01
2.008000000000000007e+00,1.776356839400250465e-15,9.296829586351414154e-02,1.173843516170715445e-01
2.010000000000000231e+00,8.881784197001252323e-15,1.128482831150264959e-01,1.469484800079018383e-01
2.012000000000000011e+00,1.776356839400250465e-15,1.137671470024098630e-01,1.426633130470700284e-01
2.014000000000000234e+00,0.000000000000000000e+00,1.988063786793995216e-02,1.147831466508976439e-01
2.016000000000000014e+00,1.243449787580175325e-14,1.771474080800797546e-01,1.082630560892920424e-01
2.018000000000000238e+00,1.776356839400250465e-15,2.460379116412702849e-01,9.568400805424238931e-02
2.020000000000000018e+00,1.776356839400250465e-15,2.440648438381362306e-01,1.358816073419552850e-01
2.022000000000000242e+00,5.329070518200751394e-15,3.263623490927321513e-01,1.189706892462562143e-01
2.024000000000000021e+00,1.776356839400250465e-15,1.479792361853928262e-01,1.345443261167338644e-01
2.026000000000000245e+00,8.881784197001252323e-15,1.963953126765146939e-01,8.810394941384271095e-02
2.028000000000000025e+00,7.105427357601001859e-15,5.222228827678799395e-02,1.255880765047927006e-01
2.030000000000000249e+00,1.065814103640150279e-14,4.099288002249374535e-02,1.040146037173897559e-01
2.032000000000000028e+00,5.329070518200751394e-15,4.850014526449524799e-01,9.877930293617523394e-02
2.034000000000000252e+00,0.000000000000000000e+00,5.597595137011775884e-02,1.431593041188231052e-01
2.036000000000000032e+00,5.329070518200751394e-15,9.968548450360464885e-02,1.213360870955033644e-01
2.038000000000000256e+00,1.065814103640150279e-14,4.225868148034477856e-01,1.187625974242299820e-01
2.040000000000000036e+00,1.776356839400250465e-15,2.792202908315773169e-02,1.256680445191005469e-01
2.042000000000000259e+00,1.953992523340275511e-14,3.356261190845353792e-01,9.331431242518636870e-02
2.044000000000000039e+00,5.329070518200751394e-15,1.179246687484820644e-01,7.974002285787772093e-02
2.046000000000000263e+00,5.329070518200751394e-15,4.997416687134352831e-01,9.229213243521629251e-02
2.048000000000000043e+00,5.329070518200751394e-15,3.107164172546146227e-02,1.554562525307834897e-01
2.049999999999999822e+00,7.105427357601001859e-15,4.272081154969978312e-01,1.199305998119391259e-01
2.052000000000000046e+00,5.329070518200751394e-15,2.179939048684352010e-01,1.139970313216353004e-01
2.053999999999999826e+00,1.776356839400250465e-15,9.165920134317079304e-02,8.663871603383707654e-02
2.056000000000000050e+00,7.105427357601001859e-15,7.986199741348781744e-02,1.068264868049253746e-01
2.057999999999999829e+00,0.000000000000000000e+00,3.617772386724445455e-01,9.254495185287647807e-02
2.060000000000000053e+00,3.552713678800500929e-15,3.795210434746184025e-01,1.093124558807348629e-01
2.061999999999999833e+00,1.776356839400250465e-15,7.436779220059512585e-02,1.287117003991810615e-01
2.064000000000000057e+00,3.552713678800500929e-15,2.708761644199381702e-01,1.325136434993761381e-01
2.065999999999999837e+00,7.105427357601001859e-15,1.103230236179385121e-01,1.225942828978126564e-01
2.068000000000000060e+00,5.329070518200751394e-15,3.465115255346043477e-01,9.983866962496341924e-02
2.069999999999999840e+00,1.776356839400250465e-15,4.900652855919700457e-01,8.914221129994734372e-02
2.072000000000000064e+00,5.329070518200751394e-15,2.704656057533540436e-01,1.077712814758028520e-01
2.073999999999999844e+00,8.881784197001252323e-15,1.899073883730173773e-01,1.489220336102507480e-01
2.076000000000000068e+00,0.000000000000000000e+00,1.434385377630245373e-01,1.461542874605044617e-01
2.077999999999999847e+00,7.105427357601001859e-15,1.189927305457597201e-01,1.476888652961931281e-01
2.080000000000000071e+00,0.000000000000000000e+00,1.141318746642013132e-01,1.313844694033532434e-01
2.081999999999999851e+00,1.421085471520200372e-14,1.050489879408580407e-01,1.608313406055208727e-01
2.084000000000000075e+00,5.329070518200751394e-15,6.123237996121450206e-03,1.405186319642311443e-01
2.085999999999999854e+00,3.552713678800500929e-15,4.098625198543365822e-01,9.050112809690906424e-02
2.088000000000000078e+00,5.329070518200751394e-15,3.347095438000886602e-01,1.191404570791974593e-01
2.089999999999999858e+00,1.776356839400250465e-15,4.802297317816299205e-01,1.023071630721872072e-01
2.092000000000000082e+00,5.329070518200751394e-15,9.851750030027844884e-02,1.299968841574879186e-01
2.093999999999999861e+00,1.776356839400250465e-15,4.127671043572093690e-01,1.117378495407007760e-01
2.096000000000000085e+00,1.776356839400250465e-15,2.036392442230260669e-01,1.258246308761849508e-01
2.097999999999999865e+00,5.329070518200751394e-15,2.147571723699076840e-01,1.086275375106488250e-01
2.100000000000000089e+00,1.776356839400250465e-15,1.574789730054942938e-01,1.406599131425857185e-01
2.101999999999999869e+00,1.598721155460225418e-14,2.006400773932424941e-01,1.434964750453018301e-01
2.104000000000000092e+00,5.329070518200751394e-15,1.152112686978872258e-01,1.634498430256624835e-01
2.105999999999999872e+00,1.776356839400250465e-15,6.674771411434081425e-02,1.512435468410280037e-01
2.108000000000000096e+00,5.329070518200751394e-15,2.766430773549401548e-02,1.566969632880128305e-01
2.109999999999999876e+00,1.776356839400250465e-15,1.021874555594666084e-01,9.755511136315180021e-02
2.112000000000000099e+00,7.105427357601001859e-15,2.917498282674940158e-01,9.634426759112948990e-02
2.113999999999999879e+00,1.776356839400250465e-15,2.816989528850743010e-02,8.548202645147934264e-02
2.116000000000000103e+00,3.552713678800500929e-15,1.513009378517819192e-01,1.303968875583675913e-01
2.117999999999999883e+00,1.243449787580175325e-14,1.841068316660270376e-01,1.393180598349442467e-01
2.120000000000000107e+00,8.881784197001252323e-15,2.760280991441638188e-02,1.528993948439157924e-01
2.121999999999999886e+00,1.776356839400250465e-15,1.064009939322915904e-01,1.491714849138547905e-01
2.124000000000000110e+00,3.552713678800500929e-15,9.854678858851275217e-03,1.492627548664464399e-01
2.125999999999999890e+00,1.953992523340275511e-14,4.195509314911786275e-02,1.366339079633668852e-01
2.128000000000000114e+00,3.552713678800500929e-15,4.655711813298759050e-01,9.639646167702291268e-02
2.129999999999999893e+00,3.552713678800500929e-15,1.675837708271169235e-01,1.305612735819926817e-01
2.132000000000000117e+00,1.776356839400250465e-15,6.506405941556645534e-01,8.589245243509635586e-02
2.133999999999999897e+00,5.329070518200751394e-15,3.432498009704513381e-02,1.385114617383539082e-01
2.136000000000000121e+00,8.881784197001252323e-15,3.063625285295308864e-01,1.039383882241199514e-01
2.137999999999999901e+00,3.552713678800500929e-15,1.882396939922861279e-01,1.097054505059227303e-01
2.140000000000000124e+00,7.105427357601001859e-15,1.481152320283658230e-01,1.351922391307458504e-01
2.141999999999999904e+00,8.881784197001252323e-15,2.702390933712862583e-02,1.012791669241868697e-01
2.144000000000000128e+00,5.329070518200751394e-15,4.923095150567709521e-01,9.653425912160375211e-02
2.145999999999999908e+00,7.105427357601001859e-15,1.848042472214993515e-01,1.464391310398217849e-01
2.148000000000000131e+00,3.552713678800500929e-15,5.136887663359749334e-01,9.303391394661163216e-02
2.149999999999999911e+00,7.105427357601001859e-15,4.950140303282277165e-01,1.099503043504077709e-01
2.152000000000000135e+00,1.598721155460225418e-14,3.662088010103223823e-01,1.355380204488848273e-01
2.153999999999999915e+00,1.776356839400250465e-15,4.271316907548396991e-01,9.714652757563513319e-02
2.156000000000000139e+00,1.776356839400250465e-15,1.811756866851935988e-01,1.558531946762271303e-01
2.157999999999999918e+00,1.776356839400250465e-15,2.625549664344795087e-01,1.212774202076012248e-01
2.160000000000000142e+00,3.552713678800500929e-15,6.413415450432909115e-02,1.078553452400148049e-01
2.161999999999999922e+00,8.881784197001252323e-15,3.833819694819134982e-02,1.283495592917653638e-01
2.164000000000000146e+00,1.776356839400250465e-15,5.167009191451922279e-01,1.076384358540861258e-01
2.165999999999999925e+00,1.243449787580175325e-14,4.185310131465331263e-01,1.207769134077557177e-01
2.168000000000000149e+00,7.105427357601001859e-15,2.489526404830668185e-02,1.539818277661848811e-01
2.169999999999999929e+00,1.421085471520200372e-14,2.857678816078523809e-01,1.174329685145759500e-01
2.172000000000000153e+00,1.421085471520200372e-14,4.659763944646196365e-01,9.915079252811417887e-02
2.173999999999999932e+00,3.552713678800500929e-15,2.683870648502604261e-01,1.127999902283829681e-01
2.176000000000000156e+00,1.776356839400250465e-15,2.199792161367452037e-01,1.316961572093195421e-01
2.177999999999999936e+00,3.552713678800500929e-15,2.092004714198348048e-01,1.522752360910149261e-01
2.180000000000000160e+00,7.105427357601001859e-15,3.456117055699994139e-02,1.093227809007475820e-01
2.181999999999999940e+00,8.881784197001252323e-15,5.047819809605380570e-02,1.211285984294388635e-01
2.184000000000000163e+00,0.000000000000000000e+00,7.208239368627557264e-02,1.078550124467893140e-01
2.185999999999999943e+00,5.329070518200751394e-15,1.841325315413714359e-01,1.379177950421710541e-01
2.188000000000000167e+00,5.329070518200751394e-15,3.877714425957787259e-01,1.188603420082650353e-01
2.189999999999999947e+00,5.329070518200751394e-15,3.264292547233876851e-01,1.402029804914742828e-01
2.192000000000000171e+00,1.776356839400250465e-15,1.584126940080238244e-01,1.012434150722778814e-01
2.193999999999999950e+00,8.881784197001252323e-15,2.252254050427784579e-02,1.112023631576795207e-01
2.196000000000000174e+00,0.000000000000000000e+00,1.195657815637685140e-01,1.704342611136635266e-01
2.197999999999999954e+00,3.552713678800500929e-15,2.731813250785991836e-03,1.744027428855130513e-01
2.200000000000000178e+00,0.000000000000000000e+00,8.869152721401744877e-02,1.682536332410211610e-01
2.201999999999999957e+00,1.776356839400250465e-15,3.172736169803658801e-01,1.560687389585687368e-01
2.204000000000000181e+00,1.065814103640150279e-14,7.921281108292045625e-02,1.420351535735990267e-01
2.205999999999999961e+00,1.776356839400250465e-15,3.170181432724661907e-01,1.046739475072057807e-01
2.208000000000000185e+00,3.552713678800500929e-15,9.624656500593929687e-02,1.402855580794282742e-01
2.209999999999999964e+00,1.776356839400250465e-15,4.211240512378127687e-01,9.978449310929561611e-02
2.212000000000000188e+00,1.776356839400250465e-15,3.244295848531776882e-01,9.772405985097133707e-02
2.213999999999999968e+00,1.065814103640150279e-14,9.498638745765286551e-02,1.515747955604480335e-01
2.216000000000000192e+00,7.105427357601001859e-15,4.199043287058699114e-01,1.176015340892302558e-01
2.217999999999999972e+00,1.243449787580175325e-14,2.706630582943927443e-01,1.345548830353968106e-01
2.220000000000000195e+00,1.776356839400250465e-15,8.064012652683212601e-02,1.557571672002871499e-01
2.221999999999999975e+00,1.421085471520200372e-14,1.661668860393835214e-03,1.219645471269729803e-01
2.224000000000000199e+00,7.105427357601001859e-15,1.890729326444999803e-01,1.234932396339112060e-01
2.225999999999999979e+00,1.243449787580175325e-14,2.701210663235719886e-02,1.831412196491318811e-01
2.228000000000000203e+00,0.000000000000000000e+00,5.163978766155059574e-01,1.103307105465512611e-01
2.229999999999999982e+00,1.776356839400250465e-15,5.303281368310666655e-02,1.778776343200655086e-01
2.232000000000000206e+00,0.000000000000000000e+00,3.244180672064618243e-01,1.501534890528774813e-01
2.233999999999999986e+00,1.776356839400250465e-15,1.522502746204459634e-01,1.705790326936802159e-01
2.236000000000000210e+00,1.776356839400250465e-15,7.438180517674718162e-02,9.908899628311078345e-02
2.237999999999999989e+00,7.105427357601001859e-15,1.044594254311170117e-01,1.019198298845318956e-01
2.240000000000000213e+00,5.329070518200751394e-15,5.243647677557947695e-01,9.373492051158550942e-02
2.241999999999999993e+00,1.776356839400250465e-15,3.462438934358858522e-01,1.063493452809460699e-01
2.244000000000000217e+00,8.881784197001252323e-15,1.860259467821857512e-02,1.493481167496110429e-01
2.245999999999999996e+00,0.000000000000000000e+00,3.998876801808922132e-01,1.240446531623715792e-01
2.248000000000000220e+00,0.000000000000000000e+00,7.741022159277213821e-02,1.633488667915251880e-01
2.250000000000000000e+00,3.552713678800500929e-15,1.005711819817245029e-01,1.315715969913992534e-01
2.252000000000000224e+00,8.881784197001252323e-15,2.816109173301881152e-01,1.233642393456016451e-01
2.254000000000000004e+00,1.776356839400250465e-15,3.090700911744143076e-01,1.541427963251510158e-01
2.256000000000000227e+00,7.105427357601001859e-15,4.255231095450433959e-02,1.559174842982378739e-01
2.258000000000000007e+00,8.881784197001252323e-15,2.553630953711687190e-02,1.656178042694841646e-01
2.260000000000000231e+00,1.421085471520200372e-14,2.595610916834649173e-01,1.456173599092635829e-01
2.262000000000000011e+00,5.329070518200751394e-15,2.109876970260058382e-01,1.626238506698613195e-01
2.264000000000000234e+00,1.776356839400250465e-15,2.984265249883972237e-01,1.594896042823827076e-01
2.266000000000000014e+00,1.776356839400250465e-15,4.319738514643529231e-02,1.559498582083009843e-01
2.268000000000000238e+00,1.598721155460225418e-14,5.139420951841395802e-01,1.142937852055164599e-01
2.270000000000000018e+00,8.881784197001252323e-15,1.217017580800235504e-01,1.632082900126561875e-01
2.272000000000000242e+00,1.421085471520200372e-14,3.530951682971881223e-01,1.419254996270605251e-01
2.274000000000000021e+00,1.776356839400250465e-15,3.490979042171015595e-02,1.261507248750700083e-01
2.276000000000000245e+00,7.105427357601001859e-15,5.081370890894448822e-02,1.473676194281225149e-01
2.278000000000000025e+00,3.552713678800500929e-15,1.442746366133318414e-01,1.399686832977068418e-01
2.280000000000000249e+00,2.131628207280300558e-14,1.941398790997414803e-01,1.004379108203690557e-01
2.282000000000000028e+00,1.776356839400250465e-15,1.168725035694175851e-01,1.512908476035718652e-01
2.284000000000000252e+00,8.881784197001252323e-15,2.858824130577334865e-01,1.158395967415222633e-01
2.286000000000000032e+00,1.776356839400250465e-15,1.672714317220869162e-01,1.610476668222299013e-01
2.288000000000000256e+00,5.329070518200751394e-15,5.059556029849541364e-02,1.559076868934144988e-01
2.290000000000000036e+00,0.000000000000000000e+00,2.807022573055087400e-01,1.288242699730663965e-01
2.292000000000000259e+00,5.329070518200751394e-15,5.676251979090126687e-01,1.007092185351119579e-01
2.294000000000000039e+00,0.000000000000000000e+00,3.460115486762311288e-01,1.397308778950930863e-01
2.296000000000000263e+00,1.243449787580175325e-14,2.314386868117702667e-01,1.421882207471940329e-01
2.298000000000000043e+00,1.421085471520200372e-14,3.684137687189539129e-02,1.892244296341658305e-01
2.300000000000000266e+00,1.776356839400250465e-15,6.938176377837367015e-02,1.091060562068135731e-01
2.302000000000000046e+00,1.598721155460225418e-14,1.744094988063215335e-01,1.032661218704169076e-01
2.304000000000000270e+00,5.329070518200751394e-15,3.158407768442829111e-01,1.420007634155587284e-01
2.306000000000000050e+00,3.552713678800500929e-15,4.313588588505229970e-01,1.283565424816468514e-01
2.307999999999999829e+00,1.776356839400250465e-15,3.737937367314185244e-01,1.302088562183238984e-01
2.310000000000000053e+00,7.105427357601001859e-15,4.141140194719929446e-01,1.065800282535469545e-01
2.311999999999999833e+00,1.776356839400250465e-15,6.519645612249181932e-01,9.843317334148074527e-02
2.314000000000000057e+00,1.776356839400250465e-15,2.909310156021582272e-01,1.095454534273842262e-01
2.315999999999999837e+00,1.421085471520200372e-14,2.902032478828955875e-01,1.490057256885887471e-01
2.318000000000000060e+00,3.552713678800500929e-15,1.579424843720654004e-01,1.435494893756795731e-01
2.319999999999999840e+00,3.552713678800500929e-15,8.446264710647005680e-02,1.339436990080134504e-01
2.322000000000000064e+00,1.065814103640150279e-14,3.026173967725312441e-01,1.572931247440944036e-01
2.323999999999999844e+00,1.776356839400250465e-15,9.855434854250628984e-02,1.622395707165258383e-01
2.326000000000000068e+00,1.243449787580175325e-14,1.554598533857444974e-02,1.674823092656859136e-01
2.327999999999999847e+00,3.552713678800500929e-15,3.397527164779534647e-02,1.536061679715034767e-01
2.330000000000000071e+00,7.105427357601001859e-15,7.779995203999941211e-02,1.110363896908729553e-01
2.331999999999999851e+00,0.000000000000000000e+00,8.637557594217244727e-02,1.195936302501674348e-01
2.334000000000000075e+00,5.329070518200751394e-15,1.942460532290408715e-01,1.296217880844802717e-01
2.335999999999999854e+00,3.552713678800500929e-15,2.894313884354542399e-01,1.656135692277762583e-01
2.338000000000000078e+00,1.776356839400250465e-15,3.484737725261804475e-01,1.412212001066191491e-01
2.339999999999999858e+00,0.000000000000000000e+00,2.401230470363532599e-01,1.056024081158040973e-01
2.342000000000000082e+00,0.000000000000000000e+00,6.104214522181524716e-01,1.024367243773423031e-01
2.343999999999999861e+00,1.776356839400250465e-15,1.356704061289895347e-01,1.734613903161516257e-01
2.346000000000000085e+00,3.552713678800500929e-15,3.512192815415584035e-01,1.142343200461911068e-01
2.347999999999999865e+00,3.552713678800500929e-15,3.881915094897716439e-02,1.815305806384790999e-01
2.350000000000000089e+00,1.776356839400250465e-15,6.328520753306617064e-02,1.933416324774126782e-01
2.351999999999999869e+00,8.881784197001252323e-15,3.900480751658114698e-01,1.357497963521824003e-01
2.354000000000000092e+00,3.552713678800500929e-15,5.120915572634674590e-02,1.584194451266297266e-01
2.355999999999999872e+00,3.552713678800500929e-15,3.874546207745033222e-01,1.103525778836613597e-01
2.358000000000000096e+00,1.065814103640150279e-14,7.798101139005868265e-02,1.692258231357115228e-01
2.359999999999999876e+00,5.329070518200751394e-15,2.037063949661631901e-01,1.816062563359917281e-01
2.362000000000000099e+00,1.776356839400250465e-15,5.106801234149308533e-01,1.226512046955648971e-01
2.363999999999999879e+00,1.065814103640150279e-14,2.010747253483266273e-01,1.480365213646216982e-01
2.366000000000000103e+00,0.000000000000000000e+00,3.566147394381404823e-01,1.453158893138667418e-01
2.367999999999999883e+00,8.881784197001252323e-15,2.899652201572150423e-03,1.860924960038114195e-01
2.370000000000000107e+00,8.881784197001252323e-15,1.236907742231608230e-02,1.979036853190840883e-01
2.371999999999999886e+00,7.105427357601001859e-15,2.793503912299760139e-01,1.690812345695818786e-01
2.374000000000000110e+00,1.776356839400250465e-15,1.062100786894657894e-01,1.209445238052004878e-01
2.375999999999999890e+00,5.329070518200751394e-15,2.528052944812234082e-01,1.620943480496771227e-01
2.378000000000000114e+00,1.776356839400250465e-15,4.309170306943850837e-01,1.348336633781640481e-01
2.379999999999999893e+00,7.105427357601001859e-15,1.786723238718358198e-01,1.326920382270569410e-01
2.382000000000000117e+00,8.881784197001252323e-15,4.734896683632484060e-01,1.204289849927543260e-01
2.383999999999999897e+00,1.065814103640150279e-14,1.545333813625462405e-01,1.083611543856240061e-01
2.386000000000000121e+00,5.329070518200751394e-15,4.221317958188430808e-01,1.373550308123257513e-01
2.387999999999999901e+00,7.105427357601001859e-15,1.908561627506278613e-01,1.400061653402573103e-01
2.390000000000000124e+00,5.329070518200751394e-15,1.869675075408295528e-01,1.903667545655164106e-01
2.391999999999999904e+00,3.552713678800500929e-15,3.469725692291987795e-01,1.341835325492654607e-01
2.394000000000000128e+00,1.776356839400250465e-15,5.407817467128626099e-01,1.207382627111049517e-01
2.395999999999999908e+00,0.000000000000000000e+00,1.061419542228412699e-01,1.447819704887078895e-01
2.398000000000000131e+00,1.421085471520200372e-14,3.059531715659494222e-01,1.392457602655890192e-01
2.399999999999999911e+00,3.552713678800500929e-15,6.023298035475476570e-02,1.542925544585509456e-01
2.402000000000000135e+00,1.776356839400250465e-15,5.471053675673045319e-02,1.949788564562882076e-01
2.403999999999999915e+00,1.776356839400250465e-15,3.421099835478396464e-03,1.630834508008829897e-01
2.406000000000000139e+00,3.552713678800500929e-15,2.031808951981117772e-02,1.203251855180304253e-01
2.407999999999999918e+00,7.105427357601001859e-15,1.659241649094815585e-01,1.735875875613930863e-01
2.410000000000000142e+00,1.421085471520200372e-14,6.956557264147289477e-03,1.153621579934573232e-01
2.411999999999999922e+00,8.881784197001252323e-15,6.592611196356167047e-02,1.122590840835373527e-01
2.414000000000000146e+00,1.776356839400250465e-15,1.415232042159511039e-01,1.916746957042068378e-01
2.415999999999999925e+00,5.329070518200751394e-15,3.877248340771668467e-01,1.290345332792149635e-01
2.418000000000000149e+00,1.421085471520200372e-14,6.898137508248587679e-02,1.754808640020021626e-01
2.419999999999999929e+00,3.552713678800500929e-15,1.512442798901900420e-01,1.560688580268803638e-01
2.422000000000000153e+00,3.552713678800500929e-15,1.890478554117747956e-01,1.767857537652322564e-01
2.423999999999999932e+00,2.131628207280300558e-14,1.021034339570335708e-01,1.748469388716690776e-01
2.426000000000000156e+00,1.421085471520200372e-14,2.308266207096028311e-01,1.268521286701268791e-01
2.427999999999999936e+00,1.065814103640150279e-14,1.500867389013767761e-01,1.787206625889533051e-01
2.430000000000000160e+00,1.776356839400250465e-15,2.511589865543107369e-01,1.262081084184051849e-01
2.431999999999999940e+00,0.000000000000000000e+00,2.136857987757442498e-02,1.759344246601501349e-01
2.434000000000000163e+00,5.329070518200751394e-15,3.477283515471718545e-02,2.019348210539745059e-01
2.435999999999999943e+00,0.000000000000000000e+00,3.416139470501019376e-02,1.110683716660680193e-01
2.438000000000000167e+00,3.552713678800500929e-15,5.128448642006184777e-01,1.247752243459953475e-01
2.439999999999999947e+00,8.881784197001252323e-15,2.070922972768197978e-01,1.119282920040614443e-01
2.442000000000000171e+00,0.000000000000000000e+00,3.933364671107395655e-02,1.734526167854936463e-01
2.443999999999999950e+00,5.329070518200751394e-15,1.915342218528526264e-01,1.473485759693549946e-01
2.446000000000000174e+00,1.776356839400250465e-15,1.780889180450329901e-01,1.513806323240601270e-01
2.447999999999999954e+00,1.065814103640150279e-14,1.296540674957150918e-01,1.272342079482277621e-01
2.450000000000000178e+00,5.329070518200751394e-15,1.677327227723676428e-01,1.886879431760004611e-01
2.451999999999999957e+00,3.552713678800500929e-15,2.012681937324152168e-02,1.704442804870304751e-01
2.454000000000000181e+00,1.776356839400250465e-14,1.391442524831880689e-01,1.771547636442254159e-01
2.455999999999999961e+00,1.776356839400250465e-15,3.070051642786212828e-02,1.880914654816456255e-01
2.458000000000000185e+00,1.776356839400250465e-15,1.647819999143539382e-01,1.562151391556229341e-01
2.459999999999999964e+00,2.664535259100375697e-14,1.507646495255899055e-01,1.263487443239358354e-01
2.462000000000000188e+00,8.881784197001252323e-15,4.554174364250737628e-01,1.369840144103146029e-01
2.463999999999999968e+00,0.000000000000000000e+00,3.232161886255389693e-01,1.394385175620814488e-01
2.466000000000000192e+00,0.000000000000000000e+00,4.016505340887580044e-01,1.469004820570358194e-01
2.467999999999999972e+00,0.000000000000000000e+00,6.657226983473232829e-02,1.384367694832675799e-01
2.470000000000000195e+00,5.329070518200751394e-15,2.223937366202774213e-01,1.796763525946790119e-01
2.471999999999999975e+00,3.552713678800500929e-15,3.459914366203031832e-01,1.475224397219379036e-01
2.474000000000000199e+00,1.065814103640150279e-14,1.602668895109614355e-01,1.933988278994486776e-01
2.475999999999999979e+00,8.881784197001252323e-15,1.462362848538727444e-01,1.751440542070532569e-01
2.478000000000000203e+00,7.105427357601001859e-15,8.153950357412938221e-02,1.772650061787512110e-01
2.479999999999999982e+00,5.329070518200751394e-15,2.864121849881527335e-02,1.975343678971407668e-01
2.482000000000000206e+00,3.552713678800500929e-15,6.899835975196430549e-02,1.873241857731494375e-01
2.483999999999999986e+00,1.065814103640150279e-14,3.520486306359534301e-01,1.664825358508964515e-01
2.486000000000000210e+00,7.105427357601001859e-15,1.043131628753084100e-01,1.529779683319256733e-01
2.487999999999999989e+00,1.776356839400250465e-15,2.092611954684187037e-01,1.846068651982500919e-01
2.490000000000000213e+00,1.243449787580175325e-14,1.394896048848353609e-01,1.443211931625106026e-01
2.491999999999999993e+00,1.243449787580175325e-14,5.444374705286468830e-01,1.320900975999360349e-01
2.494000000000000217e+00,1.776356839400250465e-15,2.876827356855650719e-01,1.326117459476534033e-01
2.495999999999999996e+00,1.776356839400250465e-15,2.985604631227507522e-01,1.434497466651452890e-01
2.498000000000000220e+00,1.776356839400250465e-15,4.122778145978710923e-02,1.643931783180313799e-01
2.500000000000000000e+00,1.421085471520200372e-14,1.654773385782659645e-01,1.678484901138599383e-01
2.502000000000000224e+00,1.776356839400250465e-15,1.292513332533742378e-02,1.586087062273022485e-01
2.504000000000000004e+00,1.243449787580175325e-14,2.447264603278177519e-01,1.696923538769430917e-01
2.506000000000000227e+00,1.243449787580175325e-14,2.878099628221370554e-01,1.446079165074090622e-01
2.508000000000000007e+00,8.881784197001252323e-15,3.442558525200598574e-01,1.474423959260275641e-01
2.510000000000000231e+00,1.776356839400250465e-15,1.488392420443591657e-01,1.623685518650125337e-01
2.512000000000000011e+00,1.776356839400250465e-15,1.888191676445712675e-01,1.796672174095065855e-01
2.514000000000000234e+00,5.329070518200751394e-15,9.786373929912417502e-02,1.715000491713850606e-01
2.516000000000000014e+00,0.000000000000000000e+00,7.743576641966398721e-03,1.144317760259531414e-01
2.518000000000000238e+00,5.329070518200751394e-15,2.445889656580923013e-02,2.072600818092227015e-01
2.520000000000000018e+00,1.065814103640150279e-14,2.739364424512850602e-02,1.794001081032540190e-01
2.522000000000000242e+00,0.000000000000000000e+00,1.239784831052836572e-01,1.556389011480699969e-01
2.524000000000000021e+00,1.776356839400250465e-15,1.872719552782784597e-02,1.757408170655322399e-01
2.526000000000000245e+00,3.552713678800500929e-15,2.479829270981757372e-01,1.819088209345532114e-01
2.528000000000000025e+00,0.000000000000000000e+00,2.974679647150998973e-01,1.840815140638439040e-01
2.530000000000000249e+00,1.776356839400250465e-15,5.351523396225085771e-02,1.487025389217423998e-01
2.532000000000000028e+00,1.776356839400250465e-15,5.994590065098098081e-02,1.672375926333741214e-01
2.534000000000000252e+00,7.105427357601001859e-15,1.046343318429878849e-01,1.711741289334679506e-01
2.536000000000000032e+00,3.552713678800500929e-15,3.683267752045971122e-01,1.675894462991488754e-01
2.538000000000000256e+00,7.105427357601001859e-15,1.413721037126495217e-01,1.890083879636935693e-01
2.540000000000000036e+00,8.881784197001252323e-15,1.950313142688250567e-01,1.598109615941605832e-01
2.542000000000000259e+00,0.000000000000000000e+00,6.817546031117769668e-03,2.156660717469780775e-01
2.544000000000000039e+00,5.329070518200751394e-15,2.059133655629169224e-01,1.880790443711520266e-01
2.546000000000000263e+00,3.552713678800500929e-15,2.114641413074477005e-01,1.883434979637564899e-01
2.548000000000000043e+00,3.552713678800500929e-15,1.862821684855804349e-01,1.504687805410878099e-01
2.550000000000000266e+00,5.329070518200751394e-15,3.020130863425272982e-02,1.697431525580098410e-01
2.552000000000000046e+00,1.776356839400250465e-15,1.333251186452321935e-01,1.969353614162104027e-01
2.554000000000000270e+00,1.776356839400250465e-15,4.323015749241734262e-01,1.420494893511942691e-01
2.556000000000000050e+00,1.065814103640150279e-14,2.604473746863769645e-01,1.449333646543449206e-01
2.558000000000000274e+00,1.776356839400250465e-15,6.139707356749787154e-02,1.531471131061639124e-01
2.560000000000000053e+00,0.000000000000000000e+00,3.356426323500040776e-01,1.622954272189486569e-01
2.561999999999999833e+00,1.776356839400250465e-15,1.387859221180516578e-01,1.715536096967420487e-01
2.564000000000000057e+00,3.552713678800500929e-15,1.435507252202951889e-01,1.411378239779363941e-01
2.565999999999999837e+00,3.552713678800500929e-15,5.132079192887807340e-01,1.473168539163531854e-01
2.568000000000000060e+00,1.776356839400250465e-15,3.284358385315108153e-01,1.539031318755724465e-01
2.569999999999999840e+00,1.776356839400250465e-15,7.889898997757062438e-02,1.203131277974488905e-01
2.572000000000000064e+00,1.776356839400250465e-15,3.309562324026812941e-01,1.253244610534684222e-01
2.573999999999999844e+00,1.776356839400250465e-15,2.483121584609302435e-01,1.701378614726973271e-01
2.576000000000000068e+00,5.329070518200751394e-15,1.609617667988302026e-01,1.822907175592771711e-01
2.577999999999999847e+00,8.881784197001252323e-15,3.152357511422558267e-01,1.894445702467255077e-01
2.580000000000000071e+00,1.953992523340275511e-14,4.087786220857117514e-01,1.375816504984871402e-01
2.581999999999999851e+00,3.552713678800500929e-15,4.561569429990393609e-01,1.656882777175199550e-01
2.584000000000000075e+00,7.105427357601001859e-15,4.983550595349122148e-01,1.424948893850483678e-01
2.585999999999999854e+00,8.881784197001252323e-15,1.572500973181612249e-01,2.102342071958965830e-01
2.588000000000000078e+00,8.881784197001252323e-15,3.597883335966624574e-01,1.554235862811359226e-01
2.589999999999999858e+00,3.552713678800500929e-15,2.759365301894003975e-01,1.573415528824854970e-01
2.592000000000000082e+00,1.776356839400250465e-15,3.446643036151313955e-01,1.658040167206747406e-01
2.593999999999999861e+00,1.776356839400250465e-15,7.038692840219547275e-02,1.842435443541929896e-01
2.596000000000000085e+00,1.776356839400250465e-15,2.906015389235278579e-01,1.979850170898013462e-01
2.597999999999999865e+00,7.105427357601001859e-15,1.901954801903259218e-01,1.577442523750949843e-01
2.600000000000000089e+00,0.000000000000000000e+00,4.668928813093153884e-01,1.471926977363178513e-01
2.601999999999999869e+00,3.552713678800500929e-15,1.647235512165682106e-02,1.974798316640815343e-01
2.604000000000000092e+00,5.329070518200751394e-15,7.883303206447471456e-02,2.094526884917083664e-01
2.605999999999999872e+00,5.329070518200751394e-15,3.504474802466725492e-01,1.589622700570084424e-01
2.608000000000000096e+00,8.881784197001252323e-15,2.510046165345731772e-01,1.974198632283349908e-01
2.609999999999999876e+00,5.329070518200751394e-15,1.076004897500584812e-02,1.893905945177304928e-01
2.612000000000000099e+00,5.329070518200751394e-15,3.485553794003795058e-01,1.694284707872115714e-01
2.613999999999999879e+00,1.598721155460225418e-14,1.061860538424470590e-01,1.654128170448652679e-01
2.616000000000000103e+00,5.329070518200751394e-15,2.557076937972086461e-01,1.706217136380527022e-01
2.617999999999999883e+00,0.000000000000000000e+00,1.061154805824452291e-01,2.059352688200719872e-01
2.620000000000000107e+00,3.552713678800500929e-15,1.719505409898031412e-01,1.818747638453789839e-01
2.621999999999999886e+00,1.776356839400250465e-15,4.912469126403244957e-01,1.479249062420845140e-01
2.624000000000000110e+00,5.329070518200751394e-15,2.953280257795075081e-01,1.889660013023244933e-01
2.625999999999999890e+00,1.776356839400250465e-15,2.969918406348046602e-01,1.686642251865571041e-01
2.628000000000000114e+00,0.000000000000000000e+00,2.836300577466787098e-01,1.515522563386058619e-01
2.629999999999999893e+00,0.000000000000000000e+00,4.078859057989552284e-01,1.522578649802577844e-01
2.632000000000000117e+00,0.000000000000000000e+00,3.819829060352752936e-01,1.860718705290972941e-01
2.633999999999999897e+00,1.776356839400250465e-15,2.496335753512315681e-01,1.858547288093853334e-01
2.636000000000000121e+00,3.552713678800500929e-15,3.837296882559592670e-01,1.488761230459752227e-01
2.637999999999999901e+00,1.776356839400250465e-15,2.616520939231973264e-01,1.741313441543751728e-01
2.640000000000000124e+00,0.000000000000000000e+00,6.618759329375935307e-02,1.884803049837991962e-01
2.641999999999999904e+00,3.552713678800500929e-15,2.225990679761382651e-01,1.777973495110998225e-01
2.644000000000000128e+00,3.552713678800500929e-15,6.354836399467532482e-02,2.155085838760284200e-01
2.645999999999999908e+00,2.131628207280300558e-14,4.682398341034776923e-01,1.524906333166601569e-01
2.648000000000000131e+00,1.065814103640150279e-14,5.007602196592083471e-02,1.808144345787410789e-01
2.649999999999999911e+00,5.329070518200751394e-15,1.234903672086901522e-01,2.064716300770457480e-01
2.652000000000000135e+00,1.243449787580175325e-14,1.098579004460620290e-01,1.869707120792208077e-01
2.653999999999999915e+00,0.000000000000000000e+00,2.047630495765479230e-01,1.769975610302080560e-01
2.656000000000000139e+00,8.881784197001252323e-15,2.400260758915221115e-01,1.952188068172545643e-01
2.657999999999999918e+00,1.243449787580175325e-14,5.470258319745332359e-02,1.764899577195836178e-01
2.660000000000000142e+00,5.329070518200751394e-15,1.503009317852204707e-01,2.047300646843491778e-01
2.661999999999999922e+00,8.881784197001252323e-15,2.199086212829879650e-01,2.011382495232919565e-01
2.664000000000000146e+00,8.881784197001252323e-15,1.363590357506429436e-02,2.102486933366865818e-01
2.665999999999999925e+00,1.776356839400250465e-15,9.931824780634741778e-02,2.003181857329172366e-01
2.668000000000000149e+00,1.776356839400250465e-15,2.635289431651998138e-01,1.979241177761724146e-01
2.669999999999999929e+00,1.776356839400250465e-14,3.467583285633500378e-01,1.539079425568459780e-01
2.672000000000000153e+00,3.552713678800500929e-15,1.902227844116034516e-01,1.984066382922095584e-01
2.673999999999999932e+00,1.776356839400250465e-15,3.372173843546351080e-01,1.602918613796894265e-01
2.676000000000000156e+00,8.881784197001252323e-15,2.716555715357800715e-01,1.626350578389741675e-01
2.677999999999999936e+00,5.329070518200751394e-15,1.630119384094275425e-01,1.865820529206901057e-01
2.680000000000000160e+00,5.329070518200751394e-15,7.928030340746831939e-02,1.285287585738934535e-01
2.681999999999999940e+00,0.000000000000000000e+00,3.864316033738095513e-01,1.849408331424109153e-01
2.684000000000000163e+00,5.329070518200751394e-15,3.558664123892856801e-01,1.737375694307044527e-01
2.685999999999999943e+00,0.000000000000000000e+00,3.545050968863412422e-01,1.897689598670742883e-01
2.688000000000000167e+00,5.329070518200751394e-15,3.384865483799946451e-01,1.547744561730029778e-01
2.689999999999999947e+00,7.105427357601001859e-15,2.432228361555647533e-01,1.580887686587863217e-01
2.692000000000000171e+00,3.552713678800500929e-15,4.515030039785945977e-03,1.555734546847982458e-01
2.693999999999999950e+00,1.421085471520200372e-14,3.628278472594728132e-01,1.460029561075543991e-01
2.696000000000000174e+00,1.243449787580175325e-14,1.044116509319382713e-01,2.062082901139527247e-01
2.697999999999999954e+00,3.552713678800500929e-15,1.861809240689062117e-01,2.035322999824936696e-01
2.700000000000000178e+00,3.552713678800500929e-15,9.197758817412753085e-02,1.966978739475208071e-01
2.701999999999999957e+00,1.776356839400250465e-15,1.610688220849134933e-01,1.570586665604578047e-01
2.704000000000000181e+00,0.000000000000000000e+00,2.168995321874235549e-01,1.585752861507470912e-01
2.705999999999999961e+00,7.105427357601001859e-15,3.796929541097461835e-01,1.639845984917531196e-01
2.708000000000000185e+00,1.776356839400250465e-14,2.564987630640645500e-01,1.580827976560197357e-01
2.709999999999999964e+00,1.598721155460225418e-14,6.812196445861375127e-03,2.129996453709706306e-01
2.712000000000000188e+00,1.776356839400250465e-15,3.827798752454234649e-02,2.034322592480002356e-01
2.713999999999999968e+00,8.881784197001252323e-15,6.466060469923159970e-02,2.004765017849464148e-01
2.716000000000000192e+00,1.776356839400250465e-15,3.406094341823013849e-01,1.695778125866116148e-01
2.717999999999999972e+00,0.000000000000000000e+00,4.996108270251747169e-02,1.948428304396527810e-01
2.720000000000000195e+00,5.329070518200751394e-15,1.903285493240746418e-01,1.741405861019350576e-01
2.721999999999999975e+00,1.065814103640150279e-14,3.617561004419472259e-01,1.507660118997658782e-01
2.724000000000000199e+00,5.329070518200751394e-15,1.247754911928542348e-01,2.180358900313803250e-01
2.725999999999999979e+00,1.776356839400250465e-15,2.126051455678890090e-01,1.399526433190423358e-01
2.728000000000000203e+00,1.776356839400250465e-15,1.066048032770784831e-01,1.534783865500868594e-01
2.729999999999999982e+00,3.552713678800500929e-15,5.954205229875863398e-02,1.696340869361175896e-01
2.732000000000000206e+00,1.776356839400250465e-15,2.809246820090794405e-01,2.116381568594039309e-01
2.733999999999999986e+00,1.421085471520200372e-14,7.308874810934352928e-02,2.009208412497048291e-01
2.736000000000000210e+00,0.000000000000000000e+00,1.901055284314162597e-01,2.008227639621174565e-01
2.737999999999999989e+00,1.776356839400250465e-15,1.192535616438859802e-03,2.127231608059375612e-01
2.740000000000000213e+00,1.776356839400250465e-15,1.939639141461733107e-01,2.118016660101785797e-01
2.741999999999999993e+00,8.881784197001252323e-15,1.250452832474688580e-01,1.928877343976569680e-01
2.744000000000000217e+00,3.552713678800500929e-15,2.764349987553609833e-01,1.911564845594123929e-01
2.745999999999999996e+00,1.065814103640150279e-14,3.413167720218051038e-01,1.857784335267797793e-01
2.748000000000000220e+00,0.000000000000000000e+00,1.526398389605704564e-01,1.682618177437995577e-01
2.750000000000000000e+00,0.000000000000000000e+00,6.243149706129306198e-01,1.340451594967078941e-01
2.752000000000000224e+00,3.552713678800500929e-15,1.679467250683820134e-01,2.219703332504958659e-01
2.754000000000000004e+00,0.000000000000000000e+00,1.458214815636685868e-01,2.149346325761004595e-01
2.756000000000000227e+00,5.329070518200751394e-15,2.226480963116393985e-01,1.356117060891494641e-01
2.758000000000000007e+00,0.000000000000000000e+00,3.677029533519644566e-01,1.375598423749385124e-01
2.760000000000000231e+00,8.881784197001252323e-15,5.306214151492200798e-03,2.354246273885612084e-01
2.762000000000000011e+00,8.881784197001252323e-15,2.079077582839995164e-01,2.021665538505165172e-01
2.764000000000000234e+00,1.598721155460225418e-14,4.532678813151924113e-01,1.436488501231814319e-01
2.766000000000000014e+00,0.000000000000000000e+00,2.188826270781522310e-01,1.901184883818518856e-01
2.768000000000000238e+00,1.243449787580175325e-14,2.679497369723682354e-01,1.695843599630534881e-01
2.770000000000000018e+00,1.421085471520200372e-14,2.592360724279713646e-01,1.819687907415356576e-01
2.772000000000000242e+00,0.000000000000000000e+00,9.197273675836829809e-02,1.454540208955694969e-01
2.774000000000000021e+00,1.776356839400250465e-15,5.667914289055467347e-02,2.058253870523621964e-01
2.776000000000000245e+00,1.776356839400250465e-15,6.341986083685019482e-02,1.621474999548272455e-01
2.778000000000000025e+00,5.329070518200751394e-15,3.969898962025860539e-02,2.194083408670473301e-01
2.780000000000000249e+00,7.105427357601001859e-15,3.738175359024798472e-01,1.398287314413752536e-01
2.782000000000000028e+00,1.776356839400250465e-15,3.194215570999663911e-01,1.909068340350492110e-01
2.784000000000000252e+00,1.598721155460225418e-14,1.299663599378287071e-01,1.991962092016989205e-01
2.786000000000000032e+00,1.776356839400250465e-15,4.778489113917429587e-01,1.677502356562056152e-01
2.788000000000000256e+00,1.065814103640150279e-14,3.131555637416209067e-03,2.137707930938371470e-01
2.790000000000000036e+00,3.552713678800500929e-15,1.727812836924718931e-01,1.729755333231441927e-01
2.792000000000000259e+00,1.776356839400250465e-15,2.849836927620583160e-01,2.138201437739226385e-01
2.794000000000000039e+00,7.105427357601001859e-15,1.718180492253715830e-01,1.442854805424556019e-01
2.796000000000000263e+00,7.105427357601001859e-15,1.477204652908008786e-01,1.959943636252816090e-01
2.798000000000000043e+00,1.776356839400250465e-15,3.558189848581078674e-01,1.808741109190700747e-01
2.800000000000000266e+00,0.000000000000000000e+00,1.291699743617833462e-01,1.961582123014216639e-01
2.802000000000000046e+00,3.552713678800500929e-15,4.417432890960501513e-01,1.684631095084447583e-01
2.804000000000000270e+00,1.776356839400250465e-15,2.239320283069185791e-01,2.048697669307204816e-01
2.806000000000000050e+00,0.000000000000000000e+00,1.577000290543982830e-01,1.692173376034928622e-01
2.808000000000000274e+00,1.421085471520200372e-14,2.837800305993161132e-01,1.775763176188747960e-01
2.810000000000000053e+00,3.552713678800500929e-15,5.882757344788839410e-02,2.305408949878159086e-01
2.812000000000000277e+00,3.552713678800500929e-15,2.305979471712404638e-01,1.564715001790837334e-01
2.814000000000000057e+00,7.105427357601001859e-15,5.203874286660100656e-01,1.669533670006718429e-01
2.815999999999999837e+00,3.552713678800500929e-15,4.648135706176879239e-02,2.383016739767555014e-01
2.818000000000000060e+00,3.552713678800500929e-15,1.422976379397394020e-01,1.904135425540944837e-01
2.819999999999999840e+00,1.776356839400250465e-15,9.785461914810229811e-02,2.107794692110951384e-01
2.822000000000000064e+00,1.243449787580175325e-14,2.244216133594630069e-01,2.237599601372354530e-01
2.823999999999999844e+00,1.598721155460225418e-14,1.511689061573551485e-01,2.226542325232172548e-01
2.826000000000000068e+00,7.105427357601001859e-15,2.333933268921664084e-01,1.847303013114791059e-01
2.827999999999999847e+00,3.552713678800500929e-15,1.745483927076881547e-01,1.481772883348920489e-01
2.830000000000000071e+00,0.000000000000000000e+00,2.300849484789735389e-01,2.018242325886366317e-01
2.831999999999999851e+00,3.552713678800500929e-15,2.143934053382076377e-01,2.033806282763182260e-01
2.834000000000000075e+00,3.552713678800500929e-15,4.888413658693844394e-02,2.158009822434561742e-01
2.835999999999999854e+00,3.552713678800500929e-15,7.199574105726990782e-03,2.169123375898209527e-01
2.838000000000000078e+00,1.065814103640150279e-14,1.866656010053563408e-01,1.822080667585319058e-01
2.839999999999999858e+00,0.000000000000000000e+00,3.982558096251561097e-01,1.615374539191814507e-01
2.842000000000000082e+00,1.776356839400250465e-15,1.007635514172277452e-01,2.214038957004337005e-01
2.843999999999999861e+00,5.329070518200751394e-15,9.776637123377916738e-02,1.881438534839010857e-01
2.846000000000000085e+00,8.881784197001252323e-15,7.856904736777775566e-02,2.147455143721807569e-01
2.847999999999999865e+00,0.000000000000000000e+00,1.524221840529018934e-01,1.861851285023058689e-01
2.850000000000000089e+00,7.105427357601001859e-15,5.380393227597032313e-01,1.546329419477940337e-01
2.851999999999999869e+00,7.105427357601001859e-15,1.301857301773879649e-01,2.097537448259191861e-01
2.854000000000000092e+00,3.552713678800500929e-15,3.271613042124694726e-01,1.921217050449291752e-01
2.855999999999999872e+00,1.065814103640150279e-14,2.788995384153316118e-02,1.871895424848560308e-01
2.858000000000000096e+00,0.000000000000000000e+00,2.570732402470956787e-02,1.872725407451756030e-01
2.859999999999999876e+00,1.776356839400250465e-14,1.175682160153513484e-01,1.547850091337125700e-01
2.862000000000000099e+00,3.552713678800500929e-15,3.650522869892006833e-02,1.430376088815780433e-01
2.863999999999999879e+00,0.000000000000000000e+00,9.694480423443196937e-02,1.864856180120350038e-01
2.866000000000000103e+00,3.552713678800500929e-15,4.201393844768344654e-01,1.637058268744377709e-01
2.867999999999999883e+00,1.243449787580175325e-14,1.448525356088759264e-01,1.852899149448836158e-01
2.870000000000000107e+00,3.552713678800500929e-15,1.990695640082967496e-02,2.064960841476877751e-01
2.871999999999999886e+00,3.552713678800500929e-15,3.384814583038335267e-01,1.640219765332259216e-01
2.874000000000000110e+00,1.065814103640150279e-14,1.216519504792852313e-01,1.806501883005056930e-01
2.875999999999999890e+00,8.881784197001252323e-15,9.819682743569772831e-02,1.966349428508329666e-01
2.878000000000000114e+00,1.776356839400250465e-15,3.687612345995548019e-02,2.185444325270155530e-01
2.879999999999999893e+00,7.105427357601001859e-15,1.067110066981393629e-02,2.208758861986877264e-01
2.882000000000000117e+00,3.552713678800500929e-15,2.478412336234631363e-01,1.603563383955811661e-01
2.883999999999999897e+00,1.776356839400250465e-15,4.366301115040002734e-01,1.831879737440049727e-01
2.886000000000000121e+00,0.000000000000000000e+00,3.509316166839427514e-02,1.891066676807509894e-01
2.887999999999999901e+00,3.552713678800500929e-15,2.412140959073930391e-01,2.008016965290153888e-01
2.890000000000000124e+00,8.881784197001252323e-15,2.673054554582324216e-01,2.183859560017960000e-01
2.891999999999999904e+00,0.000000000000000000e+00,1.017054231346734561e-01,2.361524841324171009e-01
2.894000000000000128e+00,3.552713678800500929e-15,3.053243017484790212e-01,1.832216190162633263e-01
2.895999999999999908e+00,1.776356839400250465e-15,4.180887508532626917e-01,1.944376321564380561e-01
2.898000000000000131e+00,1.776356839400250465e-15,4.034714514801841095e-02,2.348374950860561416e-01
2.899999999999999911e+00,1.776356839400250465e-15,6.303222641386825413e-03,2.034627444847744160e-01
2.902000000000000135e+00,1.421085471520200372e-14,4.015202273570244729e-01,1.943901931219118584e-01
2.903999999999999915e+00,5.329070518200751394e-15,6.123157482350560787e-02,2.228189118554058101e-01
2.906000000000000139e+00,3.552713678800500929e-15,6.324888705354651808e-02,2.210073011770329610e-01
2.907999999999999918e+00,1.953992523340275511e-14,1.839955129099295761e-01,1.846349820904740480e-01
2.910000000000000142e+00,7.105427357601001859e-15,1.636075067150386808e-01,2.243391190843333494e-01
2.911999999999999922e+00,3.552713678800500929e-15,3.577840887734333730e-01,1.872706960395086606e-01
2.914000000000000146e+00,7.105427357601001859e-15,3.445415792732125365e-02,1.604823689766473327e-01
2.915999999999999925e+00,3.552713678800500929e-15,1.872134511925038769e-01,1.834888584975908898e-01
2.918000000000000149e+00,7.105427357601001859e-15,2.816430335664321105e-01,2.073474059620917520e-01
2.919999999999999929e+00,1.776356839400250465e-15,1.774527855955963795e-01,1.759846009603704409e-01
2.922000000000000153e+00,1.776356839400250465e-15,1.505839854096159558e-01,1.744148434854144447e-01
2.923999999999999932e+00,3.552713678800500929e-15,2.105294594976863110e-01,1.994789156752104498e-01
2.926000000000000156e+00,0.000000000000000000e+00,1.350042870140537310e-01,2.065415417697307188e-01
2.927999999999999936e+00,3.552713678800500929e-15,3.913019613673119346e-01,1.807360056176067209e-01
2.930000000000000160e+00,1.776356839400250465e-15,1.293165395310815480e-01,1.992517457381399182e-01
2.931999999999999940e+00,0.000000000000000000e+00,1.107613943012701885e-01,1.867709363105314879e-01
2.934000000000000163e+00,8.881784197001252323e-15,3.398302613296038666e-01,1.585527172662091200e-01
2.935999999999999943e+00,7.105427357601001859e-15,2.554008882180392459e-01,1.806076800179684805e-01
2.938000000000000167e+00,1.776356839400250465e-15,2.045623520574163523e-01,2.222965672898299938e-01
2.939999999999999947e+00,1.776356839400250465e-15,1.156762864636453753e-01,2.214569408927296867e-01
2.942000000000000171e+00,1.776356839400250465e-15,4.874978640600972635e-01,1.660503567636581468e-01
2.943999999999999950e+00,1.776356839400250465e-15,4.015942057299364820e-01,1.805664367648698865e-01
2.946000000000000174e+00,3.552713678800500929e-15,3.349024992868480655e-01,2.021730059722248174e-01
2.947999999999999954e+00,3.552713678800500929e-15,1.076300916906027805e-01,2.153956326323633041e-01
2.950000000000000178e+00,3.552713678800500929e-15,1.539582750505288922e-01,2.018780716164973177e-01
2.951999999999999957e+00,5.329070518200751394e-15,5.497069686622214624e-01,1.550361202966838714e-01
2.954000000000000181e+00,3.552713678800500929e-15,2.169993538234034902e-01,2.277826467642283248e-01
2.955999999999999961e+00,5.329070518200751394e-15,1.063985756504960516e-02,2.485839677527900138e-01
2.958000000000000185e+00,8.881784197001252323e-15,1.258583649729027587e-01,2.041443915476559845e-01
2.959999999999999964e+00,1.598721155460225418e-14,5.537090622346382274e-01,1.606066380908792446e-01
2.962000000000000188e+00,1.243449787580175325e-14,9.645266317772123454e-02,2.274522832145040308e-01
2.963999999999999968e+00,0.000000000000000000e+00,1.325496545653405966e-01,1.832320257473667169e-01
2.966000000000000192e+00,1.776356839400250465e-15,2.794221356862228167e-01,1.935698106063286628e-01
2.967999999999999972e+00,1.243449787580175325e-14,2.302729734450559285e-01,1.723823292463735335e-01
2.970000000000000195e+00,1.065814103640150279e-14,4.258333212698215964e-01,1.665253572286105599e-01
2.971999999999999975e+00,7.105427357601001859e-15,3.226247632116041042e-01,2.195774532960310943e-01
2.974000000000000199e+00,8.881784197001252323e-15,2.523791020929110895e-01,2.090607632986626330e-01
2.975999999999999979e+00,1.776356839400250465e-14,1.555714266954381919e-02,1.655516858611937592e-01
2.978000000000000203e+00,1.598721155460225418e-14,1.762648861523385124e-01,2.037340945142610271e-01
2.979999999999999982e+00,3.552713678800500929e-15,3.147335823799242704e-01,1.556067914036864397e-01
2.982000000000000206e+00,8.881784197001252323e-15,1.460641409759953768e-01,2.177038781138753709e-01
2.983999999999999986e+00,5.329070518200751394e-15,4.127829664755252037e-01,1.868095434980568403e-01
2.986000000000000210e+00,3.552713678800500929e-15,1.345674318536936864e-01,2.243236298492617409e-01
2.987999999999999989e+00,5.329070518200751394e-15,2.278847141288187494e-01,1.528504457227654323e-01
2.990000000000000213e+00,5.329070518200751394e-15,2.383170643432313829e-01,1.934822764983168963e-01
2.991999999999999993e+00,5.329070518200751394e-15,5.503120132341001586e-02,2.278623234833833389e-01
2.994000000000000217e+00,1.243449787580175325e-14,1.446304993558892582e-01,2.130543172122687512e-01
2.995999999999999996e+00,0.000000000000000000e+00,2.415792444753318557e-01,1.998368398667894896e-01
2.998000000000000220e+00,1.776356839400250465e-15,7.223864012699858506e-02,1.599017785972043360e-01
3.000000000000000000e+00,1.776356839400250465e-15,2.547086508547175554e-01,2.050041546142660487e-01
