# delta,gap,coarse,fine
0.000000000000000000e+00,1.966327107957592801e+00,9.251858538542970657e-18,2.856417548586201449e-01
2.000000000000000042e-03,1.968002677559342217e+00,1.156482317317871448e-17,2.851762627909807946e-01
4.000000000000000083e-03,1.969679633930827123e+00,2.312964634635742664e-18,2.847099178538527453e-01
6.000000000000000125e-03,1.971357970583603958e+00,0.000000000000000000e+00,2.842427210480112376e-01
8.000000000000000167e-03,1.973037680977641983e+00,1.387778780781445676e-17,2.837746733904193963e-01
1.000000000000000021e-02,1.974718758521307294e+00,4.625929269271485328e-18,2.833057759142575960e-01
1.200000000000000025e-02,1.976401196570758856e+00,2.312964634635742664e-18,2.828360296689441666e-01
1.400000000000000029e-02,1.978084988430381941e+00,9.251858538542970657e-18,2.823654357201607623e-01
1.600000000000000033e-02,1.979770127352342257e+00,9.251858538542970657e-18,2.818939951498740659e-01
1.800000000000000211e-02,1.981456606536578846e+00,6.938893903907228378e-18,2.814217090563603807e-01
2.000000000000000042e-02,1.983144419130695724e+00,2.312964634635742664e-18,2.809485785542263914e-01
2.199999999999999872e-02,1.984833558229810890e+00,3.006854025026465425e-17,2.804746047744259285e-01
2.400000000000000050e-02,1.986524016876551002e+00,1.387778780781445676e-17,2.799997888642881128e-01
2.600000000000000228e-02,1.988215788060827549e+00,1.156482317317871448e-17,2.795241319875301778e-01
2.800000000000000058e-02,1.989908864719769355e+00,2.312964634635742664e-18,2.790476353242802854e-01
2.999999999999999889e-02,1.991603239737724351e+00,0.000000000000000000e+00,2.785703000710930133e-01
3.200000000000000067e-02,1.993298905946048194e+00,9.251858538542970657e-18,2.780921274409725030e-01
3.400000000000000244e-02,1.994995856122967481e+00,1.387778780781445676e-17,2.776131186633788439e-01
3.600000000000000422e-02,1.996694082993602848e+00,2.312964634635742664e-18,2.771332749842538301e-01
3.799999999999999906e-02,1.998393579229900574e+00,0.000000000000000000e+00,2.766525976660337283e-01
4.000000000000000083e-02,2.000094337450314619e+00,1.156482317317871448e-17,2.761710879876604352e-01
4.200000000000000261e-02,2.001796350220018006e+00,6.938893903907228378e-18,2.756887472446005738e-01
4.399999999999999745e-02,2.003499610050553770e+00,2.312964634635742664e-18,2.752055767488536531e-01
4.599999999999999922e-02,2.005204109399961965e+00,4.625929269271485328e-18,2.747215778289689436e-01
4.800000000000000100e-02,2.006909840672509659e+00,6.938893903907228378e-18,2.742367518300538043e-01
5.000000000000000278e-02,2.008616796218772649e+00,1.156482317317871448e-17,2.737511001137877820e-01
5.200000000000000455e-02,2.010324968335404527e+00,2.312964634635742664e-18,2.732646240584287178e-01
5.399999999999999939e-02,2.012034349265162447e+00,6.938893903907228378e-18,2.727773250588262921e-01
5.600000000000000117e-02,2.013744931196816523e+00,1.619075244245020058e-17,2.722892045264294070e-01
5.800000000000000294e-02,2.015456706265092102e+00,4.625929269271485328e-18,2.718002638892920153e-01
5.999999999999999778e-02,2.017169666550434393e+00,1.156482317317871448e-17,2.713105045920836123e-01
6.199999999999999956e-02,2.018883804079223410e+00,4.625929269271485328e-18,2.708199280960938427e-01
6.400000000000000133e-02,2.020599110823507516e+00,1.387778780781445676e-17,2.703285358792396065e-01
6.600000000000000311e-02,2.022315578700927929e+00,6.938893903907228378e-18,2.698363294360658360e-01
6.800000000000000488e-02,2.024033199574751585e+00,4.625929269271485328e-18,2.693433102777553212e-01
7.000000000000000666e-02,2.025751965253790310e+00,2.081668171172168513e-17,2.688494799321284878e-01
7.200000000000000844e-02,2.027471867492270263e+00,0.000000000000000000e+00,2.683548399436459508e-01
7.399999999999999634e-02,2.029192897989918976e+00,1.156482317317871448e-17,2.678593918734143431e-01
7.599999999999999811e-02,2.030915048391731759e+00,6.938893903907228378e-18,2.673631372991800426e-01
7.799999999999999989e-02,2.032638310287955719e+00,0.000000000000000000e+00,2.668660778153351676e-01
8.000000000000000167e-02,2.034362675214261174e+00,9.251858538542970657e-18,2.663682150329161891e-01
8.200000000000000344e-02,2.036088134651366843e+00,4.625929269271485328e-18,2.658695505795995451e-01
8.400000000000000522e-02,2.037814680025211267e+00,1.619075244245020058e-17,2.653700860997037503e-01
8.600000000000000699e-02,2.039542302706899513e+00,4.625929269271485328e-18,2.648698232541816799e-01
8.799999999999999489e-02,2.041270994012449158e+00,9.251858538542970657e-18,2.643687637206196261e-01
8.999999999999999667e-02,2.043000745203149116e+00,9.251858538542970657e-18,2.638669091932358546e-01
9.199999999999999845e-02,2.044731547485072909e+00,9.251858538542970657e-18,2.633642613828655055e-01
9.400000000000000022e-02,2.046463392009425952e+00,1.619075244245020058e-17,2.628608220169644794e-01
9.600000000000000200e-02,2.048196269872218700e+00,0.000000000000000000e+00,2.623565928395957814e-01
9.800000000000000377e-02,2.049930172114465599e+00,1.387778780781445676e-17,2.618515756114265791e-01
1.000000000000000056e-01,2.051665089722046531e+00,0.000000000000000000e+00,2.613457721097148245e-01
1.020000000000000073e-01,2.053401013625643756e+00,1.619075244245020058e-17,2.608391841283013712e-01
1.040000000000000091e-01,2.055137934700855595e+00,2.312964634635742664e-18,2.603318134776022030e-01
1.059999999999999970e-01,2.056875843768067647e+00,4.625929269271485328e-18,2.598236619845931683e-01
1.079999999999999988e-01,2.058614731592449232e+00,1.387778780781445676e-17,2.593147314927998215e-01
1.100000000000000006e-01,2.060354588884036886e+00,3.700743415417188263e-17,2.588050238622853216e-01
1.120000000000000023e-01,2.062095406297606459e+00,2.312964634635742895e-17,2.582945409696350558e-01
1.140000000000000041e-01,2.063837174432654464e+00,0.000000000000000000e+00,2.577832847079432055e-01
1.160000000000000059e-01,2.065579883833612129e+00,2.312964634635742664e-18,2.572712569867973142e-01
1.180000000000000077e-01,2.067323524989471473e+00,2.312964634635742664e-18,2.567584597322606910e-01
1.199999999999999956e-01,2.069068088334159228e+00,1.850371707708594131e-17,2.562448948868568110e-01
1.219999999999999973e-01,2.070813564246303251e+00,4.625929269271485328e-18,2.557305644095499431e-01
1.239999999999999991e-01,2.072559943049381737e+00,4.625929269271485328e-18,2.552154702757300497e-01
1.260000000000000009e-01,2.074307215011569561e+00,4.625929269271485328e-18,2.546996144771865311e-01
1.280000000000000027e-01,2.076055370345935458e+00,9.251858538542970657e-18,2.541829990220946800e-01
1.300000000000000044e-01,2.077804399210330111e+00,2.312964634635742664e-18,2.536656259349892029e-01
1.320000000000000062e-01,2.079554291707408353e+00,4.625929269271485328e-18,2.531474972567450132e-01
1.340000000000000080e-01,2.081305037884765063e+00,6.938893903907228378e-18,2.526286150445525847e-01
1.360000000000000098e-01,2.083056627734833022e+00,6.938893903907228378e-18,2.521089813718945805e-01
1.380000000000000115e-01,2.084809051194925544e+00,4.625929269271485328e-18,2.515885983285208183e-01
1.400000000000000133e-01,2.086562298147467409e+00,4.625929269271485328e-18,2.510674680204246778e-01
1.420000000000000151e-01,2.088316358419529450e+00,4.625929269271485328e-18,2.505455925698109598e-01
1.440000000000000169e-01,2.090071221783536437e+00,4.625929269271485328e-18,2.500229741150761242e-01
1.459999999999999909e-01,2.091826877956767916e+00,2.312964634635742664e-18,2.494996148107736511e-01
1.479999999999999927e-01,2.093583316601712596e+00,2.312964634635742664e-18,2.489755168275886721e-01
1.499999999999999944e-01,2.095340527325868507e+00,1.850371707708594131e-17,2.484506823523081886e-01
1.519999999999999962e-01,2.097098499682023665e+00,9.251858538542970657e-18,2.479251135877849344e-01
1.539999999999999980e-01,2.098857223168179686e+00,9.251858538542970657e-18,2.473988127529123948e-01
1.559999999999999998e-01,2.100616687227665480e+00,9.251858538542970657e-18,2.468717820825916676e-01
1.580000000000000016e-01,2.102376881249137242e+00,2.312964634635742664e-18,2.463440238276917438e-01
1.600000000000000033e-01,2.104137794566606878e+00,0.000000000000000000e+00,2.458155402550199209e-01
1.620000000000000051e-01,2.105899416459671158e+00,2.312964634635742664e-18,2.452863336472892453e-01
1.640000000000000069e-01,2.107661736153446874e+00,4.625929269271485328e-18,2.447564063030754355e-01
1.660000000000000087e-01,2.109424742818627685e+00,9.251858538542970657e-18,2.442257605367855744e-01
1.680000000000000104e-01,2.111188425571675964e+00,1.156482317317871448e-17,2.436943986786196115e-01
1.700000000000000122e-01,2.112952773474784607e+00,9.251858538542970657e-18,2.431623230745295627e-01
1.720000000000000140e-01,2.114717775536044897e+00,3.006854025026465425e-17,2.426295360861800143e-01
1.740000000000000158e-01,2.116483420709407426e+00,9.251858538542970657e-18,2.420960400909117627e-01
1.759999999999999898e-01,2.118249697894985850e+00,1.850371707708594131e-17,2.415618374816959901e-01
1.779999999999999916e-01,2.120016595938884585e+00,2.312964634635742664e-18,2.410269306670928258e-01
1.799999999999999933e-01,2.121784103633512331e+00,1.387778780781445676e-17,2.404913220712119049e-01
1.819999999999999951e-01,2.123552209717592731e+00,6.938893903907228378e-18,2.399550141336656284e-01
1.839999999999999969e-01,2.125320902876288720e+00,2.312964634635742664e-18,2.394180093095242545e-01
1.859999999999999987e-01,2.127090171741180313e+00,1.387778780781445676e-17,2.388803100692705461e-01
1.880000000000000004e-01,2.128860004890650082e+00,2.312964634635742664e-18,2.383419188987554727e-01
1.900000000000000022e-01,2.130630390849710842e+00,2.312964634635742664e-18,2.378028382991477785e-01
1.920000000000000040e-01,2.132401318090319187e+00,0.000000000000000000e+00,2.372630707868890465e-01
1.940000000000000058e-01,2.134172775031362157e+00,2.312964634635742664e-18,2.367226188936423503e-01
1.960000000000000075e-01,2.135944750038931694e+00,2.775557561562891351e-17,2.361814851662433490e-01
1.980000000000000093e-01,2.137717231426233155e+00,4.625929269271485328e-18,2.356396721666489946e-01
2.000000000000000111e-01,2.139490207453977888e+00,0.000000000000000000e+00,2.350971824718864900e-01
2.020000000000000129e-01,2.141263666330331716e+00,1.387778780781445676e-17,2.345540186740025790e-01
2.040000000000000147e-01,2.143037596211085472e+00,9.251858538542970657e-18,2.340101833800047881e-01
2.060000000000000164e-01,2.144811985199848614e+00,2.544261098099316969e-17,2.334656792118146029e-01
2.080000000000000182e-01,2.146586821348251739e+00,1.156482317317871448e-17,2.329205088062080709e-01
2.099999999999999922e-01,2.148362092655886180e+00,1.156482317317871448e-17,2.323746748147602070e-01
2.119999999999999940e-01,2.150137787070657502e+00,9.251858538542970657e-18,2.318281799037892610e-01
2.139999999999999958e-01,2.151913892488849456e+00,1.387778780781445676e-17,2.312810267542997344e-01
2.159999999999999976e-01,2.153690396755395753e+00,9.251858538542970657e-18,2.307332180619221518e-01
2.179999999999999993e-01,2.155467287663872966e+00,4.625929269271485328e-18,2.301847565368566051e-01
2.200000000000000011e-01,2.157244552956770534e+00,1.387778780781445676e-17,2.296356449038104430e-01
2.220000000000000029e-01,2.159022180325682605e+00,4.625929269271485328e-18,2.290858859019385962e-01
2.240000000000000047e-01,2.160800157411475908e+00,6.938893903907228378e-18,2.285354822847810996e-01
2.260000000000000064e-01,2.162578471804426528e+00,1.156482317317871448e-17,2.279844368202021410e-01
2.280000000000000082e-01,2.164357111044450832e+00,6.938893903907228378e-18,2.274327522903247800e-01
2.300000000000000100e-01,2.166136062621244029e+00,4.625929269271485328e-18,2.268804314914684150e-01
2.320000000000000118e-01,2.167915313974595470e+00,0.000000000000000000e+00,2.263274772340828356e-01
2.340000000000000135e-01,2.169694852494401971e+00,4.625929269271485328e-18,2.257738923426836908e-01
2.360000000000000153e-01,2.171474665521030190e+00,2.312964634635742664e-18,2.252196796557845715e-01
2.380000000000000171e-01,2.173254740345438307e+00,1.387778780781445676e-17,2.246648420258297030e-01
2.399999999999999911e-01,2.175035064209420277e+00,6.938893903907228378e-18,2.241093823191270540e-01
2.419999999999999929e-01,2.176815624305748820e+00,4.625929269271485328e-18,2.235533034157776711e-01
2.439999999999999947e-01,2.178596407778643496e+00,6.938893903907228378e-18,2.229966082096088986e-01
2.459999999999999964e-01,2.180377401723557540e+00,1.619075244245020058e-17,2.224392996080984397e-01
2.479999999999999982e-01,2.182158593187772055e+00,0.000000000000000000e+00,2.218813805323081034e-01
2.500000000000000000e-01,2.183939969170589634e+00,0.000000000000000000e+00,2.213228539168110853e-01
2.520000000000000018e-01,2.185721516623298832e+00,1.619075244245020058e-17,2.207637227096140020e-01
2.540000000000000036e-01,2.187503222449755036e+00,1.850371707708594131e-17,2.202039898720905275e-01
2.560000000000000053e-01,2.189285073506415102e+00,2.312964634635742664e-18,2.196436583789012353e-01
2.580000000000000071e-01,2.191067056602615359e+00,2.081668171172168513e-17,2.190827312179196851e-01
2.600000000000000089e-01,2.192849158500893125e+00,9.251858538542970657e-18,2.185212113901605635e-01
2.620000000000000107e-01,2.194631365917121713e+00,9.251858538542970657e-18,2.179591019096931148e-01
2.640000000000000124e-01,2.196413665520956293e+00,1.850371707708594131e-17,2.173964058035765534e-01
2.660000000000000142e-01,2.198196043935958244e+00,2.775557561562891351e-17,2.168331261117706910e-01
2.680000000000000160e-01,2.199978487739824295e+00,0.000000000000000000e+00,2.162692658870623286e-01
2.700000000000000178e-01,2.201760983464765786e+00,2.775557561562891351e-17,2.157048281949833779e-01
2.720000000000000195e-01,2.203543517597806201e+00,2.544261098099316969e-17,2.151398161137330067e-01
2.740000000000000213e-01,2.205326076580945482e+00,2.312964634635742895e-17,2.145742327340931788e-01
2.760000000000000231e-01,2.207108646811522412e+00,1.619075244245020058e-17,2.140080811593470245e-01
2.780000000000000249e-01,2.208891214642505041e+00,6.938893903907228378e-18,2.134413645051992103e-01
2.800000000000000266e-01,2.210673766382775796e+00,3.238150488490040115e-17,2.128740858996885088e-01
2.820000000000000284e-01,2.212456288297377505e+00,1.387778780781445676e-17,2.123062484831050312e-01
2.840000000000000302e-01,2.214238766607990350e+00,0.000000000000000000e+00,2.117378554079069886e-01
2.860000000000000320e-01,2.216021187492932754e+00,1.619075244245020058e-17,2.111689098386322905e-01
2.880000000000000338e-01,2.217803537087804422e+00,4.625929269271485328e-18,2.105994149518141956e-01
2.899999999999999800e-01,2.219585801485592036e+00,9.251858538542970657e-18,2.100293739358940759e-01
2.919999999999999818e-01,2.221367966737087585e+00,1.850371707708594131e-17,2.094587899911305451e-01
2.939999999999999836e-01,2.223150018851132614e+00,1.619075244245020058e-17,2.088876663295170522e-01
2.959999999999999853e-01,2.224931943795056100e+00,1.619075244245020058e-17,2.083160061746882896e-01
2.979999999999999871e-01,2.226713727494919581e+00,9.251858538542970657e-18,2.077438127618309871e-01
2.999999999999999889e-01,2.228495355835861780e+00,2.312964634635742664e-18,2.071710893375947604e-01
3.019999999999999907e-01,2.230276814662502716e+00,2.312964634635742664e-18,2.065978391599999353e-01
3.039999999999999925e-01,2.232058089779289212e+00,2.312964634635742664e-18,2.060240654983468700e-01
3.059999999999999942e-01,2.233839166950689403e+00,1.619075244245020058e-17,2.054497716331215862e-01
3.079999999999999960e-01,2.235620031901753180e+00,2.081668171172168513e-17,2.048749608559037316e-01
3.099999999999999978e-01,2.237400670318466567e+00,1.387778780781445676e-17,2.042996364692754585e-01
3.119999999999999996e-01,2.239181067847867190e+00,4.625929269271485328e-18,2.037238017867227524e-01
3.140000000000000013e-01,2.240961210098731726e+00,2.544261098099316969e-17,2.031474601325432561e-01
3.160000000000000031e-01,2.242741082641748207e+00,9.251858538542970657e-18,2.025706148417493191e-01
3.180000000000000049e-01,2.244520671009961887e+00,4.625929269271485328e-18,2.019932692599722690e-01
3.200000000000000067e-01,2.246299960699192688e+00,9.251858538542970657e-18,2.014154267433673484e-01
3.220000000000000084e-01,2.248078937168329183e+00,2.312964634635742664e-18,2.008370906585117965e-01
3.240000000000000102e-01,2.249857585839807328e+00,4.625929269271485328e-18,2.002582643823121178e-01
3.260000000000000120e-01,2.251635892099865366e+00,4.625929269271485328e-18,1.996789513019010531e-01
3.280000000000000138e-01,2.253413841299316545e+00,1.156482317317871448e-17,1.990991548145429058e-01
3.300000000000000155e-01,2.255191418753349275e+00,4.625929269271485328e-18,1.985188783275289859e-01
3.320000000000000173e-01,2.256968609742525445e+00,2.312964634635742664e-18,1.979381252580801609e-01
3.340000000000000191e-01,2.258745399512905649e+00,2.081668171172168513e-17,1.973568990332459361e-01
3.360000000000000209e-01,2.260521773276412461e+00,6.938893903907228378e-18,1.967752030898013427e-01
3.380000000000000226e-01,2.262297716211456589e+00,1.156482317317871448e-17,1.961930408741475174e-01
3.400000000000000244e-01,2.264073213463156264e+00,1.387778780781445676e-17,1.956104158422059536e-01
3.420000000000000262e-01,2.265848250144015807e+00,4.625929269271485328e-18,1.950273314593187757e-01
3.440000000000000280e-01,2.267622811334075728e+00,1.850371707708594131e-17,1.944437912001425739e-01
3.460000000000000298e-01,2.269396882081606392e+00,4.625929269271485328e-18,1.938597985485455699e-01
3.480000000000000315e-01,2.271170447403345172e+00,0.000000000000000000e+00,1.932753569975008967e-01
3.500000000000000333e-01,2.272943492285143918e+00,1.387778780781445676e-17,1.926904700489863176e-01
3.519999999999999796e-01,2.274716001682254962e+00,9.251858538542970657e-18,1.921051412138730097e-01
3.539999999999999813e-01,2.276487960519828491e+00,4.625929269271485328e-18,1.915193740118232568e-01
3.559999999999999831e-01,2.278259353693545819e+00,4.625929269271485328e-18,1.909331719711814535e-01
3.579999999999999849e-01,2.280030166069802355e+00,9.251858538542970657e-18,1.903465386288677452e-01
3.599999999999999867e-01,2.281800382486406598e+00,9.251858538542970657e-18,1.897594775302725578e-01
3.619999999999999885e-01,2.283569987752902541e+00,1.387778780781445676e-17,1.891719922291451861e-01
3.639999999999999902e-01,2.285338966651163872e+00,1.387778780781445676e-17,1.885840862874867130e-01
3.659999999999999920e-01,2.287107303935885128e+00,1.387778780781445676e-17,1.879957632754426511e-01
3.679999999999999938e-01,2.288874984334919205e+00,2.312964634635742895e-17,1.874070267711915594e-01
3.699999999999999956e-01,2.290641992549937278e+00,9.251858538542970657e-18,1.868178803608352145e-01
3.719999999999999973e-01,2.292408313256805386e+00,4.625929269271485328e-18,1.862283276382896424e-01
3.739999999999999991e-01,2.294173931106253228e+00,9.251858538542970657e-18,1.856383722051742069e-01
3.760000000000000009e-01,2.295938830724086444e+00,9.251858538542970657e-18,1.850480176707000046e-01
3.780000000000000027e-01,2.297702996712081003e+00,0.000000000000000000e+00,1.844572676515593146e-01
3.800000000000000044e-01,2.299466413648108443e+00,4.625929269271485328e-18,1.838661257718122999e-01
3.820000000000000062e-01,2.301229066086996511e+00,0.000000000000000000e+00,1.832745956627767070e-01
3.840000000000000080e-01,2.302990938560766310e+00,1.850371707708594131e-17,1.826826809629130688e-01
3.860000000000000098e-01,2.304752015579384583e+00,1.850371707708594131e-17,1.820903853177152920e-01
3.880000000000000115e-01,2.306512281631140304e+00,3.238150488490040115e-17,1.814977123795931124e-01
3.900000000000000133e-01,2.308271721183281500e+00,4.625929269271485328e-18,1.809046658077601011e-01
3.920000000000000151e-01,2.310030318682460226e+00,2.312964634635742895e-17,1.803112492681223367e-01
3.940000000000000169e-01,2.311788058555369396e+00,4.625929269271485328e-18,1.797174664331605554e-01
3.960000000000000187e-01,2.313544925209194858e+00,4.625929269271485328e-18,1.791233209818155203e-01
3.980000000000000204e-01,2.315300903032286861e+00,9.251858538542970657e-18,1.785288165993763609e-01
4.000000000000000222e-01,2.317055976394580163e+00,4.625929269271485328e-18,1.779339569773620566e-01
4.020000000000000240e-01,2.318810129648313456e+00,3.700743415417188263e-17,1.773387458134083050e-01
4.040000000000000258e-01,2.320563347128378417e+00,1.387778780781445676e-17,1.767431868111478677e-01
4.060000000000000275e-01,2.322315613153062230e+00,1.387778780781445676e-17,1.761472836801001307e-01
4.080000000000000293e-01,2.324066912024547626e+00,4.625929269271485328e-18,1.755510401355493688e-01
4.100000000000000311e-01,2.325817228029604777e+00,2.312964634635742895e-17,1.749544598984322241e-01
4.120000000000000329e-01,2.327566545439852419e+00,4.625929269271485328e-18,1.743575466952153596e-01
4.140000000000000346e-01,2.329314848512831659e+00,9.251858538542970657e-18,1.737603042577867407e-01
4.160000000000000364e-01,2.331062121492044170e+00,9.251858538542970657e-18,1.731627363233293193e-01
4.179999999999999827e-01,2.332808348608025995e+00,1.387778780781445676e-17,1.725648466342088738e-01
4.199999999999999845e-01,2.334553514078551828e+00,9.251858538542970657e-18,1.719666389378531612e-01
4.219999999999999862e-01,2.336297602109603133e+00,4.625929269271485328e-18,1.713681169866378695e-01
4.239999999999999880e-01,2.338040596895618606e+00,4.625929269271485328e-18,1.707692845377639379e-01
4.259999999999999898e-01,2.339782482620326398e+00,4.625929269271485328e-18,1.701701453531404562e-01
4.279999999999999916e-01,2.341523243457192649e+00,9.251858538542970657e-18,1.695707031992675362e-01
4.299999999999999933e-01,2.343262863570303445e+00,0.000000000000000000e+00,1.689709618471154084e-01
4.319999999999999951e-01,2.345001327114617951e+00,9.251858538542970657e-18,1.683709250720073491e-01
4.339999999999999969e-01,2.346738618236858365e+00,3.238150488490040115e-17,1.677705966534990267e-01
4.359999999999999987e-01,2.348474721076037497e+00,0.000000000000000000e+00,1.671699803752584035e-01
4.380000000000000004e-01,2.350209619764035196e+00,4.625929269271485328e-18,1.665690800249491899e-01
4.400000000000000022e-01,2.351943298426345308e+00,9.251858538542970657e-18,1.659678993941090530e-01
4.420000000000000040e-01,2.353675741182554404e+00,9.251858538542970657e-18,1.653664422780289356e-01
4.440000000000000058e-01,2.355406932147181109e+00,0.000000000000000000e+00,1.647647124756365933e-01
4.460000000000000075e-01,2.357136855430098876e+00,1.850371707708594131e-17,1.641627137893738875e-01
4.480000000000000093e-01,2.358865495137310475e+00,0.000000000000000000e+00,1.635604500250769644e-01
4.500000000000000111e-01,2.360592835371619458e+00,9.251858538542970657e-18,1.629579249918566008e-01
4.520000000000000129e-01,2.362318860233125761e+00,4.625929269271485328e-18,1.623551425019789940e-01
4.540000000000000147e-01,2.364043553819961119e+00,9.251858538542970657e-18,1.617521063707438311e-01
4.560000000000000164e-01,2.365766900229079539e+00,4.625929269271485328e-18,1.611488204163647742e-01
4.580000000000000182e-01,2.367488883556607249e+00,1.387778780781445676e-17,1.605452884598459751e-01
4.600000000000000200e-01,2.369209487898851663e+00,4.625929269271485328e-18,1.599415143248696103e-01
4.620000000000000218e-01,2.370928697352644221e+00,1.387778780781445676e-17,1.593375018376662067e-01
4.640000000000000235e-01,2.372646496016290740e+00,9.251858538542970657e-18,1.587332548268985954e-01
4.660000000000000253e-01,2.374362867989999515e+00,0.000000000000000000e+00,1.581287771235433959e-01
4.680000000000000271e-01,2.376077797376741074e+00,4.625929269271485328e-18,1.575240725607637560e-01
4.700000000000000289e-01,2.377791268282717141e+00,9.251858538542970657e-18,1.569191449737945554e-01
4.720000000000000306e-01,2.379503264818248809e+00,4.625929269271485328e-18,1.563139981998218908e-01
4.740000000000000324e-01,2.381213771098403598e+00,0.000000000000000000e+00,1.557086360778580925e-01
4.760000000000000342e-01,2.382922771243547899e+00,2.775557561562891351e-17,1.551030624486250953e-01
4.780000000000000360e-01,2.384630249380142786e+00,4.625929269271485328e-18,1.544972811544320923e-01
4.799999999999999822e-01,2.386336189641461658e+00,9.251858538542970657e-18,1.538912960390559914e-01
4.819999999999999840e-01,2.388040576168144469e+00,0.000000000000000000e+00,1.532851109476212892e-01
4.839999999999999858e-01,2.389743393109004188e+00,1.387778780781445676e-17,1.526787297264771970e-01
4.859999999999999876e-01,2.391444624621758663e+00,9.251858538542970657e-18,1.520721562230809287e-01
4.879999999999999893e-01,2.393144254873543986e+00,1.850371707708594131e-17,1.514653942858744662e-01
4.899999999999999911e-01,2.394842268041719180e+00,0.000000000000000000e+00,1.508584477641664590e-01
4.919999999999999929e-01,2.396538648314674447e+00,9.251858538542970657e-18,1.502513205080111547e-01
4.939999999999999947e-01,2.398233379892358741e+00,0.000000000000000000e+00,1.496440163680878843e-01
4.959999999999999964e-01,2.399926446987025841e+00,1.387778780781445676e-17,1.490365391955837671e-01
4.979999999999999982e-01,2.401617833824044368e+00,9.251858538542970657e-18,1.484288928420704201e-01
5.000000000000000000e-01,2.403307524642423587e+00,1.850371707708594131e-17,1.478210811593874130e-01
5.020000000000000018e-01,2.404995503695699810e+00,9.251858538542970657e-18,1.472131079995206149e-01
5.040000000000000036e-01,2.406681755252565225e+00,2.312964634635742895e-17,1.466049772144850383e-01
5.060000000000000053e-01,2.408366263597569557e+00,9.251858538542970657e-18,1.459966926562026035e-01
5.080000000000000071e-01,2.410049013031844822e+00,4.625929269271485328e-18,1.453882581763870085e-01
5.100000000000000089e-01,2.411729987873874492e+00,4.625929269271485328e-18,1.447796776264213825e-01
5.120000000000000107e-01,2.413409172460063701e+00,2.312964634635742895e-17,1.441709548572409905e-01
5.140000000000000124e-01,2.415086551145666505e+00,9.251858538542970657e-18,1.435620937192166047e-01
5.160000000000000142e-01,2.416762108305391621e+00,4.625929269271485328e-18,1.429530980620327130e-01
5.180000000000000160e-01,2.418435828333999282e+00,2.312964634635742895e-17,1.423439717345714728e-01
5.200000000000000178e-01,2.420107695647320867e+00,2.312964634635742895e-17,1.417347185847941948e-01
5.220000000000000195e-01,2.421777694682727855e+00,1.387778780781445676e-17,1.411253424596261297e-01
5.240000000000000213e-01,2.423445809899968495e+00,4.625929269271485328e-18,1.405158472048335105e-01
5.260000000000000231e-01,2.425112025781807290e+00,1.387778780781445676e-17,1.399062366649120037e-01
5.280000000000000249e-01,2.426776326834904296e+00,9.251858538542970657e-18,1.392965146829668321e-01
5.300000000000000266e-01,2.428438697590397766e+00,1.387778780781445676e-17,1.386866851005972567e-01
5.320000000000000284e-01,2.430099122604685746e+00,2.312964634635742895e-17,1.380767517577779491e-01
5.340000000000000302e-01,2.431757586460138398e+00,9.251858538542970657e-18,1.374667184927466368e-01
5.360000000000000320e-01,2.433414073765932883e+00,4.625929269271485328e-18,1.368565891418832003e-01
5.380000000000000338e-01,2.435068569158545415e+00,1.387778780781445676e-17,1.362463675395988172e-01
5.400000000000000355e-01,2.436721057302793980e+00,2.312964634635742895e-17,1.356360575182180839e-01
5.420000000000000373e-01,2.438371522892238019e+00,9.251858538542970657e-18,1.350256629078641357e-01
5.440000000000000391e-01,2.440019950650174962e+00,4.625929269271485328e-18,1.344151875363441551e-01
5.460000000000000409e-01,2.441666325330306364e+00,4.625929269271485328e-18,1.338046352290340746e-01
5.480000000000000426e-01,2.443310631717324100e+00,1.387778780781445676e-17,1.331940098087671109e-01
5.500000000000000444e-01,2.444952854627841177e+00,1.387778780781445676e-17,1.325833150957168027e-01
5.520000000000000462e-01,2.446592978910912208e+00,9.251858538542970657e-18,1.319725549072841286e-01
5.540000000000000480e-01,2.448230989449145412e+00,0.000000000000000000e+00,1.313617330579883724e-01
5.560000000000000497e-01,2.449866871158899784e+00,9.251858538542970657e-18,1.307508533593455813e-01
5.580000000000000515e-01,2.451500608991443286e+00,4.625929269271485328e-18,1.301399196197679797e-01
5.600000000000000533e-01,2.453132187933499964e+00,9.251858538542970657e-18,1.295289356444398743e-01
5.620000000000000551e-01,2.454761593007990683e+00,4.625929269271485328e-18,1.289179052352151800e-01
5.640000000000000568e-01,2.456388809274836049e+00,4.625929269271485328e-18,1.283068321905009301e-01
5.660000000000000586e-01,2.458013821831602996e+00,0.000000000000000000e+00,1.276957203051488632e-01
5.680000000000000604e-01,2.459636615814256189e+00,4.625929269271485328e-18,1.270845733703427072e-01
5.700000000000000622e-01,2.461257176397966262e+00,9.251858538542970657e-18,1.264733951734905160e-01
5.720000000000000639e-01,2.462875488797720891e+00,9.251858538542970657e-18,1.258621894981136191e-01
5.740000000000000657e-01,2.464491538269097504e+00,2.775557561562891351e-17,1.252509601237357384e-01
5.760000000000000675e-01,2.466105310109037774e+00,2.312964634635742895e-17,1.246397108257783354e-01
5.779999999999999583e-01,2.467716789656437371e+00,1.387778780781445676e-17,1.240284453754459115e-01
5.799999999999999600e-01,2.469325962293106969e+00,1.850371707708594131e-17,1.234171675396252416e-01
5.819999999999999618e-01,2.470932813444211007e+00,1.387778780781445676e-17,1.228058810807721862e-01
5.839999999999999636e-01,2.472537328579218041e+00,1.387778780781445676e-17,1.221945897568051109e-01
5.859999999999999654e-01,2.474139493212474505e+00,0.000000000000000000e+00,1.215832973210021345e-01
5.879999999999999671e-01,2.475739292904073352e+00,1.850371707708594131e-17,1.209720075218898711e-01
5.899999999999999689e-01,2.477336713260299916e+00,0.000000000000000000e+00,1.203607241031406788e-01
5.919999999999999707e-01,2.478931739934774114e+00,2.775557561562891351e-17,1.197494508034668281e-01
5.939999999999999725e-01,2.480524358628704462e+00,3.238150488490040115e-17,1.191381913565149886e-01
5.959999999999999742e-01,2.482114555091962771e+00,1.387778780781445676e-17,1.185269494907618265e-01
5.979999999999999760e-01,2.483702315123514026e+00,1.387778780781445676e-17,1.179157289294106431e-01
5.999999999999999778e-01,2.485287624572411147e+00,1.387778780781445676e-17,1.173045333902892895e-01
6.019999999999999796e-01,2.486870469338224865e+00,4.625929269271485328e-18,1.166933665857424890e-01
6.039999999999999813e-01,2.488450835371944336e+00,4.625929269271485328e-18,1.160822322225360387e-01
6.059999999999999831e-01,2.490028708676559788e+00,1.850371707708594131e-17,1.154711340017506860e-01
6.079999999999999849e-01,2.491604075307945365e+00,9.251858538542970657e-18,1.148600756186806821e-01
6.099999999999999867e-01,2.493176921375164667e+00,9.251858538542970657e-18,1.142490607627345695e-01
6.119999999999999885e-01,2.494747233041675116e+00,9.251858538542970657e-18,1.136380931173355952e-01
6.139999999999999902e-01,2.496314996525736518e+00,2.312964634635742895e-17,1.130271763598186957e-01
6.159999999999999920e-01,2.497880198101041671e+00,9.251858538542970657e-18,1.124163141613349209e-01
6.179999999999999938e-01,2.499442824097519278e+00,1.850371707708594131e-17,1.118055101867494600e-01
6.199999999999999956e-01,2.501002860902103109e+00,2.312964634635742895e-17,1.111947680945462730e-01
6.219999999999999973e-01,2.502560294959307541e+00,1.850371707708594131e-17,1.105840915367296839e-01
6.239999999999999991e-01,2.504115112771746254e+00,4.625929269271485791e-17,1.099734841587253209e-01
6.260000000000000009e-01,2.505667300901189165e+00,9.251858538542970657e-18,1.093629495992873152e-01
6.280000000000000027e-01,2.507216845968908814e+00,9.251858538542970657e-18,1.087524914903995610e-01
6.300000000000000044e-01,2.508763734656515254e+00,9.251858538542970657e-18,1.081421134571813047e-01
6.320000000000000062e-01,2.510307953706560014e+00,0.000000000000000000e+00,1.075318191177930677e-01
6.340000000000000080e-01,2.511849489923223544e+00,9.251858538542970657e-18,1.069216120833401812e-01
6.360000000000000098e-01,2.513388330173045304e+00,1.850371707708594131e-17,1.063114959577843438e-01
6.380000000000000115e-01,2.514924461385321663e+00,1.850371707708594131e-17,1.057014743378435484e-01
6.400000000000000133e-01,2.516457870553201914e+00,1.387778780781445676e-17,1.050915508129061926e-01
6.420000000000000151e-01,2.517988544733894329e+00,9.251858538542970657e-18,1.044817289649359604e-01
6.440000000000000169e-01,2.519516471049543682e+00,9.251858538542970657e-18,1.038720123683797847e-01
6.460000000000000187e-01,2.521041636687893828e+00,0.000000000000000000e+00,1.032624045900818882e-01
6.480000000000000204e-01,2.522564028902841926e+00,1.850371707708594131e-17,1.026529091891885820e-01
6.500000000000000222e-01,2.524083635015053062e+00,4.625929269271485328e-18,1.020435297170613487e-01
6.520000000000000240e-01,2.525600442412727631e+00,4.625929269271485328e-18,1.014342697171903285e-01
6.540000000000000258e-01,2.527114438552091613e+00,9.251858538542970657e-18,1.008251327251014628e-01
6.560000000000000275e-01,2.528625610958037839e+00,4.625929269271485328e-18,1.002161222682735053e-01
6.580000000000000293e-01,2.530133947224850743e+00,2.775557561562891351e-17,9.960724186604912045e-02
6.600000000000000311e-01,2.531639435016666440e+00,1.850371707708594131e-17,9.899849502954870262e-02
6.620000000000000329e-01,2.533142062068240108e+00,1.850371707708594131e-17,9.838988526158609638e-02
6.640000000000000346e-01,2.534641816185434493e+00,9.251858538542970657e-18,9.778141605658234592e-02
6.660000000000000364e-01,2.536138685245862945e+00,4.625929269271485328e-18,9.717309090048321940e-02
6.680000000000000382e-01,2.537632657199493380e+00,4.625929269271485328e-18,9.656491327067341646e-02
6.700000000000000400e-01,2.539123720069278889e+00,3.700743415417188263e-17,9.595688663589682643e-02
6.720000000000000417e-01,2.540611861951557415e+00,1.850371707708594131e-17,9.534901445617091631e-02
6.740000000000000435e-01,2.542097071016973686e+00,2.312964634635742895e-17,9.474130018270775222e-02
6.760000000000000453e-01,2.543579335510688821e+00,2.775557561562891351e-17,9.413374725783203723e-02
6.780000000000000471e-01,2.545058643753236538e+00,9.251858538542970657e-18,9.352635911490139731e-02
6.800000000000000488e-01,2.546534984140906843e+00,1.387778780781445676e-17,9.291913917822637592e-02
6.820000000000000506e-01,2.548008345146376641e+00,1.850371707708594131e-17,9.231209086299198285e-02
6.840000000000000524e-01,2.549478715319365207e+00,0.000000000000000000e+00,9.170521757517906269e-02
6.860000000000000542e-01,2.550946083286994792e+00,1.850371707708594131e-17,9.109852271148882741e-02
6.880000000000000560e-01,2.552410437754421224e+00,1.850371707708594131e-17,9.049200965926157414e-02
6.900000000000000577e-01,2.553871767505476953e+00,2.312964634635742895e-17,8.988568179640714362e-02
6.920000000000000595e-01,2.555330061403045860e+00,1.387778780781445676e-17,8.927954249132306896e-02
6.940000000000000613e-01,2.556785308389635247e+00,4.625929269271485328e-18,8.867359510282388224e-02
6.960000000000000631e-01,2.558237497488045520e+00,9.251858538542970657e-18,8.806784298006647971e-02
6.980000000000000648e-01,2.559686617801654407e+00,1.387778780781445676e-17,8.746228946247541769e-02
7.000000000000000666e-01,2.561132658515106186e+00,9.251858538542970657e-18,8.685693787967123380e-02
7.020000000000000684e-01,2.562575608894745116e+00,4.625929269271485328e-18,8.625179155139983678e-02
7.039999999999999591e-01,2.564015458289079064e+00,4.625929269271485328e-18,8.564685378745849620e-02
7.059999999999999609e-01,2.565452196129458073e+00,4.625929269271485328e-18,8.504212788762785524e-02
7.079999999999999627e-01,2.566885811930269767e+00,0.000000000000000000e+00,8.443761714160095966e-02
7.099999999999999645e-01,2.568316295289752915e+00,1.387778780781445676e-17,8.383332482891506232e-02
7.119999999999999662e-01,2.569743635890104017e+00,1.387778780781445676e-17,8.322925421888174857e-02
7.139999999999999680e-01,2.571167823498353044e+00,0.000000000000000000e+00,8.262540857052094734e-02
7.159999999999999698e-01,2.572588847966533976e+00,4.625929269271485328e-18,8.202179113249317977e-02
7.179999999999999716e-01,2.574006699232230133e+00,4.625929269271485328e-18,8.141840514303404219e-02
7.199999999999999734e-01,2.575421367319004062e+00,1.387778780781445676e-17,8.081525382988777317e-02
7.219999999999999751e-01,2.576832842336912677e+00,0.000000000000000000e+00,8.021234041024356831e-02
7.239999999999999769e-01,2.578241114482953122e+00,2.312964634635742895e-17,7.960966809066982730e-02
7.259999999999999787e-01,2.579646174041274165e+00,4.625929269271485328e-18,7.900724006705375779e-02
7.279999999999999805e-01,2.581048011384009300e+00,1.850371707708594131e-17,7.840505952453577510e-02
7.299999999999999822e-01,2.582446616971243003e+00,4.625929269271485328e-18,7.780312963744993870e-02
7.319999999999999840e-01,2.583841981351737260e+00,4.625929269271485328e-18,7.720145356926123859e-02
7.339999999999999858e-01,2.585234095163288615e+00,9.251858538542970657e-18,7.660003447250735009e-02
7.359999999999999876e-01,2.586622949132928895e+00,0.000000000000000000e+00,7.599887548873368592e-02
7.379999999999999893e-01,2.588008534077667733e+00,9.251858538542970657e-18,7.539797974844340833e-02
7.399999999999999911e-01,2.589390840904425062e+00,1.387778780781445676e-17,7.479735037103098227e-02
7.419999999999999929e-01,2.590769860610933506e+00,0.000000000000000000e+00,7.419699046472919002e-02
7.439999999999999947e-01,2.592145584285615811e+00,1.387778780781445676e-17,7.359690312654948441e-02
7.459999999999999964e-01,2.593518003108266967e+00,0.000000000000000000e+00,7.299709144223101576e-02
7.479999999999999982e-01,2.594887108350361515e+00,0.000000000000000000e+00,7.239755848617776546e-02
7.500000000000000000e-01,2.596252891375209870e+00,1.387778780781445676e-17,7.179830732141107008e-02
7.520000000000000018e-01,2.597615343638571161e+00,4.625929269271485328e-18,7.119934099951230611e-02
7.540000000000000036e-01,2.598974456688830870e+00,0.000000000000000000e+00,7.060066256057068168e-02
7.560000000000000053e-01,2.600330222167333005e+00,4.625929269271485328e-18,7.000227503313083410e-02
7.580000000000000071e-01,2.601682631808779789e+00,2.312964634635742895e-17,6.940418143414127383e-02
7.600000000000000089e-01,2.603031677441377312e+00,4.625929269271485328e-18,6.880638476890291177e-02
7.620000000000000107e-01,2.604377350987466144e+00,4.625929269271485328e-18,6.820888803102069520e-02
7.640000000000000124e-01,2.605719644463464491e+00,4.625929269271485328e-18,6.761169420235235705e-02
7.660000000000000142e-01,2.607058549980317608e+00,4.625929269271485328e-18,6.701480625296056537e-02
7.680000000000000160e-01,2.608394059743785576e+00,1.387778780781445676e-17,6.641822714106561387e-02
7.700000000000000178e-01,2.609726166054752383e+00,3.700743415417188263e-17,6.582195981299622523e-02
7.720000000000000195e-01,2.611054861309400010e+00,1.387778780781445676e-17,6.522600720314696010e-02
7.740000000000000213e-01,2.612380137999565477e+00,4.625929269271485328e-18,6.463037223392788244e-02
7.760000000000000231e-01,2.613701988712923807e+00,4.625929269271485328e-18,6.403505781572298161e-02
7.780000000000000249e-01,2.615020406133201192e+00,0.000000000000000000e+00,6.344006684684376507e-02
7.800000000000000266e-01,2.616335383040569340e+00,3.238150488490040115e-17,6.284540221348866584e-02
7.820000000000000284e-01,2.617646912311785812e+00,1.387778780781445676e-17,6.225106678969714868e-02
7.840000000000000302e-01,2.618954986920243755e+00,9.251858538542970657e-18,6.165706343730874284e-02
7.860000000000000320e-01,2.620259599936606065e+00,1.387778780781445676e-17,6.106339500592271319e-02
7.880000000000000338e-01,2.621560744528572684e+00,0.000000000000000000e+00,6.047006433285639221e-02
7.900000000000000355e-01,2.622858413961303370e+00,4.625929269271485328e-18,5.987707424310560050e-02
7.920000000000000373e-01,2.624152601597643297e+00,9.251858538542970657e-18,5.928442754930640657e-02
7.940000000000000391e-01,2.625443300898208321e+00,0.000000000000000000e+00,5.869212705169489508e-02
7.960000000000000409e-01,2.626730505421537742e+00,9.251858538542970657e-18,5.810017553807142465e-02
7.980000000000000426e-01,2.628014208824428266e+00,0.000000000000000000e+00,5.750857578376292190e-02
8.000000000000000444e-01,2.629294404861893142e+00,0.000000000000000000e+00,5.691733055158535587e-02
8.020000000000000462e-01,2.630571087387442830e+00,3.700743415417188263e-17,5.632644259181158325e-02
8.040000000000000480e-01,2.631844250353237769e+00,1.850371707708594131e-17,5.573591464213308727e-02
8.060000000000000497e-01,2.633113887810113241e+00,4.625929269271485328e-18,5.514574942762766330e-02
8.080000000000000515e-01,2.634379993907819184e+00,1.387778780781445676e-17,5.455594966072613988e-02
8.100000000000000533e-01,2.635642562895133878e+00,4.625929269271485328e-18,5.396651804117916229e-02
8.120000000000000551e-01,2.636901589119894140e+00,0.000000000000000000e+00,5.337745725602574542e-02
8.140000000000000568e-01,2.638157067029204939e+00,4.625929269271485328e-18,5.278876997956195166e-02
8.160000000000000586e-01,2.639408991169441165e+00,2.775557561562891351e-17,5.220045887331038748e-02
8.180000000000000604e-01,2.640657356186478566e+00,4.625929269271485328e-18,5.161252658599011639e-02
8.200000000000000622e-01,2.641902156825516101e+00,4.625929269271485328e-18,5.102497575348870218e-02
8.220000000000000639e-01,2.643143387931532473e+00,4.625929269271485328e-18,5.043780899883264224e-02
8.240000000000000657e-01,2.644381044448961049e+00,4.625929269271485328e-18,4.985102893216022957e-02
8.260000000000000675e-01,2.645615121422034477e+00,4.625929269271485328e-18,4.926463815069506008e-02
8.280000000000000693e-01,2.646845613994722513e+00,4.625929269271485328e-18,4.867863923871901255e-02
8.300000000000000711e-01,2.648072517410756888e+00,9.251858538542970657e-18,4.809303476754688000e-02
8.320000000000000728e-01,2.649295827013657956e+00,1.850371707708594131e-17,4.750782729550190320e-02
8.339999999999999636e-01,2.650515538246880354e+00,1.387778780781445676e-17,4.692301936789197714e-02
8.359999999999999654e-01,2.651731646653693986e+00,3.700743415417188263e-17,4.633861351698513598e-02
8.379999999999999671e-01,2.652944147877246195e+00,1.387778780781445676e-17,4.575461226198693221e-02
8.399999999999999689e-01,2.654153037660671899e+00,9.251858538542970657e-18,4.517101810901993225e-02
8.419999999999999707e-01,2.655358311846875097e+00,0.000000000000000000e+00,4.458783355110013114e-02
8.439999999999999725e-01,2.656559966378658544e+00,1.387778780781445676e-17,4.400506106811788443e-02
8.459999999999999742e-01,2.657757997298764607e+00,0.000000000000000000e+00,4.342270312681722338e-02
8.479999999999999760e-01,2.658952400749637235e+00,9.251858538542970657e-18,4.284076218077628034e-02
8.499999999999999778e-01,2.660143172973608472e+00,0.000000000000000000e+00,4.225924067038919901e-02
8.519999999999999796e-01,2.661330310312800762e+00,4.625929269271485328e-18,4.167814102284828764e-02
8.539999999999999813e-01,2.662513809208945759e+00,3.700743415417188263e-17,4.109746565212551994e-02
8.559999999999999831e-01,2.663693666203378996e+00,4.625929269271485328e-18,4.051721695895680458e-02
8.579999999999999849e-01,2.664869877937233511e+00,9.251858538542970657e-18,3.993739733082671273e-02
8.599999999999999867e-01,2.666042441150912268e+00,4.625929269271485328e-18,3.935800914195131117e-02
8.619999999999999885e-01,2.667211352684400794e+00,9.251858538542970657e-18,3.877905475326520746e-02
8.639999999999999902e-01,2.668376609477032702e+00,4.625929269271485328e-18,3.820053651240620796e-02
8.659999999999999920e-01,2.669538208567288962e+00,4.625929269271485328e-18,3.762245675370303605e-02
8.679999999999999938e-01,2.670696147092872508e+00,1.387778780781445676e-17,3.704481779816249515e-02
8.699999999999999956e-01,2.671850422290466653e+00,4.625929269271485328e-18,3.646762195345575053e-02
8.719999999999999973e-01,2.673001031495775948e+00,1.387778780781445676e-17,3.589087151391050223e-02
8.739999999999999991e-01,2.674147972143186891e+00,3.700743415417188263e-17,3.531456876049615667e-02
8.760000000000000009e-01,2.675291241765815897e+00,1.850371707708594131e-17,3.473871596081647833e-02
8.780000000000000027e-01,2.676430837995280143e+00,1.387778780781445676e-17,3.416331536909807814e-02
8.800000000000000044e-01,2.677566758561559013e+00,3.238150488490040115e-17,3.358836922618466808e-02
8.820000000000000062e-01,2.678699001292919490e+00,2.312964634635742895e-17,3.301387975952545933e-02
8.840000000000000080e-01,2.679827564115612404e+00,4.625929269271485328e-18,3.243984918316888955e-02
8.860000000000000098e-01,2.680952445053872424e+00,4.163336342344337027e-17,3.186627969775679414e-02
8.880000000000000115e-01,2.682073642229529042e+00,1.387778780781445676e-17,3.129317349051580210e-02
8.900000000000000133e-01,2.683191153862102496e+00,1.387778780781445676e-17,3.072053273525381101e-02
8.920000000000000151e-01,2.684304978268309938e+00,4.625929269271485328e-18,3.014835959235310364e-02
8.940000000000000169e-01,2.685415113862150704e+00,0.000000000000000000e+00,2.957665620876736429e-02
8.960000000000000187e-01,2.686521559154471106e+00,4.625929269271485328e-18,2.900542471801604086e-02
8.980000000000000204e-01,2.687624312752912914e+00,9.251858538542970657e-18,2.843466724018321040e-02
9.000000000000000222e-01,2.688723373361602498e+00,4.625929269271485328e-18,2.786438588191313126e-02
9.020000000000000240e-01,2.689818739781060231e+00,4.625929269271485328e-18,2.729458273640858121e-02
9.040000000000000258e-01,2.690910410907765282e+00,1.387778780781445676e-17,2.672525988342981315e-02
9.060000000000000275e-01,2.691998385734116539e+00,1.850371707708594131e-17,2.615641938929344143e-02
9.080000000000000293e-01,2.693082663347938777e+00,2.775557561562891351e-17,2.558806330687216773e-02
9.100000000000000311e-01,2.694163242932605229e+00,9.251858538542970657e-18,2.502019367559439600e-02
9.120000000000000329e-01,2.695240123766430074e+00,9.251858538542970657e-18,2.445281252144601916e-02
9.140000000000000346e-01,2.696313305222602708e+00,4.625929269271485328e-18,2.388592185697160572e-02
9.160000000000000364e-01,2.697382786768823593e+00,0.000000000000000000e+00,2.331952368127552730e-02
9.180000000000000382e-01,2.698448567967121292e+00,4.625929269271485328e-18,2.275361998002606995e-02
9.200000000000000400e-01,2.699510648473401275e+00,1.850371707708594131e-17,2.218821272545708212e-02
9.220000000000000417e-01,2.700569028037387298e+00,1.387778780781445676e-17,2.162330387637256476e-02
9.240000000000000435e-01,2.701623706502223499e+00,0.000000000000000000e+00,2.105889537815067505e-02
9.260000000000000453e-01,2.702674683803971689e+00,1.850371707708594131e-17,2.049498916274778218e-02
9.280000000000000471e-01,2.703721959971687738e+00,4.625929269271485328e-18,1.993158714870599604e-02
9.300000000000000488e-01,2.704765535126789189e+00,3.700743415417188263e-17,1.936869124115649446e-02
9.320000000000000506e-01,2.705805409482964663e+00,1.850371707708594131e-17,1.880630333182707614e-02
9.340000000000000524e-01,2.706841583345648061e+00,1.387778780781445676e-17,1.824442529904937368e-02
9.360000000000000542e-01,2.707874057111796517e+00,4.625929269271485328e-18,1.768305900776647593e-02
9.380000000000000560e-01,2.708902831269595524e+00,9.251858538542970657e-18,1.712220630953996750e-02
9.400000000000000577e-01,2.709927906397975761e+00,4.625929269271485328e-18,1.656186904255984443e-02
9.420000000000000595e-01,2.710949283166408819e+00,1.387778780781445676e-17,1.600204903165239334e-02
9.440000000000000613e-01,2.711966962334438236e+00,3.238150488490040115e-17,1.544274808829049911e-02
9.460000000000000631e-01,2.712980944751508972e+00,9.251858538542970657e-18,1.488396801060389539e-02
9.480000000000000648e-01,2.713991231356271072e+00,9.251858538542970657e-18,1.432571058338940988e-02
9.500000000000000666e-01,2.714997823176544145e+00,1.387778780781445676e-17,1.376797757812193990e-02
9.520000000000000684e-01,2.716000721328745371e+00,1.850371707708594131e-17,1.321077075296688691e-02
9.540000000000000702e-01,2.716999927017624827e+00,9.251858538542970657e-18,1.265409185279186936e-02
9.560000000000000719e-01,2.717995441535729029e+00,4.625929269271485328e-18,1.209794260917882759e-02
9.580000000000000737e-01,2.718987266263228619e+00,1.850371707708594131e-17,1.154232474043813232e-02
9.599999999999999645e-01,2.719975402667268227e+00,1.387778780781445676e-17,1.098723995162216582e-02
9.619999999999999662e-01,2.720959852301762183e+00,9.251858538542970657e-18,1.043268993453779978e-02
9.639999999999999680e-01,2.721940616806946878e+00,0.000000000000000000e+00,9.878676367763936789e-03
9.659999999999999698e-01,2.722917697908892265e+00,9.251858538542970657e-18,9.325200916663587553e-03
9.679999999999999716e-01,2.723891097419125273e+00,0.000000000000000000e+00,8.772265233401322151e-03
9.699999999999999734e-01,2.724860817234295851e+00,0.000000000000000000e+00,8.219870956959177480e-03
9.719999999999999751e-01,2.725826859335601426e+00,3.700743415417188263e-17,7.668019713151237593e-03
9.739999999999999769e-01,2.726789225788456505e+00,2.312964634635742895e-17,7.116713114643581292e-03
9.759999999999999787e-01,2.727747918742089439e+00,0.000000000000000000e+00,6.565952760969351668e-03
9.779999999999999805e-01,2.728702940428929580e+00,0.000000000000000000e+00,6.015740238546913449e-03
9.799999999999999822e-01,2.729654293164422540e+00,4.625929269271485328e-18,5.466077120699619311e-03
9.819999999999999840e-01,2.730601979346355179e+00,4.625929269271485328e-18,4.916964967672268934e-03
9.839999999999999858e-01,2.731546001454555395e+00,4.163336342344337027e-17,4.368405326653067994e-03
9.859999999999999876e-01,2.732486362050236650e+00,0.000000000000000000e+00,3.820399731790301030e-03
9.879999999999999893e-01,2.733423063775894946e+00,1.387778780781445676e-17,3.272949704214537202e-03
9.899999999999999911e-01,2.734356109354495246e+00,2.312964634635742895e-17,2.726056752057973761e-03
9.919999999999999929e-01,2.735285501589096668e+00,0.000000000000000000e+00,2.179722370475797432e-03
9.939999999999999947e-01,2.736211243362491885e+00,1.850371707708594131e-17,1.633948041667216203e-03
9.959999999999999964e-01,2.737133337636707964e+00,1.850371707708594131e-17,1.088735234897621933e-03
9.979999999999999982e-01,2.738051787452361552e+00,4.625929269271485328e-18,5.440854065209058382e-04
1.000000000000000000e+00,2.738966595928401304e+00,4.625929269271485791e-17,2.440807918423292956e-16
1.002000000000000002e+00,2.739877766261434644e+00,4.625929269271485328e-18,5.435195540671397280e-04
1.004000000000000004e+00,2.740785301725408019e+00,1.850371707708594131e-17,1.086471837926010573e-03
1.006000000000000005e+00,2.741689205670907015e+00,9.251858538542970657e-18,1.628855446642518993e-03
1.008000000000000007e+00,2.742589481524912998e+00,0.000000000000000000e+00,2.170668988075849168e-03
1.010000000000000009e+00,2.743486132790094345e+00,1.387778780781445676e-17,2.711911082858233738e-03
1.012000000000000011e+00,2.744379163044330383e+00,2.775557561562891351e-17,3.252580364366000187e-03
1.014000000000000012e+00,2.745268575940420064e+00,4.625929269271485328e-18,3.792675478697231286e-03
1.016000000000000014e+00,2.746154375205255960e+00,0.000000000000000000e+00,4.332195084643599044e-03
1.018000000000000016e+00,2.747036564639493861e+00,2.312964634635742895e-17,4.871137853667451174e-03
1.020000000000000018e+00,2.747915148117144213e+00,4.625929269271485328e-18,5.409502469872462180e-03
1.022000000000000020e+00,2.748790129584699926e+00,0.000000000000000000e+00,5.947287629978710577e-03
1.024000000000000021e+00,2.749661513060965845e+00,2.312964634635742895e-17,6.484492043294853500e-03
1.026000000000000023e+00,2.750529302636460116e+00,0.000000000000000000e+00,7.021114431690043262e-03
1.028000000000000025e+00,2.751393502472703645e+00,9.251858538542970657e-18,7.557153529568325437e-03
1.030000000000000027e+00,2.752254116801964301e+00,4.625929269271485328e-18,8.092608083838367938e-03
1.032000000000000028e+00,2.753111149926462886e+00,4.625929269271485328e-18,8.627476853885793912e-03
1.034000000000000030e+00,2.753964606218080036e+00,1.850371707708594131e-17,9.161758611544130321e-03
1.036000000000000032e+00,2.754814490117587056e+00,4.625929269271485328e-18,9.695452141066153787e-03
1.038000000000000034e+00,2.755660806134358154e+00,0.000000000000000000e+00,1.022855623909349650e-02
1.040000000000000036e+00,2.756503558845622592e+00,1.387778780781445676e-17,1.076106971462797122e-02
1.042000000000000037e+00,2.757342752896004612e+00,2.312964634635742895e-17,1.129299138900026998e-02
1.044000000000000039e+00,2.758178392997052697e+00,2.312964634635742895e-17,1.182432009584107394e-02
1.046000000000000041e+00,2.759010483926539692e+00,4.625929269271485328e-18,1.235505468104839202e-02
1.048000000000000043e+00,2.759839030528048909e+00,0.000000000000000000e+00,1.288519400275867782e-02
1.050000000000000044e+00,2.760664037710393259e+00,3.238150488490040115e-17,1.341473693131263988e-02
1.052000000000000046e+00,2.761485510446970437e+00,9.251858538542970657e-18,1.394368234922676621e-02
1.054000000000000048e+00,2.762303453775393436e+00,0.000000000000000000e+00,1.447202915115857434e-02
1.056000000000000050e+00,2.763117872796771124e+00,1.387778780781445676e-17,1.499977624387646181e-02
1.058000000000000052e+00,2.763928772675196655e+00,1.850371707708594131e-17,1.552692254622662499e-02
1.060000000000000053e+00,2.764736158637260743e+00,4.625929269271485328e-18,1.605346698909892664e-02
1.062000000000000055e+00,2.765540035971444155e+00,4.625929269271485328e-18,1.657940851539532051e-02
1.064000000000000057e+00,2.766340410027538610e+00,4.625929269271485328e-18,1.710474607999546565e-02
1.066000000000000059e+00,2.767137286216089009e+00,2.312964634635742895e-17,1.762947864972473286e-02
1.068000000000000060e+00,2.767930670007896055e+00,1.387778780781445676e-17,1.815360520331769228e-02
1.070000000000000062e+00,2.768720566933383864e+00,2.312964634635742895e-17,1.867712473138683285e-02
1.072000000000000064e+00,2.769506982582072396e+00,9.251858538542970657e-18,1.920003623638520326e-02
1.074000000000000066e+00,2.770289922602009014e+00,4.625929269271485328e-18,1.972233873257403167e-02
1.076000000000000068e+00,2.771069392699224920e+00,0.000000000000000000e+00,2.024403124598675788e-02
1.078000000000000069e+00,2.771845398637070801e+00,1.387778780781445676e-17,2.076511281439437709e-02
1.080000000000000071e+00,2.772617946235754971e+00,4.625929269271485328e-18,2.128558248726834107e-02
1.082000000000000073e+00,2.773387041371792705e+00,1.387778780781445676e-17,2.180543932574736943e-02
1.084000000000000075e+00,2.774152689977324115e+00,4.625929269271485328e-18,2.232468240260044104e-02
1.086000000000000076e+00,2.774914898039671840e+00,1.850371707708594131e-17,2.284331080218945931e-02
1.088000000000000078e+00,2.775673671600719317e+00,4.625929269271485328e-18,2.336132362043408586e-02
1.090000000000000080e+00,2.776429016756269519e+00,9.251858538542970657e-18,2.387871996477654996e-02
1.092000000000000082e+00,2.777180939655616854e+00,1.387778780781445676e-17,2.439549895414109756e-02
1.094000000000000083e+00,2.777929446500859711e+00,4.625929269271485328e-18,2.491165971889951550e-02
1.096000000000000085e+00,2.778674543546406639e+00,1.850371707708594131e-17,2.542720140083515323e-02
1.098000000000000087e+00,2.779416237098351061e+00,0.000000000000000000e+00,2.594212315310123404e-02
1.100000000000000089e+00,2.780154533513975679e+00,4.625929269271485328e-18,2.645642414018784319e-02
1.102000000000000091e+00,2.780889439201089886e+00,4.625929269271485328e-18,2.697010353788067971e-02
1.104000000000000092e+00,2.781620960617493310e+00,4.625929269271485328e-18,2.748316053322396799e-02
1.106000000000000094e+00,2.782349104270535278e+00,1.387778780781445676e-17,2.799559432448332080e-02
1.108000000000000096e+00,2.783073876716258610e+00,2.775557561562891351e-17,2.850740412110555622e-02
1.110000000000000098e+00,2.783795284559133165e+00,2.312964634635742895e-17,2.901858914368077302e-02
1.112000000000000099e+00,2.784513334451313327e+00,1.850371707708594131e-17,2.952914862390423195e-02
1.114000000000000101e+00,2.785228033092112199e+00,1.387778780781445676e-17,3.003908180453647089e-02
1.116000000000000103e+00,2.785939387227454489e+00,4.625929269271485328e-18,3.054838793936359362e-02
1.118000000000000105e+00,2.786647403649261889e+00,4.625929269271485328e-18,3.105706629315917872e-02
1.120000000000000107e+00,2.787352089194884641e+00,9.251858538542970657e-18,3.156511614164334706e-02
1.122000000000000108e+00,2.788053450746687645e+00,4.625929269271485328e-18,3.207253677144525361e-02
1.124000000000000110e+00,2.788751495231204913e+00,2.312964634635742895e-17,3.257932748006017731e-02
1.126000000000000112e+00,2.789446229618915751e+00,3.238150488490040115e-17,3.308548757581268596e-02
1.128000000000000114e+00,2.790137660923335261e+00,0.000000000000000000e+00,3.359101637781277544e-02
1.130000000000000115e+00,2.790825796200646636e+00,1.387778780781445676e-17,3.409591321591957241e-02
1.132000000000000117e+00,2.791510642549210885e+00,1.387778780781445676e-17,3.460017743069768864e-02
1.134000000000000119e+00,2.792192207108817215e+00,9.251858538542970657e-18,3.510380837337795379e-02
1.136000000000000121e+00,2.792870497060155444e+00,9.251858538542970657e-18,3.560680540581723924e-02
1.138000000000000123e+00,2.793545519624421658e+00,4.625929269271485328e-18,3.610916790045488878e-02
1.140000000000000124e+00,2.794217282062600560e+00,1.387778780781445676e-17,3.661089524027507508e-02
1.142000000000000126e+00,2.794885791674925457e+00,9.251858538542970657e-18,3.711198681876309857e-02
1.144000000000000128e+00,2.795551055800446605e+00,2.312964634635742895e-17,3.761244203986547491e-02
1.146000000000000130e+00,2.796213081816196322e+00,4.625929269271485328e-18,3.811226031794774649e-02
1.148000000000000131e+00,2.796871877137087736e+00,2.775557561562891351e-17,3.861144107775293932e-02
1.150000000000000133e+00,2.797527449214888051e+00,1.850371707708594131e-17,3.910998375436031127e-02
1.152000000000000135e+00,2.798179805537889919e+00,9.251858538542970657e-18,3.960788779314314972e-02
1.153999999999999915e+00,2.798828953630478011e+00,1.387778780781445676e-17,4.010515264972597249e-02
1.155999999999999917e+00,2.799474901052297682e+00,4.625929269271485328e-18,4.060177778994603776e-02
1.157999999999999918e+00,2.800117655397990291e+00,9.251858538542970657e-18,4.109776268980609715e-02
1.159999999999999920e+00,2.800757224296457792e+00,9.251858538542970657e-18,4.159310683543594039e-02
1.161999999999999922e+00,2.801393615410486149e+00,4.625929269271485328e-18,4.208780972304788232e-02
1.163999999999999924e+00,2.802026836435878465e+00,9.251858538542970657e-18,4.258187085889644091e-02
1.165999999999999925e+00,2.802656895101319989e+00,2.312964634635742895e-17,4.307528975923412273e-02
1.167999999999999927e+00,2.803283799167626711e+00,2.775557561562891351e-17,4.356806595026839479e-02
1.169999999999999929e+00,2.803907556427246206e+00,4.625929269271485328e-18,4.406019896812118919e-02
1.171999999999999931e+00,2.804528174703680321e+00,4.625929269271485328e-18,4.455168835878375172e-02
1.173999999999999932e+00,2.805145661851053518e+00,9.251858538542970657e-18,4.504253367807528607e-02
1.175999999999999934e+00,2.805760025753420095e+00,2.312964634635742895e-17,4.553273449159888492e-02
1.177999999999999936e+00,2.806371274324405363e+00,4.625929269271485328e-18,4.602229037470012551e-02
1.179999999999999938e+00,2.806979415506633657e+00,4.625929269271485328e-18,4.651120091242171711e-02
1.181999999999999940e+00,2.807584457271140366e+00,4.625929269271485328e-18,4.699946569946125002e-02
1.183999999999999941e+00,2.808186407616846125e+00,1.850371707708594131e-17,4.748708434012925694e-02
1.185999999999999943e+00,2.808785274570164248e+00,4.625929269271485328e-18,4.797405644830493587e-02
1.187999999999999945e+00,2.809381066184382547e+00,2.312964634635742895e-17,4.846038164739143589e-02
1.189999999999999947e+00,2.809973790539068261e+00,4.625929269271485328e-18,4.894605957027377274e-02
1.191999999999999948e+00,2.810563455739760741e+00,9.251858538542970657e-18,4.943108985927605059e-02
1.193999999999999950e+00,2.811150069917255578e+00,9.251858538542970657e-18,4.991547216611639387e-02
1.195999999999999952e+00,2.811733641227252889e+00,2.312964634635742895e-17,5.039920615186418984e-02
1.197999999999999954e+00,2.812314177849751573e+00,2.312964634635742895e-17,5.088229148689589476e-02
1.199999999999999956e+00,2.812891687988631872e+00,1.387778780781445676e-17,5.136472785085205439e-02
1.201999999999999957e+00,2.813466179870953709e+00,9.251858538542970657e-18,5.184651493259295058e-02
1.203999999999999959e+00,2.814037661746718655e+00,1.850371707708594131e-17,5.232765243015498335e-02
1.205999999999999961e+00,2.814606141888187807e+00,2.312964634635742895e-17,5.280814005070704614e-02
1.207999999999999963e+00,2.815171628589553166e+00,0.000000000000000000e+00,5.328797751050660947e-02
1.209999999999999964e+00,2.815734130166250182e+00,9.251858538542970657e-18,5.376716453485587410e-02
1.211999999999999966e+00,2.816293654954492354e+00,9.251858538542970657e-18,5.424570085805772990e-02
1.213999999999999968e+00,2.816850211311038521e+00,0.000000000000000000e+00,5.472358622337120809e-02
1.215999999999999970e+00,2.817403807612361533e+00,2.775557561562891351e-17,5.520082038296929977e-02
1.217999999999999972e+00,2.817954452254349818e+00,4.625929269271485328e-18,5.567740309789235426e-02
1.219999999999999973e+00,2.818502153651861519e+00,9.251858538542970657e-18,5.615333413800713963e-02
1.221999999999999975e+00,2.819046920238127640e+00,4.625929269271485328e-18,5.662861328196028277e-02
1.223999999999999977e+00,2.819588760464309729e+00,9.251858538542970657e-18,5.710324031713574777e-02
1.225999999999999979e+00,2.820127682799141056e+00,4.625929269271485328e-18,5.757721503960937237e-02
1.227999999999999980e+00,2.820663695728319098e+00,9.251858538542970657e-18,5.805053725410670717e-02
1.229999999999999982e+00,2.821196807754020597e+00,4.625929269271485328e-18,5.852320677395751042e-02
1.231999999999999984e+00,2.821727027394564047e+00,0.000000000000000000e+00,5.899522342105150557e-02
1.233999999999999986e+00,2.822254363183997583e+00,9.251858538542970657e-18,5.946658702579576267e-02
1.235999999999999988e+00,2.822778823671299619e+00,4.625929269271485328e-18,5.993729742706934566e-02
1.237999999999999989e+00,2.823300417420274044e+00,4.625929269271485328e-18,6.040735447217990273e-02
1.239999999999999991e+00,2.823819153009072380e+00,1.850371707708594131e-17,6.087675801681893817e-02
1.241999999999999993e+00,2.824335039029415739e+00,9.251858538542970657e-18,6.134550792501855532e-02
1.243999999999999995e+00,2.824848084086545086e+00,1.387778780781445676e-17,6.181360406910650640e-02
1.245999999999999996e+00,2.825358296798626156e+00,1.387778780781445676e-17,6.228104632966421916e-02
1.247999999999999998e+00,2.825865685796150828e+00,4.625929269271485328e-18,6.274783459547865483e-02
1.250000000000000000e+00,2.826370259721709743e+00,2.775557561562891351e-17,6.321396876350358907e-02
1.252000000000000002e+00,2.826872027229571316e+00,1.387778780781445676e-17,6.367944873881097034e-02
1.254000000000000004e+00,2.827370996985006713e+00,1.850371707708594131e-17,6.414427443454952249e-02
1.256000000000000005e+00,2.827867177664126430e+00,2.775557561562891351e-17,6.460844577190059945e-02
1.258000000000000007e+00,2.828360577953292321e+00,0.000000000000000000e+00,6.507196268003326289e-02
1.260000000000000009e+00,2.828851206548725017e+00,2.775557561562891351e-17,6.553482509606144146e-02
1.262000000000000011e+00,2.829339072156134449e+00,0.000000000000000000e+00,6.599703296499856431e-02
1.264000000000000012e+00,2.829824183490297074e+00,2.312964634635742895e-17,6.645858623971587220e-02
1.266000000000000014e+00,2.830306549274475003e+00,9.251858538542970657e-18,6.691948488089824454e-02
1.268000000000000016e+00,2.830786178240259687e+00,0.000000000000000000e+00,6.737972885699636261e-02
1.270000000000000018e+00,2.831263079127042559e+00,9.251858538542970657e-18,6.783931814418975303e-02
1.272000000000000020e+00,2.831737260681519430e+00,9.251858538542970657e-18,6.829825272633803512e-02
1.274000000000000021e+00,2.832208731657431144e+00,0.000000000000000000e+00,6.875653259493819114e-02
1.276000000000000023e+00,2.832677500815082183e+00,9.251858538542970657e-18,6.921415774908315499e-02
1.278000000000000025e+00,2.833143576920981843e+00,1.387778780781445676e-17,6.967112819541569635e-02
1.280000000000000027e+00,2.833606968747464094e+00,3.238150488490040115e-17,7.012744394808623216e-02
1.282000000000000028e+00,2.834067685072195530e+00,4.625929269271485328e-18,7.058310502870855652e-02
1.284000000000000030e+00,2.834525734677924902e+00,0.000000000000000000e+00,7.103811146631723583e-02
1.286000000000000032e+00,2.834981126351930669e+00,4.625929269271485328e-18,7.149246329732340810e-02
1.288000000000000034e+00,2.835433868885882447e+00,2.775557561562891351e-17,7.194616056547288585e-02
1.290000000000000036e+00,2.835883971075210397e+00,4.625929269271485328e-18,7.239920332180013740e-02
1.292000000000000037e+00,2.836331441718870749e+00,2.312964634635742895e-17,7.285159162458809678e-02
1.294000000000000039e+00,2.836776289618965663e+00,1.387778780781445676e-17,7.330332553932365769e-02
1.296000000000000041e+00,2.837218523580242291e+00,9.251858538542970657e-18,7.375440513865412495e-02
1.298000000000000043e+00,2.837658152410012846e+00,0.000000000000000000e+00,7.420483050234472078e-02
1.300000000000000044e+00,2.838095184917429847e+00,3.700743415417188263e-17,7.465460171723606320e-02
1.302000000000000046e+00,2.838529629913445262e+00,1.387778780781445676e-17,7.510371887720034001e-02
1.304000000000000048e+00,2.838961496210202995e+00,9.251858538542970657e-18,7.555218208309931460e-02
1.306000000000000050e+00,2.839390792620854143e+00,1.850371707708594131e-17,7.599999144273970886e-02
1.308000000000000052e+00,2.839817527959102250e+00,1.387778780781445676e-17,7.644714707083354044e-02
1.310000000000000053e+00,2.840241711038967054e+00,9.251858538542970657e-18,7.689364908895411632e-02
1.312000000000000055e+00,2.840663350674358156e+00,4.625929269271485328e-18,7.733949762549095774e-02
1.314000000000000057e+00,2.841082455678606067e+00,3.238150488490040115e-17,7.778469281561113668e-02
1.316000000000000059e+00,2.841499034864545692e+00,1.387778780781445676e-17,7.822923480121586615e-02
1.318000000000000060e+00,2.841913097043628156e+00,3.238150488490040115e-17,7.867312373089602184e-02
1.320000000000000062e+00,2.842324651026000737e+00,0.000000000000000000e+00,7.911635975989229908e-02
1.322000000000000064e+00,2.842733705619956197e+00,4.625929269271485328e-18,7.955894305005227485e-02
1.324000000000000066e+00,2.843140269631792449e+00,9.251858538542970657e-18,8.000087376978766429e-02
1.326000000000000068e+00,2.843544351865324060e+00,1.850371707708594131e-17,8.044215209403308975e-02
1.328000000000000069e+00,2.843945961121564281e+00,9.251858538542970657e-18,8.088277820420392006e-02
1.330000000000000071e+00,2.844345106198545636e+00,4.625929269271485328e-18,8.132275228815394330e-02
1.332000000000000073e+00,2.844741795890884717e+00,2.312964634635742895e-17,8.176207454013549591e-02
1.334000000000000075e+00,2.845136038989526384e+00,4.625929269271485328e-18,8.220074516075402682e-02
1.336000000000000076e+00,2.845527844281452445e+00,9.251858538542970657e-18,8.263876435693086331e-02
1.338000000000000078e+00,2.845917220549253557e+00,1.850371707708594131e-17,8.307613234185831641e-02
1.340000000000000080e+00,2.846304176571031519e+00,1.387778780781445676e-17,8.351284933496055940e-02
1.342000000000000082e+00,2.846688721119898347e+00,1.387778780781445676e-17,8.394891556185084258e-02
1.344000000000000083e+00,2.847070862963807514e+00,4.625929269271485328e-18,8.438433125429102566e-02
1.346000000000000085e+00,2.847450610865273291e+00,1.850371707708594131e-17,8.481909665015073541e-02
1.348000000000000087e+00,2.847827973580876915e+00,9.251858538542970657e-18,8.525321199336420575e-02
1.350000000000000089e+00,2.848202959861357186e+00,1.387778780781445676e-17,8.568667753389261343e-02
1.352000000000000091e+00,2.848575578450928347e+00,9.251858538542970657e-18,8.611949352768138999e-02
1.354000000000000092e+00,2.848945838087219684e+00,2.312964634635742895e-17,8.655166023661879648e-02
1.356000000000000094e+00,2.849313747501039273e+00,1.387778780781445676e-17,8.698317792849791230e-02
1.358000000000000096e+00,2.849679315415871272e+00,4.625929269271485328e-18,8.741404687697268416e-02
1.360000000000000098e+00,2.850042550547843945e+00,4.625929269271485328e-18,8.784426736151969284e-02
1.362000000000000099e+00,2.850403461605436561e+00,4.625929269271485328e-18,8.827383966739846266e-02
1.364000000000000101e+00,2.850762057288932283e+00,5.551115123125782702e-17,8.870276408560871795e-02
1.366000000000000103e+00,2.851118346290551386e+00,3.238150488490040115e-17,8.913104091285245500e-02
1.368000000000000105e+00,2.851472337293959214e+00,1.387778780781445676e-17,8.955867045149323857e-02
1.370000000000000107e+00,2.851824038973981956e+00,0.000000000000000000e+00,8.998565300951530399e-02
1.372000000000000108e+00,2.852173459996567573e+00,1.850371707708594131e-17,9.041198890048696146e-02
1.374000000000000110e+00,2.852520609018267095e+00,2.312964634635742895e-17,9.083767844351592347e-02
1.376000000000000112e+00,2.852865494686202652e+00,4.625929269271485328e-18,9.126272196321470742e-02
1.378000000000000114e+00,2.853208125637630488e+00,4.625929269271485328e-18,9.168711978965732312e-02
1.380000000000000115e+00,2.853548510499974711e+00,2.312964634635742895e-17,9.211087225834289904e-02
1.382000000000000117e+00,2.853886657890237544e+00,0.000000000000000000e+00,9.253397971015471513e-02
1.384000000000000119e+00,2.854222576415066825e+00,1.387778780781445676e-17,9.295644249132153925e-02
1.386000000000000121e+00,2.854556274670326133e+00,9.251858538542970657e-18,9.337826095337775634e-02
1.388000000000000123e+00,2.854887761240959776e+00,2.775557561562891351e-17,9.379943545312625919e-02
1.390000000000000124e+00,2.855217044700768980e+00,2.312964634635742895e-17,9.421996635259963226e-02
1.392000000000000126e+00,2.855544133612168523e+00,4.625929269271485328e-18,9.463985401901840733e-02
1.394000000000000128e+00,2.855869036525916727e+00,4.625929269271485328e-18,9.505909882475671591e-02
1.396000000000000130e+00,2.856191761980879207e+00,4.625929269271485328e-18,9.547770114730040614e-02
1.398000000000000131e+00,2.856512318504050185e+00,0.000000000000000000e+00,9.589566136921218176e-02
1.400000000000000133e+00,2.856830714609982280e+00,1.387778780781445676e-17,9.631297987808992711e-02
1.402000000000000135e+00,2.857146958800804271e+00,0.000000000000000000e+00,9.672965706652980611e-02
1.404000000000000137e+00,2.857461059566048789e+00,1.850371707708594131e-17,9.714569333209148450e-02
1.406000000000000139e+00,2.857773025382208232e+00,2.775557561562891351e-17,9.756108907725484503e-02
1.407999999999999918e+00,2.858082864712798710e+00,1.850371707708594131e-17,9.797584470938602852e-02
1.409999999999999920e+00,2.858390586007992340e+00,0.000000000000000000e+00,9.838996064069967240e-02
1.411999999999999922e+00,2.858696197704500008e+00,1.387778780781445676e-17,9.880343728822024718e-02
1.413999999999999924e+00,2.858999708225340441e+00,9.251858538542970657e-18,9.921627507374472521e-02
1.415999999999999925e+00,2.859301125979616387e+00,1.387778780781445676e-17,9.962847442380717844e-02
1.417999999999999927e+00,2.859600459362447111e+00,1.387778780781445676e-17,1.000400357696390186e-01
1.419999999999999929e+00,2.859897716754639774e+00,9.251858538542970657e-18,1.004509595471354544e-01
1.421999999999999931e+00,2.860192906522575740e+00,9.251858538542970657e-18,1.008612461968145385e-01
1.423999999999999932e+00,2.860486037018004524e+00,1.387778780781445676e-17,1.012708961637842908e-01
1.425999999999999934e+00,2.860777116577944312e+00,4.625929269271485328e-18,1.016799098977044791e-01
1.427999999999999936e+00,2.861066153524387090e+00,4.625929269271485328e-18,1.020882878527502591e-01
1.429999999999999938e+00,2.861353156164168965e+00,9.251858538542970657e-18,1.024960304875757594e-01
1.431999999999999940e+00,2.861638132788858258e+00,4.625929269271485328e-18,1.029031382652781657e-01
1.433999999999999941e+00,2.861921091674552997e+00,2.775557561562891351e-17,1.033096116533624431e-01
1.435999999999999943e+00,2.862202041081619797e+00,9.251858538542970657e-18,1.037154511237033672e-01
1.437999999999999945e+00,2.862480989254686747e+00,9.251858538542970657e-18,1.041206571525131741e-01
1.439999999999999947e+00,2.862757944422332557e+00,4.625929269271485328e-18,1.045252302203011491e-01
1.441999999999999948e+00,2.863032914797143391e+00,2.312964634635742895e-17,1.049291708118436639e-01
1.443999999999999950e+00,2.863305908575251024e+00,1.387778780781445676e-17,1.053324794161445838e-01
1.445999999999999952e+00,2.863576933936471391e+00,2.312964634635742895e-17,1.057351565264011556e-01
1.447999999999999954e+00,2.863845999043920898e+00,9.251858538542970657e-18,1.061372026399704932e-01
1.449999999999999956e+00,2.864113112044110565e+00,2.312964634635742895e-17,1.065386182583334951e-01
1.451999999999999957e+00,2.864378281066533916e+00,9.251858538542970657e-18,1.069394038870574853e-01
1.453999999999999959e+00,2.864641514223711383e+00,0.000000000000000000e+00,1.073395600357669039e-01
1.455999999999999961e+00,2.864902819611009122e+00,4.625929269271485328e-18,1.077390872181055309e-01
1.457999999999999963e+00,2.865162205306450716e+00,4.625929269271485328e-18,1.081379859517000025e-01
1.459999999999999964e+00,2.865419679370646122e+00,2.775557561562891351e-17,1.085362567581308751e-01
1.461999999999999966e+00,2.865675249846594497e+00,9.251858538542970657e-18,1.089339001628934767e-01
1.463999999999999968e+00,2.865928924759526097e+00,1.387778780781445676e-17,1.093309166953669864e-01
1.465999999999999970e+00,2.866180712116948470e+00,4.625929269271485328e-18,1.097273068887796160e-01
1.467999999999999972e+00,2.866430619908353350e+00,9.251858538542970657e-18,1.101230712801743172e-01
1.469999999999999973e+00,2.866678656105033696e+00,2.312964634635742895e-17,1.105182104103757251e-01
1.471999999999999975e+00,2.866924828660286195e+00,4.625929269271485328e-18,1.109127248239577396e-01
1.473999999999999977e+00,2.867169145508752237e+00,1.387778780781445676e-17,1.113066150692082062e-01
1.475999999999999979e+00,2.867411614566950817e+00,4.625929269271485328e-18,1.116998816980969700e-01
1.477999999999999980e+00,2.867652243732589312e+00,1.387778780781445676e-17,1.120925252662422072e-01
1.479999999999999982e+00,2.867891040884741116e+00,4.625929269271485328e-18,1.124845463328785211e-01
1.481999999999999984e+00,2.868128013883781691e+00,4.625929269271485328e-18,1.128759454608238566e-01
1.483999999999999986e+00,2.868363170570983556e+00,4.625929269271485328e-18,1.132667232164454585e-01
1.485999999999999988e+00,2.868596518768795178e+00,4.625929269271485328e-18,1.136568801696297148e-01
1.487999999999999989e+00,2.868828066280423528e+00,4.625929269271485328e-18,1.140464168937479622e-01
1.489999999999999991e+00,2.869057820889871380e+00,2.312964634635742895e-17,1.144353339656255381e-01
1.491999999999999993e+00,2.869285790361876920e+00,1.387778780781445676e-17,1.148236319655088905e-01
1.493999999999999995e+00,2.869511982441606435e+00,4.625929269271485328e-18,1.152113114770337426e-01
1.495999999999999996e+00,2.869736404854847933e+00,1.850371707708594131e-17,1.155983730871940202e-01
1.497999999999999998e+00,2.869959065307659429e+00,3.238150488490040115e-17,1.159848173863093912e-01
1.500000000000000000e+00,2.870179971486441772e+00,4.625929269271485328e-18,1.163706449679945687e-01
1.502000000000000002e+00,2.870399131057791209e+00,1.850371707708594131e-17,1.167558564291270723e-01
1.504000000000000004e+00,2.870616551668405236e+00,4.625929269271485328e-18,1.171404523698158645e-01
1.506000000000000005e+00,2.870832240944929836e+00,4.625929269271485328e-18,1.175244333933722352e-01
1.508000000000000007e+00,2.871046206494087372e+00,4.625929269271485328e-18,1.179078001062770914e-01
1.510000000000000009e+00,2.871258455902250262e+00,1.387778780781445676e-17,1.182905531181494968e-01
1.512000000000000011e+00,2.871468996735764279e+00,4.625929269271485328e-18,1.186726930417187631e-01
1.514000000000000012e+00,2.871677836540477813e+00,1.387778780781445676e-17,1.190542204927911019e-01
1.516000000000000014e+00,2.871884982842059841e+00,9.251858538542970657e-18,1.194351360902216053e-01
1.518000000000000016e+00,2.872090443145475902e+00,3.238150488490040115e-17,1.198154404558806896e-01
1.520000000000000018e+00,2.872294224935309614e+00,4.625929269271485328e-18,1.201951342146289764e-01
1.522000000000000020e+00,2.872496335675499779e+00,1.387778780781445676e-17,1.205742179942827230e-01
1.524000000000000021e+00,2.872696782809201821e+00,2.775557561562891351e-17,1.209526924255860669e-01
1.526000000000000023e+00,2.872895573759006282e+00,1.850371707708594131e-17,1.213305581421824098e-01
1.528000000000000025e+00,2.873092715926551577e+00,4.625929269271485328e-18,1.217078157805821931e-01
1.530000000000000027e+00,2.873288216692612806e+00,1.387778780781445676e-17,1.220844659801358784e-01
1.532000000000000028e+00,2.873482083417055577e+00,0.000000000000000000e+00,1.224605093830030272e-01
1.534000000000000030e+00,2.873674323438608624e+00,1.850371707708594131e-17,1.228359466341246847e-01
1.536000000000000032e+00,2.873864944075187111e+00,4.625929269271485328e-18,1.232107783811941387e-01
1.538000000000000034e+00,2.874053952623295771e+00,4.625929269271485328e-18,1.235850052746271382e-01
1.540000000000000036e+00,2.874241356358458788e+00,4.625929269271485328e-18,1.239586279675338187e-01
1.542000000000000037e+00,2.874427162534891167e+00,9.251858538542970657e-18,1.243316471156898917e-01
1.544000000000000039e+00,2.874611378385434790e+00,1.387778780781445676e-17,1.247040633775089863e-01
1.546000000000000041e+00,2.874794011121750259e+00,1.387778780781445676e-17,1.250758774140142693e-01
1.548000000000000043e+00,2.874975067934002482e+00,0.000000000000000000e+00,1.254470898888098707e-01
1.550000000000000044e+00,2.875154555990924621e+00,1.387778780781445676e-17,1.258177014680527395e-01
1.552000000000000046e+00,2.875332482439747039e+00,4.625929269271485328e-18,1.261877128204244858e-01
1.554000000000000048e+00,2.875508854406238157e+00,4.163336342344337027e-17,1.265571246171060538e-01
1.556000000000000050e+00,2.875683678994523262e+00,9.251858538542970657e-18,1.269259375317475513e-01
1.558000000000000052e+00,2.875856963287155565e+00,4.625929269271485328e-18,1.272941522404414105e-01
1.560000000000000053e+00,2.876028714344910142e+00,3.700743415417188263e-17,1.276617694216961862e-01
1.562000000000000055e+00,2.876198939207116112e+00,1.850371707708594131e-17,1.280287897564089672e-01
1.564000000000000057e+00,2.876367644891093533e+00,9.251858538542970657e-18,1.283952139278377591e-01
1.566000000000000059e+00,2.876534838392558413e+00,1.387778780781445676e-17,1.287610426215747284e-01
1.568000000000000060e+00,2.876700526685329606e+00,4.625929269271485328e-18,1.291262765255199729e-01
1.570000000000000062e+00,2.876864716721437176e+00,4.625929269271485328e-18,1.294909163298556265e-01
1.572000000000000064e+00,2.877027415431072654e+00,4.625929269271485328e-18,1.298549627270179085e-01
1.574000000000000066e+00,2.877188629722466473e+00,4.625929269271485328e-18,1.302184164116717280e-01
1.576000000000000068e+00,2.877348366481896846e+00,1.850371707708594131e-17,1.305812780806845652e-01
1.578000000000000069e+00,2.877506632573794576e+00,1.850371707708594131e-17,1.309435484330996324e-01
1.580000000000000071e+00,2.877663434840474821e+00,9.251858538542970657e-18,1.313052281701110047e-01
1.582000000000000073e+00,2.877818780102343155e+00,4.625929269271485328e-18,1.316663179950379736e-01
1.584000000000000075e+00,2.877972675157764115e+00,4.625929269271485328e-18,1.320268186132985133e-01
1.586000000000000076e+00,2.878125126782940413e+00,2.312964634635742895e-17,1.323867307323841613e-01
1.588000000000000078e+00,2.878276141732220239e+00,1.850371707708594131e-17,1.327460550618360935e-01
1.590000000000000080e+00,2.878425726737633639e+00,4.625929269271485328e-18,1.331047923132168687e-01
1.592000000000000082e+00,2.878573888509199818e+00,9.251858538542970657e-18,1.334629432000884186e-01
1.594000000000000083e+00,2.878720633734834777e+00,0.000000000000000000e+00,1.338205084379860133e-01
1.596000000000000085e+00,2.878865969080212750e+00,4.625929269271485328e-18,1.341774887443920594e-01
1.598000000000000087e+00,2.879009901188970488e+00,1.387778780781445676e-17,1.345338848387145625e-01
1.600000000000000089e+00,2.879152436682513638e+00,0.000000000000000000e+00,1.348896974422605088e-01
1.602000000000000091e+00,2.879293582160080689e+00,2.775557561562891351e-17,1.352449272782106082e-01
1.604000000000000092e+00,2.879433344198664813e+00,4.625929269271485328e-18,1.355995750715977832e-01
1.606000000000000094e+00,2.879571729353152421e+00,9.251858538542970657e-18,1.359536415492825778e-01
1.608000000000000096e+00,2.879708744156161515e+00,1.850371707708594131e-17,1.363071274399246247e-01
1.610000000000000098e+00,2.879844395118027478e+00,2.775557561562891351e-17,1.366600334739663525e-01
1.612000000000000099e+00,2.879978688727021563e+00,9.251858538542970657e-18,1.370123603836037596e-01
1.614000000000000101e+00,2.880111631449036480e+00,1.850371707708594131e-17,1.373641089027636819e-01
1.616000000000000103e+00,2.880243229727801335e+00,9.251858538542970657e-18,1.377152797670835871e-01
1.618000000000000105e+00,2.880373489984794588e+00,3.238150488490040115e-17,1.380658737138837633e-01
1.620000000000000107e+00,2.880502418619288463e+00,4.625929269271485328e-18,1.384158914821470854e-01
1.622000000000000108e+00,2.880630022008253022e+00,1.387778780781445676e-17,1.387653338124955338e-01
1.624000000000000110e+00,2.880756306506500053e+00,4.625929269271485328e-18,1.391142014471675736e-01
1.626000000000000112e+00,2.880881278446521421e+00,3.700743415417188263e-17,1.394624951299930360e-01
1.628000000000000114e+00,2.881004944138668478e+00,2.775557561562891351e-17,1.398102156063742718e-01
1.630000000000000115e+00,2.881127309870974429e+00,4.625929269271485328e-18,1.401573636232603948e-01
1.632000000000000117e+00,2.881248381909365719e+00,4.625929269271485328e-18,1.405039399291275470e-01
1.634000000000000119e+00,2.881368166497439987e+00,2.775557561562891351e-17,1.408499452739545299e-01
1.636000000000000121e+00,2.881486669856556659e+00,9.251858538542970657e-18,1.411953804092005160e-01
1.638000000000000123e+00,2.881603898186051893e+00,0.000000000000000000e+00,1.415402460877870083e-01
1.640000000000000124e+00,2.881719857662835338e+00,2.312964634635742895e-17,1.418845430640710281e-01
1.642000000000000126e+00,2.881834554441853768e+00,1.850371707708594131e-17,1.422282720938254919e-01
1.644000000000000128e+00,2.881947994655696732e+00,4.625929269271485328e-18,1.425714339342183390e-01
1.646000000000000130e+00,2.882060184414937609e+00,1.387778780781445676e-17,1.429140293437913267e-01
1.648000000000000131e+00,2.882171129807865384e+00,4.625929269271485328e-18,1.432560590824366598e-01
1.650000000000000133e+00,2.882280836900765308e+00,3.238150488490040115e-17,1.435975239113757851e-01
1.652000000000000135e+00,2.882389311737647120e+00,2.775557561562891351e-17,1.439384245931420170e-01
1.654000000000000137e+00,2.882496560340573666e+00,1.850371707708594131e-17,1.442787618915567782e-01
1.656000000000000139e+00,2.882602588709398006e+00,4.625929269271485328e-18,1.446185365717070348e-01
1.658000000000000140e+00,2.882707402821937492e+00,4.625929269271485328e-18,1.449577493999295863e-01
1.660000000000000142e+00,2.882811008634018179e+00,0.000000000000000000e+00,1.452964011437852254e-01
1.662000000000000144e+00,2.882913412079281201e+00,4.625929269271485328e-18,1.456344925720424732e-01
1.664000000000000146e+00,2.883014619069468765e+00,1.850371707708594131e-17,1.459720244546542922e-01
1.665999999999999925e+00,2.883114635494305134e+00,9.251858538542970657e-18,1.463089975627407113e-01
1.667999999999999927e+00,2.883213467221462878e+00,0.000000000000000000e+00,1.466454126685658998e-01
1.669999999999999929e+00,2.883311120096808011e+00,2.312964634635742895e-17,1.469812705455202650e-01
1.671999999999999931e+00,2.883407599944067812e+00,4.625929269271485328e-18,1.473165719681002461e-01
1.673999999999999932e+00,2.883502912565241161e+00,0.000000000000000000e+00,1.476513177118875531e-01
1.675999999999999934e+00,2.883597063740346300e+00,1.387778780781445676e-17,1.479855085535322357e-01
1.677999999999999936e+00,2.883690059227568270e+00,1.387778780781445676e-17,1.483191452707296742e-01
1.679999999999999938e+00,2.883781904763216275e+00,9.251858538542970657e-18,1.486522286422033712e-01
1.681999999999999940e+00,2.883872606061881783e+00,4.625929269271485328e-18,1.489847594476872983e-01
1.683999999999999941e+00,2.883962168816269767e+00,1.387778780781445676e-17,1.493167384679034149e-01
1.685999999999999943e+00,2.884050598697367462e+00,4.625929269271485328e-18,1.496481664845446258e-01
1.687999999999999945e+00,2.884137901354446143e+00,4.625929269271485328e-18,1.499790442802563517e-01
1.689999999999999947e+00,2.884224082415066448e+00,4.625929269271485328e-18,1.503093726386172391e-01
1.691999999999999948e+00,2.884309147485163649e+00,4.625929269271485328e-18,1.506391523441200364e-01
1.693999999999999950e+00,2.884393102148994359e+00,0.000000000000000000e+00,1.509683841821541361e-01
1.695999999999999952e+00,2.884475951969145413e+00,0.000000000000000000e+00,1.512970689389865064e-01
1.697999999999999954e+00,2.884557702486768349e+00,0.000000000000000000e+00,1.516252074017442053e-01
1.699999999999999956e+00,2.884638359221373349e+00,4.625929269271485328e-18,1.519528003583962839e-01
1.701999999999999957e+00,2.884717927670960691e+00,4.625929269271485328e-18,1.522798485977350513e-01
1.703999999999999959e+00,2.884796413312070484e+00,2.312964634635742895e-17,1.526063529093577287e-01
1.705999999999999961e+00,2.884873821599835964e+00,4.625929269271485328e-18,1.529323140836501560e-01
1.707999999999999963e+00,2.884950157967942630e+00,1.850371707708594131e-17,1.532577329117703335e-01
1.709999999999999964e+00,2.885025427828715294e+00,1.387778780781445676e-17,1.535826101856267722e-01
1.711999999999999966e+00,2.885099636573119852e+00,0.000000000000000000e+00,1.539069466978650880e-01
1.713999999999999968e+00,2.885172789570825458e+00,1.387778780781445676e-17,1.542307432418474067e-01
1.715999999999999970e+00,2.885244892170288011e+00,4.625929269271485328e-18,1.545540006116397913e-01
1.717999999999999972e+00,2.885315949698673776e+00,4.625929269271485328e-18,1.548767196019901482e-01
1.719999999999999973e+00,2.885385967461980172e+00,4.625929269271485328e-18,1.551989010083145992e-01
1.721999999999999975e+00,2.885454950745133473e+00,4.625929269271485328e-18,1.555205456266790798e-01
1.723999999999999977e+00,2.885522904811717027e+00,2.312964634635742895e-17,1.558416542537839344e-01
1.725999999999999979e+00,2.885589834904539686e+00,1.387778780781445676e-17,1.561622276869457926e-01
1.727999999999999980e+00,2.885655746245147313e+00,2.775557561562891351e-17,1.564822667240829690e-01
1.729999999999999982e+00,2.885720644034282856e+00,4.625929269271485328e-18,1.568017721636969231e-01
1.731999999999999984e+00,2.885784533451591471e+00,4.625929269271485328e-18,1.571207448048587418e-01
1.733999999999999986e+00,2.885847419655846124e+00,4.625929269271485328e-18,1.574391854471903218e-01
1.735999999999999988e+00,2.885909307784991995e+00,1.850371707708594131e-17,1.577570948908494364e-01
1.737999999999999989e+00,2.885970202956084307e+00,0.000000000000000000e+00,1.580744739365137763e-01
1.739999999999999991e+00,2.886030110265492610e+00,1.387778780781445676e-17,1.583913233853662950e-01
1.741999999999999993e+00,2.886089034788732022e+00,2.312964634635742895e-17,1.587076440390774446e-01
1.743999999999999995e+00,2.886146981580777648e+00,4.625929269271485791e-17,1.590234366997918813e-01
1.745999999999999996e+00,2.886203955675807009e+00,2.775557561562891351e-17,1.593387021701103967e-01
1.747999999999999998e+00,2.886259962087416753e+00,4.625929269271485328e-18,1.596534412530754288e-01
1.750000000000000000e+00,2.886315005808711476e+00,4.625929269271485328e-18,1.599676547521589332e-01
1.752000000000000002e+00,2.886369091812268195e+00,1.850371707708594131e-17,1.602813434712425933e-01
1.754000000000000004e+00,2.886422225050047530e+00,4.625929269271485328e-18,1.605945082146050251e-01
1.756000000000000005e+00,2.886474410453901740e+00,0.000000000000000000e+00,1.609071497869078160e-01
1.758000000000000007e+00,2.886525652934953001e+00,3.238150488490040115e-17,1.612192689931772061e-01
1.760000000000000009e+00,2.886575957384213353e+00,0.000000000000000000e+00,1.615308666387944847e-01
1.762000000000000011e+00,2.886625328672327129e+00,9.251858538542970657e-18,1.618419435294762010e-01
1.764000000000000012e+00,2.886673771649778786e+00,1.850371707708594131e-17,1.621525004712636997e-01
1.766000000000000014e+00,2.886721291146738366e+00,1.387778780781445676e-17,1.624625382705062460e-01
1.768000000000000016e+00,2.886767891973352818e+00,4.625929269271485328e-18,1.627720577338485908e-01
1.770000000000000018e+00,2.886813578919658951e+00,0.000000000000000000e+00,1.630810596682145119e-01
1.772000000000000020e+00,2.886858356755571009e+00,2.312964634635742895e-17,1.633895448807934359e-01
1.774000000000000021e+00,2.886902230231106259e+00,4.625929269271485328e-18,1.636975141790298072e-01
1.776000000000000023e+00,2.886945204076308613e+00,2.312964634635742895e-17,1.640049683706033823e-01
1.778000000000000025e+00,2.886987283001300142e+00,4.625929269271485328e-18,1.643119082634199313e-01
1.780000000000000027e+00,2.887028471696423182e+00,2.312964634635742895e-17,1.646183346655962221e-01
1.782000000000000028e+00,2.887068774832181717e+00,3.700743415417188263e-17,1.649242483854465313e-01
1.784000000000000030e+00,2.887108197059253811e+00,9.251858538542970657e-18,1.652296502314665738e-01
1.786000000000000032e+00,2.887146743008830896e+00,4.163336342344337027e-17,1.655345410123259531e-01
1.788000000000000034e+00,2.887184417292326444e+00,1.387778780781445676e-17,1.658389215368494818e-01
1.790000000000000036e+00,2.887221224501525185e+00,4.625929269271485328e-18,1.661427926140054412e-01
1.792000000000000037e+00,2.887257169208837126e+00,2.775557561562891351e-17,1.664461550528950617e-01
1.794000000000000039e+00,2.887292255967025767e+00,1.387778780781445676e-17,1.667490096627357310e-01
1.796000000000000041e+00,2.887326489309558042e+00,1.387778780781445676e-17,1.670513572528506963e-01
1.798000000000000043e+00,2.887359873750353856e+00,1.850371707708594131e-17,1.673531986326550480e-01
1.800000000000000044e+00,2.887392413784185763e+00,0.000000000000000000e+00,1.676545346116433688e-01
1.802000000000000046e+00,2.887424113886442711e+00,9.251858538542970657e-18,1.679553659993787418e-01
1.804000000000000048e+00,2.887454978513330772e+00,1.850371707708594131e-17,1.682556936054767915e-01
1.806000000000000050e+00,2.887485012101940640e+00,4.625929269271485328e-18,1.685555182395958584e-01
1.808000000000000052e+00,2.887514219070061117e+00,2.312964634635742895e-17,1.688548407114249528e-01
1.810000000000000053e+00,2.887542603816672937e+00,2.312964634635742895e-17,1.691536618306694328e-01
1.812000000000000055e+00,2.887570170721589946e+00,0.000000000000000000e+00,1.694519824070406522e-01
1.814000000000000057e+00,2.887596924145750421e+00,1.387778780781445676e-17,1.697498032502446075e-01
1.816000000000000059e+00,2.887622868431057199e+00,4.625929269271485328e-18,1.700471251699666453e-01
1.818000000000000060e+00,2.887648007900814662e+00,1.850371707708594131e-17,1.703439489758628578e-01
1.820000000000000062e+00,2.887672346859337935e+00,0.000000000000000000e+00,1.706402754775484532e-01
1.822000000000000064e+00,2.887695889592265530e+00,2.312964634635742895e-17,1.709361054845824346e-01
1.824000000000000066e+00,2.887718640366603751e+00,4.625929269271485328e-18,1.712314398064620491e-01
1.826000000000000068e+00,2.887740603430648534e+00,4.625929269271485328e-18,1.715262792526037194e-01
1.828000000000000069e+00,2.887761783014234140e+00,4.625929269271485328e-18,1.718206246323394359e-01
1.830000000000000071e+00,2.887782183328596375e+00,0.000000000000000000e+00,1.721144767548992982e-01
1.832000000000000073e+00,2.887801808566607065e+00,4.625929269271485328e-18,1.724078364294054089e-01
1.834000000000000075e+00,2.887820662902656821e+00,9.251858538542970657e-18,1.727007044648553591e-01
1.836000000000000076e+00,2.887838750492777606e+00,9.251858538542970657e-18,1.729930816701156782e-01
1.838000000000000078e+00,2.887856075474829254e+00,9.251858538542970657e-18,1.732849688539100930e-01
1.840000000000000080e+00,2.887872641968311171e+00,9.251858538542970657e-18,1.735763668248055391e-01
1.842000000000000082e+00,2.887888454074658995e+00,1.387778780781445676e-17,1.738672763912059993e-01
1.844000000000000083e+00,2.887903515877050964e+00,1.850371707708594131e-17,1.741576983613383478e-01
1.846000000000000085e+00,2.887917831440752536e+00,1.387778780781445676e-17,1.744476335432440239e-01
1.848000000000000087e+00,2.887931404813016911e+00,3.700743415417188263e-17,1.747370827447670971e-01
1.850000000000000089e+00,2.887944240023040621e+00,1.387778780781445676e-17,1.750260467735437753e-01
1.852000000000000091e+00,2.887956341082134060e+00,0.000000000000000000e+00,1.753145264369933565e-01
1.854000000000000092e+00,2.887967711983884911e+00,1.387778780781445676e-17,1.756025225423070713e-01
1.856000000000000094e+00,2.887978356704044458e+00,1.850371707708594131e-17,1.758900358964384791e-01
1.858000000000000096e+00,2.887988279200664365e+00,2.312964634635742895e-17,1.761770673060923664e-01
1.860000000000000098e+00,2.887997483414057598e+00,4.625929269271485328e-18,1.764636175777160310e-01
1.862000000000000099e+00,2.888005973266992044e+00,4.625929269271485328e-18,1.767496875174889293e-01
1.864000000000000101e+00,2.888013752664733147e+00,2.312964634635742895e-17,1.770352779313124347e-01
1.866000000000000103e+00,2.888020825494971078e+00,1.387778780781445676e-17,1.773203896248006783e-01
1.868000000000000105e+00,2.888027195628007249e+00,1.850371707708594131e-17,1.776050234032702513e-01
1.870000000000000107e+00,2.888032866916804053e+00,1.850371707708594131e-17,1.778891800717320171e-01
1.872000000000000108e+00,2.888037843196881838e+00,4.625929269271485328e-18,1.781728604348785105e-01
1.874000000000000110e+00,2.888042128286649302e+00,1.850371707708594131e-17,1.784560652970797745e-01
1.876000000000000112e+00,2.888045725987188561e+00,1.387778780781445676e-17,1.787387954623685105e-01
1.878000000000000114e+00,2.888048640082576668e+00,0.000000000000000000e+00,1.790210517344342223e-01
1.880000000000000115e+00,2.888050874339635143e+00,4.625929269271485328e-18,1.793028349166130297e-01
1.882000000000000117e+00,2.888052432508347422e+00,1.387778780781445676e-17,1.795841458118784539e-01
1.884000000000000119e+00,2.888053318321498253e+00,4.625929269271485328e-18,1.798649852228328683e-01
1.886000000000000121e+00,2.888053535495201274e+00,9.251858538542970657e-18,1.801453539516979230e-01
1.888000000000000123e+00,2.888053087728602364e+00,0.000000000000000000e+00,1.804252528003066625e-01
1.890000000000000124e+00,2.888051978703943590e+00,1.387778780781445676e-17,1.807046825700930059e-01
1.892000000000000126e+00,2.888050212086916702e+00,2.312964634635742895e-17,1.809836440620855302e-01
1.894000000000000128e+00,2.888047791526487273e+00,9.251858538542970657e-18,1.812621380768971169e-01
1.896000000000000130e+00,2.888044720654903585e+00,2.312964634635742895e-17,1.815401654147163479e-01
1.898000000000000131e+00,2.888041003087888470e+00,2.312964634635742895e-17,1.818177268753002063e-01
1.900000000000000133e+00,2.888036642424706812e+00,1.387778780781445676e-17,1.820948232579628900e-01
1.902000000000000135e+00,2.888031642248222397e+00,0.000000000000000000e+00,1.823714553615748968e-01
1.904000000000000137e+00,2.888026006124739808e+00,9.251858538542970657e-18,1.826476239845420124e-01
1.906000000000000139e+00,2.888019737604349046e+00,2.775557561562891351e-17,1.829233299248105293e-01
1.908000000000000140e+00,2.888012840220852695e+00,9.251858538542970657e-18,1.831985739798504265e-01
1.910000000000000142e+00,2.888005317491835200e+00,9.251858538542970657e-18,1.834733569466505954e-01
1.912000000000000144e+00,2.887997172918717936e+00,4.625929269271485328e-18,1.837476796217117625e-01
1.914000000000000146e+00,2.887988409986832039e+00,4.625929269271485328e-18,1.840215428010348320e-01
1.916000000000000147e+00,2.887979032165402415e+00,1.387778780781445676e-17,1.842949472801169442e-01
1.918000000000000149e+00,2.887969042907792883e+00,9.251858538542970657e-18,1.845678938539427327e-01
1.919999999999999929e+00,2.887958445651365835e+00,1.850371707708594131e-17,1.848403833169752764e-01
1.921999999999999931e+00,2.887947243817583498e+00,1.850371707708594131e-17,1.851124164631503810e-01
1.923999999999999932e+00,2.887935440812155363e+00,9.251858538542970657e-18,1.853839940858663105e-01
1.925999999999999934e+00,2.887923040025032861e+00,2.312964634635742895e-17,1.856551169779811772e-01
1.927999999999999936e+00,2.887910044830439560e+00,2.775557561562891351e-17,1.859257859317992034e-01
1.929999999999999938e+00,2.887896458586972415e+00,1.850371707708594131e-17,1.861960017390698885e-01
1.931999999999999940e+00,2.887882284637756314e+00,1.387778780781445676e-17,1.864657651909754632e-01
1.933999999999999941e+00,2.887867526310159860e+00,9.251858538542970657e-18,1.867350770781256164e-01
1.935999999999999943e+00,2.887852186916351371e+00,1.850371707708594131e-17,1.870039381905527764e-01
1.937999999999999945e+00,2.887836269752886764e+00,4.625929269271485328e-18,1.872723493177015641e-01
1.939999999999999947e+00,2.887819778101091472e+00,0.000000000000000000e+00,1.875403112484224366e-01
1.941999999999999948e+00,2.887802715226982286e+00,3.238150488490040115e-17,1.878078247709674409e-01
1.943999999999999950e+00,2.887785084381297551e+00,4.625929269271485328e-18,1.880748906729793890e-01
1.945999999999999952e+00,2.887766888799633946e+00,9.251858538542970657e-18,1.883415097414889161e-01
1.947999999999999954e+00,2.887748131702489118e+00,3.238150488490040115e-17,1.886076827629052099e-01
1.949999999999999956e+00,2.887728816295275891e+00,1.850371707708594131e-17,1.888734105230103766e-01
1.951999999999999957e+00,2.887708945768354241e+00,1.387778780781445676e-17,1.891386938069514467e-01
1.953999999999999959e+00,2.887688523297260446e+00,9.251858538542970657e-18,1.894035333992372672e-01
1.955999999999999961e+00,2.887667552042486818e+00,9.251858538542970657e-18,1.896679300837280646e-01
1.957999999999999963e+00,2.887646035149870727e+00,9.251858538542970657e-18,1.899318846436316988e-01
1.959999999999999964e+00,2.887623975750276628e+00,4.625929269271485328e-18,1.901953978614957241e-01
1.961999999999999966e+00,2.887601376960013511e+00,1.850371707708594131e-17,1.904584705192025884e-01
1.963999999999999968e+00,2.887578241880657259e+00,1.850371707708594131e-17,1.907211033979630266e-01
1.965999999999999970e+00,2.887554573599169672e+00,1.387778780781445676e-17,1.909832972783081784e-01
1.967999999999999972e+00,2.887530375187944642e+00,9.251858538542970657e-18,1.912450529400863408e-01
1.969999999999999973e+00,2.887505649705015998e+00,4.625929269271485328e-18,1.915063711624536980e-01
1.971999999999999975e+00,2.887480400193840779e+00,0.000000000000000000e+00,1.917672527238738489e-01
1.973999999999999977e+00,2.887454629683523066e+00,1.850371707708594131e-17,1.920276984021040967e-01
1.975999999999999979e+00,2.887428341188876146e+00,1.387778780781445676e-17,1.922877089741963919e-01
1.977999999999999980e+00,2.887401537710461596e+00,0.000000000000000000e+00,1.925472852164888671e-01
1.979999999999999982e+00,2.887374222234635468e+00,4.625929269271485328e-18,1.928064279045986484e-01
1.981999999999999984e+00,2.887346397733416836e+00,4.625929269271485328e-18,1.930651378134187468e-01
1.983999999999999986e+00,2.887318067165011826e+00,2.775557561562891351e-17,1.933234157171122292e-01
1.985999999999999988e+00,2.887289233473472549e+00,2.312964634635742895e-17,1.935812623891053907e-01
1.987999999999999989e+00,2.887259899588713097e+00,0.000000000000000000e+00,1.938386786020818153e-01
1.989999999999999991e+00,2.887230068426996255e+00,9.251858538542970657e-18,1.940956651279792389e-01
1.991999999999999993e+00,2.887199742890405929e+00,1.850371707708594131e-17,1.943522227379830547e-01
1.993999999999999995e+00,2.887168925867435121e+00,2.312964634635742895e-17,1.946083522025192358e-01
1.995999999999999996e+00,2.887137620232774537e+00,9.251858538542970657e-18,1.948640542912531970e-01
1.997999999999999998e+00,2.887105828847301936e+00,0.000000000000000000e+00,1.951193297730798026e-01
2.000000000000000000e+00,2.887073554558364563e+00,3.700743415417188263e-17,1.953741794161218126e-01
2.002000000000000224e+00,2.887040800199576651e+00,4.625929269271485328e-18,1.956286039877228600e-01
2.004000000000000004e+00,2.887007568591103635e+00,1.850371707708594131e-17,1.958826042544442314e-01
2.006000000000000227e+00,2.886973862539646163e+00,4.625929269271485328e-18,1.961361809820580948e-01
2.008000000000000007e+00,2.886939684838390363e+00,1.387778780781445676e-17,1.963893349355420592e-01
2.010000000000000231e+00,2.886905038267240542e+00,3.238150488490040115e-17,1.966420668790777038e-01
2.012000000000000011e+00,2.886869925592588260e+00,0.000000000000000000e+00,1.968943775760411685e-01
2.014000000000000234e+00,2.886834349567765301e+00,0.000000000000000000e+00,1.971462677890042092e-01
2.016000000000000014e+00,2.886798312932775445e+00,2.775557561562891351e-17,1.973977382797222069e-01
2.018000000000000238e+00,2.886761818414523617e+00,1.850371707708594131e-17,1.976487898091358053e-01
2.020000000000000018e+00,2.886724868726666671e+00,1.850371707708594131e-17,1.978994231373625012e-01
2.022000000000000242e+00,2.886687466569991756e+00,9.251858538542970657e-18,1.981496390236953120e-01
2.024000000000000021e+00,2.886649614632160521e+00,0.000000000000000000e+00,1.983994382265941714e-01
2.026000000000000245e+00,2.886611315587952475e+00,4.625929269271485328e-18,1.986488215036864013e-01
2.028000000000000025e+00,2.886572572099170841e+00,9.251858538542970657e-18,1.988977896117569144e-01
2.030000000000000249e+00,2.886533386814912561e+00,1.387778780781445676e-17,1.991463433067489353e-01
2.032000000000000028e+00,2.886493762371308947e+00,9.251858538542970657e-18,1.993944833437548969e-01
2.034000000000000252e+00,2.886453701391964444e+00,9.251858538542970657e-18,1.996422104770185779e-01
2.036000000000000032e+00,2.886413206487562277e+00,1.387778780781445676e-17,1.998895254599223348e-01
2.038000000000000256e+00,2.886372280256374268e+00,4.625929269271485328e-18,2.001364290449923478e-01
2.040000000000000036e+00,2.886330925284063653e+00,2.312964634635742895e-17,2.003829219838859366e-01
2.042000000000000259e+00,2.886289144143558971e+00,2.312964634635742895e-17,2.006290050273943359e-01
2.044000000000000039e+00,2.886246939395633149e+00,1.850371707708594131e-17,2.008746789254335086e-01
2.046000000000000263e+00,2.886204313588363490e+00,9.251858538542970657e-18,2.011199444270442005e-01
2.048000000000000043e+00,2.886161269257691231e+00,9.251858538542970657e-18,2.013648022803851134e-01
2.049999999999999822e+00,2.886117808927080475e+00,4.625929269271485328e-18,2.016092532327319886e-01
2.052000000000000046e+00,2.886073935107797084e+00,9.251858538542970657e-18,2.018532980304705016e-01
2.053999999999999826e+00,2.886029650298857163e+00,1.387778780781445676e-17,2.020969374190936252e-01
2.056000000000000050e+00,2.885984956987151406e+00,1.387778780781445676e-17,2.023401721432000755e-01
2.057999999999999829e+00,2.885939857647541018e+00,1.387778780781445676e-17,2.025830029464885107e-01
2.060000000000000053e+00,2.885894354742704948e+00,1.387778780781445676e-17,2.028254305717534511e-01
2.061999999999999833e+00,2.885848450723344172e+00,0.000000000000000000e+00,2.030674557608835307e-01
2.064000000000000057e+00,2.885802148028250969e+00,3.700743415417188263e-17,2.033090792548566950e-01
2.065999999999999837e+00,2.885755449084326685e+00,0.000000000000000000e+00,2.035503017937363435e-01
2.068000000000000060e+00,2.885708356306539102e+00,1.850371707708594131e-17,2.037911241166700804e-01
2.069999999999999840e+00,2.885660872098167573e+00,4.625929269271485328e-18,2.040315469618838862e-01
2.072000000000000064e+00,2.885612998850636046e+00,9.251858538542970657e-18,2.042715710666802020e-01
2.073999999999999844e+00,2.885564738943703134e+00,1.387778780781445676e-17,2.045111971674332396e-01
2.076000000000000068e+00,2.885516094745542048e+00,4.625929269271485328e-18,2.047504259995880094e-01
2.077999999999999847e+00,2.885467068612616259e+00,1.850371707708594131e-17,2.049892582976546862e-01
2.080000000000000071e+00,2.885417662889931734e+00,1.387778780781445676e-17,2.052276947952064445e-01
2.081999999999999851e+00,2.885367879911040490e+00,2.775557561562891351e-17,2.054657362248774044e-01
2.084000000000000075e+00,2.885317721997864737e+00,4.625929269271485328e-18,2.057033833183573301e-01
2.085999999999999854e+00,2.885267191461059255e+00,2.312964634635742895e-17,2.059406368063896042e-01
2.088000000000000078e+00,2.885216290599885269e+00,1.850371707708594131e-17,2.061774974187702281e-01
2.089999999999999858e+00,2.885165021702370325e+00,9.251858538542970657e-18,2.064139658843407443e-01
2.092000000000000082e+00,2.885113387045217692e+00,9.251858538542970657e-18,2.066500429309886810e-01
2.093999999999999861e+00,2.885061388893998213e+00,1.850371707708594131e-17,2.068857292856437768e-01
2.096000000000000085e+00,2.885009029502967337e+00,1.850371707708594131e-17,2.071210256742728462e-01
2.097999999999999865e+00,2.884956311115507432e+00,9.251858538542970657e-18,2.073559328218819442e-01
2.100000000000000089e+00,2.884903235963781398e+00,1.387778780781445676e-17,2.075904514525091782e-01
2.101999999999999869e+00,2.884849806269004446e+00,4.625929269271485328e-18,2.078245822892234584e-01
2.104000000000000092e+00,2.884796024241389034e+00,2.312964634635742895e-17,2.080583260541218615e-01
2.105999999999999872e+00,2.884741892080256775e+00,1.387778780781445676e-17,2.082916834683267715e-01
2.108000000000000096e+00,2.884687411974091731e+00,9.251858538542970657e-18,2.085246552519838259e-01
2.109999999999999876e+00,2.884632586100634555e+00,1.850371707708594131e-17,2.087572421242596399e-01
2.112000000000000099e+00,2.884577416626598279e+00,0.000000000000000000e+00,2.089894448033360885e-01
2.113999999999999879e+00,2.884521905708302469e+00,9.251858538542970657e-18,2.092212640064144979e-01
2.116000000000000103e+00,2.884466055491078151e+00,3.238150488490040115e-17,2.094527004497039879e-01
2.117999999999999883e+00,2.884409868109946373e+00,1.387778780781445676e-17,2.096837548484294933e-01
2.120000000000000107e+00,2.884353345689063985e+00,9.251858538542970657e-18,2.099144279168188854e-01
2.121999999999999886e+00,2.884296490342276087e+00,0.000000000000000000e+00,2.101447203681089115e-01
2.124000000000000110e+00,2.884239304172755425e+00,9.251858538542970657e-18,2.103746329145389782e-01
2.125999999999999890e+00,2.884181789273421614e+00,1.387778780781445676e-17,2.106041662673490689e-01
2.128000000000000114e+00,2.884123947726616066e+00,2.775557561562891351e-17,2.108333211367788007e-01
2.129999999999999893e+00,2.884065781604542522e+00,0.000000000000000000e+00,2.110620982320645933e-01
2.132000000000000117e+00,2.884007292968840730e+00,4.625929269271485328e-18,2.112904982614351168e-01
2.133999999999999897e+00,2.883948483871170865e+00,4.625929269271485328e-18,2.115185219321150112e-01
2.136000000000000121e+00,2.883889356352744571e+00,4.625929269271485328e-18,2.117461699503166983e-01
2.137999999999999901e+00,2.883829912444891619e+00,2.775557561562891351e-17,2.119734430212415199e-01
2.140000000000000124e+00,2.883770154168461275e+00,9.251858538542970657e-18,2.122003418490778504e-01
2.141999999999999904e+00,2.883710083534507973e+00,1.850371707708594131e-17,2.124268671369961281e-01
2.144000000000000128e+00,2.883649702544047955e+00,1.387778780781445676e-17,2.126530195871516593e-01
2.145999999999999908e+00,2.883589013187920713e+00,1.387778780781445676e-17,2.128787999006786502e-01
2.148000000000000131e+00,2.883528017447224201e+00,4.625929269271485328e-18,2.131042087776897631e-01
2.149999999999999911e+00,2.883466717293105219e+00,1.387778780781445676e-17,2.133292469172750339e-01
2.152000000000000135e+00,2.883405114686778958e+00,1.387778780781445676e-17,2.135539150174972922e-01
2.153999999999999915e+00,2.883343211579825649e+00,0.000000000000000000e+00,2.137782137753958533e-01
2.156000000000000139e+00,2.883281009913890358e+00,1.387778780781445676e-17,2.140021438869790238e-01
2.157999999999999918e+00,2.883218511621006286e+00,9.251858538542970657e-18,2.142257060472242958e-01
2.160000000000000142e+00,2.883155718623520158e+00,1.850371707708594131e-17,2.144489009500771814e-01
2.161999999999999922e+00,2.883092632834188151e+00,1.387778780781445676e-17,2.146717292884513240e-01
2.164000000000000146e+00,2.883029256156087072e+00,1.387778780781445676e-17,2.148941917542229463e-01
2.165999999999999925e+00,2.882965590482822194e+00,4.625929269271485328e-18,2.151162890382301296e-01
2.168000000000000149e+00,2.882901637698434882e+00,9.251858538542970657e-18,2.153380218302770321e-01
2.169999999999999929e+00,2.882837399677660173e+00,9.251858538542970657e-18,2.155593908191223707e-01
2.172000000000000153e+00,2.882772878285678075e+00,1.387778780781445676e-17,2.157803966924856098e-01
2.173999999999999932e+00,2.882708075378371149e+00,1.387778780781445676e-17,2.160010401370437982e-01
2.176000000000000156e+00,2.882642992802242787e+00,1.387778780781445676e-17,2.162213218384282654e-01
2.177999999999999936e+00,2.882577632394525580e+00,1.850371707708594131e-17,2.164412424812234004e-01
2.180000000000000160e+00,2.882511995983330522e+00,9.251858538542970657e-18,2.166608027489702604e-01
2.181999999999999940e+00,2.882446085387433854e+00,1.387778780781445676e-17,2.168800033241569114e-01
2.184000000000000163e+00,2.882379902416406736e+00,1.387778780781445676e-17,2.170988448882216482e-01
2.185999999999999943e+00,2.882313448871002493e+00,2.775557561562891351e-17,2.173173281215557140e-01
2.188000000000000167e+00,2.882246726542499360e+00,2.312964634635742895e-17,2.175354537034923375e-01
2.189999999999999947e+00,2.882179737213427018e+00,0.000000000000000000e+00,2.177532223123139488e-01
2.192000000000000171e+00,2.882112482657230856e+00,2.775557561562891351e-17,2.179706346252481552e-01
2.193999999999999950e+00,2.882044964638451390e+00,4.625929269271485328e-18,2.181876913184646327e-01
2.196000000000000174e+00,2.881977184912695833e+00,2.775557561562891351e-17,2.184043930670785949e-01
2.197999999999999954e+00,2.881909145226684288e+00,9.251858538542970657e-18,2.186207405451420782e-01
2.200000000000000178e+00,2.881840847318304810e+00,9.251858538542970657e-18,2.188367344256520464e-01
2.201999999999999957e+00,2.881772292916709333e+00,4.625929269271485328e-18,2.190523753805427021e-01
2.204000000000000181e+00,2.881703483742356298e+00,1.850371707708594131e-17,2.192676640806873745e-01
2.205999999999999961e+00,2.881634421506820587e+00,9.251858538542970657e-18,2.194826011958950773e-01
2.208000000000000185e+00,2.881565107913198531e+00,2.312964634635742895e-17,2.196971873949127851e-01
2.209999999999999964e+00,2.881495544655880536e+00,9.251858538542970657e-18,2.199114233454226575e-01
2.212000000000000188e+00,2.881425733420705626e+00,1.387778780781445676e-17,2.201253097140400683e-01
2.213999999999999968e+00,2.881355675884881506e+00,4.625929269271485328e-18,2.203388471663156323e-01
2.216000000000000192e+00,2.881285373717284770e+00,1.850371707708594131e-17,2.205520363667305972e-01
2.217999999999999972e+00,2.881214828578135823e+00,1.850371707708594131e-17,2.207648779786992588e-01
2.220000000000000195e+00,2.881144042119368365e+00,1.387778780781445676e-17,2.209773726645671565e-01
2.221999999999999975e+00,2.881073015984446428e+00,2.312964634635742895e-17,2.211895210856088256e-01
2.224000000000000199e+00,2.881001751808582867e+00,1.850371707708594131e-17,2.214013239020282131e-01
2.225999999999999979e+00,2.880930251218591920e+00,1.850371707708594131e-17,2.216127817729584004e-01
2.228000000000000203e+00,2.880858515833077504e+00,1.387778780781445676e-17,2.218238953564608540e-01
2.229999999999999982e+00,2.880786547262372821e+00,9.251858538542970657e-18,2.220346653095228995e-01
2.232000000000000206e+00,2.880714347108613183e+00,2.775557561562891351e-17,2.222450922880580271e-01
2.233999999999999986e+00,2.880641916965808846e+00,4.625929269271485328e-18,2.224551769469068907e-01
2.236000000000000210e+00,2.880569258419933831e+00,1.850371707708594131e-17,2.226649199398358647e-01
2.237999999999999989e+00,2.880496373048716308e+00,9.251858538542970657e-18,2.228743219195320480e-01
2.240000000000000213e+00,2.880423262421969000e+00,4.625929269271485328e-18,2.230833835376119789e-01
2.241999999999999993e+00,2.880349928101404444e+00,4.625929269271485328e-18,2.232921054446098674e-01
2.244000000000000217e+00,2.880276371640938748e+00,9.251858538542970657e-18,2.235004882899866985e-01
2.245999999999999996e+00,2.880202594586334541e+00,9.251858538542970657e-18,2.237085327221252085e-01
2.248000000000000220e+00,2.880128598475707236e+00,1.387778780781445676e-17,2.239162393883281921e-01
2.250000000000000000e+00,2.880054384839095150e+00,4.625929269271485328e-18,2.241236089348223326e-01
2.252000000000000224e+00,2.879979955198841424e+00,2.312964634635742895e-17,2.243306420067511242e-01
2.254000000000000004e+00,2.879905311069512308e+00,1.387778780781445676e-17,2.245373392481828378e-01
2.256000000000000227e+00,2.879830453957964664e+00,3.238150488490040115e-17,2.247437013021048868e-01
2.258000000000000007e+00,2.879755385363177211e+00,1.850371707708594131e-17,2.249497288104220505e-01
2.260000000000000231e+00,2.879680106776655535e+00,2.775557561562891351e-17,2.251554224139580007e-01
2.262000000000000011e+00,2.879604619682197608e+00,2.775557561562891351e-17,2.253607827524617691e-01
2.264000000000000234e+00,2.879528925555952412e+00,2.775557561562891351e-17,2.255658104645917317e-01
2.266000000000000014e+00,2.879453025866624216e+00,4.625929269271485328e-18,2.257705061879323460e-01
2.268000000000000238e+00,2.879376922075270073e+00,1.387778780781445676e-17,2.259748705589816609e-01
2.270000000000000018e+00,2.879300615635482785e+00,9.251858538542970657e-18,2.261789042131552296e-01
2.272000000000000242e+00,2.879224107993479720e+00,9.251858538542970657e-18,2.263826077847893303e-01
2.274000000000000021e+00,2.879147400587973138e+00,1.850371707708594131e-17,2.265859819071362191e-01
2.276000000000000245e+00,2.879070494850392237e+00,9.251858538542970657e-18,2.267890272123636308e-01
2.278000000000000025e+00,2.878993392204705515e+00,1.850371707708594131e-17,2.269917443315580541e-01
2.280000000000000249e+00,2.878916094067518472e+00,0.000000000000000000e+00,2.271941338947218170e-01
2.282000000000000028e+00,2.878838601848409340e+00,4.625929269271485328e-18,2.273961965307745858e-01
2.284000000000000252e+00,2.878760916949483217e+00,9.251858538542970657e-18,2.275979328675513669e-01
2.286000000000000032e+00,2.878683040765613654e+00,1.387778780781445676e-17,2.277993435318050597e-01
2.288000000000000256e+00,2.878604974684684237e+00,0.000000000000000000e+00,2.280004291492025437e-01
2.290000000000000036e+00,2.878526720087316804e+00,0.000000000000000000e+00,2.282011903443306178e-01
2.292000000000000259e+00,2.878448278347098821e+00,4.625929269271485328e-18,2.284016277406892559e-01
2.294000000000000039e+00,2.878369650830354232e+00,4.625929269271485328e-18,2.286017419606943546e-01
2.296000000000000263e+00,2.878290838896655046e+00,1.387778780781445676e-17,2.288015336256812859e-01
2.298000000000000043e+00,2.878211843898277777e+00,2.312964634635742895e-17,2.290010033558975977e-01
2.300000000000000266e+00,2.878132667180741677e+00,0.000000000000000000e+00,2.292001517705094527e-01
2.302000000000000046e+00,2.878053310082519189e+00,2.312964634635742895e-17,2.293989794875989363e-01
2.304000000000000270e+00,2.877973773935226021e+00,4.625929269271485328e-18,2.295974871241640847e-01
2.306000000000000050e+00,2.877894060063514559e+00,0.000000000000000000e+00,2.297956752961185789e-01
2.307999999999999829e+00,2.877814169785326115e+00,0.000000000000000000e+00,2.299935446182945209e-01
2.310000000000000053e+00,2.877734104411681315e+00,1.850371707708594131e-17,2.301910957044390194e-01
2.311999999999999833e+00,2.877653865246843523e+00,1.850371707708594131e-17,2.303883291672166045e-01
2.314000000000000057e+00,2.877573453588452068e+00,4.625929269271485328e-18,2.305852456182086452e-01
2.315999999999999837e+00,2.877492870727277108e+00,0.000000000000000000e+00,2.307818456679130992e-01
2.318000000000000060e+00,2.877412117947413250e+00,9.251858538542970657e-18,2.309781299257461784e-01
2.319999999999999840e+00,2.877331196526425217e+00,4.625929269271485328e-18,2.311740990000395457e-01
2.322000000000000064e+00,2.877250107735280338e+00,0.000000000000000000e+00,2.313697534980457549e-01
2.323999999999999844e+00,2.877168852838144275e+00,9.251858538542970657e-18,2.315650940259325885e-01
2.326000000000000068e+00,2.877087433092858859e+00,4.625929269271485328e-18,2.317601211887865553e-01
2.327999999999999847e+00,2.877005849750609912e+00,4.625929269271485328e-18,2.319548355906128623e-01
2.330000000000000071e+00,2.876924104056179488e+00,1.387778780781445676e-17,2.321492378343358587e-01
2.331999999999999851e+00,2.876842197247844624e+00,1.850371707708594131e-17,2.323433285217978150e-01
2.334000000000000075e+00,2.876760130557391548e+00,9.251858538542970657e-18,2.325371082537611989e-01
2.335999999999999854e+00,2.876677905210444308e+00,0.000000000000000000e+00,2.327305776299085915e-01
2.338000000000000078e+00,2.876595522425926532e+00,0.000000000000000000e+00,2.329237372488402458e-01
2.339999999999999858e+00,2.876512983416693814e+00,4.625929269271485328e-18,2.331165877080796645e-01
2.342000000000000082e+00,2.876430289389180217e+00,1.387778780781445676e-17,2.333091296040687435e-01
2.343999999999999861e+00,2.876347441543586569e+00,1.387778780781445676e-17,2.335013635321722958e-01
2.346000000000000085e+00,2.876264441073821843e+00,2.775557561562891351e-17,2.336932900866749707e-01
2.347999999999999865e+00,2.876181289167600852e+00,0.000000000000000000e+00,2.338849098607852783e-01
2.350000000000000089e+00,2.876097987006561496e+00,0.000000000000000000e+00,2.340762234466316205e-01
2.351999999999999869e+00,2.876014535765975211e+00,4.625929269271485328e-18,2.342672314352680363e-01
2.354000000000000092e+00,2.875930936615194611e+00,1.850371707708594131e-17,2.344579344166702883e-01
2.355999999999999872e+00,2.875847190717330193e+00,0.000000000000000000e+00,2.346483329797366124e-01
2.358000000000000096e+00,2.875763299229539882e+00,9.251858538542970657e-18,2.348384277122915198e-01
2.359999999999999876e+00,2.875679263302851396e+00,2.775557561562891351e-17,2.350282192010846039e-01
2.362000000000000099e+00,2.875595084082400277e+00,4.625929269271485328e-18,2.352177080317883751e-01
2.363999999999999879e+00,2.875510762707200740e+00,4.625929269271485328e-18,2.354068947890034236e-01
2.366000000000000103e+00,2.875426300310399697e+00,4.625929269271485328e-18,2.355957800562547277e-01
2.367999999999999883e+00,2.875341698019241221e+00,9.251858538542970657e-18,2.357843644159959562e-01
2.370000000000000107e+00,2.875256956955105636e+00,1.850371707708594131e-17,2.359726484496078858e-01
2.371999999999999886e+00,2.875172078233442008e+00,1.850371707708594131e-17,2.361606327373984016e-01
2.374000000000000110e+00,2.875087062963803675e+00,4.625929269271485328e-18,2.363483178586035793e-01
2.375999999999999890e+00,2.875001912250043645e+00,4.625929269271485328e-18,2.365357043913906554e-01
2.378000000000000114e+00,2.874916627190291507e+00,1.387778780781445676e-17,2.367227929128552510e-01
2.379999999999999893e+00,2.874831208876834410e+00,1.387778780781445676e-17,2.369095839990251473e-01
2.382000000000000117e+00,2.874745658396216541e+00,1.387778780781445676e-17,2.370960782248569820e-01
2.383999999999999897e+00,2.874659976829272878e+00,1.850371707708594131e-17,2.372822761642398026e-01
2.386000000000000121e+00,2.874574165251376101e+00,2.312964634635742895e-17,2.374681783899968424e-01
2.387999999999999901e+00,2.874488224732017372e+00,4.625929269271485328e-18,2.376537854738826339e-01
2.390000000000000124e+00,2.874402156335166936e+00,1.387778780781445676e-17,2.378390979865867005e-01
2.391999999999999904e+00,2.874315961119252805e+00,0.000000000000000000e+00,2.380241164977323354e-01
2.394000000000000128e+00,2.874229640137167863e+00,4.625929269271485328e-18,2.382088415758793765e-01
2.395999999999999908e+00,2.874143194436062032e+00,2.312964634635742895e-17,2.383932737885209596e-01
2.398000000000000131e+00,2.874056625057857417e+00,2.775557561562891351e-17,2.385774137020899299e-01
2.399999999999999911e+00,2.873969933038869939e+00,9.251858538542970657e-18,2.387612618819549837e-01
2.402000000000000135e+00,2.873883119410029607e+00,1.387778780781445676e-17,2.389448188924255256e-01
2.403999999999999915e+00,2.873796185196695774e+00,1.387778780781445676e-17,2.391280852967440917e-01
2.406000000000000139e+00,2.873709131419023066e+00,2.775557561562891351e-17,2.393110616571010318e-01
2.407999999999999918e+00,2.873621959091643419e+00,4.625929269271485328e-18,2.394937485346205208e-01
2.410000000000000142e+00,2.873534669223948512e+00,9.251858538542970657e-18,2.396761464893717997e-01
2.411999999999999922e+00,2.873447262819988524e+00,4.625929269271485328e-18,2.398582560803660946e-01
2.414000000000000146e+00,2.873359740878468571e+00,0.000000000000000000e+00,2.400400778655552847e-01
2.415999999999999925e+00,2.873272104392917470e+00,1.387778780781445676e-17,2.402216124018389798e-01
2.418000000000000149e+00,2.873184354351520753e+00,0.000000000000000000e+00,2.404028602450592467e-01
2.419999999999999929e+00,2.873096491737417324e+00,4.625929269271485328e-18,2.405838219500033015e-01
2.422000000000000153e+00,2.873008517528329975e+00,0.000000000000000000e+00,2.407644980704065352e-01
2.423999999999999932e+00,2.872920432697029014e+00,4.625929269271485328e-18,2.409448891589493214e-01
2.426000000000000156e+00,2.872832238210976996e+00,9.251858538542970657e-18,2.411249957672624289e-01
2.427999999999999936e+00,2.872743935032678664e+00,1.387778780781445676e-17,2.413048184459258005e-01
2.430000000000000160e+00,2.872655524119487325e+00,1.387778780781445676e-17,2.414843577444689693e-01
2.431999999999999940e+00,2.872567006423613734e+00,2.775557561562891351e-17,2.416636142113711416e-01
2.434000000000000163e+00,2.872478382892330373e+00,1.387778780781445676e-17,2.418425883940650001e-01
2.435999999999999943e+00,2.872389654467870201e+00,4.625929269271485328e-18,2.420212808389356485e-01
2.438000000000000167e+00,2.872300822087547445e+00,4.625929269271485328e-18,2.421996920913226659e-01
2.439999999999999947e+00,2.872211886683512461e+00,1.850371707708594131e-17,2.423778226955182191e-01
2.442000000000000171e+00,2.872122849183227800e+00,1.850371707708594131e-17,2.425556731947730860e-01
2.443999999999999950e+00,2.872033710509157345e+00,2.312964634635742895e-17,2.427332441312931022e-01
2.446000000000000174e+00,2.871944471578620650e+00,1.850371707708594131e-17,2.429105360462413266e-01
2.447999999999999954e+00,2.871855133304510588e+00,2.775557561562891351e-17,2.430875494797412328e-01
2.450000000000000178e+00,2.871765696594561490e+00,0.000000000000000000e+00,2.432642849708743782e-01
2.451999999999999957e+00,2.871676162351787909e+00,1.850371707708594131e-17,2.434407430576832898e-01
2.454000000000000181e+00,2.871586531474511261e+00,2.312964634635742895e-17,2.436169242771725751e-01
2.455999999999999961e+00,2.871496804856016993e+00,1.850371707708594131e-17,2.437928291653101709e-01
2.458000000000000185e+00,2.871406983385059064e+00,9.251858538542970657e-18,2.439684582570257887e-01
2.459999999999999964e+00,2.871317067945692969e+00,0.000000000000000000e+00,2.441438120862159666e-01
2.462000000000000188e+00,2.871227059417067906e+00,4.625929269271485328e-18,2.443188911857419043e-01
2.463999999999999968e+00,2.871136958673860207e+00,1.387778780781445676e-17,2.444936960874320997e-01
2.466000000000000192e+00,2.871046766585971355e+00,1.387778780781445676e-17,2.446682273220843196e-01
2.467999999999999972e+00,2.870956484018739374e+00,4.625929269271485328e-18,2.448424854194621025e-01
2.470000000000000195e+00,2.870866111832761192e+00,4.625929269271485328e-18,2.450164709083018089e-01
2.471999999999999975e+00,2.870775650884327845e+00,1.850371707708594131e-17,2.451901843163116490e-01
2.474000000000000199e+00,2.870685102024873814e+00,0.000000000000000000e+00,2.453636261701687138e-01
2.475999999999999979e+00,2.870594466101389131e+00,1.387778780781445676e-17,2.455367969955270790e-01
2.478000000000000203e+00,2.870503743956358988e+00,0.000000000000000000e+00,2.457096973170124210e-01
2.479999999999999982e+00,2.870412936427896966e+00,1.850371707708594131e-17,2.458823276582291217e-01
2.482000000000000206e+00,2.870322044349356005e+00,1.387778780781445676e-17,2.460546885417554397e-01
2.483999999999999986e+00,2.870231068549861320e+00,9.251858538542970657e-18,2.462267804891483669e-01
2.486000000000000210e+00,2.870140009854122098e+00,9.251858538542970657e-18,2.463986040209470707e-01
2.487999999999999989e+00,2.870048869082260978e+00,1.387778780781445676e-17,2.465701596566656773e-01
2.490000000000000213e+00,2.869957647050135563e+00,4.625929269271485791e-17,2.467414479148027640e-01
2.491999999999999993e+00,2.869866344569281580e+00,1.387778780781445676e-17,2.469124693128389725e-01
2.494000000000000217e+00,2.869774962446747679e+00,0.000000000000000000e+00,2.470832243672391182e-01
2.495999999999999996e+00,2.869683501485422283e+00,1.387778780781445676e-17,2.472537135934513575e-01
2.498000000000000220e+00,2.869591962483751146e+00,4.625929269271485328e-18,2.474239375059123780e-01
2.500000000000000000e+00,2.869500346235984267e+00,1.387778780781445676e-17,2.475938966180418477e-01
2.502000000000000224e+00,2.869408653532049769e+00,1.387778780781445676e-17,2.477635914422522678e-01
2.504000000000000004e+00,2.869316885157813246e+00,4.625929269271485328e-18,2.479330224899445601e-01
2.506000000000000227e+00,2.869225041894715389e+00,4.625929269271485328e-18,2.481021902715089544e-01
2.508000000000000007e+00,2.869133124519969158e+00,0.000000000000000000e+00,2.482710952963281537e-01
2.510000000000000231e+00,2.869041133806952359e+00,2.312964634635742895e-17,2.484397380727800808e-01
2.512000000000000011e+00,2.868949070524465128e+00,1.387778780781445676e-17,2.486081191082340214e-01
2.514000000000000234e+00,2.868856935437442246e+00,4.625929269271485328e-18,2.487762389090573678e-01
2.516000000000000014e+00,2.868764729306686689e+00,9.251858538542970657e-18,2.489440979806138154e-01
2.518000000000000238e+00,2.868672452888777258e+00,4.625929269271485328e-18,2.491116968272657217e-01
2.520000000000000018e+00,2.868580106936351015e+00,2.775557561562891351e-17,2.492790359523729404e-01
2.522000000000000242e+00,2.868487692197890127e+00,4.625929269271485328e-18,2.494461158582981231e-01
2.524000000000000021e+00,2.868395209417951008e+00,4.625929269271485328e-18,2.496129370464051367e-01
2.526000000000000245e+00,2.868302659337027549e+00,4.625929269271485328e-18,2.497795000170613400e-01
2.528000000000000025e+00,2.868210042691526240e+00,9.251858538542970657e-18,2.499458052696363897e-01
2.530000000000000249e+00,2.868117360214149869e+00,9.251858538542970657e-18,2.501118533025106228e-01
2.532000000000000028e+00,2.868024612633380599e+00,9.251858538542970657e-18,2.502776446130656751e-01
2.534000000000000252e+00,2.867931800673837017e+00,4.625929269271485328e-18,2.504431796976954172e-01
2.536000000000000032e+00,2.867838925056279464e+00,1.387778780781445676e-17,2.506084590518017907e-01
2.538000000000000256e+00,2.867745986497578059e+00,0.000000000000000000e+00,2.507734831697985278e-01
2.540000000000000036e+00,2.867652985710643421e+00,4.625929269271485328e-18,2.509382525451097079e-01
2.542000000000000259e+00,2.867559923404586542e+00,9.251858538542970657e-18,2.511027676701750311e-01
2.544000000000000039e+00,2.867466800284780959e+00,4.625929269271485328e-18,2.512670290364490411e-01
2.546000000000000263e+00,2.867373617052564327e+00,0.000000000000000000e+00,2.514310371344000705e-01
2.548000000000000043e+00,2.867280374405721588e+00,4.625929269271485328e-18,2.515947924535166802e-01
2.550000000000000266e+00,2.867187073038051537e+00,1.387778780781445676e-17,2.517582954823032737e-01
2.552000000000000046e+00,2.867093713639672359e+00,1.387778780781445676e-17,2.519215467082874249e-01
2.554000000000000270e+00,2.867000296897010969e+00,4.625929269271485328e-18,2.520845466180154926e-01
2.556000000000000050e+00,2.866906823492707090e+00,4.625929269271485328e-18,2.522472956970597258e-01
2.558000000000000274e+00,2.866813294105735821e+00,1.387778780781445676e-17,2.524097944300136565e-01
2.560000000000000053e+00,2.866719709411380990e+00,2.775557561562891351e-17,2.525720433004973176e-01
2.561999999999999833e+00,2.866626070081206734e+00,4.625929269271485328e-18,2.527340427911570209e-01
2.564000000000000057e+00,2.866532376783139213e+00,0.000000000000000000e+00,2.528957933836682992e-01
2.565999999999999837e+00,2.866438630181626479e+00,1.850371707708594131e-17,2.530572955587370165e-01
2.568000000000000060e+00,2.866344830937277877e+00,4.625929269271485328e-18,2.532185497960962595e-01
2.569999999999999840e+00,2.866250979707269053e+00,4.625929269271485328e-18,2.533795565745152190e-01
2.572000000000000064e+00,2.866157077145077281e+00,1.387778780781445676e-17,2.535403163717941943e-01
2.573999999999999844e+00,2.866063123900755016e+00,4.625929269271485328e-18,2.537008296647704775e-01
2.576000000000000068e+00,2.865969120620755817e+00,1.850371707708594131e-17,2.538610969293169650e-01
2.577999999999999847e+00,2.865875067947916577e+00,1.387778780781445676e-17,2.540211186403436572e-01
2.580000000000000071e+00,2.865780966521784379e+00,2.312964634635742895e-17,2.541808952718009329e-01
2.581999999999999851e+00,2.865686816978120888e+00,4.625929269271485328e-18,2.543404272966782731e-01
2.584000000000000075e+00,2.865592619949522302e+00,4.625929269271485328e-18,2.544997151870078134e-01
2.585999999999999854e+00,2.865498376064895325e+00,4.625929269271485328e-18,2.546587594138658983e-01
2.588000000000000078e+00,2.865404085949885271e+00,1.387778780781445676e-17,2.548175604473731370e-01
2.589999999999999858e+00,2.865309750226568752e+00,9.251858538542970657e-18,2.549761187566939591e-01
2.592000000000000082e+00,2.865215369513727239e+00,2.775557561562891351e-17,2.551344348100442194e-01
2.593999999999999861e+00,2.865120944426781335e+00,2.775557561562891351e-17,2.552925090746867576e-01
2.596000000000000085e+00,2.865026475577630904e+00,2.775557561562891351e-17,2.554503420169347838e-01
2.597999999999999865e+00,2.864931963574973039e+00,1.387778780781445676e-17,2.556079341021527118e-01
2.600000000000000089e+00,2.864837409024088899e+00,9.251858538542970657e-18,2.557652857947598779e-01
2.601999999999999869e+00,2.864742812526953841e+00,2.312964634635742895e-17,2.559223975582279320e-01
2.604000000000000092e+00,2.864648174682359993e+00,4.625929269271485328e-18,2.560792698550876656e-01
2.605999999999999872e+00,2.864553496085557427e+00,1.850371707708594131e-17,2.562359031469242376e-01
2.608000000000000096e+00,2.864458777328829697e+00,0.000000000000000000e+00,2.563922978943846132e-01
2.609999999999999876e+00,2.864364019000920081e+00,4.625929269271485328e-18,2.565484545571734554e-01
2.612000000000000099e+00,2.864269221687600009e+00,4.625929269271485328e-18,2.567043735940584548e-01
2.613999999999999879e+00,2.864174385971212544e+00,9.251858538542970657e-18,2.568600554628713839e-01
2.616000000000000103e+00,2.864079512431091601e+00,1.387778780781445676e-17,2.570155006205072090e-01
2.617999999999999883e+00,2.863984601643153383e+00,9.251858538542970657e-18,2.571707095229271434e-01
2.620000000000000107e+00,2.863889654180363564e+00,1.387778780781445676e-17,2.573256826251615892e-01
2.621999999999999886e+00,2.863794670612378468e+00,4.625929269271485328e-18,2.574804203813079173e-01
2.624000000000000110e+00,2.863699651505818622e+00,4.625929269271485328e-18,2.576349232445357407e-01
2.625999999999999890e+00,2.863604597424076914e+00,2.775557561562891351e-17,2.577891916670850825e-01
2.628000000000000114e+00,2.863509508927542413e+00,3.238150488490040115e-17,2.579432261002720383e-01
2.629999999999999893e+00,2.863414386573428061e+00,1.387778780781445676e-17,2.580970269944813378e-01
2.632000000000000117e+00,2.863319230915987390e+00,1.387778780781445676e-17,2.582505947991833861e-01
2.633999999999999897e+00,2.863224042506200107e+00,9.251858538542970657e-18,2.584039299629170561e-01
2.636000000000000121e+00,2.863128821892273024e+00,1.387778780781445676e-17,2.585570329333078954e-01
2.637999999999999901e+00,2.863033569619137353e+00,0.000000000000000000e+00,2.587099041570566360e-01
2.640000000000000124e+00,2.862938286228875029e+00,9.251858538542970657e-18,2.588625440799507404e-01
2.641999999999999904e+00,2.862842972260434493e+00,9.251858538542970657e-18,2.590149531468565747e-01
2.644000000000000128e+00,2.862747628249900700e+00,1.387778780781445676e-17,2.591671318017308434e-01
2.645999999999999908e+00,2.862652254730324586e+00,4.625929269271485328e-18,2.593190804876123190e-01
2.648000000000000131e+00,2.862556852231856297e+00,4.163336342344337027e-17,2.594707996466305566e-01
2.649999999999999911e+00,2.862461421281508933e+00,4.625929269271485328e-18,2.596222897200038404e-01
2.652000000000000135e+00,2.862365962403750075e+00,0.000000000000000000e+00,2.597735511480417925e-01
2.653999999999999915e+00,2.862270476119762819e+00,9.251858538542970657e-18,2.599245843701464276e-01
2.656000000000000139e+00,2.862174962947982237e+00,1.850371707708594131e-17,2.600753898248143181e-01
2.657999999999999918e+00,2.862079423403987022e+00,4.625929269271485328e-18,2.602259679496359834e-01
2.660000000000000142e+00,2.861983858000439085e+00,9.251858538542970657e-18,2.603763191813001643e-01
2.661999999999999922e+00,2.861888267247152839e+00,1.850371707708594131e-17,2.605264439555948219e-01
2.664000000000000146e+00,2.861792651651185793e+00,2.312964634635742895e-17,2.606763427074063610e-01
2.665999999999999925e+00,2.861697011716641370e+00,3.700743415417188263e-17,2.608260158707236820e-01
2.668000000000000149e+00,2.861601347944866092e+00,9.251858538542970657e-18,2.609754638786379033e-01
2.669999999999999929e+00,2.861505660834401610e+00,0.000000000000000000e+00,2.611246871633456368e-01
2.672000000000000153e+00,2.861409950881146358e+00,1.387778780781445676e-17,2.612736861561493762e-01
2.673999999999999932e+00,2.861314218577945212e+00,2.775557561562891351e-17,2.614224612874571085e-01
2.676000000000000156e+00,2.861218464415115292e+00,1.387778780781445676e-17,2.615710129867883649e-01
2.677999999999999936e+00,2.861122688880216813e+00,1.850371707708594131e-17,2.617193416827735541e-01
2.680000000000000160e+00,2.861026892457967818e+00,9.251858538542970657e-18,2.618674478031520758e-01
2.681999999999999940e+00,2.860931075630480436e+00,4.625929269271485328e-18,2.620153317747783150e-01
2.684000000000000163e+00,2.860835238877063702e+00,9.251858538542970657e-18,2.621629940236239742e-01
2.685999999999999943e+00,2.860739382674470477e+00,9.251858538542970657e-18,2.623104349747715780e-01
2.688000000000000167e+00,2.860643507496670068e+00,4.625929269271485328e-18,2.624576550524287399e-01
2.689999999999999947e+00,2.860547613815054291e+00,1.387778780781445676e-17,2.626046546799179482e-01
2.692000000000000171e+00,2.860451702098320226e+00,4.625929269271485328e-18,2.627514342796834490e-01
2.693999999999999950e+00,2.860355772812473774e+00,0.000000000000000000e+00,2.628979942732923569e-01
2.696000000000000174e+00,2.860259826421076568e+00,4.625929269271485328e-18,2.630443350814370418e-01
2.697999999999999954e+00,2.860163863384936889e+00,9.251858538542970657e-18,2.631904571239351842e-01
2.700000000000000178e+00,2.860067884162285523e+00,2.312964634635742895e-17,2.633363608197297756e-01
2.701999999999999957e+00,2.859971889208834384e+00,1.850371707708594131e-17,2.634820465868930595e-01
2.704000000000000181e+00,2.859875878977694796e+00,3.238150488490040115e-17,2.636275148426283632e-01
2.705999999999999961e+00,2.859779853919391712e+00,3.238150488490040115e-17,2.637727660032706534e-01
2.708000000000000185e+00,2.859683814481977393e+00,1.387778780781445676e-17,2.639178004842878122e-01
2.709999999999999964e+00,2.859587761110958581e+00,9.251858538542970657e-18,2.640626187002812486e-01
2.712000000000000188e+00,2.859491694249273408e+00,1.850371707708594131e-17,2.642072210649916153e-01
2.713999999999999968e+00,2.859395614337303826e+00,1.850371707708594131e-17,2.643516079912917038e-01
2.716000000000000192e+00,2.859299521813248646e+00,1.850371707708594131e-17,2.644957798912010438e-01
2.717999999999999972e+00,2.859203417112404111e+00,4.625929269271485328e-18,2.646397371758741346e-01
2.720000000000000195e+00,2.859107300667909968e+00,1.387778780781445676e-17,2.647834802556104372e-01
2.721999999999999975e+00,2.859011172910410181e+00,1.387778780781445676e-17,2.649270095398523206e-01
2.724000000000000199e+00,2.858915034267896615e+00,2.312964634635742895e-17,2.650703254371872264e-01
2.725999999999999979e+00,2.858818885166190427e+00,1.387778780781445676e-17,2.652134283553490013e-01
2.728000000000000203e+00,2.858722726028549488e+00,9.251858538542970657e-18,2.653563187012232816e-01
2.729999999999999982e+00,2.858626557275902869e+00,2.312964634635742895e-17,2.654989968808414424e-01
2.732000000000000206e+00,2.858530379326744253e+00,3.238150488490040115e-17,2.656414632993892577e-01
2.733999999999999986e+00,2.858434192597238521e+00,4.625929269271485328e-18,2.657837183612037912e-01
2.736000000000000210e+00,2.858337997501076089e+00,4.625929269271485328e-18,2.659257624697766165e-01
2.737999999999999989e+00,2.858241794449678963e+00,2.312964634635742895e-17,2.660675960277551488e-01
2.740000000000000213e+00,2.858145583852136795e+00,2.312964634635742895e-17,2.662092194369464204e-01
2.741999999999999993e+00,2.858049366115213985e+00,1.387778780781445676e-17,2.663506330983156922e-01
2.744000000000000217e+00,2.857953141643243100e+00,1.850371707708594131e-17,2.664918374119863431e-01
2.745999999999999996e+00,2.857856910838345144e+00,1.850371707708594131e-17,2.666328327772459206e-01
2.748000000000000220e+00,2.857760674100346066e+00,4.625929269271485328e-18,2.667736195925470843e-01
2.750000000000000000e+00,2.857664431826748341e+00,1.850371707708594131e-17,2.669141982555052750e-01
2.752000000000000224e+00,2.857568184412839329e+00,2.775557561562891351e-17,2.670545691629034324e-01
2.754000000000000004e+00,2.857471932251520741e+00,4.625929269271485328e-18,2.671947327106914405e-01
2.756000000000000227e+00,2.857375675733601739e+00,1.387778780781445676e-17,2.673346892939925667e-01
2.758000000000000007e+00,2.857279415247566234e+00,1.387778780781445676e-17,2.674744393070973558e-01
2.760000000000000231e+00,2.857183151179640390e+00,9.251858538542970657e-18,2.676139831434713456e-01
2.762000000000000011e+00,2.857086883913936504e+00,0.000000000000000000e+00,2.677533211957544568e-01
2.764000000000000234e+00,2.856990613832254056e+00,0.000000000000000000e+00,2.678924538557614365e-01
2.766000000000000014e+00,2.856894341314255570e+00,0.000000000000000000e+00,2.680313815144846901e-01
2.768000000000000238e+00,2.856798066737416875e+00,1.387778780781445676e-17,2.681701045620958901e-01
2.770000000000000018e+00,2.856701790477012892e+00,9.251858538542970657e-18,2.683086233879480309e-01
2.772000000000000242e+00,2.856605512906227773e+00,4.625929269271485328e-18,2.684469383805741516e-01
2.774000000000000021e+00,2.856509234396028774e+00,9.251858538542970657e-18,2.685850499276917214e-01
2.776000000000000245e+00,2.856412955315187574e+00,3.238150488490040115e-17,2.687229584162030838e-01
2.778000000000000025e+00,2.856316676030486335e+00,3.700743415417188263e-17,2.688606642321967333e-01
2.780000000000000249e+00,2.856220396906568482e+00,1.387778780781445676e-17,2.689981677609523114e-01
2.782000000000000028e+00,2.856124118305812587e+00,9.251858538542970657e-18,2.691354693869341119e-01
2.784000000000000252e+00,2.856027840588730271e+00,4.625929269271485328e-18,2.692725694938001291e-01
2.786000000000000032e+00,2.855931564113578958e+00,9.251858538542970657e-18,2.694094684644024462e-01
2.788000000000000256e+00,2.855835289236525298e+00,4.625929269271485328e-18,2.695461666807836276e-01
2.790000000000000036e+00,2.855739016311851231e+00,0.000000000000000000e+00,2.696826645241851006e-01
2.792000000000000259e+00,2.855642745691639561e+00,4.625929269271485328e-18,2.698189623750442134e-01
2.794000000000000039e+00,2.855546477725955157e+00,4.625929269271485328e-18,2.699550606129973440e-01
2.796000000000000263e+00,2.855450212762775664e+00,4.625929269271485328e-18,2.700909596168797888e-01
2.798000000000000043e+00,2.855353951148206448e+00,9.251858538542970657e-18,2.702266597647322577e-01
2.800000000000000266e+00,2.855257693226231908e+00,4.625929269271485328e-18,2.703621614337938794e-01
2.802000000000000046e+00,2.855161439338825602e+00,0.000000000000000000e+00,2.704974650005124159e-01
2.804000000000000270e+00,2.855065189825976901e+00,4.625929269271485328e-18,2.706325708405397656e-01
2.806000000000000050e+00,2.854968945025756710e+00,1.387778780781445676e-17,2.707674793287376813e-01
2.808000000000000274e+00,2.854872705274233979e+00,1.850371707708594131e-17,2.709021908391747169e-01
2.810000000000000053e+00,2.854776470905374453e+00,9.251858538542970657e-18,2.710367057451314454e-01
2.812000000000000277e+00,2.854680242251472322e+00,2.775557561562891351e-17,2.711710244191020691e-01
2.814000000000000057e+00,2.854584019642633308e+00,9.251858538542970657e-18,2.713051472327940306e-01
2.815999999999999837e+00,2.854487803407124602e+00,1.850371707708594131e-17,2.714390745571290120e-01
2.818000000000000060e+00,2.854391593871277166e+00,1.850371707708594131e-17,2.715728067622459330e-01
2.819999999999999840e+00,2.854295391359514156e+00,0.000000000000000000e+00,2.717063442175032262e-01
2.822000000000000064e+00,2.854199196194423749e+00,1.387778780781445676e-17,2.718396872914796147e-01
2.823999999999999844e+00,2.854103008696565524e+00,4.625929269271485328e-18,2.719728363519732239e-01
2.826000000000000068e+00,2.854006829184688954e+00,2.312964634635742895e-17,2.721057917660074099e-01
2.827999999999999847e+00,2.853910657975635701e+00,1.850371707708594131e-17,2.722385538998274845e-01
2.830000000000000071e+00,2.853814495384494165e+00,4.625929269271485328e-18,2.723711231189085424e-01
2.831999999999999851e+00,2.853718341724356122e+00,9.251858538542970657e-18,2.725034997879489107e-01
2.834000000000000075e+00,2.853622197306485475e+00,1.387778780781445676e-17,2.726356842708789197e-01
2.835999999999999854e+00,2.853526062440371547e+00,4.625929269271485328e-18,2.727676769308575166e-01
2.838000000000000078e+00,2.853429937433752173e+00,4.625929269271485328e-18,2.728994781302788719e-01
2.839999999999999858e+00,2.853333822592322377e+00,0.000000000000000000e+00,2.730310882307664389e-01
2.842000000000000082e+00,2.853237718220043462e+00,2.312964634635742895e-17,2.731625075931806146e-01
2.843999999999999861e+00,2.853141624619263794e+00,9.251858538542970657e-18,2.732937365776201277e-01
2.846000000000000085e+00,2.853045542090276498e+00,1.387778780781445676e-17,2.734247755434171534e-01
2.847999999999999865e+00,2.852949470931834597e+00,4.625929269271485328e-18,2.735556248491509690e-01
2.850000000000000089e+00,2.852853411440719356e+00,1.387778780781445676e-17,2.736862848526334657e-01
2.851999999999999869e+00,2.852757363912019173e+00,3.700743415417188263e-17,2.738167559109233595e-01
2.854000000000000092e+00,2.852661328639145566e+00,9.251858538542970657e-18,2.739470383803241371e-01
2.855999999999999872e+00,2.852565305913593363e+00,4.625929269271485328e-18,2.740771326163821686e-01
2.858000000000000096e+00,2.852469296025313739e+00,4.625929269271485328e-18,2.742070389738941461e-01
2.859999999999999876e+00,2.852373299262380257e+00,1.387778780781445676e-17,2.743367578069022539e-01
2.862000000000000099e+00,2.852277315911273092e+00,9.251858538542970657e-18,2.744662894686997201e-01
2.863999999999999879e+00,2.852181346256612571e+00,1.850371707708594131e-17,2.745956343118314269e-01
2.866000000000000103e+00,2.852085390581397206e+00,2.775557561562891351e-17,2.747247926880964641e-01
2.867999999999999883e+00,2.851989449167000146e+00,1.850371707708594131e-17,2.748537649485447432e-01
2.870000000000000107e+00,2.851893522293037719e+00,0.000000000000000000e+00,2.749825514434880991e-01
2.871999999999999886e+00,2.851797610237358782e+00,1.850371707708594131e-17,2.751111525224894661e-01
2.874000000000000110e+00,2.851701713276309391e+00,9.251858538542970657e-18,2.752395685343748122e-01
2.875999999999999890e+00,2.851605831684576486e+00,0.000000000000000000e+00,2.753677998272289207e-01
2.878000000000000114e+00,2.851509965735004926e+00,1.387778780781445676e-17,2.754958467483994422e-01
2.879999999999999893e+00,2.851414115698933216e+00,0.000000000000000000e+00,2.756237096444956736e-01
2.882000000000000117e+00,2.851318281846131342e+00,9.251858538542970657e-18,2.757513888613944419e-01
2.883999999999999897e+00,2.851222464444541416e+00,4.625929269271485328e-18,2.758788847442359971e-01
2.886000000000000121e+00,2.851126663760721769e+00,4.625929269271485328e-18,2.760061976374311721e-01
2.887999999999999901e+00,2.851030880059427730e+00,0.000000000000000000e+00,2.761333278846578865e-01
2.890000000000000124e+00,2.850935113603968674e+00,1.387778780781445676e-17,2.762602758288666416e-01
2.891999999999999904e+00,2.850839364655929131e+00,9.251858538542970657e-18,2.763870418122784667e-01
2.894000000000000128e+00,2.850743633475408600e+00,0.000000000000000000e+00,2.765136261763893044e-01
2.895999999999999908e+00,2.850647920320865225e+00,0.000000000000000000e+00,2.766400292619706769e-01
2.898000000000000131e+00,2.850552225449130006e+00,1.850371707708594131e-17,2.767662514090680759e-01
2.899999999999999911e+00,2.850456549115692795e+00,4.625929269271485328e-18,2.768922929570096225e-01
2.902000000000000135e+00,2.850360891574283073e+00,4.625929269271485328e-18,2.770181542443981848e-01
2.903999999999999915e+00,2.850265253077159500e+00,9.251858538542970657e-18,2.771438356091219801e-01
2.906000000000000139e+00,2.850169633875060171e+00,2.312964634635742895e-17,2.772693373883486911e-01
2.907999999999999918e+00,2.850074034217058738e+00,0.000000000000000000e+00,2.773946599185310169e-01
2.910000000000000142e+00,2.849978454351020929e+00,9.251858538542970657e-18,2.775198035354087822e-01
2.911999999999999922e+00,2.849882894522947296e+00,1.850371707708594131e-17,2.776447685740040527e-01
2.914000000000000146e+00,2.849787354977490139e+00,9.251858538542970657e-18,2.777695553686334029e-01
2.915999999999999925e+00,2.849691835957834485e+00,9.251858538542970657e-18,2.778941642528983680e-01
2.918000000000000149e+00,2.849596337705634141e+00,0.000000000000000000e+00,2.780185955596931047e-01
2.919999999999999929e+00,2.849500860461050777e+00,9.251858538542970657e-18,2.781428496212073331e-01
2.922000000000000153e+00,2.849405404462771685e+00,4.625929269271485328e-18,2.782669267689205084e-01
2.923999999999999932e+00,2.849309969948039978e+00,0.000000000000000000e+00,2.783908273336107020e-01
2.926000000000000156e+00,2.849214557152659921e+00,2.775557561562891351e-17,2.785145516453513270e-01
2.927999999999999936e+00,2.849119166310828177e+00,9.251858538542970657e-18,2.786381000335149127e-01
2.930000000000000160e+00,2.849023797655537038e+00,4.625929269271485328e-18,2.787614728267755471e-01
2.931999999999999940e+00,2.848928451418164087e+00,1.387778780781445676e-17,2.788846703531064897e-01
2.934000000000000163e+00,2.848833127828706679e+00,4.625929269271485328e-18,2.790076929397843908e-01
2.935999999999999943e+00,2.848737827115744636e+00,2.775557561562891351e-17,2.791305409133906235e-01
2.938000000000000167e+00,2.848642549506422483e+00,9.251858538542970657e-18,2.792532145998130044e-01
2.939999999999999947e+00,2.848547295226500964e+00,2.775557561562891351e-17,2.793757143242444618e-01
2.942000000000000171e+00,2.848452064500314407e+00,0.000000000000000000e+00,2.794980404111874206e-01
2.943999999999999950e+00,2.848356857550852439e+00,4.625929269271485328e-18,2.796201931844561339e-01
2.946000000000000174e+00,2.848261674599692483e+00,1.850371707708594131e-17,2.797421729671749069e-01
2.947999999999999954e+00,2.848166515866886073e+00,2.312964634635742895e-17,2.798639800817790402e-01
2.950000000000000178e+00,2.848071381571434912e+00,1.387778780781445676e-17,2.799856148500211028e-01
2.951999999999999957e+00,2.847976271930608760e+00,2.312964634635742895e-17,2.801070775929679901e-01
2.954000000000000181e+00,2.847881187160595573e+00,0.000000000000000000e+00,2.802283686310043098e-01
2.955999999999999961e+00,2.847786127476119589e+00,4.625929269271485328e-18,2.803494882838331592e-01
2.958000000000000185e+00,2.847691093090475078e+00,4.625929269271485328e-18,2.804704368704755701e-01
2.959999999999999964e+00,2.847596084215798129e+00,4.625929269271485328e-18,2.805912147092781139e-01
2.962000000000000188e+00,2.847501101062798412e+00,4.625929269271485328e-18,2.807118221179081274e-01
2.963999999999999968e+00,2.847406143840794712e+00,1.387778780781445676e-17,2.808322594133556005e-01
2.966000000000000192e+00,2.847311212757944077e+00,4.625929269271485328e-18,2.809525269119387825e-01
2.967999999999999972e+00,2.847216308020835029e+00,2.312964634635742895e-17,2.810726249293010737e-01
2.970000000000000195e+00,2.847121429835169693e+00,3.238150488490040115e-17,2.811925537804154662e-01
2.971999999999999975e+00,2.847026578404946662e+00,4.625929269271485328e-18,2.813123137795849327e-01
2.974000000000000199e+00,2.846931753933013454e+00,3.238150488490040115e-17,2.814319052404430366e-01
2.975999999999999979e+00,2.846836956621027426e+00,9.251858538542970657e-18,2.815513284759572632e-01
2.978000000000000203e+00,2.846742186669208863e+00,0.000000000000000000e+00,2.816705837984275207e-01
2.979999999999999982e+00,2.846647444276612759e+00,1.850371707708594131e-17,2.817896715194903035e-01
2.982000000000000206e+00,2.846552729640968948e+00,4.625929269271485328e-18,2.819085919501186921e-01
2.983999999999999986e+00,2.846458042958799339e+00,9.251858538542970657e-18,2.820273454006248515e-01
2.986000000000000210e+00,2.846363384425419696e+00,0.000000000000000000e+00,2.821459321806600307e-01
2.987999999999999989e+00,2.846268754234728249e+00,3.238150488490040115e-17,2.822643525992153957e-01
2.990000000000000213e+00,2.846174152579534322e+00,9.251858538542970657e-18,2.823826069646276915e-01
2.991999999999999993e+00,2.846079579651284774e+00,1.387778780781445676e-17,2.825006955845738021e-01
2.994000000000000217e+00,2.845985035640378413e+00,4.625929269271485328e-18,2.826186187660785221e-01
2.995999999999999996e+00,2.845890520735901319e+00,1.850371707708594131e-17,2.827363768155127244e-01
2.998000000000000220e+00,2.845796035125623291e+00,1.387778780781445676e-17,2.828539700385945266e-01
3.000000000000000000e+00,2.845701578996226999e+00,4.625929269271485328e-18,2.829713987403936759e-01
