# delta,gap,coarse,fine
0.000000000000000000e+00,6.217248937900876626e-15,7.989395673837405842e-02,1.774609709220027198e-01
2.000000000000000042e-03,3.557637712453320944e-03,0.000000000000000000e+00,8.845885100419781377e-02
4.000000000000000083e-03,7.119432541783154988e-03,2.312964634635742664e-18,8.803297689515283964e-02
6.000000000000000125e-03,1.068537364283805857e-02,1.619075244245020058e-17,8.761132988308181768e-02
8.000000000000000167e-03,1.425545010418360903e-02,4.625929269271485328e-18,8.719397367304952684e-02
1.000000000000000021e-02,1.782965094852340115e-02,1.387778780781445676e-17,8.678097233229196961e-02
1.200000000000000025e-02,2.140796513264398016e-02,4.625929269271485328e-18,8.637239026729576219e-02
1.400000000000000029e-02,2.499038154768307152e-02,6.938893903907228378e-18,8.596829219949891909e-02
1.600000000000000033e-02,2.857688901938626458e-02,6.938893903907228378e-18,8.556874313957885114e-02
1.800000000000000211e-02,3.216747630809280167e-02,9.251858538542970657e-18,8.517380836030319369e-02
2.000000000000000042e-02,3.576213210911127760e-02,2.312964634635742664e-18,8.478355336791515429e-02
2.199999999999999872e-02,3.936084505282089196e-02,1.387778780781445676e-17,8.439804387203542202e-02
2.400000000000000050e-02,4.296360370480911683e-02,6.938893903907228378e-18,8.401734575405432615e-02
2.600000000000000228e-02,4.657039656620121093e-02,1.850371707708594131e-17,8.364152503400421046e-02
2.800000000000000058e-02,5.018121207374903747e-02,2.312964634635742664e-18,8.327064783589280261e-02
2.999999999999999889e-02,5.379603860000781168e-02,6.938893903907228378e-18,8.290478035148829417e-02
3.200000000000000067e-02,5.741486445358745527e-02,4.625929269271485328e-18,8.254398880255171822e-02
3.400000000000000244e-02,6.103767787932579125e-02,4.625929269271485328e-18,8.218833940151296091e-02
3.600000000000000422e-02,6.466446705850259491e-02,2.312964634635742664e-18,8.183789831058913000e-02
3.799999999999999906e-02,6.829522010900390683e-02,2.312964634635742664e-18,8.149273159935721544e-02
4.000000000000000083e-02,7.192992508556983466e-02,1.156482317317871448e-17,8.115290520078788372e-02
4.200000000000000261e-02,7.556856997996685976e-02,4.625929269271485328e-18,8.081848486575808621e-02
4.399999999999999745e-02,7.921114272117701915e-02,4.625929269271485328e-18,8.048953611606445013e-02
4.599999999999999922e-02,8.285763117566613545e-02,2.312964634635742664e-18,8.016612419596544359e-02
4.800000000000000100e-02,8.650802314756678157e-02,9.251858538542970657e-18,7.984831402228331765e-02
5.000000000000000278e-02,9.016230637880617849e-02,1.387778780781445676e-17,7.953617013310787520e-02
5.200000000000000455e-02,9.382046854943837388e-02,2.312964634635742664e-18,7.922975663514675304e-02
5.399999999999999939e-02,9.748249727777658080e-02,4.625929269271485328e-18,7.892913714977303763e-02
5.600000000000000117e-02,1.011483801207093691e-01,4.625929269271485328e-18,7.863437475783247033e-02
5.800000000000000294e-02,1.048181045737690553e-01,4.625929269271485328e-18,7.834553194327080472e-02
5.999999999999999778e-02,1.084916580714612167e-01,0.000000000000000000e+00,7.806267053565882352e-02
6.199999999999999956e-02,1.121690279874387741e-01,1.156482317317871448e-17,7.778585165169216165e-02
6.400000000000000133e-02,1.158502016347648933e-01,9.251858538542970657e-18,7.751513563575176957e-02
6.600000000000000311e-02,1.195351662660506520e-01,1.156482317317871448e-17,7.725058199962002436e-02
6.800000000000000488e-02,1.232239090737818898e-01,6.938893903907228378e-18,7.699224936145161735e-02
7.000000000000000666e-02,1.269164171904790805e-01,9.251858538542970657e-18,7.674019538410789543e-02
7.200000000000000844e-02,1.306126776889326990e-01,2.312964634635742664e-18,7.649447671296631668e-02
7.399999999999999634e-02,1.343126775824412533e-01,0.000000000000000000e+00,7.625514891332819956e-02
7.599999999999999811e-02,1.380164038250928371e-01,4.625929269271485328e-18,7.602226640754994325e-02
7.799999999999999989e-02,1.417238433118539476e-01,6.938893903907228378e-18,7.579588241203062682e-02
8.000000000000000167e-02,1.454349828789718302e-01,2.312964634635742664e-18,7.557604887419541728e-02
8.200000000000000344e-02,1.491498093040792838e-01,2.312964634635742664e-18,7.536281640961749184e-02
8.400000000000000522e-02,1.528683093064815424e-01,0.000000000000000000e+00,7.515623423942822956e-02
8.600000000000000699e-02,1.565904695474324981e-01,0.000000000000000000e+00,7.495635012816877218e-02
8.799999999999999489e-02,1.603162766302990150e-01,4.625929269271485328e-18,7.476321032223948171e-02
8.999999999999999667e-02,1.640457171008016246e-01,4.625929269271485328e-18,7.457685948910709739e-02
9.199999999999999845e-02,1.677787774474008842e-01,4.625929269271485328e-18,7.439734065743591751e-02
9.400000000000000022e-02,1.715154441012485265e-01,9.251858538542970657e-18,7.422469515830106002e-02
9.600000000000000200e-02,1.752557034367550060e-01,9.251858538542970657e-18,7.405896256766039687e-02
9.800000000000000377e-02,1.789995417716090387e-01,4.625929269271485328e-18,7.390018065024102356e-02
1.000000000000000056e-01,1.827469453670920174e-01,1.156482317317871448e-17,7.374838530501491574e-02
1.020000000000000073e-01,1.864979004283950914e-01,1.619075244245020058e-17,7.360361051242569896e-02
1.040000000000000091e-01,1.902523931047275241e-01,2.312964634635742664e-18,7.346588828353116385e-02
1.059999999999999970e-01,1.940104094896870635e-01,9.251858538542970657e-18,7.333524861122163452e-02
1.079999999999999988e-01,1.977719356214260316e-01,4.625929269271485328e-18,7.321171942367357688e-02
1.100000000000000006e-01,2.015369574829488641e-01,9.251858538542970657e-18,7.309532654018921494e-02
1.120000000000000023e-01,2.053054610024025450e-01,4.625929269271485328e-18,7.298609362957175772e-02
1.140000000000000041e-01,2.090774320531929575e-01,2.312964634635742664e-18,7.288404217117530615e-02
1.160000000000000059e-01,2.128528564543952228e-01,1.156482317317871448e-17,7.278919141876835641e-02
1.180000000000000077e-01,2.166317199708913677e-01,2.312964634635742895e-17,7.270155836733348254e-02
1.199999999999999956e-01,2.204140083137033912e-01,4.625929269271485328e-18,7.262115772292333793e-02
1.219999999999999973e-01,2.241997071402250796e-01,1.850371707708594131e-17,7.254800187568431757e-02
1.239999999999999991e-01,2.279888020544857952e-01,9.251858538542970657e-18,7.248210087614237462e-02
1.260000000000000009e-01,2.317812786073316644e-01,0.000000000000000000e+00,7.242346241484588776e-02
1.280000000000000027e-01,2.355771222968394696e-01,0.000000000000000000e+00,7.237209180543699438e-02
1.300000000000000044e-01,2.393763185684667505e-01,4.625929269271485328e-18,7.232799197122355417e-02
1.320000000000000062e-01,2.431788528152871720e-01,4.625929269271485328e-18,7.229116343529951028e-02
1.340000000000000080e-01,2.469847103783546771e-01,1.387778780781445676e-17,7.226160431426238706e-02
1.360000000000000098e-01,2.507938765469202025e-01,1.156482317317871448e-17,7.223931031555019810e-02
1.380000000000000115e-01,2.546063365587087901e-01,1.156482317317871448e-17,7.222427473841865064e-02
1.400000000000000133e-01,2.584220756000865649e-01,6.938893903907228378e-18,7.221648847855810516e-02
1.420000000000000151e-01,2.622410788064604148e-01,1.850371707708594131e-17,7.221594003634472514e-02
1.440000000000000169e-01,2.660633312625488855e-01,1.387778780781445676e-17,7.222261552869869983e-02
1.459999999999999909e-01,2.698888180024745509e-01,1.619075244245020058e-17,7.223649870451519239e-02
1.479999999999999927e-01,2.737175240102498464e-01,1.850371707708594131e-17,7.225757096362100951e-02
1.499999999999999944e-01,2.775494342199191777e-01,2.312964634635742664e-18,7.228581137919423694e-02
1.519999999999999962e-01,2.813845335158129402e-01,9.251858538542970657e-18,7.232119672357442686e-02
1.539999999999999980e-01,2.852228067329773964e-01,6.938893903907228378e-18,7.236370149738127755e-02
1.559999999999999998e-01,2.890642386571702360e-01,4.625929269271485328e-18,7.241329796184114986e-02
1.580000000000000016e-01,2.929088140254512140e-01,2.312964634635742664e-18,7.246995617422344327e-02
1.600000000000000033e-01,2.967565175261626109e-01,2.312964634635742664e-18,7.253364402626293062e-02
1.620000000000000051e-01,3.006073337993822037e-01,2.312964634635742664e-18,7.260432728545042347e-02
1.640000000000000069e-01,3.044612474372536681e-01,2.312964634635742664e-18,7.268196963905447505e-02
1.660000000000000087e-01,3.083182429840167771e-01,0.000000000000000000e+00,7.276653274073288657e-02
1.680000000000000104e-01,3.121783049364683649e-01,1.156482317317871448e-17,7.285797625959211654e-02
1.700000000000000122e-01,3.160414177442021355e-01,1.156482317317871448e-17,7.295625793153466543e-02
1.720000000000000140e-01,3.199075658099141961e-01,1.387778780781445676e-17,7.306133361273967064e-02
1.740000000000000158e-01,3.237767334895487181e-01,1.850371707708594131e-17,7.317315733511364773e-02
1.759999999999999898e-01,3.276489050927473556e-01,9.251858538542970657e-18,7.329168136354453911e-02
1.779999999999999916e-01,3.315240648830295456e-01,1.387778780781445676e-17,7.341685625479052457e-02
1.799999999999999933e-01,3.354021970780678430e-01,6.938893903907228378e-18,7.354863091783588047e-02
1.819999999999999951e-01,3.392832858500289817e-01,4.625929269271485328e-18,7.368695267553830586e-02
1.839999999999999969e-01,3.431673153257177589e-01,2.775557561562891351e-17,7.383176732740144577e-02
1.859999999999999987e-01,3.470542695871312588e-01,4.625929269271485328e-18,7.398301921330090181e-02
1.880000000000000004e-01,3.509441326713735876e-01,6.938893903907228378e-18,7.414065127799315813e-02
1.900000000000000022e-01,3.548368885711594700e-01,1.156482317317871448e-17,7.430460513624513597e-02
1.920000000000000040e-01,3.587325212351926140e-01,9.251858538542970657e-18,7.447482113841845386e-02
1.940000000000000058e-01,3.626310145681257424e-01,6.938893903907228378e-18,7.465123843634845213e-02
1.960000000000000075e-01,3.665323524311494552e-01,6.938893903907228378e-18,7.483379504936583937e-02
1.980000000000000093e-01,3.704365186420828238e-01,6.938893903907228378e-18,7.502242793030507173e-02
2.000000000000000111e-01,3.743434969757908348e-01,2.312964634635742664e-18,7.521707303136075662e-02
2.020000000000000129e-01,3.782532711643415979e-01,4.625929269271485328e-18,7.541766536964439327e-02
2.040000000000000147e-01,3.821658248974726391e-01,4.625929269271485328e-18,7.562413909231538445e-02
2.060000000000000164e-01,3.860811418225607028e-01,6.938893903907228378e-18,7.583642754115277329e-02
2.080000000000000182e-01,3.899992055452248252e-01,1.156482317317871448e-17,7.605446331645177027e-02
2.099999999999999922e-01,3.939199996294595607e-01,1.387778780781445676e-17,7.627817834012655396e-02
2.119999999999999940e-01,3.978435075979671609e-01,2.312964634635742664e-18,7.650750391791702465e-02
2.139999999999999958e-01,4.017697129323583027e-01,0.000000000000000000e+00,7.674237080059634342e-02
2.159999999999999976e-01,4.056985990735206826e-01,2.312964634635742664e-18,7.698270924408853744e-02
2.179999999999999993e-01,4.096301494219165562e-01,1.156482317317871448e-17,7.722844906841112855e-02
2.200000000000000011e-01,4.135643473377790258e-01,4.625929269271485328e-18,7.747951971536312654e-02
2.220000000000000029e-01,4.175011761414655354e-01,2.081668171172168513e-17,7.773585030489027492e-02
2.240000000000000047e-01,4.214406191138015956e-01,4.625929269271485328e-18,7.799736969006247633e-02
2.260000000000000064e-01,4.253826594961616081e-01,1.156482317317871448e-17,7.826400651060562430e-02
2.280000000000000082e-01,4.293272804909671336e-01,6.938893903907228378e-18,7.853568924494166992e-02
2.300000000000000100e-01,4.332744652618858439e-01,9.251858538542970657e-18,7.881234626069232030e-02
2.320000000000000118e-01,4.372241969341255086e-01,6.938893903907228378e-18,7.909390586360723341e-02
2.340000000000000135e-01,4.411764585947359762e-01,0.000000000000000000e+00,7.938029634489197905e-02
2.360000000000000153e-01,4.451312332928338833e-01,2.312964634635742664e-18,7.967144602690712230e-02
2.380000000000000171e-01,4.490885040399632544e-01,4.625929269271485328e-18,7.996728330722238653e-02
2.399999999999999911e-01,4.530482538103521861e-01,9.251858538542970657e-18,8.026773670101330915e-02
2.419999999999999929e-01,4.570104655412503547e-01,1.387778780781445676e-17,8.057273488179172993e-02
2.439999999999999947e-01,4.609751221330675719e-01,2.312964634635742664e-18,8.088220672046829429e-02
2.459999999999999964e-01,4.649422064498498486e-01,9.251858538542970657e-18,8.119608132274966361e-02
2.479999999999999982e-01,4.689117013194659123e-01,1.387778780781445676e-17,8.151428806487616419e-02
2.500000000000000000e-01,4.728835895338807660e-01,6.938893903907228378e-18,8.183675662771085213e-02
2.520000000000000018e-01,4.768578538494612218e-01,2.312964634635742664e-18,8.216341702919474632e-02
2.540000000000000036e-01,4.808344769873711400e-01,2.312964634635742664e-18,8.249419965518628439e-02
2.560000000000000053e-01,4.848134416336238317e-01,6.938893903907228378e-18,8.282903528870479148e-02
2.580000000000000071e-01,4.887947304395829917e-01,9.251858538542970657e-18,8.316785513760545367e-02
2.600000000000000089e-01,4.927783260222025064e-01,9.251858538542970657e-18,8.351059086070888871e-02
2.620000000000000107e-01,4.967642109642387283e-01,2.312964634635742895e-17,8.385717459241612270e-02
2.640000000000000124e-01,5.007523678145426871e-01,6.938893903907228378e-18,8.420753896584175224e-02
2.660000000000000142e-01,5.047427790885326004e-01,2.081668171172168513e-17,8.456161713449733552e-02
2.680000000000000160e-01,5.087354272682009793e-01,6.938893903907228378e-18,8.491934279255625162e-02
2.700000000000000178e-01,5.127302948025720397e-01,9.251858538542970657e-18,8.528065019374671263e-02
2.720000000000000195e-01,5.167273641080374347e-01,6.938893903907228378e-18,8.564547416889795040e-02
2.740000000000000213e-01,5.207266175684939213e-01,6.938893903907228378e-18,8.601375014218588799e-02
2.760000000000000231e-01,5.247280375356844218e-01,1.619075244245020058e-17,8.638541414611883296e-02
2.780000000000000249e-01,5.287316063295852686e-01,9.251858538542970657e-18,8.676040283529563857e-02
2.800000000000000266e-01,5.327373062385385438e-01,4.625929269271485328e-18,8.713865349898422541e-02
2.820000000000000284e-01,5.367451195196029090e-01,2.312964634635742664e-18,8.752010407255872426e-02
2.840000000000000302e-01,5.407550283989559503e-01,1.850371707708594131e-17,8.790469314783547206e-02
2.860000000000000320e-01,5.447670150719527982e-01,9.251858538542970657e-18,8.829235998234843952e-02
2.880000000000000338e-01,5.487810617035719929e-01,1.156482317317871448e-17,8.868304450760676472e-02
2.899999999999999800e-01,5.527971504287458870e-01,2.312964634635742664e-18,8.907668733637570668e-02
2.919999999999999818e-01,5.568152633524459105e-01,2.312964634635742664e-18,8.947322976901488090e-02
2.939999999999999836e-01,5.608353825501728451e-01,9.251858538542970657e-18,8.987261379892391711e-02
2.959999999999999853e-01,5.648574900681131439e-01,1.619075244245020058e-17,9.027478211712501588e-02
2.979999999999999871e-01,5.688815679235741385e-01,1.156482317317871448e-17,9.067967811602926920e-02
2.999999999999999889e-01,5.729075981050204547e-01,1.850371707708594131e-17,9.108724589241459779e-02
3.019999999999999907e-01,5.769355625725998138e-01,9.251858538542970657e-18,9.149743024966654203e-02
3.039999999999999925e-01,5.809654432583739592e-01,1.387778780781445676e-17,9.191017669930616474e-02
3.059999999999999942e-01,5.849972220664696465e-01,2.312964634635742664e-18,9.232543146184353511e-02
3.079999999999999960e-01,5.890308808735547075e-01,4.625929269271485328e-18,9.274314146699959294e-02
3.099999999999999978e-01,5.930664015290281199e-01,4.625929269271485328e-18,9.316325435331732074e-02
3.119999999999999996e-01,5.971037658551958671e-01,2.312964634635742664e-18,9.358571846720478704e-02
3.140000000000000013e-01,6.011429556478491421e-01,6.938893903907228378e-18,9.401048286144199351e-02
3.160000000000000031e-01,6.051839526762412547e-01,1.619075244245020058e-17,9.443749729317237052e-02
3.180000000000000049e-01,6.092267386835370502e-01,1.850371707708594131e-17,9.486671222142432913e-02
3.200000000000000067e-01,6.132712953870997907e-01,2.312964634635742664e-18,9.529807880417733024e-02
3.220000000000000084e-01,6.173176044786776728e-01,1.387778780781445676e-17,9.573154889501094000e-02
3.240000000000000102e-01,6.213656476248674565e-01,2.312964634635742664e-18,9.616707503936001988e-02
3.260000000000000120e-01,6.254154064671437752e-01,9.251858538542970657e-18,9.660461047039771432e-02
3.280000000000000138e-01,6.294668626223067776e-01,6.938893903907228378e-18,9.704410910458075024e-02
3.300000000000000155e-01,6.335199976828302937e-01,1.156482317317871448e-17,9.748552553687564459e-02
3.320000000000000173e-01,6.375747932169861798e-01,2.312964634635742664e-18,9.792881503568537371e-02
3.340000000000000191e-01,6.416312307692146888e-01,4.625929269271485328e-18,9.837393353750656377e-02
3.360000000000000209e-01,6.456892918603776010e-01,6.938893903907228378e-18,9.882083764133237080e-02
3.380000000000000226e-01,6.497489579880717514e-01,2.312964634635742664e-18,9.926948460282723763e-02
3.400000000000000244e-01,6.538102106268883773e-01,1.156482317317871448e-17,9.971983232828354748e-02
3.420000000000000262e-01,6.578730312286733550e-01,1.387778780781445676e-17,1.001718393683893316e-01
3.440000000000000280e-01,6.619374012228895765e-01,9.251858538542970657e-18,1.006254649118184658e-01
3.460000000000000298e-01,6.660033020168238949e-01,0.000000000000000000e+00,1.010806687786621749e-01
3.480000000000000315e-01,6.700707149958464726e-01,2.312964634635742664e-18,1.015374114137151257e-01
3.500000000000000333e-01,6.741396215238344425e-01,4.625929269271485328e-18,1.019956538796368828e-01
3.519999999999999796e-01,6.782100029432696076e-01,2.312964634635742664e-18,1.024553578499985962e-01
3.539999999999999813e-01,6.822818405756478910e-01,4.625929269271485328e-18,1.029164856022295876e-01
3.559999999999999831e-01,6.863551157217138154e-01,2.775557561562891351e-17,1.033790000104784224e-01
3.579999999999999849e-01,6.904298096617136338e-01,1.619075244245020058e-17,1.038428645383984300e-01
3.599999999999999867e-01,6.945059036557728049e-01,1.850371707708594131e-17,1.043080432318731210e-01
3.619999999999999885e-01,6.985833789440931696e-01,1.156482317317871448e-17,1.047745007116882843e-01
3.639999999999999902e-01,7.026622167471980873e-01,0.000000000000000000e+00,1.052422021661610918e-01
3.659999999999999920e-01,7.067423982663179061e-01,2.312964634635742664e-18,1.057111133437436817e-01
3.679999999999999938e-01,7.108239046836066777e-01,4.625929269271485328e-18,1.061812005455985003e-01
3.699999999999999956e-01,7.149067171624237105e-01,4.625929269271485328e-18,1.066524306181649839e-01
3.719999999999999973e-01,7.189908168476515371e-01,2.775557561562891351e-17,1.071247709457177760e-01
3.739999999999999991e-01,7.230761848658637803e-01,4.625929269271485328e-18,1.075981894429287322e-01
3.760000000000000009e-01,7.271628023258305262e-01,6.938893903907228378e-18,1.080726545474396810e-01
3.780000000000000027e-01,7.312506503184641460e-01,1.619075244245020058e-17,1.085481352124486321e-01
3.800000000000000044e-01,7.353397099174738827e-01,1.387778780781445676e-17,1.090246008993223797e-01
3.820000000000000062e-01,7.394299621793090083e-01,9.251858538542970657e-18,1.095020215702342398e-01
3.840000000000000080e-01,7.435213881436277816e-01,9.251858538542970657e-18,1.099803676808353697e-01
3.860000000000000098e-01,7.476139688335701194e-01,2.312964634635742664e-18,1.104596101729695967e-01
3.880000000000000115e-01,7.517076852558526312e-01,4.625929269271485328e-18,1.109397204674238829e-01
3.900000000000000133e-01,7.558025184014498521e-01,0.000000000000000000e+00,1.114206704567369116e-01
3.920000000000000151e-01,7.598984492453189077e-01,1.850371707708594131e-17,1.119024324980474466e-01
3.940000000000000169e-01,7.639954587471295966e-01,2.775557561562891351e-17,1.123849794060093887e-01
3.960000000000000187e-01,7.680935278513265629e-01,6.938893903907228378e-18,1.128682844457584156e-01
3.980000000000000204e-01,7.721926374874694687e-01,4.625929269271485328e-18,1.133523213259423207e-01
4.000000000000000222e-01,7.762927685704967828e-01,2.312964634635742664e-18,1.138370641918193260e-01
4.020000000000000240e-01,7.803939020009167393e-01,9.251858538542970657e-18,1.143224876184168737e-01
4.040000000000000258e-01,7.844960186653047174e-01,4.625929269271485328e-18,1.148085666037672453e-01
4.060000000000000275e-01,7.885990994363005768e-01,6.938893903907228378e-18,1.152952765622107106e-01
4.080000000000000293e-01,7.927031251731175843e-01,4.625929269271485328e-18,1.157825933177723948e-01
4.100000000000000311e-01,7.968080767216383364e-01,1.387778780781445676e-17,1.162704930976156403e-01
4.120000000000000329e-01,8.009139349148535203e-01,2.312964634635742664e-18,1.167589525255719740e-01
4.140000000000000346e-01,8.050206805729294146e-01,2.312964634635742664e-18,1.172479486157468886e-01
4.160000000000000364e-01,8.091282945037692187e-01,2.312964634635742895e-17,1.177374587662086969e-01
4.179999999999999827e-01,8.132367575029615381e-01,4.625929269271485328e-18,1.182274607527521032e-01
4.199999999999999845e-01,8.173460503542990807e-01,2.312964634635742664e-18,1.187179327227478320e-01
4.219999999999999862e-01,8.214561538299367527e-01,6.938893903907228378e-18,1.192088531890703462e-01
4.239999999999999880e-01,8.255670486907638050e-01,9.251858538542970657e-18,1.197002010241090264e-01
4.259999999999999898e-01,8.296787156864295909e-01,2.312964634635742664e-18,1.201919554538592033e-01
4.279999999999999916e-01,8.337911355560043702e-01,9.251858538542970657e-18,1.206840960521019523e-01
4.299999999999999933e-01,8.379042890279144729e-01,9.251858538542970657e-18,1.211766027346587449e-01
4.319999999999999951e-01,8.420181568203970457e-01,0.000000000000000000e+00,1.216694557537351257e-01
4.339999999999999969e-01,8.461327196416208452e-01,2.312964634635742664e-18,1.221626356923453949e-01
4.359999999999999987e-01,8.502479581901960515e-01,2.544261098099316969e-17,1.226561234588183086e-01
4.380000000000000004e-01,8.543638531551565052e-01,4.625929269271485328e-18,1.231499002813883359e-01
4.400000000000000022e-01,8.584803852165094895e-01,1.387778780781445676e-17,1.236439477028671158e-01
4.420000000000000040e-01,8.625975350452330659e-01,2.312964634635742664e-18,1.241382475753980835e-01
4.440000000000000058e-01,8.667152833038009874e-01,4.625929269271485328e-18,1.246327820552914772e-01
4.460000000000000075e-01,8.708336106463141491e-01,0.000000000000000000e+00,1.251275335979428749e-01
4.480000000000000093e-01,8.749524977187839170e-01,0.000000000000000000e+00,1.256224849528280729e-01
4.500000000000000111e-01,8.790719251593888117e-01,4.625929269271485328e-18,1.261176191585825501e-01
4.520000000000000129e-01,8.831918735988075753e-01,2.312964634635742664e-18,1.266129195381578143e-01
4.540000000000000147e-01,8.873123236604563147e-01,1.619075244245020058e-17,1.271083696940560892e-01
4.560000000000000164e-01,8.914332559606981121e-01,2.312964634635742895e-17,1.276039535036454231e-01
4.580000000000000182e-01,8.955546511092844497e-01,2.312964634635742664e-18,1.280996551145494600e-01
4.600000000000000200e-01,8.996764897093774138e-01,3.700743415417188263e-17,1.285954589401144543e-01
4.620000000000000218e-01,9.037987523580595095e-01,0.000000000000000000e+00,1.290913496549540018e-01
4.640000000000000235e-01,9.079214196464144848e-01,1.387778780781445676e-17,1.295873121905649905e-01
4.660000000000000253e-01,9.120444721599110238e-01,0.000000000000000000e+00,1.300833317310198523e-01
4.680000000000000271e-01,9.161678904786612065e-01,0.000000000000000000e+00,1.305793937087337264e-01
4.700000000000000289e-01,9.202916551775910392e-01,6.938893903907228378e-18,1.310754838002987643e-01
4.720000000000000306e-01,9.244157468269467159e-01,1.156482317317871448e-17,1.315715879223955664e-01
4.740000000000000324e-01,9.285401459921702738e-01,3.006854025026465425e-17,1.320676922277692900e-01
4.760000000000000342e-01,9.326648332345452985e-01,0.000000000000000000e+00,1.325637831012810297e-01
4.780000000000000360e-01,9.367897891113479147e-01,4.625929269271485328e-18,1.330598471560242857e-01
4.799999999999999822e-01,9.409149941759489266e-01,9.251858538542970657e-18,1.335558712295074335e-01
4.819999999999999840e-01,9.450404289783556067e-01,6.938893903907228378e-18,1.340518423799083592e-01
4.839999999999999858e-01,9.491660740652365646e-01,1.619075244245020058e-17,1.345477478823891571e-01
4.859999999999999876e-01,9.532919099803551788e-01,1.156482317317871448e-17,1.350435752254786348e-01
4.879999999999999893e-01,9.574179172647943048e-01,1.156482317317871448e-17,1.355393121075185170e-01
4.899999999999999911e-01,9.615440764571392407e-01,2.312964634635742664e-18,1.360349464331703506e-01
4.919999999999999929e-01,9.656703680938116818e-01,4.625929269271485328e-18,1.365304663099851656e-01
4.939999999999999947e-01,9.697967727094525259e-01,2.312964634635742895e-17,1.370258600450378339e-01
4.959999999999999964e-01,9.739232708369307545e-01,2.312964634635742664e-18,1.375211161416134142e-01
4.979999999999999982e-01,9.780498430078274907e-01,1.387778780781445676e-17,1.380162232959581958e-01
5.000000000000000000e-01,9.821764697526775834e-01,1.387778780781445676e-17,1.385111703940900829e-01
5.020000000000000018e-01,9.863031316010850702e-01,1.387778780781445676e-17,1.390059465086585233e-01
5.040000000000000036e-01,9.904298090821326284e-01,4.625929269271485328e-18,1.395005408958705506e-01
5.060000000000000053e-01,9.945564827246586859e-01,1.387778780781445676e-17,1.399949429924603195e-01
5.080000000000000071e-01,9.986831330573835430e-01,9.251858538542970657e-18,1.404891424127233390e-01
5.100000000000000089e-01,1.002809740609394318e+00,6.938893903907228378e-18,1.409831289456008330e-01
5.120000000000000107e-01,1.006936285910128070e+00,9.251858538542970657e-18,1.414768925518111453e-01
5.140000000000000124e-01,1.011062749489975765e+00,0.000000000000000000e+00,1.419704233610395161e-01
5.160000000000000142e-01,1.015189111880248518e+00,9.251858538542970657e-18,1.424637116691762906e-01
5.180000000000000160e-01,1.019315353613553299e+00,2.312964634635742664e-18,1.429567479355996762e-01
5.200000000000000178e-01,1.023441455224126884e+00,2.312964634635742664e-18,1.434495227805190065e-01
5.220000000000000195e-01,1.027567397248065006e+00,2.081668171172168513e-17,1.439420269823517562e-01
5.240000000000000213e-01,1.031693160223517758e+00,9.251858538542970657e-18,1.444342514751591477e-01
5.260000000000000231e-01,1.035818724691026205e+00,1.619075244245020058e-17,1.449261873461201999e-01
5.280000000000000249e-01,1.039944071193801278e+00,6.938893903907228378e-18,1.454178258330570961e-01
5.300000000000000266e-01,1.044069180277896969e+00,4.625929269271485328e-18,1.459091583219994381e-01
5.320000000000000284e-01,1.048194032492625105e+00,4.625929269271485328e-18,1.464001763447977944e-01
5.340000000000000302e-01,1.052318608390674370e+00,1.619075244245020058e-17,1.468908715767746065e-01
5.360000000000000320e-01,1.056442888528454915e+00,9.251858538542970657e-18,1.473812358344241125e-01
5.380000000000000338e-01,1.060566853466349713e+00,0.000000000000000000e+00,1.478712610731441335e-01
5.400000000000000355e-01,1.064690483768996998e+00,4.625929269271485328e-18,1.483609393850182367e-01
5.420000000000000373e-01,1.068813760005520308e+00,4.625929269271485328e-18,1.488502629966329260e-01
5.440000000000000391e-01,1.072936662749837566e+00,0.000000000000000000e+00,1.493392242669323022e-01
5.460000000000000409e-01,1.077059172580899116e+00,2.312964634635742895e-17,1.498278156851140519e-01
5.480000000000000426e-01,1.081181270082959500e+00,0.000000000000000000e+00,1.503160298685639884e-01
5.500000000000000444e-01,1.085302935845845695e+00,6.938893903907228378e-18,1.508038595608227339e-01
5.520000000000000462e-01,1.089424150465183594e+00,2.312964634635742664e-18,1.512912976295936462e-01
5.540000000000000480e-01,1.093544894542786139e+00,4.625929269271485328e-18,1.517783370647843022e-01
5.560000000000000497e-01,1.097665148686788328e+00,2.312964634635742664e-18,1.522649709765812598e-01
5.580000000000000515e-01,1.101784893511954522e+00,1.156482317317871448e-17,1.527511925935616521e-01
5.600000000000000533e-01,1.105904109640013289e+00,1.619075244245020058e-17,1.532369952608378105e-01
5.620000000000000551e-01,1.110022777699752439e+00,4.625929269271485328e-18,1.537223724382323908e-01
5.640000000000000568e-01,1.114140878327549267e+00,1.619075244245020058e-17,1.542073176984914973e-01
5.660000000000000586e-01,1.118258392167362558e+00,1.156482317317871448e-17,1.546918247255185674e-01
5.680000000000000604e-01,1.122375299871193555e+00,1.387778780781445676e-17,1.551758873126539151e-01
5.700000000000000622e-01,1.126491582099278688e+00,1.850371707708594131e-17,1.556594993609734801e-01
5.720000000000000639e-01,1.130607219520300077e+00,6.938893903907228378e-18,1.561426548776198020e-01
5.740000000000000657e-01,1.134722192811806529e+00,6.938893903907228378e-18,1.566253479741676613e-01
5.760000000000000675e-01,1.138836482660362748e+00,0.000000000000000000e+00,1.571075728650103143e-01
5.779999999999999583e-01,1.142950069761790033e+00,9.251858538542970657e-18,1.575893238657808670e-01
5.799999999999999600e-01,1.147062934821544644e+00,0.000000000000000000e+00,1.580705953917968531e-01
5.819999999999999618e-01,1.151175058554883002e+00,2.312964634635742895e-17,1.585513819565346483e-01
5.839999999999999636e-01,1.155286421687239162e+00,4.625929269271485328e-18,1.590316781701281157e-01
5.859999999999999654e-01,1.159397004954380250e+00,9.251858538542970657e-18,1.595114787378964227e-01
5.879999999999999671e-01,1.163506789102726202e+00,6.938893903907228378e-18,1.599907784588923687e-01
5.899999999999999689e-01,1.167615754889622437e+00,6.938893903907228378e-18,1.604695722244819100e-01
5.919999999999999707e-01,1.171723883083581441e+00,2.544261098099316969e-17,1.609478550169453348e-01
5.939999999999999725e-01,1.175831154464614059e+00,0.000000000000000000e+00,1.614256219080991983e-01
5.959999999999999742e-01,1.179937549824383147e+00,6.938893903907228378e-18,1.619028680579489843e-01
5.979999999999999760e-01,1.184043049966618355e+00,9.251858538542970657e-18,1.623795887133607507e-01
5.999999999999999778e-01,1.188147635707229810e+00,1.156482317317871448e-17,1.628557792067529542e-01
6.019999999999999796e-01,1.192251287874745103e+00,2.775557561562891351e-17,1.633314349548165845e-01
6.039999999999999813e-01,1.196353987310385669e+00,0.000000000000000000e+00,1.638065514572528969e-01
6.059999999999999831e-01,1.200455714868543744e+00,1.156482317317871448e-17,1.642811242955362627e-01
6.079999999999999849e-01,1.204556451416840090e+00,1.850371707708594131e-17,1.647551491316912586e-01
6.099999999999999867e-01,1.208656177836570755e+00,1.156482317317871448e-17,1.652286217070992325e-01
6.119999999999999885e-01,1.212754875022877599e+00,1.387778780781445676e-17,1.657015378413171647e-01
6.139999999999999902e-01,1.216852523885032511e+00,2.312964634635742664e-18,1.661738934309234528e-01
6.159999999999999920e-01,1.220949105346801566e+00,9.251858538542970657e-18,1.666456844483773514e-01
6.179999999999999938e-01,1.225044600346485879e+00,4.625929269271485328e-18,1.671169069408985630e-01
6.199999999999999956e-01,1.229138989837474938e+00,4.625929269271485328e-18,1.675875570293718364e-01
6.219999999999999973e-01,1.233232254788248383e+00,1.156482317317871448e-17,1.680576309072575880e-01
6.239999999999999991e-01,1.237324376182940000e+00,2.312964634635742664e-18,1.685271248395363297e-01
6.260000000000000009e-01,1.241415335021284427e+00,0.000000000000000000e+00,1.689960351616545120e-01
6.280000000000000027e-01,1.245505112319169605e+00,9.251858538542970657e-18,1.694643582785001490e-01
6.300000000000000044e-01,1.249593689108658090e+00,9.251858538542970657e-18,1.699320906633885464e-01
6.320000000000000062e-01,1.253681046438535063e+00,9.251858538542970657e-18,1.703992288570695401e-01
6.340000000000000080e-01,1.257767165374349183e+00,1.619075244245020058e-17,1.708657694667458649e-01
6.360000000000000098e-01,1.261852026998720788e+00,6.938893903907228378e-18,1.713317091651104518e-01
6.380000000000000115e-01,1.265935612411749567e+00,1.387778780781445676e-17,1.717970446894019898e-01
6.400000000000000133e-01,1.270017902731138015e+00,6.938893903907228378e-18,1.722617728404688964e-01
6.420000000000000151e-01,1.274098879092490755e+00,9.251858538542970657e-18,1.727258904818567142e-01
6.440000000000000169e-01,1.278178522649716875e+00,2.312964634635742895e-17,1.731893945389050837e-01
6.460000000000000187e-01,1.282256814575096548e+00,9.251858538542970657e-18,1.736522819978583432e-01
6.480000000000000204e-01,1.286333736059678046e+00,6.938893903907228378e-18,1.741145499049965850e-01
6.500000000000000222e-01,1.290409268313542412e+00,1.619075244245020058e-17,1.745761953657738175e-01
6.520000000000000240e-01,1.294483392566029067e+00,4.625929269271485328e-18,1.750372155439751942e-01
6.540000000000000258e-01,1.298556090066139035e+00,3.006854025026465425e-17,1.754976076608849300e-01
6.560000000000000275e-01,1.302627342082547379e+00,4.625929269271485328e-18,1.759573689944656516e-01
6.580000000000000293e-01,1.306697129904168975e+00,2.544261098099316969e-17,1.764164968785588428e-01
6.600000000000000311e-01,1.310765434840214461e+00,1.387778780781445676e-17,1.768749887020854838e-01
6.620000000000000329e-01,1.314832238220578375e+00,0.000000000000000000e+00,1.773328419082717267e-01
6.640000000000000346e-01,1.318897521396110051e+00,1.156482317317871448e-17,1.777900539938809532e-01
6.660000000000000364e-01,1.322961265738842762e+00,4.625929269271485328e-18,1.782466225084549938e-01
6.680000000000000382e-01,1.327023452642208667e+00,1.850371707708594131e-17,1.787025450535716375e-01
6.700000000000000400e-01,1.331084063521471350e+00,2.312964634635742664e-18,1.791578192821160764e-01
6.720000000000000417e-01,1.335143079813905231e+00,1.619075244245020058e-17,1.796124428975554577e-01
6.740000000000000435e-01,1.339200482979046036e+00,9.251858538542970657e-18,1.800664136532350856e-01
6.760000000000000453e-01,1.343256254498976787e+00,0.000000000000000000e+00,1.805197293516741242e-01
6.780000000000000471e-01,1.347310375878760347e+00,9.251858538542970657e-18,1.809723878438832256e-01
6.800000000000000488e-01,1.351362828646342606e+00,4.625929269271485328e-18,1.814243870286837146e-01
6.820000000000000506e-01,1.355413594353278128e+00,1.156482317317871448e-17,1.818757248520455894e-01
6.840000000000000524e-01,1.359462654574654650e+00,4.625929269271485328e-18,1.823263993064271615e-01
6.860000000000000542e-01,1.363509990909578029e+00,2.081668171172168513e-17,1.827764084301302938e-01
6.880000000000000560e-01,1.367555584981302808e+00,1.619075244245020058e-17,1.832257503066651305e-01
6.900000000000000577e-01,1.371599418437620344e+00,1.850371707708594131e-17,1.836744230641232933e-01
6.920000000000000595e-01,1.375641472951095956e+00,2.081668171172168513e-17,1.841224248745583769e-01
6.940000000000000613e-01,1.379681730219265212e+00,2.312964634635742664e-18,1.845697539533820708e-01
6.960000000000000631e-01,1.383720171965073575e+00,4.625929269271485328e-18,1.850164085587618357e-01
6.980000000000000648e-01,1.387756779937002527e+00,1.619075244245020058e-17,1.854623869910341782e-01
7.000000000000000666e-01,1.391791535909391087e+00,6.938893903907228378e-18,1.859076875921214234e-01
7.020000000000000684e-01,1.395824421682737793e+00,1.387778780781445676e-17,1.863523087449625582e-01
7.039999999999999591e-01,1.399855419083993802e+00,4.625929269271485328e-18,1.867962488729466020e-01
7.059999999999999609e-01,1.403884509966784933e+00,1.619075244245020058e-17,1.872395064393596598e-01
7.079999999999999627e-01,1.407911676211652363e+00,1.850371707708594131e-17,1.876820799468372492e-01
7.099999999999999645e-01,1.411936899726462080e+00,2.312964634635742664e-18,1.881239679368256479e-01
7.119999999999999662e-01,1.415960162446575410e+00,2.312964634635742664e-18,1.885651689890498195e-01
7.139999999999999680e-01,1.419981446335148334e+00,2.312964634635742664e-18,1.890056817209929130e-01
7.159999999999999698e-01,1.424000733383432582e+00,6.938893903907228378e-18,1.894455047873781495e-01
7.179999999999999716e-01,1.428018005610987018e+00,1.387778780781445676e-17,1.898846368796617834e-01
7.199999999999999734e-01,1.432033245066110183e+00,0.000000000000000000e+00,1.903230767255357780e-01
7.219999999999999751e-01,1.436046433825847402e+00,4.625929269271485328e-18,1.907608230884279554e-01
7.239999999999999769e-01,1.440057553996528128e+00,1.156482317317871448e-17,1.911978747670217416e-01
7.259999999999999787e-01,1.444066587713992433e+00,1.619075244245020058e-17,1.916342305947762448e-01
7.279999999999999805e-01,1.448073517143676270e+00,1.387778780781445676e-17,1.920698894394503031e-01
7.299999999999999822e-01,1.452078324481133720e+00,2.312964634635742664e-18,1.925048502026424357e-01
7.319999999999999840e-01,1.456080991952209303e+00,9.251858538542970657e-18,1.929391118193290455e-01
7.339999999999999858e-01,1.460081501813316862e+00,1.387778780781445676e-17,1.933726732574130580e-01
7.359999999999999876e-01,1.464079836351620756e+00,1.156482317317871448e-17,1.938055335172774729e-01
7.379999999999999893e-01,1.468075977885515471e+00,3.006854025026465425e-17,1.942376916313468815e-01
7.399999999999999911e-01,1.472069908764785495e+00,1.850371707708594131e-17,1.946691466636559786e-01
7.419999999999999929e-01,1.476061611370864668e+00,1.850371707708594131e-17,1.950998977094179909e-01
7.439999999999999947e-01,1.480051068117163027e+00,2.312964634635742664e-18,1.955299438946097867e-01
7.459999999999999964e-01,1.484038261449266649e+00,0.000000000000000000e+00,1.959592843755506852e-01
7.479999999999999982e-01,1.488023173845366642e+00,4.625929269271485328e-18,1.963879183384994731e-01
7.500000000000000000e-01,1.492005787816357731e+00,4.625929269271485328e-18,1.968158449992444825e-01
7.520000000000000018e-01,1.495986085906289453e+00,3.006854025026465425e-17,1.972430636027120987e-01
7.540000000000000036e-01,1.499964050692423889e+00,6.938893903907228378e-18,1.976695734225662471e-01
7.560000000000000053e-01,1.503939664785783670e+00,1.387778780781445676e-17,1.980953737608322773e-01
7.580000000000000071e-01,1.507912910831207043e+00,1.156482317317871448e-17,1.985204639475074972e-01
7.600000000000000089e-01,1.511883771507711138e+00,3.006854025026465425e-17,1.989448433401861116e-01
7.620000000000000107e-01,1.515852229528788619e+00,2.312964634635742895e-17,1.993685113236894346e-01
7.640000000000000124e-01,1.519818267642651044e+00,2.312964634635742664e-18,1.997914673096993221e-01
7.660000000000000142e-01,1.523781868632525516e+00,1.387778780781445676e-17,2.002137107363982926e-01
7.680000000000000160e-01,1.527743015316880282e+00,1.619075244245020058e-17,2.006352410681132292e-01
7.700000000000000178e-01,1.531701690549819084e+00,6.938893903907228378e-18,2.010560577949609407e-01
7.720000000000000195e-01,1.535657877221213496e+00,4.625929269271485328e-18,2.014761604325055466e-01
7.740000000000000213e-01,1.539611558257055535e+00,4.625929269271485328e-18,2.018955485214163348e-01
7.760000000000000231e-01,1.543562716619756081e+00,1.387778780781445676e-17,2.023142216271280047e-01
7.780000000000000249e-01,1.547511335308425551e+00,1.619075244245020058e-17,2.027321793395110983e-01
7.800000000000000266e-01,1.551457397359034651e+00,9.251858538542970657e-18,2.031494212725415693e-01
7.820000000000000284e-01,1.555400885844805181e+00,6.938893903907228378e-18,2.035659470639783475e-01
7.840000000000000302e-01,1.559341783876471155e+00,1.156482317317871448e-17,2.039817563750434271e-01
7.860000000000000320e-01,1.563280074602528380e+00,2.312964634635742664e-18,2.043968488901078684e-01
7.880000000000000338e-01,1.567215741209516899e+00,9.251858538542970657e-18,2.048112243163770219e-01
7.900000000000000355e-01,1.571148766922318529e+00,6.938893903907228378e-18,2.052248823835901292e-01
7.920000000000000373e-01,1.575079135004381570e+00,4.625929269271485328e-18,2.056378228437127642e-01
7.940000000000000391e-01,1.579006828758043213e+00,0.000000000000000000e+00,2.060500454706362949e-01
7.960000000000000409e-01,1.582931831524833299e+00,1.619075244245020058e-17,2.064615500598909192e-01
7.980000000000000426e-01,1.586854126685597777e+00,6.938893903907228378e-18,2.068723364283459321e-01
8.000000000000000444e-01,1.590773697660978314e+00,6.938893903907228378e-18,2.072824044139288668e-01
8.020000000000000462e-01,1.594690527911557076e+00,1.387778780781445676e-17,2.076917538753378645e-01
8.040000000000000480e-01,1.598604600938146270e+00,4.625929269271485328e-18,2.081003846917648670e-01
8.060000000000000497e-01,1.602515900282119432e+00,4.625929269271485328e-18,2.085082967626185613e-01
8.080000000000000515e-01,1.606424409525653019e+00,6.938893903907228378e-18,2.089154900072517640e-01
8.100000000000000533e-01,1.610330112291863180e+00,0.000000000000000000e+00,2.093219643646918871e-01
8.120000000000000551e-01,1.614232992245406173e+00,2.312964634635742664e-18,2.097277197933780646e-01
8.140000000000000568e-01,1.618133033092422401e+00,2.081668171172168513e-17,2.101327562708953933e-01
8.160000000000000586e-01,1.622030218580909455e+00,1.619075244245020058e-17,2.105370737937174441e-01
8.180000000000000604e-01,1.625924532501160868e+00,4.625929269271485328e-18,2.109406723769559899e-01
8.200000000000000622e-01,1.629815958685794541e+00,9.251858538542970657e-18,2.113435520540997148e-01
8.220000000000000639e-01,1.633704481010131104e+00,1.619075244245020058e-17,2.117457128767727681e-01
8.240000000000000657e-01,1.637590083392542084e+00,1.387778780781445676e-17,2.121471549144861857e-01
8.260000000000000675e-01,1.641472749794592012e+00,2.312964634635742664e-18,2.125478782543957501e-01
8.280000000000000693e-01,1.645352464221316424e+00,9.251858538542970657e-18,2.129478830010626267e-01
8.300000000000000711e-01,1.649229210721594896e+00,1.156482317317871448e-17,2.133471692762159699e-01
8.320000000000000728e-01,1.653102973388411279e+00,1.156482317317871448e-17,2.137457372185225524e-01
8.339999999999999636e-01,1.656973736358913207e+00,2.312964634635742664e-18,2.141435869833511474e-01
8.359999999999999654e-01,1.660841483815030273e+00,2.312964634635742664e-18,2.145407187425511508e-01
8.379999999999999671e-01,1.664706199983400303e+00,4.625929269271485328e-18,2.149371326842223207e-01
8.399999999999999689e-01,1.668567869135876514e+00,6.938893903907228378e-18,2.153328290124956190e-01
8.419999999999999707e-01,1.672426475589704253e+00,2.312964634635742664e-18,2.157278079473149146e-01
8.439999999999999725e-01,1.676282003707734169e+00,1.387778780781445676e-17,2.161220697242173250e-01
8.459999999999999742e-01,1.680134437898825439e+00,6.938893903907228378e-18,2.165156145941238564e-01
8.479999999999999760e-01,1.683983762617939028e+00,9.251858538542970657e-18,2.169084428231240202e-01
8.499999999999999778e-01,1.687829962366603098e+00,6.938893903907228378e-18,2.173005546922706643e-01
8.519999999999999796e-01,1.691673021692972512e+00,1.156482317317871448e-17,2.176919504973728325e-01
8.539999999999999813e-01,1.695512925192296017e+00,2.312964634635742664e-18,2.180826305487924555e-01
8.559999999999999831e-01,1.699349657506964206e+00,2.312964634635742664e-18,2.184725951712436776e-01
8.579999999999999849e-01,1.703183203326978479e+00,6.938893903907228378e-18,2.188618447035945436e-01
8.599999999999999867e-01,1.707013547390110020e+00,4.625929269271485328e-18,2.192503794986733479e-01
8.619999999999999885e-01,1.710840674482064117e+00,1.850371707708594131e-17,2.196381999230689885e-01
8.639999999999999902e-01,1.714664569437003294e+00,2.312964634635742664e-18,2.200253063569471146e-01
8.659999999999999920e-01,1.718485217137549093e+00,1.387778780781445676e-17,2.204116991938583625e-01
8.679999999999999938e-01,1.722302602515148884e+00,1.156482317317871448e-17,2.207973788405498961e-01
8.699999999999999956e-01,1.726116710550456901e+00,2.312964634635742664e-18,2.211823457167864104e-01
8.719999999999999973e-01,1.729927526273316474e+00,2.312964634635742664e-18,2.215666002551606450e-01
8.739999999999999991e-01,1.733735034763252081e+00,2.544261098099316969e-17,2.219501429009217430e-01
8.760000000000000009e-01,1.737539221149591029e+00,0.000000000000000000e+00,2.223329741117926750e-01
8.780000000000000027e-01,1.741340070611857804e+00,9.251858538542970657e-18,2.227150943577970721e-01
8.800000000000000044e-01,1.745137568379876214e+00,6.938893903907228378e-18,2.230965041210838939e-01
8.820000000000000062e-01,1.748931699734152190e+00,1.387778780781445676e-17,2.234772038957590357e-01
8.840000000000000080e-01,1.752722450005951060e+00,9.251858538542970657e-18,2.238571941877129656e-01
8.860000000000000098e-01,1.756509804577864209e+00,2.312964634635742664e-18,2.242364755144578836e-01
8.880000000000000115e-01,1.760293748883723808e+00,1.387778780781445676e-17,2.246150484049582174e-01
8.900000000000000133e-01,1.764074268409016710e+00,1.619075244245020058e-17,2.249929133994707509e-01
8.920000000000000151e-01,1.767851348691186431e+00,1.619075244245020058e-17,2.253700710493825865e-01
8.940000000000000169e-01,1.771624975319752160e+00,4.625929269271485328e-18,2.257465219170516901e-01
8.960000000000000187e-01,1.775395133936637393e+00,0.000000000000000000e+00,2.261222665756488226e-01
8.980000000000000204e-01,1.779161810236401742e+00,4.625929269271485328e-18,2.264973056090029135e-01
9.000000000000000222e-01,1.782924989966521601e+00,0.000000000000000000e+00,2.268716396114503764e-01
9.020000000000000240e-01,1.786684658927562452e+00,6.938893903907228378e-18,2.272452691876779007e-01
9.040000000000000258e-01,1.790440802973462198e+00,2.312964634635742664e-18,2.276181949525751813e-01
9.060000000000000275e-01,1.794193408011835800e+00,6.938893903907228378e-18,2.279904175310894232e-01
9.080000000000000293e-01,1.797942460004136045e+00,1.850371707708594131e-17,2.283619375580744904e-01
9.100000000000000311e-01,1.801687944965856936e+00,6.938893903907228378e-18,2.287327556781480198e-01
9.120000000000000329e-01,1.805429848966959128e+00,6.938893903907228378e-18,2.291028725455495629e-01
9.140000000000000346e-01,1.809168158131911675e+00,0.000000000000000000e+00,2.294722888239993652e-01
9.160000000000000364e-01,1.812902858640112136e+00,2.312964634635742664e-18,2.298410051865565906e-01
9.180000000000000382e-01,1.816633936725858156e+00,4.625929269271485328e-18,2.302090223154821258e-01
9.200000000000000400e-01,1.820361378678901687e+00,3.238150488490040115e-17,2.305763409021042432e-01
9.220000000000000417e-01,1.824085170844476522e+00,4.625929269271485328e-18,2.309429616466816826e-01
9.240000000000000435e-01,1.827805299623646462e+00,6.938893903907228378e-18,2.313088852582726729e-01
9.260000000000000453e-01,1.831521751473413673e+00,4.625929269271485328e-18,2.316741124545998454e-01
9.280000000000000471e-01,1.835234512907131688e+00,4.625929269271485328e-18,2.320386439619246399e-01
9.300000000000000488e-01,1.838943570494518731e+00,4.625929269271485328e-18,2.324024805149152995e-01
9.320000000000000506e-01,1.842648910862079603e+00,6.938893903907228378e-18,2.327656228565196384e-01
9.340000000000000524e-01,1.846350520693184727e+00,1.387778780781445676e-17,2.331280717378454714e-01
9.360000000000000542e-01,1.850048386728483152e+00,1.850371707708594131e-17,2.334898279180280534e-01
9.380000000000000560e-01,1.853742495765986931e+00,4.625929269271485328e-18,2.338508921641136440e-01
9.400000000000000577e-01,1.857432834661265630e+00,9.251858538542970657e-18,2.342112652509347193e-01
9.420000000000000595e-01,1.861119390327752754e+00,1.156482317317871448e-17,2.345709479609934534e-01
9.440000000000000613e-01,1.864802149737028181e+00,1.850371707708594131e-17,2.349299410843399272e-01
9.460000000000000631e-01,1.868481099918914978e+00,2.312964634635742664e-18,2.352882454184582472e-01
9.480000000000000648e-01,1.872156227961725428e+00,1.387778780781445676e-17,2.356458617681493339e-01
9.500000000000000666e-01,1.875827521012576327e+00,9.251858538542970657e-18,2.360027909454164019e-01
9.520000000000000684e-01,1.879494966277442281e+00,1.156482317317871448e-17,2.363590337693513566e-01
9.540000000000000702e-01,1.883158551021567817e+00,2.312964634635742664e-18,2.367145910660263253e-01
9.560000000000000719e-01,1.886818262569508242e+00,0.000000000000000000e+00,2.370694636683794154e-01
9.580000000000000737e-01,1.890474088305438727e+00,2.312964634635742895e-17,2.374236524161079387e-01
9.599999999999999645e-01,1.894126015673418983e+00,4.625929269271485328e-18,2.377771581555596925e-01
9.619999999999999662e-01,1.897774032177386161e+00,6.938893903907228378e-18,2.381299817396274887e-01
9.639999999999999680e-01,1.901418125381709068e+00,1.387778780781445676e-17,2.384821240276414622e-01
9.659999999999999698e-01,1.905058282910981227e+00,2.312964634635742895e-17,2.388335858852684845e-01
9.679999999999999716e-01,1.908694492450640823e+00,1.387778780781445676e-17,2.391843681844032510e-01
9.699999999999999734e-01,1.912326741746838366e+00,1.850371707708594131e-17,2.395344718030752995e-01
9.719999999999999751e-01,1.915955018606861238e+00,2.312964634635742664e-18,2.398838976253401256e-01
9.739999999999999769e-01,1.919579310899268698e+00,2.312964634635742664e-18,2.402326465411849243e-01
9.759999999999999787e-01,1.923199606554065966e+00,0.000000000000000000e+00,2.405807194464269494e-01
9.779999999999999805e-01,1.926815893562912940e+00,4.625929269271485328e-18,2.409281172426193107e-01
9.799999999999999822e-01,1.930428159979291181e+00,4.625929269271485328e-18,2.412748408369528863e-01
9.819999999999999840e-01,1.934036393918872498e+00,1.850371707708594131e-17,2.416208911421624805e-01
9.839999999999999858e-01,1.937640583559460339e+00,9.251858538542970657e-18,2.419662690764307345e-01
9.859999999999999876e-01,1.941240717141343275e+00,2.312964634635742664e-18,2.423109755633008067e-01
9.879999999999999893e-01,1.944836782967492184e+00,2.312964634635742895e-17,2.426550115315768974e-01
9.899999999999999911e-01,1.948428769403596661e+00,1.850371707708594131e-17,2.429983779152409262e-01
9.919999999999999929e-01,1.952016664878515328e+00,0.000000000000000000e+00,2.433410756533574693e-01
9.939999999999999947e-01,1.955600457884191457e+00,9.251858538542970657e-18,2.436831056899884940e-01
9.959999999999999964e-01,1.959180136975982478e+00,6.938893903907228378e-18,2.440244689741049022e-01
9.979999999999999982e-01,1.962755690772885586e+00,6.938893903907228378e-18,2.443651664594991557e-01
1.000000000000000000e+00,1.966327107957580367e+00,4.625929269271485328e-18,2.447051991046992891e-01
1.002000000000000002e+00,1.969894377276681041e+00,2.775557561562891351e-17,2.450445678728874199e-01
1.004000000000000004e+00,1.973457487540970945e+00,1.156482317317871448e-17,2.453832737318129564e-01
1.006000000000000005e+00,1.977016427625498451e+00,6.938893903907228378e-18,2.457213176537102473e-01
1.008000000000000007e+00,1.980571186469694211e+00,6.938893903907228378e-18,2.460587006152173684e-01
1.010000000000000009e+00,1.984121753077820571e+00,2.312964634635742895e-17,2.463954235972979079e-01
1.012000000000000011e+00,1.987668116518692685e+00,6.938893903907228378e-18,2.467314875851554512e-01
1.014000000000000012e+00,1.991210265926333989e+00,4.625929269271485328e-18,2.470668935681588074e-01
1.016000000000000014e+00,1.994748190499805673e+00,2.312964634635742664e-18,2.474016425397656260e-01
1.018000000000000016e+00,1.998281879503419844e+00,4.625929269271485328e-18,2.477357354974374926e-01
1.020000000000000018e+00,2.001811322267029070e+00,2.312964634635742664e-18,2.480691734425732597e-01
1.022000000000000020e+00,2.005336508186241318e+00,2.312964634635742664e-18,2.484019573804267800e-01
1.024000000000000021e+00,2.008857426722178374e+00,6.938893903907228378e-18,2.487340883200349073e-01
1.026000000000000023e+00,2.012374067402147304e+00,4.625929269271485328e-18,2.490655672741438065e-01
1.028000000000000025e+00,2.015886419819469921e+00,0.000000000000000000e+00,2.493963952591353450e-01
1.030000000000000027e+00,2.019394473633768783e+00,0.000000000000000000e+00,2.497265732949566219e-01
1.032000000000000028e+00,2.022898218571047124e+00,9.251858538542970657e-18,2.500561024050458880e-01
1.034000000000000030e+00,2.026397644423839850e+00,1.156482317317871448e-17,2.503849836162655440e-01
1.036000000000000032e+00,2.029892741051494198e+00,2.775557561562891351e-17,2.507132179588297816e-01
1.038000000000000034e+00,2.033383498380160859e+00,2.312964634635742664e-18,2.510408064662383310e-01
1.040000000000000036e+00,2.036869906402909436e+00,2.312964634635742664e-18,2.513677501752049626e-01
1.042000000000000037e+00,2.040351955180053523e+00,1.619075244245020058e-17,2.516940501255941487e-01
1.044000000000000039e+00,2.043829634839237741e+00,2.312964634635742664e-18,2.520197073603526183e-01
1.046000000000000041e+00,2.047302935575361360e+00,2.544261098099316969e-17,2.523447229254437429e-01
1.048000000000000043e+00,2.050771847651052582e+00,4.625929269271485328e-18,2.526690978697828105e-01
1.050000000000000044e+00,2.054236361396526434e+00,2.312964634635742664e-18,2.529928332451701345e-01
1.052000000000000046e+00,2.057696467209854774e+00,1.156482317317871448e-17,2.533159301062353763e-01
1.054000000000000048e+00,2.061152155557028465e+00,1.734723475976807094e-17,2.536383895103641040e-01
1.056000000000000050e+00,2.064603416972110139e+00,9.251858538542970657e-18,2.539602125176453895e-01
1.058000000000000052e+00,2.068050242057488219e+00,3.469446951953614189e-18,2.542814001908044186e-01
1.060000000000000053e+00,2.071492621483717045e+00,2.312964634635742664e-18,2.546019535951444257e-01
1.062000000000000055e+00,2.074930545989916553e+00,1.734723475976807094e-17,2.549218737984872418e-01
1.064000000000000057e+00,2.078364006383655038e+00,1.156482317317871448e-17,2.552411618711099006e-01
1.066000000000000059e+00,2.081792993541300874e+00,8.095376221225100288e-18,2.555598188856931241e-01
1.068000000000000060e+00,2.085217498407988757e+00,8.095376221225100288e-18,2.558778459172574848e-01
1.070000000000000062e+00,2.088637511997628593e+00,2.312964634635742664e-18,2.561952440431070066e-01
1.072000000000000064e+00,2.092053025393386889e+00,1.272130549049658485e-17,2.565120143427765953e-01
1.074000000000000066e+00,2.095464029747429180e+00,2.775557561562891351e-17,2.568281578979736413e-01
1.076000000000000068e+00,2.098870516281094112e+00,1.272130549049658485e-17,2.571436757925190664e-01
1.078000000000000069e+00,2.102272476285209635e+00,6.938893903907228378e-18,2.574585691123001396e-01
1.080000000000000071e+00,2.105669901119799903e+00,2.081668171172168513e-17,2.577728389452104141e-01
1.082000000000000073e+00,2.109062782214669696e+00,0.000000000000000000e+00,2.580864863810996557e-01
1.084000000000000075e+00,2.112451111069207244e+00,1.387778780781445676e-17,2.583995125117182212e-01
1.086000000000000076e+00,2.115834879252354028e+00,1.272130549049658485e-17,2.587119184306691522e-01
1.088000000000000078e+00,2.119214078403006241e+00,3.469446951953614189e-18,2.590237052333516088e-01
1.090000000000000080e+00,2.122588700230028991e+00,1.387778780781445676e-17,2.593348740169156841e-01
1.092000000000000082e+00,2.125958736512155056e+00,4.625929269271485328e-18,2.596454258802057269e-01
1.094000000000000083e+00,2.129324179098183834e+00,3.469446951953614189e-18,2.599553619237157109e-01
1.096000000000000085e+00,2.132685019907171409e+00,2.312964634635742664e-18,2.602646832495366658e-01
1.098000000000000087e+00,2.136041250928418123e+00,1.387778780781445676e-17,2.605733909613112687e-01
1.100000000000000089e+00,2.139392864221388635e+00,2.312964634635742664e-18,2.608814861641826632e-01
1.102000000000000091e+00,2.142739851916067195e+00,6.938893903907228378e-18,2.611889699647482743e-01
1.104000000000000092e+00,2.146082206212934551e+00,1.734723475976807094e-17,2.614958434710132895e-01
1.106000000000000094e+00,2.149419919382896893e+00,1.619075244245020058e-17,2.618021077923446405e-01
1.108000000000000096e+00,2.152752983767509676e+00,5.782411586589357238e-18,2.621077640394226527e-01
1.110000000000000098e+00,2.156081391779030909e+00,1.156482317317871448e-17,2.624128133241993011e-01
1.112000000000000099e+00,2.159405135900367867e+00,2.544261098099316969e-17,2.627172567598501374e-01
1.114000000000000101e+00,2.162724208685370186e+00,1.156482317317871332e-18,2.630210954607333784e-01
1.116000000000000103e+00,2.166038602758529663e+00,3.469446951953614189e-18,2.633243305423405567e-01
1.118000000000000105e+00,2.169348310815445657e+00,1.040834085586084257e-17,2.636269631212619369e-01
1.120000000000000107e+00,2.172653325622544429e+00,1.850371707708594131e-17,2.639289943151352236e-01
1.122000000000000108e+00,2.175953640017304735e+00,2.428612866367529932e-17,2.642304252426077027e-01
1.124000000000000110e+00,2.179249246908362636e+00,4.625929269271485328e-18,2.645312570232958849e-01
1.126000000000000112e+00,2.182540139275220170e+00,9.251858538542970657e-18,2.648314907777389871e-01
1.128000000000000114e+00,2.185826310168787145e+00,3.469446951953614189e-18,2.651311276273637940e-01
1.130000000000000115e+00,2.189107752710986787e+00,1.850371707708594131e-17,2.654301686944405270e-01
1.132000000000000117e+00,2.192384460095112786e+00,1.156482317317871332e-18,2.657286151020458731e-01
1.134000000000000119e+00,2.195656425585619687e+00,2.312964634635742664e-18,2.660264679740210747e-01
1.136000000000000121e+00,2.198923642518266774e+00,2.312964634635742664e-18,2.663237284349345702e-01
1.138000000000000123e+00,2.202186104300212222e+00,6.938893903907228378e-18,2.666203976100435802e-01
1.140000000000000124e+00,2.205443804409929598e+00,2.659909329831104314e-17,2.669164766252569709e-01
1.142000000000000126e+00,2.208696736397262939e+00,6.938893903907228378e-18,2.672119666070942867e-01
1.144000000000000128e+00,2.211944893883467600e+00,9.251858538542970657e-18,2.675068686826520548e-01
1.146000000000000130e+00,2.215188270561307959e+00,1.156482317317871332e-18,2.678011839795683691e-01
1.148000000000000131e+00,2.218426860194906425e+00,1.040834085586084257e-17,2.680949136259823673e-01
1.150000000000000133e+00,2.221660656619853569e+00,1.387778780781445676e-17,2.683880587504996473e-01
1.152000000000000135e+00,2.224889653743314710e+00,6.938893903907228378e-18,2.686806204821622912e-01
1.153999999999999915e+00,2.228113845543809646e+00,0.000000000000000000e+00,2.689725999504050113e-01
1.155999999999999917e+00,2.231333226071479103e+00,1.156482317317871332e-18,2.692639982850292824e-01
1.157999999999999918e+00,2.234547789447903554e+00,1.966019939440381476e-17,2.695548166161637060e-01
1.159999999999999920e+00,2.237757529866197359e+00,1.040834085586084257e-17,2.698450560742319815e-01
1.161999999999999922e+00,2.240962441590960808e+00,8.095376221225100288e-18,2.701347177899194874e-01
1.163999999999999924e+00,2.244162518958301433e+00,5.782411586589357238e-18,2.704238028941429728e-01
1.165999999999999925e+00,2.247357756375887305e+00,1.156482317317871448e-17,2.707123125180128653e-01
1.167999999999999927e+00,2.250548148322815578e+00,1.619075244245020058e-17,2.710002477928081244e-01
1.169999999999999929e+00,2.253733689349695979e+00,1.156482317317871332e-18,2.712876098499365507e-01
1.171999999999999931e+00,2.256914374078647256e+00,6.938893903907228378e-18,2.715743998209122489e-01
1.173999999999999932e+00,2.260090197203137308e+00,5.782411586589357238e-18,2.718606188373151045e-01
1.175999999999999934e+00,2.263261153488343780e+00,4.625929269271485328e-18,2.721462680307704662e-01
1.177999999999999936e+00,2.266427237770511027e+00,1.503427012513232712e-17,2.724313485329113993e-01
1.179999999999999938e+00,2.269588444957545192e+00,5.782411586589357238e-18,2.727158614753507626e-01
1.181999999999999940e+00,2.272744770028673145e+00,1.272130549049658485e-17,2.729998079896556185e-01
1.183999999999999941e+00,2.275896208034438928e+00,2.312964634635742664e-18,2.732831892073127600e-01
1.185999999999999943e+00,2.279042754096732182e+00,5.782411586589357238e-18,2.735660062597018993e-01
1.187999999999999945e+00,2.282184403408766826e+00,1.040834085586084257e-17,2.738482602780721864e-01
1.189999999999999947e+00,2.285321151234963821e+00,0.000000000000000000e+00,2.741299523935032956e-01
1.191999999999999948e+00,2.288452992910999129e+00,4.625929269271485328e-18,2.744110837368901601e-01
1.193999999999999950e+00,2.291579923843714894e+00,2.312964634635742664e-18,2.746916554389072229e-01
1.195999999999999952e+00,2.294701939511067934e+00,1.040834085586084257e-17,2.749716686299844559e-01
1.197999999999999954e+00,2.297819035462168813e+00,0.000000000000000000e+00,2.752511244402823243e-01
1.199999999999999956e+00,2.300931207317141514e+00,4.625929269271485328e-18,2.755300239996613110e-01
1.201999999999999957e+00,2.304038450767070145e+00,4.625929269271485328e-18,2.758083684376602118e-01
1.203999999999999959e+00,2.307140761574119736e+00,5.782411586589357238e-18,2.760861588834683245e-01
1.205999999999999961e+00,2.310238135571129447e+00,1.387778780781445676e-17,2.763633964658989139e-01
1.207999999999999963e+00,2.313330568662037123e+00,1.156482317317871332e-18,2.766400823133691178e-01
1.209999999999999964e+00,2.316418056821301974e+00,8.095376221225100288e-18,2.769162175538699699e-01
1.211999999999999966e+00,2.319500596094213662e+00,9.251858538542970657e-18,2.771918033149434191e-01
1.213999999999999968e+00,2.322578182596796381e+00,1.156482317317871332e-18,2.774668407236617340e-01
1.215999999999999970e+00,2.325650812515501542e+00,1.619075244245020058e-17,2.777413309065979163e-01
1.217999999999999972e+00,2.328718482107319687e+00,1.040834085586084257e-17,2.780152749898073816e-01
1.219999999999999973e+00,2.331781187699744962e+00,1.156482317317871332e-18,2.782886740988032570e-01
1.221999999999999975e+00,2.334838925690633005e+00,2.312964634635742664e-18,2.785615293585317342e-01
1.223999999999999977e+00,2.337891692548051736e+00,5.782411586589357238e-18,2.788338418933525853e-01
1.225999999999999979e+00,2.340939484810371951e+00,0.000000000000000000e+00,2.791056128270122949e-01
1.227999999999999980e+00,2.343982299086025733e+00,1.156482317317871332e-18,2.793768432826291837e-01
1.229999999999999982e+00,2.347020132053462049e+00,1.850371707708594131e-17,2.796475343826648197e-01
1.231999999999999984e+00,2.350052980461173391e+00,3.469446951953614189e-18,2.799176872489065326e-01
1.233999999999999986e+00,2.353080841127445311e+00,1.503427012513232712e-17,2.801873030024454869e-01
1.235999999999999988e+00,2.356103710940296025e+00,1.503427012513232712e-17,2.804563827636541440e-01
1.237999999999999989e+00,2.359121586857618524e+00,0.000000000000000000e+00,2.807249276521698311e-01
1.239999999999999991e+00,2.362134465906651215e+00,6.938893903907228378e-18,2.809929387868683182e-01
1.241999999999999993e+00,2.365142345184287009e+00,1.850371707708594131e-17,2.812604172858516050e-01
1.243999999999999995e+00,2.368145221856627458e+00,3.469446951953614189e-18,2.815273642664189446e-01
1.245999999999999996e+00,2.371143093159286508e+00,8.095376221225100288e-18,2.817937808450555193e-01
1.247999999999999998e+00,2.374135956396855818e+00,9.251858538542970657e-18,2.820596681374094028e-01
1.250000000000000000e+00,2.377123808943085947e+00,6.938893903907228378e-18,2.823250272582719100e-01
1.252000000000000002e+00,2.380106648240598588e+00,5.782411586589357238e-18,2.825898593215620536e-01
1.254000000000000004e+00,2.383084471800973603e+00,2.775557561562891351e-17,2.828541654403043393e-01
1.256000000000000005e+00,2.386057277204386651e+00,3.469446951953614189e-18,2.831179467266123351e-01
1.258000000000000007e+00,2.389025062099678465e+00,4.625929269271485328e-18,2.833812042916705742e-01
1.260000000000000009e+00,2.391987824204262481e+00,1.734723475976807094e-17,2.836439392457191788e-01
1.262000000000000011e+00,2.394945561303721604e+00,3.469446951953614189e-18,2.839061526980306560e-01
1.264000000000000012e+00,2.397898271252058677e+00,1.156482317317871448e-17,2.841678457568980187e-01
1.266000000000000014e+00,2.400845951971302128e+00,1.156482317317871332e-18,2.844290195296154677e-01
1.268000000000000016e+00,2.403788601451442020e+00,1.387778780781445676e-17,2.846896751224613498e-01
1.270000000000000018e+00,2.406726217750332353e+00,3.469446951953614189e-18,2.849498136406825588e-01
1.272000000000000020e+00,2.409658798993586259e+00,1.387778780781445676e-17,2.852094361884787710e-01
1.274000000000000021e+00,2.412586343374380604e+00,2.428612866367529932e-17,2.854685438689840149e-01
1.276000000000000023e+00,2.415508849153257032e+00,1.040834085586084257e-17,2.857271377842514615e-01
1.278000000000000025e+00,2.418426314658193022e+00,5.782411586589357238e-18,2.859852190352413781e-01
1.280000000000000027e+00,2.421338738284203984e+00,8.095376221225100288e-18,2.862427887217997013e-01
1.282000000000000028e+00,2.424246118493385893e+00,1.734723475976807094e-17,2.864998479426486555e-01
1.284000000000000030e+00,2.427148453814625739e+00,4.625929269271485328e-18,2.867563977953661025e-01
1.286000000000000032e+00,2.430045742843592649e+00,1.156482317317871448e-17,2.870124393763752724e-01
1.288000000000000034e+00,2.432937984242506957e+00,1.156482317317871448e-17,2.872679737809291090e-01
1.290000000000000036e+00,2.435825176739957243e+00,4.625929269271485328e-18,2.875230021030944494e-01
1.292000000000000037e+00,2.438707319130870133e+00,2.312964634635742664e-18,2.877775254357403112e-01
1.294000000000000039e+00,2.441584410276107064e+00,4.625929269271485328e-18,2.880315448705177417e-01
1.296000000000000041e+00,2.444456449102714757e+00,4.625929269271485328e-18,2.882850614978582082e-01
1.298000000000000043e+00,2.447323434603175585e+00,4.625929269271485328e-18,2.885380764069453430e-01
1.300000000000000044e+00,2.450185365835972462e+00,9.251858538542970657e-18,2.887905906857128890e-01
1.302000000000000046e+00,2.453042241924610067e+00,6.938893903907228378e-18,2.890426054208264928e-01
1.304000000000000048e+00,2.455894062058215255e+00,5.782411586589357238e-18,2.892941216976712138e-01
1.306000000000000050e+00,2.458740825490794535e+00,1.156482317317871332e-18,2.895451406003389794e-01
1.308000000000000052e+00,2.461582531541450791e+00,3.469446951953614189e-18,2.897956632116193143e-01
1.310000000000000053e+00,2.464419179593843268e+00,2.775557561562891351e-17,2.900456906129794121e-01
1.312000000000000055e+00,2.467250769096450469e+00,2.312964634635742664e-18,2.902952238845575295e-01
1.314000000000000057e+00,2.470077299561902251e+00,6.938893903907228378e-18,2.905442641051527164e-01
1.316000000000000059e+00,2.472898770567146798e+00,9.251858538542970657e-18,2.907928123522064423e-01
1.318000000000000060e+00,2.475715181753225025e+00,9.251858538542970657e-18,2.910408697017962121e-01
1.320000000000000062e+00,2.478526532824995243e+00,1.387778780781445676e-17,2.912884372286219103e-01
1.322000000000000064e+00,2.481332823550905786e+00,1.156482317317871448e-17,2.915355160059958650e-01
1.324000000000000066e+00,2.484134053762993233e+00,1.387778780781445676e-17,2.917821071058301907e-01
1.326000000000000068e+00,2.486930223356432990e+00,5.782411586589357238e-18,2.920282115986249094e-01
1.328000000000000069e+00,2.489721332289629885e+00,1.272130549049658485e-17,2.922738305534616776e-01
1.330000000000000071e+00,2.492507380583843357e+00,3.469446951953614189e-18,2.925189650379886319e-01
1.332000000000000073e+00,2.495288368323008044e+00,4.625929269271485328e-18,2.927636161184108965e-01
1.334000000000000075e+00,2.498064295653559697e+00,6.938893903907228378e-18,2.930077848594815348e-01
1.336000000000000076e+00,2.500835162784301957e+00,0.000000000000000000e+00,2.932514723244916688e-01
1.338000000000000078e+00,2.503600969986033320e+00,5.782411586589357238e-18,2.934946795752581550e-01
1.340000000000000080e+00,2.506361717591541804e+00,1.850371707708594131e-17,2.937374076721142035e-01
1.342000000000000082e+00,2.509117405995269223e+00,5.782411586589357238e-18,2.939796576739040490e-01
1.344000000000000083e+00,2.511868035653176179e+00,3.469446951953614189e-18,2.942214306379680178e-01
1.346000000000000085e+00,2.514613607082440083e+00,5.782411586589357238e-18,2.944627276201352561e-01
1.348000000000000087e+00,2.517354120861361011e+00,1.156482317317871332e-18,2.947035496747149597e-01
1.350000000000000089e+00,2.520089577629093469e+00,4.625929269271485328e-18,2.949438978544881018e-01
1.352000000000000091e+00,2.522819978085369286e+00,1.156482317317871332e-18,2.951837732106935563e-01
1.354000000000000092e+00,2.525545322990451425e+00,1.387778780781445676e-17,2.954231767930295405e-01
1.356000000000000094e+00,2.528265613164746739e+00,1.387778780781445676e-17,2.956621096496349632e-01
1.358000000000000096e+00,2.530980849488653206e+00,4.625929269271485328e-18,2.959005728270832081e-01
1.360000000000000098e+00,2.533691032902375184e+00,2.312964634635742664e-18,2.961385673703788024e-01
1.362000000000000099e+00,2.536396164405600118e+00,2.312964634635742664e-18,2.963760943229447054e-01
1.364000000000000101e+00,2.539096245057383072e+00,5.782411586589357238e-18,2.966131547266142587e-01
1.366000000000000103e+00,2.541791275975947784e+00,1.156482317317871448e-17,2.968497496216264131e-01
1.368000000000000105e+00,2.544481258338313623e+00,2.081668171172168513e-17,2.970858800466160687e-01
1.370000000000000107e+00,2.547166193380121513e+00,2.312964634635742664e-18,2.973215470386054160e-01
1.372000000000000108e+00,2.549846082395443858e+00,1.156482317317871332e-18,2.975567516329962192e-01
1.374000000000000110e+00,2.552520926736631779e+00,1.850371707708594131e-17,2.977914948635684289e-01
1.376000000000000112e+00,2.555190727813901219e+00,4.625929269271485328e-18,2.980257777624643611e-01
1.378000000000000114e+00,2.557855487095238800e+00,0.000000000000000000e+00,2.982596013601868101e-01
1.380000000000000115e+00,2.560515206106021679e+00,1.619075244245020058e-17,2.984929666855927755e-01
1.382000000000000117e+00,2.563169886429047750e+00,3.469446951953614189e-18,2.987258747658831926e-01
1.384000000000000119e+00,2.565819529703844637e+00,2.312964634635742664e-18,2.989583266265968819e-01
1.386000000000000121e+00,2.568464137627051613e+00,3.006854025026465425e-17,2.991903232916079958e-01
1.388000000000000123e+00,2.571103711951614912e+00,4.625929269271485328e-18,2.994218657831155261e-01
1.390000000000000124e+00,2.573738254486741539e+00,8.095376221225100288e-18,2.996529551216364218e-01
1.392000000000000126e+00,2.576367767097949013e+00,0.000000000000000000e+00,2.998835923260051994e-01
1.394000000000000128e+00,2.578992251706178962e+00,3.469446951953614189e-18,3.001137784133594000e-01
1.396000000000000130e+00,2.581611710288227002e+00,5.782411586589357238e-18,3.003435143991401990e-01
1.398000000000000131e+00,2.584226144876060616e+00,2.081668171172168513e-17,3.005728012970868002e-01
1.400000000000000133e+00,2.586835557556710796e+00,6.938893903907228378e-18,3.008016401192238343e-01
1.402000000000000135e+00,2.589439950472055330e+00,6.938893903907228378e-18,3.010300318758636906e-01
1.404000000000000137e+00,2.592039325818484841e+00,8.095376221225100288e-18,3.012579775755959699e-01
1.406000000000000139e+00,2.594633685846748250e+00,1.387778780781445676e-17,3.014854782252858745e-01
1.407999999999999918e+00,2.597223032861554870e+00,1.272130549049658485e-17,3.017125348300639387e-01
1.409999999999999920e+00,2.599807369221528219e+00,6.938893903907228378e-18,3.019391483933279718e-01
1.411999999999999922e+00,2.602386697338772592e+00,1.156482317317871448e-17,3.021653199167300685e-01
1.413999999999999924e+00,2.604961019678665224e+00,2.197316402903955550e-17,3.023910504001779409e-01
1.415999999999999925e+00,2.607530338759605826e+00,6.938893903907228378e-18,3.026163408418269252e-01
1.417999999999999927e+00,2.610094657152787434e+00,1.156482317317871448e-17,3.028411922380769838e-01
1.419999999999999929e+00,2.612653977481928180e+00,9.251858538542970657e-18,3.030656055835658225e-01
1.421999999999999931e+00,2.615208302422919573e+00,2.312964634635742664e-18,3.032895818711662250e-01
1.423999999999999932e+00,2.617757634703751890e+00,1.619075244245020058e-17,3.035131220919817241e-01
1.425999999999999934e+00,2.620301977104039892e+00,1.156482317317871332e-18,3.037362272353426595e-01
1.427999999999999936e+00,2.622841332454852292e+00,2.312964634635742664e-18,3.039588982887970192e-01
1.429999999999999938e+00,2.625375703638608726e+00,9.251858538542970657e-18,3.041811362381172668e-01
1.431999999999999940e+00,2.627905093588406515e+00,1.503427012513232712e-17,3.044029420672834663e-01
1.433999999999999941e+00,2.630429505288201852e+00,1.387778780781445676e-17,3.046243167584883338e-01
1.435999999999999943e+00,2.632948941772262685e+00,2.081668171172168513e-17,3.048452612921287441e-01
1.437999999999999945e+00,2.635463406125033714e+00,3.469446951953614189e-18,3.050657766468058973e-01
1.439999999999999947e+00,2.637972901480711840e+00,1.966019939440381476e-17,3.052858637993190460e-01
1.441999999999999948e+00,2.640477431023233734e+00,1.387778780781445676e-17,3.055055237246614430e-01
1.443999999999999950e+00,2.642976997985757137e+00,2.544261098099316969e-17,3.057247573960185094e-01
1.445999999999999952e+00,2.645471605650410396e+00,1.734723475976807094e-17,3.059435657847628942e-01
1.447999999999999954e+00,2.647961257348269370e+00,1.040834085586084257e-17,3.061619498604560841e-01
1.449999999999999956e+00,2.650445956458838737e+00,1.850371707708594131e-17,3.063799105908368570e-01
1.451999999999999957e+00,2.652925706409748230e+00,1.156482317317871448e-17,3.065974489418248350e-01
1.453999999999999959e+00,2.655400510676686920e+00,9.251858538542970657e-18,3.068145658775164875e-01
1.455999999999999961e+00,2.657870372783033730e+00,9.251858538542970657e-18,3.070312623601787472e-01
1.457999999999999963e+00,2.660335296299486174e+00,1.503427012513232712e-17,3.072475393502507868e-01
1.459999999999999964e+00,2.662795284843882726e+00,4.625929269271485328e-18,3.074633978063375794e-01
1.461999999999999966e+00,2.665250342080982549e+00,2.312964634635742664e-18,3.076788386852101764e-01
1.463999999999999968e+00,2.667700471722024957e+00,0.000000000000000000e+00,3.078938629417997119e-01
1.465999999999999970e+00,2.670145677524574879e+00,1.966019939440381476e-17,3.081084715292007337e-01
1.467999999999999972e+00,2.672585963292213762e+00,1.619075244245020058e-17,3.083226653986601562e-01
1.469999999999999973e+00,2.675021332874235824e+00,3.353798720221826844e-17,3.085364454995827566e-01
1.471999999999999975e+00,2.677451790165390477e+00,2.081668171172168513e-17,3.087498127795249570e-01
1.473999999999999977e+00,2.679877339105658507e+00,1.040834085586084257e-17,3.089627681841955464e-01
1.475999999999999979e+00,2.682297983679804432e+00,3.469446951953614189e-18,3.091753126574486865e-01
1.477999999999999980e+00,2.684713727917204196e+00,1.156482317317871332e-18,3.093874471412872418e-01
1.479999999999999982e+00,2.687124575891697731e+00,9.251858538542970657e-18,3.095991725758554525e-01
1.481999999999999984e+00,2.689530531720981443e+00,8.095376221225100288e-18,3.098104898994434864e-01
1.483999999999999986e+00,2.691931599566771638e+00,1.156482317317871448e-17,3.100214000484822208e-01
1.485999999999999988e+00,2.694327783633925222e+00,1.966019939440381476e-17,3.102319039575370807e-01
1.487999999999999989e+00,2.696719088170750567e+00,1.272130549049658485e-17,3.104420025593160881e-01
1.489999999999999991e+00,2.699105517468359139e+00,5.782411586589357238e-18,3.106516967846590926e-01
1.491999999999999993e+00,2.701487075860566023e+00,1.156482317317871332e-18,3.108609875625431562e-01
1.493999999999999995e+00,2.703863767723413858e+00,1.156482317317871332e-18,3.110698758200765579e-01
1.495999999999999996e+00,2.706235597475052046e+00,8.095376221225100288e-18,3.112783624824976281e-01
1.497999999999999998e+00,2.708602569575484509e+00,2.428612866367529932e-17,3.114864484731782457e-01
1.500000000000000000e+00,2.710964688525992372e+00,9.251858538542970657e-18,3.116941347136142904e-01
1.502000000000000002e+00,2.713321958869370221e+00,4.625929269271485328e-18,3.119014221234359119e-01
1.504000000000000004e+00,2.715674385189101869e+00,2.312964634635742895e-17,3.121083116203935970e-01
1.506000000000000005e+00,2.718021972109236017e+00,4.625929269271485328e-18,3.123148041203647751e-01
1.508000000000000007e+00,2.720364724294306313e+00,1.156482317317871332e-18,3.125209005373536519e-01
1.510000000000000009e+00,2.722702646448926345e+00,2.312964634635742664e-18,3.127266017834866574e-01
1.512000000000000011e+00,2.725035743317407722e+00,1.619075244245020058e-17,3.129319087690125567e-01
1.514000000000000012e+00,2.727364019683530927e+00,4.625929269271485328e-18,3.131368224023021174e-01
1.516000000000000014e+00,2.729687480370326824e+00,1.156482317317871332e-18,3.133413435898478872e-01
1.518000000000000016e+00,2.732006130239616581e+00,1.272130549049658485e-17,3.135454732362615293e-01
1.520000000000000018e+00,2.734319974192056080e+00,2.312964634635742664e-18,3.137492122442768205e-01
1.522000000000000020e+00,2.736629017166430700e+00,9.251858538542970657e-18,3.139525615147451543e-01
1.524000000000000021e+00,2.738933264139584267e+00,4.625929269271485328e-18,3.141555219466367621e-01
1.526000000000000023e+00,2.741232720126296485e+00,2.197316402903955550e-17,3.143580944370409358e-01
1.528000000000000025e+00,2.743527390178666536e+00,1.040834085586084257e-17,3.145602798811639178e-01
1.530000000000000027e+00,2.745817279385985188e+00,2.081668171172168513e-17,3.147620791723318434e-01
1.532000000000000028e+00,2.748102392874518074e+00,1.966019939440381476e-17,3.149634932019854672e-01
1.534000000000000030e+00,2.750382735806979895e+00,1.156482317317871448e-17,3.151645228596829940e-01
1.536000000000000032e+00,2.752658313382649879e+00,1.850371707708594131e-17,3.153651690331031876e-01
1.538000000000000034e+00,2.754929130836652362e+00,1.156482317317871332e-18,3.155654326080357119e-01
1.540000000000000036e+00,2.757195193439910597e+00,6.938893903907228378e-18,3.157653144683927882e-01
1.542000000000000037e+00,2.759456506498857209e+00,2.081668171172168513e-17,3.159648154961997024e-01
1.544000000000000039e+00,2.761713075354986557e+00,0.000000000000000000e+00,3.161639365716005790e-01
1.546000000000000041e+00,2.763964905384840520e+00,5.782411586589357238e-18,3.163626785728546609e-01
1.548000000000000043e+00,2.766212001999392101e+00,1.734723475976807094e-17,3.165610423763408066e-01
1.550000000000000044e+00,2.768454370644045426e+00,3.469446951953614189e-18,3.167590288565506618e-01
1.552000000000000046e+00,2.770692016798214752e+00,2.775557561562891351e-17,3.169566388860989292e-01
1.554000000000000048e+00,2.772924945974985178e+00,1.619075244245020058e-17,3.171538733357144868e-01
1.556000000000000050e+00,2.775153163721004290e+00,2.312964634635742664e-18,3.173507330742449950e-01
1.558000000000000052e+00,2.777376675616020307e+00,5.782411586589357238e-18,3.175472189686576185e-01
1.560000000000000053e+00,2.779595487272635168e+00,9.251858538542970657e-18,3.177433318840365839e-01
1.562000000000000055e+00,2.781809604336194397e+00,1.156482317317871448e-17,3.179390726835875647e-01
1.564000000000000057e+00,2.784019032484222222e+00,1.734723475976807094e-17,3.181344422286351281e-01
1.566000000000000059e+00,2.786223777426249271e+00,1.156482317317871332e-18,3.183294413786242338e-01
1.568000000000000060e+00,2.788423844903759274e+00,1.272130549049658485e-17,3.185240709911218993e-01
1.570000000000000062e+00,2.790619240689464320e+00,0.000000000000000000e+00,3.187183319218140909e-01
1.572000000000000064e+00,2.792809970587322610e+00,4.625929269271485328e-18,3.189122250245134405e-01
1.574000000000000066e+00,2.794996040432316420e+00,4.625929269271485328e-18,3.191057511511533606e-01
1.576000000000000068e+00,2.797177456089928071e+00,2.312964634635742664e-18,3.192989111517913203e-01
1.578000000000000069e+00,2.799354223455827295e+00,3.469446951953614189e-18,3.194917058746093441e-01
1.580000000000000071e+00,2.801526348456093274e+00,4.625929269271485328e-18,3.196841361659165659e-01
1.582000000000000073e+00,2.803693837046298043e+00,2.312964634635742664e-18,3.198762028701472304e-01
1.584000000000000075e+00,2.805856695211522478e+00,1.734723475976807094e-17,3.200679068298633023e-01
1.586000000000000076e+00,2.808014928966157342e+00,1.387778780781445676e-17,3.202592488857554653e-01
1.588000000000000078e+00,2.810168544353432551e+00,1.156482317317871332e-18,3.204502298766450652e-01
1.590000000000000080e+00,2.812317547445278620e+00,2.081668171172168513e-17,3.206408506394835545e-01
1.592000000000000082e+00,2.814461944341946520e+00,1.272130549049658485e-17,3.208311120093513824e-01
1.594000000000000083e+00,2.816601741171796291e+00,6.938893903907228378e-18,3.210210148194668767e-01
1.596000000000000085e+00,2.818736944090961316e+00,1.272130549049658485e-17,3.212105599011770285e-01
1.598000000000000087e+00,2.820867559283184889e+00,1.156482317317871332e-18,3.213997480839691501e-01
1.600000000000000089e+00,2.822993592959386788e+00,1.040834085586084257e-17,3.215885801954635470e-01
1.602000000000000091e+00,2.825115051357474982e+00,2.312964634635742664e-18,3.217770570614186809e-01
1.604000000000000092e+00,2.827231940742107597e+00,2.659909329831104314e-17,3.219651795057343890e-01
1.606000000000000094e+00,2.829344267404300339e+00,1.156482317317871448e-17,3.221529483504473879e-01
1.608000000000000096e+00,2.831452037661257748e+00,1.040834085586084257e-17,3.223403644157397108e-01
1.610000000000000098e+00,2.833555257856046339e+00,5.782411586589357238e-18,3.225274285199342672e-01
1.612000000000000099e+00,2.835653934357340589e+00,1.156482317317871448e-17,3.227141414795006713e-01
1.614000000000000101e+00,2.837748073559085427e+00,4.625929269271485328e-18,3.229005041090535211e-01
1.616000000000000103e+00,2.839837681880371889e+00,9.251858538542970657e-18,3.230865172213542857e-01
1.618000000000000105e+00,2.841922765765046321e+00,1.734723475976807094e-17,3.232721816273151916e-01
1.620000000000000107e+00,2.844003331681461688e+00,1.387778780781445676e-17,3.234574981360007762e-01
1.622000000000000108e+00,2.846079386122088550e+00,9.251858538542970657e-18,3.236424675546240581e-01
1.624000000000000110e+00,2.848150935603625200e+00,6.938893903907228378e-18,3.238270906885555300e-01
1.626000000000000112e+00,2.850217986666184089e+00,1.966019939440381476e-17,3.240113683413198276e-01
1.628000000000000114e+00,2.852280545873529860e+00,1.040834085586084257e-17,3.241953013146001150e-01
1.630000000000000115e+00,2.854338619812487821e+00,4.625929269271485328e-18,3.243788904082388624e-01
1.632000000000000117e+00,2.856392215092798281e+00,1.272130549049658485e-17,3.245621364202382342e-01
1.634000000000000119e+00,2.858441338346770166e+00,6.938893903907228378e-18,3.247450401467641412e-01
1.636000000000000121e+00,2.860485996229213512e+00,5.782411586589357238e-18,3.249276023821481840e-01
1.638000000000000123e+00,2.862526195416924324e+00,1.156482317317871332e-18,3.251098239188875971e-01
1.640000000000000124e+00,2.864561942608606415e+00,1.387778780781445676e-17,3.252917055476473029e-01
1.642000000000000126e+00,2.866593244524437978e+00,6.938893903907228378e-18,3.254732480572639641e-01
1.644000000000000128e+00,2.868620107905982763e+00,4.625929269271485328e-18,3.256544522347445403e-01
1.646000000000000130e+00,2.870642539515809943e+00,8.095376221225100288e-18,3.258353188652721166e-01
1.648000000000000131e+00,2.872660546137346671e+00,1.156482317317871332e-18,3.260158487322061260e-01
1.650000000000000133e+00,2.874674134574458861e+00,1.966019939440381476e-17,3.261960426170817384e-01
1.652000000000000135e+00,2.876683311651275332e+00,8.095376221225100288e-18,3.263759012996178543e-01
1.654000000000000137e+00,2.878688084212033260e+00,0.000000000000000000e+00,3.265554255577121090e-01
1.656000000000000139e+00,2.880688459120563039e+00,4.625929269271485328e-18,3.267346161674487548e-01
1.658000000000000140e+00,2.882684443260327356e+00,1.156482317317871332e-18,3.269134739030986059e-01
1.660000000000000142e+00,2.884676043533954015e+00,1.156482317317871332e-18,3.270919995371211475e-01
1.662000000000000144e+00,2.886663266863026323e+00,6.938893903907228378e-18,3.272701938401638144e-01
1.664000000000000146e+00,2.888646120187962296e+00,2.312964634635742664e-18,3.274480575810723160e-01
1.665999999999999925e+00,2.890624610467495970e+00,1.966019939440381476e-17,3.276255915268832530e-01
1.667999999999999927e+00,2.892598744678709366e+00,9.251858538542970657e-18,3.278027964428319452e-01
1.669999999999999929e+00,2.894568529816579527e+00,9.251858538542970657e-18,3.279796730923531523e-01
1.671999999999999931e+00,2.896533972893818643e+00,3.122502256758252770e-17,3.281562222370855153e-01
1.673999999999999932e+00,2.898495080940664437e+00,8.095376221225100288e-18,3.283324446368691696e-01
1.675999999999999934e+00,2.900451861004356147e+00,4.625929269271485328e-18,3.285083410497512957e-01
1.677999999999999936e+00,2.902404320149409855e+00,1.156482317317871332e-18,3.286839122319897832e-01
1.679999999999999938e+00,2.904352465456868870e+00,1.156482317317871332e-18,3.288591589380531199e-01
1.681999999999999940e+00,2.906296304024296617e+00,1.040834085586084257e-17,3.290340819206223344e-01
1.683999999999999941e+00,2.908235842965391171e+00,2.312964634635742895e-17,3.292086819305947709e-01
1.685999999999999943e+00,2.910171089410047429e+00,4.625929269271485328e-18,3.293829597170872536e-01
1.687999999999999945e+00,2.912102050503724726e+00,1.040834085586084257e-17,3.295569160274366971e-01
1.689999999999999947e+00,2.914028733407411309e+00,2.544261098099316969e-17,3.297305516072048248e-01
1.691999999999999948e+00,2.915951145297443148e+00,9.251858538542970657e-18,3.299038672001746164e-01
1.693999999999999950e+00,2.917869293364999450e+00,4.625929269271485328e-18,3.300768635483640745e-01
1.695999999999999952e+00,2.919783184816278521e+00,2.312964634635742664e-18,3.302495413920167877e-01
1.697999999999999954e+00,2.921692826871764126e+00,2.659909329831104314e-17,3.304219014696112011e-01
1.699999999999999956e+00,2.923598226766419117e+00,9.251858538542970657e-18,3.305939445178640579e-01
1.701999999999999957e+00,2.925499391749140088e+00,6.938893903907228378e-18,3.307656712717261249e-01
1.703999999999999959e+00,2.927396329082792903e+00,4.625929269271485328e-18,3.309370824643920739e-01
1.705999999999999961e+00,2.929289046043797029e+00,1.156482317317871332e-18,3.311081788273023130e-01
1.707999999999999963e+00,2.931177549921768488e+00,1.503427012513232712e-17,3.312789610901366033e-01
1.709999999999999964e+00,2.933061848019720586e+00,9.251858538542970657e-18,3.314494299808316002e-01
1.711999999999999966e+00,2.934941947653310734e+00,4.625929269271485328e-18,3.316195862255686966e-01
1.713999999999999968e+00,2.936817856151115791e+00,2.312964634635742664e-18,3.317894305487896212e-01
1.715999999999999970e+00,2.938689580853887762e+00,9.251858538542970657e-18,3.319589636731880011e-01
1.717999999999999972e+00,2.940557129114754531e+00,1.040834085586084257e-17,3.321281863197173556e-01
1.719999999999999973e+00,2.942420508298821957e+00,1.156482317317871448e-17,3.322970992075992558e-01
1.721999999999999975e+00,2.944279725782894985e+00,3.469446951953614189e-18,3.324657030543130554e-01
1.723999999999999977e+00,2.946134788955305339e+00,8.095376221225100288e-18,3.326339985756094908e-01
1.725999999999999979e+00,2.947985705215673491e+00,6.938893903907228378e-18,3.328019864855085719e-01
1.727999999999999980e+00,2.949832481974857146e+00,0.000000000000000000e+00,3.329696674963067426e-01
1.729999999999999982e+00,2.951675126654388137e+00,0.000000000000000000e+00,3.331370423185704976e-01
1.731999999999999984e+00,2.953513646686531047e+00,6.938893903907228378e-18,3.333041116611499266e-01
1.733999999999999986e+00,2.955348049513888853e+00,9.251858538542970657e-18,3.334708762311744956e-01
1.735999999999999988e+00,2.957178342589452669e+00,6.938893903907228378e-18,3.336373367340604856e-01
1.737999999999999989e+00,2.959004533375958701e+00,4.625929269271485328e-18,3.338034938735083834e-01
1.739999999999999991e+00,2.960826629346108518e+00,1.387778780781445676e-17,3.339693483515113193e-01
1.741999999999999993e+00,2.962644637981954432e+00,9.251858538542970657e-18,3.341349008683524024e-01
1.743999999999999995e+00,2.964458566775137527e+00,3.469446951953614189e-18,3.343001521226143247e-01
1.745999999999999996e+00,2.966268423226219753e+00,2.081668171172168513e-17,3.344651028111759739e-01
1.747999999999999998e+00,2.968074214844795833e+00,2.312964634635742664e-18,3.346297536292184294e-01
1.750000000000000000e+00,2.969875949149109573e+00,8.095376221225100288e-18,3.347941052702273490e-01
1.752000000000000002e+00,2.971673633665849579e+00,6.938893903907228378e-18,3.349581584259959111e-01
1.754000000000000004e+00,2.973467275930078202e+00,5.782411586589357238e-18,3.351219137866265352e-01
1.756000000000000005e+00,2.975256883484885151e+00,6.938893903907228378e-18,3.352853720405370996e-01
1.758000000000000007e+00,2.977042463881245382e+00,1.040834085586084257e-17,3.354485338744602196e-01
1.760000000000000009e+00,2.978824024677850346e+00,2.312964634635742895e-17,3.356113999734469111e-01
1.762000000000000011e+00,2.980601573440655017e+00,6.938893903907228378e-18,3.357739710208713091e-01
1.764000000000000012e+00,2.982375117743183424e+00,6.938893903907228378e-18,3.359362476984328882e-01
1.766000000000000014e+00,2.984144665165745280e+00,0.000000000000000000e+00,3.360982306861595714e-01
1.768000000000000016e+00,2.985910223295567434e+00,3.469446951953614189e-18,3.362599206624099502e-01
1.770000000000000018e+00,2.987671799726633992e+00,4.625929269271485328e-18,3.364213183038742283e-01
1.772000000000000020e+00,2.989429402059284868e+00,1.156482317317871332e-18,3.365824242855839366e-01
1.774000000000000021e+00,2.991183037900109198e+00,1.156482317317871332e-18,3.367432392809077690e-01
1.776000000000000023e+00,2.992932714861881394e+00,4.625929269271485328e-18,3.369037639615586333e-01
1.778000000000000025e+00,2.994678440563106392e+00,2.312964634635742664e-18,3.370639989975958706e-01
1.780000000000000027e+00,2.996420222627984131e+00,9.251858538542970657e-18,3.372239450574273656e-01
1.782000000000000028e+00,2.998158068686295863e+00,1.156482317317871332e-18,3.373836028078136540e-01
1.784000000000000030e+00,2.999891986372958286e+00,0.000000000000000000e+00,3.375429729138692547e-01
1.786000000000000032e+00,3.001621983328115917e+00,5.782411586589357238e-18,3.377020560390702753e-01
1.788000000000000034e+00,3.003348067196775162e+00,1.850371707708594131e-17,3.378608528452505255e-01
1.790000000000000036e+00,3.005070245628633785e+00,4.625929269271485328e-18,3.380193639926118987e-01
1.792000000000000037e+00,3.006788526277940576e+00,2.312964634635742664e-18,3.381775901397214845e-01
1.794000000000000039e+00,3.008502916803292848e+00,3.469446951953614189e-18,3.383355319435157327e-01
1.796000000000000041e+00,3.010213424867455245e+00,0.000000000000000000e+00,3.384931900593095011e-01
1.798000000000000043e+00,3.011920058137231848e+00,1.156482317317871332e-18,3.386505651407939466e-01
1.800000000000000044e+00,3.013622824283071822e+00,1.156482317317871332e-18,3.388076578400352479e-01
1.802000000000000046e+00,3.015321730979193759e+00,3.469446951953614189e-18,3.389644688074879286e-01
1.804000000000000048e+00,3.017016785903157583e+00,1.156482317317871332e-18,3.391209986919904162e-01
1.806000000000000050e+00,3.018707996735749077e+00,6.938893903907228378e-18,3.392772481407711482e-01
1.808000000000000052e+00,3.020395371160971010e+00,4.625929269271485328e-18,3.394332177994514033e-01
1.810000000000000053e+00,3.022078916865591935e+00,4.625929269271485328e-18,3.395889083120483543e-01
1.812000000000000055e+00,3.023758641539229686e+00,1.387778780781445676e-17,3.397443203209791762e-01
1.814000000000000057e+00,3.025434552873864646e+00,3.469446951953614189e-18,3.398994544670594364e-01
1.816000000000000059e+00,3.027106658563981867e+00,3.469446951953614189e-18,3.400543113895132530e-01
1.818000000000000060e+00,3.028774966306349015e+00,5.782411586589357238e-18,3.402088917259732948e-01
1.820000000000000062e+00,3.030439483799629130e+00,1.850371707708594131e-17,3.403631961124821137e-01
1.822000000000000064e+00,3.032100218744322007e+00,1.156482317317871332e-18,3.405172251834968078e-01
1.824000000000000066e+00,3.033757178842789060e+00,1.156482317317871332e-18,3.406709795718955713e-01
1.826000000000000068e+00,3.035410371798818119e+00,1.156482317317871448e-17,3.408244599089738092e-01
1.828000000000000069e+00,3.037059805317532835e+00,5.782411586589357238e-18,3.409776668244539621e-01
1.830000000000000071e+00,3.038705487105323400e+00,1.503427012513232712e-17,3.411306009464839528e-01
1.832000000000000073e+00,3.040347424869533910e+00,1.503427012513232712e-17,3.412832629016436803e-01
1.834000000000000075e+00,3.041985626318451708e+00,2.312964634635742664e-18,3.414356533149489614e-01
1.836000000000000076e+00,3.043620099161042702e+00,4.625929269271485328e-18,3.415877728098483668e-01
1.838000000000000078e+00,3.045250851106807488e+00,1.156482317317871332e-18,3.417396220082343228e-01
1.840000000000000080e+00,3.046877889865617917e+00,2.081668171172168513e-17,3.418912015304410579e-01
1.842000000000000082e+00,3.048501223147617623e+00,9.251858538542970657e-18,3.420425119952496540e-01
1.844000000000000083e+00,3.050120858663035506e+00,1.156482317317871332e-18,3.421935540198929870e-01
1.846000000000000085e+00,3.051736804121960134e+00,3.469446951953614189e-18,3.423443282200559490e-01
1.848000000000000087e+00,3.053349067234249148e+00,1.850371707708594131e-17,3.424948352098785009e-01
1.850000000000000089e+00,3.054957655709410247e+00,1.156482317317871448e-17,3.426450756019626676e-01
1.852000000000000091e+00,3.056562577256345392e+00,5.782411586589357238e-18,3.427950500073723705e-01
1.854000000000000092e+00,3.058163839583301069e+00,1.272130549049658485e-17,3.429447590356374254e-01
1.856000000000000094e+00,3.059761450397742166e+00,1.272130549049658485e-17,3.430942032947592035e-01
1.858000000000000096e+00,3.061355417405925650e+00,3.469446951953614189e-18,3.432433833912069687e-01
1.860000000000000098e+00,3.062945748313175898e+00,1.156482317317871332e-18,3.433922999299313661e-01
1.862000000000000099e+00,3.064532450823477916e+00,2.312964634635742895e-17,3.435409535143589821e-01
1.864000000000000101e+00,3.066115532639274832e+00,2.312964634635742664e-18,3.436893447463986728e-01
1.866000000000000103e+00,3.067695001461537174e+00,2.312964634635742664e-18,3.438374742264467820e-01
1.868000000000000105e+00,3.069270864989452008e+00,2.081668171172168513e-17,3.439853425533870857e-01
1.870000000000000107e+00,3.070843130920417607e+00,3.469446951953614189e-18,3.441329503245969534e-01
1.872000000000000108e+00,3.072411806949645552e+00,8.095376221225100288e-18,3.442802981359469050e-01
1.874000000000000110e+00,3.073976900770407639e+00,1.156482317317871332e-18,3.444273865818078262e-01
1.876000000000000112e+00,3.075538420073527845e+00,8.095376221225100288e-18,3.445742162550519683e-01
1.878000000000000114e+00,3.077096372547512004e+00,1.387778780781445676e-17,3.447207877470579995e-01
1.880000000000000115e+00,3.078650765878217399e+00,3.469446951953614189e-18,3.448671016477101725e-01
1.882000000000000117e+00,3.080201607748795922e+00,3.469446951953614189e-18,3.450131585454066507e-01
1.884000000000000119e+00,3.081748905839656771e+00,1.619075244245020058e-17,3.451589590270613961e-01
1.886000000000000121e+00,3.083292667828173350e+00,2.312964634635742895e-17,3.453045036781040023e-01
1.888000000000000123e+00,3.084832901388585569e+00,2.197316402903955550e-17,3.454497930824863006e-01
1.890000000000000124e+00,3.086369614191960764e+00,1.156482317317871332e-18,3.455948278226869119e-01
1.892000000000000126e+00,3.087902813905962773e+00,3.469446951953614189e-18,3.457396084797102476e-01
1.894000000000000128e+00,3.089432508194818183e+00,1.503427012513232712e-17,3.458841356330924488e-01
1.896000000000000130e+00,3.090958704719010797e+00,1.156482317317871332e-18,3.460284098609041070e-01
1.898000000000000131e+00,3.092481411135477032e+00,9.251858538542970657e-18,3.461724317397562034e-01
1.900000000000000133e+00,3.094000635096955776e+00,1.156482317317871448e-17,3.463162018447948909e-01
1.902000000000000135e+00,3.095516384252567477e+00,6.938893903907228378e-18,3.464597207497168707e-01
1.904000000000000137e+00,3.097028666247048534e+00,1.040834085586084257e-17,3.466029890267635083e-01
1.906000000000000139e+00,3.098537488720969790e+00,8.095376221225100288e-18,3.467460072467263288e-01
1.908000000000000140e+00,3.100042859310494947e+00,1.503427012513232712e-17,3.468887759789530123e-01
1.910000000000000142e+00,3.101544785647330826e+00,9.251858538542970657e-18,3.470312957913470053e-01
1.912000000000000144e+00,3.103043275358631448e+00,1.156482317317871448e-17,3.471735672503743486e-01
1.914000000000000146e+00,3.104538336066626769e+00,2.312964634635742664e-18,3.473155909210615122e-01
1.916000000000000147e+00,3.106029975388981512e+00,6.938893903907228378e-18,3.474573673670062202e-01
1.918000000000000149e+00,3.107518200938205410e+00,3.469446951953614189e-18,3.475988971503745639e-01
1.919999999999999929e+00,3.109003020321694066e+00,1.156482317317871448e-17,3.477401808319058318e-01
1.921999999999999931e+00,3.110484441141784018e+00,5.782411586589357238e-18,3.478812189709166169e-01
1.923999999999999932e+00,3.111962470995452534e+00,4.625929269271485328e-18,3.480220121253052024e-01
1.925999999999999934e+00,3.113437117474234128e+00,1.272130549049658485e-17,3.481625608515519499e-01
1.927999999999999936e+00,3.114908388164153052e+00,1.619075244245020058e-17,3.483028657047234633e-01
1.929999999999999938e+00,3.116376290645629155e+00,9.251858538542970657e-18,3.484429272384790277e-01
1.931999999999999940e+00,3.117840832493186554e+00,1.619075244245020058e-17,3.485827460050666682e-01
1.933999999999999941e+00,3.119302021275702330e+00,9.251858538542970657e-18,3.487223225553353623e-01
1.935999999999999943e+00,3.120759864555953556e+00,1.734723475976807094e-17,3.488616574387324865e-01
1.937999999999999945e+00,3.122214369890631502e+00,0.000000000000000000e+00,3.490007512033049819e-01
1.939999999999999947e+00,3.123665544830366514e+00,2.312964634635742664e-18,3.491396043957127326e-01
1.941999999999999948e+00,3.125113396919369180e+00,4.625929269271485328e-18,3.492782175612181850e-01
1.943999999999999950e+00,3.126557933695536917e+00,3.469446951953614189e-18,3.494165912437024457e-01
1.945999999999999952e+00,3.127999162690281665e+00,1.966019939440381476e-17,3.495547259856575661e-01
1.947999999999999954e+00,3.129437091428416196e+00,2.081668171172168513e-17,3.496926223281984769e-01
1.949999999999999956e+00,3.130871727428006679e+00,1.966019939440381476e-17,3.498302808110602680e-01
1.951999999999999957e+00,3.132303078200488144e+00,1.619075244245020058e-17,3.499677019726067373e-01
1.953999999999999959e+00,3.133731151250181313e+00,3.469446951953614189e-18,3.501048863498261166e-01
1.955999999999999961e+00,3.135155954074685170e+00,3.469446951953614189e-18,3.502418344783437276e-01
1.957999999999999963e+00,3.136577494164209057e+00,8.095376221225100288e-18,3.503785468924152102e-01
1.959999999999999964e+00,3.137995779002116237e+00,1.156482317317871448e-17,3.505150241249409548e-01
1.961999999999999966e+00,3.139410816064190257e+00,9.251858538542970657e-18,3.506512667074562217e-01
1.963999999999999968e+00,3.140822612819107462e+00,8.095376221225100288e-18,3.507872751701460179e-01
1.965999999999999970e+00,3.142231176727921849e+00,1.387778780781445676e-17,3.509230500418440979e-01
1.967999999999999972e+00,3.143636515244173424e+00,1.156482317317871332e-18,3.510585918500324643e-01
1.969999999999999973e+00,3.145038635813808270e+00,1.387778780781445676e-17,3.511939011208499162e-01
1.971999999999999975e+00,3.146437545875031105e+00,1.156482317317871332e-18,3.513289783790939924e-01
1.973999999999999977e+00,3.147833252858143638e+00,3.469446951953614189e-18,3.514638241482215264e-01
1.975999999999999979e+00,3.149225764185707988e+00,2.312964634635742664e-18,3.515984389503536978e-01
1.977999999999999980e+00,3.150615087272097270e+00,4.625929269271485328e-18,3.517328233062810838e-01
1.979999999999999982e+00,3.152001229523747838e+00,8.095376221225100288e-18,3.518669777354646033e-01
1.981999999999999984e+00,3.153384198338915922e+00,1.156482317317871448e-17,3.520009027560374038e-01
1.983999999999999986e+00,3.154764001107492888e+00,5.782411586589357238e-18,3.521345988848115782e-01
1.985999999999999988e+00,3.156140645211198859e+00,0.000000000000000000e+00,3.522680666372790537e-01
1.987999999999999989e+00,3.157514138023229222e+00,5.782411586589357238e-18,3.524013065276159762e-01
1.989999999999999991e+00,3.158884486908295486e+00,2.312964634635742895e-17,3.525343190686826000e-01
1.991999999999999993e+00,3.160251699222621724e+00,2.312964634635742664e-18,3.526671047720333907e-01
1.993999999999999995e+00,3.161615782313660361e+00,1.272130549049658485e-17,3.527996641479114182e-01
1.995999999999999996e+00,3.162976743520163225e+00,6.938893903907228378e-18,3.529319977052616797e-01
1.997999999999999998e+00,3.164334590172124706e+00,1.156482317317871332e-18,3.530641059517221070e-01
2.000000000000000000e+00,3.165689329590577472e+00,1.156482317317871332e-18,3.531959893936382211e-01
2.002000000000000224e+00,3.167040969087628000e+00,2.312964634635742664e-18,3.533276485360600239e-01
2.004000000000000004e+00,3.168389515966337555e+00,1.156482317317871332e-18,3.534590838827431081e-01
2.006000000000000227e+00,3.169734977520633379e+00,2.428612866367529932e-17,3.535902959361620357e-01
2.008000000000000007e+00,3.171077361035251840e+00,3.469446951953614189e-18,3.537212851974995131e-01
2.010000000000000231e+00,3.172416673785715346e+00,3.469446951953614189e-18,3.538520521666629892e-01
2.012000000000000011e+00,3.173752923038168916e+00,1.387778780781445676e-17,3.539825973422762728e-01
2.014000000000000234e+00,3.175086116049346430e+00,3.469446951953614189e-18,3.541129212216921340e-01
2.016000000000000014e+00,3.176416260066456942e+00,6.938893903907228378e-18,3.542430243009868640e-01
2.018000000000000238e+00,3.177743362327355214e+00,1.503427012513232712e-17,3.543729070749728760e-01
2.020000000000000018e+00,3.179067430060092292e+00,1.040834085586084257e-17,3.545025700371924882e-01
2.022000000000000242e+00,3.180388470483096697e+00,1.387778780781445676e-17,3.546320136799275824e-01
2.024000000000000021e+00,3.181706490805019882e+00,1.040834085586084257e-17,3.547612384941997155e-01
2.026000000000000245e+00,3.183021498224805512e+00,1.503427012513232712e-17,3.548902449697740047e-01
2.028000000000000025e+00,3.184333499931408795e+00,3.469446951953614189e-18,3.550190335951620701e-01
2.030000000000000249e+00,3.185642503103881751e+00,8.095376221225100288e-18,3.551476048576272526e-01
2.032000000000000028e+00,3.186948514911263075e+00,1.734723475976807094e-17,3.552759592431813385e-01
2.034000000000000252e+00,3.188251542512549719e+00,2.197316402903955550e-17,3.554040972365971052e-01
2.036000000000000032e+00,3.189551593056570766e+00,1.040834085586084257e-17,3.555320193214041580e-01
2.038000000000000256e+00,3.190848673681925263e+00,1.387778780781445676e-17,3.556597259798926491e-01
2.040000000000000036e+00,3.192142791517108336e+00,2.312964634635742664e-18,3.557872176931219932e-01
2.042000000000000259e+00,3.193433953680118620e+00,2.197316402903955550e-17,3.559144949409168146e-01
2.044000000000000039e+00,3.194722167278721159e+00,2.312964634635742895e-17,3.560415582018738867e-01
2.046000000000000263e+00,3.196007439410140094e+00,2.312964634635742664e-18,3.561684079533642411e-01
2.048000000000000043e+00,3.197289777161239854e+00,2.081668171172168513e-17,3.562950446715394959e-01
2.049999999999999822e+00,3.198569187608184095e+00,3.469446951953614189e-18,3.564214688313266377e-01
2.052000000000000046e+00,3.199845677816751888e+00,6.938893903907228378e-18,3.565476809064422326e-01
2.053999999999999826e+00,3.201119254841803041e+00,1.503427012513232712e-17,3.566736813693850983e-01
2.056000000000000050e+00,3.202389925727732845e+00,6.938893903907228378e-18,3.567994706914465186e-01
2.057999999999999829e+00,3.203657697507996005e+00,4.625929269271485328e-18,3.569250493427086890e-01
2.060000000000000053e+00,3.204922577205360668e+00,1.156482317317871448e-17,3.570504177920530431e-01
2.061999999999999833e+00,3.206184571831618868e+00,1.156482317317871448e-17,3.571755765071562561e-01
2.064000000000000057e+00,3.207443688387730418e+00,1.156482317317871332e-18,3.573005259544994594e-01
2.065999999999999837e+00,3.208699933863689679e+00,9.251858538542970657e-18,3.574252665993695732e-01
2.068000000000000060e+00,3.209953315238362137e+00,1.156482317317871448e-17,3.575497989058586956e-01
2.069999999999999840e+00,3.211203839479642497e+00,2.312964634635742664e-18,3.576741233368719297e-01
2.072000000000000064e+00,3.212451513544371196e+00,1.156482317317871332e-18,3.577982403541294931e-01
2.073999999999999844e+00,3.213696344378009329e+00,1.156482317317871332e-18,3.579221504181676616e-01
2.076000000000000068e+00,3.214938338915002802e+00,1.503427012513232712e-17,3.580458539883432656e-01
2.077999999999999847e+00,3.216177504078521210e+00,1.503427012513232712e-17,3.581693515228357438e-01
2.080000000000000071e+00,3.217413846780345921e+00,4.625929269271485328e-18,3.582926434786506964e-01
2.081999999999999851e+00,3.218647373920928700e+00,4.625929269271485328e-18,3.584157303116253246e-01
2.084000000000000075e+00,3.219878092389389934e+00,8.095376221225100288e-18,3.585386124764258775e-01
2.085999999999999854e+00,3.221106009063420927e+00,1.156482317317871448e-17,3.586612904265552015e-01
2.088000000000000078e+00,3.222331130809086730e+00,4.625929269271485328e-18,3.587837646143551829e-01
2.089999999999999858e+00,3.223553464481110353e+00,6.938893903907228378e-18,3.589060354910070805e-01
2.092000000000000082e+00,3.224773016922556579e+00,2.312964634635742664e-18,3.590281035065387427e-01
2.093999999999999861e+00,3.225989794965011370e+00,1.156482317317871332e-18,3.591499691098223868e-01
2.096000000000000085e+00,3.227203805428136008e+00,4.625929269271485328e-18,3.592716327485812600e-01
2.097999999999999865e+00,3.228415055120281707e+00,2.775557561562891351e-17,3.593930948693939698e-01
2.100000000000000089e+00,3.229623550837784407e+00,1.272130549049658485e-17,3.595143559176918746e-01
2.101999999999999869e+00,3.230829299365389318e+00,5.782411586589357238e-18,3.596354163377666335e-01
2.104000000000000092e+00,3.232032307475897426e+00,2.312964634635742664e-18,3.597562765727720935e-01
2.105999999999999872e+00,3.233232581930455041e+00,6.938893903907228378e-18,3.598769370647253441e-01
2.108000000000000096e+00,3.234430129478196747e+00,9.251858538542970657e-18,3.599973982545141005e-01
2.109999999999999876e+00,3.235624956856437251e+00,4.625929269271485328e-18,3.601176605818941501e-01
2.112000000000000099e+00,3.236817070790490192e+00,2.659909329831104314e-17,3.602377244854965688e-01
2.113999999999999879e+00,3.238006477993753407e+00,2.312964634635742895e-17,3.603575904028277210e-01
2.116000000000000103e+00,3.239193185167520639e+00,6.938893903907228378e-18,3.604772587702740894e-01
2.117999999999999883e+00,3.240377199001125419e+00,4.625929269271485328e-18,3.605967300231032735e-01
2.120000000000000107e+00,3.241558526171919752e+00,1.272130549049658485e-17,3.607160045954710403e-01
2.121999999999999886e+00,3.242737173344849566e+00,8.095376221225100288e-18,3.608350829204179933e-01
2.124000000000000110e+00,3.243913147173055123e+00,6.938893903907228378e-18,3.609539654298772327e-01
2.125999999999999890e+00,3.245086454297354095e+00,1.156482317317871448e-17,3.610726525546764099e-01
2.128000000000000114e+00,3.246257101346323282e+00,5.782411586589357238e-18,3.611911447245386708e-01
2.129999999999999893e+00,3.247425094936359002e+00,1.619075244245020058e-17,3.613094423680874301e-01
2.132000000000000117e+00,3.248590441671646900e+00,3.469446951953614189e-18,3.614275459128475365e-01
2.133999999999999897e+00,3.249753148144051806e+00,2.312964634635742664e-18,3.615454557852529893e-01
2.136000000000000121e+00,3.250913220933062675e+00,2.312964634635742664e-18,3.616631724106409429e-01
2.137999999999999901e+00,3.252070666605915150e+00,1.156482317317871332e-18,3.617806962132623094e-01
2.140000000000000124e+00,3.253225491717490314e+00,1.272130549049658485e-17,3.618980276162827581e-01
2.141999999999999904e+00,3.254377702810137052e+00,8.095376221225100288e-18,3.620151670417817713e-01
2.144000000000000128e+00,3.255527306413933175e+00,6.938893903907228378e-18,3.621321149107620263e-01
2.145999999999999908e+00,3.256674309046513116e+00,1.850371707708594131e-17,3.622488716431468969e-01
2.148000000000000131e+00,3.257818717212918713e+00,5.782411586589357238e-18,3.623654376577837288e-01
2.149999999999999911e+00,3.258960537405782176e+00,2.312964634635742664e-18,3.624818133724502789e-01
2.152000000000000135e+00,3.260099776105187530e+00,8.095376221225100288e-18,3.625979992038543820e-01
2.153999999999999915e+00,3.261236439778711471e+00,1.040834085586084257e-17,3.627139955676363381e-01
2.156000000000000139e+00,3.262370534881384287e+00,2.081668171172168513e-17,3.628298028783755180e-01
2.157999999999999918e+00,3.263502067855618805e+00,1.156482317317871332e-18,3.629454215495879765e-01
2.160000000000000142e+00,3.264631045131165976e+00,8.095376221225100288e-18,3.630608519937336687e-01
2.161999999999999922e+00,3.265757473125265875e+00,4.625929269271485328e-18,3.631760946222153397e-01
2.164000000000000146e+00,3.266881358242471833e+00,9.251858538542970657e-18,3.632911498453868515e-01
2.165999999999999925e+00,3.268002706874680641e+00,6.938893903907228378e-18,3.634060180725497413e-01
2.168000000000000149e+00,3.269121525400986883e+00,1.503427012513232712e-17,3.635206997119604377e-01
2.169999999999999929e+00,3.270237820187933409e+00,1.734723475976807094e-17,3.636351951708278185e-01
2.172000000000000153e+00,3.271351597589275073e+00,0.000000000000000000e+00,3.637495048553244237e-01
2.173999999999999932e+00,3.272462863946113742e+00,1.850371707708594131e-17,3.638636291705820702e-01
2.176000000000000156e+00,3.273571625586640721e+00,1.734723475976807094e-17,3.639775685206955158e-01
2.177999999999999936e+00,3.274677888826364125e+00,9.251858538542970657e-18,3.640913233087279544e-01
2.180000000000000160e+00,3.275781659968018289e+00,1.966019939440381476e-17,3.642048939367137916e-01
2.181999999999999940e+00,3.276882945301409222e+00,2.312964634635742664e-18,3.643182808056533162e-01
2.184000000000000163e+00,3.277981751103760999e+00,1.156482317317871448e-17,3.644314843155319616e-01
2.185999999999999943e+00,3.279078083639214825e+00,3.469446951953614189e-18,3.645445048653053188e-01
2.188000000000000167e+00,3.280171949159234046e+00,1.619075244245020058e-17,3.646573428529123473e-01
2.189999999999999947e+00,3.281263353902236446e+00,8.095376221225100288e-18,3.647699986752753754e-01
2.192000000000000171e+00,3.282352304094009909e+00,0.000000000000000000e+00,3.648824727283008773e-01
2.193999999999999950e+00,3.283438805947206163e+00,1.156482317317871448e-17,3.649947654068868563e-01
2.196000000000000174e+00,3.284522865661763547e+00,0.000000000000000000e+00,3.651068771049214567e-01
2.197999999999999954e+00,3.285604489424510888e+00,1.272130549049658485e-17,3.652188082152855175e-01
2.200000000000000178e+00,3.286683683409572510e+00,9.251858538542970657e-18,3.653305591298600108e-01
2.201999999999999957e+00,3.287760453778018288e+00,1.272130549049658485e-17,3.654421302395207682e-01
2.204000000000000181e+00,3.288834806677861877e+00,2.312964634635742664e-18,3.655535219341475850e-01
2.205999999999999961e+00,3.289906748244364465e+00,2.312964634635742664e-18,3.656647346026287715e-01
2.208000000000000185e+00,3.290976284599750556e+00,2.544261098099316969e-17,3.657757686328534930e-01
2.209999999999999964e+00,3.292043421853081853e+00,8.095376221225100288e-18,3.658866244117248701e-01
2.212000000000000188e+00,3.293108166100749301e+00,4.625929269271485328e-18,3.659973023251603119e-01
2.213999999999999968e+00,3.294170523425890451e+00,1.156482317317871332e-18,3.661078027580861871e-01
2.216000000000000192e+00,3.295230499898753607e+00,5.782411586589357238e-18,3.662181260944538663e-01
2.217999999999999972e+00,3.296288101576557494e+00,3.469446951953614189e-18,3.663282727172308406e-01
2.220000000000000195e+00,3.297343334503478829e+00,5.782411586589357238e-18,3.664382430084093811e-01
2.221999999999999975e+00,3.298396204710687840e+00,1.387778780781445676e-17,3.665480373490085375e-01
2.224000000000000199e+00,3.299446718216284324e+00,8.095376221225100288e-18,3.666576561190736938e-01
2.225999999999999979e+00,3.300494881025331395e+00,2.312964634635742664e-18,3.667670996976798992e-01
2.228000000000000203e+00,3.301540699129997591e+00,2.312964634635742664e-18,3.668763684629419153e-01
2.229999999999999982e+00,3.302584178509132329e+00,1.387778780781445676e-17,3.669854627920043355e-01
2.232000000000000206e+00,3.303625325128706436e+00,0.000000000000000000e+00,3.670943830610534642e-01
2.233999999999999986e+00,3.304664144941616755e+00,1.156482317317871448e-17,3.672031296453170945e-01
2.236000000000000210e+00,3.305700643887576007e+00,1.040834085586084257e-17,3.673117029190663407e-01
2.237999999999999989e+00,3.306734827893421880e+00,5.782411586589357238e-18,3.674201032556181357e-01
2.240000000000000213e+00,3.307766702872729780e+00,3.469446951953614189e-18,3.675283310273397830e-01
2.241999999999999993e+00,3.308796274726098829e+00,0.000000000000000000e+00,3.676363866056489571e-01
2.244000000000000217e+00,3.309823549341009752e+00,1.040834085586084257e-17,3.677442703610185326e-01
2.245999999999999996e+00,3.310848532591931459e+00,1.272130549049658485e-17,3.678519826629783052e-01
2.248000000000000220e+00,3.311871230340109662e+00,1.503427012513232712e-17,3.679595238801158241e-01
2.250000000000000000e+00,3.312891648433836878e+00,0.000000000000000000e+00,3.680668943800805004e-01
2.252000000000000224e+00,3.313909792708285451e+00,8.095376221225100288e-18,3.681740945295903233e-01
2.254000000000000004e+00,3.314925668985498675e+00,8.095376221225100288e-18,3.682811246944229788e-01
2.256000000000000227e+00,3.315939283074358812e+00,5.782411586589357238e-18,3.683879852394287835e-01
2.258000000000000007e+00,3.316950640770896186e+00,4.625929269271485328e-18,3.684946765285337378e-01
2.260000000000000231e+00,3.317959747857813113e+00,0.000000000000000000e+00,3.686011989247327536e-01
2.262000000000000011e+00,3.318966610104849835e+00,0.000000000000000000e+00,3.687075527900982030e-01
2.264000000000000234e+00,3.319971233268544708e+00,2.428612866367529932e-17,3.688137384857854140e-01
2.266000000000000014e+00,3.320973623092495330e+00,1.387778780781445676e-17,3.689197563720278406e-01
2.268000000000000238e+00,3.321973785307099192e+00,0.000000000000000000e+00,3.690256068081453900e-01
2.270000000000000018e+00,3.322971725629706441e+00,6.938893903907228378e-18,3.691312901525439227e-01
2.272000000000000242e+00,3.323967449764582582e+00,5.782411586589357238e-18,3.692368067627177508e-01
2.274000000000000021e+00,3.324960963402892489e+00,1.272130549049658485e-17,3.693421569952546890e-01
2.276000000000000245e+00,3.325952272222746586e+00,4.625929269271485328e-18,3.694473412058351114e-01
2.278000000000000025e+00,3.326941381889211513e+00,3.469446951953614189e-18,3.695523597492372803e-01
2.280000000000000249e+00,3.327928298054104062e+00,1.156482317317871448e-17,3.696572129793369021e-01
2.282000000000000028e+00,3.328913026356463689e+00,2.081668171172168513e-17,3.697619012491145107e-01
2.284000000000000252e+00,3.329895572421994743e+00,4.625929269271485328e-18,3.698664249106485835e-01
2.286000000000000032e+00,3.330875941863499889e+00,6.938893903907228378e-18,3.699707843151305298e-01
2.288000000000000256e+00,3.331854140280606558e+00,1.503427012513232712e-17,3.700749798128569745e-01
2.290000000000000036e+00,3.332830173260010298e+00,1.850371707708594131e-17,3.701790117532361979e-01
2.292000000000000259e+00,3.333804046375238528e+00,1.156482317317871332e-18,3.702828804847886346e-01
2.294000000000000039e+00,3.334775765186906327e+00,8.095376221225100288e-18,3.703865863551540905e-01
2.296000000000000263e+00,3.335745335242396692e+00,2.312964634635742664e-18,3.704901297110884117e-01
2.298000000000000043e+00,3.336712762076311733e+00,3.469446951953614189e-18,3.705935108984699244e-01
2.300000000000000266e+00,3.337678051210007268e+00,0.000000000000000000e+00,3.706967302622974358e-01
2.302000000000000046e+00,3.338641208151932105e+00,1.156482317317871448e-17,3.707997881466974510e-01
2.304000000000000270e+00,3.339602238397478828e+00,9.251858538542970657e-18,3.709026848949237287e-01
2.306000000000000050e+00,3.340561147429076172e+00,2.081668171172168513e-17,3.710054208493616112e-01
2.307999999999999829e+00,3.341517940716082435e+00,1.503427012513232712e-17,3.711079963515257485e-01
2.310000000000000053e+00,3.342472623714924040e+00,0.000000000000000000e+00,3.712104117420691463e-01
2.311999999999999833e+00,3.343425201869047569e+00,2.312964634635742664e-18,3.713126673607828887e-01
2.314000000000000057e+00,3.344375680608827395e+00,0.000000000000000000e+00,3.714147635465915864e-01
2.315999999999999837e+00,3.345324065351741538e+00,9.251858538542970657e-18,3.715167006375690861e-01
2.318000000000000060e+00,3.346270361502423185e+00,1.850371707708594131e-17,3.716184789709324199e-01
2.319999999999999840e+00,3.347214574452255675e+00,2.312964634635742895e-17,3.717200988830406949e-01
2.322000000000000064e+00,3.348156709579972912e+00,9.251858538542970657e-18,3.718215607094058073e-01
2.323999999999999844e+00,3.349096772251188625e+00,0.000000000000000000e+00,3.719228647846898883e-01
2.326000000000000068e+00,3.350034767818677039e+00,1.850371707708594131e-17,3.720240114427115774e-01
2.327999999999999847e+00,3.350970701622287606e+00,2.081668171172168513e-17,3.721250010164400823e-01
2.330000000000000071e+00,3.351904578988937899e+00,9.251858538542970657e-18,3.722258338380075027e-01
2.331999999999999851e+00,3.352836405232649142e+00,8.095376221225100288e-18,3.723265102387041670e-01
2.334000000000000075e+00,3.353766185654613707e+00,8.095376221225100288e-18,3.724270305489845168e-01
2.335999999999999854e+00,3.354693925543065447e+00,1.272130549049658485e-17,3.725273950984679949e-01
2.338000000000000078e+00,3.355619630173391599e+00,1.966019939440381476e-17,3.726276042159396007e-01
2.339999999999999858e+00,3.356543304808170092e+00,1.503427012513232712e-17,3.727276582293559404e-01
2.342000000000000082e+00,3.357464954697077175e+00,8.095376221225100288e-18,3.728275574658449498e-01
2.343999999999999861e+00,3.358384585077052620e+00,1.156482317317871332e-18,3.729273022517105574e-01
2.346000000000000085e+00,3.359302201172129188e+00,2.659909329831104314e-17,3.730268929124299637e-01
2.347999999999999865e+00,3.360217808193498357e+00,6.938893903907228378e-18,3.731263297726600259e-01
2.350000000000000089e+00,3.361131411339725261e+00,8.095376221225100288e-18,3.732256131562412538e-01
2.351999999999999869e+00,3.362043015796349010e+00,5.782411586589357238e-18,3.733247433861932585e-01
2.354000000000000092e+00,3.362952626736360529e+00,0.000000000000000000e+00,3.734237207847241335e-01
2.355999999999999872e+00,3.363860249319863271e+00,6.938893903907228378e-18,3.735225456732285121e-01
2.358000000000000096e+00,3.364765888694208229e+00,2.312964634635742664e-18,3.736212183722903424e-01
2.359999999999999876e+00,3.365669549994105836e+00,9.251858538542970657e-18,3.737197392016886055e-01
2.362000000000000099e+00,3.366571238341517613e+00,6.938893903907228378e-18,3.738181084803910981e-01
2.363999999999999879e+00,3.367470958845560247e+00,1.503427012513232712e-17,3.739163265265667557e-01
2.366000000000000103e+00,3.368368716602830659e+00,1.040834085586084257e-17,3.740143936575812122e-01
2.367999999999999883e+00,3.369264516697203504e+00,4.625929269271485328e-18,3.741123101900020731e-01
2.370000000000000107e+00,3.370158364199848933e+00,1.156482317317871332e-18,3.742100764395999146e-01
2.371999999999999886e+00,3.371050264169294763e+00,1.272130549049658485e-17,3.743076927213486726e-01
2.374000000000000110e+00,3.371940221651431813e+00,1.966019939440381476e-17,3.744051593494329699e-01
2.375999999999999890e+00,3.372828241679533434e+00,1.040834085586084257e-17,3.745024766372428981e-01
2.378000000000000114e+00,3.373714329274307033e+00,4.625929269271485328e-18,3.745996448973853976e-01
2.379999999999999893e+00,3.374598489443778604e+00,3.469446951953614189e-18,3.746966644416754866e-01
2.382000000000000117e+00,3.375480727183472140e+00,1.387778780781445676e-17,3.747935355811496949e-01
2.383999999999999897e+00,3.376361047476272859e+00,1.156482317317871448e-17,3.748902586260586811e-01
2.386000000000000121e+00,3.377239455292622594e+00,2.312964634635742664e-18,3.749868338858768912e-01
2.387999999999999901e+00,3.378115955590308417e+00,3.353798720221826844e-17,3.750832616692987842e-01
2.390000000000000124e+00,3.378990553314682899e+00,0.000000000000000000e+00,3.751795422842431060e-01
2.391999999999999904e+00,3.379863253398573519e+00,9.251858538542970657e-18,3.752756760378576639e-01
2.394000000000000128e+00,3.380734060762328852e+00,1.734723475976807094e-17,3.753716632365179384e-01
2.395999999999999908e+00,3.381602980313852314e+00,5.782411586589357238e-18,3.754675041858307472e-01
2.398000000000000131e+00,3.382470016948500913e+00,4.625929269271485328e-18,3.755631991906346889e-01
2.399999999999999911e+00,3.383335175549285978e+00,8.095376221225100288e-18,3.756587485550036964e-01
2.402000000000000135e+00,3.384198460986777235e+00,9.251858538542970657e-18,3.757541525822521433e-01
2.403999999999999915e+00,3.385059878119161425e+00,2.197316402903955550e-17,3.758494115749299591e-01
2.406000000000000139e+00,3.385919431792130396e+00,8.095376221225100288e-18,3.759445258348302898e-01
2.407999999999999918e+00,3.386777126839138674e+00,1.156482317317871448e-17,3.760394956629891650e-01
2.410000000000000142e+00,3.387632968081216944e+00,5.782411586589357238e-18,3.761343213596892721e-01
2.411999999999999922e+00,3.388486960327067976e+00,9.251858538542970657e-18,3.762290032244589577e-01
2.414000000000000146e+00,3.389339108373144782e+00,5.782411586589357238e-18,3.763235415560809982e-01
2.415999999999999925e+00,3.390189417003472983e+00,1.850371707708594131e-17,3.764179366525827741e-01
2.418000000000000149e+00,3.391037890989913706e+00,6.938893903907228378e-18,3.765121888112510917e-01
2.419999999999999929e+00,3.391884535092025033e+00,1.387778780781445676e-17,3.766062983286292964e-01
2.422000000000000153e+00,3.392729354057047786e+00,4.625929269271485328e-18,3.767002655005128875e-01
2.423999999999999932e+00,3.393572352620070731e+00,5.782411586589357238e-18,3.767940906219632291e-01
2.426000000000000156e+00,3.394413535503989721e+00,5.782411586589357238e-18,3.768877739873012223e-01
2.427999999999999936e+00,3.395252907419404664e+00,1.156482317317871332e-18,3.769813158901105243e-01
2.430000000000000160e+00,3.396090473064864668e+00,3.469446951953614189e-18,3.770747166232440994e-01
2.431999999999999940e+00,3.396926237126701054e+00,1.734723475976807094e-17,3.771679764788198885e-01
2.434000000000000163e+00,3.397760204279101970e+00,1.272130549049658485e-17,3.772610957482289140e-01
2.435999999999999943e+00,3.398592379184112389e+00,5.782411586589357238e-18,3.773540747221308389e-01
2.438000000000000167e+00,3.399422766491801084e+00,3.469446951953614189e-18,3.774469136904633482e-01
2.439999999999999947e+00,3.400251370840040366e+00,4.625929269271485328e-18,3.775396129424388736e-01
2.442000000000000171e+00,3.401078196854639302e+00,3.469446951953614189e-18,3.776321727665434280e-01
2.443999999999999950e+00,3.401903249149356157e+00,8.095376221225100288e-18,3.777245934505487068e-01
2.446000000000000174e+00,3.402726532326067144e+00,1.156482317317871448e-17,3.778168752815086462e-01
2.447999999999999954e+00,3.403548050974567474e+00,6.938893903907228378e-18,3.779090185457593121e-01
2.450000000000000178e+00,3.404367809672519840e+00,3.469446951953614189e-18,3.780010235289197884e-01
2.451999999999999957e+00,3.405185812985875415e+00,4.625929269271485328e-18,3.780928905159023357e-01
2.454000000000000181e+00,3.406002065468360485e+00,1.503427012513232712e-17,3.781846197909053964e-01
2.455999999999999961e+00,3.406816571662137250e+00,4.625929269271485328e-18,3.782762116374228656e-01
2.458000000000000185e+00,3.407629336097125261e+00,5.782411586589357238e-18,3.783676663382388727e-01
2.459999999999999964e+00,3.408440363291516562e+00,2.312964634635742664e-18,3.784589841754338879e-01
2.462000000000000188e+00,3.409249657751619367e+00,4.625929269271485328e-18,3.785501654303879970e-01
2.463999999999999968e+00,3.410057223971959317e+00,1.156482317317871448e-17,3.786412103837815679e-01
2.466000000000000192e+00,3.410863066435116053e+00,1.272130549049658485e-17,3.787321193155925303e-01
2.467999999999999972e+00,3.411667189611875983e+00,1.156482317317871448e-17,3.788228925051036478e-01
2.470000000000000195e+00,3.412469597961486301e+00,2.197316402903955550e-17,3.789135302309081244e-01
2.471999999999999975e+00,3.413270295931049247e+00,1.214306433183764966e-17,3.790040327708985579e-01
2.474000000000000199e+00,3.414069287956198906e+00,1.734723475976807094e-18,3.790944004022827607e-01
2.475999999999999979e+00,3.414866578460747704e+00,3.469446951953614189e-18,3.791846334015758768e-01
2.478000000000000203e+00,3.415662171856819640e+00,9.830099697201907382e-18,3.792747320446082093e-01
2.479999999999999982e+00,3.416456072544889366e+00,2.717733445696997679e-17,3.793646966065245540e-01
2.482000000000000206e+00,3.417248284913764422e+00,1.734723475976807094e-18,3.794545273617856984e-01
2.483999999999999986e+00,3.418038813340650961e+00,8.673617379884035472e-18,3.795442245841729179e-01
2.486000000000000210e+00,3.418827662190974337e+00,6.938893903907228378e-18,3.796337885467849227e-01
2.487999999999999989e+00,3.419614835818775234e+00,9.251858538542970657e-18,3.797232195220461848e-01
2.490000000000000213e+00,3.420400338566411236e+00,4.625929269271485328e-18,3.798125177817022191e-01
2.491999999999999993e+00,3.421184174764714925e+00,6.360652745248292423e-18,3.799016835968289096e-01
2.494000000000000217e+00,3.421966348732949470e+00,6.938893903907228378e-18,3.799907172378245712e-01
2.495999999999999996e+00,3.422746864779018239e+00,5.204170427930421283e-18,3.800796189744216624e-01
2.498000000000000220e+00,3.423525727199102420e+00,1.098658201451977775e-17,3.801683890756830109e-01
2.500000000000000000e+00,3.424302940278129981e+00,1.329954664915552157e-17,3.802570278100054213e-01
2.502000000000000224e+00,3.425078508289425727e+00,1.156482317317871448e-17,3.803455354451188430e-01
2.504000000000000004e+00,3.425852435495027493e+00,1.156482317317871448e-17,3.804339122480929203e-01
2.506000000000000227e+00,3.426624726145478306e+00,1.214306433183764966e-17,3.805221584853353267e-01
2.508000000000000007e+00,3.427395384480048435e+00,2.312964634635742895e-17,3.806102744225957624e-01
2.510000000000000231e+00,3.428164414726477816e+00,4.047688110612550144e-18,3.806982603249635111e-01
2.512000000000000011e+00,3.428931821101336652e+00,7.517135062566163562e-18,3.807861164568749901e-01
2.514000000000000234e+00,3.429697607809831794e+00,1.445602896647339348e-17,3.808738430821113075e-01
2.516000000000000014e+00,3.430461779045847592e+00,2.891205793294678619e-18,3.809614404638037022e-01
2.518000000000000238e+00,3.431224338992073797e+00,8.673617379884035472e-18,3.810489088644310463e-01
2.520000000000000018e+00,3.431985291819854567e+00,1.040834085586084257e-17,3.811362485458241189e-01
2.522000000000000242e+00,3.432744641689451370e+00,0.000000000000000000e+00,3.812234597691678273e-01
2.524000000000000021e+00,3.433502392749780086e+00,1.445602896647339348e-17,3.813105427950045367e-01
2.526000000000000245e+00,3.434258549138620609e+00,3.469446951953614189e-18,3.813974978832262441e-01
2.528000000000000025e+00,3.435013114982721660e+00,5.204170427930421283e-18,3.814843252930925632e-01
2.530000000000000249e+00,3.435766094397491699e+00,4.047688110612550144e-18,3.815710252832170135e-01
2.532000000000000028e+00,3.436517491487462550e+00,5.204170427930421283e-18,3.816575981115802874e-01
2.534000000000000252e+00,3.437267310345793803e+00,1.214306433183764966e-17,3.817440440355217568e-01
2.536000000000000032e+00,3.438015555054869665e+00,2.312964634635742664e-18,3.818303633117511309e-01
2.538000000000000256e+00,3.438762229685858429e+00,4.047688110612550144e-18,3.819165561963436817e-01
2.540000000000000036e+00,3.439507338298989580e+00,5.782411586589356660e-19,3.820026229447444077e-01
2.542000000000000259e+00,3.440250884943369059e+00,2.891205793294678619e-18,3.820885638117680339e-01
2.544000000000000039e+00,3.440992873657377160e+00,2.312964634635742664e-18,3.821743790516046735e-01
2.546000000000000263e+00,3.441733308468156949e+00,4.047688110612550144e-18,3.822600689178158317e-01
2.548000000000000043e+00,3.442472193392086766e+00,1.966019939440381476e-17,3.823456336633400121e-01
2.550000000000000266e+00,3.443209532434661213e+00,2.081668171172168513e-17,3.824310735404944928e-01
2.552000000000000046e+00,3.443945329590423654e+00,2.139492287038062186e-17,3.825163888009769364e-01
2.554000000000000270e+00,3.444679588843069240e+00,4.047688110612550144e-18,3.826015796958632809e-01
2.556000000000000050e+00,3.445412314165485768e+00,7.517135062566163562e-18,3.826866464756151776e-01
2.558000000000000274e+00,3.446143509519682624e+00,5.204170427930421283e-18,3.827715893900773825e-01
2.560000000000000053e+00,3.446873178856950659e+00,7.517135062566163562e-18,3.828564086884805873e-01
2.561999999999999833e+00,3.447601326117881726e+00,6.938893903907228378e-18,3.829411046194471369e-01
2.564000000000000057e+00,3.448327955232141306e+00,1.734723475976807094e-18,3.830256774309853118e-01
2.565999999999999837e+00,3.449053070118804243e+00,7.517135062566163562e-18,3.831101273704951571e-01
2.568000000000000060e+00,3.449776674686230393e+00,1.676899360110913422e-17,3.831944546847719790e-01
2.569999999999999840e+00,3.450498772832048644e+00,4.047688110612550144e-18,3.832786596200032925e-01
2.572000000000000064e+00,3.451219368443341651e+00,5.782411586589356660e-19,3.833627424217741497e-01
2.573999999999999844e+00,3.451938465396480638e+00,5.782411586589357238e-18,3.834467033350696386e-01
2.576000000000000068e+00,3.452656067557265729e+00,1.445602896647339348e-17,3.835305426042711074e-01
2.577999999999999847e+00,3.453372178780892199e+00,1.156482317317871332e-18,3.836142604731628825e-01
2.580000000000000071e+00,3.454086802912055276e+00,1.676899360110913422e-17,3.836978571849343211e-01
2.581999999999999851e+00,3.454799943784898630e+00,8.095376221225100288e-18,3.837813329821757047e-01
2.584000000000000075e+00,3.455511605222941540e+00,8.673617379884035472e-18,3.838646881068843442e-01
2.585999999999999854e+00,3.456221791039444824e+00,1.156482317317871448e-17,3.839479228004696876e-01
2.588000000000000078e+00,3.456930505037020041e+00,5.782411586589356660e-19,3.840310373037439939e-01
2.589999999999999858e+00,3.457637751007926141e+00,5.782411586589357238e-18,3.841140318569389867e-01
2.592000000000000082e+00,3.458343532733913150e+00,1.156482317317871332e-18,3.841969066996892002e-01
2.593999999999999861e+00,3.459047853986497501e+00,6.938893903907228378e-18,3.842796620710535183e-01
2.596000000000000085e+00,3.459750718526683144e+00,5.782411586589356660e-19,3.843622982094990759e-01
2.597999999999999865e+00,3.460452130105201363e+00,3.469446951953614189e-18,3.844448153529158585e-01
2.600000000000000089e+00,3.461152092462427277e+00,1.156482317317871332e-18,3.845272137386097633e-01
2.601999999999999869e+00,3.461850609328532613e+00,1.329954664915552157e-17,3.846094936033110367e-01
2.604000000000000092e+00,3.462547684423253003e+00,1.040834085586084257e-17,3.846916551831664477e-01
2.605999999999999872e+00,3.463243321456173973e+00,9.830099697201907382e-18,3.847736987137538867e-01
2.608000000000000096e+00,3.463937524126647460e+00,6.360652745248292423e-18,3.848556244300708751e-01
2.609999999999999876e+00,3.464630296123869968e+00,1.619075244245020058e-17,3.849374325665472774e-01
2.612000000000000099e+00,3.465321641126703156e+00,0.000000000000000000e+00,3.850191233570355864e-01
2.613999999999999879e+00,3.466011562804093060e+00,1.966019939440381476e-17,3.851006970348265779e-01
2.616000000000000103e+00,3.466700064814578042e+00,5.204170427930421283e-18,3.851821538326337668e-01
2.617999999999999883e+00,3.467387150806834129e+00,1.272130549049658485e-17,3.852634939826117821e-01
2.620000000000000107e+00,3.468072824419278888e+00,1.098658201451977775e-17,3.853447177163460413e-01
2.621999999999999886e+00,3.468757089280385841e+00,2.428612866367529932e-17,3.854258252648595784e-01
2.624000000000000110e+00,3.469439949008481960e+00,4.047688110612550144e-18,3.855068168586140431e-01
2.625999999999999890e+00,3.470121407211989251e+00,2.023844055306274841e-17,3.855876927275098121e-01
2.628000000000000114e+00,3.470801467489261327e+00,4.625929269271485328e-18,3.856684531008885974e-01
2.629999999999999893e+00,3.471480133428750392e+00,2.486436982233423605e-17,3.857490982075367780e-01
2.632000000000000117e+00,3.472157408608911311e+00,1.561251128379126385e-17,3.858296282756801809e-01
2.633999999999999897e+00,3.472833296598286879e+00,1.040834085586084257e-17,3.859100435329960166e-01
2.636000000000000121e+00,3.473507800955522029e+00,3.469446951953614189e-18,3.859903442066044965e-01
2.637999999999999901e+00,3.474180925229456207e+00,1.098658201451977775e-17,3.860705305230776596e-01
2.640000000000000124e+00,3.474852672959064748e+00,1.156482317317871448e-17,3.861506027084365411e-01
2.641999999999999904e+00,3.475523047673325649e+00,2.197316402903955550e-17,3.862305609881515611e-01
2.644000000000000128e+00,3.476192052891708073e+00,9.830099697201907382e-18,3.863104055871516840e-01
2.645999999999999908e+00,3.476859692123657197e+00,7.517135062566163562e-18,3.863901367298154810e-01
2.648000000000000131e+00,3.477525968869032980e+00,1.156482317317871448e-17,3.864697546399824546e-01
2.649999999999999911e+00,3.478190886617790412e+00,2.312964634635742664e-18,3.865492595409448229e-01
2.652000000000000135e+00,3.478854448850372094e+00,2.891205793294678619e-18,3.866286516554596764e-01
2.653999999999999915e+00,3.479516659037400927e+00,9.830099697201907382e-18,3.867079312057397078e-01
2.656000000000000139e+00,3.480177520639962552e+00,1.272130549049658485e-17,3.867870984134640922e-01
2.657999999999999918e+00,3.480837037109351328e+00,4.047688110612550144e-18,3.868661534997709928e-01
2.660000000000000142e+00,3.481495211887349228e+00,1.040834085586084257e-17,3.869450966852694962e-01
2.661999999999999922e+00,3.482152048406186751e+00,2.197316402903955550e-17,3.870239281900307304e-01
2.664000000000000146e+00,3.482807550088457660e+00,1.329954664915552157e-17,3.871026482335962471e-01
2.665999999999999925e+00,3.483461720347232671e+00,9.251858538542970657e-18,3.871812570349763560e-01
2.668000000000000149e+00,3.484114562586036357e+00,6.938893903907228378e-18,3.872597548126519018e-01
2.669999999999999929e+00,3.484766080198994587e+00,8.095376221225100288e-18,3.873381417845779828e-01
2.672000000000000153e+00,3.485416276570656890e+00,1.734723475976807094e-17,3.874164181681807317e-01
2.673999999999999932e+00,3.486065155076261135e+00,1.040834085586084257e-17,3.874945841803653646e-01
2.676000000000000156e+00,3.486712719081362266e+00,8.673617379884035472e-18,3.875726400375080760e-01
2.677999999999999936e+00,3.487358971942425612e+00,1.329954664915552157e-17,3.876505859554711941e-01
2.680000000000000160e+00,3.488003917006443189e+00,2.023844055306274841e-17,3.877284221495912453e-01
2.681999999999999940e+00,3.488647557610935479e+00,8.673617379884035472e-18,3.878061488346850050e-01
2.684000000000000163e+00,3.489289897084171699e+00,9.830099697201907382e-18,3.878837662250562146e-01
2.685999999999999943e+00,3.489930938745176903e+00,5.204170427930421283e-18,3.879612745344899749e-01
2.688000000000000167e+00,3.490570685903596981e+00,3.238150488490040115e-17,3.880386739762552439e-01
2.689999999999999947e+00,3.491209141859904719e+00,8.673617379884035472e-18,3.881159647631108323e-01
2.692000000000000171e+00,3.491846309905213275e+00,1.387778780781445676e-17,3.881931471073005735e-01
2.693999999999999950e+00,3.492482193321626127e+00,2.312964634635742664e-18,3.882702212205603187e-01
2.696000000000000174e+00,3.493116795381862261e+00,1.734723475976807094e-18,3.883471873141164377e-01
2.697999999999999954e+00,3.493750119349581240e+00,1.734723475976807094e-18,3.884240455986858187e-01
2.700000000000000178e+00,3.494382168479260642e+00,8.095376221225100288e-18,3.885007962844804763e-01
2.701999999999999957e+00,3.495012946016304412e+00,0.000000000000000000e+00,3.885774395812074955e-01
2.704000000000000181e+00,3.495642455196991349e+00,2.949029909160572061e-17,3.886539756980703642e-01
2.705999999999999961e+00,3.496270699248466229e+00,2.312964634635742664e-18,3.887304048437700832e-01
2.708000000000000185e+00,3.496897681388995593e+00,3.469446951953614189e-18,3.888067272265065544e-01
2.709999999999999964e+00,3.497523404827658666e+00,0.000000000000000000e+00,3.888829430539804122e-01
2.712000000000000188e+00,3.498147872764610256e+00,6.938893903907228378e-18,3.889590525333976312e-01
2.713999999999999968e+00,3.498771088390991935e+00,5.204170427930421283e-18,3.890350558714598117e-01
2.716000000000000192e+00,3.499393054889074151e+00,1.908195823574487804e-17,3.891109532743813326e-01
2.717999999999999972e+00,3.500013775432021745e+00,4.625929269271485328e-18,3.891867449478758623e-01
2.720000000000000195e+00,3.500633253184291860e+00,8.095376221225100288e-18,3.892624310971710688e-01
2.721999999999999975e+00,3.501251491301333729e+00,2.891205793294678619e-18,3.893380119269964079e-01
2.724000000000000199e+00,3.501868492929760990e+00,4.047688110612550144e-18,3.894134876415966673e-01
2.725999999999999979e+00,3.502484261207380101e+00,3.469446951953614189e-18,3.894888584447260826e-01
2.728000000000000203e+00,3.503098799263140606e+00,5.782411586589356660e-19,3.895641245396516128e-01
2.729999999999999982e+00,3.503712110217183096e+00,5.782411586589356660e-19,3.896392861291523846e-01
2.732000000000000206e+00,3.504324197180947564e+00,1.792547591842700767e-17,3.897143434155274089e-01
2.733999999999999986e+00,3.504935063257068606e+00,1.272130549049658485e-17,3.897892966005880866e-01
2.736000000000000210e+00,3.505544711539506864e+00,6.938893903907228378e-18,3.898641458856654807e-01
2.737999999999999989e+00,3.506153145113470870e+00,2.891205793294678619e-18,3.899388914716107601e-01
2.740000000000000213e+00,3.506760367055491656e+00,5.782411586589356660e-19,3.900135335587942564e-01
2.741999999999999993e+00,3.507366380433488473e+00,4.625929269271485328e-18,3.900880723471081835e-01
2.744000000000000217e+00,3.507971188306783006e+00,1.619075244245020058e-17,3.901625080359701903e-01
2.745999999999999996e+00,3.508574793725909302e+00,3.469446951953614189e-18,3.902368408243197528e-01
2.748000000000000220e+00,3.509177199733034769e+00,1.908195823574487804e-17,3.903110709106229481e-01
2.750000000000000000e+00,3.509778409361631546e+00,1.734723475976807094e-17,3.903851984928750074e-01
2.752000000000000224e+00,3.510378425636631050e+00,1.387778780781445676e-17,3.904592237685949874e-01
2.754000000000000004e+00,3.510977251574507463e+00,4.047688110612550144e-18,3.905331469348368723e-01
2.756000000000000227e+00,3.511574890183240427e+00,4.625929269271485328e-18,3.906069681881835232e-01
2.758000000000000007e+00,3.512171344462240441e+00,2.312964634635742664e-18,3.906806877247473997e-01
2.760000000000000231e+00,3.512766617402583336e+00,2.602085213965210642e-17,3.907543057401784981e-01
2.762000000000000011e+00,3.513360711986825535e+00,1.156482317317871448e-17,3.908278224296592440e-01
2.764000000000000234e+00,3.513953631189204785e+00,4.047688110612550144e-18,3.909012379879099330e-01
2.766000000000000014e+00,3.514545377975519358e+00,1.734723475976807094e-18,3.909745526091852330e-01
2.768000000000000238e+00,3.515135955303133386e+00,5.782411586589356660e-19,3.910477664872804571e-01
2.770000000000000018e+00,3.515725366121275286e+00,3.411622836087720824e-17,3.911208798155327293e-01
2.772000000000000242e+00,3.516313613370684266e+00,8.673617379884035472e-18,3.911938927868136573e-01
2.774000000000000021e+00,3.516900699983890988e+00,1.156482317317871332e-18,3.912668055935457634e-01
2.776000000000000245e+00,3.517486628885070132e+00,1.272130549049658485e-17,3.913396184276883849e-01
2.778000000000000025e+00,3.518071402990250007e+00,2.891205793294678619e-18,3.914123314807474996e-01
2.780000000000000249e+00,3.518655025207211295e+00,1.098658201451977775e-17,3.914849449437778350e-01
2.782000000000000028e+00,3.519237498435430211e+00,1.676899360110913422e-17,3.915574590073769845e-01
2.784000000000000252e+00,3.519818825566337850e+00,2.891205793294678619e-18,3.916298738616951214e-01
2.786000000000000032e+00,3.520399009483096364e+00,2.197316402903955550e-17,3.917021896964286154e-01
2.788000000000000256e+00,3.520978053060812130e+00,2.544261098099316969e-17,3.917744067008279707e-01
2.790000000000000036e+00,3.521555959166503769e+00,7.517135062566163562e-18,3.918465250636933850e-01
2.792000000000000259e+00,3.522132730658945832e+00,5.782411586589357238e-18,3.919185449733784687e-01
2.794000000000000039e+00,3.522708370388922816e+00,1.156482317317871448e-17,3.919904666177939090e-01
2.796000000000000263e+00,3.523282881199225613e+00,2.312964634635742664e-18,3.920622901844040276e-01
2.798000000000000043e+00,3.523856265924614206e+00,8.095376221225100288e-18,3.921340158602306669e-01
2.800000000000000266e+00,3.524428527391737731e+00,1.156482317317871448e-17,3.922056438318544669e-01
2.802000000000000046e+00,3.524999668419340537e+00,2.891205793294678619e-18,3.922771742854132548e-01
2.804000000000000270e+00,3.525569691818196461e+00,1.387778780781445676e-17,3.923486074066089291e-01
2.806000000000000050e+00,3.526138600391137246e+00,5.782411586589357238e-18,3.924199433807007975e-01
2.808000000000000274e+00,3.526706396933128929e+00,1.445602896647339348e-17,3.924911823925172349e-01
2.810000000000000053e+00,3.527273084231078215e+00,5.782411586589356660e-19,3.925623246264441368e-01
2.812000000000000277e+00,3.527838665064214396e+00,1.850371707708594131e-17,3.926333702664379088e-01
2.814000000000000057e+00,3.528403142203831777e+00,1.445602896647339348e-17,3.927043194960173622e-01
2.815999999999999837e+00,3.528966518413309217e+00,1.098658201451977775e-17,3.927751724982714854e-01
2.818000000000000060e+00,3.529528796448373029e+00,3.122502256758252770e-17,3.928459294558577231e-01
2.819999999999999840e+00,3.530089979056885596e+00,2.312964634635742664e-18,3.929165905510048074e-01
2.822000000000000064e+00,3.530650068978916423e+00,1.040834085586084257e-17,3.929871559655094826e-01
2.823999999999999844e+00,3.531209068946814966e+00,1.734723475976807094e-18,3.930576258807426115e-01
2.826000000000000068e+00,3.531766981685246165e+00,2.370788750501636260e-17,3.931280004776496750e-01
2.827999999999999847e+00,3.532323809911105172e+00,5.782411586589356660e-19,3.931982799367474968e-01
2.830000000000000071e+00,3.532879556333679005e+00,8.095376221225100288e-18,3.932684644381339023e-01
2.831999999999999851e+00,3.533434223654534634e+00,0.000000000000000000e+00,3.933385541614778380e-01
2.834000000000000075e+00,3.533987814567588259e+00,1.561251128379126385e-17,3.934085492860302513e-01
2.835999999999999854e+00,3.534540331759242093e+00,9.251858538542970657e-18,3.934784499906195387e-01
2.838000000000000078e+00,3.535091777908249355e+00,4.625929269271485328e-18,3.935482564536559313e-01
2.839999999999999858e+00,3.535642155685732035e+00,9.830099697201907382e-18,3.936179688531306065e-01
2.842000000000000082e+00,3.536191467755287476e+00,3.469446951953614189e-18,3.936875873666159653e-01
2.843999999999999861e+00,3.536739716773061204e+00,6.938893903907228378e-18,3.937571121712699074e-01
2.846000000000000085e+00,3.537286905387579949e+00,3.469446951953614189e-18,3.938265434438334434e-01
2.847999999999999865e+00,3.537833036239963036e+00,1.156482317317871448e-17,3.938958813606361908e-01
2.850000000000000089e+00,3.538378111963854877e+00,0.000000000000000000e+00,3.939651260975939318e-01
2.851999999999999869e+00,3.538922135185305962e+00,4.625929269271485328e-18,3.940342778302062809e-01
2.854000000000000092e+00,3.539465108523142334e+00,6.938893903907228378e-18,3.941033367335706750e-01
2.855999999999999872e+00,3.540007034588763091e+00,2.312964634635742664e-18,3.941723029823673285e-01
2.858000000000000096e+00,3.540547915986019589e+00,9.251858538542970657e-18,3.942411767508712250e-01
2.859999999999999876e+00,3.541087755311567165e+00,1.966019939440381476e-17,3.943099582129512837e-01
2.862000000000000099e+00,3.541626555154595124e+00,4.625929269271485328e-18,3.943786475420681392e-01
2.863999999999999879e+00,3.542164318097048792e+00,1.156482317317871332e-18,3.944472449112758627e-01
2.866000000000000103e+00,3.542701046713590429e+00,1.098658201451977775e-17,3.945157504932290671e-01
2.867999999999999883e+00,3.543236743571526404e+00,4.047688110612550144e-18,3.945841644601753018e-01
2.870000000000000107e+00,3.543771411230952850e+00,7.517135062566163562e-18,3.946524869839624361e-01
2.871999999999999886e+00,3.544305052244711263e+00,5.204170427930421283e-18,3.947207182360352729e-01
2.874000000000000110e+00,3.544837669158399152e+00,1.156482317317871332e-18,3.947888583874415436e-01
2.875999999999999890e+00,3.545369264510492613e+00,7.517135062566163562e-18,3.948569076088283003e-01
2.878000000000000114e+00,3.545899840832152705e+00,1.445602896647339348e-17,3.949248660704466340e-01
2.879999999999999893e+00,3.546429400647546970e+00,5.782411586589357238e-18,3.949927339421489547e-01
2.882000000000000117e+00,3.546957946473600742e+00,2.139492287038062186e-17,3.950605113933949863e-01
2.883999999999999897e+00,3.547485480820107284e+00,1.098658201451977775e-17,3.951281985932466045e-01
2.886000000000000121e+00,3.548012006189821932e+00,5.204170427930421283e-18,3.951957957103762187e-01
2.887999999999999901e+00,3.548537525078444332e+00,5.782411586589356660e-19,3.952633029130618314e-01
2.890000000000000124e+00,3.549062039974534954e+00,8.673617379884035472e-18,3.953307203691880933e-01
2.891999999999999904e+00,3.549585553359653645e+00,8.673617379884035472e-18,3.953980482462546853e-01
2.894000000000000128e+00,3.550108067708348969e+00,4.047688110612550144e-18,3.954652867113684356e-01
2.895999999999999908e+00,3.550629585488225715e+00,1.272130549049658485e-17,3.955324359312485938e-01
2.898000000000000131e+00,3.551150109159806334e+00,2.544261098099316969e-17,3.955994960722281073e-01
2.899999999999999911e+00,3.551669641176696146e+00,7.517135062566163562e-18,3.956664673002530108e-01
2.902000000000000135e+00,3.552188183985602876e+00,5.782411586589356660e-19,3.957333497808851464e-01
2.903999999999999915e+00,3.552705740026278036e+00,2.891205793294678619e-18,3.958001436793024963e-01
2.906000000000000139e+00,3.553222311731564886e+00,1.098658201451977775e-17,3.958668491602993500e-01
2.907999999999999918e+00,3.553737901527515675e+00,4.625929269271485328e-18,3.959334663882892458e-01
2.910000000000000142e+00,3.554252511833240646e+00,1.734723475976807094e-17,3.959999955273040828e-01
2.911999999999999922e+00,3.554766145061012850e+00,1.734723475976807094e-18,3.960664367409955089e-01
2.914000000000000146e+00,3.555278803616303662e+00,1.734723475976807094e-18,3.961327901926360862e-01
2.915999999999999925e+00,3.555790489897818318e+00,6.360652745248292423e-18,3.961990560451230659e-01
2.918000000000000149e+00,3.556301206297419526e+00,7.517135062566163562e-18,3.962652344609755573e-01
2.919999999999999929e+00,3.556810955200321089e+00,1.156482317317871332e-18,3.963313256023351383e-01
2.922000000000000153e+00,3.557319738984846325e+00,5.204170427930421283e-18,3.963973296309704630e-01
2.923999999999999932e+00,3.557827560022687408e+00,4.625929269271485328e-18,3.964632467082753742e-01
2.926000000000000156e+00,3.558334420678837873e+00,4.625929269271485328e-18,3.965290769952730110e-01
2.927999999999999936e+00,3.558840323311585507e+00,2.544261098099316969e-17,3.965948206526123676e-01
2.930000000000000160e+00,3.559345270272586959e+00,1.214306433183764966e-17,3.966604778405716791e-01
2.931999999999999940e+00,3.559849263906826877e+00,1.156482317317871332e-18,3.967260487190629736e-01
2.934000000000000163e+00,3.560352306552617918e+00,1.561251128379126385e-17,3.967915334476231903e-01
2.935999999999999943e+00,3.560854400541803244e+00,8.095376221225100288e-18,3.968569321854277798e-01
2.938000000000000167e+00,3.561355548199509613e+00,1.734723475976807094e-17,3.969222450912812117e-01
2.939999999999999947e+00,3.561855751844360540e+00,1.156482317317871448e-17,3.969874723236243574e-01
2.942000000000000171e+00,3.562355013788378599e+00,1.445602896647339348e-17,3.970526140405313820e-01
2.943999999999999950e+00,3.562853336337182597e+00,1.734723475976807094e-17,3.971176703997142954e-01
2.946000000000000174e+00,3.563350721789690922e+00,1.734723475976807094e-18,3.971826415585215098e-01
2.947999999999999954e+00,3.563847172438535438e+00,5.782411586589357238e-18,3.972475276739375616e-01
2.950000000000000178e+00,3.564342690569747063e+00,1.214306433183764966e-17,3.973123289025904947e-01
2.951999999999999957e+00,3.564837278462878345e+00,4.625929269271485328e-18,3.973770454007438113e-01
2.954000000000000181e+00,3.565330938391156224e+00,9.830099697201907382e-18,3.974416773243028556e-01
2.955999999999999961e+00,3.565823672621284857e+00,8.095376221225100288e-18,3.975062248288166455e-01
2.958000000000000185e+00,3.566315483413747600e+00,8.095376221225100288e-18,3.975706880694778733e-01
2.959999999999999964e+00,3.566806373022401999e+00,1.272130549049658485e-17,3.976350672011187970e-01
2.962000000000000188e+00,3.567296343694906113e+00,1.387778780781445676e-17,3.976993623782194009e-01
2.963999999999999968e+00,3.567785397672547987e+00,5.204170427930421283e-18,3.977635737549057859e-01
2.966000000000000192e+00,3.568273537190330913e+00,1.966019939440381476e-17,3.978277014849477822e-01
2.967999999999999972e+00,3.568760764476811786e+00,1.098658201451977775e-17,3.978917457217653331e-01
2.970000000000000195e+00,3.569247081754440387e+00,4.625929269271485328e-18,3.979557066184277181e-01
2.971999999999999975e+00,3.569732491239319572e+00,1.214306433183764966e-17,3.980195843276516099e-01
2.974000000000000199e+00,3.570216995141283434e+00,1.214306433183764966e-17,3.980833790018025731e-01
2.975999999999999979e+00,3.570700595663872434e+00,3.469446951953614189e-18,3.981470907929013925e-01
2.978000000000000203e+00,3.571183295004654923e+00,1.040834085586084257e-17,3.982107198526181890e-01
2.979999999999999982e+00,3.571665095354751074e+00,4.047688110612550144e-18,3.982742663322783594e-01
2.982000000000000206e+00,3.572145998899209474e+00,9.251858538542970657e-18,3.983377303828587457e-01
2.983999999999999986e+00,3.572626007816881000e+00,4.047688110612550144e-18,3.984011121549935752e-01
2.986000000000000210e+00,3.573105124280589351e+00,5.782411586589356660e-19,3.984644117989724621e-01
2.987999999999999989e+00,3.573583350456917884e+00,1.272130549049658485e-17,3.985276294647407958e-01
2.990000000000000213e+00,3.574060688506369488e+00,1.734723475976807094e-18,3.985907653019022945e-01
2.991999999999999993e+00,3.574537140583343486e+00,1.561251128379126385e-17,3.986538194597186169e-01
2.994000000000000217e+00,3.575012708836229791e+00,1.156482317317871332e-18,3.987167920871131366e-01
2.995999999999999996e+00,3.575487395407348501e+00,6.360652745248292423e-18,3.987796833326671675e-01
2.998000000000000220e+00,3.575961202432960562e+00,5.782411586589356660e-19,3.988424933446250709e-01
3.000000000000000000e+00,3.576434132043340597e+00,9.251858538542970657e-18,3.989052222708915352e-01
