# delta,gap,coarse,fine
0.000000000000000000e+00,0.000000000000000000e+00,2.329811442383929176e-02,1.144537610991077509e-01
2.000000000000000042e-03,3.557637712447103695e-03,9.251858538542970657e-18,8.845885100419792479e-02
4.000000000000000083e-03,7.119432541783154988e-03,1.619075244245020058e-17,8.803297689515282576e-02
6.000000000000000125e-03,1.068537364282118318e-02,6.938893903907228378e-18,8.761132988308178993e-02
8.000000000000000167e-03,1.425545010419337899e-02,4.625929269271485328e-18,8.719397367304970725e-02
1.000000000000000021e-02,1.782965094852428933e-02,4.625929269271485328e-18,8.678097233229196961e-02
1.200000000000000025e-02,2.140796513263421019e-02,2.312964634635742664e-18,8.637239026729574831e-02
1.400000000000000029e-02,2.499038154770438780e-02,2.312964634635742664e-18,8.596829219949909950e-02
1.600000000000000033e-02,2.857688901936583648e-02,0.000000000000000000e+00,8.556874313957893441e-02
1.800000000000000211e-02,3.216747630808836078e-02,2.312964634635742664e-18,8.517380836030315205e-02
2.000000000000000042e-02,3.576213210910594853e-02,1.387778780781445676e-17,8.478355336791530694e-02
2.199999999999999872e-02,3.936084505280224022e-02,9.251858538542970657e-18,8.439804387203517222e-02
2.400000000000000050e-02,4.296360370480911683e-02,1.156482317317871448e-17,8.401734575405425676e-02
2.600000000000000228e-02,4.657039656621364543e-02,6.938893903907228378e-18,8.364152503400444638e-02
2.800000000000000058e-02,5.018121207375703108e-02,6.938893903907228378e-18,8.327064783589280261e-02
2.999999999999999889e-02,5.379603860001225257e-02,1.619075244245020058e-17,8.290478035148844682e-02
3.200000000000000067e-02,5.741486445357857349e-02,6.938893903907228378e-18,8.254398880255173210e-02
3.400000000000000244e-02,6.103767787934266664e-02,9.251858538542970657e-18,8.218833940151318296e-02
3.600000000000000422e-02,6.466446705850614762e-02,4.625929269271485328e-18,8.183789831058913000e-02
3.799999999999999906e-02,6.829522010901278861e-02,4.625929269271485328e-18,8.149273159935729871e-02
4.000000000000000083e-02,7.192992508557161102e-02,6.938893903907228378e-18,8.115290520078785597e-02
4.200000000000000261e-02,7.556856997995708980e-02,1.387778780781445676e-17,8.081848486575800294e-02
4.399999999999999745e-02,7.921114272118234823e-02,1.387778780781445676e-17,8.048953611606471381e-02
4.599999999999999922e-02,8.285763117568389902e-02,9.251858538542970657e-18,8.016612419596545747e-02
4.800000000000000100e-02,8.650802314756500522e-02,2.312964634635742664e-18,7.984831402228337316e-02
5.000000000000000278e-02,9.016230637879907306e-02,6.938893903907228378e-18,7.953617013310779194e-02
5.200000000000000455e-02,9.382046854941972214e-02,6.938893903907228378e-18,7.922975663514666977e-02
5.399999999999999939e-02,9.748249727779256801e-02,1.850371707708594131e-17,7.892913714977316253e-02
5.600000000000000117e-02,1.011483801207138100e-01,1.156482317317871448e-17,7.863437475783265074e-02
5.800000000000000294e-02,1.048181045737903716e-01,0.000000000000000000e+00,7.834553194327086023e-02
5.999999999999999778e-02,1.084916580714638812e-01,9.251858538542970657e-18,7.806267053565872638e-02
6.199999999999999956e-02,1.121690279874361096e-01,4.625929269271485328e-18,7.778585165169207838e-02
6.400000000000000133e-02,1.158502016347524588e-01,1.156482317317871448e-17,7.751513563575171406e-02
6.600000000000000311e-02,1.195351662660533165e-01,6.938893903907228378e-18,7.725058199961996885e-02
6.800000000000000488e-02,1.232239090737756726e-01,2.312964634635742664e-18,7.699224936145175613e-02
7.000000000000000666e-02,1.269164171904737515e-01,1.619075244245020058e-17,7.674019538410803420e-02
7.200000000000000844e-02,1.306126776889389163e-01,4.625929269271485328e-18,7.649447671296633056e-02
7.399999999999999634e-02,1.343126775824430297e-01,9.251858538542970657e-18,7.625514891332801914e-02
7.599999999999999811e-02,1.380164038250848435e-01,4.625929269271485328e-18,7.602226640754988773e-02
7.799999999999999989e-02,1.417238433118521712e-01,0.000000000000000000e+00,7.579588241203066845e-02
8.000000000000000167e-02,1.454349828789673893e-01,4.625929269271485328e-18,7.557604887419548667e-02
8.200000000000000344e-02,1.491498093040597439e-01,6.938893903907228378e-18,7.536281640961739470e-02
8.400000000000000522e-02,1.528683093064771015e-01,4.625929269271485328e-18,7.515623423942816017e-02
8.600000000000000699e-02,1.565904695474333863e-01,1.156482317317871448e-17,7.495635012816885545e-02
8.799999999999999489e-02,1.603162766303007913e-01,9.251858538542970657e-18,7.476321032223945395e-02
8.999999999999999667e-02,1.640457171008202764e-01,9.251858538542970657e-18,7.457685948910733331e-02
9.199999999999999845e-02,1.677787774473920024e-01,0.000000000000000000e+00,7.439734065743591751e-02
9.400000000000000022e-02,1.715154441012529674e-01,9.251858538542970657e-18,7.422469515830107389e-02
9.600000000000000200e-02,1.752557034367701050e-01,6.938893903907228378e-18,7.405896256766045238e-02
9.800000000000000377e-02,1.789995417716045978e-01,0.000000000000000000e+00,7.390018065024105132e-02
1.000000000000000056e-01,1.827469453670964583e-01,1.387778780781445676e-17,7.374838530501476308e-02
1.020000000000000073e-01,1.864979004283835451e-01,4.625929269271485328e-18,7.360361051242560182e-02
1.040000000000000091e-01,1.902523931047346295e-01,1.619075244245020058e-17,7.346588828353110834e-02
1.059999999999999970e-01,1.940104094896852871e-01,6.938893903907228378e-18,7.333524861122169003e-02
1.079999999999999988e-01,1.977719356214020507e-01,6.938893903907228378e-18,7.321171942367342422e-02
1.100000000000000006e-01,2.015369574829559696e-01,2.312964634635742664e-18,7.309532654018935371e-02
1.120000000000000023e-01,2.053054610023963278e-01,2.312964634635742664e-18,7.298609362957156343e-02
1.140000000000000041e-01,2.090774320531973984e-01,4.625929269271485328e-18,7.288404217117530615e-02
1.160000000000000059e-01,2.128528564543836765e-01,0.000000000000000000e+00,7.278919141876832866e-02
1.180000000000000077e-01,2.166317199708798213e-01,9.251858538542970657e-18,7.270155836733345478e-02
1.199999999999999956e-01,2.204140083137042794e-01,1.387778780781445676e-17,7.262115772292344895e-02
1.219999999999999973e-01,2.241997071402312969e-01,1.850371707708594131e-17,7.254800187568412329e-02
1.239999999999999991e-01,2.279888020544724725e-01,4.625929269271485328e-18,7.248210087614237462e-02
1.260000000000000009e-01,2.317812786073458753e-01,4.625929269271485328e-18,7.242346241484592939e-02
1.280000000000000027e-01,2.355771222968527923e-01,1.156482317317871448e-17,7.237209180543711928e-02
1.300000000000000044e-01,2.393763185684640860e-01,2.312964634635742664e-18,7.232799197122354029e-02
1.320000000000000062e-01,2.431788528152818429e-01,4.625929269271485328e-18,7.229116343529953803e-02
1.340000000000000080e-01,2.469847103783635589e-01,0.000000000000000000e+00,7.226160431426240094e-02
1.360000000000000098e-01,2.507938765469441833e-01,9.251858538542970657e-18,7.223931031555044791e-02
1.380000000000000115e-01,2.546063365587052374e-01,0.000000000000000000e+00,7.222427473841848411e-02
1.400000000000000133e-01,2.584220756000767949e-01,6.938893903907228378e-18,7.221648847855806352e-02
1.420000000000000151e-01,2.622410788064533094e-01,0.000000000000000000e+00,7.221594003634475289e-02
1.440000000000000169e-01,2.660633312625195757e-01,2.312964634635742895e-17,7.222261552869853329e-02
1.459999999999999909e-01,2.698888180024576755e-01,1.156482317317871448e-17,7.223649870451515076e-02
1.479999999999999927e-01,2.737175240102383000e-01,4.625929269271485328e-18,7.225757096362096787e-02
1.499999999999999944e-01,2.775494342199218423e-01,0.000000000000000000e+00,7.228581137919437571e-02
1.519999999999999962e-01,2.813845335158324801e-01,0.000000000000000000e+00,7.232119672357463502e-02
1.539999999999999980e-01,2.852228067329756200e-01,1.156482317317871448e-17,7.236370149738140245e-02
1.559999999999999998e-01,2.890642386571773415e-01,6.938893903907228378e-18,7.241329796184096945e-02
1.580000000000000016e-01,2.929088140254556549e-01,6.938893903907228378e-18,7.246995617422342939e-02
1.600000000000000033e-01,2.967565175261581700e-01,2.312964634635742664e-18,7.253364402626283347e-02
1.620000000000000051e-01,3.006073337994168426e-01,4.625929269271485328e-18,7.260432728545056225e-02
1.640000000000000069e-01,3.044612474372794253e-01,9.251858538542970657e-18,7.268196963905451669e-02
1.660000000000000087e-01,3.083182429840203298e-01,4.625929269271485328e-18,7.276653274073288657e-02
1.680000000000000104e-01,3.121783049364701412e-01,0.000000000000000000e+00,7.285797625959222756e-02
1.700000000000000122e-01,3.160414177442074646e-01,1.156482317317871448e-17,7.295625793153455441e-02
1.720000000000000140e-01,3.199075658098973207e-01,1.387778780781445676e-17,7.306133361273967064e-02
1.740000000000000158e-01,3.237767334895433891e-01,6.938893903907228378e-18,7.317315733511359221e-02
1.759999999999999898e-01,3.276489050927562374e-01,4.625929269271485328e-18,7.329168136354423380e-02
1.779999999999999916e-01,3.315240648830251047e-01,1.387778780781445676e-17,7.341685625479062172e-02
1.799999999999999933e-01,3.354021970780758366e-01,6.938893903907228378e-18,7.354863091783593598e-02
1.819999999999999951e-01,3.392832858500121063e-01,9.251858538542970657e-18,7.368695267553816708e-02
1.839999999999999969e-01,3.431673153257515096e-01,4.625929269271485328e-18,7.383176732740152903e-02
1.859999999999999987e-01,3.470542695871365879e-01,4.625929269271485328e-18,7.398301921330095732e-02
1.880000000000000004e-01,3.509441326713726994e-01,0.000000000000000000e+00,7.414065127799307486e-02
1.900000000000000022e-01,3.548368885711647991e-01,9.251858538542970657e-18,7.430460513624512209e-02
1.920000000000000040e-01,3.587325212352006076e-01,6.938893903907228378e-18,7.447482113841856488e-02
1.940000000000000058e-01,3.626310145681266306e-01,2.312964634635742664e-18,7.465123843634852152e-02
1.960000000000000075e-01,3.665323524311174808e-01,1.387778780781445676e-17,7.483379504936558957e-02
1.980000000000000093e-01,3.704365186420863765e-01,2.312964634635742664e-18,7.502242793030507173e-02
2.000000000000000111e-01,3.743434969757846176e-01,4.625929269271485328e-18,7.521707303136063172e-02
2.020000000000000129e-01,3.782532711643531442e-01,2.312964634635742664e-18,7.541766536964437939e-02
2.040000000000000147e-01,3.821658248974824090e-01,1.387778780781445676e-17,7.562413909231535669e-02
2.060000000000000164e-01,3.860811418225527092e-01,4.625929269271485328e-18,7.583642754115282880e-02
2.080000000000000182e-01,3.899992055452372597e-01,1.619075244245020058e-17,7.605446331645170088e-02
2.099999999999999922e-01,3.939199996294835415e-01,2.312964634635742664e-18,7.627817834012665110e-02
2.119999999999999940e-01,3.978435075979680491e-01,0.000000000000000000e+00,7.650750391791703853e-02
2.139999999999999958e-01,4.017697129323547500e-01,0.000000000000000000e+00,7.674237080059630178e-02
2.159999999999999976e-01,4.056985990734895964e-01,1.619075244245020058e-17,7.698270924408845417e-02
2.179999999999999993e-01,4.096301494219112271e-01,9.251858538542970657e-18,7.722844906841117019e-02
2.200000000000000011e-01,4.135643473377772494e-01,0.000000000000000000e+00,7.747951971536312654e-02
2.220000000000000029e-01,4.175011761414957334e-01,9.251858538542970657e-18,7.773585030489044145e-02
2.240000000000000047e-01,4.214406191137864965e-01,2.312964634635742664e-18,7.799736969006243470e-02
2.260000000000000064e-01,4.253826594961633845e-01,2.081668171172168513e-17,7.826400651060541613e-02
2.280000000000000082e-01,4.293272804909546991e-01,6.938893903907228378e-18,7.853568924494144787e-02
2.300000000000000100e-01,4.332744652618956138e-01,6.938893903907228378e-18,7.881234626069229254e-02
2.320000000000000118e-01,4.372241969341406076e-01,1.619075244245020058e-17,7.909390586360742770e-02
2.340000000000000135e-01,4.411764585947448580e-01,1.156482317317871448e-17,7.938029634489222885e-02
2.360000000000000153e-01,4.451312332928498705e-01,1.387778780781445676e-17,7.967144602690720556e-02
2.380000000000000171e-01,4.490885040399694716e-01,4.625929269271485328e-18,7.996728330722265021e-02
2.399999999999999911e-01,4.530482538103548507e-01,2.312964634635742664e-18,8.026773670101335079e-02
2.419999999999999929e-01,4.570104655412574601e-01,6.938893903907228378e-18,8.057273488179164667e-02
2.439999999999999947e-01,4.609751221330773419e-01,4.625929269271485328e-18,8.088220672046836368e-02
2.459999999999999964e-01,4.649422064498542895e-01,0.000000000000000000e+00,8.119608132274949708e-02
2.479999999999999982e-01,4.689117013194703532e-01,1.387778780781445676e-17,8.151428806487617806e-02
2.500000000000000000e-01,4.728835895338860951e-01,1.619075244245020058e-17,8.183675662771101866e-02
2.520000000000000018e-01,4.768578538494629981e-01,9.251858538542970657e-18,8.216341702919482959e-02
2.540000000000000036e-01,4.808344769873755808e-01,1.387778780781445676e-17,8.249419965518621500e-02
2.560000000000000053e-01,4.848134416336247199e-01,2.312964634635742664e-18,8.282903528870497190e-02
2.580000000000000071e-01,4.887947304396043080e-01,4.625929269271485328e-18,8.316785513760557857e-02
2.600000000000000089e-01,4.927783260222255990e-01,9.251858538542970657e-18,8.351059086070901361e-02
2.620000000000000107e-01,4.967642109642387283e-01,2.312964634635742664e-18,8.385717459241599780e-02
2.640000000000000124e-01,5.007523678145631152e-01,2.312964634635742664e-18,8.420753896584187714e-02
2.660000000000000142e-01,5.047427790885254950e-01,1.387778780781445676e-17,8.456161713449712736e-02
2.680000000000000160e-01,5.087354272681752221e-01,6.938893903907228378e-18,8.491934279255629325e-02
2.700000000000000178e-01,5.127302948025835860e-01,9.251858538542970657e-18,8.528065019374671263e-02
2.720000000000000195e-01,5.167273641080214475e-01,1.387778780781445676e-17,8.564547416889765896e-02
2.740000000000000213e-01,5.207266175684894804e-01,0.000000000000000000e+00,8.601375014218602677e-02
2.760000000000000231e-01,5.247280375357030735e-01,0.000000000000000000e+00,8.638541414611913827e-02
2.780000000000000249e-01,5.287316063295888213e-01,1.387778780781445676e-17,8.676040283529576347e-02
2.800000000000000266e-01,5.327373062385394320e-01,4.625929269271485328e-18,8.713865349898412827e-02
2.820000000000000284e-01,5.367451195196224489e-01,1.387778780781445676e-17,8.752010407255877977e-02
2.840000000000000302e-01,5.407550283989426276e-01,1.156482317317871448e-17,8.790469314783523613e-02
2.860000000000000320e-01,5.447670150719305937e-01,0.000000000000000000e+00,8.829235998234831462e-02
2.880000000000000338e-01,5.487810617035728811e-01,9.251858538542970657e-18,8.868304450760670921e-02
2.899999999999999800e-01,5.527971504287263471e-01,1.850371707708594131e-17,8.907668733637545688e-02
2.919999999999999818e-01,5.568152633524290351e-01,2.081668171172168513e-17,8.947322976901465885e-02
2.939999999999999836e-01,5.608353825501772860e-01,1.156482317317871448e-17,8.987261379892380608e-02
2.959999999999999853e-01,5.648574900681255784e-01,4.625929269271485328e-18,9.027478211712529343e-02
2.979999999999999871e-01,5.688815679235679212e-01,6.938893903907228378e-18,9.067967811602913042e-02
2.999999999999999889e-01,5.729075981049973620e-01,4.625929269271485328e-18,9.108724589241426473e-02
3.019999999999999907e-01,5.769355625726069192e-01,2.312964634635742664e-18,9.149743024966654203e-02
3.039999999999999925e-01,5.809654432583828410e-01,0.000000000000000000e+00,9.191017669930610923e-02
3.059999999999999942e-01,5.849972220664749756e-01,0.000000000000000000e+00,9.232543146184346572e-02
3.079999999999999960e-01,5.890308808735671420e-01,2.312964634635742664e-18,9.274314146699948191e-02
3.099999999999999978e-01,5.930664015290272317e-01,2.312964634635742664e-18,9.316325435331711258e-02
3.119999999999999996e-01,5.971037658552171834e-01,0.000000000000000000e+00,9.358571846720509235e-02
3.140000000000000013e-01,6.011429556478562475e-01,9.251858538542970657e-18,9.401048286144184085e-02
3.160000000000000031e-01,6.051839526762083921e-01,4.625929269271485328e-18,9.443749729317246766e-02
3.180000000000000049e-01,6.092267386835565901e-01,2.081668171172168513e-17,9.486671222142444015e-02
3.200000000000000067e-01,6.132712953871095607e-01,1.156482317317871448e-17,9.529807880417738575e-02
3.220000000000000084e-01,6.173176044786981009e-01,2.544261098099316969e-17,9.573154889501132858e-02
3.240000000000000102e-01,6.213656476248807792e-01,4.625929269271485328e-18,9.616707503935997825e-02
3.260000000000000120e-01,6.254154064671197943e-01,9.251858538542970657e-18,9.660461047039738125e-02
3.280000000000000138e-01,6.294668626223005603e-01,1.850371707708594131e-17,9.704410910458069472e-02
3.300000000000000155e-01,6.335199976828418400e-01,1.387778780781445676e-17,9.748552553687560296e-02
3.320000000000000173e-01,6.375747932169941734e-01,6.938893903907228378e-18,9.792881503568547086e-02
3.340000000000000191e-01,6.416312307692342287e-01,1.387778780781445676e-17,9.837393353750654990e-02
3.360000000000000209e-01,6.456892918603642784e-01,0.000000000000000000e+00,9.882083764133235693e-02
3.380000000000000226e-01,6.497489579880841859e-01,1.387778780781445676e-17,9.926948460282734865e-02
3.400000000000000244e-01,6.538102106268599556e-01,4.625929269271485328e-18,9.971983232828321442e-02
3.420000000000000262e-01,6.578730312286822368e-01,1.156482317317871448e-17,1.001718393683891095e-01
3.440000000000000280e-01,6.619374012229028992e-01,4.625929269271485328e-18,1.006254649118186184e-01
3.460000000000000298e-01,6.660033020168212303e-01,9.251858538542970657e-18,1.010806687786620500e-01
3.480000000000000315e-01,6.700707149958615716e-01,4.625929269271485328e-18,1.015374114137152783e-01
3.500000000000000333e-01,6.741396215238157907e-01,6.938893903907228378e-18,1.019956538796369244e-01
3.519999999999999796e-01,6.782100029432793775e-01,4.625929269271485328e-18,1.024553578499985823e-01
3.539999999999999813e-01,6.822818405756354565e-01,2.312964634635742664e-18,1.029164856022296293e-01
3.559999999999999831e-01,6.863551157216818410e-01,2.081668171172168513e-17,1.033790000104781448e-01
3.579999999999999849e-01,6.904298096617145220e-01,4.625929269271485328e-18,1.038428645383982635e-01
3.599999999999999867e-01,6.945059036557656995e-01,1.850371707708594131e-17,1.043080432318732459e-01
3.619999999999999885e-01,6.985833789441047159e-01,1.619075244245020058e-17,1.047745007116883814e-01
3.639999999999999902e-01,7.026622167471892055e-01,2.312964634635742664e-18,1.052422021661610918e-01
3.659999999999999920e-01,7.067423982663028070e-01,1.387778780781445676e-17,1.057111133437435985e-01
3.679999999999999938e-01,7.108239046836093422e-01,2.775557561562891351e-17,1.061812005455986946e-01
3.699999999999999956e-01,7.149067171624272632e-01,4.625929269271485328e-18,1.066524306181651366e-01
3.719999999999999973e-01,7.189908168476355499e-01,9.251858538542970657e-18,1.071247709457177621e-01
3.739999999999999991e-01,7.230761848659028601e-01,1.156482317317871448e-17,1.075981894429288571e-01
3.760000000000000009e-01,7.271628023258411844e-01,2.312964634635742664e-18,1.080726545474390843e-01
3.780000000000000027e-01,7.312506503184810214e-01,4.625929269271485328e-18,1.085481352124482712e-01
3.800000000000000044e-01,7.353397099174925344e-01,1.850371707708594131e-17,1.090246008993226712e-01
3.820000000000000062e-01,7.394299621792921329e-01,0.000000000000000000e+00,1.095020215702342953e-01
3.840000000000000080e-01,7.435213881436455452e-01,9.251858538542970657e-18,1.099803676808357999e-01
3.860000000000000098e-01,7.476139688335683431e-01,1.387778780781445676e-17,1.104596101729695828e-01
3.880000000000000115e-01,7.517076852558783884e-01,9.251858538542970657e-18,1.109397204674239523e-01
3.900000000000000133e-01,7.558025184014489639e-01,1.156482317317871448e-17,1.114206704567367034e-01
3.920000000000000151e-01,7.598984492453064732e-01,4.625929269271485328e-18,1.119024324980473634e-01
3.940000000000000169e-01,7.639954587471224912e-01,0.000000000000000000e+00,1.123849794060093749e-01
3.960000000000000187e-01,7.680935278513221220e-01,9.251858538542970657e-18,1.128682844457583045e-01
3.980000000000000204e-01,7.721926374874685806e-01,1.156482317317871448e-17,1.133523213259425705e-01
4.000000000000000222e-01,7.762927685704781311e-01,1.387778780781445676e-17,1.138370641918189929e-01
4.020000000000000240e-01,7.803939020009353911e-01,4.625929269271485328e-18,1.143224876184168320e-01
4.040000000000000258e-01,7.844960186653082701e-01,2.312964634635742664e-18,1.148085666037672592e-01
4.060000000000000275e-01,7.885990994363183404e-01,1.619075244245020058e-17,1.152952765622109882e-01
4.080000000000000293e-01,7.927031251731229133e-01,9.251858538542970657e-18,1.157825933177724503e-01
4.100000000000000311e-01,7.968080767216489946e-01,1.156482317317871448e-17,1.162704930976156403e-01
4.120000000000000329e-01,8.009139349148384213e-01,2.544261098099316969e-17,1.167589525255720712e-01
4.140000000000000346e-01,8.050206805729454018e-01,3.006854025026465425e-17,1.172479486157469858e-01
4.160000000000000364e-01,8.091282945037701069e-01,6.938893903907228378e-18,1.177374587662083916e-01
4.179999999999999827e-01,8.132367575029704199e-01,9.251858538542970657e-18,1.182274607527519922e-01
4.199999999999999845e-01,8.173460503543008571e-01,4.625929269271485328e-18,1.187179327227479708e-01
4.219999999999999862e-01,8.214561538299323118e-01,2.312964634635742664e-18,1.192088531890706793e-01
4.239999999999999880e-01,8.255670486907318306e-01,0.000000000000000000e+00,1.197002010241089154e-01
4.259999999999999898e-01,8.296787156864313673e-01,9.251858538542970657e-18,1.201919554538595503e-01
4.279999999999999916e-01,8.337911355560221338e-01,9.251858538542970657e-18,1.206840960521019523e-01
4.299999999999999933e-01,8.379042890279366773e-01,9.251858538542970657e-18,1.211766027346588975e-01
4.319999999999999951e-01,8.420181568203926048e-01,1.156482317317871448e-17,1.216694557537351395e-01
4.339999999999999969e-01,8.461327196416430496e-01,1.156482317317871448e-17,1.221626356923451173e-01
4.359999999999999987e-01,8.502479581901942751e-01,0.000000000000000000e+00,1.226561234588182808e-01
4.380000000000000004e-01,8.543638531551831505e-01,4.625929269271485328e-18,1.231499002813885441e-01
4.400000000000000022e-01,8.584803852164801796e-01,6.938893903907228378e-18,1.236439477028672268e-01
4.420000000000000040e-01,8.625975350452232959e-01,0.000000000000000000e+00,1.241382475753981529e-01
4.440000000000000058e-01,8.667152833037921056e-01,4.625929269271485328e-18,1.246327820552915328e-01
4.460000000000000075e-01,8.708336106463381299e-01,6.938893903907228378e-18,1.251275335979433190e-01
4.480000000000000093e-01,8.749524977187785879e-01,2.312964634635742664e-18,1.256224849528281284e-01
4.500000000000000111e-01,8.790719251594003580e-01,9.251858538542970657e-18,1.261176191585826611e-01
4.520000000000000129e-01,8.831918735988066871e-01,1.850371707708594131e-17,1.266129195381578143e-01
4.540000000000000147e-01,8.873123236604376629e-01,1.619075244245020058e-17,1.271083696940563945e-01
4.560000000000000164e-01,8.914332559607212048e-01,1.156482317317871448e-17,1.276039535036455619e-01
4.580000000000000182e-01,8.955546511092808970e-01,6.938893903907228378e-18,1.280996551145495155e-01
4.600000000000000200e-01,8.996764897093862956e-01,2.312964634635742895e-17,1.285954589401146209e-01
4.620000000000000218e-01,9.037987523580399696e-01,0.000000000000000000e+00,1.290913496549538908e-01
4.640000000000000235e-01,9.079214196463984976e-01,4.625929269271485328e-18,1.295873121905648240e-01
4.660000000000000253e-01,9.120444721599128002e-01,4.625929269271485328e-18,1.300833317310199078e-01
4.680000000000000271e-01,9.161678904786407784e-01,2.081668171172168513e-17,1.305793937087335321e-01
4.700000000000000289e-01,9.202916551775937037e-01,9.251858538542970657e-18,1.310754838002990696e-01
4.720000000000000306e-01,9.244157468269360578e-01,1.387778780781445676e-17,1.315715879223952334e-01
4.740000000000000324e-01,9.285401459921800438e-01,2.312964634635742664e-18,1.320676922277694287e-01
4.760000000000000342e-01,9.326648332345550685e-01,1.387778780781445676e-17,1.325637831012810575e-01
4.780000000000000360e-01,9.367897891113408093e-01,4.625929269271485328e-18,1.330598471560244800e-01
4.799999999999999822e-01,9.409149941759515912e-01,9.251858538542970657e-18,1.335558712295074058e-01
4.819999999999999840e-01,9.450404289783378431e-01,1.619075244245020058e-17,1.340518423799085812e-01
4.839999999999999858e-01,9.491660740652614336e-01,6.938893903907228378e-18,1.345477478823892958e-01
4.859999999999999876e-01,9.532919099803542906e-01,4.625929269271485328e-18,1.350435752254789956e-01
4.879999999999999893e-01,9.574179172647871994e-01,1.387778780781445676e-17,1.355393121075184892e-01
4.899999999999999911e-01,9.615440764571285825e-01,2.312964634635742664e-18,1.360349464331703506e-01
4.919999999999999929e-01,9.656703680938214518e-01,1.387778780781445676e-17,1.365304663099855542e-01
4.939999999999999947e-01,9.697967727094480850e-01,9.251858538542970657e-18,1.370258600450383057e-01
4.959999999999999964e-01,9.739232708369538472e-01,1.156482317317871448e-17,1.375211161416130812e-01
4.979999999999999982e-01,9.780498430078470307e-01,2.312964634635742664e-18,1.380162232959584179e-01
5.000000000000000000e-01,9.821764697526980115e-01,1.850371707708594131e-17,1.385111703940903050e-01
5.020000000000000018e-01,9.863031316010832938e-01,1.387778780781445676e-17,1.390059465086590507e-01
5.040000000000000036e-01,9.904298090821450629e-01,1.156482317317871448e-17,1.395005408958705784e-01
5.060000000000000053e-01,9.945564827246498041e-01,9.251858538542970657e-18,1.399949429924598199e-01
5.080000000000000071e-01,9.986831330573737731e-01,4.625929269271485328e-18,1.404891424127232835e-01
5.100000000000000089e-01,1.002809740609381883e+00,2.312964634635742664e-18,1.409831289456006387e-01
5.120000000000000107e-01,1.006936285910125406e+00,1.156482317317871448e-17,1.414768925518107290e-01
5.140000000000000124e-01,1.011062749489973100e+00,1.619075244245020058e-17,1.419704233610398492e-01
5.160000000000000142e-01,1.015189111880216544e+00,2.312964634635742664e-18,1.424637116691762073e-01
5.180000000000000160e-01,1.019315353613551522e+00,6.938893903907228378e-18,1.429567479356000093e-01
5.200000000000000178e-01,1.023441455224110896e+00,1.156482317317871448e-17,1.434495227805190898e-01
5.220000000000000195e-01,1.027567397248103198e+00,0.000000000000000000e+00,1.439420269823521448e-01
5.240000000000000213e-01,1.031693160223504435e+00,0.000000000000000000e+00,1.444342514751593420e-01
5.260000000000000231e-01,1.035818724691046633e+00,2.312964634635742664e-18,1.449261873461202832e-01
5.280000000000000249e-01,1.039944071193795061e+00,9.251858538542970657e-18,1.454178258330570961e-01
5.300000000000000266e-01,1.044069180277905851e+00,0.000000000000000000e+00,1.459091583219992438e-01
5.320000000000000284e-01,1.048194032492627770e+00,1.387778780781445676e-17,1.464001763447974336e-01
5.340000000000000302e-01,1.052318608390670818e+00,1.619075244245020058e-17,1.468908715767745232e-01
5.360000000000000320e-01,1.056442888528438040e+00,6.938893903907228378e-18,1.473812358344237794e-01
5.380000000000000338e-01,1.060566853466323956e+00,4.625929269271485328e-18,1.478712610731438004e-01
5.400000000000000355e-01,1.064690483768988116e+00,4.625929269271485328e-18,1.483609393850184310e-01
5.420000000000000373e-01,1.068813760005543401e+00,2.312964634635742664e-18,1.488502629966331203e-01
5.440000000000000391e-01,1.072936662749819803e+00,6.938893903907228378e-18,1.493392242669321357e-01
5.460000000000000409e-01,1.077059172580923985e+00,9.251858538542970657e-18,1.498278156851143572e-01
5.480000000000000426e-01,1.081181270082967494e+00,4.625929269271485328e-18,1.503160298685637941e-01
5.500000000000000444e-01,1.085302935845827932e+00,4.625929269271485328e-18,1.508038595608226506e-01
5.520000000000000462e-01,1.089424150465206687e+00,1.387778780781445676e-17,1.512912976295943401e-01
5.540000000000000480e-01,1.093544894542816337e+00,1.850371707708594131e-17,1.517783370647846075e-01
5.560000000000000497e-01,1.097665148686778558e+00,1.850371707708594131e-17,1.522649709765808990e-01
5.580000000000000515e-01,1.101784893511979391e+00,0.000000000000000000e+00,1.527511925935612913e-01
5.600000000000000533e-01,1.105904109640002630e+00,4.625929269271485328e-18,1.532369952608373664e-01
5.620000000000000551e-01,1.110022777699763097e+00,9.251858538542970657e-18,1.537223724382332790e-01
5.640000000000000568e-01,1.114140878327540385e+00,1.387778780781445676e-17,1.542073176984911365e-01
5.660000000000000586e-01,1.118258392167355453e+00,2.081668171172168513e-17,1.546918247255185119e-01
5.680000000000000604e-01,1.122375299871190890e+00,2.312964634635742664e-18,1.551758873126540539e-01
5.700000000000000622e-01,1.126491582099262700e+00,2.312964634635742664e-18,1.556594993609735911e-01
5.720000000000000639e-01,1.130607219520300077e+00,1.156482317317871448e-17,1.561426548776200518e-01
5.740000000000000657e-01,1.134722192811832286e+00,4.625929269271485328e-18,1.566253479741679389e-01
5.760000000000000675e-01,1.138836482660376070e+00,2.312964634635742664e-18,1.571075728650102588e-01
5.779999999999999583e-01,1.142950069761779375e+00,1.156482317317871448e-17,1.575893238657806728e-01
5.799999999999999600e-01,1.147062934821541091e+00,4.625929269271485328e-18,1.580705953917967699e-01
5.819999999999999618e-01,1.151175058554914976e+00,1.850371707708594131e-17,1.585513819565347593e-01
5.839999999999999636e-01,1.155286421687233833e+00,9.251858538542970657e-18,1.590316781701282545e-01
5.859999999999999654e-01,1.159397004954378474e+00,9.251858538542970657e-18,1.595114787378965615e-01
5.879999999999999671e-01,1.163506789102727979e+00,1.387778780781445676e-17,1.599907784588923410e-01
5.899999999999999689e-01,1.167615754889623325e+00,0.000000000000000000e+00,1.604695722244821043e-01
5.919999999999999707e-01,1.171723883083585882e+00,4.625929269271485328e-18,1.609478550169447797e-01
5.939999999999999725e-01,1.175831154464598072e+00,9.251858538542970657e-18,1.614256219080991150e-01
5.959999999999999742e-01,1.179937549824368936e+00,1.387778780781445676e-17,1.619028680579493173e-01
5.979999999999999760e-01,1.184043049966596151e+00,2.312964634635742664e-18,1.623795887133607230e-01
5.999999999999999778e-01,1.188147635707245797e+00,6.938893903907228378e-18,1.628557792067530374e-01
6.019999999999999796e-01,1.192251287874746879e+00,2.544261098099316969e-17,1.633314349548163902e-01
6.039999999999999813e-01,1.196353987310406097e+00,4.625929269271485328e-18,1.638065514572532855e-01
6.059999999999999831e-01,1.200455714868520651e+00,0.000000000000000000e+00,1.642811242955361239e-01
6.079999999999999849e-01,1.204556451416835650e+00,9.251858538542970657e-18,1.647551491316914529e-01
6.099999999999999867e-01,1.208656177836569867e+00,4.625929269271485328e-18,1.652286217070992602e-01
6.119999999999999885e-01,1.212754875022867829e+00,0.000000000000000000e+00,1.657015378413171092e-01
6.139999999999999902e-01,1.216852523885055604e+00,1.619075244245020058e-17,1.661738934309237581e-01
6.159999999999999920e-01,1.220949105346799790e+00,1.619075244245020058e-17,1.666456844483769073e-01
6.179999999999999938e-01,1.225044600346492984e+00,2.544261098099316969e-17,1.671169069408984797e-01
6.199999999999999956e-01,1.229138989837472273e+00,0.000000000000000000e+00,1.675875570293716976e-01
6.219999999999999973e-01,1.233232254788273252e+00,1.850371707708594131e-17,1.680576309072578378e-01
6.239999999999999991e-01,1.237324376182943553e+00,4.625929269271485328e-18,1.685271248395366073e-01
6.260000000000000009e-01,1.241415335021302191e+00,4.625929269271485328e-18,1.689960351616546508e-01
6.280000000000000027e-01,1.245505112319164276e+00,1.850371707708594131e-17,1.694643582784999269e-01
6.300000000000000044e-01,1.249593689108658978e+00,2.312964634635742664e-18,1.699320906633886019e-01
6.320000000000000062e-01,1.253681046438545721e+00,1.850371707708594131e-17,1.703992288570700397e-01
6.340000000000000080e-01,1.257767165374334972e+00,6.938893903907228378e-18,1.708657694667456983e-01
6.360000000000000098e-01,1.261852026998734999e+00,2.312964634635742664e-18,1.713317091651110347e-01
6.380000000000000115e-01,1.265935612411755784e+00,2.312964634635742664e-18,1.717970446894019898e-01
6.400000000000000133e-01,1.270017902731141568e+00,9.251858538542970657e-18,1.722617728404690629e-01
6.420000000000000151e-01,1.274098879092510295e+00,2.312964634635742664e-18,1.727258904818574359e-01
6.440000000000000169e-01,1.278178522649710658e+00,1.156482317317871448e-17,1.731893945389047229e-01
6.460000000000000187e-01,1.282256814575096548e+00,6.938893903907228378e-18,1.736522819978580656e-01
6.480000000000000204e-01,1.286333736059670052e+00,0.000000000000000000e+00,1.741145499049963075e-01
6.500000000000000222e-01,1.290409268313522873e+00,2.312964634635742664e-18,1.745761953657738730e-01
6.520000000000000240e-01,1.294483392566061042e+00,3.469446951953614189e-17,1.750372155439753885e-01
6.540000000000000258e-01,1.298556090066122159e+00,2.081668171172168513e-17,1.754976076608847912e-01
6.560000000000000275e-01,1.302627342082554485e+00,4.625929269271485328e-18,1.759573689944656516e-01
6.580000000000000293e-01,1.306697129904140553e+00,2.775557561562891351e-17,1.764164968785580934e-01
6.600000000000000311e-01,1.310765434840215349e+00,2.312964634635742664e-18,1.768749887020853451e-01
6.620000000000000329e-01,1.314832238220585481e+00,1.619075244245020058e-17,1.773328419082718932e-01
6.640000000000000346e-01,1.318897521396142913e+00,4.625929269271485328e-18,1.777900539938813695e-01
6.660000000000000364e-01,1.322961265738855197e+00,1.387778780781445676e-17,1.782466225084547717e-01
6.680000000000000382e-01,1.327023452642201562e+00,4.625929269271485328e-18,1.787025450535714433e-01
6.700000000000000400e-01,1.331084063521497995e+00,1.156482317317871448e-17,1.791578192821156879e-01
6.720000000000000417e-01,1.335143079813906120e+00,1.850371707708594131e-17,1.796124428975557352e-01
6.740000000000000435e-01,1.339200482979030937e+00,4.625929269271485328e-18,1.800664136532346138e-01
6.760000000000000453e-01,1.343256254499014979e+00,1.156482317317871448e-17,1.805197293516741519e-01
6.780000000000000471e-01,1.347310375878761235e+00,2.312964634635742895e-17,1.809723878438828093e-01
6.800000000000000488e-01,1.351362828646342606e+00,4.625929269271485328e-18,1.814243870286842697e-01
6.820000000000000506e-01,1.355413594353270135e+00,1.619075244245020058e-17,1.818757248520453118e-01
6.840000000000000524e-01,1.359462654574650209e+00,9.251858538542970657e-18,1.823263993064269950e-01
6.860000000000000542e-01,1.363509990909576253e+00,1.387778780781445676e-17,1.827764084301300163e-01
6.880000000000000560e-01,1.367555584981301919e+00,4.625929269271485328e-18,1.832257503066654081e-01
6.900000000000000577e-01,1.371599418437615903e+00,0.000000000000000000e+00,1.836744230641229603e-01
6.920000000000000595e-01,1.375641472951086186e+00,9.251858538542970657e-18,1.841224248745584047e-01
6.940000000000000613e-01,1.379681730219266100e+00,9.251858538542970657e-18,1.845697539533819875e-01
6.960000000000000631e-01,1.383720171965084234e+00,2.081668171172168513e-17,1.850164085587617802e-01
6.980000000000000648e-01,1.387756779936964335e+00,2.081668171172168513e-17,1.854623869910334011e-01
7.000000000000000666e-01,1.391791535909392863e+00,0.000000000000000000e+00,1.859076875921218674e-01
7.020000000000000684e-01,1.395824421682719141e+00,1.387778780781445676e-17,1.863523087449624471e-01
7.039999999999999591e-01,1.399855419083986696e+00,0.000000000000000000e+00,1.867962488729464632e-01
7.059999999999999609e-01,1.403884509966751182e+00,6.938893903907228378e-18,1.872395064393594100e-01
7.079999999999999627e-01,1.407911676211639929e+00,3.006854025026465425e-17,1.876820799468374990e-01
7.099999999999999645e-01,1.411936899726475403e+00,9.251858538542970657e-18,1.881239679368256201e-01
7.119999999999999662e-01,1.415960162446578074e+00,4.625929269271485328e-18,1.885651689890498472e-01
7.139999999999999680e-01,1.419981446335158992e+00,9.251858538542970657e-18,1.890056817209929407e-01
7.159999999999999698e-01,1.424000733383433470e+00,6.938893903907228378e-18,1.894455047873780384e-01
7.179999999999999716e-01,1.428018005611010999e+00,4.625929269271485328e-18,1.898846368796619777e-01
7.199999999999999734e-01,1.432033245066087979e+00,0.000000000000000000e+00,1.903230767255356948e-01
7.219999999999999751e-01,1.436046433825846513e+00,4.625929269271485328e-18,1.907608230884278999e-01
7.239999999999999769e-01,1.440057553996537010e+00,1.387778780781445676e-17,1.911978747670219914e-01
7.259999999999999787e-01,1.444066587713987992e+00,2.312964634635742664e-18,1.916342305947761337e-01
7.279999999999999805e-01,1.448073517143658506e+00,1.156482317317871448e-17,1.920698894394504419e-01
7.299999999999999822e-01,1.452078324481145266e+00,9.251858538542970657e-18,1.925048502026424080e-01
7.319999999999999840e-01,1.456080991952218184e+00,2.312964634635742664e-18,1.929391118193293508e-01
7.339999999999999858e-01,1.460081501813291993e+00,2.312964634635742664e-18,1.933726732574130580e-01
7.359999999999999876e-01,1.464079836351608321e+00,6.938893903907228378e-18,1.938055335172769178e-01
7.379999999999999893e-01,1.468075977885527905e+00,9.251858538542970657e-18,1.942376916313469926e-01
7.399999999999999911e-01,1.472069908764790824e+00,2.312964634635742664e-18,1.946691466636556733e-01
7.419999999999999929e-01,1.476061611370908189e+00,9.251858538542970657e-18,1.950998977094181575e-01
7.439999999999999947e-01,1.480051068117166579e+00,1.156482317317871448e-17,1.955299438946098978e-01
7.459999999999999964e-01,1.484038261449279972e+00,9.251858538542970657e-18,1.959592843755514346e-01
7.479999999999999982e-01,1.488023173845354208e+00,4.625929269271485328e-18,1.963879183384994731e-01
7.500000000000000000e-01,1.492005787816347961e+00,0.000000000000000000e+00,1.968158449992442882e-01
7.520000000000000018e-01,1.495986085906283236e+00,2.312964634635742664e-18,1.972430636027110162e-01
7.540000000000000036e-01,1.499964050692423001e+00,2.312964634635742664e-18,1.976695734225662748e-01
7.560000000000000053e-01,1.503939664785794328e+00,4.625929269271485328e-18,1.980953737608329712e-01
7.580000000000000071e-01,1.507912910831215036e+00,2.312964634635742664e-18,1.985204639475077748e-01
7.600000000000000089e-01,1.511883771507721796e+00,0.000000000000000000e+00,1.989448433401858063e-01
7.620000000000000107e-01,1.515852229528789508e+00,1.156482317317871448e-17,1.993685113236888795e-01
7.640000000000000124e-01,1.519818267642673248e+00,4.625929269271485328e-18,1.997914673096994054e-01
7.660000000000000142e-01,1.523781868632532621e+00,2.312964634635742664e-18,2.002137107363986535e-01
7.680000000000000160e-01,1.527743015316905151e+00,1.156482317317871448e-17,2.006352410681135345e-01
7.700000000000000178e-01,1.531701690549833295e+00,1.387778780781445676e-17,2.010560577949611349e-01
7.720000000000000195e-01,1.535657877221206391e+00,6.938893903907228378e-18,2.014761604325059352e-01
7.740000000000000213e-01,1.539611558257072410e+00,6.938893903907228378e-18,2.018955485214162515e-01
7.760000000000000231e-01,1.543562716619789832e+00,9.251858538542970657e-18,2.023142216271283655e-01
7.780000000000000249e-01,1.547511335308442426e+00,1.619075244245020058e-17,2.027321793395108762e-01
7.800000000000000266e-01,1.551457397359039092e+00,4.625929269271485328e-18,2.031494212725419302e-01
7.820000000000000284e-01,1.555400885844808734e+00,2.312964634635742664e-18,2.035659470639785140e-01
7.840000000000000302e-01,1.559341783876472043e+00,1.156482317317871448e-17,2.039817563750433715e-01
7.860000000000000320e-01,1.563280074602508840e+00,2.312964634635742664e-18,2.043968488901075908e-01
7.880000000000000338e-01,1.567215741209492919e+00,0.000000000000000000e+00,2.048112243163768553e-01
7.900000000000000355e-01,1.571148766922333628e+00,1.850371707708594131e-17,2.052248823835909342e-01
7.920000000000000373e-01,1.575079135004385122e+00,4.625929269271485328e-18,2.056378228437123201e-01
7.940000000000000391e-01,1.579006828758076075e+00,4.625929269271485328e-18,2.060500454706365725e-01
7.960000000000000409e-01,1.582931831524811095e+00,6.938893903907228378e-18,2.064615500598909748e-01
7.980000000000000426e-01,1.586854126685602218e+00,1.156482317317871448e-17,2.068723364283463484e-01
8.000000000000000444e-01,1.590773697660964103e+00,4.625929269271485328e-18,2.072824044139285893e-01
8.020000000000000462e-01,1.594690527911544642e+00,9.251858538542970657e-18,2.076917538753376424e-01
8.040000000000000480e-01,1.598604600938161369e+00,1.850371707708594131e-17,2.081003846917648670e-01
8.060000000000000497e-01,1.602515900282132755e+00,0.000000000000000000e+00,2.085082967626182004e-01
8.080000000000000515e-01,1.606424409525653019e+00,1.619075244245020058e-17,2.089154900072515419e-01
8.100000000000000533e-01,1.610330112291911142e+00,9.251858538542970657e-18,2.093219643646922201e-01
8.120000000000000551e-01,1.614232992245432818e+00,9.251858538542970657e-18,2.097277197933777038e-01
8.140000000000000568e-01,1.618133033092420625e+00,4.625929269271485328e-18,2.101327562708946162e-01
8.160000000000000586e-01,1.622030218580916561e+00,4.625929269271485328e-18,2.105370737937178327e-01
8.180000000000000604e-01,1.625924532501164421e+00,9.251858538542970657e-18,2.109406723769556014e-01
8.200000000000000622e-01,1.629815958685781219e+00,2.312964634635742664e-18,2.113435520540997148e-01
8.220000000000000639e-01,1.633704481010139098e+00,1.156482317317871448e-17,2.117457128767731844e-01
8.240000000000000657e-01,1.637590083392554519e+00,9.251858538542970657e-18,2.121471549144861857e-01
8.260000000000000675e-01,1.641472749794576025e+00,6.938893903907228378e-18,2.125478782543959999e-01
8.280000000000000693e-01,1.645352464221328859e+00,1.850371707708594131e-17,2.129478830010623491e-01
8.300000000000000711e-01,1.649229210721618877e+00,2.312964634635742664e-18,2.133471692762161365e-01
8.320000000000000728e-01,1.653102973388381969e+00,2.312964634635742664e-18,2.137457372185221083e-01
8.339999999999999636e-01,1.656973736358930083e+00,9.251858538542970657e-18,2.141435869833513139e-01
8.359999999999999654e-01,1.660841483815037378e+00,1.387778780781445676e-17,2.145407187425511508e-01
8.379999999999999671e-01,1.664706199983413626e+00,0.000000000000000000e+00,2.149371326842224872e-01
8.399999999999999689e-01,1.668567869135891613e+00,6.938893903907228378e-18,2.153328290124959521e-01
8.419999999999999707e-01,1.672426475589682937e+00,2.081668171172168513e-17,2.157278079473145260e-01
8.439999999999999725e-01,1.676282003707725288e+00,1.156482317317871448e-17,2.161220697242178801e-01
8.459999999999999742e-01,1.680134437898827215e+00,1.619075244245020058e-17,2.165156145941238841e-01
8.479999999999999760e-01,1.683983762617939917e+00,1.387778780781445676e-17,2.169084428231241035e-01
8.499999999999999778e-01,1.687829962366574676e+00,0.000000000000000000e+00,2.173005546922703868e-01
8.519999999999999796e-01,1.691673021692941425e+00,6.938893903907228378e-18,2.176919504973723052e-01
8.539999999999999813e-01,1.695512925192261378e+00,6.938893903907228378e-18,2.180826305487920114e-01
8.559999999999999831e-01,1.699349657506985523e+00,4.625929269271485328e-18,2.184725951712435388e-01
8.579999999999999849e-01,1.703183203327014006e+00,2.081668171172168513e-17,2.188618447035946268e-01
8.599999999999999867e-01,1.707013547390084263e+00,2.312964634635742664e-18,2.192503794986726817e-01
8.619999999999999885e-01,1.710840674482051682e+00,2.312964634635742895e-17,2.196381999230687665e-01
8.639999999999999902e-01,1.714664569436969543e+00,4.625929269271485328e-18,2.200253063569471146e-01
8.659999999999999920e-01,1.718485217137505572e+00,1.619075244245020058e-17,2.204116991938578074e-01
8.679999999999999938e-01,1.722302602515133785e+00,0.000000000000000000e+00,2.207973788405500071e-01
8.699999999999999956e-01,1.726116710550460454e+00,1.387778780781445676e-17,2.211823457167857998e-01
8.719999999999999973e-01,1.729927526273338678e+00,9.251858538542970657e-18,2.215666002551608949e-01
8.739999999999999991e-01,1.733735034763250304e+00,2.312964634635742664e-18,2.219501429009217430e-01
8.760000000000000009e-01,1.737539221149579483e+00,1.619075244245020058e-17,2.223329741117927583e-01
8.780000000000000027e-01,1.741340070611848034e+00,1.850371707708594131e-17,2.227150943577968223e-01
8.800000000000000044e-01,1.745137568379874438e+00,0.000000000000000000e+00,2.230965041210838384e-01
8.820000000000000062e-01,1.748931699734106004e+00,1.387778780781445676e-17,2.234772038957582030e-01
8.840000000000000080e-01,1.752722450005965271e+00,1.850371707708594131e-17,2.238571941877129934e-01
8.860000000000000098e-01,1.756509804577868650e+00,4.625929269271485328e-18,2.242364755144577448e-01
8.880000000000000115e-01,1.760293748883706044e+00,4.625929269271485328e-18,2.246150484049580787e-01
8.900000000000000133e-01,1.764074268409014934e+00,2.081668171172168513e-17,2.249929133994709451e-01
8.920000000000000151e-01,1.767851348691197089e+00,1.387778780781445676e-17,2.253700710493829473e-01
8.940000000000000169e-01,1.771624975319757489e+00,1.387778780781445676e-17,2.257465219170522730e-01
8.960000000000000187e-01,1.775395133936652492e+00,2.312964634635742664e-18,2.261222665756489336e-01
8.980000000000000204e-01,1.779161810236419505e+00,2.544261098099316969e-17,2.264973056090039127e-01
9.000000000000000222e-01,1.782924989966536700e+00,0.000000000000000000e+00,2.268716396114497380e-01
9.020000000000000240e-01,1.786684658927560676e+00,9.251858538542970657e-18,2.272452691876776232e-01
9.040000000000000258e-01,1.790440802973443546e+00,1.387778780781445676e-17,2.276181949525756254e-01
9.060000000000000275e-01,1.794193408011857116e+00,4.625929269271485328e-18,2.279904175310896730e-01
9.080000000000000293e-01,1.797942460004149368e+00,6.938893903907228378e-18,2.283619375580750455e-01
9.100000000000000311e-01,1.801687944965881805e+00,9.251858538542970657e-18,2.287327556781481308e-01
9.120000000000000329e-01,1.805429848966983108e+00,4.625929269271485328e-18,2.291028725455502291e-01
9.140000000000000346e-01,1.809168158131924997e+00,4.625929269271485328e-18,2.294722888239993652e-01
9.160000000000000364e-01,1.812902858640096149e+00,1.387778780781445676e-17,2.298410051865561743e-01
9.180000000000000382e-01,1.816633936725851939e+00,4.625929269271485328e-18,2.302090223154823756e-01
9.200000000000000400e-01,1.820361378678879483e+00,4.625929269271485328e-18,2.305763409021042709e-01
9.220000000000000417e-01,1.824085170844479187e+00,2.081668171172168513e-17,2.309429616466818769e-01
9.240000000000000435e-01,1.827805299623655344e+00,2.081668171172168513e-17,2.313088852582727561e-01
9.260000000000000453e-01,1.831521751473408344e+00,2.081668171172168513e-17,2.316741124546003172e-01
9.280000000000000471e-01,1.835234512907097937e+00,6.938893903907228378e-18,2.320386439619243624e-01
9.300000000000000488e-01,1.838943570494531166e+00,9.251858538542970657e-18,2.324024805149149109e-01
9.320000000000000506e-01,1.842648910862065392e+00,2.312964634635742895e-17,2.327656228565201102e-01
9.340000000000000524e-01,1.846350520693192721e+00,1.619075244245020058e-17,2.331280717378456380e-01
9.360000000000000542e-01,1.850048386728509797e+00,1.850371707708594131e-17,2.334898279180279701e-01
9.380000000000000560e-01,1.853742495765980713e+00,1.387778780781445676e-17,2.338508921641136162e-01
9.400000000000000577e-01,1.857432834661236321e+00,0.000000000000000000e+00,2.342112652509338866e-01
9.420000000000000595e-01,1.861119390327761636e+00,6.938893903907228378e-18,2.345709479609929538e-01
9.440000000000000613e-01,1.864802149737029069e+00,1.387778780781445676e-17,2.349299410843400937e-01
9.460000000000000631e-01,1.868481099918906096e+00,9.251858538542970657e-18,2.352882454184581085e-01
9.480000000000000648e-01,1.872156227961760067e+00,1.156482317317871448e-17,2.356458617681495005e-01
9.500000000000000666e-01,1.875827521012581656e+00,9.251858538542970657e-18,2.360027909454166517e-01
9.520000000000000684e-01,1.879494966277440504e+00,1.156482317317871448e-17,2.363590337693514398e-01
9.540000000000000702e-01,1.883158551021558047e+00,4.625929269271485328e-18,2.367145910660264641e-01
9.560000000000000719e-01,1.886818262569518012e+00,1.387778780781445676e-17,2.370694636683798595e-01
9.580000000000000737e-01,1.890474088305470701e+00,2.312964634635742664e-18,2.374236524161081607e-01
9.599999999999999645e-01,1.894126015673426977e+00,1.850371707708594131e-17,2.377771581555604419e-01
9.619999999999999662e-01,1.897774032177419912e+00,0.000000000000000000e+00,2.381299817396275720e-01
9.639999999999999680e-01,1.901418125381699298e+00,1.156482317317871448e-17,2.384821240276414622e-01
9.659999999999999698e-01,1.905058282910983891e+00,1.387778780781445676e-17,2.388335858852674576e-01
9.679999999999999716e-01,1.908694492450614177e+00,6.938893903907228378e-18,2.391843681844028346e-01
9.699999999999999734e-01,1.912326741746799286e+00,2.312964634635742664e-18,2.395344718030746056e-01
9.719999999999999751e-01,1.915955018606858573e+00,2.081668171172168513e-17,2.398838976253403477e-01
9.739999999999999769e-01,1.919579310899271363e+00,1.156482317317871448e-17,2.402326465411843692e-01
9.759999999999999787e-01,1.923199606554064189e+00,9.251858538542970657e-18,2.405807194464272269e-01
9.779999999999999805e-01,1.926815893562914717e+00,1.850371707708594131e-17,2.409281172426197271e-01
9.799999999999999822e-01,1.930428159979312497e+00,6.938893903907228378e-18,2.412748408369530251e-01
9.819999999999999840e-01,1.934036393918892038e+00,9.251858538542970657e-18,2.416208911421619809e-01
9.839999999999999858e-01,1.937640583559450569e+00,1.619075244245020058e-17,2.419662690764306789e-01
9.859999999999999876e-01,1.941240717141349492e+00,6.938893903907228378e-18,2.423109755633011120e-01
9.879999999999999893e-01,1.944836782967474420e+00,4.625929269271485328e-18,2.426550115315766476e-01
9.899999999999999911e-01,1.948428769403637517e+00,6.938893903907228378e-18,2.429983779152409540e-01
9.919999999999999929e-01,1.952016664878533092e+00,9.251858538542970657e-18,2.433410756533571639e-01
9.939999999999999947e-01,1.955600457884166588e+00,9.251858538542970657e-18,2.436831056899883829e-01
9.959999999999999964e-01,1.959180136976005571e+00,2.081668171172168513e-17,2.440244689741048745e-01
9.979999999999999982e-01,1.962755690772887363e+00,2.081668171172168513e-17,2.443651664594990724e-01
1.000000000000000000e+00,1.966327107957582143e+00,1.619075244245020058e-17,2.447051991046995945e-01
1.002000000000000002e+00,1.969894377276661501e+00,4.625929269271485328e-18,2.450445678728875032e-01
1.004000000000000004e+00,1.973457487540972721e+00,9.251858538542970657e-18,2.453832737318127066e-01
1.006000000000000005e+00,1.977016427625459372e+00,1.850371707708594131e-17,2.457213176537101640e-01
1.008000000000000007e+00,1.980571186469727962e+00,1.387778780781445676e-17,2.460587006152176459e-01
1.010000000000000009e+00,1.984121753077827677e+00,2.312964634635742664e-18,2.463954235972981022e-01
1.012000000000000011e+00,1.987668116518701567e+00,1.156482317317871448e-17,2.467314875851551181e-01
1.014000000000000012e+00,1.991210265926339318e+00,1.850371707708594131e-17,2.470668935681587797e-01
1.016000000000000014e+00,1.994748190499786134e+00,2.312964634635742895e-17,2.474016425397655705e-01
1.018000000000000016e+00,1.998281879503398528e+00,1.850371707708594131e-17,2.477357354974373538e-01
1.020000000000000018e+00,2.001811322267091242e+00,9.251858538542970657e-18,2.480691734425735928e-01
1.022000000000000020e+00,2.005336508186212896e+00,6.938893903907228378e-18,2.484019573804271408e-01
1.024000000000000021e+00,2.008857426722180151e+00,3.006854025026465425e-17,2.487340883200346575e-01
1.026000000000000023e+00,2.012374067402154409e+00,6.938893903907228378e-18,2.490655672741437510e-01
1.028000000000000025e+00,2.015886419819466369e+00,4.625929269271485328e-18,2.493963952591352340e-01
1.030000000000000027e+00,2.019394473633751019e+00,2.312964634635742664e-18,2.497265732949559558e-01
1.032000000000000028e+00,2.022898218571043572e+00,9.251858538542970657e-18,2.500561024050451664e-01
1.034000000000000030e+00,2.026397644423864719e+00,1.156482317317871448e-17,2.503849836162650444e-01
1.036000000000000032e+00,2.029892741051495975e+00,0.000000000000000000e+00,2.507132179588299481e-01
1.038000000000000034e+00,2.033383498380111121e+00,6.938893903907228378e-18,2.510408064662381644e-01
1.040000000000000036e+00,2.036869906402898778e+00,2.312964634635742664e-18,2.513677501752045740e-01
1.042000000000000037e+00,2.040351955180065957e+00,9.251858538542970657e-18,2.516940501255943707e-01
1.044000000000000039e+00,2.043829634839230636e+00,2.544261098099316969e-17,2.520197073603538951e-01
1.046000000000000041e+00,2.047302935575386229e+00,9.251858538542970657e-18,2.523447229254444646e-01
1.048000000000000043e+00,2.050771847651079227e+00,4.625929269271485328e-18,2.526690978697823664e-01
1.050000000000000044e+00,2.054236361396560184e+00,2.659909329831104314e-17,2.529928332451706896e-01
1.052000000000000046e+00,2.057696467209849445e+00,6.938893903907228378e-18,2.533159301062346547e-01
1.054000000000000048e+00,2.061152155557016030e+00,5.782411586589357238e-18,2.536383895103633823e-01
1.056000000000000050e+00,2.064603416972163430e+00,9.251858538542970657e-18,2.539602125176452785e-01
1.058000000000000052e+00,2.068050242057500654e+00,5.782411586589357238e-18,2.542814001908039190e-01
1.060000000000000053e+00,2.071492621483722374e+00,1.156482317317871332e-18,2.546019535951449253e-01
1.062000000000000055e+00,2.074930545989907671e+00,3.238150488490040115e-17,2.549218737984872418e-01
1.064000000000000057e+00,2.078364006383633722e+00,2.659909329831104314e-17,2.552411618711096786e-01
1.066000000000000059e+00,2.081792993541281334e+00,2.312964634635742664e-18,2.555598188856929576e-01
1.068000000000000060e+00,2.085217498407940795e+00,5.782411586589357238e-18,2.558778459172567077e-01
1.070000000000000062e+00,2.088637511997626817e+00,3.469446951953614189e-18,2.561952440431070066e-01
1.072000000000000064e+00,2.092053025393388666e+00,0.000000000000000000e+00,2.565120143427768173e-01
1.074000000000000066e+00,2.095464029747414969e+00,2.312964634635742664e-18,2.568281578979728086e-01
1.076000000000000068e+00,2.098870516281124310e+00,2.312964634635742664e-18,2.571436757925195660e-01
1.078000000000000069e+00,2.102272476285156344e+00,1.850371707708594131e-17,2.574585691123001951e-01
1.080000000000000071e+00,2.105669901119791021e+00,1.156482317317871332e-18,2.577728389452103031e-01
1.082000000000000073e+00,2.109062782214715881e+00,1.156482317317871332e-18,2.580864863810994336e-01
1.084000000000000075e+00,2.112451111069159282e+00,6.938893903907228378e-18,2.583995125117181102e-01
1.086000000000000076e+00,2.115834879252320277e+00,2.312964634635742664e-18,2.587119184306688191e-01
1.088000000000000078e+00,2.119214078402988477e+00,6.938893903907228378e-18,2.590237052333511647e-01
1.090000000000000080e+00,2.122588700230009451e+00,8.095376221225100288e-18,2.593348740169149069e-01
1.092000000000000082e+00,2.125958736512146174e+00,4.625929269271485328e-18,2.596454258802055604e-01
1.094000000000000083e+00,2.129324179098174952e+00,1.040834085586084257e-17,2.599553619237150448e-01
1.096000000000000085e+00,2.132685019907189172e+00,4.625929269271485328e-18,2.602646832495372209e-01
1.098000000000000087e+00,2.136041250928370161e+00,2.312964634635742664e-18,2.605733909613109911e-01
1.100000000000000089e+00,2.139392864221376200e+00,1.156482317317871448e-17,2.608814861641822191e-01
1.102000000000000091e+00,2.142739851916044103e+00,1.387778780781445676e-17,2.611889699647479413e-01
1.104000000000000092e+00,2.146082206212929222e+00,1.156482317317871448e-17,2.614958434710134005e-01
1.106000000000000094e+00,2.149419919382877353e+00,1.156482317317871448e-17,2.618021077923441964e-01
1.108000000000000096e+00,2.152752983767497241e+00,1.156482317317871448e-17,2.621077640394232633e-01
1.110000000000000098e+00,2.156081391779023804e+00,1.040834085586084257e-17,2.624128133241996341e-01
1.112000000000000099e+00,2.159405135900376749e+00,0.000000000000000000e+00,2.627172567598505815e-01
1.114000000000000101e+00,2.162724208685377292e+00,2.312964634635742664e-18,2.630210954607331564e-01
1.116000000000000103e+00,2.166038602758527887e+00,9.251858538542970657e-18,2.633243305423411118e-01
1.118000000000000105e+00,2.169348310815454539e+00,1.850371707708594131e-17,2.636269631212618814e-01
1.120000000000000107e+00,2.172653325622531995e+00,2.081668171172168513e-17,2.639289943151350570e-01
1.122000000000000108e+00,2.175953640017342039e+00,2.312964634635742664e-18,2.642304252426083133e-01
1.124000000000000110e+00,2.179249246908350202e+00,1.619075244245020058e-17,2.645312570232959959e-01
1.126000000000000112e+00,2.182540139275232605e+00,0.000000000000000000e+00,2.648314907777389315e-01
1.128000000000000114e+00,2.185826310168769382e+00,0.000000000000000000e+00,2.651311276273639050e-01
1.130000000000000115e+00,2.189107752710990340e+00,1.850371707708594131e-17,2.654301686944404715e-01
1.132000000000000117e+00,2.192384460095118115e+00,8.095376221225100288e-18,2.657286151020453180e-01
1.134000000000000119e+00,2.195656425585616134e+00,8.095376221225100288e-18,2.660264679740213523e-01
1.136000000000000121e+00,2.198923642518282762e+00,1.040834085586084257e-17,2.663237284349339595e-01
1.138000000000000123e+00,2.202186104300221103e+00,1.156482317317871332e-18,2.666203976100433581e-01
1.140000000000000124e+00,2.205443804409933151e+00,1.156482317317871448e-17,2.669164766252573040e-01
1.142000000000000126e+00,2.208696736397254057e+00,8.095376221225100288e-18,2.672119666070940092e-01
1.144000000000000128e+00,2.211944893883487140e+00,4.625929269271485328e-18,2.675068686826526654e-01
1.146000000000000130e+00,2.215188270561339934e+00,1.619075244245020058e-17,2.678011839795685356e-01
1.148000000000000131e+00,2.218426860194872674e+00,1.387778780781445676e-17,2.680949136259817012e-01
1.150000000000000133e+00,2.221660656619867780e+00,1.156482317317871332e-18,2.683880587504993698e-01
1.152000000000000135e+00,2.224889653743320039e+00,8.095376221225100288e-18,2.686806204821624022e-01
1.153999999999999915e+00,2.228113845543825633e+00,1.619075244245020058e-17,2.689725999504051779e-01
1.155999999999999917e+00,2.231333226071486209e+00,1.734723475976807094e-17,2.692639982850287828e-01
1.157999999999999918e+00,2.234547789447926647e+00,1.156482317317871448e-17,2.695548166161638726e-01
1.159999999999999920e+00,2.237757529866174266e+00,6.938893903907228378e-18,2.698450560742316484e-01
1.161999999999999922e+00,2.240962441590957255e+00,1.734723475976807094e-17,2.701347177899194318e-01
1.163999999999999924e+00,2.244162518958306762e+00,1.040834085586084257e-17,2.704238028941426397e-01
1.165999999999999925e+00,2.247357756375846449e+00,6.938893903907228378e-18,2.707123125180131984e-01
1.167999999999999927e+00,2.250548148322804920e+00,1.040834085586084257e-17,2.710002477928077913e-01
1.169999999999999929e+00,2.253733689349695979e+00,9.251858538542970657e-18,2.712876098499366617e-01
1.171999999999999931e+00,2.256914374078638374e+00,1.272130549049658485e-17,2.715743998209120269e-01
1.173999999999999932e+00,2.260090197203156848e+00,4.625929269271485328e-18,2.718606188373146049e-01
1.175999999999999934e+00,2.263261153488310029e+00,2.312964634635742664e-18,2.721462680307701332e-01
1.177999999999999936e+00,2.266427237770471947e+00,1.966019939440381476e-17,2.724313485329112883e-01
1.179999999999999938e+00,2.269588444957545192e+00,4.625929269271485328e-18,2.727158614753509291e-01
1.181999999999999940e+00,2.272744770028671368e+00,1.734723475976807094e-17,2.729998079896556185e-01
1.183999999999999941e+00,2.275896208034424717e+00,1.156482317317871448e-17,2.732831892073115387e-01
1.185999999999999943e+00,2.279042754096744616e+00,1.850371707708594131e-17,2.735660062597027320e-01
1.187999999999999945e+00,2.282184403408779261e+00,5.782411586589357238e-18,2.738482602780715203e-01
1.189999999999999947e+00,2.285321151234985138e+00,1.850371707708594131e-17,2.741299523935034621e-01
1.191999999999999948e+00,2.288452992911002681e+00,0.000000000000000000e+00,2.744110837368896605e-01
1.193999999999999950e+00,2.291579923843732658e+00,3.469446951953614189e-18,2.746916554389066123e-01
1.195999999999999952e+00,2.294701939511078592e+00,6.938893903907228378e-18,2.749716686299850110e-01
1.197999999999999954e+00,2.297819035462143944e+00,2.312964634635742895e-17,2.752511244402820467e-01
1.199999999999999956e+00,2.300931207317132632e+00,1.156482317317871332e-18,2.755300239996614220e-01
1.201999999999999957e+00,2.304038450767111001e+00,4.625929269271485328e-18,2.758083684376597122e-01
1.203999999999999959e+00,2.307140761574098420e+00,2.312964634635742664e-18,2.760861588834678249e-01
1.205999999999999961e+00,2.310238135571143658e+00,1.040834085586084257e-17,2.763633964658987474e-01
1.207999999999999963e+00,2.313330568662022912e+00,1.040834085586084257e-17,2.766400823133694509e-01
1.209999999999999964e+00,2.316418056821275329e+00,5.782411586589357238e-18,2.769162175538697479e-01
1.211999999999999966e+00,2.319500596094199452e+00,6.938893903907228378e-18,2.771918033149429750e-01
1.213999999999999968e+00,2.322578182596734209e+00,5.782411586589357238e-18,2.774668407236604573e-01
1.215999999999999970e+00,2.325650812515455357e+00,3.469446951953614189e-18,2.777413309065969726e-01
1.217999999999999972e+00,2.328718482107289489e+00,6.938893903907228378e-18,2.780152749898073261e-01
1.219999999999999973e+00,2.331781187699759172e+00,2.312964634635742664e-18,2.782886740988030905e-01
1.221999999999999975e+00,2.334838925690615241e+00,2.544261098099316969e-17,2.785615293585316232e-01
1.223999999999999977e+00,2.337891692548085487e+00,1.156482317317871332e-18,2.788338418933516416e-01
1.225999999999999979e+00,2.340939484810400373e+00,1.156482317317871332e-18,2.791056128270122949e-01
1.227999999999999980e+00,2.343982299086000864e+00,3.469446951953614189e-18,2.793768432826287396e-01
1.229999999999999982e+00,2.347020132053462049e+00,9.251858538542970657e-18,2.796475343826644866e-01
1.231999999999999984e+00,2.350052980461152075e+00,2.312964634635742664e-18,2.799176872489060330e-01
1.233999999999999986e+00,2.353080841127422218e+00,1.156482317317871332e-18,2.801873030024451539e-01
1.235999999999999988e+00,2.356103710940345763e+00,1.156482317317871332e-18,2.804563827636546436e-01
1.237999999999999989e+00,2.359121586857593655e+00,0.000000000000000000e+00,2.807249276521694981e-01
1.239999999999999991e+00,2.362134465906663650e+00,1.272130549049658485e-17,2.809929387868683737e-01
1.241999999999999993e+00,2.365142345184256811e+00,1.040834085586084257e-17,2.812604172858511054e-01
1.243999999999999995e+00,2.368145221856646998e+00,2.197316402903955550e-17,2.815273642664189446e-01
1.245999999999999996e+00,2.371143093159281179e+00,9.251858538542970657e-18,2.817937808450549642e-01
1.247999999999999998e+00,2.374135956396848712e+00,2.312964634635742895e-17,2.820596681374097914e-01
1.250000000000000000e+00,2.377123808943066408e+00,1.040834085586084257e-17,2.823250272582724651e-01
1.252000000000000002e+00,2.380106648240635892e+00,4.625929269271485328e-18,2.825898593215624977e-01
1.254000000000000004e+00,2.383084471800961168e+00,8.095376221225100288e-18,2.828541654403040062e-01
1.256000000000000005e+00,2.386057277204383098e+00,1.850371707708594131e-17,2.831179467266123906e-01
1.258000000000000007e+00,2.389025062099717545e+00,2.312964634635742664e-18,2.833812042916711849e-01
1.260000000000000009e+00,2.391987824204251822e+00,1.387778780781445676e-17,2.836439392457189013e-01
1.262000000000000011e+00,2.394945561303732262e+00,8.095376221225100288e-18,2.839061526980306005e-01
1.264000000000000012e+00,2.397898271252048019e+00,1.156482317317871332e-18,2.841678457568972971e-01
1.266000000000000014e+00,2.400845951971284364e+00,1.619075244245020058e-17,2.844290195296153567e-01
1.268000000000000016e+00,2.403788601451417151e+00,1.850371707708594131e-17,2.846896751224615163e-01
1.270000000000000018e+00,2.406726217750316366e+00,1.387778780781445676e-17,2.849498136406826698e-01
1.272000000000000020e+00,2.409658798993572049e+00,2.312964634635742664e-18,2.852094361884784379e-01
1.274000000000000021e+00,2.412586343374362841e+00,0.000000000000000000e+00,2.854685438689835708e-01
1.276000000000000023e+00,2.415508849153248150e+00,1.387778780781445676e-17,2.857271377842512949e-01
1.278000000000000025e+00,2.418426314658185916e+00,4.625929269271485328e-18,2.859852190352412116e-01
1.280000000000000027e+00,2.421338738284223524e+00,1.156482317317871448e-17,2.862427887218005340e-01
1.282000000000000028e+00,2.424246118493377011e+00,1.156482317317871448e-17,2.864998479426481559e-01
1.284000000000000030e+00,2.427148453814622187e+00,3.469446951953614189e-18,2.867563977953651588e-01
1.286000000000000032e+00,2.430045742843569556e+00,4.625929269271485328e-18,2.870124393763749948e-01
1.288000000000000034e+00,2.432937984242508733e+00,1.850371707708594131e-17,2.872679737809294420e-01
1.290000000000000036e+00,2.435825176739953690e+00,1.387778780781445676e-17,2.875230021030945049e-01
1.292000000000000037e+00,2.438707319130859474e+00,1.156482317317871332e-18,2.877775254357396451e-01
1.294000000000000039e+00,2.441584410276121275e+00,3.006854025026465425e-17,2.880315448705180192e-01
1.296000000000000041e+00,2.444456449102695217e+00,1.966019939440381476e-17,2.882850614978583748e-01
1.298000000000000043e+00,2.447323434603175585e+00,2.312964634635742664e-18,2.885380764069448989e-01
1.300000000000000044e+00,2.450185365835915619e+00,8.095376221225100288e-18,2.887905906857122784e-01
1.302000000000000046e+00,2.453042241924592304e+00,9.251858538542970657e-18,2.890426054208264373e-01
1.304000000000000048e+00,2.455894062058231242e+00,5.782411586589357238e-18,2.892941216976712138e-01
1.306000000000000050e+00,2.458740825490789206e+00,1.156482317317871448e-17,2.895451406003399231e-01
1.308000000000000052e+00,2.461582531541468555e+00,1.503427012513232712e-17,2.897956632116194808e-01
1.310000000000000053e+00,2.464419179593868137e+00,1.156482317317871332e-18,2.900456906129793566e-01
1.312000000000000055e+00,2.467250769096457574e+00,2.312964634635742664e-18,2.902952238845576405e-01
1.314000000000000057e+00,2.470077299561907580e+00,4.625929269271485328e-18,2.905442641051529384e-01
1.316000000000000059e+00,2.472898770567116600e+00,1.850371707708594131e-17,2.907928123522056651e-01
1.318000000000000060e+00,2.475715181753210814e+00,2.775557561562891351e-17,2.910408697017952684e-01
1.320000000000000062e+00,2.478526532824972151e+00,1.156482317317871448e-17,2.912884372286216883e-01
1.322000000000000064e+00,2.481332823550918221e+00,4.625929269271485328e-18,2.915355160059960871e-01
1.324000000000000066e+00,2.484134053762957706e+00,6.938893903907228378e-18,2.917821071058296356e-01
1.326000000000000068e+00,2.486930223356408121e+00,1.156482317317871332e-18,2.920282115986253535e-01
1.328000000000000069e+00,2.489721332289615674e+00,1.387778780781445676e-17,2.922738305534612335e-01
1.330000000000000071e+00,2.492507380583839804e+00,6.938893903907228378e-18,2.925189650379882433e-01
1.332000000000000073e+00,2.495288368323006267e+00,4.625929269271485328e-18,2.927636161184112851e-01
1.334000000000000075e+00,2.498064295653575684e+00,3.469446951953614189e-18,2.930077848594820900e-01
1.336000000000000076e+00,2.500835162784291299e+00,1.503427012513232712e-17,2.932514723244918908e-01
1.338000000000000078e+00,2.503600969986051084e+00,1.040834085586084257e-17,2.934946795752572113e-01
1.340000000000000080e+00,2.506361717591561344e+00,2.312964634635742664e-18,2.937374076721145921e-01
1.342000000000000082e+00,2.509117405995292316e+00,1.156482317317871448e-17,2.939796576739044931e-01
1.344000000000000083e+00,2.511868035653154863e+00,2.081668171172168513e-17,2.942214306379670741e-01
1.346000000000000085e+00,2.514613607082440083e+00,6.938893903907228378e-18,2.944627276201346455e-01
1.348000000000000087e+00,2.517354120861348576e+00,9.251858538542970657e-18,2.947035496747149597e-01
1.350000000000000089e+00,2.520089577629079258e+00,1.619075244245020058e-17,2.949438978544872692e-01
1.352000000000000091e+00,2.522819978085372838e+00,0.000000000000000000e+00,2.951837732106940004e-01
1.354000000000000092e+00,2.525545322990463859e+00,2.312964634635742664e-18,2.954231767930295405e-01
1.356000000000000094e+00,2.528265613164718317e+00,2.312964634635742895e-17,2.956621096496342416e-01
1.358000000000000096e+00,2.530980849488614126e+00,0.000000000000000000e+00,2.959005728270825419e-01
1.360000000000000098e+00,2.533691032902328999e+00,1.040834085586084257e-17,2.961385673703781918e-01
1.362000000000000099e+00,2.536396164405550380e+00,1.619075244245020058e-17,2.963760943229443168e-01
1.364000000000000101e+00,2.539096245057390178e+00,6.938893903907228378e-18,2.966131547266141477e-01
1.366000000000000103e+00,2.541791275975924691e+00,8.095376221225100288e-18,2.968497496216264131e-01
1.368000000000000105e+00,2.544481258338274543e+00,2.312964634635742664e-18,2.970858800466155691e-01
1.370000000000000107e+00,2.547166193380073551e+00,1.040834085586084257e-17,2.973215470386048054e-01
1.372000000000000108e+00,2.549846082395445634e+00,6.938893903907228378e-18,2.975567516329967188e-01
1.374000000000000110e+00,2.552520926736624673e+00,2.312964634635742664e-18,2.977914948635683734e-01
1.376000000000000112e+00,2.555190727813894114e+00,1.040834085586084257e-17,2.980257777624634175e-01
1.378000000000000114e+00,2.557855487095228142e+00,9.251858538542970657e-18,2.982596013601867546e-01
1.380000000000000115e+00,2.560515206106030561e+00,1.040834085586084257e-17,2.984929666855927199e-01
1.382000000000000117e+00,2.563169886429024658e+00,1.272130549049658485e-17,2.987258747658833591e-01
1.384000000000000119e+00,2.565819529703864177e+00,2.312964634635742664e-18,2.989583266265968264e-01
1.386000000000000121e+00,2.568464137627049837e+00,2.312964634635742664e-18,2.991903232916079958e-01
1.388000000000000123e+00,2.571103711951622017e+00,1.503427012513232712e-17,2.994218657831155816e-01
1.390000000000000124e+00,2.573738254486794830e+00,1.503427012513232712e-17,2.996529551216372544e-01
1.392000000000000126e+00,2.576367767097968553e+00,1.503427012513232712e-17,2.998835923260048109e-01
1.394000000000000128e+00,2.578992251706196726e+00,9.251858538542970657e-18,3.001137784133599551e-01
1.396000000000000130e+00,2.581611710288230555e+00,9.251858538542970657e-18,3.003435143991412537e-01
1.398000000000000131e+00,2.584226144876071274e+00,1.040834085586084257e-17,3.005728012970874663e-01
1.400000000000000133e+00,2.586835557556730336e+00,1.272130549049658485e-17,3.008016401192243339e-01
1.402000000000000135e+00,2.589439950472039342e+00,9.251858538542970657e-18,3.010300318758633020e-01
1.404000000000000137e+00,2.592039325818515039e+00,3.469446951953614189e-18,3.012579775755960809e-01
1.406000000000000139e+00,2.594633685846748250e+00,6.938893903907228378e-18,3.014854782252851528e-01
1.407999999999999918e+00,2.597223032861565528e+00,2.312964634635742664e-18,3.017125348300644938e-01
1.409999999999999920e+00,2.599807369221540654e+00,0.000000000000000000e+00,3.019391483933279718e-01
1.411999999999999922e+00,2.602386697338767263e+00,4.625929269271485328e-18,3.021653199167295689e-01
1.413999999999999924e+00,2.604961019678658118e+00,5.782411586589357238e-18,3.023910504001779409e-01
1.415999999999999925e+00,2.607530338759580957e+00,1.619075244245020058e-17,3.026163408418268697e-01
1.417999999999999927e+00,2.610094657152812303e+00,2.312964634635742664e-18,3.028411922380774834e-01
1.419999999999999929e+00,2.612653977481915746e+00,1.040834085586084257e-17,3.030656055835653784e-01
1.421999999999999931e+00,2.615208302422907138e+00,2.197316402903955550e-17,3.032895818711658920e-01
1.423999999999999932e+00,2.617757634703758995e+00,4.625929269271485328e-18,3.035131220919817241e-01
1.425999999999999934e+00,2.620301977104020352e+00,3.469446951953614189e-18,3.037362272353417714e-01
1.427999999999999936e+00,2.622841332454886043e+00,4.625929269271485328e-18,3.039588982887980739e-01
1.429999999999999938e+00,2.625375703638571423e+00,1.156482317317871448e-17,3.041811362381172668e-01
1.431999999999999940e+00,2.627905093588411845e+00,3.469446951953614189e-18,3.044029420672837993e-01
1.433999999999999941e+00,2.630429505288192971e+00,6.938893903907228378e-18,3.046243167584879452e-01
1.435999999999999943e+00,2.632948941772280449e+00,8.095376221225100288e-18,3.048452612921288551e-01
1.437999999999999945e+00,2.635463406125014174e+00,1.387778780781445676e-17,3.050657766468068965e-01
1.439999999999999947e+00,2.637972901480727828e+00,4.625929269271485328e-18,3.052858637993193236e-01
1.441999999999999948e+00,2.640477431023263932e+00,1.040834085586084257e-17,3.055055237246616096e-01
1.443999999999999950e+00,2.642976997985746479e+00,6.938893903907228378e-18,3.057247573960180653e-01
1.445999999999999952e+00,2.645471605650433489e+00,2.312964634635742664e-18,3.059435657847636159e-01
1.447999999999999954e+00,2.647961257348301345e+00,2.544261098099316969e-17,3.061619498604556955e-01
1.449999999999999956e+00,2.650445956458799657e+00,6.938893903907228378e-18,3.063799105908361353e-01
1.451999999999999957e+00,2.652925706409751783e+00,3.469446951953614189e-18,3.065974489418248350e-01
1.453999999999999959e+00,2.655400510676726000e+00,4.625929269271485328e-18,3.068145658775168205e-01
1.455999999999999961e+00,2.657870372783044388e+00,4.625929269271485328e-18,3.070312623601789137e-01
1.457999999999999963e+00,2.660335296299491503e+00,1.387778780781445676e-17,3.072475393502503982e-01
1.459999999999999964e+00,2.662795284843902266e+00,1.734723475976807094e-17,3.074633978063374684e-01
1.461999999999999966e+00,2.665250342080975443e+00,4.625929269271485328e-18,3.076788386852099544e-01
1.463999999999999968e+00,2.667700471722035616e+00,5.782411586589357238e-18,3.078938629418004891e-01
1.465999999999999970e+00,2.670145677524557115e+00,9.251858538542970657e-18,3.081084715292003451e-01
1.467999999999999972e+00,2.672585963292217315e+00,1.156482317317871448e-17,3.083226653986591570e-01
1.469999999999999973e+00,2.675021332874253588e+00,9.251858538542970657e-18,3.085364454995826455e-01
1.471999999999999975e+00,2.677451790165402912e+00,5.782411586589357238e-18,3.087498127795256231e-01
1.473999999999999977e+00,2.679877339105624756e+00,1.156482317317871332e-18,3.089627681841956020e-01
1.475999999999999979e+00,2.682297983679772457e+00,1.503427012513232712e-17,3.091753126574480759e-01
1.477999999999999980e+00,2.684713727917200643e+00,3.469446951953614189e-18,3.093874471412862426e-01
1.479999999999999982e+00,2.687124575891708389e+00,2.312964634635742664e-18,3.095991725758553970e-01
1.481999999999999984e+00,2.689530531721052498e+00,2.312964634635742664e-18,3.098104898994437639e-01
1.483999999999999986e+00,2.691931599566752098e+00,1.850371707708594131e-17,3.100214000484806109e-01
1.485999999999999988e+00,2.694327783633905682e+00,1.387778780781445676e-17,3.102319039575366921e-01
1.487999999999999989e+00,2.696719088170752343e+00,2.081668171172168513e-17,3.104420025593159771e-01
1.489999999999999991e+00,2.699105517468378679e+00,5.782411586589357238e-18,3.106516967846589261e-01
1.491999999999999993e+00,2.701487075860542930e+00,4.625929269271485328e-18,3.108609875625433228e-01
1.493999999999999995e+00,2.703863767723385436e+00,1.272130549049658485e-17,3.110698758200759473e-01
1.495999999999999996e+00,2.706235597475073362e+00,0.000000000000000000e+00,3.112783624824982387e-01
1.497999999999999998e+00,2.708602569575473851e+00,1.040834085586084257e-17,3.114864484731778571e-01
1.500000000000000000e+00,2.710964688526068755e+00,1.619075244245020058e-17,3.116941347136155671e-01
1.502000000000000002e+00,2.713321958869409301e+00,2.312964634635742664e-18,3.119014221234362449e-01
1.504000000000000004e+00,2.715674385189069895e+00,1.619075244245020058e-17,3.121083116203926533e-01
1.506000000000000005e+00,2.718021972109232465e+00,9.251858538542970657e-18,3.123148041203647751e-01
1.508000000000000007e+00,2.720364724294324077e+00,9.251858538542970657e-18,3.125209005373542626e-01
1.510000000000000009e+00,2.722702646448974306e+00,5.782411586589357238e-18,3.127266017834868794e-01
1.512000000000000011e+00,2.725035743317405945e+00,1.272130549049658485e-17,3.129319087690121681e-01
1.514000000000000012e+00,2.727364019683536256e+00,4.625929269271485328e-18,3.131368224023020064e-01
1.516000000000000014e+00,2.729687480370319719e+00,1.503427012513232712e-17,3.133413435898474986e-01
1.518000000000000016e+00,2.732006130239625463e+00,3.469446951953614189e-18,3.135454732362620289e-01
1.520000000000000018e+00,2.734319974192040092e+00,1.734723475976807094e-17,3.137492122442774312e-01
1.522000000000000020e+00,2.736629017166398725e+00,2.312964634635742664e-18,3.139525615147453208e-01
1.524000000000000021e+00,2.738933264139605583e+00,9.251858538542970657e-18,3.141555219466373727e-01
1.526000000000000023e+00,2.741232720126294709e+00,1.156482317317871448e-17,3.143580944370407138e-01
1.528000000000000025e+00,2.743527390178686076e+00,6.938893903907228378e-18,3.145602798811645284e-01
1.530000000000000027e+00,2.745817279385983412e+00,4.625929269271485328e-18,3.147620791723314548e-01
1.532000000000000028e+00,2.748102392874471889e+00,5.782411586589357238e-18,3.149634932019849121e-01
1.534000000000000030e+00,2.750382735807029633e+00,2.312964634635742664e-18,3.151645228596835491e-01
1.536000000000000032e+00,2.752658313382656985e+00,1.619075244245020058e-17,3.153651690331025770e-01
1.538000000000000034e+00,2.754929130836648810e+00,1.272130549049658485e-17,3.155654326080360450e-01
1.540000000000000036e+00,2.757195193439949676e+00,1.850371707708594131e-17,3.157653144683932878e-01
1.542000000000000037e+00,2.759456506498853656e+00,3.469446951953614189e-18,3.159648154961999800e-01
1.544000000000000039e+00,2.761713075354995439e+00,6.938893903907228378e-18,3.161639365715998573e-01
1.546000000000000041e+00,2.763964905384838744e+00,1.156482317317871448e-17,3.163626785728554935e-01
1.548000000000000043e+00,2.766212001999384995e+00,1.040834085586084257e-17,3.165610423763399739e-01
1.550000000000000044e+00,2.768454370644034768e+00,3.469446951953614189e-18,3.167590288565508838e-01
1.552000000000000046e+00,2.770692016798193436e+00,1.619075244245020058e-17,3.169566388860986517e-01
1.554000000000000048e+00,2.772924945975015376e+00,9.251858538542970657e-18,3.171538733357150419e-01
1.556000000000000050e+00,2.775153163720965210e+00,3.469446951953614189e-18,3.173507330742446619e-01
1.558000000000000052e+00,2.777376675616000767e+00,2.197316402903955550e-17,3.175472189686572300e-01
1.560000000000000053e+00,2.779595487272638721e+00,1.040834085586084257e-17,3.177433318840362508e-01
1.562000000000000055e+00,2.781809604336176633e+00,1.387778780781445676e-17,3.179390726835877312e-01
1.564000000000000057e+00,2.784019032484197353e+00,2.312964634635742664e-18,3.181344422286346840e-01
1.566000000000000059e+00,2.786223777426300785e+00,6.938893903907228378e-18,3.183294413786252886e-01
1.568000000000000060e+00,2.788423844903768156e+00,8.095376221225100288e-18,3.185240709911218993e-01
1.570000000000000062e+00,2.790619240689450109e+00,6.938893903907228378e-18,3.187183319218146460e-01
1.572000000000000064e+00,2.792809970587331492e+00,1.156482317317871332e-18,3.189122250245136625e-01
1.574000000000000066e+00,2.794996040432339512e+00,3.469446951953614189e-18,3.191057511511539713e-01
1.576000000000000068e+00,2.797177456089887215e+00,8.095376221225100288e-18,3.192989111517918754e-01
1.578000000000000069e+00,2.799354223455861046e+00,6.938893903907228378e-18,3.194917058746098437e-01
1.580000000000000071e+00,2.801526348456061299e+00,4.625929269271485328e-18,3.196841361659162883e-01
1.582000000000000073e+00,2.803693837046299819e+00,1.156482317317871332e-18,3.198762028701468418e-01
1.584000000000000075e+00,2.805856695211538465e+00,1.850371707708594131e-17,3.200679068298630803e-01
1.586000000000000076e+00,2.808014928966148460e+00,1.387778780781445676e-17,3.202592488857553543e-01
1.588000000000000078e+00,2.810168544353436104e+00,2.312964634635742664e-18,3.204502298766455648e-01
1.590000000000000080e+00,2.812317547445289279e+00,3.469446951953614189e-18,3.206408506394834435e-01
1.592000000000000082e+00,2.814461944341928756e+00,6.938893903907228378e-18,3.208311120093507718e-01
1.594000000000000083e+00,2.816601741171805173e+00,2.312964634635742664e-18,3.210210148194672097e-01
1.596000000000000085e+00,2.818736944090979080e+00,6.938893903907228378e-18,3.212105599011780277e-01
1.598000000000000087e+00,2.820867559283176007e+00,1.272130549049658485e-17,3.213997480839694276e-01
1.600000000000000089e+00,2.822993592959361919e+00,4.625929269271485328e-18,3.215885801954626588e-01
1.602000000000000091e+00,2.825115051357485640e+00,8.095376221225100288e-18,3.217770570614190140e-01
1.604000000000000092e+00,2.827231940742105820e+00,0.000000000000000000e+00,3.219651795057338894e-01
1.606000000000000094e+00,2.829344267404295010e+00,0.000000000000000000e+00,3.221529483504470548e-01
1.608000000000000096e+00,2.831452037661270182e+00,2.312964634635742664e-18,3.223403644157400438e-01
1.610000000000000098e+00,2.833555257856060550e+00,3.469446951953614189e-18,3.225274285199350444e-01
1.612000000000000099e+00,2.835653934357322825e+00,6.938893903907228378e-18,3.227141414795010044e-01
1.614000000000000101e+00,2.837748073559090756e+00,2.775557561562891351e-17,3.229005041090526329e-01
1.616000000000000103e+00,2.839837681880410969e+00,1.272130549049658485e-17,3.230865172213546743e-01
1.618000000000000105e+00,2.841922765765064085e+00,2.197316402903955550e-17,3.232721816273162463e-01
1.620000000000000107e+00,2.844003331681438596e+00,1.503427012513232712e-17,3.234574981360005541e-01
1.622000000000000108e+00,2.846079386122120525e+00,2.197316402903955550e-17,3.236424675546241692e-01
1.624000000000000110e+00,2.848150935603603884e+00,1.156482317317871332e-18,3.238270906885551970e-01
1.626000000000000112e+00,2.850217986666180536e+00,1.040834085586084257e-17,3.240113683413198276e-01
1.628000000000000114e+00,2.852280545873503215e+00,1.156482317317871448e-17,3.241953013145995599e-01
1.630000000000000115e+00,2.854338619812475386e+00,1.040834085586084257e-17,3.243788904082383073e-01
1.632000000000000117e+00,2.856392215092757425e+00,1.156482317317871332e-18,3.245621364202376791e-01
1.634000000000000119e+00,2.858441338346759508e+00,1.387778780781445676e-17,3.247450401467636416e-01
1.636000000000000121e+00,2.860485996229220618e+00,2.197316402903955550e-17,3.249276023821483506e-01
1.638000000000000123e+00,2.862526195416924324e+00,1.156482317317871332e-18,3.251098239188872641e-01
1.640000000000000124e+00,2.864561942608599310e+00,1.156482317317871332e-18,3.252917055476473585e-01
1.642000000000000126e+00,2.866593244524404227e+00,1.966019939440381476e-17,3.254732480572634645e-01
1.644000000000000128e+00,2.868620107905954342e+00,3.469446951953614189e-18,3.256544522347447068e-01
1.646000000000000130e+00,2.870642539515811720e+00,0.000000000000000000e+00,3.258353188652721166e-01
1.648000000000000131e+00,2.872660546137350224e+00,3.469446951953614189e-18,3.260158487322058485e-01
1.650000000000000133e+00,2.874674134574446427e+00,1.156482317317871448e-17,3.261960426170818494e-01
1.652000000000000135e+00,2.876683311651277108e+00,9.251858538542970657e-18,3.263759012996171327e-01
1.654000000000000137e+00,2.878688084212042142e+00,6.938893903907228378e-18,3.265554255577121645e-01
1.656000000000000139e+00,2.880688459120552380e+00,9.251858538542970657e-18,3.267346161674480887e-01
1.658000000000000140e+00,2.882684443260327356e+00,2.081668171172168513e-17,3.269134739030984393e-01
1.660000000000000142e+00,2.884676043533932699e+00,9.251858538542970657e-18,3.270919995371204259e-01
1.662000000000000144e+00,2.886663266863060073e+00,5.782411586589357238e-18,3.272701938401642585e-01
1.664000000000000146e+00,2.888646120187940980e+00,1.503427012513232712e-17,3.274480575810720939e-01
1.665999999999999925e+00,2.890624610467510180e+00,4.625929269271485328e-18,3.276255915268835861e-01
1.667999999999999927e+00,2.892598744678700484e+00,4.047688110612549682e-17,3.278027964428311680e-01
1.669999999999999929e+00,2.894568529816609725e+00,9.251858538542970657e-18,3.279796730923533188e-01
1.671999999999999931e+00,2.896533972893827524e+00,1.503427012513232712e-17,3.281562222370850712e-01
1.673999999999999932e+00,2.898495080940588053e+00,8.095376221225100288e-18,3.283324446368690586e-01
1.675999999999999934e+00,2.900451861004359699e+00,8.095376221225100288e-18,3.285083410497518508e-01
1.677999999999999936e+00,2.902404320149441830e+00,1.734723475976807094e-17,3.286839122319904494e-01
1.679999999999999938e+00,2.904352465456879528e+00,2.312964634635742664e-18,3.288591589380530089e-01
1.681999999999999940e+00,2.906296304024298394e+00,1.619075244245020058e-17,3.290340819206225009e-01
1.683999999999999941e+00,2.908235842965414264e+00,3.469446951953614189e-18,3.292086819305954370e-01
1.685999999999999943e+00,2.910171089410068745e+00,4.625929269271485328e-18,3.293829597170875312e-01
1.687999999999999945e+00,2.912102050503749595e+00,1.040834085586084257e-17,3.295569160274376963e-01
1.689999999999999947e+00,2.914028733407448613e+00,1.850371707708594131e-17,3.297305516072039921e-01
1.691999999999999948e+00,2.915951145297443148e+00,1.156482317317871332e-18,3.299038672001748940e-01
1.693999999999999950e+00,2.917869293365029648e+00,1.040834085586084257e-17,3.300768635483637969e-01
1.695999999999999952e+00,2.919783184816289179e+00,9.251858538542970657e-18,3.302495413920160661e-01
1.697999999999999954e+00,2.921692826871721493e+00,9.251858538542970657e-18,3.304219014696116452e-01
1.699999999999999956e+00,2.923598226766378261e+00,1.272130549049658485e-17,3.305939445178636693e-01
1.701999999999999957e+00,2.925499391749125877e+00,5.782411586589357238e-18,3.307656712717261804e-01
1.703999999999999959e+00,2.927396329082796456e+00,1.503427012513232712e-17,3.309370824643929621e-01
1.705999999999999961e+00,2.929289046043761502e+00,2.081668171172168513e-17,3.311081788273015913e-01
1.707999999999999963e+00,2.931177549921775594e+00,1.387778780781445676e-17,3.312789610901367698e-01
1.709999999999999964e+00,2.933061848019711704e+00,1.503427012513232712e-17,3.314494299808308231e-01
1.711999999999999966e+00,2.934941947653340932e+00,1.734723475976807094e-17,3.316195862255693627e-01
1.713999999999999968e+00,2.936817856151103356e+00,2.197316402903955550e-17,3.317894305487892881e-01
1.715999999999999970e+00,2.938689580853873551e+00,1.850371707708594131e-17,3.319589636731873350e-01
1.717999999999999972e+00,2.940557129114756307e+00,2.312964634635742664e-18,3.321281863197179662e-01
1.719999999999999973e+00,2.942420508298827286e+00,3.469446951953614189e-18,3.322970992075990893e-01
1.721999999999999975e+00,2.944279725782875445e+00,0.000000000000000000e+00,3.324657030543132219e-01
1.723999999999999977e+00,2.946134788955289352e+00,1.040834085586084257e-17,3.326339985756090467e-01
1.725999999999999979e+00,2.947985705215703689e+00,1.272130549049658485e-17,3.328019864855101817e-01
1.727999999999999980e+00,2.949832481974894449e+00,9.251858538542970657e-18,3.329696674963066871e-01
1.729999999999999982e+00,2.951675126654382808e+00,1.966019939440381476e-17,3.331370423185697760e-01
1.731999999999999984e+00,2.953513646686520389e+00,2.312964634635742664e-18,3.333041116611494270e-01
1.733999999999999986e+00,2.955348049513911945e+00,1.156482317317871332e-18,3.334708762311742181e-01
1.735999999999999988e+00,2.957178342589445563e+00,2.312964634635742664e-18,3.336373367340604301e-01
1.737999999999999989e+00,2.959004533375937385e+00,1.272130549049658485e-17,3.338034938735077728e-01
1.739999999999999991e+00,2.960826629346055228e+00,2.312964634635742664e-18,3.339693483515104311e-01
1.741999999999999993e+00,2.962644637981968643e+00,8.095376221225100288e-18,3.341349008683521249e-01
1.743999999999999995e+00,2.964458566775135751e+00,1.272130549049658485e-17,3.343001521226142692e-01
1.745999999999999996e+00,2.966268423226223305e+00,1.040834085586084257e-17,3.344651028111756408e-01
1.747999999999999998e+00,2.968074214844815373e+00,5.782411586589357238e-18,3.346297536292187069e-01
1.750000000000000000e+00,2.969875949149097139e+00,2.312964634635742664e-18,3.347941052702275710e-01
1.752000000000000002e+00,2.971673633665798064e+00,1.040834085586084257e-17,3.349581584259958555e-01
1.754000000000000004e+00,2.973467275930021358e+00,1.156482317317871332e-18,3.351219137866257580e-01
1.756000000000000005e+00,2.975256883484881598e+00,5.782411586589357238e-18,3.352853720405369886e-01
1.758000000000000007e+00,2.977042463881263146e+00,1.156482317317871332e-18,3.354485338744598866e-01
1.760000000000000009e+00,2.978824024677825477e+00,1.503427012513232712e-17,3.356113999734461895e-01
1.762000000000000011e+00,2.980601573440690544e+00,9.251858538542970657e-18,3.357739710208710870e-01
1.764000000000000012e+00,2.982375117743183424e+00,4.625929269271485328e-18,3.359362476984334434e-01
1.766000000000000014e+00,2.984144665165715082e+00,1.156482317317871332e-18,3.360982306861596824e-01
1.768000000000000016e+00,2.985910223295597632e+00,2.312964634635742895e-17,3.362599206624097281e-01
1.770000000000000018e+00,2.987671799726632216e+00,1.387778780781445676e-17,3.364213183038746724e-01
1.772000000000000020e+00,2.989429402059259999e+00,1.156482317317871448e-17,3.365824242855837145e-01
1.774000000000000021e+00,2.991183037900132291e+00,1.387778780781445676e-17,3.367432392809082131e-01
1.776000000000000023e+00,2.992932714861865406e+00,1.734723475976807094e-17,3.369037639615589663e-01
1.778000000000000025e+00,2.994678440563072641e+00,6.938893903907228378e-18,3.370639989975957596e-01
1.780000000000000027e+00,2.996420222628007224e+00,1.156482317317871448e-17,3.372239450574276431e-01
1.782000000000000028e+00,2.998158068686278099e+00,4.625929269271485328e-18,3.373836028078132654e-01
1.784000000000000030e+00,2.999891986372960062e+00,2.312964634635742664e-18,3.375429729138697543e-01
1.786000000000000032e+00,3.001621983328128351e+00,2.312964634635742664e-18,3.377020560390701642e-01
1.788000000000000034e+00,3.003348067196766280e+00,8.095376221225100288e-18,3.378608528452514137e-01
1.790000000000000036e+00,3.005070245628603587e+00,1.156482317317871332e-18,3.380193639926111770e-01
1.792000000000000037e+00,3.006788526277903273e+00,0.000000000000000000e+00,3.381775901397204298e-01
1.794000000000000039e+00,3.008502916803294625e+00,2.197316402903955550e-17,3.383355319435161213e-01
1.796000000000000041e+00,3.010213424867474785e+00,5.782411586589357238e-18,3.384931900593101672e-01
1.798000000000000043e+00,3.011920058137230072e+00,1.503427012513232712e-17,3.386505651407937245e-01
1.800000000000000044e+00,3.013622824283089585e+00,6.938893903907228378e-18,3.388076578400356920e-01
1.802000000000000046e+00,3.015321730979202641e+00,1.387778780781445676e-17,3.389644688074880952e-01
1.804000000000000048e+00,3.017016785903143372e+00,9.251858538542970657e-18,3.391209986919903052e-01
1.806000000000000050e+00,3.018707996735750854e+00,6.938893903907228378e-18,3.392772481407708152e-01
1.808000000000000052e+00,3.020395371160979892e+00,1.156482317317871332e-18,3.394332177994514033e-01
1.810000000000000053e+00,3.022078916865609699e+00,1.040834085586084257e-17,3.395889083120487983e-01
1.812000000000000055e+00,3.023758641539179948e+00,1.272130549049658485e-17,3.397443203209789542e-01
1.814000000000000057e+00,3.025434552873843330e+00,1.966019939440381476e-17,3.398994544670591589e-01
1.816000000000000059e+00,3.027106658564006736e+00,1.040834085586084257e-17,3.400543113895139746e-01
1.818000000000000060e+00,3.028774966306363225e+00,6.938893903907228378e-18,3.402088917259735168e-01
1.820000000000000062e+00,3.030439483799595379e+00,1.156482317317871448e-17,3.403631961124817251e-01
1.822000000000000064e+00,3.032100218744339770e+00,8.095376221225100288e-18,3.405172251834978070e-01
1.824000000000000066e+00,3.033757178842801494e+00,8.095376221225100288e-18,3.406709795718958489e-01
1.826000000000000068e+00,3.035410371798839435e+00,1.387778780781445676e-17,3.408244599089740312e-01
1.828000000000000069e+00,3.037059805317534611e+00,5.782411586589357238e-18,3.409776668244536846e-01
1.830000000000000071e+00,3.038705487105319847e+00,4.625929269271485328e-18,3.411306009464841749e-01
1.832000000000000073e+00,3.040347424869569437e+00,1.156482317317871332e-18,3.412832629016449570e-01
1.834000000000000075e+00,3.041985626318481906e+00,5.782411586589357238e-18,3.414356533149499606e-01
1.836000000000000076e+00,3.043620099161026715e+00,5.782411586589357238e-18,3.415877728098486998e-01
1.838000000000000078e+00,3.045250851106802159e+00,5.782411586589357238e-18,3.417396220082347114e-01
1.840000000000000080e+00,3.046877889865607258e+00,1.387778780781445676e-17,3.418912015304407248e-01
1.842000000000000082e+00,3.048501223147633610e+00,5.782411586589357238e-18,3.420425119952504867e-01
1.844000000000000083e+00,3.050120858663040835e+00,1.040834085586084257e-17,3.421935540198933201e-01
1.846000000000000085e+00,3.051736804121949476e+00,6.938893903907228378e-18,3.423443282200552829e-01
1.848000000000000087e+00,3.053349067234263359e+00,1.156482317317871448e-17,3.424948352098781124e-01
1.850000000000000089e+00,3.054957655709399589e+00,6.938893903907228378e-18,3.426450756019629451e-01
1.852000000000000091e+00,3.056562577256348945e+00,1.156482317317871332e-18,3.427950500073723150e-01
1.854000000000000092e+00,3.058163839583315280e+00,1.850371707708594131e-17,3.429447590356382580e-01
1.856000000000000094e+00,3.059761450397695981e+00,5.782411586589357238e-18,3.430942032947585374e-01
1.858000000000000096e+00,3.061355417405907886e+00,1.156482317317871448e-17,3.432433833912064691e-01
1.860000000000000098e+00,3.062945748313229188e+00,0.000000000000000000e+00,3.433922999299319212e-01
1.862000000000000099e+00,3.064532450823472587e+00,0.000000000000000000e+00,3.435409535143592596e-01
1.864000000000000101e+00,3.066115532639280161e+00,1.966019939440381476e-17,3.436893447463991169e-01
1.866000000000000103e+00,3.067695001461558491e+00,2.312964634635742895e-17,3.438374742264480033e-01
1.868000000000000105e+00,3.069270864989471548e+00,2.891205793294678696e-17,3.439853425533873077e-01
1.870000000000000107e+00,3.070843130920401620e+00,2.428612866367529932e-17,3.441329503245966759e-01
1.872000000000000108e+00,3.072411806949650881e+00,1.156482317317871332e-18,3.442802981359468495e-01
1.874000000000000110e+00,3.073976900770409415e+00,2.659909329831104314e-17,3.444273865818083813e-01
1.876000000000000112e+00,3.075538420073552714e+00,2.312964634635742664e-18,3.445742162550518572e-01
1.878000000000000114e+00,3.077096372547519110e+00,1.734723475976807094e-17,3.447207877470579995e-01
1.880000000000000115e+00,3.078650765878190754e+00,9.251858538542970657e-18,3.448671016477106721e-01
1.882000000000000117e+00,3.080201607748835002e+00,1.966019939440381476e-17,3.450131585454068728e-01
1.884000000000000119e+00,3.081748905839678088e+00,3.469446951953614189e-18,3.451589590270608410e-01
1.886000000000000121e+00,3.083292667828153810e+00,2.312964634635742664e-18,3.453045036781035582e-01
1.888000000000000123e+00,3.084832901388580240e+00,3.469446951953614189e-18,3.454497930824868557e-01
1.890000000000000124e+00,3.086369614191960764e+00,1.040834085586084257e-17,3.455948278226870229e-01
1.892000000000000126e+00,3.087902813905980537e+00,1.966019939440381476e-17,3.457396084797101365e-01
1.894000000000000128e+00,3.089432508194825289e+00,1.734723475976807094e-17,3.458841356330934480e-01
1.896000000000000130e+00,3.090958704719007244e+00,9.251858538542970657e-18,3.460284098609045511e-01
1.898000000000000131e+00,3.092481411135427294e+00,8.095376221225100288e-18,3.461724317397551487e-01
1.900000000000000133e+00,3.094000635096991303e+00,2.197316402903955550e-17,3.463162018447947799e-01
1.902000000000000135e+00,3.095516384252560371e+00,1.272130549049658485e-17,3.464597207497168707e-01
1.904000000000000137e+00,3.097028666247032547e+00,1.503427012513232712e-17,3.466029890267631752e-01
1.906000000000000139e+00,3.098537488720973343e+00,6.938893903907228378e-18,3.467460072467269949e-01
1.908000000000000140e+00,3.100042859310512711e+00,8.095376221225100288e-18,3.468887759789530123e-01
1.910000000000000142e+00,3.101544785647352143e+00,1.040834085586084257e-17,3.470312957913475049e-01
1.912000000000000144e+00,3.103043275358626119e+00,6.938893903907228378e-18,3.471735672503742376e-01
1.914000000000000146e+00,3.104538336066680060e+00,1.387778780781445676e-17,3.473155909210616787e-01
1.916000000000000147e+00,3.106029975389036579e+00,1.272130549049658485e-17,3.474573673670066642e-01
1.918000000000000149e+00,3.107518200938182318e+00,1.272130549049658485e-17,3.475988971503746749e-01
1.919999999999999929e+00,3.109003020321708277e+00,2.312964634635742664e-18,3.477401808319052767e-01
1.921999999999999931e+00,3.110484441141792900e+00,8.095376221225100288e-18,3.478812189709173386e-01
1.923999999999999932e+00,3.111962470995461416e+00,1.156482317317871332e-18,3.480220121253052579e-01
1.925999999999999934e+00,3.113437117474227023e+00,2.081668171172168513e-17,3.481625608515524495e-01
1.927999999999999936e+00,3.114908388164160158e+00,2.197316402903955550e-17,3.483028657047248511e-01
1.929999999999999938e+00,3.116376290645568758e+00,1.156482317317871448e-17,3.484429272384788057e-01
1.931999999999999940e+00,3.117840832493170566e+00,3.469446951953614189e-18,3.485827460050668902e-01
1.933999999999999941e+00,3.119302021275693448e+00,2.312964634635742664e-18,3.487223225553358064e-01
1.935999999999999943e+00,3.120759864555934016e+00,1.040834085586084257e-17,3.488616574387316538e-01
1.937999999999999945e+00,3.122214369890668806e+00,5.782411586589357238e-18,3.490007512033059256e-01
1.939999999999999947e+00,3.123665544830345198e+00,1.156482317317871332e-18,3.491396043957122330e-01
1.941999999999999948e+00,3.125113396919365627e+00,3.469446951953614189e-18,3.492782175612186291e-01
1.943999999999999950e+00,3.126557933695552904e+00,1.040834085586084257e-17,3.494165912437017796e-01
1.945999999999999952e+00,3.127999162690283441e+00,2.312964634635742664e-18,3.495547259856576217e-01
1.947999999999999954e+00,3.129437091428398432e+00,1.850371707708594131e-17,3.496926223281985324e-01
1.949999999999999956e+00,3.130871727427997797e+00,1.156482317317871332e-18,3.498302808110608786e-01
1.951999999999999957e+00,3.132303078200489921e+00,5.782411586589357238e-18,3.499677019726069593e-01
1.953999999999999959e+00,3.133731151250211511e+00,8.095376221225100288e-18,3.501048863498266162e-01
1.955999999999999961e+00,3.135155954074662077e+00,3.469446951953614189e-18,3.502418344783434501e-01
1.957999999999999963e+00,3.136577494164253466e+00,8.095376221225100288e-18,3.503785468924156543e-01
1.959999999999999964e+00,3.137995779002110908e+00,1.272130549049658485e-17,3.505150241249405663e-01
1.961999999999999966e+00,3.139410816064170717e+00,1.850371707708594131e-17,3.506512667074555556e-01
1.963999999999999968e+00,3.140822612819080817e+00,1.040834085586084257e-17,3.507872751701464065e-01
1.965999999999999970e+00,3.142231176727912967e+00,8.095376221225100288e-18,3.509230500418440424e-01
1.967999999999999972e+00,3.143636515244168095e+00,1.734723475976807094e-17,3.510585918500325753e-01
1.969999999999999973e+00,3.145038635813795835e+00,2.312964634635742664e-18,3.511939011208498607e-01
1.971999999999999975e+00,3.146437545875047093e+00,8.095376221225100288e-18,3.513289783790938259e-01
1.973999999999999977e+00,3.147833252858170283e+00,5.782411586589357238e-18,3.514638241482212488e-01
1.975999999999999979e+00,3.149225764185707988e+00,9.251858538542970657e-18,3.515984389503533647e-01
1.977999999999999980e+00,3.150615087272107928e+00,6.938893903907228378e-18,3.517328233062814724e-01
1.979999999999999982e+00,3.152001229523744286e+00,4.625929269271485328e-18,3.518669777354633821e-01
1.981999999999999984e+00,3.153384198338930133e+00,0.000000000000000000e+00,3.520009027560381809e-01
1.983999999999999986e+00,3.154764001107480453e+00,5.782411586589357238e-18,3.521345988848118003e-01
1.985999999999999988e+00,3.156140645211200635e+00,1.619075244245020058e-17,3.522680666372787761e-01
1.987999999999999989e+00,3.157514138023248762e+00,2.428612866367529932e-17,3.524013065276155876e-01
1.989999999999999991e+00,3.158884486908309697e+00,1.272130549049658485e-17,3.525343190686827666e-01
1.991999999999999993e+00,3.160251699222639488e+00,1.156482317317871448e-17,3.526671047720332797e-01
1.993999999999999995e+00,3.161615782313647927e+00,1.503427012513232712e-17,3.527996641479121398e-01
1.995999999999999996e+00,3.162976743520141909e+00,4.625929269271485328e-18,3.529319977052609580e-01
1.997999999999999998e+00,3.164334590172146022e+00,1.503427012513232712e-17,3.530641059517225511e-01
2.000000000000000000e+00,3.165689329590552603e+00,1.156482317317871332e-18,3.531959893936382211e-01
2.002000000000000224e+00,3.167040969087624447e+00,1.850371707708594131e-17,3.533276485360593577e-01
2.004000000000000004e+00,3.168389515966319792e+00,4.625929269271485328e-18,3.534590838827434967e-01
2.006000000000000227e+00,3.169734977520617392e+00,2.312964634635742664e-18,3.535902959361612030e-01
2.008000000000000007e+00,3.171077361035246511e+00,3.469446951953614189e-18,3.537212851975000127e-01
2.010000000000000231e+00,3.172416673785683372e+00,5.782411586589357238e-18,3.538520521666618235e-01
2.012000000000000011e+00,3.173752923038147600e+00,2.312964634635742664e-18,3.539825973422763838e-01
2.014000000000000234e+00,3.175086116049291363e+00,6.938893903907228378e-18,3.541129212216915234e-01
2.016000000000000014e+00,3.176416260066471153e+00,1.503427012513232712e-17,3.542430243009871416e-01
2.018000000000000238e+00,3.177743362327349885e+00,9.251858538542970657e-18,3.543729070749721544e-01
2.020000000000000018e+00,3.179067430060086963e+00,6.938893903907228378e-18,3.545025700371925992e-01
2.022000000000000242e+00,3.180388470483061170e+00,6.938893903907228378e-18,3.546320136799271938e-01
2.024000000000000021e+00,3.181706490805012777e+00,1.156482317317871448e-17,3.547612384941993824e-01
2.026000000000000245e+00,3.183021498224800183e+00,2.312964634635742664e-18,3.548902449697731165e-01
2.028000000000000025e+00,3.184333499931391032e+00,1.272130549049658485e-17,3.550190335951622922e-01
2.030000000000000249e+00,3.185642503103863987e+00,1.619075244245020058e-17,3.551476048576270861e-01
2.032000000000000028e+00,3.186948514911254193e+00,1.040834085586084257e-17,3.552759592431808389e-01
2.034000000000000252e+00,3.188251542512535508e+00,2.312964634635742664e-18,3.554040972365969941e-01
2.036000000000000032e+00,3.189551593056535239e+00,0.000000000000000000e+00,3.555320193214036029e-01
2.038000000000000256e+00,3.190848673681914605e+00,8.095376221225100288e-18,3.556597259798923716e-01
2.040000000000000036e+00,3.192142791517081690e+00,8.095376221225100288e-18,3.557872176931213271e-01
2.042000000000000259e+00,3.193433953680095527e+00,5.782411586589357238e-18,3.559144949409159819e-01
2.044000000000000039e+00,3.194722167278717606e+00,0.000000000000000000e+00,3.560415582018733871e-01
2.046000000000000263e+00,3.196007439410159634e+00,1.734723475976807094e-17,3.561684079533640190e-01
2.048000000000000043e+00,3.197289777161220314e+00,1.272130549049658485e-17,3.562950446715391073e-01
2.049999999999999822e+00,3.198569187608205411e+00,1.040834085586084257e-17,3.564214688313266377e-01
2.052000000000000046e+00,3.199845677816735900e+00,1.966019939440381476e-17,3.565476809064427877e-01
2.053999999999999826e+00,3.201119254841810147e+00,1.040834085586084257e-17,3.566736813693850427e-01
2.056000000000000050e+00,3.202389925727734621e+00,1.387778780781445676e-17,3.567994706914460190e-01
2.057999999999999829e+00,3.203657697508008440e+00,1.387778780781445676e-17,3.569250493427090221e-01
2.060000000000000053e+00,3.204922577205385537e+00,5.782411586589357238e-18,3.570504177920531541e-01
2.061999999999999833e+00,3.206184571831631303e+00,1.156482317317871332e-18,3.571755765071566446e-01
2.064000000000000057e+00,3.207443688387717984e+00,1.387778780781445676e-17,3.573005259544994039e-01
2.065999999999999837e+00,3.208699933863671916e+00,2.312964634635742664e-18,3.574252665993689626e-01
2.068000000000000060e+00,3.209953315238381677e+00,1.156482317317871332e-18,3.575497989058585291e-01
2.069999999999999840e+00,3.211203839479663813e+00,3.469446951953614189e-18,3.576741233368714301e-01
2.072000000000000064e+00,3.212451513544335668e+00,3.469446951953614189e-18,3.577982403541297707e-01
2.073999999999999844e+00,3.213696344378018210e+00,9.251858538542970657e-18,3.579221504181677727e-01
2.076000000000000068e+00,3.214938338915036553e+00,1.850371707708594131e-17,3.580458539883433211e-01
2.077999999999999847e+00,3.216177504078528315e+00,2.544261098099316969e-17,3.581693515228359659e-01
2.080000000000000071e+00,3.217413846780347697e+00,2.775557561562891351e-17,3.582926434786514736e-01
2.081999999999999851e+00,3.218647373920937582e+00,1.850371707708594131e-17,3.584157303116252136e-01
2.084000000000000075e+00,3.219878092389382829e+00,9.251858538542970657e-18,3.585386124764252114e-01
2.085999999999999854e+00,3.221106009063392506e+00,4.625929269271485328e-18,3.586612904265548130e-01
2.088000000000000078e+00,3.222331130809063637e+00,1.156482317317871332e-18,3.587837646143547943e-01
2.089999999999999858e+00,3.223553464481115682e+00,3.469446951953614189e-18,3.589060354910074691e-01
2.092000000000000082e+00,3.224773016922590330e+00,9.251858538542970657e-18,3.590281035065382986e-01
2.093999999999999861e+00,3.225989794964986501e+00,2.544261098099316969e-17,3.591499691098214431e-01
2.096000000000000085e+00,3.227203805428130678e+00,2.312964634635742664e-18,3.592716327485818706e-01
2.097999999999999865e+00,3.228415055120288812e+00,1.850371707708594131e-17,3.593930948693940808e-01
2.100000000000000089e+00,3.229623550837818158e+00,2.775557561562891351e-17,3.595143559176917636e-01
2.101999999999999869e+00,3.230829299365366225e+00,6.938893903907228378e-18,3.596354163377667446e-01
2.104000000000000092e+00,3.232032307475888544e+00,1.040834085586084257e-17,3.597562765727718159e-01
2.105999999999999872e+00,3.233232581930447935e+00,6.938893903907228378e-18,3.598769370647255106e-01
2.108000000000000096e+00,3.234430129478180760e+00,9.251858538542970657e-18,3.599973982545142670e-01
2.109999999999999876e+00,3.235624956856424816e+00,1.387778780781445676e-17,3.601176605818952603e-01
2.112000000000000099e+00,3.236817070790465323e+00,4.625929269271485328e-18,3.602377244854962912e-01
2.113999999999999879e+00,3.238006477993712551e+00,9.251858538542970657e-18,3.603575904028277765e-01
2.116000000000000103e+00,3.239193185167504652e+00,2.312964634635742664e-18,3.604772587702737563e-01
2.117999999999999883e+00,3.240377199001155617e+00,1.734723475976807094e-17,3.605967300231038286e-01
2.120000000000000107e+00,3.241558526171889554e+00,2.312964634635742895e-17,3.607160045954703187e-01
2.121999999999999886e+00,3.242737173344886870e+00,9.251858538542970657e-18,3.608350829204181043e-01
2.124000000000000110e+00,3.243913147173067557e+00,6.938893903907228378e-18,3.609539654298765110e-01
2.125999999999999890e+00,3.245086454297375411e+00,4.625929269271485328e-18,3.610726525546765764e-01
2.128000000000000114e+00,3.246257101346321505e+00,3.469446951953614189e-18,3.611911447245379492e-01
2.129999999999999893e+00,3.247425094936328804e+00,4.625929269271485328e-18,3.613094423680865419e-01
2.132000000000000117e+00,3.248590441671641571e+00,0.000000000000000000e+00,3.614275459128477030e-01
2.133999999999999897e+00,3.249753148144034043e+00,1.156482317317871332e-18,3.615454557852519346e-01
2.136000000000000121e+00,3.250913220933048464e+00,1.040834085586084257e-17,3.616631724106404433e-01
2.137999999999999901e+00,3.252070666605900939e+00,5.782411586589357238e-18,3.617806962132624204e-01
2.140000000000000124e+00,3.253225491717451234e+00,1.503427012513232712e-17,3.618980276162820919e-01
2.141999999999999904e+00,3.254377702810138828e+00,5.782411586589357238e-18,3.620151670417825485e-01
2.144000000000000128e+00,3.255527306413981137e+00,5.782411586589357238e-18,3.621321149107625259e-01
2.145999999999999908e+00,3.256674309046543314e+00,6.938893903907228378e-18,3.622488716431473965e-01
2.148000000000000131e+00,3.257818717212906279e+00,9.251858538542970657e-18,3.623654376577845615e-01
2.149999999999999911e+00,3.258960537405787505e+00,2.659909329831104314e-17,3.624818133724501679e-01
2.152000000000000135e+00,3.260099776105176872e+00,4.625929269271485328e-18,3.625979992038540489e-01
2.153999999999999915e+00,3.261236439778722129e+00,6.938893903907228378e-18,3.627139955676361716e-01
2.156000000000000139e+00,3.262370534881378958e+00,1.503427012513232712e-17,3.628298028783750184e-01
2.157999999999999918e+00,3.263502067855620581e+00,2.312964634635742664e-18,3.629454215495874214e-01
2.160000000000000142e+00,3.264631045131169529e+00,4.625929269271485328e-18,3.630608519937330581e-01
2.161999999999999922e+00,3.265757473125283639e+00,1.387778780781445676e-17,3.631760946222148956e-01
2.164000000000000146e+00,3.266881358242494926e+00,1.156482317317871332e-18,3.632911498453872956e-01
2.165999999999999925e+00,3.268002706874666430e+00,5.782411586589357238e-18,3.634060180725501854e-01
2.168000000000000149e+00,3.269121525400993988e+00,4.625929269271485328e-18,3.635206997119601047e-01
2.169999999999999929e+00,3.270237820187940514e+00,1.040834085586084257e-17,3.636351951708286512e-01
2.172000000000000153e+00,3.271351597589282179e+00,4.625929269271485328e-18,3.637495048553251453e-01
2.173999999999999932e+00,3.272462863946127953e+00,2.312964634635742664e-18,3.638636291705825143e-01
2.176000000000000156e+00,3.273571625586615852e+00,0.000000000000000000e+00,3.639775685206957934e-01
2.177999999999999936e+00,3.274677888826341032e+00,5.782411586589357238e-18,3.640913233087278433e-01
2.180000000000000160e+00,3.275781659967973880e+00,1.040834085586084257e-17,3.642048939367125704e-01
2.181999999999999940e+00,3.276882945301430539e+00,1.156482317317871332e-18,3.643182808056540378e-01
2.184000000000000163e+00,3.277981751103769881e+00,4.625929269271485328e-18,3.644314843155313510e-01
2.185999999999999943e+00,3.279078083639205943e+00,1.272130549049658485e-17,3.645445048653047082e-01
2.188000000000000167e+00,3.280171949159221612e+00,5.782411586589357238e-18,3.646573428529119587e-01
2.189999999999999947e+00,3.281263353902247104e+00,6.938893903907228378e-18,3.647699986752746537e-01
2.192000000000000171e+00,3.282352304094022344e+00,1.966019939440381476e-17,3.648824727283004887e-01
2.193999999999999950e+00,3.283438805947227479e+00,4.625929269271485328e-18,3.649947654068874670e-01
2.196000000000000174e+00,3.284522865661708479e+00,2.312964634635742664e-18,3.651068771049203465e-01
2.197999999999999954e+00,3.285604489424535757e+00,5.782411586589357238e-18,3.652188082152865722e-01
2.200000000000000178e+00,3.286683683409574286e+00,0.000000000000000000e+00,3.653305591298588451e-01
2.201999999999999957e+00,3.287760453777980985e+00,6.938893903907228378e-18,3.654421302395202131e-01
2.204000000000000181e+00,3.288834806677847666e+00,4.625929269271485328e-18,3.655535219341476960e-01
2.205999999999999961e+00,3.289906748244369794e+00,9.251858538542970657e-18,3.656647346026282719e-01
2.208000000000000185e+00,3.290976284599686608e+00,1.156482317317871332e-18,3.657757686328527158e-01
2.209999999999999964e+00,3.292043421853094287e+00,8.095376221225100288e-18,3.658866244117255917e-01
2.212000000000000188e+00,3.293108166100745748e+00,2.312964634635742664e-18,3.659973023251598123e-01
2.213999999999999968e+00,3.294170523425904662e+00,2.312964634635742895e-17,3.661078027580870198e-01
2.216000000000000192e+00,3.295230499898764265e+00,4.625929269271485328e-18,3.662181260944539773e-01
2.217999999999999972e+00,3.296288101576557494e+00,0.000000000000000000e+00,3.663282727172307851e-01
2.220000000000000195e+00,3.297343334503473500e+00,3.469446951953614189e-18,3.664382430084095477e-01
2.221999999999999975e+00,3.298396204710687840e+00,3.006854025026465425e-17,3.665480373490085930e-01
2.224000000000000199e+00,3.299446718216289653e+00,3.469446951953614189e-18,3.666576561190729167e-01
2.225999999999999979e+00,3.300494881025347382e+00,4.625929269271485328e-18,3.667670996976802877e-01
2.228000000000000203e+00,3.301540699130010026e+00,8.095376221225100288e-18,3.668763684629414712e-01
2.229999999999999982e+00,3.302584178509132329e+00,1.156482317317871448e-17,3.669854627920039469e-01
2.232000000000000206e+00,3.303625325128692225e+00,1.734723475976807094e-17,3.670943830610536307e-01
2.233999999999999986e+00,3.304664144941609649e+00,1.387778780781445676e-17,3.672031296453174276e-01
2.236000000000000210e+00,3.305700643887572454e+00,1.156482317317871332e-18,3.673117029190657301e-01
2.237999999999999989e+00,3.306734827893412998e+00,1.734723475976807094e-17,3.674201032556187463e-01
2.240000000000000213e+00,3.307766702872713793e+00,1.156482317317871332e-18,3.675283310273398385e-01
2.241999999999999993e+00,3.308796274726091724e+00,8.095376221225100288e-18,3.676363866056490126e-01
2.244000000000000217e+00,3.309823549341016857e+00,3.353798720221826844e-17,3.677442703610181440e-01
2.245999999999999996e+00,3.310848532591911919e+00,3.469446951953614189e-18,3.678519826629775835e-01
2.248000000000000220e+00,3.311871230340104333e+00,1.040834085586084257e-17,3.679595238801151580e-01
2.250000000000000000e+00,3.312891648433843983e+00,2.312964634635742895e-17,3.680668943800813331e-01
2.252000000000000224e+00,3.313909792708294333e+00,8.095376221225100288e-18,3.681740945295903233e-01
2.254000000000000004e+00,3.314925668985432949e+00,4.625929269271485328e-18,3.682811246944219241e-01
2.256000000000000227e+00,3.315939283074394339e+00,1.272130549049658485e-17,3.683879852394293386e-01
2.258000000000000007e+00,3.316950640770878422e+00,8.095376221225100288e-18,3.684946765285336268e-01
2.260000000000000231e+00,3.317959747857781139e+00,5.782411586589357238e-18,3.686011989247321430e-01
2.262000000000000011e+00,3.318966610104808979e+00,4.625929269271485328e-18,3.687075527900982030e-01
2.264000000000000234e+00,3.319971233268516286e+00,2.891205793294678696e-17,3.688137384857858581e-01
2.266000000000000014e+00,3.320973623092504212e+00,2.312964634635742664e-18,3.689197563720282846e-01
2.268000000000000238e+00,3.321973785307092086e+00,1.156482317317871332e-18,3.690256068081457230e-01
2.270000000000000018e+00,3.322971725629669137e+00,5.782411586589357238e-18,3.691312901525429235e-01
2.272000000000000242e+00,3.323967449764554161e+00,8.095376221225100288e-18,3.692368067627184725e-01
2.274000000000000021e+00,3.324960963402887160e+00,6.938893903907228378e-18,3.693421569952542449e-01
2.276000000000000245e+00,3.325952272222762574e+00,1.156482317317871332e-18,3.694473412058353334e-01
2.278000000000000025e+00,3.326941381889206184e+00,1.387778780781445676e-17,3.695523597492372803e-01
2.280000000000000249e+00,3.327928298054136036e+00,1.387778780781445676e-17,3.696572129793376238e-01
2.282000000000000028e+00,3.328913026356481453e+00,1.503427012513232712e-17,3.697619012491137891e-01
2.284000000000000252e+00,3.329895572422023164e+00,1.272130549049658485e-17,3.698664249106494717e-01
2.286000000000000032e+00,3.330875941863499889e+00,8.095376221225100288e-18,3.699707843151309739e-01
2.288000000000000256e+00,3.331854140280615439e+00,6.938893903907228378e-18,3.700749798128562529e-01
2.290000000000000036e+00,3.332830173260006745e+00,3.469446951953614189e-18,3.701790117532355318e-01
2.292000000000000259e+00,3.333804046375220764e+00,4.625929269271485328e-18,3.702828804847887456e-01
2.294000000000000039e+00,3.334775765186865470e+00,1.387778780781445676e-17,3.703865863551540905e-01
2.296000000000000263e+00,3.335745335242437548e+00,2.312964634635742664e-18,3.704901297110896330e-01
2.298000000000000043e+00,3.336712762076322392e+00,0.000000000000000000e+00,3.705935108984698689e-01
2.300000000000000266e+00,3.337678051209998387e+00,2.312964634635742664e-18,3.706967302622974914e-01
2.302000000000000046e+00,3.338641208151951645e+00,1.040834085586084257e-17,3.707997881466981172e-01
2.304000000000000270e+00,3.339602238397498368e+00,1.156482317317871332e-18,3.709026848949241728e-01
2.306000000000000050e+00,3.340561147429067290e+00,1.156482317317871448e-17,3.710054208493611116e-01
2.307999999999999829e+00,3.341517940716109081e+00,6.938893903907228378e-18,3.711079963515256375e-01
2.310000000000000053e+00,3.342472623714948909e+00,8.095376221225100288e-18,3.712104117420691463e-01
2.311999999999999833e+00,3.343425201869019148e+00,0.000000000000000000e+00,3.713126673607813344e-01
2.314000000000000057e+00,3.344375680608841606e+00,4.625929269271485328e-18,3.714147635465913089e-01
2.315999999999999837e+00,3.345324065351775289e+00,8.095376221225100288e-18,3.715167006375697523e-01
2.318000000000000060e+00,3.346270361502380553e+00,5.782411586589357238e-18,3.716184789709311431e-01
2.319999999999999840e+00,3.347214574452268110e+00,9.251858538542970657e-18,3.717200988830403618e-01
2.322000000000000064e+00,3.348156709579949819e+00,1.387778780781445676e-17,3.718215607094054742e-01
2.323999999999999844e+00,3.349096772251167309e+00,1.156482317317871332e-18,3.719228647846897773e-01
2.326000000000000068e+00,3.350034767818694803e+00,3.469446951953614189e-18,3.720240114427111888e-01
2.327999999999999847e+00,3.350970701622285830e+00,8.095376221225100288e-18,3.721250010164398048e-01
2.330000000000000071e+00,3.351904578988950334e+00,2.312964634635742664e-18,3.722258338380072251e-01
2.331999999999999851e+00,3.352836405232672234e+00,2.544261098099316969e-17,3.723265102387047776e-01
2.334000000000000075e+00,3.353766185654619036e+00,1.503427012513232712e-17,3.724270305489849608e-01
2.335999999999999854e+00,3.354693925543040578e+00,1.156482317317871332e-18,3.725273950984674398e-01
2.338000000000000078e+00,3.355619630173373835e+00,1.619075244245020058e-17,3.726276042159397672e-01
2.339999999999999858e+00,3.356543304808141670e+00,1.040834085586084257e-17,3.727276582293549967e-01
2.342000000000000082e+00,3.357464954697103821e+00,1.272130549049658485e-17,3.728275574658462821e-01
2.343999999999999861e+00,3.358384585077050843e+00,1.619075244245020058e-17,3.729273022517109459e-01
2.346000000000000085e+00,3.359302201172139846e+00,8.095376221225100288e-18,3.730268929124299082e-01
2.347999999999999865e+00,3.360217808193532107e+00,1.040834085586084257e-17,3.731263297726606365e-01
2.350000000000000089e+00,3.361131411339702169e+00,1.387778780781445676e-17,3.732256131562409762e-01
2.351999999999999869e+00,3.362043015796368550e+00,9.251858538542970657e-18,3.733247433861929809e-01
2.354000000000000092e+00,3.362952626736355199e+00,3.469446951953614189e-18,3.734237207847239115e-01
2.355999999999999872e+00,3.363860249319841955e+00,1.272130549049658485e-17,3.735225456732295668e-01
2.358000000000000096e+00,3.364765888694218887e+00,3.469446951953614189e-18,3.736212183722902869e-01
2.359999999999999876e+00,3.365669549994127152e+00,1.387778780781445676e-17,3.737197392016884945e-01
2.362000000000000099e+00,3.366571238341471428e+00,3.469446951953614189e-18,3.738181084803904319e-01
2.363999999999999879e+00,3.367470958845530049e+00,4.625929269271485328e-18,3.739163265265660896e-01
2.366000000000000103e+00,3.368368716602827106e+00,1.503427012513232712e-17,3.740143936575815453e-01
2.367999999999999883e+00,3.369264516697233702e+00,1.156482317317871448e-17,3.741123101900025727e-01
2.370000000000000107e+00,3.370158364199845380e+00,6.938893903907228378e-18,3.742100764396000256e-01
2.371999999999999886e+00,3.371050264169285882e+00,5.782411586589357238e-18,3.743076927213491167e-01
2.374000000000000110e+00,3.371940221651444247e+00,3.006854025026465425e-17,3.744051593494329699e-01
2.375999999999999890e+00,3.372828241679556527e+00,2.312964634635742664e-18,3.745024766372439529e-01
2.378000000000000114e+00,3.373714329274308810e+00,1.156482317317871332e-18,3.745996448973845649e-01
2.379999999999999893e+00,3.374598489443783933e+00,1.272130549049658485e-17,3.746966644416761527e-01
2.382000000000000117e+00,3.375480727183456153e+00,1.503427012513232712e-17,3.747935355811498614e-01
2.383999999999999897e+00,3.376361047476306609e+00,8.095376221225100288e-18,3.748902586260595693e-01
2.386000000000000121e+00,3.377239455292581738e+00,1.619075244245020058e-17,3.749868338858771688e-01
2.387999999999999901e+00,3.378115955590292430e+00,9.251858538542970657e-18,3.750832616692986177e-01
2.390000000000000124e+00,3.378990553314645595e+00,6.938893903907228378e-18,3.751795422842432726e-01
2.391999999999999904e+00,3.379863253398578848e+00,5.782411586589357238e-18,3.752756760378586076e-01
2.394000000000000128e+00,3.380734060762327076e+00,1.387778780781445676e-17,3.753716632365184380e-01
2.395999999999999908e+00,3.381602980313861195e+00,5.782411586589357238e-18,3.754675041858311912e-01
2.398000000000000131e+00,3.382470016948484925e+00,1.503427012513232712e-17,3.755631991906346889e-01
2.399999999999999911e+00,3.383335175549278873e+00,0.000000000000000000e+00,3.756587485550044736e-01
2.402000000000000135e+00,3.384198460986768353e+00,5.782411586589357238e-18,3.757541525822522543e-01
2.403999999999999915e+00,3.385059878119143661e+00,2.081668171172168513e-17,3.758494115749299036e-01
2.406000000000000139e+00,3.385919431792096645e+00,1.156482317317871332e-18,3.759445258348294572e-01
2.407999999999999918e+00,3.386777126839122687e+00,4.625929269271485328e-18,3.760394956629888319e-01
2.410000000000000142e+00,3.387632968081174312e+00,5.782411586589357238e-18,3.761343213596878843e-01
2.411999999999999922e+00,3.388486960327094621e+00,2.081668171172168513e-17,3.762290032244591798e-01
2.414000000000000146e+00,3.389339108373146559e+00,2.312964634635742664e-18,3.763235415560806651e-01
2.415999999999999925e+00,3.390189417003483641e+00,1.387778780781445676e-17,3.764179366525830517e-01
2.418000000000000149e+00,3.391037890989958115e+00,1.156482317317871332e-18,3.765121888112522575e-01
2.419999999999999929e+00,3.391884535092014374e+00,1.272130549049658485e-17,3.766062983286287413e-01
2.422000000000000153e+00,3.392729354057037128e+00,1.850371707708594131e-17,3.767002655005130540e-01
2.423999999999999932e+00,3.393572352620070731e+00,1.040834085586084257e-17,3.767940906219635622e-01
2.426000000000000156e+00,3.394413535503966628e+00,1.156482317317871332e-18,3.768877739873004451e-01
2.427999999999999936e+00,3.395252907419390453e+00,1.503427012513232712e-17,3.769813158901099137e-01
2.430000000000000160e+00,3.396090473064885984e+00,5.782411586589357238e-18,3.770747166232441550e-01
2.431999999999999940e+00,3.396926237126690395e+00,6.938893903907228378e-18,3.771679764788195000e-01
2.434000000000000163e+00,3.397760204279109075e+00,6.938893903907228378e-18,3.772610957482285809e-01
2.435999999999999943e+00,3.398592379184131929e+00,9.251858538542970657e-18,3.773540747221308389e-01
2.438000000000000167e+00,3.399422766491834835e+00,8.095376221225100288e-18,3.774469136904639033e-01
2.439999999999999947e+00,3.400251370840029708e+00,5.782411586589357238e-18,3.775396129424377079e-01
2.442000000000000171e+00,3.401078196854603775e+00,8.095376221225100288e-18,3.776321727665425398e-01
2.443999999999999950e+00,3.401903249149366815e+00,6.938893903907228378e-18,3.777245934505497060e-01
2.446000000000000174e+00,3.402726532326095565e+00,3.469446951953614189e-18,3.778168752815094789e-01
2.447999999999999954e+00,3.403548050974526618e+00,8.095376221225100288e-18,3.779090185457582574e-01
2.450000000000000178e+00,3.404367809672523393e+00,9.251858538542970657e-18,3.780010235289194553e-01
2.451999999999999957e+00,3.405185812985813243e+00,1.040834085586084257e-17,3.780928905159016695e-01
2.454000000000000181e+00,3.406002065468385354e+00,0.000000000000000000e+00,3.781846197909056184e-01
2.455999999999999961e+00,3.406816571662117710e+00,5.782411586589357238e-18,3.782762116374225880e-01
2.458000000000000185e+00,3.407629336097100392e+00,4.625929269271485328e-18,3.783676663382384286e-01
2.459999999999999964e+00,3.408440363291528996e+00,0.000000000000000000e+00,3.784589841754338324e-01
2.462000000000000188e+00,3.409249657751642459e+00,1.272130549049658485e-17,3.785501654303877750e-01
2.463999999999999968e+00,3.410057223971980633e+00,1.850371707708594131e-17,3.786412103837820675e-01
2.466000000000000192e+00,3.410863066435110724e+00,8.095376221225100288e-18,3.787321193155924748e-01
2.467999999999999972e+00,3.411667189611947038e+00,1.734723475976807094e-17,3.788228925051050355e-01
2.470000000000000195e+00,3.412469597961489853e+00,9.251858538542970657e-18,3.789135302309078468e-01
2.471999999999999975e+00,3.413270295931067011e+00,1.156482317317871448e-17,3.790040327708994461e-01
2.474000000000000199e+00,3.414069287956207788e+00,7.517135062566163562e-18,3.790944004022825387e-01
2.475999999999999979e+00,3.414866578460731716e+00,9.251858538542970657e-18,3.791846334015761544e-01
2.478000000000000203e+00,3.415662171856816087e+00,1.156482317317871448e-17,3.792747320446079873e-01
2.479999999999999982e+00,3.416456072544930223e+00,2.139492287038062186e-17,3.793646966065251092e-01
2.482000000000000206e+00,3.417248284913828371e+00,1.040834085586084257e-17,3.794545273617866976e-01
2.483999999999999986e+00,3.418038813340634974e+00,5.782411586589356660e-19,3.795442245841725848e-01
2.486000000000000210e+00,3.418827662190995653e+00,3.469446951953614189e-18,3.796337885467853668e-01
2.487999999999999989e+00,3.419614835818769905e+00,1.734723475976807094e-17,3.797232195220461293e-01
2.490000000000000213e+00,3.420400338566423670e+00,9.830099697201907382e-18,3.798125177817030518e-01
2.491999999999999993e+00,3.421184174764698938e+00,1.445602896647339348e-17,3.799016835968288541e-01
2.494000000000000217e+00,3.421966348732977892e+00,8.673617379884035472e-18,3.799907172378246267e-01
2.495999999999999996e+00,3.422746864779020015e+00,1.561251128379126385e-17,3.800796189744218290e-01
2.498000000000000220e+00,3.423525727199086433e+00,4.047688110612550144e-18,3.801683890756830109e-01
2.500000000000000000e+00,3.424302940278119323e+00,8.673617379884035472e-18,3.802570278100048662e-01
2.502000000000000224e+00,3.425078508289432833e+00,6.938893903907228378e-18,3.803455354451188430e-01
2.504000000000000004e+00,3.425852435495016834e+00,3.527271067819507553e-17,3.804339122480930313e-01
2.506000000000000227e+00,3.426624726145467648e+00,2.891205793294678619e-18,3.805221584853355488e-01
2.508000000000000007e+00,3.427395384480012908e+00,2.717733445696997679e-17,3.806102744225951517e-01
2.510000000000000231e+00,3.428164414726440512e+00,1.156482317317871448e-17,3.806982603249628450e-01
2.512000000000000011e+00,3.428931821101317112e+00,9.830099697201907382e-18,3.807861164568749346e-01
2.514000000000000234e+00,3.429697607809799820e+00,1.272130549049658485e-17,3.808738430821112519e-01
2.516000000000000014e+00,3.430461779045852921e+00,1.445602896647339348e-17,3.809614404638040353e-01
2.518000000000000238e+00,3.431224338992052481e+00,5.782411586589356660e-19,3.810489088644320455e-01
2.520000000000000018e+00,3.431985291819872330e+00,4.625929269271485328e-18,3.811362485458246185e-01
2.522000000000000242e+00,3.432744641689465581e+00,5.782411586589357238e-18,3.812234597691690485e-01
2.524000000000000021e+00,3.433502392749741006e+00,1.156482317317871332e-18,3.813105427950028159e-01
2.526000000000000245e+00,3.434258549138633043e+00,1.619075244245020058e-17,3.813974978832265772e-01
2.528000000000000025e+00,3.435013114982741200e+00,1.156482317317871448e-17,3.814843252930927853e-01
2.530000000000000249e+00,3.435766094397520121e+00,9.251858538542970657e-18,3.815710252832167360e-01
2.532000000000000028e+00,3.436517491487471432e+00,2.023844055306274841e-17,3.816575981115796767e-01
2.534000000000000252e+00,3.437267310345820448e+00,5.204170427930421283e-18,3.817440440355214237e-01
2.536000000000000032e+00,3.438015555054859007e+00,4.625929269271485328e-18,3.818303633117506313e-01
2.538000000000000256e+00,3.438762229685877969e+00,2.891205793294678619e-18,3.819165561963444033e-01
2.540000000000000036e+00,3.439507338298955830e+00,1.676899360110913422e-17,3.820026229447441857e-01
2.542000000000000259e+00,3.440250884943429455e+00,3.411622836087720824e-17,3.820885638117696437e-01
2.544000000000000039e+00,3.440992873657370055e+00,6.938893903907228378e-18,3.821743790516052841e-01
2.546000000000000263e+00,3.441733308468149843e+00,2.891205793294678619e-18,3.822600689178155542e-01
2.548000000000000043e+00,3.442472193392077884e+00,9.251858538542970657e-18,3.823456336633385688e-01
2.550000000000000266e+00,3.443209532434680753e+00,1.156482317317871448e-17,3.824310735404949924e-01
2.552000000000000046e+00,3.443945329590423654e+00,6.360652745248292423e-18,3.825163888009766588e-01
2.554000000000000270e+00,3.444679588843035489e+00,2.139492287038062186e-17,3.826015796958631698e-01
2.556000000000000050e+00,3.445412314165448464e+00,4.047688110612550144e-18,3.826866464756150110e-01
2.558000000000000274e+00,3.446143509519696835e+00,2.023844055306274841e-17,3.827715893900778266e-01
2.560000000000000053e+00,3.446873178856995068e+00,2.949029909160572061e-17,3.828564086884813644e-01
2.561999999999999833e+00,3.447601326117924359e+00,6.938893903907228378e-18,3.829411046194479140e-01
2.564000000000000057e+00,3.448327955232157294e+00,5.782411586589357238e-18,3.830256774309849788e-01
2.565999999999999837e+00,3.449053070118814901e+00,1.156482317317871448e-17,3.831101273704957677e-01
2.568000000000000060e+00,3.449776674686223288e+00,2.312964634635742664e-18,3.831944546847717015e-01
2.569999999999999840e+00,3.450498772832053973e+00,1.040834085586084257e-17,3.832786596200031815e-01
2.572000000000000064e+00,3.451219368443309676e+00,2.312964634635742664e-18,3.833627424217749269e-01
2.573999999999999844e+00,3.451938465396487743e+00,5.782411586589356660e-19,3.834467033350698051e-01
2.576000000000000068e+00,3.452656067557263952e+00,6.360652745248292423e-18,3.835305426042711630e-01
2.577999999999999847e+00,3.453372178780869106e+00,2.891205793294678619e-18,3.836142604731635486e-01
2.580000000000000071e+00,3.454086802912049947e+00,2.891205793294678619e-18,3.836978571849338771e-01
2.581999999999999851e+00,3.454799943784886196e+00,1.503427012513232712e-17,3.837813329821752606e-01
2.584000000000000075e+00,3.455511605222959304e+00,6.360652745248292423e-18,3.838646881068847883e-01
2.585999999999999854e+00,3.456221791039460811e+00,1.214306433183764966e-17,3.839479228004694100e-01
2.588000000000000078e+00,3.456930505037027146e+00,1.272130549049658485e-17,3.840310373037448266e-01
2.589999999999999858e+00,3.457637751007903049e+00,2.312964634635742664e-18,3.841140318569384315e-01
2.592000000000000082e+00,3.458343532733914927e+00,4.047688110612550144e-18,3.841969066996894777e-01
2.593999999999999861e+00,3.459047853986499277e+00,1.329954664915552157e-17,3.842796620710528521e-01
2.596000000000000085e+00,3.459750718526692026e+00,1.619075244245020058e-17,3.843622982094994089e-01
2.597999999999999865e+00,3.460452130105210244e+00,4.047688110612550144e-18,3.844448153529160805e-01
2.600000000000000089e+00,3.461152092462437935e+00,1.561251128379126385e-17,3.845272137386098188e-01
2.601999999999999869e+00,3.461850609328541495e+00,5.782411586589356660e-19,3.846094936033104816e-01
2.604000000000000092e+00,3.462547684423231686e+00,6.360652745248292423e-18,3.846916551831664477e-01
2.605999999999999872e+00,3.463243321456165091e+00,5.782411586589357238e-18,3.847736987137535536e-01
2.608000000000000096e+00,3.463937524126638579e+00,2.891205793294678619e-18,3.848556244300709306e-01
2.609999999999999876e+00,3.464630296123868192e+00,2.428612866367529932e-17,3.849374325665467222e-01
2.612000000000000099e+00,3.465321641126735130e+00,2.081668171172168513e-17,3.850191233570364746e-01
2.613999999999999879e+00,3.466011562804055757e+00,1.040834085586084257e-17,3.851006970348255787e-01
2.616000000000000103e+00,3.466700064814579818e+00,1.792547591842700767e-17,3.851821538326347105e-01
2.617999999999999883e+00,3.467387150806807483e+00,2.139492287038062186e-17,3.852634939826109495e-01
2.620000000000000107e+00,3.468072824419293099e+00,2.833381677428784715e-17,3.853447177163460968e-01
2.621999999999999886e+00,3.468757089280382289e+00,0.000000000000000000e+00,3.854258252648601890e-01
2.624000000000000110e+00,3.469439949008481960e+00,2.891205793294678619e-18,3.855068168586140431e-01
2.625999999999999890e+00,3.470121407211982145e+00,3.353798720221826844e-17,3.855876927275103672e-01
2.628000000000000114e+00,3.470801467489284420e+00,5.204170427930421283e-18,3.856684531008898187e-01
2.629999999999999893e+00,3.471480133428729076e+00,4.625929269271485328e-18,3.857490982075360564e-01
2.632000000000000117e+00,3.472157408608905982e+00,4.047688110612550144e-18,3.858296282756805140e-01
2.633999999999999897e+00,3.472833296598301089e+00,2.312964634635742664e-18,3.859100435329964052e-01
2.636000000000000121e+00,3.473507800955539793e+00,1.156482317317871332e-18,3.859903442066052182e-01
2.637999999999999901e+00,3.474180925229495287e+00,1.503427012513232712e-17,3.860705305230781037e-01
2.640000000000000124e+00,3.474852672959041655e+00,1.850371707708594131e-17,3.861506027084359860e-01
2.641999999999999904e+00,3.475523047673368282e+00,5.782411586589356660e-19,3.862305609881516721e-01
2.644000000000000128e+00,3.476192052891708073e+00,3.469446951953614189e-18,3.863104055871512954e-01
2.645999999999999908e+00,3.476859692123671408e+00,1.214306433183764966e-17,3.863901367298163692e-01
2.648000000000000131e+00,3.477525968868981465e+00,1.908195823574487804e-17,3.864697546399818440e-01
2.649999999999999911e+00,3.478190886617786859e+00,1.792547591842700767e-17,3.865492595409447674e-01
2.652000000000000135e+00,3.478854448850377423e+00,5.204170427930421283e-18,3.866286516554595099e-01
2.653999999999999915e+00,3.479516659037409809e+00,1.850371707708594131e-17,3.867079312057398188e-01
2.656000000000000139e+00,3.480177520639946565e+00,6.938893903907228378e-18,3.867870984134630929e-01
2.657999999999999918e+00,3.480837037109390408e+00,2.255140518769849223e-17,3.868661534997722140e-01
2.660000000000000142e+00,3.481495211887363439e+00,1.445602896647339348e-17,3.869450966852693297e-01
2.661999999999999922e+00,3.482152048406215172e+00,4.047688110612550144e-18,3.870239281900311745e-01
2.664000000000000146e+00,3.482807550088462989e+00,9.830099697201907382e-18,3.871026482335965246e-01
2.665999999999999925e+00,3.483461720347229118e+00,1.734723475976807094e-17,3.871812570349768001e-01
2.668000000000000149e+00,3.484114562586047015e+00,1.503427012513232712e-17,3.872597548126515132e-01
2.669999999999999929e+00,3.484766080198964389e+00,2.891205793294678619e-18,3.873381417845775387e-01
2.672000000000000153e+00,3.485416276570662220e+00,1.156482317317871332e-18,3.874164181681808428e-01
2.673999999999999932e+00,3.486065155076181199e+00,5.782411586589356660e-19,3.874945841803636992e-01
2.676000000000000156e+00,3.486712719081388911e+00,3.469446951953614189e-18,3.875726400375086311e-01
2.677999999999999936e+00,3.487358971942470021e+00,8.095376221225100288e-18,3.876505859554712496e-01
2.680000000000000160e+00,3.488003917006466281e+00,1.387778780781445676e-17,3.877284221495910788e-01
2.681999999999999940e+00,3.488647557610931926e+00,2.255140518769849223e-17,3.878061488346851715e-01
2.684000000000000163e+00,3.489289897084175252e+00,1.908195823574487804e-17,3.878837662250568807e-01
2.685999999999999943e+00,3.489930938745166245e+00,9.251858538542970657e-18,3.879612745344902525e-01
2.688000000000000167e+00,3.490570685903628956e+00,9.830099697201907382e-18,3.880386739762563542e-01
2.689999999999999947e+00,3.491209141859902942e+00,6.938893903907228378e-18,3.881159647631112763e-01
2.692000000000000171e+00,3.491846309905209722e+00,2.544261098099316969e-17,3.881931471073005735e-01
2.693999999999999950e+00,3.492482193321604811e+00,5.204170427930421283e-18,3.882702212205606518e-01
2.696000000000000174e+00,3.493116795381840944e+00,1.156482317317871332e-18,3.883471873141159936e-01
2.697999999999999954e+00,3.493750119349597227e+00,8.095376221225100288e-18,3.884240455986859852e-01
2.700000000000000178e+00,3.494382168479262418e+00,4.047688110612550144e-18,3.885007962844801988e-01
2.701999999999999957e+00,3.495012946016299082e+00,9.830099697201907382e-18,3.885774395812081061e-01
2.704000000000000181e+00,3.495642455196957599e+00,7.517135062566163562e-18,3.886539756980703642e-01
2.705999999999999961e+00,3.496270699248485769e+00,7.517135062566163562e-18,3.887304048437698056e-01
2.708000000000000185e+00,3.496897681389018686e+00,1.272130549049658485e-17,3.888067272265066654e-01
2.709999999999999964e+00,3.497523404827672877e+00,2.197316402903955550e-17,3.888829430539815224e-01
2.712000000000000188e+00,3.498147872764590716e+00,5.782411586589356660e-19,3.889590525333966320e-01
2.713999999999999968e+00,3.498771088391018580e+00,1.734723475976807094e-17,3.890350558714600893e-01
2.716000000000000192e+00,3.499393054889043952e+00,1.503427012513232712e-17,3.891109532743808330e-01
2.717999999999999972e+00,3.500013775432039509e+00,4.625929269271485328e-18,3.891867449478761953e-01
2.720000000000000195e+00,3.500633253184291860e+00,2.312964634635742664e-18,3.892624310971703472e-01
2.721999999999999975e+00,3.501251491301339058e+00,9.251858538542970657e-18,3.893380119269959083e-01
2.724000000000000199e+00,3.501868492929753884e+00,1.734723475976807094e-17,3.894134876415966118e-01
2.725999999999999979e+00,3.502484261207390759e+00,1.040834085586084257e-17,3.894888584447265267e-01
2.728000000000000203e+00,3.503098799263113960e+00,0.000000000000000000e+00,3.895641245396515018e-01
2.729999999999999982e+00,3.503712110217188425e+00,4.047688110612550144e-18,3.896392861291526066e-01
2.732000000000000206e+00,3.504324197180938683e+00,5.782411586589356660e-19,3.897143434155277419e-01
2.733999999999999986e+00,3.504935063257065053e+00,7.517135062566163562e-18,3.897892966005876425e-01
2.736000000000000210e+00,3.505544711539544167e+00,3.469446951953614189e-18,3.898641458856664799e-01
2.737999999999999989e+00,3.506153145113458436e+00,1.156482317317871448e-17,3.899388914716105936e-01
2.740000000000000213e+00,3.506760367055493433e+00,2.312964634635742895e-17,3.900135335587942564e-01
2.741999999999999993e+00,3.507366380433527553e+00,2.255140518769849223e-17,3.900880723471086831e-01
2.744000000000000217e+00,3.507971188306775900e+00,9.251858538542970657e-18,3.901625080359699127e-01
2.745999999999999996e+00,3.508574793725905749e+00,4.625929269271485328e-18,3.902368408243189757e-01
2.748000000000000220e+00,3.509177199733040098e+00,3.064678140892359406e-17,3.903110709106231702e-01
2.750000000000000000e+00,3.509778409361638651e+00,4.047688110612550144e-18,3.903851984928748964e-01
2.752000000000000224e+00,3.510378425636625721e+00,1.040834085586084257e-17,3.904592237685949874e-01
2.754000000000000004e+00,3.510977251574523450e+00,5.782411586589357238e-18,3.905331469348372053e-01
2.756000000000000227e+00,3.511574890183258191e+00,1.329954664915552157e-17,3.906069681881837452e-01
2.758000000000000007e+00,3.512171344462210243e+00,2.312964634635742664e-18,3.906806877247465670e-01
2.760000000000000231e+00,3.512766617402563796e+00,1.908195823574487804e-17,3.907543057401786646e-01
2.762000000000000011e+00,3.513360711986834417e+00,5.204170427930421283e-18,3.908278224296594106e-01
2.764000000000000234e+00,3.513953631189233207e+00,4.047688110612550144e-18,3.909012379879106547e-01
2.766000000000000014e+00,3.514545377975480278e+00,6.360652745248292423e-18,3.909745526091852330e-01
2.768000000000000238e+00,3.515135955303163584e+00,9.251858538542970657e-18,3.910477664872814563e-01
2.770000000000000018e+00,3.515725366121280615e+00,4.047688110612550144e-18,3.911208798155320077e-01
2.772000000000000242e+00,3.516313613370710911e+00,7.517135062566163562e-18,3.911938927868145455e-01
2.774000000000000021e+00,3.516900699983903422e+00,2.312964634635742664e-18,3.912668055935459299e-01
2.776000000000000245e+00,3.517486628885084343e+00,1.156482317317871332e-18,3.913396184276878298e-01
2.778000000000000025e+00,3.518071402990267771e+00,1.792547591842700767e-17,3.914123314807481102e-01
2.780000000000000249e+00,3.518655025207211295e+00,1.272130549049658485e-17,3.914849449437776685e-01
2.782000000000000028e+00,3.519237498435405342e+00,6.360652745248292423e-18,3.915574590073775396e-01
2.784000000000000252e+00,3.519818825566332521e+00,4.047688110612550144e-18,3.916298738616950104e-01
2.786000000000000032e+00,3.520399009483103470e+00,8.095376221225100288e-18,3.917021896964286709e-01
2.788000000000000256e+00,3.520978053060821011e+00,5.782411586589357238e-18,3.917744067008273046e-01
2.790000000000000036e+00,3.521555959166523309e+00,1.850371707708594131e-17,3.918465250636933295e-01
2.792000000000000259e+00,3.522132730658931621e+00,5.204170427930421283e-18,3.919185449733785798e-01
2.794000000000000039e+00,3.522708370388880184e+00,1.156482317317871448e-17,3.919904666177932429e-01
2.796000000000000263e+00,3.523282881199232719e+00,4.047688110612550144e-18,3.920622901844039720e-01
2.798000000000000043e+00,3.523856265924594666e+00,2.312964634635742664e-18,3.921340158602307224e-01
2.800000000000000266e+00,3.524428527391741284e+00,8.095376221225100288e-18,3.922056438318542448e-01
2.802000000000000046e+00,3.524999668419336984e+00,1.966019939440381476e-17,3.922771742854138655e-01
2.804000000000000270e+00,3.525569691818200013e+00,1.676899360110913422e-17,3.923486074066083740e-01
2.806000000000000050e+00,3.526138600391181654e+00,2.312964634635742664e-18,3.924199433807015192e-01
2.808000000000000274e+00,3.526706396933128929e+00,9.830099697201907382e-18,3.924911823925172905e-01
2.810000000000000053e+00,3.527273084231078215e+00,5.204170427930421283e-18,3.925623246264442479e-01
2.812000000000000277e+00,3.527838665064214396e+00,1.156482317317871448e-17,3.926333702664371872e-01
2.814000000000000057e+00,3.528403142203806908e+00,6.938893903907228378e-18,3.927043194960173622e-01
2.815999999999999837e+00,3.528966518413291453e+00,2.197316402903955550e-17,3.927751724982707637e-01
2.818000000000000060e+00,3.529528796448405004e+00,8.673617379884035472e-18,3.928459294558585002e-01
2.819999999999999840e+00,3.530089979056869609e+00,0.000000000000000000e+00,3.929165905510046963e-01
2.822000000000000064e+00,3.530650068978896883e+00,1.040834085586084257e-17,3.929871559655089275e-01
2.823999999999999844e+00,3.531209068946829177e+00,9.830099697201907382e-18,3.930576258807425560e-01
2.826000000000000068e+00,3.531766981685253270e+00,1.098658201451977775e-17,3.931280004776493975e-01
2.827999999999999847e+00,3.532323809911138923e+00,1.329954664915552157e-17,3.931982799367481074e-01
2.830000000000000071e+00,3.532879556333666571e+00,1.561251128379126385e-17,3.932684644381329031e-01
2.831999999999999851e+00,3.533434223654511541e+00,6.938893903907228378e-18,3.933385541614771719e-01
2.834000000000000075e+00,3.533987814567625563e+00,1.966019939440381476e-17,3.934085492860305289e-01
2.835999999999999854e+00,3.534540331759270515e+00,8.095376221225100288e-18,3.934784499906195943e-01
2.838000000000000078e+00,3.535091777908268895e+00,6.938893903907228378e-18,3.935482564536567085e-01
2.839999999999999858e+00,3.535642155685700061e+00,6.938893903907228378e-18,3.936179688531299403e-01
2.842000000000000082e+00,3.536191467755280371e+00,9.251858538542970657e-18,3.936875873666160208e-01
2.843999999999999861e+00,3.536739716773066533e+00,5.204170427930421283e-18,3.937571121712700184e-01
2.846000000000000085e+00,3.537286905387599489e+00,2.081668171172168513e-17,3.938265434438349422e-01
2.847999999999999865e+00,3.537833036239954154e+00,1.561251128379126385e-17,3.938958813606364129e-01
2.850000000000000089e+00,3.538378111963814021e+00,5.204170427930421283e-18,3.939651260975930991e-01
2.851999999999999869e+00,3.538922135185279316e+00,2.891205793294678619e-18,3.940342778302061699e-01
2.854000000000000092e+00,3.539465108523192072e+00,1.098658201451977775e-17,3.941033367335700643e-01
2.855999999999999872e+00,3.540007034588741774e+00,5.782411586589356660e-19,3.941723029823661073e-01
2.858000000000000096e+00,3.540547915985998273e+00,5.204170427930421283e-18,3.942411767508709475e-01
2.859999999999999876e+00,3.541087755311554730e+00,4.625929269271485328e-18,3.943099582129508951e-01
2.862000000000000099e+00,3.541626555154564926e+00,3.469446951953614189e-18,3.943786475420672510e-01
2.863999999999999879e+00,3.542164318097050568e+00,9.830099697201907382e-18,3.944472449112764734e-01
2.866000000000000103e+00,3.542701046713592206e+00,2.602085213965210642e-17,3.945157504932294001e-01
2.867999999999999883e+00,3.543236743571556602e+00,5.782411586589357238e-18,3.945841644601760234e-01
2.870000000000000107e+00,3.543771411230949298e+00,2.312964634635742664e-18,3.946524869839624361e-01
2.871999999999999886e+00,3.544305052244697052e+00,8.095376221225100288e-18,3.947207182360347733e-01
2.874000000000000110e+00,3.544837669158406257e+00,0.000000000000000000e+00,3.947888583874415436e-01
2.875999999999999890e+00,3.545369264510460638e+00,2.312964634635742664e-18,3.948569076088284113e-01
2.878000000000000114e+00,3.545899840832120731e+00,1.734723475976807094e-17,3.949248660704460234e-01
2.879999999999999893e+00,3.546429400647539865e+00,2.312964634635742664e-18,3.949927339421487327e-01
2.882000000000000117e+00,3.546957946473579426e+00,1.156482317317871332e-18,3.950605113933948753e-01
2.883999999999999897e+00,3.547485480820100179e+00,4.047688110612550144e-18,3.951281985932462160e-01
2.886000000000000121e+00,3.548012006189845025e+00,1.445602896647339348e-17,3.951957957103763297e-01
2.887999999999999901e+00,3.548537525078444332e+00,2.891205793294678619e-18,3.952633029130609432e-01
2.890000000000000124e+00,3.549062039974540284e+00,1.734723475976807094e-18,3.953307203691884264e-01
2.891999999999999904e+00,3.549585553359662526e+00,9.830099697201907382e-18,3.953980482462544632e-01
2.894000000000000128e+00,3.550108067708375614e+00,5.782411586589357238e-18,3.954652867113688797e-01
2.895999999999999908e+00,3.550629585488264794e+00,1.734723475976807094e-17,3.955324359312487048e-01
2.898000000000000131e+00,3.551150109159827650e+00,8.673617379884035472e-18,3.955994960722278297e-01
2.899999999999999911e+00,3.551669641176696146e+00,2.370788750501636260e-17,3.956664673002530108e-01
2.902000000000000135e+00,3.552188183985553138e+00,4.047688110612550144e-18,3.957333497808844247e-01
2.903999999999999915e+00,3.552705740026269154e+00,1.156482317317871332e-18,3.958001436793020522e-01
2.906000000000000139e+00,3.553222311731563110e+00,5.782411586589357238e-18,3.958668491602992390e-01
2.907999999999999918e+00,3.553737901527524556e+00,5.782411586589357238e-18,3.959334663882889682e-01
2.910000000000000142e+00,3.554252511833242423e+00,2.891205793294678619e-18,3.959999955273038053e-01
2.911999999999999922e+00,3.554766145060986204e+00,1.445602896647339348e-17,3.960664367409946762e-01
2.914000000000000146e+00,3.555278803616300110e+00,9.251858538542970657e-18,3.961327901926362527e-01
2.915999999999999925e+00,3.555790489897828976e+00,5.204170427930421283e-18,3.961990560451237875e-01
2.918000000000000149e+00,3.556301206297419526e+00,0.000000000000000000e+00,3.962652344609753907e-01
2.919999999999999929e+00,3.556810955200324642e+00,1.214306433183764966e-17,3.963313256023348607e-01
2.922000000000000153e+00,3.557319738984832114e+00,2.255140518769849223e-17,3.963973296309704075e-01
2.923999999999999932e+00,3.557827560022680302e+00,1.792547591842700767e-17,3.964632467082758183e-01
2.926000000000000156e+00,3.558334420678828991e+00,1.619075244245020058e-17,3.965290769952727334e-01
2.927999999999999936e+00,3.558840323311603271e+00,1.619075244245020058e-17,3.965948206526120901e-01
2.930000000000000160e+00,3.559345270272647355e+00,1.214306433183764966e-17,3.966604778405731779e-01
2.931999999999999940e+00,3.559849263906844641e+00,2.891205793294678619e-18,3.967260487190629181e-01
2.934000000000000163e+00,3.560352306552639234e+00,3.006854025026465425e-17,3.967915334476236344e-01
2.935999999999999943e+00,3.560854400541806797e+00,5.204170427930421283e-18,3.968569321854275578e-01
2.938000000000000167e+00,3.561355548199522048e+00,1.734723475976807094e-17,3.969222450912816558e-01
2.939999999999999947e+00,3.561855751844371198e+00,2.255140518769849223e-17,3.969874723236243574e-01
2.942000000000000171e+00,3.562355013788375047e+00,6.360652745248292423e-18,3.970526140405317150e-01
2.943999999999999950e+00,3.562853336337221677e+00,1.503427012513232712e-17,3.971176703997149060e-01
2.946000000000000174e+00,3.563350721789719344e+00,6.938893903907228378e-18,3.971826415585211212e-01
2.947999999999999954e+00,3.563847172438588728e+00,2.139492287038062186e-17,3.972475276739386163e-01
2.950000000000000178e+00,3.564342690569754168e+00,2.312964634635742664e-18,3.973123289025908833e-01
2.951999999999999957e+00,3.564837278462864134e+00,1.792547591842700767e-17,3.973770454007437003e-01
2.954000000000000181e+00,3.565330938391126026e+00,5.782411586589356660e-19,3.974416773243028000e-01
2.955999999999999961e+00,3.565823672621338147e+00,2.775557561562891351e-17,3.975062248288176447e-01
2.958000000000000185e+00,3.566315483413722731e+00,5.782411586589356660e-19,3.975706880694773737e-01
2.959999999999999964e+00,3.566806373022410881e+00,5.782411586589357238e-18,3.976350672011194076e-01
2.962000000000000188e+00,3.567296343694913219e+00,1.387778780781445676e-17,3.976993623782207332e-01
2.963999999999999968e+00,3.567785397672581738e+00,2.312964634635742664e-18,3.977635737549060080e-01
2.966000000000000192e+00,3.568273537190306044e+00,0.000000000000000000e+00,3.978277014849480042e-01
2.967999999999999972e+00,3.568760764476829550e+00,1.676899360110913422e-17,3.978917457217662212e-01
2.970000000000000195e+00,3.569247081754449269e+00,7.517135062566163562e-18,3.979557066184282177e-01
2.971999999999999975e+00,3.569732491239317795e+00,1.156482317317871332e-18,3.980195843276511103e-01
2.974000000000000199e+00,3.570216995141256788e+00,4.625929269271485328e-18,3.980833790018021845e-01
2.975999999999999979e+00,3.570700595663909738e+00,2.891205793294678619e-18,3.981470907929019476e-01
2.978000000000000203e+00,3.571183295004658476e+00,1.098658201451977775e-17,3.982107198526185776e-01
2.979999999999999982e+00,3.571665095354767061e+00,1.734723475976807094e-18,3.982742663322784149e-01
2.982000000000000206e+00,3.572145998899188157e+00,1.156482317317871448e-17,3.983377303828586902e-01
2.983999999999999986e+00,3.572626007816921856e+00,9.251858538542970657e-18,3.984011121549951295e-01
2.986000000000000210e+00,3.573105124280607114e+00,7.517135062566163562e-18,3.984644117989724066e-01
2.987999999999999989e+00,3.573583350456878804e+00,5.782411586589356660e-19,3.985276294647401851e-01
2.990000000000000213e+00,3.574060688506337513e+00,1.329954664915552157e-17,3.985907653019022390e-01
2.991999999999999993e+00,3.574537140583283090e+00,1.734723475976807094e-17,3.986538194597182283e-01
2.994000000000000217e+00,3.575012708836222686e+00,1.272130549049658485e-17,3.987167920871127480e-01
2.995999999999999996e+00,3.575487395407327185e+00,9.251858538542970657e-18,3.987796833326663348e-01
2.998000000000000220e+00,3.575961202432949904e+00,1.445602896647339348e-17,3.988424933446246268e-01
3.000000000000000000e+00,3.576434132043374348e+00,9.830099697201907382e-18,3.989052222708922568e-01
