# delta,gap,coarse,fine
0.000000000000000000e+00,1.364325509608436349e+00,4.625929269271485328e-18,3.051592018993854460e-01
2.000000000000000042e-03,1.364325509608438125e+00,9.251858538542970657e-18,3.051592018993854460e-01
4.000000000000000083e-03,1.364325509608429243e+00,2.312964634635742664e-18,3.051592018993856126e-01
6.000000000000000125e-03,1.364325509608423914e+00,1.156482317317871448e-17,3.051592018993851130e-01
8.000000000000000167e-03,1.364325509608439901e+00,0.000000000000000000e+00,3.051592018993853350e-01
1.000000000000000021e-02,1.364325509608441678e+00,2.312964634635742664e-18,3.051592018993853905e-01
1.200000000000000025e-02,1.364325509608450560e+00,1.850371707708594131e-17,3.051592018993852240e-01
1.400000000000000029e-02,1.364325509608452336e+00,1.156482317317871448e-17,3.051592018993853350e-01
1.600000000000000033e-02,1.364325509608439901e+00,6.938893903907228378e-18,3.051592018993852240e-01
1.800000000000000211e-02,1.364325509608423914e+00,0.000000000000000000e+00,3.051592018993853350e-01
2.000000000000000042e-02,1.364325509608477205e+00,1.387778780781445676e-17,3.051592018993847799e-01
2.199999999999999872e-02,1.364325509608441678e+00,2.081668171172168513e-17,3.051592018993853350e-01
2.400000000000000050e-02,1.364325509608450560e+00,6.938893903907228378e-18,3.051592018993851130e-01
2.600000000000000228e-02,1.364325509608438125e+00,4.625929269271485328e-18,3.051592018993852240e-01
2.800000000000000058e-02,1.364325509608439901e+00,6.938893903907228378e-18,3.051592018993855016e-01
2.999999999999999889e-02,1.364325509608445230e+00,2.312964634635742664e-18,3.051592018993853905e-01
3.200000000000000067e-02,1.364325509608431020e+00,2.312964634635742664e-18,3.051592018993856681e-01
3.400000000000000244e-02,1.364325509608425691e+00,6.938893903907228378e-18,3.051592018993847799e-01
3.600000000000000422e-02,1.364325509608436349e+00,9.251858538542970657e-18,3.051592018993852795e-01
3.799999999999999906e-02,1.364325509608432796e+00,6.938893903907228378e-18,3.051592018993853905e-01
4.000000000000000083e-02,1.364325509608425691e+00,4.625929269271485328e-18,3.051592018993852795e-01
4.200000000000000261e-02,1.364325509608468323e+00,0.000000000000000000e+00,3.051592018993852240e-01
4.399999999999999745e-02,1.364325509608429243e+00,6.938893903907228378e-18,3.051592018993848909e-01
4.599999999999999922e-02,1.364325509608439901e+00,4.625929269271485328e-18,3.051592018993853905e-01
4.800000000000000100e-02,1.364325509608429243e+00,0.000000000000000000e+00,3.051592018993852240e-01
5.000000000000000278e-02,1.364325509608432796e+00,1.156482317317871448e-17,3.051592018993852240e-01
5.200000000000000455e-02,1.364325509608450560e+00,6.938893903907228378e-18,3.051592018993853905e-01
5.399999999999999939e-02,1.364325509608420361e+00,2.312964634635742664e-18,3.051592018993855016e-01
5.600000000000000117e-02,1.364325509608423914e+00,4.625929269271485328e-18,3.051592018993853350e-01
5.800000000000000294e-02,1.364325509608445230e+00,9.251858538542970657e-18,3.051592018993856681e-01
5.999999999999999778e-02,1.364325509608452336e+00,6.938893903907228378e-18,3.051592018993851130e-01
6.199999999999999956e-02,1.364325509608418585e+00,1.387778780781445676e-17,3.051592018993853905e-01
6.400000000000000133e-02,1.364325509608448783e+00,9.251858538542970657e-18,3.051592018993853905e-01
6.600000000000000311e-02,1.364325509608431020e+00,1.156482317317871448e-17,3.051592018993855016e-01
6.800000000000000488e-02,1.364325509608432796e+00,0.000000000000000000e+00,3.051592018993853905e-01
7.000000000000000666e-02,1.364325509608422138e+00,6.938893903907228378e-18,3.051592018993849464e-01
7.200000000000000844e-02,1.364325509608434572e+00,4.625929269271485328e-18,3.051592018993851130e-01
7.399999999999999634e-02,1.364325509608409703e+00,2.312964634635742664e-18,3.051592018993845579e-01
7.599999999999999811e-02,1.364325509608452336e+00,1.156482317317871448e-17,3.051592018993855571e-01
7.799999999999999989e-02,1.364325509608447007e+00,2.312964634635742664e-18,3.051592018993855016e-01
8.000000000000000167e-02,1.364325509608436349e+00,6.938893903907228378e-18,3.051592018993851130e-01
8.200000000000000344e-02,1.364325509608429243e+00,6.938893903907228378e-18,3.051592018993849464e-01
8.400000000000000522e-02,1.364325509608432796e+00,9.251858538542970657e-18,3.051592018993853350e-01
8.600000000000000699e-02,1.364325509608441678e+00,4.625929269271485328e-18,3.051592018993847244e-01
8.799999999999999489e-02,1.364325509608431020e+00,4.625929269271485328e-18,3.051592018993845579e-01
8.999999999999999667e-02,1.364325509608427467e+00,4.625929269271485328e-18,3.051592018993851685e-01
9.199999999999999845e-02,1.364325509608445230e+00,1.156482317317871448e-17,3.051592018993855571e-01
9.400000000000000022e-02,1.364325509608420361e+00,2.312964634635742664e-18,3.051592018993853905e-01
9.600000000000000200e-02,1.364325509608454112e+00,1.387778780781445676e-17,3.051592018993852795e-01
9.800000000000000377e-02,1.364325509608423914e+00,9.251858538542970657e-18,3.051592018993853905e-01
1.000000000000000056e-01,1.364325509608438125e+00,6.938893903907228378e-18,3.051592018993851130e-01
1.020000000000000073e-01,1.364325509608429243e+00,4.625929269271485328e-18,3.051592018993850575e-01
1.040000000000000091e-01,1.364325509608441678e+00,0.000000000000000000e+00,3.051592018993851130e-01
1.059999999999999970e-01,1.364325509608438125e+00,2.312964634635742664e-18,3.051592018993855016e-01
1.079999999999999988e-01,1.364325509608429243e+00,1.387778780781445676e-17,3.051592018993855016e-01
1.100000000000000006e-01,1.364325509608431020e+00,9.251858538542970657e-18,3.051592018993852240e-01
1.120000000000000023e-01,1.364325509608447007e+00,1.619075244245020058e-17,3.051592018993853905e-01
1.140000000000000041e-01,1.364325509608422138e+00,6.938893903907228378e-18,3.051592018993855016e-01
1.160000000000000059e-01,1.364325509608423914e+00,9.251858538542970657e-18,3.051592018993848909e-01
1.180000000000000077e-01,1.364325509608415032e+00,6.938893903907228378e-18,3.051592018993850020e-01
1.199999999999999956e-01,1.364325509608434572e+00,1.156482317317871448e-17,3.051592018993851130e-01
1.219999999999999973e-01,1.364325509608448783e+00,1.156482317317871448e-17,3.051592018993853905e-01
1.239999999999999991e-01,1.364325509608436349e+00,4.625929269271485328e-18,3.051592018993853350e-01
1.260000000000000009e-01,1.364325509608452336e+00,2.312964634635742664e-18,3.051592018993853350e-01
1.280000000000000027e-01,1.364325509608429243e+00,0.000000000000000000e+00,3.051592018993851130e-01
1.300000000000000044e-01,1.364325509608438125e+00,9.251858538542970657e-18,3.051592018993851685e-01
1.320000000000000062e-01,1.364325509608447007e+00,2.312964634635742664e-18,3.051592018993853350e-01
1.340000000000000080e-01,1.364325509608436349e+00,0.000000000000000000e+00,3.051592018993853905e-01
1.360000000000000098e-01,1.364325509608434572e+00,9.251858538542970657e-18,3.051592018993853905e-01
1.380000000000000115e-01,1.364325509608443454e+00,2.312964634635742664e-18,3.051592018993852795e-01
1.400000000000000133e-01,1.364325509608415032e+00,2.312964634635742664e-18,3.051592018993851130e-01
1.420000000000000151e-01,1.364325509608450560e+00,9.251858538542970657e-18,3.051592018993853350e-01
1.440000000000000169e-01,1.364325509608434572e+00,6.938893903907228378e-18,3.051592018993851130e-01
1.459999999999999909e-01,1.364325509608418585e+00,2.312964634635742664e-18,3.051592018993851685e-01
1.479999999999999927e-01,1.364325509608432796e+00,6.938893903907228378e-18,3.051592018993855016e-01
1.499999999999999944e-01,1.364325509608434572e+00,2.312964634635742664e-18,3.051592018993852240e-01
1.519999999999999962e-01,1.364325509608443454e+00,1.156482317317871448e-17,3.051592018993855571e-01
1.539999999999999980e-01,1.364325509608443454e+00,9.251858538542970657e-18,3.051592018993857236e-01
1.559999999999999998e-01,1.364325509608441678e+00,0.000000000000000000e+00,3.051592018993854460e-01
1.580000000000000016e-01,1.364325509608436349e+00,2.312964634635742664e-18,3.051592018993850575e-01
1.600000000000000033e-01,1.364325509608438125e+00,6.938893903907228378e-18,3.051592018993850020e-01
1.620000000000000051e-01,1.364325509608411480e+00,6.938893903907228378e-18,3.051592018993855571e-01
1.640000000000000069e-01,1.364325509608441678e+00,2.312964634635742664e-18,3.051592018993859456e-01
1.660000000000000087e-01,1.364325509608438125e+00,2.312964634635742664e-18,3.051592018993849464e-01
1.680000000000000104e-01,1.364325509608447007e+00,1.850371707708594131e-17,3.051592018993859456e-01
1.700000000000000122e-01,1.364325509608429243e+00,2.312964634635742664e-18,3.051592018993852795e-01
1.720000000000000140e-01,1.364325509608425691e+00,0.000000000000000000e+00,3.051592018993853905e-01
1.740000000000000158e-01,1.364325509608448783e+00,2.312964634635742664e-18,3.051592018993850575e-01
1.759999999999999898e-01,1.364325509608452336e+00,0.000000000000000000e+00,3.051592018993853905e-01
1.779999999999999916e-01,1.364325509608425691e+00,1.619075244245020058e-17,3.051592018993851130e-01
1.799999999999999933e-01,1.364325509608432796e+00,2.312964634635742664e-18,3.051592018993851130e-01
1.819999999999999951e-01,1.364325509608445230e+00,9.251858538542970657e-18,3.051592018993853905e-01
1.839999999999999969e-01,1.364325509608422138e+00,6.938893903907228378e-18,3.051592018993853905e-01
1.859999999999999987e-01,1.364325509608393716e+00,0.000000000000000000e+00,3.051592018993852795e-01
1.880000000000000004e-01,1.364325509608452336e+00,2.312964634635742664e-18,3.051592018993851685e-01
1.900000000000000022e-01,1.364325509608454112e+00,9.251858538542970657e-18,3.051592018993852240e-01
1.920000000000000040e-01,1.364325509608431020e+00,1.156482317317871448e-17,3.051592018993855016e-01
1.940000000000000058e-01,1.364325509608429243e+00,1.619075244245020058e-17,3.051592018993855016e-01
1.960000000000000075e-01,1.364325509608422138e+00,9.251858538542970657e-18,3.051592018993850020e-01
1.980000000000000093e-01,1.364325509608427467e+00,6.938893903907228378e-18,3.051592018993851130e-01
2.000000000000000111e-01,1.364325509608441678e+00,2.312964634635742664e-18,3.051592018993853350e-01
2.020000000000000129e-01,1.364325509608438125e+00,4.625929269271485328e-18,3.051592018993851685e-01
2.040000000000000147e-01,1.364325509608450560e+00,9.251858538542970657e-18,3.051592018993850020e-01
2.060000000000000164e-01,1.364325509608439901e+00,0.000000000000000000e+00,3.051592018993853905e-01
2.080000000000000182e-01,1.364325509608439901e+00,1.156482317317871448e-17,3.051592018993853905e-01
2.099999999999999922e-01,1.364325509608423914e+00,9.251858538542970657e-18,3.051592018993852795e-01
2.119999999999999940e-01,1.364325509608436349e+00,2.312964634635742664e-18,3.051592018993852795e-01
2.139999999999999958e-01,1.364325509608439901e+00,1.387778780781445676e-17,3.051592018993853905e-01
2.159999999999999976e-01,1.364325509608439901e+00,2.312964634635742664e-18,3.051592018993850020e-01
2.179999999999999993e-01,1.364325509608439901e+00,1.387778780781445676e-17,3.051592018993850575e-01
2.200000000000000011e-01,1.364325509608454112e+00,4.625929269271485328e-18,3.051592018993852240e-01
2.220000000000000029e-01,1.364325509608468323e+00,9.251858538542970657e-18,3.051592018993847799e-01
2.240000000000000047e-01,1.364325509608448783e+00,6.938893903907228378e-18,3.051592018993851130e-01
2.260000000000000064e-01,1.364325509608425691e+00,9.251858538542970657e-18,3.051592018993852240e-01
2.280000000000000082e-01,1.364325509608441678e+00,1.156482317317871448e-17,3.051592018993855571e-01
2.300000000000000100e-01,1.364325509608431020e+00,6.938893903907228378e-18,3.051592018993850575e-01
2.320000000000000118e-01,1.364325509608448783e+00,6.938893903907228378e-18,3.051592018993855571e-01
2.340000000000000135e-01,1.364325509608455889e+00,0.000000000000000000e+00,3.051592018993855571e-01
2.360000000000000153e-01,1.364325509608454112e+00,4.625929269271485328e-18,3.051592018993848909e-01
2.380000000000000171e-01,1.364325509608441678e+00,0.000000000000000000e+00,3.051592018993857236e-01
2.399999999999999911e-01,1.364325509608434572e+00,6.938893903907228378e-18,3.051592018993853905e-01
2.419999999999999929e-01,1.364325509608447007e+00,4.625929269271485328e-18,3.051592018993850020e-01
2.439999999999999947e-01,1.364325509608418585e+00,4.625929269271485328e-18,3.051592018993851130e-01
2.459999999999999964e-01,1.364325509608438125e+00,1.156482317317871448e-17,3.051592018993852795e-01
2.479999999999999982e-01,1.364325509608425691e+00,2.312964634635742664e-18,3.051592018993849464e-01
2.500000000000000000e-01,1.364325509608416809e+00,0.000000000000000000e+00,3.051592018993851685e-01
2.520000000000000018e-01,1.364325509608438125e+00,0.000000000000000000e+00,3.051592018993848354e-01
2.540000000000000036e-01,1.364325509608425691e+00,6.938893903907228378e-18,3.051592018993851130e-01
2.560000000000000053e-01,1.364325509608445230e+00,1.850371707708594131e-17,3.051592018993851130e-01
2.580000000000000071e-01,1.364325509608425691e+00,2.312964634635742664e-18,3.051592018993849464e-01
2.600000000000000089e-01,1.364325509608441678e+00,2.312964634635742664e-18,3.051592018993853905e-01
2.620000000000000107e-01,1.364325509608436349e+00,9.251858538542970657e-18,3.051592018993853905e-01
2.640000000000000124e-01,1.364325509608443454e+00,6.938893903907228378e-18,3.051592018993855016e-01
2.660000000000000142e-01,1.364325509608448783e+00,0.000000000000000000e+00,3.051592018993856126e-01
2.680000000000000160e-01,1.364325509608436349e+00,2.312964634635742664e-18,3.051592018993852240e-01
2.700000000000000178e-01,1.364325509608443454e+00,4.625929269271485328e-18,3.051592018993856126e-01
2.720000000000000195e-01,1.364325509608436349e+00,9.251858538542970657e-18,3.051592018993849464e-01
2.740000000000000213e-01,1.364325509608457665e+00,2.312964634635742664e-18,3.051592018993846689e-01
2.760000000000000231e-01,1.364325509608459441e+00,2.312964634635742664e-18,3.051592018993851130e-01
2.780000000000000249e-01,1.364325509608432796e+00,1.387778780781445676e-17,3.051592018993851130e-01
2.800000000000000266e-01,1.364325509608434572e+00,9.251858538542970657e-18,3.051592018993852240e-01
2.820000000000000284e-01,1.364325509608425691e+00,9.251858538542970657e-18,3.051592018993850020e-01
2.840000000000000302e-01,1.364325509608447007e+00,0.000000000000000000e+00,3.051592018993852240e-01
2.860000000000000320e-01,1.364325509608439901e+00,4.625929269271485328e-18,3.051592018993853905e-01
2.880000000000000338e-01,1.364325509608445230e+00,4.625929269271485328e-18,3.051592018993858901e-01
2.899999999999999800e-01,1.364325509608409703e+00,1.387778780781445676e-17,3.051592018993847799e-01
2.919999999999999818e-01,1.364325509608427467e+00,1.156482317317871448e-17,3.051592018993855016e-01
2.939999999999999836e-01,1.364325509608427467e+00,9.251858538542970657e-18,3.051592018993855016e-01
2.959999999999999853e-01,1.364325509608429243e+00,4.625929269271485328e-18,3.051592018993856126e-01
2.979999999999999871e-01,1.364325509608441678e+00,6.938893903907228378e-18,3.051592018993851130e-01
2.999999999999999889e-01,1.364325509608438125e+00,2.312964634635742664e-18,3.051592018993852240e-01
3.019999999999999907e-01,1.364325509608427467e+00,1.387778780781445676e-17,3.051592018993850020e-01
3.039999999999999925e-01,1.364325509608454112e+00,9.251858538542970657e-18,3.051592018993856681e-01
3.059999999999999942e-01,1.364325509608432796e+00,1.850371707708594131e-17,3.051592018993857791e-01
3.079999999999999960e-01,1.364325509608420361e+00,6.938893903907228378e-18,3.051592018993854460e-01
3.099999999999999978e-01,1.364325509608423914e+00,0.000000000000000000e+00,3.051592018993851130e-01
3.119999999999999996e-01,1.364325509608407927e+00,1.156482317317871448e-17,3.051592018993848354e-01
3.140000000000000013e-01,1.364325509608431020e+00,9.251858538542970657e-18,3.051592018993853350e-01
3.160000000000000031e-01,1.364325509608434572e+00,6.938893903907228378e-18,3.051592018993848909e-01
3.180000000000000049e-01,1.364325509608448783e+00,6.938893903907228378e-18,3.051592018993854460e-01
3.200000000000000067e-01,1.364325509608429243e+00,2.081668171172168513e-17,3.051592018993850020e-01
3.220000000000000084e-01,1.364325509608425691e+00,6.938893903907228378e-18,3.051592018993853905e-01
3.240000000000000102e-01,1.364325509608462994e+00,2.312964634635742664e-18,3.051592018993853905e-01
3.260000000000000120e-01,1.364325509608438125e+00,1.156482317317871448e-17,3.051592018993854460e-01
3.280000000000000138e-01,1.364325509608438125e+00,1.619075244245020058e-17,3.051592018993854460e-01
3.300000000000000155e-01,1.364325509608434572e+00,1.156482317317871448e-17,3.051592018993853905e-01
3.320000000000000173e-01,1.364325509608431020e+00,6.938893903907228378e-18,3.051592018993852795e-01
3.340000000000000191e-01,1.364325509608450560e+00,9.251858538542970657e-18,3.051592018993856681e-01
3.360000000000000209e-01,1.364325509608423914e+00,0.000000000000000000e+00,3.051592018993851685e-01
3.380000000000000226e-01,1.364325509608441678e+00,1.156482317317871448e-17,3.051592018993853905e-01
3.400000000000000244e-01,1.364325509608429243e+00,1.156482317317871448e-17,3.051592018993850020e-01
3.420000000000000262e-01,1.364325509608445230e+00,0.000000000000000000e+00,3.051592018993855571e-01
3.440000000000000280e-01,1.364325509608429243e+00,0.000000000000000000e+00,3.051592018993850575e-01
3.460000000000000298e-01,1.364325509608416809e+00,1.156482317317871448e-17,3.051592018993852240e-01
3.480000000000000315e-01,1.364325509608434572e+00,2.312964634635742664e-18,3.051592018993855571e-01
3.500000000000000333e-01,1.364325509608431020e+00,6.938893903907228378e-18,3.051592018993855016e-01
3.519999999999999796e-01,1.364325509608432796e+00,0.000000000000000000e+00,3.051592018993850575e-01
3.539999999999999813e-01,1.364325509608431020e+00,1.156482317317871448e-17,3.051592018993848909e-01
3.559999999999999831e-01,1.364325509608425691e+00,2.312964634635742664e-18,3.051592018993853350e-01
3.579999999999999849e-01,1.364325509608422138e+00,1.156482317317871448e-17,3.051592018993855571e-01
3.599999999999999867e-01,1.364325509608423914e+00,2.312964634635742664e-18,3.051592018993850020e-01
3.619999999999999885e-01,1.364325509608429243e+00,2.312964634635742664e-18,3.051592018993851130e-01
3.639999999999999902e-01,1.364325509608436349e+00,2.312964634635742664e-18,3.051592018993855016e-01
3.659999999999999920e-01,1.364325509608427467e+00,2.312964634635742664e-18,3.051592018993852240e-01
3.679999999999999938e-01,1.364325509608418585e+00,9.251858538542970657e-18,3.051592018993851685e-01
3.699999999999999956e-01,1.364325509608445230e+00,6.938893903907228378e-18,3.051592018993853905e-01
3.719999999999999973e-01,1.364325509608436349e+00,4.625929269271485328e-18,3.051592018993851685e-01
3.739999999999999991e-01,1.364325509608425691e+00,9.251858538542970657e-18,3.051592018993851130e-01
3.760000000000000009e-01,1.364325509608445230e+00,9.251858538542970657e-18,3.051592018993852795e-01
3.780000000000000027e-01,1.364325509608434572e+00,1.850371707708594131e-17,3.051592018993855016e-01
3.800000000000000044e-01,1.364325509608436349e+00,2.312964634635742664e-18,3.051592018993852795e-01
3.820000000000000062e-01,1.364325509608423914e+00,2.312964634635742664e-18,3.051592018993854460e-01
3.840000000000000080e-01,1.364325509608445230e+00,1.850371707708594131e-17,3.051592018993852240e-01
3.860000000000000098e-01,1.364325509608447007e+00,2.544261098099316969e-17,3.051592018993857791e-01
3.880000000000000115e-01,1.364325509608427467e+00,4.625929269271485328e-18,3.051592018993853350e-01
3.900000000000000133e-01,1.364325509608422138e+00,0.000000000000000000e+00,3.051592018993853905e-01
3.920000000000000151e-01,1.364325509608429243e+00,0.000000000000000000e+00,3.051592018993855571e-01
3.940000000000000169e-01,1.364325509608439901e+00,4.625929269271485328e-18,3.051592018993851130e-01
3.960000000000000187e-01,1.364325509608443454e+00,1.387778780781445676e-17,3.051592018993852795e-01
3.980000000000000204e-01,1.364325509608409703e+00,4.625929269271485328e-18,3.051592018993854460e-01
4.000000000000000222e-01,1.364325509608431020e+00,2.312964634635742664e-18,3.051592018993855016e-01
4.020000000000000240e-01,1.364325509608425691e+00,0.000000000000000000e+00,3.051592018993850020e-01
4.040000000000000258e-01,1.364325509608422138e+00,9.251858538542970657e-18,3.051592018993850020e-01
4.060000000000000275e-01,1.364325509608452336e+00,4.625929269271485328e-18,3.051592018993856126e-01
4.080000000000000293e-01,1.364325509608431020e+00,9.251858538542970657e-18,3.051592018993851130e-01
4.100000000000000311e-01,1.364325509608434572e+00,9.251858538542970657e-18,3.051592018993848909e-01
4.120000000000000329e-01,1.364325509608443454e+00,0.000000000000000000e+00,3.051592018993852795e-01
4.140000000000000346e-01,1.364325509608445230e+00,1.156482317317871448e-17,3.051592018993853905e-01
4.160000000000000364e-01,1.364325509608447007e+00,1.156482317317871448e-17,3.051592018993852240e-01
4.179999999999999827e-01,1.364325509608413256e+00,1.156482317317871448e-17,3.051592018993847799e-01
4.199999999999999845e-01,1.364325509608429243e+00,4.625929269271485328e-18,3.051592018993853350e-01
4.219999999999999862e-01,1.364325509608431020e+00,6.938893903907228378e-18,3.051592018993849464e-01
4.239999999999999880e-01,1.364325509608425691e+00,0.000000000000000000e+00,3.051592018993851130e-01
4.259999999999999898e-01,1.364325509608436349e+00,6.938893903907228378e-18,3.051592018993855571e-01
4.279999999999999916e-01,1.364325509608447007e+00,1.387778780781445676e-17,3.051592018993853905e-01
4.299999999999999933e-01,1.364325509608439901e+00,9.251858538542970657e-18,3.051592018993855571e-01
4.319999999999999951e-01,1.364325509608413256e+00,4.625929269271485328e-18,3.051592018993851130e-01
4.339999999999999969e-01,1.364325509608432796e+00,3.006854025026465425e-17,3.051592018993853905e-01
4.359999999999999987e-01,1.364325509608436349e+00,9.251858538542970657e-18,3.051592018993846689e-01
4.380000000000000004e-01,1.364325509608429243e+00,2.312964634635742664e-18,3.051592018993850020e-01
4.400000000000000022e-01,1.364325509608434572e+00,9.251858538542970657e-18,3.051592018993856126e-01
4.420000000000000040e-01,1.364325509608429243e+00,9.251858538542970657e-18,3.051592018993854460e-01
4.440000000000000058e-01,1.364325509608450560e+00,6.938893903907228378e-18,3.051592018993853905e-01
4.460000000000000075e-01,1.364325509608447007e+00,4.625929269271485328e-18,3.051592018993856126e-01
4.480000000000000093e-01,1.364325509608438125e+00,1.156482317317871448e-17,3.051592018993853905e-01
4.500000000000000111e-01,1.364325509608431020e+00,9.251858538542970657e-18,3.051592018993853905e-01
4.520000000000000129e-01,1.364325509608462994e+00,6.938893903907228378e-18,3.051592018993852795e-01
4.540000000000000147e-01,1.364325509608423914e+00,9.251858538542970657e-18,3.051592018993847799e-01
4.560000000000000164e-01,1.364325509608423914e+00,1.387778780781445676e-17,3.051592018993853350e-01
4.580000000000000182e-01,1.364325509608432796e+00,2.544261098099316969e-17,3.051592018993855571e-01
4.600000000000000200e-01,1.364325509608439901e+00,1.156482317317871448e-17,3.051592018993852240e-01
4.620000000000000218e-01,1.364325509608415032e+00,1.387778780781445676e-17,3.051592018993853905e-01
4.640000000000000235e-01,1.364325509608431020e+00,9.251858538542970657e-18,3.051592018993850020e-01
4.660000000000000253e-01,1.364325509608425691e+00,4.625929269271485328e-18,3.051592018993853905e-01
4.680000000000000271e-01,1.364325509608468323e+00,1.387778780781445676e-17,3.051592018993853905e-01
4.700000000000000289e-01,1.364325509608427467e+00,2.312964634635742664e-18,3.051592018993850020e-01
4.720000000000000306e-01,1.364325509608434572e+00,1.387778780781445676e-17,3.051592018993848909e-01
4.740000000000000324e-01,1.364325509608441678e+00,4.625929269271485328e-18,3.051592018993853905e-01
4.760000000000000342e-01,1.364325509608429243e+00,0.000000000000000000e+00,3.051592018993850020e-01
4.780000000000000360e-01,1.364325509608427467e+00,4.625929269271485328e-18,3.051592018993850020e-01
4.799999999999999822e-01,1.364325509608438125e+00,6.938893903907228378e-18,3.051592018993852240e-01
4.819999999999999840e-01,1.364325509608439901e+00,2.312964634635742664e-18,3.051592018993856681e-01
4.839999999999999858e-01,1.364325509608452336e+00,1.387778780781445676e-17,3.051592018993852240e-01
4.859999999999999876e-01,1.364325509608423914e+00,4.625929269271485328e-18,3.051592018993855571e-01
4.879999999999999893e-01,1.364325509608427467e+00,2.312964634635742664e-18,3.051592018993853905e-01
4.899999999999999911e-01,1.364325509608445230e+00,2.081668171172168513e-17,3.051592018993852795e-01
4.919999999999999929e-01,1.364325509608420361e+00,1.619075244245020058e-17,3.051592018993851130e-01
4.939999999999999947e-01,1.364325509608431020e+00,4.625929269271485328e-18,3.051592018993855016e-01
4.959999999999999964e-01,1.364325509608436349e+00,4.625929269271485328e-18,3.051592018993853905e-01
4.979999999999999982e-01,1.364325509608436349e+00,4.625929269271485328e-18,3.051592018993853905e-01
5.000000000000000000e-01,1.364325509608441678e+00,1.619075244245020058e-17,3.051592018993852795e-01
5.020000000000000018e-01,1.364325509608427467e+00,9.251858538542970657e-18,3.051592018993851130e-01
5.040000000000000036e-01,1.364325509608443454e+00,1.156482317317871448e-17,3.051592018993853350e-01
5.060000000000000053e-01,1.364325509608445230e+00,2.312964634635742664e-18,3.051592018993852240e-01
5.080000000000000071e-01,1.364325509608443454e+00,9.251858538542970657e-18,3.051592018993855571e-01
5.100000000000000089e-01,1.364325509608445230e+00,9.251858538542970657e-18,3.051592018993851130e-01
5.120000000000000107e-01,1.364325509608445230e+00,1.156482317317871448e-17,3.051592018993853905e-01
5.140000000000000124e-01,1.364325509608431020e+00,2.312964634635742664e-18,3.051592018993855016e-01
5.160000000000000142e-01,1.364325509608432796e+00,4.625929269271485328e-18,3.051592018993853905e-01
5.180000000000000160e-01,1.364325509608455889e+00,4.625929269271485328e-18,3.051592018993848354e-01
5.200000000000000178e-01,1.364325509608438125e+00,1.619075244245020058e-17,3.051592018993853905e-01
5.220000000000000195e-01,1.364325509608438125e+00,4.625929269271485328e-18,3.051592018993851685e-01
5.240000000000000213e-01,1.364325509608431020e+00,2.544261098099316969e-17,3.051592018993850020e-01
5.260000000000000231e-01,1.364325509608452336e+00,1.850371707708594131e-17,3.051592018993854460e-01
5.280000000000000249e-01,1.364325509608431020e+00,9.251858538542970657e-18,3.051592018993852795e-01
5.300000000000000266e-01,1.364325509608404374e+00,1.387778780781445676e-17,3.051592018993852795e-01
5.320000000000000284e-01,1.364325509608438125e+00,2.081668171172168513e-17,3.051592018993853905e-01
5.340000000000000302e-01,1.364325509608434572e+00,2.312964634635742664e-18,3.051592018993849464e-01
5.360000000000000320e-01,1.364325509608473652e+00,6.938893903907228378e-18,3.051592018993857236e-01
5.380000000000000338e-01,1.364325509608447007e+00,4.625929269271485328e-18,3.051592018993849464e-01
5.400000000000000355e-01,1.364325509608425691e+00,9.251858538542970657e-18,3.051592018993855571e-01
5.420000000000000373e-01,1.364325509608443454e+00,9.251858538542970657e-18,3.051592018993851685e-01
5.440000000000000391e-01,1.364325509608438125e+00,1.387778780781445676e-17,3.051592018993852795e-01
5.460000000000000409e-01,1.364325509608432796e+00,0.000000000000000000e+00,3.051592018993851130e-01
5.480000000000000426e-01,1.364325509608439901e+00,1.619075244245020058e-17,3.051592018993852240e-01
5.500000000000000444e-01,1.364325509608434572e+00,9.251858538542970657e-18,3.051592018993851685e-01
5.520000000000000462e-01,1.364325509608438125e+00,6.938893903907228378e-18,3.051592018993855016e-01
5.540000000000000480e-01,1.364325509608438125e+00,6.938893903907228378e-18,3.051592018993852795e-01
5.560000000000000497e-01,1.364325509608445230e+00,2.312964634635742664e-18,3.051592018993852240e-01
5.580000000000000515e-01,1.364325509608434572e+00,9.251858538542970657e-18,3.051592018993852795e-01
5.600000000000000533e-01,1.364325509608423914e+00,1.850371707708594131e-17,3.051592018993852240e-01
5.620000000000000551e-01,1.364325509608425691e+00,6.938893903907228378e-18,3.051592018993852795e-01
5.640000000000000568e-01,1.364325509608429243e+00,9.251858538542970657e-18,3.051592018993855016e-01
5.660000000000000586e-01,1.364325509608423914e+00,2.312964634635742664e-18,3.051592018993852795e-01
5.680000000000000604e-01,1.364325509608439901e+00,9.251858538542970657e-18,3.051592018993853350e-01
5.700000000000000622e-01,1.364325509608445230e+00,2.312964634635742664e-18,3.051592018993854460e-01
5.720000000000000639e-01,1.364325509608418585e+00,1.387778780781445676e-17,3.051592018993853905e-01
5.740000000000000657e-01,1.364325509608438125e+00,2.312964634635742664e-18,3.051592018993849464e-01
5.760000000000000675e-01,1.364325509608448783e+00,2.312964634635742664e-18,3.051592018993853905e-01
5.779999999999999583e-01,1.364325509608418585e+00,1.387778780781445676e-17,3.051592018993851685e-01
5.799999999999999600e-01,1.364325509608447007e+00,1.619075244245020058e-17,3.051592018993854460e-01
5.819999999999999618e-01,1.364325509608461218e+00,6.938893903907228378e-18,3.051592018993851685e-01
5.839999999999999636e-01,1.364325509608434572e+00,4.625929269271485328e-18,3.051592018993849464e-01
5.859999999999999654e-01,1.364325509608432796e+00,1.387778780781445676e-17,3.051592018993850575e-01
5.879999999999999671e-01,1.364325509608427467e+00,2.312964634635742664e-18,3.051592018993848354e-01
5.899999999999999689e-01,1.364325509608436349e+00,4.625929269271485328e-18,3.051592018993853905e-01
5.919999999999999707e-01,1.364325509608416809e+00,2.312964634635742664e-18,3.051592018993856126e-01
5.939999999999999725e-01,1.364325509608432796e+00,1.387778780781445676e-17,3.051592018993848909e-01
5.959999999999999742e-01,1.364325509608425691e+00,9.251858538542970657e-18,3.051592018993852795e-01
5.979999999999999760e-01,1.364325509608431020e+00,2.312964634635742664e-18,3.051592018993852795e-01
5.999999999999999778e-01,1.364325509608434572e+00,1.156482317317871448e-17,3.051592018993851130e-01
6.019999999999999796e-01,1.364325509608443454e+00,4.625929269271485328e-18,3.051592018993853905e-01
6.039999999999999813e-01,1.364325509608438125e+00,1.850371707708594131e-17,3.051592018993856681e-01
6.059999999999999831e-01,1.364325509608434572e+00,1.619075244245020058e-17,3.051592018993852795e-01
6.079999999999999849e-01,1.364325509608447007e+00,2.312964634635742664e-18,3.051592018993853905e-01
6.099999999999999867e-01,1.364325509608436349e+00,9.251858538542970657e-18,3.051592018993852795e-01
6.119999999999999885e-01,1.364325509608434572e+00,1.387778780781445676e-17,3.051592018993857791e-01
6.139999999999999902e-01,1.364325509608429243e+00,2.544261098099316969e-17,3.051592018993851130e-01
6.159999999999999920e-01,1.364325509608439901e+00,1.387778780781445676e-17,3.051592018993856681e-01
6.179999999999999938e-01,1.364325509608438125e+00,2.312964634635742664e-18,3.051592018993848909e-01
6.199999999999999956e-01,1.364325509608432796e+00,9.251858538542970657e-18,3.051592018993852240e-01
6.219999999999999973e-01,1.364325509608422138e+00,1.619075244245020058e-17,3.051592018993853905e-01
6.239999999999999991e-01,1.364325509608423914e+00,9.251858538542970657e-18,3.051592018993853905e-01
6.260000000000000009e-01,1.364325509608429243e+00,2.312964634635742664e-18,3.051592018993851130e-01
6.280000000000000027e-01,1.364325509608450560e+00,9.251858538542970657e-18,3.051592018993850020e-01
6.300000000000000044e-01,1.364325509608452336e+00,6.938893903907228378e-18,3.051592018993853905e-01
6.320000000000000062e-01,1.364325509608441678e+00,4.625929269271485328e-18,3.051592018993850020e-01
6.340000000000000080e-01,1.364325509608443454e+00,1.387778780781445676e-17,3.051592018993853905e-01
6.360000000000000098e-01,1.364325509608420361e+00,2.312964634635742664e-18,3.051592018993851130e-01
6.380000000000000115e-01,1.364325509608439901e+00,2.312964634635742664e-18,3.051592018993851130e-01
6.400000000000000133e-01,1.364325509608447007e+00,1.156482317317871448e-17,3.051592018993855571e-01
6.420000000000000151e-01,1.364325509608434572e+00,1.387778780781445676e-17,3.051592018993852795e-01
6.440000000000000169e-01,1.364325509608448783e+00,0.000000000000000000e+00,3.051592018993851130e-01
6.460000000000000187e-01,1.364325509608434572e+00,9.251858538542970657e-18,3.051592018993848909e-01
6.480000000000000204e-01,1.364325509608443454e+00,1.156482317317871448e-17,3.051592018993850020e-01
6.500000000000000222e-01,1.364325509608438125e+00,2.312964634635742664e-18,3.051592018993854460e-01
6.520000000000000240e-01,1.364325509608447007e+00,4.625929269271485328e-18,3.051592018993855016e-01
6.540000000000000258e-01,1.364325509608436349e+00,1.156482317317871448e-17,3.051592018993849464e-01
6.560000000000000275e-01,1.364325509608457665e+00,6.938893903907228378e-18,3.051592018993852240e-01
6.580000000000000293e-01,1.364325509608443454e+00,6.938893903907228378e-18,3.051592018993853905e-01
6.600000000000000311e-01,1.364325509608436349e+00,4.625929269271485328e-18,3.051592018993853905e-01
6.620000000000000329e-01,1.364325509608447007e+00,6.938893903907228378e-18,3.051592018993852240e-01
6.640000000000000346e-01,1.364325509608450560e+00,0.000000000000000000e+00,3.051592018993854460e-01
6.660000000000000364e-01,1.364325509608431020e+00,2.081668171172168513e-17,3.051592018993852795e-01
6.680000000000000382e-01,1.364325509608443454e+00,4.625929269271485328e-18,3.051592018993852795e-01
6.700000000000000400e-01,1.364325509608432796e+00,6.938893903907228378e-18,3.051592018993855016e-01
6.720000000000000417e-01,1.364325509608450560e+00,2.544261098099316969e-17,3.051592018993853905e-01
6.740000000000000435e-01,1.364325509608415032e+00,4.625929269271485328e-18,3.051592018993848909e-01
6.760000000000000453e-01,1.364325509608422138e+00,2.312964634635742664e-18,3.051592018993852795e-01
6.780000000000000471e-01,1.364325509608427467e+00,6.938893903907228378e-18,3.051592018993851685e-01
6.800000000000000488e-01,1.364325509608445230e+00,6.938893903907228378e-18,3.051592018993854460e-01
6.820000000000000506e-01,1.364325509608418585e+00,1.156482317317871448e-17,3.051592018993846689e-01
6.840000000000000524e-01,1.364325509608427467e+00,9.251858538542970657e-18,3.051592018993850575e-01
6.860000000000000542e-01,1.364325509608434572e+00,9.251858538542970657e-18,3.051592018993853905e-01
6.880000000000000560e-01,1.364325509608439901e+00,1.156482317317871448e-17,3.051592018993856681e-01
6.900000000000000577e-01,1.364325509608438125e+00,9.251858538542970657e-18,3.051592018993855571e-01
6.920000000000000595e-01,1.364325509608452336e+00,2.312964634635742664e-18,3.051592018993852240e-01
6.940000000000000613e-01,1.364325509608427467e+00,4.625929269271485328e-18,3.051592018993856681e-01
6.960000000000000631e-01,1.364325509608445230e+00,1.156482317317871448e-17,3.051592018993852795e-01
6.980000000000000648e-01,1.364325509608431020e+00,0.000000000000000000e+00,3.051592018993854460e-01
7.000000000000000666e-01,1.364325509608431020e+00,6.938893903907228378e-18,3.051592018993849464e-01
7.020000000000000684e-01,1.364325509608447007e+00,6.938893903907228378e-18,3.051592018993853905e-01
7.039999999999999591e-01,1.364325509608436349e+00,6.938893903907228378e-18,3.051592018993849464e-01
7.059999999999999609e-01,1.364325509608438125e+00,6.938893903907228378e-18,3.051592018993848354e-01
7.079999999999999627e-01,1.364325509608431020e+00,1.387778780781445676e-17,3.051592018993853350e-01
7.099999999999999645e-01,1.364325509608427467e+00,6.938893903907228378e-18,3.051592018993852240e-01
7.119999999999999662e-01,1.364325509608439901e+00,6.938893903907228378e-18,3.051592018993851130e-01
7.139999999999999680e-01,1.364325509608429243e+00,6.938893903907228378e-18,3.051592018993853905e-01
7.159999999999999698e-01,1.364325509608439901e+00,6.938893903907228378e-18,3.051592018993850575e-01
7.179999999999999716e-01,1.364325509608441678e+00,4.625929269271485328e-18,3.051592018993852795e-01
7.199999999999999734e-01,1.364325509608438125e+00,4.625929269271485328e-18,3.051592018993851130e-01
7.219999999999999751e-01,1.364325509608464770e+00,2.312964634635742664e-18,3.051592018993852795e-01
7.239999999999999769e-01,1.364325509608443454e+00,2.081668171172168513e-17,3.051592018993848909e-01
7.259999999999999787e-01,1.364325509608443454e+00,6.938893903907228378e-18,3.051592018993856126e-01
7.279999999999999805e-01,1.364325509608432796e+00,1.387778780781445676e-17,3.051592018993851685e-01
7.299999999999999822e-01,1.364325509608432796e+00,6.938893903907228378e-18,3.051592018993855016e-01
7.319999999999999840e-01,1.364325509608422138e+00,1.156482317317871448e-17,3.051592018993852240e-01
7.339999999999999858e-01,1.364325509608431020e+00,0.000000000000000000e+00,3.051592018993851130e-01
7.359999999999999876e-01,1.364325509608432796e+00,1.850371707708594131e-17,3.051592018993853905e-01
7.379999999999999893e-01,1.364325509608450560e+00,9.251858538542970657e-18,3.051592018993851130e-01
7.399999999999999911e-01,1.364325509608441678e+00,1.156482317317871448e-17,3.051592018993853905e-01
7.419999999999999929e-01,1.364325509608443454e+00,1.156482317317871448e-17,3.051592018993856126e-01
7.439999999999999947e-01,1.364325509608447007e+00,4.625929269271485328e-18,3.051592018993853905e-01
7.459999999999999964e-01,1.364325509608432796e+00,6.938893903907228378e-18,3.051592018993855571e-01
7.479999999999999982e-01,1.364325509608431020e+00,0.000000000000000000e+00,3.051592018993849464e-01
7.500000000000000000e-01,1.364325509608434572e+00,4.625929269271485328e-18,3.051592018993852795e-01
7.520000000000000018e-01,1.364325509608432796e+00,2.312964634635742664e-18,3.051592018993855016e-01
7.540000000000000036e-01,1.364325509608445230e+00,4.625929269271485328e-18,3.051592018993853905e-01
7.560000000000000053e-01,1.364325509608425691e+00,4.625929269271485328e-18,3.051592018993850575e-01
7.580000000000000071e-01,1.364325509608434572e+00,4.625929269271485328e-18,3.051592018993852240e-01
7.600000000000000089e-01,1.364325509608434572e+00,2.312964634635742664e-18,3.051592018993852795e-01
7.620000000000000107e-01,1.364325509608432796e+00,6.938893903907228378e-18,3.051592018993850020e-01
7.640000000000000124e-01,1.364325509608452336e+00,2.312964634635742664e-18,3.051592018993856126e-01
7.660000000000000142e-01,1.364325509608443454e+00,9.251858538542970657e-18,3.051592018993853905e-01
7.680000000000000160e-01,1.364325509608455889e+00,1.156482317317871448e-17,3.051592018993853905e-01
7.700000000000000178e-01,1.364325509608427467e+00,6.938893903907228378e-18,3.051592018993855016e-01
7.720000000000000195e-01,1.364325509608420361e+00,0.000000000000000000e+00,3.051592018993850575e-01
7.740000000000000213e-01,1.364325509608432796e+00,1.387778780781445676e-17,3.051592018993847799e-01
7.760000000000000231e-01,1.364325509608432796e+00,1.156482317317871448e-17,3.051592018993852240e-01
7.780000000000000249e-01,1.364325509608423914e+00,2.312964634635742664e-18,3.051592018993854460e-01
7.800000000000000266e-01,1.364325509608434572e+00,1.850371707708594131e-17,3.051592018993852795e-01
7.820000000000000284e-01,1.364325509608436349e+00,4.625929269271485328e-18,3.051592018993851130e-01
7.840000000000000302e-01,1.364325509608434572e+00,4.625929269271485328e-18,3.051592018993849464e-01
7.860000000000000320e-01,1.364325509608436349e+00,2.312964634635742664e-18,3.051592018993848909e-01
7.880000000000000338e-01,1.364325509608438125e+00,6.938893903907228378e-18,3.051592018993851130e-01
7.900000000000000355e-01,1.364325509608432796e+00,4.625929269271485328e-18,3.051592018993850020e-01
7.920000000000000373e-01,1.364325509608443454e+00,6.938893903907228378e-18,3.051592018993852795e-01
7.940000000000000391e-01,1.364325509608439901e+00,1.156482317317871448e-17,3.051592018993848909e-01
7.960000000000000409e-01,1.364325509608427467e+00,9.251858538542970657e-18,3.051592018993852795e-01
7.980000000000000426e-01,1.364325509608427467e+00,1.619075244245020058e-17,3.051592018993851685e-01
8.000000000000000444e-01,1.364325509608447007e+00,4.625929269271485328e-18,3.051592018993852240e-01
8.020000000000000462e-01,1.364325509608427467e+00,2.312964634635742664e-18,3.051592018993851130e-01
8.040000000000000480e-01,1.364325509608441678e+00,2.312964634635742664e-18,3.051592018993852240e-01
8.060000000000000497e-01,1.364325509608454112e+00,6.938893903907228378e-18,3.051592018993852795e-01
8.080000000000000515e-01,1.364325509608439901e+00,2.312964634635742664e-18,3.051592018993856681e-01
8.100000000000000533e-01,1.364325509608438125e+00,1.619075244245020058e-17,3.051592018993852795e-01
8.120000000000000551e-01,1.364325509608434572e+00,9.251858538542970657e-18,3.051592018993853905e-01
8.140000000000000568e-01,1.364325509608452336e+00,6.938893903907228378e-18,3.051592018993852795e-01
8.160000000000000586e-01,1.364325509608431020e+00,1.850371707708594131e-17,3.051592018993855016e-01
8.180000000000000604e-01,1.364325509608415032e+00,1.387778780781445676e-17,3.051592018993852240e-01
8.200000000000000622e-01,1.364325509608450560e+00,9.251858538542970657e-18,3.051592018993853905e-01
8.220000000000000639e-01,1.364325509608445230e+00,4.625929269271485328e-18,3.051592018993853905e-01
8.240000000000000657e-01,1.364325509608443454e+00,6.938893903907228378e-18,3.051592018993853905e-01
8.260000000000000675e-01,1.364325509608418585e+00,0.000000000000000000e+00,3.051592018993852795e-01
8.280000000000000693e-01,1.364325509608461218e+00,0.000000000000000000e+00,3.051592018993856126e-01
8.300000000000000711e-01,1.364325509608434572e+00,6.938893903907228378e-18,3.051592018993852240e-01
8.320000000000000728e-01,1.364325509608436349e+00,4.625929269271485328e-18,3.051592018993852795e-01
8.339999999999999636e-01,1.364325509608418585e+00,4.625929269271485328e-18,3.051592018993855016e-01
8.359999999999999654e-01,1.364325509608418585e+00,1.156482317317871448e-17,3.051592018993848354e-01
8.379999999999999671e-01,1.364325509608455889e+00,1.387778780781445676e-17,3.051592018993853905e-01
8.399999999999999689e-01,1.364325509608434572e+00,9.251858538542970657e-18,3.051592018993851130e-01
8.419999999999999707e-01,1.364325509608416809e+00,9.251858538542970657e-18,3.051592018993853905e-01
8.439999999999999725e-01,1.364325509608436349e+00,2.312964634635742664e-18,3.051592018993855571e-01
8.459999999999999742e-01,1.364325509608445230e+00,1.387778780781445676e-17,3.051592018993856681e-01
8.479999999999999760e-01,1.364325509608427467e+00,4.625929269271485328e-18,3.051592018993852240e-01
8.499999999999999778e-01,1.364325509608452336e+00,1.619075244245020058e-17,3.051592018993859456e-01
8.519999999999999796e-01,1.364325509608441678e+00,2.775557561562891351e-17,3.051592018993854460e-01
8.539999999999999813e-01,1.364325509608447007e+00,9.251858538542970657e-18,3.051592018993852240e-01
8.559999999999999831e-01,1.364325509608434572e+00,1.387778780781445676e-17,3.051592018993853905e-01
8.579999999999999849e-01,1.364325509608436349e+00,4.625929269271485328e-18,3.051592018993852240e-01
8.599999999999999867e-01,1.364325509608439901e+00,6.938893903907228378e-18,3.051592018993852240e-01
8.619999999999999885e-01,1.364325509608423914e+00,1.387778780781445676e-17,3.051592018993850020e-01
8.639999999999999902e-01,1.364325509608420361e+00,4.625929269271485328e-18,3.051592018993849464e-01
8.659999999999999920e-01,1.364325509608439901e+00,2.081668171172168513e-17,3.051592018993852240e-01
8.679999999999999938e-01,1.364325509608416809e+00,9.251858538542970657e-18,3.051592018993853350e-01
8.699999999999999956e-01,1.364325509608432796e+00,2.312964634635742664e-18,3.051592018993847799e-01
8.719999999999999973e-01,1.364325509608445230e+00,0.000000000000000000e+00,3.051592018993847799e-01
8.739999999999999991e-01,1.364325509608425691e+00,0.000000000000000000e+00,3.051592018993851130e-01
8.760000000000000009e-01,1.364325509608438125e+00,1.156482317317871448e-17,3.051592018993854460e-01
8.780000000000000027e-01,1.364325509608429243e+00,2.081668171172168513e-17,3.051592018993853905e-01
8.800000000000000044e-01,1.364325509608438125e+00,6.938893903907228378e-18,3.051592018993851130e-01
8.820000000000000062e-01,1.364325509608448783e+00,2.312964634635742664e-18,3.051592018993856126e-01
8.840000000000000080e-01,1.364325509608434572e+00,9.251858538542970657e-18,3.051592018993848909e-01
8.860000000000000098e-01,1.364325509608436349e+00,6.938893903907228378e-18,3.051592018993853905e-01
8.880000000000000115e-01,1.364325509608432796e+00,1.387778780781445676e-17,3.051592018993855571e-01
8.900000000000000133e-01,1.364325509608434572e+00,6.938893903907228378e-18,3.051592018993852795e-01
8.920000000000000151e-01,1.364325509608445230e+00,1.387778780781445676e-17,3.051592018993852240e-01
8.940000000000000169e-01,1.364325509608441678e+00,1.619075244245020058e-17,3.051592018993849464e-01
8.960000000000000187e-01,1.364325509608423914e+00,1.156482317317871448e-17,3.051592018993852240e-01
8.980000000000000204e-01,1.364325509608432796e+00,4.625929269271485328e-18,3.051592018993851130e-01
9.000000000000000222e-01,1.364325509608425691e+00,0.000000000000000000e+00,3.051592018993851130e-01
9.020000000000000240e-01,1.364325509608429243e+00,2.312964634635742664e-18,3.051592018993851130e-01
9.040000000000000258e-01,1.364325509608429243e+00,6.938893903907228378e-18,3.051592018993852795e-01
9.060000000000000275e-01,1.364325509608443454e+00,6.938893903907228378e-18,3.051592018993850575e-01
9.080000000000000293e-01,1.364325509608418585e+00,1.387778780781445676e-17,3.051592018993851130e-01
9.100000000000000311e-01,1.364325509608438125e+00,2.312964634635742664e-18,3.051592018993852240e-01
9.120000000000000329e-01,1.364325509608439901e+00,2.312964634635742664e-18,3.051592018993853905e-01
9.140000000000000346e-01,1.364325509608431020e+00,4.625929269271485328e-18,3.051592018993855016e-01
9.160000000000000364e-01,1.364325509608441678e+00,2.312964634635742664e-18,3.051592018993853905e-01
9.180000000000000382e-01,1.364325509608420361e+00,0.000000000000000000e+00,3.051592018993852240e-01
9.200000000000000400e-01,1.364325509608443454e+00,4.625929269271485328e-18,3.051592018993853350e-01
9.220000000000000417e-01,1.364325509608434572e+00,4.625929269271485328e-18,3.051592018993855016e-01
9.240000000000000435e-01,1.364325509608461218e+00,9.251858538542970657e-18,3.051592018993852240e-01
9.260000000000000453e-01,1.364325509608432796e+00,0.000000000000000000e+00,3.051592018993855016e-01
9.280000000000000471e-01,1.364325509608427467e+00,1.387778780781445676e-17,3.051592018993850575e-01
9.300000000000000488e-01,1.364325509608434572e+00,1.387778780781445676e-17,3.051592018993851130e-01
9.320000000000000506e-01,1.364325509608429243e+00,4.625929269271485328e-18,3.051592018993850575e-01
9.340000000000000524e-01,1.364325509608415032e+00,6.938893903907228378e-18,3.051592018993855016e-01
9.360000000000000542e-01,1.364325509608434572e+00,4.625929269271485328e-18,3.051592018993861122e-01
9.380000000000000560e-01,1.364325509608429243e+00,9.251858538542970657e-18,3.051592018993851685e-01
9.400000000000000577e-01,1.364325509608438125e+00,4.625929269271485328e-18,3.051592018993852240e-01
9.420000000000000595e-01,1.364325509608445230e+00,2.312964634635742895e-17,3.051592018993855571e-01
9.440000000000000613e-01,1.364325509608445230e+00,2.312964634635742895e-17,3.051592018993854460e-01
9.460000000000000631e-01,1.364325509608422138e+00,9.251858538542970657e-18,3.051592018993857791e-01
9.480000000000000648e-01,1.364325509608434572e+00,1.156482317317871448e-17,3.051592018993850020e-01
9.500000000000000666e-01,1.364325509608427467e+00,4.625929269271485328e-18,3.051592018993852240e-01
9.520000000000000684e-01,1.364325509608434572e+00,4.625929269271485328e-18,3.051592018993850575e-01
9.540000000000000702e-01,1.364325509608455889e+00,4.625929269271485328e-18,3.051592018993852240e-01
9.560000000000000719e-01,1.364325509608432796e+00,0.000000000000000000e+00,3.051592018993851130e-01
9.580000000000000737e-01,1.364325509608452336e+00,9.251858538542970657e-18,3.051592018993852795e-01
9.599999999999999645e-01,1.364325509608418585e+00,2.312964634635742664e-18,3.051592018993848909e-01
9.619999999999999662e-01,1.364325509608429243e+00,9.251858538542970657e-18,3.051592018993848909e-01
9.639999999999999680e-01,1.364325509608427467e+00,0.000000000000000000e+00,3.051592018993848909e-01
9.659999999999999698e-01,1.364325509608418585e+00,1.619075244245020058e-17,3.051592018993851685e-01
9.679999999999999716e-01,1.364325509608431020e+00,6.938893903907228378e-18,3.051592018993855571e-01
9.699999999999999734e-01,1.364325509608438125e+00,1.156482317317871448e-17,3.051592018993851130e-01
9.719999999999999751e-01,1.364325509608432796e+00,9.251858538542970657e-18,3.051592018993851130e-01
9.739999999999999769e-01,1.364325509608431020e+00,1.387778780781445676e-17,3.051592018993858346e-01
9.759999999999999787e-01,1.364325509608439901e+00,1.156482317317871448e-17,3.051592018993855016e-01
9.779999999999999805e-01,1.364325509608452336e+00,1.387778780781445676e-17,3.051592018993858346e-01
9.799999999999999822e-01,1.364325509608425691e+00,1.850371707708594131e-17,3.051592018993853905e-01
9.819999999999999840e-01,1.364325509608434572e+00,1.156482317317871448e-17,3.051592018993851130e-01
9.839999999999999858e-01,1.364325509608439901e+00,2.312964634635742664e-18,3.051592018993851130e-01
9.859999999999999876e-01,1.364325509608432796e+00,2.081668171172168513e-17,3.051592018993854460e-01
9.879999999999999893e-01,1.364325509608429243e+00,1.619075244245020058e-17,3.051592018993853905e-01
9.899999999999999911e-01,1.364325509608445230e+00,1.619075244245020058e-17,3.051592018993852795e-01
9.919999999999999929e-01,1.364325509608441678e+00,6.938893903907228378e-18,3.051592018993851130e-01
9.939999999999999947e-01,1.364325509608445230e+00,9.251858538542970657e-18,3.051592018993851130e-01
9.959999999999999964e-01,1.364325509608427467e+00,2.312964634635742664e-18,3.051592018993852240e-01
9.979999999999999982e-01,1.364325509608429243e+00,2.312964634635742664e-18,3.051592018993854460e-01
1.000000000000000000e+00,1.364325509608422138e+00,6.938893903907228378e-18,3.051592018993849464e-01
1.002000000000000002e+00,1.364325509608439901e+00,2.312964634635742664e-18,3.051592018993852240e-01
1.004000000000000004e+00,1.364325509608434572e+00,9.251858538542970657e-18,3.051592018993855571e-01
1.006000000000000005e+00,1.364325509608434572e+00,4.625929269271485328e-18,3.051592018993848909e-01
1.008000000000000007e+00,1.364325509608429243e+00,2.312964634635742664e-18,3.051592018993855571e-01
1.010000000000000009e+00,1.364325509608425691e+00,9.251858538542970657e-18,3.051592018993852795e-01
1.012000000000000011e+00,1.364325509608434572e+00,2.312964634635742895e-17,3.051592018993852240e-01
1.014000000000000012e+00,1.364325509608438125e+00,9.251858538542970657e-18,3.051592018993855016e-01
1.016000000000000014e+00,1.364325509608439901e+00,6.938893903907228378e-18,3.051592018993849464e-01
1.018000000000000016e+00,1.364325509608438125e+00,4.625929269271485328e-18,3.051592018993853905e-01
1.020000000000000018e+00,1.364325509608439901e+00,1.156482317317871448e-17,3.051592018993856681e-01
1.022000000000000020e+00,1.364325509608422138e+00,9.251858538542970657e-18,3.051592018993855571e-01
1.024000000000000021e+00,1.364325509608432796e+00,0.000000000000000000e+00,3.051592018993855571e-01
1.026000000000000023e+00,1.364325509608429243e+00,4.625929269271485328e-18,3.051592018993850575e-01
1.028000000000000025e+00,1.364325509608438125e+00,2.312964634635742664e-18,3.051592018993857791e-01
1.030000000000000027e+00,1.364325509608427467e+00,1.156482317317871448e-17,3.051592018993849464e-01
1.032000000000000028e+00,1.364325509608427467e+00,1.387778780781445676e-17,3.051592018993852240e-01
1.034000000000000030e+00,1.364325509608432796e+00,2.081668171172168513e-17,3.051592018993852795e-01
1.036000000000000032e+00,1.364325509608431020e+00,0.000000000000000000e+00,3.051592018993853350e-01
1.038000000000000034e+00,1.364325509608436349e+00,6.938893903907228378e-18,3.051592018993852795e-01
1.040000000000000036e+00,1.364325509608452336e+00,4.625929269271485328e-18,3.051592018993852240e-01
1.042000000000000037e+00,1.364325509608429243e+00,4.625929269271485328e-18,3.051592018993848354e-01
1.044000000000000039e+00,1.364325509608452336e+00,6.938893903907228378e-18,3.051592018993852795e-01
1.046000000000000041e+00,1.364325509608438125e+00,4.625929269271485328e-18,3.051592018993855571e-01
1.048000000000000043e+00,1.364325509608445230e+00,6.938893903907228378e-18,3.051592018993853905e-01
1.050000000000000044e+00,1.364325509608482534e+00,4.625929269271485328e-18,3.051592018993853350e-01
1.052000000000000046e+00,1.364325509608432796e+00,4.625929269271485328e-18,3.051592018993852240e-01
1.054000000000000048e+00,1.364325509608438125e+00,9.251858538542970657e-18,3.051592018993853905e-01
1.056000000000000050e+00,1.364325509608432796e+00,1.156482317317871448e-17,3.051592018993853350e-01
1.058000000000000052e+00,1.364325509608443454e+00,9.251858538542970657e-18,3.051592018993855016e-01
1.060000000000000053e+00,1.364325509608470099e+00,2.312964634635742895e-17,3.051592018993853905e-01
1.062000000000000055e+00,1.364325509608413256e+00,9.251858538542970657e-18,3.051592018993851130e-01
1.064000000000000057e+00,1.364325509608438125e+00,2.312964634635742664e-18,3.051592018993851685e-01
1.066000000000000059e+00,1.364325509608436349e+00,1.156482317317871448e-17,3.051592018993853905e-01
1.068000000000000060e+00,1.364325509608438125e+00,4.625929269271485328e-18,3.051592018993855571e-01
1.070000000000000062e+00,1.364325509608422138e+00,6.938893903907228378e-18,3.051592018993850020e-01
1.072000000000000064e+00,1.364325509608423914e+00,1.387778780781445676e-17,3.051592018993852240e-01
1.074000000000000066e+00,1.364325509608454112e+00,6.938893903907228378e-18,3.051592018993856681e-01
1.076000000000000068e+00,1.364325509608429243e+00,2.312964634635742664e-18,3.051592018993852240e-01
1.078000000000000069e+00,1.364325509608445230e+00,1.619075244245020058e-17,3.051592018993848909e-01
1.080000000000000071e+00,1.364325509608427467e+00,1.619075244245020058e-17,3.051592018993849464e-01
1.082000000000000073e+00,1.364325509608432796e+00,0.000000000000000000e+00,3.051592018993851130e-01
1.084000000000000075e+00,1.364325509608416809e+00,2.312964634635742664e-18,3.051592018993851130e-01
1.086000000000000076e+00,1.364325509608418585e+00,2.544261098099316969e-17,3.051592018993855571e-01
1.088000000000000078e+00,1.364325509608427467e+00,1.156482317317871448e-17,3.051592018993852240e-01
1.090000000000000080e+00,1.364325509608436349e+00,1.156482317317871448e-17,3.051592018993853905e-01
1.092000000000000082e+00,1.364325509608438125e+00,1.156482317317871448e-17,3.051592018993855016e-01
1.094000000000000083e+00,1.364325509608447007e+00,2.081668171172168513e-17,3.051592018993857791e-01
1.096000000000000085e+00,1.364325509608429243e+00,1.387778780781445676e-17,3.051592018993849464e-01
1.098000000000000087e+00,1.364325509608400822e+00,1.156482317317871448e-17,3.051592018993855571e-01
1.100000000000000089e+00,1.364325509608447007e+00,2.312964634635742664e-18,3.051592018993853905e-01
1.102000000000000091e+00,1.364325509608445230e+00,4.625929269271485328e-18,3.051592018993853350e-01
1.104000000000000092e+00,1.364325509608422138e+00,9.251858538542970657e-18,3.051592018993851130e-01
1.106000000000000094e+00,1.364325509608431020e+00,4.625929269271485328e-18,3.051592018993852240e-01
1.108000000000000096e+00,1.364325509608425691e+00,4.625929269271485328e-18,3.051592018993851130e-01
1.110000000000000098e+00,1.364325509608423914e+00,0.000000000000000000e+00,3.051592018993855016e-01
1.112000000000000099e+00,1.364325509608434572e+00,9.251858538542970657e-18,3.051592018993858346e-01
1.114000000000000101e+00,1.364325509608427467e+00,4.625929269271485328e-18,3.051592018993851130e-01
1.116000000000000103e+00,1.364325509608429243e+00,6.938893903907228378e-18,3.051592018993849464e-01
1.118000000000000105e+00,1.364325509608434572e+00,2.312964634635742664e-18,3.051592018993848909e-01
1.120000000000000107e+00,1.364325509608436349e+00,6.938893903907228378e-18,3.051592018993851685e-01
1.122000000000000108e+00,1.364325509608432796e+00,6.938893903907228378e-18,3.051592018993860012e-01
1.124000000000000110e+00,1.364325509608478981e+00,2.312964634635742895e-17,3.051592018993855571e-01
1.126000000000000112e+00,1.364325509608420361e+00,6.938893903907228378e-18,3.051592018993852795e-01
1.128000000000000114e+00,1.364325509608447007e+00,1.619075244245020058e-17,3.051592018993855016e-01
1.130000000000000115e+00,1.364325509608425691e+00,0.000000000000000000e+00,3.051592018993850575e-01
1.132000000000000117e+00,1.364325509608436349e+00,4.625929269271485328e-18,3.051592018993855016e-01
1.134000000000000119e+00,1.364325509608432796e+00,6.938893903907228378e-18,3.051592018993851130e-01
1.136000000000000121e+00,1.364325509608445230e+00,1.387778780781445676e-17,3.051592018993855571e-01
1.138000000000000123e+00,1.364325509608436349e+00,9.251858538542970657e-18,3.051592018993855571e-01
1.140000000000000124e+00,1.364325509608431020e+00,0.000000000000000000e+00,3.051592018993851130e-01
1.142000000000000126e+00,1.364325509608431020e+00,6.938893903907228378e-18,3.051592018993855571e-01
1.144000000000000128e+00,1.364325509608436349e+00,1.156482317317871448e-17,3.051592018993852795e-01
1.146000000000000130e+00,1.364325509608432796e+00,6.938893903907228378e-18,3.051592018993851130e-01
1.148000000000000131e+00,1.364325509608454112e+00,1.619075244245020058e-17,3.051592018993850020e-01
1.150000000000000133e+00,1.364325509608441678e+00,2.081668171172168513e-17,3.051592018993851685e-01
1.152000000000000135e+00,1.364325509608477205e+00,1.156482317317871448e-17,3.051592018993853905e-01
1.153999999999999915e+00,1.364325509608425691e+00,4.625929269271485328e-18,3.051592018993852240e-01
1.155999999999999917e+00,1.364325509608431020e+00,0.000000000000000000e+00,3.051592018993852795e-01
1.157999999999999918e+00,1.364325509608448783e+00,6.938893903907228378e-18,3.051592018993855016e-01
1.159999999999999920e+00,1.364325509608445230e+00,1.156482317317871448e-17,3.051592018993852795e-01
1.161999999999999922e+00,1.364325509608448783e+00,9.251858538542970657e-18,3.051592018993855016e-01
1.163999999999999924e+00,1.364325509608438125e+00,0.000000000000000000e+00,3.051592018993851130e-01
1.165999999999999925e+00,1.364325509608420361e+00,1.619075244245020058e-17,3.051592018993851130e-01
1.167999999999999927e+00,1.364325509608445230e+00,4.625929269271485328e-18,3.051592018993852240e-01
1.169999999999999929e+00,1.364325509608439901e+00,1.619075244245020058e-17,3.051592018993855571e-01
1.171999999999999931e+00,1.364325509608450560e+00,4.625929269271485328e-18,3.051592018993852795e-01
1.173999999999999932e+00,1.364325509608436349e+00,1.850371707708594131e-17,3.051592018993855571e-01
1.175999999999999934e+00,1.364325509608448783e+00,2.312964634635742664e-18,3.051592018993851130e-01
1.177999999999999936e+00,1.364325509608436349e+00,2.312964634635742664e-18,3.051592018993850020e-01
1.179999999999999938e+00,1.364325509608422138e+00,1.387778780781445676e-17,3.051592018993855016e-01
1.181999999999999940e+00,1.364325509608431020e+00,6.938893903907228378e-18,3.051592018993851130e-01
1.183999999999999941e+00,1.364325509608438125e+00,4.625929269271485328e-18,3.051592018993852240e-01
1.185999999999999943e+00,1.364325509608427467e+00,6.938893903907228378e-18,3.051592018993853905e-01
1.187999999999999945e+00,1.364325509608434572e+00,1.156482317317871448e-17,3.051592018993857236e-01
1.189999999999999947e+00,1.364325509608439901e+00,6.938893903907228378e-18,3.051592018993851130e-01
1.191999999999999948e+00,1.364325509608452336e+00,1.156482317317871448e-17,3.051592018993858901e-01
1.193999999999999950e+00,1.364325509608425691e+00,9.251858538542970657e-18,3.051592018993855016e-01
1.195999999999999952e+00,1.364325509608441678e+00,9.251858538542970657e-18,3.051592018993853905e-01
1.197999999999999954e+00,1.364325509608434572e+00,1.850371707708594131e-17,3.051592018993849464e-01
1.199999999999999956e+00,1.364325509608441678e+00,2.312964634635742664e-18,3.051592018993853905e-01
1.201999999999999957e+00,1.364325509608439901e+00,1.387778780781445676e-17,3.051592018993854460e-01
1.203999999999999959e+00,1.364325509608416809e+00,2.312964634635742664e-18,3.051592018993849464e-01
1.205999999999999961e+00,1.364325509608441678e+00,9.251858538542970657e-18,3.051592018993853905e-01
1.207999999999999963e+00,1.364325509608459441e+00,2.775557561562891351e-17,3.051592018993857236e-01
1.209999999999999964e+00,1.364325509608427467e+00,1.156482317317871448e-17,3.051592018993852240e-01
1.211999999999999966e+00,1.364325509608432796e+00,6.938893903907228378e-18,3.051592018993850575e-01
1.213999999999999968e+00,1.364325509608438125e+00,6.938893903907228378e-18,3.051592018993856681e-01
1.215999999999999970e+00,1.364325509608431020e+00,2.312964634635742664e-18,3.051592018993851130e-01
1.217999999999999972e+00,1.364325509608432796e+00,2.312964634635742664e-18,3.051592018993851130e-01
1.219999999999999973e+00,1.364325509608434572e+00,2.312964634635742664e-18,3.051592018993852795e-01
1.221999999999999975e+00,1.364325509608420361e+00,1.156482317317871448e-17,3.051592018993852240e-01
1.223999999999999977e+00,1.364325509608432796e+00,4.625929269271485328e-18,3.051592018993849464e-01
1.225999999999999979e+00,1.364325509608432796e+00,1.156482317317871448e-17,3.051592018993851685e-01
1.227999999999999980e+00,1.364325509608432796e+00,4.625929269271485328e-18,3.051592018993849464e-01
1.229999999999999982e+00,1.364325509608418585e+00,1.387778780781445676e-17,3.051592018993853905e-01
1.231999999999999984e+00,1.364325509608438125e+00,1.387778780781445676e-17,3.051592018993852240e-01
1.233999999999999986e+00,1.364325509608443454e+00,1.156482317317871448e-17,3.051592018993853905e-01
1.235999999999999988e+00,1.364325509608423914e+00,6.938893903907228378e-18,3.051592018993851130e-01
1.237999999999999989e+00,1.364325509608432796e+00,9.251858538542970657e-18,3.051592018993853350e-01
1.239999999999999991e+00,1.364325509608429243e+00,0.000000000000000000e+00,3.051592018993855016e-01
1.241999999999999993e+00,1.364325509608447007e+00,4.625929269271485328e-18,3.051592018993857791e-01
1.243999999999999995e+00,1.364325509608429243e+00,2.312964634635742664e-18,3.051592018993847799e-01
1.245999999999999996e+00,1.364325509608416809e+00,6.938893903907228378e-18,3.051592018993853905e-01
1.247999999999999998e+00,1.364325509608434572e+00,1.156482317317871448e-17,3.051592018993852240e-01
1.250000000000000000e+00,1.364325509608450560e+00,2.312964634635742895e-17,3.051592018993851130e-01
1.252000000000000002e+00,1.364325509608438125e+00,2.312964634635742895e-17,3.051592018993853905e-01
1.254000000000000004e+00,1.364325509608429243e+00,9.251858538542970657e-18,3.051592018993852795e-01
1.256000000000000005e+00,1.364325509608443454e+00,0.000000000000000000e+00,3.051592018993848909e-01
1.258000000000000007e+00,1.364325509608427467e+00,2.081668171172168513e-17,3.051592018993852240e-01
1.260000000000000009e+00,1.364325509608427467e+00,4.625929269271485328e-18,3.051592018993850020e-01
1.262000000000000011e+00,1.364325509608431020e+00,1.619075244245020058e-17,3.051592018993853905e-01
1.264000000000000012e+00,1.364325509608427467e+00,1.850371707708594131e-17,3.051592018993852240e-01
1.266000000000000014e+00,1.364325509608429243e+00,4.625929269271485328e-18,3.051592018993851130e-01
1.268000000000000016e+00,1.364325509608431020e+00,4.625929269271485328e-18,3.051592018993851130e-01
1.270000000000000018e+00,1.364325509608427467e+00,6.938893903907228378e-18,3.051592018993853905e-01
1.272000000000000020e+00,1.364325509608422138e+00,4.625929269271485328e-18,3.051592018993852240e-01
1.274000000000000021e+00,1.364325509608431020e+00,1.156482317317871448e-17,3.051592018993851130e-01
1.276000000000000023e+00,1.364325509608432796e+00,4.625929269271485328e-18,3.051592018993853350e-01
1.278000000000000025e+00,1.364325509608438125e+00,2.081668171172168513e-17,3.051592018993853350e-01
1.280000000000000027e+00,1.364325509608432796e+00,4.625929269271485328e-18,3.051592018993855016e-01
1.282000000000000028e+00,1.364325509608409703e+00,6.938893903907228378e-18,3.051592018993856126e-01
1.284000000000000030e+00,1.364325509608429243e+00,2.312964634635742664e-18,3.051592018993852240e-01
1.286000000000000032e+00,1.364325509608420361e+00,1.850371707708594131e-17,3.051592018993853350e-01
1.288000000000000034e+00,1.364325509608434572e+00,4.625929269271485328e-18,3.051592018993851130e-01
1.290000000000000036e+00,1.364325509608432796e+00,1.619075244245020058e-17,3.051592018993854460e-01
1.292000000000000037e+00,1.364325509608448783e+00,0.000000000000000000e+00,3.051592018993852240e-01
1.294000000000000039e+00,1.364325509608425691e+00,2.312964634635742664e-18,3.051592018993851130e-01
1.296000000000000041e+00,1.364325509608427467e+00,1.850371707708594131e-17,3.051592018993850575e-01
1.298000000000000043e+00,1.364325509608391940e+00,2.081668171172168513e-17,3.051592018993854460e-01
1.300000000000000044e+00,1.364325509608438125e+00,4.625929269271485328e-18,3.051592018993856681e-01
1.302000000000000046e+00,1.364325509608422138e+00,2.081668171172168513e-17,3.051592018993855016e-01
1.304000000000000048e+00,1.364325509608438125e+00,6.938893903907228378e-18,3.051592018993852795e-01
1.306000000000000050e+00,1.364325509608416809e+00,1.156482317317871448e-17,3.051592018993851130e-01
1.308000000000000052e+00,1.364325509608411480e+00,2.312964634635742664e-18,3.051592018993848354e-01
1.310000000000000053e+00,1.364325509608459441e+00,1.156482317317871448e-17,3.051592018993852240e-01
1.312000000000000055e+00,1.364325509608415032e+00,1.619075244245020058e-17,3.051592018993852240e-01
1.314000000000000057e+00,1.364325509608395492e+00,2.312964634635742664e-18,3.051592018993848354e-01
1.316000000000000059e+00,1.364325509608431020e+00,1.619075244245020058e-17,3.051592018993855571e-01
1.318000000000000060e+00,1.364325509608441678e+00,9.251858538542970657e-18,3.051592018993852795e-01
1.320000000000000062e+00,1.364325509608427467e+00,6.938893903907228378e-18,3.051592018993855571e-01
1.322000000000000064e+00,1.364325509608434572e+00,4.625929269271485328e-18,3.051592018993851130e-01
1.324000000000000066e+00,1.364325509608452336e+00,6.938893903907228378e-18,3.051592018993852795e-01
1.326000000000000068e+00,1.364325509608436349e+00,1.387778780781445676e-17,3.051592018993853905e-01
1.328000000000000069e+00,1.364325509608432796e+00,0.000000000000000000e+00,3.051592018993853350e-01
1.330000000000000071e+00,1.364325509608448783e+00,2.312964634635742664e-18,3.051592018993851685e-01
1.332000000000000073e+00,1.364325509608459441e+00,0.000000000000000000e+00,3.051592018993853905e-01
1.334000000000000075e+00,1.364325509608431020e+00,4.625929269271485328e-18,3.051592018993850575e-01
1.336000000000000076e+00,1.364325509608423914e+00,9.251858538542970657e-18,3.051592018993855016e-01
1.338000000000000078e+00,1.364325509608431020e+00,6.938893903907228378e-18,3.051592018993848354e-01
1.340000000000000080e+00,1.364325509608443454e+00,4.625929269271485328e-18,3.051592018993851130e-01
1.342000000000000082e+00,1.364325509608447007e+00,6.938893903907228378e-18,3.051592018993851130e-01
1.344000000000000083e+00,1.364325509608438125e+00,9.251858538542970657e-18,3.051592018993852240e-01
1.346000000000000085e+00,1.364325509608432796e+00,2.312964634635742664e-18,3.051592018993846134e-01
1.348000000000000087e+00,1.364325509608448783e+00,0.000000000000000000e+00,3.051592018993848909e-01
1.350000000000000089e+00,1.364325509608439901e+00,0.000000000000000000e+00,3.051592018993855016e-01
1.352000000000000091e+00,1.364325509608448783e+00,9.251858538542970657e-18,3.051592018993858901e-01
1.354000000000000092e+00,1.364325509608441678e+00,1.156482317317871448e-17,3.051592018993852795e-01
1.356000000000000094e+00,1.364325509608468323e+00,2.081668171172168513e-17,3.051592018993855016e-01
1.358000000000000096e+00,1.364325509608439901e+00,9.251858538542970657e-18,3.051592018993853350e-01
1.360000000000000098e+00,1.364325509608429243e+00,4.625929269271485328e-18,3.051592018993855571e-01
1.362000000000000099e+00,1.364325509608441678e+00,1.387778780781445676e-17,3.051592018993850020e-01
1.364000000000000101e+00,1.364325509608425691e+00,9.251858538542970657e-18,3.051592018993855571e-01
1.366000000000000103e+00,1.364325509608434572e+00,4.625929269271485328e-18,3.051592018993853905e-01
1.368000000000000105e+00,1.364325509608431020e+00,9.251858538542970657e-18,3.051592018993850575e-01
1.370000000000000107e+00,1.364325509608438125e+00,6.938893903907228378e-18,3.051592018993851130e-01
1.372000000000000108e+00,1.364325509608418585e+00,1.387778780781445676e-17,3.051592018993853905e-01
1.374000000000000110e+00,1.364325509608443454e+00,0.000000000000000000e+00,3.051592018993851685e-01
1.376000000000000112e+00,1.364325509608431020e+00,6.938893903907228378e-18,3.051592018993854460e-01
1.378000000000000114e+00,1.364325509608445230e+00,2.312964634635742664e-18,3.051592018993853905e-01
1.380000000000000115e+00,1.364325509608423914e+00,4.625929269271485328e-18,3.051592018993852795e-01
1.382000000000000117e+00,1.364325509608425691e+00,1.619075244245020058e-17,3.051592018993856126e-01
1.384000000000000119e+00,1.364325509608438125e+00,4.625929269271485328e-18,3.051592018993850020e-01
1.386000000000000121e+00,1.364325509608438125e+00,2.312964634635742664e-18,3.051592018993854460e-01
1.388000000000000123e+00,1.364325509608439901e+00,1.619075244245020058e-17,3.051592018993848909e-01
1.390000000000000124e+00,1.364325509608422138e+00,1.156482317317871448e-17,3.051592018993851685e-01
1.392000000000000126e+00,1.364325509608432796e+00,2.312964634635742664e-18,3.051592018993852240e-01
1.394000000000000128e+00,1.364325509608425691e+00,1.387778780781445676e-17,3.051592018993853905e-01
1.396000000000000130e+00,1.364325509608441678e+00,2.312964634635742664e-18,3.051592018993849464e-01
1.398000000000000131e+00,1.364325509608432796e+00,2.312964634635742664e-18,3.051592018993853905e-01
1.400000000000000133e+00,1.364325509608438125e+00,4.625929269271485328e-18,3.051592018993853350e-01
1.402000000000000135e+00,1.364325509608438125e+00,9.251858538542970657e-18,3.051592018993855016e-01
1.404000000000000137e+00,1.364325509608436349e+00,4.625929269271485328e-18,3.051592018993850575e-01
1.406000000000000139e+00,1.364325509608441678e+00,6.938893903907228378e-18,3.051592018993854460e-01
1.407999999999999918e+00,1.364325509608427467e+00,1.619075244245020058e-17,3.051592018993853350e-01
1.409999999999999920e+00,1.364325509608434572e+00,1.850371707708594131e-17,3.051592018993852240e-01
1.411999999999999922e+00,1.364325509608443454e+00,1.387778780781445676e-17,3.051592018993852795e-01
1.413999999999999924e+00,1.364325509608452336e+00,2.081668171172168513e-17,3.051592018993852240e-01
1.415999999999999925e+00,1.364325509608434572e+00,1.156482317317871448e-17,3.051592018993850575e-01
1.417999999999999927e+00,1.364325509608439901e+00,6.938893903907228378e-18,3.051592018993853905e-01
1.419999999999999929e+00,1.364325509608438125e+00,9.251858538542970657e-18,3.051592018993853350e-01
1.421999999999999931e+00,1.364325509608425691e+00,2.312964634635742895e-17,3.051592018993856681e-01
1.423999999999999932e+00,1.364325509608445230e+00,1.387778780781445676e-17,3.051592018993852240e-01
1.425999999999999934e+00,1.364325509608415032e+00,2.312964634635742664e-18,3.051592018993848354e-01
1.427999999999999936e+00,1.364325509608441678e+00,1.850371707708594131e-17,3.051592018993855016e-01
1.429999999999999938e+00,1.364325509608434572e+00,2.312964634635742664e-18,3.051592018993849464e-01
1.431999999999999940e+00,1.364325509608441678e+00,9.251858538542970657e-18,3.051592018993855016e-01
1.433999999999999941e+00,1.364325509608432796e+00,0.000000000000000000e+00,3.051592018993851130e-01
1.435999999999999943e+00,1.364325509608436349e+00,9.251858538542970657e-18,3.051592018993857791e-01
1.437999999999999945e+00,1.364325509608443454e+00,2.312964634635742664e-18,3.051592018993852240e-01
1.439999999999999947e+00,1.364325509608436349e+00,9.251858538542970657e-18,3.051592018993856126e-01
1.441999999999999948e+00,1.364325509608436349e+00,2.081668171172168513e-17,3.051592018993852795e-01
1.443999999999999950e+00,1.364325509608438125e+00,4.625929269271485328e-18,3.051592018993856126e-01
1.445999999999999952e+00,1.364325509608416809e+00,0.000000000000000000e+00,3.051592018993849464e-01
1.447999999999999954e+00,1.364325509608448783e+00,9.251858538542970657e-18,3.051592018993853905e-01
1.449999999999999956e+00,1.364325509608432796e+00,1.619075244245020058e-17,3.051592018993854460e-01
1.451999999999999957e+00,1.364325509608415032e+00,6.938893903907228378e-18,3.051592018993851130e-01
1.453999999999999959e+00,1.364325509608439901e+00,1.619075244245020058e-17,3.051592018993852795e-01
1.455999999999999961e+00,1.364325509608431020e+00,4.625929269271485328e-18,3.051592018993853905e-01
1.457999999999999963e+00,1.364325509608427467e+00,2.312964634635742664e-18,3.051592018993854460e-01
1.459999999999999964e+00,1.364325509608400822e+00,4.625929269271485328e-18,3.051592018993852240e-01
1.461999999999999966e+00,1.364325509608443454e+00,1.619075244245020058e-17,3.051592018993856126e-01
1.463999999999999968e+00,1.364325509608439901e+00,1.387778780781445676e-17,3.051592018993852795e-01
1.465999999999999970e+00,1.364325509608447007e+00,2.312964634635742664e-18,3.051592018993854460e-01
1.467999999999999972e+00,1.364325509608422138e+00,1.156482317317871448e-17,3.051592018993849464e-01
1.469999999999999973e+00,1.364325509608447007e+00,4.625929269271485328e-18,3.051592018993853905e-01
1.471999999999999975e+00,1.364325509608427467e+00,1.387778780781445676e-17,3.051592018993855016e-01
1.473999999999999977e+00,1.364325509608429243e+00,2.312964634635742664e-18,3.051592018993853350e-01
1.475999999999999979e+00,1.364325509608436349e+00,4.625929269271485328e-18,3.051592018993852795e-01
1.477999999999999980e+00,1.364325509608429243e+00,1.619075244245020058e-17,3.051592018993856126e-01
1.479999999999999982e+00,1.364325509608432796e+00,9.251858538542970657e-18,3.051592018993851685e-01
1.481999999999999984e+00,1.364325509608434572e+00,4.625929269271485328e-18,3.051592018993851130e-01
1.483999999999999986e+00,1.364325509608459441e+00,6.938893903907228378e-18,3.051592018993853350e-01
1.485999999999999988e+00,1.364325509608439901e+00,0.000000000000000000e+00,3.051592018993853905e-01
1.487999999999999989e+00,1.364325509608441678e+00,4.625929269271485328e-18,3.051592018993850575e-01
1.489999999999999991e+00,1.364325509608434572e+00,2.312964634635742895e-17,3.051592018993855016e-01
1.491999999999999993e+00,1.364325509608445230e+00,2.312964634635742664e-18,3.051592018993853905e-01
1.493999999999999995e+00,1.364325509608436349e+00,2.312964634635742664e-18,3.051592018993854460e-01
1.495999999999999996e+00,1.364325509608425691e+00,1.156482317317871448e-17,3.051592018993857791e-01
1.497999999999999998e+00,1.364325509608434572e+00,2.312964634635742664e-18,3.051592018993853905e-01
1.500000000000000000e+00,1.364325509608439901e+00,4.625929269271485328e-18,3.051592018993858346e-01
1.502000000000000002e+00,1.364325509608452336e+00,6.938893903907228378e-18,3.051592018993850020e-01
1.504000000000000004e+00,1.364325509608427467e+00,2.312964634635742664e-18,3.051592018993849464e-01
1.506000000000000005e+00,1.364325509608443454e+00,1.619075244245020058e-17,3.051592018993850575e-01
1.508000000000000007e+00,1.364325509608425691e+00,2.312964634635742664e-18,3.051592018993851685e-01
1.510000000000000009e+00,1.364325509608450560e+00,1.619075244245020058e-17,3.051592018993855016e-01
1.512000000000000011e+00,1.364325509608452336e+00,6.938893903907228378e-18,3.051592018993856681e-01
1.514000000000000012e+00,1.364325509608438125e+00,4.625929269271485328e-18,3.051592018993853905e-01
1.516000000000000014e+00,1.364325509608418585e+00,0.000000000000000000e+00,3.051592018993856681e-01
1.518000000000000016e+00,1.364325509608434572e+00,6.938893903907228378e-18,3.051592018993853905e-01
1.520000000000000018e+00,1.364325509608429243e+00,2.544261098099316969e-17,3.051592018993853905e-01
1.522000000000000020e+00,1.364325509608434572e+00,2.312964634635742895e-17,3.051592018993855571e-01
1.524000000000000021e+00,1.364325509608434572e+00,1.156482317317871448e-17,3.051592018993852795e-01
1.526000000000000023e+00,1.364325509608441678e+00,3.006854025026465425e-17,3.051592018993852795e-01
1.528000000000000025e+00,1.364325509608441678e+00,2.312964634635742664e-18,3.051592018993852795e-01
1.530000000000000027e+00,1.364325509608462994e+00,9.251858538542970657e-18,3.051592018993851130e-01
1.532000000000000028e+00,1.364325509608434572e+00,2.312964634635742664e-18,3.051592018993851685e-01
1.534000000000000030e+00,1.364325509608438125e+00,9.251858538542970657e-18,3.051592018993852240e-01
1.536000000000000032e+00,1.364325509608434572e+00,1.387778780781445676e-17,3.051592018993851130e-01
1.538000000000000034e+00,1.364325509608443454e+00,4.625929269271485328e-18,3.051592018993853905e-01
1.540000000000000036e+00,1.364325509608436349e+00,2.312964634635742664e-18,3.051592018993853905e-01
1.542000000000000037e+00,1.364325509608432796e+00,1.156482317317871448e-17,3.051592018993854460e-01
1.544000000000000039e+00,1.364325509608434572e+00,9.251858538542970657e-18,3.051592018993855571e-01
1.546000000000000041e+00,1.364325509608432796e+00,2.312964634635742664e-18,3.051592018993847244e-01
1.548000000000000043e+00,1.364325509608427467e+00,2.312964634635742664e-18,3.051592018993852795e-01
1.550000000000000044e+00,1.364325509608438125e+00,1.156482317317871448e-17,3.051592018993853905e-01
1.552000000000000046e+00,1.364325509608425691e+00,2.312964634635742664e-18,3.051592018993851130e-01
1.554000000000000048e+00,1.364325509608438125e+00,2.312964634635742664e-18,3.051592018993852240e-01
1.556000000000000050e+00,1.364325509608438125e+00,0.000000000000000000e+00,3.051592018993851130e-01
1.558000000000000052e+00,1.364325509608450560e+00,2.312964634635742664e-18,3.051592018993852795e-01
1.560000000000000053e+00,1.364325509608445230e+00,1.156482317317871448e-17,3.051592018993858346e-01
1.562000000000000055e+00,1.364325509608434572e+00,9.251858538542970657e-18,3.051592018993853905e-01
1.564000000000000057e+00,1.364325509608439901e+00,1.387778780781445676e-17,3.051592018993851130e-01
1.566000000000000059e+00,1.364325509608438125e+00,1.387778780781445676e-17,3.051592018993850020e-01
1.568000000000000060e+00,1.364325509608434572e+00,2.081668171172168513e-17,3.051592018993851130e-01
1.570000000000000062e+00,1.364325509608431020e+00,6.938893903907228378e-18,3.051592018993853350e-01
1.572000000000000064e+00,1.364325509608439901e+00,6.938893903907228378e-18,3.051592018993851130e-01
1.574000000000000066e+00,1.364325509608445230e+00,2.312964634635742664e-18,3.051592018993850575e-01
1.576000000000000068e+00,1.364325509608441678e+00,1.156482317317871448e-17,3.051592018993851130e-01
1.578000000000000069e+00,1.364325509608455889e+00,9.251858538542970657e-18,3.051592018993854460e-01
1.580000000000000071e+00,1.364325509608429243e+00,4.625929269271485328e-18,3.051592018993852240e-01
1.582000000000000073e+00,1.364325509608443454e+00,2.312964634635742664e-18,3.051592018993851685e-01
1.584000000000000075e+00,1.364325509608448783e+00,6.938893903907228378e-18,3.051592018993856681e-01
1.586000000000000076e+00,1.364325509608448783e+00,2.312964634635742664e-18,3.051592018993846689e-01
1.588000000000000078e+00,1.364325509608450560e+00,0.000000000000000000e+00,3.051592018993853905e-01
1.590000000000000080e+00,1.364325509608438125e+00,6.938893903907228378e-18,3.051592018993848354e-01
1.592000000000000082e+00,1.364325509608434572e+00,1.387778780781445676e-17,3.051592018993852795e-01
1.594000000000000083e+00,1.364325509608411480e+00,9.251858538542970657e-18,3.051592018993852240e-01
1.596000000000000085e+00,1.364325509608425691e+00,2.544261098099316969e-17,3.051592018993852240e-01
1.598000000000000087e+00,1.364325509608434572e+00,1.156482317317871448e-17,3.051592018993855016e-01
1.600000000000000089e+00,1.364325509608443454e+00,1.387778780781445676e-17,3.051592018993853905e-01
1.602000000000000091e+00,1.364325509608415032e+00,4.625929269271485328e-18,3.051592018993850575e-01
1.604000000000000092e+00,1.364325509608450560e+00,2.312964634635742664e-18,3.051592018993855571e-01
1.606000000000000094e+00,1.364325509608434572e+00,9.251858538542970657e-18,3.051592018993852795e-01
1.608000000000000096e+00,1.364325509608445230e+00,1.387778780781445676e-17,3.051592018993853905e-01
1.610000000000000098e+00,1.364325509608431020e+00,6.938893903907228378e-18,3.051592018993853905e-01
1.612000000000000099e+00,1.364325509608447007e+00,6.938893903907228378e-18,3.051592018993853905e-01
1.614000000000000101e+00,1.364325509608439901e+00,4.625929269271485328e-18,3.051592018993855016e-01
1.616000000000000103e+00,1.364325509608434572e+00,4.625929269271485328e-18,3.051592018993851685e-01
1.618000000000000105e+00,1.364325509608418585e+00,1.850371707708594131e-17,3.051592018993851685e-01
1.620000000000000107e+00,1.364325509608425691e+00,4.625929269271485328e-18,3.051592018993851130e-01
1.622000000000000108e+00,1.364325509608429243e+00,1.156482317317871448e-17,3.051592018993855571e-01
1.624000000000000110e+00,1.364325509608448783e+00,4.625929269271485328e-18,3.051592018993852795e-01
1.626000000000000112e+00,1.364325509608434572e+00,1.156482317317871448e-17,3.051592018993853905e-01
1.628000000000000114e+00,1.364325509608422138e+00,1.156482317317871448e-17,3.051592018993850020e-01
1.630000000000000115e+00,1.364325509608431020e+00,1.850371707708594131e-17,3.051592018993852795e-01
1.632000000000000117e+00,1.364325509608447007e+00,2.312964634635742664e-18,3.051592018993854460e-01
1.634000000000000119e+00,1.364325509608404374e+00,1.156482317317871448e-17,3.051592018993855016e-01
1.636000000000000121e+00,1.364325509608439901e+00,1.156482317317871448e-17,3.051592018993850020e-01
1.638000000000000123e+00,1.364325509608434572e+00,2.312964634635742664e-18,3.051592018993852240e-01
1.640000000000000124e+00,1.364325509608439901e+00,1.156482317317871448e-17,3.051592018993855016e-01
1.642000000000000126e+00,1.364325509608450560e+00,9.251858538542970657e-18,3.051592018993853350e-01
1.644000000000000128e+00,1.364325509608431020e+00,1.387778780781445676e-17,3.051592018993851130e-01
1.646000000000000130e+00,1.364325509608425691e+00,1.619075244245020058e-17,3.051592018993851130e-01
1.648000000000000131e+00,1.364325509608445230e+00,1.387778780781445676e-17,3.051592018993852795e-01
1.650000000000000133e+00,1.364325509608443454e+00,9.251858538542970657e-18,3.051592018993852795e-01
1.652000000000000135e+00,1.364325509608434572e+00,1.387778780781445676e-17,3.051592018993852240e-01
1.654000000000000137e+00,1.364325509608431020e+00,4.625929269271485328e-18,3.051592018993846689e-01
1.656000000000000139e+00,1.364325509608439901e+00,4.625929269271485328e-18,3.051592018993853350e-01
1.658000000000000140e+00,1.364325509608461218e+00,3.469446951953614189e-17,3.051592018993855571e-01
1.660000000000000142e+00,1.364325509608418585e+00,4.625929269271485328e-18,3.051592018993853350e-01
1.662000000000000144e+00,1.364325509608447007e+00,1.156482317317871448e-17,3.051592018993853350e-01
1.664000000000000146e+00,1.364325509608415032e+00,9.251858538542970657e-18,3.051592018993848909e-01
1.665999999999999925e+00,1.364325509608436349e+00,2.312964634635742664e-18,3.051592018993852240e-01
1.667999999999999927e+00,1.364325509608438125e+00,9.251858538542970657e-18,3.051592018993851685e-01
1.669999999999999929e+00,1.364325509608441678e+00,2.312964634635742664e-18,3.051592018993855571e-01
1.671999999999999931e+00,1.364325509608429243e+00,0.000000000000000000e+00,3.051592018993847244e-01
1.673999999999999932e+00,1.364325509608439901e+00,1.156482317317871448e-17,3.051592018993850575e-01
1.675999999999999934e+00,1.364325509608454112e+00,2.312964634635742664e-18,3.051592018993850575e-01
1.677999999999999936e+00,1.364325509608438125e+00,1.387778780781445676e-17,3.051592018993852795e-01
1.679999999999999938e+00,1.364325509608441678e+00,2.312964634635742664e-18,3.051592018993853905e-01
1.681999999999999940e+00,1.364325509608441678e+00,0.000000000000000000e+00,3.051592018993851685e-01
1.683999999999999941e+00,1.364325509608439901e+00,1.156482317317871448e-17,3.051592018993856126e-01
1.685999999999999943e+00,1.364325509608443454e+00,2.312964634635742664e-18,3.051592018993857236e-01
1.687999999999999945e+00,1.364325509608434572e+00,2.312964634635742664e-18,3.051592018993851130e-01
1.689999999999999947e+00,1.364325509608429243e+00,6.938893903907228378e-18,3.051592018993846689e-01
1.691999999999999948e+00,1.364325509608431020e+00,4.625929269271485328e-18,3.051592018993855016e-01
1.693999999999999950e+00,1.364325509608455889e+00,2.312964634635742664e-18,3.051592018993852240e-01
1.695999999999999952e+00,1.364325509608429243e+00,2.312964634635742664e-18,3.051592018993851130e-01
1.697999999999999954e+00,1.364325509608413256e+00,1.156482317317871448e-17,3.051592018993856681e-01
1.699999999999999956e+00,1.364325509608423914e+00,2.312964634635742895e-17,3.051592018993854460e-01
1.701999999999999957e+00,1.364325509608441678e+00,2.312964634635742664e-18,3.051592018993853905e-01
1.703999999999999959e+00,1.364325509608434572e+00,1.156482317317871448e-17,3.051592018993850575e-01
1.705999999999999961e+00,1.364325509608434572e+00,2.312964634635742664e-18,3.051592018993849464e-01
1.707999999999999963e+00,1.364325509608415032e+00,0.000000000000000000e+00,3.051592018993848354e-01
1.709999999999999964e+00,1.364325509608443454e+00,9.251858538542970657e-18,3.051592018993854460e-01
1.711999999999999966e+00,1.364325509608438125e+00,1.387778780781445676e-17,3.051592018993848909e-01
1.713999999999999968e+00,1.364325509608432796e+00,6.938893903907228378e-18,3.051592018993852795e-01
1.715999999999999970e+00,1.364325509608423914e+00,1.619075244245020058e-17,3.051592018993846689e-01
1.717999999999999972e+00,1.364325509608452336e+00,9.251858538542970657e-18,3.051592018993853905e-01
1.719999999999999973e+00,1.364325509608448783e+00,9.251858538542970657e-18,3.051592018993855016e-01
1.721999999999999975e+00,1.364325509608457665e+00,2.312964634635742664e-18,3.051592018993845024e-01
1.723999999999999977e+00,1.364325509608441678e+00,4.625929269271485328e-18,3.051592018993853905e-01
1.725999999999999979e+00,1.364325509608423914e+00,0.000000000000000000e+00,3.051592018993847799e-01
1.727999999999999980e+00,1.364325509608431020e+00,6.938893903907228378e-18,3.051592018993855571e-01
1.729999999999999982e+00,1.364325509608429243e+00,1.619075244245020058e-17,3.051592018993851130e-01
1.731999999999999984e+00,1.364325509608427467e+00,0.000000000000000000e+00,3.051592018993853905e-01
1.733999999999999986e+00,1.364325509608431020e+00,1.156482317317871448e-17,3.051592018993847799e-01
1.735999999999999988e+00,1.364325509608445230e+00,4.625929269271485328e-18,3.051592018993851130e-01
1.737999999999999989e+00,1.364325509608439901e+00,4.625929269271485328e-18,3.051592018993852240e-01
1.739999999999999991e+00,1.364325509608441678e+00,6.938893903907228378e-18,3.051592018993851130e-01
1.741999999999999993e+00,1.364325509608462994e+00,6.938893903907228378e-18,3.051592018993851130e-01
1.743999999999999995e+00,1.364325509608432796e+00,0.000000000000000000e+00,3.051592018993851130e-01
1.745999999999999996e+00,1.364325509608422138e+00,1.156482317317871448e-17,3.051592018993845579e-01
1.747999999999999998e+00,1.364325509608438125e+00,6.938893903907228378e-18,3.051592018993848354e-01
1.750000000000000000e+00,1.364325509608441678e+00,6.938893903907228378e-18,3.051592018993855571e-01
1.752000000000000002e+00,1.364325509608445230e+00,6.938893903907228378e-18,3.051592018993857791e-01
1.754000000000000004e+00,1.364325509608439901e+00,1.156482317317871448e-17,3.051592018993852795e-01
1.756000000000000005e+00,1.364325509608429243e+00,6.938893903907228378e-18,3.051592018993855016e-01
1.758000000000000007e+00,1.364325509608427467e+00,2.312964634635742664e-18,3.051592018993841138e-01
1.760000000000000009e+00,1.364325509608434572e+00,6.938893903907228378e-18,3.051592018993848354e-01
1.762000000000000011e+00,1.364325509608438125e+00,1.850371707708594131e-17,3.051592018993852795e-01
1.764000000000000012e+00,1.364325509608448783e+00,0.000000000000000000e+00,3.051592018993852795e-01
1.766000000000000014e+00,1.364325509608454112e+00,4.625929269271485328e-18,3.051592018993855016e-01
1.768000000000000016e+00,1.364325509608434572e+00,1.156482317317871448e-17,3.051592018993858901e-01
1.770000000000000018e+00,1.364325509608438125e+00,2.312964634635742664e-18,3.051592018993853905e-01
1.772000000000000020e+00,1.364325509608431020e+00,1.387778780781445676e-17,3.051592018993851685e-01
1.774000000000000021e+00,1.364325509608454112e+00,0.000000000000000000e+00,3.051592018993855016e-01
1.776000000000000023e+00,1.364325509608429243e+00,9.251858538542970657e-18,3.051592018993855016e-01
1.778000000000000025e+00,1.364325509608447007e+00,6.938893903907228378e-18,3.051592018993854460e-01
1.780000000000000027e+00,1.364325509608450560e+00,2.312964634635742664e-18,3.051592018993851130e-01
1.782000000000000028e+00,1.364325509608411480e+00,2.312964634635742664e-18,3.051592018993854460e-01
1.784000000000000030e+00,1.364325509608434572e+00,1.156482317317871448e-17,3.051592018993853905e-01
1.786000000000000032e+00,1.364325509608423914e+00,0.000000000000000000e+00,3.051592018993851130e-01
1.788000000000000034e+00,1.364325509608438125e+00,9.251858538542970657e-18,3.051592018993852795e-01
1.790000000000000036e+00,1.364325509608443454e+00,2.081668171172168513e-17,3.051592018993853350e-01
1.792000000000000037e+00,1.364325509608432796e+00,9.251858538542970657e-18,3.051592018993851685e-01
1.794000000000000039e+00,1.364325509608434572e+00,9.251858538542970657e-18,3.051592018993855571e-01
1.796000000000000041e+00,1.364325509608438125e+00,6.938893903907228378e-18,3.051592018993858346e-01
1.798000000000000043e+00,1.364325509608423914e+00,0.000000000000000000e+00,3.051592018993850575e-01
1.800000000000000044e+00,1.364325509608429243e+00,0.000000000000000000e+00,3.051592018993851130e-01
1.802000000000000046e+00,1.364325509608397269e+00,2.312964634635742664e-18,3.051592018993851130e-01
1.804000000000000048e+00,1.364325509608431020e+00,1.619075244245020058e-17,3.051592018993852240e-01
1.806000000000000050e+00,1.364325509608413256e+00,1.619075244245020058e-17,3.051592018993852240e-01
1.808000000000000052e+00,1.364325509608450560e+00,9.251858538542970657e-18,3.051592018993853905e-01
1.810000000000000053e+00,1.364325509608448783e+00,4.625929269271485328e-18,3.051592018993856126e-01
1.812000000000000055e+00,1.364325509608436349e+00,0.000000000000000000e+00,3.051592018993855571e-01
1.814000000000000057e+00,1.364325509608432796e+00,2.312964634635742664e-18,3.051592018993850020e-01
1.816000000000000059e+00,1.364325509608438125e+00,6.938893903907228378e-18,3.051592018993852240e-01
1.818000000000000060e+00,1.364325509608429243e+00,4.625929269271485328e-18,3.051592018993852240e-01
1.820000000000000062e+00,1.364325509608439901e+00,9.251858538542970657e-18,3.051592018993853350e-01
1.822000000000000064e+00,1.364325509608454112e+00,1.850371707708594131e-17,3.051592018993855571e-01
1.824000000000000066e+00,1.364325509608441678e+00,9.251858538542970657e-18,3.051592018993855571e-01
1.826000000000000068e+00,1.364325509608448783e+00,4.625929269271485328e-18,3.051592018993856126e-01
1.828000000000000069e+00,1.364325509608439901e+00,6.938893903907228378e-18,3.051592018993850020e-01
1.830000000000000071e+00,1.364325509608443454e+00,2.312964634635742895e-17,3.051592018993852240e-01
1.832000000000000073e+00,1.364325509608432796e+00,1.619075244245020058e-17,3.051592018993852795e-01
1.834000000000000075e+00,1.364325509608429243e+00,6.938893903907228378e-18,3.051592018993852795e-01
1.836000000000000076e+00,1.364325509608443454e+00,6.938893903907228378e-18,3.051592018993853905e-01
1.838000000000000078e+00,1.364325509608436349e+00,1.156482317317871448e-17,3.051592018993856681e-01
1.840000000000000080e+00,1.364325509608436349e+00,4.625929269271485328e-18,3.051592018993850020e-01
1.842000000000000082e+00,1.364325509608434572e+00,0.000000000000000000e+00,3.051592018993849464e-01
1.844000000000000083e+00,1.364325509608447007e+00,4.625929269271485328e-18,3.051592018993852795e-01
1.846000000000000085e+00,1.364325509608434572e+00,1.387778780781445676e-17,3.051592018993853905e-01
1.848000000000000087e+00,1.364325509608439901e+00,0.000000000000000000e+00,3.051592018993853905e-01
1.850000000000000089e+00,1.364325509608432796e+00,2.312964634635742664e-18,3.051592018993850575e-01
1.852000000000000091e+00,1.364325509608439901e+00,0.000000000000000000e+00,3.051592018993853905e-01
1.854000000000000092e+00,1.364325509608423914e+00,2.312964634635742664e-18,3.051592018993852240e-01
1.856000000000000094e+00,1.364325509608441678e+00,1.850371707708594131e-17,3.051592018993853905e-01
1.858000000000000096e+00,1.364325509608436349e+00,1.387778780781445676e-17,3.051592018993855016e-01
1.860000000000000098e+00,1.364325509608404374e+00,4.625929269271485328e-18,3.051592018993852240e-01
1.862000000000000099e+00,1.364325509608427467e+00,2.081668171172168513e-17,3.051592018993850575e-01
1.864000000000000101e+00,1.364325509608431020e+00,1.387778780781445676e-17,3.051592018993852795e-01
1.866000000000000103e+00,1.364325509608413256e+00,4.625929269271485328e-18,3.051592018993850020e-01
1.868000000000000105e+00,1.364325509608439901e+00,2.312964634635742664e-18,3.051592018993852795e-01
1.870000000000000107e+00,1.364325509608439901e+00,9.251858538542970657e-18,3.051592018993850575e-01
1.872000000000000108e+00,1.364325509608439901e+00,0.000000000000000000e+00,3.051592018993851130e-01
1.874000000000000110e+00,1.364325509608439901e+00,9.251858538542970657e-18,3.051592018993850020e-01
1.876000000000000112e+00,1.364325509608425691e+00,9.251858538542970657e-18,3.051592018993853905e-01
1.878000000000000114e+00,1.364325509608418585e+00,9.251858538542970657e-18,3.051592018993853350e-01
1.880000000000000115e+00,1.364325509608436349e+00,6.938893903907228378e-18,3.051592018993852795e-01
1.882000000000000117e+00,1.364325509608439901e+00,1.619075244245020058e-17,3.051592018993853905e-01
1.884000000000000119e+00,1.364325509608450560e+00,9.251858538542970657e-18,3.051592018993853905e-01
1.886000000000000121e+00,1.364325509608464770e+00,0.000000000000000000e+00,3.051592018993853350e-01
1.888000000000000123e+00,1.364325509608450560e+00,2.312964634635742664e-18,3.051592018993850020e-01
1.890000000000000124e+00,1.364325509608439901e+00,0.000000000000000000e+00,3.051592018993851130e-01
1.892000000000000126e+00,1.364325509608429243e+00,1.619075244245020058e-17,3.051592018993855016e-01
1.894000000000000128e+00,1.364325509608434572e+00,4.625929269271485328e-18,3.051592018993853905e-01
1.896000000000000130e+00,1.364325509608439901e+00,9.251858538542970657e-18,3.051592018993857791e-01
1.898000000000000131e+00,1.364325509608436349e+00,6.938893903907228378e-18,3.051592018993850020e-01
1.900000000000000133e+00,1.364325509608438125e+00,4.625929269271485328e-18,3.051592018993852240e-01
1.902000000000000135e+00,1.364325509608448783e+00,1.619075244245020058e-17,3.051592018993851130e-01
1.904000000000000137e+00,1.364325509608448783e+00,1.850371707708594131e-17,3.051592018993850020e-01
1.906000000000000139e+00,1.364325509608450560e+00,9.251858538542970657e-18,3.051592018993853905e-01
1.908000000000000140e+00,1.364325509608450560e+00,2.081668171172168513e-17,3.051592018993853905e-01
1.910000000000000142e+00,1.364325509608434572e+00,2.312964634635742664e-18,3.051592018993852240e-01
1.912000000000000144e+00,1.364325509608416809e+00,2.312964634635742664e-18,3.051592018993851130e-01
1.914000000000000146e+00,1.364325509608448783e+00,1.387778780781445676e-17,3.051592018993851130e-01
1.916000000000000147e+00,1.364325509608420361e+00,2.312964634635742664e-18,3.051592018993851130e-01
1.918000000000000149e+00,1.364325509608441678e+00,4.625929269271485328e-18,3.051592018993852240e-01
1.919999999999999929e+00,1.364325509608441678e+00,1.387778780781445676e-17,3.051592018993855571e-01
1.921999999999999931e+00,1.364325509608406151e+00,0.000000000000000000e+00,3.051592018993846689e-01
1.923999999999999932e+00,1.364325509608432796e+00,2.312964634635742664e-18,3.051592018993853905e-01
1.925999999999999934e+00,1.364325509608439901e+00,2.081668171172168513e-17,3.051592018993852795e-01
1.927999999999999936e+00,1.364325509608438125e+00,1.619075244245020058e-17,3.051592018993855571e-01
1.929999999999999938e+00,1.364325509608445230e+00,1.387778780781445676e-17,3.051592018993853905e-01
1.931999999999999940e+00,1.364325509608448783e+00,1.156482317317871448e-17,3.051592018993853350e-01
1.933999999999999941e+00,1.364325509608457665e+00,4.625929269271485328e-18,3.051592018993854460e-01
1.935999999999999943e+00,1.364325509608432796e+00,2.312964634635742664e-18,3.051592018993853350e-01
1.937999999999999945e+00,1.364325509608436349e+00,1.850371707708594131e-17,3.051592018993856681e-01
1.939999999999999947e+00,1.364325509608434572e+00,6.938893903907228378e-18,3.051592018993851130e-01
1.941999999999999948e+00,1.364325509608448783e+00,2.312964634635742664e-18,3.051592018993855016e-01
1.943999999999999950e+00,1.364325509608434572e+00,4.625929269271485328e-18,3.051592018993853350e-01
1.945999999999999952e+00,1.364325509608455889e+00,4.625929269271485328e-18,3.051592018993850575e-01
1.947999999999999954e+00,1.364325509608423914e+00,1.850371707708594131e-17,3.051592018993855016e-01
1.949999999999999956e+00,1.364325509608427467e+00,0.000000000000000000e+00,3.051592018993851685e-01
1.951999999999999957e+00,1.364325509608443454e+00,1.387778780781445676e-17,3.051592018993855016e-01
1.953999999999999959e+00,1.364325509608429243e+00,1.156482317317871448e-17,3.051592018993847799e-01
1.955999999999999961e+00,1.364325509608448783e+00,9.251858538542970657e-18,3.051592018993856126e-01
1.957999999999999963e+00,1.364325509608434572e+00,6.938893903907228378e-18,3.051592018993853350e-01
1.959999999999999964e+00,1.364325509608447007e+00,2.312964634635742664e-18,3.051592018993850575e-01
1.961999999999999966e+00,1.364325509608436349e+00,2.544261098099316969e-17,3.051592018993853905e-01
1.963999999999999968e+00,1.364325509608443454e+00,2.775557561562891351e-17,3.051592018993853905e-01
1.965999999999999970e+00,1.364325509608441678e+00,4.625929269271485328e-18,3.051592018993848354e-01
1.967999999999999972e+00,1.364325509608427467e+00,6.938893903907228378e-18,3.051592018993852795e-01
1.969999999999999973e+00,1.364325509608422138e+00,2.312964634635742664e-18,3.051592018993845579e-01
1.971999999999999975e+00,1.364325509608443454e+00,4.625929269271485328e-18,3.051592018993853905e-01
1.973999999999999977e+00,1.364325509608445230e+00,9.251858538542970657e-18,3.051592018993852240e-01
1.975999999999999979e+00,1.364325509608423914e+00,0.000000000000000000e+00,3.051592018993851130e-01
1.977999999999999980e+00,1.364325509608436349e+00,9.251858538542970657e-18,3.051592018993850020e-01
1.979999999999999982e+00,1.364325509608432796e+00,1.850371707708594131e-17,3.051592018993853905e-01
1.981999999999999984e+00,1.364325509608418585e+00,2.312964634635742664e-18,3.051592018993855016e-01
1.983999999999999986e+00,1.364325509608439901e+00,2.312964634635742664e-18,3.051592018993849464e-01
1.985999999999999988e+00,1.364325509608427467e+00,9.251858538542970657e-18,3.051592018993850575e-01
1.987999999999999989e+00,1.364325509608436349e+00,9.251858538542970657e-18,3.051592018993851130e-01
1.989999999999999991e+00,1.364325509608431020e+00,1.619075244245020058e-17,3.051592018993852240e-01
1.991999999999999993e+00,1.364325509608439901e+00,0.000000000000000000e+00,3.051592018993848354e-01
1.993999999999999995e+00,1.364325509608448783e+00,1.156482317317871448e-17,3.051592018993855016e-01
1.995999999999999996e+00,1.364325509608454112e+00,9.251858538542970657e-18,3.051592018993853905e-01
1.997999999999999998e+00,1.364325509608415032e+00,2.312964634635742664e-18,3.051592018993853905e-01
2.000000000000000000e+00,1.364325509608450560e+00,1.387778780781445676e-17,3.051592018993856126e-01
2.002000000000000224e+00,1.364325509608431020e+00,6.938893903907228378e-18,3.051592018993855571e-01
2.004000000000000004e+00,1.364325509608443454e+00,2.312964634635742895e-17,3.051592018993854460e-01
2.006000000000000227e+00,1.364325509608438125e+00,6.938893903907228378e-18,3.051592018993848909e-01
2.008000000000000007e+00,1.364325509608436349e+00,2.312964634635742664e-18,3.051592018993851130e-01
2.010000000000000231e+00,1.364325509608425691e+00,2.312964634635742664e-18,3.051592018993850020e-01
2.012000000000000011e+00,1.364325509608423914e+00,2.081668171172168513e-17,3.051592018993852240e-01
2.014000000000000234e+00,1.364325509608438125e+00,1.156482317317871448e-17,3.051592018993855016e-01
2.016000000000000014e+00,1.364325509608441678e+00,4.625929269271485328e-18,3.051592018993851685e-01
2.018000000000000238e+00,1.364325509608441678e+00,2.544261098099316969e-17,3.051592018993855571e-01
2.020000000000000018e+00,1.364325509608438125e+00,1.619075244245020058e-17,3.051592018993850020e-01
2.022000000000000242e+00,1.364325509608436349e+00,9.251858538542970657e-18,3.051592018993850020e-01
2.024000000000000021e+00,1.364325509608425691e+00,1.387778780781445676e-17,3.051592018993855016e-01
2.026000000000000245e+00,1.364325509608445230e+00,2.312964634635742664e-18,3.051592018993852795e-01
2.028000000000000025e+00,1.364325509608445230e+00,4.625929269271485328e-18,3.051592018993850575e-01
2.030000000000000249e+00,1.364325509608425691e+00,1.619075244245020058e-17,3.051592018993855016e-01
2.032000000000000028e+00,1.364325509608423914e+00,1.619075244245020058e-17,3.051592018993853905e-01
2.034000000000000252e+00,1.364325509608438125e+00,6.938893903907228378e-18,3.051592018993854460e-01
2.036000000000000032e+00,1.364325509608436349e+00,0.000000000000000000e+00,3.051592018993850575e-01
2.038000000000000256e+00,1.364325509608418585e+00,6.938893903907228378e-18,3.051592018993852795e-01
2.040000000000000036e+00,1.364325509608447007e+00,6.938893903907228378e-18,3.051592018993856126e-01
2.042000000000000259e+00,1.364325509608439901e+00,2.312964634635742895e-17,3.051592018993854460e-01
2.044000000000000039e+00,1.364325509608423914e+00,2.312964634635742895e-17,3.051592018993856126e-01
2.046000000000000263e+00,1.364325509608438125e+00,2.081668171172168513e-17,3.051592018993849464e-01
2.048000000000000043e+00,1.364325509608429243e+00,1.619075244245020058e-17,3.051592018993847799e-01
2.049999999999999822e+00,1.364325509608425691e+00,4.625929269271485328e-18,3.051592018993851130e-01
2.052000000000000046e+00,1.364325509608445230e+00,9.251858538542970657e-18,3.051592018993860012e-01
2.053999999999999826e+00,1.364325509608445230e+00,1.156482317317871448e-17,3.051592018993852795e-01
2.056000000000000050e+00,1.364325509608429243e+00,2.312964634635742664e-18,3.051592018993847799e-01
2.057999999999999829e+00,1.364325509608436349e+00,2.312964634635742664e-18,3.051592018993853905e-01
2.060000000000000053e+00,1.364325509608443454e+00,2.312964634635742664e-18,3.051592018993848354e-01
2.061999999999999833e+00,1.364325509608427467e+00,2.312964634635742664e-18,3.051592018993852240e-01
2.064000000000000057e+00,1.364325509608445230e+00,4.625929269271485328e-18,3.051592018993849464e-01
2.065999999999999837e+00,1.364325509608431020e+00,2.312964634635742664e-18,3.051592018993853905e-01
2.068000000000000060e+00,1.364325509608420361e+00,4.625929269271485328e-18,3.051592018993852240e-01
2.069999999999999840e+00,1.364325509608454112e+00,1.619075244245020058e-17,3.051592018993860012e-01
2.072000000000000064e+00,1.364325509608425691e+00,2.081668171172168513e-17,3.051592018993852795e-01
2.073999999999999844e+00,1.364325509608425691e+00,6.938893903907228378e-18,3.051592018993852795e-01
2.076000000000000068e+00,1.364325509608447007e+00,4.625929269271485328e-18,3.051592018993852795e-01
2.077999999999999847e+00,1.364325509608406151e+00,9.251858538542970657e-18,3.051592018993849464e-01
2.080000000000000071e+00,1.364325509608427467e+00,1.387778780781445676e-17,3.051592018993853905e-01
2.081999999999999851e+00,1.364325509608441678e+00,1.156482317317871448e-17,3.051592018993850020e-01
2.084000000000000075e+00,1.364325509608431020e+00,0.000000000000000000e+00,3.051592018993851130e-01
2.085999999999999854e+00,1.364325509608422138e+00,4.625929269271485328e-18,3.051592018993852795e-01
2.088000000000000078e+00,1.364325509608450560e+00,2.312964634635742664e-18,3.051592018993851130e-01
2.089999999999999858e+00,1.364325509608445230e+00,9.251858538542970657e-18,3.051592018993851130e-01
2.092000000000000082e+00,1.364325509608429243e+00,1.387778780781445676e-17,3.051592018993854460e-01
2.093999999999999861e+00,1.364325509608443454e+00,4.625929269271485328e-18,3.051592018993848354e-01
2.096000000000000085e+00,1.364325509608436349e+00,9.251858538542970657e-18,3.051592018993850020e-01
2.097999999999999865e+00,1.364325509608438125e+00,4.625929269271485328e-18,3.051592018993851130e-01
2.100000000000000089e+00,1.364325509608432796e+00,6.938893903907228378e-18,3.051592018993850020e-01
2.101999999999999869e+00,1.364325509608431020e+00,4.625929269271485328e-18,3.051592018993850020e-01
2.104000000000000092e+00,1.364325509608450560e+00,2.312964634635742664e-18,3.051592018993853905e-01
2.105999999999999872e+00,1.364325509608439901e+00,6.938893903907228378e-18,3.051592018993853350e-01
2.108000000000000096e+00,1.364325509608438125e+00,2.312964634635742664e-18,3.051592018993849464e-01
2.109999999999999876e+00,1.364325509608445230e+00,4.625929269271485328e-18,3.051592018993852240e-01
2.112000000000000099e+00,1.364325509608450560e+00,0.000000000000000000e+00,3.051592018993855571e-01
2.113999999999999879e+00,1.364325509608438125e+00,1.156482317317871448e-17,3.051592018993852240e-01
2.116000000000000103e+00,1.364325509608423914e+00,4.625929269271485328e-18,3.051592018993855571e-01
2.117999999999999883e+00,1.364325509608436349e+00,1.619075244245020058e-17,3.051592018993855016e-01
2.120000000000000107e+00,1.364325509608431020e+00,1.619075244245020058e-17,3.051592018993856681e-01
2.121999999999999886e+00,1.364325509608434572e+00,2.081668171172168513e-17,3.051592018993854460e-01
2.124000000000000110e+00,1.364325509608429243e+00,6.938893903907228378e-18,3.051592018993852240e-01
2.125999999999999890e+00,1.364325509608448783e+00,2.312964634635742664e-18,3.051592018993852795e-01
2.128000000000000114e+00,1.364325509608434572e+00,2.312964634635742664e-18,3.051592018993847244e-01
2.129999999999999893e+00,1.364325509608439901e+00,2.081668171172168513e-17,3.051592018993849464e-01
2.132000000000000117e+00,1.364325509608431020e+00,2.312964634635742664e-18,3.051592018993851130e-01
2.133999999999999897e+00,1.364325509608425691e+00,2.312964634635742664e-18,3.051592018993847244e-01
2.136000000000000121e+00,1.364325509608457665e+00,6.938893903907228378e-18,3.051592018993858901e-01
2.137999999999999901e+00,1.364325509608404374e+00,6.938893903907228378e-18,3.051592018993851685e-01
2.140000000000000124e+00,1.364325509608427467e+00,2.312964634635742664e-18,3.051592018993851130e-01
2.141999999999999904e+00,1.364325509608438125e+00,6.938893903907228378e-18,3.051592018993852795e-01
2.144000000000000128e+00,1.364325509608427467e+00,1.156482317317871448e-17,3.051592018993847799e-01
2.145999999999999908e+00,1.364325509608447007e+00,2.312964634635742664e-18,3.051592018993853350e-01
2.148000000000000131e+00,1.364325509608423914e+00,1.619075244245020058e-17,3.051592018993852795e-01
2.149999999999999911e+00,1.364325509608427467e+00,2.312964634635742664e-18,3.051592018993853905e-01
2.152000000000000135e+00,1.364325509608443454e+00,4.625929269271485328e-18,3.051592018993859456e-01
2.153999999999999915e+00,1.364325509608418585e+00,2.312964634635742895e-17,3.051592018993859456e-01
2.156000000000000139e+00,1.364325509608441678e+00,1.387778780781445676e-17,3.051592018993852240e-01
2.157999999999999918e+00,1.364325509608431020e+00,9.251858538542970657e-18,3.051592018993853350e-01
2.160000000000000142e+00,1.364325509608431020e+00,2.312964634635742664e-18,3.051592018993852795e-01
2.161999999999999922e+00,1.364325509608445230e+00,9.251858538542970657e-18,3.051592018993852795e-01
2.164000000000000146e+00,1.364325509608431020e+00,1.156482317317871448e-17,3.051592018993851130e-01
2.165999999999999925e+00,1.364325509608431020e+00,2.081668171172168513e-17,3.051592018993853905e-01
2.168000000000000149e+00,1.364325509608427467e+00,9.251858538542970657e-18,3.051592018993855016e-01
2.169999999999999929e+00,1.364325509608441678e+00,0.000000000000000000e+00,3.051592018993857791e-01
2.172000000000000153e+00,1.364325509608431020e+00,6.938893903907228378e-18,3.051592018993855571e-01
2.173999999999999932e+00,1.364325509608438125e+00,6.938893903907228378e-18,3.051592018993853905e-01
2.176000000000000156e+00,1.364325509608443454e+00,9.251858538542970657e-18,3.051592018993855016e-01
2.177999999999999936e+00,1.364325509608436349e+00,6.938893903907228378e-18,3.051592018993853905e-01
2.180000000000000160e+00,1.364325509608439901e+00,6.938893903907228378e-18,3.051592018993853350e-01
2.181999999999999940e+00,1.364325509608443454e+00,9.251858538542970657e-18,3.051592018993851685e-01
2.184000000000000163e+00,1.364325509608438125e+00,4.625929269271485328e-18,3.051592018993851130e-01
2.185999999999999943e+00,1.364325509608434572e+00,2.312964634635742664e-18,3.051592018993848909e-01
2.188000000000000167e+00,1.364325509608445230e+00,6.938893903907228378e-18,3.051592018993852795e-01
2.189999999999999947e+00,1.364325509608436349e+00,1.387778780781445676e-17,3.051592018993856126e-01
2.192000000000000171e+00,1.364325509608425691e+00,2.081668171172168513e-17,3.051592018993854460e-01
2.193999999999999950e+00,1.364325509608439901e+00,2.081668171172168513e-17,3.051592018993852240e-01
2.196000000000000174e+00,1.364325509608439901e+00,6.938893903907228378e-18,3.051592018993851685e-01
2.197999999999999954e+00,1.364325509608441678e+00,2.081668171172168513e-17,3.051592018993857791e-01
2.200000000000000178e+00,1.364325509608411480e+00,1.387778780781445676e-17,3.051592018993851130e-01
2.201999999999999957e+00,1.364325509608441678e+00,0.000000000000000000e+00,3.051592018993853905e-01
2.204000000000000181e+00,1.364325509608438125e+00,6.938893903907228378e-18,3.051592018993853905e-01
2.205999999999999961e+00,1.364325509608441678e+00,6.938893903907228378e-18,3.051592018993855571e-01
2.208000000000000185e+00,1.364325509608429243e+00,2.312964634635742664e-18,3.051592018993854460e-01
2.209999999999999964e+00,1.364325509608431020e+00,0.000000000000000000e+00,3.051592018993846689e-01
2.212000000000000188e+00,1.364325509608436349e+00,6.938893903907228378e-18,3.051592018993848354e-01
2.213999999999999968e+00,1.364325509608443454e+00,2.312964634635742664e-18,3.051592018993852240e-01
2.216000000000000192e+00,1.364325509608422138e+00,1.387778780781445676e-17,3.051592018993855016e-01
2.217999999999999972e+00,1.364325509608438125e+00,2.312964634635742664e-18,3.051592018993853350e-01
2.220000000000000195e+00,1.364325509608431020e+00,9.251858538542970657e-18,3.051592018993852795e-01
2.221999999999999975e+00,1.364325509608429243e+00,2.312964634635742664e-18,3.051592018993854460e-01
2.224000000000000199e+00,1.364325509608432796e+00,1.387778780781445676e-17,3.051592018993850575e-01
2.225999999999999979e+00,1.364325509608445230e+00,0.000000000000000000e+00,3.051592018993850575e-01
2.228000000000000203e+00,1.364325509608445230e+00,6.938893903907228378e-18,3.051592018993859456e-01
2.229999999999999982e+00,1.364325509608434572e+00,9.251858538542970657e-18,3.051592018993854460e-01
2.232000000000000206e+00,1.364325509608438125e+00,1.387778780781445676e-17,3.051592018993853905e-01
2.233999999999999986e+00,1.364325509608439901e+00,2.081668171172168513e-17,3.051592018993855016e-01
2.236000000000000210e+00,1.364325509608431020e+00,6.938893903907228378e-18,3.051592018993855016e-01
2.237999999999999989e+00,1.364325509608420361e+00,4.625929269271485328e-18,3.051592018993850575e-01
2.240000000000000213e+00,1.364325509608418585e+00,0.000000000000000000e+00,3.051592018993851130e-01
2.241999999999999993e+00,1.364325509608434572e+00,4.625929269271485328e-18,3.051592018993854460e-01
2.244000000000000217e+00,1.364325509608441678e+00,0.000000000000000000e+00,3.051592018993853905e-01
2.245999999999999996e+00,1.364325509608445230e+00,2.312964634635742664e-18,3.051592018993854460e-01
2.248000000000000220e+00,1.364325509608448783e+00,9.251858538542970657e-18,3.051592018993855016e-01
2.250000000000000000e+00,1.364325509608450560e+00,6.938893903907228378e-18,3.051592018993850020e-01
2.252000000000000224e+00,1.364325509608439901e+00,2.312964634635742664e-18,3.051592018993853905e-01
2.254000000000000004e+00,1.364325509608416809e+00,4.625929269271485328e-18,3.051592018993851130e-01
2.256000000000000227e+00,1.364325509608438125e+00,4.625929269271485328e-18,3.051592018993853350e-01
2.258000000000000007e+00,1.364325509608436349e+00,6.938893903907228378e-18,3.051592018993855016e-01
2.260000000000000231e+00,1.364325509608445230e+00,9.251858538542970657e-18,3.051592018993851130e-01
2.262000000000000011e+00,1.364325509608439901e+00,4.625929269271485328e-18,3.051592018993855016e-01
2.264000000000000234e+00,1.364325509608447007e+00,4.625929269271485328e-18,3.051592018993856126e-01
2.266000000000000014e+00,1.364325509608438125e+00,2.312964634635742664e-18,3.051592018993848909e-01
2.268000000000000238e+00,1.364325509608452336e+00,2.312964634635742664e-18,3.051592018993851130e-01
2.270000000000000018e+00,1.364325509608425691e+00,1.619075244245020058e-17,3.051592018993849464e-01
2.272000000000000242e+00,1.364325509608427467e+00,6.938893903907228378e-18,3.051592018993852240e-01
2.274000000000000021e+00,1.364325509608429243e+00,4.625929269271485328e-18,3.051592018993848909e-01
2.276000000000000245e+00,1.364325509608423914e+00,9.251858538542970657e-18,3.051592018993855571e-01
2.278000000000000025e+00,1.364325509608436349e+00,1.156482317317871448e-17,3.051592018993852795e-01
2.280000000000000249e+00,1.364325509608420361e+00,0.000000000000000000e+00,3.051592018993851130e-01
2.282000000000000028e+00,1.364325509608436349e+00,2.312964634635742895e-17,3.051592018993851130e-01
2.284000000000000252e+00,1.364325509608443454e+00,2.312964634635742664e-18,3.051592018993854460e-01
2.286000000000000032e+00,1.364325509608448783e+00,6.938893903907228378e-18,3.051592018993851685e-01
2.288000000000000256e+00,1.364325509608427467e+00,2.312964634635742664e-18,3.051592018993852795e-01
2.290000000000000036e+00,1.364325509608436349e+00,0.000000000000000000e+00,3.051592018993854460e-01
2.292000000000000259e+00,1.364325509608431020e+00,4.625929269271485328e-18,3.051592018993852240e-01
2.294000000000000039e+00,1.364325509608431020e+00,2.312964634635742895e-17,3.051592018993853905e-01
2.296000000000000263e+00,1.364325509608447007e+00,2.081668171172168513e-17,3.051592018993851130e-01
2.298000000000000043e+00,1.364325509608427467e+00,2.081668171172168513e-17,3.051592018993852240e-01
2.300000000000000266e+00,1.364325509608432796e+00,2.312964634635742664e-18,3.051592018993853350e-01
2.302000000000000046e+00,1.364325509608441678e+00,1.850371707708594131e-17,3.051592018993855016e-01
2.304000000000000270e+00,1.364325509608436349e+00,1.156482317317871448e-17,3.051592018993855016e-01
2.306000000000000050e+00,1.364325509608413256e+00,4.625929269271485328e-18,3.051592018993851685e-01
2.307999999999999829e+00,1.364325509608432796e+00,1.850371707708594131e-17,3.051592018993855016e-01
2.310000000000000053e+00,1.364325509608443454e+00,4.625929269271485328e-18,3.051592018993854460e-01
2.311999999999999833e+00,1.364325509608425691e+00,9.251858538542970657e-18,3.051592018993853905e-01
2.314000000000000057e+00,1.364325509608429243e+00,1.156482317317871448e-17,3.051592018993849464e-01
2.315999999999999837e+00,1.364325509608434572e+00,9.251858538542970657e-18,3.051592018993852795e-01
2.318000000000000060e+00,1.364325509608429243e+00,6.938893903907228378e-18,3.051592018993850020e-01
2.319999999999999840e+00,1.364325509608436349e+00,1.850371707708594131e-17,3.051592018993856681e-01
2.322000000000000064e+00,1.364325509608459441e+00,1.156482317317871448e-17,3.051592018993853905e-01
2.323999999999999844e+00,1.364325509608438125e+00,6.938893903907228378e-18,3.051592018993853905e-01
2.326000000000000068e+00,1.364325509608431020e+00,1.619075244245020058e-17,3.051592018993858901e-01
2.327999999999999847e+00,1.364325509608432796e+00,2.312964634635742664e-18,3.051592018993850020e-01
2.330000000000000071e+00,1.364325509608452336e+00,1.156482317317871448e-17,3.051592018993853905e-01
2.331999999999999851e+00,1.364325509608439901e+00,1.387778780781445676e-17,3.051592018993854460e-01
2.334000000000000075e+00,1.364325509608432796e+00,6.938893903907228378e-18,3.051592018993851130e-01
2.335999999999999854e+00,1.364325509608448783e+00,2.544261098099316969e-17,3.051592018993855571e-01
2.338000000000000078e+00,1.364325509608436349e+00,1.156482317317871448e-17,3.051592018993856126e-01
2.339999999999999858e+00,1.364325509608441678e+00,4.625929269271485328e-18,3.051592018993847799e-01
2.342000000000000082e+00,1.364325509608439901e+00,9.251858538542970657e-18,3.051592018993853350e-01
2.343999999999999861e+00,1.364325509608438125e+00,4.625929269271485328e-18,3.051592018993850575e-01
2.346000000000000085e+00,1.364325509608431020e+00,2.312964634635742664e-18,3.051592018993851130e-01
2.347999999999999865e+00,1.364325509608425691e+00,6.938893903907228378e-18,3.051592018993849464e-01
2.350000000000000089e+00,1.364325509608420361e+00,4.625929269271485328e-18,3.051592018993850020e-01
2.351999999999999869e+00,1.364325509608432796e+00,1.387778780781445676e-17,3.051592018993856126e-01
2.354000000000000092e+00,1.364325509608429243e+00,4.625929269271485328e-18,3.051592018993851130e-01
2.355999999999999872e+00,1.364325509608434572e+00,1.387778780781445676e-17,3.051592018993852795e-01
2.358000000000000096e+00,1.364325509608434572e+00,2.312964634635742664e-18,3.051592018993852240e-01
2.359999999999999876e+00,1.364325509608423914e+00,1.619075244245020058e-17,3.051592018993851130e-01
2.362000000000000099e+00,1.364325509608416809e+00,4.625929269271485328e-18,3.051592018993848909e-01
2.363999999999999879e+00,1.364325509608471876e+00,4.625929269271485328e-18,3.051592018993856681e-01
2.366000000000000103e+00,1.364325509608439901e+00,1.156482317317871448e-17,3.051592018993854460e-01
2.367999999999999883e+00,1.364325509608427467e+00,4.625929269271485328e-18,3.051592018993853350e-01
2.370000000000000107e+00,1.364325509608441678e+00,1.619075244245020058e-17,3.051592018993851685e-01
2.371999999999999886e+00,1.364325509608438125e+00,4.625929269271485328e-18,3.051592018993853350e-01
2.374000000000000110e+00,1.364325509608427467e+00,9.251858538542970657e-18,3.051592018993845024e-01
2.375999999999999890e+00,1.364325509608431020e+00,1.387778780781445676e-17,3.051592018993853350e-01
2.378000000000000114e+00,1.364325509608447007e+00,6.938893903907228378e-18,3.051592018993856126e-01
2.379999999999999893e+00,1.364325509608443454e+00,2.312964634635742664e-18,3.051592018993856126e-01
2.382000000000000117e+00,1.364325509608431020e+00,1.619075244245020058e-17,3.051592018993855571e-01
2.383999999999999897e+00,1.364325509608436349e+00,1.387778780781445676e-17,3.051592018993854460e-01
2.386000000000000121e+00,1.364325509608416809e+00,2.312964634635742664e-18,3.051592018993848909e-01
2.387999999999999901e+00,1.364325509608436349e+00,1.850371707708594131e-17,3.051592018993851130e-01
2.390000000000000124e+00,1.364325509608422138e+00,4.625929269271485328e-18,3.051592018993851130e-01
2.391999999999999904e+00,1.364325509608448783e+00,2.081668171172168513e-17,3.051592018993855571e-01
2.394000000000000128e+00,1.364325509608415032e+00,1.156482317317871448e-17,3.051592018993855571e-01
2.395999999999999908e+00,1.364325509608443454e+00,2.312964634635742664e-18,3.051592018993857791e-01
2.398000000000000131e+00,1.364325509608438125e+00,6.938893903907228378e-18,3.051592018993856126e-01
2.399999999999999911e+00,1.364325509608423914e+00,2.312964634635742664e-18,3.051592018993849464e-01
2.402000000000000135e+00,1.364325509608429243e+00,2.312964634635742664e-18,3.051592018993852240e-01
2.403999999999999915e+00,1.364325509608447007e+00,9.251858538542970657e-18,3.051592018993856126e-01
2.406000000000000139e+00,1.364325509608427467e+00,1.619075244245020058e-17,3.051592018993855016e-01
2.407999999999999918e+00,1.364325509608422138e+00,2.312964634635742895e-17,3.051592018993850575e-01
2.410000000000000142e+00,1.364325509608420361e+00,4.625929269271485328e-18,3.051592018993851130e-01
2.411999999999999922e+00,1.364325509608409703e+00,1.387778780781445676e-17,3.051592018993851130e-01
2.414000000000000146e+00,1.364325509608441678e+00,1.156482317317871448e-17,3.051592018993856681e-01
2.415999999999999925e+00,1.364325509608425691e+00,1.156482317317871448e-17,3.051592018993858901e-01
2.418000000000000149e+00,1.364325509608423914e+00,4.625929269271485328e-18,3.051592018993853905e-01
2.419999999999999929e+00,1.364325509608448783e+00,2.312964634635742664e-18,3.051592018993855016e-01
2.422000000000000153e+00,1.364325509608438125e+00,2.312964634635742664e-18,3.051592018993852795e-01
2.423999999999999932e+00,1.364325509608445230e+00,2.312964634635742664e-18,3.051592018993851130e-01
2.426000000000000156e+00,1.364325509608439901e+00,2.312964634635742664e-18,3.051592018993852240e-01
2.427999999999999936e+00,1.364325509608436349e+00,6.938893903907228378e-18,3.051592018993851130e-01
2.430000000000000160e+00,1.364325509608423914e+00,0.000000000000000000e+00,3.051592018993853905e-01
2.431999999999999940e+00,1.364325509608423914e+00,6.938893903907228378e-18,3.051592018993855571e-01
2.434000000000000163e+00,1.364325509608439901e+00,2.312964634635742664e-18,3.051592018993855571e-01
2.435999999999999943e+00,1.364325509608432796e+00,6.938893903907228378e-18,3.051592018993847244e-01
2.438000000000000167e+00,1.364325509608436349e+00,1.387778780781445676e-17,3.051592018993851685e-01
2.439999999999999947e+00,1.364325509608441678e+00,2.312964634635742664e-18,3.051592018993853905e-01
2.442000000000000171e+00,1.364325509608448783e+00,2.312964634635742664e-18,3.051592018993855016e-01
2.443999999999999950e+00,1.364325509608439901e+00,4.625929269271485328e-18,3.051592018993852240e-01
2.446000000000000174e+00,1.364325509608448783e+00,6.938893903907228378e-18,3.051592018993857791e-01
2.447999999999999954e+00,1.364325509608432796e+00,6.938893903907228378e-18,3.051592018993858346e-01
2.450000000000000178e+00,1.364325509608441678e+00,1.156482317317871448e-17,3.051592018993851130e-01
2.451999999999999957e+00,1.364325509608427467e+00,0.000000000000000000e+00,3.051592018993849464e-01
2.454000000000000181e+00,1.364325509608432796e+00,2.312964634635742664e-18,3.051592018993853905e-01
2.455999999999999961e+00,1.364325509608457665e+00,0.000000000000000000e+00,3.051592018993850020e-01
2.458000000000000185e+00,1.364325509608413256e+00,4.625929269271485328e-18,3.051592018993851685e-01
2.459999999999999964e+00,1.364325509608404374e+00,2.312964634635742664e-18,3.051592018993850020e-01
2.462000000000000188e+00,1.364325509608455889e+00,0.000000000000000000e+00,3.051592018993850020e-01
2.463999999999999968e+00,1.364325509608434572e+00,4.625929269271485328e-18,3.051592018993852240e-01
2.466000000000000192e+00,1.364325509608450560e+00,1.387778780781445676e-17,3.051592018993857791e-01
2.467999999999999972e+00,1.364325509608439901e+00,6.938893903907228378e-18,3.051592018993851685e-01
2.470000000000000195e+00,1.364325509608454112e+00,4.625929269271485328e-18,3.051592018993858901e-01
2.471999999999999975e+00,1.364325509608431020e+00,6.938893903907228378e-18,3.051592018993853905e-01
2.474000000000000199e+00,1.364325509608445230e+00,1.156482317317871448e-17,3.051592018993855016e-01
2.475999999999999979e+00,1.364325509608423914e+00,2.312964634635742664e-18,3.051592018993850020e-01
2.478000000000000203e+00,1.364325509608423914e+00,9.251858538542970657e-18,3.051592018993856681e-01
2.479999999999999982e+00,1.364325509608434572e+00,0.000000000000000000e+00,3.051592018993848909e-01
2.482000000000000206e+00,1.364325509608450560e+00,2.312964634635742664e-18,3.051592018993853905e-01
2.483999999999999986e+00,1.364325509608431020e+00,1.850371707708594131e-17,3.051592018993854460e-01
2.486000000000000210e+00,1.364325509608441678e+00,2.312964634635742664e-18,3.051592018993856126e-01
2.487999999999999989e+00,1.364325509608427467e+00,2.312964634635742664e-18,3.051592018993852240e-01
2.490000000000000213e+00,1.364325509608432796e+00,6.938893903907228378e-18,3.051592018993852795e-01
2.491999999999999993e+00,1.364325509608429243e+00,2.312964634635742664e-18,3.051592018993856126e-01
2.494000000000000217e+00,1.364325509608445230e+00,4.625929269271485328e-18,3.051592018993852240e-01
2.495999999999999996e+00,1.364325509608434572e+00,1.619075244245020058e-17,3.051592018993858346e-01
2.498000000000000220e+00,1.364325509608436349e+00,1.619075244245020058e-17,3.051592018993851130e-01
2.500000000000000000e+00,1.364325509608439901e+00,0.000000000000000000e+00,3.051592018993850020e-01
2.502000000000000224e+00,1.364325509608422138e+00,1.156482317317871448e-17,3.051592018993850020e-01
2.504000000000000004e+00,1.364325509608432796e+00,1.619075244245020058e-17,3.051592018993853905e-01
2.506000000000000227e+00,1.364325509608422138e+00,2.544261098099316969e-17,3.051592018993852240e-01
2.508000000000000007e+00,1.364325509608420361e+00,1.156482317317871448e-17,3.051592018993851130e-01
2.510000000000000231e+00,1.364325509608450560e+00,0.000000000000000000e+00,3.051592018993855016e-01
2.512000000000000011e+00,1.364325509608427467e+00,4.625929269271485328e-18,3.051592018993853905e-01
2.514000000000000234e+00,1.364325509608448783e+00,2.081668171172168513e-17,3.051592018993852240e-01
2.516000000000000014e+00,1.364325509608438125e+00,9.251858538542970657e-18,3.051592018993852240e-01
2.518000000000000238e+00,1.364325509608445230e+00,1.387778780781445676e-17,3.051592018993852795e-01
2.520000000000000018e+00,1.364325509608432796e+00,2.312964634635742664e-18,3.051592018993853905e-01
2.522000000000000242e+00,1.364325509608455889e+00,2.312964634635742664e-18,3.051592018993851130e-01
2.524000000000000021e+00,1.364325509608432796e+00,1.387778780781445676e-17,3.051592018993851130e-01
2.526000000000000245e+00,1.364325509608431020e+00,2.312964634635742664e-18,3.051592018993851130e-01
2.528000000000000025e+00,1.364325509608432796e+00,6.938893903907228378e-18,3.051592018993853905e-01
2.530000000000000249e+00,1.364325509608439901e+00,2.544261098099316969e-17,3.051592018993855571e-01
2.532000000000000028e+00,1.364325509608436349e+00,4.625929269271485328e-18,3.051592018993853905e-01
2.534000000000000252e+00,1.364325509608415032e+00,1.156482317317871448e-17,3.051592018993850020e-01
2.536000000000000032e+00,1.364325509608441678e+00,6.938893903907228378e-18,3.051592018993857791e-01
2.538000000000000256e+00,1.364325509608443454e+00,4.625929269271485328e-18,3.051592018993850020e-01
2.540000000000000036e+00,1.364325509608439901e+00,6.938893903907228378e-18,3.051592018993850575e-01
2.542000000000000259e+00,1.364325509608443454e+00,1.387778780781445676e-17,3.051592018993848909e-01
2.544000000000000039e+00,1.364325509608415032e+00,4.625929269271485328e-18,3.051592018993850020e-01
2.546000000000000263e+00,1.364325509608445230e+00,1.850371707708594131e-17,3.051592018993853905e-01
2.548000000000000043e+00,1.364325509608443454e+00,4.625929269271485328e-18,3.051592018993856681e-01
2.550000000000000266e+00,1.364325509608427467e+00,2.312964634635742895e-17,3.051592018993855571e-01
2.552000000000000046e+00,1.364325509608429243e+00,0.000000000000000000e+00,3.051592018993851130e-01
2.554000000000000270e+00,1.364325509608422138e+00,4.625929269271485328e-18,3.051592018993852240e-01
2.556000000000000050e+00,1.364325509608425691e+00,9.251858538542970657e-18,3.051592018993851685e-01
2.558000000000000274e+00,1.364325509608443454e+00,1.619075244245020058e-17,3.051592018993855571e-01
2.560000000000000053e+00,1.364325509608416809e+00,1.387778780781445676e-17,3.051592018993853350e-01
2.561999999999999833e+00,1.364325509608420361e+00,6.938893903907228378e-18,3.051592018993853905e-01
2.564000000000000057e+00,1.364325509608439901e+00,2.312964634635742664e-18,3.051592018993846134e-01
2.565999999999999837e+00,1.364325509608427467e+00,4.625929269271485328e-18,3.051592018993853905e-01
2.568000000000000060e+00,1.364325509608415032e+00,1.387778780781445676e-17,3.051592018993856681e-01
2.569999999999999840e+00,1.364325509608416809e+00,4.625929269271485328e-18,3.051592018993848354e-01
2.572000000000000064e+00,1.364325509608431020e+00,2.312964634635742664e-18,3.051592018993848354e-01
2.573999999999999844e+00,1.364325509608443454e+00,4.625929269271485328e-18,3.051592018993850020e-01
2.576000000000000068e+00,1.364325509608438125e+00,6.938893903907228378e-18,3.051592018993853905e-01
2.577999999999999847e+00,1.364325509608416809e+00,1.387778780781445676e-17,3.051592018993850020e-01
2.580000000000000071e+00,1.364325509608432796e+00,4.625929269271485328e-18,3.051592018993851685e-01
2.581999999999999851e+00,1.364325509608438125e+00,1.387778780781445676e-17,3.051592018993847799e-01
2.584000000000000075e+00,1.364325509608420361e+00,9.251858538542970657e-18,3.051592018993845024e-01
2.585999999999999854e+00,1.364325509608423914e+00,4.625929269271485328e-18,3.051592018993851685e-01
2.588000000000000078e+00,1.364325509608439901e+00,1.156482317317871448e-17,3.051592018993856681e-01
2.589999999999999858e+00,1.364325509608427467e+00,1.619075244245020058e-17,3.051592018993850020e-01
2.592000000000000082e+00,1.364325509608420361e+00,2.312964634635742664e-18,3.051592018993853350e-01
2.593999999999999861e+00,1.364325509608438125e+00,0.000000000000000000e+00,3.051592018993852795e-01
2.596000000000000085e+00,1.364325509608416809e+00,4.625929269271485328e-18,3.051592018993856681e-01
2.597999999999999865e+00,1.364325509608429243e+00,4.625929269271485328e-18,3.051592018993851685e-01
2.600000000000000089e+00,1.364325509608429243e+00,1.387778780781445676e-17,3.051592018993856126e-01
2.601999999999999869e+00,1.364325509608439901e+00,9.251858538542970657e-18,3.051592018993853905e-01
2.604000000000000092e+00,1.364325509608436349e+00,6.938893903907228378e-18,3.051592018993850020e-01
2.605999999999999872e+00,1.364325509608429243e+00,0.000000000000000000e+00,3.051592018993851130e-01
2.608000000000000096e+00,1.364325509608438125e+00,6.938893903907228378e-18,3.051592018993850020e-01
2.609999999999999876e+00,1.364325509608432796e+00,6.938893903907228378e-18,3.051592018993848909e-01
2.612000000000000099e+00,1.364325509608441678e+00,2.312964634635742664e-18,3.051592018993852240e-01
2.613999999999999879e+00,1.364325509608439901e+00,2.312964634635742664e-18,3.051592018993847799e-01
2.616000000000000103e+00,1.364325509608431020e+00,1.387778780781445676e-17,3.051592018993851685e-01
2.617999999999999883e+00,1.364325509608438125e+00,9.251858538542970657e-18,3.051592018993851130e-01
2.620000000000000107e+00,1.364325509608438125e+00,1.156482317317871448e-17,3.051592018993853905e-01
2.621999999999999886e+00,1.364325509608445230e+00,1.619075244245020058e-17,3.051592018993857236e-01
2.624000000000000110e+00,1.364325509608431020e+00,2.312964634635742664e-18,3.051592018993852795e-01
2.625999999999999890e+00,1.364325509608434572e+00,1.387778780781445676e-17,3.051592018993847799e-01
2.628000000000000114e+00,1.364325509608443454e+00,0.000000000000000000e+00,3.051592018993855571e-01
2.629999999999999893e+00,1.364325509608445230e+00,2.312964634635742664e-18,3.051592018993852795e-01
2.632000000000000117e+00,1.364325509608425691e+00,1.387778780781445676e-17,3.051592018993853905e-01
2.633999999999999897e+00,1.364325509608434572e+00,6.938893903907228378e-18,3.051592018993855571e-01
2.636000000000000121e+00,1.364325509608438125e+00,1.387778780781445676e-17,3.051592018993852240e-01
2.637999999999999901e+00,1.364325509608439901e+00,1.387778780781445676e-17,3.051592018993850020e-01
2.640000000000000124e+00,1.364325509608441678e+00,2.312964634635742664e-18,3.051592018993852795e-01
2.641999999999999904e+00,1.364325509608447007e+00,1.156482317317871448e-17,3.051592018993853905e-01
2.644000000000000128e+00,1.364325509608431020e+00,4.625929269271485328e-18,3.051592018993848354e-01
2.645999999999999908e+00,1.364325509608445230e+00,2.312964634635742664e-18,3.051592018993852240e-01
2.648000000000000131e+00,1.364325509608434572e+00,0.000000000000000000e+00,3.051592018993851130e-01
2.649999999999999911e+00,1.364325509608452336e+00,2.081668171172168513e-17,3.051592018993855571e-01
2.652000000000000135e+00,1.364325509608436349e+00,1.156482317317871448e-17,3.051592018993852795e-01
2.653999999999999915e+00,1.364325509608429243e+00,9.251858538542970657e-18,3.051592018993855016e-01
2.656000000000000139e+00,1.364325509608432796e+00,2.775557561562891351e-17,3.051592018993851130e-01
2.657999999999999918e+00,1.364325509608441678e+00,9.251858538542970657e-18,3.051592018993856681e-01
2.660000000000000142e+00,1.364325509608416809e+00,2.312964634635742664e-18,3.051592018993851130e-01
2.661999999999999922e+00,1.364325509608427467e+00,1.156482317317871448e-17,3.051592018993852795e-01
2.664000000000000146e+00,1.364325509608432796e+00,4.625929269271485328e-18,3.051592018993850020e-01
2.665999999999999925e+00,1.364325509608425691e+00,4.625929269271485328e-18,3.051592018993848354e-01
2.668000000000000149e+00,1.364325509608441678e+00,2.312964634635742664e-18,3.051592018993853350e-01
2.669999999999999929e+00,1.364325509608436349e+00,4.625929269271485328e-18,3.051592018993852795e-01
2.672000000000000153e+00,1.364325509608431020e+00,2.312964634635742664e-18,3.051592018993852795e-01
2.673999999999999932e+00,1.364325509608438125e+00,2.312964634635742664e-18,3.051592018993853350e-01
2.676000000000000156e+00,1.364325509608452336e+00,0.000000000000000000e+00,3.051592018993856126e-01
2.677999999999999936e+00,1.364325509608447007e+00,2.312964634635742664e-18,3.051592018993852240e-01
2.680000000000000160e+00,1.364325509608452336e+00,1.156482317317871448e-17,3.051592018993855016e-01
2.681999999999999940e+00,1.364325509608432796e+00,1.619075244245020058e-17,3.051592018993853350e-01
2.684000000000000163e+00,1.364325509608432796e+00,4.625929269271485328e-18,3.051592018993849464e-01
2.685999999999999943e+00,1.364325509608434572e+00,2.312964634635742664e-18,3.051592018993851130e-01
2.688000000000000167e+00,1.364325509608457665e+00,4.625929269271485328e-18,3.051592018993855016e-01
2.689999999999999947e+00,1.364325509608415032e+00,1.156482317317871448e-17,3.051592018993850020e-01
2.692000000000000171e+00,1.364325509608445230e+00,2.081668171172168513e-17,3.051592018993850020e-01
2.693999999999999950e+00,1.364325509608420361e+00,4.625929269271485328e-18,3.051592018993850575e-01
2.696000000000000174e+00,1.364325509608441678e+00,1.387778780781445676e-17,3.051592018993853905e-01
2.697999999999999954e+00,1.364325509608443454e+00,1.619075244245020058e-17,3.051592018993853350e-01
2.700000000000000178e+00,1.364325509608439901e+00,6.938893903907228378e-18,3.051592018993857236e-01
2.701999999999999957e+00,1.364325509608445230e+00,6.938893903907228378e-18,3.051592018993852795e-01
2.704000000000000181e+00,1.364325509608418585e+00,6.938893903907228378e-18,3.051592018993848354e-01
2.705999999999999961e+00,1.364325509608429243e+00,6.938893903907228378e-18,3.051592018993853350e-01
2.708000000000000185e+00,1.364325509608452336e+00,1.387778780781445676e-17,3.051592018993859456e-01
2.709999999999999964e+00,1.364325509608431020e+00,9.251858538542970657e-18,3.051592018993848909e-01
2.712000000000000188e+00,1.364325509608422138e+00,4.625929269271485328e-18,3.051592018993853905e-01
2.713999999999999968e+00,1.364325509608434572e+00,9.251858538542970657e-18,3.051592018993852795e-01
2.716000000000000192e+00,1.364325509608445230e+00,2.312964634635742664e-18,3.051592018993848909e-01
2.717999999999999972e+00,1.364325509608438125e+00,4.625929269271485328e-18,3.051592018993850020e-01
2.720000000000000195e+00,1.364325509608438125e+00,6.938893903907228378e-18,3.051592018993852240e-01
2.721999999999999975e+00,1.364325509608443454e+00,1.156482317317871448e-17,3.051592018993855571e-01
2.724000000000000199e+00,1.364325509608448783e+00,1.156482317317871448e-17,3.051592018993851130e-01
2.725999999999999979e+00,1.364325509608445230e+00,1.619075244245020058e-17,3.051592018993851130e-01
2.728000000000000203e+00,1.364325509608452336e+00,1.387778780781445676e-17,3.051592018993857236e-01
2.729999999999999982e+00,1.364325509608452336e+00,1.619075244245020058e-17,3.051592018993852795e-01
2.732000000000000206e+00,1.364325509608425691e+00,4.625929269271485328e-18,3.051592018993845024e-01
2.733999999999999986e+00,1.364325509608411480e+00,6.938893903907228378e-18,3.051592018993849464e-01
2.736000000000000210e+00,1.364325509608443454e+00,4.625929269271485328e-18,3.051592018993855016e-01
2.737999999999999989e+00,1.364325509608447007e+00,2.312964634635742664e-18,3.051592018993847799e-01
2.740000000000000213e+00,1.364325509608429243e+00,6.938893903907228378e-18,3.051592018993856126e-01
2.741999999999999993e+00,1.364325509608427467e+00,2.312964634635742664e-18,3.051592018993850575e-01
2.744000000000000217e+00,1.364325509608416809e+00,2.312964634635742664e-18,3.051592018993856681e-01
2.745999999999999996e+00,1.364325509608432796e+00,9.251858538542970657e-18,3.051592018993851130e-01
2.748000000000000220e+00,1.364325509608436349e+00,1.619075244245020058e-17,3.051592018993857791e-01
2.750000000000000000e+00,1.364325509608438125e+00,4.625929269271485328e-18,3.051592018993852795e-01
2.752000000000000224e+00,1.364325509608441678e+00,1.619075244245020058e-17,3.051592018993852240e-01
2.754000000000000004e+00,1.364325509608445230e+00,2.312964634635742664e-18,3.051592018993849464e-01
2.756000000000000227e+00,1.364325509608425691e+00,1.156482317317871448e-17,3.051592018993848354e-01
2.758000000000000007e+00,1.364325509608439901e+00,4.625929269271485328e-18,3.051592018993848909e-01
2.760000000000000231e+00,1.364325509608439901e+00,2.312964634635742664e-18,3.051592018993852240e-01
2.762000000000000011e+00,1.364325509608443454e+00,1.619075244245020058e-17,3.051592018993851685e-01
2.764000000000000234e+00,1.364325509608418585e+00,4.625929269271485328e-18,3.051592018993850020e-01
2.766000000000000014e+00,1.364325509608431020e+00,2.312964634635742664e-18,3.051592018993854460e-01
2.768000000000000238e+00,1.364325509608445230e+00,1.156482317317871448e-17,3.051592018993855016e-01
2.770000000000000018e+00,1.364325509608423914e+00,1.156482317317871448e-17,3.051592018993851130e-01
2.772000000000000242e+00,1.364325509608427467e+00,1.387778780781445676e-17,3.051592018993852795e-01
2.774000000000000021e+00,1.364325509608445230e+00,9.251858538542970657e-18,3.051592018993852795e-01
2.776000000000000245e+00,1.364325509608438125e+00,2.312964634635742664e-18,3.051592018993850020e-01
2.778000000000000025e+00,1.364325509608438125e+00,1.156482317317871448e-17,3.051592018993852795e-01
2.780000000000000249e+00,1.364325509608448783e+00,2.312964634635742664e-18,3.051592018993852795e-01
2.782000000000000028e+00,1.364325509608423914e+00,4.625929269271485328e-18,3.051592018993850575e-01
2.784000000000000252e+00,1.364325509608439901e+00,1.156482317317871448e-17,3.051592018993856681e-01
2.786000000000000032e+00,1.364325509608436349e+00,9.251858538542970657e-18,3.051592018993855016e-01
2.788000000000000256e+00,1.364325509608447007e+00,2.312964634635742664e-18,3.051592018993853905e-01
2.790000000000000036e+00,1.364325509608402598e+00,1.156482317317871448e-17,3.051592018993851130e-01
2.792000000000000259e+00,1.364325509608431020e+00,4.625929269271485328e-18,3.051592018993851685e-01
2.794000000000000039e+00,1.364325509608418585e+00,6.938893903907228378e-18,3.051592018993851130e-01
2.796000000000000263e+00,1.364325509608455889e+00,0.000000000000000000e+00,3.051592018993850020e-01
2.798000000000000043e+00,1.364325509608439901e+00,1.619075244245020058e-17,3.051592018993850020e-01
2.800000000000000266e+00,1.364325509608455889e+00,4.625929269271485328e-18,3.051592018993853905e-01
2.802000000000000046e+00,1.364325509608432796e+00,9.251858538542970657e-18,3.051592018993851130e-01
2.804000000000000270e+00,1.364325509608438125e+00,1.387778780781445676e-17,3.051592018993856126e-01
2.806000000000000050e+00,1.364325509608420361e+00,6.938893903907228378e-18,3.051592018993851130e-01
2.808000000000000274e+00,1.364325509608441678e+00,1.387778780781445676e-17,3.051592018993858346e-01
2.810000000000000053e+00,1.364325509608420361e+00,4.625929269271485328e-18,3.051592018993850575e-01
2.812000000000000277e+00,1.364325509608439901e+00,6.938893903907228378e-18,3.051592018993855016e-01
2.814000000000000057e+00,1.364325509608443454e+00,4.625929269271485328e-18,3.051592018993852240e-01
2.815999999999999837e+00,1.364325509608450560e+00,9.251858538542970657e-18,3.051592018993856681e-01
2.818000000000000060e+00,1.364325509608434572e+00,2.312964634635742664e-18,3.051592018993853350e-01
2.819999999999999840e+00,1.364325509608441678e+00,4.625929269271485328e-18,3.051592018993852795e-01
2.822000000000000064e+00,1.364325509608438125e+00,2.312964634635742664e-18,3.051592018993853350e-01
2.823999999999999844e+00,1.364325509608422138e+00,2.312964634635742664e-18,3.051592018993848909e-01
2.826000000000000068e+00,1.364325509608436349e+00,2.312964634635742895e-17,3.051592018993852240e-01
2.827999999999999847e+00,1.364325509608425691e+00,2.544261098099316969e-17,3.051592018993851685e-01
2.830000000000000071e+00,1.364325509608438125e+00,1.156482317317871448e-17,3.051592018993847799e-01
2.831999999999999851e+00,1.364325509608436349e+00,2.312964634635742664e-18,3.051592018993853905e-01
2.834000000000000075e+00,1.364325509608429243e+00,6.938893903907228378e-18,3.051592018993851130e-01
2.835999999999999854e+00,1.364325509608439901e+00,1.387778780781445676e-17,3.051592018993855571e-01
2.838000000000000078e+00,1.364325509608462994e+00,4.625929269271485328e-18,3.051592018993856126e-01
2.839999999999999858e+00,1.364325509608423914e+00,2.312964634635742664e-18,3.051592018993855571e-01
2.842000000000000082e+00,1.364325509608441678e+00,2.312964634635742664e-18,3.051592018993851130e-01
2.843999999999999861e+00,1.364325509608418585e+00,2.312964634635742664e-18,3.051592018993852240e-01
2.846000000000000085e+00,1.364325509608418585e+00,6.938893903907228378e-18,3.051592018993849464e-01
2.847999999999999865e+00,1.364325509608441678e+00,4.625929269271485328e-18,3.051592018993851130e-01
2.850000000000000089e+00,1.364325509608432796e+00,1.850371707708594131e-17,3.051592018993852795e-01
2.851999999999999869e+00,1.364325509608418585e+00,1.850371707708594131e-17,3.051592018993848909e-01
2.854000000000000092e+00,1.364325509608447007e+00,1.387778780781445676e-17,3.051592018993855016e-01
2.855999999999999872e+00,1.364325509608431020e+00,6.938893903907228378e-18,3.051592018993846689e-01
2.858000000000000096e+00,1.364325509608439901e+00,1.387778780781445676e-17,3.051592018993852240e-01
2.859999999999999876e+00,1.364325509608438125e+00,1.156482317317871448e-17,3.051592018993855016e-01
2.862000000000000099e+00,1.364325509608432796e+00,9.251858538542970657e-18,3.051592018993847799e-01
2.863999999999999879e+00,1.364325509608434572e+00,6.938893903907228378e-18,3.051592018993853350e-01
2.866000000000000103e+00,1.364325509608427467e+00,6.938893903907228378e-18,3.051592018993851130e-01
2.867999999999999883e+00,1.364325509608441678e+00,2.081668171172168513e-17,3.051592018993853350e-01
2.870000000000000107e+00,1.364325509608434572e+00,0.000000000000000000e+00,3.051592018993851685e-01
2.871999999999999886e+00,1.364325509608448783e+00,2.312964634635742664e-18,3.051592018993851130e-01
2.874000000000000110e+00,1.364325509608438125e+00,0.000000000000000000e+00,3.051592018993850575e-01
2.875999999999999890e+00,1.364325509608448783e+00,1.156482317317871448e-17,3.051592018993855016e-01
2.878000000000000114e+00,1.364325509608431020e+00,4.625929269271485328e-18,3.051592018993851130e-01
2.879999999999999893e+00,1.364325509608438125e+00,4.625929269271485328e-18,3.051592018993850575e-01
2.882000000000000117e+00,1.364325509608431020e+00,4.625929269271485328e-18,3.051592018993851685e-01
2.883999999999999897e+00,1.364325509608436349e+00,1.850371707708594131e-17,3.051592018993855571e-01
2.886000000000000121e+00,1.364325509608439901e+00,4.625929269271485328e-18,3.051592018993853905e-01
2.887999999999999901e+00,1.364325509608445230e+00,4.625929269271485328e-18,3.051592018993853905e-01
2.890000000000000124e+00,1.364325509608432796e+00,9.251858538542970657e-18,3.051592018993855571e-01
2.891999999999999904e+00,1.364325509608415032e+00,4.625929269271485328e-18,3.051592018993849464e-01
2.894000000000000128e+00,1.364325509608443454e+00,2.312964634635742664e-18,3.051592018993852240e-01
2.895999999999999908e+00,1.364325509608436349e+00,4.625929269271485328e-18,3.051592018993853905e-01
2.898000000000000131e+00,1.364325509608434572e+00,4.625929269271485328e-18,3.051592018993855571e-01
2.899999999999999911e+00,1.364325509608432796e+00,2.312964634635742664e-18,3.051592018993846689e-01
2.902000000000000135e+00,1.364325509608441678e+00,2.312964634635742664e-18,3.051592018993850575e-01
2.903999999999999915e+00,1.364325509608438125e+00,9.251858538542970657e-18,3.051592018993853905e-01
2.906000000000000139e+00,1.364325509608439901e+00,6.938893903907228378e-18,3.051592018993852240e-01
2.907999999999999918e+00,1.364325509608450560e+00,2.312964634635742664e-18,3.051592018993853905e-01
2.910000000000000142e+00,1.364325509608431020e+00,6.938893903907228378e-18,3.051592018993852240e-01
2.911999999999999922e+00,1.364325509608438125e+00,2.775557561562891351e-17,3.051592018993853905e-01
2.914000000000000146e+00,1.364325509608441678e+00,1.619075244245020058e-17,3.051592018993851685e-01
2.915999999999999925e+00,1.364325509608434572e+00,4.625929269271485328e-18,3.051592018993852795e-01
2.918000000000000149e+00,1.364325509608418585e+00,0.000000000000000000e+00,3.051592018993851130e-01
2.919999999999999929e+00,1.364325509608432796e+00,9.251858538542970657e-18,3.051592018993848909e-01
2.922000000000000153e+00,1.364325509608427467e+00,2.312964634635742664e-18,3.051592018993852795e-01
2.923999999999999932e+00,1.364325509608438125e+00,9.251858538542970657e-18,3.051592018993858346e-01
2.926000000000000156e+00,1.364325509608415032e+00,0.000000000000000000e+00,3.051592018993847244e-01
2.927999999999999936e+00,1.364325509608432796e+00,0.000000000000000000e+00,3.051592018993851130e-01
2.930000000000000160e+00,1.364325509608439901e+00,9.251858538542970657e-18,3.051592018993851685e-01
2.931999999999999940e+00,1.364325509608418585e+00,1.387778780781445676e-17,3.051592018993849464e-01
2.934000000000000163e+00,1.364325509608418585e+00,2.312964634635742664e-18,3.051592018993852240e-01
2.935999999999999943e+00,1.364325509608434572e+00,1.156482317317871448e-17,3.051592018993850020e-01
2.938000000000000167e+00,1.364325509608436349e+00,0.000000000000000000e+00,3.051592018993853350e-01
2.939999999999999947e+00,1.364325509608427467e+00,9.251858538542970657e-18,3.051592018993851130e-01
2.942000000000000171e+00,1.364325509608427467e+00,6.938893903907228378e-18,3.051592018993849464e-01
2.943999999999999950e+00,1.364325509608438125e+00,2.312964634635742895e-17,3.051592018993852795e-01
2.946000000000000174e+00,1.364325509608427467e+00,1.619075244245020058e-17,3.051592018993850575e-01
2.947999999999999954e+00,1.364325509608432796e+00,1.850371707708594131e-17,3.051592018993850020e-01
2.950000000000000178e+00,1.364325509608439901e+00,2.312964634635742895e-17,3.051592018993851685e-01
2.951999999999999957e+00,1.364325509608418585e+00,1.387778780781445676e-17,3.051592018993852240e-01
2.954000000000000181e+00,1.364325509608439901e+00,6.938893903907228378e-18,3.051592018993856681e-01
2.955999999999999961e+00,1.364325509608423914e+00,4.625929269271485328e-18,3.051592018993851130e-01
2.958000000000000185e+00,1.364325509608416809e+00,1.156482317317871448e-17,3.051592018993856681e-01
2.959999999999999964e+00,1.364325509608445230e+00,1.850371707708594131e-17,3.051592018993849464e-01
2.962000000000000188e+00,1.364325509608425691e+00,2.312964634635742664e-18,3.051592018993849464e-01
2.963999999999999968e+00,1.364325509608438125e+00,2.312964634635742664e-18,3.051592018993855571e-01
2.966000000000000192e+00,1.364325509608439901e+00,2.081668171172168513e-17,3.051592018993858346e-01
2.967999999999999972e+00,1.364325509608436349e+00,1.156482317317871448e-17,3.051592018993852240e-01
2.970000000000000195e+00,1.364325509608427467e+00,6.938893903907228378e-18,3.051592018993852795e-01
2.971999999999999975e+00,1.364325509608425691e+00,2.312964634635742664e-18,3.051592018993847244e-01
2.974000000000000199e+00,1.364325509608445230e+00,6.938893903907228378e-18,3.051592018993853905e-01
2.975999999999999979e+00,1.364325509608432796e+00,2.775557561562891351e-17,3.051592018993856126e-01
2.978000000000000203e+00,1.364325509608425691e+00,2.312964634635742664e-18,3.051592018993855016e-01
2.979999999999999982e+00,1.364325509608434572e+00,2.081668171172168513e-17,3.051592018993853350e-01
2.982000000000000206e+00,1.364325509608436349e+00,9.251858538542970657e-18,3.051592018993853350e-01
2.983999999999999986e+00,1.364325509608434572e+00,2.312964634635742664e-18,3.051592018993857791e-01
2.986000000000000210e+00,1.364325509608431020e+00,2.312964634635742664e-18,3.051592018993855016e-01
2.987999999999999989e+00,1.364325509608431020e+00,1.156482317317871448e-17,3.051592018993855571e-01
2.990000000000000213e+00,1.364325509608413256e+00,1.619075244245020058e-17,3.051592018993852795e-01
2.991999999999999993e+00,1.364325509608436349e+00,1.156482317317871448e-17,3.051592018993855571e-01
2.994000000000000217e+00,1.364325509608438125e+00,1.387778780781445676e-17,3.051592018993852240e-01
2.995999999999999996e+00,1.364325509608434572e+00,9.251858538542970657e-18,3.051592018993852240e-01
2.998000000000000220e+00,1.364325509608438125e+00,6.938893903907228378e-18,3.051592018993852795e-01
3.000000000000000000e+00,1.364325509608443454e+00,6.938893903907228378e-18,3.051592018993853905e-01
