# delta,gap,coarse,fine
0.000000000000000000e+00,1.501689080775534535e+00,1.017343038515564943e-17,2.772442470528306280e-01
2.000000000000000042e-03,1.501042526462306625e+00,1.174552353525963201e-18,2.771977194393582811e-01
4.000000000000000083e-03,1.500394468442557638e+00,4.056723128716595500e-18,2.771510031510986960e-01
6.000000000000000125e-03,1.499744904138186286e+00,3.595937205410256116e-18,2.771040972328525087e-01
8.000000000000000167e-03,1.499093830986247156e+00,1.192622389734054877e-17,2.770570007242286747e-01
1.000000000000000021e-02,1.498441246443633190e+00,1.048062100069320889e-18,2.770097126596199888e-01
1.200000000000000025e-02,1.497787147982204914e+00,2.624672759225325420e-17,2.769622320681744410e-01
1.400000000000000029e-02,1.497131533092968425e+00,1.261288527324803440e-17,2.769145579737836704e-01
1.600000000000000033e-02,1.496474399285233403e+00,3.939267893363999700e-18,2.768666893950465502e-01
1.800000000000000211e-02,1.495815744086169019e+00,1.308270621465842068e-17,2.768186253452603607e-01
2.000000000000000042e-02,1.495155565042765033e+00,1.987703982890091334e-18,2.767703648323857624e-01
2.199999999999999872e-02,1.494493859721163886e+00,1.084202172485504434e-19,2.767219068590292541e-01
2.400000000000000050e-02,1.493830625706390691e+00,2.929152869331671351e-17,2.766732504224274636e-01
2.600000000000000228e-02,1.493165860604623418e+00,5.601711224508439319e-18,2.766243945144074567e-01
2.800000000000000058e-02,1.492499562042080896e+00,7.959850949664412233e-18,2.765753381213839623e-01
2.999999999999999889e-02,1.491831727666301788e+00,1.450120405699362180e-17,2.765260802243230676e-01
3.200000000000000067e-02,1.491162355145178253e+00,4.011548038196366406e-18,2.764766197987243435e-01
3.400000000000000244e-02,1.490491442169162184e+00,2.168404344971008868e-19,2.764269558146043582e-01
3.600000000000000422e-02,1.489818986450391236e+00,7.950815931560365336e-18,2.763770872364632036e-01
3.799999999999999906e-02,1.489144985724042414e+00,3.939267893363999700e-18,2.763270130232708399e-01
4.000000000000000083e-02,1.488469437747038882e+00,2.891205793294678330e-19,2.762767321284452793e-01
4.200000000000000261e-02,1.487792340301506755e+00,7.246084519444787454e-18,2.762262434998264959e-01
4.399999999999999745e-02,1.487113691191265019e+00,1.015536034894755871e-17,2.761755460796597728e-01
4.599999999999999922e-02,1.486433488245687329e+00,3.324886662288880393e-18,2.761246388045697220e-01
4.800000000000000100e-02,1.485751729318430137e+00,1.142929790161802642e-17,2.760735206055423552e-01
5.000000000000000278e-02,1.485068412288722328e+00,7.182839392716466875e-18,2.760221904079025457e-01
5.200000000000000455e-02,1.484383535059848214e+00,4.065758146820641628e-19,2.759706471312954879e-01
5.399999999999999939e-02,1.483697095562789059e+00,1.084202172485504434e-19,2.759188896896605514e-01
5.600000000000000117e-02,1.483009091754148301e+00,1.843143693225357538e-17,2.758669169912182362e-01
5.800000000000000294e-02,1.482319521617434077e+00,4.481368979606751917e-18,2.758147279384420281e-01
5.999999999999999778e-02,1.481628383163389628e+00,1.022764049377992465e-17,2.757623214280419677e-01
6.199999999999999956e-02,1.480935674431030691e+00,1.206174916890123683e-17,2.757096963509477749e-01
6.400000000000000133e-02,1.480241393487528256e+00,1.407655820610346693e-17,2.756568515922816487e-01
6.600000000000000311e-02,1.479545538428507001e+00,8.312216655722200982e-19,2.756037860313473864e-01
6.800000000000000488e-02,1.478848107379420185e+00,3.776637567491174035e-18,2.755504985416040165e-01
7.000000000000000666e-02,1.478149098494970559e+00,4.842769703768586215e-18,2.754969879906452035e-01
7.200000000000000844e-02,1.477448509960861855e+00,3.541727096785980894e-18,2.754432532401930311e-01
7.399999999999999634e-02,1.476746339992821788e+00,1.131184266626542908e-17,2.753892931460620863e-01
7.599999999999999811e-02,1.476042586838154591e+00,2.331034670843834533e-17,2.753351065581510770e-01
7.799999999999999989e-02,1.475337248776142474e+00,2.528901567322439092e-17,2.752806923204267897e-01
8.000000000000000167e-02,1.474630324118354707e+00,5.204170427930421283e-18,2.752260492708994422e-01
8.200000000000000344e-02,1.473921811209077504e+00,8.050201130704870423e-18,2.751711762416081952e-01
8.400000000000000522e-02,1.473211708426280353e+00,4.129003273548962976e-18,2.751160720586025010e-01
8.600000000000000699e-02,1.472500014181356676e+00,7.679765388438989227e-18,2.750607355419268374e-01
8.799999999999999489e-02,1.471786726920672805e+00,7.878535786727999401e-18,2.750051655056041100e-01
8.999999999999999667e-02,1.471071845125333510e+00,7.770115569479448765e-19,2.749493607576158904e-01
9.199999999999999845e-02,1.470355367312894401e+00,1.274841054480872246e-17,2.748933200998907589e-01
9.400000000000000022e-02,1.469637292035677945e+00,9.035018104045870925e-19,2.748370423282868735e-01
9.600000000000000200e-02,1.468917617883821691e+00,6.812403650450586450e-18,2.747805262325730413e-01
9.800000000000000377e-02,1.468196343483885613e+00,3.433306879537430836e-18,2.747237705964193366e-01
1.000000000000000056e-01,1.467473467501811513e+00,9.035018104045870925e-19,2.746667741973797261e-01
1.020000000000000073e-01,1.466748988640404150e+00,3.433306879537430836e-18,2.746095358068736947e-01
1.040000000000000091e-01,1.466022905642212493e+00,1.150157804645039236e-17,2.745520541901805833e-01
1.059999999999999970e-01,1.465295217289632745e+00,1.476321958201095102e-17,2.744943281064209928e-01
1.079999999999999988e-01,1.464565922405601128e+00,8.646512325571897861e-18,2.744363563085429059e-01
1.100000000000000006e-01,1.463835019853195973e+00,9.667469371329080561e-19,2.743781375433104186e-01
1.120000000000000023e-01,1.463102508537396318e+00,2.177439363075054610e-18,2.743196705512923050e-01
1.140000000000000041e-01,1.462368387405671655e+00,2.674365358797577732e-18,2.742609540668504708e-01
1.160000000000000059e-01,1.461632655447949958e+00,7.661695352230898514e-18,2.742019868181246323e-01
1.180000000000000077e-01,1.460895311697786525e+00,3.776637567491174035e-18,2.741427675270261544e-01
1.199999999999999956e-01,1.460156355232314240e+00,4.779524577040265637e-18,2.740832949092227855e-01
1.219999999999999973e-01,1.459415785174108748e+00,2.490050989475041747e-17,2.740235676741342163e-01
1.239999999999999991e-01,1.458673600691255956e+00,9.143438321294420213e-18,2.739635845249214219e-01
1.260000000000000009e-01,1.457929800996929259e+00,1.073360150760649390e-17,2.739033441584738382e-01
1.280000000000000027e-01,1.457184385352011446e+00,1.987703982890091382e-19,2.738428452654027567e-01
1.300000000000000044e-01,1.456437353064522711e+00,9.577119190288621987e-18,2.737820865300367168e-01
1.320000000000000062e-01,1.455688703490469749e+00,3.234536481248421433e-18,2.737210666304126794e-01
1.340000000000000080e-01,1.454938436035263294e+00,7.200909428924559129e-18,2.736597842382624268e-01
1.360000000000000098e-01,1.454186550152833490e+00,1.300139105172200785e-17,2.735982380190190022e-01
1.380000000000000115e-01,1.453433045348823782e+00,1.662443331144440235e-17,2.735364266318053295e-01
1.400000000000000133e-01,1.452677921178477050e+00,2.134071276175634664e-17,2.734743487294244990e-01
1.420000000000000151e-01,1.451921177249154482e+00,1.382357769919018153e-17,2.734120029583639866e-01
1.440000000000000169e-01,1.451162813221365866e+00,1.754600515805708112e-17,2.733493879587863273e-01
1.459999999999999909e-01,1.450402828807952460e+00,1.168227840853131028e-17,2.732865023645291713e-01
1.479999999999999927e-01,1.449641223775980592e+00,9.843652224357976187e-18,2.732233448031046175e-01
1.499999999999999944e-01,1.448877997947327856e+00,4.156108327861100491e-19,2.731599138956928297e-01
1.519999999999999962e-01,1.448113151199400761e+00,2.891205793294678619e-18,2.730962082571439797e-01
1.539999999999999980e-01,1.447346683465394079e+00,2.679334618754802833e-17,2.730322264959847423e-01
1.559999999999999998e-01,1.446578594736013912e+00,1.456444918372194392e-17,2.729679672144030844e-01
1.580000000000000016e-01,1.445808885059829407e+00,8.226383983733764893e-18,2.729034290082706371e-01
1.600000000000000033e-01,1.445037554543219471e+00,1.276648058101681471e-17,2.728386104671249868e-01
1.620000000000000051e-01,1.444264603353143883e+00,5.963111948670274387e-19,2.727735101741904367e-01
1.640000000000000069e-01,1.443490031715739974e+00,6.062497147814778703e-18,2.727081267063706238e-01
1.660000000000000087e-01,1.442713839919104402e+00,1.396813798885491649e-17,2.726424586342584555e-01
1.680000000000000104e-01,1.441936028312230889e+00,2.131360770744420903e-17,2.725765045221410499e-01
1.700000000000000122e-01,1.441156597307973186e+00,4.101898219236825365e-18,2.725102629280037325e-01
1.720000000000000140e-01,1.440375547381595567e+00,3.361026734705063745e-18,2.724437324035463015e-01
1.740000000000000158e-01,1.439592879073927634e+00,2.200930410145574001e-17,2.723769114941801406e-01
1.759999999999999898e-01,1.438808592989801127e+00,3.252606517456513302e-19,2.723097987390467045e-01
1.779999999999999916e-01,1.438022689801375265e+00,1.068842641708626403e-17,2.722423926710272335e-01
1.799999999999999933e-01,1.437235170247230798e+00,5.149960319306146062e-19,2.721746918167484708e-01
1.819999999999999951e-01,1.436446035133993604e+00,1.156482317317871332e-18,2.721066946966049227e-01
1.839999999999999969e-01,1.435655285337052334e+00,1.826880660638074971e-17,2.720383998247630775e-01
1.859999999999999987e-01,1.434862921801883573e+00,4.047688110612550144e-18,2.719698057091819443e-01
1.880000000000000004e-01,1.434068945543934603e+00,1.458703672898205655e-17,2.719009108516285966e-01
1.900000000000000022e-01,1.433273357650595159e+00,1.235990476633475055e-17,2.718317137476960466e-01
1.920000000000000040e-01,1.432476159281897310e+00,7.480994990149980595e-18,2.717622128868192322e-01
1.940000000000000058e-01,1.431677351671211795e+00,2.602085213965210642e-18,2.716924067522945019e-01
1.960000000000000075e-01,1.430876936125780929e+00,1.409462824231155764e-17,2.716222938213053162e-01
1.980000000000000093e-01,1.430074914029304978e+00,1.153771811886657687e-17,2.715518725649374576e-01
2.000000000000000111e-01,1.429271286840268829e+00,5.782411586589357238e-18,2.714811414482061203e-01
2.020000000000000129e-01,1.428466056096269199e+00,3.071906155375595768e-18,2.714100989300843869e-01
2.040000000000000147e-01,1.427659223411165357e+00,9.848169733409998095e-18,2.713387434635203821e-01
2.060000000000000164e-01,1.426850790479885944e+00,8.854317741964953391e-18,2.712670734954703566e-01
2.080000000000000182e-01,1.426040759076649067e+00,4.007030529144343727e-18,2.711950874669294964e-01
2.099999999999999922e-01,1.425229131056678256e+00,1.897353801849632760e-17,2.711227838129540713e-01
2.119999999999999940e-01,1.424415908358572125e+00,3.975407965780182764e-19,2.710501609627049557e-01
2.139999999999999958e-01,1.423601093003107110e+00,7.471959972045935238e-18,2.709772173394646710e-01
2.159999999999999976e-01,1.422784687095919764e+00,5.366800753803246948e-18,2.709039513606908423e-01
2.179999999999999993e-01,1.421966692828558365e+00,5.791446604693402595e-18,2.708303614380398461e-01
2.200000000000000011e-01,1.421147112478429619e+00,9.360278755791521100e-18,2.707564459774029486e-01
2.220000000000000029e-01,1.420325948410500416e+00,6.830473686658677934e-18,2.706822033789590409e-01
2.240000000000000047e-01,1.419503203078427589e+00,3.903127820947815962e-18,2.706076320371987309e-01
2.260000000000000064e-01,1.418678879025733863e+00,1.333568672157170454e-17,2.705327303409821305e-01
2.280000000000000082e-01,1.417852978886855908e+00,2.993753248775599118e-17,2.704574966735733277e-01
2.300000000000000100e-01,1.417025505387520923e+00,2.013905535391824486e-17,2.703819294126906247e-01
2.320000000000000118e-01,1.416196461347272617e+00,1.156482317317871332e-18,2.703060269305563312e-01
2.340000000000000135e-01,1.415365849679197652e+00,1.214758184088967311e-17,2.702297875939391192e-01
2.360000000000000153e-01,1.414533673392288193e+00,6.288372600415925717e-18,2.701532097642173058e-01
2.380000000000000171e-01,1.413699935591250068e+00,3.189361390728192338e-18,2.700762917974229849e-01
2.399999999999999911e-01,1.412864639478435436e+00,1.637145280453111695e-17,2.699990320442987590e-01
2.419999999999999929e-01,1.412027788355928237e+00,1.610943727951378774e-17,2.699214288503622439e-01
2.439999999999999947e-01,1.411189385624567194e+00,4.734349486520035772e-18,2.698434805559574157e-01
2.459999999999999964e-01,1.410349434787175227e+00,1.029992063861229212e-18,2.697651854963224460e-01
2.479999999999999982e-01,1.409507939448147340e+00,2.348878831599325230e-17,2.696865420016472670e-01
2.500000000000000000e-01,1.408664903315528960e+00,2.710505431213761085e-20,2.696075483971436815e-01
2.520000000000000018e-01,1.407820330203080061e+00,5.574606170196301708e-18,2.695282030031145859e-01
2.540000000000000036e-01,1.406974224028726184e+00,7.860465750519907147e-19,2.694485041350230259e-01
2.560000000000000053e-01,1.406126588819507361e+00,2.782785576046128176e-18,2.693684501035594203e-01
2.580000000000000071e-01,1.405277428709631238e+00,1.301042606982605321e-18,2.692880392147282143e-01
2.600000000000000089e-01,1.404426747942906673e+00,1.196236396975673174e-17,2.692072697699116612e-01
2.620000000000000107e-01,1.403574550875060112e+00,1.427532860439247441e-18,2.691261400659628600e-01
2.640000000000000124e-01,1.402720841973124521e+00,1.211595927752551205e-17,2.690446483952740886e-01
2.660000000000000142e-01,1.401865625818327743e+00,1.402234809747919171e-17,2.689627930458773908e-01
2.680000000000000160e-01,1.401008907106049861e+00,3.921197857155907446e-18,2.688805723015131321e-01
2.700000000000000178e-01,1.400150690648402474e+00,1.343507192071620962e-17,2.687979844417380249e-01
2.720000000000000195e-01,1.399290981374118559e+00,8.312216655722200982e-19,2.687150277420072286e-01
2.740000000000000213e-01,1.398429784331739256e+00,1.341700188450811737e-18,2.686317004737706626e-01
2.760000000000000231e-01,1.397567104688864248e+00,3.722427458866898814e-18,2.685480009045727590e-01
2.780000000000000249e-01,1.396702947735413147e+00,3.861340862216604069e-18,2.684639272981529379e-01
2.800000000000000266e-01,1.395837318883586420e+00,1.115824735849665031e-17,2.683794779145500797e-01
2.820000000000000284e-01,1.394970223669819376e+00,1.156482317317871448e-17,2.682946510102092730e-01
2.840000000000000302e-01,1.394101667755681007e+00,2.610668481164054116e-17,2.682094448380839546e-01
2.860000000000000320e-01,1.393231656930311146e+00,6.324512672832108877e-19,2.681238576477634195e-01
2.880000000000000338e-01,1.392360197111226938e+00,4.598824214959347717e-18,2.680378876855740722e-01
2.899999999999999800e-01,1.391487294344845083e+00,1.161677452727697720e-17,2.679515331947046608e-01
2.919999999999999818e-01,1.390612954809739676e+00,7.743010515167311346e-18,2.678647924153318427e-01
2.939999999999999836e-01,1.389737184816308257e+00,2.138588785227657496e-17,2.677776635847359810e-01
2.959999999999999853e-01,1.388859990808967382e+00,1.319112643190696997e-18,2.676901449374379238e-01
2.979999999999999871e-01,1.387981379368468993e+00,1.570286146483172358e-17,2.676022347053266803e-01
2.999999999999999889e-01,1.387101357211292907e+00,2.482822974991805154e-17,2.675139311177989754e-01
3.019999999999999907e-01,1.386219931192865573e+00,8.924339132271308372e-18,2.674252324018918658e-01
3.039999999999999925e-01,1.385337108308881682e+00,1.698583403560623549e-18,2.673361367824311774e-01
3.059999999999999942e-01,1.384452895695698516e+00,4.815664649456448604e-18,2.672466424821768327e-01
3.079999999999999960e-01,1.383567300633220754e+00,4.336808689942017736e-19,2.671567477219653486e-01
3.099999999999999978e-01,1.382680330544449276e+00,1.108596721366428284e-17,2.670664507208731497e-01
3.119999999999999996e-01,1.381791993000195617e+00,4.156108327861100587e-18,2.669757496963703902e-01
3.140000000000000013e-01,1.380902295716730066e+00,6.825956177606655256e-18,2.668846428644782720e-01
3.160000000000000031e-01,1.380011246561085869e+00,8.312216655722201174e-18,2.667931284399399083e-01
3.180000000000000049e-01,1.379118853549485380e+00,8.036648603548801617e-18,2.667012046363881339e-01
3.200000000000000067e-01,1.378225124850406047e+00,1.634434775021897934e-17,2.666088696665147584e-01
3.220000000000000084e-01,1.377330068787252060e+00,3.948302911468045057e-18,2.665161217422549189e-01
3.240000000000000102e-01,1.376433693836396799e+00,1.164162082706310386e-17,2.664229590749619958e-01
3.260000000000000120e-01,1.375536008632860074e+00,3.708874931710830008e-18,2.663293798756001252e-01
3.280000000000000138e-01,1.374637021969800088e+00,7.368057263849406703e-18,2.662353823549271636e-01
3.300000000000000155e-01,1.373736742799660959e+00,9.681021898485150522e-18,2.661409647236970266e-01
3.320000000000000173e-01,1.372835180237395036e+00,6.722053469410127491e-18,2.660461251928546433e-01
3.340000000000000191e-01,1.371932343560605005e+00,1.183587371630009058e-17,2.659508619737431800e-01
3.360000000000000209e-01,1.371028242211920656e+00,1.486712229020747955e-17,2.658551732783058785e-01
3.380000000000000226e-01,1.370122885800981294e+00,1.860310227623044794e-17,2.657590573193109873e-01
3.400000000000000244e-01,1.369216284105664982e+00,6.622668270265623175e-18,2.656625123105562647e-01
3.420000000000000262e-01,1.368308447073005141e+00,8.474846981595026839e-18,2.655655364671067331e-01
3.440000000000000280e-01,1.367399384821851527e+00,2.150334308762916999e-18,2.654681280055113390e-01
3.460000000000000298e-01,1.366489107645364243e+00,1.214306433183764966e-17,2.653702851440413180e-01
3.480000000000000315e-01,1.365577626010367140e+00,1.308270621465842068e-17,2.652720061029318899e-01
3.500000000000000333e-01,1.364664950560850798e+00,1.499813005271614570e-17,2.651732891046159613e-01
3.519999999999999796e-01,1.363751092119802166e+00,7.833360696207769536e-18,2.650741323739848054e-01
3.539999999999999813e-01,1.362836061689396416e+00,4.571719160647210107e-18,2.649745341386354203e-01
3.559999999999999831e-01,1.361919870453839110e+00,8.339321710034338785e-18,2.648744926291339841e-01
3.579999999999999849e-01,1.361002529781458747e+00,1.565768637431149217e-17,2.647740060792767025e-01
3.599999999999999867e-01,1.360084051225609159e+00,1.113114230418451270e-17,2.646730727263708616e-01
3.619999999999999885e-01,1.359164446526946790e+00,5.168030355514237545e-18,2.645716908114987276e-01
3.639999999999999902e-01,1.358243727614453888e+00,5.646886315028669184e-18,2.644698585798112012e-01
3.659999999999999920e-01,1.357321906608699891e+00,1.488970983546759525e-17,2.643675742808144213e-01
3.679999999999999938e-01,1.356398995821706421e+00,9.812029660993815128e-18,2.642648361686598668e-01
3.699999999999999956e-01,1.355475007760524875e+00,1.507041019754851163e-17,2.641616425024512216e-01
3.719999999999999973e-01,1.354549955128582894e+00,3.158642329174436046e-17,2.640579915465505745e-01
3.739999999999999991e-01,1.353623850825659503e+00,1.282972570774513529e-17,2.639538815708899477e-01
3.760000000000000009e-01,1.352696707952478761e+00,4.047688110612550144e-18,2.638493108512894314e-01
3.780000000000000027e-01,1.351768539811050829e+00,6.604598234057530920e-18,2.637442776697940250e-01
3.800000000000000044e-01,1.350839359907034520e+00,6.469072962496842866e-18,2.636387803149947140e-01
3.820000000000000062e-01,1.349909181950394554e+00,1.420304845956010809e-17,2.635328170823726945e-01
3.840000000000000080e-01,1.348978019858929400e+00,1.933493874265816112e-18,2.634263862746505924e-01
3.860000000000000098e-01,1.348045887759198536e+00,3.162256336416054439e-19,2.633194862021416838e-01
3.880000000000000115e-01,1.347112799988202880e+00,2.092510192897023558e-17,2.632121151831094963e-01
3.900000000000000133e-01,1.346178771096166571e+00,5.673991369340806795e-18,2.631042715441419544e-01
3.920000000000000151e-01,1.345243815847169344e+00,5.186100391722329799e-18,2.629959536205173642e-01
3.940000000000000169e-01,1.344307949222230292e+00,1.161903328180298970e-17,2.628871597565921592e-01
3.960000000000000187e-01,1.343371186420860397e+00,2.271403551357131789e-17,2.627778883061935300e-01
3.980000000000000204e-01,1.342433542861570572e+00,2.782785576046128176e-18,2.626681376330095574e-01
4.000000000000000222e-01,1.341495034186667823e+00,5.502326025363935003e-18,2.625579061109986623e-01
4.020000000000000240e-01,1.340555676261551810e+00,9.098263230774191889e-18,2.624471921248024420e-01
4.040000000000000258e-01,1.339615485177638732e+00,2.780978572425318873e-17,2.623359940701633364e-01
4.060000000000000275e-01,1.338674477254393480e+00,7.291259609965017319e-18,2.622243103543531184e-01
4.080000000000000293e-01,1.337732669040558875e+00,4.662069341687669066e-18,2.621121393966185931e-01
4.100000000000000311e-01,1.336790077317395742e+00,2.349104707051926402e-18,2.619994796286073679e-01
4.120000000000000329e-01,1.335846719099560431e+00,1.616364738813806296e-17,2.618863294948391429e-01
4.140000000000000346e-01,1.334902611637161840e+00,3.794707603699265519e-18,2.617726874531569048e-01
4.160000000000000364e-01,1.333957772418060017e+00,9.830099697201907382e-18,2.616585519751994937e-01
4.179999999999999827e-01,1.333012219169443568e+00,5.673991369340806795e-18,2.615439215468812750e-01
4.199999999999999845e-01,1.332065969859961285e+00,9.830099697201907382e-18,2.614287946688751973e-01
4.219999999999999862e-01,1.331119042701978117e+00,1.216113436804574192e-17,2.613131698571103390e-01
4.239999999999999880e-01,1.330171456153419030e+00,1.008308020411519124e-17,2.611970456432782250e-01
4.259999999999999898e-01,1.329223228918841926e+00,1.617268240624210678e-17,2.610804205753459173e-01
4.279999999999999916e-01,1.328274379952912199e+00,5.421010862427522170e-20,2.609632932180755427e-01
4.299999999999999933e-01,1.327324928461294462e+00,3.071906155375595768e-18,2.608456621535626963e-01
4.319999999999999951e-01,1.326374893902762864e+00,6.541353107329210342e-18,2.607275259817689594e-01
4.339999999999999969e-01,1.325424295991826540e+00,3.704357422658806559e-18,2.606088833210813416e-01
4.359999999999999987e-01,1.324473154699756350e+00,1.320919646811506184e-17,2.604897328088687236e-01
4.380000000000000004e-01,1.323521490257515865e+00,4.878909776184769953e-18,2.603700731020502923e-01
4.400000000000000022e-01,1.322569323157420484e+00,4.716279450311944288e-18,2.602499028776784074e-01
4.420000000000000040e-01,1.321616674154370230e+00,1.626303258728256651e-19,2.601292208335262979e-01
4.440000000000000058e-01,1.320663564268386381e+00,9.812029660993815128e-18,2.600080256886916352e-01
4.460000000000000075e-01,1.319710014787798258e+00,1.427532860439247441e-18,2.598863161841974967e-01
4.480000000000000093e-01,1.318756047268895060e+00,2.634611279139775775e-17,2.597640910836244155e-01
4.500000000000000111e-01,1.317801683539691737e+00,9.378348791999613354e-18,2.596413491737301626e-01
4.520000000000000129e-01,1.316846945702017990e+00,3.306816626080788524e-18,2.595180892650972848e-01
4.540000000000000147e-01,1.315891856131038651e+00,1.443795893026529969e-17,2.593943101927764783e-01
4.560000000000000164e-01,1.314936437480938025e+00,8.041166112600825066e-18,2.592700108169631590e-01
4.580000000000000182e-01,1.313980712683537888e+00,1.216113436804574192e-17,2.591451900236541039e-01
4.600000000000000200e-01,1.313024704953004829e+00,1.432953871301674924e-17,2.590198467253360670e-01
4.620000000000000218e-01,1.312068437785764985e+00,1.255867516462375918e-17,2.588939798616866073e-01
4.640000000000000235e-01,1.311111934963101078e+00,3.144186300207962859e-18,2.587675884002740290e-01
4.660000000000000253e-01,1.310155220554356958e+00,2.168404344971008868e-18,2.586406713372682020e-01
4.680000000000000271e-01,1.309198318917164983e+00,9.540979117872439019e-18,2.585132276981855215e-01
4.700000000000000289e-01,1.308241254699304079e+00,1.431146867680865853e-17,2.583852565386089983e-01
4.720000000000000306e-01,1.307284052843385780e+00,1.369708744573353884e-17,2.582567569449468192e-01
4.740000000000000324e-01,1.306326738585401159e+00,1.512462030617278685e-17,2.581277280352008430e-01
4.760000000000000342e-01,1.305369337458589740e+00,1.624496255107447580e-17,2.579981689597288241e-01
4.780000000000000360e-01,1.304411875295169665e+00,8.745897524716402948e-18,2.578680789020385555e-01
4.799999999999999822e-01,1.303454378227847599e+00,2.287666583944414356e-17,2.577374570795781250e-01
4.819999999999999840e-01,1.302496872691602192e+00,1.069746143519031093e-17,2.576063027445529841e-01
4.839999999999999858e-01,1.301539385427556539e+00,1.156482317317871332e-18,2.574746151847410736e-01
4.859999999999999876e-01,1.300581943480533909e+00,1.380550766298208928e-17,2.573423937243247694e-01
4.879999999999999893e-01,1.299624574206845296e+00,8.492917017803117745e-19,2.572096377247424237e-01
4.899999999999999911e-01,1.298667305270665651e+00,2.027458062547893292e-17,2.570763465855410157e-01
4.919999999999999929e-01,1.297710164650222708e+00,1.915423838057724628e-18,2.569425197452457899e-01
4.939999999999999947e-01,1.296753180636670777e+00,1.676899360110913422e-17,2.568081566822478234e-01
4.959999999999999964e-01,1.295796381837678979e+00,2.312964634635742664e-18,2.566732569156889299e-01
4.979999999999999982e-01,1.294839797178390484e+00,5.095750210681870840e-18,2.565378200063760383e-01
5.000000000000000000e-01,1.293883455903870328e+00,1.290200585257750276e-17,2.564018455576997368e-01
5.020000000000000018e-01,1.292927387580615317e+00,1.953370914094717053e-17,2.562653332165665265e-01
5.040000000000000036e-01,1.291971622098671446e+00,1.183587371630009058e-17,2.561282826743379037e-01
5.060000000000000053e-01,1.291016189672919978e+00,3.234536481248421356e-17,2.559906936677917577e-01
5.080000000000000071e-01,1.290061120845830800e+00,4.788559595144310993e-18,2.558525659801014207e-01
5.100000000000000089e-01,1.289106446487767954e+00,2.529805069132843840e-19,2.557138994417980093e-01
5.120000000000000107e-01,1.288152197800833676e+00,7.426784881525705373e-18,2.555746939317887212e-01
5.140000000000000124e-01,1.287198406318140087e+00,1.796161599084318910e-17,2.554349493783483194e-01
5.160000000000000142e-01,1.286245103907795340e+00,1.026378056619610916e-17,2.552946657601511404e-01
5.180000000000000160e-01,1.285292322773667451e+00,1.272130549049658485e-17,2.551538431072965518e-01
5.200000000000000178e-01,1.284340095456414588e+00,1.586549179070454924e-17,2.550124815023708247e-01
5.220000000000000195e-01,1.283388454836856596e+00,7.228014483236696740e-18,2.548705810814922423e-01
5.240000000000000213e-01,1.282437434135864862e+00,6.487142998704935120e-18,2.547281420353872394e-01
5.260000000000000231e-01,1.281487066917417650e+00,5.330660681387063210e-18,2.545851646104868582e-01
5.280000000000000249e-01,1.280537387089797363e+00,3.071906155375595768e-18,2.544416491100150446e-01
5.300000000000000266e-01,1.279588428906397013e+00,1.214306433183764966e-17,2.542975958951060877e-01
5.320000000000000284e-01,1.278640226968676075e+00,5.131890283098054578e-18,2.541530053859284433e-01
5.340000000000000302e-01,1.277692816226743133e+00,1.460058925613812535e-17,2.540078780628214350e-01
5.360000000000000320e-01,1.276746231981238822e+00,2.529805069132843551e-18,2.538622144674465564e-01
5.380000000000000338e-01,1.275800509885712586e+00,2.688821387764050996e-17,2.537160152039557581e-01
5.400000000000000355e-01,1.274855685945929906e+00,9.215718466126787689e-18,2.535692809401620118e-01
5.420000000000000373e-01,1.273911796523247375e+00,1.022764049377992465e-17,2.534220124087276926e-01
5.440000000000000391e-01,1.272968878336534715e+00,4.987329993433320396e-18,2.532742104083743895e-01
5.460000000000000409e-01,1.272026968461318575e+00,7.986956003976549844e-18,2.531258758050904945e-01
5.480000000000000426e-01,1.271086104333392086e+00,5.529431079676072613e-18,2.529770095333609414e-01
5.500000000000000444e-01,1.270146323748786443e+00,2.818925648462311528e-18,2.528276125974051047e-01
5.520000000000000462e-01,1.269207664865923846e+00,1.843143693225357538e-17,2.526776860724330165e-01
5.540000000000000480e-01,1.268270166206661997e+00,5.384870790011338432e-18,2.525272311059014174e-01
5.560000000000000497e-01,1.267333866657509134e+00,1.619075244245020058e-17,2.523762489188001723e-01
5.580000000000000515e-01,1.266398805471290245e+00,9.396418828207704453e-19,2.522247408069344110e-01
5.600000000000000533e-01,1.265465022267630246e+00,3.288746589872696655e-18,2.520727081422228233e-01
5.620000000000000551e-01,1.264532557034669935e+00,1.651601309419585191e-17,2.519201523740206561e-01
5.640000000000000568e-01,1.263601450130938275e+00,1.084202172485504434e-18,2.517670750304287219e-01
5.660000000000000586e-01,1.262671742284990017e+00,1.763635533909753777e-17,2.516134777196382677e-01
5.680000000000000604e-01,1.261743474596819681e+00,1.651601309419585191e-17,2.514593621312761207e-01
5.700000000000000622e-01,1.260816688540661090e+00,4.372948762358201474e-18,2.513047300377584947e-01
5.720000000000000639e-01,1.259891425963154177e+00,1.438374882164102446e-17,2.511495832956667784e-01
5.740000000000000657e-01,1.258967729087814291e+00,1.626303258728256651e-18,2.509939238471151080e-01
5.760000000000000675e-01,1.258045640512211349e+00,2.457524924300476845e-18,2.508377537211515240e-01
5.779999999999999583e-01,1.257125203212353881e+00,3.830847676115449257e-18,2.506810750351508021e-01
5.799999999999999600e-01,1.256206460540088443e+00,8.312216655722201174e-18,2.505238899962287658e-01
5.819999999999999618e-01,1.255289456227618672e+00,6.360652745248292423e-18,2.503662009026594859e-01
5.839999999999999636e-01,1.254374234385679188e+00,1.872055751158304220e-17,2.502080101453009187e-01
5.859999999999999654e-01,1.253460839505173396e+00,4.336808689942017736e-19,2.500493202090376399e-01
5.879999999999999671e-01,1.252549316457830741e+00,3.216466445040329949e-18,2.498901336742334889e-01
5.899999999999999689e-01,1.251639710496576186e+00,4.300668617525833998e-18,2.497304532181707504e-01
5.919999999999999707e-01,1.250732067257217750e+00,1.929879867024197893e-17,2.495702816165302762e-01
5.939999999999999725e-01,1.249826432757725314e+00,3.650147314034531338e-18,2.494096217448567854e-01
5.959999999999999742e-01,1.248922853399321298e+00,6.830473686658677934e-18,2.492484765800348778e-01
5.979999999999999760e-01,1.248021375966224866e+00,1.662443331144440196e-18,2.490868492017828117e-01
5.999999999999999778e-01,1.247122047628625552e+00,1.720267447010333599e-17,2.489247427941421453e-01
6.019999999999999796e-01,1.246224915939500022e+00,6.902753831491044640e-18,2.487621606469693492e-01
6.039999999999999813e-01,1.245330028836974634e+00,1.662443331144440235e-17,2.485991061574584216e-01
6.059999999999999831e-01,1.244437434644940055e+00,2.059984127722458425e-18,2.484355828316393011e-01
6.079999999999999849e-01,1.243547182072290980e+00,8.673617379884035472e-18,2.482715942858929326e-01
6.099999999999999867e-01,1.242659320213043372e+00,9.107298248878237246e-18,2.481071442484820977e-01
6.119999999999999885e-01,1.241773898547325672e+00,1.879283765641540891e-18,2.479422365610641776e-01
6.139999999999999902e-01,1.240890966941243789e+00,8.673617379884035472e-18,2.477768751802264247e-01
6.159999999999999920e-01,1.240010575645264623e+00,1.340796686640407201e-17,2.476110641790183475e-01
6.179999999999999938e-01,1.239132775297299816e+00,3.614007241618347913e-20,2.474448077484774355e-01
6.199999999999999956e-01,1.238257616919916870e+00,1.554023113895889791e-17,2.472781101991699815e-01
6.219999999999999973e-01,1.237385151920520343e+00,2.385244779468109755e-18,2.471109759627310443e-01
6.239999999999999991e-01,1.236515432092804900e+00,2.880363771569823652e-17,2.469434095933934481e-01
6.260000000000000009e-01,1.235648509614442503e+00,2.074440156688931920e-17,2.467754157695296324e-01
6.280000000000000027e-01,1.234784437047636629e+00,1.445602896647339310e-18,2.466069992951915313e-01
6.300000000000000044e-01,1.233923267339445573e+00,1.987703982890091565e-17,2.464381651016414876e-01
6.320000000000000062e-01,1.233065053819586865e+00,1.192622389734054877e-17,2.462689182488831674e-01
6.340000000000000080e-01,1.232209850201478218e+00,1.301042606982605321e-18,2.460992639272030769e-01
6.360000000000000098e-01,1.231357710580574860e+00,1.004694013169900827e-17,2.459292074586847676e-01
6.380000000000000115e-01,1.230508689434223868e+00,1.384164773539827379e-17,2.457587542987431650e-01
6.400000000000000133e-01,1.229662841620626779e+00,1.915423838057724628e-18,2.455879100376350821e-01
6.420000000000000151e-01,1.228820222378473659e+00,2.114194236346733646e-17,2.454166804019747294e-01
6.440000000000000169e-01,1.227980887325152537e+00,3.035766082959412415e-18,2.452450712562390389e-01
6.460000000000000187e-01,1.227144892456912828e+00,2.067212142205695018e-17,2.450730886042695456e-01
6.480000000000000204e-01,1.226312294147469117e+00,2.674365358797577732e-18,2.449007385907563950e-01
6.500000000000000222e-01,1.225483149145645712e+00,1.539567084929416296e-17,2.447280275027207685e-01
6.520000000000000240e-01,1.224657514576193762e+00,7.517135062566163562e-18,2.445549617709916745e-01
6.540000000000000258e-01,1.223835447936838960e+00,4.192248400277283555e-18,2.443815479716584249e-01
6.560000000000000275e-01,1.223017007098444964e+00,4.011548038196366406e-18,2.442077928275177834e-01
6.580000000000000293e-01,1.222202250302256488e+00,4.553649124439118623e-18,2.440337032095150904e-01
6.600000000000000311e-01,1.221391236159256266e+00,1.416690838714392358e-17,2.438592861381635724e-01
6.620000000000000329e-01,1.220584023647869998e+00,2.905661822261151883e-17,2.436845487849427228e-01
6.640000000000000346e-01,1.219780672113106590e+00,3.722427458866898814e-18,2.435094984736964341e-01
6.660000000000000364e-01,1.218981241264522453e+00,1.676899360110913422e-17,2.433341426820004316e-01
6.680000000000000382e-01,1.218185791173681309e+00,3.614007241618347913e-20,2.431584890425184386e-01
6.700000000000000400e-01,1.217394382273557341e+00,5.926971876254090649e-18,2.429825453443340555e-01
6.720000000000000417e-01,1.216607075355604195e+00,2.421384851884293108e-18,2.428063195342681779e-01
6.740000000000000435e-01,1.215823931567808103e+00,1.499813005271614570e-17,2.426298197181690486e-01
6.760000000000000453e-01,1.215045012412943493e+00,1.011922027653137536e-18,2.424530541621822133e-01
6.780000000000000471e-01,1.214270379745716610e+00,2.132264272554825515e-18,2.422760312939973570e-01
6.800000000000000488e-01,1.213500095770807974e+00,1.160096324559489744e-17,2.420987597040616668e-01
6.820000000000000506e-01,1.212734223040502712e+00,1.120342244901687979e-18,2.419212481467811759e-01
6.840000000000000524e-01,1.211972824451610364e+00,4.734349486520035772e-18,2.417435055416834178e-01
6.860000000000000542e-01,1.211215963243848392e+00,2.891205793294678619e-18,2.415655409745480764e-01
6.880000000000000560e-01,1.210463702996538160e+00,1.358866722848498839e-17,2.413873636985187365e-01
6.900000000000000577e-01,1.209716107625112613e+00,5.601711224508439319e-18,2.412089831351739988e-01
6.920000000000000595e-01,1.208973241379439401e+00,6.324512672832109455e-18,2.410304088755648166e-01
6.940000000000000613e-01,1.208235168840573692e+00,4.409088834774384442e-18,2.408516506812244384e-01
6.960000000000000631e-01,1.207501954917027831e+00,7.697835424647081481e-18,2.406727184851318591e-01
6.980000000000000648e-01,1.206773664842000215e+00,5.529431079676072613e-18,2.404936223926510963e-01
7.000000000000000666e-01,1.206050364170678790e+00,1.951563910473907981e-18,2.403143726824132909e-01
7.020000000000000684e-01,1.205332118775366723e+00,2.132264272554825515e-18,2.401349798071784059e-01
7.039999999999999591e-01,1.204618994843428936e+00,1.655215316661203333e-17,2.399554543946395835e-01
7.059999999999999609e-01,1.203911058873636364e+00,2.262368533253085816e-17,2.397758072481905867e-01
7.079999999999999627e-01,1.203208377671597162e+00,1.893739794608014309e-17,2.395960493476478881e-01
7.099999999999999645e-01,1.202511018346367422e+00,4.011548038196366406e-18,2.394161918499245478e-01
7.119999999999999662e-01,1.201819048307068982e+00,6.794333614242494196e-18,2.392362460896568510e-01
7.139999999999999680e-01,1.201132535258270906e+00,5.926971876254090649e-18,2.390562235797831225e-01
7.159999999999999698e-01,1.200451547196383473e+00,1.044448092827702553e-17,2.388761360120648658e-01
7.179999999999999716e-01,1.199776152405405583e+00,1.322726650432315409e-17,2.386959952575652133e-01
7.199999999999999734e-01,1.199106419451918981e+00,7.155734338404329264e-18,2.385158133670593761e-01
7.219999999999999751e-01,1.198442417182082664e+00,8.167656366057466223e-18,2.383356025714086501e-01
7.239999999999999769e-01,1.197784214715937878e+00,2.891205793294678330e-19,2.381553752818499348e-01
7.259999999999999787e-01,1.197131881442928147e+00,1.532339070446179703e-17,2.379751440902485859e-01
7.279999999999999805e-01,1.196485487018531302e+00,6.216092455583559012e-18,2.377949217692847950e-01
7.299999999999999822e-01,1.195845101357413398e+00,5.204170427930421283e-18,2.376147212725673030e-01
7.319999999999999840e-01,1.195210794630245488e+00,1.333568672157170454e-17,2.374345557346942970e-01
7.339999999999999858e-01,1.194582637257543212e+00,1.149254302834634700e-17,2.372544384712419741e-01
7.359999999999999876e-01,1.193960699905058931e+00,5.854691731421723944e-18,2.370743829786896573e-01
7.379999999999999893e-01,1.193345053478683582e+00,2.963485938127045325e-18,2.368944029342691104e-01
7.399999999999999911e-01,1.192735769119003919e+00,9.974659986866640793e-18,2.367145121957548171e-01
7.419999999999999929e-01,1.192132918195213165e+00,1.228762462150238423e-18,2.365347248011593906e-01
7.439999999999999947e-01,1.191536572300787356e+00,4.083828183028733111e-18,2.363550549683845758e-01
7.459999999999999964e-01,1.190946803246639263e+00,1.561251128379126385e-17,2.361755170947669180e-01
7.479999999999999982e-01,1.190363683056109068e+00,6.288372600415925717e-18,2.359961257565736381e-01
7.500000000000000000e-01,1.189787283958896325e+00,7.228014483236696548e-19,2.358168957083900952e-01
7.520000000000000018e-01,1.189217678384522969e+00,2.457524924300476845e-18,2.356378418824439935e-01
7.540000000000000036e-01,1.188654938957817819e+00,1.116728237660069567e-17,2.354589793878585080e-01
7.560000000000000053e-01,1.188099138490535722e+00,9.757819552369539906e-18,2.352803235097850332e-01
7.580000000000000071e-01,1.187550349976710606e+00,1.510655026996469614e-17,2.351018897084886095e-01
7.600000000000000089e-01,1.187008646585447025e+00,1.662443331144440196e-18,2.349236936183215774e-01
7.620000000000000107e-01,1.186474101655075941e+00,8.167656366057466223e-18,2.347457510466166020e-01
7.640000000000000124e-01,1.185946788685559028e+00,2.059984127722458425e-18,2.345680779724881870e-01
7.660000000000000142e-01,1.185426781332910906e+00,1.741951490460043688e-17,2.343906905455509226e-01
7.680000000000000160e-01,1.184914153401312120e+00,2.493664996716660198e-18,2.342136050845201323e-01
7.700000000000000178e-01,1.184408978836763993e+00,8.312216655722201174e-18,2.340368380757548161e-01
7.720000000000000195e-01,1.183911331719777138e+00,7.228014483236696740e-18,2.338604061716679228e-01
7.740000000000000213e-01,1.183421286258376171e+00,1.196236396975673174e-17,2.336843261890561851e-01
7.760000000000000231e-01,1.182938916781093752e+00,2.327420663602216082e-17,2.335086151073403338e-01
7.780000000000000249e-01,1.182464297728849090e+00,2.891205793294678619e-18,2.333332900666804377e-01
7.800000000000000266e-01,1.181997503648343439e+00,1.228762462150238307e-17,2.331583683660183315e-01
7.820000000000000284e-01,1.181538609183892419e+00,2.602085213965210642e-18,2.329838674609867877e-01
7.840000000000000302e-01,1.181087689069951097e+00,7.806255641895631925e-18,2.328098049617478016e-01
7.860000000000000320e-01,1.180644818123557371e+00,7.372574772901430151e-18,2.326361986306907659e-01
7.880000000000000338e-01,1.180210071236157177e+00,1.084202172485504434e-17,2.324630663800639763e-01
7.900000000000000355e-01,1.179783523365514952e+00,9.251858538542970657e-18,2.322904262694583666e-01
7.920000000000000373e-01,1.179365249528551374e+00,1.799775606325937360e-17,2.321182965032162204e-01
7.940000000000000391e-01,1.178955324791527204e+00,7.228014483236696740e-18,2.319466954277130122e-01
7.960000000000000409e-01,1.178553824263946836e+00,9.685539407537172430e-18,2.317756415285324445e-01
7.980000000000000426e-01,1.178160823088099107e+00,6.143812310751192114e-19,2.316051534275392065e-01
8.000000000000000444e-01,1.177776396432133055e+00,1.452830911130575942e-17,2.314352498798272206e-01
8.020000000000000462e-01,1.177400619480504673e+00,1.590163186312073106e-18,2.312659497705673584e-01
8.040000000000000480e-01,1.177033567426395422e+00,1.915423838057724628e-18,2.310972721117418860e-01
8.060000000000000497e-01,1.176675315461839233e+00,5.276450572762787989e-18,2.309292360387537879e-01
8.080000000000000515e-01,1.176325938769174684e+00,7.300294628069062675e-18,2.307618608069415544e-01
8.100000000000000533e-01,1.175985512513719300e+00,1.243218491116711802e-17,2.305951657879651839e-01
8.120000000000000551e-01,1.175654111832294291e+00,4.047688110612550144e-18,2.304291704660890172e-01
8.140000000000000568e-01,1.175331811825532924e+00,1.951563910473907981e-18,2.302638944343385341e-01
8.160000000000000586e-01,1.175018687549702179e+00,1.084202172485504434e-18,2.300993573905585898e-01
8.180000000000000604e-01,1.174714814004701680e+00,6.577493179745393310e-18,2.299355791333459187e-01
8.200000000000000622e-01,1.174420266127768286e+00,4.300668617525833998e-18,2.297725795578740848e-01
8.220000000000000639e-01,1.174135118782274390e+00,6.360652745248292423e-18,2.296103786515966139e-01
8.240000000000000657e-01,1.173859446748572566e+00,5.312590645178971727e-18,2.294489964898466794e-01
8.260000000000000675e-01,1.173593324715007213e+00,6.722053469410127491e-18,2.292884532313249901e-01
8.280000000000000693e-01,1.173336827267949189e+00,2.493664996716660198e-18,2.291287691134601123e-01
8.300000000000000711e-01,1.173090028881922819e+00,7.914675859144182368e-18,2.289699644476736462e-01
8.320000000000000728e-01,1.172853003909647640e+00,9.396418828207704453e-19,2.288120596145264696e-01
8.339999999999999636e-01,1.172625826574218877e+00,3.397166807121247098e-18,2.286550750587582337e-01
8.359999999999999654e-01,1.172408570956338991e+00,4.734349486520035772e-18,2.284990312842117011e-01
8.379999999999999671e-01,1.172201310985986566e+00,1.026378056619610916e-17,2.283439488486595503e-01
8.399999999999999689e-01,1.172004120432792007e+00,1.235990476633475055e-17,2.281898483585115822e-01
8.419999999999999707e-01,1.171817072895013467e+00,9.251858538542970657e-18,2.280367504634266129e-01
8.439999999999999725e-01,1.171640241790004922e+00,2.312964634635742664e-18,2.278846758508145665e-01
8.459999999999999742e-01,1.171473700343888424e+00,6.505213034913026604e-18,2.277336452402387024e-01
8.479999999999999760e-01,1.171317521581435983e+00,9.324138683375338132e-18,2.275836793777147871e-01
8.499999999999999778e-01,1.171171778316114853e+00,2.818925648462311528e-18,2.274347990299136202e-01
8.519999999999999796e-01,1.171036543139052810e+00,1.304656614224223618e-17,2.272870249782633911e-01
8.539999999999999813e-01,1.170911888409619905e+00,1.619075244245020058e-17,2.271403780129542804e-01
8.559999999999999831e-01,1.170797886244574926e+00,2.529805069132843551e-18,2.269948789268631251e-01
8.579999999999999849e-01,1.170694608507545809e+00,8.312216655722201174e-18,2.268505485093674223e-01
8.599999999999999867e-01,1.170602126799089149e+00,8.673617379884035472e-19,2.267074075400869748e-01
8.619999999999999885e-01,1.170520512445929029e+00,6.649773324577760785e-18,2.265654767825316662e-01
8.639999999999999902e-01,1.170449836490721651e+00,3.541727096785980894e-18,2.264247769776691899e-01
8.659999999999999920e-01,1.170390169680576520e+00,7.950815931560365336e-18,2.262853288374078731e-01
8.679999999999999938e-01,1.170341582458483742e+00,2.855065720878494804e-17,2.261471530380110562e-01
8.699999999999999956e-01,1.170304144950822689e+00,9.613259262704806495e-18,2.260102702134208497e-01
8.719999999999999973e-01,1.170277926958085857e+00,2.240684489803375959e-18,2.258747009485317370e-01
8.739999999999999991e-01,1.170262997943524397e+00,2.674365358797577732e-18,2.257404657723736940e-01
8.760000000000000009e-01,1.170259427023161436e+00,2.927345865710861972e-17,2.256075851512492625e-01
8.780000000000000027e-01,1.170267282954807087e+00,8.890457814381136359e-18,2.254760794817967373e-01
8.800000000000000044e-01,1.170286634127716496e+00,9.035018104045869770e-18,2.253459690839993979e-01
8.820000000000000062e-01,1.170317548552031184e+00,1.698583403560623511e-17,2.252172741941458056e-01
8.840000000000000080e-01,1.170360093847630623e+00,8.239936510889833698e-18,2.250900149577269305e-01
8.860000000000000098e-01,1.170414337235040847e+00,9.396418828207704453e-19,2.249642114223097400e-01
8.880000000000000115e-01,1.170480345523152721e+00,1.105886215935214523e-17,2.248398835303398458e-01
8.900000000000000133e-01,1.170558185099721982e+00,8.926597886797319326e-18,2.247170511119276903e-01
8.920000000000000151e-01,1.170647921920259904e+00,7.228014483236696548e-19,2.245957338775945444e-01
8.940000000000000169e-01,1.170749621498426762e+00,1.207078418700528219e-17,2.244759514109850584e-01
8.960000000000000187e-01,1.170863348894712885e+00,7.589415207398531038e-19,2.243577231615676015e-01
8.980000000000000204e-01,1.170989168705897754e+00,1.879283765641540891e-18,2.242410684372933560e-01
9.000000000000000222e-01,1.171127145056246377e+00,5.023470065849504134e-18,2.241260063972640437e-01
9.020000000000000240e-01,1.171277341584332277e+00,2.182860373937482363e-17,2.240125560443650132e-01
9.040000000000000258e-01,1.171439821435466655e+00,3.541727096785980894e-18,2.239007362179170069e-01
9.060000000000000275e-01,1.171614647249548113e+00,8.673617379884035472e-19,2.237905655863043908e-01
9.080000000000000293e-01,1.171801881152166658e+00,5.384870790011338432e-18,2.236820626396220646e-01
9.100000000000000311e-01,1.172001584743401992e+00,2.168404344971008868e-18,2.235752456823260903e-01
9.120000000000000329e-01,1.172213819087872366e+00,4.589789196855302361e-18,2.234701328258967556e-01
9.140000000000000346e-01,1.172438644705000144e+00,4.300668617525833998e-18,2.233667419815218991e-01
9.160000000000000364e-01,1.172676121558811957e+00,1.770863548392990447e-18,2.232650908528151790e-01
9.180000000000000382e-01,1.172926309048090587e+00,1.301042606982605321e-18,2.231651969285401993e-01
9.200000000000000400e-01,1.173189265996096964e+00,1.843143693225357538e-18,2.230670774753966967e-01
9.220000000000000417e-01,1.173465050640928098e+00,4.336808689942017736e-18,2.229707495308282383e-01
9.240000000000000435e-01,1.173753720626059760e+00,5.023470065849504134e-18,2.228762298958894550e-01
9.260000000000000453e-01,1.174055332990878497e+00,1.402234809747919171e-17,2.227835351281497456e-01
9.280000000000000471e-01,1.174369944159316503e+00,1.698583403560623549e-18,2.226926815346665367e-01
9.300000000000000488e-01,1.174697609933176068e+00,3.830847676115449257e-18,2.226036851650176618e-01
9.320000000000000506e-01,1.175038385480362990e+00,2.349104707051926113e-19,2.225165618043948579e-01
9.340000000000000524e-01,1.175392325326448884e+00,3.180326372624146211e-18,2.224313269667788917e-01
9.360000000000000542e-01,1.175759483346077161e+00,9.522909081664346765e-18,2.223479958881910967e-01
9.380000000000000560e-01,1.176139912752205419e+00,6.794333614242494196e-18,2.222665835200236528e-01
9.400000000000000577e-01,1.176533666088669605e+00,7.300294628069062675e-18,2.221871045224718122e-01
9.420000000000000595e-01,1.176940795219959313e+00,7.950815931560365528e-19,2.221095732580388726e-01
9.440000000000000613e-01,1.177361351324012873e+00,5.059610138265687102e-18,2.220340037851697423e-01
9.460000000000000631e-01,1.177795384881434870e+00,2.240684489803375728e-17,2.219604098519655788e-01
9.480000000000000648e-01,1.178242945668689146e+00,6.188987401271421401e-18,2.218888048900242438e-01
9.500000000000000666e-01,1.178704082748392779e+00,1.329954664915552157e-17,2.218192020083908922e-01
9.520000000000000684e-01,1.179178844461791442e+00,1.691355389077386917e-17,2.217516139876277714e-01
9.540000000000000702e-01,1.179667278419941567e+00,1.029540312956026867e-17,2.216860532740163869e-01
9.560000000000000719e-01,1.180169431496405963e+00,5.637851296924623057e-18,2.216225319738852340e-01
9.580000000000000737e-01,1.180685349817586882e+00,3.523657060577889411e-18,2.215610618480770289e-01
9.599999999999999645e-01,1.181215078756615355e+00,2.240684489803375959e-18,2.215016543065585208e-01
9.619999999999999662e-01,1.181758662925282977e+00,4.156108327861100587e-18,2.214443204031679158e-01
9.639999999999999680e-01,1.182316146165387494e+00,1.716653439768715274e-19,2.213890708305210897e-01
9.659999999999999698e-01,1.182887571542849514e+00,1.340796686640407201e-17,2.213359159150708189e-01
9.679999999999999716e-01,1.183472981338489660e+00,9.197648429918695435e-18,2.212848656123220237e-01
9.699999999999999734e-01,1.184072417043665837e+00,6.613633252161577047e-18,2.212359295022133798e-01
9.719999999999999751e-01,1.184685919349849570e+00,7.544240116878301173e-18,2.211891167846680439e-01
9.739999999999999769e-01,1.185313528144504858e+00,2.204544417387192221e-18,2.211444362753080817e-01
9.759999999999999787e-01,1.185955282502789032e+00,3.885057784739724479e-18,2.211018964013566901e-01
9.779999999999999805e-01,1.186611220682294743e+00,1.113114230418451270e-17,2.210615051977111722e-01
9.799999999999999822e-01,1.187281380115386753e+00,9.522909081664346765e-18,2.210232703031982660e-01
9.819999999999999840e-01,1.187965797403549573e+00,5.782411586589356660e-19,2.209871989570209028e-01
9.839999999999999858e-01,1.188664508311504164e+00,1.031799067482038438e-17,2.209532979953921228e-01
9.859999999999999876e-01,1.189377547760333442e+00,9.035018104045870925e-19,2.209215738483570335e-01
9.879999999999999893e-01,1.190104949823766134e+00,1.118535241280878792e-17,2.208920325368227966e-01
9.899999999999999911e-01,1.190846747720417653e+00,1.127570259384924611e-17,2.208646796697672776e-01
9.919999999999999929e-01,1.191602973808837618e+00,4.535579088231027139e-18,2.208395204416687685e-01
9.939999999999999947e-01,1.192373659583612522e+00,1.373322751814972334e-17,2.208165596301262523e-01
9.959999999999999964e-01,1.193158835669013484e+00,5.926971876254090649e-18,2.207958015936859753e-01
9.979999999999999982e-01,1.193958531814043766e+00,2.226228460836902541e-17,2.207772502698794603e-01
1.000000000000000000e+00,1.194772776888740395e+00,3.216466445040329949e-18,2.207609091734703266e-01
1.002000000000000002e+00,1.195601598878386795e+00,3.180326372624146211e-18,2.207467813949052227e-01
1.004000000000000004e+00,1.196445024880173236e+00,1.727495461493570501e-17,2.207348695989878595e-01
1.006000000000000005e+00,1.197303081097995658e+00,1.610040226140974085e-17,2.207251760237503857e-01
1.008000000000000007e+00,1.198175792840125098e+00,1.073360150760649390e-17,2.207177024795565767e-01
1.010000000000000009e+00,1.199063184512958458e+00,1.279358563532895232e-17,2.207124503484043376e-01
1.012000000000000011e+00,1.199965279619704006e+00,9.866239769618090349e-18,2.207094205834602973e-01
1.014000000000000012e+00,1.200882100755247706e+00,8.041166112600825066e-18,2.207086137087879707e-01
1.016000000000000014e+00,1.201813669603875923e+00,2.855065720878494881e-18,2.207100298193130361e-01
1.018000000000000016e+00,1.202760006935470471e+00,5.475220971051797392e-18,2.207136685809930887e-01
1.020000000000000018e+00,1.203721132603273958e+00,8.709757452300218440e-18,2.207195292312033874e-01
1.022000000000000020e+00,1.204697065540475620e+00,8.402566836762659364e-18,2.207276105793448961e-01
1.024000000000000021e+00,1.205687823758331945e+00,2.240684489803375959e-18,2.207379110076564122e-01
1.026000000000000023e+00,1.206693424343296073e+00,1.311884628707460365e-17,2.207504284722465460e-01
1.028000000000000025e+00,1.207713883454641035e+00,9.721679479953356939e-18,2.207651605043379484e-01
1.030000000000000027e+00,1.208749216323912634e+00,2.638225286381393994e-18,2.207821042117211197e-01
1.032000000000000028e+00,1.209799437250506315e+00,9.143438321294420213e-18,2.208012562804185230e-01
1.034000000000000030e+00,1.210864559602729429e+00,1.134798273868161359e-17,2.208226129765526458e-01
1.036000000000000032e+00,1.211944595814962611e+00,1.467286940097049437e-17,2.208461701484276951e-01
1.038000000000000034e+00,1.213039557386554890e+00,1.378743762677399857e-17,2.208719232288067491e-01
1.040000000000000036e+00,1.214149454880605106e+00,3.921197857155907446e-18,2.208998672374010430e-01
1.042000000000000037e+00,1.215274297923844671e+00,2.164790337729390417e-17,2.209299967835468004e-01
1.044000000000000039e+00,1.216414095204839896e+00,1.966019939440381476e-17,2.209623060690754093e-01
1.046000000000000041e+00,1.217568854474770035e+00,1.409462824231155764e-18,2.209967888914080580e-01
1.048000000000000043e+00,1.218738582545512372e+00,4.553649124439118623e-18,2.210334386467940337e-01
1.050000000000000044e+00,1.219923285291251602e+00,1.170938346284344789e-17,2.210722483337748401e-01
1.052000000000000046e+00,1.221122967646795843e+00,1.127570259384924611e-17,2.211132105568150430e-01
1.054000000000000048e+00,1.222337633609125618e+00,1.301042606982605321e-18,2.211563175301160256e-01
1.056000000000000050e+00,1.223567286236924900e+00,8.312216655722201174e-18,2.212015610816089606e-01
1.058000000000000052e+00,1.224811927651654031e+00,3.487516988161705673e-18,2.212489326571161763e-01
1.060000000000000053e+00,1.226071559038135916e+00,3.288746589872696655e-18,2.212984233246924337e-01
1.062000000000000055e+00,1.227346180644861562e+00,9.974659986866640793e-18,2.213500237791191927e-01
1.064000000000000057e+00,1.228635791786278020e+00,1.105886215935214523e-17,2.214037243465639682e-01
1.066000000000000059e+00,1.229940390843097475e+00,1.969633946681999850e-18,2.214595149894038606e-01
1.068000000000000060e+00,1.231259975263853335e+00,7.553275134982348070e-18,2.215173853111915836e-01
1.070000000000000062e+00,1.232594541566975010e+00,3.577867169202164632e-18,2.215773245617713161e-01
1.072000000000000064e+00,1.233944085342049135e+00,3.541727096785980894e-18,2.216393216425381341e-01
1.074000000000000066e+00,1.235308601251649208e+00,3.614007241618348274e-19,2.217033651118464344e-01
1.076000000000000068e+00,1.236688083034199082e+00,1.593777193553691518e-17,2.217694431905332941e-01
1.078000000000000069e+00,1.238082523505095622e+00,2.083475174792977585e-17,2.218375437675763340e-01
1.080000000000000071e+00,1.239491914560332475e+00,2.378016764984873161e-17,2.219076544058959377e-01
1.082000000000000073e+00,1.240916247178049048e+00,2.818925648462311528e-18,2.219797623482351601e-01
1.084000000000000075e+00,1.242355511421763481e+00,1.221534447667001714e-17,2.220538545231971472e-01
1.086000000000000076e+00,1.243809696443129553e+00,2.262368533253085816e-17,2.221299175513601065e-01
1.088000000000000078e+00,1.245278790484604770e+00,4.662069341687669066e-18,2.222079377515061294e-01
1.090000000000000080e+00,1.246762780883805988e+00,2.710505431213761085e-18,2.222879011469495458e-01
1.092000000000000082e+00,1.248261654075331961e+00,1.076974158002267686e-17,2.223697934719583991e-01
1.094000000000000083e+00,1.249775395594646454e+00,1.373322751814972334e-17,2.224536001782544403e-01
1.096000000000000085e+00,1.251303990082597295e+00,5.782411586589356660e-19,2.225393064416075206e-01
1.098000000000000087e+00,1.252847421288421970e+00,1.259481523703994369e-17,2.226268971684884357e-01
1.100000000000000089e+00,1.254405672073058753e+00,6.324512672832109455e-18,2.227163570028241613e-01
1.102000000000000091e+00,1.255978724414109848e+00,6.378722781456384677e-18,2.228076703327827590e-01
1.104000000000000092e+00,1.257566559409962537e+00,2.096124200138641777e-18,2.229008212976404668e-01
1.106000000000000094e+00,1.259169157283430707e+00,1.662443331144440196e-18,2.229957937946986657e-01
1.108000000000000096e+00,1.260786497386462202e+00,7.426784881525705373e-18,2.230925714862503073e-01
1.110000000000000098e+00,1.262418558204711161e+00,4.589789196855302361e-18,2.231911378065962737e-01
1.112000000000000099e+00,1.264065317362280894e+00,5.854691731421723944e-18,2.232914759690859952e-01
1.114000000000000101e+00,1.265726751625845026e+00,5.204170427930421283e-18,2.233935689732055307e-01
1.116000000000000103e+00,1.267402836910640929e+00,8.655547343675943218e-18,2.234973996116985107e-01
1.118000000000000105e+00,1.269093548284580208e+00,1.037220078344465960e-17,2.236029504776922694e-01
1.120000000000000107e+00,1.270798859973343298e+00,9.721679479953356939e-18,2.237102039718543434e-01
1.122000000000000108e+00,1.272518745366372883e+00,5.836621695213632460e-18,2.238191423095721999e-01
1.124000000000000110e+00,1.274253177020593597e+00,3.577867169202164632e-18,2.239297475281110950e-01
1.126000000000000112e+00,1.276002126668391412e+00,6.740123505618218975e-18,2.240420014938134807e-01
1.128000000000000114e+00,1.277765565220214228e+00,8.926597886797319326e-18,2.241558859092670219e-01
1.130000000000000115e+00,1.279543462772156914e+00,8.366426764346476396e-18,2.242713823204811052e-01
1.132000000000000117e+00,1.281335788610949322e+00,8.402566836762659364e-18,2.243884721240507751e-01
1.134000000000000119e+00,1.283142511219736548e+00,4.698209414103852226e-19,2.245071365743043501e-01
1.136000000000000121e+00,1.284963598284072361e+00,5.276450572762787989e-18,2.246273567904279456e-01
1.138000000000000123e+00,1.286799016697820264e+00,1.812424631671601476e-17,2.247491137635709846e-01
1.140000000000000124e+00,1.288648732569100730e+00,9.757819552369539906e-18,2.248723883639205112e-01
1.142000000000000126e+00,1.290512711226728726e+00,6.505213034913026604e-18,2.249971613477429744e-01
1.144000000000000128e+00,1.292390917225848312e+00,1.257674520083185143e-17,2.251234133643914559e-01
1.146000000000000130e+00,1.294283314354295555e+00,6.143812310751192114e-19,2.252511249632684898e-01
1.148000000000000131e+00,1.296189865639632899e+00,7.408714845317613311e-19,2.253802766007398650e-01
1.150000000000000133e+00,1.298110533354670082e+00,1.445602896647339165e-19,2.255108486470215612e-01
1.152000000000000135e+00,1.300045279024271139e+00,1.295621596120177799e-17,2.256428213929795867e-01
1.153999999999999915e+00,1.301994063431720861e+00,1.333568672157170454e-17,2.257761750569013681e-01
1.155999999999999917e+00,1.303956846625535348e+00,7.589415207398531038e-19,2.259108897912033009e-01
1.157999999999999918e+00,1.305933587925821371e+00,1.535953077687797845e-17,2.260469456890640827e-01
1.159999999999999920e+00,1.307924245931140206e+00,2.891205793294678619e-18,2.261843227910054210e-01
1.161999999999999922e+00,1.309928778524959370e+00,9.649399335120989463e-18,2.263230010913942492e-01
1.163999999999999924e+00,1.311947142882857520e+00,2.312964634635742664e-18,2.264629605448745531e-01
1.165999999999999925e+00,1.313979295478720388e+00,1.011922027653137420e-17,2.266041810727348338e-01
1.167999999999999927e+00,1.316025192092311613e+00,9.848169733409998095e-18,2.267466425691814780e-01
1.169999999999999929e+00,1.318084787815198666e+00,7.589415207398531038e-19,2.268903249075434336e-01
1.171999999999999931e+00,1.320158037058600797e+00,1.445602896647339310e-18,2.270352079463900385e-01
1.173999999999999932e+00,1.322244893559897605e+00,4.553649124439118623e-18,2.271812715355654988e-01
1.175999999999999934e+00,1.324345310389588803e+00,5.168030355514237545e-18,2.273284955221361037e-01
1.177999999999999936e+00,1.326459239957856084e+00,1.033606071102847509e-17,2.274768597562396022e-01
1.179999999999999938e+00,1.328586634023128710e+00,7.986956003976549844e-18,2.276263440968593899e-01
1.181999999999999940e+00,1.330727443697107049e+00,6.053462129710733347e-18,2.277769284174960551e-01
1.183999999999999941e+00,1.332881619453100797e+00,1.225148454908620010e-17,2.279285926117311512e-01
1.185999999999999943e+00,1.335049111133194799e+00,8.637477307467852505e-18,2.280813165987189139e-01
1.187999999999999945e+00,1.337229867953723783e+00,7.860465750519907147e-18,2.282350803285657093e-01
1.189999999999999947e+00,1.339423838514491649e+00,1.725688457872761121e-17,2.283898637876092819e-01
1.191999999999999948e+00,1.341630970805098855e+00,2.999626010543229062e-18,2.285456470035931720e-01
1.193999999999999950e+00,1.343851212210989132e+00,2.421384851884293108e-18,2.287024100507548119e-01
1.195999999999999952e+00,1.346084509522121664e+00,3.758567531283081781e-18,2.288601330547893609e-01
1.197999999999999954e+00,1.348330808938989378e+00,5.692061405548898279e-18,2.290187961977284137e-01
1.199999999999999956e+00,1.350590056080466894e+00,1.373322751814972219e-18,2.291783797226950581e-01
1.201999999999999957e+00,1.352862195990340410e+00,1.754600515805708112e-17,2.293388639385661176e-01
1.203999999999999959e+00,1.355147173144509054e+00,3.704357422658806559e-18,2.295002292245259812e-01
1.205999999999999961e+00,1.357444931458658743e+00,2.168404344971008868e-18,2.296624560345073285e-01
1.207999999999999963e+00,1.359755414294486542e+00,1.319112643190697113e-17,2.298255249015194457e-01
1.209999999999999964e+00,1.362078564467427810e+00,9.577119190288621987e-18,2.299894164418896381e-01
1.211999999999999966e+00,1.364414324253012012e+00,1.423918853197629259e-17,2.301541113593741639e-01
1.213999999999999968e+00,1.366762635394717762e+00,1.676899360110913422e-17,2.303195904491660839e-01
1.215999999999999970e+00,1.369123439110328633e+00,5.059610138265687102e-18,2.304858346018039128e-01
1.217999999999999972e+00,1.371496676099436485e+00,3.071906155375595768e-18,2.306528248069523168e-01
1.219999999999999973e+00,1.373882286549964249e+00,6.396792817664476161e-18,2.308205421571052074e-01
1.221999999999999975e+00,1.376280210145370830e+00,6.487142998704935120e-18,2.309889678511385103e-01
1.223999999999999977e+00,1.378690386071180995e+00,2.855065720878494881e-18,2.311580831977933237e-01
1.225999999999999979e+00,1.381112753022684103e+00,3.145993303828772238e-17,2.313278696190245176e-01
1.227999999999999980e+00,1.383547249210998586e+00,3.097204206066924539e-17,2.314983086532630130e-01
1.229999999999999982e+00,1.385993812370280409e+00,1.256771018272780608e-17,2.316693819585416425e-01
1.231999999999999984e+00,1.388452379764604672e+00,1.987703982890091382e-19,2.318410713155553415e-01
1.233999999999999986e+00,1.390922888194161544e+00,1.284779574395322754e-17,2.320133586305714590e-01
1.235999999999999988e+00,1.393405274002471828e+00,1.413076831472774215e-17,2.321862259382719840e-01
1.237999999999999989e+00,1.395899473083304088e+00,3.469446951953614189e-18,2.323596554044613793e-01
1.239999999999999991e+00,1.398405420886614792e+00,2.457524924300476845e-18,2.325336293286938971e-01
1.241999999999999993e+00,1.400923052425852688e+00,6.071532165918824830e-18,2.327081301467836261e-01
1.243999999999999995e+00,1.403452302284001973e+00,9.215718466126787689e-18,2.328831404332180055e-01
1.245999999999999996e+00,1.405993104620243628e+00,1.445602896647339310e-18,2.330586429034712803e-01
1.247999999999999998e+00,1.408545393176773075e+00,6.541353107329210342e-18,2.332346204162059622e-01
1.250000000000000000e+00,1.411109101284463208e+00,2.755680521733990565e-18,2.334110559754070113e-01
1.252000000000000002e+00,1.413684161870246925e+00,8.212831456577696088e-18,2.335879327323674981e-01
1.254000000000000004e+00,1.416270507462833450e+00,1.843143693225357538e-18,2.337652339876324370e-01
1.256000000000000005e+00,1.418868070198637810e+00,3.162256336416054728e-18,2.339429431927986525e-01
1.258000000000000007e+00,1.421476781829216662e+00,1.384164773539827379e-17,2.341210439522646569e-01
1.260000000000000009e+00,1.424096573726128412e+00,1.841336689604548466e-17,2.342995200248469134e-01
1.262000000000000011e+00,1.426727376888255350e+00,1.100465205072787001e-17,2.344783553253351471e-01
1.264000000000000012e+00,1.429369121946475474e+00,1.572093150103981429e-18,2.346575339259345527e-01
1.266000000000000014e+00,1.432021739171393193e+00,7.661695352230898514e-18,2.348370400576378358e-01
1.268000000000000016e+00,1.434685158477613243e+00,1.776284559255418200e-17,2.350168581114996935e-01
1.270000000000000018e+00,1.437359309431151644e+00,2.489147487664637366e-17,2.351969726398195071e-01
1.272000000000000020e+00,1.440044121254040022e+00,7.634590297918760903e-18,2.353773683572566167e-01
1.274000000000000021e+00,1.442739522831303134e+00,9.035018104045870925e-19,2.355580301418436773e-01
1.276000000000000023e+00,1.445445442715701745e+00,4.788559595144311571e-19,2.357389430359279614e-01
1.278000000000000025e+00,1.448161809134006717e+00,2.087089182034596035e-18,2.359200922470315320e-01
1.280000000000000027e+00,1.450888549992424004e+00,8.167656366057466223e-18,2.361014631486308135e-01
1.282000000000000028e+00,1.453625592882172413e+00,1.466383438286644747e-17,2.362830412808562819e-01
1.284000000000000030e+00,1.456372865085072021e+00,9.206683448022742332e-18,2.364648123511280120e-01
1.286000000000000032e+00,1.459130293578976278e+00,2.103352214621878602e-17,2.366467622346994371e-01
1.288000000000000034e+00,1.461897805043161469e+00,5.502326025363935003e-18,2.368288769751364653e-01
1.290000000000000036e+00,1.464675325863598943e+00,4.020583056300412533e-18,2.370111427847333974e-01
1.292000000000000037e+00,1.467462782138383659e+00,9.351243737687475743e-18,2.371935460448481026e-01
1.294000000000000039e+00,1.470260099682633381e+00,6.532318089225164215e-18,2.373760733061696104e-01
1.296000000000000041e+00,1.473067204034059330e+00,1.037220078344465960e-17,2.375587112889229746e-01
1.298000000000000043e+00,1.475884020458238410e+00,2.911082833123579405e-17,2.377414468830155170e-01
1.300000000000000044e+00,1.478710473952173032e+00,5.836621695213632460e-18,2.379242671481041072e-01
1.302000000000000046e+00,1.481546489251208243e+00,1.703100912612646651e-17,2.381071593136120101e-01
1.304000000000000048e+00,1.484391990832943264e+00,4.336808689942017736e-18,2.382901107786842276e-01
1.306000000000000050e+00,1.487246902922287006e+00,7.923710877248227725e-18,2.384731091120790014e-01
1.308000000000000052e+00,1.490111149495735532e+00,7.155734338404329264e-18,2.386561420520090238e-01
1.310000000000000053e+00,1.492984654286516388e+00,1.214306433183764966e-17,2.388391975059156458e-01
1.312000000000000055e+00,1.495867340789988731e+00,7.426784881525705373e-18,2.390222635502118609e-01
1.314000000000000057e+00,1.498759132266471283e+00,1.172745349905154014e-17,2.392053284299396620e-01
1.316000000000000059e+00,1.501659951747765120e+00,4.571719160647210107e-18,2.393883805584048063e-01
1.318000000000000060e+00,1.504569722039828861e+00,2.466559942404522587e-18,2.395714085167484353e-01
1.320000000000000062e+00,1.507488365728647750e+00,2.168404344971008868e-19,2.397544010534734538e-01
1.322000000000000064e+00,1.510415805183367155e+00,2.656295322589485863e-18,2.399373470839248623e-01
1.324000000000000066e+00,1.513351962561635844e+00,1.282972570774513644e-18,2.401202356897224333e-01
1.326000000000000068e+00,1.516296759813140937e+00,8.510987054011209807e-18,2.403030561181520586e-01
1.328000000000000069e+00,1.519250118684173145e+00,7.589415207398531038e-19,2.404857977815134940e-01
1.330000000000000071e+00,1.522211960721335799e+00,5.068645156369733229e-18,2.406684502564295225e-01
1.332000000000000073e+00,1.525182207276046142e+00,5.493291007259888876e-18,2.408510032831123193e-01
1.334000000000000075e+00,1.528160779508120015e+00,1.460962427424217225e-17,2.410334467645947609e-01
1.336000000000000076e+00,1.531147598389882347e+00,1.487163979925950146e-17,2.412157707659182693e-01
1.338000000000000078e+00,1.534142584710291857e+00,1.285683076205727290e-17,2.413979655132955093e-01
1.340000000000000080e+00,1.537145659077918225e+00,3.767602549387127908e-18,2.415800213932340623e-01
1.342000000000000082e+00,1.540156741925880368e+00,3.614007241618348370e-18,2.417619289516230452e-01
1.344000000000000083e+00,1.543175753514670845e+00,8.510987054011209807e-18,2.419436788927959159e-01
1.346000000000000085e+00,1.546202613936394243e+00,2.403314815676201624e-18,2.421252620785541154e-01
1.348000000000000087e+00,1.549237243117421059e+00,1.817845642534028998e-17,2.423066695271756110e-01
1.350000000000000089e+00,1.552279560822764637e+00,1.797968602705128289e-17,2.424878924123761159e-01
1.352000000000000091e+00,1.555329486659431382e+00,1.582935171828836474e-17,2.426689220622607335e-01
1.354000000000000092e+00,1.558386940080044525e+00,8.203796438473650731e-18,2.428497499582455421e-01
1.356000000000000094e+00,1.561451840384965095e+00,1.861213729433449176e-17,2.430303677339532564e-01
1.358000000000000096e+00,1.564524106727589015e+00,3.099011209687733379e-18,2.432107671740771360e-01
1.360000000000000098e+00,1.567603658115739762e+00,7.770115569479448765e-19,2.433909402132401478e-01
1.362000000000000099e+00,1.570690413416162556e+00,6.975033976323411345e-18,2.435708789348274284e-01
1.364000000000000101e+00,1.573784291356798093e+00,1.233279971202261294e-17,2.437505755697877696e-01
1.366000000000000103e+00,1.576885210530861059e+00,1.270323545428849413e-17,2.439300224954290830e-01
1.368000000000000105e+00,1.579993089398634254e+00,2.240684489803375728e-17,2.441092122341969040e-01
1.370000000000000107e+00,1.583107846292083565e+00,1.111307226797642045e-18,2.442881374524229487e-01
1.372000000000000108e+00,1.586229399416154706e+00,1.535953077687797884e-18,2.444667909590695909e-01
1.374000000000000110e+00,1.589357666852503570e+00,8.529057090219302061e-18,2.446451657044625139e-01
1.376000000000000112e+00,1.592492566562825118e+00,1.175455855336367775e-17,2.448232547789929991e-01
1.378000000000000114e+00,1.595634016390775400e+00,6.541353107329210342e-18,2.450010514118269589e-01
1.380000000000000115e+00,1.598781934065378607e+00,3.830847676115449257e-18,2.451785489695848530e-01
1.382000000000000117e+00,1.601936237203052116e+00,5.195135409826375156e-18,2.453557409550302382e-01
1.384000000000000119e+00,1.605096843311219601e+00,7.336434700485247184e-18,2.455326210057241498e-01
1.386000000000000121e+00,1.608263669790538586e+00,1.933493874265816343e-17,2.457091828926951937e-01
1.388000000000000123e+00,1.611436633937202600e+00,8.330286691930291888e-18,2.458854205190733055e-01
1.390000000000000124e+00,1.614615652945840196e+00,1.617268240624210678e-17,2.460613279187443547e-01
1.392000000000000126e+00,1.617800643912030267e+00,1.666057338386058378e-17,2.462368992549799906e-01
1.394000000000000128e+00,1.620991523834920400e+00,1.535953077687797884e-18,2.464121288190629089e-01
1.396000000000000130e+00,1.624188209619269685e+00,4.020583056300412533e-18,2.465870110289149764e-01
1.398000000000000131e+00,1.627390618078266016e+00,2.075343658499336301e-17,2.467615404277089808e-01
1.400000000000000133e+00,1.630598665935387714e+00,1.057097118173366823e-17,2.469357116824909826e-01
1.402000000000000135e+00,1.633812269827814134e+00,1.982282972027664043e-17,2.471095195827802682e-01
1.404000000000000137e+00,1.637031346307193047e+00,5.493291007259888876e-18,2.472829590391847077e-01
1.406000000000000139e+00,1.640255811843321254e+00,1.181780368009199833e-17,2.474560250820066198e-01
1.407999999999999918e+00,1.643485582825757518e+00,4.517509052022934885e-18,2.476287128598422538e-01
1.409999999999999920e+00,1.646720575565563394e+00,2.725864961990638962e-17,2.478010176381894580e-01
1.411999999999999922e+00,1.649960706298870150e+00,1.454637914751385013e-17,2.479729347980502985e-01
1.413999999999999924e+00,1.653205891187646159e+00,1.503427012513232712e-17,2.481444598345310670e-01
1.415999999999999925e+00,1.656456046322393405e+00,6.062497147814778703e-18,2.483155883554523102e-01
1.417999999999999927e+00,1.659711087724719647e+00,5.619781260716531573e-18,2.484863160799536674e-01
1.419999999999999929e+00,1.662970931348159098e+00,7.137664302196237010e-18,2.486566388370914371e-01
1.421999999999999931e+00,1.666235493081906327e+00,6.387757799560430034e-18,2.488265525644676457e-01
1.423999999999999932e+00,1.669504688750802046e+00,4.318738653733926252e-18,2.489960533068218684e-01
1.425999999999999934e+00,1.672778434119511104e+00,1.452830911130575942e-17,2.491651372146649057e-01
1.427999999999999936e+00,1.676056644893222369e+00,3.924811864397526051e-17,2.493338005428885618e-01
1.429999999999999938e+00,1.679339236719783912e+00,1.526918059583752181e-17,2.495020396493929649e-01
1.431999999999999940e+00,1.682626125191386990e+00,8.348356728138384142e-18,2.496698509937146648e-01
1.433999999999999941e+00,1.685917225847649803e+00,3.704357422658806656e-19,2.498372311356597542e-01
1.435999999999999943e+00,1.689212454176370670e+00,1.096851197831168704e-17,2.500041767339472032e-01
1.437999999999999945e+00,1.692511725615343465e+00,1.876573260210327361e-17,2.501706845448483096e-01
1.439999999999999947e+00,1.695814955555491110e+00,7.553275134982348070e-18,2.503367514208368338e-01
1.441999999999999948e+00,1.699122059341213742e+00,5.059610138265687102e-18,2.505023743092544830e-01
1.443999999999999950e+00,1.702432952273746025e+00,1.127570259384924611e-17,2.506675502509654319e-01
1.445999999999999952e+00,1.705747549611793090e+00,1.498006001650805190e-17,2.508322763790354348e-01
1.447999999999999954e+00,1.709065766573758083e+00,2.096124200138641777e-18,2.509965499174021675e-01
1.449999999999999956e+00,1.712387518339845371e+00,1.161903328180298970e-17,2.511603681795700482e-01
1.451999999999999957e+00,1.715712720053726770e+00,1.770863548392990447e-18,2.513237285673004529e-01
1.453999999999999959e+00,1.719041286824030124e+00,1.084202172485504434e-17,2.514866285693090897e-01
1.455999999999999961e+00,1.722373133726964767e+00,1.394103293454277887e-17,2.516490657599839698e-01
1.457999999999999963e+00,1.725708175806726530e+00,2.565945141549027289e-18,2.518110377981043202e-01
1.459999999999999964e+00,1.729046328079270722e+00,6.911788849595090767e-18,2.519725424255624402e-01
1.461999999999999966e+00,1.732387505532116734e+00,4.363913744254155347e-18,2.521335774661053186e-01
1.463999999999999968e+00,1.735731623127847456e+00,8.366426764346476396e-18,2.522941408240834682e-01
1.465999999999999970e+00,1.739078595804127048e+00,3.948302911468045057e-18,2.524542304832020911e-01
1.467999999999999972e+00,1.742428338477534311e+00,2.846030702774449139e-17,2.526138445052891202e-01
1.469999999999999973e+00,1.745780766043608878e+00,2.126843261692397762e-17,2.527729810290715862e-01
1.471999999999999975e+00,1.749135793380055759e+00,7.191874410820512232e-18,2.529316382689572040e-01
1.473999999999999977e+00,1.752493335347423908e+00,1.363384231900521826e-17,2.530898145138359423e-01
1.475999999999999979e+00,1.755853306791330226e+00,1.864827736675067626e-17,2.532475081258794281e-01
1.477999999999999980e+00,1.759215622544822111e+00,1.465479936476240057e-17,2.534047175393605578e-01
1.479999999999999982e+00,1.762580197429734596e+00,1.337182679398788866e-18,2.535614412594827116e-01
1.481999999999999984e+00,1.765946946258235783e+00,7.065384157363871075e-18,2.537176778612103001e-01
1.483999999999999986e+00,1.769315783835331501e+00,1.447409900268148419e-17,2.538734259881207378e-01
1.485999999999999988e+00,1.772686624960588375e+00,5.854691731421723944e-18,2.540286843512679638e-01
1.487999999999999989e+00,1.776059384429050425e+00,1.398620802506300720e-17,2.541834517280395778e-01
1.489999999999999991e+00,1.779433977035374426e+00,5.908901840045999165e-18,2.543377269610535008e-01
1.491999999999999993e+00,1.782810317573186865e+00,9.089228212670144992e-18,2.544915089570359834e-01
1.493999999999999995e+00,1.786188320838771659e+00,1.116728237660069567e-17,2.546447966857322553e-01
1.495999999999999996e+00,1.789567901632402425e+00,1.402234809747919171e-17,2.547975891788188951e-01
1.497999999999999998e+00,1.792948974760030012e+00,6.414862853872568222e-19,2.549498855288275245e-01
1.500000000000000000e+00,1.796331455036231262e+00,3.559797132994073148e-18,2.551016848880830468e-01
1.502000000000000002e+00,1.799715257284542957e+00,6.694948415097989880e-18,2.552529864676538751e-01
1.504000000000000004e+00,1.803100296341980879e+00,6.261267546103788106e-18,2.554037895363038269e-01
1.506000000000000005e+00,1.806486487058517554e+00,1.138412281109779656e-17,2.555540934194707736e-01
1.508000000000000007e+00,1.809873744301114584e+00,3.668217350242623592e-18,2.557038974982434043e-01
1.510000000000000009e+00,1.813261982954543328e+00,2.602085213965210642e-17,2.558532012083575835e-01
1.512000000000000011e+00,1.816651117924298120e+00,3.342956698496971876e-18,2.560020040392002039e-01
1.514000000000000012e+00,1.820041064138528952e+00,8.321251673826246531e-18,2.561503055328234746e-01
1.516000000000000014e+00,1.823431736550237048e+00,5.448115916739659781e-18,2.562981052829766404e-01
1.518000000000000016e+00,1.826823050139150695e+00,9.974659986866640793e-18,2.564454029341419194e-01
1.520000000000000018e+00,1.830214919914965321e+00,6.225127473687604368e-18,2.565921981805833196e-01
1.522000000000000020e+00,1.833607260918046933e+00,5.177065373618283672e-18,2.567384907654153281e-01
1.524000000000000021e+00,1.836999988223936953e+00,2.836995684670403397e-18,2.568842804796658830e-01
1.526000000000000023e+00,1.840393016943753679e+00,8.258006547097925953e-18,2.570295671613705424e-01
1.528000000000000025e+00,1.843786262226945638e+00,3.361026734705063745e-18,2.571743506946648217e-01
1.530000000000000027e+00,1.847179639265100093e+00,1.662443331144440196e-18,2.573186310088868001e-01
1.532000000000000028e+00,1.850573063292657139e+00,1.194429393354864103e-17,2.574624080777018209e-01
1.534000000000000030e+00,1.853966449590586762e+00,1.158289320938680519e-17,2.576056819182308000e-01
1.536000000000000032e+00,1.857359713488083486e+00,1.500716507082018951e-17,2.577484525901871382e-01
1.538000000000000034e+00,1.860752770366467246e+00,5.556536133988210224e-18,2.578907201950302874e-01
1.540000000000000036e+00,1.864145535659520903e+00,2.240684489803375728e-17,2.580324848751307520e-01
1.542000000000000037e+00,1.867537924859046683e+00,1.246832498358330099e-17,2.581737468129413626e-01
1.544000000000000039e+00,1.870929853515423957e+00,4.878909776184769953e-19,2.583145062301850925e-01
1.546000000000000041e+00,1.874321237240984317e+00,8.312216655722200982e-19,2.584547633870482586e-01
1.548000000000000043e+00,1.877711991713230333e+00,5.421010862427522170e-20,2.585945185813833258e-01
1.550000000000000044e+00,1.881102032676984948e+00,3.180326372624146211e-18,2.587337721479359143e-01
1.552000000000000046e+00,1.884491275948565914e+00,4.562684142543164750e-18,2.588725244575614814e-01
1.554000000000000048e+00,1.887879637416343570e+00,3.848917712323540741e-18,2.590107759164778645e-01
1.556000000000000050e+00,1.891267033046286627e+00,4.987329993433320396e-18,2.591485269654993928e-01
1.558000000000000052e+00,1.894653378884132877e+00,2.620155250173302511e-18,2.592857780793027533e-01
1.560000000000000053e+00,1.898038591057748192e+00,3.071906155375595768e-18,2.594225297657036799e-01
1.562000000000000055e+00,1.901422585779947383e+00,6.216092455583559012e-18,2.595587825649293690e-01
1.564000000000000057e+00,1.904805279354519598e+00,3.505587024369797927e-18,2.596945370489108784e-01
1.566000000000000059e+00,1.908186588176565834e+00,8.438706909178842331e-18,2.598297938205847979e-01
1.568000000000000060e+00,1.911566428736108492e+00,1.505234016134042092e-17,2.599645535132045215e-01
1.570000000000000062e+00,1.914944717623082937e+00,1.301042606982605321e-18,2.600988167896628456e-01
1.572000000000000064e+00,1.918321371529557950e+00,1.118535241280878792e-17,2.602325843418213935e-01
1.574000000000000066e+00,1.921696307252204861e+00,5.204170427930421283e-18,2.603658568898504777e-01
1.576000000000000068e+00,1.925069441698866513e+00,4.282598581317742514e-18,2.604986351815800072e-01
1.578000000000000069e+00,1.928440691888773983e+00,3.866987748531632225e-18,2.606309199918669384e-01
1.580000000000000071e+00,1.931809974958433429e+00,8.492917017803117745e-19,2.607627121219526778e-01
1.582000000000000073e+00,1.935177208163914031e+00,2.553296116203362942e-17,2.608940123988536253e-01
1.584000000000000075e+00,1.938542308886017196e+00,1.554023113895889753e-18,2.610248216747458883e-01
1.586000000000000076e+00,1.941905194632699505e+00,1.779898566497036343e-17,2.611551408263626528e-01
1.588000000000000078e+00,1.945265783043389263e+00,1.620882247865829129e-17,2.612849707544087074e-01
1.590000000000000080e+00,1.948623991893459362e+00,1.427532860439247441e-18,2.614143123829622550e-01
1.592000000000000082e+00,1.951979739097318145e+00,4.499439015814843401e-18,2.615431666589199122e-01
1.594000000000000083e+00,1.955332942713098987e+00,1.855792718571021653e-17,2.616715345514183944e-01
1.596000000000000085e+00,1.958683520946777890e+00,5.945041912462182903e-18,2.617994170512811802e-01
1.598000000000000087e+00,1.962031392155406451e+00,8.330286691930291888e-18,2.619268151704770564e-01
1.600000000000000089e+00,1.965376474852572386e+00,3.722427458866898814e-18,2.620537299415728882e-01
1.602000000000000091e+00,1.968718687711525916e+00,1.393199791643873198e-17,2.621801624172058198e-01
1.604000000000000092e+00,1.972057949571386359e+00,1.246832498358330099e-18,2.623061136695718498e-01
1.606000000000000094e+00,1.975394179437770958e+00,1.013729031273946646e-17,2.624315847898950338e-01
1.608000000000000096e+00,1.978727296492436949e+00,1.301042606982605321e-18,2.625565768879377648e-01
1.610000000000000098e+00,1.982057220093253136e+00,9.324138683375338132e-18,2.626810910914978980e-01
1.612000000000000099e+00,1.985383869781209398e+00,8.565197162635485029e-18,2.628051285459192532e-01
1.614000000000000101e+00,1.988707165284246514e+00,1.673285352869295279e-17,2.629286904136207137e-01
1.616000000000000103e+00,1.992027026522094957e+00,1.552216110275080412e-17,2.630517778736056744e-01
1.618000000000000105e+00,1.995343373610904081e+00,9.215718466126787689e-18,2.631743921210210613e-01
1.620000000000000107e+00,1.998656126868961991e+00,6.866613759074861094e-19,2.632965343666802682e-01
1.622000000000000108e+00,2.001965206819765086e+00,3.541727096785980894e-18,2.634182058366241197e-01
1.624000000000000110e+00,2.005270534197954646e+00,6.342582709040200939e-18,2.635394077716828320e-01
1.626000000000000112e+00,2.008572029955338678e+00,8.727827488508310694e-18,2.636601414270319244e-01
1.628000000000000114e+00,2.011869615263936595e+00,9.757819552369539906e-19,2.637804080717767174e-01
1.630000000000000115e+00,2.015163211522491338e+00,6.920823867699136894e-18,2.639002089885225111e-01
1.632000000000000117e+00,2.018452740360700659e+00,1.131184266626542908e-17,2.640195454729747371e-01
1.634000000000000119e+00,2.021738123645107521e+00,1.290200585257750276e-17,2.641384188335226257e-01
1.636000000000000121e+00,2.025019283485779198e+00,1.172745349905154014e-17,2.642568303908542915e-01
1.638000000000000123e+00,2.028296142236147404e+00,1.066132136277412642e-17,2.643747814775497806e-01
1.640000000000000124e+00,2.031568622507009536e+00,2.818925648462311528e-18,2.644922734377103679e-01
1.642000000000000126e+00,2.034836647163249523e+00,2.276824562219559311e-18,2.646093076265834676e-01
1.644000000000000128e+00,2.038100139335689676e+00,3.379096770913155614e-18,2.647258854101796621e-01
1.646000000000000130e+00,2.041359022422966518e+00,4.481368979606751917e-18,2.648420081649156543e-01
1.648000000000000131e+00,2.044613220099193995e+00,4.607859233063393845e-18,2.649576772772628819e-01
1.650000000000000133e+00,2.047862656318425678e+00,6.685913396993944331e-19,2.650728941433879160e-01
1.652000000000000135e+00,2.051107255320371081e+00,1.319112643190696997e-18,2.651876601688119561e-01
1.654000000000000137e+00,2.054346941637433588e+00,2.602085213965210642e-18,2.653019767680727670e-01
1.656000000000000139e+00,2.057581640098941733e+00,2.511735032924752067e-18,2.654158453643937210e-01
1.658000000000000140e+00,2.060811275837025391e+00,2.240684489803375959e-18,2.655292673893533406e-01
1.660000000000000142e+00,2.064035774294236347e+00,7.517135062566163562e-18,2.656422442825739916e-01
1.662000000000000144e+00,2.067255061227310620e+00,7.408714845317613119e-18,2.657547774913970318e-01
1.664000000000000146e+00,2.070469062714870745e+00,8.294146619514108920e-18,2.658668684705848828e-01
1.665999999999999925e+00,2.073677705162268126e+00,3.993478001988274922e-18,2.659785186820116110e-01
1.667999999999999927e+00,2.076880915307437903e+00,5.945041912462182903e-18,2.660897295943700502e-01
1.669999999999999929e+00,2.080078620229695474e+00,5.890831803837907682e-18,2.662005026828800913e-01
1.671999999999999931e+00,2.083270747350905339e+00,1.891932790987205237e-17,2.663108394290053527e-01
1.673999999999999932e+00,2.086457224446153447e+00,1.445602896647339165e-19,2.664207413201636343e-01
1.675999999999999934e+00,2.089637979648653499e+00,1.422111849576819880e-17,2.665302098494653493e-01
1.677999999999999936e+00,2.092812941454099018e+00,1.055290114552557598e-17,2.666392465154358571e-01
1.679999999999999938e+00,2.095982038729708563e+00,2.276824562219559311e-18,2.667478528217531175e-01
1.681999999999999940e+00,2.099145200718911752e+00,1.317305639569887887e-17,2.668560302769887316e-01
1.683999999999999941e+00,2.102302357047172165e+00,1.353445711986071317e-17,2.669637803943544219e-01
1.685999999999999943e+00,2.105453437730272270e+00,6.378722781456384677e-18,2.670711046914512887e-01
1.687999999999999945e+00,2.108598373178743657e+00,1.411269827851964836e-17,2.671780046900270600e-01
1.689999999999999947e+00,2.111737094205679455e+00,1.290200585257750276e-17,2.672844819157358387e-01
1.691999999999999948e+00,2.114869532031121935e+00,4.264528545109651031e-18,2.673905378979052339e-01
1.693999999999999950e+00,2.117995618291192983e+00,1.346217697502834724e-17,2.674961741693047679e-01
1.695999999999999952e+00,2.121115285042787235e+00,9.107298248878237246e-18,2.676013922659206679e-01
1.697999999999999954e+00,2.124228464770908431e+00,1.214306433183764966e-17,2.677061937267345981e-01
1.699999999999999956e+00,2.127335090392620032e+00,6.360652745248292423e-18,2.678105800935067782e-01
1.701999999999999957e+00,2.130435095267870338e+00,1.906388819953678733e-17,2.679145529105708690e-01
1.703999999999999959e+00,2.133528413201975837e+00,1.736530479597616166e-17,2.680181137246158141e-01
1.705999999999999961e+00,2.136614978455586566e+00,3.342956698496971876e-18,2.681212640844884976e-01
1.707999999999999963e+00,2.139694725746878134e+00,1.194429393354864103e-17,2.682240055409946811e-01
1.709999999999999964e+00,2.142767590261854593e+00,1.499813005271614531e-18,2.683263396467056583e-01
1.711999999999999966e+00,2.145833507659304473e+00,9.396418828207704453e-19,2.684282679557560836e-01
1.713999999999999968e+00,2.148892414077497648e+00,8.673617379884035472e-19,2.685297920236748848e-01
1.715999999999999970e+00,2.151944246139887440e+00,7.842395714311814892e-18,2.686309134071898086e-01
1.717999999999999972e+00,2.154988940963228572e+00,3.288746589872696655e-18,2.687316336640525605e-01
1.719999999999999973e+00,2.158026436161730288e+00,2.981555974335137194e-18,2.688319543528585598e-01
1.721999999999999975e+00,2.161056669855501156e+00,1.228762462150238423e-18,2.689318770328849584e-01
1.723999999999999977e+00,2.164079580676290249e+00,1.385971777160636450e-17,2.690314032639153363e-01
1.725999999999999979e+00,2.167095107773373996e+00,6.432932890080659899e-18,2.691305346060738901e-01
1.727999999999999980e+00,2.170103190820043437e+00,1.517883041479706208e-18,2.692292726196738872e-01
1.729999999999999982e+00,2.173103770020802017e+00,3.650147314034531338e-18,2.693276188650524094e-01
1.731999999999999984e+00,2.176096786117359017e+00,3.342956698496971876e-18,2.694255749024199176e-01
1.733999999999999986e+00,2.179082180393251633e+00,2.428612866367529932e-17,2.695231422917071518e-01
1.735999999999999988e+00,2.182059894682588208e+00,8.998878031629686802e-18,2.696203225924244107e-01
1.737999999999999989e+00,2.185029871374659649e+00,2.818925648462311528e-18,2.697171173635113384e-01
1.739999999999999991e+00,2.187992053420426686e+00,3.017696046751320546e-18,2.698135281631995896e-01
1.741999999999999993e+00,2.190946384338495534e+00,1.127570259384924611e-17,2.699095565488753290e-01
1.743999999999999995e+00,2.193892808222543067e+00,1.266709538187230962e-17,2.700052040769431172e-01
1.745999999999999996e+00,2.196831269744592419e+00,7.047314121155778821e-18,2.701004723027026211e-01
1.747999999999999998e+00,2.199761714163539494e+00,8.402566836762659364e-18,2.701953627802083369e-01
1.750000000000000000e+00,2.202684087329714657e+00,1.084202172485504434e-18,2.702898770621559588e-01
1.752000000000000002e+00,2.205598335691817624e+00,3.614007241618348370e-18,2.703840166997502625e-01
1.754000000000000004e+00,2.208504406300935585e+00,5.963111948670274387e-19,2.704777832425964701e-01
1.756000000000000005e+00,2.211402246817634420e+00,1.031799067482038438e-17,2.705711782385731290e-01
1.758000000000000007e+00,2.214291805517810019e+00,1.926265859782579442e-17,2.706642032337282511e-01
1.760000000000000009e+00,2.217173031297672736e+00,7.806255641895631925e-18,2.707568597721630166e-01
1.762000000000000011e+00,2.220045873678689219e+00,1.232376469391856758e-17,2.708491493959194751e-01
1.764000000000000012e+00,2.222910282814428484e+00,3.216466445040329949e-18,2.709410736448871759e-01
1.766000000000000014e+00,2.225766209494910441e+00,2.200930410145574001e-17,2.710326340566892589e-01
1.768000000000000016e+00,2.228613605152222732e+00,1.035413074723656734e-17,2.711238321665845885e-01
1.770000000000000018e+00,2.231452421865267155e+00,1.734723475976807094e-17,2.712146695073737734e-01
1.772000000000000020e+00,2.234282612366360610e+00,5.908901840045999165e-18,2.713051476092968595e-01
1.774000000000000021e+00,2.237104130043441330e+00,2.162983334108581346e-17,2.713952679999465101e-01
1.776000000000000023e+00,2.239916928948925801e+00,1.962405932198763026e-17,2.714850322041763020e-01
1.778000000000000025e+00,2.242720963800202583e+00,1.684127374594150324e-17,2.715744417440070779e-01
1.780000000000000027e+00,2.245516189987558420e+00,4.987329993433320396e-18,2.716634981385461223e-01
1.782000000000000028e+00,2.248302563577471602e+00,7.408714845317613119e-18,2.717522029039018960e-01
1.784000000000000030e+00,2.251080041318019198e+00,3.442341897641476578e-17,2.718405575531031015e-01
1.786000000000000032e+00,2.253848580641975019e+00,5.222240464138512767e-18,2.719285635960166370e-01
1.788000000000000034e+00,2.256608139671754998e+00,3.180326372624146211e-18,2.720162225392703248e-01
1.790000000000000036e+00,2.259358677224604151e+00,1.235990476633475055e-17,2.721035358861821907e-01
1.792000000000000037e+00,2.262100152814930709e+00,9.414488864415796322e-18,2.721905051366825257e-01
1.794000000000000039e+00,2.264832526659414924e+00,3.127923267620680292e-17,2.722771317872441643e-01
1.796000000000000041e+00,2.267555759680789151e+00,2.585822181377928075e-17,2.723634173308103756e-01
1.798000000000000043e+00,2.270269813510992662e+00,9.595189226496714241e-18,2.724493632567354662e-01
1.800000000000000044e+00,2.272974650495370952e+00,7.950815931560365336e-18,2.725349710507093404e-01
1.802000000000000046e+00,2.275670233696320821e+00,6.143812310751191536e-18,2.726202421947021004e-01
1.804000000000000048e+00,2.278356526895645828e+00,6.794333614242494196e-18,2.727051781668957120e-01
1.806000000000000050e+00,2.281033494598812439e+00,1.933493874265816112e-18,2.727897804416289373e-01
1.808000000000000052e+00,2.283701102037205999e+00,7.336434700485247184e-18,2.728740504893366059e-01
1.810000000000000053e+00,2.286359315172262541e+00,9.233788502334879943e-18,2.729579897764948804e-01
1.812000000000000055e+00,2.289008100696996451e+00,2.493664996716660198e-18,2.730415997655634697e-01
1.814000000000000057e+00,2.291647426039126856e+00,9.089228212670144992e-18,2.731248819149371676e-01
1.816000000000000059e+00,2.294277259364431387e+00,1.156482317317871332e-18,2.732078376788886764e-01
1.818000000000000060e+00,2.346002107709896478e+00,1.391392788023064126e-17,2.732904685075246420e-01
1.820000000000000062e+00,2.299508326326680674e+00,6.071532165918824830e-18,2.733727758467316415e-01
1.822000000000000064e+00,2.302109500002334386e+00,7.119594265988146297e-18,2.734547611381373255e-01
1.824000000000000066e+00,2.304701061741930346e+00,7.372574772901430151e-18,2.735364258190525755e-01
1.826000000000000068e+00,2.307282983431214518e+00,1.409462824231155764e-18,2.736177713224417496e-01
1.828000000000000069e+00,2.342398882739427535e+00,1.602812211657737491e-17,2.736987990768712242e-01
1.830000000000000071e+00,2.312417797950178766e+00,1.788933584601082316e-17,2.737795105064712575e-01
1.832000000000000073e+00,2.340966593817405794e+00,3.252606517456513302e-19,2.738599070308973538e-01
1.834000000000000075e+00,2.340252426706722844e+00,1.017343038515564943e-17,2.739399900652909059e-01
1.836000000000000076e+00,2.320047059666702438e+00,9.035018104045869770e-18,2.740197610202431133e-01
1.838000000000000078e+00,2.338828102333717851e+00,1.255867516462375918e-17,2.740992213017582335e-01
1.840000000000000080e+00,2.325084309993343368e+00,1.700390407181432890e-17,2.741783723112226623e-01
1.842000000000000082e+00,2.337409193131268381e+00,9.956589950658548539e-18,2.742572154453676858e-01
1.844000000000000083e+00,2.336701793502712121e+00,2.956257923643808962e-17,2.743357520962415586e-01
1.846000000000000085e+00,2.335995776047717243e+00,1.158289320938680519e-17,2.744139836511778063e-01
1.848000000000000087e+00,2.335291149455262172e+00,4.336808689942017736e-18,2.744919114927650283e-01
1.850000000000000089e+00,2.334587922060187282e+00,4.463298943398659663e-18,2.745695369988196410e-01
1.852000000000000091e+00,2.333886101855714656e+00,4.662069341687669066e-18,2.746468615423588444e-01
1.854000000000000092e+00,2.333185696502201978e+00,5.113820246889962324e-18,2.747238864915770296e-01
1.856000000000000094e+00,2.332486713336162865e+00,4.643999305479577582e-18,2.748006132098161358e-01
1.858000000000000096e+00,2.331789159378605092e+00,5.240310500346604443e-19,2.748770430555488864e-01
1.860000000000000098e+00,2.331093041345127403e+00,1.687741381835768466e-17,2.749531773823477021e-01
1.862000000000000099e+00,2.330398365653824300e+00,1.176359357146772311e-17,2.750290175388732106e-01
1.864000000000000101e+00,2.329705138434523093e+00,1.646180298557157668e-17,2.751045648688437706e-01
1.866000000000000103e+00,2.329013365533491253e+00,4.698209414103852804e-18,2.751798207110235372e-01
1.868000000000000105e+00,2.328323052525465897e+00,1.554023113895889753e-18,2.752547863992009791e-01
1.870000000000000107e+00,2.327634204718410871e+00,1.266709538187230962e-17,2.753294632621702265e-01
1.872000000000000108e+00,2.326946827162263531e+00,3.595937205410256116e-18,2.754038526237161943e-01
1.874000000000000110e+00,2.326260924655276341e+00,4.824699667560494731e-18,2.754779558025990949e-01
1.876000000000000112e+00,2.325576501751086766e+00,7.426784881525705373e-18,2.755517741125377840e-01
1.878000000000000114e+00,2.324893562765833366e+00,6.161882346959283790e-18,2.756253088621991587e-01
1.880000000000000115e+00,2.324212111784266455e+00,1.073360150760649390e-17,2.756985613551790615e-01
1.882000000000000117e+00,2.323532152666764716e+00,1.011922027653137536e-18,2.757715328899975615e-01
1.884000000000000119e+00,2.322853689054181103e+00,1.398620802506300720e-17,2.758442247600808583e-01
1.886000000000000121e+00,2.322176724375346168e+00,1.608233222520164975e-18,2.759166382537555640e-01
1.888000000000000123e+00,2.321501261851963704e+00,5.330660681387063210e-18,2.759887746542378228e-01
1.890000000000000124e+00,2.320827304504657462e+00,7.462924953941888341e-18,2.760606352396193230e-01
1.892000000000000126e+00,2.320154855158968132e+00,5.890831803837907682e-18,2.761322212828674627e-01
1.894000000000000128e+00,2.319483916448646710e+00,6.306442636624017201e-18,2.762035340518094739e-01
1.896000000000000130e+00,2.318814490823839947e+00,7.679765388438989227e-18,2.762745748091314790e-01
1.898000000000000131e+00,2.318146580554117264e+00,1.460058925613812535e-17,2.763453448123699419e-01
1.900000000000000133e+00,2.317480187734048513e+00,9.613259262704806495e-18,2.764158453139080596e-01
1.902000000000000135e+00,2.398051312591455542e+00,7.444854917733797627e-18,2.764860775609659371e-01
1.904000000000000137e+00,2.316151961973464068e+00,1.319112643190696997e-18,2.765560427956012535e-01
1.906000000000000139e+00,2.315490132389214750e+00,1.393199791643873198e-17,2.766257422547059863e-01
1.908000000000000140e+00,2.404597041522986700e+00,1.807003620809174137e-19,2.766951771700004170e-01
1.910000000000000142e+00,2.314171047021471139e+00,4.680139377895760550e-18,2.767643487680334635e-01
1.912000000000000144e+00,2.408910134783955215e+00,8.691687416092127726e-18,2.768332582701774625e-01
1.914000000000000146e+00,2.312858067906617521e+00,1.212499429562955741e-17,2.769019068926352745e-01
1.916000000000000147e+00,2.312203870597329569e+00,4.062144139579023485e-17,2.769702958464256848e-01
1.918000000000000149e+00,2.415303763619718325e+00,6.902753831491044640e-18,2.770384263374018885e-01
1.919999999999999929e+00,2.417414725242679197e+00,4.860839739976678469e-18,2.771062995662336159e-01
1.921999999999999931e+00,2.310250455909425682e+00,7.282224591860971962e-18,2.771739167284216210e-01
1.923999999999999932e+00,2.421606316849260310e+00,1.037220078344465960e-17,2.772412790142941286e-01
1.925999999999999934e+00,2.423686962551400370e+00,1.626303258728256651e-19,2.773083876090073341e-01
1.927999999999999936e+00,2.425757519734510481e+00,1.544988095791843818e-17,2.773752436925531195e-01
1.929999999999999938e+00,2.427817997848006115e+00,1.355252715606880543e-17,2.774418484397579987e-01
1.931999999999999940e+00,2.307025375714744087e+00,8.691687416092127726e-18,2.775082030202876693e-01
1.933999999999999941e+00,2.431908757803309840e+00,2.735803481905089625e-17,2.775743085986527303e-01
1.935999999999999943e+00,2.433939061656552383e+00,1.113114230418451270e-17,2.776401663342115689e-01
1.937999999999999945e+00,2.435959330452391214e+00,9.432558900623888576e-18,2.777057773811746899e-01
1.939999999999999947e+00,2.437969576714984044e+00,2.927345865710861972e-18,2.777711428886149303e-01
1.941999999999999948e+00,2.439969813563031664e+00,9.848169733409998095e-18,2.778362640004662376e-01
1.943999999999999950e+00,2.441960054705894834e+00,1.264902534566421775e-18,2.779011418555356605e-01
1.945999999999999952e+00,2.302574519833033406e+00,7.101524229780054043e-18,2.779657775875050696e-01
1.947999999999999954e+00,2.445910607618493771e+00,2.620155250173302511e-18,2.780301723249444801e-01
1.949999999999999956e+00,2.447870949694241460e+00,4.065758146820641628e-18,2.780943271913144943e-01
1.951999999999999957e+00,2.300689914246486723e+00,6.938893903907228378e-18,2.781582433049749614e-01
1.953999999999999959e+00,2.451761845083318292e+00,7.625555279814714006e-18,2.782219217791943033e-01
1.955999999999999961e+00,2.453692432060876172e+00,2.766522543458845378e-17,2.782853637221580079e-01
1.957999999999999963e+00,2.455613135244956169e+00,3.957337929572091184e-18,2.783485702369755677e-01
1.959999999999999964e+00,2.457523972821022085e+00,1.734723475976807094e-17,2.784115424216925816e-01
1.961999999999999966e+00,2.459424963501920303e+00,1.156482317317871332e-18,2.784742813692983043e-01
1.963999999999999968e+00,2.461316126522504533e+00,1.183587371630009058e-17,2.785367881677340285e-01
1.965999999999999970e+00,2.463197481632413144e+00,2.076247160309740991e-17,2.785990638999092939e-01
1.967999999999999972e+00,2.465069049087624364e+00,8.041166112600825066e-18,2.786611096437041635e-01
1.969999999999999973e+00,2.466930849645077473e+00,5.565571152092256351e-18,2.787229264719867650e-01
1.971999999999999975e+00,2.468782904552856650e+00,2.038300084272748336e-17,2.787845154526187863e-01
1.973999999999999977e+00,2.470625235545433895e+00,1.033606071102847509e-17,2.788458776484725732e-01
1.975999999999999979e+00,2.472457864835092778e+00,3.162256336416054728e-18,2.789070141174347928e-01
1.977999999999999980e+00,2.474280815104947351e+00,3.921197857155907446e-18,2.789679259124288602e-01
1.979999999999999982e+00,2.476094109498852447e+00,1.729302465114379572e-17,2.790286140814159932e-01
1.981999999999999984e+00,2.477897771620401812e+00,7.029244084947686567e-18,2.790890796674157515e-01
1.983999999999999986e+00,2.479691825518827386e+00,1.308270621465842068e-17,2.791493237085147516e-01
1.985999999999999988e+00,2.481476295683414435e+00,2.397893804813773870e-17,2.792093472378802121e-01
1.987999999999999989e+00,2.483251207039032238e+00,1.492584990788377668e-17,2.792691512837722212e-01
1.989999999999999991e+00,2.289070547679749268e+00,3.993478001988274922e-18,2.793287368695567818e-01
1.991999999999999993e+00,2.486772455135728421e+00,9.504839045456256052e-18,2.793881050137223543e-01
1.993999999999999995e+00,2.488518843822248527e+00,7.553275134982348070e-18,2.794472567298905141e-01
1.995999999999999996e+00,2.490255777573718632e+00,4.409088834774384442e-18,2.795061930268287198e-01
1.997999999999999998e+00,2.491983283366664637e+00,9.486769009248163798e-18,2.795649149084699081e-01
2.000000000000000000e+00,2.493701388564637966e+00,2.280438569461177762e-17,2.796234233739179897e-01
2.002000000000000224e+00,2.495410120912318064e+00,5.131890283098054578e-18,2.796817194174695542e-01
2.004000000000000004e+00,2.497109508524559374e+00,1.514269034238087757e-17,2.797398040286253607e-01
2.006000000000000227e+00,2.498799579884497746e+00,2.441261891713194048e-17,2.797976781921085454e-01
2.008000000000000007e+00,2.500480363831108832e+00,3.180326372624146211e-18,2.798553428878729488e-01
2.010000000000000231e+00,2.502151889552774122e+00,1.698583403560623549e-18,2.799127990911226549e-01
2.012000000000000011e+00,2.503814186581177381e+00,1.049869103690130076e-17,2.799700477723275904e-01
2.014000000000000234e+00,2.505467284782010751e+00,3.641112295930485519e-17,2.800270898972365696e-01
2.016000000000000014e+00,2.507111214349020401e+00,1.064325132656603571e-17,2.800839264268952800e-01
2.018000000000000238e+00,2.508746005795387646e+00,4.734349486520035772e-18,2.801405583176572178e-01
2.020000000000000018e+00,2.510371689946396145e+00,3.993478001988274922e-18,2.801969865212067812e-01
2.022000000000000242e+00,2.511988297932909120e+00,1.982282972027664043e-17,2.802532119845690395e-01
2.024000000000000021e+00,2.513595861181748603e+00,1.118535241280878792e-17,2.803092356501272753e-01
2.026000000000000245e+00,2.515194411411442843e+00,1.187201378871627355e-17,2.803650584556411918e-01
2.028000000000000025e+00,2.516783980622676609e+00,8.854317741964952236e-19,2.804206813342593474e-01
2.030000000000000249e+00,2.518364601090436139e+00,2.168404344971008868e-19,2.804761052145413047e-01
2.032000000000000028e+00,2.519936305359571804e+00,1.178166360767581536e-17,2.805313310204674560e-01
2.034000000000000252e+00,2.521499126234068910e+00,1.432953871301674924e-17,2.805863596714577857e-01
2.036000000000000032e+00,2.523053096771999293e+00,2.229842468078520683e-17,2.806411920823915773e-01
2.038000000000000256e+00,2.524598250278586420e+00,3.080941173479641972e-17,2.806958291636219016e-01
2.040000000000000036e+00,2.526134620296506483e+00,4.174178364069192071e-18,2.807502718209917147e-01
2.042000000000000259e+00,2.527662240603053334e+00,1.230569465771047533e-17,2.808045209558501787e-01
2.044000000000000039e+00,2.529181145197910041e+00,1.096851197831168704e-17,2.808585774650736999e-01
2.046000000000000263e+00,2.530691368300050925e+00,4.662069341687669066e-18,2.809124422410781974e-01
2.048000000000000043e+00,2.532192944340625473e+00,2.636418282760584846e-17,2.809661161718352562e-01
2.049999999999999822e+00,2.533685907953021399e+00,1.987703982890091382e-19,2.810196001409018263e-01
2.052000000000000046e+00,2.535170293969109423e+00,8.312216655722200982e-19,2.810728950274165583e-01
2.053999999999999826e+00,2.536646137411384672e+00,1.678706363731722801e-17,2.811260017061357752e-01
2.056000000000000050e+00,2.538113473485239524e+00,1.219727444046192488e-17,2.811789210474399114e-01
2.057999999999999829e+00,2.269604596124313645e+00,9.125368285086329500e-18,2.812316539173588814e-01
2.060000000000000053e+00,2.541022765231055303e+00,1.084202172485504434e-19,2.812842011775804618e-01
2.061999999999999833e+00,2.542464792174250476e+00,2.314771638256551967e-17,2.813365636854754381e-01
2.064000000000000057e+00,2.543898454278266996e+00,8.492917017803117553e-18,2.813887422941127037e-01
2.065999999999999837e+00,2.545323787568776197e+00,7.553275134982348070e-18,2.814407378522740255e-01
2.068000000000000060e+00,2.546740828216492503e+00,5.782411586589357238e-18,2.814925512044756939e-01
2.069999999999999840e+00,2.548149612529218899e+00,6.975033976323411345e-18,2.815441831909872850e-01
2.072000000000000064e+00,2.265799996190434484e+00,1.788933584601082316e-17,2.815956346478418193e-01
2.073999999999999844e+00,2.550942558039483998e+00,1.116728237660069567e-17,2.816469064068628514e-01
2.076000000000000068e+00,2.552326792489441942e+00,1.120342244901687864e-17,2.816979992956762380e-01
2.077999999999999847e+00,2.553702917096941860e+00,1.689548385456577846e-17,2.817489141377294559e-01
2.080000000000000071e+00,2.555070968769332040e+00,1.456444918372194392e-17,2.817996517523106426e-01
2.081999999999999851e+00,2.556430984515291271e+00,2.665330340693531836e-17,2.818502129545640833e-01
2.084000000000000075e+00,2.557783001439762671e+00,8.673617379884035472e-19,2.819005985555120830e-01
2.085999999999999854e+00,2.559127056737164452e+00,7.191874410820512232e-18,2.819508093620678446e-01
2.088000000000000078e+00,2.560463187686043085e+00,2.106966221863497053e-17,2.820008461770565078e-01
2.089999999999999858e+00,2.561791431644092398e+00,2.152141312383726302e-17,2.820507097992312473e-01
2.092000000000000082e+00,2.563111826042387520e+00,4.474140965123515170e-17,2.821004010232958659e-01
2.093999999999999861e+00,2.564424408378521036e+00,1.174552353525963085e-17,2.821499206399153414e-01
2.096000000000000085e+00,2.565729216213291863e+00,5.421010862427522170e-18,2.821992694357391418e-01
2.097999999999999865e+00,2.567026287163454157e+00,3.758567531283081781e-18,2.822484481934172673e-01
2.100000000000000089e+00,2.568315658898079334e+00,1.716653439768715457e-17,2.822974576916190692e-01
2.101999999999999869e+00,2.257870680255280149e+00,4.535579088231027139e-18,2.823462987050499029e-01
2.104000000000000092e+00,2.570871455621578150e+00,2.853258717257686041e-17,2.823949720044702238e-01
2.105999999999999872e+00,2.572137956158108807e+00,1.761828530288944705e-17,2.824434783567132401e-01
2.108000000000000096e+00,2.573396908565971586e+00,2.276824562219559311e-18,2.824918185247026758e-01
2.109999999999999876e+00,2.574648350694928922e+00,2.041914091514366556e-18,2.825399932674695913e-01
2.112000000000000099e+00,2.575892320415142933e+00,8.962737959213503835e-18,2.825880033401723668e-01
2.113999999999999879e+00,2.577128855614844838e+00,6.595563215953485564e-18,2.826358494941129673e-01
2.116000000000000103e+00,2.578357994193765990e+00,2.800855612254219659e-18,2.826835324767572044e-01
2.117999999999999883e+00,2.579579774057897623e+00,7.300294628069062675e-18,2.827310530317460602e-01
2.120000000000000107e+00,2.580794233117924108e+00,8.276076583306016666e-18,2.827784118989241646e-01
2.121999999999999886e+00,2.582001409280607618e+00,5.113820246889962324e-18,2.828256098143467900e-01
2.124000000000000110e+00,2.583201340449445382e+00,1.011922027653137420e-17,2.828726475103072180e-01
2.125999999999999890e+00,2.584394064514651035e+00,1.185394375250818130e-17,2.829195257153449550e-01
2.128000000000000114e+00,2.585579619354177794e+00,3.469446951953614189e-18,2.829662451542716561e-01
2.129999999999999893e+00,2.586758042825945125e+00,1.463672932855430986e-18,2.830128065481845034e-01
2.132000000000000117e+00,2.587929372764090630e+00,6.758193541826311229e-18,2.830592106144842468e-01
2.133999999999999897e+00,2.589093646978572139e+00,1.908195823574487804e-17,2.831054580668932452e-01
2.136000000000000121e+00,2.590250903246477776e+00,5.746271514173173500e-18,2.831515496154776712e-01
2.137999999999999901e+00,2.591401179310977909e+00,1.311884628707460365e-17,2.831974859666531175e-01
2.140000000000000124e+00,2.592544512875615936e+00,1.216113436804574192e-17,2.832432678232160717e-01
2.141999999999999904e+00,2.593680941603501822e+00,2.547875105340935420e-18,2.832888958843539640e-01
2.144000000000000128e+00,2.594810503110263511e+00,1.198043400596482400e-17,2.833343708456610432e-01
2.145999999999999908e+00,2.595933234963709424e+00,2.385244779468109755e-18,2.833796933991640232e-01
2.148000000000000131e+00,2.597049174676712369e+00,5.926971876254090649e-18,2.834248642333282997e-01
2.149999999999999911e+00,2.598158359707404941e+00,1.951563910473907981e-18,2.834698840330867053e-01
2.152000000000000135e+00,2.599260827453655054e+00,1.337182679398788751e-17,2.835147534798473923e-01
2.153999999999999915e+00,2.600356615250298375e+00,8.673617379884035472e-19,2.835594732515170358e-01
2.156000000000000139e+00,2.601445760365663773e+00,5.764341550381264984e-18,2.836040440225165993e-01
2.157999999999999918e+00,2.602528299998141392e+00,8.782037597132585915e-18,2.836484664637978215e-01
2.160000000000000142e+00,2.603604271275564486e+00,1.089623183347931956e-17,2.836927412428595918e-01
2.161999999999999922e+00,2.604673711248132406e+00,1.752793512184898963e-18,2.837368690237686009e-01
2.164000000000000146e+00,2.605736656888197444e+00,2.155755319625344752e-17,2.837808504671709420e-01
2.165999999999999925e+00,2.606793145087298313e+00,1.181780368009199833e-17,2.838246862303170914e-01
2.168000000000000149e+00,2.607843212652220188e+00,3.686287386450715076e-18,2.838683769670710122e-01
2.169999999999999929e+00,2.240971041199077973e+00,5.149960319306146062e-18,2.839119233279298049e-01
2.172000000000000153e+00,2.609924232669698085e+00,1.445602896647339310e-18,2.839553259600436919e-01
2.173999999999999932e+00,2.610955258290722725e+00,2.529805069132843840e-19,2.839985855072274523e-01
2.176000000000000156e+00,2.611980009609482067e+00,1.286586578016131980e-17,2.840417026099827380e-01
2.177999999999999936e+00,2.612998522971459181e+00,1.086009176106313659e-17,2.840846779055106741e-01
2.180000000000000160e+00,2.238605270106546641e+00,7.499065026358072849e-18,2.841275120277308996e-01
2.181999999999999940e+00,2.615016980708599448e+00,1.120342244901687979e-18,2.841702056072962224e-01
2.184000000000000163e+00,2.616016997267426092e+00,5.764341550381264984e-18,2.842127592716124362e-01
2.185999999999999943e+00,2.617010920232807791e+00,4.300668617525833998e-18,2.842551736448508115e-01
2.188000000000000167e+00,2.617998785428838460e+00,4.011548038196366406e-18,2.842974493479696885e-01
2.189999999999999947e+00,2.618980628568383651e+00,3.957337929572091184e-18,2.843395869987253022e-01
2.192000000000000171e+00,2.619956485252178169e+00,1.248639501979139325e-17,2.843815872116911003e-01
2.193999999999999950e+00,2.620926390964616104e+00,4.643999305479577582e-18,2.844234505982747852e-01
2.196000000000000174e+00,2.621890381074102550e+00,1.416690838714392358e-17,2.844651777667337456e-01
2.197999999999999954e+00,2.622848490829571944e+00,3.169484350899291090e-17,2.845067693221897120e-01
2.200000000000000178e+00,2.623800755359443571e+00,1.084202172485504434e-18,2.845482258666490738e-01
2.201999999999999957e+00,2.624747209669187953e+00,1.174552353525963201e-18,2.845895479990142030e-01
2.204000000000000181e+00,2.625687888640960921e+00,1.362480730090117290e-17,2.846307363151017733e-01
2.205999999999999961e+00,2.626622827030171692e+00,1.716653439768715418e-18,2.846717914076610789e-01
2.208000000000000185e+00,2.627552059463894807e+00,2.999626010543229062e-18,2.847127138663836377e-01
2.209999999999999964e+00,2.628475620442127791e+00,9.016948067837779056e-18,2.847535042779263392e-01
2.212000000000000188e+00,2.629393544332231158e+00,4.047688110612550144e-18,2.847941632259209377e-01
2.213999999999999968e+00,2.630305865370587526e+00,2.079861167551359442e-17,2.848346912909974771e-01
2.216000000000000192e+00,2.631212617659279829e+00,1.011922027653137536e-18,2.848750890507916189e-01
2.217999999999999972e+00,2.632113835165998950e+00,5.294520608970880243e-18,2.849153570799646817e-01
2.220000000000000195e+00,2.633009551722160779e+00,2.656295322589485863e-18,2.849554959502189622e-01
2.221999999999999975e+00,2.633899801021090781e+00,1.680513367352531873e-18,2.849955062303131670e-01
2.224000000000000199e+00,2.634784616617729114e+00,1.266709538187230962e-17,2.850353884860785669e-01
2.225999999999999979e+00,2.635664031926960860e+00,6.902753831491044640e-18,2.850751432804312646e-01
2.228000000000000203e+00,2.636538080223552072e+00,7.589415207398531038e-19,2.851147711733902912e-01
2.229999999999999982e+00,2.727586566254192491e+00,8.547127126427392775e-18,2.851542727220940376e-01
2.232000000000000206e+00,2.638270208159855912e+00,3.830847676115449257e-18,2.851936484808152428e-01
2.233999999999999986e+00,2.639128353632340662e+00,2.746645503629944438e-18,2.852328990009673215e-01
2.236000000000000210e+00,2.639981263755405649e+00,1.517883041479706208e-18,2.852720248311361173e-01
2.237999999999999989e+00,2.640828971082022747e+00,1.517883041479706208e-18,2.853110265170807902e-01
2.240000000000000213e+00,2.728606626522022793e+00,6.740123505618218975e-18,2.853499046017530794e-01
2.241999999999999993e+00,2.642508906821749548e+00,2.222614453595284090e-18,2.853886596253144559e-01
2.244000000000000217e+00,2.643341199602758707e+00,1.441988889405720897e-17,2.854272921251518325e-01
2.245999999999999996e+00,2.644168418321108049e+00,7.029244084947686567e-18,2.854658026358850575e-01
2.248000000000000220e+00,2.644990594788016125e+00,1.398620802506300720e-17,2.855041916893891196e-01
2.250000000000000000e+00,2.645807760661934793e+00,2.005774019098183203e-18,2.855424598148056936e-01
2.252000000000000224e+00,2.646619947451128496e+00,5.059610138265687102e-18,2.855806075385583509e-01
2.254000000000000004e+00,2.647427186512075536e+00,3.288746589872696655e-18,2.856186353843694348e-01
2.256000000000000227e+00,2.648229509047926200e+00,2.999626010543229062e-18,2.856565438732679985e-01
2.258000000000000007e+00,2.649026946109511726e+00,3.794707603699265519e-18,2.856943335236093451e-01
2.260000000000000231e+00,2.649819528593372553e+00,2.096124200138641777e-18,2.857320048510910704e-01
2.262000000000000011e+00,2.650607287241914634e+00,7.101524229780054043e-18,2.857695583687608343e-01
2.264000000000000234e+00,2.651390252644159062e+00,9.739749516161447652e-18,2.858069945870378992e-01
2.266000000000000014e+00,2.652168455232899902e+00,1.443795893026529969e-17,2.858443140137214011e-01
2.268000000000000238e+00,2.652941925286508962e+00,1.214306433183764966e-17,2.858815171540073363e-01
2.270000000000000018e+00,2.653710692927131021e+00,3.830847676115449257e-18,2.859186045105005514e-01
2.272000000000000242e+00,2.654474788121330420e+00,1.680513367352531873e-18,2.859555765832343943e-01
2.274000000000000021e+00,2.655234240679877900e+00,1.608233222520164975e-18,2.859924338696778756e-01
2.276000000000000245e+00,2.655989080256727419e+00,4.625929269271485328e-18,2.860291768647514887e-01
2.278000000000000025e+00,2.656739336348479696e+00,7.986956003976549844e-18,2.860658060608400333e-01
2.280000000000000249e+00,2.657485038296229618e+00,5.764341550381264984e-18,2.861023219478135982e-01
2.282000000000000028e+00,2.658226215282883942e+00,1.264902534566421891e-17,2.861387250130294491e-01
2.284000000000000252e+00,2.658962896335211212e+00,1.427532860439247441e-18,2.861750157413553430e-01
2.286000000000000032e+00,2.659695110321617761e+00,9.450628936831980830e-18,2.862111946151749131e-01
2.288000000000000256e+00,2.660422885954687899e+00,6.920823867699136894e-18,2.862472621144124818e-01
2.290000000000000036e+00,2.661146251787890549e+00,1.779898566497036343e-17,2.862832187165332276e-01
2.292000000000000259e+00,2.661865236218645236e+00,2.096124200138641777e-18,2.863190648965663887e-01
2.294000000000000039e+00,2.662579867485785456e+00,1.235990476633475055e-17,2.863548011271113136e-01
2.296000000000000263e+00,2.663290173672034911e+00,1.749179504943280590e-17,2.863904278783599433e-01
2.298000000000000043e+00,2.663996182701513504e+00,1.020957045757183393e-17,2.864259456180976993e-01
2.300000000000000266e+00,2.664697922341691338e+00,6.993104012531503599e-18,2.864613548117270203e-01
2.302000000000000046e+00,2.665395420202496979e+00,1.440181885784911826e-17,2.864966559222756892e-01
2.304000000000000270e+00,2.666088703736932075e+00,1.008308020411519124e-17,2.865318494104099889e-01
2.306000000000000050e+00,2.666777800241035834e+00,2.052756113239221831e-17,2.865669357344508006e-01
2.307999999999999829e+00,2.667462736853789096e+00,2.316578641877361038e-17,2.866019153503781003e-01
2.310000000000000053e+00,2.668143540557561977e+00,3.776637567491174035e-18,2.866367887118563829e-01
2.311999999999999833e+00,2.668820238177850968e+00,9.757819552369539906e-19,2.866715562702341069e-01
2.314000000000000057e+00,2.669492856384390933e+00,1.517883041479706208e-17,2.867062184745647890e-01
2.315999999999999837e+00,2.670161421690600889e+00,7.986956003976549844e-18,2.867407757716187722e-01
2.318000000000000060e+00,2.670825960453768744e+00,1.011922027653137536e-18,2.867752286058924960e-01
2.319999999999999840e+00,2.671486498875832893e+00,2.764715539838036307e-18,2.868095774196239844e-01
2.322000000000000064e+00,2.672143063003780128e+00,1.058904121794176049e-17,2.868438226528017276e-01
2.323999999999999844e+00,2.672795678728615343e+00,3.975407965780182764e-19,2.868779647431823343e-01
2.326000000000000068e+00,2.673444371787471852e+00,3.614007241618348274e-19,2.869120041262974707e-01
2.327999999999999847e+00,2.674089167762669916e+00,3.577867169202164632e-18,2.869459412354678496e-01
2.330000000000000071e+00,2.674730092082512556e+00,1.120342244901687864e-17,2.869797765018177738e-01
2.331999999999999851e+00,2.675367170021630159e+00,8.727827488508310694e-18,2.870135103542838517e-01
2.334000000000000075e+00,2.676000426701452994e+00,1.517883041479706208e-18,2.870471432196269879e-01
2.335999999999999854e+00,2.676629887089998050e+00,6.396792817664476161e-18,2.870806755224487028e-01
2.338000000000000078e+00,2.677255576003403803e+00,8.926597886797319326e-18,2.871141076851955742e-01
2.339999999999999858e+00,2.677877518104448740e+00,2.312964634635742664e-18,2.871474401281818301e-01
2.342000000000000082e+00,2.678495737905162599e+00,2.229842468078520683e-17,2.871806732695883491e-01
2.343999999999999861e+00,2.679110259766400048e+00,3.187554387107383036e-17,2.872138075254848655e-01
2.346000000000000085e+00,2.679721107897467647e+00,7.752045533271356703e-18,2.872468433098345764e-01
2.347999999999999865e+00,2.680328306357711909e+00,1.154675313697062222e-17,2.872797810345107394e-01
2.350000000000000089e+00,2.680931879055894029e+00,6.378722781456384677e-18,2.873126211093052218e-01
2.351999999999999869e+00,2.738632439051635004e+00,2.150334308762917230e-17,2.873453639419396022e-01
2.354000000000000092e+00,2.682128242057544298e+00,9.739749516161447652e-18,2.873780099380803255e-01
2.355999999999999872e+00,2.682721079433619593e+00,1.331761668536361228e-17,2.874105595013436987e-01
2.358000000000000096e+00,2.683310385195106562e+00,3.614007241618347913e-20,2.874430130333173183e-01
2.359999999999999876e+00,2.683896182508654249e+00,9.197648429918695435e-18,2.874753709335551299e-01
2.362000000000000099e+00,2.684478494393967907e+00,8.890457814381136359e-18,2.875076335996083476e-01
2.363999999999999879e+00,2.685057343726182211e+00,3.758567531283081781e-18,2.875398014270211244e-01
2.366000000000000103e+00,2.685632753230603242e+00,4.300668617525833998e-18,2.875718748093450405e-01
2.367999999999999883e+00,2.686204745491309609e+00,1.694969396319005368e-17,2.876038541381590874e-01
2.370000000000000107e+00,2.686773342945187437e+00,6.812403650450586450e-18,2.876357398030645607e-01
2.371999999999999886e+00,2.687338567886296659e+00,1.879283765641540891e-18,2.876675321917139261e-01
2.374000000000000110e+00,2.687900442464378870e+00,1.709425425285478555e-17,2.876992316898045465e-01
2.375999999999999890e+00,2.688458988686374340e+00,1.299235603361796095e-17,2.877308386811043839e-01
2.378000000000000114e+00,2.689014228416937158e+00,3.108046227791779506e-18,2.877623535474498895e-01
2.379999999999999893e+00,2.689566183378822473e+00,1.409462824231155764e-18,2.877937766687672094e-01
2.382000000000000117e+00,2.690114875153842178e+00,3.469446951953614189e-18,2.878251084230756263e-01
2.383999999999999897e+00,2.741082602994918460e+00,5.710131441756989762e-18,2.878563491864989388e-01
2.386000000000000121e+00,2.691202554766618960e+00,2.265982540494704267e-17,2.878874993332806165e-01
2.387999999999999901e+00,2.691741585066836251e+00,1.214306433183764966e-17,2.879185592357901280e-01
2.390000000000000124e+00,2.692277437106746163e+00,8.276076583306016666e-18,2.879495292645332105e-01
2.391999999999999904e+00,2.692810131771160798e+00,1.521497048721324658e-17,2.879804097881639713e-01
2.394000000000000128e+00,2.693339689807302761e+00,7.228014483236696740e-18,2.880112011734964339e-01
2.395999999999999908e+00,2.693866131826261778e+00,1.544988095791843818e-17,2.880419037855050934e-01
2.398000000000000131e+00,2.694389478302248619e+00,2.638225286381393994e-18,2.880725179873541153e-01
2.399999999999999911e+00,2.694909749574186719e+00,4.156108327861100587e-18,2.881030441403843456e-01
2.402000000000000135e+00,2.695426965845836520e+00,1.994931997373328159e-17,2.881334826041431763e-01
2.403999999999999915e+00,2.742532660826796587e+00,1.055290114552557598e-17,2.881638337363818803e-01
2.406000000000000139e+00,2.696452313536120471e+00,1.539567084929416296e-17,2.881940978930699893e-01
2.407999999999999918e+00,2.696960484694084670e+00,1.351638708365262246e-17,2.882242754284070063e-01
2.410000000000000142e+00,2.697465680333625215e+00,1.264902534566421891e-17,2.882543666948265693e-01
2.411999999999999922e+00,2.697967919994113117e+00,1.445602896647339165e-19,2.882843720430161016e-01
2.414000000000000146e+00,2.698467223083888200e+00,1.297428599740987024e-17,2.883142918219123718e-01
2.415999999999999925e+00,2.698963608882760212e+00,1.208885422321337444e-17,2.883441263787228093e-01
2.418000000000000149e+00,2.699457096538939282e+00,2.157562323246153824e-17,2.883738760589321659e-01
2.419999999999999929e+00,2.699947705073938664e+00,8.203796438473650731e-18,2.884035412063098991e-01
2.422000000000000153e+00,2.700435453379526507e+00,2.114194236346733646e-18,2.884331221629180542e-01
2.423999999999999932e+00,2.700920360220269600e+00,1.693162392698195988e-17,2.884626192691299718e-01
2.426000000000000156e+00,2.701402444234332734e+00,7.788185605687539671e-18,2.884920328636241815e-01
2.427999999999999936e+00,2.701881723934434376e+00,1.790740588221891387e-17,2.885213632834112141e-01
2.430000000000000160e+00,2.702358217706283483e+00,1.096851197831168704e-17,2.885506108638283829e-01
2.431999999999999940e+00,2.187602492801790532e+00,2.065405138584885947e-17,2.885797759385569927e-01
2.434000000000000163e+00,2.703302920389997865e+00,8.890457814381136359e-18,2.886088588396302779e-01
2.435999999999999943e+00,2.703771165453773051e+00,3.050222111925885602e-17,2.886378598974391751e-01
2.438000000000000167e+00,2.704236696896721526e+00,7.011174048739595853e-18,2.886667794407461463e-01
2.439999999999999947e+00,2.704699532487957470e+00,2.444875898954812499e-17,2.886956177966907289e-01
2.442000000000000171e+00,2.705159689876698081e+00,5.800481622797448722e-18,2.887243752908010275e-01
2.443999999999999950e+00,2.705617186591087631e+00,3.812777639907357003e-18,2.887530522469980432e-01
2.446000000000000174e+00,2.706072040039501303e+00,8.420636872970751618e-18,2.887816489876086634e-01
2.447999999999999954e+00,2.706524267511500881e+00,3.559797132994073148e-18,2.888101658333788735e-01
2.450000000000000178e+00,2.706973886178285937e+00,1.252253509220757621e-17,2.888386031034680945e-01
2.451999999999999957e+00,2.707420913092015269e+00,4.734349486520035772e-18,2.888669611154742189e-01
2.454000000000000181e+00,2.707865365189750406e+00,1.019150042136374168e-17,2.888952401854316676e-01
2.455999999999999961e+00,2.708307259290531732e+00,2.132264272554825515e-18,2.889234406278237688e-01
2.458000000000000185e+00,2.708746612098732243e+00,4.228388472693467293e-18,2.889515627555900301e-01
2.459999999999999964e+00,2.709183440203148052e+00,1.179973364388390608e-17,2.889796068801382400e-01
2.462000000000000188e+00,2.709617760078806725e+00,6.794333614242494196e-18,2.890075733113470768e-01
2.463999999999999968e+00,2.710049588087340311e+00,2.446682902575621570e-17,2.890354623575796533e-01
2.466000000000000192e+00,2.710478940476054532e+00,6.613633252161577047e-18,2.890632743256882353e-01
2.467999999999999972e+00,2.710905833381740848e+00,5.204170427930421283e-18,2.890910095210255659e-01
2.470000000000000195e+00,2.711330282829223393e+00,9.522909081664346765e-18,2.891186682474493619e-01
2.471999999999999975e+00,2.711752304731529506e+00,6.143812310751191536e-18,2.891462508073373572e-01
2.474000000000000199e+00,2.712171914893275471e+00,1.409462824231155764e-17,2.891737575015875805e-01
2.475999999999999979e+00,2.712589129007710653e+00,5.348730717595155465e-18,2.892011886296300127e-01
2.478000000000000203e+00,2.713003962660579305e+00,5.673991369340806795e-18,2.892285444894338031e-01
2.479999999999999982e+00,2.713416431329971346e+00,4.246458508901558776e-18,2.892558253775217025e-01
2.482000000000000206e+00,2.713826550384531799e+00,1.629917265969875102e-17,2.892830315889649562e-01
2.483999999999999986e+00,2.714234335088296035e+00,3.270676553664605171e-18,2.893101634174030101e-01
2.486000000000000210e+00,2.714639800598096286e+00,7.824325678103724179e-18,2.893372211550452322e-01
2.487999999999999989e+00,2.715042961966467772e+00,2.891205793294678330e-19,2.893642050926841791e-01
2.490000000000000213e+00,2.715443834139659174e+00,9.956589950658548539e-18,2.893911155196950413e-01
2.491999999999999993e+00,2.715842431961085879e+00,2.168404344971008868e-18,2.894179527240520744e-01
2.494000000000000217e+00,2.716238770170591010e+00,1.790740588221891387e-17,2.894447169923302643e-01
2.495999999999999996e+00,2.716632863405536114e+00,1.552216110275080412e-17,2.894714086097170958e-01
2.498000000000000220e+00,2.717024726200634177e+00,8.384496800554567109e-18,2.894980278600159940e-01
2.500000000000000000e+00,2.717414372989455984e+00,7.553275134982348070e-18,2.895245750256583150e-01
2.502000000000000224e+00,2.717801818105403555e+00,9.884309805826182604e-18,2.895510503877088970e-01
2.504000000000000004e+00,2.718187075781191453e+00,8.763967560924493661e-18,2.895774542258721662e-01
2.506000000000000227e+00,2.718570160150751036e+00,2.417770844642674888e-17,2.896037868185024067e-01
2.508000000000000007e+00,2.718951085248932031e+00,1.143833291972207178e-17,2.896300484426076460e-01
2.510000000000000231e+00,2.719329865012763747e+00,2.602085213965210642e-17,2.896562393738607577e-01
2.512000000000000011e+00,2.719706513281987981e+00,1.239604483875093352e-17,2.896823598866070659e-01
2.514000000000000234e+00,2.720081043798600717e+00,1.013729031273946646e-17,2.897084102538642347e-01
2.516000000000000014e+00,2.720453470210120628e+00,3.794707603699265519e-18,2.897343907473408642e-01
2.518000000000000238e+00,2.720823806066832162e+00,1.048062100069320889e-18,2.897603016374326601e-01
2.520000000000000018e+00,2.721192064825682877e+00,2.923731858469243829e-17,2.897861431932394205e-01
2.522000000000000242e+00,2.721558259848901429e+00,2.979748970714327814e-17,2.898119156825636478e-01
2.524000000000000021e+00,2.721922404405088258e+00,9.522909081664346765e-18,2.898376193719240934e-01
2.526000000000000245e+00,2.722284511669627705e+00,1.783512573738654794e-17,2.898632545265600879e-01
2.528000000000000025e+00,2.722644594726205014e+00,2.638225286381393994e-18,2.898888214104372585e-01
2.530000000000000249e+00,2.723002666566582519e+00,2.251526511528230772e-17,2.899143202862555779e-01
2.532000000000000028e+00,2.723358740091217811e+00,1.581128168208027402e-17,2.899397514154586353e-01
2.534000000000000252e+00,2.750641066212097030e+00,6.993104012531503599e-18,2.899651150582371884e-01
2.536000000000000032e+00,2.724064943346128587e+00,8.113446257433191001e-18,2.899904114735372129e-01
2.538000000000000256e+00,2.724415098428210058e+00,1.120342244901687979e-18,2.900156409190664530e-01
2.540000000000000036e+00,2.724763305899713828e+00,7.228014483236696548e-19,2.900408036513031917e-01
2.542000000000000259e+00,2.751074416875638917e+00,3.921197857155907446e-18,2.900658999254991377e-01
2.544000000000000039e+00,2.725453927743128446e+00,2.116001239967542718e-17,2.900909299956888066e-01
2.546000000000000263e+00,2.725796366764072332e+00,4.517509052022934885e-18,2.901158941146969039e-01
2.548000000000000043e+00,2.726136907472117343e+00,4.896979812392861437e-18,2.901407925341433214e-01
2.550000000000000266e+00,2.751501010835735173e+00,6.938893903907228378e-18,2.901656255044477994e-01
2.552000000000000046e+00,2.726812342301592196e+00,5.005400029641411880e-18,2.901903932748404191e-01
2.554000000000000270e+00,2.727147260387155825e+00,2.296701602048460329e-17,2.902150960933670421e-01
2.556000000000000050e+00,2.727480328089136208e+00,4.011548038196366406e-18,2.902397342068940844e-01
2.558000000000000274e+00,2.727811557180636726e+00,2.332841674464643604e-17,2.902643078611172323e-01
2.560000000000000053e+00,2.728140959351240014e+00,8.438706909178842331e-18,2.902888173005616079e-01
2.561999999999999833e+00,2.728468546210745416e+00,1.302849610603414546e-17,2.903132627685997558e-01
2.564000000000000057e+00,2.728794329284294662e+00,1.899160805470441831e-17,2.903376445074482004e-01
2.565999999999999837e+00,2.729118320018848465e+00,2.052756113239221831e-17,2.903619627581756069e-01
2.568000000000000060e+00,2.729440529779978419e+00,1.311884628707460365e-17,2.903862177607121065e-01
2.569999999999999840e+00,2.729760969853082031e+00,1.498006001650805190e-17,2.904104097538507956e-01
2.572000000000000064e+00,2.730079651445990407e+00,4.698209414103852226e-19,2.904345389752610584e-01
2.573999999999999844e+00,2.752741496371331920e+00,5.999252021086458125e-18,2.904586056614852918e-01
2.576000000000000068e+00,2.730711783623551270e+00,2.349104707051926402e-18,2.904826100479524498e-01
2.577999999999999847e+00,2.731025256231330189e+00,4.770489558936219510e-18,2.905065523689827067e-01
2.580000000000000071e+00,2.731337014405585961e+00,1.814231635292410856e-17,2.905304328577900663e-01
2.581999999999999851e+00,2.731647068965141756e+00,4.517509052022935463e-19,2.905542517464911323e-01
2.584000000000000075e+00,2.731955430653499661e+00,1.205271415079719147e-17,2.905780092661111036e-01
2.585999999999999854e+00,2.732262110139156874e+00,4.156108327861100491e-19,2.906017056465903248e-01
2.588000000000000078e+00,2.732567118015943208e+00,1.926265859782579442e-17,2.906253411167865619e-01
2.589999999999999858e+00,2.732870464802413579e+00,3.415236843329338967e-18,2.906489159044841619e-01
2.592000000000000082e+00,2.733172160944778994e+00,6.270302564207834233e-18,2.906724302363974388e-01
2.593999999999999861e+00,2.733472216814714528e+00,6.161882346959283790e-18,2.906958843381838298e-01
2.596000000000000085e+00,2.733770642712453736e+00,3.451376915745522320e-18,2.907192784344344028e-01
2.597999999999999865e+00,2.734067448866060346e+00,9.125368285086329500e-18,2.907426127486997247e-01
2.600000000000000089e+00,2.734362645431211547e+00,1.176359357146772311e-17,2.907658875034756507e-01
2.601999999999999869e+00,2.754117608795013439e+00,1.031799067482038438e-17,2.907891029202222533e-01
2.604000000000000092e+00,2.734948250065627917e+00,7.209944447028604486e-18,2.908122592193644884e-01
2.605999999999999872e+00,2.735238678093949716e+00,9.089228212670144992e-18,2.908353566202981355e-01
2.608000000000000096e+00,2.735527536452689645e+00,4.680139377895760550e-18,2.908583953413972356e-01
2.609999999999999876e+00,2.735814834947454699e+00,1.760021526668135634e-17,2.908813756000168671e-01
2.612000000000000099e+00,2.736100583315888457e+00,7.372574772901430151e-18,2.909042976124986413e-01
2.613999999999999879e+00,2.736384791227074231e+00,1.837722682362930016e-17,2.909271615941819156e-01
2.616000000000000103e+00,2.736667468282629301e+00,8.023096076392732812e-18,2.909499677593990752e-01
2.617999999999999883e+00,2.736948624017493614e+00,9.757819552369539906e-19,2.909727163214897439e-01
2.620000000000000107e+00,2.737228267899414647e+00,7.300294628069062675e-18,2.909954074928019496e-01
2.621999999999999886e+00,2.755056186497437665e+00,1.235990476633475055e-17,2.910180414846991193e-01
2.624000000000000110e+00,2.737783057647124707e+00,2.222614453595284090e-18,2.910406185075637975e-01
2.625999999999999890e+00,2.755239639857411049e+00,1.543181092171034747e-17,2.910631387708059181e-01
2.628000000000000114e+00,2.738331911957978093e+00,3.055643122788313124e-17,2.910856024828608057e-01
2.629999999999999893e+00,2.738604136301262315e+00,4.878909776184769953e-18,2.911080098512052183e-01
2.632000000000000117e+00,2.738874904229014362e+00,2.072633153068122540e-17,2.911303610823528509e-01
2.633999999999999897e+00,2.739144224757112056e+00,8.908527850589228613e-18,2.911526563818663260e-01
2.636000000000000121e+00,2.739412106838432948e+00,1.613654233382592535e-17,2.911748959543580262e-01
2.637999999999999901e+00,2.739678559362509702e+00,1.239604483875093352e-17,2.911970800034940354e-01
2.640000000000000124e+00,2.739943591158951364e+00,3.035766082959412415e-18,2.912192087320060185e-01
2.641999999999999904e+00,2.740207210994341835e+00,1.190815386113245652e-17,2.912412823416893892e-01
2.644000000000000128e+00,2.740469427575451533e+00,5.818551659005540206e-18,2.912633010334106376e-01
2.645999999999999908e+00,2.740730249546793118e+00,1.530532066825370323e-17,2.912852650071135474e-01
2.648000000000000131e+00,2.756224109599955341e+00,1.969633946681999619e-17,2.913071744618218606e-01
2.649999999999999911e+00,2.741247743945873339e+00,2.840609691912021617e-17,2.913290295956474929e-01
2.652000000000000135e+00,2.741504433366142024e+00,1.208885422321337444e-17,2.913508306057909780e-01
2.653999999999999915e+00,2.756485570626143300e+00,2.233456475320139134e-17,2.913725776885486285e-01
2.656000000000000139e+00,2.742013738688484636e+00,1.432953871301674924e-17,2.913942710393187530e-01
2.657999999999999918e+00,2.742266371232407351e+00,8.312216655722200982e-19,2.914159108526060971e-01
2.660000000000000142e+00,2.742517668029506694e+00,1.582935171828836474e-17,2.914374973220196785e-01
2.661999999999999922e+00,2.742767637257397695e+00,7.011174048739595853e-18,2.914590306402913833e-01
2.664000000000000146e+00,2.743016287036628142e+00,1.758214523047326254e-17,2.914805109992661958e-01
2.665999999999999925e+00,2.743263625432174280e+00,3.614007241618348370e-18,2.915019385899172977e-01
2.668000000000000149e+00,2.743509660452360777e+00,2.694242398626478519e-17,2.915233136023451799e-01
2.669999999999999929e+00,2.743754400050864461e+00,2.043721095135175858e-17,2.915446362257842483e-01
2.672000000000000153e+00,2.757252490021414815e+00,5.764341550381264984e-18,2.915659066486067652e-01
2.673999999999999932e+00,2.744240024520777865e+00,1.198043400596482400e-17,2.915871250583274010e-01
2.676000000000000156e+00,2.744480925025936102e+00,1.176359357146772311e-17,2.916082916416091186e-01
2.677999999999999936e+00,2.150261148868562344e+00,1.006501016790709898e-17,2.916294065842656713e-01
2.680000000000000160e+00,2.757585133518112741e+00,6.342582709040200939e-18,2.916504700712689302e-01
2.681999999999999940e+00,2.757667521372486164e+00,2.836995684670403397e-18,2.916714822867468859e-01
2.684000000000000163e+00,2.745431962068305864e+00,1.373322751814972219e-18,2.916924434139980260e-01
2.685999999999999943e+00,2.745666618101676448e+00,3.848917712323540741e-18,2.917133536354883372e-01
2.688000000000000167e+00,2.745900047867948501e+00,2.067212142205695018e-17,2.917342131328574117e-01
2.689999999999999947e+00,2.746132258789149461e+00,7.932745895352274622e-18,2.917550220869228328e-01
2.692000000000000171e+00,2.746363258235763993e+00,3.812777639907357003e-18,2.917757806776856144e-01
2.693999999999999950e+00,2.746593053527593753e+00,4.535579088231027139e-18,2.917964890843342540e-01
2.696000000000000174e+00,2.746821651934158837e+00,3.903127820947815962e-18,2.918171474852471747e-01
2.697999999999999954e+00,2.747049060675674781e+00,2.999626010543229062e-18,2.918377560580005525e-01
2.700000000000000178e+00,2.747275286921865955e+00,2.594857199481974048e-17,2.918583149793667619e-01
2.701999999999999957e+00,2.747500337794754444e+00,7.173804374612421519e-18,2.918788244253259223e-01
2.704000000000000181e+00,2.747724220365288517e+00,1.807003620809173954e-17,2.918992845710626782e-01
2.705999999999999961e+00,2.758632656556219587e+00,8.529057090219302061e-18,2.919196955909793001e-01
2.708000000000000185e+00,2.748168508648419106e+00,3.415236843329338967e-18,2.919400576586900775e-01
2.709999999999999964e+00,2.748388928264244413e+00,8.673617379884035472e-18,2.919603709470295350e-01
2.712000000000000188e+00,2.758867314484948707e+00,2.074440156688931920e-17,2.919806356280593707e-01
2.713999999999999968e+00,2.748826352848720234e+00,9.089228212670144992e-18,2.920008518730712321e-01
2.716000000000000192e+00,2.749043371437345229e+00,3.632077277826439854e-18,2.920210198525852729e-01
2.717999999999999972e+00,2.749259269893606472e+00,9.830099697201907382e-18,2.920411397363610884e-01
2.720000000000000195e+00,2.749474054911015486e+00,2.320192649118979489e-17,2.920612116933991587e-01
2.721999999999999975e+00,2.749687733139477785e+00,1.852178711329403511e-17,2.920812358919449014e-01
2.724000000000000199e+00,2.759328921876509355e+00,7.372574772901430151e-18,2.921012124994928905e-01
2.725999999999999979e+00,2.759404871747431542e+00,3.975407965780182764e-19,2.921211416827885210e-01
2.728000000000000203e+00,2.750322192900735985e+00,8.312216655722200982e-19,2.921410236078345601e-01
2.729999999999999982e+00,2.750531509560005361e+00,4.951189921017136659e-18,2.921608584398963648e-01
2.732000000000000206e+00,2.750739752001372551e+00,2.349104707051926113e-19,2.921806463434998280e-01
2.733999999999999986e+00,2.750946926607319654e+00,8.691687416092127726e-18,2.922003874824437020e-01
2.736000000000000210e+00,2.751153039716054849e+00,1.734723475976807094e-18,2.922200820197931037e-01
2.737999999999999989e+00,2.759854773986077703e+00,1.407655820610346693e-17,2.922397301178953910e-01
2.740000000000000213e+00,2.751562106582600364e+00,4.156108327861100491e-19,2.922593319383713362e-01
2.741999999999999993e+00,2.751765072804026602e+00,4.625929269271485328e-18,2.922788876421295035e-01
2.744000000000000217e+00,2.751967002456293443e+00,6.722053469410127491e-18,2.922983973893639731e-01
2.745999999999999996e+00,2.760149275527620460e+00,5.059610138265687102e-18,2.923178613395588377e-01
2.748000000000000220e+00,2.752367776519147213e+00,8.854317741964953391e-18,2.923372796514954186e-01
2.750000000000000000e+00,2.760294924525968696e+00,1.290200585257750276e-17,2.923566524832488245e-01
2.752000000000000224e+00,2.752764477289840528e+00,6.143812310751192114e-19,2.923759799922003855e-01
2.754000000000000004e+00,2.752961315174079715e+00,1.987703982890091382e-19,2.923952623350333235e-01
2.756000000000000227e+00,2.753157152634258864e+00,1.409462824231155764e-18,2.924144996677423003e-01
2.758000000000000007e+00,2.753351995552797860e+00,2.963485938127045325e-18,2.924336921456320848e-01
2.760000000000000231e+00,2.760654448986450404e+00,3.595937205410256116e-18,2.924528399233286557e-01
2.762000000000000011e+00,2.760725574705329421e+00,1.243218491116711802e-17,2.924719431547717630e-01
2.764000000000000234e+00,2.753930615297562667e+00,9.540979117872439019e-18,2.924910019932273064e-01
2.766000000000000014e+00,2.754121538090299026e+00,1.722074450631142979e-17,2.925100165912859485e-01
2.768000000000000238e+00,2.760937413618741232e+00,1.799775606325937360e-17,2.925289871008734943e-01
2.770000000000000018e+00,2.754500492176170212e+00,2.403314815676201624e-18,2.925479136732428431e-01
2.772000000000000242e+00,2.754688534729361038e+00,2.475594960508568329e-18,2.925667964589884762e-01
2.774000000000000021e+00,2.754875628400526466e+00,7.679765388438989227e-18,2.925856356080430709e-01
2.776000000000000245e+00,2.755061778725441002e+00,1.084202172485504434e-19,2.926044312696869931e-01
2.778000000000000025e+00,2.755246991204540308e+00,1.328147661294742932e-17,2.926231835925434122e-01
2.780000000000000249e+00,2.761354267972727428e+00,3.361026734705063745e-18,2.926418927245876267e-01
2.782000000000000028e+00,2.755614624435086313e+00,7.047314121155778821e-18,2.926605588131493407e-01
2.784000000000000252e+00,2.761491229311186402e+00,5.095750210681870840e-18,2.926791820049166049e-01
2.786000000000000032e+00,2.755978571355086615e+00,5.655921333132714541e-18,2.926977624459354277e-01
2.788000000000000256e+00,2.761627209747796741e+00,6.523283071121118088e-18,2.927163002816189907e-01
2.790000000000000036e+00,2.756338874652289661e+00,1.505234016134042092e-17,2.927347956567471488e-01
2.792000000000000259e+00,2.761762217646566597e+00,6.414862853872567644e-18,2.927532487154649865e-01
2.794000000000000039e+00,2.761829359485520996e+00,4.065758146820641628e-18,2.927716596012990280e-01
2.796000000000000263e+00,2.761896261288594445e+00,1.212499429562955741e-17,2.927900284571475775e-01
2.798000000000000043e+00,2.757048718294097256e+00,7.553275134982348070e-18,2.928083554252919329e-01
2.800000000000000266e+00,2.757223967076818383e+00,9.396418828207705608e-18,2.928266406473947758e-01
2.802000000000000046e+00,2.757398341209114534e+00,2.074440156688931920e-17,2.928448842645048344e-01
2.804000000000000270e+00,2.762161488509551788e+00,2.435840880850766526e-17,2.928630864170621018e-01
2.806000000000000050e+00,2.762227205363508631e+00,6.288372600415925717e-18,2.928812472448971693e-01
2.808000000000000274e+00,2.762292688238122906e+00,2.598471206723592191e-17,2.928993668872410527e-01
2.810000000000000053e+00,2.762357938124662127e+00,1.644373294936348327e-18,2.929174454827151441e-01
2.812000000000000277e+00,2.762422956010102126e+00,2.005774019098183203e-17,2.929354831693529171e-01
2.814000000000000057e+00,2.758426498345560418e+00,1.301042606982605321e-18,2.929534800845829956e-01
2.815999999999999837e+00,2.758594889232181657e+00,2.276824562219559311e-18,2.929714363652513587e-01
2.818000000000000060e+00,2.762616627455805940e+00,4.625929269271485328e-18,2.929893521476087392e-01
2.819999999999999840e+00,2.762680727107287737e+00,5.276450572762787989e-18,2.930072275673190063e-01
2.822000000000000064e+00,2.759095069536051881e+00,2.584015177757118773e-18,2.930250627594691015e-01
2.823999999999999844e+00,2.759260148016259961e+00,1.234183473012665829e-17,2.930428578585612676e-01
2.826000000000000068e+00,2.759424410190163712e+00,1.129377263005733837e-17,2.930606129985216524e-01
2.827999999999999847e+00,2.759587860713338614e+00,1.140219284730588881e-17,2.930783283127027516e-01
2.830000000000000071e+00,2.759750504212053812e+00,7.932745895352274622e-18,2.930960039338874612e-01
2.831999999999999851e+00,2.759912345280227441e+00,8.312216655722200982e-19,2.931136399942831372e-01
2.834000000000000075e+00,2.760073388483672119e+00,1.111307226797642045e-17,2.931312366255426904e-01
2.835999999999999854e+00,2.763185427105405267e+00,7.264154555652879708e-18,2.931487939587485436e-01
2.838000000000000078e+00,2.763247516570324080e+00,4.860839739976678469e-18,2.931663121244246772e-01
2.839999999999999858e+00,2.760551776104275490e+00,2.385244779468109755e-18,2.931837912525404044e-01
2.842000000000000082e+00,2.760709672900681255e+00,7.228014483236696740e-18,2.932012314725082613e-01
2.843999999999999861e+00,2.760866794211771946e+00,1.317305639569887887e-17,2.932186329131927227e-01
2.846000000000000085e+00,2.763493696652719933e+00,2.329227667223025462e-17,2.932359957029059827e-01
2.847999999999999865e+00,2.763554701773646372e+00,5.963111948670274387e-18,2.932533199694167259e-01
2.850000000000000089e+00,2.761333548975152041e+00,1.452830911130575942e-17,2.932706058399511262e-01
2.851999999999999869e+00,2.763676070436169141e+00,1.825073657017265669e-18,2.932878534411930138e-01
2.854000000000000092e+00,2.763736435759742704e+00,2.099738207380260151e-17,2.933050628992917019e-01
2.855999999999999872e+00,2.761793480648830013e+00,2.331034670843834533e-18,2.933222343398559917e-01
2.858000000000000096e+00,2.761945294850814747e+00,4.951189921017136659e-18,2.933393678879726574e-01
2.859999999999999876e+00,2.762096367884495862e+00,9.432558900623888576e-18,2.933564636681865734e-01
2.862000000000000099e+00,2.762246703915696600e+00,5.113820246889962324e-18,2.933735218045253057e-01
2.863999999999999879e+00,2.764035107553951320e+00,9.992730023074733047e-18,2.933905424204883428e-01
2.866000000000000103e+00,2.764094217048910451e+00,9.522909081664346765e-18,2.934075256390545894e-01
2.867999999999999883e+00,2.764153120269963182e+00,8.854317741964953391e-18,2.934244715826815342e-01
2.870000000000000107e+00,2.127169297092610378e+00,5.890831803837907682e-18,2.934413803733165182e-01
2.871999999999999886e+00,2.762987472923054355e+00,6.035392093502641093e-18,2.934582521323857440e-01
2.874000000000000110e+00,2.763133472902616461e+00,9.757819552369539906e-19,2.934750869808078200e-01
2.875999999999999890e+00,2.763278764289324840e+00,8.131516293641283255e-18,2.934918850389950373e-01
2.878000000000000114e+00,2.763423351036355058e+00,4.156108327861100587e-18,2.935086464268495399e-01
2.879999999999999893e+00,2.764502255404515552e+00,1.134798273868161359e-17,2.935253712637709289e-01
2.882000000000000117e+00,2.763710426302974810e+00,2.428612866367529932e-17,2.935420596686597050e-01
2.883999999999999897e+00,2.763852922603799556e+00,1.485356976305141075e-17,2.935587117599156026e-01
2.886000000000000121e+00,2.764674106560455868e+00,1.234183473012665829e-17,2.935753276554444735e-01
2.887999999999999901e+00,2.764730993360092981e+00,6.107672238335008568e-18,2.935919074726573985e-01
2.890000000000000124e+00,2.764276292344696628e+00,2.529805069132843840e-19,2.936084513284726860e-01
2.891999999999999904e+00,2.764844176469413384e+00,6.740123505618218975e-18,2.936249593393216450e-01
2.894000000000000128e+00,2.764555144182615720e+00,6.017322057294549609e-18,2.936414316211528042e-01
2.895999999999999908e+00,2.764693562971348939e+00,4.878909776184769953e-19,2.936578682894247505e-01
2.898000000000000131e+00,2.764831315290528835e+00,1.801582609946746432e-17,2.936742694591178982e-01
2.899999999999999911e+00,2.764968404823932246e+00,4.391018798566292958e-18,2.936906352447313240e-01
2.902000000000000135e+00,2.123731416963888563e+00,6.198022419375466758e-18,2.937069657602934258e-01
2.903999999999999915e+00,2.765179059693657848e+00,2.818925648462311528e-18,2.937232611193501541e-01
2.906000000000000139e+00,2.765234201421030491e+00,2.005774019098183203e-18,2.937395214349826644e-01
2.907999999999999918e+00,2.765289153197119987e+00,2.005774019098183203e-18,2.937557468197976585e-01
2.910000000000000142e+00,2.765343915797192409e+00,2.403314815676201624e-18,2.937719373859360439e-01
2.911999999999999922e+00,2.765398489993028619e+00,1.189008382492436581e-17,2.937880932450753768e-01
2.914000000000000146e+00,2.765452876552313199e+00,3.538113089544362598e-17,2.938042145084279744e-01
2.915999999999999925e+00,2.765507076238620243e+00,8.908527850589228613e-18,2.938203012867462993e-01
2.918000000000000149e+00,2.122051849412230240e+00,1.022764049377992465e-17,2.938363536903289552e-01
2.919999999999999929e+00,2.765614918031968017e+00,4.047688110612550144e-18,2.938523718290110831e-01
2.922000000000000153e+00,2.765668561648269019e+00,1.825073657017265900e-17,2.938683558121812922e-01
2.923999999999999932e+00,2.765722021411473719e+00,3.830847676115449257e-18,2.938843057487714461e-01
2.926000000000000156e+00,2.765775298067808308e+00,3.415236843329338967e-18,2.939002217472684864e-01
2.927999999999999936e+00,2.121015108121529380e+00,1.257674520083185143e-17,2.939161039157087152e-01
2.930000000000000160e+00,2.765881305024649350e+00,9.197648429918695435e-18,2.939319523616880647e-01
2.931999999999999940e+00,2.765934036799016837e+00,4.083828183028733111e-18,2.939477671923552138e-01
2.934000000000000163e+00,2.765986588414094172e+00,4.770489558936219510e-18,2.939635485144221350e-01
2.935999999999999943e+00,2.120192801024934681e+00,4.625929269271485328e-18,2.939792964341585990e-01
2.938000000000000167e+00,2.766091154075862590e+00,7.932745895352274622e-18,2.939950110574055531e-01
2.939999999999999947e+00,2.766143169568309190e+00,7.119594265988146297e-18,2.940106924895596885e-01
2.942000000000000171e+00,2.766195007793353255e+00,1.181780368009199833e-17,2.940263408355955899e-01
2.943999999999999950e+00,2.766246669465257213e+00,8.818177669548768883e-18,2.940419562000531339e-01
2.946000000000000174e+00,2.766298155295132233e+00,7.589415207398531038e-18,2.940575386870430408e-01
2.947999999999999954e+00,2.766349465990423084e+00,1.391392788023064088e-18,2.940730884002558665e-01
2.950000000000000178e+00,2.766400602254996954e+00,4.427158870982476696e-18,2.940886054429535656e-01
2.951999999999999957e+00,2.766451564790450846e+00,8.474846981595026839e-18,2.941040899179818147e-01
2.954000000000000181e+00,2.766502354293628230e+00,1.208885422321337444e-17,2.941195419277620182e-01
2.955999999999999961e+00,2.766552971458679622e+00,8.077306185017008033e-18,2.941349615742999135e-01
2.958000000000000185e+00,2.766603416977254426e+00,1.561251128379126385e-17,2.941503489591867915e-01
2.959999999999999964e+00,2.766653691536308912e+00,9.775889588577632160e-18,2.941657041836033826e-01
2.962000000000000188e+00,2.766703795820291134e+00,2.981555974335137194e-18,2.941810273483132510e-01
2.963999999999999968e+00,2.766753730510490783e+00,6.812403650450586450e-18,2.941963185536728975e-01
2.966000000000000192e+00,2.766803496284509833e+00,1.776284559255418200e-17,2.942115778996355901e-01
2.967999999999999972e+00,2.766853093817363884e+00,5.565571152092256351e-18,2.942268054857449799e-01
2.970000000000000195e+00,2.766902523780338186e+00,2.403314815676201624e-18,2.942420014111416515e-01
2.971999999999999975e+00,2.766951786842010819e+00,1.011922027653137536e-18,2.942571657745678970e-01
2.974000000000000199e+00,2.767000883667382283e+00,3.214659441419520647e-17,2.942722986743647740e-01
2.975999999999999979e+00,2.767049814918067341e+00,7.047314121155778821e-18,2.942874002084726603e-01
2.978000000000000203e+00,2.767098581253559786e+00,1.001080005928282376e-17,2.943024704744425235e-01
2.979999999999999982e+00,2.767147183329662141e+00,1.107693219556023748e-17,2.943175095694281485e-01
2.982000000000000206e+00,2.767195621798723693e+00,2.164790337729390417e-17,2.943325175901914670e-01
2.983999999999999986e+00,2.767243897310663669e+00,2.003967015477374132e-17,2.943474946331062769e-01
2.986000000000000210e+00,2.767292010511980038e+00,5.782411586589356660e-19,2.943624407941575205e-01
2.987999999999999989e+00,2.767339962046285962e+00,5.421010862427522170e-19,2.943773561689443374e-01
2.990000000000000213e+00,2.767387752554192559e+00,1.937107881507434486e-17,2.943922408526806200e-01
2.991999999999999993e+00,2.767435382672783106e+00,9.938519914450457825e-18,2.944070949401970672e-01
2.994000000000000217e+00,2.767482853037094515e+00,2.681593373280814403e-17,2.944219185259490112e-01
2.995999999999999996e+00,2.767530164278447558e+00,1.698583403560623549e-18,2.944367117040080362e-01
2.998000000000000220e+00,2.767577317025761374e+00,2.963485938127045325e-18,2.944514745680701373e-01
3.000000000000000000e+00,2.767624311904341994e+00,1.261288527324803440e-17,2.944662072114571649e-01
