# delta,gap,coarse,fine
0.000000000000000000e+00,2.883117888525665862e+00,3.372105024487398461e-04,2.339271815440810698e-01
2.000000000000000042e-03,-2.096385794114752343e-03,2.391102995693137299e-03,2.471863057718866052e-01
4.000000000000000083e-03,-4.196713583395350611e-03,2.212136370198828500e-02,2.927347951663834547e-01
6.000000000000000125e-03,6.300981608676536894e-03,9.714451465470119112e-18,1.709328162248651695e-01
8.000000000000000167e-03,-8.409188030150005488e-03,7.867304975035550874e-02,2.694610059802808322e-01
1.000000000000000021e-02,-1.052133092730578312e-02,3.314698770181163240e-02,2.428280686181725212e-01
1.200000000000000025e-02,-1.263740829881498939e-02,1.270068036935518285e-01,3.050613219663253495e-01
1.400000000000000029e-02,-1.475741806196850803e-02,4.834995928729212550e-02,2.290115312596794628e-01
1.600000000000000033e-02,-1.688135805261126166e-02,2.640210859256591006e-02,2.226899059016013427e-01
1.800000000000000211e-02,-1.900922602460219935e-02,1.482109515591228943e-02,2.729171575084935464e-01
2.000000000000000042e-02,2.114101964996351057e-02,5.551115123125783010e-18,1.685598529680239488e-01
2.199999999999999872e-02,-2.327673651812389721e-02,6.622890652779653275e-02,2.485470142008575356e-01
2.400000000000000050e-02,-2.541637413588304639e-02,3.469931164387290773e-04,2.332268382558536080e-01
2.600000000000000228e-02,-2.755992992708833356e-02,4.880247366583066043e-02,2.370559825588680058e-01
2.800000000000000058e-02,-2.970740123242698871e-02,1.660467456717719670e-01,2.871690856770091616e-01
2.999999999999999889e-02,3.185878530911878670e-02,2.081668171172168436e-18,1.668830902232157076e-01
3.200000000000000067e-02,3.401407933060340838e-02,1.942890293094023822e-17,1.665497519584264174e-01
3.400000000000000244e-02,-3.617328038644096466e-02,2.985853095150936554e-02,2.816836993511026566e-01
3.600000000000000422e-02,-3.833638548176310223e-02,7.115487418475242853e-02,2.290807787664453088e-01
3.799999999999999906e-02,4.050339153735116327e-02,1.387778780781445676e-17,1.655540390044100973e-01
4.000000000000000083e-02,-4.267429538921163612e-02,4.384423967509319675e-02,2.582348389663974841e-01
4.200000000000000261e-02,-4.484909378835943983e-02,9.779121463557766125e-02,2.899170404875375806e-01
4.399999999999999745e-02,-4.702778340059232676e-02,1.895918329587988893e-01,2.987962508244106363e-01
4.599999999999999922e-02,4.921036080617291475e-02,1.734723475976807094e-18,1.642370355315976860e-01
4.800000000000000100e-02,-5.139682249988730689e-02,2.796490211877795604e-02,2.162460864955019491e-01
5.000000000000000278e-02,5.358716489030079799e-02,1.231653667943532975e-17,1.635833637281721153e-01
5.200000000000000455e-02,-5.578138430012735682e-02,1.540702298150017913e-01,2.994999981875049455e-01
5.399999999999999939e-02,-5.797947696546934537e-02,3.129346883032358556e-02,2.733032396818557141e-01
5.600000000000000117e-02,-6.018143903616923751e-02,8.466288871113573922e-02,2.554047760008824053e-01
5.800000000000000294e-02,-6.238726657476156845e-02,9.402855945272096949e-02,2.564536778963519281e-01
5.999999999999999778e-02,-6.459695555734157324e-02,6.165558374024551064e-02,2.195600440767505324e-01
6.199999999999999956e-02,-6.681050187255799244e-02,4.495544963720284060e-02,2.126535327359176386e-01
6.400000000000000133e-02,6.902790132152425429e-02,2.775896374741792917e-18,1.613230407394045662e-01
6.600000000000000311e-02,7.124914961800854485e-02,9.020562075079397199e-18,1.610038483638400464e-01
6.800000000000000488e-02,7.347424238792044093e-02,2.255140518769849300e-18,1.606856326777639232e-01
7.000000000000000666e-02,-7.570317516908176003e-02,6.171306635684248310e-02,2.098336864553378145e-01
7.200000000000000844e-02,7.793594341117149327e-02,5.627009275199767858e-18,1.600521973300979561e-01
7.399999999999999634e-02,8.017254247574712167e-02,3.556183125752454235e-18,1.597370107914871384e-01
7.599999999999999811e-02,8.241296763566730021e-02,1.387778780781445753e-18,1.594228671855181245e-01
7.799999999999999989e-02,8.465721407513271402e-02,3.193585261691833408e-17,1.591097832122705114e-01
8.000000000000000167e-02,-8.690527688954929886e-02,5.072429083724457749e-02,2.299574129127739952e-01
8.200000000000000344e-02,-8.915715108527066945e-02,4.097998761604423196e-02,2.160728208379014692e-01
8.400000000000000522e-02,-9.141283157955726324e-02,1.035636709157711915e-01,2.498337943065506994e-01
8.600000000000000699e-02,9.367231320020685814e-02,1.539567084929416296e-17,1.578683794633182758e-01
8.799999999999999489e-02,-9.593559068584589511e-02,1.276131014087416140e-03,2.914547629587195821e-01
8.999999999999999667e-02,9.820265868519584274e-02,1.587271980518778553e-17,1.572544733200309797e-01
9.199999999999999845e-02,1.004735117574053760e-01,2.981555974335137194e-18,1.569492786150505359e-01
9.400000000000000022e-02,1.027481443717501719e-01,1.409462824231155764e-18,1.566452789107719012e-01
9.600000000000000200e-02,1.050265509074588266e-01,1.125401855039953572e-17,1.563424913242408842e-01
9.800000000000000377e-02,1.073087256536222611e-01,2.775557561562891505e-18,1.560409330101975300e-01
1.000000000000000056e-01,1.095946628091315489e-01,2.081668171172168436e-18,1.557406211592049228e-01
1.020000000000000073e-01,1.118843564824665293e-01,1.266348137463069148e-17,1.554415729957501768e-01
1.040000000000000091e-01,1.141778006916833732e-01,4.163336342344336873e-18,1.551438057762940526e-01
1.059999999999999970e-01,-1.164749893642760270e-01,1.095751781824189364e-01,2.718555072236572556e-01
1.079999999999999988e-01,1.187759163369825899e-01,2.862293735361731552e-18,1.545521833431500180e-01
1.100000000000000006e-01,1.210805753558581443e-01,2.203098814490544887e-17,1.542583627842014637e-01
1.120000000000000023e-01,1.233889600759496830e-01,2.844946500601963388e-17,1.539658924745626323e-01
1.140000000000000041e-01,1.257010640616229580e-01,1.942890408899309765e-17,1.536747898000143664e-01
1.160000000000000059e-01,1.280168807859869418e-01,4.510281037539698600e-18,1.533850721658083505e-01
1.180000000000000077e-01,1.303364036310625806e-01,8.326672684688673745e-18,1.530967569944508277e-01
1.199999999999999956e-01,1.326596258878378620e-01,2.289834988289385241e-17,1.528098617234358580e-01
1.219999999999999973e-01,1.349865407558183961e-01,1.838806884535415458e-17,1.525244038029445748e-01
1.239999999999999991e-01,1.373171413434608468e-01,7.849623728795052719e-18,1.522404006935023646e-01
1.260000000000000009e-01,1.396514206676950920e-01,1.483188571960170189e-17,1.519578698635990766e-01
1.280000000000000027e-01,1.419893716541018591e-01,2.879640970121500023e-17,1.516768287872606591e-01
1.300000000000000044e-01,1.443309871366924568e-01,5.540273101400927812e-18,1.513972949415930414e-01
1.320000000000000062e-01,1.466762598582409538e-01,1.543903893619358376e-17,1.511192858042787190e-01
1.340000000000000080e-01,1.490251824696162686e-01,1.908195823574487958e-18,1.508428188510340662e-01
1.360000000000000098e-01,1.513777475303861308e-01,7.632783294297951832e-18,1.505679115530316470e-01
1.380000000000000115e-01,1.537339475084742446e-01,4.033232081646076803e-18,1.502945813742792291e-01
1.400000000000000133e-01,1.560937747800519304e-01,9.738846014351043887e-18,1.500228457689584127e-01
1.420000000000000151e-01,1.584572216298223424e-01,3.330669073875469498e-17,1.497527221787341711e-01
1.440000000000000169e-01,1.608242802507380276e-01,2.168404344971008868e-18,1.494842280300139326e-01
1.459999999999999909e-01,1.631949427441465872e-01,6.245004513516505694e-18,1.492173807311719946e-01
1.479999999999999927e-01,1.655692011197000824e-01,2.419939248987645773e-17,1.489521976697468775e-01
1.499999999999999944e-01,1.679470472954331939e-01,1.125401855039953572e-17,1.486886962095841092e-01
1.519999999999999962e-01,1.703284730978147365e-01,4.510281037539698600e-18,1.484268936879532819e-01
1.539999999999999980e-01,1.727134702614652184e-01,2.081668171172168513e-17,1.481668074126286649e-01
1.559999999999999998e-01,1.751020304296009300e-01,1.040834085586084218e-18,1.479084546589257143e-01
1.580000000000000016e-01,1.774941451538296633e-01,3.469446951953614189e-18,1.476518526667121023e-01
1.600000000000000033e-01,1.798898058940814337e-01,4.553649124439118815e-19,1.473970186373785574e-01
1.620000000000000051e-01,1.822890040188891447e-01,2.428612866367529778e-18,1.471439697307731775e-01
1.640000000000000069e-01,1.846917308053672713e-01,1.040834085586084218e-18,1.468927230621093205e-01
1.660000000000000087e-01,1.870979774389720518e-01,6.938893903907228763e-19,1.466432956988313607e-01
1.680000000000000104e-01,1.895077350140077499e-01,6.938555090728326966e-18,1.463957046574557719e-01
1.700000000000000122e-01,1.919209945333655298e-01,2.656295322589485863e-18,1.461499669003786528e-01
1.720000000000000140e-01,1.943377469086016163e-01,3.729655473350135099e-18,1.459060993326475320e-01
1.740000000000000158e-01,1.967579829601984187e-01,5.898059818321143967e-18,1.456641187987112451e-01
1.759999999999999898e-01,1.991816934174739373e-01,1.994931997373328159e-17,1.454240420791346744e-01
1.779999999999999916e-01,2.016088689186847915e-01,1.665334536937734749e-17,1.451858858872868419e-01
1.799999999999999933e-01,2.040395000111701052e-01,4.163336342344336873e-18,1.449496668660031629e-01
1.819999999999999951e-01,2.064735771512218321e-01,2.602085213965210642e-18,1.447154015842208874e-01
1.839999999999999969e-01,2.089110907045412802e-01,8.326672684688673745e-18,1.444831065335877018e-01
1.859999999999999987e-01,2.113520309461485169e-01,2.688821387764050996e-17,1.442527981250469049e-01
1.880000000000000004e-01,2.137963880603361844e-01,8.153200337090993652e-18,1.440244926853999907e-01
1.900000000000000022e-01,2.162441521410123357e-01,5.518589057951217415e-18,1.437982064538491367e-01
1.920000000000000040e-01,2.186953131917253046e-01,6.938893903907228378e-18,1.435739555785148502e-01
1.940000000000000058e-01,2.211498611257507463e-01,8.196568423990412905e-18,1.433517561129350193e-01
1.960000000000000075e-01,2.236077857663278934e-01,1.075528555105620429e-17,1.431316240125511674e-01
1.980000000000000093e-01,2.260690768465298817e-01,1.787849382428596873e-17,1.429135751311691738e-01
2.000000000000000111e-01,2.285337240097753408e-01,8.977193988179976405e-18,1.426976252174095294e-01
2.020000000000000129e-01,2.310017168096401008e-01,2.732189474663471097e-18,1.424837899111446593e-01
2.040000000000000147e-01,2.334730447102035811e-01,3.469446951953614189e-18,1.422720847399192856e-01
2.060000000000000164e-01,2.359476970861287271e-01,5.529431079676072613e-18,1.420625251153621316e-01
2.080000000000000182e-01,2.384256632227881312e-01,2.723515857283587015e-17,1.418551263295861620e-01
2.099999999999999922e-01,2.409069323164043652e-01,1.127570259384924650e-18,1.416499035515834948e-01
2.119999999999999940e-01,2.433914934744016989e-01,2.775557561562891505e-18,1.414468718236108757e-01
2.139999999999999958e-01,2.458793357153812309e-01,8.847089727481715565e-18,1.412460460575695187e-01
2.159999999999999976e-01,2.483704479692452338e-01,1.370431546021677666e-17,1.410474410313837801e-01
2.179999999999999993e-01,2.508648190776181508e-01,9.714451465470119112e-18,1.408510713853796115e-01
2.200000000000000011e-01,2.533624377940064676e-01,2.081668171172168436e-18,1.406569516186585156e-01
2.220000000000000029e-01,2.558632927836388404e-01,3.052571216632937857e-17,1.404650960854713637e-01
2.240000000000000047e-01,2.583673726240647284e-01,1.752070710736575104e-17,1.402755189916082279e-01
2.260000000000000064e-01,2.608746658052840672e-01,3.122502256758252847e-18,1.400882343907787209e-01
2.280000000000000082e-01,2.633851607296815445e-01,2.775557561562891505e-18,1.399032561810084896e-01
2.300000000000000100e-01,2.658988457125595062e-01,2.688821387764051073e-18,1.397205981010410936e-01
2.320000000000000118e-01,2.684157089823173692e-01,2.185751579730776877e-17,1.395402737267534832e-01
2.340000000000000135e-01,2.709357386804356338e-01,3.816391647148975916e-18,1.393622964675811371e-01
2.360000000000000153e-01,2.734589228618915513e-01,5.551115123125783010e-18,1.391866795629614906e-01
2.380000000000000171e-01,2.759852494954291302e-01,1.803570313929636564e-17,1.390134360787902423e-01
2.399999999999999911e-01,2.785147064636390724e-01,1.110223024625156602e-17,1.388425789039022806e-01
2.419999999999999929e-01,2.810472815634490473e-01,4.163336342344336873e-18,1.386741207465664316e-01
2.439999999999999947e-01,2.835829625061041526e-01,2.298508605669269323e-18,1.385080741310111274e-01
2.459999999999999964e-01,2.861217369174369196e-01,1.127570259384924611e-17,1.383444513939639520e-01
2.479999999999999982e-01,2.886635923383238378e-01,3.469446951953614189e-18,1.381832646812340137e-01
2.500000000000000000e-01,2.912085162250246384e-01,1.838806884535415458e-17,1.380245259443055594e-01
2.520000000000000018e-01,2.937564959489105121e-01,1.292368989602721316e-17,1.378682469369761909e-01
2.540000000000000036e-01,2.963075187973682745e-01,3.053113317719180733e-17,1.377144392120215333e-01
2.560000000000000053e-01,2.988615719736387177e-01,2.012279232133096168e-17,1.375631141179008421e-01
2.580000000000000071e-01,3.014186425975253769e-01,1.144917494144692621e-17,1.374142827954940860e-01
2.600000000000000089e-01,3.039787177050126132e-01,3.295974604355933325e-18,1.372679561748779420e-01
2.620000000000000107e-01,3.065417842493776135e-01,1.561251128379126385e-17,1.371241449721545824e-01
2.640000000000000124e-01,3.091078291008741985e-01,1.457167719820518021e-17,1.369828596863112424e-01
2.660000000000000142e-01,3.116768390472923755e-01,8.153200337090993652e-18,1.368441105961318016e-01
2.680000000000000160e-01,3.142488007941093286e-01,1.639313684798082581e-17,1.367079077571542178e-01
2.700000000000000178e-01,3.168237009651626579e-01,8.955509944730266009e-18,1.365742609986825562e-01
2.720000000000000195e-01,3.194015261024958363e-01,3.328771720073619742e-17,1.364431799208458418e-01
2.740000000000000213e-01,3.219822626668911170e-01,6.418476861114186557e-18,1.363146738917139777e-01
2.760000000000000231e-01,3.245658970384148745e-01,1.075528555105620429e-17,1.361887520444679811e-01
2.780000000000000249e-01,3.271524155162204295e-01,3.469446951953614189e-18,1.360654232746307535e-01
2.800000000000000266e-01,3.297418043194912940e-01,4.510281037539698600e-18,1.359446962373577206e-01
2.820000000000000284e-01,3.323340495874393952e-01,1.032160468206200252e-17,1.358265793447877012e-01
2.840000000000000302e-01,3.349291373793441551e-01,1.144917494144692621e-17,1.357110807634588356e-01
2.860000000000000320e-01,3.375270536757639661e-01,1.671839749972647714e-17,1.355982084117939301e-01
2.880000000000000338e-01,3.401277843781418397e-01,1.058791184067875483e-23,1.354879699576486962e-01
2.899999999999999800e-01,3.427313153092956810e-01,1.665334536937734749e-17,1.353803728159291009e-01
2.919999999999999818e-01,3.453376322141181731e-01,6.136584296267955251e-18,1.352754241462949814e-01
2.939999999999999836e-01,3.479467207596034228e-01,2.359147694363204885e-17,1.351731308509086238e-01
2.959999999999999853e-01,3.505585665353230240e-01,2.168404344971008868e-18,1.350734995722902010e-01
2.979999999999999871e-01,3.531731550537831055e-01,1.387778780781445753e-18,1.349765366912268338e-01
2.999999999999999889e-01,3.557904717509021708e-01,1.179539965863712147e-17,1.348822483247707482e-01
3.019999999999999907e-01,3.584105019863219610e-01,1.052760309483424744e-17,1.347906403243178119e-01
3.039999999999999925e-01,3.610332310437165404e-01,0.000000000000000000e+00,1.347017182737608176e-01
3.059999999999999942e-01,3.636586441313980345e-01,1.309174123276246527e-18,1.346154874877343588e-01
3.079999999999999960e-01,3.662867263824161057e-01,9.877081791342944778e-18,1.345319530099376437e-01
3.099999999999999978e-01,3.689174628553839597e-01,4.824699667560494731e-18,1.344511196115494855e-01
3.119999999999999996e-01,3.715508385343095910e-01,1.509209424099822049e-17,1.343729917897207304e-01
3.140000000000000013e-01,3.741868383295496869e-01,1.717376241217039085e-17,1.342975737661689650e-01
3.160000000000000031e-01,3.768254470779357490e-01,2.081668171172168436e-18,1.342248694858498570e-01
3.180000000000000049e-01,3.794666495433158815e-01,4.857225732735059556e-18,1.341548826157271113e-01
3.200000000000000067e-01,3.821104304167874943e-01,1.040834085586084218e-18,1.340876165436323264e-01
3.220000000000000084e-01,3.847567743173350152e-01,3.642919299551295052e-18,1.340230743772192756e-01
3.240000000000000102e-01,3.874056657922508862e-01,1.205632815803880961e-17,1.339612589430060896e-01
3.260000000000000120e-01,3.900570893173860298e-01,1.110223024625156602e-17,1.339021727855224941e-01
3.280000000000000138e-01,3.927110292977715744e-01,1.353084311261909503e-17,1.338458181665404811e-01
3.300000000000000155e-01,3.953674700677964893e-01,1.318389841742373330e-17,1.337921970644103953e-01
3.320000000000000173e-01,3.980263958922947154e-01,7.285838599102590105e-18,1.337413111734951088e-01
3.340000000000000191e-01,4.006877909661010762e-01,8.310409652101392103e-18,1.336931619036881291e-01
3.360000000000000209e-01,4.033516394151579476e-01,7.285838599102590105e-18,1.336477503800449496e-01
3.380000000000000226e-01,4.060179252965756547e-01,2.810252031082427370e-17,1.336050774425072973e-01
3.400000000000000244e-01,4.086866325997320359e-01,1.812786032395763290e-17,1.335651436457215291e-01
3.420000000000000262e-01,4.113577452458176964e-01,1.353084311261909503e-17,1.335279492589619144e-01
3.440000000000000280e-01,4.140312470890279428e-01,4.423544863740857783e-18,1.334934942661513135e-01
3.460000000000000298e-01,4.167071219166675888e-01,1.908195823574487958e-18,1.334617783659777235e-01
3.480000000000000315e-01,4.193853534497655744e-01,2.133709875451472849e-17,1.334328009721164332e-01
3.500000000000000333e-01,4.220659253435847802e-01,1.595945597898662404e-17,1.334065612135452994e-01
3.519999999999999796e-01,4.247488211880749986e-01,1.700029006457271076e-17,1.333830579349616074e-01
3.539999999999999813e-01,4.274340245082655088e-01,1.517883041479706208e-17,1.333622896972966598e-01
3.559999999999999831e-01,4.301215187648335103e-01,1.387778780781445753e-18,1.333442547783310062e-01
3.579999999999999849e-01,4.328112873545304495e-01,2.012279232133096168e-17,1.333289511734054855e-01
3.599999999999999867e-01,4.355033136109032199e-01,6.938893903907228378e-18,1.333163765962307457e-01
3.619999999999999885e-01,4.381975808045535103e-01,2.445960101127297941e-17,1.333065284797919081e-01
3.639999999999999902e-01,4.408940721435552490e-01,6.591949208711866651e-18,1.332994039773529593e-01
3.659999999999999920e-01,4.435927707743125836e-01,9.020562075079397199e-18,1.332949999635546778e-01
3.679999999999999938e-01,4.462936597818298878e-01,2.949029909160572061e-17,1.332933130356090123e-01
3.699999999999999956e-01,4.489967221902571026e-01,3.816391647148975916e-18,1.332943395145824161e-01
3.719999999999999973e-01,4.517019409633782345e-01,6.938893903907228378e-18,1.332980754467822104e-01
3.739999999999999991e-01,4.544092990052419623e-01,3.317658647805643722e-18,1.333045166052249098e-01
3.760000000000000009e-01,4.571187791605080264e-01,8.933825901280557153e-18,1.333136584912021083e-01
3.780000000000000027e-01,4.598303642151666537e-01,3.469446951953614189e-18,1.333254963359327694e-01
3.800000000000000044e-01,4.625440368969506721e-01,8.673617379884035472e-18,1.333400251023061089e-01
3.820000000000000062e-01,4.652597798758542069e-01,1.732012970545593333e-17,1.333572394867161282e-01
3.840000000000000080e-01,4.679775757646318368e-01,1.110223024625156602e-17,1.333771339209660622e-01
3.860000000000000098e-01,4.706974071196086129e-01,3.469446951953614189e-18,1.333997025742822140e-01
3.880000000000000115e-01,4.734192564408097326e-01,9.194034422677077292e-18,1.334249393553919028e-01
3.900000000000000133e-01,4.761431061728238490e-01,9.714451465470119112e-18,1.334528379146887600e-01
3.920000000000000151e-01,4.788689387050837354e-01,3.469446951953614189e-18,1.334833916464796544e-01
3.940000000000000169e-01,4.815967363727882145e-01,9.714451465470119112e-18,1.335165936913110529e-01
3.960000000000000187e-01,4.843264814569092636e-01,6.245004513516505694e-18,1.335524369383690735e-01
3.980000000000000204e-01,4.870581561853892794e-01,1.517883041479706208e-17,1.335909140279551988e-01
4.000000000000000222e-01,4.897917427330078510e-01,6.245195095929637449e-18,1.336320173540395118e-01
4.020000000000000240e-01,4.925272232225594848e-01,2.086004979862110593e-17,1.336757390668761869e-01
4.040000000000000258e-01,4.952645797250756488e-01,3.764349942869671272e-17,1.337220710757029418e-01
4.060000000000000275e-01,4.980037942603843248e-01,6.591949208711866651e-18,1.337710050514918925e-01
4.080000000000000293e-01,5.007448487976944307e-01,1.491862189340054040e-17,1.338225324297806218e-01
4.100000000000000311e-01,5.034877252564076144e-01,1.942890293094023822e-17,1.338766444135559841e-01
4.120000000000000329e-01,5.062324055063633921e-01,3.295974604355933325e-18,1.339333319762073538e-01
4.140000000000000346e-01,5.089788713684555432e-01,6.245004513516505694e-18,1.339925858645343582e-01
4.160000000000000364e-01,5.117271046154634462e-01,1.420304845956010770e-18,1.340543966018169775e-01
4.179999999999999827e-01,5.144770869722581352e-01,9.540979117872439790e-19,1.341187544909374363e-01
4.199999999999999845e-01,5.172288001167153482e-01,1.296705798292663241e-17,1.341856496175537483e-01
4.219999999999999862e-01,5.199822256800832321e-01,1.387778780781445676e-17,1.342550718533354892e-01
4.239999999999999880e-01,5.227373452477497295e-01,4.748805515486509113e-18,1.343270108592312106e-01
4.259999999999999898e-01,5.254941403593331728e-01,9.779503595819250303e-18,1.344014560887966114e-01
4.279999999999999916e-01,5.282525925100838293e-01,3.382710778154773757e-18,1.344783967915664791e-01
4.299999999999999933e-01,5.310126831507933076e-01,1.731470869459350458e-17,1.345578220164597716e-01
4.319999999999999951e-01,5.337743936886667484e-01,1.491862189340054040e-17,1.346397206152299131e-01
4.339999999999999969e-01,5.365377054877580321e-01,3.122502256758252847e-18,1.347240812459620241e-01
4.359999999999999987e-01,5.393025998698366408e-01,1.733503748532760779e-17,1.348108923765900524e-01
4.380000000000000004e-01,5.420690581147447062e-01,1.251169307048272178e-17,1.349001422884585355e-01
4.400000000000000022e-01,5.448370614609530094e-01,1.006139616066548084e-17,1.349918190799119511e-01
4.420000000000000040e-01,5.476065911063034974e-01,1.301042606982605321e-18,1.350859106699126566e-01
4.440000000000000058e-01,5.503776282087340377e-01,1.873230303511830347e-17,1.351824048016920798e-01
4.460000000000000075e-01,5.531501538865395418e-01,1.344410693882025498e-17,1.352812890464097917e-01
4.480000000000000093e-01,5.559241492191571155e-01,6.808789643208967537e-18,1.353825508068621508e-01
4.500000000000000111e-01,5.586995952477575855e-01,5.204170427930421283e-18,1.354861773211809561e-01
4.520000000000000129e-01,5.614764729760164386e-01,2.496239976876313395e-17,1.355921556665748706e-01
4.540000000000000147e-01,5.642547633702452714e-01,4.857225732735059556e-18,1.357004727630733432e-01
4.560000000000000164e-01,5.670344473605570812e-01,0.000000000000000000e+00,1.358111153772872948e-01
4.580000000000000182e-01,5.698155058411593643e-01,6.231451986360436889e-18,1.359240701261827666e-01
4.600000000000000200e-01,5.725979196710042629e-01,3.469446951953614189e-18,1.360393234808660867e-01
4.620000000000000218e-01,5.753816696744760151e-01,6.938893903907228763e-19,1.361568617703707851e-01
4.640000000000000235e-01,5.781667366418581366e-01,1.726049858596922936e-17,1.362766711854561941e-01
4.660000000000000253e-01,5.809531013301469926e-01,1.283695372222837311e-17,1.363987377824014136e-01
4.680000000000000271e-01,5.837407444634283848e-01,4.876199270753556346e-18,1.365230474868171229e-01
4.700000000000000289e-01,5.865296467338101394e-01,8.023096076392732812e-18,1.366495860974354937e-01
4.720000000000000306e-01,5.893197888016619146e-01,5.898059818321143967e-18,1.367783392899123707e-01
4.740000000000000324e-01,5.921111512966152901e-01,4.510281037539698600e-18,1.369092926206228744e-01
4.760000000000000342e-01,5.949037148178035750e-01,7.502679033599690991e-18,1.370424315304479557e-01
4.780000000000000360e-01,5.976974599348672257e-01,2.428612866367529778e-18,1.371777413485519292e-01
4.799999999999999822e-01,6.004923671882078651e-01,1.734723475976807094e-18,1.373152072961576764e-01
4.819999999999999840e-01,6.032884170896384290e-01,4.163336342344336873e-18,1.374548144903032509e-01
4.839999999999999858e-01,6.060855901237083287e-01,2.157562323246153670e-18,1.375965479475877717e-01
4.859999999999999876e-01,6.088838667471918598e-01,6.938893903907228763e-19,1.377403925879024660e-01
4.879999999999999893e-01,6.116832273905057349e-01,9.714451465470119112e-18,1.378863332381437823e-01
4.899999999999999911e-01,6.144836524581425152e-01,3.642919299551295052e-18,1.380343546359161788e-01
4.919999999999999929e-01,6.172851223292425971e-01,5.204170427930421091e-19,1.381844414332026871e-01
4.939999999999999947e-01,6.200876173580596173e-01,2.801578413702543211e-17,1.383365782000241240e-01
4.959999999999999964e-01,6.228911178749747535e-01,3.972516759986888000e-17,1.384907494280747386e-01
4.979999999999999982e-01,6.256956041868715346e-01,5.898059818321143967e-18,1.386469395343294941e-01
5.000000000000000000e-01,6.285010565777984226e-01,2.602085213965210642e-18,1.388051328646276172e-01
5.020000000000000018e-01,6.313074553096154062e-01,3.469446951953614189e-18,1.389653136972376635e-01
5.040000000000000036e-01,6.341147806225624350e-01,7.459310946700270198e-18,1.391274662463806433e-01
5.060000000000000053e-01,6.369230127358438409e-01,7.632783294297951832e-18,1.392915746657359677e-01
5.080000000000000071e-01,6.397321318485431618e-01,4.510281037539698600e-18,1.394576230519100069e-01
5.100000000000000089e-01,6.425421181399215698e-01,1.595945597898662404e-17,1.396255954478803074e-01
5.120000000000000107e-01,6.453529517701870333e-01,5.204170427930421283e-18,1.397954758463962333e-01
5.140000000000000124e-01,6.481646128811746621e-01,5.941427905220563990e-18,1.399672481933622037e-01
5.160000000000000142e-01,6.509770815968316526e-01,9.194034422677077292e-18,1.401408963911703887e-01
5.180000000000000160e-01,6.537903380241072426e-01,1.075528555105620429e-17,1.403164043020054541e-01
5.200000000000000178e-01,6.566043622530326473e-01,1.001802807376606159e-17,1.404937557511183877e-01
5.220000000000000195e-01,6.594191343581154996e-01,2.289834988289385241e-17,1.406729345300474776e-01
5.240000000000000213e-01,6.622346343983629424e-01,1.630640067418198730e-17,1.408539243998213342e-01
5.260000000000000231e-01,6.650508424182337563e-01,1.691355389077386917e-17,1.410367090941056778e-01
5.280000000000000249e-01,6.678677384479527745e-01,7.025630077706068424e-18,1.412212723223200406e-01
5.300000000000000266e-01,6.706853025045944605e-01,1.040834085586084257e-17,1.414075977727135280e-01
5.320000000000000284e-01,6.735035145922925182e-01,1.283695372222837311e-17,1.415956691153933689e-01
5.340000000000000302e-01,6.763223547030765559e-01,1.977584762613560149e-17,1.417854700053239880e-01
5.360000000000000320e-01,6.791418028174955879e-01,5.898059818321143967e-18,1.419769840852687925e-01
5.380000000000000338e-01,6.819618389051402829e-01,9.714451465470119112e-18,1.421701949887047844e-01
5.400000000000000355e-01,6.847824429253979162e-01,3.469446951953614189e-18,1.423650863426797752e-01
5.420000000000000373e-01,6.876035948280119214e-01,2.428612866367529778e-18,1.425616417706381533e-01
5.440000000000000391e-01,6.904252745535455205e-01,1.500535806719938198e-17,1.427598448951964971e-01
5.460000000000000409e-01,6.932474620344954985e-01,1.250627205962029303e-17,1.429596793408741962e-01
5.480000000000000426e-01,6.960701371954964856e-01,2.135878279796443658e-18,1.431611287367844376e-01
5.500000000000000444e-01,6.988932799538787322e-01,6.006480035569694410e-18,1.433641767192743721e-01
5.520000000000000462e-01,7.017168702206468822e-01,1.266348137463069148e-17,1.435688069345242290e-01
5.540000000000000480e-01,7.045408879007872827e-01,7.459310946700270198e-18,1.437750030410982760e-01
5.560000000000000497e-01,7.073653128941650436e-01,5.898059818321143967e-18,1.439827487124565597e-01
5.580000000000000515e-01,7.101901250959112843e-01,1.961321730026277583e-17,1.441920276394094425e-01
5.600000000000000533e-01,7.130153043972917715e-01,6.938893903907228763e-19,1.444028235325406084e-01
5.620000000000000551e-01,7.158408306860444270e-01,6.505213034913026604e-18,1.446151201245680085e-01
5.640000000000000568e-01,7.186666838471111873e-01,1.630640067418198730e-17,1.448289011726737463e-01
5.660000000000000586e-01,7.214928437634036129e-01,1.383170921548382312e-17,1.450441504607832832e-01
5.680000000000000604e-01,7.243192903162718466e-01,4.163336342344336873e-18,1.452608518017864392e-01
5.700000000000000622e-01,7.271460033862098271e-01,3.295974604355933325e-18,1.454789890397356344e-01
5.720000000000000639e-01,7.299729628532123371e-01,2.341876692568689732e-18,1.456985460519792941e-01
5.740000000000000657e-01,7.328001485979900309e-01,1.526556658859590366e-17,1.459195067512547572e-01
5.760000000000000675e-01,7.356275405017456137e-01,4.900593819634480350e-18,1.461418550877387756e-01
5.779999999999999583e-01,7.384551184475931507e-01,8.283304597789254492e-18,1.463655750510508557e-01
5.799999999999999600e-01,7.412828623206255685e-01,1.176359357146772311e-17,1.465906506722089164e-01
5.819999999999999618e-01,7.441107520088277028e-01,8.673617379884035472e-18,1.468170660255389004e-01
5.839999999999999636e-01,7.469387674035985469e-01,1.041816643804899276e-17,1.470448052305494413e-01
5.859999999999999654e-01,7.497668884003054757e-01,2.645453300864630665e-18,1.472738524537428040e-01
5.879999999999999671e-01,7.525950948988899825e-01,5.030698080332740420e-18,1.475041919104060073e-01
5.899999999999999689e-01,7.554233668045959860e-01,2.081668171172168436e-18,1.477358078663293661e-01
5.919999999999999707e-01,7.582516840286075421e-01,2.168404344971008988e-20,1.479686846395074917e-01
5.939999999999999725e-01,7.610800264882975341e-01,2.168404344971008868e-17,1.482028066017798129e-01
5.959999999999999742e-01,7.639083741084480295e-01,7.459310946700270198e-18,1.484381581804360417e-01
5.979999999999999760e-01,7.667367068213124526e-01,1.517883041479706208e-18,1.486747238597702359e-01
5.999999999999999778e-01,7.695650045671218464e-01,3.469446951953614189e-18,1.489124881825987790e-01
6.019999999999999796e-01,7.723932472955290507e-01,2.949029909160571983e-18,1.491514357517412515e-01
6.039999999999999813e-01,7.752214149654523823e-01,1.613292832658430721e-17,1.493915512314464289e-01
6.059999999999999831e-01,7.780494875456493986e-01,2.787754836003353122e-18,1.496328193487815317e-01
6.079999999999999849e-01,7.808774450157045521e-01,1.630640067418198730e-17,1.498752248949918875e-01
6.099999999999999867e-01,7.837052673666935476e-01,2.341876692568689577e-17,1.501187527267921762e-01
6.119999999999999885e-01,7.865329346012135403e-01,1.669671345627676867e-18,1.503633877676575359e-01
6.139999999999999902e-01,7.893604267342979597e-01,4.816568151266853140e-18,1.506091150090380637e-01
6.159999999999999920e-01,7.921877237945036399e-01,1.301042606982605321e-18,1.508559195115480589e-01
6.179999999999999938e-01,7.950148058233867943e-01,5.876375774871434340e-18,1.511037864061257618e-01
6.199999999999999956e-01,7.978416528772385163e-01,1.665334536937734749e-17,1.513527008951382202e-01
6.219999999999999973e-01,8.006682450269284601e-01,1.647987302177966663e-18,1.516026482534598985e-01
6.239999999999999991e-01,8.034945623586580155e-01,2.016616040823038247e-17,1.518536138295021876e-01
6.260000000000000009e-01,8.063205849748982246e-01,1.292368989602721316e-17,1.521055830462305358e-01
6.280000000000000027e-01,8.091462929943826765e-01,6.952446431063297183e-18,1.523585414021071671e-01
6.300000000000000044e-01,8.119716665533136535e-01,1.307547820017518286e-17,1.526124744720342430e-01
6.320000000000000062e-01,8.147966858052626549e-01,9.194034422677077292e-18,1.528673679082370729e-01
6.340000000000000080e-01,8.176213309224671377e-01,2.203098814490544887e-17,1.531232074411252586e-01
6.360000000000000098e-01,8.204455820956955137e-01,1.786765180256111431e-17,1.533799788801175901e-01
6.380000000000000115e-01,8.232694195355900746e-01,3.816391647148975916e-18,1.536376681144270839e-01
6.400000000000000133e-01,8.260928234724325137e-01,9.020562075079397199e-18,1.538962611138179615e-01
6.420000000000000151e-01,8.289157741573411897e-01,5.898059818321143967e-18,1.541557439293293474e-01
6.440000000000000169e-01,8.317382518626388332e-01,3.469446951953614189e-18,1.544161026939651626e-01
6.460000000000000187e-01,8.345602368821882777e-01,8.357843497147632922e-18,1.546773236233563442e-01
6.480000000000000204e-01,8.373817095323463633e-01,2.333203075188805419e-17,1.549393930163787403e-01
6.500000000000000222e-01,8.402026501522357194e-01,7.307522642552300502e-18,1.552022972557602076e-01
6.520000000000000240e-01,8.430230391045494542e-01,2.049142105997603226e-18,1.554660228086462426e-01
6.540000000000000258e-01,8.458428567757376726e-01,8.760353553682875519e-18,1.557305562271300570e-01
6.560000000000000275e-01,8.486620835770271043e-01,6.938893903907228378e-18,1.559958841487669168e-01
6.580000000000000293e-01,8.514806999446413727e-01,2.515349040166370210e-18,1.562619932970528425e-01
6.600000000000000311e-01,8.542986863405488407e-01,1.110282316931464311e-17,1.565288704818728338e-01
6.620000000000000329e-01,8.571160232528338696e-01,3.382710778154773757e-18,1.567965025999252804e-01
6.640000000000000346e-01,8.599326911963345310e-01,3.469446951953614189e-18,1.570648766351242787e-01
6.660000000000000364e-01,8.627486707133957822e-01,4.683753385137379463e-18,1.573339796589623973e-01
6.680000000000000382e-01,8.655639423739263094e-01,1.778091562876227272e-17,1.576037988308615634e-01
6.700000000000000400e-01,8.683784867766295434e-01,3.518236049715462197e-18,1.578743213984882821e-01
6.720000000000000417e-01,8.711922845485524647e-01,1.646903100005481297e-17,1.581455346980455701e-01
6.740000000000000435e-01,8.740053163467678132e-01,1.023486850826316247e-17,1.584174261545510387e-01
6.760000000000000453e-01,8.768175628581840186e-01,1.890848588814719795e-17,1.586899832820752032e-01
6.780000000000000471e-01,8.796290048001331741e-01,6.158268339717664877e-18,1.589631936839653592e-01
6.800000000000000488e-01,8.824396229213586906e-01,9.410874857174178179e-18,1.592370450530481707e-01
6.820000000000000506e-01,8.852493980017701602e-01,8.673617379884035472e-18,1.595115251718040583e-01
6.840000000000000524e-01,8.880583108538910864e-01,1.040834085586084257e-17,1.597866219125237686e-01
6.860000000000000542e-01,8.908663423224680855e-01,1.422473250300981694e-17,1.600623232374416838e-01
6.880000000000000560e-01,8.936734732857356533e-01,1.253337711393243064e-17,1.603386171988508413e-01
6.900000000000000577e-01,8.964796846555973531e-01,1.314730659410234845e-17,1.606154919391917790e-01
6.920000000000000595e-01,8.992849573781303008e-01,7.144892316679474836e-18,1.608929356911287800e-01
6.940000000000000613e-01,9.020892724340718871e-01,2.645453300864630665e-18,1.611709367776040513e-01
6.960000000000000631e-01,9.048926108397328250e-01,0.000000000000000000e+00,1.614494836118645082e-01
6.980000000000000648e-01,9.076949536468355006e-01,6.505213034913026604e-19,1.617285646974880864e-01
7.000000000000000666e-01,9.104962819434536669e-01,9.801187639268960700e-18,1.620081686283722233e-01
7.020000000000000684e-01,9.132965768546501550e-01,1.212138028838793926e-17,1.622882840887185374e-01
7.039999999999999591e-01,9.160958195426864847e-01,2.046973701652632495e-17,1.625688998529954132e-01
7.059999999999999609e-01,9.188939912076108385e-01,1.838806884535415458e-17,1.628500047858812971e-01
7.079999999999999627e-01,9.216910730876914926e-01,1.014813233446432089e-17,1.631315878421953358e-01
7.099999999999999645e-01,9.244870464599443949e-01,2.428612866367529778e-18,1.634136380668134991e-01
7.119999999999999662e-01,9.272818926409236440e-01,1.943466275498156993e-17,1.636961445945633864e-01
7.139999999999999680e-01,9.300755929866415528e-01,1.144917494144692621e-17,1.639790966501083191e-01
7.159999999999999698e-01,9.328681288936824245e-01,3.816391647148975916e-18,1.642624835478181111e-01
7.179999999999999716e-01,9.356594817992647251e-01,1.700029006457271076e-17,1.645462946916185776e-01
7.199999999999999734e-01,9.384496331817047121e-01,1.682681771697502758e-17,1.648305195748366314e-01
7.219999999999999751e-01,9.412385645610399365e-01,1.606787619623517448e-17,1.651151477800234801e-01
7.239999999999999769e-01,9.440262574998090628e-01,1.847480501915299617e-17,1.654001689787698293e-01
7.259999999999999787e-01,9.468126936029648277e-01,5.984795992119984784e-18,1.656855729315052095e-01
7.279999999999999805e-01,9.495978545184620145e-01,2.428612866367529778e-18,1.659713494872923634e-01
7.299999999999999822e-01,9.523817219383321486e-01,2.114194236346733646e-17,1.662574885835965688e-01
7.319999999999999840e-01,9.551642775982287503e-01,8.066464163292153605e-18,1.665439802460523810e-01
7.339999999999999858e-01,9.579455032785926250e-01,1.353084311261909503e-17,1.668308145882221316e-01
7.359999999999999876e-01,9.607253808048010768e-01,4.683753385137379463e-18,1.671179818113342208e-01
7.379999999999999893e-01,9.635038920476581836e-01,1.807365021533335768e-17,1.674054722040139165e-01
7.399999999999999911e-01,9.662810189240200742e-01,7.242470512203169311e-18,1.676932761420103501e-01
7.419999999999999929e-01,9.690567433970258548e-01,4.900593819634480350e-18,1.679813840879097742e-01
7.439999999999999947e-01,9.718310474765665674e-01,3.122502256758252847e-18,1.682697865908250878e-01
7.459999999999999964e-01,9.746039132201058663e-01,1.318389841742373330e-17,1.685584742861093444e-01
7.479999999999999982e-01,9.773753227324259996e-01,8.500145032286355379e-18,1.688474378950208521e-01
7.500000000000000000e-01,9.801452581668659292e-01,3.642919299551295052e-18,1.691366682244135056e-01
7.520000000000000018e-01,9.829137017250637598e-01,4.727121472036799486e-18,1.694261561663941429e-01
7.540000000000000036e-01,9.856806356577951789e-01,1.327063459122257489e-17,1.697158926979863425e-01
7.560000000000000053e-01,9.884460422653624789e-01,2.428612866367529778e-18,1.700058688807832841e-01
7.580000000000000071e-01,9.912099038980954901e-01,2.949029909160571983e-18,1.702960758605870095e-01
7.600000000000000089e-01,9.939722029562609862e-01,2.168404344971008868e-17,1.705865048670490436e-01
7.620000000000000107e-01,9.967329218913043576e-01,3.859759734048395939e-18,1.708771472132994962e-01
7.640000000000000124e-01,9.994920432056595416e-01,6.071532165918824830e-18,1.711679942955697531e-01
7.660000000000000142e-01,1.002249549453310351e+00,5.637851296924623057e-18,1.714590375928095323e-01
7.680000000000000160e-01,1.005005423240334039e+00,1.734723475976807094e-18,1.717502686662961964e-01
7.700000000000000178e-01,1.007759647225489275e+00,2.428612866367529778e-18,1.720416791592448424e-01
7.720000000000000195e-01,1.010512204119837776e+00,1.821459649775647449e-17,1.723332607963986851e-01
7.740000000000000213e-01,1.013263076688124542e+00,5.030698080332740420e-18,1.726250053836317633e-01
7.760000000000000231e-01,1.016012247748534492e+00,3.209238430557093279e-18,1.729169048075305526e-01
7.780000000000000249e-01,1.018759700173518468e+00,3.989863994746656009e-18,1.732089510349827111e-01
7.800000000000000266e-01,1.021505416889645801e+00,2.831936074532137458e-17,1.735011361127516694e-01
7.820000000000000284e-01,1.024249380878632820e+00,2.949029909160571983e-18,1.737934521670537746e-01
7.840000000000000302e-01,1.026991575177408578e+00,9.269928574751062911e-18,1.740858914031274962e-01
7.860000000000000320e-01,1.029731982878256957e+00,1.075528555105620429e-17,1.743784461048014656e-01
7.880000000000000338e-01,1.032470587129857620e+00,1.134075472419837576e-17,1.746711086340504426e-01
7.900000000000000355e-01,1.035207371137074617e+00,7.979727989493312018e-18,1.749638714305649656e-01
7.920000000000000373e-01,1.037942318161563904e+00,1.994931997373328004e-18,1.752567270112928843e-01
7.940000000000000391e-01,1.040675411522130389e+00,4.163336342344336873e-18,1.755496679699999341e-01
7.960000000000000409e-01,1.043406634595156035e+00,8.673617379884035472e-18,1.758426869768193457e-01
7.980000000000000426e-01,1.046135970814958682e+00,5.529431079676072613e-18,1.761357767777886885e-01
8.000000000000000444e-01,1.048863403673999883e+00,1.162264728904460784e-17,1.764289301944025334e-01
8.020000000000000462e-01,1.051588916723391165e+00,4.857797479974456363e-18,1.767221401231480471e-01
8.040000000000000480e-01,1.054312493573370091e+00,1.691355389077386879e-18,1.770153995350435827e-01
8.060000000000000497e-01,1.057034117893408620e+00,1.387778780781445753e-18,1.773087014751744683e-01
8.080000000000000515e-01,1.059753773412614564e+00,1.524388254514619173e-17,1.776020390622273792e-01
8.100000000000000533e-01,1.062471443920305347e+00,3.122502256758252847e-18,1.778954054880181879e-01
8.120000000000000551e-01,1.065187113266215846e+00,1.183948772354170873e-17,1.781887940170324702e-01
8.140000000000000568e-01,1.067900765360553450e+00,1.752070710736575104e-17,1.784821979859383956e-01
8.160000000000000586e-01,1.070612384174975062e+00,0.000000000000000000e+00,1.787756108031291480e-01
8.180000000000000604e-01,1.073321953742199852e+00,1.734723475976807191e-19,1.790690259482366209e-01
8.200000000000000622e-01,1.076029458157149676e+00,7.676151381197371085e-18,1.793624369716646516e-01
8.220000000000000639e-01,1.078734881576465909e+00,7.762887554996211131e-18,1.796558374941035208e-01
8.240000000000000657e-01,1.081438208219269725e+00,1.092875789865388439e-17,1.799492212060612439e-01
8.260000000000000675e-01,1.084139422367606187e+00,4.336808689942017736e-18,1.802425818673789593e-01
8.280000000000000693e-01,1.086838508366401612e+00,1.697860602112299882e-17,1.805359133067567790e-01
8.300000000000000711e-01,1.089535450623971613e+00,1.344410693882025537e-18,1.808292094212659296e-01
8.320000000000000728e-01,1.092230233612587753e+00,1.717376241217039085e-17,1.811224641758808207e-01
8.339999999999999636e-01,1.094922841868214647e+00,4.510281037539698600e-18,1.814156716029865779e-01
8.359999999999999654e-01,1.097613259991396362e+00,1.856154119295183468e-17,1.817088258019062541e-01
8.379999999999999671e-01,1.100301472647174705e+00,5.204170427930421283e-18,1.820019209384189651e-01
8.399999999999999689e-01,1.102987464565392983e+00,4.857225732735059556e-18,1.822949512442742503e-01
8.419999999999999707e-01,1.105671220541490030e+00,2.010246353059685847e-17,1.825879110167188124e-01
8.439999999999999725e-01,1.108352725435917563e+00,8.847089727481715565e-18,1.828807946180096011e-01
8.459999999999999742e-01,1.111031964175445808e+00,8.326672684688673745e-18,1.831735964749384993e-01
8.479999999999999760e-01,1.113708921752754932e+00,3.816391647148975916e-18,1.834663110783490980e-01
8.499999999999999778e-01,1.116383583226856047e+00,2.393918396847993914e-17,1.837589329826566642e-01
8.519999999999999796e-01,1.119055933723382523e+00,3.469446951953614189e-18,1.840514568053757405e-01
8.539999999999999813e-01,1.121725958435121129e+00,1.136243876764808616e-17,1.843438772266345893e-01
8.559999999999999831e-01,1.124393642621861034e+00,9.952975943416930396e-18,1.846361889887026819e-01
8.579999999999999849e-01,1.127058971611148763e+00,1.561251128379126423e-18,1.849283868955086951e-01
8.599999999999999867e-01,1.129721930798055496e+00,9.909607856517511143e-18,1.852204658121723579e-01
8.619999999999999885e-01,1.132382505645818327e+00,1.873501354054951785e-17,1.855124206645234752e-01
8.639999999999999902e-01,1.135040681685866915e+00,7.676151381197371085e-18,1.858042464386304715e-01
8.659999999999999920e-01,1.137696444518285332e+00,1.387778780781445753e-18,1.860959381803298507e-01
8.679999999999999938e-01,1.140349779812019904e+00,1.178527761491743351e-17,1.863874909947464686e-01
8.699999999999999956e-01,1.143000673304616299e+00,1.040427509771402254e-17,1.866789000458341785e-01
8.719999999999999973e-01,1.145649110803722337e+00,7.892991815694471971e-18,1.869701605559000723e-01
8.739999999999999991e-01,1.148295078185851636e+00,1.127570259384924650e-18,1.872612678051385204e-01
8.760000000000000009e-01,1.150938561397433446e+00,6.938893903907228763e-19,1.875522171311639341e-01
8.780000000000000027e-01,1.153579546455402394e+00,4.857225732735059556e-18,1.878430039285463871e-01
8.800000000000000044e-01,1.156218019446241030e+00,8.982614999042403619e-18,1.881336236483500401e-01
8.820000000000000062e-01,1.158853966527415125e+00,1.125401855039953572e-17,1.884240717976690405e-01
8.840000000000000080e-01,1.161487373927043265e+00,8.456776945386934585e-18,1.887143439391691657e-01
8.860000000000000098e-01,1.164118227943895079e+00,4.510281037539698600e-18,1.890044356906266931e-01
8.880000000000000115e-01,1.166746514948181712e+00,1.176359357146772311e-17,1.892943427244726806e-01
8.900000000000000133e-01,1.169372221381571819e+00,2.504507018441515243e-17,1.895840607673439926e-01
8.920000000000000151e-01,1.171995333757068991e+00,9.779503595819250303e-18,1.898735855996155075e-01
8.940000000000000169e-01,1.174615838659596179e+00,1.452830911130575942e-17,1.901629130549671032e-01
8.960000000000000187e-01,1.177233722746166222e+00,5.269222558279551703e-18,1.904520390199197499e-01
8.980000000000000204e-01,1.179848972745784152e+00,1.203464411458909922e-17,1.907409594333935587e-01
9.000000000000000222e-01,1.182461575460136416e+00,6.071532165918824830e-18,1.910296702862614715e-01
9.020000000000000240e-01,1.185071517763285343e+00,1.151422707179605740e-17,1.913181676209076698e-01
9.040000000000000258e-01,1.187678786602278436e+00,1.201296007113938882e-17,1.916064475307827919e-01
9.060000000000000275e-01,1.190283368996977842e+00,3.729655473350135099e-18,1.918945061599642010e-01
9.080000000000000293e-01,1.192885252040619903e+00,1.387778780781445753e-18,1.921823397027214997e-01
9.100000000000000311e-01,1.195484422899550481e+00,2.775557561562891505e-18,1.924699444030807949e-01
9.120000000000000329e-01,1.198080868814020761e+00,1.179611963664228793e-17,1.927573165543868261e-01
9.140000000000000346e-01,1.200674577097505136e+00,9.150666335777658039e-18,1.930444524988766675e-01
9.160000000000000364e-01,1.203265535137797215e+00,3.989863994746656009e-18,1.933313486272507653e-01
9.180000000000000382e-01,1.205853730396421852e+00,4.924988368515403583e-18,1.936180013782424492e-01
9.200000000000000400e-01,1.208439150409420293e+00,1.199127602768967842e-17,1.939044072381983230e-01
9.220000000000000417e-01,1.211021782786938061e+00,1.118896642005040607e-17,1.941905627406511903e-01
9.240000000000000435e-01,1.213601615213800500e+00,7.567731163948820641e-18,1.944764644659053021e-01
9.260000000000000453e-01,1.216178635449544743e+00,1.001802807376606159e-17,1.947621090406148614e-01
9.280000000000000471e-01,1.218752831328449915e+00,6.245004513516505694e-18,1.950474931373694099e-01
9.300000000000000488e-01,1.221324190759828454e+00,1.227316859253591050e-17,1.953326134742836562e-01
9.320000000000000506e-01,1.223892701728077625e+00,2.268150944839675153e-17,1.956174668145827522e-01
9.340000000000000524e-01,1.226458352293018805e+00,1.524659305057740610e-17,1.959020499661980608e-01
9.360000000000000542e-01,1.229021130589840638e+00,1.179611963664228793e-17,1.961863597813578997e-01
9.380000000000000560e-01,1.231581024829017323e+00,9.367506770274758926e-18,1.964703931561880834e-01
9.400000000000000577e-01,1.234138023296987186e+00,2.428612866367529778e-18,1.967541470303064977e-01
9.420000000000000595e-01,1.236692114355889771e+00,9.194034422677077292e-18,1.970376183864265551e-01
9.440000000000000613e-01,1.239243286443878489e+00,4.943961906533900373e-18,1.973208042499624837e-01
9.460000000000000631e-01,1.241791528074875472e+00,8.326672684688673745e-18,1.976037016886355580e-01
9.480000000000000648e-01,1.244336827839322979e+00,5.377642775528102147e-18,1.978863078120786378e-01
9.500000000000000666e-01,1.246879174403645152e+00,4.683753385137379463e-18,1.981686197714529196e-01
9.520000000000000684e-01,1.249418556510798695e+00,7.025630077706068424e-18,1.984506347590570541e-01
9.540000000000000702e-01,1.251954962980269315e+00,8.673617379884035472e-19,1.987323500079469230e-01
9.560000000000000719e-01,1.254488382707956262e+00,1.020234244308859611e-17,1.990137627915540830e-01
9.580000000000000737e-01,1.257018804666557799e+00,6.071532165918824830e-18,1.992948704233032942e-01
9.599999999999999645e-01,1.259546217905469945e+00,1.734723475976807191e-19,1.995756702562382634e-01
9.619999999999999662e-01,1.262070611551287413e+00,1.318389841742373330e-17,1.998561596826508024e-01
9.639999999999999680e-01,1.264591974807091290e+00,1.110223024625156602e-17,2.001363361337051006e-01
9.659999999999999698e-01,1.267110296953227078e+00,1.433315272025836738e-17,2.004161970790694636e-01
9.679999999999999716e-01,1.269625567347290485e+00,1.353084311261909503e-17,2.006957400265530489e-01
9.699999999999999734e-01,1.272137775423944461e+00,6.114900252818244854e-18,2.009749625217355506e-01
9.719999999999999751e-01,1.274646910695137692e+00,8.239936510889833698e-18,2.012538621476195611e-01
9.739999999999999769e-01,1.277152962750410126e+00,7.979727989493312018e-18,2.015324365242522897e-01
9.759999999999999787e-01,1.279655921256198425e+00,1.530622417006411008e-17,2.018106833083838092e-01
9.779999999999999805e-01,1.282155775956994148e+00,9.584347204771859813e-18,2.020886001931089526e-01
9.799999999999999822e-01,1.284652516674539058e+00,4.163336342344336873e-18,2.023661849075133190e-01
9.819999999999999840e-01,1.287146133308180396e+00,3.469446951953614381e-19,2.026434352163320463e-01
9.839999999999999858e-01,1.289636615835188849e+00,1.127570259384924611e-17,2.029203489195916532e-01
9.859999999999999876e-01,1.292123954310213207e+00,2.471980953266950187e-18,2.031969238522788601e-01
9.879999999999999893e-01,1.294608138865891434e+00,8.668873995379411082e-18,2.034731578839894528e-01
9.899999999999999911e-01,1.297089159712525586e+00,1.075232093574081424e-17,2.037490489185946330e-01
9.919999999999999929e-01,1.299567007138424657e+00,8.673617379884035954e-20,2.040245948939037046e-01
9.939999999999999947e-01,1.302041671509639897e+00,1.604619215278546639e-18,2.042997937813285925e-01
9.959999999999999964e-01,1.304513143270117581e+00,8.001412032943022415e-18,2.045746435855549106e-01
9.979999999999999982e-01,1.306981412942061382e+00,9.280770596475917339e-18,2.048491423442102832e-01
1.000000000000000000e+00,1.309446471125198741e+00,1.370431546021677666e-17,2.051232881275398545e-01
1.002000000000000002e+00,1.311908308497709896e+00,1.040834085586084218e-18,2.053970790380849898e-01
1.004000000000000004e+00,1.314366915815510239e+00,1.283695372222837311e-17,2.056705132103537337e-01
1.006000000000000005e+00,1.316822283912713942e+00,6.765421556309547514e-18,2.059435888105083101e-01
1.008000000000000007e+00,1.319274403701340859e+00,9.194034422677077292e-18,2.062163040360470989e-01
1.010000000000000009e+00,1.321723266171650479e+00,1.084202172485504434e-18,2.064886571154912198e-01
1.012000000000000011e+00,1.324168862391777779e+00,4.119968255444916849e-18,2.067606463080670087e-01
1.014000000000000012e+00,1.326611183508259018e+00,4.163336342344336873e-18,2.070322699034084224e-01
1.016000000000000014e+00,1.329050220745374489e+00,2.599849046984459165e-17,2.073035262212340746e-01
1.018000000000000016e+00,1.331485965405862615e+00,4.336808689942017736e-18,2.075744136110590499e-01
1.020000000000000018e+00,1.333918408870131245e+00,1.140580685454750695e-17,2.078449304518799889e-01
1.022000000000000020e+00,1.336347542596975302e+00,1.426810058990923774e-17,2.081150751518831832e-01
1.024000000000000021e+00,1.338773358123130919e+00,2.203098814490544887e-17,2.083848461481420944e-01
1.026000000000000023e+00,1.341195847063321622e+00,6.591885681240822732e-18,2.086542419063262266e-01
1.028000000000000025e+00,1.343615001110439522e+00,3.729655473350135099e-18,2.089232609204056956e-01
1.030000000000000027e+00,1.346030812035431623e+00,7.372574772901430151e-18,2.091919017123625713e-01
1.032000000000000028e+00,1.348443271686903699e+00,1.444157293750691783e-17,2.094601628319021913e-01
1.034000000000000030e+00,1.350852371991836165e+00,2.429290492725333372e-18,2.097280428561669741e-01
1.036000000000000032e+00,1.353258104954855767e+00,7.936359902593892765e-18,2.099955403894539219e-01
1.038000000000000034e+00,1.355660462658613952e+00,1.548240702309300455e-17,2.102626540629323193e-01
1.040000000000000036e+00,1.358059437263557712e+00,2.779894370252833122e-17,2.105293825343676761e-01
1.042000000000000037e+00,1.360455021007981102e+00,1.196959198423996957e-17,2.107957244878413128e-01
1.044000000000000039e+00,1.362847206208101625e+00,3.295974604355933325e-18,2.110616786334805206e-01
1.046000000000000041e+00,1.365235985257628570e+00,1.574261554448952315e-17,2.113272437071823939e-01
1.048000000000000043e+00,1.367621350628008159e+00,9.259086553026208483e-18,2.115924184703461275e-01
1.050000000000000044e+00,1.370003294868512356e+00,5.106592232406726038e-18,2.118572017096063964e-01
1.052000000000000046e+00,1.372381810605755703e+00,1.322726650432315332e-18,2.121215922365681239e-01
1.054000000000000048e+00,1.374756890544052368e+00,3.989863994746656009e-18,2.123855888875402775e-01
1.056000000000000050e+00,1.377128527465014685e+00,1.231653667943532975e-17,2.126491905232804902e-01
1.058000000000000052e+00,1.379496714227757437e+00,9.638557313396135035e-18,2.129123960287288009e-01
1.060000000000000053e+00,1.381861443768800157e+00,7.719519468096791878e-18,2.131752043127599083e-01
1.062000000000000055e+00,1.384222709101768700e+00,5.204170427930421091e-19,2.134376143079234345e-01
1.064000000000000057e+00,1.386580503317528468e+00,8.565197162635485029e-18,2.136996249701930417e-01
1.066000000000000059e+00,1.388934819584058289e+00,7.199102425303750058e-18,2.139612352787175209e-01
1.068000000000000060e+00,1.391285651146418445e+00,1.127570259384924611e-17,2.142224442355691594e-01
1.070000000000000062e+00,1.393632991326557047e+00,8.370040771588094539e-18,2.144832508655053760e-01
1.072000000000000064e+00,1.395976833523279836e+00,5.984795992119984784e-18,2.147436542157172834e-01
1.074000000000000066e+00,1.398317171212184462e+00,9.362424572591233124e-18,2.150036533555927942e-01
1.076000000000000068e+00,1.400653997945791929e+00,2.081668171172168436e-18,2.152632473764759524e-01
1.078000000000000069e+00,1.402987307352765001e+00,1.387778780781445753e-18,2.155224353914319546e-01
1.080000000000000071e+00,1.405317093138723550e+00,2.168404344971008868e-18,2.157812165350057043e-01
1.082000000000000073e+00,1.407643349085377693e+00,3.946495907847235986e-18,2.160395899629938554e-01
1.084000000000000075e+00,1.409966069050815562e+00,8.521829075736064235e-18,2.162975548522136360e-01
1.086000000000000076e+00,1.412285246969510411e+00,2.423733956591345285e-17,2.165551104002730598e-01
1.088000000000000078e+00,1.414600876851622502e+00,3.458604930228758990e-18,2.168122558253385845e-01
1.090000000000000080e+00,1.416912952783818014e+00,7.914675859144182368e-18,2.170689903659188680e-01
1.092000000000000082e+00,1.419221468928126839e+00,7.188260403578894089e-18,2.173253132806354238e-01
1.094000000000000083e+00,1.421526419522784579e+00,2.353802916466030065e-17,2.175812238480038519e-01
1.096000000000000085e+00,1.423827798881260875e+00,1.734723475976807094e-17,2.178367213662118218e-01
1.098000000000000087e+00,1.426125601392802977e+00,5.551115123125783010e-18,2.180918051529051604e-01
1.100000000000000089e+00,1.428419821522005861e+00,8.977193988179976405e-18,2.183464745449737454e-01
1.102000000000000091e+00,1.430710453808551108e+00,7.459310946700270198e-18,2.186007288983264352e-01
1.104000000000000092e+00,1.432997492867524869e+00,2.038300084272748413e-18,2.188545675877009711e-01
1.106000000000000094e+00,1.435280933388890290e+00,1.604077114192303687e-17,2.191079900064325792e-01
1.108000000000000096e+00,1.437560770137297439e+00,1.769417945496343113e-17,2.193609955662587374e-01
1.110000000000000098e+00,1.439836997952641084e+00,4.597017211338538646e-18,2.196135836971092326e-01
1.112000000000000099e+00,1.442109611748852771e+00,5.030698080332740420e-18,2.198657538469024897e-01
1.114000000000000101e+00,1.444378606514707286e+00,6.461844948013606581e-18,2.201175054813448995e-01
1.116000000000000103e+00,1.446643977312950469e+00,9.280770596475917339e-18,2.203688380837273419e-01
1.118000000000000105e+00,1.448905719280890736e+00,4.857225732735059556e-18,2.206197511547307311e-01
1.120000000000000107e+00,1.451163827629406100e+00,5.030698080332740420e-18,2.208702442122257859e-01
1.122000000000000108e+00,1.453418297643759516e+00,5.827586677109586333e-18,2.211203167910780754e-01
1.124000000000000110e+00,1.455669124682374971e+00,5.139118297581290863e-18,2.213699684429566161e-01
1.126000000000000112e+00,1.457916304177658162e+00,4.597017211338538646e-18,2.216191987361443849e-01
1.128000000000000114e+00,1.460159831635133187e+00,1.940721888749052937e-17,2.218680072553414484e-01
1.130000000000000115e+00,1.462399702633716103e+00,1.038123580154870496e-17,2.221163936014866891e-01
1.132000000000000117e+00,1.464635912825295705e+00,4.927698873946617961e-18,2.223643573915615179e-01
1.134000000000000119e+00,1.466868457934815240e+00,1.014813233446432089e-17,2.226118982584130990e-01
1.136000000000000121e+00,1.469097333759700419e+00,5.204170427930421091e-19,2.228590158505686092e-01
1.138000000000000123e+00,1.471322536170127648e+00,3.079134169858832439e-18,2.231057098320548548e-01
1.140000000000000124e+00,1.473544061108832182e+00,1.162264728904460784e-17,2.233519798822158064e-01
1.142000000000000126e+00,1.475761904590038753e+00,7.112366251504908471e-18,2.235978256955396259e-01
1.144000000000000128e+00,1.477976062701067406e+00,7.806255641895632117e-19,2.238432469814812253e-01
1.146000000000000130e+00,1.480186531600132582e+00,2.402592014227877764e-17,2.240882434642822441e-01
1.148000000000000131e+00,1.482393307517662961e+00,1.235990476633475093e-18,2.243328148828075130e-01
1.150000000000000133e+00,1.484596386755502095e+00,3.187689912378943601e-17,2.245769609903664477e-01
1.152000000000000135e+00,1.486795765686689919e+00,3.122502256758252847e-18,2.248206815545472081e-01
1.153999999999999915e+00,1.488991440755500051e+00,1.448494102440633862e-17,2.250639763570463081e-01
1.155999999999999917e+00,1.491183408476841166e+00,1.370431546021677666e-17,2.253068451935037464e-01
1.157999999999999918e+00,1.493371665436720619e+00,9.887923813067800746e-18,2.255492878733376116e-01
1.159999999999999920e+00,1.495556208291583644e+00,3.642919299551295052e-18,2.257913042195819342e-01
1.161999999999999922e+00,1.497737033768009596e+00,9.931291899967219999e-18,2.260328940687219845e-01
1.163999999999999924e+00,1.499914138662846952e+00,8.673617379884035472e-19,2.262740572705358999e-01
1.165999999999999925e+00,1.502087519843088970e+00,1.105886215935214523e-17,2.265147936879359780e-01
1.167999999999999927e+00,1.504257174245042350e+00,2.333203075188805419e-17,2.267551031968122466e-01
1.169999999999999929e+00,1.506423098874774880e+00,1.968911145233675991e-17,2.269949856858728410e-01
1.171999999999999931e+00,1.508585290807738843e+00,3.328500669530498535e-18,2.272344410564942074e-01
1.173999999999999932e+00,1.510743747188424635e+00,8.787458607995013129e-18,2.274734692225685029e-01
1.175999999999999934e+00,1.512898465230101408e+00,1.162264728904460784e-17,2.277120701103464151e-01
1.177999999999999936e+00,1.515049442214781550e+00,1.040834085586084257e-17,2.279502436582923897e-01
1.179999999999999938e+00,1.517196675493133640e+00,7.936359902593892765e-18,2.281879898169366649e-01
1.181999999999999940e+00,1.519340162483972634e+00,7.567731163948820641e-18,2.284253085487248092e-01
1.183999999999999941e+00,1.521479900673872621e+00,1.929879867024197893e-17,2.286621998278732804e-01
1.185999999999999943e+00,1.523615887617690845e+00,1.110223024625156602e-17,2.288986636402252639e-01
1.187999999999999945e+00,1.525748120937365115e+00,2.376571162088225596e-17,2.291346999831110065e-01
1.189999999999999947e+00,1.527876598322666979e+00,1.734723475976807094e-18,2.293703088652002398e-01
1.191999999999999948e+00,1.530001317530180316e+00,3.469446951953614381e-19,2.296054903063680375e-01
1.193999999999999950e+00,1.532122276383763193e+00,3.469446951953614189e-18,2.298402443375496540e-01
1.195999999999999952e+00,1.534239472773343493e+00,1.353084311261909503e-17,2.300745710006092404e-01
1.197999999999999954e+00,1.536352904655867491e+00,3.816391647148975916e-18,2.303084703482027873e-01
1.199999999999999956e+00,1.538462570054322853e+00,1.405126015541213685e-17,2.305419424436370712e-01
1.201999999999999957e+00,1.540568467057449098e+00,9.107298248878237631e-19,2.307749873607465585e-01
1.203999999999999959e+00,1.542670593820011149e+00,4.878909776184769953e-19,2.310076051837511857e-01
1.205999999999999961e+00,1.544768948562383670e+00,5.637851296924623057e-18,2.312397960071327085e-01
1.207999999999999963e+00,1.546863529569655782e+00,9.844555726168379953e-18,2.314715599355022801e-01
1.209999999999999964e+00,1.548954335192451737e+00,6.418476861114186557e-18,2.317028970834704160e-01
1.211999999999999966e+00,1.551041363846117349e+00,3.469446951953614381e-19,2.319338075755231765e-01
1.213999999999999968e+00,1.553124614010219062e+00,7.394258816351140548e-18,2.321642915458948797e-01
1.215999999999999970e+00,1.555204084228931194e+00,1.457167719820518021e-17,2.323943491384423687e-01
1.217999999999999972e+00,1.557279773110371579e+00,1.474514954580285992e-18,2.326239805065280497e-01
1.219999999999999973e+00,1.559351679326226758e+00,1.509209424099822049e-17,2.328531858128849441e-01
1.221999999999999975e+00,1.561419801612263569e+00,2.260561529632276899e-18,2.330819652295077204e-01
1.223999999999999977e+00,1.563484138766987996e+00,4.683753385137379463e-18,2.333103189375293762e-01
1.225999999999999979e+00,1.565544689652144328e+00,1.387778780781445753e-18,2.335382471271021110e-01
1.227999999999999980e+00,1.567601453192295935e+00,1.563419532724097271e-17,2.337657499972760344e-01
1.229999999999999982e+00,1.569654428374573030e+00,5.480641981914224606e-18,2.339928277558888381e-01
1.231999999999999984e+00,1.571703614248239234e+00,5.019856058607885221e-18,2.342194806194526913e-01
1.233999999999999986e+00,1.573749009924579667e+00,1.535230276239474217e-17,2.344457088130308953e-01
1.235999999999999988e+00,1.575790614576831672e+00,1.465841337200401872e-17,2.346715125701324123e-01
1.237999999999999989e+00,1.577828427439449399e+00,1.053844511655910341e-17,2.348968921326002601e-01
1.239999999999999991e+00,1.579862447808199732e+00,9.018529196005987186e-18,2.351218477504954663e-01
1.241999999999999993e+00,1.581892675039728857e+00,4.770489558936219510e-18,2.353463796819940390e-01
1.243999999999999995e+00,1.583919108551761212e+00,2.151057110211240859e-17,2.355704881932747519e-01
1.245999999999999996e+00,1.585941747822054992e+00,3.903127820947815962e-18,2.357941735584137832e-01
1.247999999999999998e+00,1.587960592388498071e+00,3.458604930228758990e-18,2.360174360592758869e-01
1.250000000000000000e+00,1.589975641849086685e+00,1.127570259384924650e-18,2.362402759854143330e-01
1.252000000000000002e+00,1.591986895861381868e+00,1.647987302177966663e-18,2.364626936339606078e-01
1.254000000000000004e+00,1.593994354142310499e+00,8.847089727481715565e-18,2.366846893095247983e-01
1.256000000000000005e+00,1.595998016467682135e+00,1.214306433183764889e-18,2.369062633240978377e-01
1.258000000000000007e+00,1.597997882672533621e+00,1.283695372222837311e-17,2.371274159969385398e-01
1.260000000000000009e+00,1.599993952649871432e+00,5.898059818321143967e-18,2.373481476544870850e-01
1.262000000000000011e+00,1.601986226351474585e+00,7.979727989493312018e-18,2.375684586302579393e-01
1.264000000000000012e+00,1.603974703786835931e+00,3.295974604355933325e-18,2.377883492647451524e-01
1.266000000000000014e+00,1.605959385022945440e+00,1.582935171828836474e-17,2.380078199053243526e-01
1.268000000000000016e+00,1.607940270184702314e+00,8.933825901280557153e-18,2.382268709061550471e-01
1.270000000000000018e+00,1.609917359453955754e+00,1.455676941833350267e-17,2.384455026280927759e-01
1.272000000000000020e+00,1.611890653069263379e+00,9.627715291671279066e-18,2.386637154385866100e-01
1.274000000000000021e+00,1.613860151325837933e+00,4.835541689285349930e-18,2.388815097115888353e-01
1.276000000000000023e+00,1.615825854575358989e+00,3.989863994746656009e-18,2.390988858274632478e-01
1.278000000000000025e+00,1.617787763225191355e+00,2.428612866367529778e-18,2.393158441729005548e-01
1.280000000000000027e+00,1.619745877738985484e+00,1.249000902703301139e-17,2.395323851408161231e-01
1.282000000000000028e+00,1.621700198635075196e+00,1.994931997373328159e-17,2.397485091302674065e-01
1.284000000000000030e+00,1.623650726487866791e+00,6.071532165918824830e-18,2.399642165463679866e-01
1.286000000000000032e+00,1.625597461925615050e+00,2.547875105340935516e-19,2.401795078001933148e-01
1.288000000000000034e+00,1.627540405632128540e+00,1.387778780781445753e-18,2.403943833087027471e-01
1.290000000000000036e+00,1.629479558344915091e+00,8.326672684688673745e-18,2.406088434946440091e-01
1.292000000000000037e+00,1.631414920855892348e+00,8.350050794032892743e-18,2.408228887864780066e-01
1.294000000000000039e+00,1.633346494010265104e+00,1.175275154974286868e-17,2.410365196182879810e-01
1.296000000000000041e+00,1.635274278707143480e+00,3.382710778154773757e-18,2.412497364296995461e-01
1.298000000000000043e+00,1.637198275898388289e+00,1.582935171828836474e-17,2.414625396657990031e-01
1.300000000000000044e+00,1.639118486589008938e+00,6.852157730108388331e-18,2.416749297770515448e-01
1.302000000000000046e+00,1.641034911836538157e+00,2.428612866367529778e-18,2.418869072192162961e-01
1.304000000000000048e+00,1.642947552750541718e+00,1.387778780781445753e-18,2.420984724532789789e-01
1.306000000000000050e+00,1.644856410492884891e+00,9.194034422677077292e-18,2.423096259453571544e-01
1.308000000000000052e+00,1.646761486276940190e+00,1.204548613631395365e-17,2.425203681666338040e-01
1.310000000000000053e+00,1.648662781367566055e+00,3.831807646789004028e-18,2.427306995932765610e-01
1.312000000000000055e+00,1.650560297080541972e+00,4.515702048402125814e-18,2.429406207063601331e-01
1.314000000000000057e+00,1.652454034782927295e+00,1.734723475976807191e-19,2.431501319917929449e-01
1.316000000000000059e+00,1.654343995891675689e+00,9.107298248878237246e-18,2.433592339402433635e-01
1.318000000000000060e+00,1.656230181874366991e+00,5.583641188300347835e-18,2.435679270470588464e-01
1.320000000000000062e+00,1.658112594248219551e+00,8.326672684688673745e-18,2.437762118122017430e-01
1.322000000000000064e+00,1.659991234580637354e+00,5.551115123125783010e-18,2.439840887401737435e-01
1.324000000000000066e+00,1.661866104487646822e+00,4.813857645835639533e-18,2.441915583399385248e-01
1.326000000000000068e+00,1.663737205634820526e+00,1.647987302177966663e-18,2.443986211248606877e-01
1.328000000000000069e+00,1.665604539736065703e+00,7.719519468096791878e-18,2.446052776126294293e-01
1.330000000000000071e+00,1.667468108554217565e+00,1.222980050563648971e-17,2.448115283251901253e-01
1.332000000000000073e+00,1.669327913899770977e+00,1.360673726469308065e-17,2.450173737886759129e-01
1.334000000000000075e+00,1.671183957631555472e+00,3.989863994746656009e-18,2.452228145333391063e-01
1.336000000000000076e+00,1.673036241655236012e+00,1.509209424099822049e-17,2.454278510934872481e-01
1.338000000000000078e+00,1.674884767924591955e+00,4.076600168545496826e-18,2.456324840074120552e-01
1.340000000000000080e+00,1.676729538439591494e+00,1.990595188683386079e-17,2.458367138173256639e-01
1.342000000000000082e+00,1.678570555247404172e+00,3.615136618881353943e-19,2.460405410692975137e-01
1.344000000000000083e+00,1.680407820441239153e+00,1.370431546021677666e-17,2.462439663131861523e-01
1.346000000000000085e+00,1.682241336160455347e+00,1.507041019754851202e-18,2.464469901025780341e-01
1.348000000000000087e+00,1.684071104589982326e+00,1.908195823574487958e-18,2.466496129947257365e-01
1.350000000000000089e+00,1.685897127960846120e+00,3.968179951296946383e-18,2.468518355504822903e-01
1.352000000000000091e+00,1.687719408548090883e+00,8.673617379884035472e-19,2.470536583342388404e-01
1.354000000000000092e+00,1.689537948672896306e+00,1.561039370142312810e-17,2.472550819138719658e-01
1.356000000000000094e+00,1.691352750699952168e+00,7.274996577377734136e-18,2.474561068606725978e-01
1.358000000000000096e+00,1.693163817038843888e+00,8.673617379884035954e-20,2.476567337492904530e-01
1.360000000000000098e+00,1.694971150142798422e+00,1.734723475976807094e-18,2.478569631576822974e-01
1.362000000000000099e+00,1.696774752508812156e+00,7.984979593766289296e-18,2.480567956670384211e-01
1.364000000000000101e+00,1.698574626677224586e+00,8.093569217604291216e-18,2.482562318617363983e-01
1.366000000000000103e+00,1.700370775231231590e+00,1.110223024625156602e-17,2.484552723292821619e-01
1.368000000000000105e+00,1.702163200797290443e+00,6.158268339717664877e-18,2.486539176602529100e-01
1.370000000000000107e+00,1.703951906043737807e+00,1.110223024625156602e-17,2.488521684482398466e-01
1.372000000000000108e+00,1.705736893681578437e+00,1.647987302177966663e-18,2.490500252897907274e-01
1.374000000000000110e+00,1.707518166463025011e+00,5.377642775528102147e-18,2.492474887843624254e-01
1.376000000000000112e+00,1.709295727182436053e+00,1.647987302177966663e-18,2.494445595342582589e-01
1.378000000000000114e+00,1.711069578675282088e+00,5.898059818321143967e-18,2.496412381445811679e-01
1.380000000000000115e+00,1.712839723817829451e+00,1.994931997373328004e-18,2.498375252231789245e-01
1.382000000000000117e+00,1.714606165526959103e+00,9.660241356845843891e-18,2.500334213805859851e-01
1.384000000000000119e+00,1.716368906760418866e+00,7.892991815694471971e-18,2.502289272299855760e-01
1.386000000000000121e+00,1.718127950515309976e+00,3.989863994746656009e-18,2.504240433871441351e-01
1.388000000000000123e+00,1.719883299828886436e+00,9.801187639268960700e-18,2.506187704703664587e-01
1.390000000000000124e+00,1.721634957777968822e+00,9.454242944073598973e-18,2.508131091004464630e-01
1.392000000000000126e+00,1.723382927478276372e+00,4.016969049058793620e-18,2.510070599006185010e-01
1.394000000000000128e+00,1.725127212084373696e+00,3.377289767292346158e-18,2.512006234965031282e-01
1.396000000000000130e+00,1.726867814789660116e+00,2.453549516334696657e-17,2.513938005160653577e-01
1.398000000000000131e+00,1.728604738825602283e+00,8.066464163292153605e-18,2.515865915895643123e-01
1.400000000000000133e+00,1.730337987461705751e+00,1.474514954580285992e-18,2.517789973495013212e-01
1.402000000000000135e+00,1.732067564005223659e+00,3.469446951953614381e-19,2.519710184305812839e-01
1.404000000000000137e+00,1.733793471800719743e+00,3.209238430557093279e-18,2.521626554696583256e-01
1.406000000000000139e+00,1.735515714229492801e+00,1.344952794968268220e-17,2.523539091056978267e-01
1.407999999999999918e+00,1.737234294710372495e+00,3.121951685342537475e-18,2.525447799797238546e-01
1.409999999999999920e+00,1.738949216698234324e+00,2.602085213965210545e-19,2.527352687347811933e-01
1.411999999999999922e+00,1.740660483684056459e+00,8.673617379884035472e-19,2.529253760158835518e-01
1.413999999999999924e+00,1.742368099194802511e+00,1.734723475976807094e-17,2.531151024699773711e-01
1.415999999999999925e+00,1.744072066793421527e+00,1.578598363138894394e-17,2.533044487458919192e-01
1.417999999999999927e+00,1.745772390077597436e+00,5.227209724095738098e-18,2.534934154943021545e-01
1.419999999999999929e+00,1.747469072680377877e+00,1.812786032395763290e-17,2.536820033676851494e-01
1.421999999999999931e+00,1.749162118269609323e+00,5.076776672663374820e-18,2.538702130202742380e-01
1.423999999999999932e+00,1.750851530547148371e+00,1.249000902703301139e-17,2.540580451080196589e-01
1.425999999999999934e+00,1.752537313249586504e+00,7.372574772901430151e-18,2.542455002885536386e-01
1.427999999999999936e+00,1.754219470146704651e+00,3.816391647148975916e-18,2.544325792211388215e-01
1.429999999999999938e+00,1.755898005042741516e+00,2.428612866367529778e-18,2.546192825666409587e-01
1.431999999999999940e+00,1.757572921774070096e+00,2.062694633153672032e-18,2.548056109874777264e-01
1.433999999999999941e+00,1.759244224211130359e+00,3.295974604355933325e-18,2.549915651475857525e-01
1.435999999999999943e+00,1.760911916256418408e+00,1.038665681241113217e-17,2.551771457123830911e-01
1.437999999999999945e+00,1.762576001845101104e+00,1.457137014876180114e-17,2.553623533487275332e-01
1.439999999999999947e+00,1.764236484944053274e+00,4.803015624110784335e-18,2.555471887248809693e-01
1.441999999999999948e+00,1.765893369552632208e+00,2.808083626737456330e-18,2.557316525104727511e-01
1.443999999999999950e+00,1.767546659701306311e+00,2.558717127065790618e-18,2.559157453764612233e-01
1.445999999999999952e+00,1.769196359451782996e+00,3.122502256758252847e-18,2.560994679950938102e-01
1.447999999999999954e+00,1.770842472896973163e+00,1.935029827343503977e-17,2.562828210398824802e-01
1.449999999999999956e+00,1.772485004160426314e+00,8.456776945386934585e-18,2.564658051855574494e-01
1.451999999999999957e+00,1.774123957395811857e+00,9.194034422677077292e-18,2.566484211080318767e-01
1.453999999999999959e+00,1.775759336787086085e+00,2.428612866367529778e-18,2.568306694843739968e-01
1.455999999999999961e+00,1.777391146548445988e+00,6.505213034913026604e-18,2.570125509927701501e-01
1.457999999999999963e+00,1.779019390923025412e+00,4.597017211338538646e-18,2.571940663124898663e-01
1.459999999999999964e+00,1.780644074183570069e+00,3.445730029430493779e-18,2.573752161238477831e-01
1.461999999999999966e+00,1.782265200631702129e+00,9.302454639925627736e-18,2.575560011081827749e-01
1.463999999999999968e+00,1.783882774597710608e+00,6.938893903907228763e-19,2.577364219478101570e-01
1.465999999999999970e+00,1.785496800440544263e+00,9.454242944073598973e-18,2.579164793260013133e-01
1.467999999999999972e+00,1.787107282547047760e+00,1.977584762613560149e-17,2.580961739269464483e-01
1.469999999999999973e+00,1.788714225332125096e+00,7.112366251504908471e-18,2.582755064357236119e-01
1.471999999999999975e+00,1.790317633238164063e+00,1.038801206512674013e-18,2.584544775382651705e-01
1.473999999999999977e+00,1.791917510735025587e+00,1.726049858596922936e-17,2.586330879213326606e-01
1.475999999999999979e+00,1.793513862319116470e+00,1.196959198423996957e-17,2.588113382724794853e-01
1.477999999999999980e+00,1.795106692514494284e+00,6.028164079019404807e-18,2.589892292800269891e-01
1.479999999999999982e+00,1.796696005870856538e+00,5.551115123125783010e-18,2.591667616330310953e-01
1.481999999999999984e+00,1.798281806964833862e+00,6.245004513516505694e-18,2.593439360212530520e-01
1.483999999999999986e+00,1.799864100398309574e+00,3.116742432716923451e-18,2.595207531351302332e-01
1.485999999999999988e+00,1.801442890799449970e+00,9.801187639268960700e-18,2.596972136657471619e-01
1.487999999999999989e+00,1.803018182821478632e+00,2.515349040166370210e-18,2.598733183048135831e-01
1.489999999999999991e+00,1.804589981142804334e+00,6.852157730108388331e-18,2.600490677446232746e-01
1.491999999999999993e+00,1.806158290466971295e+00,3.773023560249555122e-18,2.602244626780387815e-01
1.493999999999999995e+00,1.807723115521760349e+00,3.848917712323540741e-18,2.603995037984587202e-01
1.495999999999999996e+00,1.809284461059412763e+00,5.290906601729261330e-18,2.605741917997918544e-01
1.497999999999999998e+00,1.810842331856449050e+00,2.341876692568689732e-18,2.607485273764235667e-01
1.500000000000000000e+00,1.812396732712944214e+00,6.678685382510707468e-18,2.609225112232040900e-01
1.502000000000000002e+00,1.813947668452570383e+00,1.734723475976807094e-18,2.610961440354078178e-01
1.504000000000000004e+00,1.815495143922166932e+00,6.591885681240822732e-18,2.612694265087178169e-01
1.506000000000000005e+00,1.817039163991932327e+00,5.030698080332740420e-18,2.614423593391931311e-01
1.508000000000000007e+00,1.818579733554699374e+00,9.540979117872439790e-19,2.616149432232512395e-01
1.510000000000000009e+00,1.820116857525214016e+00,6.862999751833242759e-18,2.617871788576328074e-01
1.512000000000000011e+00,1.821650540841343258e+00,5.204170427930421283e-18,2.619590669393863092e-01
1.514000000000000012e+00,1.823180788462245516e+00,1.630640067418198730e-17,2.621306081658426046e-01
1.516000000000000014e+00,1.824707605369333407e+00,9.974659986866640793e-18,2.623018032345862949e-01
1.518000000000000016e+00,1.826230996564952136e+00,1.804925566645243445e-17,2.624726528434357942e-01
1.520000000000000018e+00,1.827750967073139776e+00,9.562663161322149416e-18,2.626431576904181830e-01
1.522000000000000020e+00,1.829267521938504615e+00,4.407281831153575370e-18,2.628133184737507788e-01
1.524000000000000021e+00,1.830780666226257125e+00,6.982261990806649171e-18,2.629831358918102713e-01
1.526000000000000023e+00,1.832290405022543922e+00,1.452830911130575942e-17,2.631526106431189005e-01
1.528000000000000025e+00,1.833796743433506293e+00,6.765421556309547514e-18,2.633217434263139256e-01
1.530000000000000027e+00,1.835299686584779266e+00,1.548240702309300455e-17,2.634905349401340247e-01
1.532000000000000028e+00,1.836799239622418867e+00,7.285838599102590105e-18,2.636589858833923161e-01
1.534000000000000030e+00,1.838295407711139973e+00,3.989863994746656009e-18,2.638270969549544320e-01
1.536000000000000032e+00,1.839788196035549106e+00,7.350890729451719754e-18,2.639948688537230859e-01
1.538000000000000034e+00,1.841277609798765980e+00,1.413799632921097844e-17,2.641623022786105390e-01
1.540000000000000036e+00,1.842763654222654424e+00,1.908195823574487958e-18,2.643293979285223916e-01
1.542000000000000037e+00,1.844246334547875676e+00,8.326672684688673745e-18,2.644961565023352112e-01
1.544000000000000039e+00,1.845725656032634276e+00,3.642919299551295052e-18,2.646625786988786588e-01
1.546000000000000041e+00,1.847201623953594662e+00,4.076600168545496826e-18,2.648286652169137279e-01
1.548000000000000043e+00,1.848674243605167078e+00,6.071532165918824830e-18,2.649944167551138152e-01
1.550000000000000044e+00,1.850143520299063482e+00,7.990570011218167987e-18,2.651598340120461805e-01
1.552000000000000046e+00,1.851609459364198074e+00,4.336808689942017736e-18,2.653249176861524616e-01
1.554000000000000048e+00,1.853072066146520314e+00,3.469446951953614381e-19,2.654896684757266923e-01
1.556000000000000050e+00,1.854531346008965187e+00,5.507747036226362217e-18,2.656540870789059205e-01
1.558000000000000052e+00,1.855987304330628973e+00,1.474514954580286030e-17,2.658181741936411768e-01
1.560000000000000053e+00,1.857439946507174255e+00,1.092875789865388439e-17,2.659819305176844284e-01
1.562000000000000055e+00,1.858889277950353858e+00,3.295974604355933325e-18,2.661453567485731475e-01
1.564000000000000057e+00,1.860335304087318065e+00,8.500145032286355379e-18,2.663084535836091615e-01
1.566000000000000059e+00,1.861778030361342928e+00,1.214306433183764889e-18,2.664712217198408339e-01
1.568000000000000060e+00,1.863217462230849719e+00,7.979727989493312018e-18,2.666336618540486869e-01
1.570000000000000062e+00,1.864653605169394268e+00,3.187554387107382882e-18,2.667957746827280818e-01
1.572000000000000064e+00,1.866086464665318800e+00,5.074066167232160443e-18,2.669575609020704565e-01
1.574000000000000066e+00,1.867516046221666670e+00,1.595945597898662404e-17,2.671190212079483373e-01
1.576000000000000068e+00,1.868942355356335128e+00,9.887923813067800746e-18,2.672801562958991295e-01
1.578000000000000069e+00,1.870365397600849633e+00,1.833385873672987936e-17,2.674409668611106294e-01
1.580000000000000071e+00,1.871785178501045976e+00,1.075528555105620429e-17,2.676014535984037601e-01
1.582000000000000073e+00,1.873201703616679481e+00,6.765421556309547514e-18,2.677616172022118102e-01
1.584000000000000075e+00,1.874614978520504849e+00,1.405126015541213685e-17,2.679214583665754934e-01
1.586000000000000076e+00,1.876025008799551586e+00,2.905661822261151960e-18,2.680809777851224651e-01
1.588000000000000078e+00,1.877431800052942634e+00,4.943961906533900373e-18,2.682401761510501692e-01
1.590000000000000080e+00,1.878835357893262170e+00,1.283695372222837311e-17,2.683990541571137922e-01
1.592000000000000082e+00,1.880235687945507550e+00,1.192622389734054877e-17,2.685576124956126076e-01
1.594000000000000083e+00,1.881632795847689721e+00,8.673617379884035954e-20,2.687158518583729339e-01
1.596000000000000085e+00,1.883026687249198972e+00,9.736135508919829509e-18,2.688737729367353113e-01
1.598000000000000087e+00,1.884417367812233124e+00,7.979727989493312018e-18,2.690313764215437331e-01
1.600000000000000089e+00,1.885804843210507897e+00,1.149254302834634700e-17,2.691886630031249394e-01
1.602000000000000091e+00,1.887189119128944270e+00,8.500145032286355379e-18,2.693456333712824224e-01
1.604000000000000092e+00,1.888570201264755610e+00,9.801187639268960700e-18,2.695022882152737775e-01
1.606000000000000094e+00,1.889948095325554078e+00,1.647987302177966663e-18,2.696586282238103705e-01
1.608000000000000096e+00,1.891322807030263675e+00,8.619407271259760250e-18,2.698146540850347996e-01
1.610000000000000098e+00,1.892694342108551808e+00,6.765421556309547514e-18,2.699703664865073516e-01
1.612000000000000099e+00,1.894062706300566390e+00,4.651227319962813868e-18,2.701257661151985068e-01
1.614000000000000101e+00,1.895427905357031761e+00,1.235990476633475055e-17,2.702808536574775600e-01
1.616000000000000103e+00,1.896789945038488412e+00,4.336808689942017736e-18,2.704356297990922475e-01
1.618000000000000105e+00,1.898148831115591406e+00,8.576039184360339457e-18,2.705900952251651947e-01
1.620000000000000107e+00,1.899504569369160123e+00,8.933825901280557153e-18,2.707442506201774846e-01
1.622000000000000108e+00,1.900857165588586639e+00,2.045889499480146744e-17,2.708980966679592761e-01
1.624000000000000110e+00,1.902206625573541032e+00,1.435483676370807932e-17,2.710516340516738176e-01
1.626000000000000112e+00,1.903552955132813196e+00,4.119968255444916849e-18,2.712048634538126168e-01
1.628000000000000114e+00,1.904896160083175971e+00,1.006139616066548084e-17,2.713577855561806196e-01
1.630000000000000115e+00,1.906236246251360456e+00,7.556889142223966213e-18,2.715104010398811663e-01
1.632000000000000117e+00,1.907573219471949244e+00,1.578598363138894394e-17,2.716627105853162694e-01
1.634000000000000119e+00,1.908907085588346320e+00,1.452830911130575980e-18,2.718147148721620776e-01
1.636000000000000121e+00,1.910237850451537156e+00,1.040834085586084218e-18,2.719664145793704857e-01
1.638000000000000123e+00,1.911565519921119005e+00,7.112366251504908471e-18,2.721178103851482066e-01
1.640000000000000124e+00,1.912890099864124949e+00,1.994931997373328004e-18,2.722689029669576044e-01
1.642000000000000126e+00,1.914211596155354300e+00,1.413799632921097844e-17,2.724196930014940454e-01
1.644000000000000128e+00,1.915530014677077730e+00,8.673617379884035954e-20,2.725701811646875639e-01
1.646000000000000130e+00,1.916845361318568308e+00,1.847480501915299617e-17,2.727203681316865969e-01
1.648000000000000131e+00,1.918157641976407035e+00,4.033232081646076803e-18,2.728702545768497689e-01
1.650000000000000133e+00,1.919466862554056519e+00,2.385244779468109947e-19,2.730198411737353448e-01
1.652000000000000135e+00,1.920773028961349382e+00,8.912141857830846756e-18,2.731691285950944570e-01
1.654000000000000137e+00,1.922076147114992750e+00,1.257674520083185143e-17,2.733181175128585050e-01
1.656000000000000139e+00,1.923376222937637436e+00,3.556183125752454235e-18,2.734668085981342700e-01
1.658000000000000140e+00,1.924673262358769676e+00,1.075647139718236001e-17,2.736152025211910366e-01
1.660000000000000142e+00,1.925967271312920559e+00,4.163293990696974003e-18,2.737632999514534315e-01
1.662000000000000144e+00,1.927258255741158166e+00,1.275021754842953153e-17,2.739111015574949848e-01
1.664000000000000146e+00,1.928546221589897414e+00,7.892991815694471971e-18,2.740586080070236963e-01
1.665999999999999925e+00,1.929831174810932026e+00,1.145120782052033776e-17,2.742058199668795382e-01
1.667999999999999927e+00,1.931113121361519802e+00,6.938893903907228763e-19,2.743527381030259615e-01
1.669999999999999929e+00,1.932392067203725361e+00,1.321642448259829967e-17,2.744993630805341867e-01
1.671999999999999931e+00,1.933668018304711467e+00,6.071532165918824445e-19,2.746456955635871999e-01
1.673999999999999932e+00,1.934940980636639551e+00,1.387778780781445676e-17,2.747917362154628784e-01
1.675999999999999934e+00,1.936210960175866802e+00,7.988537132144757974e-18,2.749374856985272730e-01
1.677999999999999936e+00,1.937477962903148665e+00,2.081707875841570982e-18,2.750829446742338313e-01
1.679999999999999938e+00,1.938741994804022539e+00,1.734723475976807094e-18,2.752281138031047458e-01
1.681999999999999940e+00,1.940003061867454193e+00,4.597017211338538646e-18,2.753729937447348952e-01
1.683999999999999941e+00,1.941261170086839627e+00,1.361757928641793507e-17,2.755175851577758572e-01
1.685999999999999943e+00,1.942516325459195059e+00,2.629190268277348252e-18,2.756618886999339102e-01
1.687999999999999945e+00,1.943768533984886915e+00,2.117277436274739423e-17,2.758059050279639823e-01
1.689999999999999947e+00,1.945017801668068813e+00,2.775557561562891505e-18,2.759496347976563846e-01
1.691999999999999948e+00,1.946264134515772071e+00,1.217559039701221449e-17,2.760930786638364776e-01
1.693999999999999950e+00,1.947507538538904015e+00,1.047339298620997222e-17,2.762362372803547905e-01
1.695999999999999952e+00,1.948748019750471627e+00,6.982261990806649171e-18,2.763791113000825250e-01
1.697999999999999954e+00,1.949985584166903152e+00,5.030698080332740420e-18,2.765217013749031172e-01
1.699999999999999956e+00,1.951220237806715829e+00,9.627715291671279066e-18,2.766640081557076858e-01
1.701999999999999957e+00,1.952451986691528418e+00,6.597370219574294635e-18,2.768060322923878713e-01
1.703999999999999959e+00,1.953680836844956303e+00,1.144917494144692621e-17,2.769477744338292857e-01
1.705999999999999961e+00,1.954906794292995187e+00,1.691355389077386879e-18,2.770892352279065718e-01
1.707999999999999963e+00,1.956129865063420681e+00,3.035766082959412415e-18,2.772304153214785183e-01
1.709999999999999964e+00,1.957350055186182658e+00,3.252606517456513302e-18,2.773713153603789006e-01
1.711999999999999966e+00,1.958567370692808396e+00,9.413585362605392556e-18,2.775119359894177573e-01
1.713999999999999968e+00,1.959781817616466526e+00,3.035766082959412415e-18,2.776522778523647372e-01
1.715999999999999970e+00,1.960993401991864005e+00,2.255140518769849300e-18,2.777923415919552608e-01
1.717999999999999972e+00,1.962202129855000976e+00,1.665334536937734749e-17,2.779321278498778081e-01
1.719999999999999973e+00,1.963408007242847475e+00,6.246486821174200720e-18,2.780716372667700331e-01
1.721999999999999975e+00,1.964611040193766200e+00,1.127570259384924611e-17,2.782108704822176537e-01
1.723999999999999977e+00,1.965811234746659864e+00,9.372927781137186140e-18,2.783498281347445147e-01
1.725999999999999979e+00,1.967008596941280274e+00,4.076600168545496826e-18,2.784885108618087024e-01
1.727999999999999980e+00,1.968203132817972545e+00,1.214306433183764889e-18,2.786269192998012123e-01
1.729999999999999982e+00,1.969394848417877597e+00,2.775557561562891505e-18,2.787650540840362345e-01
1.731999999999999984e+00,1.970583749781894767e+00,6.451002926288751382e-18,2.789029158487489890e-01
1.733999999999999986e+00,1.971769842951498930e+00,1.183948772354170873e-17,2.790405052270943376e-01
1.735999999999999988e+00,1.972953133968115225e+00,7.647352260990724873e-18,2.791778228511330173e-01
1.737999999999999989e+00,1.974133628873012469e+00,9.049022382107141999e-18,2.793148693518405778e-01
1.739999999999999991e+00,1.975311333707391981e+00,2.688821387764051073e-18,2.794516453590887850e-01
1.741999999999999993e+00,1.976486254512149543e+00,1.704365815147212847e-17,2.795881515016542251e-01
1.743999999999999995e+00,1.977658397327648032e+00,5.519944310666824604e-18,2.797243884072066478e-01
1.745999999999999996e+00,1.978827768193561099e+00,5.204170427930421091e-19,2.798603567023039695e-01
1.747999999999999998e+00,1.979994373148702635e+00,5.746271514173173500e-18,2.799960570123958270e-01
1.750000000000000000e+00,1.981158218231399815e+00,2.051310510342574266e-17,2.801314899618131959e-01
1.752000000000000002e+00,1.982319309479077418e+00,1.400789206851271605e-17,2.802666561737650053e-01
1.754000000000000004e+00,1.983477652927494006e+00,7.155734338404328879e-19,2.804015562703388031e-01
1.756000000000000005e+00,1.984633254611395614e+00,2.602085213965210642e-18,2.805361908724947617e-01
1.758000000000000007e+00,1.985786120564540624e+00,2.949029909160571983e-18,2.806705606000582387e-01
1.760000000000000009e+00,1.986936256818946589e+00,1.049507702965968261e-17,2.808046660717235521e-01
1.762000000000000011e+00,1.988083669404854703e+00,1.613292832658430721e-17,2.809385079050450984e-01
1.764000000000000012e+00,1.989228364351102840e+00,1.203464411458909922e-17,2.810720867164359094e-01
1.766000000000000014e+00,1.990370347684216057e+00,1.248119988438156697e-17,2.812054031211670413e-01
1.768000000000000016e+00,1.991509625429713992e+00,6.591949208711866651e-18,2.813384577333588599e-01
1.770000000000000018e+00,1.992646203609851341e+00,1.405126015541213685e-17,2.814712511659860916e-01
1.772000000000000020e+00,1.993780088245536319e+00,1.694065894508600678e-17,2.816037840308643347e-01
1.774000000000000021e+00,1.994911285355190245e+00,1.101549407245272443e-17,2.817360569386549440e-01
1.776000000000000023e+00,1.996039800954633847e+00,8.673617379884035472e-19,2.818680704988616448e-01
1.778000000000000025e+00,1.997165641057193852e+00,7.979727989493312018e-18,2.819998253198244820e-01
1.780000000000000027e+00,1.998288811673781140e+00,1.149254302834634700e-17,2.821313220087208751e-01
1.782000000000000028e+00,1.999409318812350733e+00,1.007088292967472962e-17,2.822625611715577909e-01
1.784000000000000030e+00,2.000527168478249962e+00,4.640385298237958669e-18,2.823935434131755184e-01
1.786000000000000032e+00,2.001642366673525686e+00,6.223320470066795297e-18,2.825242693372413405e-01
1.788000000000000034e+00,2.002754919397169431e+00,7.199102425303750058e-18,2.826547395462489232e-01
1.790000000000000036e+00,2.003864832645138705e+00,1.723881454251952089e-18,2.827849546415117654e-01
1.792000000000000037e+00,2.004972112410310814e+00,1.426810058990923774e-17,2.829149152231664743e-01
1.794000000000000039e+00,2.006076764681736790e+00,1.127570259384924611e-17,2.830446218901710442e-01
1.796000000000000041e+00,2.007178795445273778e+00,1.908195823574487958e-18,2.831740752402971406e-01
1.798000000000000043e+00,2.008278210683030807e+00,2.602085213965210642e-18,2.833032758701293230e-01
1.800000000000000044e+00,2.009375016373432743e+00,2.775557561562891505e-18,2.834322243750651560e-01
1.802000000000000046e+00,2.010469218491163446e+00,4.445228907190567794e-19,2.835609213493205383e-01
1.804000000000000048e+00,2.011560823007030763e+00,1.101549407245272443e-17,2.836893673859091081e-01
1.806000000000000050e+00,2.012649835887600602e+00,6.602113604078918255e-18,2.838175630766559543e-01
1.808000000000000052e+00,2.013736263095729839e+00,4.336808689942017736e-19,2.839455090121924541e-01
1.810000000000000053e+00,2.014820110589788271e+00,6.564844154399729040e-18,2.840732057819542189e-01
1.812000000000000055e+00,2.015901384324081391e+00,6.938893903907228378e-18,2.842006539741738780e-01
1.814000000000000057e+00,2.016980090248019053e+00,1.344410693882025498e-17,2.843278541758899602e-01
1.816000000000000059e+00,2.018056234307255892e+00,2.255140518769849300e-18,2.844548069729372908e-01
1.818000000000000060e+00,2.019129822442288003e+00,1.170938346284344789e-17,2.845815129499458251e-01
1.820000000000000062e+00,2.020200860589298486e+00,6.147426317992810449e-18,2.847079726903456454e-01
1.822000000000000064e+00,2.021269354679478880e+00,8.673617379884035472e-18,2.848341867763580226e-01
1.824000000000000066e+00,2.022335310639331141e+00,1.047339298620997222e-17,2.849601557889986925e-01
1.826000000000000068e+00,2.023398734390241316e+00,7.199102425303750058e-18,2.850858803080765225e-01
1.828000000000000069e+00,2.024459631848923635e+00,1.504872615409880278e-17,2.852113609121898485e-01
1.830000000000000071e+00,2.025518008926635360e+00,2.341876692568689732e-18,2.853365981787250871e-01
1.832000000000000073e+00,2.026573871529336657e+00,6.245004513516505694e-18,2.854615926838611206e-01
1.834000000000000075e+00,2.027627225558099155e+00,1.474514954580286030e-17,2.855863450025629136e-01
1.836000000000000076e+00,2.028678076908473571e+00,1.280984866791623550e-17,2.857108557085790146e-01
1.838000000000000078e+00,2.029726431470407988e+00,3.035766082959412415e-18,2.858351253744507714e-01
1.840000000000000080e+00,2.030772295128269178e+00,1.140038584368507974e-17,2.859591545714947336e-01
1.842000000000000082e+00,2.031815673761034446e+00,1.126553819848219451e-17,2.860829438698187510e-01
1.844000000000000083e+00,2.032856573242170839e+00,1.301042606982605321e-18,2.862064938383117596e-01
1.846000000000000085e+00,2.033894999438544460e+00,5.724587470723463103e-18,2.863298050446448917e-01
1.848000000000000087e+00,2.034930958211941032e+00,6.245004513516505694e-18,2.864528780552691445e-01
1.850000000000000089e+00,2.035964455417929031e+00,2.324529457808921568e-17,2.865757134354228186e-01
1.852000000000000091e+00,2.036995496906143899e+00,4.847738963725811546e-18,2.866983117491168631e-01
1.854000000000000092e+00,2.038024088519918564e+00,1.205632815803880961e-17,2.868206735591481982e-01
1.856000000000000094e+00,2.039050236096635160e+00,2.515349040166370210e-18,2.869427994270891125e-01
1.858000000000000096e+00,2.040073945467050009e+00,2.688821387764051073e-18,2.870646899132945906e-01
1.860000000000000098e+00,2.041095222456231539e+00,4.423544863740857783e-18,2.871863455768938755e-01
1.862000000000000099e+00,2.042114072882242226e+00,1.149254302834634700e-17,2.873077669758022923e-01
1.864000000000000101e+00,2.043130502557030326e+00,1.205632815803880961e-17,2.874289546667025408e-01
1.866000000000000103e+00,2.044144517285882756e+00,1.301042606982605321e-18,2.875499092050623484e-01
1.868000000000000105e+00,2.045156122867361148e+00,6.808789643208967537e-18,2.876706311451254217e-01
1.870000000000000107e+00,2.046165325093522114e+00,4.228388472693467293e-18,2.877911210399093367e-01
1.872000000000000108e+00,2.047172129749675662e+00,1.569924745759010544e-17,2.879113794412137550e-01
1.874000000000000110e+00,2.048176542614125850e+00,6.928051882182373179e-18,2.880314068996142618e-01
1.876000000000000112e+00,2.049178569458220522e+00,3.274290560906223314e-18,2.881512039644589240e-01
1.878000000000000114e+00,2.050178216046774082e+00,2.949029909160571983e-18,2.882707711838770059e-01
1.880000000000000115e+00,2.051175488137140235e+00,4.597017211338538646e-18,2.883901091047721410e-01
1.882000000000000117e+00,2.052170391479958056e+00,4.380176776841437759e-18,2.885092182728262178e-01
1.884000000000000119e+00,2.053162931818199866e+00,6.071532165918824830e-18,2.886280992324975481e-01
1.886000000000000121e+00,2.054153114887984799e+00,1.695556672495768123e-17,2.887467525270222546e-01
1.888000000000000123e+00,2.055140946418170245e+00,1.821459649775647526e-18,2.888651786984123837e-01
1.890000000000000124e+00,2.056126432130152892e+00,1.058316845617412985e-17,2.889833782874547952e-01
1.892000000000000126e+00,2.057109577737929129e+00,1.275021754842953153e-17,2.891013518337219312e-01
1.894000000000000128e+00,2.058090388947839244e+00,3.686287386450715076e-18,2.892190998755532205e-01
1.896000000000000130e+00,2.059068871459128758e+00,2.216109240560371125e-17,2.893366229500768938e-01
1.898000000000000131e+00,2.060045030963230772e+00,1.084202172485504434e-18,2.894539215931891674e-01
1.900000000000000133e+00,2.061018873143549257e+00,1.905485318143273966e-18,2.895709963395736164e-01
1.902000000000000135e+00,2.061990403676507100e+00,3.816391647148975916e-18,2.896878477226900173e-01
1.904000000000000137e+00,2.062959628230096598e+00,1.040834085586084257e-17,2.898044762747760683e-01
1.906000000000000139e+00,2.063926552464959485e+00,7.589415207398531038e-18,2.899208825268487222e-01
1.908000000000000140e+00,2.064891182033477435e+00,6.789816105190471711e-19,2.900370670087104030e-01
1.910000000000000142e+00,2.065853522580479051e+00,7.372574772901430151e-18,2.901530302489380153e-01
1.912000000000000144e+00,2.066813579742682094e+00,7.849623728795052719e-18,2.902687727748967106e-01
1.914000000000000146e+00,2.067771359148341759e+00,7.795413620170777497e-18,2.903842951127282301e-01
1.916000000000000147e+00,2.068726866418284516e+00,7.762887554996211131e-18,2.904995977873592872e-01
1.918000000000000149e+00,2.069680107164867167e+00,6.429318882839040986e-18,2.906146813224999015e-01
1.919999999999999929e+00,2.070631086992079872e+00,1.776465259617498953e-17,2.907295462406460640e-01
1.921999999999999931e+00,2.071579811496032875e+00,1.225148454908620010e-17,2.908441930630744632e-01
1.923999999999999932e+00,2.072526286263983053e+00,5.171644362755856458e-18,2.909586223098480362e-01
1.925999999999999934e+00,2.073470516875882907e+00,5.724587470723463103e-18,2.910728344998191330e-01
1.927999999999999936e+00,2.074412508901861685e+00,4.293440603042597713e-18,2.911868301506242984e-01
1.929999999999999938e+00,2.075352267904712278e+00,4.943961906533900373e-18,2.913006097786868254e-01
1.931999999999999940e+00,2.076289799438360006e+00,2.081668171172168436e-18,2.914141738992242492e-01
1.933999999999999941e+00,2.077225109048157492e+00,5.117434254131581237e-18,2.915275230262364681e-01
1.935999999999999943e+00,2.078158202270735444e+00,2.466559942404522587e-18,2.916406576725188438e-01
1.937999999999999945e+00,2.079089084634507145e+00,4.250072516143177689e-18,2.917535783496543744e-01
1.939999999999999947e+00,2.080017761658808695e+00,1.058181320345852266e-17,2.918662855680220214e-01
1.941999999999999948e+00,2.080944238854534944e+00,2.072994553792284355e-17,2.919787798367897147e-01
1.943999999999999950e+00,2.081868521723414744e+00,2.949029909160571983e-18,2.920910616639223467e-01
1.945999999999999952e+00,2.082790615758938202e+00,7.329206686002009358e-18,2.922031315561808840e-01
1.947999999999999954e+00,2.083710526445290867e+00,1.344952794968268220e-17,2.923149900191189809e-01
1.949999999999999956e+00,2.084628259257847560e+00,8.673617379884035954e-20,2.924266375570891974e-01
1.951999999999999957e+00,2.085543819663385534e+00,2.168404344971008868e-19,2.925380746732469395e-01
1.953999999999999959e+00,2.086457213119189191e+00,5.213381911231811414e-19,2.926493018695374704e-01
1.955999999999999961e+00,2.087368445073767731e+00,4.466912950640278576e-18,2.927603196467171154e-01
1.957999999999999963e+00,2.088277520966716594e+00,5.637851296924623057e-18,2.928711285043347212e-01
1.959999999999999964e+00,2.089184446228511405e+00,5.030698080332740420e-18,2.929817289407485870e-01
1.961999999999999966e+00,2.090089226280003487e+00,0.000000000000000000e+00,2.930921214531194696e-01
1.963999999999999968e+00,2.090991866533620680e+00,5.963111948670274387e-18,2.932023065374114168e-01
1.965999999999999970e+00,2.091892372392202049e+00,6.331740687315345741e-18,2.933122846883977619e-01
1.967999999999999972e+00,2.092790749249310522e+00,1.040834085586084257e-17,2.934220563996565723e-01
1.969999999999999973e+00,2.093687002489247106e+00,1.101549407245272443e-17,2.935316221635793643e-01
1.971999999999999975e+00,2.094581137487203648e+00,6.451002926288751382e-18,2.936409824713641648e-01
1.973999999999999977e+00,2.095473159608850722e+00,4.510281037539698600e-18,2.937501378130232821e-01
1.975999999999999979e+00,2.096363074210309208e+00,1.270684946153011227e-17,2.938590886773787547e-01
1.977999999999999980e+00,2.097250886638626355e+00,6.505213034913026604e-18,2.939678355520718989e-01
1.979999999999999982e+00,2.098136602231399195e+00,4.597017211338538646e-18,2.940763789235562031e-01
1.981999999999999984e+00,2.099020226316341109e+00,6.071532165918824445e-19,2.941847192771033237e-01
1.983999999999999986e+00,2.099901764212155797e+00,8.153200337090993652e-18,2.942928570968059709e-01
1.985999999999999988e+00,2.100781221227943973e+00,1.019150042136374168e-17,2.944007928655725803e-01
1.987999999999999989e+00,2.101658602662553221e+00,1.466383438286644747e-17,2.945085270651363052e-01
1.989999999999999991e+00,2.102533913806247767e+00,1.335737076502141494e-17,2.946160601760505759e-01
1.991999999999999993e+00,2.103407159938793569e+00,6.070854539561021236e-18,2.947233926776972046e-01
1.993999999999999995e+00,2.104278346331007299e+00,7.708677446371935909e-18,2.948305250482805007e-01
1.995999999999999996e+00,2.105147478243495129e+00,2.515349040166370210e-18,2.949374577648345985e-01
1.997999999999999998e+00,2.106014560927331303e+00,8.500145032286355379e-18,2.950441913032207930e-01
2.000000000000000000e+00,2.106879599623972865e+00,5.334274688628682123e-18,2.951507261381332015e-01
2.002000000000000224e+00,2.107742599564861763e+00,4.510281037539698600e-18,2.952570627430952666e-01
2.004000000000000004e+00,2.108603565971961302e+00,4.683753385137379463e-18,2.953632015904665287e-01
2.006000000000000227e+00,2.109462504056910603e+00,1.257674520083185143e-17,2.954691431514423483e-01
2.008000000000000007e+00,2.110319419022211207e+00,6.570265165262157024e-18,2.955748878960520742e-01
2.010000000000000231e+00,2.111174316059880596e+00,6.808789643208967537e-18,2.956804362931668151e-01
2.012000000000000011e+00,2.112027200352297740e+00,1.301042606982605321e-18,2.957857888104963306e-01
2.014000000000000234e+00,2.112878077071872696e+00,1.457371007727858868e-17,2.958909459145914744e-01
2.016000000000000014e+00,2.113726951381245556e+00,5.637851296924623057e-18,2.959959080708499668e-01
2.018000000000000238e+00,2.114573828432664726e+00,3.642919299551295052e-18,2.961006757435109549e-01
2.020000000000000018e+00,2.115418713368974579e+00,4.597017211338538646e-18,2.962052493956637278e-01
2.022000000000000242e+00,2.116261611322681091e+00,9.942133921692075968e-18,2.963096294892436089e-01
2.024000000000000021e+00,2.117102527415983815e+00,1.387778780781445753e-18,2.964138164850388946e-01
2.026000000000000245e+00,2.117941466761703140e+00,2.862293735361731552e-18,2.965178108426875236e-01
2.028000000000000025e+00,2.118778434462019078e+00,3.903127820947815962e-18,2.966216130206829060e-01
2.030000000000000249e+00,2.119613435609352337e+00,1.240327285323417134e-17,2.967252234763750884e-01
2.032000000000000028e+00,2.120446475285916677e+00,7.291259609965017319e-18,2.968286426659701993e-01
2.034000000000000252e+00,2.121277558563566146e+00,3.469446951953614189e-18,2.969318710445322806e-01
2.036000000000000032e+00,2.122106690504264037e+00,1.565587937069068464e-17,2.970349090659901714e-01
2.038000000000000256e+00,2.122933876160086442e+00,1.092875789865388439e-17,2.971377571831320674e-01
2.040000000000000036e+00,2.123759120572344727e+00,5.037135530731873410e-18,2.972404158476139036e-01
2.042000000000000259e+00,2.124582428772423981e+00,4.336808689942017736e-18,2.973428855099541357e-01
2.044000000000000039e+00,2.125403805781363786e+00,4.336808689942017977e-20,2.974451666195446764e-01
2.046000000000000263e+00,2.126223256610380474e+00,1.540651287101901739e-17,2.975472596246441781e-01
2.048000000000000043e+00,2.127040786260167238e+00,6.781684588896829927e-18,2.976491649723854160e-01
2.049999999999999822e+00,2.127856399720837288e+00,4.336808689942017736e-19,2.977508831087725127e-01
2.052000000000000046e+00,2.128670101972740980e+00,8.413408858487513792e-18,2.978524144786883765e-01
2.053999999999999826e+00,2.129481897985765926e+00,6.895525817007808354e-18,2.979537595258927585e-01
2.056000000000000050e+00,2.130291792719223309e+00,1.066854937725736425e-17,2.980549186930248617e-01
2.057999999999999829e+00,2.131099791122657905e+00,1.901690610539574839e-17,2.981558924216067830e-01
2.060000000000000053e+00,2.131905898134824895e+00,1.275021754842953153e-17,2.982566811520420691e-01
2.061999999999999833e+00,2.132710118684030931e+00,8.131516293641283255e-18,2.983572853236194367e-01
2.064000000000000057e+00,2.133512457688922836e+00,1.353084311261909503e-17,2.984577053745183228e-01
2.065999999999999837e+00,2.134312920057105600e+00,1.563148482180976141e-17,2.985579417418074977e-01
2.068000000000000060e+00,2.135111510685973712e+00,3.382710778154773757e-18,2.986579948614425661e-01
2.069999999999999840e+00,2.135908234462611688e+00,3.035766082959412415e-18,2.987578651682781805e-01
2.072000000000000064e+00,2.136703096263595114e+00,6.678685382510707468e-18,2.988575530960596027e-01
2.073999999999999844e+00,2.137496100955484479e+00,1.821459649775647526e-18,2.989570590774328629e-01
2.076000000000000068e+00,2.138287253393805543e+00,1.214306433183764966e-17,2.990563835439424833e-01
2.077999999999999847e+00,2.139076558423784746e+00,1.660997728247792670e-17,2.991555269260320338e-01
2.080000000000000071e+00,2.139864020880683171e+00,1.387778780781445676e-17,2.992544896530516807e-01
2.081999999999999851e+00,2.140649645588705852e+00,1.522219850169648287e-17,2.993532721532564667e-01
2.084000000000000075e+00,2.141433437362156411e+00,1.040834085586084218e-18,2.994518748538083641e-01
2.085999999999999854e+00,2.142215401004300190e+00,7.988537132144757974e-18,2.995502981807784959e-01
2.088000000000000078e+00,2.142995541308462037e+00,3.404394821604483769e-18,2.996485425591490226e-01
2.089999999999999858e+00,2.143773863057059970e+00,3.438953765852459377e-19,2.997466084128155850e-01
2.092000000000000082e+00,2.144550371022205582e+00,2.775557561562891505e-18,2.998444961645936324e-01
2.093999999999999861e+00,2.145325069965707598e+00,8.153708556859346540e-18,2.999422062362122055e-01
2.096000000000000085e+00,2.146097964638268962e+00,9.150666335777658039e-18,3.000397390483176552e-01
2.097999999999999865e+00,2.146869059780875943e+00,5.074066167232160443e-18,3.001370950204862997e-01
2.100000000000000089e+00,2.147638360123465873e+00,1.608956023968488642e-17,3.002342745712123784e-01
2.101999999999999869e+00,2.148405870385410310e+00,1.097212598555330518e-17,3.003312781179151014e-01
2.104000000000000092e+00,2.149171595275959135e+00,1.561251128379126423e-18,3.004281060769484202e-01
2.105999999999999872e+00,2.149935539493533554e+00,2.298508605669269323e-18,3.005247588635890366e-01
2.108000000000000096e+00,2.150697707726116903e+00,5.529431079676072613e-18,3.006212368920518907e-01
2.109999999999999876e+00,2.151458104650938452e+00,1.032160468206200252e-17,3.007175405754825004e-01
2.112000000000000099e+00,2.152216734935066711e+00,3.670024353863432663e-18,3.008136703259663980e-01
2.113999999999999879e+00,2.152973603234823230e+00,5.421010862427522170e-18,3.009096265545243010e-01
2.116000000000000103e+00,2.153728714195871419e+00,3.903127820947816059e-19,3.010054096711204941e-01
2.117999999999999883e+00,2.154482072453724584e+00,4.943961906533900373e-18,3.011010200846611085e-01
2.120000000000000107e+00,2.155233682632623271e+00,1.288032180912779237e-17,3.011964582029973969e-01
2.121999999999999886e+00,2.155983549346846218e+00,1.131907068074866691e-17,3.012917244329282318e-01
2.124000000000000110e+00,2.156731677200085073e+00,4.885008413405000761e-18,3.013868191802032137e-01
2.125999999999999890e+00,2.157478070785067814e+00,1.110223024625156602e-17,3.014817428495200069e-01
2.128000000000000114e+00,2.158222734684557054e+00,1.418136441611039923e-17,3.015764958445336097e-01
2.129999999999999893e+00,2.158965673470174096e+00,1.058181320345852266e-17,3.016710785678535789e-01
2.132000000000000117e+00,2.159706891703336851e+00,8.895878825243563573e-18,3.017654914210478601e-01
2.133999999999999897e+00,2.160446393934737586e+00,2.554380318375848385e-17,3.018597348046425100e-01
2.136000000000000121e+00,2.161184184704367794e+00,6.548581121812446627e-18,3.019538091181285244e-01
2.137999999999999901e+00,2.161920268542207424e+00,3.903127820947815962e-18,3.020477147599641143e-01
2.140000000000000124e+00,2.162654649967041820e+00,4.618701254788249043e-18,3.021414521275669895e-01
2.141999999999999904e+00,2.163387333487367670e+00,1.977584762613560149e-17,3.022350216173299575e-01
2.144000000000000128e+00,2.164118323601307736e+00,7.177418381854039661e-18,3.023284236246134848e-01
2.145999999999999908e+00,2.164847624795946501e+00,2.862293735361731552e-18,3.024216585437553562e-01
2.148000000000000131e+00,2.165575241548225449e+00,5.128276275856435665e-18,3.025147267680634022e-01
2.149999999999999911e+00,2.166301178324282262e+00,3.707971429900425472e-18,3.026076286898287115e-01
2.152000000000000135e+00,2.167025439580211099e+00,3.577867169202164440e-19,3.027003647003181919e-01
2.153999999999999915e+00,2.167748029760449668e+00,1.513546232789764128e-17,3.027929351897837851e-01
2.156000000000000139e+00,2.168468953300195068e+00,6.996492144320520801e-18,3.028853405474606908e-01
2.157999999999999918e+00,2.169188214623083866e+00,3.903127820947816059e-19,3.029775811615677550e-01
2.160000000000000142e+00,2.169905818143025300e+00,8.239936510889833698e-18,3.030696574193189052e-01
2.161999999999999922e+00,2.170621768262535056e+00,1.143291190885964456e-17,3.031615697069120485e-01
2.164000000000000146e+00,2.171336069374447675e+00,4.586175189613683448e-18,3.032533184095457246e-01
2.165999999999999925e+00,2.172048725860143747e+00,1.960237527853792140e-17,3.033449039114076706e-01
2.168000000000000149e+00,2.172759742091624702e+00,9.194034422677077292e-18,3.034363265956842026e-01
2.169999999999999929e+00,2.173469122429072087e+00,1.084202172485504434e-18,3.035275868445660996e-01
2.172000000000000153e+00,2.174176871223277629e+00,6.071532165918824830e-18,3.036186850392414982e-01
2.173999999999999932e+00,2.174882992813770954e+00,6.878585158062722348e-18,3.037096215599031646e-01
2.176000000000000156e+00,2.175587491529999085e+00,3.252606517456513302e-19,3.038003967857543230e-01
2.177999999999999936e+00,2.176290371690431158e+00,6.678685382510707468e-18,3.038910110950007182e-01
2.180000000000000160e+00,2.176991637603819640e+00,3.122502256758252847e-18,3.039814648648658801e-01
2.181999999999999940e+00,2.177691293567715292e+00,9.757819552369539906e-18,3.040717584715815214e-01
2.184000000000000163e+00,2.178389343869174155e+00,7.762887554996211131e-18,3.041618922903976396e-01
2.185999999999999943e+00,2.179085792785585340e+00,6.938893903907228378e-18,3.042518666955779660e-01
2.188000000000000167e+00,2.179780644582770321e+00,6.028164079019404807e-18,3.043416820604122330e-01
2.189999999999999947e+00,2.180473903516894296e+00,4.716279450311944288e-18,3.044313387572080143e-01
2.192000000000000171e+00,2.181165573833450111e+00,6.765421556309547514e-18,3.045208371572993844e-01
2.193999999999999950e+00,2.181855659766938516e+00,3.729655473350135099e-18,3.046101776310430331e-01
2.196000000000000174e+00,2.182544165542296355e+00,5.984795992119984784e-18,3.046993605478313660e-01
2.197999999999999954e+00,2.183231095373482589e+00,2.688821387764051073e-18,3.047883862760819573e-01
2.200000000000000178e+00,2.183916453463975671e+00,6.938893903907228378e-18,3.048772551832478750e-01
2.201999999999999957e+00,2.184600244007498304e+00,4.336808689942017736e-18,3.049659676358179583e-01
2.204000000000000181e+00,2.185282471186152264e+00,6.938893903907228763e-19,3.050545239993199820e-01
2.205999999999999961e+00,2.185963139172940828e+00,4.119968255444916849e-18,3.051429246383189353e-01
2.208000000000000185e+00,2.186642252129445296e+00,1.084202172485504434e-19,3.052311699164231840e-01
2.209999999999999964e+00,2.187319814207562274e+00,1.734723475976807191e-19,3.053192601962881891e-01
2.212000000000000188e+00,2.187995829548214033e+00,8.933825901280557153e-18,3.054071958396135100e-01
2.213999999999999968e+00,2.188670302282456959e+00,7.235694248625134908e-18,3.054949772071468561e-01
2.216000000000000192e+00,2.189343236530749692e+00,1.624948006012649770e-17,3.055826046586896938e-01
2.217999999999999972e+00,2.190014636403329717e+00,9.280770596475917339e-18,3.056700785530963027e-01
2.220000000000000195e+00,2.190684505999797693e+00,1.051676107310939224e-18,3.057573992482756631e-01
2.221999999999999975e+00,2.191352849409696546e+00,5.898059818321143967e-18,3.058445671011961742e-01
2.224000000000000199e+00,2.192019670712120671e+00,4.033232081646076803e-18,3.059315824678858209e-01
2.225999999999999979e+00,2.192684973975907781e+00,1.422473250300981694e-17,3.060184457034338945e-01
2.228000000000000203e+00,2.193348763259532319e+00,5.681219383824043080e-18,3.061051571619978207e-01
2.229999999999999982e+00,2.194011042611233364e+00,9.540979117872439790e-19,3.061917171967980522e-01
2.232000000000000206e+00,2.194671816069007519e+00,1.483188571960170189e-17,3.062781261601260074e-01
2.233999999999999986e+00,2.195331087660186142e+00,1.214306433183764889e-18,3.063643844033444030e-01
2.236000000000000210e+00,2.195988861402739190e+00,1.462046629596702668e-17,3.064504922768899187e-01
2.237999999999999989e+00,2.196645141303388726e+00,1.526609598418793760e-17,3.065364501302749178e-01
2.240000000000000213e+00,2.197299931359214753e+00,7.296680620827444533e-18,3.066222583120892242e-01
2.241999999999999993e+00,2.197953235556799001e+00,4.423544863740857783e-18,3.067079171700052287e-01
2.244000000000000217e+00,2.198605057872544677e+00,1.231653667943532975e-17,3.067934270507746142e-01
2.245999999999999996e+00,2.199255402272839888e+00,9.584347204771859813e-18,3.068787883002347949e-01
2.248000000000000220e+00,2.199904272713833819e+00,9.057153898400782049e-18,3.069640012633139126e-01
2.250000000000000000e+00,2.200551673141163178e+00,7.762887554996211131e-18,3.070490662840250629e-01
2.252000000000000224e+00,2.201197607490684049e+00,1.177443559319257754e-17,3.071339837054743449e-01
2.254000000000000004e+00,2.201842079688013598e+00,1.327063459122257489e-17,3.072187538698608056e-01
2.256000000000000227e+00,2.202485093648572700e+00,7.540626109636683030e-18,3.073033771184819907e-01
2.258000000000000007e+00,2.203126653277532654e+00,1.205632815803880961e-17,3.073878537917301146e-01
2.260000000000000231e+00,2.203766762470070972e+00,1.604619215278546562e-17,3.074721842291014973e-01
2.262000000000000011e+00,2.204405425111279015e+00,9.584347204771859813e-18,3.075563687691915127e-01
2.264000000000000234e+00,2.205042645076133567e+00,1.311884628707460327e-18,3.076404077497030265e-01
2.266000000000000014e+00,2.205678426229439992e+00,4.434386885465712981e-18,3.077243015074456189e-01
2.268000000000000238e+00,2.206312772426141322e+00,8.023096076392733197e-19,3.078080503783368616e-01
2.270000000000000018e+00,2.206945687511165488e+00,1.212138028838793926e-17,3.078916546974063140e-01
2.272000000000000242e+00,2.207577175318778728e+00,2.090341788552052672e-17,3.079751147987992432e-01
2.274000000000000021e+00,2.208207239674109701e+00,1.235990476633475093e-18,3.080584310157736261e-01
2.276000000000000245e+00,2.208835884391721294e+00,1.388083712642457100e-17,3.081416036807070880e-01
2.278000000000000025e+00,2.209463113276139978e+00,1.843143693225357490e-19,3.082246331250997895e-01
2.280000000000000249e+00,2.210088930122431350e+00,1.382357769919018153e-18,3.083075196795698747e-01
2.282000000000000028e+00,2.210713338715095233e+00,2.515349040166370210e-18,3.083902636738651282e-01
2.284000000000000252e+00,2.211336342828769119e+00,9.627715291671279066e-18,3.084728654368558143e-01
2.286000000000000032e+00,2.211957946228785943e+00,5.507747036226362217e-18,3.085553252965471116e-01
2.288000000000000256e+00,2.212578152669554044e+00,1.647987302177966663e-18,3.086376435800676221e-01
2.290000000000000036e+00,2.213196965896390367e+00,1.073360150760649390e-17,3.087198206136857470e-01
2.292000000000000259e+00,2.213814389644220171e+00,9.237402509576498086e-18,3.088018567228043021e-01
2.294000000000000039e+00,2.214430427638628629e+00,6.505213034913026604e-18,3.088837522319629048e-01
2.296000000000000263e+00,2.215045083594567643e+00,1.821459649775647526e-18,3.089655074648425259e-01
2.298000000000000043e+00,2.215658361217659689e+00,9.150666335777658039e-18,3.090471227442671553e-01
2.300000000000000266e+00,2.216270264203899387e+00,7.952622935181174407e-18,3.091285983922026359e-01
2.302000000000000046e+00,2.216880796238747564e+00,3.339342691255353734e-18,3.092099347297626588e-01
2.304000000000000270e+00,2.217489960998317855e+00,6.678685382510707468e-18,3.092911320772108175e-01
2.306000000000000050e+00,2.218097762148921959e+00,1.012102728015218328e-17,3.093721907539622729e-01
2.307999999999999829e+00,2.218704203347222403e+00,2.602085213965210545e-19,3.094531110785818107e-01
2.310000000000000053e+00,2.219309288239635691e+00,6.453713431719964989e-18,3.095338933687946104e-01
2.311999999999999833e+00,2.219913020463334163e+00,5.334274688628682123e-18,3.096145379414790844e-01
2.314000000000000057e+00,2.220515403645599406e+00,3.469446951953614381e-19,3.096950451126783133e-01
2.315999999999999837e+00,2.221116441403882646e+00,2.290377089375628117e-17,3.097754151975896098e-01
2.318000000000000060e+00,2.221716137346003705e+00,1.119980844177526050e-17,3.098556485105820602e-01
2.319999999999999840e+00,2.222314495070190077e+00,5.637851296924623057e-18,3.099357453651863659e-01
2.322000000000000064e+00,2.222911518164906397e+00,5.898065112277064614e-18,3.100157060741066672e-01
2.323999999999999844e+00,2.223507210209060503e+00,1.994931997373328004e-18,3.100955309492088863e-01
2.326000000000000068e+00,2.224101574771761847e+00,5.209591438792848497e-18,3.101752203015410436e-01
2.327999999999999847e+00,2.224694615412797560e+00,4.275822317739708112e-18,3.102547744413201025e-01
2.330000000000000071e+00,2.225286335682092442e+00,9.324138683375338132e-18,3.103341936779439036e-01
2.331999999999999851e+00,2.225876739120121073e+00,1.266504838558311224e-17,3.104134783199843373e-01
2.334000000000000075e+00,2.226465829257630702e+00,1.778091562876227118e-18,3.104926286751999998e-01
2.335999999999999854e+00,2.227053609616024943e+00,9.649399335120989463e-18,3.105716450505276449e-01
2.338000000000000078e+00,2.227640083707040475e+00,9.324138683375337747e-19,3.106505277520960617e-01
2.339999999999999858e+00,2.228225255033052576e+00,1.509306832888756417e-17,3.107292770852161934e-01
2.342000000000000082e+00,2.228809127086858410e+00,7.285838599102590105e-18,3.108078933543914069e-01
2.343999999999999861e+00,2.229391703351648601e+00,1.039478832870477376e-17,3.108863768633157720e-01
2.346000000000000085e+00,2.229972987301227505e+00,2.265847015223143702e-17,3.109647279148775589e-01
2.347999999999999865e+00,2.230552982400130446e+00,3.079134169858832439e-18,3.110429468111632345e-01
2.350000000000000089e+00,2.231131692103296871e+00,4.597017211338538646e-18,3.111210338534534658e-01
2.351999999999999869e+00,2.231709119856152057e+00,9.324138683375337747e-19,3.111989893422325570e-01
2.354000000000000092e+00,2.232285269095108049e+00,1.170531770469662786e-17,3.112768135771884492e-01
2.355999999999999872e+00,2.232860143246639950e+00,1.678344963007560987e-17,3.113545068572092234e-01
2.358000000000000096e+00,2.233433745728412134e+00,6.678685382510707468e-18,3.114320694803939249e-01
2.359999999999999876e+00,2.234006079948457568e+00,3.382710778154773757e-18,3.115095017440495107e-01
2.362000000000000099e+00,2.234577149305522425e+00,3.724234462487707885e-18,3.115868039446905158e-01
2.363999999999999879e+00,2.235146957189058980e+00,1.632808471763169616e-17,3.116639763780482686e-01
2.366000000000000103e+00,2.235715506979332190e+00,1.298874202637634281e-17,3.117410193390686701e-01
2.367999999999999883e+00,2.236282802047014684e+00,2.783011451498729117e-18,3.118179331219122496e-01
2.370000000000000107e+00,2.236848845754057180e+00,4.288019592180169728e-18,3.118947180199631020e-01
2.371999999999999886e+00,2.237413641452796753e+00,4.292762976684794118e-18,3.119713743258222816e-01
2.374000000000000110e+00,2.237977192486294342e+00,1.301042606982605321e-18,3.120479023313164069e-01
2.375999999999999890e+00,2.238539502188697128e+00,5.827586677109586333e-18,3.121243023274985484e-01
2.378000000000000114e+00,2.239100573884851286e+00,2.922602481206237967e-18,3.122005746046465080e-01
2.379999999999999893e+00,2.239660410890397912e+00,2.229119666630197055e-17,3.122767194522701462e-01
2.382000000000000117e+00,2.240219016511911576e+00,6.061537177141223932e-18,3.123527371591112156e-01
2.383999999999999897e+00,2.240776394046694264e+00,1.691355389077386879e-18,3.124286280131423621e-01
2.386000000000000121e+00,2.241332546783155522e+00,7.155734338404328879e-19,3.125043923015743408e-01
2.387999999999999901e+00,2.241887478000322176e+00,1.532452008172480173e-17,3.125800303108545175e-01
2.390000000000000124e+00,2.242441190968627041e+00,1.053844511655910341e-17,3.126555423266727529e-01
2.391999999999999904e+00,2.242993688949031394e+00,4.109126233720061651e-18,3.127309286339585159e-01
2.394000000000000128e+00,2.243544975193568547e+00,1.517883041479706208e-18,3.128061895168833817e-01
2.395999999999999908e+00,2.244095052945286994e+00,1.166601537594402709e-17,3.128813252588698579e-01
2.398000000000000131e+00,2.244643925438246868e+00,1.192622389734054877e-17,3.129563361425845014e-01
2.399999999999999911e+00,2.245191595897733094e+00,2.732189474663471097e-18,3.130312224499456897e-01
2.402000000000000135e+00,2.245738067539480909e+00,2.602085213965210642e-18,3.131059844621239541e-01
2.403999999999999915e+00,2.246283343571043645e+00,1.337905480847112533e-17,3.131806224595419796e-01
2.406000000000000139e+00,2.246827427190506654e+00,1.981379470217259353e-17,3.132551367218813776e-01
2.407999999999999918e+00,2.247370321587329300e+00,5.637851296924623057e-18,3.133295275280800207e-01
2.410000000000000142e+00,2.247912029941783629e+00,9.020562075079397199e-18,3.134037951563367619e-01
2.411999999999999922e+00,2.248452555425885180e+00,7.199102425303750058e-18,3.134779398841117115e-01
2.414000000000000146e+00,2.248991901202096244e+00,5.637851296924623249e-19,3.135519619881313447e-01
2.415999999999999925e+00,2.249530070424299311e+00,9.063930161978816452e-18,3.136258617443847263e-01
2.418000000000000149e+00,2.250067066238074176e+00,1.504872615409880278e-17,3.136996394281310052e-01
2.419999999999999929e+00,2.250602891779330150e+00,1.244664094013359059e-17,3.137732953139011349e-01
2.422000000000000153e+00,2.251137550175787538e+00,1.734723475976807191e-19,3.138468296754961528e-01
2.423999999999999932e+00,2.251671044546498024e+00,2.255140518769849300e-18,3.139202427859911770e-01
2.426000000000000156e+00,2.252203378001404133e+00,2.549952453644076715e-17,3.139935349177374047e-01
2.427999999999999936e+00,2.252734553641797532e+00,2.022037051685465615e-18,3.140667063423634442e-01
2.430000000000000160e+00,2.253264574560613909e+00,7.719519468096791878e-18,3.141397573307818103e-01
2.431999999999999940e+00,2.253793443841811239e+00,9.020562075079397199e-18,3.142126881531842053e-01
2.434000000000000163e+00,2.254321164560767699e+00,4.597017211338538646e-18,3.142854990790433511e-01
2.435999999999999943e+00,2.254847739784338501e+00,5.074066167232160443e-18,3.143581903771242581e-01
2.438000000000000167e+00,2.255373172570283913e+00,1.062518129035794345e-17,3.144307623154729558e-01
2.439999999999999947e+00,2.255897465968683235e+00,6.114900252818244854e-18,3.145032151614289284e-01
2.442000000000000171e+00,2.256420623020250815e+00,2.081668171172168436e-18,3.145755491816281668e-01
2.443999999999999950e+00,2.256942646757238435e+00,1.124588703410589413e-17,3.146477646419894580e-01
2.446000000000000174e+00,2.257463540203790586e+00,7.068998164605489218e-18,3.147198618077359789e-01
2.447999999999999954e+00,2.257983306375031418e+00,3.773023560249555122e-18,3.147918409433854703e-01
2.450000000000000178e+00,2.258501948277935156e+00,1.530893467549532138e-17,3.148637023127549561e-01
2.451999999999999957e+00,2.259019468911002804e+00,3.339342691255353734e-18,3.149354461789635740e-01
2.454000000000000181e+00,2.259535871264091611e+00,7.285838599102590105e-18,3.150070728044352397e-01
2.455999999999999961e+00,2.260051158318425735e+00,1.207801220148852001e-17,3.150785824508949839e-01
2.458000000000000185e+00,2.260565333047313885e+00,4.228388472693467293e-18,3.151499753793788328e-01
2.459999999999999964e+00,2.261078398415335755e+00,4.943961906533900373e-18,3.152212518502304217e-01
2.462000000000000188e+00,2.261590357378953087e+00,2.266118065766264832e-17,3.152924121231046040e-01
2.463999999999999968e+00,2.262101212885703205e+00,1.715411124779409085e-18,3.153634564569703369e-01
2.466000000000000192e+00,2.262610967875328782e+00,1.058181320345852266e-17,3.154343851101077956e-01
2.467999999999999972e+00,2.263119625279138347e+00,5.984795992119984784e-18,3.155051983401178650e-01
2.470000000000000195e+00,2.263627188020173264e+00,6.287017347700318529e-18,3.155758964039202530e-01
2.471999999999999975e+00,2.264133659012863120e+00,3.581255300991181930e-19,3.156464795577501592e-01
2.474000000000000199e+00,2.264639041163729161e+00,8.345646222707169764e-18,3.157169480571695441e-01
2.475999999999999979e+00,2.265143337370812304e+00,1.101549407245272443e-17,3.157873021570641314e-01
2.478000000000000203e+00,2.265646550523964464e+00,8.673617379884035472e-18,3.158575421116441295e-01
2.479999999999999982e+00,2.266148683505132766e+00,1.409462824231155812e-19,3.159276681744500603e-01
2.482000000000000206e+00,2.266649739187844403e+00,7.155734338404329264e-18,3.159976805983488179e-01
2.483999999999999986e+00,2.267149720437252824e+00,9.801187639268960700e-18,3.160675796355426614e-01
2.486000000000000210e+00,2.267648630110581820e+00,1.431146867680865776e-18,3.161373655375651626e-01
2.487999999999999989e+00,2.268146471057065128e+00,8.673617379884035472e-18,3.162070385552850360e-01
2.490000000000000213e+00,2.268643246117530765e+00,4.336808689942017736e-18,3.162765989389114130e-01
2.491999999999999993e+00,2.269138958125179073e+00,2.846030702774449139e-19,3.163460469379898998e-01
2.494000000000000217e+00,2.269633609904300187e+00,1.109909622434672449e-17,3.164153828014045211e-01
2.495999999999999996e+00,2.270127204272171184e+00,1.539296034386294859e-17,3.164846067773899319e-01
2.498000000000000220e+00,2.270619744037105647e+00,1.069836493700071469e-17,3.165537191135158746e-01
2.500000000000000000e+00,2.271111232000183833e+00,7.806255641895632117e-19,3.166227200567064415e-01
2.502000000000000224e+00,2.271601670953927510e+00,1.136243876764808616e-17,3.166916098532291390e-01
2.504000000000000004e+00,2.272091063683163270e+00,4.987329993433320396e-18,3.167603887487035474e-01
2.506000000000000227e+00,2.272579412964560674e+00,1.214306433183764889e-18,3.168290569880993779e-01
2.508000000000000007e+00,2.273066721567310822e+00,2.586906383550413518e-17,3.168976148157439665e-01
2.510000000000000231e+00,2.273552992252199090e+00,8.413408858487513792e-18,3.169660624753162237e-01
2.512000000000000011e+00,2.274038227772077647e+00,1.951563910473907981e-18,3.170344002098537395e-01
2.514000000000000234e+00,2.274522430872547574e+00,5.290906601729261330e-18,3.171026282617526171e-01
2.516000000000000014e+00,2.275005604290733174e+00,4.336808689942017977e-20,3.171707468727715251e-01
2.518000000000000238e+00,2.275487750756408190e+00,1.647987302177966663e-18,3.172387562840310316e-01
2.520000000000000018e+00,2.275968872990752345e+00,6.082374187643680029e-18,3.173066567360152135e-01
2.522000000000000242e+00,2.276448973708021128e+00,3.946495907847235986e-18,3.173744484685748768e-01
2.524000000000000021e+00,2.276928055614284574e+00,5.421010862427522170e-19,3.174421317209297766e-01
2.526000000000000245e+00,2.277406121407970829e+00,9.931291899967219999e-18,3.175097067316686728e-01
2.528000000000000025e+00,2.277883173779795101e+00,2.012279232133096168e-17,3.175771737387527160e-01
2.530000000000000249e+00,2.278359215412297800e+00,9.887923813067800746e-18,3.176445329795140049e-01
2.532000000000000028e+00,2.278834248981066679e+00,3.176712365382528069e-18,3.177117846906622467e-01
2.534000000000000252e+00,2.279308277153528906e+00,8.527250086598492990e-18,3.177789291082852574e-01
2.536000000000000032e+00,2.279781302589327652e+00,2.927345865710862164e-19,3.178459664678453533e-01
2.538000000000000256e+00,2.280253327941185404e+00,1.298603152094512997e-17,3.179128970041864566e-01
2.540000000000000036e+00,2.280724355853390506e+00,9.915028867379938357e-18,3.179797209515386469e-01
2.542000000000000259e+00,2.281194388962909159e+00,5.312590645178971727e-18,3.180464385435093910e-01
2.544000000000000039e+00,2.281663429899573714e+00,5.110996803732448053e-19,3.181130500130970873e-01
2.546000000000000263e+00,2.282131481284846330e+00,5.491484003639079804e-18,3.181795555926839048e-01
2.548000000000000043e+00,2.282598545733360851e+00,7.134050294954618868e-18,3.182459555140433327e-01
2.550000000000000266e+00,2.283064625851633167e+00,2.515349040166370210e-18,3.183122500083380157e-01
2.552000000000000046e+00,2.283529724239389935e+00,2.558717127065790618e-18,3.183784393061261930e-01
2.554000000000000270e+00,2.283993843488037356e+00,1.420304845956010770e-18,3.184445236373547039e-01
2.556000000000000050e+00,2.284456986182114235e+00,3.599551212651875029e-18,3.185105032313712559e-01
2.558000000000000274e+00,2.284919154898705784e+00,1.214306433183764889e-18,3.185763783169183183e-01
2.560000000000000053e+00,2.285380352207184274e+00,1.135701775678565895e-17,3.186421491221399505e-01
2.561999999999999833e+00,2.285840580669550093e+00,1.214306433183764966e-17,3.187078158745780820e-01
2.564000000000000057e+00,2.286299842840456620e+00,1.638229482625597138e-17,3.187733788011808400e-01
2.565999999999999837e+00,2.286758141267572597e+00,1.407599351747196265e-18,3.188388381282998840e-01
2.568000000000000060e+00,2.287215478490583820e+00,1.942890293094023822e-17,3.189041940816879639e-01
2.569999999999999840e+00,2.287671857042344215e+00,6.418476861114186557e-18,3.189694468865131305e-01
2.572000000000000064e+00,2.288127279448122664e+00,2.908372327692365567e-18,3.190345967673509087e-01
2.573999999999999844e+00,2.288581748226157231e+00,5.421010862427522170e-18,3.190996439481812996e-01
2.576000000000000068e+00,2.289035265886745663e+00,4.896528061487659554e-18,3.191645886524051567e-01
2.577999999999999847e+00,2.289487834933861876e+00,4.011548038196366598e-19,3.192294311028360809e-01
2.580000000000000071e+00,2.289939457863813033e+00,2.763224761850868861e-17,3.192941715217000320e-01
2.581999999999999851e+00,2.290390137165427831e+00,6.418476861114186557e-18,3.193588101306433225e-01
2.584000000000000075e+00,2.290839875320813235e+00,2.012279232133096168e-17,3.194233471507320621e-01
2.585999999999999854e+00,2.291288674804654590e+00,4.336808689942017736e-19,3.194877828024514366e-01
2.588000000000000078e+00,2.291736538084457209e+00,1.084202172485504434e-18,3.195521173057115361e-01
2.589999999999999858e+00,2.292183467620731108e+00,1.413799632921097844e-17,3.196163508798467445e-01
2.592000000000000082e+00,2.292629465866788507e+00,5.941427905220563990e-18,3.196804837436128532e-01
2.593999999999999861e+00,2.293074535269017389e+00,1.351458008003181339e-17,3.197445161151993287e-01
2.596000000000000085e+00,2.293518678266043054e+00,6.862999751833242759e-18,3.198084482122218741e-01
2.597999999999999865e+00,2.293961897290479612e+00,4.900593819634480350e-18,3.198722802517280916e-01
2.600000000000000089e+00,2.294404194766958227e+00,2.076077753720290131e-18,3.199360124501936520e-01
2.601999999999999869e+00,2.294845573113779125e+00,5.399326818977811773e-18,3.199996450235343959e-01
2.604000000000000092e+00,2.295286034741792491e+00,6.830473686658677742e-19,3.200631781870994508e-01
2.605999999999999872e+00,2.295725582055112568e+00,8.131516293641283255e-18,3.201266121556736177e-01
2.608000000000000096e+00,2.296164217450733958e+00,1.422475111457359938e-17,3.201899471434818678e-01
2.609999999999999876e+00,2.296601943318815842e+00,9.974659986866640793e-18,3.202531833641900638e-01
2.612000000000000099e+00,2.297038762042529214e+00,4.086086937554744836e-18,3.203163210309054043e-01
2.613999999999999879e+00,2.297474675998135041e+00,8.153200337090993652e-18,3.203793603561772008e-01
2.616000000000000103e+00,2.297909687554884783e+00,1.696234298853571564e-17,3.204423015520040385e-01
2.617999999999999883e+00,2.298343799075574623e+00,1.563419532724097271e-17,3.205051448298270600e-01
2.620000000000000107e+00,2.298777012915657281e+00,1.734723475976807094e-18,3.205678904005386243e-01
2.621999999999999886e+00,2.299209331424016511e+00,6.938893903907228763e-19,3.206305384744780884e-01
2.624000000000000110e+00,2.299640756942640252e+00,4.415413347447216962e-18,3.206930892614389683e-01
2.625999999999999890e+00,2.300071291806677465e+00,1.165923911236599269e-17,3.207555429706680505e-01
2.628000000000000114e+00,2.300500938344733015e+00,2.318159770045569322e-18,3.208178998108636160e-01
2.629999999999999893e+00,2.300929698878270813e+00,3.124365729242212231e-17,3.208801599901823232e-01
2.632000000000000117e+00,2.301357575722338566e+00,1.166601537594402709e-17,3.209423237162391529e-01
2.633999999999999897e+00,2.301784571185219619e+00,4.250072516143177689e-18,3.210043911961070195e-01
2.636000000000000121e+00,2.302210687568287284e+00,5.217299438612863324e-19,3.210663626363186585e-01
2.637999999999999901e+00,2.302635927166420515e+00,1.654492515212879705e-17,3.211282382428723992e-01
2.640000000000000124e+00,2.303060292267712583e+00,6.483528991463316207e-18,3.211900182212265031e-01
2.641999999999999904e+00,2.303483785153890295e+00,1.559895875663519427e-18,3.212517027763052146e-01
2.644000000000000128e+00,2.303906408099582137e+00,9.801187639268960700e-18,3.213132921125071984e-01
2.645999999999999908e+00,2.304328163372957761e+00,5.204170427930421283e-18,3.213747864336873317e-01
2.648000000000000131e+00,2.304749053236129441e+00,2.168404344971008868e-19,3.214361859431787427e-01
2.649999999999999911e+00,2.305169079943755861e+00,2.862293735361731552e-18,3.214974908437830403e-01
2.652000000000000135e+00,2.305588245744647935e+00,2.385244779468109755e-18,3.215587013377764203e-01
2.653999999999999915e+00,2.306006552880614180e+00,2.016616040823038401e-18,3.216198176269065567e-01
2.656000000000000139e+00,2.306424003587132177e+00,2.083836575517139399e-17,3.216808399124010398e-01
2.657999999999999918e+00,2.306840600093611471e+00,1.756407519426517106e-18,3.217417683949617135e-01
2.660000000000000142e+00,2.307256344621968935e+00,8.001412032943022415e-18,3.218026032747737242e-01
2.661999999999999922e+00,2.307671239388582762e+00,7.123208273229764440e-18,3.218633447514943624e-01
2.664000000000000146e+00,2.308085286602828745e+00,1.747733902046633024e-17,3.219239930242714376e-01
2.665999999999999925e+00,2.308498488468028853e+00,9.107298248878237631e-19,3.219845482917326751e-01
2.668000000000000149e+00,2.308910847180950299e+00,1.088538981175446513e-17,3.220450107519901572e-01
2.669999999999999929e+00,2.309322364931727378e+00,1.186184939334922272e-18,3.221053806026420996e-01
2.672000000000000153e+00,2.309733043904678595e+00,1.127570259384924650e-18,3.221656580407775139e-01
2.673999999999999932e+00,2.310142886277056107e+00,9.909607856517511143e-18,3.222258432629704905e-01
2.676000000000000156e+00,2.310551894220250091e+00,2.808083626737456330e-18,3.222859364652889691e-01
2.677999999999999936e+00,2.310960069899341107e+00,1.251169307048272178e-17,3.223459378432921296e-01
2.680000000000000160e+00,2.311367415473057463e+00,3.165870343657672870e-18,3.224058475920307254e-01
2.681999999999999940e+00,2.311773933093483890e+00,7.897057573841293537e-18,3.224656659060552988e-01
2.684000000000000163e+00,2.312179624906882225e+00,3.642919299551295052e-18,3.225253929794085761e-01
2.685999999999999943e+00,2.312584493052973755e+00,6.505213034913026604e-18,3.225850290056329062e-01
2.688000000000000167e+00,2.312988539665870036e+00,1.066854937725736425e-17,3.226445741777704823e-01
2.689999999999999947e+00,2.313391766872371136e+00,2.081668171172168436e-18,3.227040286883638420e-01
2.692000000000000171e+00,2.313794176793987134e+00,3.773023560249555122e-18,3.227633927294576988e-01
2.693999999999999950e+00,2.314195771545684011e+00,2.063846597961937911e-17,3.228226664926012179e-01
2.696000000000000174e+00,2.314596553236413001e+00,1.175275154974286868e-17,3.228818501688455744e-01
2.697999999999999954e+00,2.314996523968716247e+00,1.195874996251511360e-17,3.229409439487562206e-01
2.700000000000000178e+00,2.315395685839472861e+00,2.688821387764051073e-18,3.229999480223953445e-01
2.701999999999999957e+00,2.315794040939014309e+00,2.471980953266950187e-18,3.230588625793439639e-01
2.704000000000000181e+00,2.316191591351742574e+00,3.252606517456513302e-19,3.231176878086892690e-01
2.705999999999999961e+00,2.316588339155913445e+00,1.572093150103981381e-19,3.231764238990312288e-01
2.708000000000000185e+00,2.316984286423981132e+00,9.627715291671279066e-18,3.232350710384852555e-01
2.709999999999999964e+00,2.317379435222040485e+00,1.170938346284344866e-18,3.232936294146801504e-01
2.712000000000000188e+00,2.317773787610491354e+00,6.774908325318795524e-18,3.233520992147577156e-01
2.713999999999999968e+00,2.318167345643228572e+00,2.428612866367529778e-18,3.234104806253852993e-01
2.716000000000000192e+00,2.318560111368796584e+00,4.423544863740857783e-18,3.234687738327420292e-01
2.717999999999999972e+00,2.318952086829302317e+00,3.035766082959412415e-18,3.235269790225321906e-01
2.720000000000000195e+00,2.319343274061161253e+00,7.611099250848241435e-18,3.235850963799801749e-01
2.721999999999999975e+00,2.319733675094550307e+00,1.153049010438333904e-17,3.236431260898316453e-01
2.724000000000000199e+00,2.320123291954022449e+00,1.387778780781445676e-17,3.237010683363603092e-01
2.725999999999999979e+00,2.320512126658169194e+00,1.175275154974286868e-17,3.237589233033634772e-01
2.728000000000000203e+00,2.320900181219617053e+00,9.540979117872439790e-19,3.238166911741678367e-01
2.729999999999999982e+00,2.321287457645272667e+00,1.348747502571967578e-17,3.238743721316262314e-01
2.732000000000000206e+00,2.321673957935789900e+00,1.693523793422357803e-17,3.239319663581233799e-01
2.733999999999999986e+00,2.322059684086738685e+00,3.451828666650724588e-18,3.239894740355747094e-01
2.736000000000000210e+00,2.322444638086878399e+00,1.474514954580285992e-18,3.240468953454276324e-01
2.737999999999999989e+00,2.322828821920243314e+00,2.172741153660950947e-17,3.241042304686639342e-01
2.740000000000000213e+00,2.323212237564209914e+00,3.241764495731658104e-18,3.241614795858033249e-01
2.741999999999999993e+00,2.323594886990910879e+00,1.166601537594402709e-17,3.242186428768978890e-01
2.744000000000000217e+00,2.323976772166439275e+00,1.468009741545373065e-17,3.242757205215390237e-01
2.745999999999999996e+00,2.324357895051385015e+00,5.074066167232160443e-18,3.243327126988617692e-01
2.748000000000000220e+00,2.324738257600561298e+00,1.864827736675067549e-18,3.243896195875352606e-01
2.750000000000000000e+00,2.325117861762805660e+00,2.298508605669269323e-18,3.244464413657751067e-01
2.752000000000000224e+00,2.325496709481626567e+00,5.914322850908426379e-18,3.245031782113394492e-01
2.754000000000000004e+00,2.325874802694997356e+00,1.170396245198102067e-17,3.245598303015276298e-01
2.756000000000000227e+00,2.326252143334560429e+00,4.943961906533900373e-18,3.246163978131911820e-01
2.758000000000000007e+00,2.326628733326991494e+00,1.127680373668067609e-17,3.246728809227232837e-01
2.760000000000000231e+00,2.327004574593185993e+00,2.385244779468109755e-18,3.247292798060681385e-01
2.762000000000000011e+00,2.327379669048159627e+00,9.909607856517511143e-18,3.247855946387182002e-01
2.764000000000000234e+00,2.327754018601947195e+00,1.101549407245272443e-17,3.248418255957208345e-01
2.766000000000000014e+00,2.328127625158039393e+00,2.428612866367529778e-18,3.248979728516692700e-01
2.768000000000000238e+00,2.328500490615645901e+00,3.035766082959412223e-19,3.249540365807180309e-01
2.770000000000000018e+00,2.328872616867187162e+00,2.564138137928217832e-18,3.250100169565688923e-01
2.772000000000000242e+00,2.329244005800440220e+00,3.760826285809093505e-18,3.250659141524872009e-01
2.774000000000000021e+00,2.329614659297480017e+00,9.866239769618090349e-18,3.251217283412902725e-01
2.776000000000000245e+00,2.329984579234402275e+00,2.992397996059992392e-18,3.251774596953566077e-01
2.778000000000000025e+00,2.330353767482847616e+00,5.204170427930421091e-19,3.252331083866239481e-01
2.780000000000000249e+00,2.330722225907859269e+00,4.748805515486509113e-18,3.252886745865922191e-01
2.782000000000000028e+00,2.331089956369837068e+00,2.992397996059992392e-18,3.253441584663222530e-01
2.784000000000000252e+00,2.331456960723667038e+00,3.642919299551295052e-18,3.253995601964402851e-01
2.786000000000000032e+00,2.331823240818334142e+00,2.341876692568689732e-18,3.254548799471378429e-01
2.788000000000000256e+00,2.332188798497980997e+00,1.040834085586084257e-17,3.255101178881709134e-01
2.790000000000000036e+00,2.332553635601005482e+00,2.187377882989505273e-18,3.255652741888634960e-01
2.792000000000000259e+00,2.332917753960842333e+00,1.024350824432515541e-17,3.256203490181093230e-01
2.794000000000000039e+00,2.333281155405192209e+00,9.698188432882837470e-18,3.256753425443705274e-01
2.796000000000000263e+00,2.333643841756710913e+00,1.539567084929416219e-18,3.257302549356843047e-01
2.798000000000000043e+00,2.334005814832689651e+00,1.222980050563648971e-17,3.257850863596556956e-01
2.800000000000000266e+00,2.334367076444966216e+00,7.936359902593892765e-18,3.258398369834672459e-01
2.802000000000000046e+00,2.334727628400219857e+00,8.715630214067849077e-18,3.258945069738687361e-01
2.804000000000000270e+00,2.335087472499775885e+00,6.093216209368535227e-18,3.259490964971984428e-01
2.806000000000000050e+00,2.335446610540174106e+00,9.985502008591495221e-18,3.260036057193626546e-01
2.808000000000000274e+00,2.335805044311793921e+00,1.040834085586084218e-18,3.260580348058474964e-01
2.810000000000000053e+00,2.336162775600801211e+00,1.734723475976807094e-18,3.261123839217217601e-01
2.812000000000000277e+00,2.336519806187524750e+00,1.040834085586084218e-18,3.261666532316342959e-01
2.814000000000000057e+00,2.336876137847401225e+00,4.423544863740857783e-18,3.262208428998119025e-01
2.815999999999999837e+00,2.337231772350644832e+00,4.141652298894627246e-18,3.262749530900718731e-01
2.818000000000000060e+00,2.337586711462193989e+00,5.160802341031001260e-18,3.263289839658130576e-01
2.819999999999999840e+00,2.337940956941931603e+00,8.814563662307150740e-18,3.263829356900161960e-01
2.822000000000000064e+00,2.338294510544692173e+00,1.063060230122037067e-17,3.264368084252517455e-01
2.823999999999999844e+00,2.338647374020098368e+00,1.170938346284344789e-17,3.264906023336823226e-01
2.826000000000000068e+00,2.338999549112649845e+00,8.055622141567297637e-18,3.265443175770546547e-01
2.827999999999999847e+00,2.339351037562074964e+00,1.131907068074866691e-17,3.265979543167051302e-01
2.830000000000000071e+00,2.339701841102648672e+00,4.714924197596337099e-18,3.266515127135679042e-01
2.831999999999999851e+00,2.340051961463657904e+00,1.587271980518778553e-17,3.267049929281625187e-01
2.834000000000000075e+00,2.340401400369852780e+00,1.821459649775647449e-17,3.267583951206085580e-01
2.835999999999999854e+00,2.340750159540053943e+00,9.545044876019259045e-18,3.268117194506156564e-01
2.838000000000000078e+00,2.341098240689003518e+00,6.028164079019404807e-18,3.268649660774932131e-01
2.839999999999999858e+00,2.341445645525983110e+00,7.779150587583494314e-18,3.269181351601493923e-01
2.842000000000000082e+00,2.341792375755424871e+00,3.057450126409122427e-18,3.269712268570856284e-01
2.843999999999999861e+00,2.342138433076559778e+00,1.006139616066548084e-17,3.270242413264071724e-01
2.846000000000000085e+00,2.342483819184018046e+00,7.632783294297951832e-18,3.270771787258189844e-01
2.847999999999999865e+00,2.342828535767605302e+00,1.053844511655910341e-17,3.271300392126283985e-01
2.850000000000000089e+00,2.343172584511826528e+00,8.153200337090993652e-18,3.271828229437440672e-01
2.851999999999999869e+00,2.343515967096344355e+00,1.660997728247792670e-17,3.272355300756840668e-01
2.854000000000000092e+00,2.343858685196106961e+00,7.177418381854039661e-18,3.272881607645644064e-01
2.855999999999999872e+00,2.344200740481202416e+00,1.734723475976807094e-18,3.273407151661132941e-01
2.858000000000000096e+00,2.344542134616787621e+00,1.170938346284344866e-18,3.273931934356653639e-01
2.859999999999999876e+00,2.344882869263148706e+00,9.150666335777658039e-18,3.274455957281612317e-01
2.862000000000000099e+00,2.345222946076106041e+00,1.127570259384924650e-18,3.274979221981578759e-01
2.863999999999999879e+00,2.345562366705895130e+00,2.450161384545679456e-17,3.275501729998149814e-01
2.866000000000000103e+00,2.345901132798797306e+00,1.162264728904460784e-17,3.276023482869108716e-01
2.867999999999999883e+00,2.346239245996049050e+00,6.727474480272554705e-18,3.276544482128330160e-01
2.870000000000000107e+00,2.346576707933586192e+00,7.849623728795052719e-18,3.277064729305864677e-01
2.871999999999999886e+00,2.346913520243440132e+00,6.852157730108388331e-18,3.277584225927903105e-01
2.874000000000000110e+00,2.347249684552249249e+00,4.336808689942017736e-19,3.278102973516788810e-01
2.875999999999999890e+00,2.347585202482509459e+00,7.470152968425126167e-18,3.278620973591073740e-01
2.878000000000000114e+00,2.347920075651398264e+00,8.803721640582296312e-18,3.279138227665456817e-01
2.879999999999999893e+00,2.348254305671783726e+00,1.691355389077386879e-18,3.279654737250871643e-01
2.882000000000000117e+00,2.348587894152000644e+00,1.078239060536834190e-17,3.280170503854435982e-01
2.883999999999999897e+00,2.348920842694958822e+00,4.943961906533900373e-18,3.280685528979497279e-01
2.886000000000000121e+00,2.349253152899905217e+00,6.331740687315345741e-18,3.281199814125642100e-01
2.887999999999999901e+00,2.349584826360899825e+00,2.419939248987645773e-17,3.281713360788669487e-01
2.890000000000000124e+00,2.349915864667540433e+00,4.228388472693467293e-18,3.282226170460679215e-01
2.891999999999999904e+00,2.350246269404731692e+00,1.482104369787684438e-17,3.282738244629987423e-01
2.894000000000000128e+00,2.350576042152567879e+00,1.305379415672547400e-17,3.283249584781205432e-01
2.895999999999999908e+00,2.350905184487142918e+00,1.691355389077386879e-18,3.283760192395219213e-01
2.898000000000000131e+00,2.351233697979452586e+00,5.941427905220563990e-18,3.284270068949219357e-01
2.899999999999999911e+00,2.351561584196314669e+00,1.213222231011279523e-17,3.284779215916689976e-01
2.902000000000000135e+00,2.351888844699779213e+00,2.204725117749273205e-17,3.285287634767475318e-01
2.903999999999999915e+00,2.352215481047178258e+00,1.008308020411519201e-18,3.285795326967661523e-01
2.906000000000000139e+00,2.352541494791942966e+00,9.329559694237765346e-18,3.286302293979744826e-01
2.907999999999999918e+00,2.352866887482498726e+00,6.288372600415925717e-18,3.286808537262540519e-01
2.910000000000000142e+00,2.353191660662886875e+00,1.097212598555330518e-17,3.287314058271230688e-01
2.911999999999999922e+00,2.353515815872786021e+00,6.722053469410127491e-18,3.287818858457351445e-01
2.914000000000000146e+00,2.353839354647515592e+00,3.165870343657672870e-18,3.288322939268817913e-01
2.915999999999999925e+00,2.354162278517662799e+00,2.081668171172168436e-18,3.288826302149958081e-01
2.918000000000000149e+00,2.354484589009519624e+00,2.428612866367529778e-18,3.289328948541466180e-01
2.919999999999999929e+00,2.354806287645086371e+00,1.140580685454750695e-17,3.289830879880471515e-01
2.922000000000000153e+00,2.355127375941663104e+00,1.023486850826316247e-17,3.290332097600506267e-01
2.923999999999999932e+00,2.355447855412631242e+00,4.456070928915423378e-18,3.290832603131567669e-01
2.926000000000000156e+00,2.355767727566561831e+00,7.676151381197371085e-18,3.291332397900026407e-01
2.927999999999999936e+00,2.356086993907808846e+00,1.500535806719938198e-17,3.291831483328737651e-01
2.930000000000000160e+00,2.356405655936651300e+00,1.797065100894723522e-18,3.292329860837081568e-01
2.931999999999999940e+00,2.356723715148312692e+00,8.738669510233165122e-18,3.292827531840781252e-01
2.934000000000000163e+00,2.357041173034623682e+00,1.246832498358330099e-18,3.293324497752125879e-01
2.935999999999999943e+00,2.357358031082320338e+00,6.353424730765056137e-18,3.293820759979882995e-01
2.938000000000000167e+00,2.357674290774323111e+00,1.162671304719142787e-17,3.294316319929310732e-01
2.939999999999999947e+00,2.357989953589292753e+00,5.204170427930421283e-18,3.294811179002178347e-01
2.942000000000000171e+00,2.358305021001029900e+00,9.584347204771859813e-18,3.295305338596780653e-01
2.943999999999999950e+00,2.358619494479960110e+00,9.194034422677077292e-18,3.295798800107917481e-01
2.946000000000000174e+00,2.358933375491591988e+00,1.101549407245272443e-17,3.296291564926963624e-01
2.947999999999999954e+00,2.359246665497277462e+00,1.360131625383065343e-17,3.296783634441833866e-01
2.950000000000000178e+00,2.359559365954670085e+00,5.919743861770854364e-18,3.297275010036982978e-01
2.951999999999999957e+00,2.359871478316502902e+00,1.176359357146772311e-17,3.297765693093454020e-01
2.954000000000000181e+00,2.360183004031760845e+00,1.491591138796932602e-17,3.298255684988868897e-01
2.955999999999999961e+00,2.360493944545339673e+00,2.211772431870428891e-18,3.298744987097437242e-01
2.958000000000000185e+00,2.360804301297680041e+00,9.790345617544104731e-18,3.299233600789963083e-01
2.959999999999999964e+00,2.361114075725140538e+00,8.912141857830846756e-18,3.299721527433842061e-01
2.962000000000000188e+00,2.361423269260050972e+00,6.732895491134982689e-18,3.300208768393116388e-01
2.963999999999999968e+00,2.361731883330502768e+00,4.683753385137379463e-18,3.300695325028447091e-01
2.966000000000000192e+00,2.362039919360409357e+00,1.029992063861229212e-18,3.301181198697127339e-01
2.967999999999999972e+00,2.362347378769946715e+00,1.157927920214518705e-17,3.301666390753082991e-01
2.970000000000000195e+00,2.362654262974807295e+00,2.516433242338855730e-17,3.302150902546929778e-01
2.971999999999999975e+00,2.362960573386729379e+00,8.370040771588094539e-18,3.302634735425923895e-01
2.974000000000000199e+00,2.363266311413628529e+00,2.393918396847993914e-17,3.303117890733991979e-01
2.975999999999999979e+00,2.363571478458855069e+00,7.155734338404329264e-18,3.303600369811774962e-01
2.978000000000000203e+00,2.363876075922004105e+00,9.633136302533706280e-18,3.304082173996573668e-01
2.979999999999999982e+00,2.364180105198979476e+00,6.516055056637881802e-18,3.304563304622412656e-01
2.982000000000000206e+00,2.364483567681165965e+00,5.810010743454059601e-18,3.305043763020013570e-01
2.983999999999999986e+00,2.364786464756235773e+00,1.084202172485504434e-19,3.305523550516833442e-01
2.986000000000000210e+00,2.365088797807540999e+00,1.340073885192083419e-17,3.306002668437071912e-01
2.987999999999999989e+00,2.365390568214948530e+00,1.079865363795562355e-17,3.306481118101615158e-01
2.990000000000000213e+00,2.365691777354072656e+00,2.363560736018399743e-18,3.306958900828175230e-01
2.991999999999999993e+00,2.365992426596392306e+00,2.119615247209161168e-17,3.307436017931149053e-01
2.994000000000000217e+00,2.366292517309847909e+00,4.336808689942017736e-19,3.307912470721772746e-01
2.995999999999999996e+00,2.366592050858368879e+00,2.219903948164070483e-18,3.308388260507986733e-01
2.998000000000000220e+00,2.366891028601600055e+00,1.460420326337974349e-17,3.308863388594585619e-01
3.000000000000000000e+00,2.367189451895775676e+00,9.952975943416930396e-18,3.309337856283102175e-01
