# delta,gap,coarse,fine
0.000000000000000000e+00,1.123770783216485825e+00,4.515250297496923931e-18,2.390516081704945339e-01
2.000000000000000042e-03,1.124447290330689242e+00,1.490777987167568597e-18,2.387800138151785490e-01
4.000000000000000083e-03,1.125124495349300702e+00,6.392275308612453482e-18,2.385074894583877336e-01
6.000000000000000125e-03,1.125802395996590377e+00,1.476096082748494160e-17,2.382340330518399885e-01
8.000000000000000167e-03,1.126480989966463397e+00,9.025983085941824413e-18,2.379596425551102901e-01
1.000000000000000021e-02,1.127160274923575400e+00,6.414862853872568222e-19,2.376843159357664992e-01
1.200000000000000025e-02,1.127840248502831599e+00,4.349796528466583418e-18,2.374080511695279838e-01
1.400000000000000029e-02,1.128520908308491499e+00,2.274848152009299149e-18,2.371308462404109751e-01
1.600000000000000033e-02,1.129202251914872335e+00,2.660812831641508927e-18,2.368526991408741178e-01
1.800000000000000211e-02,1.129884276865706028e+00,1.900516058186048711e-17,2.365736078719791191e-01
2.000000000000000042e-02,1.130566980674224453e+00,3.912162839051862090e-18,2.362935704435353834e-01
2.199999999999999872e-02,1.131250360822534162e+00,3.564314642046095827e-18,2.360125848742565258e-01
2.400000000000000050e-02,1.131934414762447716e+00,4.524285315600969288e-18,2.357306491919134162e-01
2.600000000000000228e-02,1.132619139913785489e+00,9.012430558785755608e-18,2.354477614334858082e-01
2.800000000000000058e-02,1.133304533665885572e+00,3.588031564569216236e-18,2.351639196453246539e-01
2.999999999999999889e-02,1.133990593375933997e+00,1.933493874265816112e-18,2.348791218833005678e-01
3.200000000000000067e-02,1.134677316369870681e+00,1.544988095791843818e-18,2.345933662129671138e-01
3.400000000000000244e-02,1.135364699941643352e+00,5.421010862427522170e-18,2.343066507097154583e-01
3.600000000000000422e-02,1.136052741353516637e+00,5.908901840045999165e-18,2.340189734589371851e-01
3.799999999999999906e-02,1.136741437835304680e+00,6.216092455583559012e-18,2.337303325561787826e-01
4.000000000000000083e-02,1.137430786584442188e+00,9.324138683375338132e-18,2.334407261073050410e-01
4.200000000000000261e-02,1.138120784766194049e+00,1.123052750332901625e-17,2.331501522286635042e-01
4.399999999999999745e-02,1.138811429512891493e+00,1.018698291231171823e-17,2.328586090472385961e-01
4.599999999999999922e-02,1.139502717924283814e+00,3.523657060577889411e-18,2.325660947008243995e-01
4.800000000000000100e-02,1.140194647066824274e+00,1.496198998029996119e-17,2.322726073381798928e-01
5.000000000000000278e-02,1.140887213974419723e+00,5.235792991294581572e-18,2.319781451192009791e-01
5.200000000000000455e-02,1.141580415646853197e+00,2.936380883814907714e-18,2.316827062150810523e-01
5.399999999999999939e-02,1.142274249050963419e+00,2.678882867849600411e-18,2.313862888084756986e-01
5.600000000000000117e-02,1.142968711119621616e+00,7.634590297918760903e-18,2.310888910936778062e-01
5.800000000000000294e-02,1.143663798752484695e+00,5.832104186161609011e-18,2.307905112767778544e-01
5.999999999999999778e-02,1.144359508814545734e+00,1.835463927836918445e-17,2.304911475758328332e-01
6.199999999999999956e-02,1.145055838137039927e+00,2.638225286381393994e-18,2.301907982210417702e-01
6.400000000000000133e-02,1.145752783516513773e+00,2.439454888092384977e-19,2.298894614549052973e-01
6.600000000000000311e-02,1.146450341715748777e+00,2.168404344971008868e-18,2.295871355324062002e-01
6.800000000000000488e-02,1.147148509462336818e+00,4.174178364069192071e-18,2.292838187211792833e-01
7.000000000000000666e-02,1.147847283449202394e+00,7.029244084947686567e-18,2.289795093016742944e-01
7.200000000000000844e-02,1.148546660334424985e+00,7.318364664277154930e-19,2.286742055673419427e-01
7.399999999999999634e-02,1.149246636740947736e+00,2.349104707051926113e-19,2.283679058247991001e-01
7.599999999999999811e-02,1.149947209256648506e+00,6.324512672832109455e-18,2.280606083940029949e-01
7.799999999999999989e-02,1.150648374433302479e+00,1.414883835093583286e-17,2.277523116084314569e-01
8.000000000000000167e-02,1.151350128788074301e+00,6.098637220230962441e-18,2.274430138152533643e-01
8.200000000000000344e-02,1.152052468801787910e+00,8.420636872970751618e-18,2.271327133755080274e-01
8.400000000000000522e-02,1.152755390919420364e+00,3.957337929572091184e-18,2.268214086642787453e-01
8.600000000000000699e-02,1.153458891550084076e+00,3.632077277826439854e-18,2.265090980708722723e-01
8.799999999999999489e-02,1.154162967066771017e+00,1.449216903888957491e-17,2.261957799989986195e-01
8.999999999999999667e-02,1.154867613805752313e+00,5.014435047745458007e-18,2.258814528669446098e-01
9.199999999999999845e-02,1.155572828067263913e+00,7.029244084947686567e-18,2.255661151077603399e-01
9.400000000000000022e-02,1.156278606114497620e+00,4.878909776184769953e-19,2.252497651694312097e-01
9.600000000000000200e-02,1.156984944174332952e+00,1.391392788023064088e-18,2.249324015150627465e-01
9.800000000000000377e-02,1.157691838436235798e+00,4.391018798566292958e-18,2.246140226230616543e-01
1.000000000000000056e-01,1.158399285052837513e+00,8.628442289363805607e-18,2.242946269873165310e-01
1.020000000000000073e-01,1.159107280139267004e+00,4.517509052022935463e-19,2.239742131173780015e-01
1.040000000000000091e-01,1.159815819773886147e+00,4.372948762358201474e-18,2.236527795386455963e-01
1.059999999999999970e-01,1.160524899996897119e+00,1.340796686640407201e-17,2.233303247925462753e-01
1.079999999999999988e-01,1.161234516811202155e+00,7.146699320300283908e-18,2.230068474367181142e-01
1.100000000000000006e-01,1.161944666181547348e+00,8.872387778173044105e-18,2.226823460451982373e-01
1.120000000000000023e-01,1.162655344035325555e+00,2.149430806952512540e-17,2.223568192086064765e-01
1.140000000000000041e-01,1.163366546261244139e+00,5.393905808115384559e-18,2.220302655343211473e-01
1.160000000000000059e-01,1.164078268710227348e+00,5.005400029641411880e-18,2.217026836466807760e-01
1.180000000000000077e-01,1.164790507194673808e+00,1.366094737331735587e-17,2.213740721871548800e-01
1.199999999999999956e-01,1.165503257488250455e+00,1.373322751814972219e-18,2.210444298145369801e-01
1.219999999999999973e-01,1.166216515326588876e+00,6.008287039190503482e-18,2.207137552051305907e-01
1.239999999999999991e-01,1.166930276406095146e+00,2.584015177757118773e-18,2.203820470529348485e-01
1.260000000000000009e-01,1.167644536384511156e+00,1.048062100069321004e-17,2.200493040698308644e-01
1.280000000000000027e-01,1.168359290880292889e+00,1.770863548392990447e-18,2.197155249857737636e-01
1.300000000000000044e-01,1.169074535473217935e+00,1.953370914094717053e-17,2.193807085489731523e-01
1.320000000000000062e-01,1.169790265703458232e+00,1.608233222520164975e-18,2.190448535260876572e-01
1.340000000000000080e-01,1.170506477071935336e+00,6.017322057294549609e-18,2.187079587024104155e-01
1.360000000000000098e-01,1.171223165040146341e+00,3.957337929572091184e-18,2.183700228820562028e-01
1.380000000000000115e-01,1.171940325029680707e+00,1.478128961821904481e-17,2.180310448881561669e-01
1.400000000000000133e-01,1.172657952422639482e+00,1.438374882164102446e-17,2.176910235630394597e-01
1.420000000000000151e-01,1.173376042561322663e+00,6.360652745248292423e-18,2.173499577684286366e-01
1.440000000000000169e-01,1.174094590747728262e+00,1.391392788023064088e-18,2.170078463856226214e-01
1.459999999999999909e-01,1.174813592244174032e+00,2.403314815676201624e-18,2.166646883156957692e-01
1.479999999999999927e-01,1.175533042272679296e+00,6.631703288369668531e-18,2.163204824796783610e-01
1.499999999999999944e-01,1.176252936014616779e+00,5.673991369340806795e-18,2.159752278187506147e-01
1.519999999999999962e-01,1.176973268611323675e+00,4.409088834774384442e-18,2.156289232944323675e-01
1.539999999999999980e-01,1.177694035163668218e+00,9.125368285086329500e-18,2.152815678887791684e-01
1.559999999999999998e-01,1.178415230731516772e+00,3.487516988161705673e-18,2.149331606045567222e-01
1.580000000000000016e-01,1.179136850334455033e+00,4.282598581317742514e-18,2.145837004654507774e-01
1.600000000000000033e-01,1.179858888951123674e+00,2.294894598427651180e-18,2.142331865162428184e-01
1.620000000000000051e-01,1.180581341518827543e+00,7.499065026358072849e-18,2.138816178230061871e-01
1.640000000000000069e-01,1.181304202934629899e+00,1.156482317317871448e-17,2.135289934732955697e-01
1.660000000000000087e-01,1.182027468053881591e+00,8.944667923005411581e-18,2.131753125763414802e-01
1.680000000000000104e-01,1.182751131691137658e+00,2.005774019098183203e-18,2.128205742632293396e-01
1.700000000000000122e-01,1.183475188619372176e+00,4.842769703768586215e-18,2.124647776871031180e-01
1.720000000000000140e-01,1.184199633570354848e+00,2.349104707051926402e-18,2.121079220233467733e-01
1.740000000000000158e-01,1.184924461234501791e+00,1.239604483875093352e-17,2.117500064697756257e-01
1.759999999999999898e-01,1.185649666260648161e+00,5.692061405548898279e-18,2.113910302468295921e-01
1.779999999999999916e-01,1.186375243256005518e+00,2.206351421008001523e-17,2.110309925977598977e-01
1.799999999999999933e-01,1.187101186786023277e+00,9.306068647167245878e-18,2.106698927888178141e-01
1.819999999999999951e-01,1.187827491374605415e+00,1.250446505599948396e-17,2.103077301094471996e-01
1.839999999999999969e-01,1.188554151503481648e+00,3.614007241618347913e-20,2.099445038724694346e-01
1.859999999999999987e-01,1.189281161613337190e+00,5.800481622797448722e-18,2.095802134142776274e-01
1.880000000000000004e-01,1.190008516101912051e+00,2.602085213965210642e-18,2.092148580950204950e-01
1.900000000000000022e-01,1.190736209325660155e+00,2.132264272554825515e-18,2.088484372987919335e-01
1.920000000000000040e-01,1.191464235598370891e+00,1.104079212314405297e-17,2.084809504338194230e-01
1.940000000000000058e-01,1.192192589192345054e+00,5.854691731421723944e-18,2.081123969326512946e-01
1.960000000000000075e-01,1.192921264337353904e+00,1.555830117516698863e-17,2.077427762523471055e-01
1.980000000000000093e-01,1.193650255221058387e+00,3.071906155375596057e-19,2.073720878746583007e-01
2.000000000000000111e-01,1.194379555988739128e+00,3.559797132994073148e-18,2.070003313062166450e-01
2.020000000000000129e-01,1.195109160743406562e+00,5.908901840045999165e-18,2.066275060787265971e-01
2.040000000000000147e-01,1.195839063545729886e+00,4.553649124439118623e-18,2.062536117491413634e-01
2.060000000000000164e-01,1.196569258414317716e+00,1.207078418700528219e-17,2.058786478998529124e-01
2.080000000000000182e-01,1.197299739324709122e+00,1.987703982890091334e-18,2.055026141388766048e-01
2.099999999999999922e-01,1.198030500210403915e+00,1.071553147139840164e-17,2.051255101000337144e-01
2.119999999999999940e-01,1.198761534962383024e+00,1.024571052998801690e-17,2.047473354431359194e-01
2.139999999999999958e-01,1.199492837429158243e+00,4.282598581317742514e-18,2.043680898541691826e-01
2.159999999999999976e-01,1.200224401416679854e+00,1.160096324559489744e-17,2.039877730454687232e-01
2.179999999999999993e-01,1.200956220688013332e+00,8.492917017803117553e-18,2.036063847559117790e-01
2.200000000000000011e-01,1.201688288964181339e+00,9.035018104045870925e-19,2.032239247510924107e-01
2.220000000000000029e-01,1.202420599923343048e+00,7.065384157363871075e-18,2.028403928234980280e-01
2.240000000000000047e-01,1.203153147201067696e+00,9.757819552369539906e-18,2.024557887926941857e-01
2.260000000000000064e-01,1.203885924390608153e+00,4.228388472693467293e-18,2.020701125055053560e-01
2.280000000000000082e-01,1.204618925042169053e+00,1.214306433183764966e-17,2.016833638361847925e-01
2.300000000000000100e-01,1.205352142663709714e+00,5.999252021086458125e-18,2.012955426865976893e-01
2.320000000000000118e-01,1.206085570720528466e+00,3.758567531283081781e-18,2.009066489863962912e-01
2.340000000000000135e-01,1.206819202635376342e+00,1.295621596120177799e-17,2.005166826931938928e-01
2.360000000000000153e-01,1.207553031788190623e+00,1.445602896647339165e-19,2.001256437927414755e-01
2.380000000000000171e-01,1.208287051516915511e+00,6.451002926288751382e-18,1.997335322990977657e-01
2.399999999999999911e-01,1.209021255116180527e+00,3.758567531283081781e-18,1.993403482548029571e-01
2.419999999999999929e-01,1.209755635839002252e+00,1.176359357146772311e-17,1.989460917310541532e-01
2.439999999999999947e-01,1.210490186895242459e+00,1.004694013169900827e-17,1.985507628278728731e-01
2.459999999999999964e-01,1.211224901452712999e+00,9.830099697201907382e-18,1.981543616742737768e-01
2.479999999999999982e-01,1.211959772636621580e+00,4.770489558936219510e-18,1.977568884284307826e-01
2.500000000000000000e-01,1.212694793530037174e+00,2.818925648462311528e-18,1.973583432778541480e-01
2.520000000000000018e-01,1.213429957173307372e+00,7.950815931560365528e-19,1.969587264395470938e-01
2.540000000000000036e-01,1.214165256564943007e+00,1.575707157345599880e-17,1.965580381601735038e-01
2.560000000000000053e-01,1.214900684661156305e+00,2.457524924300476845e-18,1.961562787162224875e-01
2.580000000000000071e-01,1.215636234375882196e+00,7.842395714311814892e-18,1.957534484141732756e-01
2.600000000000000089e-01,1.216371898580931088e+00,1.445602896647339165e-19,1.953495475906531220e-01
2.620000000000000107e-01,1.217107670106077677e+00,3.216466445040329949e-18,1.949445766126010338e-01
2.640000000000000124e-01,1.217843541739426882e+00,7.444854917733797627e-18,1.945385358774210649e-01
2.660000000000000142e-01,1.218579506226831199e+00,1.933493874265816343e-17,1.941314258131454640e-01
2.680000000000000160e-01,1.219315556272690060e+00,3.234536481248421433e-18,1.937232468785895501e-01
2.700000000000000178e-01,1.220051684539228631e+00,9.667469371329081717e-18,1.933139995635055064e-01
2.720000000000000195e-01,1.220787883647471261e+00,8.818177669548768883e-18,1.929036843887360353e-01
2.740000000000000213e-01,1.221524146176729886e+00,3.975407965780182668e-18,1.924923019063668750e-01
2.760000000000000231e-01,1.222260464664774560e+00,8.962737959213503835e-18,1.920798526998774847e-01
2.780000000000000249e-01,1.222996831608309520e+00,5.963111948670274387e-19,1.916663373842894535e-01
2.800000000000000266e-01,1.223733239462266198e+00,6.324512672832108877e-19,1.912517566063119401e-01
2.820000000000000284e-01,1.224469680641256275e+00,7.426784881525705373e-18,1.908361110444927178e-01
2.840000000000000302e-01,1.225206147517948096e+00,1.716653439768715418e-18,1.904194014093592568e-01
2.860000000000000320e-01,1.225942632424800394e+00,1.427532860439247441e-18,1.900016284435592506e-01
2.880000000000000338e-01,1.226679127653156343e+00,1.340796686640407201e-17,1.895827929220064434e-01
2.899999999999999800e-01,1.227415625454177928e+00,1.698583403560623549e-18,1.891628956520151617e-01
2.919999999999999818e-01,1.228152118037986185e+00,1.807003620809174137e-19,1.887419374734438937e-01
2.939999999999999836e-01,1.228888597574332664e+00,5.655921333132714541e-18,1.883199192588247695e-01
2.959999999999999853e-01,1.229625056193189181e+00,1.647987302177966740e-17,1.878968419135007284e-01
2.979999999999999871e-01,1.230361485984246883e+00,4.481368979606751917e-18,1.874727063757601064e-01
2.999999999999999889e-01,1.231097878996944672e+00,2.764715539838036307e-18,1.870475136169592045e-01
3.019999999999999907e-01,1.231834227241630941e+00,1.304656614224223618e-17,1.866212646416627874e-01
3.039999999999999925e-01,1.232570522688611447e+00,1.158289320938680519e-17,1.861939604877578258e-01
3.059999999999999942e-01,1.233306757268614717e+00,5.655921333132714541e-18,1.857656022265940510e-01
3.079999999999999960e-01,1.234042922873587855e+00,9.685539407537172430e-18,1.853361909630841242e-01
3.099999999999999978e-01,1.234779011356184952e+00,3.324886662288880393e-18,1.849057278358482992e-01
3.119999999999999996e-01,1.235515014529937616e+00,2.125036258071588691e-17,1.844742140173197820e-01
3.140000000000000013e-01,1.236250924170100518e+00,1.008308020411519124e-17,1.840416507138616653e-01
3.160000000000000031e-01,1.236986732013150458e+00,1.629917265969875102e-17,1.836080391658883593e-01
3.180000000000000049e-01,1.237722429757418752e+00,5.312590645178971727e-18,1.831733806479706461e-01
3.200000000000000067e-01,1.238458009062938459e+00,1.156482317317871332e-18,1.827376764689531696e-01
3.220000000000000084e-01,1.239193461551934661e+00,2.674365358797577732e-18,1.823009279720551878e-01
3.240000000000000102e-01,1.239928778809364474e+00,1.148350801024230164e-17,1.818631365349853979e-01
3.260000000000000120e-01,1.240663952382114132e+00,2.782785576046128176e-18,1.814243035700352502e-01
3.280000000000000138e-01,1.241398973780281523e+00,1.996739000994137461e-18,1.809844305241924134e-01
3.300000000000000155e-01,1.242133834476536691e+00,3.324886662288880393e-18,1.805435188792298973e-01
3.320000000000000173e-01,1.242868525907447008e+00,6.505213034913026604e-18,1.801015701518113021e-01
3.340000000000000191e-01,1.243603039472745309e+00,1.034509572913252199e-17,1.796585858935752511e-01
3.360000000000000209e-01,1.244337366535717138e+00,2.421384851884293108e-18,1.792145676912423879e-01
3.380000000000000226e-01,1.245071498423985901e+00,1.696776399939814439e-17,1.787695171666896510e-01
3.400000000000000244e-01,1.245805426429292595e+00,2.421384851884293108e-18,1.783234359770511646e-01
3.420000000000000262e-01,1.246539141807748052e+00,9.450628936831980830e-18,1.778763258147961490e-01
3.440000000000000280e-01,1.247272635780714012e+00,6.044427111606687220e-18,1.774281884078049432e-01
3.460000000000000298e-01,1.248005899534270213e+00,1.037220078344465960e-17,1.769790255194706730e-01
3.480000000000000315e-01,1.248738924219999546e+00,5.475220971051797392e-18,1.765288389487528198e-01
3.500000000000000333e-01,1.249471700955066211e+00,8.357391746242429499e-18,1.760776305302672040e-01
3.519999999999999796e-01,1.250204220822563883e+00,1.093237190589550253e-17,1.756254021343524319e-01
3.539999999999999813e-01,1.250936474872048620e+00,1.263095530945612666e-17,1.751721556671408386e-01
3.559999999999999831e-01,1.251668454119759133e+00,1.955177917715526432e-17,1.747178930706284605e-01
3.579999999999999849e-01,1.252400149547760577e+00,7.697835424647081481e-18,1.742626163227333491e-01
3.599999999999999867e-01,1.253131552106804492e+00,1.360673726469308065e-17,1.738063274373672362e-01
3.619999999999999885e-01,1.253862652714072823e+00,3.288746589872696655e-18,1.733490284644822466e-01
3.639999999999999902e-01,1.254593442255302449e+00,1.488970983546759525e-17,1.728907214901395373e-01
3.659999999999999920e-01,1.255323911583868579e+00,3.162256336416054728e-18,1.724314086365534848e-01
3.679999999999999938e-01,1.256054051521914516e+00,1.322726650432315409e-17,1.719710920621470296e-01
3.699999999999999956e-01,1.256783852860504425e+00,9.477733991144118441e-18,1.715097739616018024e-01
3.719999999999999973e-01,1.257513306359630434e+00,3.279711571768650913e-18,1.710474565658976209e-01
3.739999999999999991e-01,1.258242402749303324e+00,1.019150042136374168e-17,1.705841421423613391e-01
3.760000000000000009e-01,1.258971132729090669e+00,1.089623183347931956e-17,1.701198329946996268e-01
3.780000000000000027e-01,1.259699486969420690e+00,2.204544417387192221e-18,1.696545314630390766e-01
3.800000000000000044e-01,1.260427456110623012e+00,9.414488864415796322e-18,1.691882399239638957e-01
3.820000000000000062e-01,1.261155030764577134e+00,6.252232527999741979e-18,1.687209607905366671e-01
3.840000000000000080e-01,1.261882201514740842e+00,7.535205098774255816e-18,1.682526965123385121e-01
3.860000000000000098e-01,1.262608958916516144e+00,1.270323545428849413e-17,1.677834495754804145e-01
3.880000000000000115e-01,1.263335293496929523e+00,1.411269827851964836e-17,1.673132225026358055e-01
3.900000000000000133e-01,1.264061195756287503e+00,1.472707950959476920e-18,1.668420178530550524e-01
3.920000000000000151e-01,1.264786656167775192e+00,1.154675313697062222e-17,1.663698382225811401e-01
3.940000000000000169e-01,1.265511665178070899e+00,2.396990303003369489e-17,1.658966862436626610e-01
3.960000000000000187e-01,1.266236213207658778e+00,4.517509052022935463e-19,1.654225645853605597e-01
3.980000000000000204e-01,1.266960290651848453e+00,1.230117714865845188e-17,1.649474759533613999e-01
4.000000000000000222e-01,1.267683887879954341e+00,1.031799067482038438e-17,1.644714230899717300e-01
4.020000000000000240e-01,1.268406995237452151e+00,1.348476452028846140e-17,1.639944087741263268e-01
4.040000000000000258e-01,1.269129603044753196e+00,1.563058131999935456e-17,1.635164358213792857e-01
4.060000000000000275e-01,1.269851701598820881e+00,7.770115569479448957e-18,1.630375070839008289e-01
4.080000000000000293e-01,1.270573281172975300e+00,9.446111427779957381e-18,1.625576254504659257e-01
4.100000000000000311e-01,1.271294332017653517e+00,6.853061231918792867e-18,1.620767938464450220e-01
4.120000000000000329e-01,1.272014844360864316e+00,6.062497147814778703e-18,1.615950152337822798e-01
4.140000000000000346e-01,1.272734808408934271e+00,2.493664996716660198e-18,1.611122926109805065e-01
4.160000000000000364e-01,1.273454214346134705e+00,1.684579125499352514e-17,1.606286290130787830e-01
4.179999999999999827e-01,1.274173052335967782e+00,5.945041912462182903e-18,1.601440275116277068e-01
4.199999999999999845e-01,1.274891312521543085e+00,1.000628255023080185e-17,1.596584912146528090e-01
4.219999999999999862e-01,1.275608985025517228e+00,4.607859233063393845e-19,1.591720232666333501e-01
4.239999999999999880e-01,1.276326059951824021e+00,1.023893426640998250e-17,1.586846268484587985e-01
4.259999999999999898e-01,1.277042527384338655e+00,2.247912504286612629e-17,1.581963051773917495e-01
4.279999999999999916e-01,1.277758377389421440e+00,8.669099870832012023e-18,1.577070615070257364e-01
4.299999999999999933e-01,1.278473600014880418e+00,9.692315671115206833e-18,1.572168991272407668e-01
4.319999999999999951e-01,1.279188185291275204e+00,2.746645503629944438e-18,1.567258213641493092e-01
4.339999999999999969e-01,2.551421414839118995e+00,8.108928748381168900e-19,1.562338315800539945e-01
4.359999999999999987e-01,2.550134350847038434e+00,1.157837570033478328e-17,1.557409331733781432e-01
4.380000000000000004e-01,1.281328017081094117e+00,3.717909949814875365e-18,1.552471295786182481e-01
4.400000000000000022e-01,1.282039952936781191e+00,1.715524062505709556e-18,1.547524242662740024e-01
4.420000000000000040e-01,1.282751201353477200e+00,4.690303773262812154e-18,1.542568207427852944e-01
4.440000000000000058e-01,1.283461752268323153e+00,3.354250471127029343e-18,1.537603225504596549e-01
4.460000000000000075e-01,1.284171595605322125e+00,9.589542340181686086e-18,1.532629332674042000e-01
4.480000000000000093e-01,1.284880721275094118e+00,2.041914091514366556e-18,1.527646565074467777e-01
4.500000000000000111e-01,1.285589119175828188e+00,5.556536133988210224e-18,1.522654959200490099e-01
4.520000000000000129e-01,1.286296779194266549e+00,7.087971702623985237e-18,1.517654551902371529e-01
4.540000000000000147e-01,1.287003691205317324e+00,1.942528892369862239e-18,1.512645380385038985e-01
4.560000000000000164e-01,1.287709845073742088e+00,1.462035335824072775e-17,1.507627482207223868e-01
4.580000000000000182e-01,1.288415230653715327e+00,1.874766256589518212e-18,1.502600895280474802e-01
4.600000000000000200e-01,1.289119837790526191e+00,2.434937379040361913e-18,1.497565657868272504e-01
4.620000000000000218e-01,1.289823656320063350e+00,3.058353628219526963e-18,1.492521808584958420e-01
4.640000000000000235e-01,1.290526676070463452e+00,3.295522853450731057e-18,1.487469386394703330e-01
4.660000000000000253e-01,1.291228886861489400e+00,2.081442295719567495e-18,1.482408430610424321e-01
4.680000000000000271e-01,2.530373495860192889e+00,4.612376742115416523e-18,1.477338980892705100e-01
4.700000000000000289e-01,1.292630840813391302e+00,1.269420043618444839e-18,1.472261077248577799e-01
4.720000000000000306e-01,1.293330563582035353e+00,9.486769009248163798e-18,1.467174760030419411e-01
4.740000000000000324e-01,2.526845206966168433e+00,3.275194062716627849e-18,1.462080069934713344e-01
4.760000000000000342e-01,1.294727449685673548e+00,4.244199754375547822e-18,1.456977048000744068e-01
4.780000000000000360e-01,1.295424592599822233e+00,3.693063650028749478e-18,1.451865735609388086e-01
4.799999999999999822e-01,1.296120855136230432e+00,1.199850404217291625e-17,1.446746174481729208e-01
4.819999999999999840e-01,1.296816227076636352e+00,1.878380263831136432e-17,1.441618406677740438e-01
4.839999999999999858e-01,1.297510698201573831e+00,1.301042606982605321e-18,1.436482474594878433e-01
4.859999999999999876e-01,1.298204258289835877e+00,1.811069378955994596e-17,1.431338420966649927e-01
4.879999999999999893e-01,1.298896897120197735e+00,1.897353801849632760e-18,1.426186288861176488e-01
4.899999999999999911e-01,1.299588604470869768e+00,4.034135583456481338e-18,1.421026121679627163e-01
4.919999999999999929e-01,1.300279370121767641e+00,6.812403650450586450e-18,1.415857963154819876e-01
4.939999999999999947e-01,1.300969183853723621e+00,1.553119612085485102e-17,1.410681857349540269e-01
4.959999999999999964e-01,1.301658035450042661e+00,5.651403824080691862e-18,1.405497848654967130e-01
4.979999999999999982e-01,1.302345914696473983e+00,1.740596237744436807e-17,1.400305981789081722e-01
5.000000000000000000e-01,1.303032811383236123e+00,3.586902187306210759e-18,1.395106301794956094e-01
5.020000000000000018e-01,1.303718715303745057e+00,1.918586094394140657e-17,1.389898854039079423e-01
5.040000000000000036e-01,1.304403616257076237e+00,8.136033802693306704e-18,1.384683684209585264e-01
5.060000000000000053e-01,1.305087504047865110e+00,1.136605277488970430e-17,1.379460838314534588e-01
5.080000000000000071e-01,2.507930217716367594e+00,8.773002579028540559e-18,1.374230362680062267e-01
5.100000000000000089e-01,2.506875310529459000e+00,8.520022072115255164e-18,1.368992303948584621e-01
5.120000000000000107e-01,1.307132986590477941e+00,1.599198204416119040e-18,1.363746709076911756e-01
5.140000000000000124e-01,1.307812719914604571e+00,9.956589950658548539e-18,1.358493625334291077e-01
5.160000000000000142e-01,1.308491389209418543e+00,4.246458508901558776e-18,1.353233100300565706e-01
5.180000000000000160e-01,1.309168984327456542e+00,6.884683795282953156e-18,1.347965181864115569e-01
5.200000000000000178e-01,1.309845495133782123e+00,9.938519914450457825e-18,1.342689918219941714e-01
5.220000000000000195e-01,1.310520911503619601e+00,7.191874410820512232e-18,1.337407357867536617e-01
5.240000000000000213e-01,2.499672671786623113e+00,2.728575467421852954e-18,1.332117549608876350e-01
5.260000000000000231e-01,1.311868420498221610e+00,6.703983433202036007e-18,1.326820542546324200e-01
5.280000000000000249e-01,1.312540492937841918e+00,3.948302911468045057e-18,1.321516386080420769e-01
5.300000000000000266e-01,2.496683597558046586e+00,9.976918741392651747e-18,1.316205129907830340e-01
5.320000000000000284e-01,1.313881223345500615e+00,1.009663273127126004e-17,1.310886824019069363e-01
5.340000000000000302e-01,2.494723615485792578e+00,1.138412281109779656e-18,1.305561518696266021e-01
5.360000000000000320e-01,1.315217334162429808e+00,4.327773671837971609e-18,1.300229264510954774e-01
5.380000000000000338e-01,1.315883632175847140e+00,6.143812310751192114e-19,1.294890112321746001e-01
5.400000000000000355e-01,1.316548745268164566e+00,1.178731049399084352e-17,1.289544113272004244e-01
5.420000000000000373e-01,1.317212663469948808e+00,3.252606517456513302e-19,1.284191318787523128e-01
5.440000000000000391e-01,1.317875376831292300e+00,1.306040101371405693e-17,1.278831780574096744e-01
5.460000000000000409e-01,1.318536875421926879e+00,1.201657407838100812e-18,1.273465550615137942e-01
5.480000000000000426e-01,2.488070707521785607e+00,3.623042259722393727e-18,1.268092681169218916e-01
5.500000000000000444e-01,2.487146659331770593e+00,5.926971876254090649e-18,1.262713224767589015e-01
5.520000000000000462e-01,1.320513983594135965e+00,8.023096076392732812e-18,1.257327234211704226e-01
5.540000000000000480e-01,1.321170524237782473e+00,6.493919262282969523e-18,1.251934762570618698e-01
5.560000000000000497e-01,1.321825800793131833e+00,3.099011209687733379e-18,1.246535863178551973e-01
5.580000000000000515e-01,1.322479803468318948e+00,5.583641188300347835e-18,1.241130589632109815e-01
5.600000000000000533e-01,1.323132522496837993e+00,5.881796785733861554e-18,1.235718995787866981e-01
5.620000000000000551e-01,1.323783948138665068e+00,5.154477828358168740e-18,1.230301135759546832e-01
5.640000000000000568e-01,1.324434070681125064e+00,4.282598581317742514e-18,1.224877063915456032e-01
5.660000000000000586e-01,1.325082880439222066e+00,4.522026561074958334e-18,1.219446834875727859e-01
5.680000000000000604e-01,2.479128139442128287e+00,2.123229254450779388e-18,1.214010503509604516e-01
5.700000000000000622e-01,2.478270372517595632e+00,7.435819899629750730e-18,1.208568124932674209e-01
5.720000000000000639e-01,1.327021336591691636e+00,1.216113436804574192e-17,1.203119754504097388e-01
5.740000000000000657e-01,2.476574791067186254e+00,7.196391919872535681e-18,1.197665447823740154e-01
5.760000000000000675e-01,2.475736982865562652e+00,6.717535960358104812e-18,1.192205260729446992e-01
5.779999999999999583e-01,1.328947631865766255e+00,1.139767533825386536e-17,1.186739249294060938e-01
5.799999999999999600e-01,2.474081346047956487e+00,4.047688110612550144e-18,1.181267469822592231e-01
5.819999999999999618e-01,1.330224945883614396e+00,7.133146793144215102e-18,1.175789978849299533e-01
5.839999999999999636e-01,1.330861509741065873e+00,4.734349486520035772e-18,1.170306833134714952e-01
5.859999999999999654e-01,1.331496665667195600e+00,1.123956252143306315e-17,1.164818089662757322e-01
5.879999999999999671e-01,2.470850061503838901e+00,1.247736000168734635e-17,1.159323805637644117e-01
5.899999999999999689e-01,2.470058917527701681e+00,5.059610138265687102e-18,1.153824038480966291e-01
5.919999999999999707e-01,1.333393592765705904e+00,7.065384157363871075e-18,1.148318845828595475e-01
5.939999999999999725e-01,2.468496654826150660e+00,1.272130549049658485e-17,1.142808285527661533e-01
5.959999999999999742e-01,1.334651001167724615e+00,1.445602896647339165e-19,1.137292415633442411e-01
5.979999999999999760e-01,2.466961101985578608e+00,4.598824214959347717e-18,1.131771294406287015e-01
5.999999999999999778e-01,1.335902556301334698e+00,4.011548038196366406e-18,1.126244980308485216e-01
6.019999999999999796e-01,1.336526116182994883e+00,2.294894598427651180e-18,1.120713532001087614e-01
6.039999999999999813e-01,1.337148185579710713e+00,6.541353107329210342e-18,1.115177008340816900e-01
6.059999999999999831e-01,1.337768755524081143e+00,4.734349486520035772e-18,1.109635468376768963e-01
6.079999999999999849e-01,1.338387817092385745e+00,1.507041019754851163e-17,1.104088971347312598e-01
6.099999999999999867e-01,2.462514779964788403e+00,1.037220078344465960e-17,1.098537576676794913e-01
6.119999999999999885e-01,1.339621379628923137e+00,1.022764049377992465e-17,1.092981343972326685e-01
6.139999999999999902e-01,2.461086130489032797e+00,1.463672932855430986e-18,1.087420333020489016e-01
6.159999999999999920e-01,1.340848802702630849e+00,4.517509052022934885e-18,1.081854603784067892e-01
6.179999999999999938e-01,1.341460190117363283e+00,4.878909776184769953e-19,1.076284216398751686e-01
6.199999999999999956e-01,1.342070016573412516e+00,1.499813005271614531e-18,1.070709231169795078e-01
6.219999999999999973e-01,2.458309012536496141e+00,7.788185605687539671e-18,1.065129708568696293e-01
6.239999999999999991e-01,1.343284952271385890e+00,1.037220078344465960e-17,1.059545709229848670e-01
6.260000000000000009e-01,1.343890044468615486e+00,2.150334308762916999e-18,1.053957293947139634e-01
6.280000000000000027e-01,1.344493541619410593e+00,1.237797480254284280e-17,1.048364523670559378e-01
6.300000000000000044e-01,1.345095435329213274e+00,5.782411586589357238e-18,1.042767459502901145e-01
6.320000000000000062e-01,2.454987886265193708e+00,1.946142899611480459e-17,1.037166162696171179e-01
6.340000000000000080e-01,1.346294379110684503e+00,9.956589950658548539e-18,1.031560694648287202e-01
6.360000000000000098e-01,1.346891412657939213e+00,7.480994990149980595e-18,1.025951116899598975e-01
6.380000000000000115e-01,1.347486809716876621e+00,2.620155250173302511e-18,1.020337491129389568e-01
6.400000000000000133e-01,1.348080562161992901e+00,6.342582709040200939e-18,1.014719879152481269e-01
6.420000000000000151e-01,1.348672661923234983e+00,1.960598928577953954e-17,1.009098342915638463e-01
6.440000000000000169e-01,1.349263100987386110e+00,1.534146074066988774e-17,1.003472944494176733e-01
6.460000000000000187e-01,1.349851871397891756e+00,1.029992063861229212e-17,9.978437460883539389e-02
6.480000000000000204e-01,1.350438965256774537e+00,1.102272208693596110e-18,9.922108100200023595e-02
6.500000000000000222e-01,2.449429994577435821e+00,5.601711224508439319e-18,9.865741987287568460e-02
6.520000000000000240e-01,1.351608092018278029e+00,1.008308020411519124e-17,9.809339747687373379e-02
6.540000000000000258e-01,2.448268119861932490e+00,1.499813005271614531e-18,9.752902008048704163e-02
6.560000000000000275e-01,1.352770419265510782e+00,1.351638708365262246e-17,9.696429396093589337e-02
6.580000000000000293e-01,1.353349013958208502e+00,3.469446951953614189e-18,9.639922540581213894e-02
6.600000000000000311e-01,1.353925885959121445e+00,1.066132136277412642e-17,9.583382071271728808e-02
6.620000000000000329e-01,1.354501027792814227e+00,2.909275829502770103e-18,9.526808618891005609e-02
6.640000000000000346e-01,1.355074432046563970e+00,8.330286691930291888e-18,9.470202815093763105e-02
6.660000000000000364e-01,2.444941775573866494e+00,8.149586329849375509e-18,9.413565292428757725e-02
6.680000000000000382e-01,1.356215998481594909e+00,1.626303258728256651e-19,9.356896684301081735e-02
6.700000000000000400e-01,2.443885977790248631e+00,1.297428599740987024e-17,9.300197624937626972e-02
6.720000000000000417e-01,1.357350527244438609e+00,3.686287386450715076e-18,9.243468749349603719e-02
6.740000000000000435e-01,1.357915134652969869e+00,1.734723475976807094e-17,9.186710693296855357e-02
6.760000000000000453e-01,2.442351826130785497e+00,5.131890283098054578e-18,9.129924093251701178e-02
6.780000000000000471e-01,1.359039000411943476e+00,1.084202172485504434e-19,9.073109586362076984e-02
6.800000000000000488e-01,2.441362028501885106e+00,1.301042606982605321e-17,9.016267810415237727e-02
6.820000000000000506e-01,1.360155688062555157e+00,3.614007241618348274e-19,8.959399403801503181e-02
6.840000000000000524e-01,1.360711323091358338e+00,3.252606517456513302e-18,8.902505005477852340e-02
6.860000000000000542e-01,1.361265143323819871e+00,3.794707603699265519e-18,8.845585254931340180e-02
6.880000000000000560e-01,1.361817142148144200e+00,3.144186300207962859e-18,8.788640792142259073e-02
6.900000000000000577e-01,1.362367313022790682e+00,6.902753831491044640e-18,8.731672257548026006e-02
6.920000000000000595e-01,1.362915649477130842e+00,1.156482317317871332e-18,8.674680292006588245e-02
6.940000000000000613e-01,1.363462145112222856e+00,6.469072962496842866e-18,8.617665536759872014e-02
6.960000000000000631e-01,1.364006793600331946e+00,5.493291007259888876e-18,8.560628633396734355e-02
6.980000000000000648e-01,1.364549588686493564e+00,2.710505431213761085e-18,8.503570223817608076e-02
7.000000000000000666e-01,1.365090524188872223e+00,1.145640295593016403e-17,8.446490950196801351e-02
7.020000000000000684e-01,1.365629593998296087e+00,1.304656614224223618e-17,8.389391454946618087e-02
7.039999999999999591e-01,1.366166792080427683e+00,2.602085213965210642e-18,8.332272380680667834e-02
7.059999999999999609e-01,1.366702112473941355e+00,4.698209414103852226e-19,8.275134370177532339e-02
7.079999999999999627e-01,1.367235549292985297e+00,1.239604483875093352e-17,8.217978066344119870e-02
7.099999999999999645e-01,2.434774206153964116e+00,7.842395714311814892e-18,8.160804112179649572e-02
7.119999999999999662e-01,1.368296749040634808e+00,1.004694013169900827e-17,8.103613150738935011e-02
7.139999999999999680e-01,2.434006518541185216e+00,5.963111948670274387e-18,8.046405825096297759e-02
7.159999999999999698e-01,1.369350345747466946e+00,1.160096324559489744e-17,7.989182778308898114e-02
7.179999999999999716e-01,2.433264683256890493e+00,5.312590645178971727e-18,7.931944653381535482e-02
7.199999999999999734e-01,2.432903439465949447e+00,1.507041019754851163e-17,7.874692093228974343e-02
7.219999999999999751e-01,1.370916388421804299e+00,7.228014483236696548e-19,7.817425740641459342e-02
7.239999999999999769e-01,1.371434553863387862e+00,4.336808689942017736e-18,7.760146238247508932e-02
7.259999999999999787e-01,2.431858300372713444e+00,1.254060512841566847e-17,7.702854228478511756e-02
7.279999999999999805e-01,1.372465080288662875e+00,9.179578393710604722e-18,7.645550353532636068e-02
7.299999999999999822e-01,1.372977431120762759e+00,1.022764049377992465e-17,7.588235255339598195e-02
7.319999999999999840e-01,1.373487833729956975e+00,4.300668617525833998e-18,7.530909575524051547e-02
7.339999999999999858e-01,2.430554496248728213e+00,5.384870790011338432e-18,7.473573955370352295e-02
7.359999999999999876e-01,1.374502774852352616e+00,5.818551659005540206e-18,7.416229035787785806e-02
7.379999999999999893e-01,1.375007303852278540e+00,7.842395714311814892e-18,7.358875457273805765e-02
7.399999999999999911e-01,2.429643602649790068e+00,3.866987748531632225e-18,7.301513859879869839e-02
7.419999999999999929e-01,1.376010455552357570e+00,4.770489558936219510e-18,7.244144883175553107e-02
7.439999999999999947e-01,1.376509069225118509e+00,1.156482317317871448e-17,7.186769166213718973e-02
7.459999999999999964e-01,1.377005702230430728e+00,4.698209414103852226e-19,7.129387347495715066e-02
7.479999999999999982e-01,1.377500350259104778e+00,1.922651852540961299e-17,7.072000064936050101e-02
7.500000000000000000e-01,1.377993009083770204e+00,1.528725063204561252e-17,7.014607955828093544e-02
7.520000000000000018e-01,1.378483674559682015e+00,9.757819552369539906e-18,6.957211656809293709e-02
7.540000000000000036e-01,1.378972342624635417e+00,4.987329993433320396e-18,6.899811803826437495e-02
7.560000000000000053e-01,1.379459009299413452e+00,6.324512672832109455e-18,6.842409032102181321e-02
7.580000000000000071e-01,1.379943670688476232e+00,1.105886215935214523e-17,6.785003976100113798e-02
7.600000000000000089e-01,1.380426322978220099e+00,3.035766082959412415e-18,6.727597269490703802e-02
7.620000000000000107e-01,1.380906962440285213e+00,7.715905460855173736e-18,6.670189545117691243e-02
7.640000000000000124e-01,1.381385585428862584e+00,1.002887009549091601e-17,6.612781434964444538e-02
7.660000000000000142e-01,1.381862188382619649e+00,4.318738653733926252e-18,6.555373570120238969e-02
7.680000000000000160e-01,1.382336767824046575e+00,4.553649124439118623e-18,6.497966580746547538e-02
7.700000000000000178e-01,1.382809320360298244e+00,1.481742969063522624e-17,6.440561096044339351e-02
7.720000000000000195e-01,1.383279842682100025e+00,1.922651852540961299e-17,6.383157744220831209e-02
7.740000000000000213e-01,1.383748331565648471e+00,7.950815931560365528e-19,6.325757152456215615e-02
7.760000000000000231e-01,1.384214783871232868e+00,9.793959624785722874e-18,6.268359946871433774e-02
7.780000000000000249e-01,1.384679196544130519e+00,7.228014483236695825e-20,6.210966752495344911e-02
7.800000000000000266e-01,1.385141566614301212e+00,1.561251128379126385e-17,6.153578193232536048e-02
7.820000000000000284e-01,1.385601891197083546e+00,2.059984127722458425e-18,6.096194891830826468e-02
7.840000000000000302e-01,1.386060167492480844e+00,8.384496800554567109e-18,6.038817469849977471e-02
7.860000000000000320e-01,1.386516392786024454e+00,1.517883041479706208e-18,5.981446547628845034e-02
7.880000000000000338e-01,1.386970564448034793e+00,5.204170427930421283e-18,5.924082744255104033e-02
7.900000000000000355e-01,1.387422679934484648e+00,4.553649124439118623e-18,5.866726677532502904e-02
7.920000000000000373e-01,1.387872736786338379e+00,1.947949903232289530e-17,5.809378963951019464e-02
7.940000000000000391e-01,1.388320732630319299e+00,7.553275134982348070e-18,5.752040218654681097e-02
7.960000000000000409e-01,2.423855930081913357e+00,5.529431079676072613e-18,5.694711055411666445e-02
7.980000000000000426e-01,1.389210532227618700e+00,1.028185060240419987e-17,5.637392086583353779e-02
8.000000000000000444e-01,2.423626242381466511e+00,1.449216903888957491e-17,5.580083923094284609e-02
8.020000000000000462e-01,1.390092061446210892e+00,1.282972570774513644e-18,5.522787174401620758e-02
8.040000000000000480e-01,1.390529719637079609e+00,6.703983433202036007e-18,5.465502448466015573e-02
8.060000000000000497e-01,1.390965304372439704e+00,2.005774019098183203e-18,5.408230351720991896e-02
8.080000000000000515e-01,1.391398813876328688e+00,2.085282178413786964e-17,5.350971489044509949e-02
8.100000000000000533e-01,2.423156552987880019e+00,5.945041912462182903e-18,5.293726463728880977e-02
8.120000000000000551e-01,1.392259600513035878e+00,4.192248400277283555e-18,5.236495877452628650e-02
8.140000000000000568e-01,1.392686874520297380e+00,2.276824562219559311e-18,5.179280330251397058e-02
8.160000000000000586e-01,1.393112067045297664e+00,2.620155250173302279e-17,5.122080420489149438e-02
8.180000000000000604e-01,2.422887391673643975e+00,1.501620008892423641e-17,5.064896744831063474e-02
8.200000000000000622e-01,1.393956202332031324e+00,1.140219284730588881e-17,5.007729898214233893e-02
8.220000000000000639e-01,1.394375142648442534e+00,2.457524924300476614e-17,4.950580473820648253e-02
8.240000000000000657e-01,2.422747093225261494e+00,1.114921234039260342e-17,4.893449063049627734e-02
8.260000000000000675e-01,1.395206763148973295e+00,5.493291007259888876e-18,4.836336255490950031e-02
8.280000000000000693e-01,1.395619441395133720e+00,1.393199791643873198e-17,4.779242638897231166e-02
8.300000000000000711e-01,1.396030030487313667e+00,1.315498635949078662e-17,4.722168799157477198e-02
8.320000000000000728e-01,1.396438529667133110e+00,3.487516988161705673e-18,4.665115320271386035e-02
8.339999999999999636e-01,1.396844938260226598e+00,4.716279450311944288e-18,4.608082784321710507e-02
8.359999999999999654e-01,1.397249255676054958e+00,1.192622389734054877e-18,4.551071771449569786e-02
8.379999999999999671e-01,1.397651481407603313e+00,4.806629631352403248e-18,4.494082859828552740e-02
8.399999999999999689e-01,1.398051615031562278e+00,2.927345865710861972e-18,4.437116625639175166e-02
8.419999999999999707e-01,1.398449656207414904e+00,6.161882346959283790e-18,4.380173643043688836e-02
8.439999999999999725e-01,2.422655081429741841e+00,2.132264272554825515e-18,4.323254484161592748e-02
8.459999999999999742e-01,1.399239460268582036e+00,7.318364664277154930e-18,4.266359719045321325e-02
8.479999999999999760e-01,2.422705103728578280e+00,7.228014483236695825e-20,4.209489915654592018e-02
8.499999999999999778e-01,1.400020892524629801e+00,9.107298248878237246e-18,4.152645639834683794e-02
8.519999999999999796e-01,1.400408469252727883e+00,1.205271415079719147e-17,4.095827455290268482e-02
8.539999999999999813e-01,1.400793953225708321e+00,9.035018104045870925e-19,4.039035923564518460e-02
8.559999999999999831e-01,1.401177344679727099e+00,3.758567531283081781e-18,3.982271604013844224e-02
8.579999999999999849e-01,2.422928368501960250e+00,6.523283071121118088e-18,3.925535053785658007e-02
8.599999999999999867e-01,2.422989726848609138e+00,5.276450572762787989e-18,3.868826827797169909e-02
8.619999999999999885e-01,1.402314967501858689e+00,3.379096770913155614e-18,3.812147478711019888e-02
8.639999999999999902e-01,1.402689992858086043e+00,8.510987054011209807e-18,3.755497556914722673e-02
8.659999999999999920e-01,2.423206914936713474e+00,3.704357422658806559e-18,3.698877610498534085e-02
8.679999999999999938e-01,2.423290292817533498e+00,1.367901740952544812e-17,3.642288185234009157e-02
8.699999999999999956e-01,1.403802531120433628e+00,5.258380536554696505e-18,3.585729824553091777e-02
8.719999999999999973e-01,1.404169200600488665e+00,3.252606517456513302e-18,3.529203069527175884e-02
8.739999999999999991e-01,1.404533783305005556e+00,7.264154555652879708e-18,3.472708458846577445e-02
8.760000000000000009e-01,1.404896280268719266e+00,5.204170427930421283e-18,3.416246528800479659e-02
8.780000000000000027e-01,1.405256692604723412e+00,5.348730717595155465e-18,3.359817813256989888e-02
8.800000000000000044e-01,1.405615021503461293e+00,5.782411586589356660e-19,3.303422843643404744e-02
8.820000000000000062e-01,1.405971268233123794e+00,4.698209414103852226e-19,3.247062148926968539e-02
8.840000000000000080e-01,1.406325434138359753e+00,5.240310500346604443e-19,3.190736255595953696e-02
8.860000000000000098e-01,1.406677520640883472e+00,6.703983433202036007e-18,3.134445687640908390e-02
8.880000000000000115e-01,1.407027529238167318e+00,1.987703982890091334e-18,3.078190966536055798e-02
8.900000000000000133e-01,1.407375461503875158e+00,3.071906155375596057e-19,3.021972611221630106e-02
8.920000000000000151e-01,2.424712011630749231e+00,1.179973364388390608e-17,2.965791138085668507e-02
8.940000000000000169e-01,1.408065103710697485e+00,1.075167154381458615e-17,2.909647060946692065e-02
8.960000000000000187e-01,1.408406817174043368e+00,2.927345865710861972e-18,2.853540891036400462e-02
8.980000000000000204e-01,1.408746461349011270e+00,2.114194236346733646e-18,2.797473136983336453e-02
9.000000000000000222e-01,1.409084038181958931e+00,3.162256336416054728e-18,2.741444304795096973e-02
9.020000000000000240e-01,1.409419549692007223e+00,1.178166360767581536e-17,2.685454897843541147e-02
9.040000000000000258e-01,2.425708475627370575e+00,1.357059719227689768e-17,2.629505416847695981e-02
9.060000000000000275e-01,1.410084385184955380e+00,2.728575467421852954e-18,2.573596359858664959e-02
9.080000000000000293e-01,2.426081989125421501e+00,5.908901840045999165e-18,2.517728222244082145e-02
9.100000000000000311e-01,2.426276418686164504e+00,8.185726402265558477e-18,2.461901496673211953e-02
9.120000000000000329e-01,2.426475938960795276e+00,6.866613759074861094e-19,2.406116673102009357e-02
9.140000000000000346e-01,1.411389369171821784e+00,1.698583403560623549e-18,2.350374238757822407e-02
9.160000000000000364e-01,1.411710486020240296e+00,5.981181984878365871e-18,2.294674678128258774e-02
9.180000000000000382e-01,2.427104859322117392e+00,2.120518749019565858e-17,2.239018472943631391e-02
9.200000000000000400e-01,2.427324557416408624e+00,2.585822181377928075e-17,2.183406102165716747e-02
9.220000000000000417e-01,2.427549253419716280e+00,2.520770051028797809e-18,2.127838041973707447e-02
9.240000000000000435e-01,1.412974514462483455e+00,2.674365358797577732e-18,2.072314765751710405e-02
9.260000000000000453e-01,1.413285425633748815e+00,3.523657060577889411e-18,2.016836744075784990e-02
9.280000000000000471e-01,1.413594304185146200e+00,1.174552353525963201e-18,1.961404444701871433e-02
9.300000000000000488e-01,1.413901153111645215e+00,1.078781161623076912e-17,1.906018332553684885e-02
9.320000000000000506e-01,2.428747044661768939e+00,2.060887629532863114e-17,1.850678869711252367e-02
9.340000000000000524e-01,1.414508774396704638e+00,5.222240464138512767e-18,1.795386515398954622e-02
9.360000000000000542e-01,1.414809553072036152e+00,5.330660681387063210e-18,1.740141725975203474e-02
9.380000000000000560e-01,1.415108314754505159e+00,4.878909776184769953e-18,1.684944954920857690e-02
9.400000000000000577e-01,1.415405062762783217e+00,1.146543797403420939e-17,1.629796652829646614e-02
9.420000000000000595e-01,1.415699800478851245e+00,2.041914091514366556e-18,1.574697267396892378e-02
9.440000000000000613e-01,1.415992531347040284e+00,1.049869103690130076e-17,1.519647243410217341e-02
9.460000000000000631e-01,1.416283258874081241e+00,1.174552353525963057e-19,1.464647022740216825e-02
9.480000000000000648e-01,1.416571986627978674e+00,1.103175710504000762e-17,1.409697044331531014e-02
9.500000000000000666e-01,1.416858718237545389e+00,1.897353801849632760e-18,1.354797744191487373e-02
9.520000000000000684e-01,1.417143457392374017e+00,8.782037597132585915e-18,1.299949555384296782e-02
9.540000000000000702e-01,1.417426207841742780e+00,1.289297083447345741e-17,1.245152908021286871e-02
9.560000000000000719e-01,1.417706973393595860e+00,6.722053469410127491e-18,1.190408229252541174e-02
9.580000000000000737e-01,1.417985757915165124e+00,2.059984127722458425e-18,1.135715943259982437e-02
9.599999999999999645e-01,1.418262565331311009e+00,1.302849610603414546e-17,1.081076471249124878e-02
9.619999999999999662e-01,1.418537399624849371e+00,1.728398963303974882e-17,1.026490231441739252e-02
9.639999999999999680e-01,1.418810264834814205e+00,1.554023113895889791e-17,9.719576390696186077e-03
9.659999999999999698e-01,1.419081165056912397e+00,2.674365358797577732e-18,9.174791063674787514e-03
9.679999999999999716e-01,1.419350104442330007e+00,1.788933584601082316e-17,8.630550425660138067e-03
9.699999999999999734e-01,1.419617087197856620e+00,7.056349139259824178e-18,8.086858538874473409e-03
9.719999999999999751e-01,1.419882117584126746e+00,3.523657060577889411e-18,7.543719435375444843e-03
9.739999999999999769e-01,1.420145199916078127e+00,6.532318089225164215e-18,7.001137117021995551e-03
9.759999999999999787e-01,1.420406338561278403e+00,1.310077625086651140e-17,6.459115555398876711e-03
9.779999999999999805e-01,1.420665537941108170e+00,1.619978746055424439e-17,5.917658691796071936e-03
9.799999999999999822e-01,1.420922802528263418e+00,2.274114056788345550e-17,5.376770437135696898e-03
9.819999999999999840e-01,1.421178136846656059e+00,1.490777987167568597e-18,4.836454671942174224e-03
9.839999999999999858e-01,1.421431545471605773e+00,9.035018104045869770e-18,4.296715246290044345e-03
9.859999999999999876e-01,1.421683033028550369e+00,3.614007241618347913e-20,3.757555979783948081e-03
9.879999999999999893e-01,1.421932604192157612e+00,3.623042259722393727e-18,3.218980661499113490e-03
9.899999999999999911e-01,1.422180263686605883e+00,4.065758146820641628e-19,2.680993049969777452e-03
9.919999999999999929e-01,1.422426016284237704e+00,2.927345865710861972e-18,2.143596873142165557e-03
9.939999999999999947e-01,1.422669866804877614e+00,3.198396408832238080e-18,1.606795828356347329e-03
9.959999999999999964e-01,1.422911820116183890e+00,1.298332101551391560e-17,1.070593582318987626e-03
9.979999999999999982e-01,1.423151881131623497e+00,9.080193194566099635e-18,5.349937710785146157e-04
1.000000000000000000e+00,2.440006334975510782e+00,1.060711125414985120e-17,1.503249081627644468e-16
1.002000000000000002e+00,1.423626346158954448e+00,1.707618421664669484e-18,5.343841562297492421e-04
1.004000000000000004e+00,1.423860760225469591e+00,7.837878205259792984e-18,1.068155153645762231e-03
1.006000000000000005e+00,1.424093302103869974e+00,1.472707950959476959e-17,1.601309478999279022e-03
1.008000000000000007e+00,1.424323976931436420e+00,1.025926305714408571e-17,2.133843649773234201e-03
1.010000000000000009e+00,1.424552789887773230e+00,8.745897524716402948e-18,2.665754214186491240e-03
1.012000000000000011e+00,1.424779746194975161e+00,8.203796438473650731e-18,3.197037751203947800e-03
1.014000000000000012e+00,1.425004851116426607e+00,4.878909776184769953e-19,3.727690870528331795e-03
1.016000000000000014e+00,1.425228109956542255e+00,2.958968429075022646e-18,4.257710212616898533e-03
1.018000000000000016e+00,1.425449528060202198e+00,1.391392788023064126e-17,4.787092448654642687e-03
1.020000000000000018e+00,1.425669110811188744e+00,5.574606170196301708e-18,5.315834280572593121e-03
1.022000000000000020e+00,1.425886863633444079e+00,7.200909428924559129e-18,5.843932441030872012e-03
1.024000000000000021e+00,1.426102791988569152e+00,1.045351594638107243e-17,6.371383693399515318e-03
1.026000000000000023e+00,1.426316901376043944e+00,1.835012176931716255e-17,6.898184831759712234e-03
1.028000000000000025e+00,1.426529197332680354e+00,1.090978436063538837e-17,7.424332680885973972e-03
1.030000000000000027e+00,1.426739685431812177e+00,1.174552353525963085e-17,7.949824096219297587e-03
1.032000000000000028e+00,1.426948371282339423e+00,7.228014483236696548e-19,8.474655963865797281e-03
1.034000000000000030e+00,1.427155260529133329e+00,7.695576670121070527e-18,8.998825200557362611e-03
1.036000000000000032e+00,1.427360358851196054e+00,3.209690181462295547e-18,9.522328753637452833e-03
1.038000000000000034e+00,1.427563671961770808e+00,1.350283455649655365e-17,1.004516360103129870e-02
1.040000000000000036e+00,1.427765205607467891e+00,4.110933237340870818e-19,1.056732675122030139e-02
1.042000000000000037e+00,1.427964965567820599e+00,7.336434700485247184e-18,1.108881524320890800e-02
1.044000000000000039e+00,1.428162957654695475e+00,9.330914946953372535e-18,1.160962614649507958e-02
1.046000000000000041e+00,1.428359187711233602e+00,2.164564462276789476e-17,1.212975656103158079e-02
1.048000000000000043e+00,1.428553661611747572e+00,2.629190268277348252e-18,1.264920361718985600e-02
1.050000000000000044e+00,1.428746385261231211e+00,2.778268066994105112e-19,1.316796447572320290e-02
1.052000000000000046e+00,1.428937364593526382e+00,1.683675623688947825e-17,1.368603632772583123e-02
1.054000000000000048e+00,1.429126605572896835e+00,1.480387716347915743e-17,1.420341639458395921e-02
1.056000000000000050e+00,1.429314114191164720e+00,9.057605649305984317e-19,1.472010192793717955e-02
1.058000000000000052e+00,1.429499896468612974e+00,1.179154565872711502e-17,1.523609020962723992e-02
1.060000000000000053e+00,1.429683958452780956e+00,6.936635149381216653e-18,1.575137855165074582e-02
1.062000000000000055e+00,1.429866306217682848e+00,8.288499733199080765e-18,1.626596429610649083e-02
1.064000000000000057e+00,1.430046945864081209e+00,3.972584522622668590e-18,1.677984481514430484e-02
1.066000000000000059e+00,1.430225883517600494e+00,4.729831977468013093e-18,1.729301751090705358e-02
1.068000000000000060e+00,1.430403125329402059e+00,7.688800406543036125e-18,1.780547981547369804e-02
1.070000000000000062e+00,1.430578677474905192e+00,9.983695004970687305e-19,1.831722919080530990e-02
1.072000000000000064e+00,1.430752546153023275e+00,3.501069515317774478e-18,1.882826312867822566e-02
1.074000000000000066e+00,1.430924737586106943e+00,7.029244084947686567e-18,1.933857915062186378e-02
1.076000000000000068e+00,1.431095258019364991e+00,3.365544243757086520e-19,1.984817480786016733e-02
1.078000000000000069e+00,1.431264113719841191e+00,1.792095840937498268e-17,2.035704768124248915e-02
1.080000000000000071e+00,1.431431310975387561e+00,1.108935534545330004e-17,2.086519538116886688e-02
1.082000000000000073e+00,1.431596856096099657e+00,3.205172672410272483e-18,2.137261554753265222e-02
1.084000000000000075e+00,1.431760755411481512e+00,4.263399167846644783e-18,2.187930584963573843e-02
1.086000000000000076e+00,1.431923015270893274e+00,5.383741412748332955e-18,2.238526398613047488e-02
1.088000000000000078e+00,1.432083642043046723e+00,1.002435258643889257e-17,2.289048768492993671e-02
1.090000000000000080e+00,1.432242642115323150e+00,1.034509572913252083e-18,2.339497470314269578e-02
1.092000000000000082e+00,2.462844103144131935e+00,1.439391321700807607e-17,2.389872282698745493e-02
1.094000000000000083e+00,1.432555787798634128e+00,5.436822144109602700e-18,2.440172987171875321e-02
1.096000000000000085e+00,1.432709946272588297e+00,6.319995163780086006e-18,2.490399368154318921e-02
1.098000000000000087e+00,1.432862503771016094e+00,6.479237357863894470e-18,2.540551212953734428e-02
1.100000000000000089e+00,1.433013466765597599e+00,4.517509052022935463e-19,2.590628311756102212e-02
1.102000000000000091e+00,1.433162841744067606e+00,2.787585429413902416e-17,2.640630457617503327e-02
1.104000000000000092e+00,1.433310635208560058e+00,3.211948935988306886e-18,2.690557446455440690e-02
1.106000000000000094e+00,1.433456853675433962e+00,2.240684489803375959e-18,2.740409077039528130e-02
1.108000000000000096e+00,1.433601503674850619e+00,3.008661028647274804e-18,2.790185150982750495e-02
1.110000000000000098e+00,1.433744591750098607e+00,1.424398838534406491e-17,2.839885472732474325e-02
1.112000000000000099e+00,1.433886124457199429e+00,4.232905981745489971e-18,2.889509849560902705e-02
1.114000000000000101e+00,1.434026108364164998e+00,4.555907878965130347e-18,2.939058091555541222e-02
1.116000000000000103e+00,1.434164550050777365e+00,8.908527850589228613e-18,2.988530011610289125e-02
1.118000000000000105e+00,1.434301456107494488e+00,7.228014483236695825e-20,3.037925425414931754e-02
1.120000000000000107e+00,1.434436833135968925e+00,1.533694323161786583e-17,3.087244151445488541e-02
1.122000000000000108e+00,1.434570687747651618e+00,4.607859233063393845e-18,3.136486010954874643e-02
1.124000000000000110e+00,1.434703026563465045e+00,9.757819552369539906e-18,3.185650827962104720e-02
1.126000000000000112e+00,2.473146634808500721e+00,7.589415207398531038e-19,3.234738429242581259e-02
1.128000000000000114e+00,1.434963183335959513e+00,1.567575641051958597e-17,3.283748644317394105e-02
1.130000000000000115e+00,1.435091014578212310e+00,8.940150413953388132e-18,3.332681305443199044e-02
1.132000000000000117e+00,1.435217356593959437e+00,3.571090905624130230e-18,3.381536247601458350e-02
1.134000000000000119e+00,2.475697919598104590e+00,7.108300493358088445e-18,3.430313308488101148e-02
1.136000000000000121e+00,1.435465599599343278e+00,6.674619624363886672e-18,3.479012328501971535e-02
1.138000000000000123e+00,2.476990814223199777e+00,2.990590992439182935e-18,3.527633150735396544e-02
1.140000000000000124e+00,1.435707965719604573e+00,5.753047777751207903e-18,3.576175620961086210e-02
1.142000000000000126e+00,2.478295000316343533e+00,3.101269964213745103e-18,3.624639587623457171e-02
1.144000000000000128e+00,1.435944508413122378e+00,1.192622389734054877e-18,3.673024901825411997e-02
1.146000000000000130e+00,1.436060612701840711e+00,1.697228150845016630e-17,3.721331417318286122e-02
1.148000000000000131e+00,2.480272107844388785e+00,1.113565981323653461e-17,3.769558990489911554e-02
1.150000000000000133e+00,1.436288520651636702e+00,2.936380883814907714e-18,3.817707480352927618e-02
1.152000000000000135e+00,1.436400337718165332e+00,1.692936517245595047e-17,3.865776748533975016e-02
1.153999999999999915e+00,1.436510739120276270e+00,2.891205793294678619e-18,3.913766659261366798e-02
1.155999999999999917e+00,1.436619731566967317e+00,1.793902844558307647e-17,3.961677079353502495e-02
1.157999999999999918e+00,2.483621528682562030e+00,5.222240464138512767e-18,4.009507878207094894e-02
1.159999999999999920e+00,1.436833516434980140e+00,1.105434465030012178e-17,4.057258927785194896e-02
1.161999999999999922e+00,2.484979828653891332e+00,8.619407271259760250e-18,4.104930102605119230e-02
1.163999999999999924e+00,1.437041746015403021e+00,1.059355872699378239e-17,4.152521279726460735e-02
1.165999999999999925e+00,1.437143794353708870e+00,5.267415554658742632e-18,4.200032338738608761e-02
1.167999999999999927e+00,1.437244474006590167e+00,2.520770051028797809e-18,4.247463161748914889e-02
1.169999999999999929e+00,1.437343791684877914e+00,2.647260304485440121e-18,4.294813633370766354e-02
1.171999999999999931e+00,2.488420558055938869e+00,1.211144176847348860e-17,4.342083640709398784e-02
1.173999999999999932e+00,1.437538367953926866e+00,7.485512499202004043e-18,4.389273073351576682e-02
1.175999999999999934e+00,1.437633639958264098e+00,6.938893903907228378e-18,4.436381823351710774e-02
1.177999999999999936e+00,2.490515073066298157e+00,5.457150934843705908e-18,4.483409785219875238e-02
1.179999999999999938e+00,2.491218143407738950e+00,3.871505257583655673e-18,4.530356855908826419e-02
1.181999999999999940e+00,2.491923631520030824e+00,4.219353454589421166e-18,4.577222934801214449e-02
1.183999999999999941e+00,1.438001443475112495e+00,4.129003273548962976e-18,4.624007923697395078e-02
1.185999999999999943e+00,2.493341785584767933e+00,3.925715366207930895e-18,4.670711726801634461e-02
1.187999999999999945e+00,1.438177468247250346e+00,3.108046227791779506e-18,4.717334250709898785e-02
1.189999999999999947e+00,2.494769384727931083e+00,1.066132136277412758e-18,4.763875404396732127e-02
1.191999999999999948e+00,1.438348312995682221e+00,7.995991022080595201e-19,4.810335099202358439e-02
1.193999999999999950e+00,1.438431809544201911e+00,1.074263652571053925e-17,4.856713248819097273e-02
1.195999999999999952e+00,1.438514031095003531e+00,1.657925822092417133e-18,4.903009769278976471e-02
1.197999999999999954e+00,1.438594984305527902e+00,6.252232527999741979e-18,4.949224578939947355e-02
1.199999999999999956e+00,2.498378723005910018e+00,1.862568982149056056e-17,4.995357598473089411e-02
1.201999999999999957e+00,2.499107357415812913e+00,4.472333961502705790e-19,5.041408750849166176e-02
1.203999999999999959e+00,1.438830300363662218e+00,1.138412281109779656e-17,5.087377961325503101e-02
1.205999999999999961e+00,1.438906246645998976e+00,2.032879073410320814e-18,5.133265157432275599e-02
1.207999999999999963e+00,2.501306461659421387e+00,7.833360696207769536e-18,5.179070268959767853e-02
1.209999999999999964e+00,1.439054440341219987e+00,1.096851197831168704e-17,5.224793227944379143e-02
1.211999999999999966e+00,1.439126700970390971e+00,6.785298596138448840e-18,5.270433968655409418e-02
1.213999999999999968e+00,1.439197746250485466e+00,4.223870963641444614e-18,5.315992427581473639e-02
1.215999999999999970e+00,2.504268718888880585e+00,9.188613411814650078e-18,5.361468543417438615e-02
1.217999999999999972e+00,2.505014539982465038e+00,5.502326025363935003e-18,5.406862257050364801e-02
1.219999999999999973e+00,1.439403655806707150e+00,6.920823867699136894e-18,5.452173511546127421e-02
1.221999999999999975e+00,1.439469905452433807e+00,7.761080551375402060e-18,5.497402252135728806e-02
1.223999999999999977e+00,1.439534972580283068e+00,6.866613759074861672e-18,5.542548426202132533e-02
1.225999999999999979e+00,2.508018309137444390e+00,3.623042259722393727e-18,5.587611983265951959e-02
1.227999999999999980e+00,2.508774282829545399e+00,7.544240116878301173e-18,5.632592874972379426e-02
1.229999999999999982e+00,1.439723144155134804e+00,1.919941347109747538e-17,5.677491055077125287e-02
1.231999999999999984e+00,2.510292142874551047e+00,1.248639501979139325e-17,5.722306479432837795e-02
1.233999999999999986e+00,1.439842798798771639e+00,1.797968602705128058e-18,5.767039105975443891e-02
1.235999999999999988e+00,1.439900907667986729e+00,5.014435047745458007e-18,5.811688894710526077e-02
1.237999999999999989e+00,1.439957879526360784e+00,5.954076930566228260e-18,5.856255807699443927e-02
1.239999999999999991e+00,1.440013720826776478e+00,1.144736793782611714e-17,5.900739809045137119e-02
1.241999999999999993e+00,2.514120457001197906e+00,8.953702941109456937e-18,5.945140864879546599e-02
1.243999999999999995e+00,2.514891750024276007e+00,1.163710331801108041e-17,5.989458943348423270e-02
1.245999999999999996e+00,1.440174525712329512e+00,5.529431079676072613e-18,6.033694014598828953e-02
1.247999999999999998e+00,1.440225909046546349e+00,3.930232875259953573e-18,6.077846050764273284e-02
1.250000000000000000e+00,1.440276193888049505e+00,3.171291354520100469e-18,6.121915025951574219e-02
1.252000000000000002e+00,2.517995108017412775e+00,6.685913396993944331e-19,6.165900916227065598e-02
1.254000000000000004e+00,1.440373493565743956e+00,1.151061306455443925e-17,6.209803699602312044e-02
1.256000000000000005e+00,1.440420521102215190e+00,9.604224244600759598e-18,6.253623356020927837e-02
1.258000000000000007e+00,1.440466475546017477e+00,9.396418828207704453e-19,6.297359867344300144e-02
1.260000000000000009e+00,1.440511363210202234e+00,5.421010862427522170e-19,6.341013217338009600e-02
1.262000000000000011e+00,2.521913930315534458e+00,2.990590992439182935e-18,6.384583391657927542e-02
1.264000000000000012e+00,1.440597963375132906e+00,2.129553767123611523e-17,6.428070377836760108e-02
1.266000000000000014e+00,1.440639688425115139e+00,3.096300704256519541e-17,6.471474165269697210e-02
1.268000000000000016e+00,2.524285537427861215e+00,3.108046227791779506e-18,6.514794745201069048e-02
1.270000000000000018e+00,1.440720019713452871e+00,1.895546798228823688e-17,6.558032110710582119e-02
1.272000000000000020e+00,1.440758638405061021e+00,2.620155250173302222e-19,6.601186256699403954e-02
1.274000000000000021e+00,2.526671823140315354e+00,2.475594960508568329e-18,6.644257179876206232e-02
1.276000000000000023e+00,1.440832812893031445e+00,8.357391746242429499e-18,6.687244878744003085e-02
1.278000000000000025e+00,1.440868381043173940e+00,1.781705570117845723e-17,6.730149353585986038e-02
1.280000000000000027e+00,2.529072337172934226e+00,1.626303258728256651e-19,6.772970606451769737e-02
1.282000000000000028e+00,1.440936509912972951e+00,1.239604483875093352e-17,6.815708641144258007e-02
1.284000000000000030e+00,2.530680364167857022e+00,2.177439363075054841e-17,6.858363463205306709e-02
1.286000000000000032e+00,1.441000669683333513e+00,5.511361043467980552e-19,6.900935079902181801e-02
1.288000000000000034e+00,1.441031276393243132e+00,2.276824562219559311e-18,6.943423500214622457e-02
1.290000000000000036e+00,2.533103603745651355e+00,1.364287733710926477e-18,6.985828734820070940e-02
1.292000000000000037e+00,1.441089573780597988e+00,4.987329993433320396e-18,7.028150796081189533e-02
1.294000000000000039e+00,1.441117276531080904e+00,9.965624968762595436e-18,7.070389698031537273e-02
1.296000000000000041e+00,1.441144023337614044e+00,2.602085213965210642e-18,7.112545456362105722e-02
1.298000000000000043e+00,1.441169820190403073e+00,8.131516293641283255e-19,7.154618088408326582e-02
1.300000000000000044e+00,1.441194673061634290e+00,2.132264272554825515e-18,7.196607613135987125e-02
1.302000000000000046e+00,2.537988798867662155e+00,1.319112643190696997e-18,7.238514051127775684e-02
1.304000000000000048e+00,1.441241570651129678e+00,1.059807623604580584e-17,7.280337424570472449e-02
1.306000000000000050e+00,1.441263627218333454e+00,4.219353454589421166e-18,7.322077757240419427e-02
1.308000000000000052e+00,2.540449892176710023e+00,1.490777987167568597e-17,7.363735074491514765e-02
1.310000000000000053e+00,1.441304985375953862e+00,8.637477307467852505e-18,7.405309403240514787e-02
1.312000000000000055e+00,1.441324298699182549e+00,1.906388819953678733e-17,7.446800771954499576e-02
1.314000000000000057e+00,1.441342709307981806e+00,1.975958459354831831e-17,7.488209210637317148e-02
1.316000000000000059e+00,1.441360223019533038e+00,6.505213034913026604e-18,7.529534750816342659e-02
1.318000000000000060e+00,1.441376845631619830e+00,1.102272208693596110e-18,7.570777425529538751e-02
1.320000000000000062e+00,2.545406950135312485e+00,3.288746589872696655e-18,7.611937269311316867e-02
1.322000000000000064e+00,2.546237466346401135e+00,1.109500223176832819e-17,7.653014318180785536e-02
1.324000000000000066e+00,1.441421424543147367e+00,1.191718887923650342e-17,7.694008609627218942e-02
1.326000000000000068e+00,1.441434540329044722e+00,3.162256336416054728e-18,7.734920182597931904e-02
1.328000000000000069e+00,1.441446793700439599e+00,1.216113436804574192e-17,7.775749077484656047e-02
1.330000000000000071e+00,1.441458190332600253e+00,9.938519914450457825e-18,7.816495336110981795e-02
1.332000000000000073e+00,1.441468735881148433e+00,1.111307226797642045e-18,7.857159001718920510e-02
1.334000000000000075e+00,2.551245216884399980e+00,8.384496800554567109e-18,7.897740118956302069e-02
1.336000000000000076e+00,1.441487296243920468e+00,1.807003620809174137e-19,7.938238733863603458e-02
1.338000000000000078e+00,1.441495322264071177e+00,2.656295322589485863e-18,7.978654893861414354e-02
1.340000000000000080e+00,1.441502519612914313e+00,9.450628936831980830e-18,8.018988647737253228e-02
1.342000000000000082e+00,2.554606098295494121e+00,9.938519914450456670e-19,8.059240045632884430e-02
1.344000000000000083e+00,1.441514450477345832e+00,2.014809037202229176e-17,8.099409139031893412e-02
1.346000000000000085e+00,1.441519195030529943e+00,1.104079212314405297e-17,8.139495980746551396e-02
1.348000000000000087e+00,2.557137837610568454e+00,9.956589950658548539e-18,8.179500624905335082e-02
1.350000000000000089e+00,1.441526269812722916e+00,9.550014135976484376e-18,8.219423126940829383e-02
1.352000000000000091e+00,1.441528610951227307e+00,5.421010862427522170e-20,8.259263543575906530e-02
1.354000000000000092e+00,2.559678636920786232e+00,6.803368632346540323e-18,8.299021932812516988e-02
1.356000000000000094e+00,1.441530927834588027e+00,1.826880660638074971e-17,8.338698353918651274e-02
1.358000000000000096e+00,1.441530914359407944e+00,6.604598234057530920e-18,8.378292867415836065e-02
1.360000000000000098e+00,2.562228109493023709e+00,1.377840260866995167e-17,8.417805535066832934e-02
1.362000000000000099e+00,1.441528570362390127e+00,9.260893556647017554e-18,8.457236419863747856e-02
1.364000000000000101e+00,1.441526250489808092e+00,1.185394375250818130e-17,8.496585586014854252e-02
1.366000000000000103e+00,1.441523172430958510e+00,7.589415207398531038e-19,8.535853098933345040e-02
1.368000000000000105e+00,1.441519341455784087e+00,1.788933584601082316e-18,8.575039025224379108e-02
1.370000000000000107e+00,1.441514762812204253e+00,1.342603690261216273e-17,8.614143432673503076e-02
1.372000000000000108e+00,1.441509441725902008e+00,2.204544417387192221e-18,8.653166390234177940e-02
1.374000000000000110e+00,1.441503383400753791e+00,8.709757452300218440e-18,8.692107968016013486e-02
1.376000000000000112e+00,1.441496593018328554e+00,3.794707603699265519e-19,8.730968237272673793e-02
1.378000000000000114e+00,1.441489075738100922e+00,1.098658201451977775e-17,8.769747270389867400e-02
1.380000000000000115e+00,1.441480836697301982e+00,9.649399335120989463e-18,8.808445140873963353e-02
1.382000000000000117e+00,1.441471881011164413e+00,9.035018104045869770e-18,8.847061923339341605e-02
1.384000000000000119e+00,2.572505171673576285e+00,3.921197857155907446e-18,8.885597693497214455e-02
1.386000000000000121e+00,1.441451840050849142e+00,5.059610138265687102e-18,8.924052528144013618e-02
1.388000000000000123e+00,2.574229244644790526e+00,1.559444124758317314e-17,8.962426505149174993e-02
1.390000000000000124e+00,1.441428993330934105e+00,1.893739794608014309e-17,9.000719703444259867e-02
1.392000000000000126e+00,1.441416530361454562e+00,1.987703982890091382e-19,9.038932203010520416e-02
1.394000000000000128e+00,2.576820800925020194e+00,8.727827488508310694e-18,9.077064084868190219e-02
1.396000000000000130e+00,1.441389550108205242e+00,4.192248400277283555e-18,9.115115431064779727e-02
1.398000000000000131e+00,1.441375042719194255e+00,1.445602896647339310e-18,9.153086324663585460e-02
1.400000000000000133e+00,1.441359863713742584e+00,2.226228460836902541e-17,9.190976849732802878e-02
1.402000000000000135e+00,2.580285828163873418e+00,1.134798273868161359e-17,9.228787091332206483e-02
1.404000000000000137e+00,1.441327510396757106e+00,1.004694013169900827e-17,9.266517135506360803e-02
1.406000000000000139e+00,1.441310345799827530e+00,9.197648429918695435e-18,9.304167069268706736e-02
1.407999999999999918e+00,2.582891362120349754e+00,8.673617379884035472e-19,9.341736980593115525e-02
1.409999999999999920e+00,1.441274064847654302e+00,1.067939139898221867e-17,9.379226958402089864e-02
1.411999999999999922e+00,2.584631415143295641e+00,6.595563215953485564e-18,9.416637092556075228e-02
1.413999999999999924e+00,1.441235213445793306e+00,6.288372600415925717e-18,9.453967473841928815e-02
1.415999999999999925e+00,1.441214835702187003e+00,7.137664302196237010e-18,9.491218193962970562e-02
1.417999999999999927e+00,1.441193829552688044e+00,1.752793512184898732e-17,9.528389345527264742e-02
1.419999999999999929e+00,2.588118344522296610e+00,9.215718466126787689e-18,9.565481022037371217e-02
1.421999999999999931e+00,1.441149950766753562e+00,2.457524924300476845e-18,9.602493317879913504e-02
1.423999999999999932e+00,1.441127087440023047e+00,2.891205793294678330e-19,9.639426328313747960e-02
1.425999999999999934e+00,1.441103614326095794e+00,2.045528098755984929e-17,9.676280149460905755e-02
1.427999999999999936e+00,1.441079536024048480e+00,4.336808689942017736e-18,9.713054878295082628e-02
1.429999999999999938e+00,2.592488787486455948e+00,9.396418828207704453e-19,9.749750612631498392e-02
1.431999999999999940e+00,2.593364326030897615e+00,8.023096076392732812e-18,9.786367451116549654e-02
1.433999999999999941e+00,2.594240320081148354e+00,2.059984127722458425e-18,9.822905493217180817e-02
1.435999999999999943e+00,2.595116757841669397e+00,4.878909776184769953e-18,9.859364839211140485e-02
1.437999999999999945e+00,2.595993627577080076e+00,1.293814592499368573e-17,9.895745590175608619e-02
1.439999999999999947e+00,1.440922611938827202e+00,7.318364664277154930e-18,9.932047847978972555e-02
1.441999999999999948e+00,2.597748616338115824e+00,8.203796438473650731e-18,9.968271715268769984e-02
1.443999999999999950e+00,1.440865667231271630e+00,1.301042606982605321e-17,1.000441729546276276e-01
1.445999999999999952e+00,2.599505193708502304e+00,1.100465205072787001e-17,1.004048469273860350e-01
1.447999999999999954e+00,1.440806463254926229e+00,2.276824562219559311e-18,1.007647401202389353e-01
1.449999999999999956e+00,1.440776024963277280e+00,5.457150934843705908e-18,1.011238535898656143e-01
1.451999999999999957e+00,1.440745034916471212e+00,1.216113436804574192e-17,1.014821884002481689e-01
1.453999999999999959e+00,2.603022748531714115e+00,2.222614453595284090e-18,1.018397456225707542e-01
1.455999999999999961e+00,1.440681416766175005e+00,4.643999305479577582e-18,1.021965263351409248e-01
1.457999999999999963e+00,2.604783545545913626e+00,8.095376221225100288e-18,1.025525316232548806e-01
1.459999999999999964e+00,2.605664409960738226e+00,1.337182679398788866e-18,1.029077625791486594e-01
1.461999999999999966e+00,1.440581958348023051e+00,3.433306879537430836e-18,1.032622203018713491e-01
1.463999999999999968e+00,1.440547747455557470e+00,6.396792817664476161e-18,1.036159058971988511e-01
1.465999999999999970e+00,1.440513014496367816e+00,7.950815931560365336e-18,1.039688204775484764e-01
1.467999999999999972e+00,1.440477763623576379e+00,1.073360150760649390e-17,1.043209651618691031e-01
1.469999999999999973e+00,1.440441998967614268e+00,1.246832498358330099e-17,1.046723410755678874e-01
1.471999999999999975e+00,2.610955429666812933e+00,4.463298943398659663e-18,1.050229493503950784e-01
1.473999999999999977e+00,1.440368944721654998e+00,2.168404344971008868e-18,1.053727911243830390e-01
1.475999999999999979e+00,2.612721066389543267e+00,4.625929269271485328e-18,1.057218675417272574e-01
1.477999999999999980e+00,1.440293884368021082e+00,2.309350627394124444e-17,1.060701797527083684e-01
1.479999999999999982e+00,2.614487543338949394e+00,2.529805069132843840e-19,1.064177289136064852e-01
1.481999999999999984e+00,1.440216850167409746e+00,1.647987302177966740e-17,1.067645161866026260e-01
1.483999999999999986e+00,2.616254777037596568e+00,1.029992063861229212e-18,1.071105427396982085e-01
1.485999999999999988e+00,1.440137874033094789e+00,2.421384851884293108e-18,1.074558097466246781e-01
1.487999999999999989e+00,1.440097667619077981e+00,4.264528545109651031e-18,1.078003183867506237e-01
1.489999999999999991e+00,1.440056987532393862e+00,7.950815931560365336e-18,1.081440698450083227e-01
1.491999999999999993e+00,1.440015837665125531e+00,1.554023113895889753e-18,1.084870653117959161e-01
1.493999999999999995e+00,1.439974221887865724e+00,2.421384851884293108e-18,1.088293059828959464e-01
1.495999999999999996e+00,2.621560198111154705e+00,2.229842468078520683e-17,1.091707930593925069e-01
1.497999999999999998e+00,1.439889607979505826e+00,6.505213034913026604e-18,1.095115277475843668e-01
1.500000000000000000e+00,1.439846617483091507e+00,1.037220078344465960e-17,1.098515112589055626e-01
1.502000000000000002e+00,2.624214502938308158e+00,8.312216655722201174e-18,1.101907448098337766e-01
1.504000000000000004e+00,1.439759288332503218e+00,3.740497495074990297e-18,1.105292296218198661e-01
1.506000000000000005e+00,1.439714957185863398e+00,8.059236148808915779e-18,1.108669669211976710e-01
1.508000000000000007e+00,1.439670186628131177e+00,2.013002033581419796e-17,1.112039579391031069e-01
1.510000000000000009e+00,1.439624980360505901e+00,8.782037597132585915e-18,1.115402039113981003e-01
1.512000000000000011e+00,1.439579342063083800e+00,2.240684489803375959e-18,1.118757060785903895e-01
1.514000000000000012e+00,2.629524976090880983e+00,9.107298248878237246e-18,1.122104656857431382e-01
1.516000000000000014e+00,1.439486783994848196e+00,1.572093150103981429e-18,1.125444839824181475e-01
1.518000000000000016e+00,2.631295405288614830e+00,2.547875105340935420e-18,1.128777622225739657e-01
1.520000000000000018e+00,1.439392541447944041e+00,4.752419522728128026e-18,1.132103016645041871e-01
1.522000000000000020e+00,1.439344797474802817e+00,1.680513367352531873e-18,1.135421035707532417e-01
1.524000000000000021e+00,2.633951046024090914e+00,6.830473686658677934e-18,1.138731692080411501e-01
1.526000000000000023e+00,1.439248081906853827e+00,8.167656366057466223e-18,1.142034998471907759e-01
1.528000000000000025e+00,1.439199117362186087e+00,1.778091562876227272e-17,1.145330967630484309e-01
1.530000000000000027e+00,1.439149752976231156e+00,4.788559595144310993e-18,1.148619612344113083e-01
1.532000000000000028e+00,1.439099992223141555e+00,2.638225286381393994e-18,1.151900945439514740e-01
1.534000000000000030e+00,1.439049838556670124e+00,2.475594960508568560e-17,1.155174979781466993e-01
1.536000000000000032e+00,2.639261413253155553e+00,2.240684489803375959e-18,1.158441728272028848e-01
1.538000000000000034e+00,2.640146251488303619e+00,6.252232527999741979e-18,1.161701203849822700e-01
1.540000000000000036e+00,1.438897054310437795e+00,2.782785576046128176e-18,1.164953419489355158e-01
1.542000000000000037e+00,2.641915657779659199e+00,5.348730717595155465e-18,1.168198388200282628e-01
1.544000000000000039e+00,1.438793295991089849e+00,6.505213034913026604e-19,1.171436123026652620e-01
1.546000000000000041e+00,1.438740856244876909e+00,3.650147314034531338e-18,1.174666637046273832e-01
1.548000000000000043e+00,1.438688047199413234e+00,7.228014483236696740e-18,1.177889943370012960e-01
1.550000000000000044e+00,1.438634872148114141e+00,3.614007241618348274e-19,1.181106055141064592e-01
1.552000000000000046e+00,2.646337196626713961e+00,7.462924953941888341e-18,1.184314985534289377e-01
1.554000000000000048e+00,1.438527437106728257e+00,1.861213729433449407e-18,1.187516747755570645e-01
1.556000000000000050e+00,1.438473183606415517e+00,7.390644809109522405e-18,1.190711355041054187e-01
1.558000000000000052e+00,2.648988426862974421e+00,5.926971876254090649e-18,1.193898820656576071e-01
1.560000000000000053e+00,1.438363620724789627e+00,6.432932890080659899e-18,1.197079157896948631e-01
1.562000000000000055e+00,2.650755070360990118e+00,1.445602896647339165e-19,1.200252380085279347e-01
1.564000000000000057e+00,1.438252671214250711e+00,1.252253509220757621e-17,1.203418500572412675e-01
1.566000000000000059e+00,1.438196684355549593e+00,1.517883041479706208e-18,1.206577532736173852e-01
1.568000000000000060e+00,1.438140360260209860e+00,1.451023907509766870e-17,1.209729489980812256e-01
1.570000000000000062e+00,2.654286042408646296e+00,4.662069341687669066e-18,1.212874385736313204e-01
1.572000000000000064e+00,2.655168256778456026e+00,1.427532860439247402e-17,1.216012233457785668e-01
1.574000000000000066e+00,1.437969395463753131e+00,4.083828183028733111e-18,1.219143046624908133e-01
1.576000000000000068e+00,1.437911753236939205e+00,2.565945141549027289e-18,1.222266838741149636e-01
1.578000000000000069e+00,2.657813506124401925e+00,8.312216655722200982e-19,1.225383623333304167e-01
1.580000000000000071e+00,1.437795506019952541e+00,5.529431079676072613e-18,1.228493413950836471e-01
1.582000000000000073e+00,1.437736907023715816e+00,2.367174743260017886e-18,1.231596224165260184e-01
1.584000000000000075e+00,2.660456503798375394e+00,2.114194236346733646e-18,1.234692067569545665e-01
1.586000000000000076e+00,1.437618773103015002e+00,2.240684489803375959e-18,1.237780957777531582e-01
1.588000000000000078e+00,1.437559244061656472e+00,1.216113436804574192e-17,1.240862908423376737e-01
1.590000000000000080e+00,1.437499410857878246e+00,5.312590645178971727e-18,1.243937933160916692e-01
1.592000000000000082e+00,1.437439276387987519e+00,4.698209414103852804e-18,1.247006045663107271e-01
1.594000000000000083e+00,2.664855945449026819e+00,1.208885422321337444e-17,1.250067259621492066e-01
1.596000000000000085e+00,1.437318115142161901e+00,2.414156837401056437e-17,1.253121588745576553e-01
1.598000000000000087e+00,1.437257094068030483e+00,5.294520608970880243e-18,1.256169046762300456e-01
1.600000000000000089e+00,2.667491955314776675e+00,9.468698973040071543e-18,1.259209647415475419e-01
1.602000000000000091e+00,1.437134185136557107e+00,3.469446951953614189e-18,1.262243404465255570e-01
1.604000000000000092e+00,1.437072302873612983e+00,6.541353107329210342e-18,1.265270331687542993e-01
1.606000000000000094e+00,1.437010139112501861e+00,1.993124993752519087e-17,1.268290442873480361e-01
1.608000000000000096e+00,1.436947696606321045e+00,1.441988889405720897e-17,1.271303751828931072e-01
1.610000000000000098e+00,1.436884978090304799e+00,4.680139377895760550e-18,1.274310272373888886e-01
1.612000000000000099e+00,1.436821986282755148e+00,7.950815931560365528e-19,1.277310018342010522e-01
1.614000000000000101e+00,2.673630742197840249e+00,2.195509399283146479e-17,1.280303003580091636e-01
1.616000000000000103e+00,2.674506250310276556e+00,1.615461237003401607e-17,1.283289241947480064e-01
1.618000000000000105e+00,2.675381372828592674e+00,6.035392093502641093e-18,1.286268747315673644e-01
1.620000000000000107e+00,2.676256103132846675e+00,9.071158176462054278e-18,1.289241533567697107e-01
1.622000000000000108e+00,1.436503021788080758e+00,1.371515748194163109e-17,1.292207614597715437e-01
1.624000000000000110e+00,1.436438446341071540e+00,5.637851296924623057e-18,1.295167004310442127e-01
1.626000000000000112e+00,1.436373616146305210e+00,9.251858538542970657e-18,1.298119716620703967e-01
1.628000000000000114e+00,1.436308533784877994e+00,5.963111948670274387e-18,1.301065765452921186e-01
1.630000000000000115e+00,1.436243201821291393e+00,1.357059719227689768e-17,1.304005164740633660e-01
1.632000000000000117e+00,2.681495883882210052e+00,1.602812211657737491e-17,1.306937928426034068e-01
1.634000000000000119e+00,1.436111799261730937e+00,1.729302465114379572e-17,1.309864070459509644e-01
1.636000000000000121e+00,1.436045733711598160e+00,1.311884628707460365e-17,1.312783604799102888e-01
1.638000000000000123e+00,1.435979428650849599e+00,2.294894598427651180e-18,1.315696545410128537e-01
1.640000000000000124e+00,1.435912886561428792e+00,7.444854917733797627e-18,1.318602906264669250e-01
1.642000000000000126e+00,2.685850405751125436e+00,4.011548038196366406e-18,1.321502701341130681e-01
1.644000000000000128e+00,2.686719930812003554e+00,1.116728237660069567e-17,1.324395944623781018e-01
1.646000000000000130e+00,2.687588982003557447e+00,1.507041019754851163e-17,1.327282650102326045e-01
1.648000000000000131e+00,1.435644396983310145e+00,1.010115024032328349e-17,1.330162831771429521e-01
1.650000000000000133e+00,2.689325639032666970e+00,7.770115569479448957e-18,1.333036503630391223e-01
1.652000000000000135e+00,1.435508793358241775e+00,7.625555279814714006e-18,1.335903679682501621e-01
1.654000000000000137e+00,1.435440660199216012e+00,2.101545211001069531e-17,1.338764373934784035e-01
1.656000000000000139e+00,2.691926923363386237e+00,5.421010862427522170e-20,1.341618600397537775e-01
1.658000000000000140e+00,1.435303742955753137e+00,2.421384851884293108e-18,1.344466373083909594e-01
1.660000000000000142e+00,1.435234963531907937e+00,7.137664302196237010e-18,1.347307706009427675e-01
1.662000000000000144e+00,1.435165973320756905e+00,9.848169733409998095e-18,1.350142613191673002e-01
1.664000000000000146e+00,2.695388152464389009e+00,1.676899360110913422e-17,1.352971108649815013e-01
1.665999999999999925e+00,2.696252145447925130e+00,3.108046227791779506e-18,1.355793206404232454e-01
1.667999999999999927e+00,1.434957760802451077e+00,6.722053469410127491e-18,1.358608920476092052e-01
1.669999999999999929e+00,2.697978515675558242e+00,7.083454193571961789e-18,1.361418264886988805e-01
1.671999999999999931e+00,1.434817940122240287e+00,6.143812310751192114e-19,1.364221253658539357e-01
1.673999999999999932e+00,1.434747732773459461e+00,1.111307226797642045e-17,1.367017900811978992e-01
1.675999999999999934e+00,2.700563950657866030e+00,1.172745349905154014e-17,1.369808220367799423e-01
1.677999999999999936e+00,2.701424642263006604e+00,1.888318783745586787e-17,1.372592226345372146e-01
1.679999999999999938e+00,2.702284765097207497e+00,7.354504736693337897e-18,1.375369932762544878e-01
1.681999999999999940e+00,1.434464974488026456e+00,3.361026734705063745e-18,1.378141353635332078e-01
1.683999999999999941e+00,1.434393813511121607e+00,7.408714845317613119e-18,1.380906502977467809e-01
1.685999999999999943e+00,1.434322468246868709e+00,1.134798273868161359e-17,1.383665394800137616e-01
1.687999999999999945e+00,1.434250940808023955e+00,2.584015177757118773e-18,1.386418043111495024e-01
1.689999999999999947e+00,1.434179233292301348e+00,2.728575467421852954e-18,1.389164461916457816e-01
1.691999999999999948e+00,2.707433270820445159e+00,1.987703982890091334e-18,1.391904665216249781e-01
1.693999999999999950e+00,1.434035286347917548e+00,2.231649471699330063e-17,1.394638667008058219e-01
1.695999999999999952e+00,1.433963051043654957e+00,2.746645503629944438e-18,1.397366481284759432e-01
1.697999999999999954e+00,2.709999435347278052e+00,1.951563910473907981e-18,1.400088122034539861e-01
1.699999999999999956e+00,1.433818066973984173e+00,2.493664996716660198e-17,1.402803603240531938e-01
1.701999999999999957e+00,1.433745322247979459e+00,2.349104707051926402e-18,1.405512938880509322e-01
1.703999999999999959e+00,1.433672411730658069e+00,6.523283071121118088e-18,1.408216142926605741e-01
1.705999999999999961e+00,1.433599337407180485e+00,8.980807995421594548e-18,1.410913229344886721e-01
1.707999999999999963e+00,1.433526101248553175e+00,1.807003620809174137e-19,1.413604212095130597e-01
1.709999999999999964e+00,1.433452705211969658e+00,5.186100391722329799e-18,1.416289105130466575e-01
1.711999999999999966e+00,2.715965281539265419e+00,9.035018104045870925e-19,1.418967922397038062e-01
1.713999999999999968e+00,1.433305441267421543e+00,1.342603690261216273e-17,1.421640677833738431e-01
1.715999999999999970e+00,1.433231577206488083e+00,4.372948762358201474e-18,1.424307385371901546e-01
1.717999999999999972e+00,1.433157560962104782e+00,4.228388472693467293e-18,1.426968058934958150e-01
1.719999999999999973e+00,2.719360114612197066e+00,5.041540102057595618e-18,1.429622712438178012e-01
1.721999999999999975e+00,2.720207162077741714e+00,5.312590645178971727e-18,1.432271359788349352e-01
1.723999999999999977e+00,1.432934617962011714e+00,1.040834085586084257e-17,1.434914014883517108e-01
1.725999999999999979e+00,1.432860011751952101e+00,3.162256336416054728e-18,1.437550691612659859e-01
1.727999999999999980e+00,1.432785262677260363e+00,3.794707603699265519e-18,1.440181403855439468e-01
1.729999999999999982e+00,2.723588579496031059e+00,1.391392788023064126e-17,1.442806165481852476e-01
1.731999999999999984e+00,1.432635343218347401e+00,1.145640295593016403e-17,1.445424990352054129e-01
1.733999999999999986e+00,2.725275165945017619e+00,1.830494667879693422e-17,1.448037892316034192e-01
1.735999999999999988e+00,1.432484874027217359e+00,1.039027081965275031e-17,1.450644885213291935e-01
1.737999999999999989e+00,2.726958960357769968e+00,8.818177669548768883e-18,1.453245982872627129e-01
1.739999999999999991e+00,1.432333869342688359e+00,8.872387778173044105e-18,1.455841199111913009e-01
1.741999999999999993e+00,1.432258170584571388e+00,6.631703288369668531e-18,1.458430547737711858e-01
1.743999999999999995e+00,1.432182343201191088e+00,4.589789196855302361e-18,1.461014042545168701e-01
1.745999999999999996e+00,1.432106388916022155e+00,7.517135062566163562e-18,1.463591697317611351e-01
1.747999999999999998e+00,2.731156021883009544e+00,3.686287386450715076e-18,1.466163525826404135e-01
1.750000000000000000e+00,1.431954106472613120e+00,1.266709538187230962e-17,1.468729541830654794e-01
1.752000000000000002e+00,2.732829795132751372e+00,6.830473686658677934e-18,1.471289759076952752e-01
1.754000000000000004e+00,1.431801336797274615e+00,2.836995684670403397e-18,1.473844191299187312e-01
1.756000000000000005e+00,2.734500636516681737e+00,5.023470065849504134e-18,1.476392852218212370e-01
1.758000000000000007e+00,1.431648093238827357e+00,1.178166360767581536e-17,1.478935755541722907e-01
1.760000000000000009e+00,1.431571297872537230e+00,8.565197162635485029e-18,1.481472914963909981e-01
1.762000000000000011e+00,2.737001337103073695e+00,1.846757700466975989e-17,1.484004344165325839e-01
1.764000000000000012e+00,1.431417368100710519e+00,9.685539407537172430e-18,1.486530056812605527e-01
1.766000000000000014e+00,1.431340236913698050e+00,4.860839739976678469e-18,1.489050066558231245e-01
1.768000000000000016e+00,2.739495277972995524e+00,1.008308020411519124e-17,1.491564387040343331e-01
1.770000000000000018e+00,2.740325073104280307e+00,1.427532860439247402e-17,1.494073031882514890e-01
1.772000000000000020e+00,2.741154103274624276e+00,6.848543722866769418e-18,1.496576014693514201e-01
1.774000000000000021e+00,1.431030640499574957e+00,1.460058925613812535e-17,1.499073349067143734e-01
1.776000000000000023e+00,1.430952981295217086e+00,7.589415207398531038e-19,1.501565048581930684e-01
1.778000000000000025e+00,1.430875221136787445e+00,3.433306879537430836e-18,1.504051126801013161e-01
1.780000000000000027e+00,1.430797361547803348e+00,3.089976191583687637e-18,1.506531597271930090e-01
1.782000000000000028e+00,1.430719404040750931e+00,2.014809037202229176e-17,1.509006473526364467e-01
1.784000000000000030e+00,1.430641350116932387e+00,6.993104012531503599e-18,1.511475769079972109e-01
1.786000000000000032e+00,1.430563201266252804e+00,8.619407271259760250e-18,1.513939497432190973e-01
1.788000000000000034e+00,1.430484958968328613e+00,1.499813005271614531e-18,1.516397672066046032e-01
1.790000000000000036e+00,1.430406624691709538e+00,2.533419076374461925e-17,1.518850306447968868e-01
1.792000000000000037e+00,1.430328199893427410e+00,2.470173949646141038e-17,1.521297414027552308e-01
1.794000000000000039e+00,2.750222006772439443e+00,7.408714845317613119e-18,1.523739008237458004e-01
1.796000000000000041e+00,1.430171084509492374e+00,3.162256336416054728e-18,1.526175102493167179e-01
1.798000000000000043e+00,1.430092396785365594e+00,5.041540102057595618e-18,1.528605710192782741e-01
1.800000000000000044e+00,1.430013624263143157e+00,1.170938346284344789e-17,1.531030844716926298e-01
1.802000000000000046e+00,2.753495546404401750e+00,2.023844055306275072e-18,1.533450519428520287e-01
1.804000000000000048e+00,1.429855830431979058e+00,3.144186300207962859e-18,1.535864747672583130e-01
1.806000000000000050e+00,1.429776811900467237e+00,4.625929269271485328e-18,1.538273542776124603e-01
1.808000000000000052e+00,1.429697714126429986e+00,2.050949109618412452e-17,1.540676918047921840e-01
1.810000000000000053e+00,1.429618538472315237e+00,1.366094737331735587e-17,1.543074886778394716e-01
1.812000000000000055e+00,1.429539286291582556e+00,1.564865135620744836e-17,1.545467462239411005e-01
1.814000000000000057e+00,1.429459958926607044e+00,8.023096076392732812e-18,1.547854657684171742e-01
1.816000000000000059e+00,2.759192760696219437e+00,8.962737959213503835e-18,1.550236486346964759e-01
1.818000000000000060e+00,2.760003333485830268e+00,2.818925648462311528e-18,1.552612961443117778e-01
1.820000000000000062e+00,1.429221539003659558e+00,8.727827488508310694e-18,1.554984096168774976e-01
1.822000000000000064e+00,1.429141924129268659e+00,5.601711224508439319e-18,1.557349903700756821e-01
1.824000000000000066e+00,2.762430021066091257e+00,1.633531273211493245e-17,1.559710397196419907e-01
1.826000000000000068e+00,2.763237231465325294e+00,1.376936759056590631e-17,1.562065589793522613e-01
1.828000000000000069e+00,1.428902672907483407e+00,6.631703288369668531e-18,1.564415494610061907e-01
1.830000000000000071e+00,2.764849109033608698e+00,6.685913396993943753e-18,1.566760124744113469e-01
1.832000000000000073e+00,1.428742845973427933e+00,7.733975497063264449e-18,1.569099493273759804e-01
1.834000000000000075e+00,2.766457579319720139e+00,1.382357769919018153e-17,1.571433613256868755e-01
1.836000000000000076e+00,2.767260530727259749e+00,2.529805069132843551e-18,1.573762497731022725e-01
1.838000000000000078e+00,1.428502641385087202e+00,1.396813798885491649e-17,1.576086159713336876e-01
1.840000000000000080e+00,2.768863854319889128e+00,7.462924953941888341e-18,1.578404612200391965e-01
1.842000000000000082e+00,2.769664221891382283e+00,1.698583403560623549e-18,1.580717868168010354e-01
1.844000000000000083e+00,2.770463723619247531e+00,2.023844055306275072e-18,1.583025940571232970e-01
1.846000000000000085e+00,1.428181553415402760e+00,1.116728237660069567e-17,1.585328842344131683e-01
1.848000000000000087e+00,2.772060120633028646e+00,5.240310500346605021e-18,1.587626586399674133e-01
1.850000000000000089e+00,1.428020681591771535e+00,6.613633252161577047e-18,1.589919185629677656e-01
1.852000000000000091e+00,1.427940167825877182e+00,1.463672932855430986e-18,1.592206652904608333e-01
1.854000000000000092e+00,1.427859603697768875e+00,1.342603690261216273e-17,1.594489001073522150e-01
1.856000000000000094e+00,2.775242428109006454e+00,2.439454888092384977e-18,1.596766242963910398e-01
1.858000000000000096e+00,1.427698328921326976e+00,1.275744556291276935e-17,1.599038391381624735e-01
1.860000000000000098e+00,2.776828304844983109e+00,1.915423838057724397e-17,1.601305459110731189e-01
1.862000000000000099e+00,1.427536866308745545e+00,8.619407271259760250e-18,1.603567458913424670e-01
1.864000000000000101e+00,1.427456067352881774e+00,9.540979117872439019e-18,1.605824403529922395e-01
1.866000000000000103e+00,2.779200477976118577e+00,1.823266653396456520e-17,1.608076305678340090e-01
1.868000000000000105e+00,1.427294339643651711e+00,6.812403650450586450e-18,1.610323178054621496e-01
1.870000000000000107e+00,2.780777475913044583e+00,1.351638708365262246e-17,1.612565033332372111e-01
1.872000000000000108e+00,2.781564633925174945e+00,9.035018104045870925e-19,1.614801884162882506e-01
1.874000000000000110e+00,2.782350895489482667e+00,7.661695352230898514e-18,1.617033743174884353e-01
1.876000000000000112e+00,1.426970395313290396e+00,3.415236843329338967e-18,1.619260622974553199e-01
1.878000000000000114e+00,1.426889313583803442e+00,2.856872724499304184e-17,1.621482536145441578e-01
1.880000000000000115e+00,1.426808195691410930e+00,9.920449878242365571e-18,1.623699495248214775e-01
1.882000000000000117e+00,1.426727042669458712e+00,2.764715539838036307e-18,1.625911512820768512e-01
1.884000000000000119e+00,1.426645855543785757e+00,2.340069688947880506e-17,1.628118601378039099e-01
1.886000000000000121e+00,1.426564635331626363e+00,7.390644809109522405e-18,1.630320773411889079e-01
1.888000000000000123e+00,1.426483383042267405e+00,1.263095530945612666e-17,1.632518041391142760e-01
1.890000000000000124e+00,1.426402099677233082e+00,1.324533654053124635e-17,1.634710417761322532e-01
1.892000000000000126e+00,1.426320786230093063e+00,1.456444918372194392e-17,1.636897914944763499e-01
1.894000000000000128e+00,1.426239443686046826e+00,2.056370120480839974e-17,1.639080545340356743e-01
1.896000000000000130e+00,1.426158073023668038e+00,1.928072863403388821e-17,1.641258321323627034e-01
1.898000000000000131e+00,2.791715472909551465e+00,1.138412281109779656e-17,1.643431255246537159e-01
1.900000000000000133e+00,1.425995251214992265e+00,7.408714845317613119e-18,1.645599359437464604e-01
1.902000000000000135e+00,1.425913801986077090e+00,5.240310500346605021e-18,1.647762646201140768e-01
1.904000000000000137e+00,1.425832328472697696e+00,4.951189921017136659e-18,1.649921127818542721e-01
1.906000000000000139e+00,2.794807753003681228e+00,3.700743415417188263e-17,1.652074816546847125e-01
1.908000000000000140e+00,1.425669312343789130e+00,1.174552353525963201e-18,1.654223724619379166e-01
1.910000000000000142e+00,1.425587771584577723e+00,1.575707157345599880e-17,1.656367864245503196e-01
1.912000000000000144e+00,1.425506210254464889e+00,2.262368533253085816e-17,1.658507247610560842e-01
1.914000000000000146e+00,1.425424629263364551e+00,4.282598581317742514e-18,1.660641886875859896e-01
1.916000000000000147e+00,1.425343029513534532e+00,1.445602896647339310e-18,1.662771794178541929e-01
1.918000000000000149e+00,1.425261411900471842e+00,1.375129755435781406e-17,1.664896981631609485e-01
1.919999999999999929e+00,1.425179777312301610e+00,7.968885967768457590e-18,1.667017461323748728e-01
1.921999999999999931e+00,1.425098126629400497e+00,2.549682108961744491e-17,1.669133245319373848e-01
1.923999999999999932e+00,1.425016460726155287e+00,7.697835424647081481e-18,1.671244345658532415e-01
1.925999999999999934e+00,1.424934780468813500e+00,1.270323545428849413e-17,1.673350774356836823e-01
1.927999999999999936e+00,1.424853086717320139e+00,5.746271514173173500e-18,1.675452543405435979e-01
1.929999999999999938e+00,1.424771380324383330e+00,3.415236843329338967e-18,1.677549664770959237e-01
1.931999999999999940e+00,1.424689662135424584e+00,1.564865135620744836e-17,1.679642150395434519e-01
1.933999999999999941e+00,1.424607932989555792e+00,1.075167154381458615e-17,1.681730012196273882e-01
1.935999999999999943e+00,1.424526193719064082e+00,1.113114230418451270e-17,1.683813262066242988e-01
1.937999999999999945e+00,1.424444445148822069e+00,1.807003620809173954e-17,1.685891911873326210e-01
1.939999999999999947e+00,1.424362688097410512e+00,8.637477307467852505e-18,1.687965973460787417e-01
1.941999999999999948e+00,1.424280923376723962e+00,1.987703982890091334e-18,1.690035458647077826e-01
1.943999999999999950e+00,2.809292760778202336e+00,1.102272208693596226e-17,1.692100379225777163e-01
1.945999999999999952e+00,1.424117374141040671e+00,2.114194236346733646e-18,1.694160746965591713e-01
1.947999999999999954e+00,2.810797745089598010e+00,5.059610138265687680e-19,1.696216573610251910e-01
1.949999999999999956e+00,1.423953803804188567e+00,4.662069341687669066e-18,1.698267870878554242e-01
1.951999999999999957e+00,1.423872012682270594e+00,1.342603690261216273e-17,1.700314650464259392e-01
1.953999999999999959e+00,1.423790218623306458e+00,1.642566291315539218e-17,1.702356924036098895e-01
1.955999999999999961e+00,2.813796320661147377e+00,2.638225286381393994e-18,1.704394703237696318e-01
1.957999999999999963e+00,1.423626624753065784e+00,8.384496800554567109e-18,1.706427999687574470e-01
1.959999999999999964e+00,1.423544826454939738e+00,5.330660681387063210e-18,1.708456824979108502e-01
1.961999999999999966e+00,2.816035254796240395e+00,7.318364664277154930e-18,1.710481190680471775e-01
1.963999999999999968e+00,1.423381230868606906e+00,8.438706909178842331e-18,1.712501108334632538e-01
1.965999999999999970e+00,1.423299435056044615e+00,5.872761767629815427e-18,1.714516589459340323e-01
1.967999999999999972e+00,1.423217641537586786e+00,9.793959624785722874e-18,1.716527645547031300e-01
1.969999999999999973e+00,1.423135851035876698e+00,2.457524924300476845e-18,1.718534288064871851e-01
1.971999999999999975e+00,1.423054064266885632e+00,3.071906155375595768e-18,1.720536528454693070e-01
1.973999999999999977e+00,1.422972281941571993e+00,3.758567531283081781e-18,1.722534378132989374e-01
1.975999999999999979e+00,1.422890504764431796e+00,1.203464411458909922e-17,1.724527848490867987e-01
1.977999999999999980e+00,1.422808733433598150e+00,1.427532860439247402e-17,1.726516950894059488e-01
1.979999999999999982e+00,1.422726968642241019e+00,8.818177669548768883e-18,1.728501696682850919e-01
1.981999999999999984e+00,1.422645211077043115e+00,2.168404344971008868e-18,1.730482097172110767e-01
1.983999999999999986e+00,1.422563461418725694e+00,6.216092455583559012e-18,1.732458163651242333e-01
1.985999999999999988e+00,1.422481720342691602e+00,1.264902534566421775e-18,1.734429907384194836e-01
1.987999999999999989e+00,1.422399988518677105e+00,1.344410693882025498e-17,1.736397339609375701e-01
1.989999999999999991e+00,1.422318266610162141e+00,9.432558900623888576e-18,1.738360471539731056e-01
1.991999999999999993e+00,1.422236555275457448e+00,8.456776945386934585e-18,1.740319314362662184e-01
1.993999999999999995e+00,1.422154855167050869e+00,7.228014483236696740e-18,1.742273879240037737e-01
1.995999999999999996e+00,1.422073166931770771e+00,2.312964634635742664e-18,1.744224177308155987e-01
1.997999999999999998e+00,1.421991491211262115e+00,8.818177669548768883e-18,1.746170219677757596e-01
2.000000000000000000e+00,1.421909828641304330e+00,2.211772431870429045e-17,1.748112017434030885e-01
2.002000000000000224e+00,1.421828179852241192e+00,7.914675859144182368e-18,1.750049581636536067e-01
2.004000000000000004e+00,1.421746545469485312e+00,1.109500223176832819e-17,1.751982923319255203e-01
2.006000000000000227e+00,1.421664926112299554e+00,1.749179504943280590e-17,1.753912053490573053e-01
2.008000000000000007e+00,1.421583322395029825e+00,1.438374882164102446e-17,1.755836983133227946e-01
2.010000000000000231e+00,1.421501734926714278e+00,1.015536034894755871e-17,1.757757723204393663e-01
2.012000000000000011e+00,1.421420164311125944e+00,1.138412281109779656e-17,1.759674284635542874e-01
2.014000000000000234e+00,1.421338611146435227e+00,7.228014483236696740e-18,1.761586678332580091e-01
2.016000000000000014e+00,1.421257076026250843e+00,2.746645503629944438e-18,1.763494915175738142e-01
2.018000000000000238e+00,1.421175559538387034e+00,1.767249541151372227e-17,1.765399006019613415e-01
2.020000000000000018e+00,2.837232445838900219e+00,1.026378056619610916e-17,1.767298961693158921e-01
2.022000000000000242e+00,1.421012584786573996e+00,6.469072962496842866e-18,1.769194792999704557e-01
2.024000000000000021e+00,1.420931127673313199e+00,5.782411586589357238e-18,1.771086510716901596e-01
2.026000000000000245e+00,1.420849691493796030e+00,1.770863548392990447e-18,1.772974125596785133e-01
2.028000000000000025e+00,1.420768276810751019e+00,5.529431079676072613e-18,1.774857648365691931e-01
2.030000000000000249e+00,1.420686884182064347e+00,1.102272208693596226e-17,1.776737089724386154e-01
2.032000000000000028e+00,2.841516467904064314e+00,4.806629631352403248e-18,1.778612460347955837e-01
2.034000000000000252e+00,1.420524167294434648e+00,9.287998610959155165e-18,1.780483770885837591e-01
2.036000000000000032e+00,1.420442844126551307e+00,9.649399335120989463e-18,1.782351031961851295e-01
2.038000000000000256e+00,1.420361545195476083e+00,1.915423838057724397e-17,1.784214254174163738e-01
2.040000000000000036e+00,1.420280271034741304e+00,7.372574772901430151e-18,1.786073448095352734e-01
2.042000000000000259e+00,1.420199022173051162e+00,1.134798273868161359e-17,1.787928624272372702e-01
2.044000000000000039e+00,1.420117799134548164e+00,4.806629631352403248e-18,1.789779793226507487e-01
2.046000000000000263e+00,1.420036602438418782e+00,8.312216655722200982e-19,1.791626965453510245e-01
2.048000000000000043e+00,1.419955432599760314e+00,3.541727096785980894e-18,1.793470151423489645e-01
2.049999999999999822e+00,1.419874290128571914e+00,2.226228460836902541e-17,1.795309361580986474e-01
2.052000000000000046e+00,1.419793175530038809e+00,5.023470065849504134e-18,1.797144606344967255e-01
2.053999999999999826e+00,1.419712089305612324e+00,2.312964634635742664e-18,1.798975896108827854e-01
2.056000000000000050e+00,1.419631031951588795e+00,1.409462824231155764e-18,1.800803241240370445e-01
2.057999999999999829e+00,1.419550003959937357e+00,1.105886215935214523e-17,1.802626652081943115e-01
2.060000000000000053e+00,2.851376316355505480e+00,8.637477307467852505e-18,1.804446138950244471e-01
2.061999999999999833e+00,1.419388038009167019e+00,1.738337483218425545e-17,1.806261712136525421e-01
2.064000000000000057e+00,1.419307101011703764e+00,8.673617379884035472e-18,1.808073381906528110e-01
2.065999999999999837e+00,2.853464309039061675e+00,1.282972570774513529e-17,1.809881158500500076e-01
2.068000000000000060e+00,1.419145321344952748e+00,6.505213034913026604e-19,1.811685052133179819e-01
2.069999999999999840e+00,1.419064479611126472e+00,1.647987302177966740e-17,1.813485072993885894e-01
2.072000000000000064e+00,1.418983670560429289e+00,3.903127820947815962e-18,1.815281231246453075e-01
2.073999999999999844e+00,1.418902894649811230e+00,1.832301671500502493e-17,1.817073537029329777e-01
2.076000000000000068e+00,1.418822152332442244e+00,6.577493179745393310e-18,1.818862000455503114e-01
2.077999999999999847e+00,1.418741444056870193e+00,2.312964634635742664e-18,1.820646631612613808e-01
2.080000000000000071e+00,1.418660770267720750e+00,4.011548038196366406e-18,1.822427440562922329e-01
2.081999999999999851e+00,1.418580131405867917e+00,5.963111948670274387e-18,1.824204437343287799e-01
2.084000000000000075e+00,1.418499527907229663e+00,3.035766082959412415e-18,1.825977631965277070e-01
2.085999999999999854e+00,1.418418960204419932e+00,2.385244779468109755e-18,1.827747034415137528e-01
2.088000000000000078e+00,1.418338428725746780e+00,2.421384851884293108e-18,1.829512654653792647e-01
2.089999999999999858e+00,1.418257933895333167e+00,2.710505431213761085e-18,1.831274502616943578e-01
2.092000000000000082e+00,1.418177476133688941e+00,1.687741381835768466e-17,1.833032588215000869e-01
2.093999999999999861e+00,1.418097055857103328e+00,8.926597886797319326e-18,1.834786921333125265e-01
2.096000000000000085e+00,1.418016673478032175e+00,7.444854917733797627e-18,1.836537511831320968e-01
2.097999999999999865e+00,1.417936329404870577e+00,8.745897524716402948e-18,1.838284369544388452e-01
2.100000000000000089e+00,1.417856024042716712e+00,1.420304845956010809e-17,1.840027504281958048e-01
2.101999999999999869e+00,1.417775757791936542e+00,2.638225286381393994e-18,1.841766925828539347e-01
2.104000000000000092e+00,1.417695531049904645e+00,7.842395714311814892e-18,1.843502643943532582e-01
2.105999999999999872e+00,1.417615344209806949e+00,1.051676107310939301e-17,1.845234668361242225e-01
2.108000000000000096e+00,1.417535197661013768e+00,2.349104707051926402e-18,1.846963008790913907e-01
2.109999999999999876e+00,1.417455091789509680e+00,1.355252715606880543e-17,1.848687674916774659e-01
2.112000000000000099e+00,1.417375026977300223e+00,1.720267447010333599e-17,1.850408676398035135e-01
2.113999999999999879e+00,1.417295003602482950e+00,1.373322751814972219e-18,1.852126022868944011e-01
2.116000000000000103e+00,1.417215022040327455e+00,1.156482317317871448e-17,1.853839723938770778e-01
2.117999999999999883e+00,1.417135082661765466e+00,2.988783988818374095e-17,1.855549789191898169e-01
2.120000000000000107e+00,1.417055185834293241e+00,8.095376221225100288e-18,1.857256228187777192e-01
2.121999999999999886e+00,1.416975331921808134e+00,2.963485938127045325e-18,1.858959050461032880e-01
2.124000000000000110e+00,1.416895521284772030e+00,3.686287386450715076e-18,1.860658265521419608e-01
2.125999999999999890e+00,1.416815754279951989e+00,1.575707157345599880e-17,1.862353882853904630e-01
2.128000000000000114e+00,1.416736031261262241e+00,1.890125787366396166e-17,1.864045911918695564e-01
2.129999999999999893e+00,1.416656352578115730e+00,1.358866722848498839e-17,1.865734362151225401e-01
2.132000000000000117e+00,1.416576718577267968e+00,9.613259262704806495e-18,1.867419242962256309e-01
2.133999999999999897e+00,1.416497129601847149e+00,1.590163186312073106e-18,1.869100563737805254e-01
2.136000000000000121e+00,1.416417585991322170e+00,1.640759287694730146e-17,1.870778333839299146e-01
2.137999999999999901e+00,1.416338088082227387e+00,8.348356728138384142e-18,1.872452562603527382e-01
2.140000000000000124e+00,1.416258636207338384e+00,1.207078418700528219e-17,1.874123259342687364e-01
2.141999999999999904e+00,1.416179230696556601e+00,3.614007241618348370e-18,1.875790433344433072e-01
2.144000000000000128e+00,1.416099871876181027e+00,1.084202172485504434e-18,1.877454093871915586e-01
2.145999999999999908e+00,1.416020560069242151e+00,1.843143693225357538e-18,1.879114250163771982e-01
2.148000000000000131e+00,1.415941295595697369e+00,5.131890283098054578e-18,1.880770911434213599e-01
2.149999999999999911e+00,1.415862078772022414e+00,2.565945141549027289e-18,1.882424086873021041e-01
2.152000000000000135e+00,1.415782909911843745e+00,1.076974158002267686e-17,1.884073785645608012e-01
2.153999999999999915e+00,1.415703789325146289e+00,1.337182679398788751e-17,1.885720016893044082e-01
2.156000000000000139e+00,1.415624717319435177e+00,7.950815931560365336e-18,1.887362789732074941e-01
2.157999999999999918e+00,1.415545694198236504e+00,1.915423838057724628e-18,1.889002113255182635e-01
2.160000000000000142e+00,1.415466720262749334e+00,1.807003620809174185e-18,1.890637996530617204e-01
2.161999999999999922e+00,1.415387795810580940e+00,1.434760874922484304e-17,1.892270448602409727e-01
2.164000000000000146e+00,1.415308921136553266e+00,1.622689251486638200e-17,1.893899478490463362e-01
2.165999999999999925e+00,1.415230096532283710e+00,4.770489558936219510e-18,1.895525095190507825e-01
2.168000000000000149e+00,1.415151322286554603e+00,2.891205793294678330e-19,1.897147307674222072e-01
2.169999999999999929e+00,1.415072598685007677e+00,1.734723475976807094e-18,1.898766124889214035e-01
2.172000000000000153e+00,1.414993926010161829e+00,2.902047815019533740e-17,1.900381555759075025e-01
2.173999999999999932e+00,1.414915304541999319e+00,1.221534447667001714e-17,1.901993609183454670e-01
2.176000000000000156e+00,1.414836734557237463e+00,2.385244779468109755e-18,1.903602294037992637e-01
2.177999999999999936e+00,1.414758216329762064e+00,2.059984127722458425e-18,1.905207619174540123e-01
2.180000000000000160e+00,1.414679750130634517e+00,3.324886662288880393e-18,1.906809593420982218e-01
2.181999999999999940e+00,1.414601336228006545e+00,7.228014483236696548e-19,1.908408225581472994e-01
2.184000000000000163e+00,2.892753746012687088e+00,1.029992063861229212e-17,1.910003524436313660e-01
2.185999999999999943e+00,1.414444666370986425e+00,2.168404344971008868e-18,1.911595498742124644e-01
2.188000000000000167e+00,1.414366410938850294e+00,1.355252715606880543e-17,1.913184157231794802e-01
2.189999999999999947e+00,1.414288208847501949e+00,4.257300530626414283e-17,1.914769508614559135e-01
2.192000000000000171e+00,1.414210060351457798e+00,4.878909776184769953e-18,1.916351561576041529e-01
2.193999999999999950e+00,1.414131965701869831e+00,1.416690838714392358e-17,1.917930324778303330e-01
2.196000000000000174e+00,1.414053925147577218e+00,1.301042606982605321e-18,1.919505806859819474e-01
2.197999999999999954e+00,1.413975938934594723e+00,1.445602896647339310e-18,1.921078016435631419e-01
2.200000000000000178e+00,1.413898007306144677e+00,1.991317990131709708e-17,1.922646962097306622e-01
2.201999999999999957e+00,1.413820130503161465e+00,1.369708744573353884e-17,1.924212652412989333e-01
2.204000000000000181e+00,1.413742308763385580e+00,1.799775606325937360e-17,1.925775095927463321e-01
2.205999999999999961e+00,1.413664542322351281e+00,2.822539655703929671e-17,1.927334301162201002e-01
2.208000000000000185e+00,1.413586831413084610e+00,1.843143693225357538e-17,1.928890276615360111e-01
2.209999999999999964e+00,1.413509176265375089e+00,1.687741381835768466e-17,1.930443030761889722e-01
2.212000000000000188e+00,1.413431577107221671e+00,9.504839045456256052e-18,1.931992572053534696e-01
2.213999999999999968e+00,1.413354034163592843e+00,1.022764049377992465e-17,1.933538908918864263e-01
2.216000000000000192e+00,1.413276547657225990e+00,1.178166360767581536e-17,1.935082049763361400e-01
2.217999999999999972e+00,1.413199117808211724e+00,1.694969396319005368e-17,1.936622002969423662e-01
2.220000000000000195e+00,1.413121744834224813e+00,3.577867169202164632e-18,1.938158776896456159e-01
2.221999999999999975e+00,1.413044428949906006e+00,2.674365358797577732e-18,1.939692379880844364e-01
2.224000000000000199e+00,1.412967170368869319e+00,5.782411586589357238e-18,1.941222820236042923e-01
2.225999999999999979e+00,1.412889969300671567e+00,1.384164773539827379e-17,1.942750106252658926e-01
2.228000000000000203e+00,1.412812825953306373e+00,2.312964634635742664e-18,1.944274246198395562e-01
2.229999999999999982e+00,1.412735740532557571e+00,3.614007241618347913e-20,1.945795248318213377e-01
2.232000000000000206e+00,1.412658713241338404e+00,1.084202172485504434e-18,1.947313120834240630e-01
2.233999999999999986e+00,1.412581744280327456e+00,1.185394375250818130e-17,1.948827871945972012e-01
2.236000000000000210e+00,1.412504833847897601e+00,2.312964634635742664e-18,1.950339509830173457e-01
2.237999999999999989e+00,1.412427982140378901e+00,1.698583403560623549e-18,1.951848042641015635e-01
2.240000000000000213e+00,1.412351189351060299e+00,1.015536034894755871e-17,1.953353478510103935e-01
2.241999999999999993e+00,1.412274455672172024e+00,8.745897524716402948e-18,1.954855825546492343e-01
2.244000000000000217e+00,1.412197781292277909e+00,1.966019939440381476e-17,1.956355091836768922e-01
2.245999999999999996e+00,1.412121166398485173e+00,3.180326372624146211e-18,1.957851285445056100e-01
2.248000000000000220e+00,1.412044611175925724e+00,1.590163186312073106e-18,1.959344414413103086e-01
2.250000000000000000e+00,1.411968115806661928e+00,1.069746143519031093e-17,1.960834486760308637e-01
2.252000000000000224e+00,1.411891680471061505e+00,3.903127820947815962e-18,1.962321510483764353e-01
2.254000000000000004e+00,1.411815305347545291e+00,3.397166807121247098e-18,1.963805493558318793e-01
2.256000000000000227e+00,1.411738990611770106e+00,1.879283765641540891e-18,1.965286443936597460e-01
2.258000000000000007e+00,1.411662736437573784e+00,2.782785576046128176e-18,1.966764369549076907e-01
2.260000000000000231e+00,1.411586542996783322e+00,7.733975497063264449e-18,1.968239278304121098e-01
2.262000000000000011e+00,1.411510410458962639e+00,2.312964634635742664e-18,1.969711178088008885e-01
2.264000000000000234e+00,1.411434338991391257e+00,8.998878031629686802e-18,1.971180076765012557e-01
2.266000000000000014e+00,1.411358328759494185e+00,2.891205793294678619e-18,1.972645982177436974e-01
2.268000000000000238e+00,1.411282379926646513e+00,6.794333614242494196e-18,1.974108902145652877e-01
2.270000000000000018e+00,1.411206492653917621e+00,7.517135062566163562e-18,1.975568844468139629e-01
2.272000000000000242e+00,1.411130667100774616e+00,9.251858538542970657e-18,1.977025816921552104e-01
2.274000000000000021e+00,1.411054903424197704e+00,1.337182679398788866e-18,1.978479827260799517e-01
2.276000000000000245e+00,1.410979201779223757e+00,2.421384851884293108e-18,1.979930883218989912e-01
2.278000000000000025e+00,1.410903562319489879e+00,6.143812310751191536e-18,1.981378992507585868e-01
2.280000000000000249e+00,1.410827985195655998e+00,1.427532860439247402e-17,1.982824162816389513e-01
2.282000000000000028e+00,1.410752470557262939e+00,1.189008382492436581e-17,1.984266401813638003e-01
2.284000000000000252e+00,1.410677018551560025e+00,1.337182679398788751e-17,1.985705717145981319e-01
2.286000000000000032e+00,1.410601629323711137e+00,9.468698973040071543e-18,1.987142116438611050e-01
2.288000000000000256e+00,1.410526303017423544e+00,1.886511780124777715e-17,1.988575607295249292e-01
2.290000000000000036e+00,1.410451039774251569e+00,6.396792817664476161e-18,1.990006197298206381e-01
2.292000000000000259e+00,1.410375839733458037e+00,1.517883041479706208e-18,1.991433894008494965e-01
2.294000000000000039e+00,1.410300703032920211e+00,1.915423838057724628e-18,1.992858704965750349e-01
2.296000000000000263e+00,1.410225629809058745e+00,2.182860373937482363e-17,1.994280637688386759e-01
2.298000000000000043e+00,1.410150620195206983e+00,8.962737959213503835e-18,1.995699699673645355e-01
2.300000000000000266e+00,1.410075674324211548e+00,9.685539407537172430e-18,1.997115898397545108e-01
2.302000000000000046e+00,1.410000792325920571e+00,2.168404344971008868e-18,1.998529241315041560e-01
2.304000000000000270e+00,1.409925974329446774e+00,8.239936510889833698e-18,1.999939735859990186e-01
2.306000000000000050e+00,1.409851220461380450e+00,1.481742969063522624e-17,2.001347389445301828e-01
2.307999999999999829e+00,1.409776530846624354e+00,1.066132136277412642e-17,2.002752209462836108e-01
2.310000000000000053e+00,1.409701905608866213e+00,5.168030355514237545e-18,2.004154203283604885e-01
2.311999999999999833e+00,1.409627344869356591e+00,2.049142105997603380e-17,2.005553378257724229e-01
2.314000000000000057e+00,1.409552848747917864e+00,1.405848816989537313e-17,2.006949741714492141e-01
2.315999999999999837e+00,1.409478417362745262e+00,7.264154555652879708e-18,2.008343300962451283e-01
2.318000000000000060e+00,1.409404050830158184e+00,1.257674520083185143e-17,2.009734063289431438e-01
2.319999999999999840e+00,1.409329749264880860e+00,4.047688110612550144e-18,2.011122035962570609e-01
2.322000000000000064e+00,1.409255512779751029e+00,5.421010862427522170e-18,2.012507226228389401e-01
2.323999999999999844e+00,1.409181341486224426e+00,3.577867169202164632e-18,2.013889641312870682e-01
2.326000000000000068e+00,1.409107235494211352e+00,5.890831803837907682e-18,2.015269288421422111e-01
2.327999999999999847e+00,1.409033194911383902e+00,6.216092455583559012e-18,2.016646174739005482e-01
2.330000000000000071e+00,1.408959219844327038e+00,1.951563910473907981e-18,2.018020307430172799e-01
2.331999999999999851e+00,1.408885310397746338e+00,7.155734338404329264e-18,2.019391693639079610e-01
2.334000000000000075e+00,1.408811466675157220e+00,6.794333614242494196e-18,2.020760340489562989e-01
2.335999999999999854e+00,1.408737688777531361e+00,1.369708744573353884e-17,2.022126255085179569e-01
2.338000000000000078e+00,1.408663976805552664e+00,5.059610138265687102e-18,2.023489444509276869e-01
2.339999999999999858e+00,1.408590330857261819e+00,7.733975497063264449e-18,2.024849915824982471e-01
2.342000000000000082e+00,1.408516751029804226e+00,1.611847229761783156e-17,2.026207676075371389e-01
2.343999999999999861e+00,1.408443237418349980e+00,3.505587024369797927e-18,2.027562732283326175e-01
2.346000000000000085e+00,1.408369790117017573e+00,1.170938346284344789e-17,2.028915091451833075e-01
2.347999999999999865e+00,1.408296409217765444e+00,2.132264272554825515e-18,2.030264760563801618e-01
2.350000000000000089e+00,1.408223094811592802e+00,3.216466445040329949e-18,2.031611746582236422e-01
2.351999999999999869e+00,1.408149846987825526e+00,2.175632359454245462e-17,2.032956056450281324e-01
2.354000000000000092e+00,1.408076665834215646e+00,3.614007241618348370e-18,2.034297697091228263e-01
2.355999999999999872e+00,1.408003551437307266e+00,1.514269034238087757e-17,2.035636675408592222e-01
2.358000000000000096e+00,1.407930503881797080e+00,4.698209414103852804e-18,2.036972998286152303e-01
2.359999999999999876e+00,1.407857523251234255e+00,4.011548038196366406e-18,2.038306672588016399e-01
2.362000000000000099e+00,1.407784609627633188e+00,5.493291007259888876e-18,2.039637705158642567e-01
2.363999999999999879e+00,1.407711763091704427e+00,1.333568672157170454e-17,2.040966102822911743e-01
2.366000000000000103e+00,1.407638983722346637e+00,2.949029909160572061e-17,2.042291872386178819e-01
2.367999999999999883e+00,1.407566271597669783e+00,1.055290114552557598e-17,2.043615020634290125e-01
2.370000000000000107e+00,1.407493626793691277e+00,9.143438321294420213e-18,2.044935554333681405e-01
2.371999999999999886e+00,1.407421049386002210e+00,1.966019939440381476e-17,2.046253480231389199e-01
2.374000000000000110e+00,1.407348539447831115e+00,1.084202172485504434e-18,2.047568805055103303e-01
2.375999999999999890e+00,1.407276097051568087e+00,2.385244779468109755e-18,2.048881535513241148e-01
2.378000000000000114e+00,1.407203722268242529e+00,6.758193541826311229e-18,2.050191678294983888e-01
2.379999999999999893e+00,1.407131415167174993e+00,9.396418828207705608e-18,2.051499240070319419e-01
2.382000000000000117e+00,1.407059175816925745e+00,1.048062100069321004e-17,2.052804227490090117e-01
2.383999999999999897e+00,1.406987004284644627e+00,1.348024701123643795e-17,2.054106647186046963e-01
2.386000000000000121e+00,1.406914900635531041e+00,6.432932890080659899e-18,2.055406505770903947e-01
2.387999999999999901e+00,1.406842864934109372e+00,1.485356976305141075e-17,2.056703809838376085e-01
2.390000000000000124e+00,1.406770897243518448e+00,2.020230048064656698e-17,2.057998565963254922e-01
2.391999999999999904e+00,1.406698997625639436e+00,9.251858538542970657e-18,2.059290780701416024e-01
2.394000000000000128e+00,1.406627166141245056e+00,1.272130549049658485e-17,2.060580460589915563e-01
2.395999999999999908e+00,1.406555402849082981e+00,6.505213034913026604e-19,2.061867612146994488e-01
2.398000000000000131e+00,1.406483707807563377e+00,4.264528545109651031e-18,2.063152241872161508e-01
2.399999999999999911e+00,1.406412081073568743e+00,1.958791924957144575e-17,2.064434356246202251e-01
2.402000000000000135e+00,1.406340522702414830e+00,8.601337235051667996e-18,2.065713961731280024e-01
2.403999999999999915e+00,1.406269032748728165e+00,1.488970983546759525e-17,2.066991064770966058e-01
2.406000000000000139e+00,1.406197611265735503e+00,7.372574772901430151e-18,2.068265671790260607e-01
2.407999999999999918e+00,1.406126258305324228e+00,1.207078418700528219e-17,2.069537789195685373e-01
2.410000000000000142e+00,1.406054973918177353e+00,6.071532165918824830e-18,2.070807423375286838e-01
2.411999999999999922e+00,1.405983758154125240e+00,5.782411586589357238e-18,2.072074580698730351e-01
2.414000000000000146e+00,1.405912611061634010e+00,7.336434700485247184e-18,2.073339267517306794e-01
2.415999999999999925e+00,1.405841532688036466e+00,3.144186300207962859e-18,2.074601490164015294e-01
2.418000000000000149e+00,1.405770523079425516e+00,2.244298497044994178e-17,2.075861254953607904e-01
2.419999999999999929e+00,1.405699582280899307e+00,9.215718466126787689e-18,2.077118568182619029e-01
2.422000000000000153e+00,1.405628710336376486e+00,2.746645503629944438e-18,2.078373436129425100e-01
2.423999999999999932e+00,1.405557907288454089e+00,5.673991369340806795e-18,2.079625865054276490e-01
2.426000000000000156e+00,1.405487173179103877e+00,2.710505431213761085e-18,2.080875861199390220e-01
2.427999999999999936e+00,1.405416508048755730e+00,9.830099697201907382e-18,2.082123430788972163e-01
2.430000000000000160e+00,1.405345911937033065e+00,3.216466445040329949e-18,2.083368580029237305e-01
2.431999999999999940e+00,1.405275384882099132e+00,4.264528545109651031e-18,2.084611315108512442e-01
2.434000000000000163e+00,1.405204926921697961e+00,1.120342244901687864e-17,2.085851642197243394e-01
2.435999999999999943e+00,1.405134538091683538e+00,1.778091562876227272e-17,2.087089567448047189e-01
2.438000000000000167e+00,1.405064218427469314e+00,8.529057090219302061e-18,2.088325096995800045e-01
2.439999999999999947e+00,1.404993967963417134e+00,1.192622389734054877e-18,2.089558236957645143e-01
2.442000000000000171e+00,1.404923786732339863e+00,6.396792817664476161e-18,2.090788993433056742e-01
2.443999999999999950e+00,1.404853674766524563e+00,1.416690838714392358e-17,2.092017372503824912e-01
2.446000000000000174e+00,1.404783632097004187e+00,4.119968255444916849e-18,2.093243380234245665e-01
2.447999999999999954e+00,1.404713658753813377e+00,9.396418828207705608e-18,2.094467022671054335e-01
2.450000000000000178e+00,1.404643754766226493e+00,2.855065720878494881e-18,2.095688305843518839e-01
2.451999999999999957e+00,1.404573920162178524e+00,5.059610138265687102e-18,2.096907235763429134e-01
2.454000000000000181e+00,1.404504154968694962e+00,1.004694013169900827e-17,2.098123818425230158e-01
2.455999999999999961e+00,1.404434459212133390e+00,8.673617379884035472e-18,2.099338059806034884e-01
2.458000000000000185e+00,1.404364832917245565e+00,7.770115569479448957e-18,2.100549965865637914e-01
2.459999999999999964e+00,1.404295276108520341e+00,2.204544417387192221e-18,2.101759542546590975e-01
2.462000000000000188e+00,1.404225788809139175e+00,1.160096324559489744e-17,2.102966795774323938e-01
2.463999999999999968e+00,1.404156371041352713e+00,7.770115569479448957e-18,2.104171731457004924e-01
2.466000000000000192e+00,1.404087022826388420e+00,5.926971876254090649e-18,2.105374355485800375e-01
2.467999999999999972e+00,1.404017744184848482e+00,2.963485938127045325e-18,2.106574673734749048e-01
2.470000000000000195e+00,1.403948535135878473e+00,5.854691731421723944e-18,2.107772692060961017e-01
2.471999999999999975e+00,1.403879395698602650e+00,1.785319577359463865e-17,2.108968416304533022e-01
2.474000000000000199e+00,1.403810325890180621e+00,3.614007241618347913e-20,2.110161852288693352e-01
2.475999999999999979e+00,1.403741325727629885e+00,1.539567084929416296e-17,2.111353005819772977e-01
2.478000000000000203e+00,1.403672395226571723e+00,7.083454193571961789e-18,2.112541882687298811e-01
2.479999999999999982e+00,1.403603534402193986e+00,4.698209414103852804e-18,2.113728488664033955e-01
2.482000000000000206e+00,1.403534743268540552e+00,1.850371707708594131e-17,2.114912829506039593e-01
2.483999999999999986e+00,1.403466021839001598e+00,1.084202172485504434e-19,2.116094910952669994e-01
2.486000000000000210e+00,1.403397370125727406e+00,2.161176330487772275e-17,2.117274738726666605e-01
2.487999999999999989e+00,1.403328788140317585e+00,1.019150042136374168e-17,2.118452318534213008e-01
2.490000000000000213e+00,1.403260275893384090e+00,8.565197162635485029e-18,2.119627656064916599e-01
2.491999999999999993e+00,1.403191833394892285e+00,9.974659986866640793e-18,2.120800756991922109e-01
2.494000000000000217e+00,1.403123460653684873e+00,1.279358563532895232e-17,2.121971626971931868e-01
2.495999999999999996e+00,1.403055157677972176e+00,1.496198998029996119e-17,2.123140271645274080e-01
2.498000000000000220e+00,1.402986924475147390e+00,1.770863548392990447e-18,2.124306696635890335e-01
2.500000000000000000e+00,1.402918761051651586e+00,4.589789196855302361e-18,2.125470907551455790e-01
2.502000000000000224e+00,1.402850667413201080e+00,1.637145280453111695e-17,2.126632909983349196e-01
2.504000000000000004e+00,1.402782643564837173e+00,7.770115569479448957e-18,2.127792709506802493e-01
2.506000000000000227e+00,1.402714689510698776e+00,6.830473686658677934e-18,2.128950311680850027e-01
2.508000000000000007e+00,1.402646805254036622e+00,1.391392788023064126e-17,2.130105722048395989e-01
2.510000000000000231e+00,1.402578990797440639e+00,3.722427458866898814e-18,2.131258946136300736e-01
2.512000000000000011e+00,1.402511246142648105e+00,4.409088834774384442e-18,2.132409989455386345e-01
2.514000000000000234e+00,1.402443571290806545e+00,5.421010862427522170e-18,2.133558857500493511e-01
2.516000000000000014e+00,1.402375966242033201e+00,1.163710331801108041e-17,2.134705555750554817e-01
2.518000000000000238e+00,1.402308430996182409e+00,1.087816179727122731e-17,2.135850089668601404e-01
2.520000000000000018e+00,1.402240965551754925e+00,1.210692425942146669e-17,2.136992464701794603e-01
2.522000000000000242e+00,1.402173569906619122e+00,9.757819552369539906e-18,2.138132686281554729e-01
2.524000000000000021e+00,1.402106244058490603e+00,1.395006795264682269e-17,2.139270759823508894e-01
2.526000000000000245e+00,1.402038988003763365e+00,1.348024701123643795e-17,2.140406690727591488e-01
2.528000000000000025e+00,1.401971801738213230e+00,3.299588611597551622e-17,2.141540484378085529e-01
2.530000000000000249e+00,1.401904685257090222e+00,8.348356728138384142e-18,2.142672146143627665e-01
2.532000000000000028e+00,1.401837638554741972e+00,1.293814592499368573e-17,2.143801681377346946e-01
2.534000000000000252e+00,1.401770661624972547e+00,8.131516293641283255e-18,2.144929095416792941e-01
2.536000000000000032e+00,1.401703754460761786e+00,2.132264272554825284e-17,2.146054393584065356e-01
2.538000000000000256e+00,1.401636917054517539e+00,5.673991369340806795e-18,2.147177581185802098e-01
2.540000000000000036e+00,1.401570149397773690e+00,5.565571152092256351e-18,2.148298663513249218e-01
2.542000000000000259e+00,1.401503451481683982e+00,5.854691731421723944e-18,2.149417645842361113e-01
2.544000000000000039e+00,1.401436823296485557e+00,1.131184266626542908e-17,2.150534533433731688e-01
2.546000000000000263e+00,1.401370264831825807e+00,1.568479142862362978e-17,2.151649331532730081e-01
2.548000000000000043e+00,1.401303776076737506e+00,2.891205793294678330e-19,2.152762045369492339e-01
2.550000000000000266e+00,1.401237357019397223e+00,1.879283765641540891e-18,2.153872680158991360e-01
2.552000000000000046e+00,1.401171007647853628e+00,5.565571152092256351e-18,2.154981241101110168e-01
2.554000000000000270e+00,1.401104727948705886e+00,4.878909776184769953e-18,2.156087733380618321e-01
2.556000000000000050e+00,1.401038517908506975e+00,3.252606517456513302e-18,2.157192162167233807e-01
2.558000000000000274e+00,1.400972377513422629e+00,3.252606517456513302e-18,2.158294532615727401e-01
2.560000000000000053e+00,1.400906306748105123e+00,5.746271514173173500e-18,2.159394849865896304e-01
2.561999999999999833e+00,1.400840305597348845e+00,1.879283765641540891e-18,2.160493119042645460e-01
2.564000000000000057e+00,1.400774374044967630e+00,2.493664996716660198e-18,2.161589345255990335e-01
2.565999999999999837e+00,1.400708512074096745e+00,1.481742969063522662e-18,2.162683533601177654e-01
2.568000000000000060e+00,1.400642719667878566e+00,6.613633252161577047e-18,2.163775689158646265e-01
2.569999999999999840e+00,1.400576996808055696e+00,2.818925648462311528e-18,2.164865816994100689e-01
2.572000000000000064e+00,1.400511343476438242e+00,1.301042606982605321e-18,2.165953922158594946e-01
2.573999999999999844e+00,1.400445759653774047e+00,6.613633252161577047e-18,2.167040009688520619e-01
2.576000000000000068e+00,1.400380245320508976e+00,2.276824562219559311e-18,2.168124084605631552e-01
2.577999999999999847e+00,1.400314800456197162e+00,5.782411586589356660e-19,2.169206151917207059e-01
2.580000000000000071e+00,1.400249425040112072e+00,4.119968255444916849e-18,2.170286216615926189e-01
2.581999999999999851e+00,1.400184119051427700e+00,1.452830911130575942e-17,2.171364283680061180e-01
2.584000000000000075e+00,1.400118882467232595e+00,7.336434700485247184e-18,2.172440358073428890e-01
2.585999999999999854e+00,1.400053715265773491e+00,2.265982540494704267e-17,2.173514444745448804e-01
2.588000000000000078e+00,1.399988617423780113e+00,1.192622389734054877e-17,2.174586548631212979e-01
2.589999999999999858e+00,1.399923588917648232e+00,1.619075244245020058e-17,2.175656674651520461e-01
2.592000000000000082e+00,1.399858629723549797e+00,7.047314121155778821e-18,2.176724827712903099e-01
2.593999999999999861e+00,1.399793739816370675e+00,1.637145280453111695e-17,2.177791012707657181e-01
2.596000000000000085e+00,1.399728919171209895e+00,1.456444918372194392e-17,2.178855234513926986e-01
2.597999999999999865e+00,1.399664167762256994e+00,3.361026734705063745e-18,2.179917497995759457e-01
2.600000000000000089e+00,1.399599485563417289e+00,2.565945141549027289e-18,2.180977808003031482e-01
2.601999999999999869e+00,1.399534872547619102e+00,1.344410693882025498e-17,2.182036169371628087e-01
2.604000000000000092e+00,1.399470328688110499e+00,8.673617379884035472e-19,2.183092586923399137e-01
2.605999999999999872e+00,1.399405853956807277e+00,9.866239769618090349e-18,2.184147065466265913e-01
2.608000000000000096e+00,1.399341448325319703e+00,2.168404344971008868e-18,2.185199609794220565e-01
2.609999999999999876e+00,1.399277111765108828e+00,8.818177669548768883e-18,2.186250224687329435e-01
2.612000000000000099e+00,1.399212844246775944e+00,5.059610138265687680e-19,2.187298914911862957e-01
2.613999999999999879e+00,1.399148645740709185e+00,1.550409106654271341e-17,2.188345685220284553e-01
2.616000000000000103e+00,1.399084516216536400e+00,4.878909776184769953e-18,2.189390540351280612e-01
2.617999999999999883e+00,1.399020455643682936e+00,6.469072962496842866e-18,2.190433485029862903e-01
2.620000000000000107e+00,1.398956463990796095e+00,8.673617379884035472e-18,2.191474523967323895e-01
2.621999999999999886e+00,1.398892541226430808e+00,3.252606517456513302e-18,2.192513661861342777e-01
2.624000000000000110e+00,1.398828687318175668e+00,1.734723475976807094e-18,2.193550903395999896e-01
2.625999999999999890e+00,1.398764902233864404e+00,7.228014483236696548e-19,2.194586253241859741e-01
2.628000000000000114e+00,1.398701185939945191e+00,1.272130549049658485e-17,2.195619716055896287e-01
2.629999999999999893e+00,1.398637538403420422e+00,5.095750210681870840e-18,2.196651296481665627e-01
2.632000000000000117e+00,1.398573959589977989e+00,8.384496800554567109e-18,2.197680999149312087e-01
2.633999999999999897e+00,1.398510449465476313e+00,1.488970983546759525e-17,2.198708828675544624e-01
2.636000000000000121e+00,1.398447007994953140e+00,1.662443331144440196e-18,2.199734789663742307e-01
2.637999999999999901e+00,1.398383635143176207e+00,2.692435395005669447e-17,2.200758886703981232e-01
2.640000000000000124e+00,1.398320330874362583e+00,8.239936510889833698e-18,2.201781124373035359e-01
2.641999999999999904e+00,1.398257095152615648e+00,1.348024701123643795e-17,2.202801507234504186e-01
2.644000000000000128e+00,1.398193927941196790e+00,1.301042606982605321e-18,2.203820039838753908e-01
2.645999999999999908e+00,1.398130829203253711e+00,7.806255641895631925e-18,2.204836726723027329e-01
2.648000000000000131e+00,1.398067798901394099e+00,1.734723475976807094e-18,2.205851572411403894e-01
2.649999999999999911e+00,1.398004836997817080e+00,9.251858538542970657e-18,2.206864581414943738e-01
2.652000000000000135e+00,1.397941943454288349e+00,2.240684489803375959e-18,2.207875758231685193e-01
2.653999999999999915e+00,1.397879118232371098e+00,7.625555279814714006e-18,2.208885107346609256e-01
2.656000000000000139e+00,1.397816361292704812e+00,9.757819552369539906e-19,2.209892633231825554e-01
2.657999999999999918e+00,1.397753672596312668e+00,1.525111055962942801e-17,2.210898340346457991e-01
2.660000000000000142e+00,1.397691052103240850e+00,5.963111948670274387e-18,2.211902233136819051e-01
2.661999999999999922e+00,1.397628499773208688e+00,1.445602896647339165e-19,2.212904316036324870e-01
2.664000000000000146e+00,1.397566015565924857e+00,1.329954664915552157e-17,2.213904593465661208e-01
2.665999999999999925e+00,1.397503599440131694e+00,4.300668617525833998e-18,2.214903069832671878e-01
2.668000000000000149e+00,1.397441251354770486e+00,1.293814592499368573e-17,2.215899749532565521e-01
2.669999999999999929e+00,1.397378971268036452e+00,2.963485938127045325e-18,2.216894636947815411e-01
2.672000000000000153e+00,1.397316759138050202e+00,1.225148454908620010e-17,2.217887736448265756e-01
2.673999999999999932e+00,1.397254614922193383e+00,9.577119190288621987e-18,2.218879052391193318e-01
2.676000000000000156e+00,1.397192538577687770e+00,1.496198998029996119e-17,2.219868589121250235e-01
2.677999999999999936e+00,1.397130530061435394e+00,1.160096324559489744e-17,2.220856350970593363e-01
2.680000000000000160e+00,1.397068589330135779e+00,1.116728237660069567e-17,2.221842342258885661e-01
2.681999999999999940e+00,1.397006716339841859e+00,6.216092455583559012e-18,2.222826567293356703e-01
2.684000000000000163e+00,1.396944911046219318e+00,2.565945141549027289e-18,2.223809030368779083e-01
2.685999999999999943e+00,1.396883173404873446e+00,1.138412281109779656e-17,2.224789735767602472e-01
2.688000000000000167e+00,1.396821503370862416e+00,7.083454193571961789e-18,2.225768687759891451e-01
2.689999999999999947e+00,1.396759900899166240e+00,2.721347452938616129e-17,2.226745890603443190e-01
2.692000000000000171e+00,1.396698365943901621e+00,3.433306879537430836e-18,2.227721348543778845e-01
2.693999999999999950e+00,1.396636898459650666e+00,1.629917265969875102e-17,2.228695065814205734e-01
2.696000000000000174e+00,1.396575498399851512e+00,6.866613759074861672e-18,2.229667046635818717e-01
2.697999999999999954e+00,1.396514165718180323e+00,2.132264272554825284e-17,2.230637295217605398e-01
2.700000000000000178e+00,1.396452900367691541e+00,2.233456475320139134e-17,2.231605815756368127e-01
2.701999999999999957e+00,1.396391702301336579e+00,2.710505431213761085e-18,2.232572612436907189e-01
2.704000000000000181e+00,1.396330571471555260e+00,8.601337235051667996e-18,2.233537689431944473e-01
2.705999999999999961e+00,1.396269507830570689e+00,2.602085213965210642e-18,2.234501050902200914e-01
2.708000000000000185e+00,1.396208511330343072e+00,6.107672238335008568e-18,2.235462700996456720e-01
2.709999999999999964e+00,1.396147581922527081e+00,4.842769703768586215e-18,2.236422643851521397e-01
2.712000000000000188e+00,1.396086719558319089e+00,1.662443331144440196e-18,2.237380883592351710e-01
2.713999999999999968e+00,1.396025924188961653e+00,1.590163186312073106e-18,2.238337424332020598e-01
2.716000000000000192e+00,1.395965195764983235e+00,7.264154555652879708e-18,2.239292270171777954e-01
2.717999999999999972e+00,1.395904534236684924e+00,8.095376221225100288e-18,2.240245425201119467e-01
2.720000000000000195e+00,1.395843939554680446e+00,9.577119190288621987e-18,2.241196893497782727e-01
2.721999999999999975e+00,1.395783411668215734e+00,1.579321164587218023e-17,2.242146679127755282e-01
2.724000000000000199e+00,1.395722950527691353e+00,1.517883041479706208e-17,2.243094786145399533e-01
2.725999999999999979e+00,1.395662556081465056e+00,9.035018104045869770e-18,2.244041218593411935e-01
2.728000000000000203e+00,1.395602228279251733e+00,5.601711224508439319e-18,2.244985980502875178e-01
2.729999999999999982e+00,1.395541967069533484e+00,1.142026288351397952e-17,2.245929075893364768e-01
2.732000000000000206e+00,1.395481772400881226e+00,9.035018104045870925e-19,2.246870508772828845e-01
2.733999999999999986e+00,1.395421644221396917e+00,7.228014483236696548e-19,2.247810283137784138e-01
2.736000000000000210e+00,1.395361582479186069e+00,1.723881454251952050e-17,2.248748402973264060e-01
2.737999999999999989e+00,1.395301587121952736e+00,2.403314815676201393e-17,2.249684872252864787e-01
2.740000000000000213e+00,1.395241658096860959e+00,2.891205793294678330e-19,2.250619694938829352e-01
2.741999999999999993e+00,1.395181795351525977e+00,2.023844055306275072e-18,2.251552874981992691e-01
2.744000000000000217e+00,1.395121998832497212e+00,1.228762462150238307e-17,2.252484416321893501e-01
2.745999999999999996e+00,1.395062268486544355e+00,2.374402757743254710e-17,2.253414322886784782e-01
2.748000000000000220e+00,1.395002604260202617e+00,3.903127820947815962e-18,2.254342598593671310e-01
2.750000000000000000e+00,1.394943006099584437e+00,2.059984127722458425e-18,2.255269247348341277e-01
2.752000000000000224e+00,1.394883473950816466e+00,6.830473686658677934e-18,2.256194273045350751e-01
2.754000000000000004e+00,1.394824007759403628e+00,2.746645503629944438e-18,2.257117679568192981e-01
2.756000000000000227e+00,1.394764607470918349e+00,4.698209414103852804e-18,2.258039470789165726e-01
2.758000000000000007e+00,1.394705273030471204e+00,1.232376469391856758e-17,2.258959650569533906e-01
2.760000000000000231e+00,1.394646004383233162e+00,1.311884628707460365e-17,2.259878222759520161e-01
2.762000000000000011e+00,1.394586801474019921e+00,2.529805069132843840e-19,2.260795191198308463e-01
2.764000000000000234e+00,1.394527664247171117e+00,5.926971876254090649e-18,2.261710559714101565e-01
2.766000000000000014e+00,1.394468592647239547e+00,5.131890283098054578e-18,2.262624332124182347e-01
2.768000000000000238e+00,1.394409586618149177e+00,1.554023113895889791e-17,2.263536512234922971e-01
2.770000000000000018e+00,1.394350646104086877e+00,3.577867169202164632e-18,2.264447103841789044e-01
2.772000000000000242e+00,1.394291771048603579e+00,1.120342244901687979e-18,2.265356110729450090e-01
2.774000000000000021e+00,1.394232961394902048e+00,4.047688110612550144e-18,2.266263536671702661e-01
2.776000000000000245e+00,1.394174217086710854e+00,5.421010862427522170e-18,2.267169385431649642e-01
2.778000000000000025e+00,1.394115538066682092e+00,5.312590645178971727e-18,2.268073660761570631e-01
2.780000000000000249e+00,1.394056924278036291e+00,1.235990476633475055e-17,2.268976366403093747e-01
2.782000000000000028e+00,1.393998375663162648e+00,1.788933584601082316e-17,2.269877506087120966e-01
2.784000000000000252e+00,1.393939892164404171e+00,6.035392093502641093e-18,2.270777083533970508e-01
2.786000000000000032e+00,1.393881473724448483e+00,3.686287386450715076e-18,2.271675102453291073e-01
2.788000000000000256e+00,1.393823120284938710e+00,1.239604483875093352e-17,2.272571566544182298e-01
2.790000000000000036e+00,1.393764831788011804e+00,3.252606517456513302e-18,2.273466479495226400e-01
2.792000000000000259e+00,1.393706608175151018e+00,2.811697633979074627e-17,2.274359844984400747e-01
2.794000000000000039e+00,1.393648449387775656e+00,1.120342244901687864e-17,2.275251666679327933e-01
2.796000000000000263e+00,1.393590355367575029e+00,3.534499082302744455e-17,2.276141948237094814e-01
2.798000000000000043e+00,1.393532326055311188e+00,5.095750210681870840e-18,2.277030693304396558e-01
2.800000000000000266e+00,1.393474361392026850e+00,7.300294628069062675e-18,2.277917905517551356e-01
2.802000000000000046e+00,1.393416461318480515e+00,3.252606517456513302e-19,2.278803588502529565e-01
2.804000000000000270e+00,1.393358625775281467e+00,2.211772431870429045e-17,2.279687745874971194e-01
2.806000000000000050e+00,1.393300854702889779e+00,4.842769703768586215e-18,2.280570381240238642e-01
2.808000000000000274e+00,1.393243148041335644e+00,1.380550766298208928e-17,2.281451498193425020e-01
2.810000000000000053e+00,1.393185505730855311e+00,1.550409106654271341e-17,2.282331100319422712e-01
2.812000000000000277e+00,1.393127927711269365e+00,2.555103119824172013e-17,2.283209191192926424e-01
2.814000000000000057e+00,1.393070413922430362e+00,1.160096324559489744e-17,2.284085774378462885e-01
2.815999999999999837e+00,1.393012964303654400e+00,1.351638708365262246e-17,2.284960853430455241e-01
2.818000000000000060e+00,1.392955578794396132e+00,4.336808689942017736e-19,2.285834431893168928e-01
2.819999999999999840e+00,1.392898257334383771e+00,1.062518129035794345e-17,2.286706513300870158e-01
2.822000000000000064e+00,1.392840999861956419e+00,6.830473686658677934e-18,2.287577101177763195e-01
2.823999999999999844e+00,1.392783806316806761e+00,3.035766082959412415e-18,2.288446199038055295e-01
2.826000000000000068e+00,1.392726676636893757e+00,7.408714845317613119e-18,2.289313810385974757e-01
2.827999999999999847e+00,1.392669610761558374e+00,5.710131441756989762e-18,2.290179938715823371e-01
2.830000000000000071e+00,1.392612608628969184e+00,1.019150042136374168e-17,2.291044587511971986e-01
2.831999999999999851e+00,1.392555670177529237e+00,1.019150042136374168e-17,2.291907760248934334e-01
2.834000000000000075e+00,1.392498795345279206e+00,2.681593373280814403e-17,2.292769460391357594e-01
2.835999999999999854e+00,1.392441984070462269e+00,1.774477555634608821e-17,2.293629691394078185e-01
2.838000000000000078e+00,1.392385236290863304e+00,5.637851296924623057e-18,2.294488456702154511e-01
2.839999999999999858e+00,1.392328551944171267e+00,8.384496800554567109e-18,2.295345759750841708e-01
2.842000000000000082e+00,1.392271930968284721e+00,3.722427458866898814e-18,2.296201603965746518e-01
2.843999999999999861e+00,1.392215373300484060e+00,2.855065720878494881e-18,2.297055992762725984e-01
2.846000000000000085e+00,1.392158878878177575e+00,6.360652745248292423e-18,2.297908929547999024e-01
2.847999999999999865e+00,1.392102447638539076e+00,1.662443331144440235e-17,2.298760417718088422e-01
2.850000000000000089e+00,1.392046079518834745e+00,1.290200585257750276e-17,2.299610460659980149e-01
2.851999999999999869e+00,1.391989774455808515e+00,7.589415207398531038e-19,2.300459061751051471e-01
2.854000000000000092e+00,3.059098297992527193e+00,1.040834085586084257e-17,2.301306224359140618e-01
2.855999999999999872e+00,1.391877353247416238e+00,1.770863548392990447e-18,2.302151951842571487e-01
2.858000000000000096e+00,1.391821236975509635e+00,1.807003620809174137e-19,2.302996247550157805e-01
2.859999999999999876e+00,3.060226236616173878e+00,1.351638708365262246e-17,2.303839114821310263e-01
2.862000000000000099e+00,1.391709192778026960e+00,2.132264272554825284e-17,2.304680556985947981e-01
2.863999999999999879e+00,1.391653264725253081e+00,8.529057090219302061e-18,2.305520577364597867e-01
2.866000000000000103e+00,1.391597399284627556e+00,2.139492287038062186e-17,2.306359179268473170e-01
2.867999999999999883e+00,1.391541596392166014e+00,3.108046227791779506e-18,2.307196365999370224e-01
2.870000000000000107e+00,1.391485855983901843e+00,2.623769257414920730e-17,2.308032140849852754e-01
2.871999999999999886e+00,1.391430177995193418e+00,5.059610138265687680e-19,2.308866507103137511e-01
2.874000000000000110e+00,1.391374562362301504e+00,7.986956003976549844e-18,2.309699468033205028e-01
2.875999999999999890e+00,1.391319009020488551e+00,9.324138683375338132e-18,2.310531026904835694e-01
2.878000000000000114e+00,1.391263517905176883e+00,1.264902534566421775e-18,2.311361186973583393e-01
2.879999999999999893e+00,1.391208088952023303e+00,3.758567531283081781e-18,2.312189951485843775e-01
2.882000000000000117e+00,1.391152722095974070e+00,4.409088834774384442e-18,2.313017323678854542e-01
2.883999999999999897e+00,1.391097417272373349e+00,1.749179504943280590e-17,2.313843306780820619e-01
2.886000000000000121e+00,1.391042174416245558e+00,1.250446505599948396e-17,2.314667904010756505e-01
2.887999999999999901e+00,1.390986993462529853e+00,5.565571152092256351e-18,2.315491118578692498e-01
2.890000000000000124e+00,1.390931874346140518e+00,1.181780368009199833e-17,2.316312953685590315e-01
2.891999999999999904e+00,1.390876817001821308e+00,6.505213034913026604e-18,2.317133412523458558e-01
2.894000000000000128e+00,1.390821821364458089e+00,1.445602896647339310e-18,2.317952498275298034e-01
2.895999999999999908e+00,1.390766887368375393e+00,1.282972570774513529e-17,2.318770214115184192e-01
2.898000000000000131e+00,1.390712014948192632e+00,1.413076831472774215e-17,2.319586563208304031e-01
2.899999999999999911e+00,1.390657204038433292e+00,2.106966221863497053e-17,2.320401548710898376e-01
2.902000000000000135e+00,1.390602454573283353e+00,7.770115569479448957e-18,2.321215173770395379e-01
2.903999999999999915e+00,1.390547766487085113e+00,1.980475968406854663e-17,2.322027441525360281e-01
2.906000000000000139e+00,1.390493139714092052e+00,1.720267447010333599e-17,2.322838355105611430e-01
2.907999999999999918e+00,1.390438574188181065e+00,1.810617628050792405e-17,2.323647917632126192e-01
2.910000000000000142e+00,1.390384069843420889e+00,1.015536034894755871e-17,2.324456132217145587e-01
2.911999999999999922e+00,1.390329626613993952e+00,1.029992063861229212e-17,2.325263001964233966e-01
2.914000000000000146e+00,1.390275244433453850e+00,2.891205793294678330e-19,2.326068529968209619e-01
2.915999999999999925e+00,1.390220923235759187e+00,1.301042606982605321e-17,2.326872719315241367e-01
2.918000000000000149e+00,1.390166662954623433e+00,3.252606517456513302e-19,2.327675573082875482e-01
2.919999999999999929e+00,3.071221274873355611e+00,4.409088834774384442e-18,2.328477094340024034e-01
2.922000000000000153e+00,1.390058324876200402e+00,1.355252715606880543e-17,2.329277286147002080e-01
2.923999999999999932e+00,1.390004246945984789e+00,6.469072962496842866e-18,2.330076151555605102e-01
2.926000000000000156e+00,1.389950229666279569e+00,1.413076831472774215e-17,2.330873693609033792e-01
2.927999999999999936e+00,1.389896272970791102e+00,5.059610138265687102e-18,2.331669915342052257e-01
2.930000000000000160e+00,1.389842376792532974e+00,4.878909776184769953e-18,2.332464819780887821e-01
2.931999999999999940e+00,1.389788541064728378e+00,4.698209414103852804e-18,2.333258409943359257e-01
2.934000000000000163e+00,1.389734765720504583e+00,4.300668617525833998e-18,2.334050688838811005e-01
2.935999999999999943e+00,1.389681050693102549e+00,2.309350627394124444e-17,2.334841659468214203e-01
2.938000000000000167e+00,1.389627395915585595e+00,5.095750210681870840e-18,2.335631324824167243e-01
2.939999999999999947e+00,1.389573801320867830e+00,2.312964634635742664e-18,2.336419687890915198e-01
2.942000000000000171e+00,1.389520266841763885e+00,1.156482317317871332e-18,2.337206751644357317e-01
2.943999999999999950e+00,1.389466792411447216e+00,2.349104707051926402e-18,2.337992519052142504e-01
2.946000000000000174e+00,1.389413377962302576e+00,1.629917265969875102e-17,2.338776993073612698e-01
2.947999999999999954e+00,1.389360023427506974e+00,8.637477307467852505e-18,2.339560176659857271e-01
2.950000000000000178e+00,1.389306728739530428e+00,7.770115569479448957e-18,2.340342072753782698e-01
2.951999999999999957e+00,1.389253493831230202e+00,1.445602896647339165e-19,2.341122684290069811e-01
2.954000000000000181e+00,1.389200318634895126e+00,1.590163186312073067e-17,2.341902014195237081e-01
2.955999999999999961e+00,1.389147203083332727e+00,2.237070482561757585e-17,2.342680065387658661e-01
2.958000000000000185e+00,1.389094147109084076e+00,1.033606071102847509e-17,2.343456840777619343e-01
2.959999999999999964e+00,1.389041150644516165e+00,1.734723475976807094e-17,2.344232343267269592e-01
2.962000000000000188e+00,1.388988213621875190e+00,6.722053469410127491e-18,2.345006575750701316e-01
2.963999999999999968e+00,1.388935335974000651e+00,1.409462824231155764e-17,2.345779541113987010e-01
2.966000000000000192e+00,1.388882517632694658e+00,3.469446951953614189e-18,2.346551242235153378e-01
2.967999999999999972e+00,1.388829758530722103e+00,2.927345865710861972e-18,2.347321681984261832e-01
2.970000000000000195e+00,1.388777058599998782e+00,4.336808689942017736e-19,2.348090863223392943e-01
2.971999999999999975e+00,1.388724417772856157e+00,5.926971876254090649e-18,2.348858788806664766e-01
2.974000000000000199e+00,1.388671835981451608e+00,4.734349486520035772e-18,2.349625461580311658e-01
2.975999999999999979e+00,1.388619313157963830e+00,8.167656366057466223e-18,2.350390884382652923e-01
2.978000000000000203e+00,1.388566849234557310e+00,2.457524924300476845e-18,2.351155060044150535e-01
2.979999999999999982e+00,1.388514444142977311e+00,1.481742969063522624e-17,2.351917991387413032e-01
2.982000000000000206e+00,1.388462097815626350e+00,3.180326372624146211e-18,2.352679681227236308e-01
2.983999999999999986e+00,1.388409810184352722e+00,1.138412281109779656e-17,2.353440132370603066e-01
2.986000000000000210e+00,1.388357581181015377e+00,7.228014483236696548e-19,2.354199347616753868e-01
2.987999999999999989e+00,1.388305410737753931e+00,1.514269034238087757e-17,2.354957329757152162e-01
2.990000000000000213e+00,1.388253298786381151e+00,1.351638708365262246e-17,2.355714081575575880e-01
2.991999999999999993e+00,1.388201245258827043e+00,1.908195823574487804e-17,2.356469605848049431e-01
2.994000000000000217e+00,1.388149250086829767e+00,1.196236396975673174e-17,2.357223905342978598e-01
2.995999999999999996e+00,1.388097313202141692e+00,1.872055751158304220e-17,2.357976982821069489e-01
2.998000000000000220e+00,1.388045434536941514e+00,7.336434700485247184e-18,2.358728841035440393e-01
3.000000000000000000e+00,1.387993614022601463e+00,1.308270621465842068e-17,2.359479482731589306e-01
