# delta,gap,coarse,fine
0.000000000000000000e+00,1.570768443699956052e+00,1.652053060324787381e-17,2.695105327805938922e-01
2.000000000000000042e-03,1.571925288232643325e+00,1.452830911130575942e-17,2.691322371066697250e-01
4.000000000000000083e-03,1.573083197026827307e+00,9.540979117872439019e-18,2.687529721859006071e-01
6.000000000000000125e-03,1.574242165501942736e+00,6.071532165918824830e-18,2.683727375539644022e-01
8.000000000000000167e-03,1.575402189032349298e+00,6.938893903907228378e-18,2.679915327628236144e-01
1.000000000000000021e-02,1.576563262947251687e+00,6.071532165918824830e-18,2.676093573808294712e-01
1.200000000000000025e-02,1.577725382530507758e+00,3.198396408832238080e-18,2.672262109928223994e-01
1.400000000000000029e-02,1.578888543020482871e+00,7.372574772901430151e-18,2.668420932002425472e-01
1.600000000000000033e-02,1.580052739609671519e+00,3.686287386450715076e-18,2.664570036212317583e-01
1.800000000000000211e-02,1.581217967445001094e+00,8.673617379884035472e-18,2.660709418907333257e-01
2.000000000000000042e-02,1.582384221627249232e+00,5.637851296924623057e-18,2.656839076605994054e-01
2.199999999999999872e-02,1.583551497211029613e+00,5.637851296924623057e-18,2.652959005996954889e-01
2.400000000000000050e-02,1.584719789204784846e+00,2.818925648462311528e-18,2.649069203939998784e-01
2.600000000000000228e-02,1.585889092570424097e+00,6.924494343803905272e-18,2.645169667467093810e-01
2.800000000000000058e-02,1.587059402223214732e+00,7.372574772901430151e-18,2.641260393783357308e-01
2.999999999999999889e-02,1.588230713031771657e+00,1.084202172485504434e-17,2.637341380268176660e-01
3.200000000000000067e-02,1.589403019817819285e+00,4.336808689942017736e-18,2.633412624476142438e-01
3.400000000000000244e-02,1.590576317356052982e+00,2.602085213965210642e-18,2.629474124138059254e-01
3.600000000000000422e-02,1.591750600373719848e+00,9.540979117872439019e-18,2.625525877162039889e-01
3.799999999999999906e-02,1.592925863551153398e+00,7.372574772901430151e-18,2.621567881634405683e-01
4.000000000000000083e-02,1.594102101520975978e+00,2.168404344971008868e-18,2.617600135820768448e-01
4.200000000000000261e-02,1.595279308868205348e+00,4.336808689942017736e-18,2.613622638166999690e-01
4.399999999999999745e-02,1.596457480130254680e+00,6.505213034913026604e-19,2.609635387300214826e-01
4.599999999999999922e-02,1.597636609796445839e+00,5.637851296924623057e-18,2.605638382029743516e-01
4.800000000000000100e-02,1.598816692308258069e+00,5.854691731421723944e-18,2.601631621348197698e-01
5.000000000000000278e-02,1.599997722058954963e+00,1.111307226797642045e-17,2.597615104432365318e-01
5.200000000000000455e-02,1.601179693393440573e+00,3.035766082959412415e-18,2.593588830644237841e-01
5.399999999999999939e-02,1.602362600608412180e+00,3.469446951953614189e-18,2.589552799531955607e-01
5.600000000000000117e-02,1.603546437951788306e+00,5.241439877609610498e-18,2.585507010830795926e-01
5.800000000000000294e-02,1.604731199623000037e+00,7.372574772901430151e-18,2.581451464464131207e-01
5.999999999999999778e-02,1.605916879772616213e+00,4.770489558936219510e-18,2.577386160544381521e-01
6.199999999999999956e-02,1.607103472502203090e+00,3.903127820947815962e-18,2.573311099373954414e-01
6.400000000000000133e-02,1.608290971864549945e+00,5.637851296924623057e-18,2.569226281446225779e-01
6.600000000000000311e-02,1.609479371862901687e+00,1.626303258728256651e-18,2.565131707446467457e-01
6.800000000000000488e-02,1.610668666451577025e+00,4.336808689942017736e-18,2.561027378252777043e-01
7.000000000000000666e-02,1.611858849535408922e+00,1.648072005472692170e-17,2.556913294937018799e-01
7.200000000000000844e-02,1.613049914969575838e+00,3.469446951953614189e-18,2.552789458765722941e-01
7.399999999999999634e-02,1.614241856559941013e+00,1.886511780124777715e-17,2.548655871201067624e-01
7.599999999999999811e-02,1.615434668062405876e+00,3.252606517456513302e-18,2.544512533901734375e-01
7.799999999999999989e-02,1.616628343182993532e+00,3.035766082959412415e-18,2.540359448723838454e-01
8.000000000000000167e-02,1.617822875577985542e+00,8.673617379884035472e-18,2.536196617721836466e-01
8.200000000000000344e-02,1.619018258853586190e+00,1.257674520083185143e-17,2.532024043149412318e-01
8.400000000000000522e-02,1.620214486565872747e+00,2.168573751560459728e-17,2.527841727460394816e-01
8.600000000000000699e-02,1.621411552220575203e+00,4.770489558936219510e-18,2.523649673309572017e-01
8.799999999999999489e-02,1.622609449273136661e+00,1.994931997373328159e-17,2.519447883553668777e-01
8.999999999999999667e-02,1.623808171128713340e+00,2.168404344971008868e-18,2.515236361252138897e-01
9.199999999999999845e-02,1.625007711141742917e+00,2.331034670843834533e-17,2.511015109668035539e-01
9.400000000000000022e-02,1.626208062616109729e+00,1.016439536705160407e-20,2.506784132268910503e-01
9.600000000000000200e-02,1.627409218805166091e+00,1.344410693882025498e-17,2.502543432727660222e-01
9.800000000000000377e-02,1.628611172911183402e+00,8.239936510889833698e-18,2.498293014923279598e-01
1.000000000000000056e-01,1.629813918086041369e+00,3.428789370485407773e-18,2.494032882941843721e-01
1.020000000000000073e-01,1.631017447430009426e+00,1.141122786540993417e-17,2.489763041077173722e-01
1.040000000000000091e-01,1.632221753993071900e+00,6.505213034913026604e-18,2.485483493831837365e-01
1.059999999999999970e-01,1.633426830773531790e+00,1.062518129035794345e-17,2.481194245917777430e-01
1.079999999999999988e-01,1.634632670718897174e+00,5.183841637196318075e-18,2.476895302257247911e-01
1.100000000000000006e-01,1.635839266725234609e+00,7.480994990149980595e-18,2.472586667983555642e-01
1.120000000000000023e-01,1.637046611637433813e+00,1.517883041479706208e-18,2.468268348441877147e-01
1.140000000000000041e-01,1.638254698248971408e+00,1.735062289155708815e-17,2.463940349189966406e-01
1.160000000000000059e-01,1.639463519301953554e+00,8.754932542820448305e-18,2.459602675999050247e-01
1.180000000000000077e-01,1.640673067486803305e+00,1.191267137018447997e-17,2.455255334854494487e-01
1.199999999999999956e-01,1.641883335442692271e+00,1.084202172485504434e-17,2.450898331956586074e-01
1.219999999999999973e-01,1.643094315757060997e+00,1.279358563532895232e-17,2.446531673721302758e-01
1.239999999999999991e-01,1.644306000965588765e+00,3.686287386450715076e-18,2.442155366781016135e-01
1.260000000000000009e-01,1.645518383552454722e+00,7.155734338404329264e-18,2.437769417985226617e-01
1.280000000000000027e-01,1.646731455950071421e+00,8.670229248095018271e-18,2.433373834401323377e-01
1.300000000000000044e-01,1.647945210538866334e+00,1.257674520083185143e-17,2.428968623315254649e-01
1.320000000000000062e-01,1.649159639647823639e+00,1.452830911130575942e-17,2.424553792232240212e-01
1.340000000000000080e-01,1.650374735553779004e+00,1.908195823574487804e-17,2.420129348877468056e-01
1.360000000000000098e-01,1.651590490481700257e+00,1.474514954580286030e-17,2.415695301196776890e-01
1.380000000000000115e-01,1.652806896604817055e+00,1.734723475976807094e-18,2.411251657357331990e-01
1.400000000000000133e-01,1.654023946044130611e+00,9.324138683375338132e-18,2.406798425748261638e-01
1.420000000000000151e-01,1.655241630869099367e+00,7.372574772901430151e-18,2.402335614981378209e-01
1.440000000000000169e-01,1.656459943096825427e+00,7.806255641895631925e-18,2.397863233891759094e-01
1.459999999999999909e-01,1.657678874692580351e+00,1.246832498358330099e-17,2.393381291538384248e-01
1.479999999999999927e-01,1.658898417569522721e+00,2.168404344971008868e-18,2.388889797204813148e-01
1.499999999999999944e-01,1.660118563588925511e+00,1.095044194210359478e-17,2.384388760399719920e-01
1.519999999999999962e-01,1.661339304559936281e+00,1.843143693225357538e-17,2.379878190857581677e-01
1.539999999999999980e-01,1.662560632239623359e+00,3.482999479109682994e-18,2.375358098539206986e-01
1.559999999999999998e-01,1.663782538333105521e+00,6.505213034913026604e-19,2.370828493632350653e-01
1.580000000000000016e-01,1.665005014493516455e+00,1.046255096448511779e-17,2.366289386552261897e-01
1.600000000000000033e-01,1.666228052321795161e+00,2.602085213965210642e-18,2.361740787942289699e-01
1.620000000000000051e-01,1.667451643366907987e+00,1.906671164269430063e-17,2.357182708674350757e-01
1.640000000000000069e-01,1.668675779126019165e+00,7.480994990149980595e-18,2.352615159849566207e-01
1.660000000000000087e-01,1.669900451043991652e+00,8.761708806398482707e-18,2.348038152798707645e-01
1.680000000000000104e-01,1.671125650513955563e+00,9.324138683375338132e-18,2.343451699082788608e-01
1.700000000000000122e-01,1.672351368877039945e+00,4.770489558936219510e-18,2.338855810493456755e-01
1.720000000000000140e-01,1.673577597422376328e+00,1.268516541808040188e-17,2.334250499053644179e-01
1.740000000000000158e-01,1.674804327387372282e+00,6.017322057294549609e-18,2.329635777017899645e-01
1.759999999999999898e-01,1.676031549957402333e+00,3.740497495074990297e-18,2.325011656872937593e-01
1.779999999999999916e-01,1.677259256266165011e+00,1.257674520083185143e-17,2.320378151338100547e-01
1.799999999999999933e-01,1.678487437395595805e+00,3.469446951953614189e-18,2.315735273365745472e-01
1.819999999999999951e-01,1.679716084375831642e+00,6.071532165918824830e-18,2.311083036141755032e-01
1.839999999999999969e-01,1.680945188185413386e+00,1.344410693882025498e-17,2.306421453085879536e-01
1.859999999999999987e-01,1.682174739751181036e+00,1.301042606982605321e-18,2.301750537852227108e-01
1.880000000000000004e-01,1.683404729948451362e+00,1.040834085586084257e-17,2.297070304329595913e-01
1.900000000000000022e-01,1.684635149601140469e+00,8.809142651444723526e-18,2.292380766641884671e-01
1.920000000000000040e-01,1.685865989481628802e+00,4.336808689942017736e-19,2.287681939148467347e-01
1.940000000000000058e-01,1.687097240310919233e+00,9.757819552369539906e-18,2.282973836444545379e-01
1.960000000000000075e-01,1.688328892758910627e+00,1.374226253625376870e-17,2.278256473361505996e-01
1.980000000000000093e-01,1.689560937444035460e+00,3.499940138054769001e-18,2.273529864967220315e-01
2.000000000000000111e-01,1.690793364933840692e+00,5.204170427930421283e-18,2.268794026566428867e-01
2.020000000000000129e-01,1.692026165744685784e+00,5.202899878509539833e-18,2.264048973700951151e-01
2.040000000000000147e-01,1.693259330342085534e+00,3.469446951953614189e-18,2.259294722150101686e-01
2.060000000000000164e-01,1.694492849140484481e+00,6.952446431063297183e-18,2.254531287930862660e-01
2.080000000000000182e-01,1.695726712503951461e+00,1.214306433183764966e-17,2.249758687298212545e-01
2.099999999999999922e-01,1.696960910745605844e+00,9.540979117872439019e-18,2.244976936745347318e-01
2.119999999999999940e-01,1.698195434128050962e+00,1.559218249305716064e-17,2.240186053003965228e-01
2.139999999999999958e-01,1.699430272863651226e+00,1.211934740931452925e-17,2.235386053044431387e-01
2.159999999999999976e-01,1.700665417114215927e+00,1.691355389077386917e-17,2.230576954076050333e-01
2.179999999999999993e-01,1.701900856991578337e+00,8.673617379884035472e-18,2.225758773547207858e-01
2.200000000000000011e-01,1.703136582557384315e+00,1.561251128379126385e-17,2.220931529145609151e-01
2.220000000000000029e-01,1.704372583823316134e+00,2.493664996716660198e-18,2.216095238798418132e-01
2.240000000000000047e-01,1.705608850751339389e+00,1.734723475976807094e-18,2.211249920672428704e-01
2.260000000000000064e-01,1.706845373253779385e+00,1.951563910473907981e-18,2.206395593174201863e-01
2.280000000000000082e-01,1.708082141193248304e+00,4.770489558936219510e-18,2.201532274950164791e-01
2.300000000000000100e-01,1.709319144383206535e+00,1.383713022634625034e-17,2.196659984886795425e-01
2.320000000000000118e-01,1.710556372587856089e+00,2.775557561562891351e-17,2.191778742110669365e-01
2.340000000000000135e-01,1.711793815522151263e+00,1.084202172485504434e-17,2.186888565988531208e-01
2.360000000000000153e-01,1.713031462852381281e+00,8.782037597132585915e-18,2.181989476127412231e-01
2.380000000000000171e-01,1.714269304195832788e+00,8.700722434196173083e-18,2.177081492374640381e-01
2.399999999999999911e-01,1.715507329121553681e+00,1.561251128379126385e-17,2.172164634817927154e-01
2.419999999999999929e-01,1.716745527149972972e+00,8.239936510889833698e-18,2.167238923785383686e-01
2.439999999999999947e-01,1.717983887753415928e+00,1.474514954580286030e-17,2.162304379845453040e-01
2.459999999999999964e-01,1.719222400355935321e+00,2.602085213965210642e-18,2.157361023807039258e-01
2.479999999999999982e-01,1.720461054334245787e+00,9.107298248878237246e-18,2.152408876719396902e-01
2.500000000000000000e-01,1.721699839016848088e+00,4.119968255444916849e-18,2.147447959872108847e-01
2.520000000000000018e-01,1.722938743685217489e+00,8.836247705756861137e-18,2.142478294795062965e-01
2.540000000000000036e-01,1.724177757573500003e+00,2.276824562219559311e-18,2.137499903258356093e-01
2.560000000000000053e-01,1.725416869868631409e+00,0.000000000000000000e+00,2.132512807272272104e-01
2.580000000000000071e-01,3.807786128127634839e+00,0.000000000000000000e+00,2.127517029087087619e-01
2.600000000000000089e-01,1.727895346194090465e+00,8.673617379884035472e-19,2.122512591193068121e-01
2.620000000000000107e-01,1.729134688365340011e+00,7.155734338404329264e-18,2.117499516320278941e-01
2.640000000000000124e-01,1.730374085225866665e+00,4.770489558936219510e-18,2.112477827438430655e-01
2.660000000000000142e-01,1.731613525730931968e+00,8.782037597132585915e-18,2.107447547756797490e-01
2.680000000000000160e-01,1.732852998790072263e+00,9.540979117872439019e-18,2.102408700723968626e-01
2.700000000000000178e-01,1.734092493267461066e+00,5.203323394983166983e-18,2.097361310027671677e-01
2.720000000000000195e-01,1.735331997982040519e+00,1.517883041479706208e-18,2.092305399594614201e-01
2.740000000000000213e-01,1.736571501707933507e+00,6.938893903907228378e-18,2.087240993590208926e-01
2.760000000000000231e-01,1.737810993174495167e+00,4.987329993433320396e-18,2.082168116418388615e-01
2.780000000000000249e-01,1.739050461066799613e+00,2.602085213965210642e-18,2.077086792721283826e-01
2.800000000000000266e-01,1.740289894025597306e+00,1.149254302834634700e-17,2.071997047379026402e-01
2.820000000000000284e-01,1.741529280647956313e+00,1.908195823574487804e-17,2.066898905509439166e-01
2.840000000000000302e-01,1.742768609487329812e+00,1.301042606982605321e-18,2.061792392467720891e-01
2.860000000000000320e-01,1.744007869053930904e+00,6.071532165918824830e-18,2.056677533846142381e-01
2.880000000000000338e-01,1.745247047814885377e+00,1.214306433183764966e-17,2.051554355473707847e-01
2.899999999999999800e-01,1.746486134194656259e+00,1.604619215278546562e-17,2.046422883415827676e-01
2.919999999999999818e-01,1.747725116575299609e+00,8.673617379884035472e-19,2.041283143973917635e-01
2.939999999999999836e-01,1.748963983296846436e+00,1.734723475976807094e-18,2.036135163685078298e-01
2.959999999999999853e-01,1.750202722657480336e+00,1.084202172485504434e-17,2.030978969321604877e-01
2.979999999999999871e-01,1.751441322913835918e+00,5.204170427930421283e-18,2.025814587890649443e-01
2.999999999999999889e-01,1.752679772281524606e+00,1.474514954580286030e-17,2.020642046633777111e-01
3.019999999999999907e-01,1.753918058935392210e+00,2.950723975055080661e-17,2.015461373026509184e-01
3.039999999999999925e-01,1.755156171009607746e+00,6.938893903907228378e-18,2.010272594777852972e-01
3.059999999999999942e-01,1.756394096598352661e+00,5.204170427930421283e-18,2.005075739829839387e-01
3.079999999999999960e-01,1.757631823755978928e+00,1.647987302177966740e-17,1.999870836357020842e-01
3.099999999999999978e-01,1.758869340497271949e+00,1.019150042136374168e-17,1.994657912765963048e-01
3.119999999999999996e-01,1.760106634798125569e+00,7.806255641895631925e-18,1.989436997694713494e-01
3.140000000000000013e-01,1.761343694595423059e+00,5.204170427930421283e-18,1.984208120012247167e-01
3.160000000000000031e-01,1.762580507787928852e+00,1.599198204416119040e-18,1.978971308817930597e-01
3.180000000000000049e-01,1.763817062236212152e+00,7.372574772901430151e-18,1.973726593440939814e-01
3.200000000000000067e-01,1.765053345763289983e+00,1.565994512883750467e-17,1.968474003439620867e-01
3.220000000000000084e-01,1.766289346154907847e+00,3.469446951953614189e-18,1.963213568600945813e-01
3.240000000000000102e-01,1.767525051160026450e+00,2.168404344971008868e-18,1.957945318939862400e-01
3.260000000000000120e-01,1.768760448490839465e+00,8.673617379884035472e-18,1.952669284698627383e-01
3.280000000000000138e-01,1.769995525823896187e+00,1.040834085586084257e-17,1.947385496346167033e-01
3.300000000000000155e-01,3.838999272601018475e+00,1.734723475976807094e-18,1.942093984577412946e-01
3.320000000000000173e-01,1.772464671023740834e+00,1.192622389734054877e-17,1.936794780312590392e-01
3.340000000000000191e-01,1.773698714066490822e+00,2.710505431213761085e-18,1.931487914696514152e-01
3.360000000000000209e-01,1.774932387463982408e+00,2.168404344971008868e-18,1.926173419097857165e-01
3.380000000000000226e-01,1.776165678718266250e+00,1.713039432527097006e-17,1.920851325108440255e-01
3.400000000000000244e-01,1.777398575297937100e+00,7.806255641895631925e-18,1.915521664542433611e-01
3.420000000000000262e-01,1.778631064638142689e+00,1.046255096448511779e-17,1.910184469435597665e-01
3.440000000000000280e-01,1.779863134141606906e+00,4.336808689942017736e-19,1.904839772044517321e-01
3.460000000000000298e-01,1.781094771178569403e+00,1.734723475976807094e-18,1.899487604845745969e-01
3.480000000000000315e-01,1.782325963087656007e+00,1.734723475976807094e-18,1.894128000535040546e-01
3.500000000000000333e-01,1.783556697175910699e+00,1.474514954580286030e-17,1.888760992026457530e-01
3.519999999999999796e-01,1.784786960719562998e+00,5.637851296924623057e-18,1.883386612451570796e-01
3.539999999999999813e-01,1.786016740964480931e+00,4.336808689942017736e-19,1.878004895158515430e-01
3.559999999999999831e-01,1.787246025126542293e+00,8.239936510889833698e-18,1.872615873711179491e-01
3.579999999999999849e-01,1.788474800391934849e+00,1.734746637033958579e-18,1.867219581888264479e-01
3.599999999999999867e-01,1.789703053918072939e+00,8.673617379884035472e-19,1.861816053682360250e-01
3.619999999999999885e-01,1.790930772833862150e+00,1.734723475976807094e-18,1.856405323299006871e-01
3.639999999999999902e-01,1.792157944239901823e+00,1.241411487495902577e-17,1.850987425155763977e-01
3.659999999999999920e-01,1.793384555209579290e+00,7.806255641895631925e-18,1.845562393881225727e-01
3.679999999999999938e-01,1.794610592789121384e+00,5.312590645178971727e-18,1.840130264314037145e-01
3.699999999999999956e-01,1.795836043998106035e+00,8.836247705756861137e-18,1.834691071501899362e-01
3.719999999999999973e-01,1.797060895830277616e+00,8.239936510889833698e-18,1.829244850700570413e-01
3.739999999999999991e-01,1.798285135253960831e+00,1.363384231900521826e-17,1.823791637372797203e-01
3.760000000000000009e-01,1.799508749212213488e+00,1.040834085586084257e-17,1.818331467187290773e-01
3.780000000000000027e-01,1.800731724623906516e+00,8.673617379884035472e-18,1.812864376017674917e-01
3.800000000000000044e-01,1.801954048384002860e+00,1.192622389734054877e-17,1.807390399941377623e-01
3.820000000000000062e-01,3.806028437479097803e+00,1.734744651800488452e-17,1.801909575238553884e-01
3.840000000000000080e-01,3.804868988034582955e+00,2.927345865710861972e-17,1.796421938390987127e-01
3.860000000000000098e-01,1.805616978355850222e+00,1.761828530288944705e-18,1.790927526080960397e-01
3.880000000000000115e-01,1.806836563999080880e+00,3.794707603699265519e-18,1.785426375190087289e-01
3.900000000000000133e-01,1.808055432125515338e+00,5.204170427930421283e-18,1.779918522798194513e-01
3.920000000000000151e-01,3.800312139579158810e+00,1.073360150760649390e-17,1.774404006182139781e-01
3.940000000000000169e-01,1.810490962859937270e+00,2.168404344971008868e-18,1.768882862814609991e-01
3.960000000000000187e-01,1.811707598934365393e+00,2.049142105997603380e-17,1.763355130362947443e-01
3.980000000000000204e-01,1.812923464425939102e+00,6.288372600415925717e-18,1.757820846687922212e-01
4.000000000000000222e-01,1.814138546021000664e+00,4.336808689942017736e-19,1.752280049842479259e-01
4.020000000000000240e-01,3.794798463223120422e+00,1.734723475976807094e-17,1.746732778070545222e-01
4.040000000000000258e-01,3.793720075424634075e+00,1.734405838621586732e-18,1.741179069805726398e-01
4.060000000000000275e-01,3.792649809529541116e+00,2.233456475320139134e-17,1.735618963670027270e-01
4.080000000000000293e-01,1.818990766554898997e+00,4.336808689942017736e-18,1.730052498472622602e-01
4.100000000000000311e-01,1.820201728362924598e+00,5.204170427930421283e-18,1.724479713208483811e-01
4.120000000000000329e-01,1.821411826041337889e+00,2.428612866367529932e-17,1.718900647057092224e-01
4.140000000000000346e-01,1.822621046165069814e+00,2.168404344971008868e-18,1.713315339381124291e-01
4.160000000000000364e-01,1.823829375295588306e+00,9.324138683375338132e-18,1.707723829725060760e-01
4.179999999999999827e-01,1.825036799981525348e+00,1.105886215935214523e-17,1.702126157813886320e-01
4.199999999999999845e-01,3.785385542736831255e+00,2.602085213965210642e-18,1.696522363551643819e-01
4.219999999999999862e-01,1.827448882154154575e+00,1.604619215278546562e-17,1.690912487020127530e-01
4.239999999999999880e-01,1.828653512679510484e+00,8.239936510889833698e-18,1.685296568477415158e-01
4.259999999999999898e-01,1.829857184839355000e+00,5.529431079676072613e-18,1.679674648356477007e-01
4.279999999999999916e-01,1.831059885127615416e+00,2.602085213965210642e-18,1.674046767263770996e-01
4.299999999999999933e-01,1.832261600029298165e+00,1.734723475976807094e-18,1.668412965977761619e-01
4.319999999999999951e-01,3.779476339955058606e+00,4.336808689942017736e-19,1.662773285447475824e-01
4.339999999999999969e-01,1.834662019571895897e+00,2.602085213965210642e-18,1.657127766791069434e-01
4.359999999999999987e-01,3.777571741780665349e+00,6.505213034913026604e-19,1.651476451294284775e-01
4.380000000000000004e-01,3.776631658636787847e+00,6.505213034913026604e-19,1.645819380409010435e-01
4.400000000000000022e-01,1.838254920167448958e+00,2.602085213965210642e-18,1.640156595751756374e-01
4.420000000000000040e-01,1.839450438514091957e+00,5.204170427930421283e-18,1.634488139102117099e-01
4.440000000000000058e-01,1.840644876672941521e+00,1.040834085586084257e-17,1.628814052401276191e-01
4.460000000000000075e-01,3.772952771148615270e+00,1.214306433183764966e-17,1.623134377750401480e-01
4.480000000000000093e-01,1.843030458171714514e+00,2.168404344971008868e-18,1.617449157409175386e-01
4.500000000000000111e-01,1.844221574377559847e+00,5.421010862427522170e-19,1.611758433794145962e-01
4.520000000000000129e-01,1.845411556128178532e+00,6.938893903907228378e-18,1.606062249477195891e-01
4.540000000000000147e-01,1.846600389853048085e+00,6.071532165918824830e-18,1.600360647183913243e-01
4.560000000000000164e-01,3.768537402022534621e+00,1.626303258728256651e-18,1.594653669792027717e-01
4.580000000000000182e-01,1.848974558942256152e+00,3.035766082959412415e-18,1.588941360329753638e-01
4.600000000000000200e-01,1.850159867167016969e+00,1.561251128379126385e-17,1.583223761974188737e-01
4.620000000000000218e-01,1.851343973088315664e+00,1.084202172485504434e-17,1.577500918049682954e-01
4.640000000000000235e-01,1.852526863141534363e+00,9.540979117872439019e-18,1.571772872026143131e-01
4.660000000000000253e-01,1.853708523765545735e+00,2.428274053188628212e-17,1.566039667517431511e-01
4.680000000000000271e-01,3.763507602451035439e+00,9.757819552369539906e-19,1.560301348279653777e-01
4.700000000000000289e-01,1.856068102502144157e+00,1.196688147880875519e-17,1.554557958209471791e-01
4.720000000000000306e-01,1.857245993515739713e+00,1.734723475976807094e-18,1.548809541342461016e-01
4.740000000000000324e-01,1.858422600903454125e+00,1.203464411458909922e-17,1.543056141851342489e-01
4.760000000000000342e-01,1.859597911131755765e+00,1.127570259384924611e-17,1.537297804044323590e-01
4.780000000000000360e-01,1.860771910674968055e+00,1.279358563532895232e-17,1.531534572363308921e-01
4.799999999999999822e-01,3.758770597201850805e+00,1.816038638913219927e-18,1.525766491382257728e-01
4.819999999999999840e-01,1.863115923646205374e+00,4.336808689942017736e-19,1.519993605805375347e-01
4.839999999999999858e-01,1.864285910067872365e+00,3.035766082959412415e-18,1.514215960465301603e-01
4.859999999999999876e-01,1.865454531793588444e+00,2.602085213965210642e-18,1.508433600321545109e-01
4.879999999999999893e-01,1.866621775347319101e+00,6.071532165918824830e-18,1.502646570458498754e-01
4.899999999999999911e-01,3.755046439178384432e+00,1.734723475976807094e-17,1.496854916083763254e-01
4.919999999999999929e-01,1.868952074096316807e+00,1.604619215278546562e-17,1.491058682526353318e-01
4.939999999999999947e-01,1.870115102403664409e+00,0.000000000000000000e+00,1.485257915234868276e-01
4.959999999999999964e-01,1.871276698764452462e+00,2.602085213965210642e-18,1.479452659775712664e-01
4.979999999999999982e-01,1.872436849771180079e+00,1.322726650432315409e-17,1.473642961831255205e-01
5.000000000000000000e-01,3.751524960240216089e+00,2.038300084272748336e-17,1.467828867198020526e-01
5.020000000000000018e-01,1.874752762172837706e+00,9.757819552369539906e-19,1.462010421784859793e-01
5.040000000000000036e-01,1.875908496835618777e+00,2.125036258071588691e-17,1.456187671611087198e-01
5.060000000000000053e-01,1.877062732681586965e+00,8.673617379884035472e-19,1.450360662804658640e-01
5.080000000000000071e-01,1.878215456390503135e+00,0.000000000000000000e+00,1.444529441600301278e-01
5.100000000000000089e-01,1.879366654662151248e+00,9.974659986866640793e-18,1.438694054337643635e-01
5.120000000000000107e-01,1.880516314216832185e+00,9.540979117872439019e-18,1.432854547459357364e-01
5.140000000000000124e-01,1.881664421796051201e+00,1.517883041479706208e-18,1.427010967509264594e-01
5.160000000000000142e-01,1.882810964163468270e+00,1.127570259384924611e-17,1.421163361130501346e-01
5.180000000000000160e-01,1.883955928105642386e+00,5.204170427930421283e-18,1.415311775063512467e-01
5.200000000000000178e-01,1.885099300432708347e+00,1.615461237003401607e-17,1.409456256144300812e-01
5.220000000000000195e-01,3.744488937617106217e+00,1.517883041479706208e-17,1.403596851302409965e-01
5.240000000000000213e-01,3.743897647510234350e+00,1.905993537911626623e-17,1.397733607559063229e-01
5.260000000000000231e-01,1.888519736195140908e+00,4.987329993433320396e-18,1.391866572025229620e-01
5.280000000000000249e-01,1.889656610662823866e+00,4.336808689942017736e-18,1.385995791899715668e-01
5.300000000000000266e-01,3.742171979237983948e+00,8.687169907040104277e-18,1.380121314467221416e-01
5.320000000000000284e-01,1.891925375017802224e+00,1.257674520083185143e-17,1.374243187096411967e-01
5.340000000000000302e-01,1.893057238870587966e+00,1.185846126156020475e-20,1.368361457237981804e-01
5.360000000000000320e-01,1.894187406532971352e+00,2.515349040166370287e-17,1.362476172422707188e-01
5.380000000000000338e-01,1.895315865062720206e+00,1.040834085586084257e-17,1.356587380259495490e-01
5.400000000000000355e-01,1.896442601548846696e+00,1.040834085586084257e-17,1.350695128433438974e-01
5.420000000000000373e-01,3.738937055065866488e+00,1.734723475976807094e-18,1.344799464703848868e-01
5.440000000000000391e-01,3.738425886174489676e+00,1.561251128379126385e-17,1.338900436902274727e-01
5.460000000000000409e-01,1.899812350123484705e+00,1.040834085586084257e-17,1.332998092930587075e-01
5.480000000000000426e-01,1.900932069980743933e+00,9.540979117872439019e-18,1.327092480758952364e-01
5.500000000000000444e-01,1.902050003737580042e+00,6.938893903907228378e-18,1.321183648423884527e-01
5.520000000000000462e-01,3.736460937867102317e+00,3.686287386450715076e-18,1.315271644026271558e-01
5.540000000000000480e-01,1.904280462161732856e+00,7.589415207398531038e-19,1.309356515729371562e-01
5.560000000000000497e-01,1.905392961527486051e+00,5.421010862427522170e-19,1.303438311756852375e-01
5.580000000000000515e-01,1.906503624191383750e+00,3.469446951953614189e-18,1.297517080390791222e-01
5.600000000000000533e-01,1.907612437599089716e+00,3.903127820947815962e-18,1.291592869969665214e-01
5.620000000000000551e-01,1.908719389235828956e+00,3.035766082959412415e-18,1.285665728886394299e-01
5.640000000000000568e-01,3.733751950100934636e+00,1.734723475976807094e-17,1.279735705586326766e-01
5.660000000000000586e-01,1.910927657342494257e+00,1.561399359144895888e-17,1.273802848565238899e-01
5.680000000000000604e-01,1.912028948989503263e+00,1.216678125436077007e-17,1.267867206367329358e-01
5.700000000000000622e-01,1.913128329221681412e+00,3.035766082959412415e-18,1.261928827583225221e-01
5.720000000000000639e-01,1.914225785735153451e+00,6.938893903907228378e-18,1.255987760847981916e-01
5.740000000000000657e-01,1.915321306270934443e+00,4.336808689942017736e-19,1.250044054839081487e-01
5.760000000000000675e-01,1.916414878615096740e+00,5.637851296924623057e-18,1.244097758274392423e-01
5.779999999999999583e-01,1.917506490599716784e+00,1.344410693882025498e-17,1.238148919910207618e-01
5.799999999999999600e-01,1.918596130103512820e+00,5.200782296141404082e-18,1.232197588539196142e-01
5.819999999999999618e-01,1.919683785052988867e+00,1.691355389077386917e-17,1.226243812988419973e-01
5.839999999999999636e-01,1.920769443422631895e+00,7.806255641895631925e-18,1.220287642117327126e-01
5.859999999999999654e-01,3.729523720980569834e+00,1.788933584601082316e-18,1.214329124815693300e-01
5.879999999999999671e-01,1.922934722566544963e+00,9.540979117872439019e-18,1.208368310001683987e-01
5.899999999999999689e-01,1.924014319537949547e+00,6.830473686658677934e-18,1.202405246619788620e-01
5.919999999999999707e-01,3.728535236359242333e+00,1.734723475976807094e-18,1.196439983638828558e-01
5.939999999999999725e-01,3.728221336632984162e+00,1.864827736675067626e-17,1.190472570049944945e-01
5.959999999999999742e-01,3.727915219117260648e+00,1.040834085586084257e-17,1.184503054864587679e-01
5.979999999999999760e-01,1.928312148117074187e+00,1.301042606982605321e-17,1.178531487112532555e-01
5.999999999999999778e-01,1.929381406968818879e+00,3.455894424797545383e-18,1.172557915839808063e-01
6.019999999999999796e-01,1.930448563305736442e+00,5.854691731421723944e-18,1.166582390106770672e-01
6.039999999999999813e-01,1.931513605625578833e+00,2.537033083616080376e-17,1.160604958986048707e-01
6.059999999999999831e-01,1.932576522482461812e+00,2.461138931542095065e-17,1.154625671560536998e-01
6.079999999999999849e-01,3.726241406813382895e+00,2.602085213965210642e-18,1.148644576921424576e-01
6.099999999999999867e-01,1.934695934309397458e+00,8.727827488508310694e-18,1.142661724166152970e-01
6.119999999999999885e-01,1.935752406675693038e+00,8.673617379884035472e-19,1.136677162396513008e-01
6.139999999999999902e-01,3.725508774753132357e+00,3.035766082959412415e-18,1.130690940716476689e-01
6.159999999999999920e-01,3.725279944452273284e+00,8.619407271259760250e-18,1.124703108230389881e-01
6.179999999999999938e-01,3.725058786930850019e+00,1.387609374191994815e-17,1.118713714040867474e-01
6.199999999999999956e-01,1.939956478214467595e+00,1.355252715606880543e-19,1.112722807246844525e-01
6.219999999999999973e-01,1.941001986306346794e+00,1.170938346284344789e-17,1.106730436941574525e-01
6.239999999999999991e-01,1.942045268572675454e+00,6.871131268126884351e-18,1.100736652210677763e-01
6.260000000000000009e-01,1.943086314169500284e+00,1.212951180468158086e-17,1.094741502130127941e-01
6.280000000000000027e-01,3.724067715761494313e+00,6.071532165918824830e-18,1.088745035764301650e-01
6.300000000000000044e-01,1.945161652298427413e+00,1.994931997373328159e-17,1.082747302164001890e-01
6.320000000000000062e-01,1.946195923464781430e+00,3.469446951953614189e-18,1.076748350364503670e-01
6.340000000000000080e-01,1.947227915231271922e+00,2.759294528975608785e-17,1.070748229383532424e-01
6.360000000000000098e-01,3.723411857394262725e+00,5.231275482242558894e-18,1.064746988219413687e-01
6.380000000000000115e-01,3.723266826093873050e+00,5.204170427930421283e-18,1.058744675849008221e-01
6.400000000000000133e-01,3.723129344895729886e+00,4.336808689942017736e-18,1.052741341225847393e-01
6.420000000000000151e-01,3.722999402008266401e+00,4.336808689942017736e-19,1.046737033278106743e-01
6.440000000000000169e-01,1.952353317312851999e+00,1.951563910473907981e-18,1.040731800906773141e-01
6.460000000000000187e-01,3.722762083475462447e+00,1.062518129035794345e-17,1.034725692983600592e-01
6.480000000000000204e-01,3.722654683724702096e+00,5.204170427930421283e-18,1.028718758349257550e-01
6.500000000000000222e-01,1.955400543124055091e+00,2.168404344971008868e-17,1.022711045811387498e-01
6.520000000000000240e-01,1.956411555197210106e+00,9.757819552369539906e-18,1.016702604142643296e-01
6.540000000000000258e-01,1.957420185795202272e+00,1.301042606982605321e-17,1.010693482078852401e-01
6.560000000000000275e-01,3.722299862102227408e+00,5.204170427930421283e-18,1.004683728317040531e-01
6.580000000000000293e-01,3.722229788717163146e+00,9.974659986866640793e-18,9.986733915135970197e-02
6.600000000000000311e-01,1.960431690935601878e+00,3.686287386450715076e-18,9.926625202823270711e-02
6.620000000000000329e-01,1.961430698199764677e+00,5.203323394983166983e-18,9.866511631925981018e-02
6.640000000000000346e-01,1.962427275643692681e+00,1.582935171828836474e-17,9.806393687674189175e-02
6.660000000000000364e-01,1.963421413823230210e+00,9.540979117872439019e-18,9.746271854816408731e-02
6.680000000000000382e-01,1.964413103370416636e+00,8.402566836762659364e-18,9.686146617600155384e-02
6.700000000000000400e-01,1.965402334994294620e+00,5.041540102057595618e-18,9.626018459753683809e-02
6.720000000000000417e-01,1.966389099481395064e+00,1.040834085586084257e-17,9.565887864467575996e-02
6.740000000000000435e-01,1.967373387695850795e+00,2.752857078576476102e-21,9.505755314376095055e-02
6.760000000000000453e-01,3.721931807312374829e+00,6.938893903907228378e-18,9.445621291538774944e-02
6.780000000000000471e-01,1.969334499156913054e+00,5.202476362035912683e-18,9.385486277422531998e-02
6.800000000000000488e-01,1.970311304526452645e+00,8.673617379884035472e-19,9.325350752882864691e-02
6.820000000000000506e-01,1.971285597870469530e+00,1.734723475976807094e-18,9.265215198146115050e-02
6.840000000000000524e-01,1.972257370450643421e+00,2.255140518769849223e-17,9.205080092791505242e-02
6.860000000000000542e-01,1.973226613609742941e+00,3.144186300207962859e-17,9.144945915732675956e-02
6.880000000000000560e-01,1.974193318772112349e+00,9.324138683375338132e-18,9.084813145200454354e-02
6.900000000000000577e-01,3.722109803395573735e+00,1.734723475976807094e-17,9.024682258724475714e-02
6.920000000000000595e-01,1.976119081214285700e+00,1.691355389077386917e-17,8.964553733115822320e-02
6.940000000000000613e-01,1.977078121754583862e+00,8.673617379884035472e-19,8.904428044449295976e-02
6.960000000000000631e-01,1.978034590820024974e+00,7.806255641895631925e-18,8.844305668045925051e-02
6.980000000000000648e-01,3.722370457513720865e+00,8.673617379884035472e-18,8.784187078455479858e-02
7.000000000000000666e-01,1.979939781966486123e+00,1.301042606982605321e-17,8.724072749439157337e-02
7.020000000000000684e-01,3.722543758144556847e+00,4.336808689942017736e-18,8.663963153952480845e-02
7.039999999999999591e-01,1.981834590379316197e+00,4.336808689942017736e-18,8.603858764127776670e-02
7.059999999999999609e-01,1.982778081347095878e+00,1.279358563532895232e-17,8.543760051257417998e-02
7.079999999999999627e-01,3.722857093865654221e+00,3.469446951953614189e-18,8.483667485776751060e-02
7.099999999999999645e-01,1.984657198129694322e+00,6.938893903907228378e-18,8.423581537247508411e-02
7.119999999999999662e-01,3.723101399046223392e+00,2.431323371798743693e-17,8.363502674340538012e-02
7.139999999999999680e-01,1.986525777483286959e+00,1.788933584601082316e-18,8.303431364819593985e-02
7.159999999999999698e-01,1.987456096992008980e+00,6.749158523722265102e-18,8.243368075524712402e-02
7.179999999999999716e-01,1.988383759960161257e+00,6.938893903907228378e-18,8.183313272355270673e-02
7.199999999999999734e-01,1.989308759176646291e+00,5.637851296924623057e-18,8.123267420254577653e-02
7.219999999999999751e-01,1.990231087519198638e+00,4.336808689942017736e-18,8.063230983192939960e-02
7.239999999999999769e-01,3.724002958625010962e+00,5.204170427930421283e-18,8.003204424151399987e-02
7.259999999999999787e-01,1.992067703538172196e+00,3.198396408832238080e-18,7.943188205106491151e-02
7.279999999999999805e-01,1.992981977416336647e+00,4.878909776184769953e-18,7.883182787013622017e-02
7.299999999999999822e-01,1.993893552824475890e+00,1.116728237660069567e-17,7.823188629791617832e-02
7.319999999999999840e-01,1.994802423088639642e+00,5.204170427930421283e-18,7.763206192306983111e-02
7.339999999999999858e-01,3.724945631388886014e+00,1.485356976305141075e-17,7.703235932358175331e-02
7.359999999999999876e-01,3.725154851644452592e+00,1.127570259384924611e-17,7.643278306660333810e-02
7.379999999999999893e-01,1.997512737638619029e+00,3.465211787217342687e-18,7.583333770830037734e-02
7.399999999999999911e-01,3.725593847945958714e+00,0.000000000000000000e+00,7.523402779369584015e-02
7.419999999999999929e-01,3.725823591145459801e+00,1.604619215278546562e-17,7.463485785652636262e-02
7.439999999999999947e-01,2.000198474362505863e+00,3.361026734705063745e-18,7.403583241908573420e-02
7.459999999999999964e-01,2.001088229396231100e+00,1.436567878543293375e-17,7.343695599207937519e-02
7.479999999999999982e-01,2.001975229180471771e+00,1.734384662797905374e-17,7.283823307447594153e-02
7.500000000000000000e-01,2.002859467866919374e+00,4.770489558936219510e-18,7.223966815336210767e-02
7.520000000000000018e-01,2.003740939700067614e+00,8.673617379884035472e-19,7.164126570379546199e-02
7.540000000000000036e-01,3.727344433734378626e+00,1.647987302177966740e-17,7.104303018866499342e-02
7.560000000000000053e-01,2.005495560251356224e+00,1.637145280453111695e-17,7.044496605854239091e-02
7.580000000000000071e-01,3.727905218381662777e+00,3.469446951953614189e-18,6.984707775154237741e-02
7.600000000000000089e-01,3.728195628509523019e+00,2.168404344971008868e-19,6.924936969319211988e-02
7.620000000000000107e-01,2.008106601164010740e+00,1.929879867024197893e-17,6.865184629627439639e-02
7.640000000000000124e-01,2.008971356247759132e+00,3.469446951953614189e-18,6.805451196070592956e-02
7.660000000000000142e-01,3.729106722957128639e+00,4.336808689942017736e-19,6.745737107339311311e-02
7.680000000000000160e-01,2.010692447849733000e+00,6.179952383167375274e-18,6.686042800810065856e-02
7.700000000000000178e-01,3.729747165189639446e+00,7.806255641895631925e-18,6.626368712531499616e-02
7.720000000000000195e-01,2.012402281807766258e+00,9.540979117872439019e-18,6.566715277211356006e-02
7.740000000000000213e-01,3.730413880288551809e+00,5.637851296924623057e-18,6.507082928203264394e-02
7.760000000000000231e-01,2.014100819980956913e+00,4.878909776184769953e-18,6.447472097493990584e-02
7.780000000000000249e-01,3.731106726483695013e+00,4.336808689942017736e-18,6.387883215690073890e-02
7.800000000000000266e-01,3.731462904127901936e+00,8.998878031629686802e-18,6.328316712006322453e-02
7.820000000000000284e-01,2.016627367951887351e+00,2.602085213965210642e-18,6.268773014251116660e-02
7.840000000000000302e-01,3.732194678667946519e+00,1.084202172485504434e-17,6.209252548816037581e-02
7.860000000000000320e-01,3.732570239419391811e+00,2.168404344971008868e-18,6.149755740662619236e-02
7.880000000000000338e-01,2.019128301199572206e+00,1.078781161623076912e-17,6.090283013309993193e-02
7.900000000000000355e-01,3.733340617013141127e+00,8.673617379884035472e-18,6.030834788823417197e-02
7.920000000000000373e-01,3.733735397303927783e+00,8.673617379884035472e-18,5.971411487801757401e-02
7.940000000000000391e-01,2.021603510287457439e+00,6.071532165918824830e-18,5.912013529366848957e-02
7.960000000000000409e-01,2.022422845703763628e+00,8.673617379884035472e-19,5.852641331149659176e-02
7.980000000000000426e-01,3.734957883451825111e+00,1.376936759056590631e-17,5.793295309281097649e-02
8.000000000000000444e-01,2.024052893523119678e+00,3.252606517456513302e-18,5.733975878379524854e-02
8.020000000000000462e-01,3.735804476722330847e+00,5.746271514173173500e-18,5.674683451539485474e-02
8.040000000000000480e-01,3.736237198204630516e+00,1.735358750687247820e-18,5.615418440321399973e-02
8.060000000000000497e-01,3.736676177924096010e+00,6.071532165918824830e-18,5.556181254739251535e-02
8.080000000000000515e-01,3.737121397057062921e+00,5.854691731421723944e-18,5.496972303251145692e-02
8.100000000000000533e-01,2.028077556491140854e+00,1.431146867680865853e-17,5.437791992747812581e-02
8.120000000000000551e-01,3.738030477961194364e+00,1.685934378214959395e-17,5.378640728542337379e-02
8.140000000000000568e-01,2.029667174017001585e+00,6.938893903907228378e-18,5.319518914359954581e-02
8.160000000000000586e-01,3.738964289105604522e+00,1.263095530945612666e-17,5.260426952327259403e-02
8.180000000000000604e-01,2.031245187445220424e+00,7.372574772901430151e-18,5.201365242962583540e-02
8.200000000000000622e-01,3.739922677720649347e+00,5.204170427930421283e-18,5.142334185165786664e-02
8.220000000000000639e-01,3.740411040581800961e+00,2.602085213965210642e-18,5.083334176208594707e-02
8.240000000000000657e-01,3.740905490097619079e+00,1.105886215935214523e-17,5.024365611724669611e-02
8.260000000000000675e-01,3.741406006910823479e+00,1.044899843732904898e-17,4.965428885700048922e-02
8.280000000000000693e-01,3.741912571608118299e+00,3.289198340777899077e-17,4.906524390464595681e-02
8.300000000000000711e-01,2.035909405048196064e+00,2.255119342946167865e-17,4.847652516680862195e-02
8.320000000000000728e-01,3.742943766723023202e+00,2.818925648462311528e-18,4.788813653336652931e-02
8.339999999999999636e-01,2.037440811594251500e+00,0.000000000000000000e+00,4.730008187735736114e-02
8.359999999999999654e-01,3.743998919031778172e+00,4.336808689942017736e-19,4.671236505488005758e-02
8.379999999999999671e-01,3.744535430019148237e+00,9.540979117872439019e-18,4.612498990502721108e-02
8.399999999999999689e-01,2.039715995259159698e+00,8.673617379884035472e-19,4.553796024977006113e-02
8.419999999999999707e-01,3.745626222968056140e+00,1.384390648992428474e-17,4.495127989390399620e-02
8.439999999999999725e-01,2.041218148535415722e+00,1.387778780781445676e-17,4.436495262495002145e-02
8.459999999999999742e-01,2.041964830255471597e+00,8.673617379884035472e-19,4.377898221307482268e-02
8.479999999999999760e-01,2.042708580395764528e+00,1.386762341244740515e-17,4.319337241101314090e-02
8.499999999999999778e-01,2.043449397846977433e+00,1.734723475976807094e-18,4.260812695398829425e-02
8.519999999999999796e-01,2.044187281592636296e+00,1.084202172485504434e-17,4.202324955963483016e-02
8.539999999999999813e-01,2.044922230708952071e+00,1.647987302177966740e-17,4.143874392792359224e-02
8.559999999999999831e-01,3.749628504841302501e+00,1.517883041479706208e-17,4.085461374108605853e-02
8.579999999999999849e-01,3.750223421748867025e+00,0.000000000000000000e+00,4.027086266353643862e-02
8.599999999999999867e-01,2.047109462429308024e+00,1.387778780781445676e-17,3.968749434181862573e-02
8.619999999999999885e-01,2.047832665635722194e+00,0.000000000000000000e+00,3.910451240451304211e-02
8.639999999999999902e-01,2.048552930975525044e+00,0.000000000000000000e+00,3.852192046218065602e-02
8.659999999999999920e-01,3.752660187420033822e+00,1.864827736675067626e-17,3.793972210729264216e-02
8.679999999999999938e-01,3.753283551619674085e+00,1.065228634467008106e-17,3.735792091416399036e-02
8.699999999999999956e-01,3.753912544085498126e+00,3.903127820947815962e-18,3.677652043889594741e-02
8.719999999999999973e-01,2.051404607574310646e+00,1.778091562876227272e-17,3.619552421929362468e-02
8.739999999999999991e-01,2.052110179802438594e+00,4.336808689942017736e-19,3.561493577483181017e-02
8.760000000000000009e-01,2.052812813284576876e+00,7.372574772901430151e-18,3.503475860657204177e-02
8.780000000000000027e-01,3.756484385998152931e+00,0.000000000000000000e+00,3.445499619711270972e-02
8.800000000000000044e-01,3.757141211470738540e+00,6.071532165918824830e-18,3.387565201052734204e-02
8.820000000000000062e-01,2.054903083382258799e+00,3.469446951953614189e-18,3.329672949233346280e-02
8.840000000000000080e-01,2.055593964451647437e+00,1.734723475976807094e-18,3.271823206937916201e-02
8.860000000000000098e-01,3.759144632763298688e+00,5.122855264994008451e-18,3.214016314985217865e-02
8.880000000000000115e-01,2.056966916148461166e+00,2.428612866367529932e-17,3.156252612319605799e-02
8.900000000000000133e-01,3.760507493098076637e+00,4.336808689942017736e-18,3.098532436006600291e-02
8.920000000000000151e-01,2.058328125094545769e+00,1.474514954580286030e-17,3.040856121227716868e-02
8.940000000000000169e-01,2.059004328052063570e+00,3.457588490692053984e-18,2.983224001276066004e-02
8.960000000000000187e-01,3.762592235276883912e+00,4.336808689942017736e-19,2.925636407551461884e-02
8.980000000000000204e-01,2.060347935724102797e+00,1.040834085586084257e-17,2.868093669555862868e-02
9.000000000000000222e-01,2.061015342611483447e+00,9.107298248878237246e-18,2.810596114889118285e-02
9.020000000000000240e-01,2.061679819790574797e+00,3.469446951953614189e-18,2.753144069244701717e-02
9.040000000000000258e-01,2.062341368560282717e+00,8.673617379884035472e-19,2.695737856405412344e-02
9.060000000000000275e-01,2.062999990304112075e+00,1.040834085586084257e-17,2.638377798239641484e-02
9.080000000000000293e-01,2.063655686489349605e+00,4.336808689942017736e-19,2.581064214697316797e-02
9.100000000000000311e-01,2.064308458667008850e+00,1.322726650432315409e-17,2.523797423806374562e-02
9.120000000000000329e-01,2.064958308470858483e+00,3.035766082959412415e-18,2.466577741668929055e-02
9.140000000000000346e-01,2.065605237617596401e+00,1.062518129035794345e-17,2.409405482458030351e-02
9.160000000000000364e-01,2.066249247906119635e+00,5.173677241829266471e-18,2.352280958414287165e-02
9.180000000000000382e-01,2.066890341216950588e+00,8.239936510889833698e-18,2.295204479842567410e-02
9.200000000000000400e-01,3.771405887859341277e+00,1.127570259384924611e-17,2.238176355109099819e-02
9.220000000000000417e-01,3.772173906788260922e+00,2.569559148790645509e-17,2.181196890637805003e-02
9.240000000000000435e-01,3.772946987410755071e+00,1.029992063861229212e-17,2.124266390910438396e-02
9.260000000000000453e-01,3.773725108296302366e+00,2.428612866367529932e-17,2.067385158458354480e-02
9.280000000000000471e-01,2.070052124599152776e+00,8.673617379884035472e-18,2.010553493865142524e-02
9.300000000000000488e-01,2.070675760061927662e+00,3.469446951953614189e-18,1.953771695762130528e-02
9.320000000000000506e-01,2.071296493964029040e+00,6.776263578034402713e-20,1.897040060826023569e-02
9.340000000000000524e-01,2.071914328823865503e+00,4.336808689942017736e-18,1.840358883776977220e-02
9.360000000000000542e-01,2.072529267237952055e+00,7.372574772901430151e-18,1.783728457376465917e-02
9.380000000000000560e-01,2.073141311879295401e+00,1.127570259384924611e-17,1.727149072425581897e-02
9.400000000000000577e-01,2.073750465498124029e+00,1.897353801849632760e-19,1.670621017763025337e-02
9.420000000000000595e-01,2.074356730920442260e+00,6.396792817664476161e-18,1.614144580263458806e-02
9.440000000000000613e-01,2.074960111047982281e+00,8.538092108323347418e-18,1.557720044836061538e-02
9.460000000000000631e-01,2.075560608857625056e+00,1.301042606982605321e-17,1.501347694423045206e-02
9.480000000000000648e-01,3.782610941431089557e+00,0.000000000000000000e+00,1.445027809998145063e-02
9.500000000000000666e-01,2.076752969803315807e+00,8.673617379884035472e-19,1.388760670566109752e-02
9.520000000000000684e-01,2.077344839264144483e+00,1.230569465771047533e-17,1.332546553160477744e-02
9.540000000000000702e-01,2.077933839055416954e+00,1.127570259384924611e-17,1.276385732844316501e-02
9.560000000000000719e-01,3.785987105882050230e+00,3.469446951953614189e-18,1.220278482707261650e-02
9.580000000000000737e-01,3.786842937008726651e+00,1.561251128379126385e-17,1.164225073866542379e-02
9.599999999999999645e-01,3.787703440581056569e+00,2.862293735361731706e-17,1.108225775466168198e-02
9.619999999999999662e-01,3.788568594790438837e+00,1.727947212398772692e-18,1.052280854675845083e-02
9.639999999999999680e-01,3.789438377812860637e+00,1.019150042136374168e-17,9.963905766887959717e-03
9.659999999999999698e-01,2.081407767062708913e+00,8.998878031629686802e-18,9.405552047278074868e-03
9.679999999999999716e-01,3.791191742926798725e+00,3.469446951953614189e-18,8.847750000374099769e-03
9.699999999999999734e-01,3.792075281298433964e+00,2.080821138224914213e-17,8.290502218885964850e-03
9.719999999999999751e-01,2.083106277452674959e+00,5.204170427930421283e-18,7.733811275775517163e-03
9.739999999999999769e-01,2.083666776214730731e+00,3.510104533421820605e-18,7.177679724257692191e-03
9.759999999999999787e-01,2.084224445970855655e+00,6.938893903907228378e-18,6.622110097807712946e-03
9.779999999999999805e-01,2.084779290827805553e+00,2.256156958306554383e-17,6.067104910161167167e-03
9.799999999999999822e-01,2.085331314958571269e+00,6.071532165918824830e-18,5.512666655323033953e-03
9.819999999999999840e-01,2.085880522601421205e+00,1.474514954580286030e-17,4.958797807571385663e-03
9.839999999999999858e-01,3.798385981585260751e+00,6.288372600415925717e-18,4.405500821468426829e-03
9.859999999999999876e-01,2.086970505699694556e+00,4.336808689942017736e-18,3.852778131863224178e-03
9.879999999999999893e-01,2.087511289953440041e+00,5.207558559719438485e-18,3.300632153907407176e-03
9.899999999999999911e-01,2.088049275314695308e+00,6.071532165918824830e-18,2.749065283062581810e-03
9.919999999999999929e-01,3.802089112243887570e+00,7.806255641895631925e-18,2.198079895113688818e-03
9.939999999999999947e-01,2.089116867648145970e+00,1.301042606982605321e-17,1.647678346180064075e-03
9.959999999999999964e-01,2.089646483918672359e+00,0.000000000000000000e+00,1.097862972730838165e-03
9.979999999999999982e-01,3.804911687049138180e+00,1.040834085586084257e-17,5.486360915997414876e-04
1.000000000000000000e+00,2.090697380370329483e+00,9.107298248878237246e-18,1.301851892905167488e-16
1.002000000000000002e+00,2.091218670212688480e+00,1.564300446989241866e-17,5.480430244589902912e-04
1.004000000000000004e+00,2.091737194339048145e+00,2.385244779468109755e-18,1.095490723751447624e-03
1.006000000000000005e+00,2.092252957727172458e+00,0.000000000000000000e+00,1.642340859419772056e-03
1.008000000000000007e+00,2.092765965412890949e+00,1.517883041479706208e-18,2.188591212551845629e-03
1.010000000000000009e+00,2.093276222488990257e+00,3.469446951953614189e-18,2.734239583762151753e-03
1.012000000000000011e+00,2.093783734105162608e+00,1.344410693882025498e-17,3.279283793168634095e-03
1.014000000000000012e+00,2.094288505466980865e+00,1.214899356246842976e-17,3.823721680370600114e-03
1.016000000000000014e+00,2.094790541835438447e+00,5.393905808115384559e-18,4.367551104425573122e-03
1.018000000000000016e+00,2.095289848526384446e+00,4.336808689942017736e-19,4.910769943824538214e-03
1.020000000000000018e+00,3.815582624993069771e+00,8.673617379884035472e-18,5.453376096464955178e-03
1.022000000000000020e+00,3.816577101369706071e+00,8.673617379884035472e-19,5.995367479626728668e-03
1.024000000000000021e+00,3.817575547492991106e+00,1.734723475976807094e-18,6.536742029943314221e-03
1.026000000000000023e+00,3.818577941341871451e+00,6.938893903907228378e-18,7.077497703373731956e-03
1.028000000000000025e+00,2.097745626638960914e+00,9.540979117872439019e-18,7.617632475174824017e-03
1.030000000000000027e+00,2.098228669894492526e+00,7.806255641895631925e-18,8.157144339867940935e-03
1.032000000000000028e+00,3.821608589069109385e+00,1.214306433183764966e-17,8.696031311211969289e-03
1.034000000000000030e+00,2.099186689195605027e+00,1.843143693225357538e-17,9.234291422171773608e-03
1.036000000000000032e+00,2.099661676756682027e+00,3.469446951953614189e-18,9.771922724880078431e-03
1.038000000000000034e+00,2.100133990683415774e+00,5.637851296924623057e-18,1.030892329060867883e-02
1.040000000000000036e+00,2.100603636855513656e+00,1.886511780124777715e-17,1.084529120973610691e-02
1.042000000000000037e+00,2.101070621200060273e+00,1.042189338301691137e-17,1.138102459171112107e-02
1.044000000000000039e+00,2.101534949691110654e+00,4.336808689942017736e-18,1.191612156500202954e-02
1.046000000000000041e+00,3.828814162496826157e+00,1.647987302177966740e-17,1.245058027709509962e-02
1.048000000000000043e+00,2.102455663241226347e+00,1.788933584601082316e-18,1.298439889442060645e-02
1.050000000000000044e+00,2.102912060478141498e+00,3.469446951953614189e-18,1.351757560233423326e-02
1.052000000000000046e+00,2.103365826216547774e+00,1.214137026594314106e-17,1.405010860507351772e-02
1.054000000000000048e+00,2.103816966656550491e+00,8.239936510889833698e-18,1.458199612571648048e-02
1.056000000000000050e+00,2.104265488041811238e+00,2.580401170515500553e-17,1.511323640614455587e-02
1.058000000000000052e+00,2.104711396658764500e+00,8.239936510889833698e-18,1.564382770699804248e-02
1.060000000000000053e+00,2.105154698836132710e+00,1.388117593960347396e-17,1.617376830763360765e-02
1.062000000000000055e+00,3.837271012890081323e+00,1.214306433183764966e-17,1.670305650608891121e-02
1.064000000000000057e+00,2.106033509394025671e+00,2.602085213965210642e-18,1.723169061902718111e-02
1.066000000000000059e+00,2.106469030637581952e+00,9.540979117872439019e-18,1.775966898170284677e-02
1.068000000000000060e+00,2.106901971166253773e+00,5.204170427930421283e-18,1.828698994791181504e-02
1.070000000000000062e+00,2.107332337510863240e+00,8.673617379884035472e-18,1.881365188994661361e-02
1.072000000000000064e+00,3.842671994540111768e+00,1.301042606982605321e-18,1.933965319855212792e-02
1.074000000000000066e+00,2.108185373963307185e+00,2.385244779468109755e-17,1.986499228287618227e-02
1.076000000000000068e+00,2.108608057323415608e+00,1.778091562876227272e-17,2.038966757042249764e-02
1.078000000000000069e+00,2.109028193002794538e+00,1.279358563532895232e-17,2.091367750700322270e-02
1.080000000000000071e+00,2.109445787719403498e+00,1.973247953923618070e-17,2.143702055668938664e-02
1.082000000000000073e+00,2.109860848226942309e+00,1.070649645329435629e-17,2.195969520176116463e-02
1.084000000000000075e+00,2.110273381314161867e+00,6.288372600415925717e-18,2.248169994265809823e-02
1.086000000000000076e+00,2.110683393804286823e+00,6.938893903907228378e-18,2.300303329792782389e-02
1.088000000000000078e+00,2.111090892554646103e+00,5.204170427930421283e-18,2.352369380417455164e-02
1.090000000000000080e+00,3.852607466815481274e+00,1.387778780781445676e-17,2.404368001600871649e-02
1.092000000000000082e+00,2.111898376430561441e+00,2.818925648462311528e-18,2.456299050599063810e-02
1.094000000000000083e+00,2.112298375435015529e+00,0.000000000000000000e+00,2.508162386458134135e-02
1.096000000000000085e+00,2.112695888456075366e+00,1.387778780781445676e-17,2.559957870008598008e-02
1.098000000000000087e+00,2.113090922511885239e+00,1.994931997373328159e-17,2.611685363860095921e-02
1.100000000000000089e+00,2.113483484650942046e+00,5.312590645178971727e-18,2.663344732395780609e-02
1.102000000000000091e+00,2.113873581952008252e+00,1.257674520083185143e-17,2.714935841766840524e-02
1.104000000000000092e+00,2.114261221522641065e+00,2.602085213965210642e-18,2.766458559886967108e-02
1.106000000000000094e+00,2.114646410499664952e+00,1.214306433183764966e-17,2.817912756426473389e-02
1.108000000000000096e+00,3.862804214919719925e+00,2.428612866367529932e-17,2.869298302807332668e-02
1.110000000000000098e+00,3.863952630804652344e+00,2.168404344971008868e-18,2.920615072194639866e-02
1.112000000000000099e+00,3.865104056617306938e+00,2.710505431213761085e-18,2.971862939496228498e-02
1.114000000000000101e+00,2.116162804177408319e+00,7.047314121155778821e-18,3.023041781351315516e-02
1.116000000000000103e+00,3.867415852309502355e+00,2.602085213965210642e-18,3.074151476127622365e-02
1.118000000000000105e+00,2.116906485025200624e+00,2.168404344971008868e-18,3.125191903913797364e-02
1.120000000000000107e+00,2.117274721969028661e+00,9.540979117872439019e-18,3.176162946515383168e-02
1.122000000000000108e+00,2.117640566380124767e+00,5.068645156369733229e-18,3.227064487446794361e-02
1.124000000000000110e+00,3.872074621314068210e+00,1.517883041479706208e-17,3.277896411926341930e-02
1.126000000000000112e+00,2.118365107108839851e+00,1.040834085586084257e-17,3.328658606869477204e-02
1.128000000000000114e+00,2.118723818236187384e+00,1.214137026594314106e-17,3.379350960883337890e-02
1.130000000000000115e+00,2.119080166449514024e+00,1.604619215278546562e-17,3.429973364259682883e-02
1.132000000000000117e+00,2.119434159208797297e+00,5.204170427930421283e-18,3.480525708969234994e-02
1.134000000000000119e+00,2.119785803995089424e+00,1.127570259384924611e-17,3.531007888655109117e-02
1.136000000000000121e+00,2.120135108310080341e+00,2.775557561562891351e-17,3.581419798626391676e-02
1.138000000000000123e+00,2.120482079675511500e+00,1.301042606982605321e-18,3.631761335851824840e-02
1.140000000000000124e+00,3.881528102319297346e+00,1.734427014445268089e-17,3.682032398953226371e-02
1.142000000000000126e+00,2.121169053741265742e+00,9.540979117872439019e-18,3.732232888200642112e-02
1.144000000000000128e+00,3.883918805894838400e+00,7.264154555652879708e-18,3.782362705501859240e-02
1.146000000000000130e+00,3.885118141814800197e+00,6.938893903907228378e-18,3.832421754399897851e-02
1.148000000000000131e+00,3.886320105854021989e+00,9.540979117872439019e-18,3.882409940065670306e-02
1.150000000000000133e+00,2.122515339533515899e+00,1.713039432527097006e-17,3.932327169288071106e-02
1.152000000000000135e+00,3.888731834571414581e+00,5.637851296924623057e-18,3.982173350473075524e-02
1.153999999999999915e+00,3.889941557469118294e+00,1.263095530945612666e-17,4.031948393630276767e-02
1.155999999999999917e+00,2.123501089557070287e+00,5.210946691508455686e-18,4.081652210373198919e-02
1.157999999999999918e+00,2.123825149155361913e+00,1.474514954580286030e-17,4.131284713906982486e-02
1.159999999999999920e+00,2.124146959716879834e+00,5.204170427930421283e-18,4.180845819024310572e-02
1.161999999999999922e+00,2.124466528963736778e+00,6.505213034913026604e-18,4.230335442097772625e-02
1.163999999999999924e+00,2.124783864631380581e+00,9.324138683375338132e-18,4.279753501073479266e-02
1.165999999999999925e+00,2.125098974468242474e+00,1.734723475976807094e-18,4.329099915463813925e-02
1.167999999999999927e+00,2.125411866235351610e+00,0.000000000000000000e+00,4.378374606340782599e-02
1.169999999999999929e+00,2.125722547705590770e+00,2.125036258071588691e-17,4.427577496328793244e-02
1.171999999999999931e+00,3.900941078686003038e+00,1.452830911130575942e-17,4.476708509598094354e-02
1.173999999999999932e+00,3.902175314824754437e+00,9.540979117872439019e-18,4.525767571857531452e-02
1.175999999999999934e+00,2.126641408235256492e+00,1.843143693225357538e-18,4.574754610348137629e-02
1.177999999999999936e+00,2.126943326471597118e+00,1.921748350730556609e-17,4.623669553834404422e-02
1.179999999999999938e+00,2.127243073439563759e+00,8.456776945386934585e-18,4.672512332599327439e-02
1.181999999999999940e+00,2.127540656974458599e+00,5.421010862427522170e-18,4.721282878436307284e-02
1.183999999999999941e+00,2.127836084920147641e+00,1.214306433183764966e-17,4.769981124641976128e-02
1.185999999999999943e+00,2.128129365128994976e+00,7.806255641895631925e-18,4.818607006009490573e-02
1.187999999999999945e+00,3.910879288738616566e+00,1.344410693882025498e-17,4.867160458821270103e-02
1.189999999999999947e+00,3.912131658107638188e+00,1.734723475976807094e-18,4.915641420841119352e-02
1.191999999999999948e+00,2.128996397972175103e+00,1.727947212398772692e-18,4.964049831308642302e-02
1.193999999999999950e+00,2.129281165906796502e+00,8.673617379884035472e-18,5.012385630930527025e-02
1.195999999999999952e+00,2.129563825475052852e+00,0.000000000000000000e+00,5.060648761874057822e-02
1.197999999999999954e+00,3.917162687943372745e+00,6.071532165918824830e-18,5.108839167759695460e-02
1.199999999999999956e+00,3.918425733012583123e+00,1.951563910473907981e-18,5.156956793653826726e-02
1.201999999999999957e+00,3.919690853074992987e+00,5.204170427930421283e-18,5.205001586062031615e-02
1.203999999999999959e+00,2.130673538018100999e+00,1.951563910473907981e-18,5.252973492920301468e-02
1.205999999999999961e+00,2.130945774246347568e+00,9.757819552369539906e-18,5.300872463590030476e-02
1.207999999999999963e+00,2.131215949535905096e+00,1.479935965442713552e-17,5.348698448848655113e-02
1.209999999999999964e+00,3.924771684801159566e+00,1.127570259384924611e-17,5.396451400883445909e-02
1.211999999999999966e+00,2.131750148974090209e+00,2.059984127722458425e-18,5.444131273283738665e-02
1.213999999999999968e+00,2.132014188967021440e+00,3.297329857071540360e-17,5.491738021033795020e-02
1.215999999999999970e+00,2.132276199708682540e+00,4.336808689942017736e-18,5.539271600505620702e-02
1.217999999999999972e+00,3.929884127627568446e+00,8.619407271259760250e-18,5.586731969450944163e-02
1.219999999999999973e+00,2.132794165147066323e+00,8.673617379884035472e-18,5.634119086994545528e-02
1.221999999999999975e+00,2.133050135700621297e+00,2.385244779468109755e-18,5.681432913626534992e-02
1.223999999999999977e+00,2.133304108715838865e+00,5.637851296924623057e-18,5.728673411195037840e-02
1.225999999999999979e+00,2.133556092121986936e+00,1.734723475976807094e-18,5.775840542898724034e-02
1.227999999999999980e+00,3.936317216658499873e+00,8.023096076392732812e-18,5.822934273279552903e-02
1.229999999999999982e+00,3.937609310720405986e+00,8.131516293641283255e-18,5.869954568215100810e-02
1.231999999999999984e+00,3.938903184954426706e+00,1.734723475976807094e-18,5.916901394911786016e-02
1.233999999999999986e+00,2.134544288222020469e+00,1.637145280453111695e-17,5.963774721896272085e-02
1.235999999999999988e+00,3.941496196782816597e+00,6.938893903907228378e-18,6.010574519009041078e-02
1.237999999999999989e+00,3.942795295914626408e+00,2.168404344971008868e-17,6.057300757396687912e-02
1.239999999999999991e+00,2.135264932806130389e+00,1.084202172485504434e-17,6.103953409504273009e-02
1.241999999999999993e+00,3.945398584805476005e+00,1.647987302177966740e-17,6.150532449068425722e-02
1.243999999999999995e+00,2.135735718239816450e+00,1.214306433183764966e-17,6.197037851108933709e-02
1.245999999999999996e+00,2.135968241408876978e+00,1.084202172485504434e-17,6.243469591922076040e-02
1.247999999999999998e+00,2.136198862088180661e+00,1.235990476633475055e-17,6.289827649073338744e-02
1.250000000000000000e+00,2.136427588179106607e+00,3.469446951953614189e-18,6.336112001388967407e-02
1.252000000000000002e+00,2.136654427578513094e+00,3.496552006265751800e-18,6.382322628949486931e-02
1.254000000000000004e+00,3.953247806199545522e+00,9.540979117872439019e-18,6.428459513081828669e-02
1.256000000000000005e+00,3.954561550415920834e+00,2.081668171172168513e-17,6.474522636351794092e-02
1.258000000000000007e+00,3.955876827564987153e+00,1.734723475976807094e-18,6.520511982556982666e-02
1.260000000000000009e+00,3.957193618965817450e+00,8.239936510889833698e-18,6.566427536718506819e-02
1.262000000000000011e+00,2.137760600229496433e+00,3.740497495074990297e-18,6.612269285075157710e-02
1.264000000000000012e+00,2.137976285015533051e+00,1.127570259384924611e-17,6.658037215073825399e-02
1.266000000000000014e+00,2.138190138232468840e+00,8.673617379884035472e-19,6.703731315363836707e-02
1.268000000000000016e+00,3.962475555201640631e+00,6.871131268126884351e-18,6.749351575788749280e-02
1.270000000000000018e+00,3.963799639385410245e+00,1.389134033497052556e-17,6.794897987378430149e-02
1.272000000000000020e+00,3.965125126782188758e+00,1.951563910473907981e-18,6.840370542342749660e-02
1.274000000000000021e+00,2.139027392269763794e+00,9.107298248878237246e-18,6.885769234063460198e-02
1.276000000000000023e+00,3.967780237948685951e+00,7.480994990149980595e-18,6.931094057086763238e-02
1.278000000000000025e+00,3.969109825213239517e+00,6.938893903907228378e-18,6.976345007115984653e-02
1.280000000000000027e+00,2.139636485133914690e+00,8.673617379884035472e-18,7.021522081004426263e-02
1.282000000000000028e+00,3.971772972229253185e+00,1.550409106654271341e-17,7.066625276747053042e-02
1.284000000000000030e+00,2.140033689025431229e+00,1.956984921336335503e-17,7.111654593474736608e-02
1.286000000000000032e+00,3.974441295333663859e+00,2.168404344971008868e-18,7.156610031445180542e-02
1.288000000000000034e+00,3.975777352904966477e+00,6.071532165918824830e-18,7.201491592036163292e-02
1.290000000000000036e+00,2.140616363361125707e+00,1.561251128379126385e-17,7.246299277738507683e-02
1.292000000000000037e+00,3.978453170518401194e+00,1.257674520083185143e-17,7.291033092148292705e-02
1.294000000000000039e+00,2.140996149015009564e+00,1.127570259384924611e-17,7.335693039959742534e-02
1.296000000000000041e+00,3.981133805955819227e+00,1.170938346284344789e-17,7.380279126957497993e-02
1.298000000000000043e+00,3.982475886007600607e+00,3.469446951953614189e-18,7.424791360009619368e-02
1.300000000000000044e+00,3.983819117401454335e+00,4.336808689942017736e-19,7.469229747060385227e-02
1.302000000000000046e+00,2.141735204936047410e+00,8.456776945386934585e-18,7.513594297122412613e-02
1.304000000000000048e+00,2.141915739755079429e+00,5.203111636746353408e-18,7.557885020269695941e-02
1.306000000000000050e+00,3.987855543982382400e+00,4.336808689942017736e-19,7.602101927630694478e-02
1.308000000000000052e+00,2.142271788064908478e+00,2.602085213965210642e-18,7.646245031380051460e-02
1.310000000000000053e+00,3.990551930668521763e+00,9.107298248878237246e-18,7.690314344732146479e-02
1.312000000000000055e+00,2.142621192192953217e+00,9.540979117872439019e-18,7.734309881933638942e-02
1.314000000000000057e+00,3.993252503828598421e+00,8.673617379884035472e-19,7.778231658256112846e-02
1.316000000000000059e+00,2.142964013064876383e+00,2.602085213965210642e-18,7.822079689988724327e-02
1.318000000000000060e+00,3.995957125570324564e+00,7.318364664277154930e-18,7.865853994431602769e-02
1.320000000000000062e+00,2.143300311392337676e+00,7.806255641895631925e-18,7.909554589887583809e-02
1.322000000000000064e+00,2.143466033513995228e+00,8.673617379884035472e-19,7.953181495655596567e-02
1.324000000000000066e+00,4.000021349822731054e+00,3.686287386450715076e-18,7.996734732024196601e-02
1.326000000000000068e+00,4.001377967678841685e+00,4.336808689942017736e-18,8.040214320262728531e-02
1.328000000000000069e+00,2.143953582148293791e+00,2.602085213965210642e-18,8.083620282616085784e-02
1.330000000000000071e+00,2.144112917486175718e+00,3.470929259611309214e-18,8.126952642295659501e-02
1.332000000000000073e+00,4.005453214340880308e+00,1.561251128379126385e-17,8.170211423474092738e-02
1.334000000000000075e+00,4.006813371726815731e+00,1.344410693882025498e-17,8.213396651276486105e-02
1.336000000000000076e+00,4.008174372238206828e+00,4.336808689942017736e-18,8.256508351774223542e-02
1.338000000000000078e+00,2.144734553862544857e+00,4.336808689942017736e-18,8.299546551978330411e-02
1.340000000000000080e+00,2.144886073925912129e+00,8.673617379884035472e-19,8.342511279831145432e-02
1.342000000000000082e+00,4.012262266923960041e+00,5.204170427930421283e-18,8.385402564200210296e-02
1.344000000000000083e+00,4.013626474623567475e+00,6.938893903907228378e-18,8.428220434870782596e-02
1.346000000000000085e+00,2.145331418953958291e+00,2.558717127065790464e-17,8.470964922539554742e-02
1.348000000000000087e+00,4.016357155991943984e+00,3.903127820947815962e-18,8.513636058807019791e-02
1.350000000000000089e+00,4.017723597117589307e+00,1.301042606982605321e-18,8.556233876170268871e-02
1.352000000000000091e+00,2.145763095846159985e+00,3.144186300207962859e-18,8.598758408016818344e-02
1.354000000000000092e+00,2.145903984981542223e+00,2.168404344971008868e-18,8.641209688617049189e-02
1.356000000000000094e+00,2.146043384694076295e+00,9.540979117872439019e-18,8.683587753117939789e-02
1.358000000000000096e+00,2.146181302252841760e+00,9.107298248878237246e-18,8.725892637534971019e-02
1.360000000000000098e+00,4.024566161540271025e+00,4.987329993433320396e-18,8.768124378746908199e-02
1.362000000000000099e+00,2.146452719897707695e+00,3.476223215531648592e-18,8.810283014487817199e-02
1.364000000000000101e+00,2.146586234433783602e+00,5.963111948670274387e-18,8.852368583340174124e-02
1.366000000000000103e+00,2.146718295715823288e+00,1.344410693882025498e-17,8.894381124728717447e-02
1.368000000000000105e+00,4.030051685745405621e+00,1.019150042136374168e-17,8.936320678913604876e-02
1.370000000000000107e+00,2.146978087219967080e+00,1.734723475976807094e-18,8.978187286982614035e-02
1.372000000000000108e+00,4.032797924734403239e+00,1.249543003789543860e-17,9.019980990845780089e-02
1.374000000000000110e+00,4.034171858814282530e+00,1.585645677260050235e-18,9.061701833227611691e-02
1.376000000000000112e+00,2.147357053978169006e+00,8.626183534837794653e-18,9.103349857661349742e-02
1.378000000000000114e+00,2.147480545875412261e+00,4.011548038196366406e-18,9.144925108481367915e-02
1.380000000000000115e+00,4.038296733858494747e+00,1.788933584601082316e-18,9.186427630816634826e-02
1.382000000000000117e+00,4.039672665285443998e+00,1.039478832870477376e-17,9.227857470584763244e-02
1.384000000000000119e+00,2.147842629461859332e+00,1.559218249305716064e-17,9.269214674484983763e-02
1.386000000000000121e+00,2.147960550057312901e+00,1.734723475976807094e-18,9.310499289990936678e-02
1.388000000000000123e+00,2.148077095355418464e+00,5.421010862427522170e-18,9.351711365345505289e-02
1.390000000000000124e+00,4.045180850472322120e+00,6.505213034913026604e-18,9.392850949552804252e-02
1.392000000000000126e+00,4.046558936206910317e+00,1.843143693225357538e-17,9.433918092372646502e-02
1.394000000000000128e+00,4.047937407754995220e+00,8.673617379884035472e-18,9.474912844312963212e-02
1.396000000000000130e+00,4.049316250241858484e+00,0.000000000000000000e+00,9.515835256625208849e-02
1.398000000000000131e+00,4.050695448853019798e+00,8.239936510889833698e-18,9.556685381295802750e-02
1.400000000000000133e+00,4.052074988835057567e+00,1.562182864621106115e-17,9.597463271041146993e-02
1.402000000000000135e+00,2.148854987317180942e+00,6.938893903907228378e-18,9.638168979300301697e-02
1.404000000000000137e+00,2.148960779583740432e+00,1.626303258728256651e-17,9.678802560229131380e-02
1.406000000000000139e+00,2.149065258590001193e+00,1.051676107310939301e-17,9.719364068694000269e-02
1.407999999999999918e+00,4.057596269528163546e+00,2.818925648462311528e-18,9.759853560264879213e-02
1.409999999999999920e+00,4.058977297189930056e+00,1.732394135371857768e-18,9.800271091209594720e-02
1.411999999999999922e+00,4.060358578979675670e+00,4.336808689942017736e-19,9.840616718487531223e-02
1.413999999999999924e+00,4.061740100570599310e+00,1.680513367352531873e-17,9.880890499742715771e-02
1.415999999999999925e+00,2.149568191725443000e+00,4.770489558936219510e-18,9.921092493298443171e-02
1.417999999999999927e+00,4.064503806155149945e+00,5.637851296924623057e-18,9.961222758150158063e-02
1.419999999999999929e+00,4.065885961801580351e+00,8.023096076392732812e-18,1.000128135396019524e-01
1.421999999999999931e+00,2.149854624007659254e+00,1.734723475976807094e-17,1.004126834105142224e-01
1.423999999999999932e+00,4.068650808394979279e+00,2.602085213965210642e-18,1.008118378040001872e-01
1.425999999999999934e+00,2.150039303404662760e+00,3.469446951953614189e-18,1.012102773363081770e-01
1.427999999999999936e+00,4.071416275562688369e+00,3.903127820947815962e-18,1.016080026301039024e-01
1.429999999999999938e+00,2.150219024028420023e+00,1.734723475976807094e-18,1.020050143144136251e-01
1.431999999999999940e+00,4.074182252373841351e+00,2.081668171172168513e-17,1.024013130245596537e-01
1.433999999999999941e+00,4.075565397499500975e+00,1.734723475976807094e-18,1.027968994021046106e-01
1.435999999999999943e+00,2.150479421819769144e+00,8.673617379884035472e-18,1.031917740947883300e-01
1.437999999999999945e+00,4.078331932937558690e+00,1.409462824231155764e-17,1.035859377564705003e-01
1.439999999999999947e+00,4.079715296133839431e+00,3.469446951953614189e-18,1.039793910470712957e-01
1.441999999999999948e+00,4.081098705007093486e+00,2.602085213965210642e-18,1.043721346325084259e-01
1.443999999999999950e+00,4.082482146153715519e+00,3.361026734705063745e-18,1.047641691846432493e-01
1.445999999999999952e+00,2.150889361856831883e+00,3.144186300207962859e-18,1.051554953812232907e-01
1.447999999999999954e+00,2.150967799220149246e+00,7.806255641895631925e-18,1.055461139058143233e-01
1.449999999999999956e+00,2.151045067893189611e+00,1.211595927752551205e-17,1.059360254477543783e-01
1.451999999999999957e+00,2.151121174199774444e+00,9.540979117872439019e-18,1.063252307020883247e-01
1.453999999999999959e+00,2.151196124441748125e+00,3.035766082959412415e-18,1.067137303695147171e-01
1.455999999999999961e+00,2.151269924898873143e+00,3.903127820947815962e-18,1.071015251563227633e-01
1.457999999999999963e+00,4.092166024913346689e+00,6.943129068643499879e-18,1.074886157743464021e-01
1.459999999999999964e+00,4.093549249136980706e+00,1.994931997373328159e-17,1.078750029408920147e-01
1.461999999999999966e+00,4.094932387784798067e+00,1.127570259384924611e-17,1.082606873786954166e-01
1.463999999999999968e+00,2.151553753703911553e+00,6.938893903907228378e-18,1.086456698158610179e-01
1.465999999999999970e+00,4.097698357275822545e+00,3.469446951953614189e-18,1.090299509858027732e-01
1.467999999999999972e+00,4.099081162735185302e+00,3.469446951953614189e-18,1.094135316271940966e-01
1.469999999999999973e+00,4.100463831851087093e+00,6.505213034913026604e-19,1.097964124839098249e-01
1.471999999999999975e+00,4.101846352086385039e+00,2.168404344971008868e-17,1.101785943049699984e-01
1.473999999999999977e+00,4.103228710966069670e+00,5.204170427930421283e-18,1.105600778444866122e-01
1.475999999999999979e+00,2.151946057057719131e+00,2.558717127065790464e-17,1.109408638616142667e-01
1.477999999999999980e+00,4.105992895067023696e+00,2.927345865710861972e-18,1.113209531204786135e-01
1.479999999999999982e+00,4.107374695647436624e+00,1.496198998029996119e-17,1.117003463901470317e-01
1.481999999999999984e+00,2.152127517461511985e+00,6.505213034913026604e-18,1.120790444445538964e-01
1.483999999999999986e+00,4.110137652730266211e+00,9.540979117872439019e-18,1.124570480624633995e-01
1.485999999999999988e+00,4.111518784962989059e+00,8.890457814381136359e-18,1.128343580273992869e-01
1.487999999999999989e+00,4.112899670246527251e+00,3.564314642046095827e-18,1.132109751276086790e-01
1.489999999999999991e+00,4.114280296600638209e+00,1.366094737331735587e-17,1.135869001559981217e-01
1.491999999999999993e+00,2.152408746257709282e+00,1.767249541151372227e-17,1.139621339100884562e-01
1.493999999999999995e+00,2.152461864443120376e+00,1.095044194210359478e-17,1.143366771919567398e-01
1.495999999999999996e+00,2.152513953767309474e+00,3.468176402532732738e-18,1.147105308081883129e-01
1.497999999999999998e+00,4.119799975278329640e+00,2.710505431213761085e-18,1.150836955698253811e-01
1.500000000000000000e+00,4.121179129442007039e+00,8.673617379884035472e-19,1.154561722923136552e-01
1.502000000000000002e+00,2.152664106566854585e+00,7.806255641895631925e-18,1.158279617954542234e-01
1.504000000000000004e+00,2.152712138327693481e+00,8.673617379884035472e-18,1.161990649033485118e-01
1.506000000000000005e+00,2.152759170055491111e+00,1.105886215935214523e-17,1.165694824443532368e-01
1.508000000000000007e+00,2.152805207448182045e+00,1.387778780781445676e-17,1.169392152510254773e-01
1.510000000000000009e+00,2.152850256181112698e+00,8.023096076392732812e-18,1.173082641600768361e-01
1.512000000000000011e+00,2.152894321907373509e+00,8.673617379884035472e-18,1.176766300123226888e-01
1.514000000000000012e+00,2.152937410256926754e+00,9.540979117872439019e-18,1.180443136526292680e-01
1.516000000000000014e+00,2.152979526837967228e+00,1.037784766975968775e-17,1.184113159298705448e-01
1.518000000000000016e+00,2.153020677235586433e+00,1.040834085586084257e-17,1.187776376968761038e-01
1.520000000000000018e+00,4.134950662553233514e+00,8.673617379884035472e-19,1.191432798103808227e-01
1.522000000000000020e+00,4.136325567028812600e+00,1.544988095791843818e-17,1.195082431309836962e-01
1.524000000000000021e+00,2.153138386842675445e+00,4.336808689942017736e-18,1.198725285230917426e-01
1.526000000000000023e+00,4.139074005596306449e+00,3.415236843329338967e-18,1.202361368548773984e-01
1.528000000000000025e+00,4.140447518001424854e+00,6.694948415097989880e-18,1.205990689982275876e-01
1.530000000000000027e+00,2.153247599706389792e+00,5.204170427930421283e-18,1.209613258287034199e-01
1.532000000000000028e+00,2.153282141315829179e+00,1.929879867024197893e-17,1.213229082254832780e-01
1.534000000000000030e+00,4.144565098862319275e+00,6.938893903907228378e-18,1.216838170713254869e-01
1.536000000000000032e+00,2.153348462982348721e+00,1.707618421664669484e-17,1.220440532525187277e-01
1.538000000000000034e+00,2.153380253782675169e+00,1.734723475976807094e-18,1.224036176588311348e-01
1.540000000000000036e+00,2.153411138352426590e+00,0.000000000000000000e+00,1.227625111834762806e-01
1.542000000000000037e+00,2.153441122007354380e+00,8.673617379884035472e-19,1.231207347230532934e-01
1.544000000000000039e+00,2.153470210040589805e+00,1.474514954580286030e-17,1.234782891775118435e-01
1.546000000000000041e+00,2.153498407723041908e+00,1.040834085586084257e-17,1.238351754501037794e-01
1.548000000000000043e+00,2.153525720303262503e+00,1.084202172485504434e-17,1.241913944473451992e-01
1.550000000000000044e+00,2.153552153007522563e+00,4.336808689942017736e-18,1.245469470789540289e-01
1.552000000000000046e+00,2.153577711039766029e+00,2.059984127722458425e-17,1.249018342578269714e-01
1.554000000000000048e+00,2.153602399581755478e+00,5.637851296924623057e-18,1.252560568999844248e-01
1.556000000000000050e+00,2.153626223792926453e+00,4.336808689942017736e-18,1.256096159245264632e-01
1.558000000000000052e+00,2.153649188810558002e+00,1.736417541871315695e-18,1.259625122535965036e-01
1.560000000000000053e+00,2.153671299749774448e+00,1.734723475976807094e-18,1.263147468123309025e-01
1.562000000000000055e+00,2.153692561703602237e+00,1.994931997373328159e-17,1.266663205288197369e-01
1.564000000000000057e+00,2.153712979742721245e+00,5.204170427930421283e-18,1.270172343340631449e-01
1.566000000000000059e+00,4.166440094026592433e+00,5.312590645178971727e-18,1.273674891619327731e-01
1.568000000000000060e+00,2.153751304250238974e+00,4.878909776184769953e-18,1.277170859491237043e-01
1.570000000000000062e+00,2.153769220749831348e+00,1.301042606982605321e-18,1.280660256351174864e-01
1.572000000000000064e+00,2.153786313397608509e+00,7.806255641895631925e-18,1.284143091621382515e-01
1.574000000000000066e+00,2.153802587154370229e+00,1.788933584601082316e-17,1.287619374751139689e-01
1.576000000000000068e+00,2.153818046958784649e+00,4.119968255444916849e-18,1.291089115216334515e-01
1.578000000000000069e+00,4.174600613650316205e+00,5.312590645178971727e-18,1.294552322519042786e-01
1.580000000000000071e+00,2.153846544356415649e+00,3.577867169202164632e-18,1.298009006187201275e-01
1.582000000000000073e+00,2.153859591717919741e+00,1.214306433183764966e-17,1.301459175774070387e-01
1.584000000000000075e+00,2.153871844663790114e+00,5.746271514173173500e-18,1.304902840858009061e-01
1.586000000000000076e+00,2.153883308023672782e+00,3.415236843329338967e-18,1.308340011041901063e-01
1.588000000000000078e+00,2.153893986605700306e+00,2.775557561562891351e-17,1.311770695952898524e-01
1.590000000000000080e+00,2.153903885196141843e+00,3.035766082959412415e-18,1.315194905241974244e-01
1.592000000000000082e+00,4.184087655919045190e+00,3.347474207548994940e-18,1.318612648583534497e-01
1.594000000000000083e+00,2.153921361439882887e+00,8.619407271259760250e-18,1.322023935675009920e-01
1.596000000000000085e+00,4.186791191977066617e+00,9.540979117872439019e-18,1.325428776236560191e-01
1.598000000000000087e+00,2.153935774613923826e+00,9.974659986866640793e-18,1.328827180010608844e-01
1.600000000000000089e+00,2.153941844286809015e+00,1.431146867680865853e-17,1.332219156761475232e-01
1.602000000000000091e+00,2.153947162233690094e+00,8.761708806398482707e-18,1.335604716275040349e-01
1.604000000000000092e+00,2.153951733090623932e+00,3.482999479109682994e-18,1.338983868358339380e-01
1.606000000000000094e+00,2.153955561472102431e+00,8.673617379884035472e-18,1.342356622839208646e-01
1.608000000000000096e+00,2.153958651971505489e+00,2.168404344971008868e-18,1.345722989565915628e-01
1.610000000000000098e+00,2.153961009160889617e+00,2.688821387764050996e-17,1.349082978406787869e-01
1.612000000000000099e+00,2.153962637591169127e+00,8.673617379884035472e-19,1.352436599249849103e-01
1.614000000000000101e+00,4.198915751505110094e+00,2.168404344971008868e-18,1.355783862002471474e-01
1.616000000000000103e+00,2.153963726272694501e+00,9.866239769618090349e-18,1.359124776591024153e-01
1.618000000000000105e+00,2.153963195520276486e+00,1.374226253625376870e-17,1.362459352960472547e-01
1.620000000000000107e+00,4.202941526389235349e+00,4.336808689942017736e-18,1.365787601074101298e-01
1.622000000000000108e+00,2.153960006162730423e+00,8.239936510889833698e-18,1.369109530913084627e-01
1.624000000000000110e+00,2.153957356428236380e+00,2.282245573081986834e-17,1.372425152476202947e-01
1.626000000000000112e+00,4.206959060639993808e+00,1.596487698984905279e-17,1.375734475779464283e-01
1.628000000000000114e+00,2.153949968867982179e+00,6.930423574434685374e-18,1.379037510855757598e-01
1.630000000000000115e+00,2.153945239788091826e+00,6.505213034913026604e-18,1.382334267754543322e-01
1.632000000000000117e+00,2.153939826304430483e+00,1.040834085586084257e-17,1.385624756541485592e-01
1.634000000000000119e+00,2.153933732738249063e+00,7.264154555652879708e-18,1.388908987298142494e-01
1.636000000000000121e+00,4.213636059315183147e+00,6.938893903907228378e-18,1.392186970121602752e-01
1.638000000000000123e+00,2.153919522540377329e+00,1.257674520083185143e-17,1.395458715124186788e-01
1.640000000000000124e+00,2.153911414448606010e+00,6.776263578034402713e-20,1.398724232433084247e-01
1.642000000000000126e+00,2.153902643354090429e+00,6.071532165918824830e-18,1.401983532190077264e-01
1.644000000000000128e+00,2.153893213475743806e+00,1.322726650432315409e-17,1.405236624551172708e-01
1.646000000000000130e+00,2.153883129012267972e+00,8.998878031629686802e-18,1.408483519686287710e-01
1.648000000000000131e+00,2.153872394142144486e+00,2.168404344971008868e-17,1.411724227778979046e-01
1.650000000000000133e+00,2.153861013023426807e+00,1.680513367352531873e-18,1.414958759026038460e-01
1.652000000000000135e+00,2.153848989794221680e+00,2.818925648462311528e-18,1.418187123637268121e-01
1.654000000000000137e+00,2.153836328572612757e+00,4.770489558936219510e-18,1.421409331835127854e-01
1.656000000000000139e+00,4.226915790034295739e+00,1.214306433183764966e-17,1.424625393854415945e-01
1.658000000000000140e+00,2.153809108524431082e+00,6.071532165918824830e-18,1.427835319941976044e-01
1.660000000000000142e+00,2.153794557833903056e+00,1.013729031273946646e-17,1.431039120356410732e-01
1.662000000000000144e+00,2.153779385423534976e+00,1.517883041479706208e-18,1.434236805367750667e-01
1.664000000000000146e+00,2.153763595311843915e+00,2.341876692568689577e-17,1.437428385257162322e-01
1.665999999999999925e+00,4.233516699767289282e+00,1.669671345627676828e-17,1.440613870316662104e-01
1.667999999999999927e+00,2.153730177959962688e+00,2.168404344971008868e-18,1.443793270848824362e-01
1.669999999999999929e+00,2.153712558658451570e+00,3.035766082959412415e-18,1.446966597166451651e-01
1.671999999999999931e+00,4.237464277466838070e+00,6.722053469410127491e-18,1.450133859592337704e-01
1.673999999999999932e+00,2.153675518504678976e+00,3.469446951953614189e-18,1.453295068458924921e-01
1.675999999999999934e+00,2.153656105473968907e+00,5.692061405548898279e-18,1.456450234108074282e-01
1.677999999999999936e+00,4.241401908099739160e+00,1.051676107310939301e-17,1.459599366890733663e-01
1.679999999999999938e+00,2.153615512913800600e+00,1.301042606982605321e-17,1.462742477166683319e-01
1.681999999999999940e+00,4.244021382053734470e+00,5.231275482242558894e-18,1.465879575304252502e-01
1.683999999999999941e+00,2.153572590675448595e+00,2.775345803326077776e-17,1.469010671680014701e-01
1.685999999999999943e+00,2.153550265475111303e+00,1.517883041479706208e-18,1.472135776678573649e-01
1.687999999999999945e+00,2.153527369274829795e+00,6.505213034913026604e-19,1.475254900692212767e-01
1.689999999999999947e+00,4.249246629227453553e+00,4.770489558936219510e-18,1.478368054120704211e-01
1.691999999999999948e+00,2.153479878923302948e+00,1.507041019754851163e-17,1.481475247370971637e-01
1.693999999999999950e+00,2.153455292249031316e+00,1.734723475976807094e-17,1.484576490856867603e-01
1.695999999999999952e+00,4.253153380806868000e+00,3.903127820947815962e-18,1.487671794998891572e-01
1.697999999999999954e+00,2.153404454455133177e+00,6.857578740970815545e-18,1.490761170223926235e-01
1.699999999999999956e+00,2.153378210699766981e+00,1.127570259384924611e-17,1.493844626964997979e-01
1.701999999999999957e+00,4.257049507411991840e+00,1.691355389077386917e-17,1.496922175660971022e-01
1.703999999999999959e+00,2.153324091743982649e+00,2.256495771485456103e-17,1.499993826756373938e-01
1.705999999999999961e+00,4.259640943660144785e+00,5.637851296924623057e-18,1.503059590701046888e-01
1.707999999999999963e+00,2.153267821673823690e+00,1.355252715606880543e-17,1.506119477949979246e-01
1.709999999999999964e+00,2.153238888956511943e+00,1.301042606982605321e-17,1.509173498963001792e-01
1.711999999999999966e+00,2.153209429206567549e+00,4.336808689942017736e-18,1.512221664204548288e-01
1.713999999999999968e+00,2.153179445968124384e+00,2.602085213965210642e-18,1.515263984143444542e-01
1.715999999999999970e+00,2.153148942766947016e+00,1.127570259384924611e-17,1.518300469252618634e-01
1.717999999999999972e+00,2.153117923110576371e+00,1.229214213055440652e-17,1.521331130008894694e-01
1.719999999999999973e+00,2.153086390488764934e+00,1.756407519426517183e-17,1.524355976892746711e-01
1.721999999999999975e+00,2.153054348373267146e+00,3.903127820947815962e-18,1.527375020388029858e-01
1.723999999999999977e+00,2.153021800217763015e+00,5.205017460877675584e-18,1.530388270981798970e-01
1.725999999999999979e+00,2.152988749458300433e+00,6.505213034913026604e-19,1.533395739164032379e-01
1.727999999999999980e+00,2.152955199513121087e+00,1.734723475976807094e-18,1.536397435427405977e-01
1.729999999999999982e+00,2.152921153782486385e+00,4.119968255444916849e-18,1.539393370267101435e-01
1.731999999999999984e+00,2.152886615649414637e+00,1.051676107310939301e-17,1.542383554180527250e-01
1.733999999999999986e+00,2.152851588479149925e+00,7.806255641895631925e-18,1.545367997667125848e-01
1.735999999999999988e+00,2.152816075619305991e+00,1.539567084929416296e-17,1.548346711228137662e-01
1.737999999999999989e+00,2.152780080400376050e+00,8.673617379884035472e-19,1.551319705366395185e-01
1.739999999999999991e+00,2.152743606135249621e+00,5.204170427930421283e-18,1.554286990586072337e-01
1.741999999999999993e+00,2.152706656119541151e+00,9.540979117872439019e-18,1.557248577392490729e-01
1.743999999999999995e+00,2.152669233631465673e+00,8.023096076392732812e-18,1.560204476291920661e-01
1.745999999999999996e+00,2.152631341932437437e+00,8.239936510889833698e-18,1.563154697791316328e-01
1.747999999999999998e+00,2.152592984266476606e+00,1.040834085586084257e-17,1.566099252398155672e-01
1.750000000000000000e+00,2.152554163860548542e+00,1.387778780781445676e-17,1.569038150620195859e-01
1.752000000000000002e+00,2.152514883924808942e+00,9.107298248878237246e-18,1.571971402965272602e-01
1.754000000000000004e+00,2.152475147652284093e+00,5.204170427930421283e-18,1.574899019941130018e-01
1.756000000000000005e+00,4.291611603216180626e+00,3.469446951953614189e-18,1.577821012055132810e-01
1.758000000000000007e+00,2.152394318785395555e+00,5.204170427930421283e-18,1.580737389814162730e-01
1.760000000000000009e+00,2.152353232493346979e+00,3.903127820947815962e-18,1.583648163724348246e-01
1.762000000000000011e+00,2.152311702469273058e+00,1.557524183411207463e-17,1.586553344290888568e-01
1.764000000000000012e+00,4.296651290820543423e+00,1.084202172485504434e-18,1.589452942017861026e-01
1.766000000000000014e+00,2.152227323646682677e+00,1.778091562876227272e-17,1.592346967408018177e-01
1.768000000000000016e+00,4.299163021128375561e+00,1.387778780781445676e-17,1.595235430962590184e-01
1.770000000000000018e+00,4.300416842773071124e+00,4.770489558936219510e-18,1.598118343181106904e-01
1.772000000000000020e+00,2.152097504625862356e+00,2.602085213965210642e-18,1.600995714561202210e-01
1.774000000000000021e+00,2.152053376934299322e+00,8.456776945386934585e-18,1.603867555598410266e-01
1.776000000000000023e+00,2.152008826933039742e+00,1.214984059541568406e-17,1.606733876786009541e-01
1.778000000000000025e+00,2.151963857617220199e+00,3.252606517456513302e-18,1.609594688614787716e-01
1.780000000000000027e+00,2.151918471966277835e+00,9.974659986866640793e-18,1.612450001572935943e-01
1.782000000000000028e+00,2.151872672943317966e+00,4.653937825394027783e-17,1.615299826145785989e-01
1.784000000000000030e+00,2.151826463495707387e+00,2.818925648462311528e-17,1.618144172815688120e-01
1.786000000000000032e+00,2.151779846555022857e+00,1.517883041479706208e-17,1.620983052061801266e-01
1.788000000000000034e+00,2.151732825036955177e+00,9.540979117872439019e-18,1.623816474359925377e-01
1.790000000000000036e+00,2.151685401841312739e+00,2.255140518769849223e-17,1.626644450182334889e-01
1.792000000000000037e+00,2.151637579852534898e+00,0.000000000000000000e+00,1.629466989997609694e-01
1.794000000000000039e+00,2.151589361939162615e+00,4.336808689942017736e-19,1.632284104270410596e-01
1.796000000000000041e+00,2.151540750954648473e+00,7.372574772901430151e-18,1.635095803461406594e-01
1.798000000000000043e+00,2.151491749736415215e+00,1.084202172485504434e-18,1.637902098027021747e-01
1.800000000000000044e+00,2.151442361106964185e+00,8.673617379884035472e-18,1.640702998419306391e-01
1.802000000000000046e+00,2.151392587873239393e+00,9.974659986866640793e-18,1.643498515085763112e-01
1.804000000000000048e+00,2.151342432826947260e+00,9.107298248878237246e-18,1.646288658469189370e-01
1.806000000000000050e+00,2.151291898744570830e+00,6.071532165918824830e-18,1.649073439007497643e-01
1.808000000000000052e+00,2.151240988387513653e+00,5.231275482242558894e-18,1.651852867133589142e-01
1.810000000000000053e+00,2.151189704502098010e+00,1.200753906027696161e-17,1.654626953275169787e-01
1.812000000000000055e+00,2.151138049819595111e+00,2.421836602789495529e-17,1.657395707854601996e-01
1.814000000000000057e+00,2.151086027056578587e+00,1.116728237660069567e-17,1.660159141288735929e-01
1.816000000000000059e+00,2.151033638914183754e+00,1.344410693882025498e-17,1.662917263988802630e-01
1.818000000000000060e+00,2.150980888079265796e+00,8.592302216947622640e-18,1.665670086360102609e-01
1.820000000000000062e+00,2.150927777223841986e+00,7.806255641895631925e-18,1.668417618802168212e-01
1.822000000000000064e+00,2.150874309004951357e+00,2.921924854848434450e-17,1.671159871708290112e-01
1.824000000000000066e+00,2.150820486065530446e+00,1.387778780781445676e-17,1.673896855465544509e-01
1.826000000000000068e+00,2.150766311033422085e+00,1.062518129035794345e-17,1.676628580454594952e-01
1.828000000000000069e+00,2.150711786522276014e+00,8.673617379884035472e-19,1.679355057049568833e-01
1.830000000000000071e+00,2.150656915131300195e+00,1.691355389077386917e-17,1.682076295617901673e-01
1.832000000000000073e+00,2.150601699445326531e+00,1.344410693882025498e-17,1.684792306520191962e-01
1.834000000000000075e+00,2.150546142034784225e+00,2.385244779468109755e-18,1.687503100110055720e-01
1.836000000000000076e+00,2.150490245456095906e+00,2.569559148790645509e-17,1.690208686734029075e-01
1.838000000000000078e+00,2.150434012251217553e+00,1.040834085586084257e-17,1.692909076731389795e-01
1.840000000000000080e+00,2.150377444948379235e+00,8.890457814381136359e-18,1.695604280434006572e-01
1.842000000000000082e+00,2.150320546061344373e+00,1.732690596903396774e-17,1.698294308166238831e-01
1.844000000000000083e+00,2.150263318090258835e+00,9.540979117872439019e-18,1.700979170244819871e-01
1.846000000000000085e+00,2.150205763521187308e+00,1.740144486839234617e-17,1.703658876978673964e-01
1.848000000000000087e+00,4.348211498162038779e+00,1.737433981408020855e-17,1.706333438668817815e-01
1.850000000000000089e+00,2.150089684464033368e+00,6.505213034913026604e-18,1.709002865608212629e-01
1.852000000000000091e+00,2.150031164879321111e+00,2.602085213965210642e-18,1.711667168081672241e-01
1.854000000000000092e+00,2.149972328503068297e+00,3.035766082959412415e-18,1.714326356365697690e-01
1.856000000000000094e+00,2.149913177752770466e+00,2.065405138584885947e-17,1.716980440728375357e-01
1.858000000000000096e+00,2.149853715032330470e+00,1.040834085586084257e-17,1.719629431429229027e-01
1.860000000000000098e+00,2.149793942732202368e+00,6.722053469410127491e-18,1.722273338719136349e-01
1.862000000000000099e+00,2.149733863229471353e+00,9.540979117872439019e-18,1.724912172840177560e-01
1.864000000000000101e+00,2.149673478887873301e+00,1.241411487495902577e-17,1.727545944025521973e-01
1.866000000000000103e+00,2.149612792057876476e+00,2.602085213965210642e-18,1.730174662499314731e-01
1.868000000000000105e+00,2.149551805076397315e+00,6.938893903907228378e-18,1.732798338476554401e-01
1.870000000000000107e+00,2.149490520267788085e+00,8.673617379884035472e-18,1.735416982162991950e-01
1.872000000000000108e+00,2.149428939942881200e+00,5.204170427930421283e-18,1.738030603754978642e-01
1.874000000000000110e+00,2.149367066399371140e+00,6.938893903907228378e-18,1.740639213439424959e-01
1.876000000000000112e+00,2.149304901922462818e+00,1.994931997373328159e-17,1.743242821393593267e-01
1.878000000000000114e+00,2.149242448783825310e+00,6.071532165918824830e-18,1.745841437785055350e-01
1.880000000000000115e+00,2.149179709242780234e+00,2.602085213965210642e-18,1.748435072771580834e-01
1.882000000000000117e+00,2.149116685545617855e+00,8.673617379884035472e-19,1.751023736501003125e-01
1.884000000000000119e+00,2.149053379925927487e+00,9.107298248878237246e-18,1.753607439111109223e-01
1.886000000000000121e+00,2.148989794604743153e+00,1.582935171828836474e-17,1.756186190729573937e-01
1.888000000000000123e+00,2.148925931790131472e+00,1.557185370232305743e-17,1.758760001473811119e-01
1.890000000000000124e+00,2.148861793677951937e+00,5.204170427930421283e-18,1.761328881450883177e-01
1.892000000000000126e+00,2.148797382451620663e+00,1.723881454251952050e-17,1.763892840757417257e-01
1.894000000000000128e+00,2.148732700281696495e+00,2.428612866367529932e-17,1.766451889479496717e-01
1.896000000000000130e+00,2.148667749326756748e+00,0.000000000000000000e+00,1.769006037692542332e-01
1.898000000000000131e+00,2.148602531732905163e+00,5.204170427930421283e-18,1.771555295461244017e-01
1.900000000000000133e+00,2.148537049634040130e+00,5.204170427930421283e-18,1.774099672839427044e-01
1.902000000000000135e+00,2.148471305151808508e+00,1.301042606982605321e-18,1.776639179869989316e-01
1.904000000000000137e+00,4.381131368243794455e+00,1.238700982064688816e-17,1.779173826584813378e-01
1.906000000000000139e+00,2.148339037463134815e+00,1.734723475976807094e-17,1.781703623004624593e-01
1.908000000000000140e+00,2.148272518439581447e+00,1.721170948820738289e-18,1.784228579138931181e-01
1.910000000000000142e+00,2.148205745398609423e+00,7.806255641895631925e-18,1.786748704985944569e-01
1.912000000000000144e+00,4.385735402957667617e+00,3.444035963535985179e-18,1.789264010532462257e-01
1.914000000000000146e+00,2.148071445498468179e+00,1.051676107310939301e-17,1.791774505753786495e-01
1.916000000000000147e+00,4.388028036365163587e+00,6.071532165918824830e-18,1.794280200613658227e-01
1.918000000000000149e+00,2.147936154113230245e+00,7.372574772901430151e-18,1.796781105064127471e-01
1.919999999999999929e+00,4.390314397945054736e+00,3.903127820947815962e-18,1.799277229045512516e-01
1.921999999999999931e+00,2.147799887405989594e+00,8.673617379884035472e-19,1.801768582486275860e-01
1.923999999999999932e+00,2.147731393306587577e+00,3.469446951953614189e-18,1.804255175302973691e-01
1.925999999999999934e+00,2.147662661353516356e+00,5.202476362035912683e-18,1.806737017400143752e-01
1.927999999999999936e+00,2.147593693515347013e+00,8.239936510889833698e-18,1.809214118670248728e-01
1.929999999999999938e+00,2.147524491748979969e+00,5.421010862427522170e-18,1.811686488993585475e-01
1.931999999999999940e+00,2.147455058000147687e+00,6.938893903907228378e-18,1.814154138238192326e-01
1.933999999999999941e+00,2.147385394203066511e+00,7.806255641895631925e-18,1.816617076259808838e-01
1.935999999999999943e+00,2.147315502281085031e+00,0.000000000000000000e+00,1.819075312901715646e-01
1.937999999999999945e+00,2.147245384146188485e+00,1.647987302177966740e-17,1.821528857994794692e-01
1.939999999999999947e+00,2.147175041699036058e+00,8.673617379884035472e-18,1.823977721357306347e-01
1.941999999999999948e+00,2.147104476829724717e+00,1.994931997373328159e-17,1.826421912794925217e-01
1.943999999999999950e+00,2.147033691416957879e+00,9.757819552369539906e-18,1.828861442100593038e-01
1.945999999999999952e+00,2.146962687328670683e+00,1.040834085586084257e-17,1.831296319054491195e-01
1.947999999999999954e+00,2.146891466421850581e+00,1.127570259384924611e-17,1.833726553423962180e-01
1.949999999999999956e+00,2.146820030542610169e+00,1.084202172485504434e-19,1.836152154963431038e-01
1.951999999999999957e+00,4.408378254538922292e+00,5.637851296924623057e-18,1.838573133414301286e-01
1.953999999999999959e+00,2.146676521197882437e+00,7.806255641895631925e-18,1.840989498504974342e-01
1.955999999999999961e+00,2.146604451371041833e+00,1.387778780781445676e-17,1.843401259950692428e-01
1.957999999999999963e+00,2.146532173849138303e+00,3.469446951953614189e-18,1.845808427453526079e-01
1.959999999999999964e+00,2.146459690425183808e+00,1.265806036376826427e-17,1.848211010702270063e-01
1.961999999999999966e+00,2.146387002881239070e+00,8.212831456577696088e-18,1.850609019372419228e-01
1.963999999999999968e+00,2.146314112989299971e+00,1.170938346284344789e-17,1.853002463126088850e-01
1.965999999999999970e+00,2.146241022510741558e+00,6.071532165918824830e-18,1.855391351611926365e-01
1.967999999999999972e+00,2.146167733196547189e+00,9.757819552369539906e-18,1.857775694465078065e-01
1.969999999999999973e+00,2.146094246787718873e+00,5.204170427930421283e-18,1.860155501307124704e-01
1.971999999999999975e+00,2.146020565014689296e+00,2.081668171172168513e-17,1.862530781746012665e-01
1.973999999999999977e+00,2.145946689597728607e+00,3.469446951953614189e-18,1.864901545376008163e-01
1.975999999999999979e+00,2.145872622247081196e+00,1.387778780781445676e-17,1.867267801777587888e-01
1.977999999999999980e+00,2.145798364662827140e+00,4.770489558936219510e-18,1.869629560517492295e-01
1.979999999999999982e+00,2.145723918535161090e+00,1.127570259384924611e-17,1.871986831148526875e-01
1.981999999999999984e+00,2.145649285544038776e+00,2.602085213965210642e-18,1.874339623209632932e-01
1.983999999999999986e+00,2.145574467359681492e+00,1.626303258728256651e-17,1.876687946225751025e-01
1.985999999999999988e+00,2.145499465642302539e+00,3.160449332795245425e-17,1.879031809707780165e-01
1.987999999999999989e+00,2.145424282042279529e+00,1.375581506340983751e-17,1.881371223152568384e-01
1.989999999999999991e+00,2.145348918200548738e+00,5.204170427930421283e-18,1.883706196042811143e-01
1.991999999999999993e+00,2.145273375747560607e+00,4.770489558936219510e-18,1.886036737847021083e-01
1.993999999999999995e+00,2.145197656304931755e+00,6.830473686658677934e-18,1.888362858019471402e-01
1.995999999999999996e+00,2.145121761484219292e+00,1.647987302177966740e-17,1.890684566000152000e-01
1.997999999999999998e+00,2.145045692887233457e+00,1.507041019754851163e-17,1.893001871214703702e-01
2.000000000000000000e+00,2.144969452106689545e+00,6.586528197849439437e-18,1.895314783074407428e-01
2.002000000000000224e+00,2.144893040725486699e+00,1.542277590360630057e-17,1.897623310976082611e-01
2.004000000000000004e+00,4.436863421244865435e+00,2.949029909160572061e-17,1.899927464302086366e-01
2.006000000000000227e+00,2.144739712446183333e+00,3.252606517456513302e-18,1.902227252420244652e-01
2.008000000000000007e+00,2.144662798667043901e+00,1.095044194210359478e-17,1.904522684683810085e-01
2.010000000000000231e+00,2.144585720525554962e+00,7.806255641895631925e-18,1.906813770431419475e-01
2.012000000000000011e+00,2.144508479557991620e+00,4.336808689942017736e-18,1.909100518987038309e-01
2.014000000000000234e+00,2.144431077291534038e+00,1.062518129035794345e-17,1.911382939659965197e-01
2.016000000000000014e+00,2.144353515244018737e+00,2.168404344971008868e-18,1.913661041744712521e-01
2.018000000000000238e+00,4.444347590129076764e+00,1.725914333325362371e-17,1.915934834521024477e-01
2.020000000000000018e+00,4.445410339426301150e+00,1.420304845956010809e-17,1.918204327253818786e-01
2.022000000000000242e+00,2.144119885460106900e+00,4.770489558936219510e-18,1.920469529193132852e-01
2.024000000000000021e+00,2.144041699287896563e+00,5.529431079676072613e-18,1.922730449574102107e-01
2.026000000000000245e+00,2.143963360789367556e+00,7.806255641895631925e-18,1.924987097616924492e-01
2.028000000000000025e+00,2.143884871428729966e+00,3.469446951953614189e-18,1.927239482526804104e-01
2.030000000000000249e+00,2.143806232661225053e+00,1.908195823574487804e-17,1.929487613493924003e-01
2.032000000000000028e+00,2.143727445933500064e+00,0.000000000000000000e+00,1.931731499693406240e-01
2.034000000000000252e+00,2.143648512683498097e+00,1.170938346284344789e-17,1.933971150285296869e-01
2.036000000000000032e+00,4.453854564092802448e+00,1.257674520083185143e-17,1.936206574414473525e-01
2.038000000000000256e+00,4.454902871557234079e+00,1.736046964956891939e-18,1.938437781210691768e-01
2.040000000000000036e+00,2.143410848048512563e+00,3.469446951953614189e-18,1.940664779788500716e-01
2.042000000000000259e+00,2.143331342915361759e+00,2.038300084272748336e-17,1.942887579247192242e-01
2.044000000000000039e+00,2.143251698320108645e+00,1.414883835093583286e-17,1.945106188670816250e-01
2.046000000000000263e+00,2.143171915649277892e+00,4.119968255444916849e-18,1.947320617128129594e-01
2.048000000000000043e+00,2.143091996281096812e+00,5.204170427930421283e-18,1.949530873672555287e-01
2.049999999999999822e+00,2.143011941585417190e+00,2.593953697671569358e-17,1.951736967342155016e-01
2.052000000000000046e+00,2.142931752923535882e+00,5.421010862427522170e-18,1.953938907159616101e-01
2.053999999999999826e+00,2.142851431648855609e+00,1.867538242106281388e-17,1.956136702132193761e-01
2.056000000000000050e+00,2.142770979106408902e+00,6.071532165918824830e-18,1.958330361251713059e-01
2.057999999999999829e+00,2.142690396632884742e+00,3.374579261861132551e-18,1.960519893494522548e-01
2.060000000000000053e+00,4.466328418104099640e+00,1.994931997373328159e-17,1.962705307821464018e-01
2.061999999999999833e+00,2.142528847199530517e+00,3.144186300207962859e-18,1.964886613177863062e-01
2.064000000000000057e+00,2.142447882872911435e+00,5.637851296924623057e-18,1.967063818493471061e-01
2.065999999999999837e+00,2.142366793881732789e+00,4.336808689942017736e-18,1.969236932682487673e-01
2.068000000000000060e+00,2.142285581522607174e+00,4.878909776184769953e-18,1.971405964643495323e-01
2.069999999999999840e+00,2.142204247084372071e+00,0.000000000000000000e+00,1.973570923259432841e-01
2.072000000000000064e+00,2.142122791847606678e+00,8.605854744103691445e-18,1.975731817397636814e-01
2.073999999999999844e+00,2.142041217085576932e+00,2.493664996716660198e-18,1.977888655909705307e-01
2.076000000000000068e+00,2.141959524063318909e+00,1.409462824231155764e-18,1.980041447631579743e-01
2.077999999999999847e+00,2.141877714038297853e+00,1.333568672157170454e-17,1.982190201383477457e-01
2.080000000000000071e+00,4.476547138946671112e+00,3.550762114890027021e-18,1.984334925969847840e-01
2.081999999999999851e+00,2.141713747971513371e+00,8.619407271259760250e-18,1.986475630179422858e-01
2.084000000000000075e+00,2.141631594406431915e+00,2.607506224827638164e-17,1.988612322785121289e-01
2.085999999999999854e+00,2.141549328791846563e+00,8.578749689791553834e-18,1.990745012544055670e-01
2.088000000000000078e+00,2.141466952347201413e+00,1.474514954580286030e-17,1.992873708197553106e-01
2.089999999999999858e+00,2.141384466284318222e+00,8.348356728138384142e-18,1.994998418471046753e-01
2.092000000000000082e+00,2.141301871807575807e+00,2.732189474663471174e-17,1.997119152074152415e-01
2.093999999999999861e+00,2.141219170114188941e+00,5.204084401146715768e-18,1.999235917700603604e-01
2.096000000000000085e+00,2.141136362393584847e+00,9.107298248878237246e-18,2.001348724028225168e-01
2.097999999999999865e+00,2.141053449828108413e+00,8.239936510889833698e-18,2.003457579718960768e-01
2.100000000000000089e+00,2.140970433592817912e+00,1.734723475976807094e-18,2.005562493418793502e-01
2.101999999999999869e+00,2.140887314855401513e+00,6.505213034913026604e-18,2.007663473757782813e-01
2.104000000000000092e+00,2.140804094776299848e+00,4.770489558936219510e-18,2.009760529350038682e-01
2.105999999999999872e+00,2.140720774509096813e+00,6.830473686658677934e-18,2.011853668793682215e-01
2.108000000000000096e+00,2.140637355199906722e+00,8.673617379884035472e-18,2.013942900670881164e-01
2.109999999999999876e+00,2.140553837987782870e+00,2.444875898954812499e-17,2.016028233547766391e-01
2.112000000000000099e+00,2.140470224004818789e+00,1.496198998029996119e-17,2.018109675974499306e-01
2.113999999999999879e+00,2.140386514376197979e+00,1.078781161623076912e-17,2.020187236485166959e-01
2.116000000000000103e+00,2.140302710219778248e+00,1.040823497674243578e-17,2.022260923597869742e-01
2.117999999999999883e+00,2.140218812646923041e+00,1.565147479936496167e-17,2.024330745814630628e-01
2.120000000000000107e+00,2.140134822761551092e+00,8.673617379884035472e-19,2.026396711621432367e-01
2.121999999999999886e+00,2.140050741661237765e+00,1.723881454251952050e-17,2.028458829488148374e-01
2.124000000000000110e+00,2.139966570436479643e+00,1.821459649775647449e-17,2.030517107868645699e-01
2.125999999999999890e+00,2.139882310170962754e+00,1.561251128379126385e-17,2.032571555200630431e-01
2.128000000000000114e+00,2.139797961941756199e+00,1.517883041479706208e-17,2.034622179905755668e-01
2.129999999999999893e+00,4.501396893650140285e+00,2.764715539838036307e-18,2.036668990389539358e-01
2.132000000000000117e+00,2.139629005866376943e+00,1.241411487495902577e-17,2.038711995041413150e-01
2.133999999999999897e+00,2.139544400140879432e+00,2.602085213965210642e-18,2.040751202234664385e-01
2.136000000000000121e+00,2.139459710692662497e+00,1.900064307280846521e-17,2.042786620326442204e-01
2.137999999999999901e+00,2.139374938565602235e+00,5.204170427930421283e-18,2.044818257657781135e-01
2.140000000000000124e+00,2.139290084797051961e+00,2.073536654878527230e-17,2.046846122553562519e-01
2.141999999999999904e+00,2.139205150417620160e+00,0.000000000000000000e+00,2.048870223322521167e-01
2.144000000000000128e+00,2.139120136451658993e+00,3.035766082959412415e-18,2.050890568257199287e-01
2.145999999999999908e+00,2.139035043916996059e+00,1.344410693882025498e-17,2.052907165634042796e-01
2.148000000000000131e+00,2.138949873825056969e+00,1.736756355050217415e-17,2.054920023713282251e-01
2.149999999999999911e+00,2.138864627181034095e+00,6.911788849595090767e-18,2.056929150738980305e-01
2.152000000000000135e+00,2.138779304983744467e+00,3.794707603699265519e-18,2.058934554939055306e-01
2.153999999999999915e+00,2.138693908225651086e+00,7.372574772901430151e-18,2.060936244525206629e-01
2.156000000000000139e+00,2.138608437893081415e+00,1.734719505509866840e-17,2.062934227692982680e-01
2.157999999999999918e+00,2.138522894966055077e+00,5.041540102057595618e-18,2.064928512621735102e-01
2.160000000000000142e+00,2.138437280418534314e+00,6.884683795282953156e-18,2.066919107474630979e-01
2.161999999999999922e+00,2.138351595218162871e+00,1.127570259384924611e-17,2.068906020398620926e-01
2.164000000000000146e+00,4.517730861313980384e+00,2.385244779468109755e-18,2.070889259524519577e-01
2.165999999999999925e+00,2.138180016699383401e+00,5.122855264994008451e-18,2.072868832966891783e-01
2.168000000000000149e+00,2.138094125286135849e+00,3.821812658011403130e-18,2.074844748824153373e-01
2.169999999999999929e+00,2.138008167030145401e+00,5.204170427930421283e-18,2.076817015178479831e-01
2.172000000000000153e+00,2.137922142869300046e+00,1.170938346284344789e-17,2.078785640095898446e-01
2.173999999999999932e+00,2.137836053734851305e+00,2.352718714293544622e-17,2.080750631626218927e-01
2.176000000000000156e+00,2.137749900552616822e+00,4.336808689942017736e-18,2.082711997803043669e-01
2.177999999999999936e+00,4.524325338768898419e+00,3.903127820947815962e-18,2.084669746643812993e-01
2.180000000000000160e+00,4.525261195579801665e+00,2.818925648462311528e-18,2.086623886149753526e-01
2.181999999999999940e+00,2.137491065888308839e+00,1.707618421664669484e-18,2.088574424305899291e-01
2.184000000000000163e+00,2.137404665654846880e+00,1.279358563532895232e-17,2.090521369081105862e-01
2.185999999999999943e+00,2.137318205914692015e+00,9.324138683375338132e-18,2.092464728428043153e-01
2.188000000000000167e+00,2.137231687558621473e+00,1.040834085586084257e-17,2.094404510283182363e-01
2.189999999999999947e+00,2.137145111471992820e+00,2.818925648462311528e-18,2.096340722566830406e-01
2.192000000000000171e+00,4.530843852873585931e+00,1.366094737331735587e-17,2.098273373183106305e-01
2.193999999999999950e+00,2.136971789619762419e+00,6.505213034913026604e-18,2.100202470019955914e-01
2.196000000000000174e+00,2.136885045596681465e+00,1.409462824231155764e-18,2.102128020949156628e-01
2.197999999999999954e+00,2.136798247327858391e+00,1.908195823574487804e-17,2.104050033826317390e-01
2.200000000000000178e+00,2.136711395670715774e+00,1.647987302177966740e-17,2.105968516490894782e-01
2.201999999999999957e+00,4.535453677050634624e+00,4.174178364069192071e-18,2.107883476766165276e-01
2.204000000000000181e+00,2.136537535593383552e+00,6.938893903907228378e-18,2.109794922459279909e-01
2.205999999999999961e+00,2.136450528860429188e+00,2.949029909160572061e-17,2.111702861361214878e-01
2.208000000000000185e+00,2.136363472114094719e+00,1.170938346284344789e-17,2.113607301246844261e-01
2.209999999999999964e+00,2.136276366184356235e+00,4.336808689942017736e-18,2.115508249874872015e-01
2.212000000000000188e+00,2.136189211896155626e+00,2.764715539838036307e-17,2.117405714987887211e-01
2.213999999999999968e+00,2.136102010069070190e+00,5.421010862427522170e-18,2.119299704312359311e-01
2.216000000000000192e+00,2.136014761517415650e+00,1.428436362249652092e-17,2.121190225558649001e-01
2.217999999999999972e+00,2.135927467050235506e+00,4.336808689942017736e-19,2.123077286420976539e-01
2.220000000000000195e+00,2.135840127471324124e+00,1.290200585257750276e-17,2.124960894577506421e-01
2.221999999999999975e+00,2.135752743579359958e+00,1.062518129035794345e-17,2.126841057690294912e-01
2.224000000000000199e+00,2.135665316167829175e+00,7.372574772901430151e-18,2.128717783405281727e-01
2.225999999999999979e+00,2.135577846025078941e+00,4.336808689942017736e-19,2.130591079352389117e-01
2.228000000000000203e+00,2.135490333934399132e+00,2.341876692568689577e-17,2.132460953145432214e-01
2.229999999999999982e+00,2.135402780673969048e+00,6.938893903907228378e-18,2.134327412382169276e-01
2.232000000000000206e+00,2.135315187016953331e+00,1.772670552013799750e-17,2.136190464644333320e-01
2.233999999999999986e+00,2.135227553731537498e+00,2.082345797529971954e-17,2.138050117497587721e-01
2.236000000000000210e+00,2.135139881580849774e+00,1.561251128379126385e-17,2.139906378491588379e-01
2.237999999999999989e+00,2.135052171323083670e+00,2.125036258071588691e-17,2.141759255159975117e-01
2.240000000000000213e+00,2.134964423711585013e+00,9.974659986866640793e-18,2.143608755020336987e-01
2.241999999999999993e+00,2.134876639494718731e+00,4.119968255444916849e-18,2.145454885574316350e-01
2.244000000000000217e+00,2.134788819415934569e+00,1.821459649775647449e-17,2.147297654307531722e-01
2.245999999999999996e+00,2.134700964214010455e+00,3.724234462487707731e-17,2.149137068689647712e-01
2.248000000000000220e+00,2.134613074622675910e+00,2.256495771485456103e-17,2.150973136174332279e-01
2.250000000000000000e+00,2.134525151371093443e+00,2.255082285254725490e-17,2.152805864199326680e-01
2.252000000000000224e+00,2.134437195183549463e+00,6.505213034913026604e-18,2.154635260186420209e-01
2.254000000000000004e+00,4.558810731849316511e+00,7.806255641895631925e-18,2.156461331541470461e-01
2.256000000000000227e+00,2.134261186874400806e+00,2.949029909160572061e-17,2.158284085654398332e-01
2.258000000000000007e+00,2.134173136177686558e+00,5.203905730134404314e-18,2.160103529899244090e-01
2.260000000000000231e+00,2.134085055395388508e+00,9.540979117872439019e-18,2.161919671634155160e-01
2.262000000000000011e+00,2.133996945228146203e+00,5.421010862427522170e-19,2.163732518201366140e-01
2.264000000000000234e+00,2.133908806372426525e+00,2.602127565612573357e-17,2.165542076927278181e-01
2.266000000000000014e+00,2.133820639519974804e+00,9.540979117872439019e-18,2.167348355122413472e-01
2.268000000000000238e+00,2.133732445357995999e+00,8.673617379884035472e-19,2.169151360081463809e-01
2.270000000000000018e+00,2.133644224569108516e+00,1.452830911130575942e-17,2.170951099083282265e-01
2.272000000000000242e+00,2.133555977831571582e+00,1.214306433183764966e-17,2.172747579390928996e-01
2.274000000000000021e+00,2.133467705819159121e+00,8.239936510889833698e-18,2.174540808251639590e-01
2.276000000000000245e+00,2.133379409201047849e+00,8.348356728138384142e-18,2.176330792896886690e-01
2.278000000000000025e+00,2.133291088642152999e+00,1.387778780781445676e-17,2.178117540542349462e-01
2.280000000000000249e+00,2.133202744802915163e+00,1.387778780781445676e-17,2.179901058387973545e-01
2.282000000000000028e+00,2.133114378339566741e+00,2.927345865710861972e-17,2.181681353617947461e-01
2.284000000000000252e+00,2.133025989903762465e+00,9.540979117872439019e-18,2.183458433400739807e-01
2.286000000000000032e+00,2.132937580142920453e+00,8.551644635479416223e-18,2.185232304889111743e-01
2.288000000000000256e+00,4.573534954757453974e+00,3.035766082959412415e-18,2.187002975220123380e-01
2.290000000000000036e+00,4.574387820351498490e+00,4.987329993433320396e-18,2.188770451515148485e-01
2.292000000000000259e+00,2.132672229321030954e+00,1.788933584601082316e-18,2.190534740879917230e-01
2.294000000000000039e+00,2.132583740649421244e+00,6.938893903907228378e-18,2.192295850404496760e-01
2.296000000000000263e+00,2.132495233826308123e+00,2.168404344971008868e-18,2.194053787163327274e-01
2.298000000000000043e+00,2.132406709473654516e+00,7.372574772901430151e-18,2.195808558215238127e-01
2.300000000000000266e+00,2.132318168209435427e+00,2.640032290002203297e-17,2.197560170603453100e-01
2.302000000000000046e+00,2.132229610647451423e+00,3.252606517456513302e-18,2.199308631355632315e-01
2.304000000000000270e+00,2.132141037397513372e+00,2.775557561562891351e-17,2.201053947483847806e-01
2.306000000000000050e+00,4.581158237389825416e+00,2.602085213965210642e-18,2.202796125984633757e-01
2.307999999999999829e+00,2.131963846252032724e+00,1.214645246362666686e-17,2.204535173838995388e-01
2.310000000000000053e+00,2.131875229555715734e+00,1.799775606325937360e-17,2.206271098012437537e-01
2.311999999999999833e+00,2.131786599569716500e+00,2.759294528975608785e-17,2.208003905454958005e-01
2.314000000000000057e+00,2.131697956883746414e+00,2.434033877229957454e-17,2.209733603101073085e-01
2.315999999999999837e+00,2.131609302083294466e+00,2.905661822261151883e-17,2.211460197869855870e-01
2.318000000000000060e+00,2.131520635750151271e+00,5.637851296924623057e-18,2.213183696664926259e-01
2.319999999999999840e+00,2.131431958462133736e+00,0.000000000000000000e+00,2.214904106374498693e-01
2.322000000000000064e+00,4.587835969794582525e+00,1.019150042136374168e-17,2.216621433871366897e-01
2.323999999999999844e+00,2.131254573312959977e+00,8.239936510889833698e-18,2.218335686012941066e-01
2.326000000000000068e+00,2.131165866588066393e+00,1.322726650432315409e-17,2.220046869641265630e-01
2.327999999999999847e+00,2.131077151180816642e+00,7.806255641895631925e-18,2.221754991583059502e-01
2.330000000000000071e+00,2.130988427649780803e+00,8.890457814381136359e-18,2.223460058649689708e-01
2.331999999999999851e+00,2.130899696549596101e+00,4.987329993433320396e-18,2.225162077637203306e-01
2.334000000000000075e+00,4.592784017549401909e+00,1.713039432527097006e-17,2.226861055326402605e-01
2.335999999999999854e+00,2.130722213842815904e+00,2.558717127065790464e-17,2.228556998482777163e-01
2.338000000000000078e+00,4.594421971029820639e+00,4.174178364069192071e-18,2.230249913856604815e-01
2.339999999999999858e+00,2.130544707424149919e+00,4.336808689942017736e-19,2.231939808182880902e-01
2.342000000000000082e+00,2.130455946670421596e+00,2.274114056788345550e-17,2.233626688181427067e-01
2.343999999999999861e+00,2.130367181598217030e+00,1.040834085586084257e-17,2.235310560556881820e-01
2.346000000000000085e+00,2.130278412736840821e+00,5.095750210681870840e-18,2.236991431998692492e-01
2.347999999999999865e+00,2.130189640611533264e+00,5.082197683525802034e-18,2.238669309181152978e-01
2.350000000000000089e+00,2.130100865744122274e+00,3.469446951953614189e-18,2.240344198763450645e-01
2.351999999999999869e+00,2.130012088652820879e+00,1.680513367352531873e-17,2.242016107389651625e-01
2.354000000000000092e+00,2.129923309852339131e+00,8.673617379884035472e-18,2.243685041688715243e-01
2.355999999999999872e+00,4.601722789546602854e+00,1.734723475976807094e-18,2.245351008274574234e-01
2.358000000000000096e+00,2.129745749164881019e+00,4.336808689942017736e-18,2.247014013746082006e-01
2.359999999999999876e+00,4.603329736941306649e+00,1.474514954580286030e-17,2.248674064687070651e-01
2.362000000000000099e+00,2.129568187729452333e+00,1.008308020411519124e-17,2.250331167666387855e-01
2.363999999999999879e+00,2.129479407980914729e+00,3.035766082959412415e-18,2.251985329237878863e-01
2.366000000000000103e+00,2.129390629538097102e+00,8.705804631879698885e-18,2.253636555940429498e-01
2.367999999999999883e+00,2.129301852891570590e+00,2.363560736018399666e-17,2.255284854297993635e-01
2.370000000000000107e+00,2.129213078528415792e+00,1.431146867680865853e-17,2.256930230819592098e-01
2.371999999999999886e+00,2.129124306932308031e+00,4.336808689942017736e-19,2.258572691999391202e-01
2.374000000000000110e+00,2.129035538583842424e+00,1.582935171828836474e-17,2.260212244316626706e-01
2.375999999999999890e+00,2.128946773959881966e+00,2.168404344971008868e-19,2.261848894235699015e-01
2.378000000000000114e+00,2.128858013534326687e+00,8.239936510889833698e-18,2.263482648206208980e-01
2.379999999999999893e+00,2.128769257777609170e+00,1.084202172485504434e-17,2.265113512662907391e-01
2.382000000000000117e+00,2.128680507157085344e+00,4.553649124439118623e-18,2.266741494025776571e-01
2.383999999999999897e+00,4.612854656277015408e+00,1.231924718486654413e-17,2.268366598700050918e-01
2.386000000000000121e+00,2.128503023177257703e+00,1.040834085586084257e-17,2.269988833076187484e-01
2.387999999999999901e+00,2.128414290736341030e+00,2.688821387764050996e-17,2.271608203529961734e-01
2.390000000000000124e+00,4.615204863901727350e+00,1.517883041479706208e-17,2.273224716422430902e-01
2.391999999999999904e+00,4.615985530336750742e+00,1.680513367352531873e-18,2.274838378099974523e-01
2.394000000000000128e+00,2.128148137052811251e+00,1.734723475976807094e-18,2.276449194894343830e-01
2.395999999999999908e+00,2.128059435198354166e+00,1.170938346284344789e-17,2.278057173122635670e-01
2.398000000000000131e+00,4.618319349647956429e+00,3.469446951953614189e-18,2.279662319087369104e-01
2.399999999999999911e+00,2.127882058205207372e+00,1.550409106654271341e-17,2.281264639076465983e-01
2.402000000000000135e+00,2.127793383940922212e+00,5.204170427930421283e-18,2.282864139363291744e-01
2.403999999999999915e+00,2.127704719742665063e+00,1.517883041479706208e-18,2.284460826206665962e-01
2.406000000000000139e+00,2.127616066040085130e+00,2.426579987294119611e-17,2.286054705850924518e-01
2.407999999999999918e+00,2.127527423259744310e+00,3.252606517456513302e-18,2.287645784525884352e-01
2.410000000000000142e+00,2.127438791825053244e+00,4.580754178751256234e-18,2.289234068446922565e-01
2.411999999999999922e+00,4.623717472321342115e+00,1.517883041479706208e-18,2.290819563814967263e-01
2.414000000000000146e+00,2.127261564672316752e+00,4.607859233063393845e-18,2.292402276816507545e-01
2.415999999999999925e+00,2.127172969786526480e+00,1.279358563532895232e-17,2.293982213623664279e-01
2.418000000000000149e+00,2.127084387911088115e+00,1.214306433183764966e-17,2.295559380394200100e-01
2.419999999999999929e+00,2.126995819454672088e+00,1.561251128379126385e-17,2.297133783271484708e-01
2.422000000000000153e+00,2.126907264823366006e+00,7.589415207398531038e-19,2.298705428384616167e-01
2.423999999999999932e+00,2.126818724420092011e+00,3.361026734705063745e-18,2.300274321848357617e-01
2.426000000000000156e+00,2.126730198645061520e+00,2.114194236346733646e-17,2.301840469763223596e-01
2.427999999999999936e+00,4.629806139008843857e+00,1.246832498358330099e-17,2.303403878215449785e-01
2.430000000000000160e+00,4.630561225470684050e+00,9.540979117872439019e-18,2.304964553277088768e-01
2.431999999999999940e+00,2.126464713048463295e+00,1.050320854595332420e-17,2.306522501005952019e-01
2.434000000000000163e+00,2.126376249731340096e+00,2.428612866367529932e-17,2.308077727445692895e-01
2.435999999999999943e+00,4.632818538618183268e+00,1.994804942431240014e-17,2.309630238625809129e-01
2.438000000000000167e+00,2.126199373240668322e+00,3.469446951953614189e-18,2.311180040561692239e-01
2.439999999999999947e+00,2.126110960831015362e+00,1.810617628050792405e-17,2.312727139254562025e-01
2.442000000000000171e+00,2.126022566149879722e+00,6.938893903907228378e-18,2.314271540691652529e-01
2.443999999999999950e+00,2.125934189572356914e+00,3.035766082959412415e-18,2.315813250846071314e-01
2.446000000000000174e+00,4.636554364196399547e+00,1.517883041479706208e-17,2.317352275676933804e-01
2.447999999999999954e+00,2.125757492215496924e+00,4.336385173468390586e-17,2.318888621129323313e-01
2.450000000000000178e+00,2.125669172173056509e+00,9.540979117872439019e-18,2.320422293134381253e-01
2.451999999999999957e+00,2.125580871707969166e+00,1.734723475976807094e-18,2.321953297609269384e-01
2.454000000000000181e+00,4.639519447695469978e+00,1.058791184067875424e-21,2.323481640457216446e-01
2.455999999999999961e+00,2.125404330954811627e+00,4.336808689942017736e-18,2.325007327567552851e-01
2.458000000000000185e+00,2.125316091382559947e+00,8.131516293641283255e-19,2.326530364815728447e-01
2.459999999999999964e+00,2.125227872819326791e+00,2.645453300864630819e-17,2.328050758063331394e-01
2.462000000000000188e+00,2.125139675616606993e+00,3.794707603699265519e-18,2.329568513158148946e-01
2.463999999999999968e+00,2.125051500123236181e+00,2.412349833780247366e-17,2.331083635934133591e-01
2.466000000000000192e+00,2.124963346685552423e+00,1.035413074723656734e-17,2.332596132211454121e-01
2.467999999999999972e+00,2.124875215647490379e+00,8.239936510889833698e-18,2.334106007796550308e-01
2.470000000000000195e+00,2.124787107350075033e+00,1.208885422321337444e-17,2.335613268482111538e-01
2.471999999999999975e+00,2.124699022132434223e+00,1.470449196433465389e-17,2.337117920047150632e-01
2.474000000000000199e+00,2.124610960330574727e+00,6.938893903907228378e-18,2.338619968256970827e-01
2.475999999999999979e+00,2.124522922278604398e+00,1.474514954580286030e-17,2.340119418863246536e-01
2.478000000000000203e+00,2.124434908307740955e+00,9.757819552369539906e-18,2.341616277604008922e-01
2.479999999999999982e+00,2.124346918747146873e+00,1.170938346284344789e-17,2.343110550203698628e-01
2.482000000000000206e+00,2.124258953923128246e+00,6.071532165918824830e-18,2.344602242373170498e-01
2.483999999999999986e+00,2.124171014159990989e+00,2.114194236346733646e-17,2.346091359809737431e-01
2.486000000000000210e+00,2.124083099779234374e+00,1.528725063204561252e-17,2.347577908197188146e-01
2.487999999999999989e+00,2.123995211100492497e+00,7.806255641895631925e-18,2.349061893205814378e-01
2.490000000000000213e+00,2.123907348440610576e+00,2.776023429683881216e-17,2.350543320492413102e-01
2.491999999999999993e+00,2.123819512114245356e+00,7.806255641895631925e-18,2.352022195700345930e-01
2.494000000000000217e+00,2.123731702433694579e+00,2.168404344971008868e-18,2.353498524459575192e-01
2.495999999999999996e+00,2.123643919708932515e+00,1.897353801849632760e-19,2.354972312386635624e-01
2.498000000000000220e+00,2.123556164247602851e+00,1.301042606982605321e-18,2.356443565084710701e-01
2.500000000000000000e+00,2.123468436355093303e+00,1.560065282252970364e-17,2.357912288143609314e-01
2.502000000000000224e+00,2.123380736334429031e+00,1.268516541808040188e-17,2.359378487139874858e-01
2.504000000000000004e+00,2.123293064486670545e+00,9.757819552369539906e-18,2.360842167636705569e-01
2.506000000000000227e+00,2.123205421110007762e+00,1.219727444046192488e-17,2.362303335184050834e-01
2.508000000000000007e+00,2.123117806501049643e+00,1.279358563532895232e-17,2.363761995318647002e-01
2.510000000000000231e+00,2.123030220953580738e+00,2.818925648462311528e-18,2.365218153563953540e-01
2.512000000000000011e+00,2.122942664759843723e+00,1.799775606325937360e-17,2.366671815430303749e-01
2.514000000000000234e+00,2.122855138209342130e+00,3.903127820947815962e-18,2.368122986414837872e-01
2.516000000000000014e+00,2.122767641589625498e+00,1.420304845956010809e-17,2.369571672001555551e-01
2.518000000000000238e+00,2.122680175185895024e+00,1.561251128379126385e-17,2.371017877661354134e-01
2.520000000000000018e+00,2.122592739281305541e+00,1.127644374767809363e-17,2.372461608852049764e-01
2.522000000000000242e+00,2.122505334156972623e+00,3.122502256758252770e-17,2.373902871018369609e-01
2.524000000000000021e+00,2.122417960091699030e+00,1.561251128379126385e-17,2.375341669592071214e-01
2.526000000000000245e+00,2.122330617362166549e+00,5.637851296924623057e-18,2.376778009991833140e-01
2.528000000000000025e+00,2.122243306243159822e+00,2.100641709190664841e-17,2.378211897623398741e-01
2.530000000000000249e+00,2.122156027007061851e+00,1.387752311001843979e-17,2.379643337879533971e-01
2.532000000000000028e+00,2.122068779924330073e+00,1.951563910473907981e-18,2.381072336140103163e-01
2.534000000000000252e+00,2.121981565263389768e+00,3.068292148133977548e-17,2.382498897772044044e-01
2.536000000000000032e+00,2.121894383290612751e+00,2.597003016281684840e-18,2.383923028129423249e-01
2.538000000000000256e+00,2.121807234270061571e+00,3.903127820947815962e-18,2.385344732553466296e-01
2.540000000000000036e+00,2.121720118464171634e+00,1.170938346284344789e-17,2.386764016372561192e-01
2.542000000000000259e+00,2.121633036133143690e+00,1.756407519426517183e-17,2.388180884902310064e-01
2.544000000000000039e+00,2.121545987535050415e+00,6.722053469410127491e-18,2.389595343445539144e-01
2.546000000000000263e+00,2.121458972926141939e+00,4.987329993433320396e-18,2.391007397292342074e-01
2.548000000000000043e+00,2.121371992560554531e+00,1.127570259384924611e-17,2.392417051720064081e-01
2.550000000000000266e+00,2.121285046690626785e+00,1.929879867024197893e-17,2.393824311993380805e-01
2.552000000000000046e+00,2.121198135566682907e+00,1.309174123276246604e-17,2.395229183364300518e-01
2.554000000000000270e+00,2.121111259436819552e+00,6.071532165918824830e-18,2.396631671072192993e-01
2.556000000000000050e+00,2.121024418547605705e+00,2.168404344971008868e-17,2.398031780343806429e-01
2.558000000000000274e+00,2.120937613143574652e+00,1.344410693882025498e-17,2.399429516393283557e-01
2.560000000000000053e+00,2.120850843466946856e+00,1.257674520083185143e-17,2.400824884422254890e-01
2.561999999999999833e+00,2.120764109758486171e+00,8.673617379884035472e-19,2.402217889619776281e-01
2.564000000000000057e+00,2.120677412257190753e+00,4.336808689942017736e-19,2.403608537162416070e-01
2.565999999999999837e+00,2.120590751199614488e+00,4.336808689942017736e-18,2.404996832214225944e-01
2.568000000000000060e+00,2.120504126820819124e+00,1.040834085586084257e-17,2.406382779926850013e-01
2.569999999999999840e+00,2.120417539353894654e+00,1.859406725812640104e-17,2.407766385439475687e-01
2.572000000000000064e+00,2.120330989030229318e+00,1.745565497701662139e-17,2.409147653878877804e-01
2.573999999999999844e+00,2.120244476079186313e+00,1.452830911130575942e-17,2.410526590359473587e-01
2.576000000000000068e+00,2.120158000728412873e+00,1.550409106654271341e-17,2.411903199983317370e-01
2.577999999999999847e+00,2.120071563203708820e+00,3.476223215531648592e-18,2.413277487840150004e-01
2.580000000000000071e+00,2.119985163729115385e+00,1.691355389077386917e-17,2.414649459007403021e-01
2.581999999999999851e+00,2.119898802526737569e+00,1.569382644672767668e-17,2.416019118550235267e-01
2.584000000000000075e+00,2.119812479816982176e+00,1.257674520083185143e-17,2.417386471521564828e-01
2.585999999999999854e+00,2.119726195818646630e+00,3.079134169858832593e-17,2.418751522962110656e-01
2.588000000000000078e+00,2.119639950748474888e+00,7.589415207398531038e-18,2.420114277900357602e-01
2.589999999999999858e+00,2.119553744821789820e+00,1.160096324559489744e-17,2.421474741352631632e-01
2.592000000000000082e+00,2.119467578251796880e+00,3.124535135831663091e-17,2.422832918323148121e-01
2.593999999999999861e+00,2.119381451250372805e+00,2.363560736018399666e-17,2.424188813803985487e-01
2.596000000000000085e+00,2.119295364027330209e+00,1.029992063861229212e-17,2.425542432775139867e-01
2.597999999999999865e+00,2.119209316791003772e+00,1.344410693882025498e-17,2.426893780204542883e-01
2.600000000000000089e+00,2.119123309747859452e+00,8.239936510889833698e-18,2.428242861048067469e-01
2.601999999999999869e+00,2.119037343102817772e+00,3.209238430557093125e-17,2.429589680249641392e-01
2.604000000000000092e+00,2.118951417059093956e+00,1.577514160966408951e-17,2.430934242741132068e-01
2.605999999999999872e+00,2.118865531818222792e+00,2.653584817158272102e-17,2.432276553442492273e-01
2.608000000000000096e+00,2.118779687579980475e+00,0.000000000000000000e+00,2.433616617261735726e-01
2.609999999999999876e+00,2.118693884542633299e+00,1.951563910473907981e-18,2.434954439094991763e-01
2.612000000000000099e+00,2.118608122902845281e+00,3.903127820947815962e-18,2.436290023826467865e-01
2.613999999999999879e+00,2.118522402855496978e+00,6.071532165918824830e-18,2.437623376328548197e-01
2.616000000000000103e+00,2.118436724594012333e+00,2.602085213965210642e-18,2.438954501461770286e-01
2.617999999999999883e+00,2.118351088310021169e+00,1.669671345627676828e-17,2.440283404074901075e-01
2.620000000000000107e+00,2.118265494193742882e+00,4.336808689942017736e-19,2.441610089004910555e-01
2.621999999999999886e+00,2.118179942433766172e+00,1.994931997373328159e-17,2.442934561077031719e-01
2.624000000000000110e+00,4.618744853994051880e+00,6.505213034913026604e-18,2.444256825104770270e-01
2.625999999999999890e+00,2.118008966728773146e+00,2.360850230587185905e-17,2.445576885889924335e-01
2.628000000000000114e+00,2.117923543153196420e+00,4.336385173468390586e-18,2.446894748222631366e-01
2.629999999999999893e+00,2.117838162672356361e+00,1.517883041479706208e-18,2.448210416881407281e-01
2.632000000000000117e+00,2.117752825467064781e+00,9.974659986866640793e-18,2.449523896633112319e-01
2.633999999999999897e+00,2.117667531716630691e+00,3.903127820947815962e-18,2.450835192233037085e-01
2.636000000000000121e+00,2.117582281598682670e+00,4.553649124439118623e-18,2.452144308424898667e-01
2.637999999999999901e+00,2.117497075289541897e+00,2.406928822917819843e-17,2.453451249940877543e-01
2.640000000000000124e+00,2.117411912963657272e+00,1.593777193553691518e-17,2.454756021501634800e-01
2.641999999999999904e+00,2.117326794794553990e+00,8.890457814381136359e-18,2.456058627816343209e-01
2.644000000000000128e+00,2.117241720953799700e+00,0.000000000000000000e+00,2.457359073582733311e-01
2.645999999999999908e+00,2.117156691611757680e+00,2.818925648462311528e-18,2.458657363487074532e-01
2.648000000000000131e+00,2.117071706937139197e+00,3.957337929572091184e-18,2.459953502204242359e-01
2.649999999999999911e+00,2.116986767097142064e+00,8.792201992499637520e-19,2.461247494397696689e-01
2.652000000000000135e+00,2.116901872257948014e+00,1.279358563532895232e-17,2.462539344719587020e-01
2.653999999999999915e+00,2.116817022583795449e+00,2.168404344971008868e-19,2.463829057810683898e-01
2.656000000000000139e+00,2.116732218237565633e+00,4.336808689942017736e-18,2.465116638300487717e-01
2.657999999999999918e+00,2.116647459381191254e+00,1.734723475976807094e-18,2.466402090807185421e-01
2.660000000000000142e+00,2.116562746174864174e+00,7.806255641895631925e-18,2.467685419937729885e-01
2.661999999999999922e+00,2.116478078777060290e+00,3.903127820947815962e-18,2.468966630287841857e-01
2.664000000000000146e+00,2.116393457345342455e+00,1.517883041479706208e-17,2.470245726442020506e-01
2.665999999999999925e+00,2.116308882035706773e+00,4.987329993433320396e-18,2.471522712973612812e-01
2.668000000000000149e+00,2.116224353002660763e+00,1.062518129035794345e-17,2.472797594444798297e-01
2.669999999999999929e+00,2.116139870399607048e+00,1.734723475976807094e-18,2.474070375406612898e-01
2.672000000000000153e+00,2.116055434378370848e+00,6.146071065277203260e-18,2.475341060399021964e-01
2.673999999999999932e+00,2.115971045089498404e+00,1.409462824231155764e-18,2.476609653950895273e-01
2.676000000000000156e+00,2.115886702682207243e+00,7.372574772901430151e-18,2.477876160580061438e-01
2.677999999999999936e+00,2.115802407304329336e+00,1.778091562876227272e-17,2.479140584793317337e-01
2.680000000000000160e+00,2.115718159102424778e+00,9.540979117872439019e-18,2.480402931086453655e-01
2.681999999999999940e+00,2.115633958221788902e+00,1.561251128379126385e-17,2.481663203944301233e-01
2.684000000000000163e+00,2.115549804806178713e+00,2.602085213965210642e-18,2.482921407840730510e-01
2.685999999999999943e+00,2.115465698998097110e+00,1.821756111307186454e-17,2.484177547238697603e-01
2.688000000000000167e+00,2.115381640939151708e+00,3.903127820947815962e-18,2.485431626590270393e-01
2.689999999999999947e+00,2.115297630769141790e+00,3.117081245895825248e-18,2.486683650336602713e-01
2.692000000000000171e+00,2.115213668626807930e+00,1.322726650432315409e-17,2.487933622908051479e-01
2.693999999999999950e+00,2.115129754649863969e+00,2.168404344971008868e-17,2.489181548724121451e-01
2.696000000000000174e+00,2.115045888974247390e+00,6.288372600415925717e-18,2.490427432193539625e-01
2.697999999999999954e+00,2.114962071734879601e+00,6.505213034913026604e-18,2.491671277714225530e-01
2.700000000000000178e+00,2.114878303065555798e+00,1.040834085586084257e-17,2.492913089673402804e-01
2.701999999999999957e+00,2.114794583098777991e+00,6.071532165918824830e-18,2.494152872447532587e-01
2.704000000000000181e+00,2.114710911965694606e+00,2.125036258071588691e-17,2.495390630402397336e-01
2.705999999999999961e+00,2.114627289796445098e+00,1.303075486056015642e-17,2.496626367893126364e-01
2.708000000000000185e+00,2.114543716719591515e+00,1.314595134138674126e-17,2.497860089264164474e-01
2.709999999999999964e+00,2.114460192862857468e+00,6.613633252161577047e-18,2.499091798849363832e-01
2.712000000000000188e+00,2.114376718352556139e+00,8.998878031629686802e-18,2.500321500971968147e-01
2.713999999999999968e+00,2.114293293314055688e+00,9.540979117872439019e-18,2.501549199944669288e-01
2.716000000000000192e+00,2.114209917870926603e+00,7.589415207398531038e-18,2.502774900069580921e-01
2.717999999999999972e+00,2.114126592146345018e+00,9.107298248878237246e-18,2.503998605638330655e-01
2.720000000000000195e+00,2.114043316261788874e+00,6.938893903907228378e-18,2.505220320932027844e-01
2.721999999999999975e+00,2.113960090337702269e+00,1.019150042136374168e-17,2.506440050221330207e-01
2.724000000000000199e+00,2.113876914493598491e+00,2.607506224827638164e-17,2.507657797766423835e-01
2.725999999999999979e+00,2.113793788847505795e+00,1.734723475976807094e-17,2.508873567817088701e-01
2.728000000000000203e+00,2.113710713516393724e+00,1.745565497701662139e-17,2.510087364612719751e-01
2.729999999999999982e+00,2.113627688616041667e+00,1.626303258728256651e-17,2.511299192382320244e-01
2.732000000000000206e+00,2.113544714261585966e+00,8.673617379884035472e-19,2.512509055344552822e-01
2.733999999999999986e+00,2.113461790566219634e+00,1.125876193490416011e-17,2.513716957707760047e-01
2.736000000000000210e+00,2.113378917642709354e+00,1.084202172485504434e-17,2.514922903669995491e-01
2.737999999999999989e+00,2.113296095602457569e+00,4.336808689942017736e-18,2.516126897419024844e-01
2.740000000000000213e+00,2.113213324555587747e+00,2.602085213965210642e-18,2.517328943132357555e-01
2.741999999999999993e+00,2.113130604611487939e+00,2.602085213965210642e-18,2.518529044977330100e-01
2.744000000000000217e+00,2.113047935878089589e+00,1.019150042136374168e-17,2.519727207110999401e-01
2.745999999999999996e+00,2.112965318462702413e+00,2.168404344971008868e-18,2.520923433680314907e-01
2.748000000000000220e+00,2.112882752471030301e+00,1.517883041479706208e-18,2.522117728822062532e-01
2.750000000000000000e+00,2.112800238008087916e+00,1.734723475976807094e-17,2.523310096662855773e-01
2.752000000000000224e+00,2.112717775177745949e+00,1.561251128379126385e-17,2.524500541319288360e-01
2.754000000000000004e+00,2.112635364082581901e+00,1.738789234123627736e-17,2.525689066897804369e-01
2.756000000000000227e+00,2.112553004824555103e+00,6.505213034913026604e-18,2.526875677494829220e-01
2.758000000000000007e+00,2.112470697504313932e+00,4.553649124439118623e-18,2.528060377196743591e-01
2.760000000000000231e+00,2.112388442221302398e+00,8.239936510889833698e-18,2.529243170079941705e-01
2.762000000000000011e+00,2.112306239074413838e+00,2.504507018441515243e-17,2.530424060210828552e-01
2.764000000000000234e+00,2.112224088161259061e+00,7.806255641895631925e-18,2.531603051645849867e-01
2.766000000000000014e+00,2.112141989578212531e+00,1.809262375335185524e-18,2.532780148431519884e-01
2.768000000000000238e+00,2.112059943420913299e+00,1.821459649775647449e-17,2.533955354604444654e-01
2.770000000000000018e+00,2.111977949783859998e+00,4.336808689942017736e-18,2.535128674191378662e-01
2.772000000000000242e+00,2.111896008761032562e+00,6.938893903907228378e-18,2.536300111209160990e-01
2.774000000000000021e+00,2.111814120444453380e+00,5.204170427930421283e-18,2.537469669664814687e-01
2.776000000000000245e+00,2.111732284926173264e+00,9.540979117872439019e-18,2.538637353555578957e-01
2.778000000000000025e+00,2.111650502296470222e+00,7.480994990149980595e-18,2.539803166868884188e-01
2.780000000000000249e+00,2.111568772645192382e+00,2.602085213965210642e-18,2.540967113582370263e-01
2.782000000000000028e+00,2.111487096061164692e+00,4.553649124439118623e-18,2.542129197663989260e-01
2.784000000000000252e+00,2.111405472631783908e+00,4.208059681959364084e-17,2.543289423071944944e-01
2.786000000000000032e+00,2.111323902444091516e+00,9.486769009248163798e-19,2.544447793754739950e-01
2.788000000000000256e+00,2.111242385583693704e+00,1.910906329005701565e-18,2.545604313651249062e-01
2.790000000000000036e+00,2.111160922135685070e+00,4.119968255444916849e-18,2.546758986690649817e-01
2.792000000000000259e+00,2.111079512184026896e+00,1.268516541808040188e-17,2.547911816792532980e-01
2.794000000000000039e+00,2.110998155811500965e+00,7.724940478959219092e-18,2.549062807866878666e-01
2.796000000000000263e+00,2.110916853100363255e+00,3.035766082959412415e-18,2.550211963814102423e-01
2.798000000000000043e+00,2.110835604131661825e+00,1.734723475976807094e-18,2.551359288525047453e-01
2.800000000000000266e+00,2.110754408985894059e+00,1.794354595463509838e-17,2.552504785881056781e-01
2.802000000000000046e+00,2.110673267742267711e+00,1.864827736675067626e-17,2.553648459753948274e-01
2.804000000000000270e+00,2.110592180479201829e+00,1.517883041479706208e-18,2.554790314006064600e-01
2.806000000000000050e+00,2.110511147274316102e+00,1.301042606982605321e-18,2.555930352490284330e-01
2.808000000000000274e+00,2.110430168204278090e+00,7.806467400132445500e-18,2.557068579050074120e-01
2.810000000000000053e+00,2.110349243344920467e+00,2.564138137928217986e-17,2.558204997519481494e-01
2.812000000000000277e+00,2.110268372771169965e+00,2.083023423887775394e-17,2.559339611723148722e-01
2.814000000000000057e+00,2.110187556556756050e+00,1.951563910473907981e-17,2.560472425476348901e-01
2.815999999999999837e+00,2.110106794775255423e+00,2.602085213965210642e-18,2.561603442585067558e-01
2.818000000000000060e+00,2.110026087498852121e+00,8.185726402265558477e-18,2.562732666845898843e-01
2.819999999999999840e+00,2.109945434798842001e+00,6.505213034913026604e-19,2.563860102046200407e-01
2.822000000000000064e+00,2.109864836745920513e+00,1.051676107310939301e-17,2.564985751964026783e-01
2.823999999999999844e+00,2.109784293410037037e+00,5.546710551800060340e-17,2.566109620368199340e-01
2.826000000000000068e+00,2.109703804859844212e+00,4.445228907190568179e-18,2.567231711018294060e-01
2.827999999999999847e+00,2.109623371163440453e+00,6.505213034913026604e-18,2.568352027664697612e-01
2.830000000000000071e+00,2.109542992388121263e+00,4.662069341687669066e-18,2.569470574048618450e-01
2.831999999999999851e+00,2.109462668600368573e+00,1.366094737331735587e-17,2.570587353902095140e-01
2.834000000000000075e+00,2.109382399865804558e+00,6.722053469410127491e-18,2.571702370948050764e-01
2.835999999999999854e+00,2.109302186249124134e+00,5.637851296924623057e-18,2.572815628900270712e-01
2.838000000000000078e+00,2.109222027814336542e+00,2.341876692568689577e-17,2.573927131463476514e-01
2.839999999999999858e+00,2.109141924624786668e+00,1.257674520083185143e-17,2.575036882333304744e-01
2.842000000000000082e+00,2.109061876742529762e+00,1.517883041479706208e-17,2.576144885196360867e-01
2.843999999999999861e+00,2.108981884229432779e+00,1.084202172485504434e-17,2.577251143730223681e-01
2.846000000000000085e+00,2.108901947146264888e+00,6.993104012531503599e-18,2.578355661603450311e-01
2.847999999999999865e+00,2.108822065552967473e+00,1.566672139241553907e-17,2.579458442475667801e-01
2.850000000000000089e+00,2.108742239508664795e+00,1.125029160543161710e-17,2.580559489997503730e-01
2.851999999999999869e+00,2.108662469072033474e+00,1.688644883646173156e-17,2.581658807810688350e-01
2.854000000000000092e+00,2.108582754300744710e+00,2.574980159653073031e-18,2.582756399548027937e-01
2.855999999999999872e+00,2.108503095251663240e+00,9.107298248878237246e-18,2.583852268833435328e-01
2.858000000000000096e+00,2.108423491980911280e+00,1.095044194210359478e-17,2.584946419281966001e-01
2.859999999999999876e+00,2.108343944544124327e+00,6.505213034913026604e-18,2.586038854499838613e-01
2.862000000000000099e+00,2.108264452995822325e+00,8.673617379884035472e-18,2.587129578084431669e-01
2.863999999999999879e+00,2.108185017389860860e+00,5.963111948670274387e-18,2.588218593624350139e-01
2.866000000000000103e+00,2.108105637779619457e+00,4.119968255444916849e-18,2.589305904699420458e-01
2.867999999999999883e+00,2.108026314217415376e+00,8.239936510889833698e-18,2.590391514880692747e-01
2.870000000000000107e+00,2.107947046755096920e+00,1.214306433183764966e-17,2.591475427730495773e-01
2.871999999999999886e+00,2.107867835443585136e+00,1.458251921993003464e-17,2.592557646802467475e-01
2.874000000000000110e+00,2.107788680333140263e+00,1.853985714950212582e-17,2.593638175641511667e-01
2.875999999999999890e+00,2.107709581473343974e+00,2.276824562219559311e-17,2.594717017783945701e-01
2.878000000000000114e+00,2.107630538913227269e+00,1.127570259384924611e-17,2.595794176757327820e-01
2.879999999999999893e+00,2.107551552700641651e+00,1.656118818471608023e-17,2.596869656080709188e-01
2.882000000000000117e+00,2.107472622883204139e+00,1.517883041479706208e-17,2.597943459264481780e-01
2.883999999999999897e+00,2.107393749507647129e+00,6.071532165918824830e-18,2.599015589810435012e-01
2.886000000000000121e+00,2.107314932620116821e+00,3.252606517456513302e-18,2.600086051211867866e-01
2.887999999999999901e+00,2.107236172265860574e+00,1.566672139241553907e-17,2.601154846953488420e-01
2.890000000000000124e+00,2.107157468489464947e+00,6.613633252161577047e-18,2.602221980511512656e-01
2.891999999999999904e+00,2.107078821335221619e+00,1.647987302177966740e-17,2.603287455353666680e-01
2.894000000000000128e+00,2.107000230846264088e+00,6.098637220230962441e-20,2.604351274939186167e-01
2.895999999999999908e+00,2.106921697065246235e+00,2.737610485525898696e-17,2.605413442718882422e-01
2.898000000000000131e+00,2.106843220034335218e+00,6.938893903907228378e-18,2.606473962135125721e-01
2.899999999999999911e+00,2.106764799794540011e+00,1.322726650432315409e-17,2.607532836621889727e-01
2.902000000000000135e+00,2.106686436386905115e+00,1.051676107310939301e-17,2.608590069604725947e-01
2.903999999999999915e+00,2.106608129851228028e+00,1.994169667720799288e-17,2.609645664500852558e-01
2.906000000000000139e+00,2.106529880226890583e+00,6.938893903907228378e-18,2.610699624719173828e-01
2.907999999999999918e+00,2.106451687552649332e+00,1.301042606982605321e-18,2.611751953660197412e-01
2.910000000000000142e+00,2.106373551866692395e+00,7.806255641895631925e-18,2.612802654716190887e-01
2.911999999999999922e+00,2.106295473206323265e+00,3.339342691255353657e-17,2.613851731271128465e-01
2.914000000000000146e+00,2.106217451608344504e+00,1.620882247865829129e-17,2.614899186700707645e-01
2.915999999999999925e+00,2.106139487109043529e+00,1.431146867680865853e-17,2.615945024372404726e-01
2.918000000000000149e+00,2.106061579743933265e+00,3.903127820947815962e-18,2.616989247645476468e-01
2.919999999999999929e+00,2.105983729548029260e+00,7.372574772901430151e-18,2.618031859870997291e-01
2.922000000000000153e+00,2.105905936555487301e+00,1.235990476633475055e-17,2.619072864391815414e-01
2.923999999999999932e+00,2.105828200800193173e+00,3.035766082959412415e-18,2.620112264542683311e-01
2.926000000000000156e+00,2.105750522315204876e+00,2.168404344971008868e-18,2.621150063650212747e-01
2.927999999999999936e+00,2.105672901132965791e+00,1.734723475976807094e-18,2.622186265032854235e-01
2.930000000000000160e+00,2.105595337285446789e+00,8.673617379884035472e-18,2.623220872001026938e-01
2.931999999999999940e+00,2.105517830803886881e+00,1.084202172485504434e-18,2.624253887857044831e-01
2.934000000000000163e+00,2.105440381718953091e+00,2.824346659324739051e-17,2.625285315895180549e-01
2.935999999999999943e+00,2.105362990061017570e+00,8.239936510889833698e-18,2.626315159401689248e-01
2.938000000000000167e+00,2.105285655859365335e+00,3.035766082959412415e-18,2.627343421654786404e-01
2.939999999999999947e+00,2.105208379143036268e+00,5.206076252061743459e-18,2.628370105924707767e-01
2.942000000000000171e+00,2.105131159940533792e+00,1.214306433183764966e-17,2.629395215473758762e-01
2.943999999999999950e+00,2.105053998279384331e+00,2.103352214621878602e-17,2.630418753556235112e-01
2.946000000000000174e+00,2.104976894187043257e+00,6.505213034913026604e-19,2.631440723418559391e-01
2.947999999999999954e+00,2.104899847690148817e+00,1.184490873440413594e-17,2.632461128299207753e-01
2.950000000000000178e+00,2.104822858814841879e+00,3.469446951953614189e-18,2.633479971428797084e-01
2.951999999999999957e+00,2.104745927586577636e+00,9.784924606681677517e-18,2.634497256030058354e-01
2.954000000000000181e+00,2.104669054030431141e+00,1.721170948820738289e-18,2.635512985317868817e-01
2.955999999999999961e+00,2.104592238170820195e+00,8.456776945386934585e-18,2.636527162499323063e-01
2.958000000000000185e+00,2.104515480031551533e+00,1.301042606982605321e-18,2.637539790773655302e-01
2.959999999999999964e+00,2.104438779636097934e+00,3.961403687718911826e-17,2.638550873332345947e-01
2.962000000000000188e+00,2.104362137007228739e+00,3.084555180721260115e-17,2.639560413359111068e-01
2.963999999999999968e+00,2.104285552167283413e+00,5.149960319306146062e-18,2.640568414029886846e-01
2.966000000000000192e+00,2.104209025137976141e+00,6.938893903907228378e-18,2.641574878512921720e-01
2.967999999999999972e+00,2.104132555940598337e+00,1.214306433183764966e-17,2.642579809968729765e-01
2.970000000000000195e+00,2.104056144595599420e+00,1.908195823574487804e-17,2.643583211550152856e-01
2.971999999999999975e+00,2.103979791123332888e+00,2.342173154100228583e-17,2.644585086402364560e-01
2.974000000000000199e+00,2.103903495543402613e+00,1.279358563532895232e-17,2.645585437662889006e-01
2.975999999999999979e+00,2.103827257875057199e+00,2.251074760623028581e-17,2.646584268461626976e-01
2.978000000000000203e+00,2.103751078136738784e+00,1.555830117516698863e-17,2.647581581920856464e-01
2.979999999999999982e+00,2.103674956346658576e+00,3.035766082959412415e-17,2.648577381155272081e-01
2.982000000000000206e+00,2.103598892522466457e+00,4.933119884809045175e-18,2.649571669272011154e-01
2.983999999999999986e+00,2.103522886681119530e+00,3.767602549387127908e-17,2.650564449370669262e-01
2.986000000000000210e+00,2.103446938839248048e+00,1.604619215278546562e-17,2.651555724543278592e-01
2.987999999999999989e+00,2.103371049013169625e+00,1.120793995806890209e-17,2.652545497874387315e-01
2.990000000000000213e+00,2.103295217218231983e+00,8.998878031629686802e-18,2.653533772441031835e-01
2.991999999999999993e+00,2.103219443469797056e+00,2.341876692568689577e-17,2.654520551312817278e-01
2.994000000000000217e+00,2.103143727782317285e+00,4.065758146820641628e-18,2.655505837551829784e-01
2.995999999999999996e+00,2.103068070170131421e+00,1.040834085586084257e-17,2.656489634212806927e-01
2.998000000000000220e+00,2.102992470646867673e+00,5.421010862427522170e-18,2.657471944342986170e-01
3.000000000000000000e+00,2.102916929225582265e+00,5.637851296924623057e-18,2.658452770982276947e-01
