# delta,gap,coarse,fine
0.000000000000000000e+00,1.617841417119919356e+00,2.445960101127297941e-17,3.217225599071513731e-01
2.000000000000000042e-03,1.617483377276492718e+00,5.551115123125783010e-18,3.217059408947826049e-01
4.000000000000000083e-03,1.617123817638248084e+00,5.811323644522303920e-18,3.216892594538942607e-01
6.000000000000000125e-03,1.616762728262873594e+00,1.118896642005040607e-17,3.216725152230213158e-01
8.000000000000000167e-03,1.616400099125016254e+00,2.914022037450551581e-17,3.216557078379349566e-01
1.000000000000000021e-02,1.616035920113816360e+00,2.261103630718519620e-17,3.216388369316248719e-01
1.200000000000000025e-02,1.615670181034154496e+00,1.674008154317618908e-17,3.216219021342617834e-01
1.400000000000000029e-02,1.615302871604122004e+00,2.125036258071588691e-17,3.216049030731806813e-01
1.600000000000000033e-02,1.614933981454367284e+00,4.250072516143177689e-18,3.215878393728494045e-01
1.800000000000000211e-02,1.614563500128660678e+00,1.821459649775647449e-17,3.215707106548426064e-01
2.000000000000000042e-02,1.614191417081137558e+00,3.348016308635237815e-17,3.215535165378143878e-01
2.199999999999999872e-02,1.613817721676394257e+00,6.938893903907228763e-19,3.215362566374730946e-01
2.400000000000000050e-02,1.613442403188848573e+00,2.601941218364177349e-17,3.215189305665487884e-01
2.600000000000000228e-02,1.613065450801403955e+00,1.561251128379126423e-18,3.215015379347696545e-01
2.800000000000000058e-02,1.612686853604483161e+00,4.050579316405844812e-17,3.214840783488293052e-01
2.999999999999999889e-02,1.612306600595328376e+00,6.071532165918824830e-17,3.214665514123662970e-01
3.200000000000000067e-02,1.611924680677233823e+00,3.642919299551295052e-18,3.214489567259234959e-01
3.400000000000000244e-02,1.611541082658060731e+00,4.748805515486509113e-18,3.214312938869239300e-01
3.600000000000000422e-02,1.611155795249882061e+00,1.387778780781445753e-18,3.214135624896481969e-01
3.799999999999999906e-02,1.610768807067842090e+00,2.542454094478507898e-17,3.213957621251904984e-01
4.000000000000000083e-02,1.610380106629197172e+00,1.700029006457271076e-17,3.213778923814401001e-01
4.200000000000000261e-02,1.609989682352104268e+00,2.593411596585326483e-17,3.213599528430439722e-01
4.399999999999999745e-02,1.609597522554913951e+00,2.185751579730776877e-17,3.213419430913781460e-01
4.599999999999999922e-02,1.609203615455303549e+00,1.220811646218677931e-17,3.213238627045175710e-01
4.800000000000000100e-02,1.608807949169058560e+00,3.321995456495585339e-17,3.213057112571996443e-01
5.000000000000000278e-02,1.608410511708893154e+00,4.082563280494167070e-17,3.212874883207991195e-01
5.200000000000000455e-02,1.608011290983743180e+00,1.179611963664228793e-17,3.212691934632864177e-01
5.399999999999999939e-02,1.607610274798012995e+00,4.336808689942017736e-19,3.212508262492069222e-01
5.600000000000000117e-02,1.607207450849529096e+00,2.267608843753432585e-17,3.212323862396359586e-01
5.800000000000000294e-02,1.606802806729408672e+00,6.052558627900328811e-18,3.212138729921493185e-01
5.999999999999999778e-02,1.606396329920787736e+00,3.499804612783208436e-17,3.211952860607961702e-01
6.199999999999999956e-02,1.605988007797769512e+00,9.194034422677077292e-18,3.211766249960513187e-01
6.400000000000000133e-02,1.605577827623900333e+00,1.748004952589754462e-17,3.211578893447926686e-01
6.600000000000000311e-02,1.605165776551586987e+00,4.423544863740857783e-18,3.211390786502605899e-01
6.800000000000000488e-02,1.604751841621080644e+00,2.019868647340494884e-17,3.211201924520208917e-01
7.000000000000000666e-02,1.604336009758576154e+00,4.857225732735059556e-18,3.211012302859334588e-01
7.200000000000000844e-02,1.603918267776130335e+00,4.172009959724221185e-17,3.210821916841093415e-01
7.399999999999999634e-02,1.603498602369864301e+00,3.920475055707584280e-17,3.210630761748849427e-01
7.599999999999999811e-02,1.603077000118499740e+00,1.578598363138894394e-17,3.210438832827708366e-01
7.799999999999999989e-02,1.602653447483419313e+00,2.099015405931936523e-17,3.210246125284264562e-01
8.000000000000000167e-02,1.602227930805909750e+00,5.572799166575492791e-17,3.210052634286158502e-01
8.200000000000000344e-02,1.601800436307556197e+00,1.561251128379126423e-18,3.209858354961663274e-01
8.400000000000000522e-02,1.601370950087925848e+00,3.660266534311063216e-17,3.209663282399382034e-01
8.600000000000000699e-02,1.600939458123633585e+00,5.767955557622883897e-18,3.209467411647783930e-01
8.799999999999999489e-02,1.600505946267205104e+00,1.539567084929416296e-17,3.209270737714842170e-01
8.999999999999999667e-02,1.600070400246270452e+00,2.458970527197124180e-17,3.209073255567596594e-01
9.199999999999999845e-02,1.599632805660881729e+00,1.381985075422226292e-17,3.208874960131778420e-01
9.400000000000000022e-02,1.599193147984461660e+00,2.697495005143935155e-17,3.208675846291410561e-01
9.600000000000000200e-02,1.598751412560734053e+00,7.892991815694471971e-18,3.208475908888312467e-01
9.800000000000000377e-02,1.598307584602881803e+00,2.311519031739095330e-17,3.208275142721799256e-01
1.000000000000000056e-01,1.597861649192761746e+00,9.709369267786593310e-18,3.208073542548116608e-01
1.020000000000000073e-01,1.597413591279096323e+00,6.158268339717664877e-18,3.207871103080143227e-01
1.040000000000000091e-01,1.596963395676084474e+00,9.714451465470119112e-18,3.207667818986867370e-01
1.059999999999999970e-01,1.596511047062762145e+00,6.765421556309547514e-18,3.207463684892936651e-01
1.079999999999999988e-01,1.596056529980838690e+00,1.153591111524576779e-17,3.207258695378319979e-01
1.100000000000000006e-01,1.595599828833627498e+00,1.320558246087344370e-17,3.207052844977686390e-01
1.120000000000000023e-01,1.595140927884465043e+00,3.408731630294425694e-17,3.206846128180119715e-01
1.140000000000000041e-01,1.594679811256714430e+00,1.308632022190003883e-17,3.206638539428517398e-01
1.160000000000000059e-01,1.594216462929654909e+00,1.321574685624049530e-17,3.206430073119213020e-01
1.180000000000000077e-01,1.593750866739917171e+00,1.110223024625156602e-17,3.206220723601492795e-01
1.199999999999999956e-01,1.593283006378371169e+00,2.260561529632276745e-17,3.206010485177036573e-01
1.219999999999999973e-01,1.592812865388530952e+00,1.405126015541213685e-17,3.205799352099489852e-01
1.239999999999999991e-01,1.592340427166309524e+00,1.439820485060750012e-17,3.205587318574054101e-01
1.260000000000000009e-01,1.591865674957958277e+00,1.361757928641793507e-17,3.205374378756802312e-01
1.280000000000000027e-01,1.591388591858216017e+00,3.900146264973481072e-17,3.205160526754345374e-01
1.300000000000000044e-01,1.590909160809165002e+00,2.081668171172168513e-17,3.204945756623261421e-01
1.320000000000000062e-01,1.590427364598841820e+00,3.712367530896675106e-17,3.204730062369551824e-01
1.340000000000000080e-01,1.589943185859482355e+00,2.612927235690065840e-18,3.204513437948148802e-01
1.360000000000000098e-01,1.589456607065965699e+00,1.413799632921097844e-17,3.204295877262415826e-01
1.380000000000000115e-01,1.588967610534684383e+00,2.940356291780687902e-17,3.204077374163568637e-01
1.400000000000000133e-01,1.588476178421039720e+00,8.500145032286355379e-18,3.203857922450141782e-01
1.420000000000000151e-01,1.587982292719548383e+00,4.380176776841437759e-18,3.203637515867490126e-01
1.440000000000000169e-01,1.587485935259671521e+00,2.635153380226018650e-17,3.203416148107141037e-01
1.459999999999999909e-01,1.586987087707658617e+00,2.242130092700023293e-17,3.203193812806366947e-01
1.479999999999999927e-01,1.586485731560976831e+00,3.183217578417441265e-17,3.202970503547486469e-01
1.499999999999999944e-01,1.585981848150247231e+00,1.327063459122257489e-17,3.202746213857398661e-01
1.519999999999999962e-01,1.585475418635049039e+00,1.834470075845473379e-17,3.202520937206860818e-01
1.539999999999999980e-01,1.584966424003763308e+00,1.389947185126416561e-17,3.202294667010129325e-01
1.559999999999999998e-01,1.584454845071370244e+00,2.255140518769849223e-17,3.202067396624150852e-01
1.580000000000000016e-01,1.583940662477463235e+00,1.743397093356691253e-17,3.201839119348052209e-01
1.600000000000000033e-01,1.583423856685115538e+00,2.568136133439258346e-17,3.201609828422536386e-01
1.620000000000000051e-01,1.582904407978691808e+00,1.422473250300981694e-17,3.201379517029238064e-01
1.640000000000000069e-01,1.582382296462455429e+00,1.162264728904460784e-17,3.201148178290128543e-01
1.660000000000000087e-01,1.581857502058255704e+00,2.246466901389965064e-17,3.200915805266862924e-01
1.680000000000000104e-01,1.581330004504792441e+00,1.639313684798082581e-17,3.200682390960143398e-01
1.700000000000000122e-01,1.580799783355132604e+00,1.448494102440633862e-17,3.200447928309096968e-01
1.720000000000000140e-01,1.580266817974703031e+00,1.578598363138894394e-17,3.200212410190580448e-01
1.740000000000000158e-01,1.579731087539389733e+00,9.020562075079397199e-18,3.199975829418555962e-01
1.759999999999999898e-01,1.579192571035285653e+00,9.107298248878237246e-18,3.199738178743397055e-01
1.779999999999999916e-01,1.578651247254480694e+00,2.602085213965210545e-19,3.199499450851203686e-01
1.799999999999999933e-01,1.578107094794820142e+00,5.030698080332740420e-18,3.199259638363159408e-01
1.819999999999999951e-01,1.577560092058114094e+00,5.666040553409246419e-17,3.199018733834813055e-01
1.839999999999999969e-01,1.577010217246943569e+00,1.567078715056235910e-17,3.198776729755278825e-01
1.859999999999999987e-01,1.576457448364003255e+00,6.375108774214765764e-18,3.198533618546707258e-01
1.880000000000000004e-01,1.575901763209824225e+00,1.032160468206200252e-17,3.198289392563423705e-01
1.900000000000000022e-01,1.575343139380894542e+00,1.331942368898442136e-17,3.198044044091249982e-01
1.920000000000000040e-01,1.574781554266817096e+00,4.033232081646076495e-17,3.197797565346745530e-01
1.940000000000000058e-01,1.574216985050320261e+00,1.386694578608960233e-17,3.197549948476473003e-01
1.960000000000000075e-01,1.573649408703452934e+00,3.987695590401685432e-17,3.197301185556213343e-01
1.980000000000000093e-01,1.573078801986540043e+00,5.442694905877232567e-18,3.197051268590272999e-01
2.000000000000000111e-01,1.572505141445269317e+00,9.324138683375338132e-18,3.196800189510567991e-01
2.020000000000000129e-01,1.571928403410549180e+00,6.944314914769655592e-18,3.196547940176001079e-01
2.040000000000000147e-01,1.571348563994320102e+00,2.545706700995964534e-17,3.196294512371522512e-01
2.060000000000000164e-01,1.570765599088847608e+00,3.048776509029238345e-17,3.196039897807432806e-01
2.080000000000000182e-01,1.570179484364153666e+00,2.116362640691704532e-17,3.195784088118469590e-01
2.099999999999999922e-01,1.569590195266759025e+00,2.020952849512980327e-17,3.195527074863075967e-01
2.119999999999999940e-01,1.568997707015810761e+00,3.061786935099064275e-17,3.195268849522450716e-01
2.139999999999999958e-01,1.568401994603345173e+00,6.678685382510707468e-18,3.195009403499814993e-01
2.159999999999999976e-01,1.567803032789971240e+00,4.035400485991047380e-17,3.194748728119489734e-01
2.179999999999999993e-01,1.567200796104771143e+00,2.185832047860766097e-17,3.194486814626023574e-01
2.200000000000000011e-01,1.566595258841740446e+00,3.182675477331198389e-17,3.194223654183304673e-01
2.220000000000000029e-01,1.565986395057969105e+00,2.059984127722458425e-18,3.193959237873729151e-01
2.240000000000000047e-01,1.565374178571680375e+00,3.829402073218801538e-17,3.193693556697239089e-01
2.260000000000000064e-01,1.564758582960369182e+00,2.090341788552052672e-17,3.193426601570423240e-01
2.280000000000000082e-01,1.564139581558066538e+00,6.591949208711866651e-18,3.193158363325541704e-01
2.300000000000000100e-01,1.563517147453595157e+00,3.269953752216281619e-17,3.192888832709739333e-01
2.320000000000000118e-01,1.562891253487496357e+00,1.127570259384924611e-17,3.192618000383881105e-01
2.340000000000000135e-01,1.562261872251571759e+00,2.602085213965210642e-18,3.192345856921782743e-01
2.360000000000000153e-01,1.561628976084588061e+00,3.035766082959412415e-18,3.192072392809091053e-01
2.380000000000000171e-01,1.560992537071971498e+00,1.153591111524576779e-17,3.191797598442411288e-01
2.399999999999999911e-01,1.560352527042237369e+00,2.211772431870429045e-17,3.191521464128199148e-01
2.419999999999999929e-01,1.559708917564918806e+00,7.979727989493312018e-18,3.191243980081818199e-01
2.439999999999999947e-01,1.559061679949174106e+00,1.617629641348372492e-17,3.190965136426529569e-01
2.459999999999999964e-01,1.558410785241022722e+00,2.185751579730776877e-17,3.190684923192367295e-01
2.479999999999999982e-01,1.557756204220478224e+00,2.732189474663471097e-18,3.190403330315159658e-01
2.500000000000000000e-01,1.557097907399867864e+00,5.702903427273753477e-18,3.190120347635440057e-01
2.520000000000000018e-01,1.556435865022319120e+00,3.747002708109903570e-17,3.189835964897365650e-01
2.540000000000000036e-01,1.555770047057720262e+00,2.659547929106942500e-17,3.189550171747574381e-01
2.560000000000000053e-01,1.555100423202080862e+00,1.474514954580285992e-18,3.189262957734237403e-01
2.580000000000000071e-01,1.554426962874092766e+00,6.852157730108388331e-18,3.188974312305693504e-01
2.600000000000000089e-01,1.553749635213410585e+00,2.454633718507182100e-17,3.188684224809516521e-01
2.620000000000000107e-01,1.553068409078328216e+00,7.546047120499110244e-18,3.188392684491268558e-01
2.640000000000000124e-01,1.552383253043547739e+00,1.405126015541213685e-17,3.188099680493330368e-01
2.660000000000000142e-01,1.551694135397458041e+00,1.049507702965968261e-17,3.187805201853767811e-01
2.680000000000000160e-01,1.551001024139790019e+00,9.801187639268960700e-18,3.187509237505086745e-01
2.700000000000000178e-01,1.550303886980117340e+00,2.142383492831356700e-17,3.187211776273028430e-01
2.720000000000000195e-01,1.549602691335032034e+00,1.101549407245272443e-17,3.186912806875377702e-01
2.740000000000000213e-01,1.548897404325309424e+00,3.530162273612802684e-17,3.186612317920605175e-01
2.760000000000000231e-01,1.548187992774195720e+00,2.272487753529617232e-17,3.186310297906784772e-01
2.780000000000000249e-01,1.547474423205645877e+00,3.397211982211767209e-17,3.186006735220171526e-01
2.800000000000000266e-01,1.546756661840657188e+00,6.722053469410127491e-18,3.185701618133920388e-01
2.820000000000000284e-01,1.546034674596008074e+00,1.940721888749052937e-17,3.185394934806842770e-01
2.840000000000000302e-01,1.545308427081216962e+00,1.270684946153011227e-17,3.185086673281978253e-01
2.860000000000000320e-01,1.544577884597721606e+00,4.581838380923741985e-17,3.184776821485376663e-01
2.880000000000000338e-01,1.543843012134178849e+00,2.376571162088225596e-17,3.184465367224612042e-01
2.899999999999999800e-01,1.543103774366432646e+00,1.134075472419837576e-17,3.184152298187439833e-01
2.919999999999999818e-01,1.542360135654103459e+00,3.252606517456513302e-18,3.183837601940369133e-01
2.939999999999999836e-01,1.541612060038371368e+00,3.040102891649354186e-17,3.183521265927360955e-01
2.959999999999999853e-01,1.540859511240405766e+00,2.983724378680108079e-17,3.183203277468179548e-01
2.979999999999999871e-01,1.540102452657830412e+00,3.400058035662008874e-17,3.182883623757161162e-01
2.999999999999999889e-01,1.539340847364350395e+00,7.204523436166177272e-18,3.182562291861530945e-01
3.019999999999999907e-01,1.538574658105392956e+00,1.611124428313459527e-17,3.182239268720029601e-01
3.039999999999999925e-01,1.537803847297904980e+00,9.776793090388035926e-18,3.181914541141383501e-01
3.059999999999999942e-01,1.537028377026370407e+00,3.460773334573730030e-17,3.181588095802735383e-01
3.079999999999999960e-01,1.536248209041847446e+00,3.471154252737923542e-19,3.181259919248043411e-01
3.099999999999999978e-01,1.535463304760323666e+00,1.361757928641793507e-17,3.180929997886610128e-01
3.119999999999999996e-01,1.534673625258328400e+00,3.367531947739977019e-17,3.180598317991411017e-01
3.140000000000000013e-01,1.533879131273128138e+00,1.621966450038314572e-17,3.180264865697424170e-01
3.160000000000000031e-01,1.533079783199735147e+00,2.701831813833876926e-17,3.179929627000088188e-01
3.180000000000000049e-01,1.532275541088409909e+00,3.248269708766571531e-17,3.179592587753607424e-01
3.200000000000000067e-01,1.531466364643208067e+00,6.591949208711866651e-18,3.179253733669167858e-01
3.220000000000000084e-01,1.530652213220299984e+00,6.505213034913026604e-18,3.178913050313351696e-01
3.240000000000000102e-01,1.529833045824624094e+00,7.459310946700270198e-18,3.178570523106342693e-01
3.260000000000000120e-01,1.529008821109822946e+00,1.927711462679227007e-17,3.178226137320123712e-01
3.280000000000000138e-01,1.528179497374747342e+00,3.465110143263672418e-17,3.177879878076796949e-01
3.300000000000000155e-01,1.527345032562365645e+00,9.107298248878237246e-18,3.177531730346681571e-01
3.320000000000000173e-01,1.526505384257564657e+00,3.447762908503904100e-17,3.177181678946522925e-01
3.340000000000000191e-01,1.525660509685813793e+00,2.075501771316157268e-17,3.176829708537666774e-01
3.360000000000000209e-01,1.524810365710767002e+00,1.240327285323417134e-17,3.176475803624054794e-01
3.380000000000000226e-01,1.523954908832902078e+00,1.682681771697502758e-17,3.176119948550483740e-01
3.400000000000000244e-01,1.523094095188024966e+00,1.283695372222837311e-17,3.175762127500529886e-01
3.420000000000000262e-01,1.522227880545415246e+00,1.638771583711840014e-17,3.175402324494682738e-01
3.440000000000000280e-01,1.521356220305804641e+00,1.927711462679227007e-17,3.175040523388313884e-01
3.460000000000000298e-01,1.520479069500602520e+00,2.320192649118979489e-17,3.174676707869648062e-01
3.480000000000000315e-01,1.519596382790446398e+00,1.268990880258502627e-17,3.174310861457740329e-01
3.500000000000000333e-01,1.518708114463009906e+00,2.289834988289385241e-17,3.173942967500455459e-01
3.519999999999999796e-01,1.517814218431755791e+00,1.335737076502141494e-17,3.173573009172265258e-01
3.539999999999999813e-01,1.516914648235740515e+00,2.575251210196194469e-17,3.173200969472164679e-01
3.559999999999999831e-01,1.516009357036878669e+00,5.551115123125783010e-18,3.172826831221599586e-01
3.579999999999999849e-01,1.515098297620063761e+00,2.211772431870429045e-17,3.172450577062122523e-01
3.599999999999999867e-01,1.514181422391114751e+00,2.775557561562891351e-17,3.172072189453306046e-01
3.619999999999999885e-01,1.513258683376044189e+00,7.285838599102590105e-18,3.171691650670409035e-01
3.639999999999999902e-01,1.512330032220265963e+00,2.786060770108844521e-18,3.171308942802200659e-01
3.659999999999999920e-01,1.511395420187866989e+00,5.555265584567328774e-18,3.170924047748513441e-01
3.679999999999999938e-01,1.510454798159823753e+00,1.886511780124777715e-17,3.170536947218025592e-01
3.699999999999999956e-01,1.509508116634926012e+00,1.964574336543733911e-17,3.170147622725786318e-01
3.719999999999999973e-01,1.508555325727808594e+00,1.886511780124777715e-17,3.169756055590920441e-01
3.739999999999999991e-01,1.507596375168390068e+00,1.128586698921629772e-17,3.169362226934049342e-01
3.760000000000000009e-01,1.506631214302949218e+00,3.599551212651874721e-17,3.168966117674956173e-01
3.780000000000000027e-01,1.505659792091762483e+00,1.566333326062652226e-18,3.168567708529952953e-01
3.800000000000000044e-01,1.504682057109867799e+00,3.468904850867371313e-17,3.168166980009457512e-01
3.820000000000000062e-01,1.503697957547501574e+00,1.734723475976807191e-19,3.167763912415286209e-01
3.840000000000000080e-01,1.502707441208762873e+00,8.977193988179976405e-18,3.167358485838140392e-01
3.860000000000000098e-01,1.501710455512611730e+00,1.387778780781445676e-17,3.166950680154946851e-01
3.880000000000000115e-01,1.500706947492666643e+00,5.956064634549118855e-17,3.166540475026090040e-01
3.900000000000000133e-01,1.499696863797542079e+00,3.434752482434078170e-17,3.166127849892761970e-01
3.920000000000000151e-01,1.498680150691612312e+00,4.276093368282829241e-17,3.165712783974161670e-01
3.940000000000000169e-01,1.497656754054954575e+00,1.975416358268588956e-17,3.165295256264713530e-01
3.960000000000000187e-01,1.496626619384361589e+00,1.660997728247792670e-17,3.164875245531224013e-01
3.980000000000000204e-01,1.495589691794720011e+00,3.632077277826439854e-17,3.164452730309975648e-01
4.000000000000000222e-01,1.494545916018584109e+00,1.600553457131725921e-17,3.164027688903831570e-01
4.020000000000000240e-01,1.493495236408271865e+00,1.049507702965968261e-17,3.163600099379274000e-01
4.040000000000000258e-01,1.492437596937630673e+00,2.840609691912021617e-17,3.163169939563379995e-01
4.060000000000000275e-01,1.491372941201941416e+00,5.510457541657576594e-18,3.162737187040766118e-01
4.080000000000000293e-01,1.490301212420224175e+00,8.586881206085195425e-18,3.162301819150590831e-01
4.100000000000000311e-01,1.489222353437604340e+00,2.229119666630197055e-17,3.161863812983264355e-01
4.120000000000000329e-01,1.488136306725881042e+00,5.659535340374333454e-18,3.161423145377402211e-01
4.140000000000000346e-01,1.487043014386372874e+00,4.742300302451596148e-17,3.160979792916547848e-01
4.160000000000000364e-01,1.485942418152369271e+00,2.016616040823038247e-17,3.160533731925962986e-01
4.179999999999999827e-01,1.484834459390384609e+00,2.818925648462311528e-18,3.160084938469209237e-01
4.199999999999999845e-01,1.483719079104044880e+00,2.498001805406602278e-17,3.159633388344900151e-01
4.219999999999999862e-01,1.482596217936450245e+00,1.125401855039953572e-17,3.159179057083265074e-01
4.239999999999999880e-01,1.481465816172143235e+00,1.444157293750691783e-17,3.158721919942603651e-01
4.259999999999999898e-01,1.480327813741702414e+00,1.201296007113938882e-17,3.158261951905964593e-01
4.279999999999999916e-01,1.479182150224300329e+00,2.255140518769849300e-18,3.157799127677436979e-01
4.299999999999999933e-01,1.478028764851568866e+00,1.908195823574487804e-17,3.157333421678603647e-01
4.319999999999999951e-01,1.476867596510828662e+00,1.864827736675067626e-17,3.156864808044935744e-01
4.339999999999999969e-01,1.475698583750308046e+00,5.637851296924623249e-19,3.156393260621980779e-01
4.359999999999999987e-01,1.474521664781615726e+00,4.965645949983610000e-18,3.155918752961749951e-01
4.380000000000000004e-01,1.473336777485414473e+00,5.241033301794928187e-17,3.155441258318772979e-01
4.400000000000000022e-01,1.472143859416416234e+00,2.346213501258631657e-17,3.154960749646344431e-01
4.420000000000000040e-01,1.470942847806764320e+00,3.924811864397526359e-18,3.154477199592537473e-01
4.440000000000000058e-01,1.469733679572996721e+00,4.098284211995206452e-18,3.153990580496283669e-01
4.460000000000000075e-01,1.468516291320028699e+00,1.807771597348018079e-17,3.153500864383315117e-01
4.480000000000000093e-01,1.467290619347959790e+00,1.897353801849632760e-18,3.153008022962074941e-01
4.500000000000000111e-01,1.466056599656553772e+00,3.211406834902064010e-17,3.152512027619659429e-01
4.520000000000000129e-01,1.464814167953768731e+00,2.043721095135175858e-17,3.152012849417450968e-01
4.540000000000000147e-01,1.463563259659409255e+00,3.989863994746656009e-18,3.151510459087070726e-01
4.560000000000000164e-01,1.462303809914324404e+00,9.215718466126787689e-18,3.151004827025887800e-01
4.580000000000000182e-01,1.461035753585850472e+00,1.647987302177966740e-17,3.150495923292780387e-01
4.600000000000000200e-01,1.459759025276138544e+00,5.021211311323492025e-19,3.149983717603539457e-01
4.620000000000000218e-01,1.458473559329096503e+00,5.507747036226362217e-18,3.149468179326561645e-01
4.640000000000000235e-01,1.457179289838727243e+00,9.297033629063200522e-18,3.148949277478091946e-01
4.660000000000000253e-01,1.455876150657495316e+00,1.127570259384924611e-17,3.148426980717747292e-01
4.680000000000000271e-01,1.454564075403990131e+00,4.878909776184769953e-18,3.147901257343773129e-01
4.700000000000000289e-01,1.453242997473537912e+00,6.776263578034402713e-19,3.147372075288231152e-01
4.720000000000000306e-01,1.451912850044692505e+00,6.340549829966790926e-18,3.146839402112254214e-01
4.740000000000000324e-01,1.450573566092181466e+00,7.285838599102590105e-18,3.146303205001148573e-01
4.760000000000000342e-01,1.449225078393713062e+00,1.851817310605241697e-17,3.145763450759357371e-01
4.780000000000000360e-01,1.447867319541728648e+00,1.379105163401561671e-17,3.145220105805510702e-01
4.799999999999999822e-01,1.446500221953964882e+00,1.206513730069025480e-18,3.144673136167335792e-01
4.819999999999999840e-01,1.445123717883486592e+00,1.561251128379126423e-18,3.144122507476420081e-01
4.839999999999999858e-01,1.443737739430620337e+00,4.336808689942017977e-20,3.143568184963007606e-01
4.859999999999999876e-01,1.442342218555079825e+00,2.167049092255401987e-17,3.143010133450708232e-01
4.879999999999999893e-01,1.440937087086354040e+00,9.887923813067800746e-18,3.142448317351067000e-01
4.899999999999999911e-01,1.439522276737378093e+00,2.666459717956537467e-17,3.141882700658141236e-01
4.919999999999999929e-01,1.438097719116925077e+00,1.565587937069068464e-17,3.141313246942911697e-01
4.939999999999999947e-01,1.436663345742612563e+00,1.051676107310939301e-17,3.140739919347774189e-01
4.959999999999999964e-01,1.435219088054644487e+00,4.168757353206764857e-18,3.140162680580709242e-01
4.979999999999999982e-01,1.433764877428885143e+00,3.712371766061411008e-17,3.139581492909612193e-01
5.000000000000000000e-01,1.432300645192103872e+00,2.181414771040834798e-17,3.138996318156461740e-01
5.020000000000000018e-01,1.430826322636665537e+00,2.957161425454213344e-17,3.138407117691263126e-01
5.040000000000000036e-01,1.429341841034343474e+00,9.745622277929078289e-18,3.137813852426242778e-01
5.060000000000000053e-01,1.427847131653738444e+00,3.447762908503904177e-18,3.137216482809509488e-01
5.080000000000000071e-01,1.426342125773786051e+00,4.336808689942017736e-19,3.136614968819135818e-01
5.100000000000000089e-01,1.424826754702603893e+00,1.890848588814719795e-17,3.136009269956772649e-01
5.120000000000000107e-01,1.423300949792487557e+00,1.240327285323417134e-17,3.135399345241189351e-01
5.140000000000000124e-01,1.421764642457350902e+00,3.690624195140656847e-17,3.134785153202163110e-01
5.160000000000000142e-01,1.420217764191058052e+00,2.159730727591124709e-17,3.134166651873647735e-01
5.180000000000000160e-01,1.418660246583840490e+00,3.100818213308542681e-17,3.133543798787373214e-01
5.200000000000000178e-01,1.417092021342902797e+00,8.326672684688673745e-18,3.132916550966051705e-01
5.220000000000000195e-01,1.415513020309145276e+00,2.380907970778167675e-17,3.132284864916663469e-01
5.240000000000000213e-01,1.413923175477886929e+00,1.734723475976807094e-18,3.131648696623561268e-01
5.260000000000000231e-01,1.412322419017581154e+00,7.085261197192770860e-18,3.131008001541521479e-01
5.280000000000000249e-01,1.410710683291096501e+00,1.639313684798082581e-17,3.130362734588687523e-01
5.300000000000000266e-01,1.409087900874705923e+00,1.175275154974286868e-17,3.129712850139402258e-01
5.320000000000000284e-01,1.407454004580692697e+00,1.361757928641793507e-17,3.129058302017025395e-01
5.340000000000000302e-01,1.405808927477792736e+00,1.955900719163850061e-17,3.128399043486564390e-01
5.360000000000000320e-01,1.404152602913367076e+00,8.673617379884035472e-19,3.127735027247255384e-01
5.380000000000000338e-01,1.402484964535975820e+00,3.590877595271990562e-17,3.127066205425060308e-01
5.400000000000000355e-01,1.400805946317206008e+00,2.536490982529837500e-17,3.126392529565011902e-01
5.420000000000000373e-01,1.399115482576462455e+00,1.398078701420057844e-17,3.125713950623509874e-01
5.440000000000000391e-01,1.397413508002681937e+00,2.547875105340935420e-17,3.125030418960514367e-01
5.460000000000000409e-01,1.395699957679745751e+00,9.844555726168379953e-18,3.124341884331640617e-01
5.480000000000000426e-01,1.393974767110652380e+00,3.742665899419961183e-17,3.123648295880122050e-01
5.500000000000000444e-01,1.392237872242159114e+00,9.757819552369539906e-18,3.122949602128681779e-01
5.520000000000000462e-01,1.390489209489615519e+00,2.255140518769849300e-18,3.122245750971390232e-01
5.540000000000000480e-01,1.388728715764386834e+00,5.442694905877232567e-18,3.121536689665238562e-01
5.560000000000000497e-01,1.386956328497770841e+00,2.996463754206812879e-17,3.120822364821819739e-01
5.580000000000000515e-01,1.385171985669529704e+00,1.710871028182126120e-17,3.120102722398730988e-01
5.600000000000000533e-01,1.383375625833476619e+00,2.619432448724978651e-17,3.119377707690972890e-01
5.620000000000000551e-01,1.381567188145670144e+00,1.144917494144692621e-17,3.118647265322245232e-01
5.640000000000000568e-01,1.379746612391183902e+00,1.749902306391604218e-17,3.117911339236038581e-01
5.660000000000000586e-01,1.377913839013690023e+00,2.391749992503022720e-17,3.117169872686795240e-01
5.680000000000000604e-01,1.376068809142896754e+00,3.024381960148314495e-17,3.116422808230764341e-01
5.700000000000000622e-01,1.374211464623776635e+00,1.949395506128937096e-17,3.115670087716949088e-01
5.720000000000000639e-01,1.372341748045414533e+00,1.101549407245272443e-17,3.114911652277699283e-01
5.740000000000000657e-01,1.370459602771521901e+00,2.046973701652632495e-17,3.114147442319518122e-01
5.760000000000000675e-01,1.368564972969693372e+00,6.090505703937320850e-18,3.113377397513520939e-01
5.779999999999999583e-01,1.366657803641736280e+00,6.917209860457517981e-18,3.112601456785799581e-01
5.799999999999999600e-01,1.364738040654899009e+00,1.824712256293104086e-17,3.111819558307833411e-01
5.819999999999999618e-01,1.362805630772093934e+00,3.103562600057646738e-17,3.111031639486658840e-01
5.839999999999999636e-01,1.360860521683392221e+00,2.125442833886270693e-17,3.110237636954968354e-01
5.859999999999999654e-01,1.358902662038069309e+00,8.917562868693273970e-18,3.109437486561124064e-01
5.879999999999999671e-01,1.356932001476170768e+00,2.045347398393904176e-17,3.108631123359076875e-01
5.899999999999999689e-01,1.354948490660259353e+00,3.903127820947815962e-18,3.107818481598101368e-01
5.919999999999999707e-01,1.352952081308174570e+00,2.364644938190885109e-17,3.106999494712504584e-01
5.939999999999999725e-01,1.350942726226112001e+00,3.986069287142956805e-17,3.106174095311239891e-01
5.959999999999999742e-01,1.348920379340903253e+00,1.023486850826316247e-17,3.105342215167350428e-01
5.979999999999999760e-01,1.346884995733251600e+00,4.358492733391728133e-18,3.104503785207353705e-01
5.999999999999999778e-01,1.344836531671603552e+00,9.389190813724467782e-18,3.103658735500511856e-01
6.019999999999999796e-01,1.342774944644435919e+00,2.502338614096544357e-17,3.102806995248028055e-01
6.039999999999999813e-01,1.340700193396028084e+00,3.295974604355933325e-18,3.101948492772074184e-01
6.059999999999999831e-01,1.338612237958216156e+00,3.981190377366772158e-17,3.101083155504861244e-01
6.079999999999999849e-01,1.336511039685511548e+00,6.505213034913026363e-20,3.100210909977402784e-01
6.099999999999999867e-01,1.334396561289771910e+00,1.550409106654271341e-17,3.099331681808367156e-01
6.119999999999999885e-01,1.332268766873244914e+00,8.066464163292153605e-18,3.098445395692939752e-01
6.139999999999999902e-01,1.330127621964312112e+00,2.040061912803037219e-17,3.097551975390989698e-01
6.159999999999999920e-01,1.327973093550589567e+00,3.625572064791526581e-17,3.096651343716043114e-01
6.179999999999999938e-01,1.325805150114906183e+00,2.701831813833876926e-17,3.095743422523463129e-01
6.199999999999999956e-01,1.323623761669072252e+00,8.847089727481715565e-18,3.094828132698899115e-01
6.219999999999999973e-01,1.321428899788308797e+00,1.111307226797642045e-18,3.093905394146562182e-01
6.239999999999999991e-01,1.319220537647385783e+00,3.426078865054194011e-17,3.092975125777241430e-01
6.260000000000000009e-01,1.316998650053662345e+00,5.724271156857223288e-18,3.092037245496725983e-01
6.280000000000000027e-01,1.314763213482404325e+00,1.546072297964329261e-17,3.091091670193529817e-01
6.300000000000000044e-01,1.312514206111895732e+00,1.029992063861229212e-17,3.090138315727121721e-01
6.320000000000000062e-01,1.310251607857189526e+00,4.531965080989408226e-18,3.089177096915760590e-01
6.340000000000000080e-01,1.307975400405243960e+00,1.660997728247792670e-17,3.088207927524216911e-01
6.360000000000000098e-01,1.305685567249486922e+00,1.321913498802951250e-17,3.087230720251792349e-01
6.380000000000000115e-01,1.303382093723133295e+00,2.289834988289385241e-17,3.086245386720010697e-01
6.400000000000000133e-01,1.301064967034420761e+00,1.392115589471387755e-17,3.085251837460218360e-01
6.420000000000000151e-01,1.298734176300676779e+00,1.359589524296822622e-17,3.084249981901381332e-01
6.440000000000000169e-01,1.296389712581358822e+00,4.586175189613683448e-18,3.083239728357658471e-01
6.460000000000000187e-01,1.294031568912547669e+00,2.751705113768210377e-17,3.082220984016094678e-01
6.480000000000000204e-01,1.291659740340527662e+00,2.081668171172168513e-17,3.081193654924120895e-01
6.500000000000000222e-01,1.289274223954144816e+00,2.506675422786486128e-17,3.080157645977192882e-01
6.520000000000000240e-01,1.286875018919197089e+00,3.387047586844715605e-17,3.079112860906401128e-01
6.540000000000000258e-01,1.284462126510081958e+00,2.580401170515500630e-18,3.078059202265995276e-01
6.560000000000000275e-01,1.282035550143334035e+00,1.081999886822643253e-17,3.076996571420979598e-01
6.580000000000000293e-01,1.279595295409503564e+00,1.144917494144692621e-17,3.075924868534817280e-01
6.600000000000000311e-01,1.277141370104530438e+00,2.962040335230397990e-17,3.074843992556981487e-01
6.620000000000000329e-01,1.274673784262919440e+00,4.243567303108264108e-17,3.073753841210666304e-01
6.640000000000000346e-01,1.272192550187405402e+00,2.830309771273409448e-17,3.072654310980578174e-01
6.660000000000000364e-01,1.269697682481019996e+00,9.887923813067800746e-18,3.071545297100701233e-01
6.680000000000000382e-01,1.267189198077577572e+00,8.673617379884035472e-19,3.070426693542147034e-01
6.700000000000000400e-01,1.264667116271471770e+00,1.658829323902821784e-17,3.069298393001173575e-01
6.720000000000000417e-01,1.262131458748086743e+00,4.943961906533900373e-18,3.068160286887174903e-01
6.740000000000000435e-01,1.259582249613139027e+00,4.943961906533900373e-18,3.067012265310989916e-01
6.760000000000000453e-01,1.257019515421191613e+00,1.319474043914858927e-17,3.065854217073041843e-01
6.780000000000000471e-01,1.254443285205400826e+00,4.332471881252075965e-17,3.064686029651903509e-01
6.800000000000000488e-01,1.251853590504637737e+00,4.581296279837499109e-17,3.063507589192867031e-01
6.820000000000000506e-01,1.249250465392041320e+00,3.323486234482753401e-17,3.062318780496703918e-01
6.840000000000000524e-01,1.246633946501418677e+00,3.562146237701124941e-17,3.061119487008680529e-01
6.860000000000000542e-01,1.244004073054952642e+00,1.195332895165268638e-17,3.059909590807750046e-01
6.880000000000000560e-01,1.241360886889388837e+00,6.972123006428014826e-17,3.058688972595917654e-01
6.900000000000000577e-01,1.238704432481419815e+00,6.375108774214765764e-18,3.057457511687994844e-01
6.920000000000000595e-01,1.236034756973683812e+00,4.856869978897213305e-17,3.056215086001511927e-01
6.940000000000000613e-01,1.233351910199232293e+00,1.075528555105620429e-17,3.054961572046906437e-01
6.960000000000000631e-01,1.230655944706011695e+00,4.279888075886528907e-18,3.053696844918204478e-01
6.980000000000000648e-01,1.227946915781238602e+00,2.878556767949014272e-17,3.052420778283874148e-01
7.000000000000000666e-01,1.225224881473845784e+00,1.660997728247792670e-17,3.051133244378139708e-01
7.020000000000000684e-01,1.222489902618246305e+00,1.611666529399702403e-17,3.049834113992575535e-01
7.039999999999999591e-01,1.219742042856335473e+00,1.431146867680865776e-18,3.048523256468309572e-01
7.059999999999999609e-01,1.216981368659201479e+00,5.285485590866833995e-20,3.047200539688640353e-01
7.079999999999999627e-01,1.214207949348800497e+00,2.805915222392485598e-17,3.045865830071988190e-01
7.099999999999999645e-01,1.211421857118612166e+00,2.061068329894943867e-17,3.044518992565524718e-01
7.119999999999999662e-01,1.208623167053922032e+00,2.168404344971008868e-18,3.043159890639367537e-01
7.139999999999999680e-01,1.205811957151823322e+00,4.617617052615763138e-17,3.041788386281194523e-01
7.159999999999999698e-01,1.202988308340305679e+00,9.215718466126787689e-18,3.040404339991786831e-01
7.179999999999999716e-01,1.200152304497066780e+00,1.921206249644313734e-17,3.039007610780883883e-01
7.199999999999999734e-01,1.197304032468423429e+00,1.830133267155531608e-17,3.037598056164113602e-01
7.219999999999999751e-01,1.194443582086275768e+00,3.391384395534657993e-17,3.036175532160341750e-01
7.239999999999999769e-01,1.191571046186009397e+00,2.177077962350893027e-17,3.034739893290077650e-01
7.259999999999999787e-01,1.188686520623384979e+00,4.649058915617843136e-17,3.033290992574638190e-01
7.279999999999999805e-01,1.185790104290475711e+00,1.715207836872067891e-17,3.031828681536113956e-01
7.299999999999999822e-01,1.182881899132812720e+00,1.613182718375287415e-17,3.030352810198508329e-01
7.319999999999999840e-01,1.179962010163166042e+00,1.986258379993444000e-17,3.028863227089608756e-01
7.339999999999999858e-01,1.177030545478309875e+00,4.211041237933698975e-17,3.027359779244139792e-01
7.359999999999999876e-01,1.174087616272824874e+00,1.942890293094023822e-17,3.025842312207893126e-01
7.379999999999999893e-01,1.171133336853429796e+00,4.172823111353585190e-17,3.024310670043183213e-01
7.399999999999999911e-01,1.168167824653608022e+00,2.026373860375407849e-17,3.022764695335284357e-01
7.419999999999999929e-01,1.165191200245850212e+00,4.132436580428499904e-17,3.021204229200539770e-01
7.439999999999999947e-01,1.162203587355385537e+00,5.963111948670274387e-18,3.019629111295507595e-01
7.459999999999999964e-01,1.159205112874616361e+00,1.352000109089424060e-17,3.018039179827779472e-01
7.479999999999999982e-01,1.156195906872326873e+00,3.191891195797324807e-17,3.016434271568179115e-01
7.500000000000000000e-01,1.153176102608245657e+00,3.881443777498105566e-18,3.014814221864710597e-01
7.520000000000000018e-01,1.150145836544957945e+00,2.229119666630197055e-17,3.013178864658049294e-01
7.540000000000000036e-01,1.147105248357753737e+00,4.423544863740857783e-18,3.011528032498886343e-01
7.560000000000000053e-01,1.144054480947950481e+00,1.993305694114599840e-17,3.009861556567142715e-01
7.580000000000000071e-01,1.140993680452943693e+00,7.377995783763857673e-17,3.008179266693071785e-01
7.600000000000000089e-01,1.137922996256335750e+00,5.204170427930421283e-18,3.006480991380433565e-01
7.620000000000000107e-01,1.134842581000579997e+00,4.276093368282829241e-17,3.004766557831860530e-01
7.640000000000000124e-01,1.131752590596395436e+00,3.486552782323414538e-17,3.003035791976407243e-01
7.660000000000000142e-01,1.128653184232341289e+00,4.145989107584568709e-17,3.001288518499434232e-01
7.680000000000000160e-01,1.125544524386139500e+00,4.557985933129060394e-17,2.999524560875132528e-01
7.700000000000000178e-01,1.122426776834149820e+00,1.247916700530815542e-17,2.997743741401388551e-01
7.720000000000000195e-01,1.119300110662216241e+00,6.505213034913026604e-18,2.995945881237562780e-01
7.740000000000000213e-01,1.116164698274179301e+00,1.066854937725736425e-17,2.994130800444922413e-01
7.760000000000000231e-01,1.113020715402420535e+00,8.760353553682875519e-18,2.992298318030235382e-01
7.780000000000000249e-01,1.109868341117937973e+00,9.627715291671279066e-18,2.990448251992257611e-01
7.800000000000000266e-01,1.106707757839526352e+00,5.503410227536420754e-17,2.988580419371562047e-01
7.820000000000000284e-01,1.103539151344364200e+00,1.678344963007560987e-17,2.986694636303835471e-01
7.840000000000000302e-01,1.100362710776398245e+00,4.423544863740857783e-18,2.984790718076420490e-01
7.860000000000000320e-01,1.097178628657982102e+00,4.592680402648597029e-17,2.982868479188841015e-01
7.880000000000000338e-01,1.093987100897933828e+00,5.515878552520003808e-18,2.980927733417093051e-01
7.900000000000000355e-01,1.090788326803121322e+00,4.163336342344336873e-18,2.978968293881836260e-01
7.920000000000000373e-01,1.087582509087305027e+00,3.285132582631078435e-17,2.976989973120898192e-01
7.940000000000000391e-01,1.084369853882357404e+00,1.517883041479706208e-17,2.974992583166026772e-01
7.960000000000000409e-01,1.081150570747546169e+00,3.832654679736258174e-17,2.972975935624372901e-01
7.980000000000000426e-01,1.077924872681183643e+00,7.719519468096791878e-18,2.970939841764542177e-01
8.000000000000000444e-01,1.074692976130034339e+00,2.449212707644754578e-17,2.968884112607647063e-01
8.020000000000000462e-01,1.071455101001387078e+00,1.749902306391604218e-17,2.966808559023471070e-01
8.040000000000000480e-01,1.068211470672991936e+00,1.097212598555330518e-17,2.964712991832133548e-01
8.060000000000000497e-01,1.064962312005050649e+00,4.553649124439118623e-18,2.962597221911060785e-01
8.080000000000000515e-01,1.061707855351684771e+00,7.643625316022806260e-18,2.960461060307970071e-01
8.100000000000000533e-01,1.058448334571849614e+00,5.290906601729261330e-18,2.958304318359815666e-01
8.120000000000000551e-01,1.055183987042408233e+00,3.122504010381151629e-17,2.956126807817854862e-01
8.140000000000000568e-01,1.051915053669972622e+00,2.684484579074108917e-17,2.953928340979528055e-01
8.160000000000000586e-01,1.048641778902819510e+00,4.857225732735059864e-17,2.951708730826670402e-01
8.180000000000000604e-01,1.045364410744692663e+00,5.746271514173173308e-19,2.949467791171165310e-01
8.200000000000000622e-01,1.042083200766825257e+00,1.386614110478971090e-18,2.947205336807590670e-01
8.220000000000000639e-01,1.038798404122246666e+00,2.090341788552052672e-17,2.944921183673463450e-01
8.240000000000000657e-01,1.035510279559122893e+00,1.218643241873707045e-17,2.942615149017405174e-01
8.260000000000000675e-01,1.032219089434423864e+00,3.536125385561472465e-17,2.940287051575266042e-01
8.280000000000000693e-01,1.028925099728400738e+00,1.639313684798082581e-17,2.937936711754833841e-01
8.300000000000000711e-01,1.025628580059414929e+00,1.661743117241376700e-17,2.935563951829098794e-01
8.320000000000000728e-01,1.022329803698447392e+00,1.491862189340054040e-17,2.933168596138573947e-01
8.339999999999999636e-01,1.019029047584165681e+00,3.295974604355933325e-18,2.930750471302946969e-01
8.359999999999999654e-01,1.015726592338854317e+00,1.301042606982605321e-18,2.928309406442356488e-01
8.379999999999999671e-01,1.012422722283609744e+00,1.027823659516258173e-17,2.925845233408639889e-01
8.399999999999999689e-01,1.009117725455023873e+00,5.548946718780811817e-17,2.923357787026775179e-01
8.419999999999999707e-01,1.005811893620240483e+00,3.100005061679178676e-17,2.920846905347252442e-01
8.439999999999999725e-01,1.002505522294693918e+00,2.437286483747414091e-17,2.918312429908881400e-01
8.459999999999999742e-01,9.991989107584693386e-01,3.122502256758252847e-18,2.915754206013411731e-01
8.479999999999999760e-01,9.958923620724391412e-01,8.670398654684469747e-18,2.913172083011615898e-01
8.499999999999999778e-01,9.925861830968223387e-01,1.387778780781445676e-17,2.910565914601219162e-01
8.519999999999999796e-01,9.892806845071291377e-01,4.228388472693467196e-19,2.907935559137578285e-01
8.539999999999999813e-01,9.859761808125604432e-01,2.183447650114245119e-17,2.905280879956467222e-01
8.559999999999999831e-01,9.826729903730360149e-01,2.020952849512980327e-17,2.902601745710733927e-01
8.579999999999999849e-01,9.793714354167519787e-01,8.586881206085195425e-18,2.899898030719656461e-01
8.599999999999999867e-01,9.760718420586691479e-01,6.071532165918824830e-18,2.897169615332497727e-01
8.619999999999999885e-01,9.727745403169691940e-01,2.038300084272748336e-17,2.894416386306094546e-01
8.639999999999999902e-01,9.694798641319586352e-01,2.107689023311820681e-17,2.891638237197026728e-01
8.659999999999999920e-01,9.661881513829015944e-01,3.295974604355933325e-18,2.888835068768379477e-01
8.679999999999999938e-01,9.628997439058686325e-01,2.341876692568689577e-17,2.886006789412030593e-01
8.699999999999999956e-01,9.596149875109922789e-01,1.056012916000881380e-17,2.883153315586284293e-01
8.719999999999999973e-01,9.563342320002554686e-01,2.263814136149733381e-17,2.880274572269443389e-01
8.739999999999999991e-01,9.530578311825408377e-01,1.014813233446432089e-17,2.877370493429453058e-01
8.760000000000000009e-01,9.497861428930676198e-01,3.087807787238716751e-17,2.874441022510165200e-01
8.780000000000000027e-01,9.465195290069061684e-01,1.092875789865388439e-17,2.871486112934331647e-01
8.800000000000000044e-01,9.432583554561375649e-01,3.163701939312702062e-17,2.868505728623795270e-01
8.820000000000000062e-01,9.400029922451729192e-01,7.372574772901430151e-18,2.865499844536724128e-01
8.840000000000000080e-01,9.367538134652590998e-01,5.248622717002327212e-17,2.862468447222785151e-01
8.860000000000000098e-01,9.335111973079506242e-01,3.673276960380889146e-17,2.859411535395851578e-01
8.880000000000000115e-01,9.302755260794235426e-01,2.168404344971008868e-17,2.856329120524936371e-01
8.900000000000000133e-01,9.270471862121887341e-01,1.517883041479706208e-17,2.853221227443042962e-01
8.920000000000000151e-01,9.238265682770894216e-01,8.153200337090993652e-18,2.850087894974501768e-01
8.940000000000000169e-01,9.206140669938811527e-01,7.350890729451719754e-18,2.846929176580793031e-01
8.960000000000000187e-01,9.174100812409342609e-01,7.307522642552300502e-18,2.843745141024536238e-01
8.980000000000000204e-01,9.142150140637390621e-01,1.409462824231155764e-17,2.840535873052386084e-01
9.000000000000000222e-01,9.110292726808246755e-01,4.692969103603506189e-17,2.837301474096080578e-01
9.020000000000000240e-01,9.078532684917384188e-01,5.954980432376633104e-17,2.834042062992101485e-01
9.040000000000000258e-01,9.046874170790140113e-01,2.116904741777947407e-17,2.830757776719517449e-01
9.060000000000000275e-01,9.015321382127936545e-01,1.032160468206200252e-17,2.827448771156252372e-01
9.080000000000000293e-01,8.983878558500997258e-01,4.145989107584568709e-17,2.824115221852614988e-01
9.100000000000000311e-01,8.952549981350799158e-01,2.087089182034596035e-18,2.820757324823092715e-01
9.120000000000000329e-01,8.921339973960442649e-01,3.825200789800420331e-18,2.817375297355033115e-01
9.140000000000000346e-01,8.890252901397559526e-01,3.408460579751304372e-19,2.813969378833990342e-01
9.160000000000000364e-01,8.859293170455764255e-01,9.194034422677077292e-18,2.810539831585467385e-01
9.180000000000000382e-01,8.828465229549635751e-01,1.023486850826316247e-17,2.807086941732202523e-01
9.200000000000000400e-01,8.797773568595061988e-01,4.857225732735059556e-18,2.803611020066373305e-01
9.220000000000000417e-01,8.767222718872460518e-01,2.428612866367529778e-18,2.800112402935768796e-01
9.240000000000000435e-01,8.736817252844346626e-01,6.067737458315125318e-17,2.796591453143381645e-01
9.260000000000000453e-01,8.706561783951549671e-01,1.769417945496343113e-17,2.793048560858710783e-01
9.280000000000000471e-01,8.676460966388610530e-01,2.046973701652632495e-17,2.789484144540592681e-01
9.300000000000000488e-01,8.646519494826065966e-01,6.505213034913026604e-19,2.785898651869384568e-01
9.320000000000000506e-01,8.616742104113406242e-01,1.000718605204120562e-17,2.782292560687614769e-01
9.340000000000000524e-01,8.587133568949560924e-01,2.080948193167002358e-18,2.778666379947677401e-01
9.360000000000000542e-01,8.557698703502829574e-01,8.239936510889833698e-18,2.775020650664333788e-01
9.380000000000000560e-01,8.528442361000045935e-01,1.366094737331735587e-17,2.771355946870830422e-01
9.400000000000000577e-01,8.499369433272292440e-01,9.714451465470119112e-18,2.767672876576463548e-01
9.420000000000000595e-01,8.470484850264945464e-01,6.938893903907228378e-18,2.763972082723256118e-01
9.440000000000000613e-01,8.441793579490699528e-01,2.415602440297704002e-17,2.760254244139902502e-01
9.460000000000000631e-01,8.413300625454027681e-01,5.377642775528102147e-18,2.756520076489999416e-01
9.480000000000000648e-01,8.385011029010698280e-01,2.356310133989902978e-17,2.752770333212523068e-01
9.500000000000000666e-01,8.356929866691125142e-01,2.428612866367529932e-17,2.749005806451393918e-01
9.520000000000000684e-01,8.329062249960443864e-01,9.053088140253961639e-19,2.745227327971243581e-01
9.540000000000000702e-01,8.301413324446471620e-01,1.526556658859590366e-17,2.741435770056106502e-01
9.560000000000000719e-01,8.273988269083218938e-01,8.673617379884035954e-20,2.737632046388199791e-01
9.580000000000000737e-01,8.246792295225731095e-01,9.020562075079397199e-18,2.733817112902496849e-01
9.599999999999999645e-01,8.219830645696113436e-01,3.157196726277788789e-17,2.729991968614142173e-01
9.619999999999999662e-01,8.193108593765892067e-01,6.765421556309547514e-18,2.726157656414134878e-01
9.639999999999999680e-01,8.166631442081886405e-01,1.455134840747107700e-17,2.722315263829818699e-01
9.659999999999999698e-01,8.140404521528949999e-01,7.513521055324545420e-18,2.718465923745420620e-01
9.679999999999999716e-01,8.114433190036898225e-01,2.220446049250313204e-17,2.714610815078432604e-01
9.699999999999999734e-01,8.088722831300252381e-01,1.422473250300981694e-17,2.710751163407272846e-01
9.719999999999999751e-01,8.063278853447570782e-01,4.150325916274511097e-17,2.706888241545127305e-01
9.739999999999999769e-01,8.038106687648429727e-01,6.765421556309547514e-18,2.703023370055288033e-01
9.759999999999999787e-01,8.013211786628708921e-01,0.000000000000000000e+00,2.699157917703037812e-01
9.779999999999999805e-01,7.988599623133225691e-01,7.199102425303750058e-18,2.695293301838218580e-01
9.799999999999999822e-01,7.964275688309356838e-01,5.132342034003256614e-17,2.691430988703621963e-01
9.819999999999999840e-01,7.940245490016266672e-01,1.075528555105620429e-17,2.687572493663901718e-01
9.839999999999999858e-01,7.916514551066633487e-01,9.020562075079397199e-18,2.683719381348730892e-01
9.859999999999999876e-01,7.893088407385526750e-01,2.203098814490544887e-17,2.679873265705026153e-01
9.879999999999999893e-01,7.869972606104589374e-01,1.700029006457271076e-17,2.676035809952738154e-01
9.899999999999999911e-01,7.847172703561540175e-01,1.262011328773127223e-17,2.672208726437731441e-01
9.919999999999999929e-01,7.824694263248268555e-01,9.367506770274758926e-18,2.668393776376978277e-01
9.939999999999999947e-01,7.802542853670075829e-01,4.510281037539698600e-18,2.664592769489345092e-01
9.959999999999999964e-01,7.780724046115992110e-01,2.463307335887065951e-17,2.660807563507410212e-01
9.979999999999999982e-01,7.759243412384861927e-01,6.331740687315345741e-18,2.657040063563611554e-01
1.000000000000000000e+00,7.738106522400975962e-01,2.740863092043355332e-17,2.653292221446514887e-01
1.002000000000000002e+00,7.717318941777477903e-01,3.868433351428279944e-17,2.649566034720409191e-01
1.004000000000000004e+00,7.696886229301327376e-01,2.636779683484746660e-17,2.645863545705073316e-01
1.006000000000000005e+00,7.676813934335093847e-01,6.591949208711866651e-18,2.642186840309158069e-01
1.008000000000000007e+00,7.657107594158567565e-01,7.285838599102590105e-18,2.638538046713753693e-01
1.010000000000000009e+00,7.637772731230718648e-01,3.989863994746656009e-18,2.634919333901435401e-01
1.012000000000000011e+00,7.618814850391615323e-01,4.106957829375090919e-17,2.631332910027229799e-01
1.014000000000000012e+00,7.600239435980356006e-01,2.324529457808921568e-17,2.627781020628083275e-01
1.016000000000000014e+00,7.582051948914241279e-01,2.740863092043355332e-17,2.624265946668133953e-01
1.018000000000000016e+00,7.564257823683107063e-01,1.214306433183764889e-18,2.620790002416830133e-01
1.020000000000000018e+00,7.546862465282870858e-01,1.630640067418198730e-17,2.617355533158880476e-01
1.022000000000000020e+00,7.529871246111312644e-01,1.517883041479706208e-17,2.613964912734710322e-01
1.024000000000000021e+00,7.513289502793334407e-01,8.673617379884035954e-20,2.610620540910351672e-01
1.026000000000000023e+00,7.497122532963977903e-01,4.189357194483988886e-17,2.607324840578068015e-01
1.028000000000000025e+00,7.481375591992538432e-01,1.010476424756490163e-17,2.604080254787873305e-01
1.030000000000000027e+00,7.466053889687174205e-01,2.364102837104642542e-17,2.600889243612360402e-01
1.032000000000000028e+00,7.451162586930024645e-01,1.929879867024197893e-17,2.597754280847238695e-01
1.034000000000000030e+00,7.436706792305471936e-01,1.275021754842953153e-17,2.594677850551423415e-01
1.036000000000000032e+00,7.422691558687048996e-01,9.107298248878237631e-19,2.591662443430986507e-01
1.038000000000000034e+00,7.409121879799371868e-01,1.040834085586084257e-17,2.588710553072759990e-01
1.040000000000000036e+00,7.396002686759928224e-01,3.157196726277788789e-17,2.585824672033631977e-01
1.042000000000000037e+00,7.383338844614542040e-01,1.804070063368516725e-17,2.583007287793572804e-01
1.044000000000000039e+00,7.371135148853973362e-01,3.504141421473150207e-17,2.580260878580240558e-01
1.046000000000000041e+00,7.359396321944551289e-01,6.245004513516505694e-18,2.577587909075042538e-01
1.048000000000000043e+00,7.348127009843601343e-01,1.488609582822597711e-17,2.574990826011062106e-01
1.050000000000000044e+00,7.337331778532849569e-01,4.265251346557974197e-17,2.572472053673975911e-01
1.052000000000000046e+00,7.327015110580070711e-01,1.908195823574487804e-17,2.570033989319051027e-01
1.054000000000000048e+00,7.317181401703365395e-01,1.040834085586084218e-18,2.567678998516804145e-01
1.056000000000000050e+00,7.307834957381444951e-01,3.027092465579528256e-17,2.565409410442076044e-01
1.058000000000000052e+00,7.298979989488927345e-01,3.884967434558683640e-17,2.563227513121508205e-01
1.060000000000000053e+00,7.290620612982436910e-01,1.387778780781445753e-18,2.561135548655171790e-01
1.062000000000000055e+00,7.282760842640598753e-01,1.604619215278546562e-17,2.559135708429289280e-01
1.064000000000000057e+00,7.275404589848157855e-01,6.393540211147020140e-17,2.557230128336652197e-01
1.066000000000000059e+00,7.268555659456552576e-01,1.561251128379126423e-18,2.555420884023445471e-01
1.068000000000000060e+00,7.262217746710284416e-01,1.734723475976807094e-18,2.553709986180006664e-01
1.070000000000000062e+00,7.256394434253756742e-01,8.326206816567684496e-18,2.552099375894489874e-01
1.072000000000000064e+00,7.251089189217694297e-01,1.386910572010510018e-18,2.550590920088410818e-01
1.074000000000000066e+00,7.246305360412854668e-01,7.632783294297951832e-18,2.549186407052945191e-01
1.076000000000000068e+00,7.242046175590317603e-01,1.387778780781445753e-18,2.547887542105161662e-01
1.078000000000000069e+00,7.238314738857312136e-01,1.528182962118318376e-17,2.546695943383208149e-01
1.080000000000000071e+00,7.235114028145552822e-01,1.491862189340054040e-17,2.545613137799009884e-01
1.082000000000000073e+00,7.232446892844706099e-01,5.412337245047638011e-17,2.544640557167223704e-01
1.084000000000000075e+00,7.230316051531211485e-01,3.469446951953614381e-19,2.543779534527876862e-01
1.086000000000000076e+00,7.228724089840525835e-01,1.665334536937734749e-17,2.543031300680509976e-01
1.088000000000000078e+00,7.227673458461509881e-01,1.804112415015879440e-17,2.542396980945881291e-01
1.090000000000000080e+00,7.227166471285215721e-01,3.816391647148975916e-18,2.541877592171092881e-01
1.092000000000000082e+00,7.227205303682069371e-01,2.493664996716660198e-18,2.541474039992997480e-01
1.094000000000000083e+00,7.227791990938214894e-01,2.203098814490544887e-17,2.541187116373035404e-01
1.096000000000000085e+00,7.228928426836027654e-01,2.567390744445674623e-17,2.541017497416124815e-01
1.098000000000000087e+00,7.230616362400255070e-01,1.040834085586084218e-18,2.540965741484575435e-01
1.100000000000000089e+00,7.232857404793229250e-01,1.387778780781445753e-18,2.541032287616469820e-01
1.102000000000000091e+00,7.235653016379295366e-01,1.700029006457271076e-17,2.541217454256896602e-01
1.104000000000000092e+00,7.239004513944209407e-01,7.806255641895631925e-18,2.541521438308279590e-01
1.106000000000000094e+00,7.242913068099845475e-01,3.469446951953614189e-18,2.541944314505054092e-01
1.108000000000000096e+00,7.247379702826037828e-01,1.726049858596922936e-17,2.542486035115764653e-01
1.110000000000000098e+00,7.252405295208745883e-01,4.232725281383409064e-17,2.543146429974353362e-01
1.112000000000000099e+00,7.257990575334964944e-01,2.813504637599884006e-17,2.543925206840321196e-01
1.114000000000000101e+00,7.264136126355751344e-01,1.734723475976807191e-19,2.544821952086433470e-01
1.116000000000000103e+00,7.270842384719067297e-01,1.214306433183764966e-17,2.545836131710003669e-01
1.118000000000000105e+00,7.278109640573795502e-01,1.769417945496343113e-17,2.546967092663057763e-01
1.120000000000000107e+00,7.285938038335899591e-01,1.377478860142833353e-17,2.548214064494395137e-01
1.122000000000000108e+00,7.294327577419181807e-01,3.582203977892106403e-17,2.549576161295605270e-01
1.124000000000000110e+00,7.303278113129998417e-01,6.982261990806649171e-18,2.551052383940893287e-01
1.126000000000000112e+00,7.312789357720426153e-01,1.179611963664228793e-17,2.552641622610035688e-01
1.128000000000000114e+00,7.322860881598849403e-01,6.938893903907228763e-19,2.554342659581504971e-01
1.130000000000000115e+00,7.333492114694060149e-01,1.587271980518778553e-17,2.556154172282819603e-01
1.132000000000000117e+00,7.344682347961537516e-01,1.296705798292663241e-17,2.558074736582397479e-01
1.134000000000000119e+00,7.356430735045691449e-01,3.469446951953614189e-18,2.560102830308179644e-01
1.136000000000000121e+00,7.368736294074693660e-01,1.040834085586084257e-17,2.562236836975669840e-01
1.138000000000000123e+00,7.381597909595107865e-01,1.873501354054951785e-17,2.564475049708207499e-01
1.140000000000000124e+00,7.395014334625926722e-01,5.724587470723463103e-18,2.566815675332008717e-01
1.142000000000000126e+00,7.408984192855037065e-01,2.766883944183007192e-17,2.569256838626815531e-01
1.144000000000000128e+00,7.423505980941094151e-01,7.632783294297951832e-18,2.571796586713740451e-01
1.146000000000000130e+00,7.438578070929757757e-01,2.463307335887065951e-17,2.574432893561364732e-01
1.148000000000000131e+00,7.454198712779884772e-01,1.380731466660289835e-17,2.577163664590781944e-01
1.150000000000000133e+00,7.470366036996871628e-01,2.359359452600018460e-17,2.579986741360729141e-01
1.152000000000000135e+00,7.487078057338010240e-01,3.474596912272920581e-17,2.582899906313752547e-01
1.153999999999999915e+00,7.504332673635296658e-01,1.353084311261909503e-17,2.585900887564749895e-01
1.155999999999999917e+00,7.522127674671530428e-01,4.649058915617843136e-17,2.588987363713892154e-01
1.157999999999999918e+00,7.540460741146972623e-01,2.080583968999683070e-17,2.592156968665617067e-01
1.159999999999999920e+00,7.559329448714642297e-01,2.567390744445674623e-17,2.595407296437035050e-01
1.161999999999999922e+00,7.578731271056433627e-01,3.287300986976049321e-17,2.598735905938841517e-01
1.163999999999999924e+00,7.598663583042046810e-01,1.457167719820518021e-17,2.602140325712772873e-01
1.165999999999999925e+00,7.619123663905504884e-01,8.413408858487513792e-18,2.605618058611065546e-01
1.167999999999999927e+00,7.640108700489385285e-01,6.938893903907228763e-19,2.609166586402900667e-01
1.169999999999999929e+00,7.661615790495694966e-01,2.732189474663471097e-18,2.612783374295490901e-01
1.171999999999999931e+00,7.683641945789823069e-01,2.237793284010081213e-17,2.616465875356649984e-01
1.173999999999999932e+00,7.706184095705665982e-01,4.510281037539698600e-18,2.620211534827447397e-01
1.175999999999999934e+00,7.729239090377078014e-01,8.326672684688673745e-18,2.624017794315443020e-01
1.177999999999999936e+00,7.752803704067545709e-01,1.960237527853792140e-17,2.627882095857722589e-01
1.179999999999999938e+00,7.776874638522350836e-01,9.020562075079397199e-18,2.631801885846536959e-01
1.181999999999999940e+00,7.801448526279699536e-01,5.570427474323180442e-18,2.635774618809061387e-01
1.183999999999999941e+00,7.826521934026509086e-01,2.081668171172168436e-18,2.639797761035972412e-01
1.185999999999999943e+00,7.852091365890885299e-01,9.714451465470119112e-18,2.643868794051951188e-01
1.187999999999999945e+00,7.878153266735985483e-01,8.326672684688673745e-18,2.647985217925402091e-01
1.189999999999999947e+00,7.904704025449369453e-01,1.717376241217039085e-17,2.652144554411953736e-01
1.191999999999999948e+00,7.931739978157992255e-01,2.649790109554572898e-17,2.656344349930294113e-01
1.193999999999999950e+00,7.959257411453677378e-01,1.734723475976807094e-18,2.660582178368162687e-01
1.195999999999999952e+00,7.987252565560076789e-01,3.584372382237077905e-17,2.664855643717261025e-01
1.197999999999999954e+00,8.015721637459876092e-01,2.220446049250313204e-17,2.669162382536983680e-01
1.199999999999999956e+00,8.044660783985833064e-01,7.147060721024445722e-17,2.673500066247622708e-01
1.201999999999999957e+00,8.074066124849927917e-01,4.770489558936219510e-18,2.677866403253747474e-01
1.203999999999999959e+00,8.103933745638869368e-01,2.428612866367529932e-17,2.682259140899954097e-01
1.205999999999999961e+00,8.134259700733643683e-01,1.179611963664228793e-17,2.686676067261238310e-01
1.207999999999999963e+00,8.165040016196769557e-01,3.885780429023731383e-17,2.691115012770617376e-01
1.209999999999999964e+00,8.196270692577911632e-01,1.075528555105620429e-17,2.695573851687672051e-01
1.211999999999999966e+00,8.227947707675014044e-01,2.498001805406602278e-17,2.700050503412100844e-01
1.213999999999999968e+00,8.260067019218446660e-01,1.283695372222837311e-17,2.704542933645169844e-01
1.215999999999999970e+00,8.292624567498130261e-01,3.777360368939497202e-17,2.709049155405693354e-01
1.217999999999999972e+00,8.325616277923870712e-01,1.630640067418198730e-17,2.713567229903147138e-01
1.219999999999999973e+00,8.359038063511690098e-01,1.604619215278546562e-17,2.718095267274798776e-01
1.221999999999999975e+00,8.392885827305640589e-01,8.326672684688673745e-18,2.722631427190707054e-01
1.223999999999999977e+00,8.427155464729594314e-01,3.046608104684267460e-17,2.727173919333401586e-01
1.225999999999999979e+00,8.461842865867765795e-01,2.380907970778167675e-17,2.731721003756295563e-01
1.227999999999999980e+00,8.496943917672261648e-01,2.237793284010081213e-17,2.736270991127944252e-01
1.229999999999999982e+00,8.532454506096840419e-01,2.550043509685906306e-17,2.740822242866967073e-01
1.231999999999999984e+00,8.568370518166261718e-01,1.561251128379126423e-18,2.745373171173550175e-01
1.233999999999999986e+00,8.604687843968505945e-01,2.220429108591368056e-17,2.749922238963593557e-01
1.235999999999999988e+00,8.641402378574092324e-01,1.662624031506520988e-17,2.754467959710831249e-01
1.237999999999999989e+00,8.678510023886403246e-01,1.353084311261909503e-17,2.759008897202905874e-01
1.239999999999999991e+00,8.716006690425217585e-01,1.693523793422357803e-17,2.763543665216784961e-01
1.241999999999999993e+00,8.753888299025192055e-01,1.214306433183764966e-17,2.768070927119145042e-01
1.243999999999999995e+00,8.792150782484462468e-01,6.938893903907228763e-19,2.772589395397100365e-01
1.245999999999999996e+00,8.830790087128832511e-01,2.706168622523819006e-17,2.777097831124615279e-01
1.247999999999999998e+00,8.869802174309207032e-01,9.280770596475917339e-18,2.781595043369443632e-01
1.250000000000000000e+00,8.909183021843105621e-01,6.015153652949578107e-17,2.786079888546116323e-01
1.252000000000000002e+00,8.948928625375920376e-01,3.729655473350135099e-18,2.790551269719226957e-01
1.254000000000000004e+00,8.989034999684051286e-01,2.532696274926138296e-17,2.795008135862079857e-01
1.256000000000000005e+00,9.029498179916828349e-01,1.687018580387444838e-17,2.799449481074924861e-01
1.258000000000000007e+00,9.070314222760487155e-01,1.439820485060750012e-17,2.803874343767392974e-01
1.260000000000000009e+00,9.111479207568997651e-01,1.665876638023977624e-17,2.808281805808729992e-01
1.262000000000000011e+00,9.152989237400177558e-01,1.526556658859590366e-17,2.812670991650486618e-01
1.264000000000000012e+00,9.194840440021714301e-01,2.463307335887065951e-17,2.817041067424578826e-01
1.266000000000000014e+00,9.237028968841549670e-01,3.530162273612802684e-17,2.821391240021156044e-01
1.268000000000000016e+00,9.279551003792931851e-01,2.532696274926138296e-17,2.825720756148800139e-01
1.270000000000000018e+00,9.322402752160492412e-01,8.673617379884035472e-18,2.830028901380858275e-01
1.272000000000000020e+00,9.365580449348023251e-01,2.949029909160572061e-17,2.834314999190725715e-01
1.274000000000000021e+00,9.409080359613426481e-01,1.595945597898662404e-17,2.838578409978726458e-01
1.276000000000000023e+00,9.452898776721987417e-01,3.209238430557093279e-18,2.842818530093427221e-01
1.278000000000000025e+00,9.497032024591689492e-01,9.714451465470119112e-18,2.847034790850062613e-01
1.280000000000000027e+00,9.541476457847544168e-01,1.006139616066548084e-17,2.851226657547721310e-01
1.282000000000000028e+00,9.586228462374108972e-01,3.217912047936977283e-17,2.855393628488213098e-01
1.284000000000000030e+00,9.631284455778796882e-01,3.278627369596165162e-17,2.859535233998065085e-01
1.286000000000000032e+00,9.676640887861402973e-01,7.979727989493312018e-18,2.863651035455848648e-01
1.288000000000000034e+00,9.722294241000071224e-01,2.673642557349253873e-17,2.867740624326022281e-01
1.290000000000000036e+00,9.768241030518574064e-01,4.322714061699706055e-17,2.871803621201529655e-01
1.292000000000000037e+00,9.814477805020302981e-01,9.020562075079397199e-18,2.875839674856085493e-01
1.294000000000000039e+00,9.861001146663461725e-01,4.675079767757494996e-17,2.879848461307383811e-01
1.296000000000000041e+00,9.907807671432742325e-01,4.413787044188488797e-17,2.883829682892888324e-01
1.298000000000000043e+00,9.954894029347158835e-01,3.018418848199644098e-17,2.887783067358629108e-01
1.300000000000000044e+00,1.000225690464986883e+00,3.217912047936977283e-17,2.891708366962417176e-01
1.302000000000000046e+00,1.004989301596868501e+00,2.151057110211240859e-17,2.895605357592171414e-01
1.304000000000000048e+00,1.009779911644184125e+00,6.921275618604338777e-18,2.899473837899923523e-01
1.306000000000000050e+00,1.014597199381249482e+00,2.740863092043355332e-17,2.903313628452338091e-01
1.308000000000000052e+00,1.019440847051235721e+00,3.469446951953614381e-19,2.907124570898324545e-01
1.310000000000000053e+00,1.024310540369079092e+00,5.308253836489029955e-17,2.910906527153982459e-01
1.312000000000000055e+00,1.029205968524681936e+00,2.211772431870429045e-17,2.914659378605530815e-01
1.314000000000000057e+00,1.034126824182717286e+00,2.545706700995964534e-17,2.918383025330392178e-01
1.316000000000000059e+00,1.039072803479097473e+00,1.734723475976807094e-17,2.922077385336633859e-01
1.318000000000000060e+00,1.044043606017396542e+00,1.561251128379126385e-17,2.925742393821219589e-01
1.320000000000000062e+00,1.049038934861656003e+00,5.152128723651116947e-17,2.929378002446954565e-01
1.322000000000000064e+00,1.054058496527776612e+00,5.134781488891349246e-17,2.932984178638066153e-01
1.324000000000000066e+00,1.059102000973474844e+00,5.334274688628682123e-18,2.936560904895080815e-01
1.326000000000000068e+00,1.064169161585578394e+00,1.604619215278546639e-18,2.940108178128197913e-01
1.328000000000000069e+00,1.069259695166913104e+00,6.245004513516505694e-18,2.943626009009543409e-01
1.330000000000000071e+00,1.074373321920187863e+00,5.629177679544739514e-17,2.947114421344364521e-01
1.332000000000000073e+00,1.079509765432181467e+00,1.942890293094023822e-17,2.950573451460301588e-01
1.334000000000000075e+00,1.084668752654650348e+00,1.101549407245272443e-17,2.954003147615626990e-01
1.336000000000000076e+00,1.089850013886056956e+00,2.706168622523819006e-17,2.957403569425294809e-01
1.338000000000000078e+00,1.095053282750178880e+00,6.227657278756737222e-17,2.960774787305144873e-01
1.340000000000000080e+00,1.100278296174735715e+00,2.086004979862110593e-17,2.964116881933908654e-01
1.342000000000000082e+00,1.105524794368285768e+00,1.249000902703301139e-17,2.967429943732484143e-01
1.344000000000000083e+00,1.110792520797264871e+00,9.367506770274758926e-18,2.970714072360732816e-01
1.346000000000000085e+00,1.116081222160556052e+00,1.127570259384924611e-17,2.973969376230916617e-01
1.348000000000000087e+00,1.121390648364588571e+00,1.422473250300981694e-17,2.977195972037969263e-01
1.350000000000000089e+00,1.126720552496923489e+00,1.491862189340054040e-17,2.980393984305771404e-01
1.352000000000000091e+00,1.132070690799004353e+00,1.353084311261909503e-17,2.983563544949703328e-01
1.354000000000000092e+00,1.137440822639341320e+00,3.816391647148975916e-18,2.986704792854590895e-01
1.356000000000000094e+00,1.142830710484446399e+00,4.180683577104105344e-17,2.989817873467915388e-01
1.358000000000000096e+00,1.148240119870347797e+00,2.949029909160571983e-18,2.992902938408084079e-01
1.360000000000000098e+00,1.153668819373677934e+00,9.752398541507112692e-18,2.995960145087054882e-01
1.362000000000000099e+00,1.159116580581354583e+00,5.377642775528102147e-18,2.998989656347381683e-01
1.364000000000000101e+00,1.164583178061114666e+00,1.131907068074866691e-17,3.001991640112811610e-01
1.366000000000000103e+00,1.170068389330371161e+00,1.162264728904460784e-17,3.004966269052685712e-01
1.368000000000000105e+00,1.175571994826242417e+00,3.122502256758252847e-18,3.007913720259089430e-01
1.370000000000000107e+00,1.181093777873481798e+00,4.718447840181254700e-17,3.010834174937074836e-01
1.372000000000000108e+00,1.186633524654016725e+00,3.955169525227120299e-17,3.013727818106986533e-01
1.374000000000000110e+00,1.192191024174899638e+00,3.070460552478948434e-17,3.016594838319094918e-01
1.376000000000000112e+00,1.197766068236809645e+00,1.144917494144692621e-17,3.019435427379625336e-01
1.378000000000000114e+00,1.203358451402586127e+00,3.473783760643555960e-17,3.022249780088329674e-01
1.380000000000000115e+00,1.208967970964337724e+00,8.153200337090993652e-18,3.025038093986936460e-01
1.382000000000000117e+00,1.214594426912555036e+00,2.203098814490544887e-17,3.027800569118268559e-01
1.384000000000000119e+00,1.220237621903315528e+00,4.111294638065032690e-17,3.030537407795658167e-01
1.386000000000000121e+00,1.225897361226341076e+00,4.063589742475670742e-17,3.033248814382334402e-01
1.388000000000000123e+00,1.231573452773272237e+00,6.873841773558097958e-18,3.035934995080441512e-01
1.390000000000000124e+00,1.237265707005160920e+00,2.046973701652632495e-17,3.038596157729414604e-01
1.392000000000000126e+00,1.242973936920595435e+00,3.642919299551295052e-18,3.041232511613491951e-01
1.394000000000000128e+00,1.248697958024116872e+00,5.724587470723463103e-18,3.043844267277567850e-01
1.396000000000000130e+00,1.254437588294081252e+00,6.938893903907228378e-18,3.046431636351930039e-01
1.398000000000000131e+00,1.260192648150589179e+00,9.020562075079397199e-18,3.048994831384860271e-01
1.400000000000000133e+00,1.265962960424641182e+00,2.654126918244514978e-17,3.051534065683009778e-01
1.402000000000000135e+00,1.271748350325836441e+00,1.491862189340054040e-17,3.054049553159522978e-01
1.404000000000000137e+00,1.277548645412039718e+00,3.417405247674309853e-17,3.056541508189381529e-01
1.406000000000000139e+00,1.283363675557268380e+00,6.938893903907228763e-19,3.059010145471670605e-01
1.407999999999999918e+00,1.289193272921206557e+00,3.053113317719180733e-17,3.061455679898753557e-01
1.409999999999999920e+00,1.295037271918562993e+00,2.862293735361731706e-17,3.063878326431893062e-01
1.411999999999999922e+00,1.300895509188098487e+00,3.122502256758252770e-17,3.066278299983099531e-01
1.413999999999999924e+00,1.306767823562552167e+00,8.413408858487513792e-18,3.068655815303115153e-01
1.415999999999999925e+00,1.312654056038848438e+00,3.295974604355933325e-18,3.071011086875135576e-01
1.417999999999999927e+00,1.318554049747376666e+00,3.816391647148975916e-18,3.073344328814083259e-01
1.419999999999999929e+00,1.324467649923278145e+00,4.323798263872191806e-17,3.075655754771354222e-01
1.421999999999999931e+00,1.330394703876176976e+00,1.092875789865388439e-17,3.077945577844642400e-01
1.423999999999999932e+00,1.336335060962316135e+00,1.890848588814719795e-17,3.080214010492640653e-01
1.425999999999999934e+00,1.342288572553659520e+00,3.547509508372570385e-17,3.082461264454706695e-01
1.427999999999999936e+00,1.348255092012276890e+00,1.836638480190444573e-17,3.084687550674854450e-01
1.429999999999999938e+00,1.354234474658671417e+00,3.269953752216281619e-17,3.086893079230303427e-01
1.431999999999999940e+00,1.360226577746775689e+00,5.256212132209725619e-17,3.089078059264143139e-01
1.433999999999999941e+00,1.366231260433785621e+00,1.663911521586347586e-17,3.091242698922014309e-01
1.435999999999999943e+00,1.372248383754474332e+00,2.810252031082427370e-17,3.093387205292745246e-01
1.437999999999999945e+00,1.378277810593285579e+00,1.179611963664228793e-17,3.095511784352484308e-01
1.439999999999999947e+00,1.384319405657340241e+00,6.245004513516505694e-18,3.097616640912700392e-01
1.441999999999999948e+00,1.390373035450178207e+00,1.665334536937734749e-17,3.099701978571227090e-01
1.443999999999999950e+00,1.396438568245546463e+00,9.020562075079397199e-18,3.101767999666782405e-01
1.445999999999999952e+00,1.402515874061041501e+00,8.326672684688673745e-18,3.103814905236563226e-01
1.447999999999999954e+00,1.408604824632913477e+00,4.510281037539698600e-18,3.105842894976649227e-01
1.449999999999999956e+00,1.414705293390316143e+00,2.255140518769849223e-17,3.107852167205585325e-01
1.451999999999999957e+00,1.420817155430821543e+00,8.500145032286355379e-18,3.109842918830238445e-01
1.453999999999999959e+00,1.426940287494911530e+00,5.421010862427522170e-18,3.111815345314732362e-01
1.455999999999999961e+00,1.433074567942139055e+00,6.938893903907228378e-18,3.113769640651409265e-01
1.457999999999999963e+00,1.439219876726514968e+00,8.283304597789254492e-18,3.115705997334470845e-01
1.459999999999999964e+00,1.445376095373369196e+00,6.938893903907228763e-19,3.117624606335824278e-01
1.461999999999999966e+00,1.451543106955025308e+00,1.040834085586084257e-17,3.119525657082929948e-01
1.463999999999999968e+00,1.457720796068077362e+00,4.891920202254595883e-17,3.121409337438893483e-01
1.465999999999999970e+00,1.463909048810030811e+00,2.532696274926138296e-17,3.123275833684433511e-01
1.467999999999999972e+00,1.470107752757829900e+00,2.914064389097914296e-17,3.125125330501690168e-01
1.469999999999999973e+00,1.476316796943251575e+00,1.916869440954371963e-17,3.126958010959914880e-01
1.471999999999999975e+00,1.482536071833749247e+00,6.938893903907228378e-18,3.128774056502728884e-01
1.473999999999999977e+00,1.488765469308095390e+00,1.084202172485504434e-17,3.130573646937072629e-01
1.475999999999999979e+00,1.495004882636404631e+00,1.873501354054951785e-17,3.132356960423702819e-01
1.477999999999999980e+00,1.501254206459030627e+00,5.481726184086710665e-17,3.134124173469086672e-01
1.479999999999999982e+00,1.507513336765196499e+00,2.836272883222079846e-17,3.135875460918695623e-01
1.481999999999999984e+00,1.513782170871643018e+00,1.463672932855430986e-18,3.137610995951738979e-01
1.483999999999999986e+00,1.520060607404342790e+00,1.040834085586084257e-17,3.139330950076883453e-01
1.485999999999999988e+00,1.526348546276619089e+00,7.632783294297951832e-18,3.141035493129465395e-01
1.487999999999999989e+00,1.532645888670661094e+00,1.665334536937734749e-17,3.142724793269536243e-01
1.489999999999999991e+00,1.538952537016808009e+00,2.610758831345094800e-17,3.144399016981250239e-01
1.491999999999999993e+00,1.545268394975483517e+00,5.898059818321143967e-18,3.146058329073058157e-01
1.493999999999999995e+00,1.551593367418057312e+00,3.942159099157294369e-17,3.147702892678878039e-01
1.495999999999999996e+00,1.557927360407656892e+00,2.515349040166370210e-18,3.149332869260308421e-01
1.497999999999999998e+00,1.564270281180792921e+00,1.190453985389083838e-17,3.150948418609544888e-01
1.500000000000000000e+00,1.570622038129837250e+00,1.804112415015879440e-17,3.152549698853173710e-01
1.502000000000000002e+00,1.576982540784989339e+00,4.336808689942017736e-18,3.154136866456644928e-01
1.504000000000000004e+00,1.583351699796285317e+00,2.775557561562891505e-18,3.155710076229635841e-01
1.506000000000000005e+00,1.589729426916068888e+00,1.665334536937734749e-17,3.157269481331857475e-01
1.508000000000000007e+00,1.596115634982830045e+00,4.575333167888829020e-18,3.158815233279742563e-01
1.510000000000000009e+00,1.602510237903050694e+00,3.816391647148975608e-17,3.160347481953461046e-01
1.512000000000000011e+00,1.608913150635853384e+00,8.364619760725667325e-18,3.161866375604712176e-01
1.514000000000000012e+00,1.615324289175273265e+00,4.163336342344337027e-17,3.163372060865003998e-01
1.516000000000000014e+00,1.621743570535070234e+00,2.879640970121500023e-17,3.164864682754278680e-01
1.518000000000000016e+00,1.628170912732507247e+00,2.775557561562891505e-18,3.166344384690167324e-01
1.520000000000000018e+00,1.634606234772892464e+00,1.595945597898662404e-17,3.167811308497624490e-01
1.522000000000000020e+00,1.641049456632682535e+00,1.214306433183764966e-17,3.169265594418927412e-01
1.524000000000000021e+00,1.647500499246913108e+00,1.132991270247352057e-18,3.170707381124009405e-01
1.526000000000000023e+00,1.653959284491353543e+00,1.526556658859590366e-17,3.172136805721278430e-01
1.528000000000000025e+00,1.660425735168999495e+00,2.949029909160572061e-17,3.173554003768649934e-01
1.530000000000000027e+00,1.666899774995943773e+00,1.942466776620396672e-17,3.174959109284896663e-01
1.532000000000000028e+00,1.673381328585637817e+00,1.509209424099822049e-17,3.176352254761209415e-01
1.534000000000000030e+00,1.679870321436045089e+00,1.249000902703301139e-17,3.177733571173232963e-01
1.536000000000000032e+00,1.686366679914193867e+00,1.778091562876227272e-17,3.179103187992975421e-01
1.538000000000000034e+00,1.692870331243781834e+00,2.918672248330977813e-17,3.180461233201263282e-01
1.540000000000000036e+00,1.699381203489998882e+00,2.706168622523819006e-17,3.181807833300216992e-01
1.542000000000000037e+00,1.705899225548044740e+00,4.093947403305264989e-17,3.183143113325914153e-01
1.544000000000000039e+00,1.712424327127738621e+00,9.020562075079397199e-18,3.184467196861194282e-01
1.546000000000000041e+00,1.718956438742214488e+00,1.977584762613560149e-17,3.185780206048782204e-01
1.548000000000000043e+00,1.725495491694019279e+00,4.553649124439118623e-17,3.187082261604148314e-01
1.550000000000000044e+00,1.732041418062376437e+00,7.849623728795052719e-18,3.188373482828978367e-01
1.552000000000000046e+00,1.738594150691650242e+00,3.332159851862636943e-17,3.189653987624292975e-01
1.554000000000000048e+00,1.745153623177667868e+00,2.905661822261151883e-17,3.190923892503901849e-01
1.556000000000000050e+00,1.751719769855938580e+00,3.469446951953614189e-18,3.192183312607894119e-01
1.558000000000000052e+00,1.758292525790505323e+00,2.996734804749934009e-17,3.193432361716102563e-01
1.560000000000000053e+00,1.764871826760778362e+00,2.393918396847993914e-17,3.194671152261687186e-01
1.562000000000000055e+00,1.771457609250369103e+00,2.790736391977688167e-17,3.195899795344743777e-01
1.564000000000000057e+00,1.778049810435412326e+00,3.226585665316861442e-17,3.197118400745859734e-01
1.566000000000000059e+00,1.784648368173666455e+00,1.942890293094023822e-17,3.198327076939895819e-01
1.568000000000000060e+00,1.791253220991759321e+00,1.899522206194603645e-17,3.199525931109456489e-01
1.570000000000000062e+00,1.797864308076096762e+00,1.023486850826316247e-17,3.200715069158659998e-01
1.572000000000000064e+00,1.804481569260197205e+00,2.732189474663471097e-18,3.201894595726718640e-01
1.574000000000000066e+00,1.811104945014342604e+00,8.462197956249361799e-18,3.203064614201545091e-01
1.576000000000000068e+00,1.817734376435048205e+00,2.827599265842195687e-17,3.204225226733352083e-01
1.578000000000000069e+00,1.824369805234670849e+00,1.822543851948132892e-17,3.205376534248240428e-01
1.580000000000000071e+00,1.831011173729780950e+00,3.400058012914542152e-17,3.206518636461632155e-01
1.582000000000000073e+00,1.837658424831815296e+00,2.983724378680108079e-17,3.207651631891825228e-01
1.584000000000000075e+00,1.844311502037061956e+00,3.122502256758252847e-18,3.208775617873375618e-01
1.586000000000000076e+00,1.850970349415248961e+00,3.330669073875469498e-17,3.209890690570473271e-01
1.588000000000000078e+00,1.857634911600705152e+00,1.439820485060750012e-17,3.210996944990263113e-01
1.590000000000000080e+00,1.864305133781801516e+00,2.914335439641036042e-17,3.212094474995995652e-01
1.592000000000000082e+00,1.870980961691628863e+00,2.352718714293544622e-17,3.213183373320338543e-01
1.594000000000000083e+00,1.877662341597872597e+00,2.259477327459791302e-17,3.214263731578322347e-01
1.596000000000000085e+00,1.884349220293447758e+00,3.111660235033397726e-17,3.215335640280503893e-01
1.598000000000000087e+00,1.891041545086565634e+00,5.426431873289949384e-18,3.216399188845726065e-01
1.600000000000000089e+00,1.897739263791805797e+00,1.658829323902821784e-17,3.217454465614150716e-01
1.602000000000000091e+00,1.904442324720644564e+00,2.199846207973088558e-17,3.218501557859891893e-01
1.604000000000000092e+00,1.911150676672082938e+00,4.232725281383409064e-17,3.219540551803720119e-01
1.606000000000000094e+00,1.917864268923278104e+00,3.018418848199644098e-17,3.220571532625643441e-01
1.608000000000000096e+00,1.924583051220771779e+00,3.426078865054194011e-17,3.221594584477388001e-01
1.610000000000000098e+00,1.931306973771938829e+00,9.812029660993815898e-19,3.222609790494788129e-01
1.612000000000000099e+00,1.938035987234680846e+00,2.428612866367529932e-17,3.223617232810007116e-01
1.614000000000000101e+00,1.944770042709116353e+00,2.263814136149733381e-17,3.224616992563831830e-01
1.616000000000000103e+00,1.951509091730073919e+00,9.367506770274758926e-18,3.225609149917596508e-01
1.618000000000000105e+00,1.958253086255766107e+00,2.740863092043355332e-17,3.226593784065305837e-01
1.620000000000000107e+00,1.965001978661593540e+00,4.683753385137379463e-18,3.227570973245316721e-01
1.622000000000000108e+00,1.971755721729554267e+00,2.471980953266950187e-18,3.228540794752338683e-01
1.624000000000000110e+00,1.978514268640559237e+00,3.183217578417441265e-17,3.229503324948764797e-01
1.626000000000000112e+00,1.985277572966435145e+00,5.377642775528102147e-18,3.230458639276512778e-01
1.628000000000000114e+00,1.992045588659767219e+00,2.437286483747414091e-17,3.231406812268193263e-01
1.630000000000000115e+00,1.998818270046175627e+00,1.413799632921097844e-17,3.232347917558587858e-01
1.632000000000000117e+00,2.005595571816559897e+00,1.977584762613560149e-17,3.233282027895752475e-01
1.634000000000000119e+00,2.012377449017765940e+00,9.757819552369539906e-18,3.234209215152141770e-01
1.636000000000000121e+00,2.019163857044016908e+00,4.857225732735059556e-18,3.235129550335566484e-01
1.638000000000000123e+00,2.025954751628930239e+00,2.619432448724978651e-17,3.236043103600039217e-01
1.640000000000000124e+00,2.032750088837463665e+00,2.046973701652632495e-17,3.236949944256543588e-01
1.642000000000000126e+00,2.039549825056610644e+00,1.006139616066548084e-17,3.237850140783588015e-01
1.644000000000000128e+00,2.046353916987662558e+00,1.500535806719938198e-17,3.238743760837835550e-01
1.646000000000000130e+00,2.053162321637653775e+00,9.744944651571273925e-18,3.239630871264358447e-01
1.648000000000000131e+00,2.059974996310820927e+00,8.673617379884035472e-19,3.240511538107058720e-01
1.650000000000000133e+00,2.066791898599717570e+00,2.359223927328457587e-17,3.241385826618712884e-01
1.652000000000000135e+00,2.073612986378240208e+00,1.700029006457271076e-17,3.242253801271150482e-01
1.654000000000000137e+00,2.080438217791648725e+00,4.250072516143177689e-18,3.243115525765035700e-01
1.656000000000000139e+00,2.087267551248519482e+00,6.995272416876475101e-17,3.243971063039860492e-01
1.658000000000000140e+00,2.094100945412758819e+00,3.729655473350135099e-18,3.244820475283530237e-01
1.660000000000000142e+00,2.100938359194159943e+00,5.204170427930421283e-18,3.245663823942059323e-01
1.662000000000000144e+00,2.107779751740221030e+00,7.632783294297951832e-18,3.246501169728952529e-01
1.664000000000000146e+00,2.114625082428208458e+00,4.245735707453235610e-17,3.247332572634704095e-01
1.665999999999999925e+00,2.121474310854463141e+00,9.020562075079397199e-18,3.248158091935931524e-01
1.667999999999999927e+00,2.128327396827305762e+00,4.336808689942017736e-18,3.248977786204646501e-01
1.669999999999999929e+00,2.135184300357867215e+00,1.491862189340054040e-17,3.249791713317240482e-01
1.671999999999999931e+00,2.142044981650609969e+00,7.025630077706068424e-18,3.250599930463410336e-01
1.673999999999999932e+00,2.148909401094211802e+00,2.255140518769849300e-18,3.251402494155019030e-01
1.675999999999999934e+00,2.155777519253035734e+00,1.179611963664228793e-17,3.252199460234794781e-01
1.677999999999999936e+00,2.162649296857857451e+00,1.040834085586084257e-17,3.252990883884923634e-01
1.679999999999999938e+00,2.169524694795196496e+00,1.422473250300981694e-17,3.253776819635571527e-01
1.681999999999999940e+00,2.176403674099272934e+00,1.214306433183764889e-18,3.254557321373331980e-01
1.683999999999999941e+00,2.183286195941931851e+00,3.504141421473150207e-17,3.255332442349425648e-01
1.685999999999999943e+00,2.190172221622425752e+00,9.367506770274758926e-18,3.256102235187969818e-01
1.687999999999999945e+00,2.197061712557566437e+00,0.000000000000000000e+00,3.256866751893995326e-01
1.689999999999999947e+00,2.203954630272441761e+00,1.630640067418198730e-17,3.257626043861518994e-01
1.691999999999999948e+00,2.210850936388776944e+00,3.469446951953614381e-19,3.258380161881362369e-01
1.693999999999999950e+00,2.217750592615249872e+00,1.214306433183764889e-18,3.259129156148916628e-01
1.695999999999999952e+00,2.224653560736740587e+00,2.540285690133537012e-17,3.259873076271927461e-01
1.697999999999999954e+00,2.231559802603236164e+00,7.771950807531832761e-17,3.260611971277978527e-01
1.699999999999999956e+00,2.238469280118540183e+00,6.938893903907228378e-18,3.261345889621994343e-01
1.701999999999999957e+00,2.245381955229564852e+00,1.910364227919458689e-17,3.262074879193727628e-01
1.703999999999999959e+00,2.252297789914010195e+00,1.595945597898662404e-17,3.262798987324928013e-01
1.705999999999999961e+00,2.259216746167886924e+00,7.979727989493312018e-18,3.263518260796595127e-01
1.707999999999999963e+00,2.266138785995046590e+00,1.700029006457271076e-17,3.264232745846121220e-01
1.709999999999999964e+00,2.273063871393208757e+00,4.900593819634480350e-18,3.264942488174251145e-01
1.711999999999999966e+00,2.279991964341203214e+00,7.598088824778414580e-17,3.265647532952044574e-01
1.713999999999999968e+00,2.286923026786439550e+00,3.469446951953614189e-18,3.266347924827680549e-01
1.715999999999999970e+00,2.293857020630746035e+00,6.071532165918824830e-18,3.267043707933237617e-01
1.717999999999999972e+00,2.300793907716524700e+00,1.108054620280185562e-17,3.267734925891280784e-01
1.719999999999999973e+00,2.307733649812394816e+00,7.882149793969617543e-18,3.268421621821481216e-01
1.721999999999999975e+00,2.314676208598800855e+00,3.469446951953614189e-18,3.269103838347129920e-01
1.723999999999999977e+00,2.321621545651574081e+00,1.838806884535415458e-17,3.269781617601431600e-01
1.725999999999999979e+00,2.328569622427437480e+00,1.275021754842953153e-17,3.270455001233898984e-01
1.727999999999999980e+00,2.335520400247016681e+00,2.324529457808921568e-17,3.271124030416521777e-01
1.729999999999999982e+00,2.342473840277701669e+00,6.548581121812446627e-18,3.271788745849959490e-01
1.731999999999999984e+00,2.446323969163390899e+00,1.113746681685734368e-17,3.272449187769543855e-01
1.733999999999999986e+00,2.356388550775346147e+00,1.821459649775647449e-17,3.273105395951324548e-01
1.735999999999999988e+00,2.363349742653305441e+00,8.673617379884035472e-18,3.273757409717883426e-01
1.737999999999999989e+00,2.370313439527432564e+00,2.567390744445674623e-17,3.274405267944265341e-01
1.739999999999999991e+00,2.377279601527234831e+00,2.014989737564309929e-17,3.275049009063602523e-01
1.741999999999999993e+00,2.384248188514693112e+00,2.133709875451472849e-17,3.275688671072870539e-01
1.743999999999999995e+00,2.391219160063030813e+00,7.632783294297951832e-18,3.276324291538443290e-01
1.745999999999999996e+00,2.398192475433365445e+00,2.000353008235755681e-17,3.276955907601567519e-01
1.747999999999999998e+00,2.405168093552731534e+00,2.493664996716660198e-18,3.277583555983882846e-01
1.750000000000000000e+00,2.412145972987961073e+00,1.231653667943532975e-17,3.278207272992705867e-01
1.752000000000000002e+00,2.419126071921162691e+00,5.117434254131581237e-18,3.278827094526409747e-01
1.754000000000000004e+00,2.426108348123324987e+00,5.480641981914224606e-18,3.279443056079551222e-01
1.756000000000000005e+00,2.433092758926044041e+00,2.207435623180486966e-17,3.280055192748110859e-01
1.758000000000000007e+00,2.440079261193250915e+00,1.283695372222837311e-17,3.280663539234494053e-01
1.760000000000000009e+00,2.447067811290196460e+00,1.543903893619358376e-17,3.281268129852627502e-01
1.762000000000000011e+00,2.454058365053771951e+00,2.949029909160571983e-18,3.281868998532812554e-01
1.764000000000000012e+00,2.461050877756370880e+00,1.387778780781445753e-18,3.282466178826715097e-01
1.766000000000000014e+00,2.449509269566320313e+00,4.018053251231279679e-17,3.283059703912047378e-01
1.768000000000000016e+00,2.475041598051994640e+00,2.359223927328457587e-17,3.283649606597435766e-01
1.770000000000000018e+00,2.449865586857843169e+00,1.934216675714139972e-17,3.284235919327020969e-01
1.772000000000000020e+00,2.489039601757017550e+00,5.394990010287870310e-17,3.284818674185100984e-01
1.774000000000000021e+00,2.450218155724535052e+00,5.030698080332740420e-18,3.285397902900721867e-01
1.776000000000000023e+00,2.503044507061741086e+00,2.532696274926138296e-17,3.285973636852111412e-01
1.778000000000000025e+00,2.510049425049707850e+00,3.122502256758252847e-18,3.286545907071160011e-01
1.780000000000000027e+00,2.517055919396142372e+00,5.551115123125783010e-18,3.287114744247768838e-01
1.782000000000000028e+00,2.524063938538702700e+00,1.733639273804321652e-17,3.287680178734185277e-01
1.784000000000000030e+00,2.531073429919366902e+00,1.387778780781445753e-18,3.288242240549207329e-01
1.786000000000000032e+00,2.538084339928964539e+00,3.434752482434078170e-17,3.288800959382480738e-01
1.788000000000000034e+00,2.545096613848350842e+00,2.915961742899764052e-17,3.289356364598521321e-01
1.790000000000000036e+00,2.552110195783750868e+00,1.318389841742373330e-17,3.289908485240873870e-01
1.792000000000000037e+00,2.559125028603016716e+00,3.035766082959412415e-17,3.290457350036115058e-01
1.794000000000000039e+00,2.566141053865223398e+00,8.326672684688673745e-18,3.291002987397840807e-01
1.796000000000000041e+00,2.573158211746019219e+00,1.144917494144692621e-17,3.291545425430561500e-01
1.798000000000000043e+00,2.580176440961238882e+00,3.018418848199644098e-17,3.292084691933597762e-01
1.800000000000000044e+00,2.587195678684434341e+00,3.207070026212122239e-17,3.292620814404881302e-01
1.802000000000000046e+00,2.452584255797827240e+00,2.568339421346599193e-17,3.293153820044716906e-01
1.804000000000000048e+00,2.601236920105495898e+00,4.458239333260394109e-17,3.293683735759468378e-01
1.806000000000000050e+00,2.608258789626361818e+00,2.220446049250313204e-17,3.294210588165265574e-01
1.808000000000000052e+00,2.615281399100187087e+00,5.204170427930421283e-18,3.294734403591605965e-01
1.810000000000000053e+00,2.622304676572159821e+00,1.942890293094023822e-17,3.295255208084859055e-01
1.812000000000000055e+00,2.629328547939113747e+00,4.510281037539698600e-18,3.295773027411896261e-01
1.814000000000000057e+00,2.636352936822060400e+00,6.743737512859837888e-18,3.296287887063383826e-01
1.816000000000000059e+00,2.643377764439339472e+00,3.782781379801924724e-17,3.296799812257399376e-01
1.818000000000000060e+00,2.650402949461664548e+00,5.134781488891349246e-17,3.297308827942643794e-01
1.820000000000000062e+00,2.657428407867275411e+00,1.110223024625156602e-17,3.297814958801862373e-01
1.822000000000000064e+00,2.664454052780659055e+00,2.229119666630197055e-17,3.298318229255092215e-01
1.824000000000000066e+00,2.671479794304126187e+00,1.040834085586084257e-17,3.298818663462898537e-01
1.826000000000000068e+00,2.678505539337550090e+00,1.940179787662810061e-17,3.299316285329557119e-01
1.828000000000000069e+00,2.685531191386253624e+00,1.664385860036809871e-17,3.299811118506261742e-01
1.830000000000000071e+00,2.692556650354813286e+00,6.071532165918824830e-18,3.300303186394142330e-01
1.832000000000000073e+00,2.699581812327966901e+00,2.671474153004282987e-17,3.300792512147429081e-01
1.834000000000000075e+00,2.706606569335356482e+00,3.686287386450715076e-17,3.301279118676382907e-01
1.836000000000000076e+00,2.713630809101061914e+00,2.810252031082427370e-17,3.301763028650351872e-01
1.838000000000000078e+00,2.720654414773665764e+00,3.191891195797324807e-17,3.302244264500673321e-01
1.840000000000000080e+00,2.727677264638593613e+00,1.179611963664228793e-17,3.302722848423600421e-01
1.842000000000000082e+00,2.734699231808779274e+00,9.606031248221568669e-18,3.303198802383130461e-01
1.844000000000000083e+00,2.741720183892763174e+00,1.804112415015879440e-17,3.303672148113908635e-01
1.846000000000000085e+00,2.748739982638511492e+00,1.700029006457271076e-17,3.304142907123894801e-01
1.848000000000000087e+00,2.755758483550152960e+00,2.185751579730776877e-17,3.304611100697250059e-01
1.850000000000000089e+00,2.762775535477654643e+00,6.657001339060997071e-18,3.305076749896934118e-01
1.852000000000000091e+00,2.769790980170512285e+00,4.640385298237958978e-17,3.305539875567474195e-01
1.854000000000000092e+00,2.776804651803374213e+00,3.844038802547356094e-17,3.306000498337556270e-01
1.856000000000000094e+00,2.783816376458389641e+00,2.702916016006362677e-17,3.306458638622587487e-01
1.858000000000000096e+00,2.790825971573180908e+00,1.422473250300981694e-17,3.306914316627411754e-01
1.860000000000000098e+00,2.797833245336288854e+00,1.977584762613560149e-17,3.307367552348654538e-01
1.862000000000000099e+00,2.804837996043278991e+00,1.942890293094023822e-17,3.307818365577416264e-01
1.864000000000000101e+00,2.811840011393123007e+00,1.770502147668828864e-17,3.308266775901581580e-01
1.866000000000000103e+00,2.818839067731289560e+00,5.551115123125783010e-18,3.308712802708365652e-01
1.868000000000000105e+00,2.825834929224338765e+00,1.838806884535415458e-17,3.309156465186642859e-01
1.870000000000000107e+00,2.832827346973683547e+00,1.335737076502141494e-17,3.309597782329384286e-01
1.872000000000000108e+00,2.839816058042504920e+00,4.336808689942017736e-18,3.310036772935963101e-01
1.874000000000000110e+00,2.846800784410135066e+00,5.637851296924623057e-18,3.310473455614434957e-01
1.876000000000000112e+00,2.853781231827515086e+00,3.877106968808164103e-17,3.310907848783892771e-01
1.878000000000000114e+00,2.860757088576452389e+00,3.330669073875469498e-17,3.311339970676628330e-01
1.880000000000000115e+00,2.867728024115884011e+00,1.214306433183764889e-18,3.311769839340411026e-01
1.882000000000000117e+00,2.874693687610953674e+00,3.694961003830599234e-17,3.312197472640682760e-01
1.884000000000000119e+00,2.881653706322719444e+00,3.504683522559393391e-18,3.312622888262645171e-01
1.886000000000000121e+00,2.888607683856207586e+00,1.778091562876227272e-17,3.313046103713467305e-01
1.888000000000000123e+00,2.895555198243673800e+00,1.921206249644313734e-17,3.313467136324375062e-01
1.890000000000000124e+00,2.902495799850957070e+00,5.204170427930421283e-18,3.313886003252670687e-01
1.892000000000000126e+00,2.909429009083932982e+00,1.045170894276026336e-17,3.314302721483856629e-01
1.894000000000000128e+00,2.916354313883250171e+00,2.740863092043355332e-17,3.314717307833597859e-01
1.896000000000000130e+00,2.923271166973300694e+00,1.144917494144692621e-17,3.315129778949766348e-01
1.898000000000000131e+00,2.930178982847436941e+00,9.540979117872439019e-18,3.315540151314366746e-01
1.900000000000000133e+00,2.937077134467696027e+00,7.997075224253080952e-17,3.315948441245485379e-01
1.902000000000000135e+00,2.943964949630217376e+00,1.491862189340054040e-17,3.316354664899254789e-01
1.904000000000000137e+00,2.950841706983755586e+00,9.042246118529107596e-18,3.316758838271650633e-01
1.906000000000000139e+00,2.957706631652399665e+00,5.811323644522303920e-18,3.317160977200466210e-01
1.908000000000000140e+00,2.964558890421187698e+00,1.301042606982605321e-17,3.317561097367089373e-01
1.910000000000000142e+00,2.971397586450816419e+00,2.081668171172168513e-17,3.317959214298330517e-01
1.912000000000000144e+00,2.978221753459212806e+00,3.963301041520761582e-17,3.318355343368199484e-01
1.914000000000000146e+00,2.985030349331090349e+00,3.122502256758252847e-18,3.318749499799760749e-01
1.916000000000000147e+00,2.991822249094123976e+00,2.255140518769849223e-17,3.319141698666749907e-01
1.918000000000000149e+00,2.998596237197084236e+00,1.804112415015879440e-17,3.319531954895421078e-01
1.919999999999999929e+00,3.005350999040317106e+00,1.778091562876227272e-17,3.319920283266161731e-01
1.921999999999999931e+00,3.012085111680708138e+00,2.393918396847993914e-17,3.320306698415260160e-01
1.923999999999999932e+00,3.018797033655889805e+00,1.040834085586084257e-17,3.320691214836460348e-01
1.925999999999999934e+00,3.025485093855206031e+00,1.752070710736575104e-17,3.321073846882661718e-01
1.927999999999999936e+00,3.032147479383599631e+00,3.105155021998484452e-17,3.321454608767579475e-01
1.929999999999999938e+00,3.038782222357447438e+00,3.816391647148975916e-18,3.321833514567222867e-01
1.931999999999999940e+00,3.045387185598865898e+00,2.775557561562891505e-18,3.322210578221570509e-01
1.933999999999999941e+00,3.051960047201944803e+00,7.632783294297951832e-18,3.322585813536083066e-01
1.935999999999999943e+00,3.058498283982466148e+00,1.249000902703301139e-17,3.322959234183243127e-01
1.937999999999999945e+00,3.064999153850848757e+00,1.058181320345852266e-17,3.323330853704056786e-01
1.939999999999999947e+00,3.071459677222790674e+00,1.144917494144692621e-17,3.323700685509585195e-01
1.941999999999999948e+00,3.077876617630089129e+00,6.591949208711866651e-18,3.324068742882403393e-01
1.943999999999999950e+00,3.084246461812170992e+00,5.440526501532261373e-17,3.324435038977991419e-01
1.945999999999999952e+00,3.090565399686568071e+00,7.285838599102590105e-18,3.324799586826343023e-01
1.947999999999999954e+00,3.096829304738097477e+00,7.632783294297951832e-18,3.325162399333157492e-01
1.949999999999999956e+00,3.103033715587830699e+00,4.996003610813204555e-17,3.325523489281460576e-01
1.951999999999999957e+00,3.109173819702128583e+00,2.235624879665110020e-17,3.325882869332806302e-01
1.953999999999999959e+00,3.115244440494585376e+00,4.024016363179949460e-17,3.326240552028785213e-01
1.955999999999999961e+00,3.121240029359832135e+00,6.591949208711866651e-18,3.326596549792288915e-01
1.957999999999999963e+00,3.127154664509642856e+00,1.526556658859590366e-17,3.326950874928861213e-01
1.959999999999999964e+00,3.132982058795747093e+00,1.387982068688786831e-17,3.327303539628018170e-01
1.961999999999999966e+00,3.138715578987412158e+00,1.734723475976807191e-19,3.327654555964580929e-01
1.963999999999999968e+00,3.144348279154929315e+00,3.261280134836397461e-17,3.328003935899853105e-01
1.965999999999999970e+00,3.149872950847353081e+00,5.984795992119984784e-18,3.328351691283031877e-01
1.967999999999999972e+00,3.155282192523241491e+00,2.775557561562891505e-18,3.328697833852310439e-01
1.969999999999999973e+00,3.160568500155303440e+00,4.987329993433320396e-18,3.329042375236259677e-01
1.971999999999999975e+00,3.165724379951836198e+00,1.834470075845473379e-17,3.329385326954880098e-01
1.973999999999999977e+00,3.170742482717347599e+00,1.162264728904460784e-17,3.329726700420999053e-01
1.975999999999999979e+00,3.175615757484816726e+00,1.222980050563648971e-17,3.330066506941257165e-01
1.977999999999999980e+00,3.180337619829920470e+00,3.120333852413281884e-17,3.330404757717402853e-01
1.979999999999999982e+00,3.184902127912700109e+00,0.000000000000000000e+00,3.330741463847468053e-01
1.981999999999999984e+00,3.189304157123853400e+00,4.024965040080874646e-17,3.331076636326815166e-01
1.983999999999999986e+00,3.193539562635763218e+00,2.775557561562891505e-18,3.331410286049351632e-01
1.985999999999999988e+00,3.197605318556032472e+00,2.845624126959766829e-17,3.331742423808589093e-01
1.987999999999999989e+00,3.201499623084160362e+00,7.979727989493312018e-18,3.332073060298781364e-01
1.989999999999999991e+00,3.205221961120887642e+00,3.122502256758252770e-17,3.332402206115991916e-01
1.991999999999999993e+00,3.208773119071356206e+00,2.207435623180486966e-17,3.332729871759202989e-01
1.993999999999999995e+00,3.212155150644989021e+00,1.509209424099822049e-17,3.333056067631308128e-01
1.995999999999999996e+00,3.215371296692836722e+00,2.708337026868790199e-17,3.333380804040197987e-01
1.997999999999999998e+00,3.218425865897454941e+00,1.370431546021677666e-17,3.333704091199844455e-01
2.000000000000000000e+00,3.221324085898526590e+00,1.091791587692902996e-17,3.334025939231205493e-01
2.002000000000000224e+00,3.224071935880996165e+00,1.977584762613560149e-17,3.334346358163365887e-01
2.004000000000000004e+00,3.226675971738721671e+00,1.801944010670908246e-17,3.334665357934417096e-01
2.006000000000000227e+00,3.229143153859723725e+00,5.551115123125783010e-18,3.334982948392515301e-01
2.008000000000000007e+00,3.231480685694005928e+00,1.196959198423996957e-17,3.335299139296845072e-01
2.010000000000000231e+00,3.233695868983872401e+00,9.367506770274758926e-18,3.335613940318550297e-01
2.012000000000000011e+00,3.235795979227741981e+00,9.280770596475917339e-18,3.335927361041698958e-01
2.014000000000000234e+00,3.237788162871225950e+00,1.040834085586084218e-18,3.336239410964211838e-01
2.016000000000000014e+00,3.239679356048270620e+00,1.432773170939594171e-17,3.336550099498807320e-01
2.018000000000000238e+00,3.241476223485822317e+00,3.035766082959412415e-17,3.336859435973915655e-01
2.020000000000000018e+00,3.243185115417880127e+00,2.779894370252833122e-17,3.337167429634529947e-01
2.022000000000000242e+00,3.244812039964113382e+00,3.870601755773250829e-17,3.337474089643162056e-01
2.024000000000000021e+00,3.246362648325099798e+00,3.879275373153134988e-17,3.337779425080698026e-01
2.026000000000000245e+00,3.247842230251372087e+00,5.952269926945419189e-18,3.338083444947260725e-01
2.028000000000000025e+00,3.249255717473559457e+00,1.040834085586084218e-18,3.338386158163058060e-01
2.030000000000000249e+00,3.250607693075707516e+00,1.769417945496343113e-17,3.338687573569272815e-01
2.032000000000000028e+00,2.466595355950435220e+00,1.643650493488024660e-17,3.338987699928896435e-01
2.034000000000000252e+00,3.253143783049608828e+00,2.152751176105749459e-17,3.339286545927475092e-01
2.036000000000000032e+00,3.254335456011318684e+00,8.327011497867575157e-18,3.339584120174062254e-01
2.038000000000000256e+00,3.255480771813335394e+00,0.000000000000000000e+00,3.339880431201915356e-01
2.040000000000000036e+00,3.256582816292212357e+00,4.076600168545496672e-17,3.340175487469344562e-01
2.042000000000000259e+00,3.257644432351181507e+00,1.318389841742373330e-17,3.340469297360488810e-01
2.044000000000000039e+00,3.258668238419481611e+00,1.387778780781445676e-17,3.340761869186109623e-01
2.046000000000000263e+00,3.259656646089030829e+00,1.900606408367089396e-17,3.341053211184349392e-01
2.048000000000000043e+00,3.260611876783720220e+00,1.804112415015879440e-17,3.341343331521482996e-01
2.049999999999999822e+00,3.261535977382887808e+00,1.301042606982605321e-17,3.341632238292711610e-01
2.052000000000000046e+00,3.262430834764007415e+00,6.591949208711866651e-18,3.341919939522829952e-01
2.053999999999999826e+00,3.263298189270411598e+00,2.070826149447313469e-17,3.342206443167037300e-01
2.056000000000000050e+00,3.264139647126896193e+00,4.033232081646076495e-17,3.342491757111622497e-01
2.057999999999999829e+00,3.264956691850670722e+00,3.417947348760552728e-17,3.342775889174683379e-01
2.060000000000000053e+00,3.265750694707655555e+00,1.040834085586084257e-17,3.343058847106871734e-01
2.061999999999999833e+00,3.266522924274152473e+00,5.204170427930421283e-18,3.343340638591998371e-01
2.064000000000000057e+00,3.267274555168711458e+00,2.949029909160571983e-18,3.343621271247842475e-01
2.065999999999999837e+00,3.268006676014486800e+00,3.009745230819760555e-17,3.343900752626756123e-01
2.068000000000000060e+00,3.268720296693285121e+00,7.589415207398531038e-18,3.344179090216384820e-01
2.069999999999999840e+00,3.269416354951086845e+00,2.237793284010081213e-17,3.344456291440278117e-01
2.072000000000000064e+00,3.270095722410090389e+00,2.255140518769849300e-18,3.344732363658597940e-01
2.073999999999999844e+00,3.270759210042111675e+00,2.641116492174688740e-17,3.345007314168760848e-01
2.076000000000000068e+00,3.271407573146507985e+00,1.890848588814719795e-17,3.345281150206089738e-01
2.077999999999999847e+00,3.272041515882545326e+00,1.454999315475546827e-17,3.345553878944382831e-01
2.080000000000000071e+00,3.272661695396568149e+00,2.949029909160572061e-17,3.345825507496658635e-01
2.081999999999999851e+00,3.273268725580091854e+00,4.544975507059234464e-17,3.346096042915679969e-01
2.084000000000000075e+00,3.273863180492696756e+00,6.591949208711866651e-18,3.346365492194611768e-01
2.085999999999999854e+00,3.274445597483619963e+00,1.387778780781445753e-18,3.346633862267579529e-01
2.088000000000000078e+00,3.275016480040861211e+00,2.393918396847993914e-17,3.346901160010387066e-01
2.089999999999999858e+00,3.275576300387729844e+00,1.578598363138894394e-17,3.347167392240966710e-01
2.092000000000000082e+00,3.276125501857379163e+00,3.577867169202164632e-17,3.347432565720059872e-01
2.093999999999999861e+00,2.469129400281900644e+00,5.540273101400927812e-18,3.347696687151711648e-01
2.096000000000000085e+00,3.277193689877844207e+00,2.700747611661391483e-17,3.347959763183983029e-01
2.097999999999999865e+00,3.277713437260686646e+00,2.393918396847993914e-17,3.348221800409345028e-01
2.100000000000000089e+00,2.469353613900274524e+00,1.856154119295183468e-17,3.348482805365364245e-01
2.101999999999999869e+00,3.278725978796561691e+00,2.428612866367529778e-18,3.348742784535205241e-01
2.104000000000000092e+00,3.279219410558045666e+00,1.457167719820518021e-17,3.349001744348178988e-01
2.105999999999999872e+00,3.279704678789290284e+00,1.422473250300981694e-17,3.349259691180287435e-01
2.108000000000000096e+00,3.280182060220898421e+00,2.168404344971008868e-17,3.349516631354774732e-01
2.109999999999999876e+00,3.280651816807527155e+00,3.178338668641256002e-17,3.349772571142625166e-01
2.112000000000000099e+00,3.281114196727081378e+00,3.469446951953614381e-19,3.350027516763059987e-01
2.113999999999999879e+00,3.281569435303968163e+00,1.960237527853792140e-17,3.350281474384179115e-01
2.116000000000000103e+00,3.282017755858639418e+00,6.852157730108388331e-18,3.350534450123262564e-01
2.117999999999999883e+00,3.282459370492180284e+00,2.411265631607761923e-17,3.350786450047524845e-01
2.120000000000000107e+00,3.282894480811201277e+00,4.336808689942017736e-19,3.351037480174373084e-01
2.121999999999999886e+00,3.283323278597499950e+00,1.001802807376606159e-17,3.351287546472042633e-01
2.124000000000000110e+00,3.283745946428581419e+00,2.428612866367529778e-18,3.351536654860061692e-01
2.125999999999999890e+00,2.470285903045621012e+00,2.896988204881267724e-17,3.351784811209710391e-01
2.128000000000000114e+00,3.284573579910780694e+00,1.804112415015879440e-17,3.352032021344490409e-01
2.129999999999999893e+00,2.470423846229174103e+00,1.387778780781445676e-17,3.352278291040634017e-01
2.132000000000000117e+00,2.470492285039117775e+00,6.080205783298708373e-17,3.352523626027516523e-01
2.133999999999999897e+00,3.285773151018783977e+00,2.636779683484746660e-17,3.352768031988168085e-01
2.136000000000000121e+00,3.286162425060229708e+00,1.734723475976807094e-17,3.353011514559691708e-01
2.137999999999999901e+00,2.470695493409827748e+00,1.135701775678565895e-17,3.353254079333711224e-01
2.140000000000000124e+00,3.286925900613827167e+00,1.157927920214518705e-17,3.353495731856855899e-01
2.141999999999999904e+00,2.470829227944566497e+00,2.359223927328457587e-17,3.353736477631157897e-01
2.144000000000000128e+00,3.287670096363530803e+00,1.664521385308370744e-17,3.353976322114491371e-01
2.145999999999999908e+00,3.288035251874347864e+00,3.660266534311063216e-17,3.354215270721037090e-01
2.148000000000000131e+00,2.471027260692828520e+00,9.714451465470119112e-18,3.354453328821647706e-01
2.149999999999999911e+00,2.471092593933690296e+00,2.576064361825558474e-17,3.354690501744311826e-01
2.152000000000000135e+00,2.471157591391282438e+00,2.081668171172168513e-17,3.354926794774570897e-01
2.153999999999999915e+00,2.471222254882935232e+00,8.088148206741862461e-18,3.355162213155924444e-01
2.156000000000000139e+00,2.471286586214720415e+00,1.389388143381228808e-18,3.355396762090195883e-01
2.157999999999999918e+00,2.471350587182566727e+00,2.983724378680108079e-17,3.355630446737978279e-01
2.160000000000000142e+00,2.471414259572100036e+00,2.779623319709711916e-18,3.355863272219041793e-01
2.161999999999999922e+00,2.471477605158515445e+00,1.595945597898662404e-17,3.356095243612670087e-01
2.164000000000000146e+00,3.291131407435205602e+00,1.092875789865388439e-17,3.356326365958098301e-01
2.165999999999999925e+00,2.471603322971613892e+00,1.804112415015879440e-17,3.356556644254894417e-01
2.168000000000000149e+00,3.291776793173053051e+00,7.754213937616328205e-17,3.356786083463293435e-01
2.169999999999999929e+00,2.471727754619433171e+00,1.734723475976807094e-17,3.357014688504611488e-01
2.172000000000000153e+00,2.471789492461390125e+00,1.387778780781445676e-17,3.357242464261641079e-01
2.173999999999999932e+00,2.471850913938141048e+00,4.180683577104105344e-17,3.357469415578934191e-01
2.176000000000000156e+00,2.471912020754317041e+00,3.495467804093266049e-17,3.357695547263275793e-01
2.177999999999999936e+00,2.471972814604431079e+00,3.517151847542976137e-17,3.357920864083927537e-01
2.180000000000000160e+00,2.472033297173723554e+00,3.243932900076629143e-17,3.358145370773094052e-01
2.181999999999999940e+00,2.472093470137124882e+00,3.252606517456513302e-17,3.358369072026174407e-01
2.184000000000000163e+00,2.472153335160189869e+00,2.142383492831356700e-17,3.358591972502185108e-01
2.185999999999999943e+00,3.294513107838483279e+00,1.301042606982605321e-17,3.358814076824054307e-01
2.188000000000000167e+00,2.472272147999383662e+00,1.971079549578647184e-17,3.359035389578993724e-01
2.189999999999999947e+00,3.295086735238449194e+00,3.903127820947815962e-17,3.359255915318825614e-01
2.192000000000000171e+00,2.472389748823662359e+00,7.459310946700270198e-18,3.359475658560293065e-01
2.193999999999999950e+00,3.295648766183919776e+00,7.619230767141883026e-18,3.359694623785426382e-01
2.196000000000000174e+00,2.472506150613881459e+00,2.168404344971008868e-19,3.359912815441853939e-01
2.197999999999999954e+00,2.472563905886751456e+00,1.665334536937734749e-17,3.360130237943106390e-01
2.200000000000000178e+00,3.296470899347866634e+00,1.682681771697502758e-17,3.360346895668926970e-01
2.201999999999999957e+00,2.472678533137980139e+00,7.945033519973775999e-17,3.360562792965651746e-01
2.204000000000000181e+00,2.472735408268810886e+00,3.122502256758252847e-18,3.360777934146447210e-01
2.205999999999999961e+00,2.472791993156281620e+00,3.027092465579528256e-17,3.360992323491673872e-01
2.208000000000000185e+00,2.472848289353539286e+00,2.168404344971008868e-17,3.361205965249113858e-01
2.209999999999999964e+00,2.472904298405623535e+00,6.591949208711866651e-18,3.361418863634408338e-01
2.212000000000000188e+00,2.472960021848113144e+00,5.466547353671913233e-17,3.361631022831167437e-01
2.213999999999999968e+00,3.298297640900031524e+00,2.914335439641036042e-17,3.361842446991451516e-01
2.216000000000000192e+00,3.298548717270243458e+00,7.632783294297951832e-18,3.362053140235945481e-01
2.217999999999999972e+00,2.473125493740095493e+00,1.457167719820518021e-17,3.362263106654299616e-01
2.220000000000000195e+00,2.473180089922820457e+00,1.960237527853792140e-17,3.362472350305350521e-01
2.221999999999999975e+00,3.299287908393143454e+00,1.040834085586084218e-18,3.362680875217521903e-01
2.224000000000000199e+00,2.473288449580390846e+00,1.040834085586084218e-18,3.362888685388980003e-01
2.225999999999999979e+00,3.299769336026965760e+00,9.974659986866640793e-18,3.363095784787991649e-01
2.228000000000000203e+00,2.473395708805373516e+00,1.249259247752213639e-17,3.363302177353141853e-01
2.229999999999999982e+00,3.300241965786494092e+00,9.887923813067800746e-18,3.363507866993679651e-01
2.232000000000000206e+00,3.300475056924604189e+00,2.566713118087871183e-17,3.363712857589691851e-01
2.233999999999999986e+00,3.300706037783943003e+00,3.464025941091186590e-18,3.363917152992435544e-01
2.236000000000000210e+00,3.300934936714103429e+00,1.769417945496343113e-17,3.364120757024577357e-01
2.237999999999999989e+00,3.301161781441749099e+00,1.994931997373328159e-17,3.364323673480448806e-01
2.240000000000000213e+00,3.301386599089710217e+00,1.908195823574487958e-18,3.364525906126336063e-01
2.241999999999999993e+00,3.301609416198033387e+00,3.625572064791526581e-17,3.364727458700669249e-01
2.244000000000000217e+00,3.301830258742295854e+00,3.521488656232918525e-17,3.364928334914352170e-01
2.245999999999999996e+00,3.302049152151155909e+00,1.517883041479706111e-19,3.365128538450924967e-01
2.248000000000000220e+00,3.302266121325377668e+00,2.305013818704182365e-17,3.365328072966913275e-01
2.250000000000000000e+00,2.473966480206474472e+00,5.903480829183571643e-17,3.365526942091986995e-01
2.252000000000000224e+00,3.302694384022558438e+00,1.856154119295183468e-17,3.365725149429196761e-01
2.254000000000000004e+00,3.302905724846141311e+00,1.383441972091503596e-17,3.365922698555282033e-01
2.256000000000000227e+00,2.474116676862013975e+00,4.276093368282829241e-17,3.366119593020882039e-01
2.258000000000000007e+00,3.303322940172545685e+00,2.686652983419080111e-17,3.366315836350733393e-01
2.260000000000000231e+00,3.303528859216967817e+00,6.418476861114186557e-18,3.366511432043934882e-01
2.262000000000000011e+00,2.474264599736695658e+00,4.778621075229861101e-18,3.366706383574140093e-01
2.264000000000000234e+00,3.303935428204898272e+00,4.650956269419692892e-17,3.366900694389867166e-01
2.266000000000000014e+00,3.304136120168923441e+00,1.379105163401561671e-17,3.367094367914606479e-01
2.268000000000000238e+00,3.304335111135237923e+00,3.751339516799845342e-17,3.367287407547147060e-01
2.270000000000000018e+00,3.304532421143523635e+00,1.647987302177966740e-17,3.367479816661709813e-01
2.272000000000000242e+00,3.304728069864754758e+00,3.165870343657672870e-18,3.367671598608236727e-01
2.274000000000000021e+00,2.474553767045161834e+00,1.847480501915299617e-17,3.367862756712560746e-01
2.276000000000000245e+00,3.305114460349912520e+00,8.716985466783456266e-18,3.368053294276647791e-01
2.278000000000000025e+00,3.305305239703283604e+00,4.595661958622931920e-17,3.368243214578771072e-01
2.280000000000000249e+00,2.474695081401129926e+00,1.387778780781445676e-17,3.368432520873744229e-01
2.282000000000000028e+00,3.305682058117206168e+00,3.642919299551295052e-18,3.368621216393132833e-01
2.284000000000000252e+00,3.305868132814119065e+00,1.804112415015879440e-17,3.368809304345442568e-01
2.286000000000000032e+00,3.306052674415862924e+00,1.096562077251839160e-16,3.368996787916327396e-01
2.288000000000000256e+00,3.306235699983375298e+00,2.064320936412400504e-17,3.369183670268797726e-01
2.290000000000000036e+00,3.306417226288893119e+00,8.673617379884035472e-19,3.369369954543399714e-01
2.292000000000000259e+00,3.306597269823228658e+00,2.081668171172168436e-18,3.369555643858431204e-01
2.294000000000000039e+00,3.306775846802903374e+00,1.353084311261909503e-17,3.369740741310111587e-01
2.296000000000000263e+00,3.306952973176617405e+00,1.126486057212439169e-17,3.369925249972811621e-01
2.298000000000000043e+00,3.307128664632500659e+00,4.510281037539698445e-17,3.370109172899199423e-01
2.300000000000000266e+00,3.307302936604045840e+00,4.943961906533900373e-18,3.370292513120448641e-01
2.302000000000000046e+00,3.307475804276560183e+00,8.847089727481715565e-18,3.370475273646434400e-01
2.304000000000000270e+00,3.307647282593542570e+00,6.297046217795809260e-17,3.370657457465935369e-01
2.306000000000000050e+00,3.307817386260889947e+00,7.631089228403443231e-18,3.370839067546708701e-01
2.307999999999999829e+00,3.307986129754521443e+00,1.249000902703301139e-17,3.371020106835854735e-01
2.310000000000000053e+00,3.308153527324812160e+00,4.534133485334379420e-17,3.371200578259806457e-01
2.311999999999999833e+00,3.308319593001645131e+00,1.321642448259829967e-17,3.371380484724653681e-01
2.314000000000000057e+00,3.308484340599328277e+00,1.742312891184205502e-17,3.371559829116203555e-01
2.315999999999999837e+00,3.308647783722701519e+00,2.393918396847993914e-17,3.371738614300242576e-01
2.318000000000000060e+00,2.475541875039070305e+00,2.090341788552052672e-17,3.371916843122664820e-01
2.319999999999999840e+00,3.308970809941875757e+00,3.712308238590366936e-17,3.372094518409669006e-01
2.322000000000000064e+00,2.475626367751225132e+00,5.898059818321143967e-18,3.372271642967838434e-01
2.323999999999999844e+00,2.475668295021748122e+00,9.194034422677077292e-18,3.372448219584468498e-01
2.326000000000000068e+00,3.309445894253293829e+00,2.671474153004282987e-17,3.372624251027592779e-01
2.327999999999999847e+00,3.309601785033461141e+00,7.858297346174935645e-17,3.372799740046175110e-01
2.330000000000000071e+00,3.309756461065774147e+00,1.689186984732416031e-17,3.372974689370326074e-01
2.331999999999999851e+00,3.309909934432873513e+00,1.457845346178321461e-17,3.373149101711429565e-01
2.334000000000000075e+00,3.310062217044183797e+00,2.713215936644974692e-18,3.373322979762257701e-01
2.335999999999999854e+00,2.475915460708595361e+00,1.049507702965968261e-17,3.373496326197201745e-01
2.338000000000000078e+00,3.310363256799760734e+00,8.586881206085195425e-18,3.373669143672385351e-01
2.339999999999999858e+00,3.310512036934444069e+00,3.200564813177208966e-17,3.373841434825842756e-01
2.342000000000000082e+00,3.310659672301209611e+00,1.249000902703301139e-17,3.374013202277640344e-01
2.343999999999999861e+00,3.310806174000283875e+00,2.276824562219559311e-17,3.374184448630010436e-01
2.346000000000000085e+00,3.310951552980650803e+00,3.191891195797324807e-17,3.374355176467602191e-01
2.347999999999999865e+00,3.311095820041416005e+00,2.393918396847993914e-17,3.374525388357508260e-01
2.350000000000000089e+00,3.311238985836393312e+00,4.518954654919582604e-17,3.374695086849490155e-01
2.351999999999999869e+00,3.311381060875486781e+00,3.469446951953614381e-19,3.374864274476078729e-01
2.354000000000000092e+00,2.476272458784222863e+00,3.014082039509702327e-17,3.375032953752742926e-01
2.355999999999999872e+00,3.311661980027519547e+00,7.459310946700270198e-18,3.375201127178040772e-01
2.358000000000000096e+00,2.476349615980435459e+00,2.636779683484746660e-17,3.375368797233705975e-01
2.359999999999999876e+00,3.311938658818704084e+00,6.245004513516505694e-18,3.375535966384857756e-01
2.362000000000000099e+00,2.476425999629821462e+00,3.486794186713382506e-17,3.375702637080104651e-01
2.363999999999999879e+00,2.476463903865386840e+00,6.938893903907228763e-19,3.375868811751655540e-01
2.366000000000000103e+00,2.476501617692377977e+00,3.079134169858832593e-17,3.376034492815528920e-01
2.367999999999999883e+00,2.476539142091922940e+00,2.120699449381646611e-17,3.376199682671588986e-01
2.370000000000000107e+00,2.476576478038985840e+00,2.671474153004282987e-17,3.376364383703784888e-01
2.371999999999999886e+00,2.476613626503944232e+00,1.257674520083185143e-17,3.376528598280162385e-01
2.374000000000000110e+00,2.476650588451239088e+00,2.642742795433417058e-18,3.376692328753128081e-01
2.375999999999999890e+00,3.313004524219806513e+00,1.908195823574487958e-18,3.376855577459447200e-01
2.378000000000000114e+00,2.476723956623249734e+00,2.541369892306022455e-17,3.377018346720490061e-01
2.379999999999999893e+00,3.313261149500036140e+00,4.371503159461553755e-17,3.377180638842251503e-01
2.382000000000000117e+00,3.313388034978142827e+00,6.884683795282953156e-18,3.377342456115579039e-01
2.383999999999999897e+00,3.313513980454171559e+00,1.190996086475326559e-17,3.377503800816203383e-01
2.386000000000000121e+00,3.313638994376940872e+00,6.505213034913026604e-19,3.377664675204920530e-01
2.387999999999999901e+00,3.313763085091498084e+00,2.168404344971008868e-19,3.377825081527679463e-01
2.390000000000000124e+00,3.313886260842981102e+00,2.081668171172168513e-17,3.377985022015757566e-01
2.391999999999999904e+00,3.314008529777279222e+00,1.760744328116459262e-17,3.378144498885793379e-01
2.394000000000000128e+00,3.314129899942400925e+00,3.261280134836397461e-17,3.378303514339969782e-01
2.395999999999999908e+00,2.477045130158394670e+00,2.992397996059992238e-17,3.378462070566168318e-01
2.398000000000000131e+00,3.314369975680747871e+00,2.016616040823038401e-18,3.378620169737948098e-01
2.399999999999999911e+00,3.314488696877329943e+00,1.994931997373328004e-18,3.378777814014781722e-01
2.402000000000000135e+00,3.314606550554969999e+00,2.706168622523819006e-17,3.378935005542154646e-01
2.403999999999999915e+00,2.477183274998182583e+00,6.245004513516505694e-18,3.379091746451598488e-01
2.406000000000000139e+00,3.314839685603185870e+00,4.748805515486509113e-18,3.379248038860931946e-01
2.407999999999999918e+00,3.314954981879857598e+00,1.543903893619358376e-17,3.379403884874233044e-01
2.410000000000000142e+00,3.315069440451910765e+00,4.198030811863873045e-17,3.379559286582023980e-01
2.411999999999999922e+00,3.315183068559829138e+00,2.046431600566389619e-18,3.379714246061439331e-01
2.414000000000000146e+00,2.477352096849596563e+00,3.364279341222520382e-17,3.379868765376181639e-01
2.415999999999999925e+00,2.477385355361953145e+00,1.301042606982605321e-17,3.380022846576743456e-01
2.418000000000000149e+00,3.315519041266604461e+00,1.695692197767328996e-17,3.380176491700491725e-01
2.419999999999999929e+00,3.315629418283926100e+00,3.434752482434078170e-17,3.380329702771732725e-01
2.422000000000000153e+00,3.315738999822873012e+00,1.726049858596922936e-17,3.380482481801876382e-01
2.423999999999999932e+00,3.315847792646334113e+00,1.006139616066548084e-17,3.380634830789493450e-01
2.426000000000000156e+00,3.315955803441735128e+00,2.845226021474557554e-17,3.380786751720404326e-01
2.427999999999999936e+00,3.316063038822846920e+00,3.469446951953614381e-19,3.380938246567864458e-01
2.430000000000000160e+00,2.477613546700123237e+00,1.890848588814719795e-17,3.381089317292546026e-01
2.431999999999999940e+00,3.316275209431388760e+00,3.452099717193845871e-17,3.381239965842732231e-01
2.434000000000000163e+00,2.477677284748541098e+00,1.283695372222837311e-17,3.381390194154361706e-01
2.435999999999999943e+00,3.316484355939561368e+00,7.806255641895631925e-18,3.381540004151157297e-01
2.438000000000000167e+00,3.316587810933125269e+00,2.298508605669269323e-18,3.381689397744708225e-01
2.439999999999999947e+00,3.316690528698114093e+00,2.130457268934016213e-17,3.381838376834540028e-01
2.442000000000000171e+00,3.316792515358077509e+00,1.561251128379126423e-18,3.381986943308257221e-01
2.443999999999999950e+00,3.316893776972893448e+00,3.478120569333498348e-17,3.382135099041627679e-01
2.446000000000000174e+00,3.316994319536497926e+00,3.133344278483107660e-18,3.382282845898623713e-01
2.447999999999999954e+00,3.317094148978895873e+00,3.105155021998484452e-17,3.382430185731594152e-01
2.450000000000000178e+00,3.317193271167038660e+00,7.155734338404329264e-18,3.382577120381241031e-01
2.451999999999999957e+00,3.317291691907005458e+00,2.185751579730776877e-17,3.382723651676876053e-01
2.454000000000000181e+00,2.477986552621171512e+00,2.291732342091234997e-17,3.382869781436363410e-01
2.455999999999999961e+00,3.317486451955151239e+00,1.405126015541213685e-17,3.383015511466252456e-01
2.458000000000000185e+00,3.317582802571696021e+00,2.645453300864630819e-17,3.383160843561892062e-01
2.459999999999999964e+00,3.317678474356739571e+00,2.879640970121500023e-17,3.383305779507516098e-01
2.462000000000000188e+00,3.317773472817979297e+00,1.427081109534045173e-18,3.383450321076243994e-01
2.463999999999999968e+00,3.317867803406024052e+00,1.708702623837154926e-17,3.383594470030313328e-01
2.466000000000000192e+00,3.317961471515086913e+00,3.242848697904144009e-17,3.383738228121035974e-01
2.467999999999999972e+00,3.318054482483770329e+00,9.020562075079397199e-18,3.383881597088969073e-01
2.470000000000000195e+00,3.318146841596803398e+00,9.714451465470119112e-18,3.384024578663893390e-01
2.471999999999999975e+00,3.318238554084278036e+00,2.207435623180486966e-17,3.384167174565041458e-01
2.474000000000000199e+00,3.318329625122778737e+00,1.684308074956231077e-17,3.384309386501049288e-01
2.475999999999999979e+00,3.318420059837119851e+00,1.459336124165488907e-17,3.384451216170106802e-01
2.478000000000000203e+00,3.318509863299578200e+00,5.892638807458716753e-18,3.384592665260016675e-01
2.479999999999999982e+00,3.318599040531438504e+00,3.410900034639397196e-17,3.384733735448270386e-01
2.482000000000000206e+00,3.318687596503973936e+00,5.117434254131581237e-18,3.384874428402128155e-01
2.483999999999999986e+00,3.318775536138222293e+00,3.131175874138136929e-17,3.385014745778714418e-01
2.486000000000000210e+00,3.318862864306041160e+00,3.896622607912902689e-17,3.385154689225050584e-01
2.487999999999999989e+00,3.318949585831099114e+00,8.543513119185774632e-18,3.385294260378229336e-01
2.490000000000000213e+00,3.319035705489039145e+00,3.027092465579528256e-17,3.385433460865347466e-01
2.491999999999999993e+00,3.319121228007993807e+00,3.243932900076629143e-17,3.385572292303694608e-01
2.494000000000000217e+00,3.319206158070166168e+00,7.459310946700270198e-18,3.385710756300772117e-01
2.495999999999999996e+00,3.319290500310799530e+00,2.567390744445674623e-17,3.385848854454416301e-01
2.498000000000000220e+00,3.319374259320461817e+00,3.044439700339296574e-17,3.385986588352817850e-01
2.500000000000000000e+00,3.319457439644384777e+00,1.599198204416119040e-17,3.386123959574615094e-01
2.502000000000000224e+00,3.319540045783771376e+00,1.214306433183764889e-18,3.386260969688955069e-01
2.504000000000000004e+00,3.319622082196215018e+00,1.179611963664228793e-17,3.386397620255621743e-01
2.506000000000000227e+00,3.319703553295134668e+00,1.363926332986764547e-17,3.386533912825013815e-01
2.508000000000000007e+00,3.319784463452997159e+00,1.405126015541213685e-17,3.386669848938291261e-01
2.510000000000000231e+00,3.319864816998187251e+00,1.730386667286865015e-17,3.386805430127398098e-01
2.512000000000000011e+00,3.319944618219476951e+00,2.255140518769849300e-18,3.386940657915160080e-01
2.514000000000000234e+00,3.320023871363144252e+00,2.853620117981847547e-17,3.387075533815352424e-01
2.516000000000000014e+00,3.320102580635296619e+00,2.341876692568689732e-18,3.387210059332721457e-01
2.518000000000000238e+00,3.320180750202446518e+00,1.353084311261909503e-17,3.387344235963150041e-01
2.520000000000000018e+00,3.320258384190761802e+00,1.769417945496343113e-17,3.387478065193564314e-01
2.522000000000000242e+00,3.320335486687792326e+00,6.765421556309547514e-18,3.387611548502177383e-01
2.524000000000000021e+00,3.320412061742235466e+00,2.081668171172168513e-17,3.387744687358459350e-01
2.526000000000000245e+00,3.320488113365062333e+00,6.786427973401454702e-19,3.387877483223186159e-01
2.528000000000000025e+00,3.320563645529169605e+00,1.966742740888705105e-17,3.388009937548567274e-01
2.530000000000000249e+00,3.320638662170040334e+00,6.314393452555577577e-17,3.388142051778236796e-01
2.532000000000000028e+00,3.320713167186688963e+00,4.640385298237958669e-18,3.388273827347395017e-01
2.534000000000000252e+00,3.320787164441917128e+00,2.116362640691704532e-17,3.388405265682782885e-01
2.536000000000000032e+00,3.320860657762430890e+00,2.107689023311820681e-17,3.388536368202855198e-01
2.538000000000000256e+00,3.320933650939167592e+00,3.599551212651875029e-18,3.388667136317716211e-01
2.540000000000000036e+00,3.321006147728475355e+00,1.387778780781445753e-18,3.388797571429293387e-01
2.542000000000000259e+00,3.321078151851565963e+00,3.367531947739977019e-17,3.388927674931280221e-01
2.544000000000000039e+00,3.321149666995843575e+00,6.071532165918824830e-18,3.389057448209330525e-01
2.546000000000000263e+00,3.321220696814357609e+00,4.488596994089988357e-17,3.389186892641037341e-01
2.548000000000000043e+00,3.321291244927486730e+00,1.578598363138894394e-17,3.389316009595942925e-01
2.550000000000000266e+00,3.321361314920988406e+00,8.365975013441272973e-18,3.389444800435729710e-01
2.552000000000000046e+00,3.321430910350319010e+00,1.040834085586084218e-18,3.389573266514195882e-01
2.554000000000000270e+00,3.321500034735972662e+00,4.857225732735059556e-18,3.389701409177268698e-01
2.556000000000000050e+00,3.321568691568707266e+00,5.551115123125783010e-18,3.389829229763167140e-01
2.558000000000000274e+00,3.321636884306517601e+00,9.774082584956823089e-18,3.389956729602403573e-01
2.560000000000000053e+00,3.321704616376372599e+00,1.821459649775647449e-17,3.390083910017818170e-01
2.561999999999999833e+00,3.321771891173973756e+00,1.387778780781445676e-17,3.390210772324657729e-01
2.564000000000000057e+00,3.321838712066085719e+00,1.144917494144692621e-17,3.390337317830658392e-01
2.565999999999999837e+00,3.321905082387196728e+00,1.040834085586084257e-17,3.390463547836065072e-01
2.568000000000000060e+00,3.321971005443312919e+00,3.989863994746656009e-18,3.390589463633658096e-01
2.569999999999999840e+00,3.322036484510665133e+00,1.283695372222837311e-17,3.390715066508872000e-01
2.572000000000000064e+00,3.322101522836238274e+00,1.737095168229119135e-17,3.390840357739816069e-01
2.573999999999999844e+00,3.322166123638204738e+00,5.251875323519783232e-17,3.390965338597336509e-01
2.576000000000000068e+00,3.322230290106141126e+00,1.539567084929416296e-17,3.391090010345030881e-01
2.577999999999999847e+00,3.322294025401486550e+00,8.847089727481715565e-18,3.391214374239333029e-01
2.580000000000000071e+00,3.322357332657539075e+00,2.012270761803623748e-17,3.391338431529611896e-01
2.581999999999999851e+00,3.322420214980557063e+00,3.070460552478948434e-17,3.391462183458091029e-01
2.584000000000000075e+00,3.322482675449439427e+00,1.374565066804278552e-18,3.391585631260056188e-01
2.585999999999999854e+00,3.322544717115388124e+00,9.540979117872439019e-18,3.391708776163758210e-01
2.588000000000000078e+00,3.322606343003709384e+00,6.548581121812446627e-18,3.391831619390576757e-01
2.589999999999999858e+00,3.322667556112865128e+00,2.173825355833436390e-17,3.391954162155007557e-01
2.592000000000000082e+00,3.322728359415698662e+00,5.117434254131580929e-17,3.392076405664737337e-01
2.593999999999999861e+00,3.322788755858574916e+00,1.502704211064909084e-17,3.392198351120680466e-01
2.596000000000000085e+00,3.322848748362126514e+00,2.740863092043355332e-17,3.392319999717007262e-01
2.597999999999999865e+00,3.322908339823140267e+00,0.000000000000000000e+00,3.392441352641253904e-01
2.600000000000000089e+00,3.322967533112297644e+00,1.216474837528736006e-17,3.392562411074295237e-01
2.601999999999999869e+00,3.323026331075030981e+00,9.714451465470119112e-18,3.392683176190435246e-01
2.604000000000000092e+00,3.323084736533356676e+00,5.637851296924623057e-18,3.392803649157425383e-01
2.605999999999999872e+00,3.323142752285210832e+00,1.890848588814719795e-17,3.392923831136563928e-01
2.608000000000000096e+00,3.323200381103266210e+00,5.594483210025203034e-18,3.393043723282705981e-01
2.609999999999999876e+00,3.323257625737863208e+00,1.405126015541213685e-17,3.393163326744248476e-01
2.612000000000000099e+00,3.323314488914945741e+00,2.978303367817680557e-17,3.393282642663281168e-01
2.613999999999999879e+00,3.323370973337780754e+00,4.119968255444916849e-17,3.393401672175604955e-01
2.616000000000000103e+00,3.323427081686659790e+00,2.012279232133096168e-17,3.393520416410717444e-01
2.617999999999999883e+00,3.323482816619193869e+00,1.318389841742373330e-17,3.393638876491879564e-01
2.620000000000000107e+00,3.323538180769542549e+00,8.673617379884035472e-19,3.393757053536222146e-01
2.621999999999999886e+00,3.323593176751074907e+00,6.266688556966215320e-18,3.393874948654700408e-01
2.624000000000000110e+00,3.323647807154838318e+00,5.559788740505666245e-17,3.393992562952202197e-01
2.625999999999999890e+00,3.323702074548670282e+00,8.950088933867838795e-18,3.394109897527565756e-01
2.628000000000000114e+00,3.323755981480424282e+00,2.702373914920119879e-18,3.394226953473575836e-01
2.629999999999999893e+00,3.323809530476363960e+00,5.334274688628682123e-18,3.394343731877097481e-01
2.632000000000000117e+00,3.323862724041187988e+00,2.151057110211240859e-17,3.394460233819064920e-01
2.633999999999999897e+00,3.323915564658722843e+00,4.666406150377610837e-17,3.394576460374506555e-01
2.636000000000000121e+00,3.323968054792228344e+00,1.275021754842953153e-17,3.394692412612599353e-01
2.637999999999999901e+00,3.324020196884656997e+00,1.630640067418198730e-17,3.394808091596748789e-01
2.640000000000000124e+00,3.324071993358483468e+00,9.096456227153382818e-18,3.394923498384563865e-01
2.641999999999999904e+00,3.324123446616102484e+00,3.191891195797324807e-17,3.395038634027952584e-01
2.644000000000000128e+00,3.324174559040589116e+00,1.006139616066548084e-17,3.395153499573106415e-01
2.645999999999999908e+00,3.324225332993577808e+00,3.297058806528419230e-17,3.395268096060589658e-01
2.648000000000000131e+00,3.324275770819699716e+00,3.577867169202164632e-17,3.395382424525355547e-01
2.649999999999999911e+00,3.324325874842941175e+00,6.591949208711866651e-18,3.395496485996794545e-01
2.652000000000000135e+00,3.324375647368341902e+00,2.044805297307661301e-17,3.395610281498741556e-01
2.653999999999999915e+00,3.324425090681963013e+00,7.589415207398531038e-19,3.395723812049545876e-01
2.656000000000000139e+00,3.324474207051487440e+00,7.806255641895631925e-18,3.395837078662121145e-01
2.657999999999999918e+00,3.324522998725669254e+00,6.948380672916477158e-18,3.395950082343914267e-01
2.660000000000000142e+00,3.324571467935765412e+00,1.092875789865388439e-17,3.396062824097030863e-01
2.661999999999999922e+00,3.324619616893762952e+00,2.151057110211240859e-17,3.396175304918210847e-01
2.664000000000000146e+00,3.324667447794475095e+00,3.404394821604483769e-18,3.396287525798862839e-01
2.665999999999999925e+00,3.324714962814702801e+00,1.335737076502141494e-17,3.396399487725164090e-01
2.668000000000000149e+00,3.324762164113497676e+00,1.926627260506741256e-17,3.396511191678017738e-01
2.669999999999999929e+00,3.324809053832876060e+00,6.938893903907228763e-19,3.396622638633124969e-01
2.672000000000000153e+00,3.324855634097051649e+00,3.989863994746656009e-18,3.396733829561031093e-01
2.673999999999999932e+00,3.324901907013433799e+00,1.366094737331735587e-17,3.396844765427130541e-01
2.676000000000000156e+00,3.324947874672524506e+00,3.686287386450715076e-18,3.396955447191729038e-01
2.677999999999999936e+00,3.324993539147847343e+00,3.395721204224599764e-17,3.397065875810056368e-01
2.680000000000000160e+00,3.325038902496761040e+00,5.100087019371812611e-17,3.397176052232310783e-01
2.681999999999999940e+00,3.325083966759461163e+00,1.812786032395763290e-17,3.397285977403685653e-01
2.684000000000000163e+00,3.325128733960397653e+00,2.341876692568689577e-17,3.397395652264428301e-01
2.685999999999999943e+00,3.325173206108043900e+00,1.791101988946053202e-17,3.397505077749840563e-01
2.688000000000000167e+00,3.325217385194466857e+00,7.806255641895632117e-19,3.397614254790344290e-01
2.689999999999999947e+00,3.325261273196048251e+00,1.561251128379126385e-17,3.397723184311417510e-01
2.692000000000000171e+00,3.325304872073164830e+00,3.595756505048175209e-17,3.397831867233795378e-01
2.693999999999999950e+00,3.325348183771758670e+00,8.673617379884035472e-18,3.397940304473387463e-01
2.696000000000000174e+00,3.325391210221035010e+00,4.834457487112864025e-17,3.398048496941281083e-01
2.697999999999999954e+00,3.325433953335956261e+00,8.413408858487513792e-18,3.398156445543889514e-01
2.700000000000000178e+00,3.325476415015803155e+00,8.326672684688673745e-18,3.398264151182880388e-01
2.701999999999999957e+00,3.325518597145634914e+00,1.214306433183764966e-17,3.398371614755228975e-01
2.704000000000000181e+00,3.325560501594292617e+00,5.724587470723463103e-18,3.398478837153316445e-01
2.705999999999999961e+00,3.325602130217930608e+00,3.526909667095346047e-17,3.398585819264867691e-01
2.708000000000000185e+00,3.325643484856701804e+00,3.504141421473150207e-17,3.398692561973016280e-01
2.709999999999999964e+00,3.325684567337248154e+00,3.469446951953614381e-19,3.398799066156373838e-01
2.712000000000000188e+00,3.325725379470860332e+00,2.086004979862110593e-17,3.398905332688992864e-01
2.713999999999999968e+00,3.325765923055822526e+00,3.191891195797324807e-17,3.399011362440466644e-01
2.716000000000000192e+00,3.325806199875962932e+00,1.439820485060750012e-17,3.399117156275859863e-01
2.717999999999999972e+00,3.325846211701609434e+00,4.948298715223841990e-17,3.399222715055873478e-01
2.720000000000000195e+00,3.325885960288808008e+00,4.423544863740858091e-17,3.399328039636735355e-01
2.721999999999999975e+00,3.325925447380441824e+00,2.931682674400803743e-17,3.399433130870349040e-01
2.724000000000000199e+00,3.325964674705641499e+00,1.405126015541213685e-17,3.399537989604230481e-01
2.725999999999999979e+00,3.326003643980808278e+00,9.714451465470119112e-18,3.399642616681554097e-01
2.728000000000000203e+00,3.326042356907610298e+00,4.835541689285349776e-17,3.399747012941256030e-01
2.729999999999999982e+00,3.326080815176485572e+00,1.483188571960170189e-17,3.399851179217959762e-01
2.732000000000000206e+00,3.326119020463821130e+00,4.380176776841437759e-18,3.399955116342053829e-01
2.733999999999999986e+00,3.326156974433597924e+00,3.330669073875469498e-17,3.400058825139749552e-01
2.736000000000000210e+00,3.326194678736527521e+00,3.642919299551295052e-18,3.400162306433026083e-01
2.737999999999999989e+00,3.326232135011249369e+00,1.387778780781445753e-18,3.400265561039719775e-01
2.740000000000000213e+00,3.326269344883552748e+00,2.276824562219559311e-17,3.400368589773560268e-01
2.741999999999999993e+00,3.326306309967137054e+00,4.375839968151496142e-17,3.400471393444123858e-01
2.744000000000000217e+00,3.326343031862581512e+00,3.005408422129818168e-17,3.400573972856952287e-01
2.745999999999999996e+00,3.326379512159864049e+00,3.275374763078709142e-17,3.400676328813514449e-01
2.748000000000000220e+00,3.326415752435234907e+00,1.162264728904460784e-17,3.400778462111245237e-01
2.750000000000000000e+00,3.326451754253966442e+00,2.385244779468109755e-17,3.400880373543599955e-01
2.752000000000000224e+00,3.326487519169536000e+00,3.239596091386687372e-17,3.400982063900047647e-01
2.754000000000000004e+00,3.326523048723018405e+00,5.377642775528102147e-18,3.401083533966094974e-01
2.756000000000000227e+00,3.326558344444510595e+00,3.642919299551295052e-18,3.401184784523344495e-01
2.758000000000000007e+00,3.326593407852232787e+00,1.630640067418198730e-17,3.401285816349500224e-01
2.760000000000000231e+00,3.326628240452684793e+00,1.387778780781445676e-17,3.401386630218352081e-01
2.762000000000000011e+00,3.326662843742159481e+00,9.652109840552203840e-18,3.401487226899877481e-01
2.764000000000000234e+00,3.326697219204628908e+00,6.904199434387691743e-17,3.401587607160233562e-01
2.766000000000000014e+00,3.326731368312771053e+00,5.898059818321143967e-18,3.401687771761734980e-01
2.768000000000000238e+00,3.326765292529756834e+00,7.112366251504908471e-18,3.401787721462968261e-01
2.770000000000000018e+00,3.326798993306493202e+00,8.326672684688673745e-18,3.401887457018721306e-01
2.772000000000000242e+00,3.326832472083253833e+00,2.949029909160571983e-18,3.401986979180069426e-01
2.774000000000000021e+00,3.326865730289480183e+00,1.912532632264429883e-17,3.402086288694404770e-01
2.776000000000000245e+00,3.326898769345135065e+00,1.366094737331735587e-17,3.402185386305399684e-01
2.778000000000000025e+00,3.326931590657945748e+00,1.387778780781445753e-18,3.402284272753064998e-01
2.780000000000000249e+00,3.326964195626754162e+00,2.612385134603822810e-17,3.402382948773814419e-01
2.782000000000000028e+00,3.326996585638447357e+00,4.289103794352655787e-17,3.402481415100407913e-01
2.784000000000000252e+00,3.327028762071460477e+00,1.170938346284344866e-18,3.402579672462030524e-01
2.786000000000000032e+00,3.327060726292128123e+00,2.862293735361731706e-17,3.402677721584290715e-01
2.788000000000000256e+00,3.327092479658311674e+00,2.498001805406602278e-17,3.402775563189250896e-01
2.790000000000000036e+00,3.327124023517075813e+00,2.324529457808921568e-17,3.402873197995462395e-01
2.792000000000000259e+00,3.327155359205239193e+00,2.372234353398283825e-17,3.402970626717947700e-01
2.794000000000000039e+00,3.327186488051204094e+00,9.801187639268960700e-18,3.403067850068260958e-01
2.796000000000000263e+00,3.327217411372082267e+00,2.255140518769849300e-18,3.403164868754521288e-01
2.798000000000000043e+00,3.327248130476093024e+00,2.081668171172168436e-18,3.403261683481356159e-01
2.800000000000000266e+00,3.327278646662005457e+00,2.134794077623958292e-17,3.403358294950025731e-01
2.802000000000000046e+00,3.327308961218470529e+00,8.673617379884035472e-18,3.403454703858356245e-01
2.804000000000000270e+00,3.327339075425420845e+00,4.510281037539698600e-18,3.403550910900827731e-01
2.806000000000000050e+00,3.327368990552827199e+00,2.973559983313056475e-17,3.403646916768560127e-01
2.808000000000000274e+00,3.327398707862062821e+00,1.179611963664228793e-17,3.403742722149321054e-01
2.810000000000000053e+00,3.327428228604745186e+00,3.194059600142296309e-17,3.403838327727600199e-01
2.812000000000000277e+00,3.327457554023972364e+00,9.280770596475917339e-18,3.403933734184543813e-01
2.814000000000000057e+00,3.327486685353292728e+00,1.821459649775647449e-17,3.404028942198072394e-01
2.815999999999999837e+00,3.327515623817266288e+00,1.092875789865388439e-17,3.404123952442855705e-01
2.818000000000000060e+00,3.327544370632359971e+00,4.852821161409337349e-18,3.404218765590288909e-01
2.819999999999999840e+00,3.327572927005743253e+00,4.440892098500626408e-17,3.404313382308573055e-01
2.822000000000000064e+00,3.327601294135838828e+00,6.331740687315345741e-18,3.404407803262758936e-01
2.823999999999999844e+00,3.327629473212560640e+00,3.539920093165171977e-17,3.404502029114648831e-01
2.826000000000000068e+00,3.327657465417399152e+00,1.574261554448952315e-17,3.404596060522956380e-01
2.827999999999999847e+00,3.327685271922874222e+00,1.565587937069068464e-17,3.404689898143225535e-01
2.830000000000000071e+00,3.327712893893433943e+00,1.179611963664228793e-17,3.404783542627894399e-01
2.831999999999999851e+00,3.327740332484999897e+00,5.507747036226362217e-18,3.404876994626311326e-01
2.834000000000000075e+00,3.327767588846160862e+00,8.239936510889833313e-19,3.404970254784730477e-01
2.835999999999999854e+00,3.327794664115774737e+00,1.861033029071368423e-17,3.405063323746340687e-01
2.838000000000000078e+00,3.327821559425409248e+00,3.608224830031758880e-17,3.405156202151348177e-01
2.839999999999999858e+00,3.327848275898418251e+00,5.811323644522303766e-17,3.405248890636842773e-01
2.842000000000000082e+00,3.327874814650719770e+00,9.020562075079397199e-18,3.405341389836997745e-01
2.843999999999999861e+00,3.327901176788991222e+00,1.994931997373328159e-17,3.405433700382949902e-01
2.846000000000000085e+00,3.327927363413532902e+00,5.190617900774352478e-18,3.405525822902891186e-01
2.847999999999999865e+00,3.327953375615823717e+00,3.408731630294425694e-17,3.405617758022036479e-01
2.850000000000000089e+00,3.327979214480237147e+00,3.122502256758252847e-18,3.405709506362704642e-01
2.851999999999999869e+00,3.328004881082293309e+00,2.038300084272748413e-18,3.405801068544279109e-01
2.854000000000000092e+00,3.328030376491959430e+00,3.619202377028174489e-17,3.405892445183242856e-01
2.855999999999999872e+00,3.328055701769454089e+00,1.283695372222837311e-17,3.405983636893191169e-01
2.858000000000000096e+00,3.328080857968870987e+00,2.723515857283587015e-17,3.406074644284887154e-01
2.859999999999999876e+00,3.328105846137116686e+00,1.124317652867468129e-17,3.406165467966240090e-01
2.862000000000000099e+00,3.328130667312610314e+00,1.353084311261909503e-17,3.406256108542294880e-01
2.863999999999999879e+00,3.328155322526825444e+00,3.561604136614882066e-17,3.406346566615349181e-01
2.866000000000000103e+00,3.328179812804897608e+00,5.898059818321143967e-18,3.406436842784838492e-01
2.867999999999999883e+00,3.328204139163648989e+00,2.636779683484746660e-17,3.406526937647438857e-01
2.870000000000000107e+00,3.328228302613066347e+00,1.691355389077386917e-17,3.406616851797104051e-01
2.871999999999999886e+00,3.328252304156482211e+00,3.122502256758252847e-18,3.406706585825005629e-01
2.874000000000000110e+00,3.328276144790009994e+00,1.821459649775647449e-17,3.406796140319585664e-01
2.875999999999999890e+00,3.328299825502913478e+00,6.071532165918824830e-18,3.406885515866575620e-01
2.878000000000000114e+00,3.328323347277038380e+00,5.525094270986130842e-17,3.406974713049054637e-01
2.879999999999999893e+00,3.328346711088038035e+00,6.852157730108388331e-18,3.407063732447329629e-01
2.882000000000000117e+00,3.328369917904399955e+00,8.153200337090993652e-18,3.407152574639110143e-01
2.883999999999999897e+00,3.328392968688454800e+00,1.006139616066548084e-17,3.407241240199468391e-01
2.886000000000000121e+00,3.328415864395296353e+00,2.168404344971008868e-17,3.407329729700784293e-01
2.887999999999999901e+00,3.328438605972870334e+00,3.361026734705063745e-17,3.407418043712862610e-01
2.890000000000000124e+00,3.328461194363775633e+00,2.324529457808921568e-17,3.407506182802882977e-01
2.891999999999999904e+00,3.328483630503754398e+00,7.031051088568495638e-18,3.407594147535452644e-01
2.894000000000000128e+00,3.328505915321727571e+00,1.665334536937734749e-17,3.407681938472582051e-01
2.895999999999999908e+00,3.328528049740572925e+00,2.803746818047514713e-17,3.407769556173778636e-01
2.898000000000000131e+00,3.328550034675853198e+00,3.495467804093266049e-17,3.407857001195910285e-01
2.899999999999999911e+00,3.328571871038526808e+00,4.943961906533900373e-18,3.407944274093410719e-01
2.902000000000000135e+00,3.328593559731995555e+00,5.231275482242558894e-18,3.408031375418166808e-01
2.903999999999999915e+00,3.328615101654055053e+00,2.810252031082427370e-17,3.408118305719590180e-01
2.906000000000000139e+00,3.328636497695793395e+00,9.729359245341795107e-18,3.408205065544529511e-01
2.907999999999999918e+00,3.328657748743211187e+00,3.295974604355933479e-17,3.408291655437434842e-01
2.910000000000000142e+00,3.328678855674517933e+00,2.914335439641036042e-17,3.408378075940317053e-01
2.911999999999999922e+00,3.328699819363933443e+00,3.035766082959412415e-17,3.408464327592674037e-01
2.914000000000000146e+00,3.328720640678408671e+00,3.295974604355933325e-18,3.408550410931606156e-01
2.915999999999999925e+00,3.328741320479050358e+00,5.898059818321143967e-18,3.408636326491880086e-01
2.918000000000000149e+00,3.328761859622204611e+00,3.096481404618600910e-17,3.408722074805718427e-01
2.919999999999999929e+00,3.328782258957048157e+00,3.408731630294425694e-17,3.408807656403041730e-01
2.922000000000000153e+00,3.328802519327535236e+00,1.994931997373328159e-17,3.408893071811431308e-01
2.923999999999999932e+00,3.328822641572187990e+00,4.935288289154016060e-17,3.408978321556022650e-01
2.926000000000000156e+00,3.328842626523318415e+00,9.714451465470119112e-18,3.409063406159680842e-01
2.927999999999999936e+00,3.328862475007898780e+00,6.158268339717664877e-18,3.409148326142924512e-01
2.930000000000000160e+00,3.328882187847110430e+00,5.030698080332740420e-18,3.409233082023900852e-01
2.931999999999999940e+00,3.328901765857306572e+00,7.220786468753458914e-18,3.409317674318515512e-01
2.934000000000000163e+00,3.328921209848083151e+00,9.974659986866640022e-19,3.409402103540384310e-01
2.935999999999999943e+00,3.328940520624364297e+00,3.183217578417441265e-17,3.409486370200783267e-01
2.938000000000000167e+00,3.328959698985922699e+00,6.158268339717664877e-18,3.409570474808782947e-01
2.939999999999999947e+00,3.328978745726665522e+00,1.409462824231155764e-17,3.409654417871199050e-01
2.942000000000000171e+00,3.328997661635096250e+00,2.116362640691704532e-17,3.409738199892549115e-01
2.943999999999999950e+00,3.329016447494684172e+00,2.255140518769849223e-17,3.409821821375187412e-01
2.946000000000000174e+00,3.329035104083910568e+00,5.486062992776652590e-18,3.409905282819261085e-01
2.947999999999999954e+00,3.329053632175043020e+00,4.145989107584568709e-17,3.409988584722630778e-01
2.950000000000000178e+00,3.329072032536465997e+00,2.233456475320139134e-17,3.410071727581055478e-01
2.951999999999999957e+00,3.329090305930400007e+00,1.370431546021677666e-17,3.410154711888077061e-01
2.954000000000000181e+00,3.329108453114837829e+00,7.643625316022806260e-18,3.410237538135090785e-01
2.955999999999999961e+00,3.329126474841650918e+00,6.938893903907228763e-19,3.410320206811325305e-01
2.958000000000000185e+00,3.329144371858824059e+00,2.220446049250313204e-17,3.410402718403866551e-01
2.959999999999999964e+00,3.329162144909005860e+00,8.847089727481715565e-18,3.410485073397699352e-01
2.962000000000000188e+00,3.329179794729483888e+00,1.543903893619358376e-17,3.410567272275667472e-01
2.963999999999999968e+00,3.329197322052927177e+00,3.348016308635237815e-17,3.410649315518490821e-01
2.966000000000000192e+00,3.329214727607165969e+00,1.752070710736575104e-17,3.410731203604855932e-01
2.967999999999999972e+00,3.329232012115216577e+00,1.247882819212925401e-17,3.410812937011322155e-01
2.970000000000000195e+00,3.329249176295139279e+00,2.992126945516871108e-17,3.410894516212410466e-01
2.971999999999999975e+00,3.329266220861253345e+00,3.681950577760773304e-17,3.410975941680550183e-01
2.974000000000000199e+00,3.329283146521095915e+00,1.994931997373328004e-18,3.411057213886121708e-01
2.975999999999999979e+00,3.329299953979518278e+00,5.455705331947058189e-17,3.411138333297519809e-01
2.978000000000000203e+00,3.329316643935555931e+00,2.361392331673428781e-17,3.411219300381086450e-01
2.979999999999999982e+00,3.329333217084545993e+00,5.554706542822140443e-17,3.411300115601167970e-01
2.982000000000000206e+00,3.329349674116389934e+00,2.762547135493065421e-17,3.411380779420047360e-01
2.983999999999999986e+00,3.329366015717283744e+00,1.805196617188364883e-17,3.411461292298110792e-01
2.986000000000000210e+00,3.329382242567731964e+00,2.324529457808921568e-17,3.411541654693674430e-01
2.987999999999999989e+00,3.329398355345162486e+00,4.831204880595408004e-17,3.411621867063178715e-01
2.990000000000000213e+00,3.329414354721421887e+00,1.214306433183764966e-17,3.411701929861020721e-01
2.991999999999999993e+00,3.329430241365198384e+00,2.550043509685906306e-17,3.411781843539716808e-01
2.994000000000000217e+00,3.329446015939048209e+00,1.092875789865388439e-17,3.411861608549856539e-01
2.995999999999999996e+00,3.329461679102735161e+00,1.144917494144692621e-17,3.411941225339981676e-01
2.998000000000000220e+00,3.329477231511265956e+00,2.790736391977688167e-17,3.412020694356884265e-01
3.000000000000000000e+00,3.329492673815401815e+00,1.726049858596922936e-17,3.412100016045349071e-01
