# delta,gap,coarse,fine
0.000000000000000000e+00,-1.776356839400250465e-15,1.385490234054725378e-01,2.135335257675946008e-01
2.000000000000000042e-03,-1.065814103640150279e-14,2.210155698933641832e-01,4.602488780558200432e-02
4.000000000000000083e-03,-7.105427357601001859e-15,8.265271321626865841e-02,4.788122949195489086e-02
6.000000000000000125e-03,-4.618527782440651208e-14,6.193893699126697822e-02,4.889481015845029838e-02
8.000000000000000167e-03,3.730349362740525976e-14,9.559635609502152576e-02,5.619711209627406556e-02
1.000000000000000021e-02,-3.730349362740525976e-14,4.107098401432621865e-02,5.488723187712318818e-02
1.200000000000000025e-02,5.329070518200751394e-15,9.378408572772600760e-02,6.067096334448258965e-02
1.400000000000000029e-02,2.493192149412415404e-02,3.660578716040643887e-01,4.409310038286751166e-02
1.600000000000000033e-02,4.973799150320701301e-14,1.799171514209442491e-01,3.656162842787850920e-02
1.800000000000000211e-02,-4.440892098500626162e-14,2.190963201886798328e-01,5.597156676866241881e-02
2.000000000000000042e-02,-3.907985046680551022e-14,7.205336462125784547e-02,4.818336507701217325e-02
2.199999999999999872e-02,2.131628207280300558e-14,1.136353943179832168e-02,4.422345239181268983e-02
2.400000000000000050e-02,3.730349362740525976e-14,1.583853179825606833e-02,5.202788277739343187e-02
2.600000000000000228e-02,-2.486899575160350651e-14,2.677413749506178386e-01,4.530938980757442253e-02
2.800000000000000058e-02,1.598721155460225418e-14,1.024275009286574611e-01,3.707857095815547677e-02
2.999999999999999889e-02,-5.329070518200751394e-15,3.262180671339995897e-01,4.825595083698744348e-02
3.200000000000000067e-02,3.552713678800500929e-15,1.837110315557038270e-02,5.337877392673714971e-02
3.400000000000000244e-02,3.552713678800500929e-15,1.005225196420365119e-01,5.513688378171822252e-02
3.600000000000000422e-02,6.428469300210437609e-02,2.293753021301325190e-01,3.909760821733111041e-02
3.799999999999999906e-02,6.787277490065868335e-02,3.623930578720534201e-02,4.899315417288806901e-02
4.000000000000000083e-02,-2.309263891220325604e-14,2.401687133177044520e-01,4.690878465987220053e-02
4.200000000000000261e-02,-3.552713678800500929e-14,1.368696030303926392e-01,4.722563005836391548e-02
4.399999999999999745e-02,-5.329070518200751394e-15,1.880882582535615966e-01,5.067959955793030491e-02
4.599999999999999922e-02,-1.243449787580175325e-14,1.306033242911336933e-01,3.996706259907935321e-02
4.800000000000000100e-02,8.583959812408714640e-02,1.050590897277406677e-01,4.311133978215334756e-02
5.000000000000000278e-02,1.598721155460225418e-14,7.345993006742151943e-02,4.464621794441296643e-02
5.200000000000000455e-02,1.243449787580175325e-14,2.512287573955301889e-01,4.678217946173303388e-02
5.399999999999999939e-02,1.598721155460225418e-14,1.513298403141378687e-02,4.431645715412553532e-02
5.600000000000000117e-02,1.953992523340275511e-14,3.237360722782784556e-02,5.943693420946195155e-02
5.800000000000000294e-02,8.881784197001252323e-15,2.597987663977096018e-01,3.949749939291559431e-02
5.999999999999999778e-02,-3.907985046680551022e-14,1.233825489121099517e-01,5.033102336351861356e-02
6.199999999999999956e-02,3.019806626980425790e-14,1.820408432209090210e-01,5.059577806923003934e-02
6.400000000000000133e-02,5.151434834260726348e-14,3.404567323170767934e-01,4.409825771984627468e-02
6.600000000000000311e-02,-4.973799150320701301e-14,1.729892714783149432e-01,3.033565303778929662e-02
6.800000000000000488e-02,-1.776356839400250465e-14,9.986581139079473216e-03,4.020551814393279189e-02
7.000000000000000666e-02,-3.552713678800500929e-14,3.330308654326488704e-01,4.044385110761213042e-02
7.200000000000000844e-02,1.953992523340275511e-14,3.642996332994915404e-02,4.883980179658974768e-02
7.399999999999999634e-02,-5.329070518200751394e-15,1.912750558959150707e-02,3.705126428732304772e-02
7.599999999999999811e-02,-5.329070518200751394e-15,5.482477761901451835e-02,3.691468553214256182e-02
7.799999999999999989e-02,-2.309263891220325604e-14,1.170815061639485059e-02,3.928173596891047087e-02
8.000000000000000167e-02,-2.131628207280300558e-14,3.480669618398333359e-02,4.855752230358604399e-02
8.200000000000000344e-02,7.105427357601001859e-15,2.563940009089006877e-01,3.472130599471114076e-02
8.400000000000000522e-02,-1.421085471520200372e-14,1.051401039923444414e-01,5.169671661404320884e-02
8.600000000000000699e-02,-2.486899575160350651e-14,2.415227781316914846e-01,4.093632552246914691e-02
8.799999999999999489e-02,4.263256414560601115e-14,2.380405468688385207e-01,3.710614067377723119e-02
8.999999999999999667e-02,-3.375077994860475883e-14,2.465165022017468954e-01,4.717055791562426575e-02
9.199999999999999845e-02,-3.730349362740525976e-14,1.356167886146383561e-01,3.682976263629313823e-02
9.400000000000000022e-02,-9.059419880941277370e-14,1.694009214339708969e-02,4.778832377612176469e-02
9.600000000000000200e-02,-7.105427357601001859e-15,2.449770553204421442e-01,3.827133071315561019e-02
9.800000000000000377e-02,1.421085471520200372e-14,1.535622737780855396e-01,3.439067200962107190e-02
1.000000000000000056e-01,3.552713678800500929e-15,2.245433855435828296e-01,4.383791245058773350e-02
1.020000000000000073e-01,-4.263256414560601115e-14,6.342096730054572196e-02,5.025343835572992218e-02
1.040000000000000091e-01,-6.927791673660976812e-14,1.911682940129299513e-01,4.755885359038888177e-02
1.059999999999999970e-01,-6.750155989720951766e-14,1.462583076408417448e-01,4.054046186959597842e-02
1.079999999999999988e-01,8.881784197001252323e-15,2.988318258603418417e-03,4.767878011171224062e-02
1.100000000000000006e-01,-1.065814103640150279e-14,9.177888648191849519e-02,6.044916935195743246e-02
1.120000000000000023e-01,1.421085471520200372e-14,2.148413662635533239e-01,3.856451766260295816e-02
1.140000000000000041e-01,-6.572520305780926719e-14,2.629854982680286390e-01,3.548018122475073144e-02
1.160000000000000059e-01,1.776356839400250465e-15,2.721752893458509459e-01,4.112075907433307420e-02
1.180000000000000077e-01,-1.421085471520200372e-14,1.770261700256955673e-01,4.685285872691889036e-02
1.199999999999999956e-01,4.973799150320701301e-14,3.741301016446570982e-01,4.309940293568016723e-02
1.219999999999999973e-01,-3.375077994860475883e-14,7.932579322773922192e-02,4.412772464518070759e-02
1.239999999999999991e-01,2.238288753740960146e-01,2.361079845061493376e-01,3.765044783768323883e-02
1.260000000000000009e-01,2.274946381801186135e-01,1.724071560609722331e-01,4.000610136914374559e-02
1.280000000000000027e-01,-1.598721155460225418e-14,3.931557115198514377e-03,4.613724194428494435e-02
1.300000000000000044e-01,2.348314747408668524e-01,1.806441265969542520e-01,4.938591202831763699e-02
1.320000000000000062e-01,2.385025488881407085e-01,5.730294889634986177e-02,3.709437806498019907e-02
1.340000000000000080e-01,1.776356839400250465e-15,2.076285801996360578e-02,5.228639809649646836e-02
1.360000000000000098e-01,-5.861977570020826533e-14,1.680283786124050771e-01,3.129972923363723986e-02
1.380000000000000115e-01,-1.776356839400250465e-15,1.709035141408135894e-01,3.338259111616653785e-02
1.400000000000000133e-01,1.065814103640150279e-14,2.152770047595769717e-02,3.119135311111480638e-02
1.420000000000000151e-01,-1.065814103640150279e-14,1.516388496922846107e-01,3.112967584291619766e-02
1.440000000000000169e-01,-2.664535259100375697e-14,2.144124740182030142e-01,3.881703691052961619e-02
1.459999999999999909e-01,2.309263891220325604e-14,8.175913712366027208e-02,3.504955511929765816e-02
1.479999999999999927e-01,-2.842170943040400743e-14,1.528940530377070062e-01,5.218380953542898354e-02
1.499999999999999944e-01,-1.776356839400250465e-15,3.888834025925935189e-01,3.809910520526434141e-02
1.519999999999999962e-01,-4.973799150320701301e-14,1.361450973639224127e-01,3.615021033619101459e-02
1.539999999999999980e-01,2.790012819082487994e-01,2.005918321501479196e-01,5.088504839451665762e-02
1.559999999999999998e-01,1.421085471520200372e-14,1.409285655263088632e-01,3.682427961456443549e-02
1.580000000000000016e-01,-1.776356839400250465e-15,1.856935484826641169e-02,3.719945840921862895e-02
1.600000000000000033e-01,8.881784197001252323e-15,7.748883975676430780e-02,5.466653497482189955e-02
1.620000000000000051e-01,2.309263891220325604e-14,2.536436117249835642e-01,3.654011098168288840e-02
1.640000000000000069e-01,-2.842170943040400743e-14,1.368688417255700118e-01,4.133731675992351889e-02
1.660000000000000087e-01,-6.927791673660976812e-14,8.803516859664370017e-03,4.862655086916288505e-02
1.680000000000000104e-01,4.618527782440651208e-14,1.405066495819156380e-01,3.702920591501807079e-02
1.700000000000000122e-01,0.000000000000000000e+00,2.065194294104147621e-01,3.561022836487293119e-02
1.720000000000000140e-01,-4.263256414560601115e-14,2.479513768341246593e-01,3.836601585351717691e-02
1.740000000000000158e-01,-1.598721155460225418e-14,5.550821365658773626e-02,4.949779487532909167e-02
1.759999999999999898e-01,3.197145360454154428e-01,8.471360828898281958e-02,3.256403421471151111e-02
1.779999999999999916e-01,-3.197442310920450836e-14,1.947811747192533527e-01,4.090216771181700434e-02
1.799999999999999933e-01,1.421085471520200372e-14,2.053975510480452460e-01,4.109306229111558961e-02
1.819999999999999951e-01,3.308554131312018143e-01,8.233995897917653628e-02,4.580064359231830057e-02
1.839999999999999969e-01,-3.552713678800500929e-15,1.472925370044181337e-01,4.434037723782410789e-02
1.859999999999999987e-01,-3.907985046680551022e-14,8.843914070945094186e-02,3.521571236201769678e-02
1.880000000000000004e-01,-5.329070518200751394e-14,4.343579912514176217e-02,4.417319615588557319e-02
1.900000000000000022e-01,1.421085471520200372e-14,1.694992629467665865e-02,4.161387192908658217e-02
1.920000000000000040e-01,4.263256414560601115e-14,5.000646105218240628e-02,2.991348092989236720e-02
1.940000000000000058e-01,3.531851068452613873e-01,5.094896335086075007e-03,5.254264590043655758e-02
1.960000000000000075e-01,1.776356839400250465e-14,1.235512577069506623e-01,3.592156502600028084e-02
1.980000000000000093e-01,-1.243449787580175325e-14,1.337474366364495848e-01,3.853311949780494072e-02
2.000000000000000111e-01,-7.105427357601001859e-14,6.732464156719389359e-02,4.443831649525192135e-02
2.020000000000000129e-01,-5.506706202140776441e-14,3.716244353484388779e-02,4.213957407649474018e-02
2.040000000000000147e-01,7.105427357601001859e-15,6.174974177940575210e-02,4.562247137348545561e-02
2.060000000000000164e-01,-7.105427357601001859e-15,4.134791195442483192e-02,3.910529898485160666e-02
2.080000000000000182e-01,0.000000000000000000e+00,8.685126450709160228e-02,4.258962253938965853e-02
2.099999999999999922e-01,-4.973799150320701301e-14,1.439702001726265133e-02,3.734826932764396396e-02
2.119999999999999940e-01,2.309263891220325604e-14,1.711935831402720820e-01,3.679342108970368175e-02
2.139999999999999958e-01,-3.730349362740525976e-14,1.271515773725371556e-01,4.249090172267171173e-02
2.159999999999999976e-01,1.776356839400250465e-15,2.271035149213128726e-02,4.260352818629745131e-02
2.179999999999999993e-01,-3.730349362740525976e-14,1.884614991946845508e-01,3.790009065939310695e-02
2.200000000000000011e-01,-7.460698725481051952e-14,1.132335052360248923e-01,3.242342794811192697e-02
2.220000000000000029e-01,-2.131628207280300558e-14,1.935277381093329363e-01,4.271221337742801827e-02
2.240000000000000047e-01,-1.421085471520200372e-14,2.241532549644383587e-01,3.180647283059363783e-02
2.260000000000000064e-01,-1.953992523340275511e-14,4.793140433103361409e-02,2.889047523678096516e-02
2.280000000000000082e-01,-6.927791673660976812e-14,1.711145245664770220e-01,3.932993423951205297e-02
2.300000000000000100e-01,-5.329070518200751394e-15,8.984752484628436009e-02,4.528503838194578024e-02
2.320000000000000118e-01,-1.953992523340275511e-14,2.583722806702834496e-01,4.739007943413886537e-02
2.340000000000000135e-01,-4.796163466380676255e-14,1.109862076025563971e-01,3.843974080977136110e-02
2.360000000000000153e-01,-5.329070518200751394e-15,2.361473028442486188e-01,3.225799323869246032e-02
2.380000000000000171e-01,7.105427357601001859e-15,5.549181196461555610e-02,3.853897441401221702e-02
2.399999999999999911e-01,-2.842170943040400743e-14,1.993551852515151601e-01,3.686542957156137279e-02
2.419999999999999929e-01,-4.263256414560601115e-14,8.020695695288335147e-02,4.038316991468199335e-02
2.439999999999999947e-01,-2.842170943040400743e-14,1.625594773297640572e-01,4.228371124701449379e-02
2.459999999999999964e-01,-7.105427357601001859e-15,6.660499813521439383e-02,3.244851023580149624e-02
2.479999999999999982e-01,4.544605820419551634e-01,1.543492707778481576e-01,2.702547595958802035e-02
2.500000000000000000e-01,-1.065814103640150279e-14,1.576213871747909057e-01,4.607472637365726820e-02
2.520000000000000018e-01,-5.151434834260726348e-14,1.475232524751737828e-01,2.917451431333843020e-02
2.540000000000000036e-01,-1.598721155460225418e-14,8.437537310295015192e-02,3.640364379157566554e-02
2.560000000000000053e-01,4.263256414560601115e-14,5.883294827015268791e-02,3.690128635005611446e-02
2.580000000000000071e-01,5.329070518200751394e-14,5.468876804508282508e-02,3.284944444599612046e-02
2.600000000000000089e-01,-8.171241461241152138e-14,1.386604164425818408e-01,3.443026036701971743e-02
2.620000000000000107e-01,3.552713678800500929e-15,9.057367371033922532e-02,3.654313321499483291e-02
2.640000000000000124e-01,-8.526512829121202230e-14,1.344645284961128694e-02,3.128452782783820718e-02
2.660000000000000142e-01,4.885073549905332158e-01,1.249101138682849194e-01,3.390426506876482310e-02
2.680000000000000160e-01,-5.684341886080801487e-14,9.355948923993910593e-02,3.515512546806608823e-02
2.700000000000000178e-01,1.776356839400250465e-14,1.613411643637352177e-01,4.003683757343506205e-02
2.720000000000000195e-01,-9.592326932761352509e-14,1.214311916947503622e-01,4.081023867740150163e-02
2.740000000000000213e-01,-4.263256414560601115e-14,4.607902552553718584e-02,4.072235756689036174e-02
2.760000000000000231e-01,5.074845765039093237e-01,1.597735427463453650e-01,3.402178090124433063e-02
2.780000000000000249e-01,1.953992523340275511e-14,1.444491396474932021e-01,4.026803172738929043e-02
2.800000000000000266e-01,-4.085620730620576069e-14,2.264280049325036737e-01,3.356967764982944635e-02
2.820000000000000284e-01,-2.131628207280300558e-14,8.003448830417236870e-02,3.667546911866271381e-02
2.840000000000000302e-01,-8.704148513061227277e-14,6.772987243365781451e-02,4.100881132607500645e-02
2.860000000000000320e-01,-7.105427357601001859e-15,6.907590105736080566e-02,3.896257331150228265e-02
2.880000000000000338e-01,-9.414691248821327463e-14,1.903473447975154720e-01,2.858953178077979634e-02
2.899999999999999800e-01,-9.947598300641402602e-14,5.542276821617122401e-02,3.550328875029794967e-02
2.919999999999999818e-01,-1.598721155460225418e-14,3.229234110181306572e-01,2.713410894093152420e-02
2.939999999999999836e-01,-7.105427357601001859e-14,6.878112818876901124e-02,3.135737848634372049e-02
2.959999999999999853e-01,5.455726947402883553e-01,2.461062262550279822e-01,2.819547585434100875e-02
2.979999999999999871e-01,5.493913127931264739e-01,1.707051214136883488e-01,3.557150170840770592e-02
2.999999999999999889e-01,-8.881784197001252323e-15,1.541645122294559855e-01,3.441782614797052331e-02
3.019999999999999907e-01,-6.394884621840901673e-14,1.250240056463376437e-01,3.237176125391921788e-02
3.039999999999999925e-01,-6.927791673660976812e-14,3.966563324993708367e-02,4.295382723664217806e-02
3.059999999999999942e-01,-8.171241461241152138e-14,1.436550227374309985e-01,2.511450567613166679e-02
3.079999999999999960e-01,-3.907985046680551022e-14,1.659496221809247385e-01,4.547977536400352183e-02
3.099999999999999978e-01,5.723404760989154738e-01,3.582208586616749124e-01,3.858519338169751067e-02
3.119999999999999996e-01,-6.750155989720951766e-14,1.331696071609347332e-01,3.915285517534781295e-02
3.140000000000000013e-01,-5.329070518200751394e-15,3.312510064075051552e-01,2.910632853868228703e-02
3.160000000000000031e-01,-3.019806626980425790e-14,2.958592295609761727e-04,4.022060305139633918e-02
3.180000000000000049e-01,-6.039613253960851580e-14,1.270560336363354970e-02,3.046514271776506674e-02
3.200000000000000067e-01,-7.283063041541026905e-14,1.814000841857701940e-01,2.303590617402871688e-02
3.220000000000000084e-01,-1.065814103640150279e-13,1.152226585758869548e-01,3.690708424282899969e-02
3.240000000000000102e-01,-1.225686219186172821e-13,6.048628532902702165e-02,2.988169350628384208e-02
3.260000000000000120e-01,-4.973799150320701301e-14,6.534945049098357661e-02,2.670041349890754645e-02
3.280000000000000138e-01,6.068846490165302754e-01,2.354644569458285430e-01,2.480077004500556154e-02
3.300000000000000155e-01,-3.019806626980425790e-14,1.588967259709551244e-02,3.426664078524995632e-02
3.320000000000000173e-01,-6.927791673660976812e-14,1.351449157340535723e-01,3.725707572300455961e-02
3.340000000000000191e-01,-2.664535259100375697e-14,5.698063463817302360e-02,3.381463299780228943e-02
3.360000000000000209e-01,-5.506706202140776441e-14,2.037195643878736695e-01,2.844638218522197934e-02
3.380000000000000226e-01,-7.638334409421076998e-14,2.084184754702797515e-01,3.340790412555408317e-02
3.400000000000000244e-01,-1.243449787580175325e-14,1.668775516923344873e-02,3.421359731977113849e-02
3.420000000000000262e-01,-1.278976924368180335e-13,7.147000061105759916e-02,4.229020801009313740e-02
3.440000000000000280e-01,-1.190159082398167811e-13,4.564917990162063732e-02,3.478567307768697797e-02
3.460000000000000298e-01,-1.012523398458142765e-13,1.755669718114491740e-01,3.002875470759778717e-02
3.480000000000000315e-01,-6.750155989720951766e-14,4.788633399361560267e-02,4.020055368567354570e-02
3.500000000000000333e-01,-1.190159082398167811e-13,1.936187859961380764e-01,3.531769343124017968e-02
3.519999999999999796e-01,-8.348877145181177184e-14,1.305301334856005802e-01,2.920858933963182275e-02
3.539999999999999813e-01,-1.065814103640150279e-14,3.215026768789520928e-02,2.838018099778309364e-02
3.559999999999999831e-01,-4.085620730620576069e-14,1.179717299178896922e-01,3.628179913991508992e-02
3.579999999999999849e-01,-6.572520305780926719e-14,9.754666031905508128e-02,2.285014915556277115e-02
3.599999999999999867e-01,-1.598721155460225418e-14,1.875123986183244162e-01,2.895806240301599180e-02
3.619999999999999885e-01,-3.730349362740525976e-14,5.301711730979968840e-02,3.898041055885111128e-02
3.639999999999999902e-01,7.105427357601001859e-14,3.966033803870476493e-02,3.129024176217716502e-02
3.659999999999999920e-01,-3.552713678800500929e-14,8.137771531458680430e-02,3.237543435832706401e-02
3.679999999999999938e-01,-8.881784197001252323e-14,5.833366634257477687e-03,3.791097739470702943e-02
3.699999999999999956e-01,-5.861977570020826533e-14,1.529893584689532571e-01,2.429942944932560536e-02
3.719999999999999973e-01,-8.526512829121202230e-14,2.129213793085311252e-02,2.095713777270721140e-02
3.739999999999999991e-01,-1.225686219186172821e-13,1.227896784095351135e-01,3.544572133852501306e-02
3.760000000000000009e-01,2.664535259100375697e-14,7.056512794281544210e-02,3.630821037428547116e-02
3.780000000000000027e-01,-3.730349362740525976e-14,6.280072995579473287e-03,3.621274561724747987e-02
3.800000000000000044e-01,-7.105427357601001859e-15,4.927072428695181139e-02,3.537244505386020338e-02
3.820000000000000062e-01,-8.348877145181177184e-14,4.141582208557742506e-01,2.203615876183632680e-02
3.840000000000000080e-01,7.152802571507574925e-01,8.304584467334996667e-02,1.935714787631069231e-02
3.860000000000000098e-01,-9.592326932761352509e-14,1.142800819178610289e-01,2.533428372686186494e-02
3.880000000000000115e-01,-3.019806626980425790e-14,1.182340146506613010e-01,2.485950405060271054e-02
3.900000000000000133e-01,7.269771431472751289e-01,1.580476690968372622e-01,3.603453400736741918e-02
3.920000000000000151e-01,-4.973799150320701301e-14,1.509698084460107947e-01,2.850558234128466525e-02
3.940000000000000169e-01,7.347840032046946135e-01,7.133803041967436143e-02,2.475009766242709797e-02
3.960000000000000187e-01,7.386901142265731579e-01,7.691928133528586412e-03,2.798104454598207558e-02
3.980000000000000204e-01,-3.552713678800500929e-14,1.348822682215899404e-01,3.178317942174701399e-02
4.000000000000000222e-01,7.465076985379628383e-01,8.089022843248187822e-03,3.205455137490357403e-02
4.020000000000000240e-01,7.504191719368620284e-01,2.680137076113503491e-02,2.473006806681977629e-02
4.040000000000000258e-01,-6.039613253960851580e-14,3.140337699873754218e-01,2.132166450016492049e-02
4.060000000000000275e-01,7.582474814862933954e-01,7.077591820821520392e-03,3.651168588741081356e-02
4.080000000000000293e-01,-2.131628207280300558e-14,6.243266475652185787e-02,3.843737243711720791e-02
4.100000000000000311e-01,5.329070518200751394e-15,6.607133002389783960e-02,3.396126873008106783e-02
4.120000000000000329e-01,7.700033534533901047e-01,1.505156210187829358e-01,3.002810305535023871e-02
4.140000000000000346e-01,-6.927791673660976812e-14,1.387381863858222486e-01,3.471959388918174905e-02
4.160000000000000364e-01,7.778495404292868898e-01,1.411003545422015448e-01,2.227201775383988100e-02
4.179999999999999827e-01,-7.283063041541026905e-14,9.804621523699211944e-03,2.907730352546662733e-02
4.199999999999999845e-01,7.857028790363216331e-01,3.068872033298100099e-01,2.140973327592041869e-02
4.219999999999999862e-01,-2.664535259100375697e-14,2.318929610917336206e-03,3.033796014819730227e-02
4.239999999999999880e-01,-2.131628207280300558e-14,2.639018489493670794e-01,3.267979122678766474e-02
4.259999999999999898e-01,7.974962970200500934e-01,3.148174973888315936e-02,1.891154764163885740e-02
4.279999999999999916e-01,8.014310125336780999e-01,2.768681449805916045e-02,3.093711247119276114e-02
4.299999999999999933e-01,-1.048050535246147774e-13,8.632319511822441477e-03,3.232355347137905177e-02
4.319999999999999951e-01,-4.085620730620576069e-14,5.718444671010327468e-02,3.671093269512645807e-02
4.339999999999999969e-01,-1.332267629550187849e-13,1.246037289274875837e-01,3.165995905804018518e-02
4.359999999999999987e-01,-6.039613253960851580e-14,6.444180292784437714e-02,2.470968563007439403e-02
4.380000000000000004e-01,-1.776356839400250465e-14,6.562890216267804055e-02,2.600263722596580021e-02
4.400000000000000022e-01,-2.309263891220325604e-14,4.041208558730691180e-02,3.156855769811496570e-02
4.420000000000000040e-01,-1.065814103640150279e-13,1.479923020288665125e-01,3.622906542160995308e-02
4.440000000000000058e-01,8.329731134307607476e-01,2.778942986496607537e-01,2.727185292342165432e-02
4.460000000000000075e-01,-7.815970093361102045e-14,1.004018130823087010e-02,2.389729896396421832e-02
4.480000000000000093e-01,-3.375077994860475883e-14,1.442816613380087376e-01,2.546790126941046381e-02
4.500000000000000111e-01,-3.552713678800500929e-14,2.142308609802760222e-01,2.557015882780680829e-02
4.520000000000000129e-01,-5.861977570020826533e-14,1.288594938296241665e-01,2.528245428910668238e-02
4.540000000000000147e-01,-5.506706202140776441e-14,4.877273440689494644e-02,3.291550585759513842e-02
4.560000000000000164e-01,-4.796163466380676255e-14,1.183402660331298178e-01,3.153860990961757094e-02
4.580000000000000182e-01,-6.394884621840901673e-14,6.374698516407024951e-02,3.377724899993215374e-02
4.600000000000000200e-01,3.552713678800500929e-15,1.474011277347041515e-01,3.064019251760299531e-02
4.620000000000000218e-01,1.776356839400250465e-15,1.701673946065677401e-01,2.736678700394885519e-02
4.640000000000000235e-01,8.725616997144811648e-01,2.112431945426254121e-01,2.327237231621259381e-02
4.660000000000000253e-01,-1.154631945610162802e-13,8.173752690535117382e-02,3.211423272664940681e-02
4.680000000000000271e-01,-4.085620730620576069e-14,1.482648039470177426e-02,2.975876331268457672e-02
4.700000000000000289e-01,-3.907985046680551022e-14,3.325604666857897018e-01,2.314218647770199117e-02
4.720000000000000306e-01,-6.572520305780926719e-14,7.477110014121302051e-02,2.586332650047777279e-02
4.740000000000000324e-01,-8.704148513061227277e-14,4.134322922691307942e-05,2.287174390047805317e-02
4.760000000000000342e-01,-6.217248937900876626e-14,1.391698544311556485e-01,2.647161958234997906e-02
4.780000000000000360e-01,-2.309263891220325604e-14,1.051859925724662193e-01,2.177149698221196930e-02
4.799999999999999822e-01,-2.842170943040400743e-14,8.630467783734932508e-02,2.432419209826161208e-02
4.819999999999999840e-01,-1.314504061156185344e-13,1.643027939570748386e-01,1.655684507791099422e-02
4.839999999999999858e-01,-2.309263891220325604e-14,1.276192837136758684e-01,3.291745358847435188e-02
4.859999999999999876e-01,-6.927791673660976812e-14,1.323170900769729541e-01,2.127520817236987910e-02
4.879999999999999893e-01,9.203041093200301503e-01,1.311948280536618348e-02,2.124729270302763706e-02
4.899999999999999911e-01,-1.243449787580175325e-13,1.101649087859954933e-02,2.034006662760638393e-02
4.919999999999999929e-01,-6.394884621840901673e-14,1.595151344046207564e-01,2.506913982213315739e-02
4.939999999999999947e-01,-6.394884621840901673e-14,3.820509197807886448e-02,2.855215252288276911e-02
4.959999999999999964e-01,-6.750155989720951766e-14,1.934273265725140398e-02,2.357308276700463209e-02
4.979999999999999982e-01,-1.776356839400250465e-15,5.008062045846213561e-02,2.884229305091497164e-02
5.000000000000000000e-01,-6.927791673660976812e-14,2.641566227610930850e-01,2.782331348964964604e-02
5.020000000000000018e-01,9.482728044262849210e-01,7.050568809382146140e-02,2.413733563464860038e-02
5.040000000000000036e-01,-8.348877145181177184e-14,1.544274694568121553e-01,2.619391207960945420e-02
5.060000000000000053e-01,3.552713678800500929e-15,1.672466582949255487e-01,2.154936668795734075e-02
5.080000000000000071e-01,9.602862208227325169e-01,9.532278743957174616e-02,2.068589750992314014e-02
5.100000000000000089e-01,-6.217248937900876626e-14,4.886728776178057843e-02,2.369937882823950834e-02
5.120000000000000107e-01,-6.394884621840901673e-14,2.785385539885818634e-02,2.751479932483019003e-02
5.140000000000000124e-01,-4.973799150320701301e-14,1.455640648003654336e-01,2.308495296186887161e-02
5.160000000000000142e-01,3.375077994860475883e-14,9.486257666287264967e-02,2.756849862335044796e-02
5.180000000000000160e-01,-8.171241461241152138e-14,1.969948365404156909e-01,2.004580164721385047e-02
5.200000000000000178e-01,9.843613522710636943e-01,1.439464010198641397e-01,2.152202309636683936e-02
5.220000000000000195e-01,-3.730349362740525976e-14,2.280374870387836539e-01,1.883972744735120872e-02
5.240000000000000213e-01,-5.151434834260726348e-14,2.725295445285010228e-03,2.654695273303641148e-02
5.260000000000000231e-01,-6.572520305780926719e-14,1.441237535802450398e-01,2.696761413572281926e-02
5.280000000000000249e-01,-1.154631945610162802e-13,5.209572907659474478e-03,2.160712316289569931e-02
5.300000000000000266e-01,-4.796163466380676255e-14,1.260454799724459174e-01,2.186553224187247693e-02
5.320000000000000284e-01,1.008500880429229696e+00,3.649075716167111960e-02,2.416657094496563185e-02
5.340000000000000302e-01,-6.039613253960851580e-14,2.077052657890151310e-01,2.202711745024379594e-02
5.360000000000000320e-01,-5.151434834260726348e-14,7.980727590623912238e-02,2.806988606528447103e-02
5.380000000000000338e-01,-3.730349362740525976e-14,6.202337115345557539e-02,2.029328731754924398e-02
5.400000000000000355e-01,-3.907985046680551022e-14,5.979701150912275498e-02,2.077004532498544220e-02
5.420000000000000373e-01,-2.486899575160350651e-14,1.064915355087870663e-01,2.708845606847569767e-02
5.440000000000000391e-01,-2.309263891220325604e-14,2.382368066382003491e-01,2.597994399559123632e-02
5.460000000000000409e-01,2.131628207280300558e-14,1.871036859344123726e-01,2.162526917058121834e-02
5.480000000000000426e-01,-5.684341886080801487e-14,3.248228695954908513e-02,2.415416497084909089e-02
5.500000000000000444e-01,-3.730349362740525976e-14,2.098942218825317896e-01,2.312153940572005822e-02
5.520000000000000462e-01,-7.105427357601001859e-14,1.523193027700016078e-01,2.590352124771241882e-02
5.540000000000000480e-01,-4.085620730620576069e-14,5.856490204541634631e-02,2.002120569294985400e-02
5.560000000000000497e-01,-9.947598300641402602e-14,5.615632279819617045e-02,2.491180636739672924e-02
5.580000000000000515e-01,-1.421085471520200372e-14,1.620801888810174951e-01,2.114883423362484693e-02
5.600000000000000533e-01,1.065076858250026959e+00,8.759393705770505967e-02,2.221510119860975463e-02
5.620000000000000551e-01,-7.105427357601001859e-15,8.553481668226128876e-02,1.571803265159704352e-02
5.640000000000000568e-01,-1.598721155460225418e-14,3.913215865279623396e-03,2.272638178797622976e-02
5.660000000000000586e-01,-7.460698725481051952e-14,1.174966978773816714e-02,1.777042940999683934e-02
5.680000000000000604e-01,1.081305808076029606e+00,1.277340773496896953e-01,2.203312556154938748e-02
5.700000000000000622e-01,-8.171241461241152138e-14,2.538149787734407248e-01,2.415120103726860548e-02
5.720000000000000639e-01,-7.283063041541026905e-14,4.455827523264736800e-02,2.393769558600110023e-02
5.740000000000000657e-01,-7.993605777301127091e-14,2.439271078712334229e-01,2.386700551518693147e-02
5.760000000000000675e-01,1.097563369626264773e+00,2.733548607251842233e-01,2.083190698675523381e-02
5.779999999999999583e-01,-1.261213355974177830e-13,1.584564264448621029e-01,2.287942584622171260e-02
5.799999999999999600e-01,1.105702879036353892e+00,2.246792407512231693e-01,2.078724352184553592e-02
5.819999999999999618e-01,1.109775315756602154e+00,1.470226480396068236e-01,2.266606082821382914e-02
5.839999999999999636e-01,-5.684341886080801487e-14,6.922318208982175536e-02,1.980399921835258870e-02
5.859999999999999654e-01,-7.460698725481051952e-14,1.366505867886132763e-01,2.159209779175623109e-02
5.879999999999999671e-01,-1.776356839400250465e-14,3.421102768447083220e-02,2.393982183189363386e-02
5.899999999999999689e-01,-3.730349362740525976e-14,1.697419068870226755e-01,2.081563514399250095e-02
5.919999999999999707e-01,-3.907985046680551022e-14,6.699493315295376727e-02,2.011096518362459618e-02
5.939999999999999725e-01,-8.526512829121202230e-14,6.003670863846597566e-02,1.972369354343942588e-02
5.959999999999999742e-01,-1.243449787580175325e-14,1.330739024551261807e-01,2.036540471264431176e-02
5.979999999999999760e-01,-6.572520305780926719e-14,1.633021224025810181e-02,2.501432451592339179e-02
5.999999999999999778e-01,-9.059419880941277370e-14,1.362745343498505401e-01,1.896279782231360261e-02
6.019999999999999796e-01,-7.105427357601001859e-14,7.389282447820048894e-02,2.449261565927781867e-02
6.039999999999999813e-01,-1.261213355974177830e-13,1.986407334361670746e-02,2.261246165222462884e-02
6.059999999999999831e-01,-5.151434834260726348e-14,3.229726419362912715e-01,2.062572965724849411e-02
6.079999999999999849e-01,-3.019806626980425790e-14,2.585860603121395429e-01,2.344600506382055541e-02
6.099999999999999867e-01,1.166977143147208906e+00,2.341305274582793777e-02,2.105441488355153448e-02
6.119999999999999885e-01,-7.283063041541026905e-14,3.093974541197491712e-02,1.811115304894926961e-02
6.139999999999999902e-01,-1.065814103640150279e-13,1.922584049238618142e-01,2.215798761898377794e-02
6.159999999999999920e-01,-6.217248937900876626e-14,1.538312676500417919e-01,1.862629485950751881e-02
6.179999999999999938e-01,-6.927791673660976812e-14,3.444795113551691879e-01,1.574199681897379619e-02
6.199999999999999956e-01,-1.065814103640150279e-13,5.164683186005568361e-02,2.047829552335858963e-02
6.219999999999999973e-01,-1.598721155460225418e-13,7.005445926351295052e-03,1.835998317330441928e-02
6.239999999999999991e-01,-6.750155989720951766e-14,1.826420502251519251e-01,1.138916784866767125e-02
6.260000000000000009e-01,8.881784197001252323e-15,6.978848689010216932e-02,1.546789038272993952e-02
6.280000000000000027e-01,-1.048050535246147774e-13,2.136641756639223733e-01,2.072354100270270769e-02
6.300000000000000044e-01,-3.375077994860475883e-14,2.009548840213379872e-01,1.676176823340467387e-02
6.320000000000000062e-01,-4.440892098500626162e-14,2.685603845454851563e-02,1.997855573292357453e-02
6.340000000000000080e-01,-1.172395514004165307e-13,1.247543912479866790e-01,1.720210072724137618e-02
6.360000000000000098e-01,1.220406785567988095e+00,3.404604712557408874e-02,1.825758067431434636e-02
6.380000000000000115e-01,-1.154631945610162802e-13,2.451532563491184702e-01,1.819967413221483532e-02
6.400000000000000133e-01,8.881784197001252323e-15,5.215950153495627628e-01,1.180805536287203583e-02
6.420000000000000151e-01,-6.217248937900876626e-14,3.813682853156944580e-02,1.882094996008631255e-02
6.440000000000000169e-01,-1.207922650792170316e-13,1.779664257465380928e-01,1.548340205669506385e-02
6.460000000000000187e-01,-1.083577672034152783e-13,1.530503424939071155e-01,1.800503906960711220e-02
6.480000000000000204e-01,-5.684341886080801487e-14,4.947007475905168799e-04,1.995088371212863990e-02
6.500000000000000222e-01,-4.085620730620576069e-14,2.322470924384512081e-01,1.684320061233102531e-02
6.520000000000000240e-01,-1.776356839400250465e-14,3.579624240228463927e-01,1.205533108337973613e-02
6.540000000000000258e-01,1.953992523340275511e-14,1.011801351712008773e-01,2.088356042969211415e-02
6.560000000000000275e-01,-7.105427357601001859e-14,1.155869647326443483e-02,2.043728845810786898e-02
6.580000000000000293e-01,-9.947598300641402602e-14,5.831709649152320291e-02,2.097356536887984291e-02
6.600000000000000311e-01,-1.065814103640150279e-14,2.083342070915718547e-01,1.610510455168361055e-02
6.620000000000000329e-01,-1.598721155460225418e-14,1.322862846521438152e-01,1.774402922202232558e-02
6.640000000000000346e-01,-7.105427357601001859e-14,6.680072606940763713e-02,1.432598787603302573e-02
6.660000000000000364e-01,-8.348877145181177184e-14,1.813041195468226841e-01,1.735428019044806675e-02
6.680000000000000382e-01,-1.012523398458142765e-13,1.584693482151453003e-01,1.804399330678994884e-02
6.700000000000000400e-01,-9.769962616701377556e-14,6.052443529214057705e-02,1.878630728576260317e-02
6.720000000000000417e-01,-4.973799150320701301e-14,1.302136110686094861e-01,1.888150249305082379e-02
6.740000000000000435e-01,-3.019806626980425790e-14,1.472023943707890560e-02,1.627794570403678573e-02
6.760000000000000453e-01,-2.309263891220325604e-14,3.176708512708485786e-03,1.439932136101730771e-02
6.780000000000000471e-01,1.307353864081067130e+00,2.939124601986508600e-01,1.621718634737238235e-02
6.800000000000000488e-01,-9.059419880941277370e-14,2.428916801117121105e-01,1.773197983092802965e-02
6.820000000000000506e-01,-1.225686219186172821e-13,2.655151411968741937e-01,1.753715413230343481e-02
6.840000000000000524e-01,-7.105427357601001859e-15,7.375516776792387721e-03,1.807012087010325882e-02
6.860000000000000542e-01,-7.460698725481051952e-14,5.125459199918043496e-02,1.248111092081197887e-02
6.880000000000000560e-01,-6.039613253960851580e-14,7.524458606665451743e-02,1.824014142107026684e-02
6.900000000000000577e-01,-1.048050535246147774e-13,7.860150732512395655e-02,1.570078872601956416e-02
6.920000000000000595e-01,-8.348877145181177184e-14,9.847773988102984100e-02,1.432337195843896849e-02
6.940000000000000613e-01,-6.572520305780926719e-14,2.052887716745717683e-01,1.539081062121519690e-02
6.960000000000000631e-01,-8.348877145181177184e-14,1.299968303974572970e-01,1.823972879852882659e-02
6.980000000000000648e-01,-1.545430450278217904e-13,2.322492053959988173e-02,1.817398893590518871e-02
7.000000000000000666e-01,-1.261213355974177830e-13,4.015944908286990522e-02,1.232531822792461498e-02
7.020000000000000684e-01,-8.704148513061227277e-14,3.173163969963548742e-02,1.751366284751555008e-02
7.039999999999999591e-01,-8.704148513061227277e-14,6.385145093102267966e-02,1.772860573252558331e-02
7.059999999999999609e-01,1.065814103640150279e-14,3.133602945492774960e-02,1.492929326445364621e-02
7.079999999999999627e-01,-6.750155989720951766e-14,9.033740800535311824e-03,1.675429016625260698e-02
7.099999999999999645e-01,-1.012523398458142765e-13,2.364331781187862802e-01,1.713863614106004782e-02
7.119999999999999662e-01,1.378316054283502012e+00,9.516950004535661145e-02,1.397002940333316560e-02
7.139999999999999680e-01,-7.815970093361102045e-14,1.483239824481951130e-01,1.655424411372957358e-02
7.159999999999999698e-01,-5.329070518200751394e-15,1.709405063256362045e-01,5.888537107326739621e-03
7.179999999999999716e-01,-1.492139745096210390e-13,5.145069456245998651e-02,1.651476713127238843e-02
7.199999999999999734e-01,1.598721155460225418e-14,3.630380878346315954e-01,8.684795564061743856e-03
7.219999999999999751e-01,-8.526512829121202230e-14,1.807202842437973245e-01,1.685079178191844010e-02
7.239999999999999769e-01,1.403484576503876369e+00,7.719377655982868902e-02,1.484785578835217529e-02
7.259999999999999787e-01,-1.190159082398167811e-13,3.514398665236471986e-02,7.834035325238958639e-03
7.279999999999999805e-01,-1.101341240428155288e-13,7.026009881431713455e-02,1.590796435806932432e-02
7.299999999999999822e-01,-8.348877145181177184e-14,3.339937801018405322e-04,1.220848901093089453e-02
7.319999999999999840e-01,-7.815970093361102045e-14,7.117752463039453414e-02,1.281202228517299910e-02
7.339999999999999858e-01,-9.947598300641402602e-14,2.416212770558011091e-01,1.260159952212153329e-02
7.359999999999999876e-01,7.460698725481051952e-14,2.984329570974589285e-01,6.087976134696241291e-03
7.379999999999999893e-01,-1.421085471520200372e-13,1.499259967644261393e-01,1.061043612359368303e-02
7.399999999999999911e-01,-6.750155989720951766e-14,1.258406888070041363e-01,1.257047456752563748e-02
7.419999999999999929e-01,-8.171241461241152138e-14,1.007261584498819335e-01,1.436717161031950997e-02
7.439999999999999947e-01,-4.440892098500626162e-14,5.905711746991145622e-02,1.588400869396961942e-02
7.459999999999999964e-01,-1.190159082398167811e-13,1.692368245093083812e-01,1.314512256189790534e-02
7.479999999999999982e-01,-1.616484723854227923e-13,2.014932696812080926e-01,1.446873971031813894e-02
7.500000000000000000e-01,-1.545430450278217904e-13,2.365140125584110076e-02,1.287990520823295744e-02
7.520000000000000018e-01,-3.552713678800500929e-15,8.262707578865333136e-02,1.501062390166615391e-02
7.540000000000000036e-01,-1.598721155460225418e-14,5.675391293768183507e-03,1.536427017231588830e-02
7.560000000000000053e-01,3.907985046680551022e-14,4.519265112330019679e-02,6.715510765300960680e-03
7.580000000000000071e-01,5.329070518200751394e-15,5.509360644954151842e-02,1.559334007990602344e-02
7.600000000000000089e-01,-5.506706202140776441e-14,1.616611393625603382e-02,1.226893161235387622e-02
7.620000000000000107e-01,-7.283063041541026905e-14,1.385442428463438125e-01,1.405523279859908874e-02
7.640000000000000124e-01,-1.811883976188255474e-13,5.256039444825981455e-02,1.166473162895332281e-02
7.660000000000000142e-01,-1.652011860642232932e-13,3.453285596190695111e-02,1.453539865870189136e-02
7.680000000000000160e-01,-6.927791673660976812e-14,1.287860318523812442e-01,1.180139667473487780e-02
7.700000000000000178e-01,1.065814103640150279e-14,2.746382469491193221e-03,6.829490763452335765e-03
7.720000000000000195e-01,-6.750155989720951766e-14,1.784301925499557906e-01,9.999145796063486913e-03
7.740000000000000213e-01,-3.907985046680551022e-14,1.530742230057393627e-01,1.308594473062307459e-02
7.760000000000000231e-01,8.881784197001252323e-15,1.879248195803549515e-01,1.274777503678060572e-02
7.780000000000000249e-01,-1.953992523340275511e-14,1.011389577436883347e-01,8.848810860469340234e-03
7.800000000000000266e-01,-7.105427357601001859e-15,1.523322839642579640e-01,1.334928972529466143e-02
7.820000000000000284e-01,-2.842170943040400743e-14,6.070604306215299228e-02,1.047487717194377568e-02
7.840000000000000302e-01,-1.012523398458142765e-13,2.581016611596806953e-01,1.027402422452873901e-02
7.860000000000000320e-01,-3.552713678800500929e-14,9.479546908983606246e-02,1.151099200264500862e-02
7.880000000000000338e-01,-1.083577672034152783e-13,9.687822270159530957e-02,1.169663909892266346e-02
7.900000000000000355e-01,-3.552713678800500929e-14,5.116400389149004801e-02,1.042746056512920683e-02
7.920000000000000373e-01,-7.460698725481051952e-14,2.234768217965909520e-01,1.199692310585017720e-02
7.940000000000000391e-01,6.217248937900876626e-14,2.388249611465381450e-01,9.081911365086481683e-03
7.960000000000000409e-01,-1.385558334732195362e-13,2.049676563470031465e-01,7.660678371228648274e-03
7.980000000000000426e-01,-6.394884621840901673e-14,1.642361698202857989e-01,1.044465568048733722e-02
8.000000000000000444e-01,-7.283063041541026905e-14,1.619317454759777453e-01,1.100753667567391444e-02
8.020000000000000462e-01,-9.059419880941277370e-14,2.229267531129272284e-01,1.007057388681245093e-02
8.040000000000000480e-01,-2.664535259100375697e-14,3.121477336191195717e-01,9.690772118715836048e-03
8.060000000000000497e-01,-1.634248292248230428e-13,6.972076380158569175e-02,9.280864914551061398e-03
8.080000000000000515e-01,-7.993605777301127091e-14,1.657728121561374141e-02,6.842555018014621210e-03
8.100000000000000533e-01,-2.842170943040400743e-14,5.346394990872148367e-02,8.826263870017433955e-03
8.120000000000000551e-01,2.842170943040400743e-14,1.787273217560539640e-01,1.032687337868667087e-02
8.140000000000000568e-01,1.594291541099867260e+00,1.580217242321423771e-02,8.897311712527574898e-03
8.160000000000000586e-01,1.421085471520200372e-13,2.913176413191125858e-01,5.531028772046632687e-03
8.180000000000000604e-01,-1.119104808822157793e-13,5.335161971304160783e-02,9.381070579842436252e-03
8.200000000000000622e-01,-9.592326932761352509e-14,1.996539259501326491e-01,7.465104376708088518e-03
8.220000000000000639e-01,-7.283063041541026905e-14,2.455286566621236177e-01,7.871725652860078054e-03
8.240000000000000657e-01,8.881784197001252323e-15,1.969984670074461097e-01,8.728811976598475214e-03
8.260000000000000675e-01,-8.348877145181177184e-14,5.722834547506898406e-02,1.056001314721199090e-02
8.280000000000000693e-01,-7.283063041541026905e-14,3.379925541734837141e-02,6.389624770783838663e-03
8.300000000000000711e-01,-1.314504061156185344e-13,3.027351497701667032e-02,1.002399215113678431e-02
8.320000000000000728e-01,-5.506706202140776441e-14,1.010315667674194229e-01,7.986256051055370606e-03
8.339999999999999636e-01,-4.796163466380676255e-14,1.243843855944080784e-01,9.786392675052437221e-03
8.359999999999999654e-01,0.000000000000000000e+00,4.544997152430563236e-02,7.414417114457874138e-03
8.379999999999999671e-01,-8.171241461241152138e-14,1.954627379875839219e-02,1.054689707596628834e-02
8.399999999999999689e-01,-5.151434834260726348e-14,3.202445549841727301e-02,8.711654788957618953e-03
8.419999999999999707e-01,-5.684341886080801487e-14,1.809721776740211840e-01,8.960214037012860858e-03
8.439999999999999725e-01,-4.085620730620576069e-14,1.208086176795633432e-01,8.606911427720869215e-03
8.459999999999999742e-01,-4.263256414560601115e-14,4.551716489615196398e-02,4.680077197890779653e-03
8.479999999999999760e-01,-1.225686219186172821e-13,1.629141665451995513e-01,7.229573862082326954e-03
8.499999999999999778e-01,-7.283063041541026905e-14,3.736080493418498238e-01,7.101875182948845858e-03
8.519999999999999796e-01,-9.769962616701377556e-14,2.114570080165690258e-01,8.572210795625180568e-03
8.539999999999999813e-01,-4.973799150320701301e-14,2.384808038067747285e-02,8.566915031156923863e-03
8.559999999999999831e-01,-1.065814103640150279e-13,5.410168330632445649e-02,7.313154150443111623e-03
8.579999999999999849e-01,-3.197442310920450836e-14,3.910298143889297945e-02,8.966223345541248987e-03
8.599999999999999867e-01,-6.572520305780926719e-14,2.393270003407458879e-01,6.216131971140738746e-03
8.619999999999999885e-01,-4.440892098500626162e-14,5.878942519341201489e-02,5.734540479743320367e-03
8.639999999999999902e-01,-1.136868377216160297e-13,2.603464354342938658e-01,8.289757043864205699e-03
8.659999999999999920e-01,-5.506706202140776441e-14,2.588579657172426773e-01,5.387630603094141490e-03
8.679999999999999938e-01,-3.552713678800500929e-14,1.546295470095884195e-01,7.294358332028250298e-03
8.699999999999999956e-01,1.714831474740828199e+00,2.847440938074944361e-01,6.004253237410678117e-03
8.719999999999999973e-01,-1.083577672034152783e-13,3.111056913796800272e-01,6.195920462240439228e-03
8.739999999999999991e-01,-3.907985046680551022e-14,7.487279942555474972e-03,6.114692691688515189e-03
8.760000000000000009e-01,1.727828875374065376e+00,6.776150817267498350e-02,5.740123290638449692e-03
8.780000000000000027e-01,-7.638334409421076998e-14,1.202040406744492584e-01,5.705129347599165353e-03
8.800000000000000044e-01,-6.394884621840901673e-14,4.745569870733637452e-02,4.693334644943845252e-03
8.820000000000000062e-01,4.973799150320701301e-14,3.686815794165673732e-01,2.587354662112831619e-03
8.840000000000000080e-01,-1.598721155460225418e-14,9.611022098650198742e-02,5.235200514675713256e-03
8.860000000000000098e-01,-2.131628207280300558e-14,1.607340772393795469e-01,5.340000749187653016e-03
8.880000000000000115e-01,6.927791673660976812e-14,4.694688880271444265e-01,2.145366866477363497e-03
8.900000000000000133e-01,-1.776356839400250465e-14,2.323952483066168140e-01,5.732655135115110635e-03
8.920000000000000151e-01,-7.815970093361102045e-14,2.283721700109980768e-02,6.577323848705287843e-03
8.940000000000000169e-01,-8.348877145181177184e-14,2.270173532396483895e-01,5.333654296919365136e-03
8.960000000000000187e-01,-6.572520305780926719e-14,4.004288778691447032e-02,4.275528193631823043e-03
8.980000000000000204e-01,-8.348877145181177184e-14,1.451237498310216645e-01,4.784716170827272956e-03
9.000000000000000222e-01,-5.329070518200751394e-14,6.229709002477062940e-02,5.276024007707382293e-03
9.020000000000000240e-01,-7.815970093361102045e-14,1.488473972418583868e-01,5.523614813321071557e-03
9.040000000000000258e-01,-3.197442310920450836e-14,1.700477251436304793e-01,4.835423878417341621e-03
9.060000000000000275e-01,7.283063041541026905e-14,1.456104507911893386e-01,5.686970440945985847e-03
9.080000000000000293e-01,-4.796163466380676255e-14,1.281161388838175930e-01,3.509721124720505125e-03
9.100000000000000311e-01,-2.664535259100375697e-14,1.805583976275373925e-01,4.582389293762615876e-03
9.120000000000000329e-01,1.806147627377253428e+00,1.395846929450093865e-01,5.338154075027838445e-03
9.140000000000000346e-01,-8.171241461241152138e-14,6.690905152677710521e-02,5.168295421137693128e-03
9.160000000000000364e-01,-7.460698725481051952e-14,4.121565361646271214e-02,5.203156768050330380e-03
9.180000000000000382e-01,4.085620730620576069e-14,5.314914067993048441e-01,1.648767604400009842e-03
9.200000000000000400e-01,-3.730349362740525976e-14,7.631282182618094601e-02,4.756475478271107206e-03
9.220000000000000417e-01,1.776356839400250465e-14,1.129430746714060463e-01,3.388310198501984227e-03
9.240000000000000435e-01,1.832381113910921400e+00,4.088273729971939746e-02,3.676210823420796026e-03
9.260000000000000453e-01,-5.151434834260726348e-14,1.493298610358713974e-01,4.185530721003249965e-03
9.280000000000000471e-01,-5.506706202140776441e-14,2.638199563979746753e-01,3.074583301578343551e-03
9.300000000000000488e-01,-6.217248937900876626e-14,4.949103512267001570e-02,3.394968247125550436e-03
9.320000000000000506e-01,9.947598300641402602e-14,1.214590626121360567e-01,2.641208927155671606e-03
9.340000000000000524e-01,-1.172395514004165307e-13,2.110241848632533057e-01,3.922263033913485353e-03
9.360000000000000542e-01,3.552713678800500929e-15,4.043453087998233331e-02,2.811304677917251995e-03
9.380000000000000560e-01,-6.039613253960851580e-14,2.713651310073528916e-02,3.705507965520498433e-03
9.400000000000000577e-01,-7.460698725481051952e-14,9.389062259693750634e-02,3.272974994359937814e-03
9.420000000000000595e-01,-9.237055564881302416e-14,1.517851833061398259e-01,2.716150637019985881e-03
9.440000000000000613e-01,-7.993605777301127091e-14,1.251491212203416636e-01,3.520256609103309276e-03
9.460000000000000631e-01,1.880640831627459875e+00,1.631801967255336605e-01,2.825562406706548860e-03
9.480000000000000648e-01,-3.197442310920450836e-14,2.030746566360439043e-01,2.589071330982804179e-03
9.500000000000000666e-01,-3.375077994860475883e-14,1.282734833027095456e-01,3.090811443760933981e-03
9.520000000000000684e-01,1.598721155460225418e-14,4.139883492428483164e-02,1.780768472500342519e-03
9.540000000000000702e-01,1.409716787748038769e-11,1.012510256298687628e-01,2.955389527351763492e-03
9.560000000000000719e-01,-2.664535259100375697e-14,1.666633779239067858e-01,2.433276157830327642e-03
9.580000000000000737e-01,-2.309263891220325604e-14,1.116548465555764098e-02,2.511801248453222543e-03
9.599999999999999645e-01,-7.993605777301127091e-14,1.491535334586119588e-01,2.218445053693857399e-03
9.619999999999999662e-01,-9.769962616701377556e-14,5.087735018143045573e-02,1.771149997825091508e-03
9.639999999999999680e-01,-3.197442310920450836e-14,8.108887974407673338e-02,2.020986397907379578e-03
9.659999999999999698e-01,-3.907985046680551022e-14,2.555833261099312304e-01,1.428694823780020644e-03
9.679999999999999716e-01,-1.030286966852145270e-13,2.380171841106466096e-02,1.330171491819538221e-03
9.699999999999999734e-01,2.309263891220325604e-14,4.329527313786677989e-01,1.239153554126207592e-03
9.719999999999999751e-01,-3.907985046680551022e-14,6.589136508949303139e-02,1.552911331191414489e-03
9.739999999999999769e-01,1.065814103640150279e-14,5.685416961361881849e-02,1.422811421997863257e-03
9.759999999999999787e-01,1.946793160490120300e+00,2.740142792449918319e-01,1.033699551071705965e-03
9.779999999999999805e-01,-1.776356839400250465e-15,1.182450454075307800e-01,1.227999401460121891e-03
9.799999999999999822e-01,1.955643389997113957e+00,1.523256433877294425e-01,8.561729016779897478e-04
9.819999999999999840e-01,-5.861977570020826533e-14,1.385586422708944276e-01,1.073776872235313951e-03
9.839999999999999858e-01,-6.394884621840901673e-14,7.920205028130972852e-03,5.976655185325241470e-04
9.859999999999999876e-01,-8.171241461241152138e-14,1.114689794619676960e-01,6.367379231825101051e-04
9.879999999999999893e-01,-7.105427357601001859e-15,7.191052126928679233e-02,6.254470529815438521e-04
9.899999999999999911e-01,-3.375077994860475883e-14,2.169018098010632722e-01,4.290918703493865169e-04
9.919999999999999929e-01,-2.842170943040400743e-14,1.827673984808309560e-01,3.707396112025975149e-04
9.939999999999999947e-01,-8.881784197001252323e-14,5.038871130918812918e-02,3.370167760387395494e-04
9.959999999999999964e-01,4.440892098500626162e-14,2.242527689394585855e-01,2.018116515591424239e-04
9.979999999999999982e-01,1.421085471520200372e-14,1.904241544785751500e-02,1.202783222076383399e-04
1.000000000000000000e+00,1.999999999999991118e+00,1.361779471793311824e-01,1.241267076623636559e-16
1.002000000000000002e+00,1.999872774302490441e+00,7.539379630462916815e-02,9.455679224358772971e-05
1.004000000000000004e+00,-7.638334409421076998e-14,1.237859676534221742e-01,1.546800351059619502e-04
1.006000000000000005e+00,-2.309263891220325604e-14,5.129905364705282522e-02,3.639827203437880358e-04
1.008000000000000007e+00,6.217248937900876626e-14,3.799876154847096621e-01,2.151736917467648850e-04
1.010000000000000009e+00,5.329070518200751394e-15,3.534292929025387858e-02,5.691803533310821339e-04
1.012000000000000011e+00,-7.815970093361102045e-14,2.377685169663250331e-02,7.415636227603005642e-04
1.014000000000000012e+00,-6.039613253960851580e-14,8.253491004083753080e-02,7.298686911656868028e-04
1.016000000000000014e+00,-7.105427357601001859e-15,1.285889112492131781e-01,7.577199967073995710e-04
1.018000000000000016e+00,-5.151434834260726348e-14,1.689779713723595436e-02,9.509389271532750747e-04
1.020000000000000018e+00,-3.019806626980425790e-14,1.202152777893487900e-01,1.040995959387968879e-03
1.022000000000000020e+00,-5.151434834260726348e-14,2.795979793147006509e-01,1.192296763696668645e-03
1.024000000000000021e+00,1.998441481263071751e+00,1.178141798703807516e-02,1.151612247175327073e-03
1.026000000000000023e+00,1.998308479522858505e+00,8.646508007288888908e-03,1.555874402661814107e-03
1.028000000000000025e+00,-4.796163466380676255e-14,5.160839975848988820e-02,1.579724568893160893e-03
1.030000000000000027e+00,-7.815970093361102045e-14,1.493727080871607993e-01,1.667440333952898172e-03
1.032000000000000028e+00,-1.083577672034152783e-13,2.446742329929070259e-01,1.251017576150773459e-03
1.034000000000000030e+00,1.997771681512103825e+00,7.846203128709806907e-02,1.702794126264242213e-03
1.036000000000000032e+00,-5.506706202140776441e-14,9.695576551413015443e-02,1.860993297540063139e-03
1.038000000000000034e+00,-5.506706202140776441e-14,1.895219807600719286e-01,1.631524717300425953e-03
1.040000000000000036e+00,-3.197442310920450836e-14,1.622454394174468670e-02,1.978328185130291423e-03
1.042000000000000037e+00,1.997227232395834662e+00,2.394121941471550330e-01,2.534115004869162777e-03
1.044000000000000039e+00,3.197442310920450836e-14,5.588857547486114630e-01,1.119050561424612435e-03
1.046000000000000041e+00,-1.065814103640150279e-14,1.518438965564058996e-01,2.356476930658475775e-03
1.048000000000000043e+00,-2.131628207280300558e-14,3.328129877271727988e-02,1.523466806451315679e-03
1.050000000000000044e+00,-3.907985046680551022e-14,1.657624970496226757e-01,1.999202157242961544e-03
1.052000000000000046e+00,-1.012523398458142765e-13,5.740040430807433897e-02,3.471059034948763364e-03
1.054000000000000048e+00,-7.815970093361102045e-14,5.622613436306198725e-02,2.857054530236435852e-03
1.056000000000000050e+00,-5.861977570020826533e-14,2.350735077389692340e-01,2.346847561005757470e-03
1.058000000000000052e+00,-3.907985046680551022e-14,3.020753128564247075e-02,3.244937490950627629e-03
1.060000000000000053e+00,-7.460698725481051952e-14,9.126975896605911409e-02,2.691845826248211778e-03
1.062000000000000055e+00,-5.329070518200751394e-14,2.552424314939677474e-01,2.758618972286662214e-03
1.064000000000000057e+00,-1.065814103640150279e-14,3.562671604427865985e-02,3.442560293059466342e-03
1.066000000000000059e+00,-2.131628207280300558e-14,7.073954955651577670e-02,2.995611534977382293e-03
1.068000000000000060e+00,-7.105427357601001859e-14,1.636773885581270429e-03,3.324053621498604741e-03
1.070000000000000062e+00,6.039613253960851580e-14,1.418759390021370470e-01,1.231767696968857776e-03
1.072000000000000064e+00,-1.154631945610162802e-13,2.121636833161441929e-02,3.831313537082547526e-03
1.074000000000000066e+00,-3.552713678800500929e-14,1.803671440892168631e-01,3.041948536852679980e-03
1.076000000000000068e+00,-7.638334409421076998e-14,1.654798668171517662e-01,4.526292976277625051e-03
1.078000000000000069e+00,-8.171241461241152138e-14,9.799185429427717531e-02,3.725598574721963267e-03
1.080000000000000071e+00,-1.030286966852145270e-13,1.606790250515709728e-01,4.018848347265804866e-03
1.082000000000000073e+00,-4.618527782440651208e-14,4.922120819597225472e-02,4.316730982893222067e-03
1.084000000000000075e+00,-3.552713678800500929e-14,1.110557426859803271e-02,4.516206318932032733e-03
1.086000000000000076e+00,7.105427357601001859e-15,2.057793823101494723e-01,4.445483998747403430e-03
1.088000000000000078e+00,-1.083577672034152783e-13,1.447435090147247139e-01,4.344711422173268799e-03
1.090000000000000080e+00,-3.019806626980425790e-14,5.304127722403823020e-02,4.624728365273059888e-03
1.092000000000000082e+00,6.927791673660976812e-14,5.527515371797637744e-01,2.061755813015771210e-03
1.094000000000000083e+00,-1.136868377216160297e-13,4.747672047943304885e-01,4.054614502364431959e-03
1.096000000000000085e+00,-8.881784197001252323e-15,2.472784058211820457e-01,4.518406323435801564e-03
1.098000000000000087e+00,-4.263256414560601115e-14,1.697609309023480617e-01,5.110290965345590762e-03
1.100000000000000089e+00,5.506706202140776441e-14,5.065627333789681636e-02,4.476260841726613891e-03
1.102000000000000091e+00,-3.197442310920450836e-14,1.720610824915254355e-01,5.095442600211506738e-03
1.104000000000000092e+00,-1.101341240428155288e-13,7.943339249037367766e-02,4.839726253958875554e-03
1.106000000000000094e+00,-1.030286966852145270e-13,2.824630671863570530e-02,4.683137005589595170e-03
1.108000000000000096e+00,-7.638334409421076998e-14,1.142461886756818840e-02,5.764457864472954766e-03
1.110000000000000098e+00,-1.350031197944190353e-13,2.314993738318390781e-01,4.071222986082145834e-03
1.112000000000000099e+00,-6.217248937900876626e-14,2.072287875631642629e-01,6.327636923655880277e-03
1.114000000000000101e+00,-1.314504061156185344e-13,1.883902747436550784e-01,6.443982526524151544e-03
1.116000000000000103e+00,-4.973799150320701301e-14,7.155762721736402820e-02,6.347457582753137338e-03
1.118000000000000105e+00,-5.329070518200751394e-14,2.445861637348134554e-01,6.451925300357115763e-03
1.120000000000000107e+00,-1.598721155460225418e-14,9.442160307102451244e-02,6.729370348848167510e-03
1.122000000000000108e+00,-6.217248937900876626e-14,7.414244989640070282e-02,5.618531241552939502e-03
1.124000000000000110e+00,-9.947598300641402602e-14,7.523316269761444464e-02,6.904275542366591391e-03
1.126000000000000112e+00,-6.927791673660976812e-14,2.367364918561197865e-02,6.981426267519172391e-03
1.128000000000000114e+00,-7.283063041541026905e-14,7.769676432597780180e-02,6.160616551024355320e-03
1.130000000000000115e+00,-4.263256414560601115e-14,2.663635012170254557e-01,5.703434761066078496e-03
1.132000000000000117e+00,-1.421085471520200372e-14,3.547362102847251286e-02,8.261576303831702495e-03
1.134000000000000119e+00,-3.019806626980425790e-14,3.725445032439085591e-02,7.345655772121103579e-03
1.136000000000000121e+00,-5.151434834260726348e-14,5.766048906767727578e-02,6.486474537422620180e-03
1.138000000000000123e+00,-2.486899575160350651e-14,3.372283880236133513e-02,6.908413172808138859e-03
1.140000000000000124e+00,1.989944624219779357e+00,3.695077584772427266e-03,6.997097319499630610e-03
1.142000000000000126e+00,-2.842170943040400743e-14,1.501998380437781846e-02,8.153724258571961800e-03
1.144000000000000128e+00,-1.953992523340275511e-14,1.749101431600870796e-02,9.008457876928870761e-03
1.146000000000000130e+00,-6.750155989720951766e-14,8.329494225631509791e-03,7.412839344142617241e-03
1.148000000000000131e+00,-2.664535259100375697e-14,2.118805071834979348e-01,6.473890384803340607e-03
1.150000000000000133e+00,1.989138623967734887e+00,2.244726341124247959e-01,6.899123777238844527e-03
1.152000000000000135e+00,-3.552713678800500929e-15,6.214689459043616290e-03,8.674441544524957859e-03
1.153999999999999915e+00,1.421085471520200372e-14,3.353615128438627684e-03,4.892078764079309597e-03
1.155999999999999917e+00,-5.151434834260726348e-14,8.926652064501279515e-02,8.151203087910350101e-03
1.157999999999999918e+00,1.988485560357339921e+00,9.104987382797027906e-02,7.038011315439155965e-03
1.159999999999999920e+00,-4.085620730620576069e-14,4.753253106545028694e-02,9.803737162195565874e-03
1.161999999999999922e+00,-7.460698725481051952e-14,7.005838924138067803e-02,7.863573888861340871e-03
1.163999999999999924e+00,-7.638334409421076998e-14,7.332013404104112224e-03,9.037480419510765181e-03
1.165999999999999925e+00,-7.105427357601001859e-15,1.430212240426025905e-01,7.672562627594613389e-03
1.167999999999999927e+00,5.861977570020826533e-14,8.383487526801486345e-03,6.093898147514950278e-03
1.169999999999999929e+00,-1.776356839400250465e-15,1.139363508472010372e-01,7.008586451836725829e-03
1.171999999999999931e+00,-2.842170943040400743e-14,1.779796232530577241e-02,8.141889468388827100e-03
1.173999999999999932e+00,-7.993605777301127091e-14,9.541006343510463616e-02,9.400223441647077502e-03
1.175999999999999934e+00,-3.730349362740525976e-14,1.060935641997108325e-01,9.070921210354227979e-03
1.177999999999999936e+00,-3.730349362740525976e-14,1.748369561738036537e-01,8.952757406929731654e-03
1.179999999999999938e+00,-9.414691248821327463e-14,1.023274603211251910e-01,1.108172616921064557e-02
1.181999999999999940e+00,-8.881784197001252323e-14,7.030115506006834325e-02,8.875613513933785365e-03
1.183999999999999941e+00,5.329070518200751394e-15,1.057202001480789591e-02,1.114696487729948705e-02
1.185999999999999943e+00,-7.815970093361102045e-14,7.498433603607290547e-03,1.096665439720497133e-02
1.187999999999999945e+00,-1.527666881884215400e-13,3.542324807612556858e-02,9.660250236444513708e-03
1.189999999999999947e+00,-8.526512829121202230e-14,1.885151754192481571e-02,8.174181828238072725e-03
1.191999999999999948e+00,-7.460698725481051952e-14,3.901753220535087580e-02,1.064336692506331720e-02
1.193999999999999950e+00,-4.440892098500626162e-14,2.189386085640238622e-01,1.061948065778970871e-02
1.195999999999999952e+00,-2.664535259100375697e-14,1.667336000820401343e-01,1.147726275423969350e-02
1.197999999999999954e+00,-1.190159082398167811e-13,1.633639277058346884e-01,8.610767343890384992e-03
1.199999999999999956e+00,-7.638334409421076998e-14,2.094954027419896059e-01,1.021211995875045096e-02
1.201999999999999957e+00,-2.486899575160350651e-14,1.718233192767428807e-01,9.625199527776490127e-03
1.203999999999999959e+00,-4.618527782440651208e-14,2.775375872016073650e-02,1.095595246432709211e-02
1.205999999999999961e+00,-8.171241461241152138e-14,1.522561583071153635e-01,1.011157922647044557e-02
1.207999999999999963e+00,-6.927791673660976812e-14,1.398853159322829831e-01,1.070753841447495865e-02
1.209999999999999964e+00,-2.842170943040400743e-14,9.195954261661234974e-02,1.083131162638455505e-02
1.211999999999999966e+00,-7.283063041541026905e-14,1.537506250275369121e-02,1.106427841079325389e-02
1.213999999999999968e+00,3.375077994860475883e-14,8.153406770475118970e-02,1.305113860400137528e-02
1.215999999999999970e+00,-7.993605777301127091e-14,1.943533998980837563e-01,1.102258808549682993e-02
1.217999999999999972e+00,-1.598721155460225418e-14,5.514739518305441374e-02,1.120518290834238845e-02
1.219999999999999973e+00,-3.019806626980425790e-14,3.383185294743799171e-02,1.311630060485525183e-02
1.221999999999999975e+00,2.309263891220325604e-14,5.502524992820242433e-01,6.540171473768673603e-03
1.223999999999999977e+00,-8.348877145181177184e-14,7.666122629457684801e-02,1.266285972619733517e-02
1.225999999999999979e+00,-1.012523398458142765e-13,1.408416942643737034e-02,9.310584396430333226e-03
1.227999999999999980e+00,-9.237055564881302416e-14,3.123834523088386272e-01,1.114002524479612392e-02
1.229999999999999982e+00,-4.618527782440651208e-14,1.887618331410622630e-01,1.177070382390170769e-02
1.231999999999999984e+00,-4.440892098500626162e-14,1.417914142848967773e-01,1.246419441179869893e-02
1.233999999999999986e+00,-6.217248937900876626e-14,1.667195195512936601e-01,1.239518275998464404e-02
1.235999999999999988e+00,-7.815970093361102045e-14,4.977400358736833522e-03,1.078155621961606435e-02
1.237999999999999989e+00,-7.815970093361102045e-14,2.054170434931537059e-01,1.276121888085929822e-02
1.239999999999999991e+00,-7.460698725481051952e-14,2.301993213128219681e-02,1.301638594059710725e-02
1.241999999999999993e+00,-3.552713678800500929e-15,4.618646448029921359e-02,9.790671878481656265e-03
1.243999999999999995e+00,-6.572520305780926719e-14,1.276579927767902134e-01,1.339021134822155137e-02
1.245999999999999996e+00,-1.776356839400250465e-14,8.563065153779508831e-02,1.486010605960598821e-02
1.247999999999999998e+00,1.065814103640150279e-14,2.132317834240866627e-01,6.570041914184090830e-03
1.250000000000000000e+00,-8.348877145181177184e-14,8.136376218823135331e-02,1.068398877350312977e-02
1.252000000000000002e+00,-5.151434834260726348e-14,5.134764041921519029e-02,1.173359689218468269e-02
1.254000000000000004e+00,-7.460698725481051952e-14,2.008120639253148931e-01,1.220064504721153111e-02
1.256000000000000005e+00,-1.190159082398167811e-13,1.620684279396108207e-01,1.238527103520135030e-02
1.258000000000000007e+00,-3.019806626980425790e-14,3.252687931960741852e-02,1.474133236408209369e-02
1.260000000000000009e+00,1.953992523340275511e-14,2.191128372943722535e-01,1.461196393614438115e-02
1.262000000000000011e+00,-1.136868377216160297e-13,9.548336987808647702e-02,1.424799326841747101e-02
1.264000000000000012e+00,-9.059419880941277370e-14,8.980371983264544278e-02,1.486223787133469053e-02
1.266000000000000014e+00,-1.065814103640150279e-13,1.225887238193403006e-01,1.440035092749884088e-02
1.268000000000000016e+00,2.486899575160350651e-14,3.207964112915528965e-02,1.512300732669898638e-02
1.270000000000000018e+00,-4.796163466380676255e-14,3.545580745087781316e-01,1.232806461615557417e-02
1.272000000000000020e+00,-2.131628207280300558e-14,4.894342080022251462e-02,1.332175784201817398e-02
1.274000000000000021e+00,-3.552713678800500929e-14,2.398523905173227774e-04,1.631300645630039126e-02
1.276000000000000023e+00,-6.927791673660976812e-14,7.712929117297431802e-02,1.677887882474008580e-02
1.278000000000000025e+00,-3.375077994860475883e-14,1.425912625654960630e-01,1.480276368810479193e-02
1.280000000000000027e+00,-1.048050535246147774e-13,9.277432580274556917e-02,1.684857432673212904e-02
1.282000000000000028e+00,-5.329070518200751394e-14,5.025663028150979816e-02,1.394140505791312441e-02
1.284000000000000030e+00,-3.197442310920450836e-14,3.854039636600694457e-02,1.694448813883573171e-02
1.286000000000000032e+00,-1.030286966852145270e-13,2.224130277407518064e-01,1.510009255612443368e-02
1.288000000000000034e+00,-9.059419880941277370e-14,2.355352858941971161e-01,1.470260214567631861e-02
1.290000000000000036e+00,-3.907985046680551022e-14,1.435039935488507667e-01,1.288511276689767622e-02
1.292000000000000037e+00,3.197442310920450836e-14,2.516542794094448476e-01,1.684575579650752011e-02
1.294000000000000039e+00,-5.861977570020826533e-14,1.074392148465823198e-02,1.315067185455560603e-02
1.296000000000000041e+00,-4.618527782440651208e-14,8.876809685925000915e-02,1.885642041541709529e-02
1.298000000000000043e+00,-1.474376176702207886e-13,2.128593536753221049e-01,1.707139855100261658e-02
1.300000000000000044e+00,-3.019806626980425790e-14,1.056633432993396848e-01,1.332321166300621217e-02
1.302000000000000046e+00,8.881784197001252323e-15,1.016147260703077065e-01,1.443727246380601022e-02
1.304000000000000048e+00,-9.769962616701377556e-14,3.655063643939408802e-02,1.756563549120143328e-02
1.306000000000000050e+00,-4.973799150320701301e-14,1.332326689396659825e-01,1.189743819387713286e-02
1.308000000000000052e+00,-8.881784197001252323e-14,8.564703901294471247e-03,1.458934266039505628e-02
1.310000000000000053e+00,-5.329070518200751394e-15,1.443549795771432130e-02,1.915512516148906025e-02
1.312000000000000055e+00,-1.314504061156185344e-13,7.959688358600827685e-02,1.587874187457796044e-02
1.314000000000000057e+00,-9.592326932761352509e-14,4.885929471194332130e-02,1.618778784390526373e-02
1.316000000000000059e+00,4.796163466380676255e-14,4.086960062029675878e-01,8.395414067814367318e-03
1.318000000000000060e+00,-1.030286966852145270e-13,1.757180568134152909e-01,1.581330871822376680e-02
1.320000000000000062e+00,-3.197442310920450836e-14,1.697533573044752164e-01,1.373730518692885781e-02
1.322000000000000064e+00,-5.861977570020826533e-14,1.217146953479506799e-01,1.648799405651903485e-02
1.324000000000000066e+00,-8.881784197001252323e-15,5.631916902111976098e-02,1.837282553800752630e-02
1.326000000000000068e+00,-9.947598300641402602e-14,5.640152402786877822e-02,1.788227152262052144e-02
1.328000000000000069e+00,-3.730349362740525976e-14,5.288682815050571584e-03,1.745333245388627427e-02
1.330000000000000071e+00,-1.278976924368180335e-13,2.516705444328457691e-02,1.595780576689583702e-02
1.332000000000000073e+00,-1.776356839400250465e-14,1.129292688056940386e-02,1.771444596546168856e-02
1.334000000000000075e+00,-9.947598300641402602e-14,5.474170406988854154e-02,1.894677641623606149e-02
1.336000000000000076e+00,-1.065814103640150279e-13,5.460389139112524493e-02,1.690663936987629040e-02
1.338000000000000078e+00,-4.973799150320701301e-14,2.180716774357892851e-01,1.616653008375160128e-02
1.340000000000000080e+00,-3.552713678800500929e-15,2.710818845651624120e-01,1.937546618926114586e-02
1.342000000000000082e+00,5.329070518200751394e-15,4.598966363436961247e-02,1.534932266348794545e-02
1.344000000000000083e+00,-5.684341886080801487e-14,2.877671169598525203e-01,1.728106938220534336e-02
1.346000000000000085e+00,-9.237055564881302416e-14,2.467572988860802785e-01,2.024254845364089478e-02
1.348000000000000087e+00,-4.085620730620576069e-14,1.187980388433082651e-01,1.580377111549095825e-02
1.350000000000000089e+00,-1.492139745096210390e-13,1.289011647839605756e-01,2.105954714611531567e-02
1.352000000000000091e+00,-5.329070518200751394e-14,6.564339375596991988e-02,1.766925286368604617e-02
1.354000000000000092e+00,-4.973799150320701301e-14,4.648123462361217900e-02,1.724023024690858261e-02
1.356000000000000094e+00,-8.881784197001252323e-14,4.470794643673174640e-02,1.853385293986397828e-02
1.358000000000000096e+00,-1.065814103640150279e-13,1.716293291181004640e-02,1.670424237492227487e-02
1.360000000000000098e+00,-9.414691248821327463e-14,1.272384096137153531e-01,1.936134332737092859e-02
1.362000000000000099e+00,-6.394884621840901673e-14,2.249948829032825254e-02,1.987830708229336787e-02
1.364000000000000101e+00,-8.881784197001252323e-14,2.728034037764007769e-01,1.714321658647185651e-02
1.366000000000000103e+00,-1.421085471520200372e-13,8.930426153530508782e-02,1.989647339878285875e-02
1.368000000000000105e+00,-7.993605777301127091e-14,6.047446987493052678e-02,2.078909946087285909e-02
1.370000000000000107e+00,-6.927791673660976812e-14,4.197354137425271525e-02,1.866555228474344949e-02
1.372000000000000108e+00,-3.552713678800500929e-14,9.543529633377915988e-02,1.693379993467933678e-02
1.374000000000000110e+00,-9.592326932761352509e-14,1.216298625260577027e-01,1.973592305177041331e-02
1.376000000000000112e+00,8.881784197001252323e-15,5.644527823701861804e-03,2.209340289578089894e-02
1.378000000000000114e+00,-5.151434834260726348e-14,1.700962635181667848e-01,2.027741413507815407e-02
1.380000000000000115e+00,-5.329070518200751394e-14,1.233160357796064116e-01,2.257112800174909673e-02
1.382000000000000117e+00,-1.527666881884215400e-13,1.107793771605775773e-01,1.510924206471602610e-02
1.384000000000000119e+00,-1.616484723854227923e-13,2.824237692003894133e-03,1.824213459701883380e-02
1.386000000000000121e+00,-8.881784197001252323e-14,1.789737646693598250e-01,2.127988457895001878e-02
1.388000000000000123e+00,-7.638334409421076998e-14,1.551522215543506833e-01,1.821751387875254063e-02
1.390000000000000124e+00,-7.638334409421076998e-14,1.206265116239754465e-01,1.952642514100151605e-02
1.392000000000000126e+00,-7.993605777301127091e-14,3.231859614713229467e-01,1.848400563323807436e-02
1.394000000000000128e+00,-7.815970093361102045e-14,1.047208035989796865e-01,2.511976334533687696e-02
1.396000000000000130e+00,-3.907985046680551022e-14,1.639112448146544665e-01,2.257753657570171768e-02
1.398000000000000131e+00,-1.083577672034152783e-13,9.123780828370700591e-02,2.236020298950380097e-02
1.400000000000000133e+00,-1.190159082398167811e-13,8.120593719647738185e-02,2.011447955065770801e-02
1.402000000000000135e+00,-1.012523398458142765e-13,6.107109489165829519e-02,2.053542831879266381e-02
1.404000000000000137e+00,-1.048050535246147774e-13,1.488958171674562014e-01,2.267515044529186050e-02
1.406000000000000139e+00,-1.243449787580175325e-14,2.932371578557101399e-01,2.043562951486097706e-02
1.407999999999999918e+00,-1.190159082398167811e-13,9.595681262276850587e-02,2.231232858187021800e-02
1.409999999999999920e+00,-2.842170943040400743e-14,2.843553950606806519e-02,2.432380504401424060e-02
1.411999999999999922e+00,-4.263256414560601115e-14,2.356777660509561945e-01,1.764135058351951058e-02
1.413999999999999924e+00,-1.776356839400250465e-14,1.837861612837961567e-01,2.203940588516363139e-02
1.415999999999999925e+00,-5.329070518200751394e-15,5.022934203703512818e-02,1.701499148052847826e-02
1.417999999999999927e+00,-1.385558334732195362e-13,6.550094855562053897e-02,2.049182470390966543e-02
1.419999999999999929e+00,1.421085471520200372e-14,1.198965120795636025e-01,2.174272217644137792e-02
1.421999999999999931e+00,-3.907985046680551022e-14,9.602615676097221720e-03,2.214801650331834487e-02
1.423999999999999932e+00,-9.414691248821327463e-14,3.401510570734253003e-01,1.464691678751817334e-02
1.425999999999999934e+00,-7.815970093361102045e-14,1.432662106092124910e-01,2.590553597416195633e-02
1.427999999999999936e+00,-1.225686219186172821e-13,2.507742814524521746e-01,1.466093264057122258e-02
1.429999999999999938e+00,0.000000000000000000e+00,8.892917328043005443e-02,2.392424338090341773e-02
1.431999999999999940e+00,-7.105427357601001859e-14,2.813962217993685663e-02,2.449132085887190113e-02
1.433999999999999941e+00,-1.207922650792170316e-13,1.366190678528265701e-01,2.513089212126134314e-02
1.435999999999999943e+00,-1.065814103640150279e-14,4.211090841277120300e-01,2.071376148801360589e-02
1.437999999999999945e+00,-4.796163466380676255e-14,5.780276893303064323e-02,2.205679922791584785e-02
1.439999999999999947e+00,-2.131628207280300558e-14,3.778321799576410400e-02,2.759326206731878284e-02
1.441999999999999948e+00,-7.105427357601001859e-15,4.172829973059968833e-02,2.118080486785667294e-02
1.443999999999999950e+00,-1.598721155460225418e-14,1.480536726801397474e-01,1.959889157139154889e-02
1.445999999999999952e+00,-6.750155989720951766e-14,1.168463684703549277e-01,2.313822616253450801e-02
1.447999999999999954e+00,2.842170943040400743e-14,1.503120117218879892e-01,2.783430720583032411e-02
1.449999999999999956e+00,-2.664535259100375697e-14,1.025562529962388697e-01,2.424623849065273354e-02
1.451999999999999957e+00,-4.618527782440651208e-14,9.443303875246134016e-02,2.396089408410380719e-02
1.453999999999999959e+00,3.907985046680551022e-14,1.830313097825684854e-01,1.304775081582679533e-02
1.455999999999999961e+00,-6.217248937900876626e-14,1.731479882135607551e-01,2.429092220030289184e-02
1.457999999999999963e+00,-5.151434834260726348e-14,5.031854191075012684e-04,2.579542510623360554e-02
1.459999999999999964e+00,2.131628207280300558e-14,2.379023503627028246e-01,2.418496332243632446e-02
1.461999999999999966e+00,-3.907985046680551022e-14,8.017844232014914585e-02,2.398366681368581735e-02
1.463999999999999968e+00,-2.486899575160350651e-14,5.485145567924004650e-02,2.710643041448297305e-02
1.465999999999999970e+00,-7.638334409421076998e-14,3.242676924318448756e-02,2.547909973228308991e-02
1.467999999999999972e+00,-7.993605777301127091e-14,1.606574021472132949e-02,2.338376437762717044e-02
1.469999999999999973e+00,-8.171241461241152138e-14,1.270210354738112168e-01,2.637606434101597355e-02
1.471999999999999975e+00,-9.237055564881302416e-14,1.911310372610200148e-01,2.112571719732504391e-02
1.473999999999999977e+00,1.957090966426484613e+00,1.153665219639680439e-01,2.271318140627212254e-02
1.475999999999999979e+00,-1.207922650792170316e-13,3.347532414693395880e-02,2.591310961904333410e-02
1.477999999999999980e+00,-9.947598300641402602e-14,5.430800277781243357e-02,2.177112199209285323e-02
1.479999999999999982e+00,1.956394773542704968e+00,1.243202870491876971e-01,2.405674119755425375e-02
1.481999999999999984e+00,1.956161928244668502e+00,4.465810329879475737e-02,2.419975551408510075e-02
1.483999999999999986e+00,-7.105427357601001859e-14,5.641315159615486324e-02,2.509214988255657405e-02
1.485999999999999988e+00,-7.993605777301127091e-14,2.680914192480341462e-01,2.305357017667909736e-02
1.487999999999999989e+00,-3.552713678800500929e-15,4.619281920461303093e-02,2.273063965598675490e-02
1.489999999999999991e+00,-7.993605777301127091e-14,3.374301488034476409e-02,2.782560853992435690e-02
1.491999999999999993e+00,-1.776356839400250465e-14,5.815183180898253479e-02,2.500517951048368895e-02
1.493999999999999995e+00,-9.592326932761352509e-14,5.170191097213636816e-02,1.885639427711158569e-02
1.495999999999999996e+00,-1.776356839400250465e-14,3.863137110399497004e-02,2.463971972342321459e-02
1.497999999999999998e+00,-8.171241461241152138e-14,2.011298685775433914e-01,2.606193221644428210e-02
1.500000000000000000e+00,-3.019806626980425790e-14,1.686806435877688526e-01,2.524211328633296433e-02
1.502000000000000002e+00,-1.776356839400250465e-15,1.754248071278111387e-01,2.872794793190976484e-02
1.504000000000000004e+00,-8.171241461241152138e-14,1.177005365217536660e-02,2.887922344114748907e-02
1.506000000000000005e+00,-2.486899575160350651e-14,6.304917513810151530e-02,2.509867409768682181e-02
1.508000000000000007e+00,-1.776356839400250465e-15,8.977354555719710416e-02,2.519503909429947688e-02
1.510000000000000009e+00,-2.486899575160350651e-14,6.279383388412751454e-02,2.700068022493674544e-02
1.512000000000000011e+00,-1.296740492762182839e-13,4.005685296514751442e-02,2.778682590051611070e-02
1.514000000000000012e+00,-5.506706202140776441e-14,1.765021899084124324e-01,2.861548751478941444e-02
1.516000000000000014e+00,1.952144312172752194e+00,5.471035531192277451e-02,2.993837045881804493e-02
1.518000000000000016e+00,-1.172395514004165307e-13,2.454067765195979377e-03,2.453987162299188507e-02
1.520000000000000018e+00,-4.618527782440651208e-14,2.113590258123599144e-02,2.741604442712654993e-02
1.522000000000000020e+00,3.375077994860475883e-14,6.762168810601836000e-02,3.090440183262034915e-02
1.524000000000000021e+00,-1.119104808822157793e-13,2.838001607570957985e-01,2.771004999740302524e-02
1.526000000000000023e+00,-7.460698725481051952e-14,1.449992888156638737e-01,3.280505648608732922e-02
1.528000000000000025e+00,1.950699870991385865e+00,3.584894465657378904e-02,2.941235898666665072e-02
1.530000000000000027e+00,-1.776356839400250465e-15,6.218039920024620582e-02,3.088312569521103543e-02
1.532000000000000028e+00,-9.414691248821327463e-14,1.362008835054062672e-01,2.698057413571187252e-02
1.534000000000000030e+00,-7.638334409421076998e-14,1.037637217061189165e-01,2.962794246877807278e-02
1.536000000000000032e+00,-6.750155989720951766e-14,1.910686126958875686e-02,2.424145333564470609e-02
1.538000000000000034e+00,-8.881784197001252323e-14,1.234740992598479595e-02,2.425189843400927386e-02
1.540000000000000036e+00,-6.039613253960851580e-14,1.623242511975426239e-01,2.639273606559851271e-02
1.542000000000000037e+00,3.552713678800500929e-15,1.033074789372628172e-01,2.486788098732913357e-02
1.544000000000000039e+00,-3.375077994860475883e-14,1.478474803529501447e-01,3.088398238666623108e-02
1.546000000000000041e+00,-8.881784197001252323e-15,2.404540507272063393e-02,2.466374387120848569e-02
1.548000000000000043e+00,1.948262209160462888e+00,3.082054155588413377e-02,2.853270689065954061e-02
1.550000000000000044e+00,-5.861977570020826533e-14,1.176602883117526532e-01,3.081908912790254362e-02
1.552000000000000046e+00,-7.283063041541026905e-14,5.121733057746906403e-02,2.784295386373850795e-02
1.554000000000000048e+00,-4.796163466380676255e-14,5.912399247714665573e-02,3.208759660177538248e-02
1.556000000000000050e+00,-5.329070518200751394e-14,1.194804414045926161e-01,3.047740363292589238e-02
1.558000000000000052e+00,-2.486899575160350651e-14,2.104973694385897931e-01,2.719287768150042278e-02
1.560000000000000053e+00,-3.197442310920450836e-14,1.104820949503054484e-01,3.079510045295849943e-02
1.562000000000000055e+00,1.946533558272896869e+00,1.434727649534588700e-01,3.480728808029975169e-02
1.564000000000000057e+00,-3.730349362740525976e-14,1.967436543087216355e-02,2.681963961736798241e-02
1.566000000000000059e+00,-6.394884621840901673e-14,4.772980086034082220e-02,3.154941323012459137e-02
1.568000000000000060e+00,-1.598721155460225418e-14,2.027282455507146627e-02,2.824400073733342523e-02
1.570000000000000062e+00,-6.039613253960851580e-14,3.111266830958285372e-03,3.186813678982908238e-02
1.572000000000000064e+00,-1.776356839400250465e-14,1.069182775074659919e-01,3.221494496017360265e-02
1.574000000000000066e+00,-3.907985046680551022e-14,3.731872322637842521e-01,2.372184657175668496e-02
1.576000000000000068e+00,1.421085471520200372e-14,2.013249934617615811e-01,2.685045469011118624e-02
1.578000000000000069e+00,-1.083577672034152783e-13,4.423739544066389584e-01,2.652543095162460812e-02
1.580000000000000071e+00,1.065814103640150279e-14,4.419646759881536852e-02,2.309462625221199092e-02
1.582000000000000073e+00,-1.598721155460225418e-14,2.397876129397414624e-01,2.342378524033657955e-02
1.584000000000000075e+00,-3.552713678800500929e-15,1.667682747900685047e-01,2.379579752392299227e-02
1.586000000000000076e+00,-8.881784197001252323e-14,8.654732198264415352e-03,2.643635603974626644e-02
1.588000000000000078e+00,-1.740829702612245455e-13,6.818959255007553399e-02,2.963143547680072848e-02
1.590000000000000080e+00,-1.421085471520200372e-14,3.402391374779159539e-01,3.181430207285808331e-02
1.592000000000000082e+00,-7.638334409421076998e-14,2.241017835843010092e-02,2.912625530011689334e-02
1.594000000000000083e+00,-7.993605777301127091e-14,1.583042521453808527e-01,2.883853204897945596e-02
1.596000000000000085e+00,-9.237055564881302416e-14,3.118516014490225752e-01,3.213096833679945225e-02
1.598000000000000087e+00,4.796163466380676255e-14,4.337589917302221987e-01,1.719596988976269600e-02
1.600000000000000089e+00,-5.151434834260726348e-14,8.926754114358462222e-02,3.099603156602447757e-02
1.602000000000000091e+00,-4.973799150320701301e-14,1.796528021013495402e-01,2.855864363232025679e-02
1.604000000000000092e+00,-5.151434834260726348e-14,2.079401995429609740e-02,2.513796818963582452e-02
1.606000000000000094e+00,-9.769962616701377556e-14,4.714463237818275476e-02,2.969317570013415772e-02
1.608000000000000096e+00,-7.993605777301127091e-14,1.761179287048466047e-01,3.228061930719318406e-02
1.610000000000000098e+00,-3.197442310920450836e-14,4.782276180123271048e-02,3.865788507662427931e-02
1.612000000000000099e+00,-1.776356839400250465e-14,2.028262495299609225e-01,1.897208680075066975e-02
1.614000000000000101e+00,-5.506706202140776441e-14,6.320185856774857003e-02,3.079345770492366782e-02
1.616000000000000103e+00,-7.815970093361102045e-14,1.689974097841172029e-01,2.895228051788343443e-02
1.618000000000000105e+00,-4.618527782440651208e-14,2.446881309324733939e-02,3.587773478641619052e-02
1.620000000000000107e+00,-5.861977570020826533e-14,7.661269703739766179e-02,3.370861286427788428e-02
1.622000000000000108e+00,-5.861977570020826533e-14,4.301191450419123430e-01,2.781961804407844657e-02
1.624000000000000110e+00,-5.329070518200751394e-14,2.175590610688047377e-01,3.488153626601779578e-02
1.626000000000000112e+00,-8.881784197001252323e-14,2.857643839422878140e-01,3.066431687081990973e-02
1.628000000000000114e+00,-7.105427357601001859e-14,1.152448330199145748e-01,3.539077282432803728e-02
1.630000000000000115e+00,1.937881900383583655e+00,1.282578766020883443e-01,2.997051148124829645e-02
1.632000000000000117e+00,-3.375077994860475883e-14,6.953032127264877071e-02,3.275013952340197904e-02
1.634000000000000119e+00,-6.039613253960851580e-14,8.323940845855391790e-02,3.092988166730125180e-02
1.636000000000000121e+00,-9.592326932761352509e-14,2.818219170655567041e-02,3.545575556925878447e-02
1.638000000000000123e+00,-4.618527782440651208e-14,1.358407191719541163e-01,3.353481624737417871e-02
1.640000000000000124e+00,-7.105427357601001859e-14,1.800033092588827210e-01,3.483143488732635962e-02
1.642000000000000126e+00,-6.750155989720951766e-14,4.109404621630097232e-01,2.699724296786067818e-02
1.644000000000000128e+00,-1.225686219186172821e-13,1.378173346678077636e-02,3.440575902405432207e-02
1.646000000000000130e+00,-8.881784197001252323e-14,4.748979869333465331e-02,3.629287599195661629e-02
1.648000000000000131e+00,-7.283063041541026905e-14,3.897744875267317860e-02,3.323003373730659682e-02
1.650000000000000133e+00,-1.652011860642232932e-13,8.783154193849265767e-02,2.937685324125029543e-02
1.652000000000000135e+00,-1.101341240428155288e-13,2.368294560678333716e-01,2.826445233663869155e-02
1.654000000000000137e+00,-9.947598300641402602e-14,1.863293632788405596e-01,2.716167323526827784e-02
1.656000000000000139e+00,-6.039613253960851580e-14,9.616184986451725702e-02,2.917401741493515221e-02
1.658000000000000140e+00,-8.526512829121202230e-14,1.131191091004723204e-01,3.781006143722340923e-02
1.660000000000000142e+00,-1.403321903126197867e-13,2.383945333717198412e-01,3.306115463935372506e-02
1.662000000000000144e+00,-9.237055564881302416e-14,2.225481822147272817e-02,3.543603692682869427e-02
1.664000000000000146e+00,-8.348877145181177184e-14,2.411730898237814391e-01,2.894270924411418422e-02
1.665999999999999925e+00,-6.750155989720951766e-14,9.619142415600020340e-03,3.518760489896006344e-02
1.667999999999999927e+00,-6.750155989720951766e-14,2.550494288679792249e-02,3.717879448086582744e-02
1.669999999999999929e+00,-8.881784197001252323e-14,1.116260443784846262e-01,3.549683715462448319e-02
1.671999999999999931e+00,-4.973799150320701301e-14,2.531244160988831426e-01,3.868695794463253290e-02
1.673999999999999932e+00,-8.526512829121202230e-14,1.460380427742234699e-02,3.646873349413682491e-02
1.675999999999999934e+00,-5.506706202140776441e-14,3.782229622544047709e-01,2.346441737245042944e-02
1.677999999999999936e+00,1.776356839400250465e-15,6.447257732303243727e-02,3.769834066753700169e-02
1.679999999999999938e+00,-7.283063041541026905e-14,1.405829907113079758e-01,3.492448978847093738e-02
1.681999999999999940e+00,-8.171241461241152138e-14,2.401474060950384293e-01,3.215362092948722411e-02
1.683999999999999941e+00,-6.927791673660976812e-14,2.229740437161430167e-01,3.751633128361460401e-02
1.685999999999999943e+00,-7.283063041541026905e-14,4.619801042765128880e-03,3.726289690397448923e-02
1.687999999999999945e+00,-8.881784197001252323e-14,1.956681323439713946e-02,3.336377028547075213e-02
1.689999999999999947e+00,-5.329070518200751394e-15,2.811926115790307559e-02,3.298618438625276761e-02
1.691999999999999948e+00,-7.815970093361102045e-14,6.943347415513208276e-02,2.825383587597201859e-02
1.693999999999999950e+00,-1.385558334732195362e-13,3.479477312725887117e-02,3.587689169297725300e-02
1.695999999999999952e+00,-8.704148513061227277e-14,3.213058448674734058e-02,4.147210691041595260e-02
1.697999999999999954e+00,-1.012523398458142765e-13,6.400253246687492847e-02,4.239407136416460664e-02
1.699999999999999956e+00,-4.263256414560601115e-14,6.238615017936778584e-02,3.794640269629336732e-02
1.701999999999999957e+00,-8.704148513061227277e-14,1.014861656493473152e-01,3.662409181682794307e-02
1.703999999999999959e+00,-1.172395514004165307e-13,1.080089371570892576e-01,3.973575141487521029e-02
1.705999999999999961e+00,-1.083577672034152783e-13,1.278325720544276969e-02,3.274399577697779257e-02
1.707999999999999963e+00,-6.217248937900876626e-14,2.862618057687212406e-02,3.385483777570188341e-02
1.709999999999999964e+00,-1.243449787580175325e-13,1.061628533900867283e-01,4.041811845103254058e-02
1.711999999999999966e+00,-2.131628207280300558e-14,1.138452398420420203e-01,3.519152263429677768e-02
1.713999999999999968e+00,-1.101341240428155288e-13,1.536677806104214672e-01,4.547001584761459908e-02
1.715999999999999970e+00,-8.171241461241152138e-14,1.261976156257416659e-01,3.665675689611387622e-02
1.717999999999999972e+00,-7.638334409421076998e-14,1.515278564025452322e-02,3.915320877948151590e-02
1.719999999999999973e+00,-1.421085471520200372e-14,4.139081199062193822e-02,4.307653262805529598e-02
1.721999999999999975e+00,-5.861977570020826533e-14,2.119271229664992373e-01,3.985838062800479281e-02
1.723999999999999977e+00,-1.261213355974177830e-13,1.112703073634456821e-02,2.676910809132067304e-02
1.725999999999999979e+00,-2.309263891220325604e-14,1.586033817783313316e-01,4.554032299624387325e-02
1.727999999999999980e+00,-8.348877145181177184e-14,6.148745476558332979e-02,4.178502741048877034e-02
1.729999999999999982e+00,-5.861977570020826533e-14,2.128990741535821130e-01,3.570407927190449165e-02
1.731999999999999984e+00,1.924143015285537217e+00,1.667624184991740588e-01,4.070338238917677043e-02
1.733999999999999986e+00,7.105427357601001859e-15,5.145702808191256195e-02,4.336434950387567377e-02
1.735999999999999988e+00,3.730349362740525976e-14,3.748126649976500913e-01,1.813794932390702316e-02
1.737999999999999989e+00,-5.151434834260726348e-14,2.145022427804045007e-01,4.254524986824585048e-02
1.739999999999999991e+00,-7.105427357601001859e-14,9.203178381584778411e-02,4.320334037039313957e-02
1.741999999999999993e+00,1.922748979966359073e+00,6.560678362109553796e-02,3.910533853830145540e-02
1.743999999999999995e+00,1.065814103640150279e-14,2.896853624478308228e-02,4.019711751535852418e-02
1.745999999999999996e+00,-2.309263891220325604e-14,3.059372995171832921e-02,3.903748385275973565e-02
1.747999999999999998e+00,-8.348877145181177184e-14,1.169260421834605011e-02,4.369840539134762364e-02
1.750000000000000000e+00,-4.085620730620576069e-14,1.081711716094586329e-01,3.394185002862733225e-02
1.752000000000000002e+00,-1.776356839400250465e-14,1.270903856635008378e-01,3.972485322924618201e-02
1.754000000000000004e+00,-4.618527782440651208e-14,7.209659464201728478e-03,3.885632373946836665e-02
1.756000000000000005e+00,-5.329070518200751394e-14,1.129501788630849768e-01,4.121273585110951654e-02
1.758000000000000007e+00,-9.237055564881302416e-14,1.690716488089128583e-02,3.064999775726780229e-02
1.760000000000000009e+00,-1.953992523340275511e-14,1.743975535748042982e-01,4.479347763631338908e-02
1.762000000000000011e+00,-3.552713678800500929e-15,1.971170475177893011e-01,3.976360031118184729e-02
1.764000000000000012e+00,1.598721155460225418e-14,3.537655286106086011e-02,4.446721215710552899e-02
1.766000000000000014e+00,-6.039613253960851580e-14,4.616864292969748845e-02,3.535291934520375101e-02
1.768000000000000016e+00,-5.861977570020826533e-14,4.120538616208933858e-02,3.700560101880107089e-02
1.770000000000000018e+00,1.953992523340275511e-14,5.917358288696496216e-02,3.591474681201722863e-02
1.772000000000000020e+00,-4.618527782440651208e-14,6.002503073760283303e-02,3.655853470916496650e-02
1.774000000000000021e+00,-6.394884621840901673e-14,6.084443024582388004e-02,3.305116748163075546e-02
1.776000000000000023e+00,-8.881784197001252323e-14,1.469654685958682871e-01,3.810807961469096089e-02
1.778000000000000025e+00,1.917663408496188993e+00,1.915017307794076445e-02,4.493156653115934485e-02
1.780000000000000027e+00,1.776356839400250465e-14,3.614675411641504049e-02,3.917790011145631801e-02
1.782000000000000028e+00,-3.019806626980425790e-14,2.001374322260483507e-01,3.813798392021031103e-02
1.784000000000000030e+00,-6.927791673660976812e-14,3.285078432497560985e-02,4.695468886276827486e-02
1.786000000000000032e+00,-6.217248937900876626e-14,1.620512216552064122e-01,3.526570665244835312e-02
1.788000000000000034e+00,-3.907985046680551022e-14,3.709490186010330065e-02,3.802811840767596208e-02
1.790000000000000036e+00,-5.151434834260726348e-14,2.628582293122198182e-02,4.674807690002300009e-02
1.792000000000000037e+00,-2.842170943040400743e-14,8.434994218002599825e-03,4.425758399068390608e-02
1.794000000000000039e+00,1.421085471520200372e-14,4.598185472426764148e-02,4.757554350249596636e-02
1.796000000000000041e+00,-4.440892098500626162e-14,2.994042754773855730e-01,4.016823151020312149e-02
1.798000000000000043e+00,1.914793529255199189e+00,5.364293312622443743e-02,4.384760235785373217e-02
1.800000000000000044e+00,-9.769962616701377556e-14,8.443843367993050797e-02,4.657973880721148763e-02
1.802000000000000046e+00,-3.375077994860475883e-14,1.065800375038867404e-01,3.907639917316934469e-02
1.804000000000000048e+00,-1.776356839400250465e-15,8.605372871238456400e-02,4.598896637720166491e-02
1.806000000000000050e+00,-1.065814103640150279e-13,6.305185813716931986e-02,4.282310509896387202e-02
1.808000000000000052e+00,-1.065814103640150279e-14,2.082797333964964415e-01,3.663079040797338065e-02
1.810000000000000053e+00,-5.684341886080801487e-14,2.896400203565491216e-01,4.598563590718032779e-02
1.812000000000000055e+00,-7.638334409421076998e-14,9.078095123436663583e-02,3.872822593689585757e-02
1.814000000000000057e+00,-6.572520305780926719e-14,6.069126270032428050e-02,4.922654357675202569e-02
1.816000000000000059e+00,-3.730349362740525976e-14,1.928871851661741188e-01,4.617615765384206622e-02
1.818000000000000060e+00,-2.842170943040400743e-14,2.300912393571856451e-02,3.773387553152009188e-02
1.820000000000000062e+00,-1.030286966852145270e-13,5.868464465128107876e-02,3.813837276695184603e-02
1.822000000000000064e+00,-3.197442310920450836e-14,3.595963123694634334e-02,4.856440513254281499e-02
1.824000000000000066e+00,-5.506706202140776441e-14,1.041016262373489071e-01,4.643788440694914671e-02
1.826000000000000068e+00,-4.973799150320701301e-14,5.585501867545394905e-02,3.722337758011889236e-02
1.828000000000000069e+00,1.910430398641523198e+00,7.570193459310470274e-02,4.511147908195455025e-02
1.830000000000000071e+00,-2.842170943040400743e-14,2.230740592337371875e-01,4.894067780196034029e-02
1.832000000000000073e+00,-7.105427357601001859e-14,4.071037222851611043e-02,4.360138680262072575e-02
1.834000000000000075e+00,8.881784197001252323e-15,2.756543223525605504e-02,5.145874167643380015e-02
1.836000000000000076e+00,-7.993605777301127091e-14,1.805509100443689063e-01,4.331953664881810911e-02
1.838000000000000078e+00,-2.131628207280300558e-14,5.380686363866234168e-02,4.074225123147830196e-02
1.840000000000000080e+00,-1.243449787580175325e-14,1.327918997315939431e-01,3.344438179761416441e-02
1.842000000000000082e+00,-8.526512829121202230e-14,1.863623553685654077e-01,4.261323384704692602e-02
1.844000000000000083e+00,1.776356839400250465e-13,1.600811015830144735e-01,4.999447322241942770e-02
1.846000000000000085e+00,-1.065814103640150279e-14,9.641388375195722449e-02,3.769425565186228927e-02
1.848000000000000087e+00,-5.151434834260726348e-14,2.325329611899921295e-02,4.402496369069724969e-02
1.850000000000000089e+00,1.907187173688560833e+00,2.915024049096905795e-02,4.079948056032792203e-02
1.852000000000000091e+00,-4.618527782440651208e-14,3.686642071235406992e-01,4.535799409146881039e-02
1.854000000000000092e+00,1.776356839400250465e-15,4.442621172684374509e-02,4.514855335108805545e-02
1.856000000000000094e+00,-2.486899575160350651e-14,5.595873554357121138e-02,3.968474251367300892e-02
1.858000000000000096e+00,-1.776356839400250465e-14,2.587710799352105351e-03,4.548173513332970375e-02
1.860000000000000098e+00,-7.638334409421076998e-14,2.411921404118984591e-01,3.597283805022866848e-02
1.862000000000000099e+00,-6.394884621840901673e-14,1.233640500956903127e-02,4.864883242981780237e-02
1.864000000000000101e+00,0.000000000000000000e+00,1.695241521077582303e-01,4.048789466206578064e-02
1.866000000000000103e+00,-7.993605777301127091e-14,3.328824375961303428e-02,4.650182245476999071e-02
1.868000000000000105e+00,-8.171241461241152138e-14,3.146587615258618961e-03,5.892230005420470013e-02
1.870000000000000107e+00,-4.440892098500626162e-14,3.627256564746587086e-01,4.313180384496149294e-02
1.872000000000000108e+00,1.903907823603999461e+00,1.928766527271794651e-01,4.391613258667751568e-02
1.874000000000000110e+00,-2.486899575160350651e-14,1.002010476181532245e-01,4.248514925565909789e-02
1.876000000000000112e+00,-1.776356839400250465e-14,1.947471071660265007e-01,4.216602730883715899e-02
1.878000000000000114e+00,-4.618527782440651208e-14,6.833837305651961798e-03,5.136135943573375690e-02
1.880000000000000115e+00,-8.704148513061227277e-14,2.852334061692799079e-03,5.217603418857313241e-02
1.882000000000000117e+00,-1.776356839400250465e-15,8.997996335484000074e-02,3.841060066426475739e-02
1.884000000000000119e+00,-1.065814103640150279e-14,1.506918994978459492e-01,4.637546105419161624e-02
1.886000000000000121e+00,-6.572520305780926719e-14,1.511185556030654464e-01,4.238671822162128067e-02
1.888000000000000123e+00,-4.263256414560601115e-14,1.785991347730107176e-02,4.498835401304507320e-02
1.890000000000000124e+00,-2.131628207280300558e-14,2.397165885627516174e-02,4.065084809348207956e-02
1.892000000000000126e+00,-1.136868377216160297e-13,1.341160934776421398e-01,4.802680088639021960e-02
1.894000000000000128e+00,-2.842170943040400743e-14,8.843484819336459857e-02,3.860279351391454616e-02
1.896000000000000130e+00,-8.348877145181177184e-14,1.122495661900282105e-01,4.609668537920622727e-02
1.898000000000000131e+00,-5.506706202140776441e-14,1.182641036015523450e-01,5.000050081456224732e-02
1.900000000000000133e+00,-4.263256414560601115e-14,8.160037085308861904e-02,4.672572464877580017e-02
1.902000000000000135e+00,-6.927791673660976812e-14,5.431890809686960864e-02,5.240170883516167416e-02
1.904000000000000137e+00,-7.105427357601001859e-15,3.737773627670775145e-01,4.309108175938963087e-02
1.906000000000000139e+00,-7.638334409421076998e-14,2.114479648422624147e-01,4.550943555302691679e-02
1.908000000000000140e+00,-9.769962616701377556e-14,4.132037722634033378e-02,5.483697663797958144e-02
1.910000000000000142e+00,-5.506706202140776441e-14,6.398219650757624999e-03,5.053883239727451071e-02
1.912000000000000144e+00,-3.375077994860475883e-14,3.155482301202900963e-01,4.933682918846176574e-02
1.914000000000000146e+00,-7.638334409421076998e-14,1.798690852640598137e-01,4.388025745435163161e-02
1.916000000000000147e+00,1.897243476134747198e+00,5.262112595969166418e-02,5.448406968657663191e-02
1.918000000000000149e+00,-7.638334409421076998e-14,7.764452117211913251e-02,4.950440061692661098e-02
1.919999999999999929e+00,3.730349362740525976e-14,3.734165807758992039e-02,2.497760840096066928e-02
1.921999999999999931e+00,-6.927791673660976812e-14,2.815192934675974645e-01,4.650816202272380767e-02
1.923999999999999932e+00,1.421085471520200372e-14,6.610335652052697075e-02,4.321391907112733660e-02
1.925999999999999934e+00,5.329070518200751394e-15,2.601479788833000947e-02,4.726386864252681008e-02
1.927999999999999936e+00,-3.197442310920450836e-14,1.682610856091011353e-01,4.374398430079750461e-02
1.929999999999999938e+00,-4.973799150320701301e-14,4.522756406270284774e-02,3.710462070649483274e-02
1.931999999999999940e+00,-3.552713678800500929e-14,9.524510881767683790e-02,4.705655326161537616e-02
1.933999999999999941e+00,1.894477553448888685e+00,4.956961332597621499e-03,4.588692279798849138e-02
1.935999999999999943e+00,1.894168836739948958e+00,1.630510379497095985e-01,4.902102424677726167e-02
1.937999999999999945e+00,-5.684341886080801487e-14,1.344720868751068665e-01,5.189927186339543530e-02
1.939999999999999947e+00,-3.019806626980425790e-14,2.716583533876456430e-02,4.875345601163620646e-02
1.941999999999999948e+00,-5.506706202140776441e-14,1.283047084233407686e-01,4.230176965626123581e-02
1.943999999999999950e+00,-9.947598300641402602e-14,1.220668111908576083e-02,4.567264731864487809e-02
1.945999999999999952e+00,-5.329070518200751394e-14,3.264519042752263289e-02,4.943306961735825789e-02
1.947999999999999954e+00,-8.348877145181177184e-14,1.107836868579096523e-01,4.505668535692154003e-02
1.949999999999999956e+00,-1.474376176702207886e-13,1.801316936410629066e-01,5.581696795741554473e-02
1.951999999999999957e+00,-2.486899575160350651e-14,1.535008860802862182e-02,5.140363791997309972e-02
1.953999999999999959e+00,-4.618527782440651208e-14,1.412084632646427307e-01,4.799200137040515735e-02
1.955999999999999961e+00,-1.776356839400250465e-15,1.597989497660638747e-02,5.674298700582071364e-02
1.957999999999999963e+00,-5.506706202140776441e-14,3.627237704395450679e-01,3.797539540718973539e-02
1.959999999999999964e+00,-3.197442310920450836e-14,5.024111682119689754e-02,4.788349500602043923e-02
1.961999999999999966e+00,-5.684341886080801487e-14,3.869530466165220506e-02,5.735743185063736649e-02
1.963999999999999968e+00,0.000000000000000000e+00,9.345584935535918014e-02,5.000180071380424390e-02
1.965999999999999970e+00,-8.171241461241152138e-14,2.011110203883808845e-01,4.409245838831205716e-02
1.967999999999999972e+00,-4.973799150320701301e-14,3.292662587098927340e-01,5.003002355316585326e-02
1.969999999999999973e+00,-4.796163466380676255e-14,7.811611159738060528e-02,4.812717853880152385e-02
1.971999999999999975e+00,-7.105427357601001859e-14,2.863720871496889739e-02,4.193581731318921091e-02
1.973999999999999977e+00,-3.552713678800500929e-15,1.744604969223523608e-02,5.351892267068372039e-02
1.975999999999999979e+00,0.000000000000000000e+00,1.345905533446329532e-03,4.941559193861806004e-02
1.977999999999999980e+00,-6.217248937900876626e-14,1.526710683867147922e-01,5.624398472398140642e-02
1.979999999999999982e+00,-8.171241461241152138e-14,2.127004862914033956e-01,5.214379668551132746e-02
1.981999999999999984e+00,-5.861977570020826533e-14,7.675912102279440485e-02,4.704290553807686376e-02
1.983999999999999986e+00,-4.796163466380676255e-14,3.496503751499187573e-01,3.605019372021768531e-02
1.985999999999999988e+00,3.552713678800500929e-14,1.894930963136358670e-01,4.294914134933879718e-02
1.987999999999999989e+00,8.881784197001252323e-15,3.479694376270624223e-02,5.859265474232350918e-02
1.989999999999999991e+00,-3.019806626980425790e-14,2.047872107195710389e-01,5.628351038040002585e-02
1.991999999999999993e+00,7.105427357601001859e-15,1.811598462202439891e-02,5.064517403886031888e-02
1.993999999999999995e+00,5.329070518200751394e-15,9.418867407633019218e-02,4.973756443387121473e-02
1.995999999999999996e+00,1.884781058566611378e+00,1.703992030542952896e-01,5.496715601458704303e-02
1.997999999999999998e+00,5.329070518200751394e-15,1.492382120946640078e-01,4.837004057857853534e-02
2.000000000000000000e+00,-4.618527782440651208e-14,8.777223367002642829e-02,5.192205723110218663e-02
2.002000000000000224e+00,-1.243449787580175325e-14,1.618248842341962479e-01,5.008379168925481545e-02
2.004000000000000004e+00,-6.927791673660976812e-14,8.880823562822735828e-03,5.198307699513872449e-02
2.006000000000000227e+00,-3.730349362740525976e-14,2.864043983530101256e-03,6.172132173680000555e-02
2.008000000000000007e+00,-3.907985046680551022e-14,1.663595227215808325e-01,5.382627402740743777e-02
2.010000000000000231e+00,-8.526512829121202230e-14,1.623679265078053491e-01,4.513670234392649916e-02
2.012000000000000011e+00,4.085620730620576069e-14,2.190371344899198491e-01,5.364186598032482517e-02
2.014000000000000234e+00,-6.039613253960851580e-14,8.974746362433985714e-02,5.719032554467876062e-02
2.016000000000000014e+00,-4.085620730620576069e-14,1.450188974346459103e-01,4.165649339441183235e-02
2.018000000000000238e+00,-2.131628207280300558e-14,1.789557936048463138e-01,4.520129850181234255e-02
2.020000000000000018e+00,-6.039613253960851580e-14,1.672380724826514065e-01,5.262150477910606389e-02
2.022000000000000242e+00,-4.973799150320701301e-14,6.337042172079170033e-02,5.818367694865352047e-02
2.024000000000000021e+00,2.486899575160350651e-14,2.372287277113641346e-01,4.612587435452669693e-02
2.026000000000000245e+00,-6.927791673660976812e-14,1.155224276435980746e-01,5.395997106438956553e-02
2.028000000000000025e+00,-8.704148513061227277e-14,9.088025070044346287e-02,5.151502657967029636e-02
2.030000000000000249e+00,1.879356097202169451e+00,1.965017405070633161e-01,4.921613475039467861e-02
2.032000000000000028e+00,-5.329070518200751394e-15,2.770721832188969766e-02,5.969891406301607029e-02
2.034000000000000252e+00,-5.506706202140776441e-14,2.091732274241023259e-01,6.635836180684673291e-02
2.036000000000000032e+00,-7.105427357601001859e-15,9.482308440120634785e-02,6.187179965916304175e-02
2.038000000000000256e+00,7.105427357601001859e-15,3.508317864197211255e-01,5.411327907593961595e-02
2.040000000000000036e+00,3.730349362740525976e-14,1.375435479949081163e-01,4.177925252224552050e-02
2.042000000000000259e+00,1.877423853861463598e+00,6.030512109136164367e-02,5.893676989499220531e-02
2.044000000000000039e+00,-1.598721155460225418e-14,7.231197143795772830e-02,5.261157220849441152e-02
2.046000000000000263e+00,-3.552713678800500929e-14,2.391815478189238814e-02,6.055570035027249554e-02
2.048000000000000043e+00,-3.552713678800500929e-15,9.342652040157935905e-03,4.471565403448370807e-02
2.049999999999999822e+00,1.876130695972728191e+00,5.424913518556830766e-02,5.957762580164015220e-02
2.052000000000000046e+00,-8.881784197001252323e-15,1.492968548238950699e-01,4.520753534802376267e-02
2.053999999999999826e+00,-2.309263891220325604e-14,3.493128973369908491e-02,6.010664730158690738e-02
2.056000000000000050e+00,-6.039613253960851580e-14,1.949157282148999276e-02,5.584752026388444673e-02
2.057999999999999829e+00,0.000000000000000000e+00,1.203671550734747020e-01,5.387745647975369923e-02
2.060000000000000053e+00,-4.973799150320701301e-14,8.920246955189922722e-02,5.973455518422449845e-02
2.061999999999999833e+00,-1.048050535246147774e-13,6.906436170858376578e-02,5.976817125093527444e-02
2.064000000000000057e+00,1.243449787580175325e-14,2.688766142983159968e-01,5.642964576755852418e-02
2.065999999999999837e+00,-4.618527782440651208e-14,4.261839676965322593e-02,5.031245234925831034e-02
2.068000000000000060e+00,1.873206666575802259e+00,9.071480775153930448e-03,3.582029144712702007e-02
2.069999999999999840e+00,-1.048050535246147774e-13,1.763378945504283923e-01,6.525952249368770219e-02
2.072000000000000064e+00,1.872554197926366015e+00,4.671425822503227354e-01,5.092728283551910956e-02
2.073999999999999844e+00,-7.283063041541026905e-14,1.044570871268248186e-01,6.223112558874464156e-02
2.076000000000000068e+00,-3.197442310920450836e-14,2.554660610437394300e-02,4.979951567155107423e-02
2.077999999999999847e+00,-7.815970093361102045e-14,1.318299772362022670e-01,6.153116978452596864e-02
2.080000000000000071e+00,4.973799150320701301e-14,1.687816530049834340e-01,5.822999373704811077e-02
2.081999999999999851e+00,1.870918803031864641e+00,1.894453910391434917e-02,5.320121958123814887e-02
2.084000000000000075e+00,-1.421085471520200372e-14,1.431457365700919415e-01,4.946810136582750761e-02
2.085999999999999854e+00,-9.592326932761352509e-14,2.591999273591220065e-01,5.136771616012856395e-02
2.088000000000000078e+00,-4.085620730620576069e-14,3.326279896266957220e-02,5.644679069969824048e-02
2.089999999999999858e+00,-3.197442310920450836e-14,1.984926165678334020e-01,4.500801064864715095e-02
2.092000000000000082e+00,-6.394884621840901673e-14,3.626403098748518655e-02,6.559064713566382931e-02
2.093999999999999861e+00,-1.421085471520200372e-14,6.793736470502816267e-03,5.505116028992575183e-02
2.096000000000000085e+00,-9.059419880941277370e-14,6.611958085020368248e-02,5.699947038927468540e-02
2.097999999999999865e+00,1.868289753493387551e+00,1.180938334350266905e-01,5.945163740824167126e-02
2.100000000000000089e+00,1.867960058294787729e+00,6.561207609650586414e-02,5.699488947575822445e-02
2.101999999999999869e+00,1.867630128331221329e+00,1.665144373275907058e-02,5.562073139485416290e-02
2.104000000000000092e+00,-5.684341886080801487e-14,9.410013002884601296e-02,5.897717542383499462e-02
2.105999999999999872e+00,-2.131628207280300558e-14,1.584349240264502912e-01,6.228502811409397655e-02
2.108000000000000096e+00,-5.329070518200751394e-15,8.440504381864327721e-02,6.704912227496034882e-02
2.109999999999999876e+00,-3.552713678800500929e-14,1.151180368329848269e-01,6.150982964470161352e-02
2.112000000000000099e+00,-2.486899575160350651e-14,7.935789038633890569e-02,5.949942514399880061e-02
2.113999999999999879e+00,-8.171241461241152138e-14,5.215628365705911318e-02,5.223177128468701330e-02
2.116000000000000103e+00,1.865314087468881610e+00,6.400467927492213549e-02,5.989349097877025990e-02
2.117999999999999883e+00,-8.348877145181177184e-14,1.417178229412498734e-02,4.990722849268711819e-02
2.120000000000000107e+00,-7.993605777301127091e-14,7.278373053098674550e-02,5.292127112265537781e-02
2.121999999999999886e+00,1.864318027381255405e+00,1.900230043343552055e-01,6.132537950755259648e-02
2.124000000000000110e+00,-4.263256414560601115e-14,5.281148000393136310e-02,4.144377357146238755e-02
2.125999999999999890e+00,-5.684341886080801487e-14,1.296318560091905825e-01,6.449480120809084061e-02
2.128000000000000114e+00,-7.283063041541026905e-14,8.298901608346567760e-02,4.914820880699964645e-02
2.129999999999999893e+00,-5.861977570020826533e-14,2.313753339041327989e-02,4.801556857736008488e-02
2.132000000000000117e+00,-4.973799150320701301e-14,1.276965327996457122e-01,7.243816132375706374e-02
2.133999999999999897e+00,-3.730349362740525976e-14,5.755092622621689469e-02,5.452398455934061305e-02
2.136000000000000121e+00,-8.881784197001252323e-14,1.685482474043594470e-01,5.183657438814009283e-02
2.137999999999999901e+00,-4.085620730620576069e-14,7.239505178355538917e-02,5.973219651583153850e-02
2.140000000000000124e+00,1.861317522712885975e+00,1.147524961110620578e-01,5.118268970787632349e-02
2.141999999999999904e+00,-5.151434834260726348e-14,1.636905892707104793e-01,6.557833657657094473e-02
2.144000000000000128e+00,-5.861977570020826533e-14,3.893184647856578334e-02,6.767687529924640288e-02
2.145999999999999908e+00,-9.059419880941277370e-14,2.504229825919151442e-01,6.162112676809398254e-02
2.148000000000000131e+00,1.859978100583354887e+00,1.450731592227771372e-01,6.297713381807693023e-02
2.149999999999999911e+00,-5.151434834260726348e-14,1.772769853570319021e-01,5.813629255538112217e-02
2.152000000000000135e+00,-3.907985046680551022e-14,2.481339611314337112e-01,6.323243241437614959e-02
2.153999999999999915e+00,-3.730349362740525976e-14,9.188594065543591316e-02,5.910415289367379477e-02
2.156000000000000139e+00,7.105427357601001859e-15,1.217944700367216970e-01,5.535807272857106581e-02
2.157999999999999918e+00,-1.101341240428155288e-13,6.521733264209901570e-02,6.520381125892539542e-02
2.160000000000000142e+00,1.857962295644007611e+00,1.323843159449621387e-01,6.154901295957772300e-02
2.161999999999999922e+00,1.857625556186267346e+00,6.083488596513973723e-02,6.996929188590446380e-02
2.164000000000000146e+00,-8.881784197001252323e-14,6.254105461771319874e-02,6.772784564125736151e-02
2.165999999999999925e+00,-5.151434834260726348e-14,9.668343949012579708e-02,6.042006725261252903e-02
2.168000000000000149e+00,-6.039613253960851580e-14,1.738388624620174627e-01,6.044390832295599286e-02
2.169999999999999929e+00,1.856276410996525073e+00,5.270546258265383643e-02,6.602751043321503088e-02
2.172000000000000153e+00,-3.552713678800500929e-15,4.242140552583778534e-02,5.806601154635326195e-02
2.173999999999999932e+00,-8.171241461241152138e-14,2.119621276797256648e-01,5.640844502903161889e-02
2.176000000000000156e+00,-9.769962616701377556e-14,1.668281586104405634e-01,5.704926921830474201e-02
2.177999999999999936e+00,-1.776356839400250465e-14,1.435443964359402191e-01,6.195416395207242743e-02
2.180000000000000160e+00,-7.460698725481051952e-14,8.462722297558959716e-02,5.809224837321586704e-02
2.181999999999999940e+00,1.854246185823251736e+00,2.023503247307481198e-02,6.669635851933572446e-02
2.184000000000000163e+00,-6.217248937900876626e-14,1.075477248645096973e-01,5.352451097183294482e-02
2.185999999999999943e+00,-2.131628207280300558e-14,2.646868810813062800e-01,5.199597648027663721e-02
2.188000000000000167e+00,-1.776356839400250465e-14,2.533549007511901596e-01,5.811937022317957557e-02
2.189999999999999947e+00,-2.842170943040400743e-14,1.101287180783815101e-01,5.890043093024753540e-02
2.192000000000000171e+00,5.329070518200751394e-15,1.415690691149761038e-01,6.459144240647987645e-02
2.193999999999999950e+00,-3.907985046680551022e-14,1.281897075183228152e-01,5.894063292861620451e-02
2.196000000000000174e+00,-6.394884621840901673e-14,1.645599944077137666e-01,6.773046436378847568e-02
2.197999999999999954e+00,-1.776356839400250465e-15,6.775255657182371882e-03,5.846199723299525669e-02
2.200000000000000178e+00,2.131628207280300558e-14,4.054254985524703980e-01,5.722173212296845224e-02
2.201999999999999957e+00,-1.243449787580175325e-14,1.990034938259289954e-01,6.838129299024812979e-02
2.204000000000000181e+00,-5.861977570020826533e-14,1.634182742999275989e-02,6.627844383803979667e-02
2.205999999999999961e+00,-4.796163466380676255e-14,1.251626898221750439e-01,6.039609229205855634e-02
2.208000000000000185e+00,1.849821045308964074e+00,9.851237818792484002e-02,6.406689317553332375e-02
2.209999999999999964e+00,-1.243449787580175325e-14,3.929962379276743384e-02,5.959036985042116125e-02
2.212000000000000188e+00,-3.730349362740525976e-14,5.133956308941883817e-02,7.687238852054488480e-02
2.213999999999999968e+00,-1.207922650792170316e-13,2.914684024105097457e-02,6.476771557827362691e-02
2.216000000000000192e+00,-7.460698725481051952e-14,2.059230398498025083e-01,5.859426357802346302e-02
2.217999999999999972e+00,1.848109656056243111e+00,5.515196945377761478e-02,6.188600096533170003e-02
2.220000000000000195e+00,1.847766760090564730e+00,2.473256563127302632e-01,6.402694595282668044e-02
2.221999999999999975e+00,-4.085620730620576069e-14,9.158890156761397006e-02,6.037175050533659382e-02
2.224000000000000199e+00,3.552713678800500929e-15,2.745423163144622251e-03,5.766424987520815670e-02
2.225999999999999979e+00,-8.881784197001252323e-14,1.265883284605425207e-01,6.735825301745403115e-02
2.228000000000000203e+00,-1.776356839400250465e-15,8.176177459975768336e-02,5.676990354446352638e-02
2.229999999999999982e+00,1.846049216699512385e+00,1.383645050231364637e-01,5.726726575817146780e-02
2.232000000000000206e+00,-6.394884621840901673e-14,5.338190471341384968e-02,6.591762441164138175e-02
2.233999999999999986e+00,-9.059419880941277370e-14,7.051369651312297537e-02,6.321687439721342117e-02
2.236000000000000210e+00,-1.953992523340275511e-14,1.464969820477873830e-01,6.114463280441023024e-02
2.237999999999999989e+00,-5.684341886080801487e-14,5.978129457727229118e-02,6.412999958397545830e-02
2.240000000000000213e+00,-8.171241461241152138e-14,4.370353492160605757e-02,7.021103839619111109e-02
2.241999999999999993e+00,-4.618527782440651208e-14,1.931915011509871827e-01,6.356576136578766245e-02
2.244000000000000217e+00,-3.552713678800500929e-15,6.559771788816956550e-02,6.766637012202814105e-02
2.245999999999999996e+00,1.843290645810476747e+00,2.315493734608421728e-01,6.205267956354510589e-02
2.248000000000000220e+00,-1.136868377216160297e-13,1.755489658424844168e-01,4.605511524754630354e-02
2.250000000000000000e+00,-8.526512829121202230e-14,1.219230328789250306e-01,3.953906515365725877e-02
2.252000000000000224e+00,1.421085471520200372e-14,9.713957491712897629e-02,7.154270343333792026e-02
2.254000000000000004e+00,-7.105427357601001859e-14,1.003982905971553680e-01,6.126016520291114459e-02
2.256000000000000227e+00,2.309263891220325604e-14,2.176846050587070425e-01,4.494632445309807572e-02
2.258000000000000007e+00,-1.030286966852145270e-13,3.301606259635577190e-01,6.607207389578774459e-02
2.260000000000000231e+00,-6.039613253960851580e-14,9.758940005022245789e-02,5.510990832354954044e-02
2.262000000000000011e+00,-4.085620730620576069e-14,1.182126555831196357e-01,7.698936353979839164e-02
2.264000000000000234e+00,1.840172078280735590e+00,3.891768900745001813e-02,6.058921961863757838e-02
2.266000000000000014e+00,-4.440892098500626162e-14,2.603165134767729261e-01,6.378782059513789238e-02
2.268000000000000238e+00,-3.552713678800500929e-14,1.019029438069063848e-01,6.786300991864066545e-02
2.270000000000000018e+00,-1.598721155460225418e-14,2.407764261379863324e-01,6.458422063403856939e-02
2.272000000000000242e+00,2.309263891220325604e-14,5.126952060778471321e-01,4.677147842826911983e-02
2.274000000000000021e+00,-3.197442310920450836e-14,1.164587115462864253e-01,7.496746170150624111e-02
2.276000000000000245e+00,1.838084274463321677e+00,3.621629650569527237e-01,5.911692606652116377e-02
2.278000000000000025e+00,-1.065814103640150279e-13,2.777721968847898792e-01,5.304570105742961034e-02
2.280000000000000249e+00,1.837386804712615174e+00,3.792382588559124745e-02,6.715822328102599714e-02
2.282000000000000028e+00,-4.973799150320701301e-14,8.647000000327638436e-02,6.289756923058459348e-02
2.284000000000000252e+00,-5.329070518200751394e-14,3.124588036728659368e-02,6.506445076640932079e-02
2.286000000000000032e+00,-3.375077994860475883e-14,2.409472781566611987e-01,6.483362620327777492e-02
2.288000000000000256e+00,-3.552713678800500929e-15,3.250790158250704831e-02,7.134243655889888069e-02
2.290000000000000036e+00,1.835639808846083909e+00,1.138663275976528055e-01,6.847769695335612083e-02
2.292000000000000259e+00,-4.440892098500626162e-14,1.864741688882657067e-01,6.433719937282310342e-02
2.294000000000000039e+00,-4.618527782440651208e-14,2.533136113913064813e-02,5.660739129445075540e-02
2.296000000000000263e+00,1.834589353012599844e+00,1.767264077047396298e-01,7.639781742224308059e-02
2.298000000000000043e+00,1.834238827569542707e+00,7.306799374210673492e-02,6.403649779340994663e-02
2.300000000000000266e+00,-2.309263891220325604e-14,2.096998975149809152e-01,6.096875703767457716e-02
2.302000000000000046e+00,-3.552713678800500929e-14,6.158333594541109957e-02,5.846594621697142474e-02
2.304000000000000270e+00,-1.776356839400250465e-14,2.552348488380363767e-01,6.765894995123648836e-02
2.306000000000000050e+00,1.832834871109641384e+00,1.593971813717255659e-01,7.145324406254374705e-02
2.307999999999999829e+00,1.832483420720356193e+00,8.377735480232215148e-02,6.156000455184843650e-02
2.310000000000000053e+00,1.832131786779248372e+00,2.139131755048368985e-02,6.225007499214457035e-02
2.311999999999999833e+00,-3.907985046680551022e-14,7.076241141332526019e-02,6.152023545472681126e-02
2.314000000000000057e+00,-9.237055564881302416e-14,1.171952939333842370e-01,6.380047263759784648e-02
2.315999999999999837e+00,-1.421085471520200372e-14,1.646932881601992915e-01,7.941134971728704139e-02
2.318000000000000060e+00,-3.375077994860475883e-14,1.370660782425093538e-01,7.914879573786635925e-02
2.319999999999999840e+00,1.830370880531898337e+00,6.580521840270710243e-02,6.712797420615257415e-02
2.322000000000000064e+00,7.105427357601001859e-15,1.298186702867432651e-01,6.283059914819083547e-02
2.323999999999999844e+00,1.829665249892086010e+00,7.937937551894327926e-02,7.878092420522353478e-02
2.326000000000000068e+00,-1.953992523340275511e-14,3.322776889043962401e-01,4.370888518066260581e-02
2.327999999999999847e+00,3.552713678800500929e-15,8.168935516274430930e-02,7.499569074626825926e-02
2.330000000000000071e+00,2.131628207280300558e-14,1.551170268838049648e-01,6.582340874603632985e-02
2.331999999999999851e+00,-6.750155989720951766e-14,4.411514807400106208e-02,7.993608323276826799e-02
2.334000000000000075e+00,-1.083577672034152783e-13,4.885859413743718488e-02,6.268867310688469585e-02
2.335999999999999854e+00,-3.730349362740525976e-14,2.134473294648241148e-01,6.636249525262560844e-02
2.338000000000000078e+00,-7.105427357601001859e-14,1.838507288962269171e-01,6.060490888740184545e-02
2.339999999999999858e+00,-1.776356839400250465e-15,1.844052110446213477e-03,6.447503286997535721e-02
2.342000000000000082e+00,-3.552713678800500929e-15,3.625864017064193284e-02,6.653494054276368197e-02
2.343999999999999861e+00,-3.730349362740525976e-14,3.429533030703274532e-01,6.210943850215262796e-02
2.346000000000000085e+00,-8.526512829121202230e-14,1.512477462613535661e-01,7.292474225511770547e-02
2.347999999999999865e+00,7.105427357601001859e-15,1.189246476087897977e-02,6.066083164530516880e-02
2.350000000000000089e+00,-3.375077994860475883e-14,1.336565314777991495e-02,6.533157386237660458e-02
2.351999999999999869e+00,-6.039613253960851580e-14,4.413817717527603046e-02,7.459147439252879208e-02
2.354000000000000092e+00,-2.842170943040400743e-14,3.574867497704256047e-01,6.630985377523965218e-02
2.355999999999999872e+00,-9.769962616701377556e-14,2.045400999615198390e-01,7.669490964067009198e-02
2.358000000000000096e+00,-6.927791673660976812e-14,1.737744162535991843e-01,6.869711397755021154e-02
2.359999999999999876e+00,-3.552713678800500929e-15,8.631928223583895665e-02,7.810041776342617481e-02
2.362000000000000099e+00,-1.030286966852145270e-13,7.859405734807237490e-03,6.875490499839605196e-02
2.363999999999999879e+00,1.822570028561314004e+00,1.404589954427409304e-01,6.832497946149389267e-02
2.366000000000000103e+00,1.822213448263742208e+00,1.493711027807515523e-01,6.738972002305863851e-02
2.367999999999999883e+00,1.821856698159898258e+00,2.717538761748808374e-01,5.887570590696637740e-02
2.370000000000000107e+00,0.000000000000000000e+00,3.967791953979314667e-02,7.291993759069639869e-02
2.371999999999999886e+00,-2.486899575160350651e-14,2.027464841967014375e-01,6.556631470494016234e-02
2.374000000000000110e+00,1.820785433699617428e+00,2.184970327060010986e-01,6.218902543696472329e-02
2.375999999999999890e+00,-2.664535259100375697e-14,5.081317717626745306e-02,7.204361799988064086e-02
2.378000000000000114e+00,-7.460698725481051952e-14,9.655669715556236543e-02,7.289032343769170919e-02
2.379999999999999893e+00,1.776356839400250465e-15,7.355813918633760315e-03,5.475775521438843579e-02
2.382000000000000117e+00,-4.796163466380676255e-14,5.981393002082611640e-03,6.223216937657900794e-02
2.383999999999999897e+00,-1.421085471520200372e-14,7.288996064269256947e-02,7.903749730664834383e-02
2.386000000000000121e+00,-5.151434834260726348e-14,8.834481255585513448e-02,6.538379115606721137e-02
2.387999999999999901e+00,-9.059419880941277370e-14,1.652835351117125096e-01,7.154494501742970913e-02
2.390000000000000124e+00,-3.375077994860475883e-14,4.366197627065149245e-02,7.670445116001553543e-02
2.391999999999999904e+00,1.817562622419778506e+00,1.304131875682628672e-01,6.523505182467455310e-02
2.394000000000000128e+00,1.817203707394176249e+00,4.398556201061334936e-02,7.490009291217045173e-02
2.395999999999999908e+00,-4.085620730620576069e-14,9.520492941231273321e-02,7.556200449715520795e-02
2.398000000000000131e+00,-1.065814103640150279e-14,4.379072386299188713e-01,5.697417932396210694e-02
2.399999999999999911e+00,-1.598721155460225418e-14,4.374056673233650550e-02,6.869740666486608138e-02
2.402000000000000135e+00,-8.526512829121202230e-14,2.389511984427111213e-01,6.298432909243326105e-02
2.403999999999999915e+00,-7.460698725481051952e-14,1.529198741174932485e-01,7.303398474924314987e-02
2.406000000000000139e+00,1.815046804791480284e+00,4.895747132301368765e-02,6.831256564539059384e-02
2.407999999999999918e+00,-2.486899575160350651e-14,7.180191476750434620e-02,7.101840304417915417e-02
2.410000000000000142e+00,-8.171241461241152138e-14,6.308125500542029196e-02,7.154048884581439005e-02
2.411999999999999922e+00,3.019806626980425790e-14,1.416555050801179784e-03,7.634348999420229043e-02
2.414000000000000146e+00,1.813605653730517631e+00,1.871132435387210802e-01,7.876711796673467603e-02
2.415999999999999925e+00,-9.769962616701377556e-14,1.014593653414193053e-01,6.184478820878808181e-02
2.418000000000000149e+00,-1.172395514004165307e-13,1.298583240893239343e-01,7.177114924304250909e-02
2.419999999999999929e+00,-4.973799150320701301e-14,9.241020069862367070e-02,6.935080339980681519e-02
2.422000000000000153e+00,1.812161964351943766e+00,1.906219914741742738e-02,7.688393994353824590e-02
2.423999999999999932e+00,-8.348877145181177184e-14,3.104804731611120472e-01,6.683970501240117656e-02
2.426000000000000156e+00,1.811439176999559919e+00,1.694517964665256393e-01,8.561153835944071422e-02
2.427999999999999936e+00,-3.375077994860475883e-14,2.079372754045453464e-01,7.296244159436490739e-02
2.430000000000000160e+00,-3.197442310920450836e-14,9.277909938037920412e-02,6.457912326384766810e-02
2.431999999999999940e+00,-8.704148513061227277e-14,2.113052062458720820e-02,5.564712169828980176e-02
2.434000000000000163e+00,2.664535259100375697e-14,2.391776669083642837e-01,7.023999473628400603e-02
2.435999999999999943e+00,-3.019806626980425790e-14,1.721508475523342852e-01,7.727408123158402420e-02
2.438000000000000167e+00,-1.243449787580175325e-14,2.131759584280761843e-01,8.305076473619625588e-02
2.439999999999999947e+00,-4.973799150320701301e-14,1.001566672836549932e-01,6.881803401025855804e-02
2.442000000000000171e+00,-7.105427357601001859e-14,1.388597671557537938e-01,6.529562281759175579e-02
2.443999999999999950e+00,-2.842170943040400743e-14,1.740671682073709481e-01,7.816781479148177114e-02
2.446000000000000174e+00,1.807815960319521409e+00,2.136533086234748691e-01,7.471103128456053899e-02
2.447999999999999954e+00,1.776356839400250465e-15,1.774098781137162326e-03,6.386012833140643219e-02
2.450000000000000178e+00,0.000000000000000000e+00,3.017145533841214533e-01,6.337104892841649573e-02
2.451999999999999957e+00,-5.329070518200751394e-15,9.420051058571879410e-02,6.754340864269360589e-02
2.454000000000000181e+00,-7.105427357601001859e-15,2.087998979855288373e-01,6.878246372974111678e-02
2.455999999999999961e+00,1.805998649046632210e+00,6.963762535015109723e-02,8.178435252217720886e-02
2.458000000000000185e+00,1.805634737835340786e+00,2.164786519667978304e-01,7.025212351114824838e-02
2.459999999999999964e+00,-4.440892098500626162e-14,7.535496905813995894e-02,7.146167342471315687e-02
2.462000000000000188e+00,-3.019806626980425790e-14,1.061998744339140155e-01,8.054356220893359175e-02
2.463999999999999968e+00,-2.664535259100375697e-14,1.183186568905978814e-01,7.482647911200994428e-02
2.466000000000000192e+00,1.804177611567640227e+00,3.196943119861173632e-01,6.508598676026762508e-02
2.467999999999999972e+00,8.526512829121202230e-14,6.635540495796854454e-02,7.794179056866715194e-02
2.470000000000000195e+00,1.803448165906191392e+00,1.494556194539925220e-01,6.684294031166451711e-02
2.471999999999999975e+00,1.803083224022419273e+00,9.401912132763362920e-03,8.493858698020315123e-02
2.474000000000000199e+00,-3.375077994860475883e-14,1.763903797031346199e-01,7.104096049177432981e-02
2.475999999999999979e+00,1.802352904399887379e+00,2.261619728804988017e-03,8.189664724837696086e-02
2.478000000000000203e+00,-8.704148513061227277e-14,7.411320533407504685e-02,7.675139975053527075e-02
2.479999999999999982e+00,-8.881784197001252323e-15,3.317085183598590670e-02,9.246205963692424867e-02
2.482000000000000206e+00,-7.105427357601001859e-15,1.220086126113278657e-01,7.477781310672436399e-02
2.483999999999999986e+00,-1.421085471520200372e-14,3.614882827248148134e-01,7.250161085843374875e-02
2.486000000000000210e+00,1.800524583821884406e+00,9.023556611967234464e-02,7.497166674818617205e-02
2.487999999999999989e+00,-3.907985046680551022e-14,1.047689488438443284e-01,7.434504548447198879e-02
2.490000000000000213e+00,1.799792256396390400e+00,5.419069336137134762e-02,9.149160976012536695e-02
2.491999999999999993e+00,-6.039613253960851580e-14,3.589469017501728532e-01,7.391721979543747212e-02
2.494000000000000217e+00,1.953992523340275511e-14,5.116068868272009018e-01,5.245714636694463057e-02
2.495999999999999996e+00,1.798692705871182795e+00,1.521363002161460753e-01,7.747755278505007170e-02
2.498000000000000220e+00,-6.927791673660976812e-14,2.257999106581721691e-02,8.423584006331187590e-02
2.500000000000000000e+00,-4.796163466380676255e-14,2.466358287239485969e-01,6.213003041071442356e-02
2.502000000000000224e+00,-6.750155989720951766e-14,1.487946482857286680e-02,7.923295638860711199e-02
2.504000000000000004e+00,1.797224679704170214e+00,4.816185848978751620e-03,6.600012509788957815e-02
2.506000000000000227e+00,1.796857326341918082e+00,9.257061066692626183e-02,8.049381174165849695e-02
2.508000000000000007e+00,-2.131628207280300558e-14,7.761031385706201879e-02,8.030443654651163443e-02
2.510000000000000231e+00,1.796122206539354949e+00,2.133782030883416003e-01,7.527282363024256906e-02
2.512000000000000011e+00,-1.456612608308205381e-13,1.946201206836710718e-01,7.335880151748809530e-02
2.514000000000000234e+00,-4.440892098500626162e-14,5.782444326729328787e-02,7.750482544275716368e-02
2.516000000000000014e+00,-5.329070518200751394e-15,2.099979119430476007e-02,8.001327446366833518e-02
2.518000000000000238e+00,-1.776356839400250465e-14,1.312402467606564316e-01,6.305598231984939350e-02
2.520000000000000018e+00,-3.197442310920450836e-14,6.695546866402686537e-02,8.465507392336210635e-02
2.522000000000000242e+00,1.793913574367296704e+00,2.614595077614121910e-01,8.033775959585073845e-02
2.524000000000000021e+00,-4.085620730620576069e-14,4.715575705340747936e-02,7.680868863077405795e-02
2.526000000000000245e+00,-1.243449787580175325e-14,1.355084879127504416e-01,8.881751786250932645e-02
2.528000000000000025e+00,1.792807439196096198e+00,6.106595995758288577e-03,8.806889696726237504e-02
2.530000000000000249e+00,-3.375077994860475883e-14,1.388662066514356197e-01,7.771977106855644524e-02
2.532000000000000028e+00,1.792069350079968260e+00,5.052055346335793118e-02,7.853317455734661057e-02
2.534000000000000252e+00,-3.375077994860475883e-14,9.232613797466135419e-02,5.824116496624017619e-02
2.536000000000000032e+00,-2.842170943040400743e-14,1.267434692328107439e-02,6.706721184795047530e-02
2.538000000000000256e+00,-1.776356839400250465e-14,5.370868995623208353e-02,8.257710704425255677e-02
2.540000000000000036e+00,-9.414691248821327463e-14,1.092238890367252038e-02,6.522893788200444243e-02
2.542000000000000259e+00,-8.881784197001252323e-15,6.361297247866587456e-02,7.998734999364622011e-02
2.544000000000000039e+00,2.131628207280300558e-14,4.729244691237680445e-03,8.793892401351176280e-02
2.546000000000000263e+00,5.329070518200751394e-15,1.116267553591745176e-01,7.818226434937537717e-02
2.548000000000000043e+00,-1.083577672034152783e-13,1.676453081663075717e-01,8.106131878040671868e-02
2.550000000000000266e+00,-1.634248292248230428e-13,1.314916719391725497e-01,7.744139347714802668e-02
2.552000000000000046e+00,7.105427357601001859e-15,1.550443835717548180e-01,7.564705338184006533e-02
2.554000000000000270e+00,1.788000507817882223e+00,3.282167671407200671e-01,6.968251412989054372e-02
2.556000000000000050e+00,1.787629840482349408e+00,7.316533209781891922e-02,8.298056342371930294e-02
2.558000000000000274e+00,-5.506706202140776441e-14,1.787531572470656693e-01,7.252113078859249995e-02
2.560000000000000053e+00,1.786888125600682997e+00,7.040643488294517915e-02,6.863309585123014700e-02
2.561999999999999833e+00,-2.842170943040400743e-14,3.662134745986583839e-02,9.005736965385674475e-02
2.564000000000000057e+00,1.786145906656516402e+00,7.915937036691676754e-02,7.204609306189460605e-02
2.565999999999999837e+00,1.243449787580175325e-14,1.686864422773847183e-01,8.641236771772561887e-02
2.568000000000000060e+00,1.785403187106117784e+00,8.006008980363393118e-03,6.846908938966245195e-02
2.569999999999999840e+00,-1.421085471520200372e-14,1.221445026652452359e-01,7.532154902929551199e-02
2.572000000000000064e+00,1.784659970398958961e+00,6.927754844448866245e-02,8.442527165504519482e-02
2.573999999999999844e+00,5.329070518200751394e-15,1.807187646074090437e-01,7.235512962812230831e-02
2.576000000000000068e+00,1.783916259977972985e+00,1.506889036900190548e-01,8.407856661554316546e-02
2.577999999999999847e+00,-8.171241461241152138e-14,2.716680083113062194e-01,8.589251749120058177e-02
2.580000000000000071e+00,-4.085620730620576069e-14,8.335601360700442553e-02,7.923683644132707704e-02
2.581999999999999851e+00,-5.329070518200751394e-15,5.163474116450609414e-02,8.838645637387095022e-02
2.584000000000000075e+00,-8.348877145181177184e-14,2.675034257115139757e-01,6.459645902593715017e-02
2.585999999999999854e+00,-4.085620730620576069e-14,2.870831106777409561e-02,8.659895532768618898e-02
2.588000000000000078e+00,-8.881784197001252323e-15,1.281473532103623303e-01,7.325152327246749195e-02
2.589999999999999858e+00,1.781309435057259805e+00,3.706167499138161153e-02,7.832477355543972231e-02
2.592000000000000082e+00,-9.414691248821327463e-14,2.859515928569739823e-02,7.658933371104444110e-02
2.593999999999999861e+00,-7.105427357601001859e-15,3.102484812739304126e-02,9.197957519098591550e-02
2.596000000000000085e+00,3.197442310920450836e-14,1.624628334614258984e-01,7.277600740398426638e-02
2.597999999999999865e+00,3.019806626980425790e-14,9.653406767116451404e-02,8.567851709520919734e-02
2.600000000000000089e+00,-7.105427357601001859e-15,1.724720643882383109e-01,7.495248052104232228e-02
2.601999999999999869e+00,1.776356839400250465e-14,9.698425299292814938e-02,8.871212169961741056e-02
2.604000000000000092e+00,-7.993605777301127091e-14,7.632026309374059792e-02,7.826716807143734023e-02
2.605999999999999872e+00,-3.197442310920450836e-14,4.937606018835676014e-02,8.402896770239416668e-02
2.608000000000000096e+00,-7.638334409421076998e-14,4.114001574527149235e-02,7.967070995864783400e-02
2.609999999999999876e+00,-4.263256414560601115e-14,1.955480419273131210e-01,8.443928489692713313e-02
2.612000000000000099e+00,-7.105427357601001859e-14,2.965926862023104960e-02,6.985800405515019129e-02
2.613999999999999879e+00,-5.151434834260726348e-14,1.033537241019434269e-02,8.036753533538136540e-02
2.616000000000000103e+00,-3.375077994860475883e-14,5.994081264202651138e-02,9.550089810688205949e-02
2.617999999999999883e+00,-4.263256414560601115e-14,2.276888939288833902e-01,7.984884416452914246e-02
2.620000000000000107e+00,-3.730349362740525976e-14,1.033580337397956156e-01,6.121180170701327056e-02
2.621999999999999886e+00,1.775329210119460654e+00,2.857254261299849718e-01,8.090776107060403122e-02
2.624000000000000110e+00,-5.861977570020826533e-14,1.247791332409778908e-01,7.651361196554401500e-02
2.625999999999999890e+00,5.684341886080801487e-14,1.516345043628768152e-01,8.385132919385851480e-02
2.628000000000000114e+00,5.861977570020826533e-14,1.093146748602465135e-01,6.849665393509801747e-02
2.629999999999999893e+00,-7.105427357601001859e-15,1.664618737439482188e-01,9.221225113312415955e-02
2.632000000000000117e+00,-5.151434834260726348e-14,1.190758236614052057e-01,8.269237087526708219e-02
2.633999999999999897e+00,1.065814103640150279e-14,1.043963820438906787e-01,9.146221866793946553e-02
2.636000000000000121e+00,-4.618527782440651208e-14,3.513422324895795201e-01,7.575313406956254991e-02
2.637999999999999901e+00,3.552713678800500929e-15,4.729394719385369289e-02,1.000781323455949418e-01
2.640000000000000124e+00,-3.197442310920450836e-14,9.285977166792826198e-02,8.792196891407505488e-02
2.641999999999999904e+00,3.375077994860475883e-14,2.977309978524207354e-02,8.388127849479669329e-02
2.644000000000000128e+00,1.771200948053703428e+00,1.171821218338423357e-02,8.963237222872952326e-02
2.645999999999999908e+00,-5.506706202140776441e-14,3.116621320464548622e-02,8.331611568536805013e-02
2.648000000000000131e+00,-5.684341886080801487e-14,1.051401101841236557e-01,9.113858764730331519e-02
2.649999999999999911e+00,0.000000000000000000e+00,1.935546674412429446e-01,7.911993635234752797e-02
2.652000000000000135e+00,1.243449787580175325e-14,6.505854166499297486e-02,9.682662192593355366e-02
2.653999999999999915e+00,1.769320102973974684e+00,1.722339345789341281e-01,8.269782462309796522e-02
2.656000000000000139e+00,3.552713678800500929e-15,8.360595094127791505e-02,8.290660730722516913e-02
2.657999999999999918e+00,-7.460698725481051952e-14,1.318998242737190983e-02,9.210865405483605051e-02
2.660000000000000142e+00,-1.421085471520200372e-14,1.707464338045704966e-01,7.609610293943781800e-02
2.661999999999999922e+00,-2.131628207280300558e-14,4.471972853577951129e-02,9.627301420354350547e-02
2.664000000000000146e+00,-1.190159082398167811e-13,2.889811123699580556e-02,8.357443962100367940e-02
2.665999999999999925e+00,-1.243449787580175325e-14,8.704893374057942612e-02,8.095542830423106684e-02
2.668000000000000149e+00,-2.486899575160350651e-14,2.300255755207537278e-01,8.406369841378667773e-02
2.669999999999999929e+00,-8.704148513061227277e-14,2.371259940072280303e-01,7.861082991957184241e-02
2.672000000000000153e+00,1.776356839400250465e-15,1.214530646138352737e-01,7.997246543683723952e-02
2.673999999999999932e+00,1.776356839400250465e-15,1.834967864504990220e-01,6.869522281103354611e-02
2.676000000000000156e+00,-2.131628207280300558e-14,1.169370130848365330e-01,8.872798791241141847e-02
2.677999999999999936e+00,5.329070518200751394e-15,1.030901199934139770e-02,7.774489821458147043e-02
2.680000000000000160e+00,-2.309263891220325604e-14,1.076863092351116880e-01,6.431743456504106227e-02
2.681999999999999940e+00,-1.119104808822157793e-13,2.422561213824914184e-01,8.888604091798481266e-02
2.684000000000000163e+00,-7.105427357601001859e-14,1.139693677411895284e-01,7.825908960332970954e-02
2.685999999999999943e+00,3.552713678800500929e-15,9.889009426683403881e-02,9.540875717632221753e-02
2.688000000000000167e+00,-3.730349362740525976e-14,4.440810857809932705e-02,8.849255519450521801e-02
2.689999999999999947e+00,3.019806626980425790e-14,3.571418897934935943e-02,9.293701599690457060e-02
2.692000000000000171e+00,1.762149123834308995e+00,8.107885581571290523e-02,8.354149401172530909e-02
2.693999999999999950e+00,1.243449787580175325e-14,8.321322984275205531e-03,8.254099750810964253e-02
2.696000000000000174e+00,-7.638334409421076998e-14,2.516349291389497964e-02,9.170705886954930164e-02
2.697999999999999954e+00,-1.776356839400250465e-15,2.276799797294531968e-03,7.882686549442090296e-02
2.700000000000000178e+00,-3.197442310920450836e-14,2.468152276879426732e-01,9.391306079027161857e-02
2.701999999999999957e+00,-5.506706202140776441e-14,4.101277892416027755e-03,9.328348806901373691e-02
2.704000000000000181e+00,-5.684341886080801487e-14,1.684255378114092316e-01,8.085194668132003604e-02
2.705999999999999961e+00,-6.572520305780926719e-14,2.647167882719258514e-01,8.760989909979102763e-02
2.708000000000000185e+00,-2.309263891220325604e-14,1.059049177372985706e-01,8.648719539711641202e-02
2.709999999999999964e+00,-5.151434834260726348e-14,9.671975080810347319e-03,7.975163866136433799e-02
2.712000000000000188e+00,-3.375077994860475883e-14,1.337794097649199487e-01,8.043093377134144517e-02
2.713999999999999968e+00,8.881784197001252323e-15,4.536344715323402388e-02,8.305486991669244756e-02
2.716000000000000192e+00,-7.105427357601001859e-15,1.698643291835886804e-01,8.721807160980760143e-02
2.717999999999999972e+00,-6.750155989720951766e-14,1.691745059654515826e-01,8.121224382901670591e-02
2.720000000000000195e+00,-4.618527782440651208e-14,1.252368809256096394e-02,7.766776175260581283e-02
2.721999999999999975e+00,-8.171241461241152138e-14,4.057700187021510974e-02,7.606889542874796517e-02
2.724000000000000199e+00,-5.684341886080801487e-14,3.195481579039917142e-01,8.086284066450760699e-02
2.725999999999999979e+00,-4.263256414560601115e-14,1.590344813036833060e-01,8.055151029944952745e-02
2.728000000000000203e+00,-5.506706202140776441e-14,2.054153755945587467e-01,7.378028133082303874e-02
2.729999999999999982e+00,3.552713678800500929e-15,8.728868559411406824e-06,6.992833416495880527e-02
2.732000000000000206e+00,-8.171241461241152138e-14,2.177495452769572792e-01,8.281335024566094383e-02
2.733999999999999986e+00,-6.927791673660976812e-14,2.370646589991075026e-01,7.922965423427220932e-02
2.736000000000000210e+00,-5.329070518200751394e-14,1.677809569068293705e-01,9.154490134613750552e-02
2.737999999999999989e+00,-1.598721155460225418e-14,9.351720253757654644e-02,8.617230529579347764e-02
2.740000000000000213e+00,1.776356839400250465e-15,6.756484791709625737e-02,8.983126534828365928e-02
2.741999999999999993e+00,-1.243449787580175325e-14,2.483747535408180052e-01,8.037761932948771226e-02
2.744000000000000217e+00,-3.375077994860475883e-14,1.454886738513536115e-02,8.776756518079358027e-02
2.745999999999999996e+00,-1.421085471520200372e-14,1.483992171241921010e-01,7.339916426970470587e-02
2.748000000000000220e+00,2.131628207280300558e-14,1.120625244482349875e-01,9.032201195050260090e-02
2.750000000000000000e+00,1.751136376321225541e+00,1.193422431041192278e-01,8.556020236395027456e-02
2.752000000000000224e+00,-3.552713678800500929e-14,6.810443743482288981e-02,8.778375618534445257e-02
2.754000000000000004e+00,-7.105427357601001859e-15,2.067069900534216909e-01,9.416975220982178041e-02
2.756000000000000227e+00,-7.815970093361102045e-14,2.191014950422116581e-01,9.478273144443878639e-02
2.758000000000000007e+00,-7.993605777301127091e-14,8.567476460906088553e-02,7.431097126227775851e-02
2.760000000000000231e+00,-1.776356839400250465e-15,1.757948613760688950e-01,8.833138450491706539e-02
2.762000000000000011e+00,-7.105427357601001859e-15,2.085827103048628894e-01,8.342020303948048665e-02
2.764000000000000234e+00,-6.217248937900876626e-14,1.197349071667920539e-01,8.792105682159730151e-02
2.766000000000000014e+00,-7.105427357601001859e-15,5.260790357959629210e-02,9.140638870964711005e-02
2.768000000000000238e+00,1.598721155460225418e-14,4.723223938954435042e-02,9.198795210230326092e-02
2.770000000000000018e+00,-8.348877145181177184e-14,1.257638861107945316e-01,7.905494481396797835e-02
2.772000000000000242e+00,-1.065814103640150279e-14,1.260338241594205211e-01,8.588798528954703915e-02
2.774000000000000021e+00,-1.172395514004165307e-13,1.538973161881954967e-02,9.909339313592566145e-02
2.776000000000000245e+00,-8.348877145181177184e-14,1.242554890061511041e-01,7.089351642762703465e-02
2.778000000000000025e+00,-3.019806626980425790e-14,1.765494116519765455e-03,8.275664323390369281e-02
2.780000000000000249e+00,-7.815970093361102045e-14,1.144590480186534337e-01,9.202971714828064864e-02
2.782000000000000028e+00,1.745028482755742516e+00,1.197696016798403262e-01,7.142601548488752838e-02
2.784000000000000252e+00,-2.309263891220325604e-14,2.387016590288405793e-01,7.420654996247896817e-02
2.786000000000000032e+00,2.486899575160350651e-14,5.017106075013631067e-02,7.959212941283662357e-02
2.788000000000000256e+00,-5.506706202140776441e-14,1.459010839621956712e-01,7.595921464687141467e-02
2.790000000000000036e+00,-6.217248937900876626e-14,2.327875181476930511e-01,8.371246707942095466e-02
2.792000000000000259e+00,-1.012523398458142765e-13,2.262796172345998280e-01,8.214424814533807795e-02
2.794000000000000039e+00,-4.263256414560601115e-14,1.148627206009386753e-01,8.994363405772823339e-02
2.796000000000000263e+00,2.131628207280300558e-14,1.011844942576959339e-01,7.487929946433628803e-02
2.798000000000000043e+00,-1.776356839400250465e-14,7.015670988143467290e-02,8.830709757026591888e-02
2.800000000000000266e+00,-9.592326932761352509e-14,1.927615526823735492e-01,7.970174504522495318e-02
2.802000000000000046e+00,-1.953992523340275511e-14,1.590592697946035528e-01,8.182345060777715395e-02
2.804000000000000270e+00,-9.947598300641402602e-14,1.690905413696695558e-01,9.012627230927722222e-02
2.806000000000000050e+00,1.776356839400250465e-14,5.130156400287903817e-02,1.000719865890793842e-01
2.808000000000000274e+00,2.842170943040400743e-14,1.146759932536528526e-01,9.412125989596824283e-02
2.810000000000000053e+00,-3.552713678800500929e-14,1.719258495102559681e-01,9.370192805912354317e-02
2.812000000000000277e+00,-3.019806626980425790e-14,2.274630265630798454e-01,8.895763155859091886e-02
2.814000000000000057e+00,1.738899931207576799e+00,9.063244532397636555e-02,9.920479034484942782e-02
2.815999999999999837e+00,-3.019806626980425790e-14,7.526057798234184193e-02,7.684220423339052641e-02
2.818000000000000060e+00,-4.085620730620576069e-14,3.337424870470816381e-03,8.779610526589110009e-02
2.819999999999999840e+00,-5.506706202140776441e-14,5.642471287576993066e-02,8.258309220608182899e-02
2.822000000000000064e+00,-2.664535259100375697e-14,2.823278881278291214e-02,8.764443983529761339e-02
2.823999999999999844e+00,2.486899575160350651e-14,1.072562543216440956e-01,8.894595006906773349e-02
2.826000000000000068e+00,6.572520305780926719e-14,3.129439047734954293e-01,7.244223818248246571e-02
2.827999999999999847e+00,-5.684341886080801487e-14,1.302081322598885871e-01,7.767033849783462618e-02
2.830000000000000071e+00,-6.750155989720951766e-14,1.494201877619495133e-01,1.015235507250685648e-01
2.831999999999999851e+00,5.329070518200751394e-14,1.236312916079853191e-01,9.685648262637895634e-02
2.834000000000000075e+00,-3.552713678800500929e-15,1.002140735395997684e-01,8.158589481778369401e-02
2.835999999999999854e+00,-9.592326932761352509e-14,2.425248691781041188e-01,9.354444951331740421e-02
2.838000000000000078e+00,5.506706202140776441e-14,1.864156235621537150e-01,9.413082257039311063e-02
2.839999999999999858e+00,-2.131628207280300558e-14,2.254828933324534365e-02,8.728384651993387200e-02
2.842000000000000082e+00,1.733521726131167284e+00,7.581062861946522013e-02,9.615894749444990619e-02
2.843999999999999861e+00,-4.973799150320701301e-14,1.016185830486110164e-01,8.758708942219779747e-02
2.846000000000000085e+00,-7.638334409421076998e-14,2.130219525592928070e-02,9.827595423045436263e-02
2.847999999999999865e+00,-5.506706202140776441e-14,1.429846909604726435e-01,9.536672904494344905e-02
2.850000000000000089e+00,-3.907985046680551022e-14,1.870122099811104555e-01,9.663322870576047940e-02
2.851999999999999869e+00,-1.119104808822157793e-13,8.425101580190541561e-02,9.823317077851899393e-02
2.854000000000000092e+00,-3.552713678800500929e-15,7.565950548220796990e-03,7.101276115930581223e-02
2.855999999999999872e+00,-6.394884621840901673e-14,1.882528977419685445e-01,8.185079038644986482e-02
2.858000000000000096e+00,-4.263256414560601115e-14,1.782342171410749021e-01,9.725217344045711254e-02
2.859999999999999876e+00,-6.039613253960851580e-14,2.595482068135071541e-02,9.453136607986016571e-02
2.862000000000000099e+00,-4.796163466380676255e-14,2.371650372224300835e-02,9.084566353372362790e-02
2.863999999999999879e+00,-1.598721155460225418e-14,3.204604158403838443e-02,9.240134540490051174e-02
2.866000000000000103e+00,-8.704148513061227277e-14,1.070039470285446132e-01,1.075519022248458689e-01
2.867999999999999883e+00,-4.618527782440651208e-14,2.380648140840892490e-01,8.714302731163321714e-02
2.870000000000000107e+00,-5.506706202140776441e-14,2.788081560862011241e-02,9.006522404322514497e-02
2.871999999999999886e+00,-8.348877145181177184e-14,1.136720110732134803e-01,8.684520525897994336e-02
2.874000000000000110e+00,2.131628207280300558e-14,1.059474582054257402e-02,8.924477087535520603e-02
2.875999999999999890e+00,-6.750155989720951766e-14,2.780362050334991147e-02,1.088100914294274635e-01
2.878000000000000114e+00,-2.309263891220325604e-14,1.977701114217616241e-01,9.457409387148045521e-02
2.879999999999999893e+00,-2.309263891220325604e-14,1.548389328538500587e-01,9.416703916620075554e-02
2.882000000000000117e+00,-8.526512829121202230e-14,5.541243771105619498e-02,1.058125404639840561e-01
2.883999999999999897e+00,-1.012523398458142765e-13,1.169076147381084702e-01,6.888725353027977394e-02
2.886000000000000121e+00,-3.552713678800500929e-14,2.892862561936088150e-02,1.105760934492381053e-01
2.887999999999999901e+00,-4.263256414560601115e-14,7.982985820939361363e-03,9.042223774906758826e-02
2.890000000000000124e+00,2.842170943040400743e-14,7.479922722449564021e-02,7.712131491305761199e-02
2.891999999999999904e+00,-4.440892098500626162e-14,2.865096267782684114e-01,8.379411624051957830e-02
2.894000000000000128e+00,-1.776356839400250465e-14,1.334685601906666352e-01,9.004853710513859022e-02
2.895999999999999908e+00,-5.329070518200751394e-14,1.668031541178810195e-01,8.811191440460520996e-02
2.898000000000000131e+00,-5.684341886080801487e-14,2.003146645280334259e-01,1.053008632909122055e-01
2.899999999999999911e+00,-3.375077994860475883e-14,1.480627467080219417e-01,8.226177959382256766e-02
2.902000000000000135e+00,-1.065814103640150279e-14,6.195908115902550722e-02,8.091848791542641250e-02
2.903999999999999915e+00,-1.598721155460225418e-14,2.775249564729456719e-01,9.359052920662837283e-02
2.906000000000000139e+00,8.881784197001252323e-15,1.866952864084400060e-02,1.049537976490133862e-01
2.907999999999999918e+00,4.618527782440651208e-14,1.736480128402990153e-01,8.096250187012112021e-02
2.910000000000000142e+00,-2.842170943040400743e-14,3.983642530263702131e-02,7.552200239659416503e-02
2.911999999999999922e+00,4.263256414560601115e-14,1.884610852298433947e-01,8.665557551302609240e-02
2.914000000000000146e+00,1.719632008506815524e+00,9.526648099621772003e-02,9.285593232143761477e-02
2.915999999999999925e+00,-5.329070518200751394e-15,1.184778443117245617e-01,8.063504523295675352e-02
2.918000000000000149e+00,-5.506706202140776441e-14,9.005221997343060281e-02,8.947792434752975532e-02
2.919999999999999929e+00,-6.039613253960851580e-14,5.716853727781197325e-02,9.847993858822477742e-02
2.922000000000000153e+00,0.000000000000000000e+00,1.103637943575418862e-01,9.576310849961762461e-02
2.923999999999999932e+00,-2.486899575160350651e-14,5.859672821833916689e-02,7.062259342304613718e-02
2.926000000000000156e+00,-5.684341886080801487e-14,2.295382666666332949e-01,9.421001076007683162e-02
2.927999999999999936e+00,-6.927791673660976812e-14,1.126907787439996034e-01,1.055508991699337235e-01
2.930000000000000160e+00,3.552713678800500929e-15,2.391019436935399797e-02,1.090766365321747811e-01
2.931999999999999940e+00,-8.881784197001252323e-15,8.840729906104236036e-02,8.744503417224126773e-02
2.934000000000000163e+00,-1.776356839400250465e-14,9.651358655892704197e-02,1.026773733930692462e-01
2.935999999999999943e+00,5.151434834260726348e-14,2.674432406737635715e-01,8.718866229058269690e-02
2.938000000000000167e+00,-3.907985046680551022e-14,3.370551300066155775e-01,9.265614952227957390e-02
2.939999999999999947e+00,1.714597442746619294e+00,2.519355214228372608e-01,9.135720056664051181e-02
2.942000000000000171e+00,-4.973799150320701301e-14,2.233285078650386613e-01,6.806018721661984128e-02
2.943999999999999950e+00,-6.927791673660976812e-14,4.932837950062507644e-03,1.057209670820845188e-01
2.946000000000000174e+00,-3.019806626980425790e-14,2.295388258641002932e-01,9.839550459385221215e-02
2.947999999999999954e+00,-8.171241461241152138e-14,2.118660053817719435e-01,8.756524581116617578e-02
2.950000000000000178e+00,-5.151434834260726348e-14,1.830724238542627835e-01,8.826898905633398518e-02
2.951999999999999957e+00,8.171241461241152138e-14,2.166878571345441373e-01,9.461059929734487450e-02
2.954000000000000181e+00,1.776356839400250465e-15,1.890323799486588741e-01,8.892478154804248081e-02
2.955999999999999961e+00,-2.664535259100375697e-14,1.702161120929400195e-01,9.154924054447384496e-02
2.958000000000000185e+00,-8.171241461241152138e-14,6.344607868412799334e-02,9.047344514925007020e-02
2.959999999999999964e+00,-2.664535259100375697e-14,1.367694022750222116e-01,1.008234745897943069e-01
2.962000000000000188e+00,-2.664535259100375697e-14,4.698708064470506415e-03,8.323230860418119603e-02
2.963999999999999968e+00,-7.460698725481051952e-14,7.428797802676842532e-02,1.020851168173107781e-01
2.966000000000000192e+00,1.709554113431547506e+00,9.597807659206047254e-03,1.036664080300753882e-01
2.967999999999999972e+00,-3.019806626980425790e-14,6.241501676320674458e-02,9.639975132272174396e-02
2.970000000000000195e+00,-1.776356839400250465e-14,1.157734791344980224e-01,9.914351210371397105e-02
2.971999999999999975e+00,-2.664535259100375697e-14,2.825073366176119594e-01,9.406145630409998293e-02
2.974000000000000199e+00,4.796163466380676255e-14,1.970336588429653646e-01,7.653044478113291138e-02
2.975999999999999979e+00,-5.151434834260726348e-14,3.515138967270695775e-02,1.063557721481475926e-01
2.978000000000000203e+00,-8.171241461241152138e-14,3.574182504934425575e-01,8.806832942684171550e-02
2.979999999999999982e+00,-3.019806626980425790e-14,1.064108559684622257e-01,9.646271405137664401e-02
2.982000000000000206e+00,-4.085620730620576069e-14,2.634134170258964902e-01,8.686546735267136610e-02
2.983999999999999986e+00,-1.421085471520200372e-14,1.601149330670820214e-01,9.708650051136345771e-02
2.986000000000000210e+00,-1.278976924368180335e-13,8.796334991191830099e-02,1.062731060554930607e-01
2.987999999999999989e+00,1.776356839400250465e-15,7.028915780672352447e-03,9.938810644768028557e-02
2.990000000000000213e+00,-3.552713678800500929e-15,4.856467997207437187e-02,8.335356824470332993e-02
2.991999999999999993e+00,-1.776356839400250465e-14,1.075317605307597180e-01,9.253443856511107957e-02
2.994000000000000217e+00,1.704113900031867246e+00,3.454498205015571477e-02,9.161489375734351015e-02
2.995999999999999996e+00,-4.440892098500626162e-14,5.704018896378278830e-02,1.010312842651740484e-01
2.998000000000000220e+00,-4.263256414560601115e-14,2.016724646514713587e-02,7.887234592277690692e-02
3.000000000000000000e+00,-7.105427357601001859e-14,1.745343233325014620e-01,9.373546870110609219e-02
