# delta,gap,coarse,fine
0.000000000000000000e+00,-5.329070518200751394e-15,5.375549469414268866e-02,1.028816082583743491e-01
2.000000000000000042e-03,5.329070518200751394e-15,8.600725160743694434e-03,5.701971253121065897e-02
4.000000000000000083e-03,6.861621721059307788e-03,1.433502866124066188e-01,6.763581503062957023e-02
6.000000000000000125e-03,-1.029579254834978030e-02,9.272357752219675953e-02,3.355367740508863328e-01
8.000000000000000167e-03,1.373220407869002457e-02,1.178072706713139961e-01,9.561104165011610756e-02
1.000000000000000021e-02,1.717085685350028257e-02,2.598620645374383198e-01,8.101521835964296814e-02
1.200000000000000025e-02,3.552713678800500929e-15,2.966441981400452788e-01,6.033043290424690286e-02
1.400000000000000029e-02,-2.842170943040400743e-14,2.782449215100244594e-02,4.787950911428936335e-02
1.600000000000000033e-02,0.000000000000000000e+00,1.187043229817460466e-01,5.492019032326551919e-02
1.800000000000000211e-02,3.094789115687213155e-02,1.540207127892822825e-01,5.959184456580994549e-02
2.000000000000000042e-02,-4.796163466380676255e-14,7.651317163003649134e-03,6.843948511881436936e-02
2.199999999999999872e-02,-2.664535259100375697e-14,1.074959118472707253e-01,3.362374814962990760e-02
2.400000000000000050e-02,-1.953992523340275511e-14,1.532831176878049761e-01,5.904361064890061711e-02
2.600000000000000228e-02,1.776356839400250465e-14,2.462135347586681400e-01,5.340025472768553799e-02
2.800000000000000058e-02,4.440892098500626162e-14,1.876142402945817425e-02,7.145701886494477961e-02
2.999999999999999889e-02,-8.881784197001252323e-15,1.768251237804806253e-02,1.028294667325553302e-01
3.200000000000000067e-02,5.514411237530936205e-02,1.711577505971740784e-02,7.523126366064848691e-02
3.400000000000000244e-02,-1.776356839400250465e-14,8.729967619126558984e-03,9.344054058107348348e-02
3.600000000000000422e-02,-1.421085471520200372e-14,5.441649545700201485e-02,6.585150178087584294e-02
3.799999999999999906e-02,-1.598721155460225418e-14,4.335092718686411883e-01,4.153377160448139260e-02
4.000000000000000083e-02,5.329070518200751394e-15,9.714516571726025673e-02,5.974307896267017082e-02
4.200000000000000261e-02,-6.217248937900876626e-14,1.624232844230575901e-01,6.437251864950745139e-02
4.399999999999999745e-02,7.597137944910503649e-02,3.272435154388689260e-02,4.738603584791476614e-02
4.599999999999999922e-02,-2.486899575160350651e-14,2.869511752002112392e-01,7.481279094776684124e-02
4.800000000000000100e-02,7.105427357601001859e-15,3.680002595376104940e-02,5.522536088140635180e-02
5.000000000000000278e-02,2.131628207280300558e-14,1.916753409281731976e-02,5.738388107680328365e-02
5.200000000000000455e-02,-8.881784197001252323e-15,8.509503425964110024e-02,7.559324823944595095e-02
5.399999999999999939e-02,-2.486899575160350651e-14,1.333892542364874534e-01,6.263651356794790181e-02
5.600000000000000117e-02,-1.065814103640150279e-14,1.261801257798257914e-01,5.817130891160948031e-02
5.800000000000000294e-02,-3.552713678800500929e-15,1.242701141252221808e-01,7.007288938712785686e-02
5.999999999999999778e-02,-8.881784197001252323e-15,1.599271731076446212e-01,6.834271159533937545e-02
6.199999999999999956e-02,-1.243449787580175325e-14,3.399979487520790600e-02,7.280159779571172829e-02
6.400000000000000133e-02,-2.309263891220325604e-14,1.628536128290228313e-02,7.359199630112535362e-02
6.600000000000000311e-02,-2.131628207280300558e-14,4.748244458975520166e-02,5.728217419642091246e-02
6.800000000000000488e-02,-3.197442310920450836e-14,6.090502828618692133e-02,6.793583170676846528e-02
7.000000000000000666e-02,-3.552713678800500929e-15,2.175096450080797328e-01,5.069299447061714758e-02
7.200000000000000844e-02,1.248836116927156681e-01,1.452478934730362381e-01,7.649673219073756247e-02
7.399999999999999634e-02,-5.329070518200751394e-15,1.160607490754238802e-01,6.942972668274823012e-02
7.599999999999999811e-02,-5.329070518200751394e-15,6.649903158386427648e-02,6.186173900853848134e-02
7.799999999999999989e-02,-2.309263891220325604e-14,1.820515367899438464e-01,4.077506075913485406e-02
8.000000000000000167e-02,3.552713678800500929e-15,4.444737396555606956e-01,5.460182773591570893e-02
8.200000000000000344e-02,1.424594288424421151e-01,2.611390164155309446e-01,5.647896964901044647e-02
8.400000000000000522e-02,-1.776356839400250465e-15,1.664235430749847200e-01,6.576042740928948749e-02
8.600000000000000699e-02,1.776356839400250465e-15,1.642952657939136529e-01,4.958646825617173126e-02
8.799999999999999489e-02,-1.065814103640150279e-14,1.490651680667270107e-01,6.986209563099222974e-02
8.999999999999999667e-02,-1.065814103640150279e-14,2.261200611194009447e-01,7.011436678857677074e-02
9.199999999999999845e-02,1.065814103640150279e-14,1.416764690395977688e-01,7.069665624961229966e-02
9.400000000000000022e-02,-4.085620730620576069e-14,6.499792147645691576e-02,5.756024541209286277e-02
9.600000000000000200e-02,1.671604999455134077e-01,7.794007302176562957e-02,4.856549170501160695e-02
9.800000000000000377e-02,-1.421085471520200372e-14,1.108483267172124115e-01,5.317423855379414116e-02
1.000000000000000056e-01,-2.842170943040400743e-14,2.363266324662293694e-01,6.224939160839132457e-02
1.020000000000000073e-01,0.000000000000000000e+00,2.254210029374913438e-01,6.681811241823762404e-02
1.040000000000000091e-01,1.776356839400250465e-14,1.801156929530457057e-02,6.667649288104904315e-02
1.059999999999999970e-01,-2.664535259100375697e-14,1.305091569443581900e-01,7.283877593765260283e-02
1.079999999999999988e-01,-3.552713678800500929e-14,1.889009010191856075e-01,8.611212746977285615e-02
1.100000000000000006e-01,1.919724612192830193e-01,2.227453988897998977e-02,7.454219229333440555e-02
1.120000000000000023e-01,1.955260883109373182e-01,2.961070713919402089e-02,8.423381324270440285e-02
1.140000000000000041e-01,1.990819820168487908e-01,2.692159756632028778e-02,8.439131879112697632e-02
1.160000000000000059e-01,-2.664535259100375697e-14,1.168629089135423196e-02,6.003255662790932951e-02
1.180000000000000077e-01,-8.348877145181177184e-14,1.314566311285635392e-01,4.687911662909775151e-02
1.199999999999999956e-01,2.664535259100375697e-14,6.762861623337443340e-02,5.701467956483535077e-02
1.219999999999999973e-01,-1.065814103640150279e-14,1.823762880052560431e-01,5.916868357170477349e-02
1.239999999999999991e-01,-2.842170943040400743e-14,6.341220873666400526e-02,5.239587406355571131e-02
1.260000000000000009e-01,-7.283063041541026905e-14,9.540428470330411526e-02,8.104407853699288622e-02
1.280000000000000027e-01,-1.243449787580175325e-14,9.212709860575561682e-02,5.633044050176594375e-02
1.300000000000000044e-01,4.973799150320701301e-14,2.515335355676214663e-02,5.201364186793830391e-02
1.320000000000000062e-01,3.730349362740525976e-14,1.510117048509263260e-01,5.219826247104655814e-02
1.340000000000000080e-01,2.347656771273651799e-01,1.883706361731912193e-01,5.774453629086753748e-02
1.360000000000000098e-01,5.329070518200751394e-15,2.236439026736016245e-01,6.357727416746110360e-02
1.380000000000000115e-01,8.881784197001252323e-15,3.599241423162963249e-01,5.946698179514047639e-02
1.400000000000000133e-01,7.105427357601001859e-15,1.981148841143038353e-01,6.677495494429511180e-02
1.420000000000000151e-01,1.776356839400250465e-15,2.050147632824124710e-01,6.553994521588131505e-02
1.440000000000000169e-01,2.526926708936674260e-01,1.718940025037509756e-01,5.836094998889623797e-02
1.459999999999999909e-01,2.562848879120345202e-01,1.640149254371612575e-01,6.335297648786061830e-02
1.479999999999999927e-01,-1.776356839400250465e-14,3.995109486607261590e-02,5.605684305133868534e-02
1.499999999999999944e-01,-1.953992523340275511e-14,1.229749185580470833e-01,6.587754146850664794e-02
1.519999999999999962e-01,-1.953992523340275511e-14,2.197692112370639925e-02,5.255403193741164242e-02
1.539999999999999980e-01,-2.309263891220325604e-14,1.061673578952680441e-01,6.538993959157463065e-02
1.559999999999999998e-01,-2.664535259100375697e-14,7.548613255979028103e-02,7.300220613221498900e-02
1.580000000000000016e-01,0.000000000000000000e+00,1.874546293086060689e-01,5.858770086883775818e-02
1.600000000000000033e-01,-1.243449787580175325e-14,2.591491504562286330e-02,7.540186679117488744e-02
1.620000000000000051e-01,-5.329070518200751394e-15,2.711526621693155503e-01,5.580725762684617119e-02
1.640000000000000069e-01,0.000000000000000000e+00,4.097548530756996155e-02,4.644567476578272125e-02
1.660000000000000087e-01,2.923321759812491649e-01,1.404114527939079038e-01,5.621068705516610309e-02
1.680000000000000104e-01,-1.953992523340275511e-14,6.528114387890839032e-02,5.429129462348895180e-02
1.700000000000000122e-01,2.995689521693689628e-01,2.095843586444458007e-01,7.388155805524027064e-02
1.720000000000000140e-01,-3.552713678800500929e-15,4.034514904276678693e-02,5.836106301256802770e-02
1.740000000000000158e-01,-1.243449787580175325e-14,9.608695712938419842e-02,5.382117057279833805e-02
1.759999999999999898e-01,-4.973799150320701301e-14,6.053417893379978154e-02,3.873145914346690782e-02
1.779999999999999916e-01,-1.243449787580175325e-14,2.342003617663470094e-01,6.709946953930089053e-02
1.799999999999999933e-01,-1.421085471520200372e-14,5.954829090424499510e-02,5.556941503428291379e-02
1.819999999999999951e-01,-4.085620730620576069e-14,2.684240269230641074e-01,4.159448384689490297e-02
1.839999999999999969e-01,-1.421085471520200372e-14,4.684809553991078207e-02,5.031756050038801997e-02
1.859999999999999987e-01,-5.329070518200751394e-15,1.796577222000374230e-01,6.830531533460586224e-02
1.880000000000000004e-01,-2.842170943040400743e-14,8.031024766587215036e-02,4.971257326182376701e-02
1.900000000000000022e-01,-2.131628207280300558e-14,2.356557462542142531e-02,7.547078740094126381e-02
1.920000000000000040e-01,-1.598721155460225418e-14,1.939032308042657471e-01,6.408833559752420694e-02
1.940000000000000058e-01,2.664535259100375697e-14,9.478997941681566175e-02,7.078243632378991568e-02
1.960000000000000075e-01,-2.664535259100375697e-14,1.384251049482171092e-01,5.798196513737628038e-02
1.980000000000000093e-01,1.776356839400250465e-14,5.864861497155471337e-02,4.505416167389898752e-02
2.000000000000000111e-01,-1.953992523340275511e-14,9.074049854705905360e-02,7.072298054473778739e-02
2.020000000000000129e-01,3.577914837878415355e-01,8.457847534952527002e-02,6.199876622443469681e-02
2.040000000000000147e-01,1.776356839400250465e-14,3.504863466097805913e-02,7.149831987042055970e-02
2.060000000000000164e-01,-4.263256414560601115e-14,2.927946786197294093e-01,5.161171140768486265e-02
2.080000000000000182e-01,-5.684341886080801487e-14,1.611146045974901075e-01,6.611964076014770209e-02
2.099999999999999922e-01,1.243449787580175325e-14,1.168285625149002027e-01,5.316993319949846197e-02
2.119999999999999940e-01,4.973799150320701301e-14,1.236391301029690082e-01,6.139707627333592516e-02
2.139999999999999958e-01,-1.776356839400250465e-14,2.598774242443057519e-02,7.039737465252703108e-02
2.159999999999999976e-01,-1.598721155460225418e-14,6.883237674969941433e-04,5.269430053996578683e-02
2.179999999999999993e-01,-2.486899575160350651e-14,1.680711414381577673e-02,6.975167858927802667e-02
2.200000000000000011e-01,-6.217248937900876626e-14,1.522616902860930883e-02,7.520280640859605681e-02
2.220000000000000029e-01,-3.197442310920450836e-14,9.677957821089464008e-02,6.639505331200142024e-02
2.240000000000000047e-01,3.981585593423409009e-01,1.962855610364872688e-03,4.090700236556879532e-02
2.260000000000000064e-01,-1.776356839400250465e-14,1.052036769914136277e-01,6.016841132354450172e-02
2.280000000000000082e-01,4.055277537397934395e-01,2.105811316242570119e-01,5.668661480964344579e-02
2.300000000000000100e-01,0.000000000000000000e+00,2.473156940695327849e-02,4.849038458811890523e-02
2.320000000000000118e-01,-6.217248937900876626e-14,5.727449664768785934e-03,7.106454877415212257e-02
2.340000000000000135e-01,-7.105427357601001859e-15,2.771630355552569952e-02,5.288190297238549303e-02
2.360000000000000153e-01,4.202936034684165989e-01,1.155457513810618925e-01,6.159216440319420505e-02
2.380000000000000171e-01,3.552713678800500929e-15,2.411386931905067088e-01,4.958825508274234545e-02
2.399999999999999911e-01,-1.953992523340275511e-14,1.985005712150999524e-01,5.173159863605276271e-02
2.419999999999999929e-01,5.329070518200751394e-15,1.740656921195226844e-02,5.224785154025177181e-02
2.439999999999999947e-01,2.309263891220325604e-14,1.087004963670921420e-01,6.243779873061729158e-02
2.459999999999999964e-01,-2.131628207280300558e-14,1.161749500866025436e-01,5.941843091611461597e-02
2.479999999999999982e-01,1.243449787580175325e-14,4.003369705071382900e-01,3.641482480938894317e-02
2.500000000000000000e-01,-3.019806626980425790e-14,1.517905030855977166e-01,6.363509746773757247e-02
2.520000000000000018e-01,4.499352142098063112e-01,4.549603344226556267e-02,7.409925356470468960e-02
2.540000000000000036e-01,0.000000000000000000e+00,1.859737315006711189e-01,5.285133458059766698e-02
2.560000000000000053e-01,1.953992523340275511e-14,9.251301844012735365e-02,5.803863363354707511e-02
2.580000000000000071e-01,-1.598721155460225418e-14,2.552157755798395433e-01,4.954226418942585947e-02
2.600000000000000089e-01,4.648110125474174126e-01,8.357804567516914640e-02,6.062770980450947478e-02
2.620000000000000107e-01,3.197442310920450836e-14,9.032773953564821739e-03,6.056902961475530561e-02
2.640000000000000124e-01,-8.881784197001252323e-15,2.544469995465593187e-02,5.592476897662785468e-02
2.660000000000000142e-01,-1.065814103640150279e-14,3.488632784277975740e-02,5.776452337473542142e-02
2.680000000000000160e-01,-4.973799150320701301e-14,3.117722361912700357e-01,4.871006871981477943e-02
2.700000000000000178e-01,-2.664535259100375697e-14,1.519993685404268102e-01,5.718881610259724663e-02
2.720000000000000195e-01,-2.309263891220325604e-14,2.541353353787436653e-01,4.390076028347072307e-02
2.740000000000000213e-01,-1.065814103640150279e-14,1.468025438221911769e-02,6.333009438411008052e-02
2.760000000000000231e-01,1.065814103640150279e-14,2.025275157934400549e-01,5.621466983150138347e-02
2.780000000000000249e-01,-1.243449787580175325e-14,9.720078199013212905e-02,6.038721705166601172e-02
2.800000000000000266e-01,-1.598721155460225418e-14,2.818636683313039959e-01,4.709675506817694035e-02
2.820000000000000284e-01,-3.552713678800500929e-15,1.040250702643401026e-01,6.060770274823586157e-02
2.840000000000000302e-01,-4.263256414560601115e-14,1.675071085008026928e-01,5.992590863795342615e-02
2.860000000000000320e-01,5.134108076096026707e-01,4.368986718178892448e-02,6.075971697970571073e-02
2.880000000000000338e-01,0.000000000000000000e+00,2.788215318108440699e-01,4.355845089878133958e-02
2.899999999999999800e-01,-3.197442310920450836e-14,2.054199017333267485e-01,4.816120793335479378e-02
2.919999999999999818e-01,-6.927791673660976812e-14,2.250020315325628184e-01,5.496426901738443727e-02
2.939999999999999836e-01,-5.151434834260726348e-14,7.302645356417925004e-02,5.189004884246722904e-02
2.959999999999999853e-01,5.329070518200751394e-15,2.081882154918604788e-01,4.625675569641643503e-02
2.979999999999999871e-01,1.243449787580175325e-14,3.782617258974904639e-02,5.745662767882986355e-02
2.999999999999999889e-01,-4.618527782440651208e-14,1.594744167418503389e-02,5.760374605646022272e-02
3.019999999999999907e-01,2.486899575160350651e-14,2.586600693110246985e-01,4.479989044461606118e-02
3.039999999999999925e-01,-2.309263891220325604e-14,2.278330212061269455e-01,5.466935048217285570e-02
3.059999999999999942e-01,2.486899575160350651e-14,3.191386156741671809e-01,5.175591225125317218e-02
3.079999999999999960e-01,-5.329070518200751394e-15,5.519096661559266814e-03,4.909426988138563402e-02
3.099999999999999978e-01,-4.796163466380676255e-14,1.575533532724829600e-01,2.923065569433642638e-02
3.119999999999999996e-01,5.623986625157133545e-01,7.404714362862856170e-02,4.367047065954488688e-02
3.140000000000000013e-01,5.661830474555857862e-01,3.531664207217129203e-02,4.725005670043010142e-02
3.160000000000000031e-01,-5.684341886080801487e-14,9.108091044646642737e-03,5.515955832958300414e-02
3.180000000000000049e-01,5.737587158966563905e-01,1.585129916190835264e-01,4.605546940680586843e-02
3.200000000000000067e-01,5.775499998198023732e-01,2.464430229065533128e-03,3.768121556036708314e-02
3.220000000000000084e-01,2.131628207280300558e-14,6.522871038973411528e-02,5.860295624815332199e-02
3.240000000000000102e-01,1.243449787580175325e-14,2.566546745452433775e-01,5.583746718176502144e-02
3.260000000000000120e-01,5.889376528840157832e-01,1.227442366421920006e-01,5.046271444580904819e-02
3.280000000000000138e-01,-2.842170943040400743e-14,6.732429026720965215e-02,5.900572306390933913e-02
3.300000000000000155e-01,-2.131628207280300558e-14,1.399608278738561085e-01,5.195144841608848735e-02
3.320000000000000173e-01,1.776356839400250465e-14,2.575534177346164300e-01,5.391296336089127644e-02
3.340000000000000191e-01,-3.552713678800500929e-14,5.676431298246405882e-03,4.915709072055312462e-02
3.360000000000000209e-01,-5.506706202140776441e-14,5.708268553426450870e-02,4.149389047012785880e-02
3.380000000000000226e-01,-2.486899575160350651e-14,1.459082470922903885e-01,2.174254408177164061e-02
3.400000000000000244e-01,-3.907985046680551022e-14,1.104779502362774057e-01,3.174516911745492442e-02
3.420000000000000262e-01,-2.131628207280300558e-14,1.781956964745545213e-01,4.982488187038994903e-02
3.440000000000000280e-01,-6.217248937900876626e-14,1.766680689753552247e-01,5.594351656206248552e-02
3.460000000000000298e-01,6.270460705030727055e-01,1.501174100354912833e-01,5.207338709292847617e-02
3.480000000000000315e-01,-3.197442310920450836e-14,4.403510776067715016e-01,2.912560035833711494e-02
3.500000000000000333e-01,-3.019806626980425790e-14,2.135848983764853867e-02,5.446429539883106824e-02
3.519999999999999796e-01,-4.085620730620576069e-14,7.351706985043172937e-02,5.465444359574170990e-02
3.539999999999999813e-01,-1.598721155460225418e-14,3.318140319542928207e-01,4.408768911984588951e-02
3.559999999999999831e-01,-2.486899575160350651e-14,2.208610266900867813e-01,5.798454842786442825e-02
3.579999999999999849e-01,6.500216325015726326e-01,2.135463851968339433e-01,4.510146616646206613e-02
3.599999999999999867e-01,6.538589544351367522e-01,3.765175163175127904e-01,4.171831788222084975e-02
3.619999999999999885e-01,3.552713678800500929e-15,7.617484827041409723e-02,5.392055944028044390e-02
3.639999999999999902e-01,-2.842170943040400743e-14,1.012082159157852088e-02,4.294695007444836871e-02
3.659999999999999920e-01,-7.105427357601001859e-15,2.137343422619510658e-01,5.246349778483164195e-02
3.679999999999999938e-01,2.131628207280300558e-14,4.073065436960693342e-02,3.486943559393150538e-02
3.699999999999999956e-01,-3.730349362740525976e-14,1.361535934713729301e-01,4.092026688480184665e-02
3.719999999999999973e-01,-1.598721155460225418e-14,1.957930734868567127e-02,5.338940475539693392e-02
3.739999999999999991e-01,-2.664535259100375697e-15,9.140778653506038964e-02,2.255317136639859166e-01
3.760000000000000009e-01,-1.598721155460225418e-14,5.640481789798162254e-02,5.124664005650101523e-02
3.780000000000000027e-01,-3.552713678800500929e-15,1.230135964823406425e-01,4.015063357298687824e-02
3.800000000000000044e-01,-4.263256414560601115e-14,1.397295459529057648e-01,4.686760928257737574e-02
3.820000000000000062e-01,1.598721155460225418e-14,4.246868609636245129e-02,3.570704246098194146e-02
3.840000000000000080e-01,3.730349362740525976e-14,1.186479300532082906e-02,5.264036657326992552e-02
3.860000000000000098e-01,-6.572520305780926719e-14,3.480077629918431475e-03,4.816898398583582125e-02
3.880000000000000115e-01,7.078234253333350878e-01,2.069845850903769269e-01,5.329973840531600920e-02
3.900000000000000133e-01,-1.421085471520200372e-14,1.227417033052667084e-01,3.939549763428314838e-02
3.920000000000000151e-01,-2.664535259100375697e-14,2.344899238130671720e-02,3.906596847474923945e-02
3.940000000000000169e-01,-2.131628207280300558e-14,7.962417158487483659e-02,5.146317841017853528e-02
3.960000000000000187e-01,7.233248372875937804e-01,5.558484534958149648e-02,5.345376319802627035e-02
3.980000000000000204e-01,-3.552713678800500929e-15,1.127226817882657911e-01,2.574341751412902862e-02
4.000000000000000222e-01,0.000000000000000000e+00,5.343972091865017982e-02,5.151925343372108085e-02
4.020000000000000240e-01,0.000000000000000000e+00,1.036990460352564120e-01,4.508260876166604592e-02
4.040000000000000258e-01,-1.776356839400250465e-14,3.425198478801255719e-02,3.896510399982956729e-02
4.060000000000000275e-01,-1.953992523340275511e-14,5.799980453157181637e-02,4.483766386755411865e-02
4.080000000000000293e-01,-4.263256414560601115e-14,2.543046265713244658e-01,3.759434116546513105e-02
4.100000000000000311e-01,7.505411044160155143e-01,1.688157023653525379e-01,3.718905293122758138e-02
4.120000000000000329e-01,-2.486899575160350651e-14,2.967442312525774839e-01,3.557521483295129211e-02
4.140000000000000346e-01,-8.881784197001252323e-15,1.086140486337231759e-01,3.221219517197743132e-02
4.160000000000000364e-01,7.622398226901010432e-01,5.062439078551821126e-02,3.306918245751495899e-02
4.179999999999999827e-01,-3.552713678800500929e-15,6.225939276840972841e-02,4.030534715227717529e-02
4.199999999999999845e-01,-3.730349362740525976e-14,9.101007138950478748e-02,3.902389790995836050e-02
4.219999999999999862e-01,7.739593072398038842e-01,9.929360365673400857e-02,3.760104183828665014e-02
4.239999999999999880e-01,7.105427357601001859e-15,2.256883517718376031e-01,3.363823239676102389e-02
4.259999999999999898e-01,1.598721155460225418e-14,1.333562690196914702e-01,3.069426493705633072e-02
4.279999999999999916e-01,0.000000000000000000e+00,4.866444330263756252e-02,4.699516759260623927e-02
4.299999999999999933e-01,-3.019806626980425790e-14,7.750704587821705127e-02,4.123879081018320264e-02
4.319999999999999951e-01,7.935379355336165119e-01,1.314005741015395190e-01,4.115604670888249605e-02
4.339999999999999969e-01,7.974605850672098484e-01,1.705153195873536365e-02,3.929393109802202522e-02
4.359999999999999987e-01,-4.085620730620576069e-14,6.933830110552673121e-02,3.727468839754763397e-02
4.380000000000000004e-01,-1.509903313490212895e-14,4.296489732646187332e-02,3.648016975274269713e-01
4.400000000000000022e-01,8.092423828294439403e-01,1.742821266645151745e-01,3.698636312250691560e-02
4.420000000000000040e-01,-3.730349362740525976e-14,5.952223172899006459e-02,4.999484226099088630e-02
4.440000000000000058e-01,-3.375077994860475883e-14,1.520026613534684011e-02,5.205971721577492412e-02
4.460000000000000075e-01,-3.019806626980425790e-14,2.080586408677680965e-01,3.218649942142980808e-02
4.480000000000000093e-01,-7.105427357601001859e-15,5.473664230019499588e-03,3.120053851637598075e-01
4.500000000000000111e-01,-1.953992523340275511e-14,1.001770148859453952e-01,3.792942795823293217e-02
4.520000000000000129e-01,-4.618527782440651208e-14,1.371826996429382217e-01,3.250553697864019820e-02
4.540000000000000147e-01,-8.881784197001252323e-15,7.086745263727456390e-02,4.083872241229020983e-02
4.560000000000000164e-01,-3.019806626980425790e-14,4.353628908379526818e-02,4.719036748169164880e-02
4.580000000000000182e-01,3.552713678800500929e-14,3.896533838730301125e-02,3.877477452946127834e-02
4.600000000000000200e-01,5.329070518200751394e-15,2.665202690907076399e-01,4.874110649709548909e-02
4.620000000000000218e-01,-6.750155989720951766e-14,1.648651959183652926e-01,4.077177272650452100e-02
4.640000000000000235e-01,8.565773431491319201e-01,6.424267641339899415e-02,4.085712695717961390e-02
4.660000000000000253e-01,-7.105427357601001859e-15,2.776780578071856229e-02,4.206869400677921284e-02
4.680000000000000271e-01,-2.486899575160350651e-14,2.200313131516609677e-01,3.792618505375151133e-02
4.700000000000000289e-01,8.684630330254474728e-01,2.709296891008656713e-02,2.548202478525866607e-02
4.720000000000000306e-01,-1.953992523340275511e-14,7.219288165345927322e-02,4.373286393641583059e-02
4.740000000000000324e-01,-7.105427357601001859e-15,2.639102473449894681e-02,3.459332122273977433e-02
4.760000000000000342e-01,1.509903313490212895e-14,1.383611700092136632e-01,1.823403645086558722e-01
4.780000000000000360e-01,-3.197442310920450836e-14,5.079415786338123406e-03,4.007775553208830360e-02
4.799999999999999822e-01,-7.105427357601001859e-15,6.702077400993138034e-02,3.920292178970010560e-02
4.819999999999999840e-01,-1.421085471520200372e-14,1.163832416811281800e-01,3.083836063671004102e-02
4.839999999999999858e-01,8.962771307157941791e-01,9.652184772232915919e-03,3.819350332310900847e-02
4.859999999999999876e-01,-7.460698725481051952e-14,7.713058199724817654e-02,3.156412329605699785e-02
4.879999999999999893e-01,-1.421085471520200372e-14,1.398705910471557678e-01,3.619030250146584859e-02
4.899999999999999911e-01,-1.953992523340275511e-14,1.190033574659250248e-01,3.530041028072834070e-02
4.919999999999999929e-01,-1.243449787580175325e-14,8.065667337751769583e-02,3.102682933427062806e-01
4.939999999999999947e-01,7.105427357601001859e-15,6.241381344645982598e-03,1.286417479266678369e-02
4.959999999999999964e-01,-3.552713678800500929e-15,2.449090460665124536e-01,4.009207544118723737e-02
4.979999999999999982e-01,-3.019806626980425790e-14,5.936086584694223733e-02,2.870785547975129512e-02
5.000000000000000000e-01,9.769962616701377556e-15,2.685298271075087229e-01,2.841973204341770587e-01
5.020000000000000018e-01,-7.105427357601001859e-15,2.789185415449686387e-02,2.007154717988312020e-01
5.040000000000000036e-01,-4.085620730620576069e-14,9.754513871995870722e-02,2.724216557340151251e-02
5.060000000000000053e-01,-3.375077994860475883e-14,7.471072678699444691e-02,3.520967376638856755e-02
5.080000000000000071e-01,-3.375077994860475883e-14,8.793111313325699396e-02,4.006076823428222217e-02
5.100000000000000089e-01,-8.881784197001252323e-15,4.825666997997548474e-02,3.769560026989274976e-02
5.120000000000000107e-01,3.552713678800500929e-15,7.686169329496227165e-02,3.556477829809070318e-02
5.140000000000000124e-01,-3.552713678800500929e-15,1.917344856331442970e-01,3.908485052117396247e-02
5.160000000000000142e-01,-2.309263891220325604e-14,9.335100510000673979e-02,4.038639287490976282e-02
5.180000000000000160e-01,9.642967603877954375e-01,1.185598367363315808e-01,3.420059619553431074e-02
5.200000000000000178e-01,-8.881784197001252323e-15,1.037635840502010853e-01,3.694240789408279046e-02
5.220000000000000195e-01,-3.019806626980425790e-14,3.777488880412897543e-01,3.346224098368645594e-02
5.240000000000000213e-01,-1.065814103640150279e-14,7.839151725765287904e-02,4.506622601753929036e-02
5.260000000000000231e-01,-3.552713678800500929e-14,1.701958699726918434e-01,3.325128963884381450e-02
5.280000000000000249e-01,9.844295478845630498e-01,4.243909528501477180e-02,4.006440503425594962e-02
5.300000000000000266e-01,-1.598721155460225418e-14,2.973841065049732946e-02,3.441402307447082309e-01
5.320000000000000284e-01,-2.131628207280300558e-14,7.598662848877792142e-02,3.588329941303670251e-02
5.340000000000000302e-01,-2.309263891220325604e-14,1.664117234253993938e-01,2.473755486397121936e-02
5.360000000000000320e-01,1.598721155460225418e-14,1.370869022066384946e-01,3.717042932643326025e-02
5.380000000000000338e-01,5.329070518200751394e-15,2.697852753841092355e-01,2.753096922403915070e-02
5.400000000000000355e-01,8.881784197001252323e-15,2.713707491689134471e-02,2.402028873841864642e-02
5.420000000000000373e-01,-1.243449787580175325e-14,1.661746978654351711e-02,3.002374128670505862e-02
5.440000000000000391e-01,-7.815970093361102045e-14,3.792555051997018589e-01,2.953403738567643433e-02
5.460000000000000409e-01,-1.953992523340275511e-14,2.767293061389316036e-02,2.543135022585700511e-02
5.480000000000000426e-01,-3.375077994860475883e-14,1.130223832136609263e-01,2.871912775102740054e-02
5.500000000000000444e-01,-4.796163466380676255e-14,2.182212374417507872e-01,2.169023006199849099e-02
5.520000000000000462e-01,-1.243449787580175325e-14,1.282825190549031491e-01,3.192897213637860276e-02
5.540000000000000480e-01,-3.552713678800500929e-15,1.357500783336214045e-01,2.544217821806687430e-01
5.560000000000000497e-01,-1.598721155460225418e-14,2.033278322288027684e-02,3.650985113156773182e-02
5.580000000000000515e-01,-3.375077994860475883e-14,4.867841380203050822e-02,3.342857762401955923e-02
5.600000000000000533e-01,-3.730349362740525976e-14,1.722915243658562634e-01,3.167359645674946989e-02
5.620000000000000551e-01,3.552713678800500929e-15,3.154366550708929268e-02,3.216083404792505901e-02
5.640000000000000568e-01,-8.704148513061227277e-14,1.234100751260950590e-01,3.556678289930469833e-02
5.660000000000000586e-01,1.953992523340275511e-14,9.353547177753937514e-02,3.918890455874376316e-02
5.680000000000000604e-01,1.776356839400250465e-15,6.104372013638586364e-02,3.133978768189814995e-02
5.700000000000000622e-01,-4.973799150320701301e-14,8.836128108698110273e-02,3.278248067155139361e-02
5.720000000000000639e-01,-1.421085471520200372e-14,1.497056885658274994e-01,3.468296248990056924e-02
5.740000000000000657e-01,-7.105427357601001859e-15,6.383786006148045589e-02,3.670592708040160829e-02
5.760000000000000675e-01,-1.776356839400250465e-15,1.364124550510984191e-01,3.494827175341772701e-02
5.779999999999999583e-01,-2.131628207280300558e-14,3.003720266331855182e-02,3.088460017618681677e-02
5.799999999999999600e-01,-2.664535259100375697e-14,5.437418498437272818e-02,2.975086959861425462e-02
5.819999999999999618e-01,1.776356839400250465e-15,2.284458316547419710e-01,3.004044835032241428e-02
5.839999999999999636e-01,0.000000000000000000e+00,3.362161422220369955e-01,2.234574674484492846e-02
5.859999999999999654e-01,-1.598721155460225418e-14,8.421522506120042439e-02,2.717329615229113760e-02
5.879999999999999671e-01,7.105427357601001859e-15,1.777112089332854861e-01,3.387104336218322437e-02
5.899999999999999689e-01,1.110541104416026492e+00,3.280380804171321718e-01,3.086548734234177346e-02
5.919999999999999707e-01,-3.552713678800500929e-14,1.828977603316900846e-01,2.253145686517191160e-02
5.939999999999999725e-01,-1.243449787580175325e-14,7.303853559591858002e-02,3.383669117239592600e-02
5.959999999999999742e-01,-5.329070518200751394e-15,4.650689054066616673e-02,3.553118510438515315e-02
5.979999999999999760e-01,-7.105427357601001859e-15,2.606451147083243547e-01,3.197416050455289399e-02
5.999999999999999778e-01,1.131089380465378547e+00,7.431822693403083990e-02,2.368702049432937912e-02
6.019999999999999796e-01,-7.105427357601001859e-15,9.899023446675023208e-03,3.540091369266987892e-02
6.039999999999999813e-01,2.131628207280300558e-14,1.616686747007736458e-01,1.384534726744676182e-02
6.059999999999999831e-01,-1.776356839400250465e-15,1.294876011860265907e-02,2.427201535211764155e-02
6.079999999999999849e-01,-1.776356839400250465e-14,3.369912261150825872e-02,3.484429910128664099e-02
6.099999999999999867e-01,-1.776356839400250465e-14,2.550386358760281524e-02,2.562255544605382060e-02
6.119999999999999885e-01,-8.881784197001252323e-15,9.166526768623145527e-02,3.001585133391736493e-01
6.139999999999999902e-01,2.309263891220325604e-14,3.162792481569145497e-01,2.723652347428524162e-02
6.159999999999999920e-01,-2.486899575160350651e-14,1.526371211084679436e-01,2.685460164190977758e-02
6.179999999999999938e-01,1.168221577532003508e+00,3.667152016136497883e-01,2.778117829903118882e-02
6.199999999999999956e-01,8.881784197001252323e-16,2.810999517772478848e-02,2.909378998570968378e-01
6.219999999999999973e-01,-1.776356839400250465e-15,1.168575879849195892e-01,2.163284492873938231e-02
6.239999999999999991e-01,2.309263891220325604e-14,1.114203172839686173e-01,2.480415348200005685e-02
6.260000000000000009e-01,1.184784721884868830e+00,1.941637854889700088e-01,2.320335994707414806e-02
6.280000000000000027e-01,1.188931270393510431e+00,1.328489103078552003e-01,2.334350588725284462e-02
6.300000000000000044e-01,1.243449787580175325e-14,7.080011645538035470e-02,2.096120291740165287e-02
6.320000000000000062e-01,-7.105427357601001859e-15,6.420034208537048204e-02,2.321406658183987060e-01
6.340000000000000080e-01,1.776356839400250465e-15,1.970791217852402993e-02,2.957147807106358731e-02
6.360000000000000098e-01,8.881784197001252323e-15,1.019912747268575948e-01,3.221913272844737636e-02
6.380000000000000115e-01,-3.730349362740525976e-14,1.848186457103249414e-01,2.765141426959654564e-02
6.400000000000000133e-01,-9.947598300641402602e-14,9.656407137183137257e-02,2.697360369566740093e-02
6.420000000000000151e-01,-7.993605777301127091e-14,7.155116975326043793e-02,2.838070733735901727e-02
6.440000000000000169e-01,-2.309263891220325604e-14,2.316632416609942791e-01,2.096348889404107269e-02
6.460000000000000187e-01,1.226353899246863222e+00,3.086578858748635981e-02,2.192224728692508326e-02
6.480000000000000204e-01,-2.486899575160350651e-14,2.308911789646370394e-01,2.698330212045026502e-02
6.500000000000000222e-01,-1.172395514004165307e-13,1.236662708323212241e-02,3.128767961426275057e-02
6.520000000000000240e-01,8.881784197001252323e-15,9.506158281048091019e-02,2.290973362038884950e-02
6.540000000000000258e-01,-3.552713678800500929e-14,1.063020116861775333e-01,2.611886064024556212e-02
6.560000000000000275e-01,-1.247224870182646939e+00,1.389322274609322005e-01,3.194384831479956666e-01
6.580000000000000293e-01,-8.881784197001252323e-15,1.582069978367391938e-01,2.721881822292607916e-02
6.600000000000000311e-01,1.255589376541815128e+00,2.121626737126737494e-01,2.359230184950960804e-02
6.620000000000000329e-01,-2.486899575160350651e-14,2.115709491691294963e-01,2.286728063845649972e-02
6.640000000000000346e-01,3.552713678800500929e-15,2.267623947722669508e-01,2.369212456968163016e-02
6.660000000000000364e-01,1.268153400841131706e+00,1.754017812420664152e-02,3.107351980842594855e-02
6.680000000000000382e-01,-2.309263891220325604e-14,7.681991023153499076e-03,1.382652530771381373e-02
6.700000000000000400e-01,7.105427357601001859e-15,1.515370896102577192e-01,2.142408211476400648e-01
6.720000000000000417e-01,-1.598721155460225418e-14,8.278239362698178172e-02,2.224108039428034783e-02
6.740000000000000435e-01,-3.552713678800500929e-15,2.044838006378076889e-01,2.030240291127565627e-02
6.760000000000000453e-01,-8.881784197001252323e-15,8.915916721896015307e-02,1.840722270497889557e-02
6.780000000000000471e-01,1.776356839400250465e-15,1.009922986438984011e-01,2.221685081439615447e-02
6.800000000000000488e-01,-2.309263891220325604e-14,6.325082518288591138e-02,2.554394090957513505e-02
6.820000000000000506e-01,-1.243449787580175325e-14,2.227945065762517926e-02,1.923371077027566933e-01
6.840000000000000524e-01,3.019806626980425790e-14,8.601252885530265291e-02,2.102789234582152708e-02
6.860000000000000542e-01,-1.776356839400250465e-15,5.165212987514258142e-02,2.317122285122281619e-02
6.880000000000000560e-01,-3.907985046680551022e-14,5.570939550134247631e-03,1.959581751078978348e-02
6.900000000000000577e-01,1.421085471520200372e-14,2.878452210208797268e-01,2.311856365322518397e-02
6.920000000000000595e-01,8.881784197001252323e-15,4.567845414554560363e-02,2.809819029854733474e-02
6.940000000000000613e-01,-1.776356839400250465e-14,8.670648434674610439e-02,1.920593996025334038e-02
6.960000000000000631e-01,1.776356839400250465e-15,1.476532672082881970e-01,2.375529871797556550e-02
6.980000000000000648e-01,2.664535259100375697e-14,9.666849779402721110e-02,2.856907008569415513e-02
7.000000000000000666e-01,-5.684341886080801487e-14,3.361442351201190254e-02,2.241313911731565925e-02
7.020000000000000684e-01,1.343972334238789479e+00,1.541765275138916036e-01,2.061603180774906202e-02
7.039999999999999591e-01,1.776356839400250465e-15,3.199295427221765520e-01,2.139133811352220485e-02
7.059999999999999609e-01,-2.131628207280300558e-14,2.937257124022848651e-02,2.665973217950091956e-02
7.079999999999999627e-01,-3.907985046680551022e-14,1.007161581836877318e-01,1.923942984855280675e-02
7.099999999999999645e-01,-1.243449787580175325e-14,1.904433534152031871e-01,2.181308748911044842e-02
7.119999999999999662e-01,-3.552713678800500929e-14,1.296431978626221282e-01,1.844011009015661742e-02
7.139999999999999680e-01,-5.329070518200751394e-14,1.186495229672288876e-01,2.291706892058546080e-02
7.159999999999999698e-01,-3.552713678800500929e-15,1.939469165871170186e-01,2.048170143867071580e-02
7.179999999999999716e-01,-5.151434834260726348e-14,2.665450368528717306e-01,1.825748705850799639e-02
7.199999999999999734e-01,-1.953992523340275511e-14,1.331756568880256841e-01,1.761008447832247345e-02
7.219999999999999751e-01,-3.197442310920450836e-14,7.984663422092055929e-02,2.246176142557960304e-02
7.239999999999999769e-01,-3.019806626980425790e-14,8.100151816594333698e-02,2.271541351751998547e-02
7.259999999999999787e-01,1.243449787580175325e-14,1.051979613693444920e-01,1.981486831518652555e-02
7.279999999999999805e-01,-6.750155989720951766e-14,2.065676794405245376e-01,1.333201252242531207e-02
7.299999999999999822e-01,-8.881784197001252323e-16,6.670197377557889051e-02,2.395118854046109358e-01
7.319999999999999840e-01,-4.440892098500626162e-14,1.754282496547449055e-01,2.261752583753712936e-02
7.339999999999999858e-01,9.769962616701377556e-15,1.424804152695463011e-01,3.264417426682123535e-01
7.359999999999999876e-01,-1.416262667843133372e+00,7.728074246324920238e-02,2.641194822062369885e-01
7.379999999999999893e-01,-1.776356839400250465e-15,8.066466842752806343e-02,1.996259367431054560e-02
7.399999999999999911e-01,-1.598721155460225418e-14,2.494909518908571336e-02,1.357168159905842476e-02
7.419999999999999929e-01,-1.065814103640150279e-14,6.375077211749757833e-02,2.171592191348663270e-02
7.439999999999999947e-01,-3.552713678800500929e-15,2.322633832589678926e-01,1.861770457016026156e-02
7.459999999999999964e-01,2.842170943040400743e-14,3.077107857594973614e-02,1.448183813445890963e-02
7.479999999999999982e-01,-3.730349362740525976e-14,7.081824278352866209e-02,2.047075625005702337e-02
7.500000000000000000e-01,-2.664535259100375697e-15,8.880413369460860018e-02,2.840274042885888028e-01
7.520000000000000018e-01,-3.552713678800500929e-15,5.527925781091215518e-03,2.121097960078546785e-02
7.540000000000000036e-01,1.454802429895344140e+00,2.098510337587011221e-01,1.710320555763003222e-02
7.560000000000000053e-01,-4.796163466380676255e-14,1.000739165417273424e-01,1.949803305297997252e-02
7.580000000000000071e-01,7.105427357601001859e-15,2.907229762604081058e-01,1.226040630028736242e-02
7.600000000000000089e-01,-1.776356839400250465e-14,1.998408797294928263e-01,1.521210129389190258e-02
7.620000000000000107e-01,-8.881784197001252323e-15,1.973855350168265271e-02,1.773918331901399442e-02
7.640000000000000124e-01,-1.421085471520200372e-14,3.661964287734015278e-02,1.766497241010140523e-02
7.660000000000000142e-01,1.480598707653208557e+00,1.730580303729543218e-02,2.097663889885353211e-02
7.680000000000000160e-01,-3.907985046680551022e-14,2.894203551022465903e-02,2.089638588411129802e-02
7.700000000000000178e-01,-1.489215783093801093e+00,9.755777502574834725e-02,2.703992530953828743e-01
7.720000000000000195e-01,-4.085620730620576069e-14,4.022290604459641608e-03,1.364093660473584581e-02
7.740000000000000213e-01,-5.329070518200751394e-15,9.589718077602180091e-02,1.961973235916095876e-02
7.760000000000000231e-01,-1.953992523340275511e-14,4.306128040467768758e-02,1.481962778167760647e-02
7.780000000000000249e-01,-1.506477393675930365e+00,4.829332365742439181e-02,2.872245460943849693e-01
7.800000000000000266e-01,2.664535259100375697e-15,1.307636499520497819e-01,2.396210834656938848e-01
7.820000000000000284e-01,7.105427357601001859e-15,1.251810770703954689e-01,1.397290479903365475e-02
7.840000000000000302e-01,1.519447619021518037e+00,1.325545622124690570e-01,2.078637427509015534e-02
7.860000000000000320e-01,1.421085471520200372e-14,9.542825202863881862e-02,1.424274714952361055e-02
7.880000000000000338e-01,8.881784197001252323e-15,2.438794887840698422e-01,2.675591572177296595e-01
7.900000000000000355e-01,1.598721155460225418e-14,1.981815446626674637e-01,1.548607569831757236e-02
7.920000000000000373e-01,-3.730349362740525976e-14,7.824790768766373694e-02,1.530268772497472840e-02
7.940000000000000391e-01,-1.776356839400250465e-14,1.237230221271094499e-01,1.308490524960762708e-02
7.960000000000000409e-01,-5.329070518200751394e-15,6.186280832771933608e-02,1.451938122854623363e-02
7.980000000000000426e-01,-5.329070518200751394e-15,8.359760605832461389e-02,1.269963242945112980e-02
8.000000000000000444e-01,-2.664535259100375697e-14,5.356899464216982598e-02,1.588965492257804479e-02
8.020000000000000462e-01,-3.552713678800500929e-15,7.725877984859466641e-02,1.600991894418724373e-02
8.040000000000000480e-01,-1.562830263924505303e+00,2.046409555679052916e-01,2.651679282372318425e-01
8.060000000000000497e-01,-1.953992523340275511e-14,2.241593857035093229e-01,1.176767328013286242e-02
8.080000000000000515e-01,-2.309263891220325604e-14,2.245925351306390927e-01,1.450070372475522479e-02
8.100000000000000533e-01,1.065814103640150279e-14,1.967379750547532113e-01,1.310623413333318436e-02
8.120000000000000551e-01,-2.309263891220325604e-14,5.056477097554737399e-02,1.405751480823172125e-02
8.140000000000000568e-01,-8.171241461241152138e-14,3.068706182738379501e-02,1.239912160350617118e-02
8.160000000000000586e-01,1.588969455157897670e+00,7.704573021269706112e-02,1.585647512110042665e-02
8.180000000000000604e-01,-4.618527782440651208e-14,1.010912895207940476e-01,1.487935919312971880e-02
8.200000000000000622e-01,-2.309263891220325604e-14,1.764158550676736270e-01,1.406431589604429690e-02
8.220000000000000639e-01,1.598721155460225418e-14,2.407866492179668028e-01,1.347670818278449978e-02
8.240000000000000657e-01,-3.552713678800500929e-15,8.109556164634126874e-02,1.604919245303345135e-02
8.260000000000000675e-01,-1.953992523340275511e-14,2.859486933286686794e-01,1.276808354565361035e-02
8.280000000000000693e-01,0.000000000000000000e+00,2.652674763429956409e-02,1.190548217898386787e-02
8.300000000000000711e-01,5.329070518200751394e-15,6.315396214835047872e-02,1.352094264474666511e-02
8.320000000000000728e-01,-7.105427357601001859e-15,2.951094904811432107e-01,7.168863784319505321e-03
8.339999999999999636e-01,-5.329070518200751394e-15,3.273425321237714014e-01,1.399766652225989394e-02
8.359999999999999654e-01,-4.973799150320701301e-14,1.038049251870369200e-01,1.114058126801988763e-02
8.379999999999999671e-01,-1.776356839400250465e-14,3.123067154145310609e-02,9.996259523232062238e-03
8.399999999999999689e-01,3.552713678800500929e-15,8.331924050295462514e-02,1.503994582630181938e-02
8.419999999999999707e-01,-2.309263891220325604e-14,4.321169466469259035e-01,8.072574176339570445e-03
8.439999999999999725e-01,1.776356839400250465e-14,2.940821549376840816e-01,1.160352464112056857e-02
8.459999999999999742e-01,8.881784197001252323e-15,2.342984332798798697e-01,1.238702437791174005e-02
8.479999999999999760e-01,-5.329070518200751394e-15,4.582880933495656062e-02,1.174505168831297720e-02
8.499999999999999778e-01,-2.486899575160350651e-14,5.499864826517594091e-04,1.208120601769053365e-02
8.519999999999999796e-01,-1.065814103640150279e-14,1.061399056652793070e-02,8.910795955092139925e-03
8.539999999999999813e-01,1.776356839400250465e-15,1.114821847085351036e-01,1.035583304182512848e-02
8.559999999999999831e-01,5.329070518200751394e-15,6.712300835003487398e-02,9.272891055882083802e-03
8.579999999999999849e-01,-2.309263891220325604e-14,4.343669176821064737e-02,9.585026870917941894e-03
8.599999999999999867e-01,5.329070518200751394e-15,4.878030387692780523e-02,9.181566451689479602e-03
8.619999999999999885e-01,-2.131628207280300558e-14,3.088744240028268861e-01,9.328366878226787562e-03
8.639999999999999902e-01,-2.131628207280300558e-14,1.756212878711486680e-01,1.059309064143212908e-02
8.659999999999999920e-01,1.776356839400250465e-15,2.388490918985156086e-01,8.406732110580149298e-03
8.679999999999999938e-01,-1.703187093799026997e+00,2.214965036327378178e-01,3.261684806128085090e-01
8.699999999999999956e-01,-3.197442310920450836e-14,1.441043795230744218e-01,1.094185551479040855e-02
8.719999999999999973e-01,-3.375077994860475883e-14,1.362545168378936078e-01,9.691572524920538320e-03
8.739999999999999991e-01,-1.065814103640150279e-14,8.586302805844313324e-02,1.148666308798432754e-02
8.760000000000000009e-01,-3.375077994860475883e-14,2.101677349129266181e-01,9.991975187962522445e-03
8.780000000000000027e-01,-2.131628207280300558e-14,8.958060103346054959e-02,1.079345094576721932e-02
8.800000000000000044e-01,1.776356839400250465e-14,3.730382996818620844e-01,6.714998219876017367e-03
8.820000000000000062e-01,-3.730349362740525976e-14,1.167284578278906387e-01,8.367676792601442051e-03
8.840000000000000080e-01,-4.085620730620576069e-14,1.209788641337507381e-01,8.372302819717002478e-03
8.860000000000000098e-01,-3.019806626980425790e-14,1.112244009049960236e-01,1.083215283079017911e-02
8.880000000000000115e-01,2.842170943040400743e-14,7.903098390332063961e-02,8.338607410256436078e-03
8.900000000000000133e-01,-3.552713678800500929e-15,8.633876341125347464e-02,7.058112154658093690e-03
8.920000000000000151e-01,-3.552713678800500929e-15,1.204348817871538913e-01,7.208113429951629354e-03
8.940000000000000169e-01,-1.776356839400250465e-15,1.633256796467751903e-01,8.492241498553109585e-03
8.960000000000000187e-01,5.329070518200751394e-15,1.536891575835855062e-01,8.355828987878417130e-03
8.980000000000000204e-01,-3.197442310920450836e-14,1.194709957035475223e-01,7.293337780185020318e-03
9.000000000000000222e-01,-1.776356839400250465e-14,3.398461386728950095e-02,6.947075329176457398e-03
9.020000000000000240e-01,-1.776356839400250465e-15,9.730094946914742693e-02,7.057080218913537768e-03
9.040000000000000258e-01,-1.065814103640150279e-14,5.021236808926467232e-02,5.835407289012592424e-03
9.060000000000000275e-01,-2.842170943040400743e-14,9.287440099606139587e-02,7.924831514364669149e-03
9.080000000000000293e-01,-1.243449787580175325e-14,2.370158317033885242e-01,7.854249169068173303e-03
9.100000000000000311e-01,-2.486899575160350651e-14,2.244860963970008172e-01,7.354949775118844492e-03
9.120000000000000329e-01,8.881784197001252323e-16,3.992098490933300436e-02,3.073558509390853510e-01
9.140000000000000346e-01,-4.440892098500626162e-14,1.253109442132581131e-01,5.866250676451720096e-03
9.160000000000000364e-01,-1.776356839400250465e-15,1.034680032784237869e-01,5.225660039259892239e-03
9.180000000000000382e-01,-1.953992523340275511e-14,1.200567652582830089e-02,6.890389791051929058e-03
9.200000000000000400e-01,1.818939747554766839e+00,1.915156094431287592e-01,6.072546115082357553e-03
9.220000000000000417e-01,-6.572520305780926719e-14,1.360516836067961199e-01,5.386325000572108300e-03
9.240000000000000435e-01,-5.684341886080801487e-14,2.149432729157310928e-01,6.839512681754120020e-03
9.260000000000000453e-01,-3.197442310920450836e-14,2.595074351437067217e-01,4.965841505975033057e-03
9.280000000000000471e-01,-1.776356839400250465e-14,1.048590846175337377e-01,5.171133450300779803e-03
9.300000000000000488e-01,-5.329070518200751394e-14,1.497883115120421105e-01,5.542872735725864683e-03
9.320000000000000506e-01,-1.065814103640150279e-14,3.017464722825019541e-01,5.368811434737860537e-03
9.340000000000000524e-01,-6.750155989720951766e-14,2.159075878843234042e-01,5.411522485220275624e-03
9.360000000000000542e-01,-3.552713678800500929e-15,1.521049905009027592e-01,6.153220489446700227e-03
9.380000000000000560e-01,-1.953992523340275511e-14,4.211715124581329184e-02,5.191339132243853564e-03
9.400000000000000577e-01,-8.881784197001252323e-15,6.378185038957174050e-03,5.592576066895013978e-03
9.420000000000000595e-01,-7.105427357601001859e-15,7.166337792143576135e-02,3.533928338600658779e-03
9.440000000000000613e-01,-4.263256414560601115e-14,2.070211601659416867e-01,4.620750274463174267e-03
9.460000000000000631e-01,-7.105427357601001859e-15,7.448673074467267174e-02,4.816912307542759938e-03
9.480000000000000648e-01,-2.309263891220325604e-14,3.574983929535208160e-02,3.636974133109757007e-03
9.500000000000000666e-01,5.329070518200751394e-15,7.290628056118331202e-02,4.469297689679881461e-03
9.520000000000000684e-01,-1.776356839400250465e-14,3.039577750768614889e-02,3.581400440822526694e-03
9.540000000000000702e-01,-2.131628207280300558e-14,7.103015847069918398e-02,3.866265863592574428e-03
9.560000000000000719e-01,-3.730349362740525976e-14,2.469471815684511906e-01,3.142824878724133613e-03
9.580000000000000737e-01,-1.065814103640150279e-14,1.676127605348735200e-02,3.761467955578822776e-03
9.599999999999999645e-01,-3.197442310920450836e-14,2.533158766552861402e-02,3.232339631985791696e-03
9.619999999999999662e-01,-4.440892098500626162e-14,3.161552399473027131e-01,3.009044043071442895e-03
9.639999999999999680e-01,8.881784197001252323e-15,1.818514494216404709e-01,2.538445161908819102e-03
9.659999999999999698e-01,-2.131628207280300558e-14,8.638466144892958942e-02,2.590349478362894906e-03
9.679999999999999716e-01,-1.776356839400250465e-14,2.066641219377686189e-01,2.593621479777053103e-03
9.699999999999999734e-01,-8.881784197001252323e-15,3.441481730008613682e-02,2.086802793521254362e-03
9.719999999999999751e-01,-2.486899575160350651e-14,1.139329988491283863e-01,2.207722659106845561e-03
9.739999999999999769e-01,-1.421085471520200372e-14,9.059610488689003038e-02,1.787176553982612083e-03
9.759999999999999787e-01,7.105427357601001859e-15,2.070274466105639227e-02,1.687665641338412584e-03
9.779999999999999805e-01,0.000000000000000000e+00,6.395960524552052329e-02,1.378361622303757609e-03
9.799999999999999822e-01,-1.243449787580175325e-14,1.443560134745952850e-01,1.705609567369184261e-03
9.819999999999999840e-01,-7.105427357601001859e-15,2.443911799028374576e-01,1.185158719431356677e-03
9.839999999999999858e-01,-1.776356839400250465e-14,1.591424893075242264e-01,1.179298043319664977e-03
9.859999999999999876e-01,-4.973799150320701301e-14,7.214985342288844639e-02,1.037137825935287869e-03
9.879999999999999893e-01,8.881784197001252323e-15,5.418275982480615094e-02,5.759423628395356209e-04
9.899999999999999911e-01,-1.977170856853541991e+00,2.070479913356431667e-01,3.323723158305666447e-01
9.919999999999999929e-01,-4.796163466380676255e-14,2.441052691534330854e-01,4.891604411777951281e-04
9.939999999999999947e-01,-4.618527782440651208e-14,3.735671415178364319e-01,4.419916935556799861e-04
9.959999999999999964e-01,-1.421085471520200372e-14,9.994706069677654348e-02,3.658320136844072485e-04
9.979999999999999982e-01,1.995429691053403509e+00,1.573185590763609698e-01,1.407923580552689091e-04
1.000000000000000000e+00,8.881784197001252323e-15,3.690514459239957468e-01,1.049062151062893966e-16
1.002000000000000002e+00,1.999771012259427216e+00,6.341924974094127754e-02,1.325592422265727867e-04
1.004000000000000004e+00,1.999541192513748733e+00,2.498044160231102304e-02,3.080272795396342758e-04
1.006000000000000005e+00,-1.776356839400250465e-15,2.128712051760190804e-03,5.761134231901282902e-04
1.008000000000000007e+00,-3.907985046680551022e-14,1.024412689984007252e-01,6.173810094111972617e-04
1.010000000000000009e+00,-6.039613253960851580e-14,2.422111205352629748e-01,6.599536661520951980e-04
1.012000000000000011e+00,-8.881784197001252323e-15,1.501853110350798715e-01,7.803065700059745287e-04
1.014000000000000012e+00,-4.796163466380676255e-14,8.309098871127031105e-02,1.154315569140469287e-03
1.016000000000000014e+00,2.842170943040400743e-14,2.501023587641376111e-01,1.301439508206933939e-03
1.018000000000000016e+00,-4.973799150320701301e-14,2.633528181884452479e-01,1.158993487127163349e-03
1.020000000000000018e+00,-1.776356839400250465e-15,2.076078060337869374e-02,1.643370951775518542e-03
1.022000000000000020e+00,-1.421085471520200372e-14,2.344694845809543460e-01,1.795731116500362805e-03
1.024000000000000021e+00,-4.796163466380676255e-14,2.822994665689718477e-02,2.109069235547158042e-03
1.026000000000000023e+00,-3.907985046680551022e-14,7.812177011017595873e-02,1.563578769803545491e-03
1.028000000000000025e+00,1.776356839400250465e-15,2.066327539693564933e-02,2.074485504564258474e-03
1.030000000000000027e+00,-1.776356839400250465e-14,9.118161887538972499e-03,2.263255747987896489e-03
1.032000000000000028e+00,-2.664535259100375697e-14,3.137039327765183128e-01,2.506088427199547938e-03
1.034000000000000030e+00,1.065814103640150279e-14,2.513058630056881904e-01,3.091447874097807795e-03
1.036000000000000032e+00,-7.105427357601001859e-15,1.427776913873921028e-01,3.418973083588868096e-03
1.038000000000000034e+00,1.776356839400250465e-15,1.973093990293489086e-01,3.380868101268224690e-03
1.040000000000000036e+00,-2.664535259100375697e-14,6.816412423644017948e-02,3.147732133679565988e-03
1.042000000000000037e+00,-1.776356839400250465e-14,1.261390391025855040e-01,2.990740179164117114e-03
1.044000000000000039e+00,0.000000000000000000e+00,2.194709315211798017e-01,2.648104023828682166e-03
1.046000000000000041e+00,4.085620730620576069e-14,7.257277118920499662e-03,3.059127338454314948e-03
1.048000000000000043e+00,-3.375077994860475883e-14,2.034719589199209810e-01,3.080698556091863299e-03
1.050000000000000044e+00,-2.842170943040400743e-14,9.193476051240696487e-03,3.916492024281154061e-03
1.052000000000000046e+00,-1.776356839400250465e-15,3.496537585606820375e-01,3.283388220179265377e-03
1.054000000000000048e+00,-7.460698725481051952e-14,2.966314178601133292e-03,4.185459656251385580e-03
1.056000000000000050e+00,-8.881784197001252323e-15,8.947510539811528996e-02,4.232483235877788214e-03
1.058000000000000052e+00,-2.309263891220325604e-14,2.892375765704496837e-02,3.883097653386159264e-03
1.060000000000000053e+00,0.000000000000000000e+00,4.913219882899217961e-01,2.828262978764568749e-03
1.062000000000000055e+00,1.421085471520200372e-14,2.476175293401591815e-02,4.004213535028128094e-03
1.064000000000000057e+00,-7.105427357601001859e-14,1.478400575207474907e-03,4.494911011958822693e-03
1.066000000000000059e+00,-1.598721155460225418e-14,1.399955404101276002e-01,5.576459668994574771e-03
1.068000000000000060e+00,-5.329070518200751394e-15,3.343347954090666319e-01,4.822558836616606948e-03
1.070000000000000062e+00,-2.131628207280300558e-14,2.700461251506200075e-02,4.789554176661675426e-03
1.072000000000000064e+00,1.243449787580175325e-14,1.138660784347300670e-01,4.860889075163149324e-03
1.074000000000000066e+00,-1.243449787580175325e-14,1.246392305223856106e-01,6.459785758673703727e-03
1.076000000000000068e+00,1.776356839400250465e-14,1.559318689827359217e-01,4.474078820557154598e-03
1.078000000000000069e+00,-2.842170943040400743e-14,3.032219887670268843e-01,5.910140361495104175e-03
1.080000000000000071e+00,-1.421085471520200372e-14,2.002774028047431543e-01,7.368636233527288242e-03
1.082000000000000073e+00,-1.776356839400250465e-14,7.250478971812523987e-02,6.083671278586122617e-03
1.084000000000000075e+00,-3.375077994860475883e-14,9.459363444428522949e-02,6.447847977491255947e-03
1.086000000000000076e+00,-3.375077994860475883e-14,1.866579775914755102e-01,7.248033862428228738e-03
1.088000000000000078e+00,1.065814103640150279e-14,2.743149608013085716e-01,6.680788369693134617e-03
1.090000000000000080e+00,1.776356839400250465e-14,1.420476659990712598e-01,8.327798932931708420e-03
1.092000000000000082e+00,-2.309263891220325604e-14,4.470574233356124777e-02,6.940524027975880292e-03
1.094000000000000083e+00,-2.309263891220325604e-14,3.277912307206971854e-02,5.648343724323099009e-03
1.096000000000000085e+00,-1.065814103640150279e-14,4.091755488416556341e-01,6.999436910039273478e-03
1.098000000000000087e+00,-2.842170943040400743e-14,2.744826809115150090e-01,6.757514802954053129e-03
1.100000000000000089e+00,-2.309263891220325604e-14,2.712903657508364819e-01,5.805740968321953209e-03
1.102000000000000091e+00,-4.618527782440651208e-14,1.648590824389364884e-01,9.123896743478510790e-03
1.104000000000000092e+00,-3.375077994860475883e-14,8.615816458146659598e-03,7.935967778656877192e-03
1.106000000000000094e+00,-2.309263891220325604e-14,1.971176392803610233e-01,8.055139426933973640e-03
1.108000000000000096e+00,-3.375077994860475883e-14,2.097523340570237038e-01,6.722864343273624206e-03
1.110000000000000098e+00,-4.618527782440651208e-14,9.212385542197426558e-02,8.618346962596850139e-03
1.112000000000000099e+00,8.881784197001252323e-15,1.478147833131210065e-01,7.833845143423244506e-03
1.114000000000000101e+00,-1.243449787580175325e-14,5.886761444074624199e-03,9.705984367312120789e-03
1.116000000000000103e+00,-5.506706202140776441e-14,1.221835106486106604e-01,1.028959938791946735e-02
1.118000000000000105e+00,-3.375077994860475883e-14,1.396504514171144351e-01,1.031216108579792803e-02
1.120000000000000107e+00,-3.552713678800500929e-14,1.160462228297231974e-01,1.084677726553253188e-02
1.122000000000000108e+00,-6.217248937900876626e-14,9.504372297365440425e-02,9.632814426813848113e-03
1.124000000000000110e+00,-1.776356839400250465e-14,2.456688986582467593e-01,9.480296706434476056e-03
1.126000000000000112e+00,-3.019806626980425790e-14,1.192379814488632034e-01,7.047488709017737940e-03
1.128000000000000114e+00,-8.881784197001252323e-15,4.067257671900700172e-02,1.109744167127876997e-02
1.130000000000000115e+00,1.983427623538372764e+00,9.470849548108151161e-02,1.053116052287559300e-02
1.132000000000000117e+00,-1.421085471520200372e-14,3.147740546614899992e-01,1.031116211055410972e-02
1.134000000000000119e+00,5.329070518200751394e-15,3.264112982823709572e-03,1.220570647006211616e-02
1.136000000000000121e+00,-1.776356839400250465e-14,1.506694130513720753e-01,1.030567027873108971e-02
1.138000000000000123e+00,5.329070518200751394e-15,3.226029879588049321e-01,8.753971419759597888e-03
1.140000000000000124e+00,-1.421085471520200372e-14,2.135785879960369268e-02,1.177193484860791263e-02
1.142000000000000126e+00,-3.197442310920450836e-14,1.519397875928648334e-01,9.483924135216379239e-03
1.144000000000000128e+00,-1.065814103640150279e-14,1.115738858990152627e-01,1.179470368651370539e-02
1.146000000000000130e+00,1.421085471520200372e-14,1.016895415673181591e-01,1.320626947436856317e-02
1.148000000000000131e+00,1.980870939012323362e+00,1.262441540053295674e-01,1.048889208971228067e-02
1.150000000000000133e+00,-1.243449787580175325e-14,1.840330455550815564e-02,1.135340565383026988e-02
1.152000000000000135e+00,0.000000000000000000e+00,1.421993396984787272e-01,1.391912058576073516e-02
1.153999999999999915e+00,-5.684341886080801487e-14,1.490816260826030581e-01,1.001016288810115465e-02
1.155999999999999917e+00,-1.776356839400250465e-15,9.999331831674201920e-02,1.294490812021255148e-02
1.157999999999999918e+00,-8.881784197001252323e-15,1.226814592657960723e-01,1.404903095337146218e-02
1.159999999999999920e+00,1.979132342508632014e+00,7.365105726599113778e-02,1.080175503779720776e-02
1.161999999999999922e+00,-5.329070518200751394e-15,3.811842410745256426e-01,1.273739994795612847e-02
1.163999999999999924e+00,1.978546790977128822e+00,2.019724971689945137e-01,1.330029876823990258e-02
1.165999999999999925e+00,5.329070518200751394e-15,2.116358829760124349e-01,1.458901392822579100e-02
1.167999999999999927e+00,-7.105427357601001859e-15,1.679690850144947845e-01,1.230911411983582823e-02
1.169999999999999929e+00,-2.664535259100375697e-14,1.452818426661583728e-01,1.093279983800696589e-02
1.171999999999999931e+00,1.977366712288787909e+00,1.302730368086851831e-01,1.260094287241757607e-02
1.173999999999999932e+00,-3.375077994860475883e-14,7.247187545834006539e-02,1.195394547908138275e-02
1.175999999999999934e+00,-1.598721155460225418e-14,2.679750590712700470e-02,1.544754127720037243e-02
1.177999999999999936e+00,-3.197442310920450836e-14,2.814491329558434490e-03,1.535628611266818926e-02
1.179999999999999938e+00,1.776356839400250465e-15,1.253807381632530693e-01,1.414966467082554545e-02
1.181999999999999940e+00,-6.039613253960851580e-14,2.152693260254272822e-01,1.249349826903618094e-02
1.183999999999999941e+00,-4.618527782440651208e-14,5.631115586707195753e-02,1.583179609051612452e-02
1.185999999999999943e+00,-3.552713678800500929e-14,2.011939610143780310e-01,1.403674402838935020e-02
1.187999999999999945e+00,-2.309263891220325604e-14,1.760402135319043271e-01,1.534680242220775280e-02
1.189999999999999947e+00,-1.776356839400250465e-15,1.307746820214171768e-01,1.060939299650660861e-02
1.191999999999999948e+00,-1.776356839400250465e-14,2.002598154495690008e-01,1.225990153887515817e-02
1.193999999999999950e+00,-3.730349362740525976e-14,2.572146934217053177e-02,1.572018628932553633e-02
1.195999999999999952e+00,1.776356839400250465e-15,2.614548422388800475e-01,8.955716738139480812e-03
1.197999999999999954e+00,-3.730349362740525976e-14,8.802854856283130747e-02,1.717984766413532816e-02
1.199999999999999956e+00,5.329070518200751394e-15,3.457472864207620789e-01,1.231137437767820808e-02
1.201999999999999957e+00,-1.421085471520200372e-14,5.898491186858847990e-02,1.772498667993626167e-02
1.203999999999999959e+00,-3.375077994860475883e-14,6.110554358117960272e-02,1.833405053421385128e-02
1.205999999999999961e+00,-1.776356839400250465e-15,1.516875424713800269e-01,1.389315741290186694e-02
1.207999999999999963e+00,-1.598721155460225418e-14,2.202795106582002282e-01,1.295988998859873113e-02
1.209999999999999964e+00,-3.552713678800500929e-15,3.246581025453482150e-01,1.505287207199945167e-02
1.211999999999999966e+00,-1.776356839400250465e-15,4.221344299502676270e-03,1.845028288547822040e-02
1.213999999999999968e+00,-1.776356839400250465e-14,7.392523866004066871e-03,1.627895196990274129e-02
1.215999999999999970e+00,-2.664535259100375697e-14,6.991348901052230058e-02,1.572723202598148157e-02
1.217999999999999972e+00,-2.486899575160350651e-14,1.804437202114687333e-01,1.624068629253057339e-02
1.219999999999999973e+00,-1.776356839400250465e-14,3.170227534184294482e-02,2.076845349987893607e-02
1.221999999999999975e+00,-2.842170943040400743e-14,8.909010685246532280e-02,1.687851774814379605e-02
1.223999999999999977e+00,-5.861977570020826533e-14,1.707974686571662182e-01,1.079371778011693761e-02
1.225999999999999979e+00,8.881784197001252323e-15,8.726784411291071963e-02,2.078749880011635312e-02
1.227999999999999980e+00,-5.329070518200751394e-14,1.943106736252352140e-02,1.249200137070876661e-02
1.229999999999999982e+00,-2.664535259100375697e-14,2.964166816442601604e-01,1.388086959063437702e-02
1.231999999999999984e+00,1.968141584764408591e+00,5.318470759778359813e-02,1.593539326045900414e-02
1.233999999999999986e+00,-2.486899575160350651e-14,7.654246177344273261e-02,2.011352097184221366e-02
1.235999999999999988e+00,1.776356839400250465e-15,1.382241247224280656e-01,2.000458978110850050e-02
1.237999999999999989e+00,-6.394884621840901673e-14,5.408940343949493468e-02,1.531141890892774582e-02
1.239999999999999991e+00,-1.598721155460225418e-14,9.493470085680115467e-02,2.168498401072952581e-02
1.241999999999999993e+00,-2.309263891220325604e-14,3.029211834739227102e-02,1.957447860463426212e-02
1.243999999999999995e+00,-3.907985046680551022e-14,3.428177229152019612e-01,1.573633108087263074e-02
1.245999999999999996e+00,3.730349362740525976e-14,1.846727222966900936e-02,1.298758974102593930e-02
1.247999999999999998e+00,1.421085471520200372e-14,4.062569142274201628e-01,9.969247981788048954e-03
1.250000000000000000e+00,-1.598721155460225418e-14,2.760615919678416352e-01,1.718350827524334212e-02
1.252000000000000002e+00,-5.329070518200751394e-15,2.450389039555778137e-01,1.836540927376380944e-02
1.254000000000000004e+00,-3.552713678800500929e-14,3.325506220896740639e-01,1.649543396803298742e-02
1.256000000000000005e+00,1.964270919458507514e+00,3.044011012874317176e-03,1.830569661131161222e-02
1.258000000000000007e+00,-1.065814103640150279e-14,1.062197079244602549e-01,1.783407369902048276e-02
1.260000000000000009e+00,2.486899575160350651e-14,2.827828673230394774e-01,1.437927921273255555e-02
1.262000000000000011e+00,-1.598721155460225418e-14,4.167267059450602273e-02,2.257799544287851859e-02
1.264000000000000012e+00,-5.506706202140776441e-14,1.900132662247574489e-01,1.432613396641441855e-02
1.266000000000000014e+00,-2.309263891220325604e-14,1.149314885613675064e-01,1.967496974163046586e-02
1.268000000000000016e+00,-1.953992523340275511e-14,1.779396150113053410e-01,2.144303517313759025e-02
1.270000000000000018e+00,5.329070518200751394e-15,5.751858146493689372e-02,1.797934850076141761e-02
1.272000000000000020e+00,-7.105427357601001859e-15,2.892766684010560918e-01,2.049538906469297941e-02
1.274000000000000021e+00,-4.440892098500626162e-14,3.556452000615823242e-03,1.984331400213095245e-02
1.276000000000000023e+00,-1.243449787580175325e-14,1.512656543614910865e-01,2.138488535046943403e-02
1.278000000000000025e+00,-7.638334409421076998e-14,9.625772053681036500e-02,2.262826710230145602e-02
1.280000000000000027e+00,-2.486899575160350651e-14,1.888819431460672105e-01,1.416895347544110638e-02
1.282000000000000028e+00,5.329070518200751394e-15,8.521205270364157203e-02,1.804473369977677502e-02
1.284000000000000030e+00,1.953992523340275511e-14,5.809133629906331267e-03,2.602049892194945382e-02
1.286000000000000032e+00,-1.598721155460225418e-14,2.299635698074143919e-01,2.061065147838598427e-02
1.288000000000000034e+00,-2.131628207280300558e-14,1.136635595362196910e-01,2.403005656441192101e-02
1.290000000000000036e+00,-3.730349362740525976e-14,1.855014774230081542e-01,2.316176666262162107e-02
1.292000000000000037e+00,-7.105427357601001859e-15,7.793486217545886330e-02,2.546592893899681312e-02
1.294000000000000039e+00,-1.065814103640150279e-14,5.550710079922156759e-02,2.744725929648089355e-02
1.296000000000000041e+00,1.776356839400250465e-15,1.064678258236035624e-01,2.238128726464258533e-02
1.298000000000000043e+00,-1.598721155460225418e-14,3.512666755606770087e-03,2.334142496421299368e-02
1.300000000000000044e+00,-2.486899575160350651e-14,1.987641793541458923e-01,2.254807591756850457e-02
1.302000000000000046e+00,-2.486899575160350651e-14,1.499862821405630320e-01,2.220528491126306722e-02
1.304000000000000048e+00,-3.552713678800500929e-15,2.926378838099932649e-03,2.518719905673617518e-02
1.306000000000000050e+00,-3.907985046680551022e-14,1.952405547478945277e-02,2.526801795781777674e-02
1.308000000000000052e+00,2.664535259100375697e-14,4.418178391620145584e-01,1.397382100328892728e-02
1.310000000000000053e+00,3.552713678800500929e-15,8.630047057814843603e-02,2.438827736118900566e-02
1.312000000000000055e+00,-7.105427357601001859e-15,2.352006801648488243e-01,2.287887509486440443e-02
1.314000000000000057e+00,-3.552713678800500929e-15,8.020327119262671278e-02,2.078624076145932018e-02
1.316000000000000059e+00,0.000000000000000000e+00,5.167286738268377089e-02,2.642806814429910986e-02
1.318000000000000060e+00,-1.598721155460225418e-14,9.765610209263550501e-02,2.749163958828128654e-02
1.320000000000000062e+00,-4.263256414560601115e-14,6.201008806729417511e-02,2.569224232161049920e-02
1.322000000000000064e+00,-3.197442310920450836e-14,1.794968969337392556e-02,2.892535106457039262e-02
1.324000000000000066e+00,-3.019806626980425790e-14,4.710556993064209108e-02,2.536697784324700930e-02
1.326000000000000068e+00,-1.243449787580175325e-14,1.786754704554971984e-01,2.572689348702265899e-02
1.328000000000000069e+00,-5.329070518200751394e-15,1.030538830954962626e-01,2.374509941373367447e-02
1.330000000000000071e+00,5.329070518200751394e-15,3.677917633140320719e-01,1.492919782176461638e-02
1.332000000000000073e+00,-8.881784197001252323e-15,2.196941013444308199e-01,2.471000715598817635e-02
1.334000000000000075e+00,-2.486899575160350651e-14,1.380656854162757852e-01,2.406078574856150912e-02
1.336000000000000076e+00,-1.243449787580175325e-14,1.098602552189909404e-01,2.957704507553218440e-02
1.338000000000000078e+00,-2.131628207280300558e-14,9.922752802431029917e-02,2.751635379369062745e-02
1.340000000000000080e+00,-1.598721155460225418e-14,9.120755507017321018e-02,3.024703901000472955e-02
1.342000000000000082e+00,8.881784197001252323e-15,1.741467432541563554e-01,2.614176839422905144e-02
1.344000000000000083e+00,-5.329070518200751394e-15,1.963024877433049986e-01,2.608715767786655426e-02
1.346000000000000085e+00,2.131628207280300558e-14,8.260966566051899940e-02,2.252049336708162805e-02
1.348000000000000087e+00,1.598721155460225418e-14,2.321282795182172676e-01,2.793409843116474028e-02
1.350000000000000089e+00,1.421085471520200372e-14,8.016164892197355507e-02,2.724639551665263004e-02
1.352000000000000091e+00,-2.309263891220325604e-14,2.490165019952611525e-01,2.835283450260435781e-02
1.354000000000000092e+00,-8.881784197001252323e-15,1.864183433786213984e-01,2.465265340511837641e-02
1.356000000000000094e+00,-2.131628207280300558e-14,5.236230651360355981e-02,2.170694469709995300e-02
1.358000000000000096e+00,-5.329070518200751394e-15,7.486968705574247041e-02,2.507894840870941375e-02
1.360000000000000098e+00,3.552713678800500929e-15,1.841641249028530547e-02,2.607348239995023811e-02
1.362000000000000099e+00,-5.861977570020826533e-14,6.197181886931532602e-02,2.306557941223374639e-02
1.364000000000000101e+00,-8.881784197001252323e-15,1.505200046001796688e-01,2.661563880535764912e-02
1.366000000000000103e+00,-3.552713678800500929e-14,3.209829148903372009e-01,2.593710681775155541e-02
1.368000000000000105e+00,1.944917122139877108e+00,1.200166744526296458e-01,2.747209657545722841e-02
1.370000000000000107e+00,-3.552713678800500929e-15,3.007865072204258805e-01,2.265946011539698296e-02
1.372000000000000108e+00,1.944188248139698594e+00,7.358892069182886020e-02,2.035847729191923861e-02
1.374000000000000110e+00,1.421085471520200372e-14,3.327995715182431591e-02,2.899827831389669222e-02
1.376000000000000112e+00,1.065814103640150279e-14,1.435761675035232832e-01,2.494437000921869221e-02
1.378000000000000114e+00,0.000000000000000000e+00,1.017402777141986070e-01,3.006441010557620377e-02
1.380000000000000115e+00,-2.131628207280300558e-14,1.201743099994078690e-01,2.642360384090104361e-02
1.382000000000000117e+00,-1.776356839400250465e-14,7.774791486652699035e-02,2.978397232217224952e-02
1.384000000000000119e+00,-2.664535259100375697e-14,3.337298401076775611e-02,2.691694936814195346e-02
1.386000000000000121e+00,1.776356839400250465e-14,8.524718642446005301e-02,2.918739182303948382e-02
1.388000000000000123e+00,2.486899575160350651e-14,7.067794744448335081e-03,3.041951054724149547e-02
1.390000000000000124e+00,5.329070518200751394e-15,2.018014519623423375e-01,3.218661413401659871e-02
1.392000000000000126e+00,1.065814103640150279e-14,3.146481593616453631e-01,3.286714747909765671e-02
1.394000000000000128e+00,0.000000000000000000e+00,1.413763275593779845e-01,3.416520316465207485e-02
1.396000000000000130e+00,-3.552713678800500929e-15,1.941515528645804470e-02,2.189330835085270821e-02
1.398000000000000131e+00,7.105427357601001859e-15,1.417341731100036084e-01,2.845360461951740999e-02
1.400000000000000133e+00,-2.309263891220325604e-14,8.787553895988663155e-02,3.178163678622695359e-02
1.402000000000000135e+00,-2.664535259100375697e-14,1.878571788023882527e-01,3.108132158908398501e-02
1.404000000000000137e+00,-3.552713678800500929e-15,2.786914451197386455e-01,2.049576261185142093e-02
1.406000000000000139e+00,-1.776356839400250465e-15,1.969024034970018322e-01,2.678320583084513318e-02
1.407999999999999918e+00,-1.776356839400250465e-14,1.538777900705811004e-02,3.320863698471723802e-02
1.409999999999999920e+00,-2.842170943040400743e-14,4.932411987768658967e-02,3.026023526494492355e-02
1.411999999999999922e+00,1.243449787580175325e-14,2.110741183087887218e-01,3.217547776869979920e-02
1.413999999999999924e+00,1.065814103640150279e-14,2.109096072203715463e-02,3.161878914947879871e-02
1.415999999999999925e+00,-1.776356839400250465e-15,7.755111552231976069e-02,2.997595860980163673e-02
1.417999999999999927e+00,-1.065814103640150279e-14,1.112355105354097679e-01,2.898191586547747833e-02
1.419999999999999929e+00,-1.065814103640150279e-14,7.552957375946377228e-02,3.643576382322714219e-02
1.421999999999999931e+00,-3.552713678800500929e-14,4.022190553822792281e-02,2.700367970768698805e-02
1.423999999999999932e+00,-1.776356839400250465e-14,2.035709362547320420e-02,2.825309843380228308e-02
1.425999999999999934e+00,-2.842170943040400743e-14,1.970406691472344485e-01,3.336538910201482244e-02
1.427999999999999936e+00,2.309263891220325604e-14,1.193176135596227400e-01,3.415685499409534115e-02
1.429999999999999938e+00,-1.065814103640150279e-14,6.322510623043424427e-02,3.371977723425495510e-02
1.431999999999999940e+00,-3.197442310920450836e-14,2.115383353282713208e-01,3.268664183249998106e-02
1.433999999999999941e+00,-7.105427357601001859e-15,6.441547781531331562e-02,3.349428982169817132e-02
1.435999999999999943e+00,-3.552713678800500929e-14,2.517603708419710040e-01,3.270504802751438012e-02
1.437999999999999945e+00,-2.842170943040400743e-14,2.958893993998209029e-03,3.203564156693971404e-02
1.439999999999999947e+00,-5.329070518200751394e-15,1.538510274769856467e-01,3.921847606196714880e-02
1.441999999999999948e+00,-7.105427357601001859e-15,1.201424938745290771e-01,2.872253916689352510e-02
1.443999999999999950e+00,-1.598721155460225418e-14,3.067853169829185545e-01,3.504332940374844246e-02
1.445999999999999952e+00,1.243449787580175325e-14,1.032192746020723223e-01,3.357660907613064377e-02
1.447999999999999954e+00,-4.440892098500626162e-14,3.756657478774040881e-01,2.477335044508080508e-02
1.449999999999999956e+00,-3.730349362740525976e-14,1.801120745483930918e-01,3.759413977014684771e-02
1.451999999999999957e+00,-4.440892098500626162e-14,1.423390445416156669e-01,2.981470563539020610e-02
1.453999999999999959e+00,-2.664535259100375697e-14,2.790892496922087740e-01,3.307853003923478391e-02
1.455999999999999961e+00,-3.730349362740525976e-14,1.090257067145380676e-01,4.141673680805592339e-02
1.457999999999999963e+00,1.927929696635105827e+00,8.261175195160114226e-02,3.107454200818705881e-02
1.459999999999999964e+00,-1.776356839400250465e-14,1.809648951856573929e-01,3.011355888466430569e-02
1.461999999999999966e+00,-2.131628207280300558e-14,3.927553954010729043e-02,3.405255511154117037e-02
1.463999999999999968e+00,1.926754855437316394e+00,9.809580325085891228e-02,3.343521182367405198e-02
1.465999999999999970e+00,-7.105427357601001859e-15,1.206994236125783632e-01,3.868852416275756628e-02
1.467999999999999972e+00,-2.131628207280300558e-14,3.340672752901370224e-01,3.566525584398905907e-02
1.469999999999999973e+00,-1.953992523340275511e-14,3.030627456355730054e-01,2.798032380905644129e-02
1.471999999999999975e+00,0.000000000000000000e+00,4.289614588183671140e-02,4.283353190195496318e-02
1.473999999999999977e+00,-3.019806626980425790e-14,2.912192691734512007e-01,3.382035586721091752e-02
1.475999999999999979e+00,-8.881784197001252323e-15,1.675982262813788815e-01,4.057821629343077996e-02
1.477999999999999980e+00,1.923993788492217583e+00,1.928458796211662829e-01,3.394878711305161778e-02
1.479999999999999982e+00,1.923597109514291859e+00,4.280876649772865153e-04,4.204290141068334208e-02
1.481999999999999984e+00,1.598721155460225418e-14,2.314711008106926926e-01,3.313081551776912020e-02
1.483999999999999986e+00,-1.243449787580175325e-14,3.798050798428935504e-02,3.687041234168442205e-02
1.485999999999999988e+00,1.922403739352348317e+00,5.308949846689769991e-02,3.941052219279161245e-02
1.487999999999999989e+00,1.953992523340275511e-14,1.780523039617879985e-02,3.340281619947546576e-02
1.489999999999999991e+00,-7.105427357601001859e-15,2.245541190853923841e-01,3.845582321066638720e-02
1.491999999999999993e+00,-5.506706202140776441e-14,1.832729146901992123e-01,3.282143474163003866e-02
1.493999999999999995e+00,-1.598721155460225418e-14,9.955780462599048142e-02,3.563030619936446985e-02
1.495999999999999996e+00,1.776356839400250465e-15,9.394364639248409254e-02,4.403875384070762844e-02
1.497999999999999998e+00,-2.486899575160350651e-14,1.814470304124995645e-02,3.278347763390109665e-02
1.500000000000000000e+00,1.243449787580175325e-14,2.617306962358953992e-01,3.086477158683838956e-02
1.502000000000000002e+00,-3.197442310920450836e-14,3.540029304721722253e-02,3.951603621927385346e-02
1.504000000000000004e+00,1.953992523340275511e-14,3.531061058125700702e-02,3.805633713241540067e-02
1.506000000000000005e+00,-3.375077994860475883e-14,9.160189646372435268e-02,4.176573819788865355e-02
1.508000000000000007e+00,-2.842170943040400743e-14,1.349502060350894483e-01,4.030784629605031061e-02
1.510000000000000009e+00,8.881784197001252323e-15,1.331592599152420231e-01,4.524506170655567122e-02
1.512000000000000011e+00,-2.842170943040400743e-14,2.576004897602159893e-01,3.405455812695663831e-02
1.514000000000000012e+00,-1.776356839400250465e-15,2.411379379199588557e-01,3.475368306477993191e-02
1.516000000000000014e+00,-4.085620730620576069e-14,5.195969941244965584e-01,2.158004758075468543e-02
1.518000000000000016e+00,-3.197442310920450836e-14,7.493364158066583014e-02,2.887877871463787049e-02
1.520000000000000018e+00,-3.197442310920450836e-14,2.215475070560047888e-01,2.786277141288755893e-02
1.522000000000000020e+00,-2.486899575160350651e-14,1.225068398164648881e-01,4.285690285554228512e-02
1.524000000000000021e+00,-5.151434834260726348e-14,2.873320927763059474e-02,4.222985675102877701e-02
1.526000000000000023e+00,-3.197442310920450836e-14,2.924134992905421671e-01,4.158091685403043219e-02
1.528000000000000025e+00,-7.105427357601001859e-15,1.832970283785775173e-02,3.327546510717062367e-02
1.530000000000000027e+00,-4.973799150320701301e-14,8.199820370760479982e-02,4.418992240843027525e-02
1.532000000000000028e+00,1.776356839400250465e-15,1.823195983787557484e-01,4.163050166532913238e-02
1.534000000000000030e+00,-1.776356839400250465e-14,1.923236733683780231e-01,3.116148162608167391e-02
1.536000000000000032e+00,-8.881784197001252323e-15,2.336789523775862493e-02,3.856686995196472595e-02
1.538000000000000034e+00,-1.065814103640150279e-14,8.941275446974254748e-02,3.474382278272749452e-02
1.540000000000000036e+00,-1.243449787580175325e-14,5.876498466720682379e-02,4.427926614323730165e-02
1.542000000000000037e+00,1.243449787580175325e-14,1.547676525287838556e-01,3.357405019078592290e-02
1.544000000000000039e+00,-2.309263891220325604e-14,1.820178638092784240e-01,3.935971189951223415e-02
1.546000000000000041e+00,-3.375077994860475883e-14,9.887901332360683401e-03,4.075986252134993632e-02
1.548000000000000043e+00,-4.973799150320701301e-14,5.610185359985624398e-01,2.065540679556849071e-02
1.550000000000000044e+00,-2.131628207280300558e-14,2.601311250128920394e-01,3.910014153220515987e-02
1.552000000000000046e+00,-5.329070518200751394e-15,5.697917369511876912e-02,4.286776957358165441e-02
1.554000000000000048e+00,-2.842170943040400743e-14,1.307104840973814519e-01,3.466959509113281407e-02
1.556000000000000050e+00,-6.039613253960851580e-14,7.034982572794352962e-02,5.034294086478599550e-02
1.558000000000000052e+00,-1.421085471520200372e-14,2.634861481215168832e-01,4.056625020154935174e-02
1.560000000000000053e+00,-3.375077994860475883e-14,2.493776610548790740e-01,4.358431260740076862e-02
1.562000000000000055e+00,-1.776356839400250465e-14,2.138228332469193638e-01,4.746750256261367262e-02
1.564000000000000057e+00,1.421085471520200372e-14,1.802934712527732575e-01,4.521103487419245864e-02
1.566000000000000059e+00,-8.881784197001252323e-15,1.003466592041801220e-01,4.108416191883384333e-02
1.568000000000000060e+00,-2.486899575160350651e-14,1.137246779140084763e-01,4.873711256217881649e-02
1.570000000000000062e+00,-5.329070518200751394e-14,2.487787359069086601e-01,3.462482200827163292e-02
1.572000000000000064e+00,-1.776356839400250465e-15,3.469017598696895743e-01,4.152514035805522641e-02
1.574000000000000066e+00,-2.131628207280300558e-14,4.805581379634368822e-02,4.318105901755889958e-02
1.576000000000000068e+00,-4.085620730620576069e-14,4.349213601555928510e-01,2.923972862137038178e-02
1.578000000000000069e+00,-3.552713678800500929e-15,9.249817099686272193e-02,4.066638663908932888e-02
1.580000000000000071e+00,-2.309263891220325604e-14,8.632923401528568019e-02,4.314541507928042197e-02
1.582000000000000073e+00,-1.776356839400250465e-15,8.289202479852431082e-02,4.843788683564020925e-02
1.584000000000000075e+00,-8.881784197001252323e-15,1.781764708579450518e-01,4.574726252182299835e-02
1.586000000000000076e+00,-4.440892098500626162e-14,8.784415753755650536e-02,4.877245292652077763e-02
1.588000000000000078e+00,-7.993605777301127091e-14,1.608268174617352719e-01,4.511828550528469012e-02
1.590000000000000080e+00,-2.131628207280300558e-14,1.117558917154712513e-02,4.544980698809102104e-02
1.592000000000000082e+00,-2.131628207280300558e-14,1.811987009226360690e-01,4.862049009893799900e-02
1.594000000000000083e+00,-4.440892098500626162e-14,6.562429841705419431e-02,3.211662160904405622e-02
1.596000000000000085e+00,-3.019806626980425790e-14,5.932482070758146597e-02,3.633810508851505888e-02
1.598000000000000087e+00,-3.552713678800500929e-14,1.537943494467965654e-03,4.464994672630084177e-02
1.600000000000000089e+00,-2.842170943040400743e-14,5.461657121947781357e-02,4.970540359145288190e-02
1.602000000000000091e+00,-3.907985046680551022e-14,5.239186314725489957e-02,4.228439925645431641e-02
1.604000000000000092e+00,-2.486899575160350651e-14,1.437808837870786262e-03,4.182654801389319027e-02
1.606000000000000094e+00,-7.105427357601001859e-15,1.699665186968087882e-01,4.255499152788700529e-02
1.608000000000000096e+00,-5.151434834260726348e-14,1.307023043492311354e-01,4.480860139387731617e-02
1.610000000000000098e+00,-1.065814103640150279e-14,4.197449566076809635e-01,4.334501428352119379e-02
1.612000000000000099e+00,-2.131628207280300558e-14,8.511946707341255802e-02,4.447008425362995038e-02
1.614000000000000101e+00,2.131628207280300558e-14,1.660851970202969485e-01,5.072976498002992884e-02
1.616000000000000103e+00,-7.105427357601001859e-14,3.209508255395923659e-02,5.380496122082664007e-02
1.618000000000000105e+00,-5.861977570020826533e-14,4.866203402578080789e-02,5.526029710814800433e-02
1.620000000000000107e+00,-4.085620730620576069e-14,1.499881304449283415e-01,4.261828143115044265e-02
1.622000000000000108e+00,-3.907985046680551022e-14,1.187126302725529381e-01,4.299756530129453941e-02
1.624000000000000110e+00,1.065814103640150279e-14,4.787582753441727706e-03,4.052071448082390087e-02
1.626000000000000112e+00,-2.842170943040400743e-14,6.538309774111347727e-02,4.037960101529208118e-02
1.628000000000000114e+00,-3.907985046680551022e-14,1.595875254508996033e-01,4.848411491262956396e-02
1.630000000000000115e+00,-1.776356839400250465e-14,4.497366736066719106e-01,3.037319398570959006e-02
1.632000000000000117e+00,-1.776356839400250465e-14,9.177865101395041303e-02,4.850397247816881641e-02
1.634000000000000119e+00,-2.842170943040400743e-14,5.403835473201600292e-01,3.620430802791128888e-02
1.636000000000000121e+00,5.329070518200751394e-15,2.674282891330641010e-01,4.513114021972745166e-02
1.638000000000000123e+00,1.953992523340275511e-14,6.583689518798926943e-02,3.755074270095996869e-02
1.640000000000000124e+00,-5.329070518200751394e-14,1.030672574025488786e-01,4.816583029060890475e-02
1.642000000000000126e+00,-1.776356839400250465e-14,1.185157970488892043e-01,5.068342008147193323e-02
1.644000000000000128e+00,2.486899575160350651e-14,1.183542054872913640e-01,4.926065139759333578e-02
1.646000000000000130e+00,-5.684341886080801487e-14,5.035260347828338090e-02,4.895521507168305170e-02
1.648000000000000131e+00,-3.197442310920450836e-14,1.898840847918321362e-01,4.263673208140506682e-02
1.650000000000000133e+00,-4.796163466380676255e-14,2.875214398651232406e-01,4.622883282921189108e-02
1.652000000000000135e+00,-1.953992523340275511e-14,1.201535653834619188e-01,6.161872447753618393e-02
1.654000000000000137e+00,-5.329070518200751394e-14,5.961144165344367529e-02,4.504516853062542903e-02
1.656000000000000139e+00,-2.664535259100375697e-14,2.555302347501965388e-01,4.979917508100284440e-02
1.658000000000000140e+00,1.886214197760342159e+00,1.349804703519789928e-01,5.050002003337598910e-02
1.660000000000000142e+00,-1.776356839400250465e-15,4.858189725400136050e-01,3.613055059146791370e-02
1.662000000000000144e+00,-7.105427357601001859e-14,2.623274266949449651e-01,4.963718646783541605e-02
1.664000000000000146e+00,-4.618527782440651208e-14,1.892197852279424997e-01,5.216499297939580088e-02
1.665999999999999925e+00,-4.263256414560601115e-14,8.361558563859079751e-02,4.977895888035415578e-02
1.667999999999999927e+00,-5.329070518200751394e-15,1.498343385581840381e-01,4.878994166816830874e-02
1.669999999999999929e+00,-2.486899575160350651e-14,9.642329269561011884e-02,5.171854265404365186e-02
1.671999999999999931e+00,-5.506706202140776441e-14,2.311181945675460855e-02,5.412153433685797099e-02
1.673999999999999932e+00,-4.440892098500626162e-14,7.197454393671483264e-03,5.370434683849216462e-02
1.675999999999999934e+00,-5.329070518200751394e-15,8.901828753470057698e-02,4.371542394559895656e-02
1.677999999999999936e+00,4.085620730620576069e-14,1.732081586703764220e-01,4.482359347317949050e-02
1.679999999999999938e+00,1.881331960608081388e+00,2.037865753803579372e-01,5.166031703189218754e-02
1.681999999999999940e+00,-4.085620730620576069e-14,3.177759220401244478e-01,5.040548974469824528e-02
1.683999999999999941e+00,-1.243449787580175325e-14,3.297876774400503863e-01,4.183180169083496741e-02
1.685999999999999943e+00,-7.105427357601001859e-15,2.742969156232195616e-01,5.372377305572258871e-02
1.687999999999999945e+00,-3.552713678800500929e-15,2.359280764091631344e-01,4.802625085708207148e-02
1.689999999999999947e+00,-3.019806626980425790e-14,2.137942765232114795e-02,4.892662032217094670e-02
1.691999999999999948e+00,1.243449787580175325e-14,1.236422222396970846e-02,4.564661307064758755e-02
1.693999999999999950e+00,-8.171241461241152138e-14,3.320900267132526618e-01,4.056327865462185794e-02
1.695999999999999952e+00,-1.953992523340275511e-14,6.600475486728019092e-02,5.329578839037180105e-02
1.697999999999999954e+00,-4.618527782440651208e-14,7.087144739771140955e-02,6.299236360112045463e-02
1.699999999999999956e+00,-1.776356839400250465e-15,4.189301559183082613e-02,4.807023574241200276e-02
1.701999999999999957e+00,-3.907985046680551022e-14,1.739842824008777655e-01,4.661528119796784497e-02
1.703999999999999959e+00,-7.105427357601001859e-14,7.456553416623594444e-02,5.951658592920285734e-02
1.705999999999999961e+00,-2.664535259100375697e-14,1.198492394761902086e-01,6.091370022201451212e-02
1.707999999999999963e+00,-4.440892098500626162e-14,1.536291005807649199e-02,5.050345808527676589e-02
1.709999999999999964e+00,5.329070518200751394e-15,2.930465772413804945e-03,4.253715836665342143e-02
1.711999999999999966e+00,-2.664535259100375697e-14,3.668100392605240512e-02,5.762145578594012052e-02
1.713999999999999968e+00,-3.907985046680551022e-14,2.688968196789012222e-01,4.960361131894268361e-02
1.715999999999999970e+00,-4.618527782440651208e-14,2.679714422678733041e-02,6.415424327749394418e-02
1.717999999999999972e+00,-2.131628207280300558e-14,1.076903376143625024e-01,4.674932759253767195e-02
1.719999999999999973e+00,-1.953992523340275511e-14,5.232038701661604480e-02,4.498181752041648107e-02
1.721999999999999975e+00,-3.552713678800500929e-14,3.347649531058561889e-01,4.242982418345800366e-02
1.723999999999999977e+00,-6.394884621840901673e-14,3.849868535580318329e-02,5.625752282672783627e-02
1.725999999999999979e+00,-5.861977570020826533e-14,2.054628105031276394e-02,6.078447177851921401e-02
1.727999999999999980e+00,-1.776356839400250465e-14,1.726139995755251455e-01,4.074254743071167861e-02
1.729999999999999982e+00,-3.730349362740525976e-14,3.408341092708307846e-02,5.261201207387820183e-02
1.731999999999999984e+00,-8.881784197001252323e-15,3.750372491615714399e-01,5.224918560916535365e-02
1.733999999999999986e+00,-1.065814103640150279e-14,1.429743801465639397e-01,5.849439614374863511e-02
1.735999999999999988e+00,-6.039613253960851580e-14,5.363498079802397206e-02,4.858407345161751961e-02
1.737999999999999989e+00,1.776356839400250465e-15,1.655321441554628847e-01,4.620221627128104358e-02
1.739999999999999991e+00,-1.776356839400250465e-14,2.866193903575507962e-01,4.740058577919881166e-02
1.741999999999999993e+00,-4.618527782440651208e-14,5.064976258489604088e-01,3.829300910149342763e-02
1.743999999999999995e+00,-4.618527782440651208e-14,1.451314485175858246e-02,4.618848701558091185e-02
1.745999999999999996e+00,-1.243449787580175325e-14,1.183848343551647114e-01,5.195733781256475087e-02
1.747999999999999998e+00,-5.684341886080801487e-14,2.705874108579280901e-01,5.294022404119685249e-02
1.750000000000000000e+00,7.105427357601001859e-15,4.796864679502034767e-01,3.810287171016631808e-02
1.752000000000000002e+00,-3.730349362740525976e-14,3.280934359527493127e-01,5.376271867541754235e-02
1.754000000000000004e+00,-7.105427357601001859e-15,1.670322671483096266e-01,6.852735908435707290e-02
1.756000000000000005e+00,-2.842170943040400743e-14,2.875495082187731755e-02,6.444038292856811567e-02
1.758000000000000007e+00,-1.776356839400250465e-14,1.338938709986486064e-01,4.759029549564086636e-02
1.760000000000000009e+00,7.105427357601001859e-15,3.211289851090117220e-01,4.986126854324221536e-02
1.762000000000000011e+00,-5.329070518200751394e-15,3.341719093916715733e-01,4.747867823592511610e-02
1.764000000000000012e+00,-3.019806626980425790e-14,3.452755855930348949e-01,3.858891736284895263e-02
1.766000000000000014e+00,-1.598721155460225418e-14,1.739260579215692187e-02,6.730358630900737382e-02
1.768000000000000016e+00,-2.131628207280300558e-14,7.933162408613890493e-02,5.959484460365113700e-02
1.770000000000000018e+00,-1.776356839400250465e-14,5.026205195316478802e-01,4.090302998484651731e-02
1.772000000000000020e+00,-1.598721155460225418e-14,2.528143006396902370e-01,4.537574613049603911e-02
1.774000000000000021e+00,1.421085471520200372e-14,2.543693402169626139e-01,5.396044997564579393e-02
1.776000000000000023e+00,-8.881784197001252323e-15,3.058960237614478661e-01,5.945209194850471779e-02
1.778000000000000025e+00,-3.197442310920450836e-14,2.958913480647277772e-01,4.956110631438358921e-02
1.780000000000000027e+00,0.000000000000000000e+00,3.221555351107917020e-01,6.188812453953729253e-02
1.782000000000000028e+00,-1.776356839400250465e-14,3.609293594332613209e-01,4.926578254947384938e-02
1.784000000000000030e+00,-1.598721155460225418e-14,1.067044625389971385e-01,4.519578906664677154e-02
1.786000000000000032e+00,-6.217248937900876626e-14,8.798279984394641318e-02,6.049861888471227273e-02
1.788000000000000034e+00,-1.421085471520200372e-14,1.597976642417987259e-01,7.177814333552136328e-02
1.790000000000000036e+00,-7.105427357601001859e-15,1.187012313742685787e-01,5.925137491295782294e-02
1.792000000000000037e+00,-5.329070518200751394e-14,5.099902591998185797e-02,6.009357207486536873e-02
1.794000000000000039e+00,-7.638334409421076998e-14,4.564797818151281744e-03,6.295425336455476306e-02
1.796000000000000041e+00,3.552713678800500929e-15,3.728884535513674742e-02,7.272862176908159726e-02
1.798000000000000043e+00,-4.440892098500626162e-14,1.300095869812234184e-01,6.771233341501357861e-02
1.800000000000000044e+00,3.552713678800500929e-15,8.383797075433535584e-02,5.906569442002196357e-02
1.802000000000000046e+00,-4.263256414560601115e-14,1.057714156301914066e-01,6.619416684255832739e-02
1.804000000000000048e+00,-4.263256414560601115e-14,1.449952816797417943e-01,6.607496711624949448e-02
1.806000000000000050e+00,-7.105427357601001859e-14,8.861661056571287776e-02,6.222644250170004943e-02
1.808000000000000052e+00,-1.243449787580175325e-14,8.819624235493499567e-03,6.796952907497974539e-02
1.810000000000000053e+00,-3.019806626980425790e-14,1.382815475088594072e-02,6.566589117992013835e-02
1.812000000000000055e+00,-2.309263891220325604e-14,5.000745821940232039e-02,4.731490895195684249e-02
1.814000000000000057e+00,-1.421085471520200372e-14,1.249405931411859128e-01,6.290537105703213061e-02
1.816000000000000059e+00,-3.552713678800500929e-14,1.884292249880870768e-02,7.659913252403315054e-02
1.818000000000000060e+00,-3.907985046680551022e-14,6.374592783499247184e-02,6.885502028673097519e-02
1.820000000000000062e+00,-4.440892098500626162e-14,6.312805072099558421e-03,5.321148342157806799e-02
1.822000000000000064e+00,2.486899575160350651e-14,1.143464050878650468e-01,6.814602032442025614e-02
1.824000000000000066e+00,-4.618527782440651208e-14,1.967901927713106291e-01,6.971121198137235353e-02
1.826000000000000068e+00,-2.309263891220325604e-14,2.371236097674991328e-01,3.793145661312874450e-02
1.828000000000000069e+00,-3.197442310920450836e-14,6.068033948630019436e-02,6.913544120703159213e-02
1.830000000000000071e+00,-4.085620730620576069e-14,2.007021969435216630e-02,6.287192441363509410e-02
1.832000000000000073e+00,-5.506706202140776441e-14,1.981658123163430874e-01,7.096771029545197174e-02
1.834000000000000075e+00,3.552713678800500929e-15,1.363462046244207915e-01,6.508305301335373660e-02
1.836000000000000076e+00,0.000000000000000000e+00,1.527220360476817529e-01,5.791451314004966017e-02
1.838000000000000078e+00,-3.197442310920450836e-14,1.067337571243043293e-01,7.113232207702861742e-02
1.840000000000000080e+00,-5.329070518200751394e-15,8.250901835535770501e-02,5.937676152755676923e-02
1.842000000000000082e+00,-1.776356839400250465e-14,2.711145963811767423e-01,6.562516599879367196e-02
1.844000000000000083e+00,-3.907985046680551022e-14,2.156354923570581728e-01,5.413461770366390091e-02
1.846000000000000085e+00,-8.348877145181177184e-14,3.037873593377246606e-01,5.404730126773669985e-02
1.848000000000000087e+00,-3.375077994860475883e-14,1.309045068436726078e-01,7.138869796645787302e-02
1.850000000000000089e+00,-8.881784197001252323e-15,3.803507341950740916e-01,5.591567963952673304e-02
1.852000000000000091e+00,-3.019806626980425790e-14,1.709504883263454622e-01,5.457468155819045902e-02
1.854000000000000092e+00,-5.151434834260726348e-14,1.869967548637020416e-01,5.020230542525611073e-02
1.856000000000000094e+00,1.776356839400250465e-15,1.751928583954644736e-01,6.771114472054062805e-02
1.858000000000000096e+00,-3.552713678800500929e-14,6.716886031273100466e-02,6.350094902066724667e-02
1.860000000000000098e+00,-3.197442310920450836e-14,1.394949522335377778e-01,4.358988718276732288e-02
1.862000000000000099e+00,1.421085471520200372e-14,6.500204374459918333e-02,6.126343371061317850e-02
1.864000000000000101e+00,-3.730349362740525976e-14,1.683992206569054073e-01,6.746687631283267150e-02
1.866000000000000103e+00,-2.309263891220325604e-14,4.417544220234409513e-02,6.551685223171979655e-02
1.868000000000000105e+00,-1.243449787580175325e-14,4.046042654613321576e-02,5.725287965012200442e-02
1.870000000000000107e+00,-4.973799150320701301e-14,2.813978780069214744e-02,5.423861825135238568e-02
1.872000000000000108e+00,-1.065814103640150279e-14,2.087034334681012737e-01,5.669094358937966371e-02
1.874000000000000110e+00,-2.842170943040400743e-14,2.578008519699848122e-01,5.229302898840103991e-02
1.876000000000000112e+00,-3.552713678800500929e-15,3.014742247714585766e-01,6.126529469029419472e-02
1.878000000000000114e+00,-2.131628207280300558e-14,3.400891333761282276e-01,5.842511522497278315e-02
1.880000000000000115e+00,-1.776356839400250465e-14,1.273305237648231503e-01,6.101533414663157240e-02
1.882000000000000117e+00,0.000000000000000000e+00,2.088446942422009581e-02,5.885650643740882038e-02
1.884000000000000119e+00,-1.953992523340275511e-14,9.008056130110636550e-02,5.270433190620987807e-02
1.886000000000000121e+00,1.833317379865951224e+00,1.498131765646599223e-01,8.156154325786196813e-02
1.888000000000000123e+00,1.832833271680067710e+00,4.254219902546432786e-02,6.219433681356833360e-02
1.890000000000000124e+00,-4.263256414560601115e-14,1.916132276604721463e-01,7.606799905447120258e-02
1.892000000000000126e+00,-3.197442310920450836e-14,1.739361911276548767e-01,5.911196767022205978e-02
1.894000000000000128e+00,-2.664535259100375697e-14,8.045033706777202087e-02,4.081597142486405316e-02
1.896000000000000130e+00,-2.842170943040400743e-14,5.320843354005423687e-02,7.722730560576511472e-02
1.898000000000000131e+00,1.830408198187136293e+00,1.291674801661112371e-01,6.782602779913424196e-02
1.900000000000000133e+00,3.375077994860475883e-14,9.080989155465464535e-02,7.156238172446682810e-02
1.902000000000000135e+00,-3.907985046680551022e-14,3.587096284166003263e-02,7.980832391267131398e-02
1.904000000000000137e+00,-1.776356839400250465e-15,1.416593540758249725e-01,7.269768755684299921e-02
1.906000000000000139e+00,-3.375077994860475883e-14,2.798941627906310625e-01,4.438527630750718073e-02
1.908000000000000140e+00,-1.421085471520200372e-14,8.647255540910117610e-02,7.173055465546050724e-02
1.910000000000000142e+00,-1.776356839400250465e-15,5.451388467581278624e-02,6.387851622310561361e-02
1.912000000000000144e+00,-2.842170943040400743e-14,3.942647192463689665e-01,5.138090623806353119e-02
1.914000000000000146e+00,-2.131628207280300558e-14,1.388025920064765717e-01,5.460049024325007438e-02
1.916000000000000147e+00,-4.973799150320701301e-14,2.052831268193411607e-01,6.596441092329508038e-02
1.918000000000000149e+00,-3.552713678800500929e-14,5.975230613200485652e-02,8.117670268013035817e-02
1.919999999999999929e+00,-2.486899575160350651e-14,1.429974880249658964e-01,6.878171174774194707e-02
1.921999999999999931e+00,-8.881784197001252323e-15,3.046368011067592807e-01,6.638098443001207161e-02
1.923999999999999932e+00,-4.796163466380676255e-14,7.771346013534929931e-02,5.171874722173903233e-02
1.925999999999999934e+00,-8.881784197001252323e-15,1.328246834699239043e-01,6.591265397085288580e-02
1.927999999999999936e+00,1.421085471520200372e-14,7.877353138108253439e-02,7.134313628089332393e-02
1.929999999999999938e+00,8.881784197001252323e-15,9.021863838561761106e-02,7.026839265721168681e-02
1.931999999999999940e+00,-3.552713678800500929e-14,9.029444470829027861e-03,7.881523442563978521e-02
1.933999999999999941e+00,-1.776356839400250465e-14,3.261263690831082696e-01,4.802922611990158297e-02
1.935999999999999943e+00,-3.552713678800500929e-14,7.980385060255106022e-02,4.996211481269658555e-02
1.937999999999999945e+00,-3.552713678800500929e-15,3.508411543686008882e-02,6.643573021900829600e-02
1.939999999999999947e+00,-1.953992523340275511e-14,1.577836827320598378e-01,7.826610783363999180e-02
1.941999999999999948e+00,-3.375077994860475883e-14,2.133238783931731275e-01,7.275471577305708815e-02
1.943999999999999950e+00,-2.309263891220325604e-14,6.926130533648303111e-02,8.071665328585847510e-02
1.945999999999999952e+00,-1.065814103640150279e-14,9.225131478336312529e-02,6.210844407187199323e-02
1.947999999999999954e+00,-7.460698725481051952e-14,2.392562492171663446e-01,6.976033721832260170e-02
1.949999999999999956e+00,-6.039613253960851580e-14,1.660384634889013888e-01,8.211945711795309855e-02
1.951999999999999957e+00,-4.263256414560601115e-14,2.601926399405947166e-01,7.072930047477256343e-02
1.953999999999999959e+00,1.816694173351157460e+00,9.888185601084018353e-03,8.602287530972771434e-02
1.955999999999999961e+00,-7.638334409421076998e-14,2.254230043587029109e-01,8.395314757056988875e-02
1.957999999999999963e+00,3.552713678800500929e-15,8.514395481214122319e-02,6.307181117036805840e-02
1.959999999999999964e+00,-5.329070518200751394e-15,3.113384611922025841e-02,8.110025037026294403e-02
1.961999999999999966e+00,-1.065814103640150279e-14,8.710308236405633897e-02,6.962870178126057130e-02
1.963999999999999968e+00,3.552713678800500929e-15,1.527215939641685671e-01,7.199839334339624974e-02
1.965999999999999970e+00,-7.105427357601001859e-15,8.808775869117448087e-02,7.842002513577439604e-02
1.967999999999999972e+00,-4.973799150320701301e-14,9.220820362113701929e-02,7.502155120739538441e-02
1.969999999999999973e+00,-3.730349362740525976e-14,2.946235155890304658e-02,8.764847995106671286e-02
1.971999999999999975e+00,-2.131628207280300558e-14,1.938651446170884529e-01,6.969177249671425212e-02
1.973999999999999977e+00,3.552713678800500929e-15,2.951884965937821570e-01,6.173551976377854300e-02
1.975999999999999979e+00,-1.421085471520200372e-14,1.481781261270391781e-01,8.100926508546955895e-02
1.977999999999999980e+00,8.881784197001252323e-15,5.480716199289708407e-02,7.842833903253150496e-02
1.979999999999999982e+00,3.197442310920450836e-14,2.474662791525832073e-02,7.567283253599407788e-02
1.981999999999999984e+00,-1.776356839400250465e-14,3.083620074728244398e-01,7.454830883645281736e-02
1.983999999999999986e+00,-4.263256414560601115e-14,3.396812750794545033e-02,7.363648331911903933e-02
1.985999999999999988e+00,-1.953992523340275511e-14,3.771444928788451889e-02,8.159468819263121508e-02
1.987999999999999989e+00,-3.375077994860475883e-14,5.716916133474811423e-02,6.326955847462431559e-02
1.989999999999999991e+00,1.807766218883607223e+00,1.471844643506306782e-01,8.005990813606672640e-02
1.991999999999999993e+00,2.486899575160350651e-14,3.696866690474660821e-02,6.594549276857161746e-02
1.993999999999999995e+00,-2.309263891220325604e-14,3.131571036722379797e-01,7.680383425801280695e-02
1.995999999999999996e+00,-2.486899575160350651e-14,1.747824427876625702e-02,6.623101339653218733e-02
1.997999999999999998e+00,-3.552713678800500929e-15,2.129138409781819730e-01,7.734619034337682220e-02
2.000000000000000000e+00,5.329070518200751394e-15,7.104505464816399107e-02,6.577489822778027906e-02
2.002000000000000224e+00,-4.973799150320701301e-14,2.729500464733493614e-01,6.423621019146923128e-02
2.004000000000000004e+00,-2.486899575160350651e-14,7.918196968995422358e-02,7.324986093960686451e-02
2.006000000000000227e+00,1.803772229980673103e+00,4.254718787392315626e-02,7.300395924638773681e-02
2.008000000000000007e+00,-1.776356839400250465e-14,7.434820906178289668e-02,7.858493739351887775e-02
2.010000000000000231e+00,-3.730349362740525976e-14,1.470924736301169322e-01,7.650814032504506257e-02
2.012000000000000011e+00,-2.842170943040400743e-14,7.141847774841222907e-02,7.972604838561264673e-02
2.014000000000000234e+00,-3.552713678800500929e-14,7.549092590631004129e-02,6.376260439130164437e-02
2.016000000000000014e+00,1.776356839400250465e-15,4.187206092260871149e-01,6.189035403945199187e-02
2.018000000000000238e+00,-3.907985046680551022e-14,1.407736470996880651e-01,8.695892252327752647e-02
2.020000000000000018e+00,-2.131628207280300558e-14,4.103477808121751280e-02,8.733912714843806990e-02
2.022000000000000242e+00,-6.927791673660976812e-14,1.694434816102741992e-01,7.655645388369268500e-02
2.024000000000000021e+00,-5.506706202140776441e-14,1.478435904863408812e-01,7.480831151763496500e-02
2.026000000000000245e+00,-1.776356839400250465e-14,2.469628526858246298e-01,8.150197299527181527e-02
2.028000000000000025e+00,-1.776356839400250465e-14,4.768810935728822198e-01,5.580134423711323455e-02
2.030000000000000249e+00,-3.552713678800500929e-14,2.965168987380807641e-02,6.611728624917524721e-02
2.032000000000000028e+00,-4.618527782440651208e-14,1.140212521531997619e-02,7.324646952377944498e-02
2.034000000000000252e+00,0.000000000000000000e+00,1.867595363130328812e-01,8.068298211749280746e-02
2.036000000000000032e+00,-2.309263891220325604e-14,1.626139738619995223e-01,7.049558322464505311e-02
2.038000000000000256e+00,-1.598721155460225418e-14,5.521409308277054617e-02,6.057970560978401253e-02
2.040000000000000036e+00,-5.861977570020826533e-14,1.614710920751635248e-01,8.421062901889039831e-02
2.042000000000000259e+00,1.794730954525931566e+00,8.188576122452620454e-02,6.378513136539147588e-02
2.044000000000000039e+00,-4.796163466380676255e-14,1.380046354580639067e-01,6.574027549809939586e-02
2.046000000000000263e+00,5.329070518200751394e-14,3.449369849772877528e-01,5.521242340379124702e-02
2.048000000000000043e+00,-1.953992523340275511e-14,6.554105981325211716e-02,6.474733039870685103e-02
2.049999999999999822e+00,-1.776356839400250465e-15,4.321137539158616259e-02,7.432844261907343986e-02
2.052000000000000046e+00,-2.842170943040400743e-14,1.743468435901881497e-01,8.828706835380605022e-02
2.053999999999999826e+00,-2.309263891220325604e-14,2.268748001269463299e-01,6.821473159101400230e-02
2.056000000000000050e+00,3.552713678800500929e-15,2.152072584434120417e-01,8.192421243568809297e-02
2.057999999999999829e+00,-3.552713678800500929e-15,7.612529517521363087e-02,9.043680388634077472e-02
2.060000000000000053e+00,-1.776356839400250465e-14,1.312822626602647702e-01,5.912034858430552375e-02
2.061999999999999833e+00,1.789677026386547354e+00,1.221769212812153227e-01,7.704387308237491128e-02
2.064000000000000057e+00,-7.638334409421076998e-14,1.163133616405122653e-02,5.688761765877821397e-02
2.065999999999999837e+00,5.329070518200751394e-15,1.476560402800064231e-01,8.672529775027616739e-02
2.068000000000000060e+00,-2.842170943040400743e-14,2.403029489409660990e-01,7.056872029506602861e-02
2.069999999999999840e+00,0.000000000000000000e+00,1.710676991421520854e-01,6.747433457808947599e-02
2.072000000000000064e+00,3.019806626980425790e-14,6.582229651833923501e-02,5.706912787884195482e-02
2.073999999999999844e+00,1.786634613033623253e+00,4.955123511002283709e-02,9.260490953178886209e-02
2.076000000000000068e+00,1.786126831429465156e+00,1.679794010675917104e-01,8.854027996877369966e-02
2.077999999999999847e+00,-7.815970093361102045e-14,5.828568902316109968e-02,9.025932921969982703e-02
2.080000000000000071e+00,1.953992523340275511e-14,2.724486693894587197e-01,7.778145125588990794e-02
2.081999999999999851e+00,1.784602285422806744e+00,1.313928764082655798e-01,7.252001172527691719e-02
2.084000000000000075e+00,-8.881784197001252323e-15,7.421417043962591498e-02,8.672418847371375639e-02
2.085999999999999854e+00,-1.065814103640150279e-14,4.034161641022403211e-02,8.782234193106755460e-02
2.088000000000000078e+00,-2.664535259100375697e-14,1.919611574597448189e-01,7.761489735219800901e-02
2.089999999999999858e+00,-2.309263891220325604e-14,1.233325711049296225e-01,8.954779525173874044e-02
2.092000000000000082e+00,2.664535259100375697e-14,2.626436641354086277e-01,7.232769780201665777e-02
2.093999999999999861e+00,3.552713678800500929e-15,1.003444992334163229e-03,7.632518412991372292e-02
2.096000000000000085e+00,-2.131628207280300558e-14,1.545984050106544438e-01,8.543286508714319216e-02
2.097999999999999865e+00,-4.796163466380676255e-14,1.496470992291115965e-01,7.499580797888490136e-02
2.100000000000000089e+00,-3.019806626980425790e-14,4.384812228500169218e-02,8.662032935982316717e-02
2.101999999999999869e+00,1.776356839400250465e-14,1.671830841724606664e-01,1.010621378790344249e-01
2.104000000000000092e+00,4.263256414560601115e-14,2.280328931194922359e-01,7.699079969524691425e-02
2.105999999999999872e+00,1.778486573918765856e+00,1.478403528325537009e-01,9.449521274554195660e-02
2.108000000000000096e+00,1.777975700620306299e+00,2.214049036549952526e-02,7.412587206920620564e-02
2.109999999999999876e+00,1.065814103640150279e-14,3.412838784259693281e-02,9.297411866427462979e-02
2.112000000000000099e+00,-2.842170943040400743e-14,2.228635438845705530e-01,7.138511423493100472e-02
2.113999999999999879e+00,8.881784197001252323e-15,6.172598707038428473e-02,8.720986012472617399e-02
2.116000000000000103e+00,-5.151434834260726348e-14,5.368514540918446765e-02,7.415998246330972321e-02
2.117999999999999883e+00,-3.197442310920450836e-14,2.146461384285170415e-01,6.497894450969977920e-02
2.120000000000000107e+00,-1.421085471520200372e-14,6.742157974671690590e-02,8.320020654417338568e-02
2.121999999999999886e+00,1.774394474097311658e+00,9.187947396140322409e-02,7.783322305687351284e-02
2.124000000000000110e+00,-1.776356839400250465e-14,1.743563854759839771e-01,9.521811195707591269e-02
2.125999999999999890e+00,-1.243449787580175325e-14,2.056324060387954566e-01,6.212731712513154536e-02
2.128000000000000114e+00,1.772856978284643503e+00,1.119292385930336087e-01,8.745805548918021699e-02
2.129999999999999893e+00,1.772344129040112293e+00,2.451782651223411227e-02,6.719891765259512761e-02
2.132000000000000117e+00,-3.552713678800500929e-14,1.208856281559257950e-01,8.307798773204567999e-02
2.133999999999999897e+00,1.771317910521906569e+00,4.889329096623938609e-02,8.880808829889060008e-02
2.136000000000000121e+00,-5.506706202140776441e-14,4.915596969362982793e-02,7.249241128613086171e-02
2.137999999999999901e+00,1.598721155460225418e-14,7.531989151010119732e-02,8.061741059563463929e-02
2.140000000000000124e+00,-4.973799150320701301e-14,7.477039690114435644e-02,8.270818087853881728e-02
2.141999999999999904e+00,-1.776356839400250465e-14,1.840944856617975078e-02,6.806679639871308918e-02
2.144000000000000128e+00,-1.598721155460225418e-14,6.473178383210606568e-02,7.865379735762628721e-02
2.145999999999999908e+00,-4.618527782440651208e-14,2.382346094796305436e-01,8.999237807838092462e-02
2.148000000000000131e+00,-3.730349362740525976e-14,2.491234168097757329e-01,8.074312585076216797e-02
2.149999999999999911e+00,-8.881784197001252323e-15,7.114886528357174111e-02,8.872455172733223483e-02
2.152000000000000135e+00,1.766691541308212265e+00,1.263424846682447422e-01,9.164639524539415494e-02
2.153999999999999915e+00,-4.618527782440651208e-14,3.237265722007808266e-01,6.948641154930972064e-02
2.156000000000000139e+00,-1.243449787580175325e-14,9.457944058538791943e-02,7.636831598305748869e-02
2.157999999999999918e+00,1.765146450899205632e+00,9.257528647645853204e-02,9.174641314930670477e-02
2.160000000000000142e+00,5.329070518200751394e-15,1.434612258908450344e-01,8.809076239652087470e-02
2.161999999999999922e+00,1.764115589020596175e+00,1.061139798623647879e-01,5.891746808933422813e-02
2.164000000000000146e+00,-5.506706202140776441e-14,1.911480053684740665e-01,8.277499214917106996e-02
2.165999999999999925e+00,-4.085620730620576069e-14,9.913117540271079720e-02,8.297604434993056943e-02
2.168000000000000149e+00,-4.440892098500626162e-14,7.503800108772631927e-02,6.620499313071456782e-02
2.169999999999999929e+00,-2.842170943040400743e-14,8.734261309985946742e-02,8.596114997946467662e-02
2.172000000000000153e+00,-2.664535259100375697e-14,4.036536669022885992e-02,8.179245117876478288e-02
2.173999999999999932e+00,5.329070518200751394e-15,3.084444081088272283e-01,8.069644727675784335e-02
2.176000000000000156e+00,1.760502643640068143e+00,1.558279205034638348e-01,8.705426677366831512e-02
2.177999999999999936e+00,2.842170943040400743e-14,1.176086799478661821e-01,8.795889687365024412e-02
2.180000000000000160e+00,-4.085620730620576069e-14,1.216859277346369200e-01,9.579296097925713016e-02
2.181999999999999940e+00,1.758951948845529856e+00,6.179409307274515151e-03,9.657910576718492512e-02
2.184000000000000163e+00,-5.861977570020826533e-14,1.808485351633575544e-01,7.661265741821618458e-02
2.185999999999999943e+00,1.757917408135975634e+00,1.088131160362501709e-01,7.138292283210555256e-02
2.188000000000000167e+00,-4.263256414560601115e-14,1.916350492749301082e-01,8.392380828497035539e-02
2.189999999999999947e+00,1.756882280912655858e+00,3.233304855588052529e-02,9.340166561820217872e-02
2.192000000000000171e+00,-1.243449787580175325e-14,1.180940319868400978e-01,7.281024288174672843e-02
2.193999999999999950e+00,-2.486899575160350651e-14,1.505167355059442991e-01,6.898225407530400588e-02
2.196000000000000174e+00,2.131628207280300558e-14,3.774344922967473592e-02,7.615578593340248392e-02
2.197999999999999954e+00,-4.440892098500626162e-14,3.756925966142342366e-02,8.406157038779431268e-02
2.200000000000000178e+00,-7.105427357601001859e-15,1.288967340607633794e-01,8.538361023555007812e-02
2.201999999999999957e+00,-2.842170943040400743e-14,1.028613134186865397e-01,8.353105433534301072e-02
2.204000000000000181e+00,1.753254825475371703e+00,1.766006413295625327e-02,9.413493281926577083e-02
2.205999999999999961e+00,3.552713678800500929e-14,6.894214866271289321e-02,8.078420406366128292e-02
2.208000000000000185e+00,3.907985046680551022e-14,5.212319945519673647e-02,9.343472914431388832e-02
2.209999999999999964e+00,-2.309263891220325604e-14,3.131511328745956863e-02,8.956985370714833083e-02
2.212000000000000188e+00,1.751178932958493917e+00,2.565087900045148750e-01,8.918807005207436689e-02
2.213999999999999968e+00,-3.552713678800500929e-14,2.536927538653262482e-01,7.080307749525967254e-02
2.216000000000000192e+00,-2.131628207280300558e-14,8.104315019829898270e-02,9.246195027266271294e-02
2.217999999999999972e+00,-4.796163466380676255e-14,2.728670707410065302e-02,8.719313757903027207e-02
2.220000000000000195e+00,-4.085620730620576069e-14,1.540845828759725422e-01,9.195146158542157055e-02
2.221999999999999975e+00,2.486899575160350651e-14,8.322139853422524935e-02,6.315030402544251353e-02
2.224000000000000199e+00,-4.440892098500626162e-14,1.853371920557027666e-02,8.906798959825286410e-02
2.225999999999999979e+00,-3.197442310920450836e-14,5.700835890936650774e-02,9.078919380854835741e-02
2.228000000000000203e+00,-3.730349362740525976e-14,1.899174618903839429e-01,8.902186839507422733e-02
2.229999999999999982e+00,-2.309263891220325604e-14,2.649718428980747942e-01,8.757241422572348277e-02
2.232000000000000206e+00,1.745979916230384177e+00,5.686247358048353295e-02,7.646300692965289636e-02
2.233999999999999986e+00,-2.486899575160350651e-14,7.287378195624551191e-02,1.122966278837850829e-01
2.236000000000000210e+00,1.744938579761612374e+00,1.441898471246706726e-01,9.831326191655276325e-02
2.237999999999999989e+00,-7.105427357601001859e-15,2.550207660939980345e-02,1.057935875311146190e-01
2.240000000000000213e+00,1.065814103640150279e-14,8.830609094518314384e-02,8.972367096995600977e-02
2.241999999999999993e+00,-5.329070518200751394e-15,3.186706647354222710e-01,8.489142443028924179e-02
2.244000000000000217e+00,-3.552713678800500929e-15,1.023192162554337203e-01,1.101315290591910467e-01
2.245999999999999996e+00,-8.881784197001252323e-15,1.373994579872615251e-01,1.027653532243191087e-01
2.248000000000000220e+00,-4.796163466380676255e-14,1.312748446728007334e-01,7.667305494144992239e-02
2.250000000000000000e+00,-5.329070518200751394e-15,7.636892618396465271e-02,9.601293569167471120e-02
2.252000000000000224e+00,-1.421085471520200372e-14,2.424805090292321830e-01,8.740751748707555058e-02
2.254000000000000004e+00,-2.309263891220325604e-14,5.648546503693119281e-02,1.071972356999763842e-01
2.256000000000000227e+00,5.329070518200751394e-15,2.409706566531572697e-02,8.844202318537673635e-02
2.258000000000000007e+00,-4.796163466380676255e-14,1.013406824036781756e-01,8.536385581829827873e-02
2.260000000000000231e+00,-6.750155989720951766e-14,1.772738452289890354e-01,9.429400491998526923e-02
2.262000000000000011e+00,-4.973799150320701301e-14,1.153270806605459081e-01,1.001808559369763568e-01
2.264000000000000234e+00,1.737635793596824740e+00,9.841227905842102330e-02,7.956852914716551484e-02
2.266000000000000014e+00,1.421085471520200372e-14,8.109352584031448430e-02,9.077721976933679493e-02
2.268000000000000238e+00,-4.796163466380676255e-14,4.915340200185034508e-02,1.024966632951675172e-01
2.270000000000000018e+00,1.736067997195855028e+00,2.160460824914719191e-01,1.001255025346458882e-01
2.272000000000000242e+00,-7.105427357601001859e-15,5.937048081077576922e-02,8.380706159042591863e-02
2.274000000000000021e+00,-2.486899575160350651e-14,4.511343000069670262e-02,7.636127775837768528e-02
2.276000000000000245e+00,-2.486899575160350651e-14,1.142090634902688390e-01,9.183329658858001288e-02
2.278000000000000025e+00,1.733976088995330400e+00,2.670876894323936934e-02,1.062889443203214462e-01
2.280000000000000249e+00,3.552713678800500929e-14,1.392040308095252032e-01,1.029032319019798913e-01
2.282000000000000028e+00,4.618527782440651208e-14,3.454387119838550624e-01,9.289543173621797600e-02
2.284000000000000252e+00,1.732406053709414806e+00,1.705691139125792288e-02,1.043568702480954236e-01
2.286000000000000032e+00,-1.065814103640150279e-14,8.219377715336947943e-02,9.554134619789123040e-02
2.288000000000000256e+00,-1.243449787580175325e-14,4.458361020372196212e-04,8.926681123147600649e-02
2.290000000000000036e+00,-6.039613253960851580e-14,6.547594004909107479e-02,9.271330955390633122e-02
2.292000000000000259e+00,-2.486899575160350651e-14,3.242347424942602641e-01,9.521760696341631525e-02
2.294000000000000039e+00,1.729787294615102056e+00,3.046737289633904000e-01,8.134886331407957527e-02
2.296000000000000263e+00,-2.842170943040400743e-14,1.871763352824235005e-01,6.517613960189175271e-02
2.298000000000000043e+00,-6.927791673660976812e-14,5.819831392855667057e-02,8.689226561106361268e-02
2.300000000000000266e+00,1.728214856948964595e+00,2.926944393277478365e-02,8.518409409719797376e-02
2.302000000000000046e+00,0.000000000000000000e+00,8.151074355596943377e-02,1.010802875168230058e-01
2.304000000000000270e+00,5.329070518200751394e-15,6.314989442767288130e-02,8.860721308057460666e-02
2.306000000000000050e+00,-2.664535259100375697e-14,1.589960232562542819e-01,9.149466817840735955e-02
2.307999999999999829e+00,1.776356839400250465e-14,5.806620513392219546e-03,9.517487208626254636e-02
2.310000000000000053e+00,-4.796163466380676255e-14,1.951616303182758805e-01,8.781577125797275507e-02
2.311999999999999833e+00,-2.664535259100375697e-14,2.409791573123737651e-01,9.321390589047279240e-02
2.314000000000000057e+00,3.375077994860475883e-14,7.038149065013929451e-02,9.230044074571266965e-02
2.315999999999999837e+00,1.724017555756995890e+00,1.320955624883347057e-01,9.005327571163741773e-02
2.318000000000000060e+00,-4.796163466380676255e-14,3.528708500854327856e-01,7.827582979785792372e-02
2.319999999999999840e+00,-2.842170943040400743e-14,8.338517980867729204e-03,1.006068003773810948e-01
2.322000000000000064e+00,-1.776356839400250465e-15,5.095008483697001378e-02,9.837993351143453635e-02
2.323999999999999844e+00,-4.085620730620576069e-14,1.382931390905059454e-01,8.542438268859718631e-02
2.326000000000000068e+00,-2.486899575160350651e-14,2.345041932112813809e-02,9.531193214934090274e-02
2.327999999999999847e+00,-3.197442310920450836e-14,1.538718442051980641e-02,9.934713095840716490e-02
2.330000000000000071e+00,-8.348877145181177184e-14,8.573030377321678996e-02,9.494601591061659074e-02
2.331999999999999851e+00,-2.309263891220325604e-14,1.145598573551508126e-01,9.401169303170049674e-02
2.334000000000000075e+00,-2.131628207280300558e-14,2.566096832967485614e-02,9.022148933721781117e-02
2.335999999999999854e+00,8.881784197001252323e-15,1.481491229153030775e-01,8.463348652688279516e-02
2.338000000000000078e+00,7.105427357601001859e-15,3.777159339551301453e-01,8.040204410101933763e-02
2.339999999999999858e+00,-4.618527782440651208e-14,1.976668766965266610e-01,8.432654908299623553e-02
2.342000000000000082e+00,-1.953992523340275511e-14,5.387025157536934339e-02,1.018337297695312421e-01
2.343999999999999861e+00,-1.065814103640150279e-14,1.461611918354238648e-01,9.151532640110918160e-02
2.346000000000000085e+00,1.716132668612756262e+00,2.920731256586224858e-02,8.777963398396103345e-02
2.347999999999999865e+00,-1.243449787580175325e-14,1.142487351640661397e-01,9.434671809650703456e-02
2.350000000000000089e+00,-7.105427357601001859e-15,2.144618519684098612e-01,9.042194926456564863e-02
2.351999999999999869e+00,-7.105427357601001859e-15,8.035504884529104386e-02,8.342972918251195802e-02
2.354000000000000092e+00,-4.618527782440651208e-14,9.505392041711781259e-02,1.213629548940529101e-01
2.355999999999999872e+00,-1.776356839400250465e-14,1.898000559434022683e-01,1.069731954173180621e-01
2.358000000000000096e+00,1.776356839400250465e-14,2.797890789559064895e-01,1.064776635325140053e-01
2.359999999999999876e+00,-7.105427357601001859e-15,6.218624040566467226e-02,8.511504738291092442e-02
2.362000000000000099e+00,1.711920211932984159e+00,1.043640924457294172e-01,1.001170913335733409e-01
2.363999999999999879e+00,1.953992523340275511e-14,8.017339430348401075e-02,9.893197045542562185e-02
2.366000000000000103e+00,-1.243449787580175325e-14,3.149097380941357494e-01,8.076279672804759224e-02
2.367999999999999883e+00,-2.842170943040400743e-14,2.967407285929308802e-01,9.123923101102612843e-02
2.370000000000000107e+00,-3.907985046680551022e-14,1.202758852161699837e-01,1.125390611666226837e-01
2.371999999999999886e+00,-3.552713678800500929e-15,1.822138678716093141e-01,8.282757582851923983e-02
2.374000000000000110e+00,2.664535259100375697e-14,1.937987277047503176e-01,7.019087540281140902e-02
2.375999999999999890e+00,-2.486899575160350651e-14,1.009349398790296143e-01,1.008208531312791839e-01
2.378000000000000114e+00,-3.552713678800500929e-15,7.130028565185318745e-02,1.015952035651665336e-01
2.379999999999999893e+00,1.707175888655582341e+00,2.747533084117252944e-01,7.659539516605196052e-02
2.382000000000000117e+00,-1.065814103640150279e-14,2.332585216561598451e-01,8.964941415342583819e-02
2.383999999999999897e+00,-3.375077994860475883e-14,5.506734963787123655e-02,9.569048422353482186e-02
2.386000000000000121e+00,-2.486899575160350651e-14,9.748156967803461859e-02,8.651390675492265370e-02
2.387999999999999901e+00,-3.907985046680551022e-14,1.068026605370332588e-01,8.859916532800483913e-02
2.390000000000000124e+00,-2.842170943040400743e-14,5.915214736322240568e-02,9.694505173551838662e-02
2.391999999999999904e+00,-4.263256414560601115e-14,2.796024933990740036e-01,8.939488072648968386e-02
2.394000000000000128e+00,5.329070518200751394e-15,9.259042677105994851e-03,9.949888749815305466e-02
2.395999999999999908e+00,-4.440892098500626162e-14,9.841151061980971115e-02,9.012133366458728589e-02
2.398000000000000131e+00,-1.065814103640150279e-14,1.903893744177388436e-01,1.117717867855997915e-01
2.399999999999999911e+00,-3.197442310920450836e-14,7.630851469960245326e-03,1.051846890232780579e-01
2.402000000000000135e+00,-1.598721155460225418e-14,4.563985829275213346e-02,9.524343890737063667e-02
2.403999999999999915e+00,-3.375077994860475883e-14,4.363100278021850298e-02,1.075259225597998552e-01
2.406000000000000139e+00,1.243449787580175325e-14,3.687766560535041954e-02,1.070303985111566575e-01
2.407999999999999918e+00,7.105427357601001859e-15,3.874492019785820140e-01,7.913146316939019542e-02
2.410000000000000142e+00,-1.953992523340275511e-14,6.678145323438539060e-02,1.025719591332283076e-01
2.411999999999999922e+00,-5.329070518200751394e-14,1.931850063061385514e-01,1.061943698533201336e-01
2.414000000000000146e+00,-3.019806626980425790e-14,6.096220294905664583e-02,8.074278529174847008e-02
2.415999999999999925e+00,3.197442310920450836e-14,2.174172292710749299e-01,8.211745841497332388e-02
2.418000000000000149e+00,-3.375077994860475883e-14,8.590843463734354479e-02,1.124163706728275175e-01
2.419999999999999929e+00,-3.552713678800500929e-15,1.994489552123248355e-01,8.708400094060664287e-02
2.422000000000000153e+00,-2.486899575160350651e-14,2.776411712262335379e-02,1.090165929206706602e-01
2.423999999999999932e+00,1.953992523340275511e-14,9.028206964617663255e-02,8.528947594255893716e-02
2.426000000000000156e+00,0.000000000000000000e+00,8.429322542246112104e-02,9.182935616898642295e-02
2.427999999999999936e+00,2.664535259100375697e-14,5.671473920699374172e-02,1.044669522963014019e-01
2.430000000000000160e+00,-3.552713678800500929e-15,8.213320560625496369e-02,8.211209264370528116e-02
2.431999999999999940e+00,-4.085620730620576069e-14,7.705031627305750086e-02,8.188225907442740759e-02
2.434000000000000163e+00,-3.197442310920450836e-14,1.296767818963665275e-01,1.264035306748004794e-01
2.435999999999999943e+00,1.243449787580175325e-14,8.705407145284316250e-02,9.701287307778183600e-02
2.438000000000000167e+00,1.598721155460225418e-14,9.299244749945051458e-02,1.160723446995995389e-01
2.439999999999999947e+00,-4.085620730620576069e-14,9.668471603142861359e-02,9.495633450476950732e-02
2.442000000000000171e+00,5.151434834260726348e-14,1.865374729139584464e-01,9.650069927220782107e-02
2.443999999999999950e+00,-5.861977570020826533e-14,5.628980181540049060e-02,1.240274926208354001e-01
2.446000000000000174e+00,8.881784197001252323e-15,4.662135029983879159e-02,1.079281113527849473e-01
2.447999999999999954e+00,-2.664535259100375697e-14,3.867693741865944196e-02,9.113488709651668129e-02
2.450000000000000178e+00,-1.776356839400250465e-15,1.341788763568189380e-01,9.189306640387558123e-02
2.451999999999999957e+00,3.552713678800500929e-15,2.286967847809754859e-02,1.085688064689965815e-01
2.454000000000000181e+00,1.687624425497130431e+00,1.702612861176668047e-01,9.465054993250386628e-02
2.455999999999999961e+00,-1.953992523340275511e-14,2.391787878860877348e-01,1.107874776975682901e-01
2.458000000000000185e+00,-3.907985046680551022e-14,6.086935362875206534e-02,1.122455156893934491e-01
2.459999999999999964e+00,-7.105427357601001859e-15,9.663011817630846878e-02,1.007438273170558757e-01
2.462000000000000188e+00,-4.796163466380676255e-14,2.399669523661324966e-01,1.048256989270009709e-01
2.463999999999999968e+00,0.000000000000000000e+00,3.397819458372530188e-01,9.642803016480917810e-02
2.466000000000000192e+00,-3.197442310920450836e-14,7.346728369104764400e-02,1.079344841169171676e-01
2.467999999999999972e+00,-5.329070518200751394e-15,8.011352656796330574e-02,1.275030691182237885e-01
2.470000000000000195e+00,-2.309263891220325604e-14,1.350131927995715242e-01,1.167889050603941881e-01
2.471999999999999975e+00,-3.552713678800500929e-15,1.888152999835041868e-01,9.817280982676160339e-02
2.474000000000000199e+00,-1.243449787580175325e-14,1.636210640042881290e-02,9.787886713138681249e-02
2.475999999999999979e+00,-3.552713678800500929e-15,1.277808836699606265e-01,9.504083558633835693e-02
2.478000000000000203e+00,1.681271485087840745e+00,6.593197717074686381e-02,9.759635243477593480e-02
2.479999999999999982e+00,-2.131628207280300558e-14,8.212777531623582927e-02,9.852008539698102474e-02
2.482000000000000206e+00,-3.552713678800500929e-14,1.114491728375119513e-02,1.203514028540062508e-01
2.483999999999999986e+00,-1.243449787580175325e-14,2.703246403561166550e-02,1.132770717828131268e-01
2.486000000000000210e+00,-3.552713678800500929e-15,4.643856649776155476e-02,8.600544268398402359e-02
2.487999999999999989e+00,8.881784197001252323e-15,3.556770526232466145e-01,9.668634193614281114e-02
2.490000000000000213e+00,-1.065814103640150279e-14,1.664973565020100854e-01,9.180713174252511100e-02
2.491999999999999993e+00,-2.309263891220325604e-14,2.547825342191364362e-01,9.696356948363885064e-02
2.494000000000000217e+00,2.842170943040400743e-14,2.698261502140761325e-01,1.036392405124755001e-01
2.495999999999999996e+00,-5.329070518200751394e-15,2.065750279175272430e-01,1.028313943611717657e-01
2.498000000000000220e+00,1.243449787580175325e-14,2.043503615863325254e-02,1.055070954027047397e-01
2.500000000000000000e+00,-1.065814103640150279e-14,1.266635803034367458e-01,9.609310907211657260e-02
2.502000000000000224e+00,-5.329070518200751394e-15,2.306198913996141547e-02,1.151969082391470084e-01
2.504000000000000004e+00,1.776356839400250465e-14,6.896227658835192564e-02,1.202587699026120560e-01
2.506000000000000227e+00,2.309263891220325604e-14,7.922371712212479544e-02,1.162976590985884545e-01
2.508000000000000007e+00,-8.881784197001252323e-15,3.018971515619963547e-02,1.056899544797969270e-01
2.510000000000000231e+00,-1.421085471520200372e-14,3.897609032415338404e-01,8.595301649228717644e-02
2.512000000000000011e+00,2.486899575160350651e-14,2.093043962856324935e-01,9.830146120422983413e-02
2.514000000000000234e+00,-1.953992523340275511e-14,2.089428174802246407e-01,9.909450688203112756e-02
2.516000000000000014e+00,1.671205589222992671e+00,1.318926840193765659e-01,1.042431339191324802e-01
2.518000000000000238e+00,0.000000000000000000e+00,5.422584883569470104e-01,6.717639230245363302e-02
2.520000000000000018e+00,1.670145679155824681e+00,8.040791136980929288e-02,1.198577620318962283e-01
2.522000000000000242e+00,1.669615707272983585e+00,2.332225754889229521e-02,1.117852339675895618e-01
2.524000000000000021e+00,3.552713678800500929e-15,9.348171537539093356e-02,1.165044287564148684e-01
2.526000000000000245e+00,1.668555733210725478e+00,8.748224724408140696e-02,1.288458312598750877e-01
2.528000000000000025e+00,-3.019806626980425790e-14,1.978785677674154975e-01,1.088933569667392270e-01
2.530000000000000249e+00,-1.953992523340275511e-14,2.101143652441449586e-02,1.150730655902186816e-01
2.532000000000000028e+00,-2.486899575160350651e-14,4.830977697300421758e-02,1.009131715177843946e-01
2.534000000000000252e+00,2.664535259100375697e-14,7.510911554653107447e-02,1.202413434801953979e-01
2.536000000000000032e+00,-5.329070518200751394e-15,1.117241296934512046e-01,1.073993459293027114e-01
2.538000000000000256e+00,-6.394884621840901673e-14,3.777470960036556358e-01,1.007950197081039917e-01
2.540000000000000036e+00,-4.263256414560601115e-14,1.227854529504066317e-01,1.128184146815996575e-01
2.542000000000000259e+00,1.065814103640150279e-14,2.645180124429480362e-01,8.561962903137337877e-02
2.544000000000000039e+00,1.663785483688704048e+00,7.747349236685760476e-02,1.056436154697669855e-01
2.546000000000000263e+00,-4.440892098500626162e-14,5.436461493623915286e-01,8.003179426952146402e-02
2.548000000000000043e+00,2.131628207280300558e-14,3.409989054607846515e-01,1.042290472517463790e-01
2.550000000000000266e+00,-1.776356839400250465e-15,8.473305543229757431e-02,1.149882735465020539e-01
2.552000000000000046e+00,-5.506706202140776441e-14,4.315998460027027639e-02,9.008575734442003657e-02
2.554000000000000270e+00,-8.881784197001252323e-15,1.521722618411325001e-01,1.080435324076510911e-01
2.556000000000000050e+00,-7.105427357601001859e-15,3.385650242936194543e-01,1.042058087198031724e-01
2.558000000000000274e+00,-4.440892098500626162e-14,2.208838375174841939e-01,1.217744714870438172e-01
2.560000000000000053e+00,-1.776356839400250465e-15,9.076303469895978526e-02,1.133089061722916957e-01
2.561999999999999833e+00,-5.684341886080801487e-14,4.676431823245058572e-02,1.192107581842088565e-01
2.564000000000000057e+00,-7.105427357601001859e-15,1.477115647252585373e-01,1.294316517273378375e-01
2.565999999999999837e+00,1.776356839400250465e-14,1.780475896890686138e-01,9.262625401576979334e-02
2.568000000000000060e+00,3.019806626980425790e-14,3.793085544708191259e-02,9.659037722226444800e-02
2.569999999999999840e+00,1.065814103640150279e-14,1.098001821091979802e-01,1.156741324045552494e-01
2.572000000000000064e+00,-1.421085471520200372e-14,2.944383406742906995e-01,9.461211606240578498e-02
2.573999999999999844e+00,-3.907985046680551022e-14,3.255536415595487731e-02,1.134086949587482795e-01
2.576000000000000068e+00,-1.065814103640150279e-14,2.754853309282488394e-01,9.969411316194740080e-02
2.577999999999999847e+00,8.881784197001252323e-15,9.781641337675081593e-02,1.221668646317804752e-01
2.580000000000000071e+00,3.197442310920450836e-14,2.163004670411908803e-01,1.066198722857866904e-01
2.581999999999999851e+00,-3.907985046680551022e-14,5.327985447835115185e-01,7.412143743187629696e-02
2.584000000000000075e+00,-4.796163466380676255e-14,1.256776564278710984e-01,1.174410112483900565e-01
2.585999999999999854e+00,-3.197442310920450836e-14,3.891110923610801436e-02,1.080367404147885013e-01
2.588000000000000078e+00,3.552713678800500929e-15,9.464004483723667538e-02,1.197788258539873862e-01
2.589999999999999858e+00,6.217248937900876626e-14,3.259457195184265778e-03,1.235870289435685027e-01
2.592000000000000082e+00,-7.460698725481051952e-14,2.318672084861081797e-02,1.114942219977204663e-01
2.593999999999999861e+00,1.650535017082894740e+00,2.445417642229888167e-01,1.256987362653338713e-01
2.596000000000000085e+00,1.776356839400250465e-15,1.768948376982280024e-01,9.531975314164888025e-02
2.597999999999999865e+00,1.649475203662463585e+00,4.493301025789574882e-02,1.097349566680618088e-01
2.600000000000000089e+00,-1.243449787580175325e-14,7.364106562879493834e-02,1.049428587727237877e-01
2.601999999999999869e+00,1.648415447867867201e+00,1.819535896974339706e-01,1.162167637527246195e-01
2.604000000000000092e+00,-3.375077994860475883e-14,6.110551886797370436e-03,1.224513253066981527e-01
2.605999999999999872e+00,1.598721155460225418e-14,2.481326779844319486e-01,1.183485753313066324e-01
2.608000000000000096e+00,1.646825933083738036e+00,2.255465706047431462e-01,1.217108068876678745e-01
2.609999999999999876e+00,-8.881784197001252323e-14,3.024272307004211569e-01,7.404192655517106980e-02
2.612000000000000099e+00,1.243449787580175325e-14,2.981927924901887905e-02,1.102347548635565638e-01
2.613999999999999879e+00,-3.552713678800500929e-15,2.779153249122270214e-02,1.018333197288513875e-01
2.616000000000000103e+00,-5.861977570020826533e-14,1.665328497408270214e-01,9.923729209564703668e-02
2.617999999999999883e+00,-1.243449787580175325e-14,1.320545067158593877e-01,1.171009479081718818e-01
2.620000000000000107e+00,-2.664535259100375697e-14,3.672483064748925385e-01,1.101111450508716755e-01
2.621999999999999886e+00,2.664535259100375697e-14,1.529632055783940459e-01,1.031875758754389055e-01
2.624000000000000110e+00,-3.197442310920450836e-14,2.253867830885837031e-01,1.000828611945805829e-01
2.625999999999999890e+00,-7.105427357601001859e-14,1.686984970526604899e-01,1.250998464872360161e-01
2.628000000000000114e+00,1.641528780643776386e+00,2.043529196017387570e-02,1.196074822972111457e-01
2.629999999999999893e+00,8.881784197001252323e-15,8.802088010849618005e-02,1.181553768732730020e-01
2.632000000000000117e+00,3.019806626980425790e-14,7.343592433103160455e-02,1.336412247799801389e-01
2.633999999999999897e+00,1.639940067161106185e+00,2.374826663310182218e-01,1.000016096535149418e-01
2.636000000000000121e+00,1.243449787580175325e-14,2.659495479964416043e-01,1.033689603905291465e-01
2.637999999999999901e+00,-8.881784197001252323e-15,2.739094213579877923e-01,1.076725085278637944e-01
2.640000000000000124e+00,1.638351582012441909e+00,6.561064037353216138e-02,1.291704729708472998e-01
2.641999999999999904e+00,1.637822140478254695e+00,1.965112483598127624e-01,1.223390895065701173e-01
2.644000000000000128e+00,-1.776356839400250465e-15,8.423914340874524842e-02,1.189511694745853387e-01
2.645999999999999908e+00,1.636763341230336621e+00,1.177793349704223391e-01,1.195105755124996061e-01
2.648000000000000131e+00,2.486899575160350651e-14,1.566019119531724957e-01,1.113039392053442184e-01
2.649999999999999911e+00,1.635704657665581152e+00,2.721171084820879216e-01,9.686044132558076225e-02
2.652000000000000135e+00,1.635175360729794747e+00,9.316594902314448423e-02,1.103890536756655522e-01
2.653999999999999915e+00,-6.039613253960851580e-14,1.860128098818460696e-01,1.151996646757122711e-01
2.656000000000000139e+00,-8.881784197001252323e-15,2.682971475991446919e-01,1.112862332242098712e-01
2.657999999999999918e+00,-2.664535259100375697e-14,8.723372805521864559e-03,1.236990572333145633e-01
2.660000000000000142e+00,-4.973799150320701301e-14,1.212846902258537737e-02,1.165380579972567915e-01
2.661999999999999922e+00,-3.552713678800500929e-15,1.332849245603224403e-02,1.080879447607141497e-01
2.664000000000000146e+00,3.375077994860475883e-14,9.393561870811878434e-02,1.150125933497186392e-01
2.665999999999999925e+00,1.631471173624948534e+00,3.298882684414224942e-01,1.156655881481998688e-01
2.668000000000000149e+00,-6.217248937900876626e-14,1.799775529771065197e-01,1.230501915386072870e-01
2.669999999999999929e+00,1.630413138314819932e+00,4.117224359552788121e-02,1.255501201172398162e-01
2.672000000000000153e+00,1.629884174171646549e+00,5.608084977365251911e-02,1.133107841370094016e-01
2.673999999999999932e+00,1.776356839400250465e-14,5.012246511677651006e-02,1.236874389794436341e-01
2.676000000000000156e+00,1.628826355755599309e+00,1.208537292906302837e-02,1.126394750027314567e-01
2.677999999999999936e+00,8.881784197001252323e-15,3.026004648906093775e-01,9.955296150546498468e-02
2.680000000000000160e+00,1.598721155460225418e-14,3.754980435653659798e-02,9.412157652973303368e-02
2.681999999999999940e+00,2.309263891220325604e-14,8.422689619562181984e-02,1.159420656799315247e-01
2.684000000000000163e+00,-1.243449787580175325e-14,1.629815155225062540e-01,1.341531086503953973e-01
2.685999999999999943e+00,1.953992523340275511e-14,1.020934806200700234e-01,1.244001387318338231e-01
2.688000000000000167e+00,1.625653820180453124e+00,8.763306540514032017e-02,1.257097524207387851e-01
2.689999999999999947e+00,-3.375077994860475883e-14,9.074708035925227456e-02,1.084332278130415161e-01
2.692000000000000171e+00,2.842170943040400743e-14,3.022382914316772140e-03,1.116043788237582879e-01
2.693999999999999950e+00,-4.263256414560601115e-14,1.837469717803894842e-01,1.240670186081975490e-01
2.696000000000000174e+00,-3.197442310920450836e-14,6.553811505770588963e-02,1.221985794185344171e-01
2.697999999999999954e+00,1.623011161113765866e+00,2.498378214356550553e-01,1.106561097154469819e-01
2.700000000000000178e+00,1.776356839400250465e-15,9.100936921119123779e-02,1.126475240050635179e-01
2.701999999999999957e+00,-8.881784197001252323e-15,6.339757534017306795e-02,1.110582273881051962e-01
2.704000000000000181e+00,1.621426085722841748e+00,9.311094318295345951e-02,1.271774742744100073e-01
2.705999999999999961e+00,1.776356839400250465e-15,1.589350683074250148e-01,1.132949878488563183e-01
2.708000000000000185e+00,-5.329070518200751394e-14,1.558107867030814747e-02,1.150023233413319523e-01
2.709999999999999964e+00,-5.329070518200751394e-15,2.131999294778460508e-01,1.220544383853724157e-01
2.712000000000000188e+00,1.619313289306742121e+00,6.521694109262279881e-02,1.149003401280653119e-01
2.713999999999999968e+00,8.881784197001252323e-15,4.645854671294300658e-02,1.441032209440274714e-01
2.716000000000000192e+00,-8.881784197001252323e-15,2.494686343513866089e-01,1.063097122007072709e-01
2.717999999999999972e+00,3.375077994860475883e-14,1.615409155688429799e-01,1.184929399672875056e-01
2.720000000000000195e+00,-1.598721155460225418e-14,7.948231793929733113e-02,1.132279225953515128e-01
2.721999999999999975e+00,1.616673367069465073e+00,6.144155557405404054e-03,1.454934450872133189e-01
2.724000000000000199e+00,-4.618527782440651208e-14,1.087936133942228045e-01,1.237958262361173317e-01
2.725999999999999979e+00,-5.151434834260726348e-14,4.644047894754874811e-02,1.159019812543133632e-01
2.728000000000000203e+00,1.615090011935761183e+00,9.141712245968582062e-02,1.093819680866054411e-01
2.729999999999999982e+00,1.614562329789496431e+00,2.045687068182765189e-01,1.265579603789000196e-01
2.732000000000000206e+00,-7.105427357601001859e-15,7.601235390865825059e-02,1.172987921430059116e-01
2.733999999999999986e+00,-1.776356839400250465e-15,3.082768315815850521e-02,1.373704429662592486e-01
2.736000000000000210e+00,-4.440892098500626162e-14,2.027474604456079577e-01,1.083716339422693686e-01
2.737999999999999989e+00,-5.329070518200751394e-15,1.270402660706280995e-01,1.246205046069225469e-01
2.740000000000000213e+00,3.730349362740525976e-14,2.763309942988993462e-01,1.194846592314361133e-01
2.741999999999999993e+00,2.309263891220325604e-14,8.818755573898207079e-02,1.072238889251176941e-01
2.744000000000000217e+00,7.105427357601001859e-15,1.301422974693112466e-01,1.195405666323304111e-01
2.745999999999999996e+00,1.610342800669348762e+00,1.443111124430387360e-01,1.377194823318708683e-01
2.748000000000000220e+00,4.263256414560601115e-14,1.312356446270885463e-02,1.251266182280307560e-01
2.750000000000000000e+00,-2.309263891220325604e-14,1.294404318922107999e-01,1.312171429788578092e-01
2.752000000000000224e+00,1.608761395377962700e+00,2.276231995522993712e-01,1.285360782166025673e-01
2.754000000000000004e+00,1.608234375707986885e+00,2.010028929675967690e-01,1.149906750301146335e-01
2.756000000000000227e+00,5.329070518200751394e-15,3.694378404044865727e-01,1.070960684343993524e-01
2.758000000000000007e+00,-3.019806626980425790e-14,5.930636939118604477e-03,1.399305375830149634e-01
2.760000000000000231e+00,-3.019806626980425790e-14,2.937917369155059258e-02,1.309969420497504311e-01
2.762000000000000011e+00,1.606126887815525706e+00,2.934538251005349308e-03,1.299722674916063692e-01
2.764000000000000234e+00,-4.618527782440651208e-14,7.860439879648226102e-03,1.160737479938067362e-01
2.766000000000000014e+00,1.605073505461088956e+00,1.787168783168072428e-01,1.128891086300508467e-01
2.768000000000000238e+00,5.329070518200751394e-15,8.354520919299207593e-02,1.302690106654126601e-01
2.770000000000000018e+00,1.776356839400250465e-14,8.322757937789068694e-02,1.259779240831275515e-01
2.772000000000000242e+00,-3.197442310920450836e-14,6.828122991352172932e-02,1.154688833404250436e-01
2.774000000000000021e+00,-3.552713678800500929e-15,1.528492140060084548e-01,1.011615776875179201e-01
2.776000000000000245e+00,-8.881784197001252323e-15,8.405607844943596696e-02,1.409518658425873427e-01
2.778000000000000025e+00,-2.842170943040400743e-14,1.315485800868536614e-01,1.402753127800717425e-01
2.780000000000000249e+00,-5.329070518200751394e-15,3.648011192370094469e-02,1.287125143469028954e-01
2.782000000000000028e+00,-3.375077994860475883e-14,2.269402211261688229e-01,1.270946404255520745e-01
2.784000000000000252e+00,1.600336392526143570e+00,2.235637577866631670e-03,1.263711387023483679e-01
2.786000000000000032e+00,1.243449787580175325e-14,6.040126491356465066e-02,1.333886034154769529e-01
2.788000000000000256e+00,1.599284415065310938e+00,9.630003999198338827e-02,1.534982771177507421e-01
2.790000000000000036e+00,1.598758526696448357e+00,2.209705969569465689e-02,1.297739634154239097e-01
2.792000000000000259e+00,1.776356839400250465e-15,8.119000508593485210e-02,1.178831882653495478e-01
2.794000000000000039e+00,-2.664535259100375697e-14,2.044713478889888525e-01,1.197239503361301333e-01
2.796000000000000263e+00,-1.065814103640150279e-14,4.236609461910720298e-01,1.078838141432115344e-01
2.798000000000000043e+00,-4.085620730620576069e-14,1.233679619307262443e-01,1.309033861269005006e-01
2.800000000000000266e+00,-1.776356839400250465e-14,2.528913017269829866e-01,1.301794199525924400e-01
2.802000000000000046e+00,2.131628207280300558e-14,5.329364473645530065e-02,1.467798045573658339e-01
2.804000000000000270e+00,1.065814103640150279e-14,1.124981538706108508e-01,1.440441072346964890e-01
2.806000000000000050e+00,1.594553892591459743e+00,2.629287967197961595e-03,1.251293310105984491e-01
2.808000000000000274e+00,-2.664535259100375697e-14,2.479066081193151416e-01,1.250368471152318306e-01
2.810000000000000053e+00,1.421085471520200372e-14,2.079343461774676646e-02,1.303321853496619831e-01
2.812000000000000277e+00,-1.776356839400250465e-15,1.904567623413598032e-01,1.307744175788098928e-01
2.814000000000000057e+00,-1.598721155460225418e-14,5.980236234329838751e-02,1.276374035523596406e-01
2.815999999999999837e+00,-8.348877145181177184e-14,1.766869384911445851e-01,1.235759214400042189e-01
2.818000000000000060e+00,1.591403402912535014e+00,1.670516477416322254e-01,1.153579666632610912e-01
2.819999999999999840e+00,-2.309263891220325604e-14,1.284865149868464618e-01,1.195575126601457622e-01
2.822000000000000064e+00,1.421085471520200372e-14,2.665257430704876321e-02,1.446596124009507656e-01
2.823999999999999844e+00,8.881784197001252323e-15,1.059962056119633789e-01,1.100779364319697945e-01
2.826000000000000068e+00,1.589304555234754446e+00,1.908483663892065335e-02,1.287913816605907036e-01
2.827999999999999847e+00,1.588780032453348312e+00,9.872730498087826934e-02,1.319612664407543434e-01
2.830000000000000071e+00,8.881784197001252323e-15,3.539590781896889693e-02,1.199775463919381391e-01
2.831999999999999851e+00,3.907985046680551022e-14,1.273545826313535745e-01,1.234859168538844643e-01
2.834000000000000075e+00,-4.618527782440651208e-14,2.950448211863558323e-01,1.136080331122925058e-01
2.835999999999999854e+00,7.105427357601001859e-15,2.471863965800794594e-01,1.098236496364763393e-01
2.838000000000000078e+00,1.586158576522171515e+00,4.237720241224464668e-01,1.051837753359456812e-01
2.839999999999999858e+00,1.585634520147024773e+00,1.139419578157528090e-01,1.072326860069511834e-01
2.842000000000000082e+00,1.585110543108189773e+00,3.128050513698437674e-01,1.143663740075903518e-01
2.843999999999999861e+00,-3.197442310920450836e-14,1.167255676926209074e-01,1.332609020626568108e-01
2.846000000000000085e+00,1.776356839400250465e-14,1.213144776977524188e-02,1.522566620804637894e-01
2.847999999999999865e+00,1.583539092546287108e+00,1.294821795625562214e-04,1.145409298838968581e-01
2.850000000000000089e+00,-1.776356839400250465e-15,1.119363439886411071e-01,1.418774629698436318e-01
2.851999999999999869e+00,-1.065814103640150279e-14,1.578742366374021044e-01,1.345813260731538452e-01
2.854000000000000092e+00,1.581968372289413338e+00,5.186852867318413052e-02,1.354935552257992559e-01
2.855999999999999872e+00,1.581444963253716196e+00,7.186502158464334877e-02,1.404621903191670684e-01
2.858000000000000096e+00,-3.019806626980425790e-14,1.561797335664302788e-01,1.350808078442791160e-01
2.859999999999999876e+00,1.243449787580175325e-14,1.691993501711288456e-02,1.242246019884795244e-01
2.862000000000000099e+00,1.579875235532169242e+00,1.289984466555540443e-01,1.215987509533444783e-01
2.863999999999999879e+00,1.579352160896378976e+00,1.523047803464617767e-01,1.266103457394839316e-01
2.866000000000000103e+00,0.000000000000000000e+00,1.335948571247269068e-01,1.514192942983743906e-01
2.867999999999999883e+00,2.131628207280300558e-14,2.678010060479834586e-01,1.299425089294848346e-01
2.870000000000000107e+00,2.131628207280300558e-14,6.566675461138321568e-02,1.286033082754035328e-01
2.871999999999999886e+00,1.776356839400250465e-15,5.208274967577041642e-02,1.218158002495254993e-01
2.874000000000000110e+00,-1.953992523340275511e-14,2.132911886381804178e-01,1.434786316821874130e-01
2.875999999999999890e+00,-1.065814103640150279e-14,2.955731604851943861e-01,1.065931413310634290e-01
2.878000000000000114e+00,0.000000000000000000e+00,1.986052190791597338e-01,1.341761133087227553e-01
2.879999999999999893e+00,-1.776356839400250465e-14,8.851213265924556817e-02,1.199016570352912509e-01
2.882000000000000117e+00,8.881784197001252323e-15,3.909497108120834064e-01,1.192705223558792743e-01
2.883999999999999897e+00,-6.750155989720951766e-14,3.094329415584299442e-02,1.137119650785245323e-01
2.886000000000000121e+00,-3.552713678800500929e-14,6.011469681343729887e-02,1.447880986292799654e-01
2.887999999999999901e+00,2.309263891220325604e-14,3.495548286130953364e-02,1.271268989564164897e-01
2.890000000000000124e+00,-3.907985046680551022e-14,2.169504290870387653e-01,1.250583494606261892e-01
2.891999999999999904e+00,7.105427357601001859e-15,1.640115774624990586e-01,1.293494791101514607e-01
2.894000000000000128e+00,-1.598721155460225418e-14,1.287265126922005308e-02,1.550259938251259684e-01
2.895999999999999908e+00,1.570994782085433528e+00,8.330280145789253909e-02,1.224773771633251296e-01
2.898000000000000131e+00,1.570473206287609003e+00,9.517630028678762677e-02,1.235122117720420798e-01
2.899999999999999911e+00,-7.105427357601001859e-15,3.487896910389849670e-02,1.483516782616333407e-01
2.902000000000000135e+00,5.329070518200751394e-15,6.757803552238164646e-02,1.252177047382110053e-01
2.903999999999999915e+00,4.085620730620576069e-14,2.926142146379251963e-01,1.288286883954289641e-01
2.906000000000000139e+00,3.552713678800500929e-15,1.188094927034764048e-01,1.250959306443210628e-01
2.907999999999999918e+00,2.309263891220325604e-14,6.870800475415915487e-02,1.120367559897129522e-01
2.910000000000000142e+00,-1.953992523340275511e-14,3.303959846169236547e-01,1.205952087553513047e-01
2.911999999999999922e+00,1.566824775015136950e+00,2.483093373953695615e-01,1.103985523613237874e-01
2.914000000000000146e+00,-2.842170943040400743e-14,6.539622017191423775e-02,1.380737112317296789e-01
2.915999999999999925e+00,-3.019806626980425790e-14,1.941316946493184398e-02,1.462320750825359394e-01
2.918000000000000149e+00,5.329070518200751394e-15,6.002642471853422701e-02,1.400041367325949304e-01
2.919999999999999929e+00,-4.618527782440651208e-14,2.250091226221809793e-01,1.340718387075600371e-01
2.922000000000000153e+00,1.065814103640150279e-14,1.000617963140050248e-01,1.344128022818343315e-01
2.923999999999999932e+00,-1.065814103640150279e-14,7.590980985486085741e-02,1.493327157216260137e-01
2.926000000000000156e+00,-2.309263891220325604e-14,1.594659676475077559e-01,1.134761996153835495e-01
2.927999999999999936e+00,1.562660841158361791e+00,1.927675338108127689e-01,1.428634729335339915e-01
2.930000000000000160e+00,1.562140786838789097e+00,1.278081370113473003e-01,1.301408692731524930e-01
2.931999999999999940e+00,5.329070518200751394e-15,1.095322338254788586e-01,1.532727347856249200e-01
2.934000000000000163e+00,-3.019806626980425790e-14,2.469727407565899258e-01,1.255427119509253120e-01
2.935999999999999943e+00,1.560581216731248944e+00,4.162887334776367299e-01,1.253163716527089522e-01
2.938000000000000167e+00,8.881784197001252323e-15,7.372289974485946029e-02,1.171246487802624081e-01
2.939999999999999947e+00,-5.861977570020826533e-14,1.230516463571235120e-02,1.287093668320354600e-01
2.942000000000000171e+00,-3.375077994860475883e-14,2.923578827190317225e-02,1.562946326915551076e-01
2.943999999999999950e+00,3.552713678800500929e-15,2.110286195139429721e-01,1.430665625260516827e-01
2.946000000000000174e+00,-8.881784197001252323e-15,1.745629647470521573e-01,1.339304031165683695e-01
2.947999999999999954e+00,1.557464779992367099e+00,2.097188455658687833e-01,1.364985561107297796e-01
2.950000000000000178e+00,1.243449787580175325e-14,5.717224661032726737e-03,1.345588999297605837e-01
2.951999999999999957e+00,-7.105427357601001859e-15,2.332941321697523107e-01,1.171036911584423384e-01
2.954000000000000181e+00,-6.217248937900876626e-14,2.468574940790686095e-02,1.385318051074954648e-01
2.955999999999999961e+00,1.555389192042174074e+00,2.408776056243657621e-02,1.402973531771518623e-01
2.958000000000000185e+00,8.881784197001252323e-15,1.259772043800913011e-01,1.217966788950238105e-01
2.959999999999999964e+00,1.776356839400250465e-15,2.233847657623852789e-01,1.367656775302154570e-01
2.962000000000000188e+00,1.553833587882987644e+00,2.246269160502686602e-01,1.387359894110157810e-01
2.963999999999999968e+00,3.907985046680551022e-14,3.530729424425441826e-02,1.422151021538808069e-01
2.966000000000000192e+00,1.552797041711615478e+00,1.398912145572261123e-01,1.246228639061915389e-01
2.967999999999999972e+00,1.598721155460225418e-14,2.482035679119408977e-01,1.358425471722018718e-01
2.970000000000000195e+00,1.551760917697997400e+00,7.210740040712569632e-02,1.332359802464844756e-01
2.971999999999999975e+00,-3.552713678800500929e-15,8.548806515303446207e-02,1.283840916081756267e-01
2.974000000000000199e+00,1.421085471520200372e-14,3.213307370888530967e-02,1.095375765978045535e-01
2.975999999999999979e+00,-1.776356839400250465e-15,2.047993291983136177e-01,1.117734567278498292e-01
2.978000000000000203e+00,1.549689948190859923e+00,6.412791146686293298e-02,1.457447148317163044e-01
2.979999999999999982e+00,-1.598721155460225418e-14,1.312732922701919380e-01,1.187463908557447323e-01
2.982000000000000206e+00,-7.105427357601001859e-15,1.263416365331206381e-01,1.120379626074794466e-01
2.983999999999999986e+00,5.329070518200751394e-15,6.323651797728577217e-02,1.514657813270072761e-01
2.986000000000000210e+00,4.618527782440651208e-14,1.569415968240039649e-01,1.309229628286284197e-01
2.987999999999999989e+00,-4.973799150320701301e-14,2.483203438775816521e-02,1.431385354489650430e-01
2.990000000000000213e+00,-1.776356839400250465e-15,1.460948095369661581e-01,1.254163580201494987e-01
2.991999999999999993e+00,1.546069915558998531e+00,3.151456617052733090e-03,1.320700576817817884e-01
2.994000000000000217e+00,1.545553206554425074e+00,2.340473822026348794e-01,1.403149527502041971e-01
2.995999999999999996e+00,-3.552713678800500929e-15,3.683901787162480179e-02,1.463949007673372160e-01
2.998000000000000220e+00,8.881784197001252323e-15,1.727298030439213539e-01,1.315651811869860965e-01
3.000000000000000000e+00,2.664535259100375697e-14,8.611844214926761554e-02,1.382588072909254062e-01
