# delta,gap,coarse,fine
0.000000000000000000e+00,2.635674490391535230e+00,1.466383438286642282e-17,3.558911604003915374e-01
2.000000000000000042e-03,2.634361357577530427e+00,1.399046965957888040e-17,3.557451447075463125e-01
4.000000000000000083e-03,2.633043191233637614e+00,3.210890144804239010e-18,3.555986737889818561e-01
6.000000000000000125e-03,2.639614868882627974e+00,1.736586948460766555e-17,3.554517466897532674e-01
8.000000000000000167e-03,2.630391744420323974e+00,7.462360265310385987e-18,3.553043624563925196e-01
1.000000000000000021e-02,2.629058457488337552e+00,5.580253056511330634e-18,3.551565201369386027e-01
1.200000000000000025e-02,2.627720124102546961e+00,5.122855264994008451e-18,3.550082187809782686e-01
1.400000000000000029e-02,2.626376741339836229e+00,2.656295322589485863e-18,3.548594574396750079e-01
1.600000000000000033e-02,2.625028306401800293e+00,5.793705359219414319e-18,3.547102351658123487e-01
1.800000000000000211e-02,2.647546893494789444e+00,1.334585111693875614e-17,3.545605510138168937e-01
2.000000000000000042e-02,2.622316269431800961e+00,9.833655470928401483e-18,3.544104040398091682e-01
2.199999999999999872e-02,2.620952662431282221e+00,1.037022437323439905e-17,3.542597933016264911e-01
2.400000000000000050e-02,2.619583993319448467e+00,1.029314437503425772e-17,3.541087178588676054e-01
2.600000000000000228e-02,2.618210259929865558e+00,9.007348361102229806e-18,3.539571767729234875e-01
2.800000000000000058e-02,2.616831460224744887e+00,3.493163874476734598e-18,3.538051691070155380e-01
2.999999999999999889e-02,2.615447592295122803e+00,8.765096938187499909e-18,3.536526939262383817e-01
3.200000000000000067e-02,2.614058654361409495e+00,1.609362599783170644e-20,3.534997502975855688e-01
3.400000000000000244e-02,2.612664644774351785e+00,9.002266163418704004e-18,3.533463372899970922e-01
3.600000000000000422e-02,2.611265562015445241e+00,2.168404344971008868e-18,3.531924539743907521e-01
3.799999999999999906e-02,2.609861404697154441e+00,6.722053469410127491e-18,3.530380994237024006e-01
4.000000000000000083e-02,2.608452171564156430e+00,1.540922337645023177e-17,3.528832727129223579e-01
4.200000000000000261e-02,2.607037861493376241e+00,9.490157141037180999e-18,3.527279729191368229e-01
4.399999999999999745e-02,2.605618473494606846e+00,2.744386749103933099e-18,3.525721991215626794e-01
4.599999999999999922e-02,2.604194006711413323e+00,7.928228386300251174e-19,3.524159504015894062e-01
4.800000000000000100e-02,2.602764460420896597e+00,3.754050022231059103e-18,3.522592258428104972e-01
5.000000000000000278e-02,2.601329834035190913e+00,2.051937314723542571e-19,3.521020245310768071e-01
5.200000000000000455e-02,2.599890127100952242e+00,1.085218612022209594e-17,3.519443455545186450e-01
5.399999999999999939e-02,2.598445339300917922e+00,8.063753657860939228e-18,3.517861880035984545e-01
5.600000000000000117e-02,2.596995470453364874e+00,6.071532165918824830e-18,3.516275509711478398e-01
5.800000000000000294e-02,2.595540520513242910e+00,1.054090151210614057e-17,3.514684335524003167e-01
5.999999999999999778e-02,2.594080489572579751e+00,6.576363802482387833e-18,3.513088348450401077e-01
6.199999999999999956e-02,2.592615377860614245e+00,5.536207343254107016e-18,3.511487539492418319e-01
6.400000000000000133e-02,2.591145185744514023e+00,1.065906260824811547e-17,3.509881899677027017e-01
6.600000000000000311e-02,2.589669913729830242e+00,1.332298122736289003e-17,3.508271420056957579e-01
6.800000000000000488e-02,2.588189562460611270e+00,3.089976191583687637e-18,3.506656091710982914e-01
7.000000000000000666e-02,2.586704132720271332e+00,2.051513798249915421e-18,3.505035905744470770e-01
7.200000000000000844e-02,2.585213625431556750e+00,2.005774019098183203e-17,3.503410853289681826e-01
7.399999999999999634e-02,2.583718041657430575e+00,3.876022766635678352e-18,3.501780925506239317e-01
7.599999999999999811e-02,2.582217382600816791e+00,1.497893063924504720e-17,3.500146113581534268e-01
7.799999999999999989e-02,2.580711649605433422e+00,2.656718839063113013e-18,3.498506408731174577e-01
8.000000000000000167e-02,2.579200844156217087e+00,8.538092108323347418e-18,3.496861802199377478e-01
8.200000000000000344e-02,2.577684967879299904e+00,4.607859233063393845e-18,3.495212285259420848e-01
8.400000000000000522e-02,2.576164022542567267e+00,4.038653092508504017e-18,3.493557849214068978e-01
8.600000000000000699e-02,2.574638010055869231e+00,2.185345003916094875e-18,3.491898485395957819e-01
8.799999999999999489e-02,2.573106932471633357e+00,4.756937031780150704e-18,3.490234185168133996e-01
8.999999999999999667e-02,2.571570791984745696e+00,1.029992063861229212e-18,3.488564939924365671e-01
9.199999999999999845e-02,2.570029590933188501e+00,2.203979728755689482e-18,3.486890741089689882e-01
9.400000000000000022e-02,2.568483331798107727e+00,8.673617379884035472e-19,3.485211580120760044e-01
9.600000000000000200e-02,2.566932017204138106e+00,1.572093150103981429e-17,3.483527448506373303e-01
9.800000000000000377e-02,2.565375649919685586e+00,1.043544591017298018e-17,3.481838337767863001e-01
1.000000000000000056e-01,2.563814232857149378e+00,2.043721095135175858e-17,3.480144239459537214e-01
1.020000000000000073e-01,2.562247769073255910e+00,4.878909776184769953e-18,3.478445145169187236e-01
1.040000000000000091e-01,2.560676261769081918e+00,1.232941158023359574e-17,3.476741046518501133e-01
1.059999999999999970e-01,2.559099714290320904e+00,1.138412281109779656e-18,3.475031935163482300e-01
1.079999999999999988e-01,2.557518130127689915e+00,4.553649124439118623e-18,3.473317802794962383e-01
1.100000000000000006e-01,2.555931512916778559e+00,1.496198998029996119e-17,3.471598641139055919e-01
1.120000000000000023e-01,2.554339866438541051e+00,1.594708929795671248e-17,3.469874441957581657e-01
1.140000000000000041e-01,2.552743194619200295e+00,1.014533712573838231e-17,3.468145197048584927e-01
1.160000000000000059e-01,2.551141501530612032e+00,1.065228634467008106e-17,3.466410898246723438e-01
1.180000000000000077e-01,2.549534791390160038e+00,2.083023423887775394e-17,3.464671537423783532e-01
1.199999999999999956e-01,2.547923068561074089e+00,1.193977642449661758e-17,3.462927106489194218e-01
1.219999999999999973e-01,2.546306337552493915e+00,3.397449151436998660e-18,3.461177597390368565e-01
1.239999999999999991e-01,2.544684603019534919e+00,2.547875105340935420e-18,3.459423002113328205e-01
1.260000000000000009e-01,2.543057869763384105e+00,2.317482143687765728e-18,3.457663312683066370e-01
1.280000000000000027e-01,2.541426142731356919e+00,5.285485590866834116e-19,3.455898521164088577e-01
1.300000000000000044e-01,2.539789427017113965e+00,3.089976191583687637e-18,3.454128619660858379e-01
1.320000000000000062e-01,2.538147727860376790e+00,9.806947463310289326e-18,3.452353600318290860e-01
1.340000000000000080e-01,2.536501050647313349e+00,2.046431600566389619e-18,3.450573455322271110e-01
1.360000000000000098e-01,2.534849400910415440e+00,6.396754353765992445e-18,3.448788176900052793e-01
1.380000000000000115e-01,2.533192784328310410e+00,6.234162491791650496e-18,3.446997757320846012e-01
1.400000000000000133e-01,2.531531206726290506e+00,1.900064307280846521e-17,3.445202188896252515e-01
1.420000000000000151e-01,2.529864674075632536e+00,5.746271514173173500e-18,3.443401463980769739e-01
1.440000000000000169e-01,2.528193192494127217e+00,1.235995108844905352e-17,3.441595574972279858e-01
1.459999999999999909e-01,2.526516768245789635e+00,1.612750731572187846e-17,3.439784514312556607e-01
1.479999999999999927e-01,2.524835407740678050e+00,9.974659986866640793e-18,3.437968274487770426e-01
1.499999999999999944e-01,2.523149117535131936e+00,9.161508357502512467e-18,3.436146848028958645e-01
1.519999999999999962e-01,2.521457904331562361e+00,3.699839913606783881e-18,3.434320227512573931e-01
1.539999999999999980e-01,2.519761774978308111e+00,1.829591166069288732e-19,3.432488405560940592e-01
1.559999999999999998e-01,2.518060736469504235e+00,9.825582188149883933e-18,3.430651374842798584e-01
1.580000000000000016e-01,2.516354795945144218e+00,3.231854210248782944e-18,3.428809128073797008e-01
1.600000000000000033e-01,2.514643960690747804e+00,1.731692686212412801e-18,3.426961658017008139e-01
1.620000000000000051e-01,2.512928238137448034e+00,4.101333530605322242e-18,3.425108957483448124e-01
1.640000000000000069e-01,2.511207635861543608e+00,7.318364664277154930e-18,3.423251019332562151e-01
1.660000000000000087e-01,2.509482161584623228e+00,1.404041813368728242e-17,3.421387836472775668e-01
1.680000000000000104e-01,2.507751823173160588e+00,1.137417017396755853e-17,3.419519401861992880e-01
1.700000000000000122e-01,2.506016628638588983e+00,6.901624454228039163e-18,3.417645708508160185e-01
1.720000000000000140e-01,2.504276586136835903e+00,3.618524750670371048e-18,3.415766749469689167e-01
1.740000000000000158e-01,2.502531703968067234e+00,2.725582617674887631e-17,3.413882517856111076e-01
1.759999999999999898e-01,2.500781990576916414e+00,5.529431079676072613e-18,3.411993006828489272e-01
1.779999999999999916e-01,2.499027454551622895e+00,1.302270804756124056e-17,3.410098209600020969e-01
1.799999999999999933e-01,2.497268104624183138e+00,1.168227840853131028e-17,3.408198119436534057e-01
1.819999999999999951e-01,2.495503949670153432e+00,1.523981678699937170e-17,3.406292729657030005e-01
1.839999999999999969e-01,2.493734998707838102e+00,1.626303258728256651e-19,3.404382033634235638e-01
1.859999999999999987e-01,2.491961260898767350e+00,1.387778780781445676e-17,3.402466024795073318e-01
1.880000000000000004e-01,2.490182745546679399e+00,1.192622389734054877e-18,3.400544696621266572e-01
1.900000000000000022e-01,2.488399462097813597e+00,2.425902360936316171e-18,3.398618042649895199e-01
1.920000000000000040e-01,2.486611420139917428e+00,1.544988095791843818e-18,3.396686056473832704e-01
1.940000000000000058e-01,2.484818629402568035e+00,5.996993266560446401e-18,3.394748731742381898e-01
1.960000000000000075e-01,2.483021099756509642e+00,3.279711571768650913e-18,3.392806062161821123e-01
1.980000000000000093e-01,2.481218841213181037e+00,3.747273758653024700e-18,3.390858041495873887e-01
2.000000000000000111e-01,2.479411863924598336e+00,6.820309291291626330e-18,3.388904663566344455e-01
2.020000000000000129e-01,2.477600178182754576e+00,4.174178364069192071e-18,3.386945922253593588e-01
2.040000000000000147e-01,2.475783794419431416e+00,6.505213034913026604e-18,3.384981811497139725e-01
2.060000000000000164e-01,2.473962723205509917e+00,3.632077277826439854e-18,3.383012325296199663e-01
2.080000000000000182e-01,2.472136975250897706e+00,7.345469718589292540e-18,3.381037457710257543e-01
2.099999999999999922e-01,2.470306561403594614e+00,9.053088140253962024e-18,3.379057202859552800e-01
2.119999999999999940e-01,2.468471492649978671e+00,1.455541416561789703e-17,3.377071554925730745e-01
2.139999999999999958e-01,2.466631780113614170e+00,1.322726650432315409e-17,3.375080508152360492e-01
2.159999999999999976e-01,2.464787435055191267e+00,3.035766082959412415e-18,3.373084056845480072e-01
2.179999999999999993e-01,2.462938468871952225e+00,5.786929095641379917e-18,3.371082195374178747e-01
2.200000000000000011e-01,2.461084893097226001e+00,5.041540102057595618e-18,3.369074918171175437e-01
2.220000000000000029e-01,2.459226719399886463e+00,2.764715539838036307e-18,3.367062219733324979e-01
2.240000000000000047e-01,2.457363959583899415e+00,2.926498832763607671e-18,3.365044094622270943e-01
2.260000000000000064e-01,2.455496625587622717e+00,3.903127820947815962e-18,3.363020537464958548e-01
2.280000000000000082e-01,2.453624729483555811e+00,1.116728237660069567e-17,3.360991542954204769e-01
2.300000000000000100e-01,2.451748283477447998e+00,4.972295158619556565e-18,3.358957105849282310e-01
2.320000000000000118e-01,2.449867299908268237e+00,3.523657060577889411e-18,3.356917220976510796e-01
2.340000000000000135e-01,2.447981791246830241e+00,1.951563910473907981e-18,3.354871883229793017e-01
2.360000000000000153e-01,2.446091770096129991e+00,7.169286865560398070e-18,3.352821087571249414e-01
2.380000000000000171e-01,2.444197249190006360e+00,3.967502324939142788e-18,3.350764829031681047e-01
2.399999999999999911e-01,2.442298241393052294e+00,1.132991270247352134e-17,3.348703102711300672e-01
2.419999999999999929e-01,2.440394759699712424e+00,5.421010862427522170e-19,3.346635903780193488e-01
2.439999999999999947e-01,2.438486817233744830e+00,6.884683795282953156e-18,3.344563227478957179e-01
2.459999999999999964e-01,2.436574427247466090e+00,2.080312918456561633e-18,3.342485069119249252e-01
2.479999999999999982e-01,2.434657603121580749e+00,6.830473686658677934e-18,3.340401424084400994e-01
2.500000000000000000e-01,2.432736358363980500e+00,1.680513367352531873e-18,3.338312287830008107e-01
2.520000000000000018e-01,2.430810706609189964e+00,9.107298248878237246e-18,3.336217655884454181e-01
2.540000000000000036e-01,2.428880661617952796e+00,4.811147140404425926e-18,3.334117523849581821e-01
2.560000000000000053e-01,2.426946237276453644e+00,4.987329993433320396e-18,3.332011887401217787e-01
2.580000000000000071e-01,2.425007447595470822e+00,1.078781161623076912e-17,3.329900742289783055e-01
2.600000000000000089e-01,2.423064306709747484e+00,6.179952383167375274e-18,3.327784084340923432e-01
2.620000000000000107e-01,2.421116828877515559e+00,5.637851296924623057e-18,3.325661909456030796e-01
2.640000000000000124e-01,2.419165028479334012e+00,6.451002926288751382e-18,3.323534213612854282e-01
2.660000000000000142e-01,2.417208920017831275e+00,1.558540622947912624e-19,3.321400992866138657e-01
2.680000000000000160e-01,2.415248518116626997e+00,3.577867169202164632e-18,3.319262243348183872e-01
2.700000000000000178e-01,2.413283837519704988e+00,4.770489558936219510e-18,3.317117961269439586e-01
2.720000000000000195e-01,2.411314893090802158e+00,1.732012970545593333e-17,3.314968142919114680e-01
2.740000000000000213e-01,2.409341699812353355e+00,1.794354595463509838e-17,3.312812784665729593e-01
2.760000000000000231e-01,2.407364272785002868e+00,9.432558900623888576e-18,3.310651882957813541e-01
2.780000000000000249e-01,2.405382627226682501e+00,2.005774019098183203e-18,3.308485434324392460e-01
2.800000000000000266e-01,2.403396778471776685e+00,3.089976191583687637e-18,3.306313435375677345e-01
2.820000000000000284e-01,2.401406741970491865e+00,5.908901840045999165e-18,3.304135882803595492e-01
2.840000000000000302e-01,2.399412533287947014e+00,1.550917326422623921e-17,3.301952773382445527e-01
2.860000000000000320e-01,2.397414168103322751e+00,4.391018798566292958e-18,3.299764103969459184e-01
2.880000000000000338e-01,2.395411662209196990e+00,8.185726402265558477e-18,3.297569871505421357e-01
2.899999999999999800e-01,2.393405031510431158e+00,6.559423143537301826e-18,3.295370073015324031e-01
2.919999999999999818e-01,2.391394292023838020e+00,6.098637220230962441e-18,3.293164705608838672e-01
2.939999999999999836e-01,2.389379459876730394e+00,5.881796785733861554e-18,3.290953766481091725e-01
2.959999999999999853e-01,2.387360551306548118e+00,1.192622389734054877e-18,3.288737252913108144e-01
2.979999999999999871e-01,2.385337582659794009e+00,2.114194236346733646e-18,3.286515162272555246e-01
2.999999999999999889e-01,2.383310570391047989e+00,4.170790232280174870e-18,3.284287492014231757e-01
3.019999999999999907e-01,2.381279531062608257e+00,7.806255641895631925e-18,3.282054239680763930e-01
3.039999999999999925e-01,2.379244481342935202e+00,1.095044194210359478e-17,3.279815402903191734e-01
3.059999999999999942e-01,2.377205438006283700e+00,1.474197317225065668e-17,3.277570979401502327e-01
3.079999999999999960e-01,2.375162417931456105e+00,9.486769009248163798e-18,3.275320966985383886e-01
3.099999999999999978e-01,2.373115438101262242e+00,1.402178340884768781e-17,3.273065363554696350e-01
3.119999999999999996e-01,2.371064515601370104e+00,3.848917712323540741e-18,3.270804167100148097e-01
3.140000000000000013e-01,2.369009667619392800e+00,7.803502784817055449e-18,3.268537375703893244e-01
3.160000000000000031e-01,2.366950911444130057e+00,1.864827736675067626e-17,3.266264987540169473e-01
3.180000000000000049e-01,2.364888264464552137e+00,8.395790573184624961e-18,3.263987000875823719e-01
3.200000000000000067e-01,2.362821744168803306e+00,3.469446951953614189e-18,3.261703414071031037e-01
3.220000000000000084e-01,2.360751368143580109e+00,1.062518129035794345e-17,3.259414225579840285e-01
3.240000000000000102e-01,2.358677154072662319e+00,3.632077277826439854e-18,3.257119433950782517e-01
3.260000000000000120e-01,2.356599119736422665e+00,2.927345865710861972e-18,3.254819037827511030e-01
3.280000000000000138e-01,2.354517283010853390e+00,1.409462824231155764e-18,3.252513035949395337e-01
3.300000000000000155e-01,2.352431661866345891e+00,4.716279450311944288e-18,3.250201427152145661e-01
3.320000000000000173e-01,2.350342274366918005e+00,7.047314121155778821e-18,3.247884210368398583e-01
3.340000000000000191e-01,2.348249138669171288e+00,1.597842951700512160e-17,3.245561384628356527e-01
3.360000000000000209e-01,2.346152273021559154e+00,8.890457814381136359e-18,3.243232949060372294e-01
3.380000000000000226e-01,2.344051695763198495e+00,6.396792817664476161e-18,3.240898902891576894e-01
3.400000000000000244e-01,2.341947425322556953e+00,4.621411760219462650e-18,3.238559245448508483e-01
3.420000000000000262e-01,2.339839480217342782e+00,1.936317317423330575e-18,3.236213976157680250e-01
3.440000000000000280e-01,2.337727879052845736e+00,6.207057437479512885e-18,3.233863094546204353e-01
3.460000000000000298e-01,2.335612640521048888e+00,6.071532165918824830e-18,3.231506600242426419e-01
3.480000000000000315e-01,2.333493783399820387e+00,1.057097118173366823e-17,3.229144492976518399e-01
3.500000000000000333e-01,2.331371326551716194e+00,1.807907122619578644e-17,3.226776772581061437e-01
3.519999999999999796e-01,2.329245288923219803e+00,1.409462824231155764e-18,3.224403438991734760e-01
3.539999999999999813e-01,2.327115689543637345e+00,1.225148454908620010e-17,3.222024492247814176e-01
3.559999999999999831e-01,2.324982547523759990e+00,7.828278498524243734e-18,3.219639932492882606e-01
3.579999999999999849e-01,2.322845882055574407e+00,4.987329993433320396e-18,3.217249759975364665e-01
3.599999999999999867e-01,2.320705712410539689e+00,1.233279971202261294e-17,3.214853975049179469e-01
3.619999999999999885e-01,2.318562057939022480e+00,2.601934667093725991e-18,3.212452578174302964e-01
3.639999999999999902e-01,2.316414938069083718e+00,2.276824562219559311e-18,3.210045569917466812e-01
3.659999999999999920e-01,2.314264372305514073e+00,4.662069341687669066e-18,3.207632950952619688e-01
3.679999999999999938e-01,2.312110380228768136e+00,2.791820594150173918e-18,3.205214722061668908e-01
3.699999999999999956e-01,2.309952981494024726e+00,6.132518538121134455e-19,3.202790884134993910e-01
3.719999999999999973e-01,2.307792195830113968e+00,5.746271514173173500e-18,3.200361438172115713e-01
3.739999999999999991e-01,2.305628043038550956e+00,3.794707603699265519e-19,3.197926385282255923e-01
3.760000000000000009e-01,2.303460542992336713e+00,1.084216730864285367e-17,3.195485726684924588e-01
3.780000000000000027e-01,2.301289715635025601e+00,6.884683795282953156e-18,3.193039463710584669e-01
3.800000000000000044e-01,2.299115580979945506e+00,8.673617379884035472e-18,3.190587597801214370e-01
3.820000000000000062e-01,2.296938159108544042e+00,4.716279450311944288e-18,3.188130130510875571e-01
3.840000000000000080e-01,2.294757470170045721e+00,1.192622389734054877e-17,3.185667063506396057e-01
3.860000000000000098e-01,2.292573534379979350e+00,1.951563910473907981e-18,3.183198398567866905e-01
3.880000000000000115e-01,2.290386372019224126e+00,9.771372079525608711e-18,3.180724137589318601e-01
3.900000000000000133e-01,2.288196003433119685e+00,1.138412281109779656e-17,3.178244282579267832e-01
3.920000000000000151e-01,2.286002449030101857e+00,7.480994990149980595e-18,3.175758835661345869e-01
3.940000000000000169e-01,2.283805729281134234e+00,3.686922661161155801e-18,3.173267799074853124e-01
3.960000000000000187e-01,2.281605864718219578e+00,2.397526757203297110e-18,3.170771175175399748e-01
3.980000000000000204e-01,2.279402875933635997e+00,2.515687853345272007e-18,3.168268966435447975e-01
4.000000000000000222e-01,2.277196783578796513e+00,2.710505431213761085e-18,3.165761175444952169e-01
4.020000000000000240e-01,2.274987608363034042e+00,4.770489558936219510e-18,3.163247804911865635e-01
4.040000000000000258e-01,2.272775371053027627e+00,8.592302216947622640e-18,3.160728857662851166e-01
4.060000000000000275e-01,2.270560092471116675e+00,5.312590645178971727e-18,3.158204336643718468e-01
4.080000000000000293e-01,2.268341793494917269e+00,7.724940478959219092e-19,3.155674244920150251e-01
4.100000000000000311e-01,2.266120495055830020e+00,9.269928574751062911e-18,3.153138585678156858e-01
4.120000000000000329e-01,2.263896218138171434e+00,2.154851817814940063e-18,3.150597362224782927e-01
4.140000000000000346e-01,2.261668983777923359e+00,3.252606517456513302e-18,3.148050577988541487e-01
4.160000000000000364e-01,2.259438813062050855e+00,1.734670536417603701e-18,3.145498236520162805e-01
4.179999999999999827e-01,2.257205727127203687e+00,6.179952383167375274e-18,3.142940341493001277e-01
4.199999999999999845e-01,2.254969747158755311e+00,5.692061405548898279e-19,3.140376896703738208e-01
4.219999999999999862e-01,2.252730894389731731e+00,5.963111948670274387e-19,3.137807906072851427e-01
4.239999999999999880e-01,2.250489190099710157e+00,6.451002926288751382e-18,3.135233373645297528e-01
4.259999999999999898e-01,2.248244655613993004e+00,4.445228907190568179e-18,3.132653303590953175e-01
4.279999999999999916e-01,2.245997312302279170e+00,9.757819552369539906e-19,3.130067700205290682e-01
4.299999999999999933e-01,2.243747181578038763e+00,1.409462824231155764e-18,3.127476567909907024e-01
4.319999999999999951e-01,2.241494284896784706e+00,1.027281558430015451e-17,3.124879911253035103e-01
4.339999999999999969e-01,2.239238643755927072e+00,1.965116437629976787e-17,3.122277734910186564e-01
4.359999999999999987e-01,2.236980279693032259e+00,1.409462824231155764e-17,3.119670043684665273e-01
4.380000000000000004e-01,2.234719214285108890e+00,7.047314121155778821e-18,3.117056842508102443e-01
4.400000000000000022e-01,2.232455469147598848e+00,1.387524670897269385e-17,3.114438136441084470e-01
4.420000000000000040e-01,2.230189065933080528e+00,5.095750210681870840e-18,3.111813930673610895e-01
4.440000000000000058e-01,2.227920026330719949e+00,9.432558900623888576e-18,3.109184230525728343e-01
4.460000000000000075e-01,2.225648372064735980e+00,6.017322057294549609e-18,3.106549041448038451e-01
4.480000000000000093e-01,2.223374124893599202e+00,4.336808689942017736e-19,3.103908369022209679e-01
4.500000000000000111e-01,2.221097306609097544e+00,5.095750210681870840e-18,3.101262218961595707e-01
4.520000000000000129e-01,2.218817939035325537e+00,8.131516293641283255e-18,3.098610597111731146e-01
4.540000000000000147e-01,2.216536044027579422e+00,1.505685767039244283e-17,3.095953509450875552e-01
4.560000000000000164e-01,2.214251643471090603e+00,3.361026734705063745e-18,3.093290962090515239e-01
4.580000000000000182e-01,2.211964759280546033e+00,1.244121992927116338e-17,3.090622961275961145e-01
4.600000000000000200e-01,2.209675413398892729e+00,2.927345865710861972e-18,3.087949513386851197e-01
4.620000000000000218e-01,2.207383627795962866e+00,2.059984127722458425e-18,3.085270624937661577e-01
4.640000000000000235e-01,2.205089424467864490e+00,1.951563910473907981e-18,3.082586302578220194e-01
4.660000000000000253e-01,2.202792825436249657e+00,4.337801306677081369e-19,3.079896553094280676e-01
4.680000000000000271e-01,2.200493852746372880e+00,2.168404344971008868e-18,3.077201383408001423e-01
4.700000000000000289e-01,2.198192528467128426e+00,2.358139725155972144e-18,3.074500800578479631e-01
4.720000000000000306e-01,2.195888874689460479e+00,1.829591166069288732e-18,3.071794811802240344e-01
4.740000000000000324e-01,2.193582913525530032e+00,1.303266068469147859e-18,3.069083424413764916e-01
4.760000000000000342e-01,2.191274667107840912e+00,2.981555974335137194e-18,3.066366645886031139e-01
4.780000000000000360e-01,2.188964157588017656e+00,3.388131789017201356e-18,3.063644483830934573e-01
4.799999999999999822e-01,2.186651407136190883e+00,1.046255096448511779e-17,3.060916945999863636e-01
4.819999999999999840e-01,2.184336437939503384e+00,5.576864924722313432e-18,3.058184040284175342e-01
4.839999999999999858e-01,2.182019272201793925e+00,1.878380263831136432e-17,3.055445774715678242e-01
4.859999999999999876e-01,2.179699932142003860e+00,3.470717501374495639e-18,3.052702157467120370e-01
4.879999999999999893e-01,2.177378439993725934e+00,8.348356728138384142e-18,3.049953196852729365e-01
4.899999999999999911e-01,2.175054818003919976e+00,9.540979117872439019e-18,3.047198901328641019e-01
4.919999999999999929e-01,2.172729088432001632e+00,1.138412281109779656e-18,3.044439279493371120e-01
4.939999999999999947e-01,2.170401273549124710e+00,4.662069341687669066e-18,3.041674340088364459e-01
4.959999999999999964e-01,2.168071395636978593e+00,7.318364664277154930e-19,3.038904091998399504e-01
4.979999999999999982e-01,2.165739476986857426e+00,1.734723475976807094e-18,3.036128544252109651e-01
5.000000000000000000e-01,2.163405539899004637e+00,8.632959798415829056e-18,3.033347706022408996e-01
5.020000000000000018e-01,2.161069606681362387e+00,1.290200585257750276e-17,3.030561586626992487e-01
5.040000000000000036e-01,2.158731699648850366e+00,2.888382350137164156e-17,3.027770195528765584e-01
5.060000000000000053e-01,2.156391841122172082e+00,9.812029660993815128e-18,3.024973542336335530e-01
5.080000000000000071e-01,2.154050053427178923e+00,6.508601166702043805e-18,3.022171636804417694e-01
5.100000000000000089e-01,2.151706358894044158e+00,6.918565113173125170e-18,3.019364488834361260e-01
5.120000000000000107e-01,2.149360779856010595e+00,1.604619215278546562e-17,3.016552108474498395e-01
5.140000000000000124e-01,2.147013338648420699e+00,1.084202172485504434e-18,3.013734505920663276e-01
5.160000000000000142e-01,2.144664057608570928e+00,1.474514954580286030e-17,3.010911691516612310e-01
5.180000000000000160e-01,2.142312959073725764e+00,4.662069341687669066e-18,3.008083675754412156e-01
5.200000000000000178e-01,2.139960065381108834e+00,6.356135236196269744e-18,3.005250469274929892e-01
5.220000000000000195e-01,2.137605398866586626e+00,3.008661028647274804e-18,3.002412082868244902e-01
5.240000000000000213e-01,2.135248981863888673e+00,2.764715539838036307e-18,2.999568527474036905e-01
5.260000000000000231e-01,2.132890836703928983e+00,1.452830911130575942e-17,2.996719814182034480e-01
5.280000000000000249e-01,2.130530985713399161e+00,1.301042606982605321e-17,2.993865954232437510e-01
5.300000000000000266e-01,2.128169451214446894e+00,1.084202172485504434e-18,2.991006959016311861e-01
5.320000000000000284e-01,2.125806255523595922e+00,1.474514954580286030e-17,2.988142840075972417e-01
5.340000000000000302e-01,2.123441420950815228e+00,6.179952383167375274e-18,2.985273609105438819e-01
5.360000000000000320e-01,2.121074969798803167e+00,1.517883041479706208e-17,2.982399277950768535e-01
5.380000000000000338e-01,2.118706924362191657e+00,5.312590645178971727e-18,2.979519858610497618e-01
5.400000000000000355e-01,2.116337306926389772e+00,1.279358563532895232e-17,2.976635363236018184e-01
5.420000000000000373e-01,2.113966139767054386e+00,1.138412281109779656e-17,2.973745804131932013e-01
5.440000000000000391e-01,2.111593445149232195e+00,5.353248226647178143e-18,2.970851193756482989e-01
5.460000000000000409e-01,2.109219245326329428e+00,9.115768578350780249e-18,2.967951544721887380e-01
5.480000000000000426e-01,2.106843562539596704e+00,7.264154555652879708e-18,2.965046869794700224e-01
5.500000000000000444e-01,2.104466419016974399e+00,1.105886215935214523e-17,2.962137181896239979e-01
5.520000000000000462e-01,2.102087836972506452e+00,3.144186300207962859e-18,2.959222494102858869e-01
5.540000000000000480e-01,2.099707838605516130e+00,3.469446951953614189e-18,2.956302819646384750e-01
5.560000000000000497e-01,2.097326446099719632e+00,7.155734338404329264e-18,2.953378171914424200e-01
5.580000000000000515e-01,2.094943681622517317e+00,1.647987302177966740e-17,2.950448564450701694e-01
5.600000000000000533e-01,2.092559567324089542e+00,2.373047505027647830e-17,2.947514010955442076e-01
5.620000000000000551e-01,2.090174125336842437e+00,7.480994990149980595e-18,2.944574525285679756e-01
5.640000000000000568e-01,2.087787377774237285e+00,3.469446951953614189e-18,2.941630121455575120e-01
5.660000000000000586e-01,2.085399346730564929e+00,5.636885149969161121e-18,2.938680813636779798e-01
5.680000000000000604e-01,2.083010054279615275e+00,8.673617379884035472e-19,2.935726616158741975e-01
5.700000000000000622e-01,2.080619522474298932e+00,7.372574772901430151e-18,2.932767543508988939e-01
5.720000000000000639e-01,2.078227773345789231e+00,3.252606517456513302e-19,2.929803610333514552e-01
5.740000000000000657e-01,2.075834828902694440e+00,1.084202172485504434e-18,2.926834831436995743e-01
5.760000000000000675e-01,2.073440711130320580e+00,0.000000000000000000e+00,2.923861221783146669e-01
5.779999999999999583e-01,2.071045441990055025e+00,8.023096076392732812e-18,2.920882796495050115e-01
5.799999999999999600e-01,2.068649043418616884e+00,2.306640121962910683e-17,2.917899570855350677e-01
5.819999999999999618e-01,2.066251537327138621e+00,0.000000000000000000e+00,2.914911560306635008e-01
5.839999999999999636e-01,2.063852945600686439e+00,3.686287386450715076e-18,2.911918780451605016e-01
5.859999999999999654e-01,2.061453290097372104e+00,2.927345865710861972e-18,2.908921247053515846e-01
5.879999999999999671e-01,2.059052592647766744e+00,3.035766082959412415e-18,2.905918976036266921e-01
5.899999999999999689e-01,2.056650875054058858e+00,7.264154555652879708e-18,2.902911983484808833e-01
5.919999999999999707e-01,2.054248159089487658e+00,6.722053469410127491e-18,2.899900285645268805e-01
5.939999999999999725e-01,2.051844466497586339e+00,3.144186300207962859e-18,2.896883898925340373e-01
5.959999999999999742e-01,2.049439818991537265e+00,1.951563910473907981e-18,2.893862839894427164e-01
5.979999999999999760e-01,2.047034238253353067e+00,5.854691731421723944e-18,2.890837125283945985e-01
5.999999999999999778e-01,2.044627745933457419e+00,6.288372600415925717e-18,2.887806771987538879e-01
6.019999999999999796e-01,2.042220363649844828e+00,9.432558900623888576e-18,2.884771797061273513e-01
6.039999999999999813e-01,2.039812112987108961e+00,1.572093150103981429e-17,2.881732217723945721e-01
6.059999999999999831e-01,2.037403015496659364e+00,5.421010862427522170e-20,2.878688051357220501e-01
6.079999999999999849e-01,2.034993092695193795e+00,1.387778780781445676e-17,2.875639315505893467e-01
6.099999999999999867e-01,2.032582366064373147e+00,2.616484774068533747e-18,2.872586027878075154e-01
6.119999999999999885e-01,2.030170857050196176e+00,1.387778780781445676e-17,2.869528206345420274e-01
6.139999999999999902e-01,2.027758587062528761e+00,2.466559942404522587e-18,2.866465868943262052e-01
6.159999999999999920e-01,2.025345577474041647e+00,8.131516293641283255e-18,2.863399033870888122e-01
6.179999999999999938e-01,2.022931849620103861e+00,2.385244779468109755e-18,2.860327719491654319e-01
6.199999999999999956e-01,2.020517424797612094e+00,1.756407519426517183e-17,2.857251944333216165e-01
6.219999999999999973e-01,2.018102324265106162e+00,2.385244779468109755e-18,2.854171727087652655e-01
6.239999999999999991e-01,2.015686569241227133e+00,1.420304845956010809e-17,2.851087086611653332e-01
6.260000000000000009e-01,2.013270180904987328e+00,2.927345865710861972e-18,2.847998041926697033e-01
6.280000000000000027e-01,2.010853180394697404e+00,5.421010862427522170e-20,2.844904612219188444e-01
6.300000000000000044e-01,2.008435588807390815e+00,4.872133512606735550e-18,2.841806816840588557e-01
6.320000000000000062e-01,2.006017427198617753e+00,1.951563910473907981e-18,2.838704675307576752e-01
6.340000000000000080e-01,2.003598716581191042e+00,6.947364233379771381e-18,2.835598207302214013e-01
6.360000000000000098e-01,2.001179477925395744e+00,4.763713295358185107e-18,2.832487432672027294e-01
6.380000000000000115e-01,1.998759732157807889e+00,2.168404344971008868e-19,2.829372371430119437e-01
6.400000000000000133e-01,1.996339500161113278e+00,6.071532165918824830e-18,2.826253043755360683e-01
6.420000000000000151e-01,1.993918802773356092e+00,6.423897871976613771e-18,2.823129469992428087e-01
6.440000000000000169e-01,1.991497660787425517e+00,7.806255641895631925e-18,2.820001670651956505e-01
6.460000000000000187e-01,1.989076094950618767e+00,7.155734338404329264e-18,2.816869666410585227e-01
6.480000000000000204e-01,1.986654125963724482e+00,2.602085213965210642e-18,2.813733478111100639e-01
6.500000000000000222e-01,1.984231774481255428e+00,3.903127820947815962e-18,2.810593126762515603e-01
6.520000000000000240e-01,1.981809061110228143e+00,3.903127820947815962e-18,2.807448633540105543e-01
6.540000000000000258e-01,1.979386006409775689e+00,4.228388472693467293e-18,2.804300019785539444e-01
6.560000000000000275e-01,1.976962630890884753e+00,6.722053469410127491e-18,2.801147307006898179e-01
6.580000000000000293e-01,1.974538955015685104e+00,3.686287386450715076e-18,2.797990516878758882e-01
6.600000000000000311e-01,1.972114999196920238e+00,1.517883041479706208e-18,2.794829671242235469e-01
6.620000000000000329e-01,1.969690783797688027e+00,9.568084172184576630e-18,2.791664792105049142e-01
6.640000000000000346e-01,3.171980520868222797e+00,5.204170427930421283e-18,2.788495901641523944e-01
6.660000000000000364e-01,1.964841655457961522e+00,4.553649124439118623e-18,2.785323022192681686e-01
6.680000000000000382e-01,1.962416782990073827e+00,1.713039432527097006e-17,2.782146176266195314e-01
6.700000000000000400e-01,1.959991731885972754e+00,8.226383983733764893e-18,2.778965386536475513e-01
6.720000000000000417e-01,1.957566522252436769e+00,1.116728237660069567e-17,2.775780675844652934e-01
6.740000000000000435e-01,1.955141174143610883e+00,3.686287386450715076e-18,2.772592067198578758e-01
6.760000000000000453e-01,1.952715707560402691e+00,6.505213034913026604e-19,2.769399583772841344e-01
6.780000000000000471e-01,1.950290142450171516e+00,2.385244779468109755e-18,2.766203248908761236e-01
6.800000000000000488e-01,1.947864498706337599e+00,7.372574772901430151e-18,2.763003086114328433e-01
6.820000000000000506e-01,1.945438796167920259e+00,3.035766082959412415e-18,2.759799119064287320e-01
6.840000000000000524e-01,1.943013054618875302e+00,9.324138683375338132e-18,2.756591371600006224e-01
6.860000000000000542e-01,1.940587293787794820e+00,8.456776945386934585e-18,2.753379867729497388e-01
6.880000000000000560e-01,1.938161533347866339e+00,2.168404344971008868e-18,2.750164631627328160e-01
6.900000000000000577e-01,1.935735792915725284e+00,4.445228907190568179e-18,2.746945687634662625e-01
6.920000000000000595e-01,1.933310092051728546e+00,4.485886488658774596e-18,2.743723060259121715e-01
6.940000000000000613e-01,1.930884450259046758e+00,1.344876562003015363e-17,2.740496774174740469e-01
6.960000000000000631e-01,1.928458886983582588e+00,1.387831720340649069e-17,2.737266854221947487e-01
6.980000000000000648e-01,1.926033421613354335e+00,9.154732093924478065e-18,2.734033325407411730e-01
7.000000000000000666e-01,1.923608073478325409e+00,4.119968255444916849e-18,2.730796212904073594e-01
7.020000000000000684e-01,1.921182861849830559e+00,4.553649124439118623e-18,2.727555542050915105e-01
7.039999999999999591e-01,1.918757805940259686e+00,9.757819552369539906e-18,2.724311338352966017e-01
7.059999999999999609e-01,1.916332924902865997e+00,1.214306433183764966e-17,2.721063627481172253e-01
7.079999999999999627e-01,1.913908237830792558e+00,5.963111948670274387e-19,2.717812435272284888e-01
7.099999999999999645e-01,1.911483763757582111e+00,6.505213034913026604e-19,2.714557787728751337e-01
7.119999999999999662e-01,1.909059521656189418e+00,3.306816626080788524e-18,2.711299711018581582e-01
7.139999999999999680e-01,1.906635530438769877e+00,2.168404344971008868e-18,2.708038231475206059e-01
7.159999999999999698e-01,1.904211808956421947e+00,1.127570259384924611e-17,2.704773375597376850e-01
7.179999999999999716e-01,1.901788375998771485e+00,6.071532165918824830e-18,2.701505170048967841e-01
7.199999999999999734e-01,1.899365250293627128e+00,5.421010862427522170e-19,2.698233641658887572e-01
7.219999999999999751e-01,1.896942450506800881e+00,9.812029660993815128e-18,2.694958817420884389e-01
7.239999999999999769e-01,1.894519995241394028e+00,9.981436250444675196e-18,2.691680724493372145e-01
7.259999999999999787e-01,1.892097903038047590e+00,1.301042606982605321e-17,2.688399390199253114e-01
7.279999999999999805e-01,1.889676192374048824e+00,3.364414866494080947e-18,2.685114842025795312e-01
7.299999999999999822e-01,1.887254881663407602e+00,1.301042606982605321e-18,2.681827107624381590e-01
7.319999999999999840e-01,3.235581699074799644e+00,5.610746242612485446e-18,2.678536214810327554e-01
7.339999999999999858e-01,1.882413533438928255e+00,4.336808689942017736e-19,2.675242191562717253e-01
7.359999999999999876e-01,1.879993532433344328e+00,1.471804449149072269e-17,2.671945066024157822e-01
7.379999999999999893e-01,1.877574004396741714e+00,9.974659986866640793e-18,2.668644866500568535e-01
7.399999999999999911e-01,1.875154967421634566e+00,1.494166118956585798e-17,2.665341621460963206e-01
7.419999999999999929e-01,1.872736439535062303e+00,1.431070105320020932e-17,2.662035359537258117e-01
7.439999999999999947e-01,1.870318438698852503e+00,5.190617900774352478e-18,2.658726109523941727e-01
7.459999999999999964e-01,1.867900982809116428e+00,2.148075554236905660e-17,2.655413900377934788e-01
7.479999999999999982e-01,1.865484089695721437e+00,3.252606517456513302e-18,2.652098761218274481e-01
7.500000000000000000e-01,1.863067777122392243e+00,5.421010862427522170e-18,2.648780721325880716e-01
7.520000000000000018e-01,1.860652062786376959e+00,1.214306433183764966e-17,2.645459810143274693e-01
7.540000000000000036e-01,1.858236964318162876e+00,1.043883404196199738e-17,2.642136057274335204e-01
7.560000000000000053e-01,1.855822499281002180e+00,7.318364664277154930e-18,2.638809492483988883e-01
7.580000000000000071e-01,1.853408685171125114e+00,6.505213034913026604e-18,2.635480145697933763e-01
7.600000000000000089e-01,1.850995539416967262e+00,1.047610349164118659e-17,2.632148047002324520e-01
7.620000000000000107e-01,1.848583079379590544e+00,7.806255641895631925e-18,2.628813226643550993e-01
7.640000000000000124e-01,1.846171322351612076e+00,8.131516293641283255e-20,2.625475715027819623e-01
7.660000000000000142e-01,1.843760285557754841e+00,4.336808689942017736e-18,2.622135542720913093e-01
7.680000000000000160e-01,1.841349986154245499e+00,1.084202172485504434e-18,2.618792740447821732e-01
7.700000000000000178e-01,1.838940441228436029e+00,1.013729031273946646e-17,2.615447339092491497e-01
7.720000000000000195e-01,1.836531667799189194e+00,1.279358563532895232e-17,2.612099369697333806e-01
7.740000000000000213e-01,1.834123682816102274e+00,2.818925648462311528e-18,2.608748863463088985e-01
7.760000000000000231e-01,1.831716503159428910e+00,4.770489558936219510e-18,2.605395851748298353e-01
7.780000000000000249e-01,1.829310145639869489e+00,1.019150042136374168e-17,2.602040366069021671e-01
7.800000000000000266e-01,1.826904626998869574e+00,1.051676107310939301e-17,2.598682438098476877e-01
7.820000000000000284e-01,1.824499963907538103e+00,6.938893903907228378e-18,2.595322099666645954e-01
7.840000000000000302e-01,1.822096172967192729e+00,2.331034670843834533e-18,2.591959382759876362e-01
7.860000000000000320e-01,1.819693270708810928e+00,2.168404344971008868e-19,2.588594319520563514e-01
7.880000000000000338e-01,1.817291273592973155e+00,1.561145249260719597e-17,2.585226942246680593e-01
7.900000000000000355e-01,1.814890198009646127e+00,1.409462824231155764e-18,2.581857283391422175e-01
7.920000000000000373e-01,1.812490060278252102e+00,2.446231151670419379e-18,2.578485375562759030e-01
7.940000000000000391e-01,1.810090876646919256e+00,1.322726650432315409e-17,2.575111251523070632e-01
7.960000000000000409e-01,1.807692663293103408e+00,8.023096076392732812e-18,2.571734944188679983e-01
7.980000000000000426e-01,1.805295436322566616e+00,4.326644294574966132e-18,2.568356486629441715e-01
8.000000000000000444e-01,1.802899211770220944e+00,9.527426590716370214e-18,2.564975912068306885e-01
8.020000000000000462e-01,3.301441458986303701e+00,1.116728237660069567e-17,2.561593253880853349e-01
8.040000000000000480e-01,1.798109833700205940e+00,1.366094737331735587e-17,2.558208545594891636e-01
8.060000000000000497e-01,1.795716711893566853e+00,4.553649124439118623e-18,2.554821820889929818e-01
8.080000000000000515e-01,1.793324655926634037e+00,5.166900978251232068e-18,2.551433113596786595e-01
8.100000000000000533e-01,1.790933681474939476e+00,1.084202172485504434e-18,2.548042457697029528e-01
8.120000000000000551e-01,1.788543804141793814e+00,6.505213034913026604e-19,2.544649887322579795e-01
8.140000000000000568e-01,1.786155039458126481e+00,1.951563910473907981e-18,2.541255436755172625e-01
8.160000000000000586e-01,1.783767402882387998e+00,5.461668443895728586e-18,2.537859140425907656e-01
8.180000000000000604e-01,1.781380909800505563e+00,1.431146867680865853e-17,2.534461032914685497e-01
8.200000000000000622e-01,3.318374052621374304e+00,1.734735883685995390e-18,2.531061148949735884e-01
8.220000000000000639e-01,1.776611415298274821e+00,6.505213034913026604e-19,2.527659523407127518e-01
8.240000000000000657e-01,1.774228444285844475e+00,4.328338360469474733e-18,2.524256191310191300e-01
8.260000000000000675e-01,1.771846677582775698e+00,6.071532165918824830e-18,2.520851187829029061e-01
8.280000000000000693e-01,1.769466130210481936e+00,7.155734338404329264e-18,2.517444548279954564e-01
8.300000000000000711e-01,1.767086817117100139e+00,7.047314121155778821e-19,2.514036308124975583e-01
8.320000000000000728e-01,1.764708753177513856e+00,1.582935171828836474e-17,2.510626502971212703e-01
8.339999999999999636e-01,1.762331953193230660e+00,1.734723475976807094e-18,2.507215168570366970e-01
8.359999999999999654e-01,1.759956431892195639e+00,2.276824562219559311e-18,2.503802340818138683e-01
8.379999999999999671e-01,3.335285895237042553e+00,2.493664996716660198e-18,2.500388055753679506e-01
8.399999999999999689e-01,3.337163260546926580e+00,1.062518129035794345e-17,2.496972349558965187e-01
8.419999999999999707e-01,1.752837686265330319e+00,1.431146867680865853e-17,2.493555258558262100e-01
8.439999999999999725e-01,1.750467425505707553e+00,1.149254302834634700e-17,2.490136819217509123e-01
8.459999999999999742e-01,1.748098515964795041e+00,6.934658739170956876e-18,2.486717068143725617e-01
8.479999999999999760e-01,1.745730971928479036e+00,1.476886646832598071e-17,2.483296042084388033e-01
8.499999999999999778e-01,1.743364807608374534e+00,7.589415207398531038e-18,2.479873777926862033e-01
8.519999999999999796e-01,1.741000037142280021e+00,8.348356728138384142e-18,2.476450312697695555e-01
8.539999999999999813e-01,1.738636674593907472e+00,3.035766082959412415e-18,2.473025683562099231e-01
8.559999999999999831e-01,1.736274733952937410e+00,2.168404344971008868e-19,2.469599927823226126e-01
8.579999999999999849e-01,1.733914229134812857e+00,1.355252715606880543e-18,2.466173082921590265e-01
8.599999999999999867e-01,1.731555173980773077e+00,7.589415207398531038e-19,2.462745186434371347e-01
8.619999999999999885e-01,1.729197582258031218e+00,5.231275482242558894e-18,2.459316276074763608e-01
8.639999999999999902e-01,1.726841467659346208e+00,3.471141017848122790e-18,2.455886389691370741e-01
8.659999999999999920e-01,1.724486843803338942e+00,2.168404344971008868e-19,2.452455565267468995e-01
8.679999999999999938e-01,1.722133724234128138e+00,1.062518129035794345e-17,2.449023840920371842e-01
8.699999999999999956e-01,1.719782122421602111e+00,1.301042606982605321e-18,2.445591254900723877e-01
8.719999999999999973e-01,1.717432051761372591e+00,4.336808689942017736e-19,2.442157845591846344e-01
8.739999999999999991e-01,1.715083525574700118e+00,1.517883041479706208e-18,2.438723651508969970e-01
8.760000000000000009e-01,3.370873810491531231e+00,1.951563910473907981e-18,2.435288711298626285e-01
8.780000000000000027e-01,1.710391159534305316e+00,6.505213034913026604e-18,2.431853063737873799e-01
8.800000000000000044e-01,1.708047345950980400e+00,1.561251128379126385e-17,2.428416747733608827e-01
8.820000000000000062e-01,1.705705129381826168e+00,5.204170427930421283e-18,2.424979802321815259e-01
8.840000000000000080e-01,1.703364522775943968e+00,2.412349833780247366e-18,2.421542266666860954e-01
8.860000000000000098e-01,1.701025539007950726e+00,7.562310153086393427e-18,2.418104180060761110e-01
8.880000000000000115e-01,1.698688190878236526e+00,3.577867169202164632e-18,2.414665581922403603e-01
8.900000000000000133e-01,1.696352491112648408e+00,4.336808689942017736e-18,2.411226511796848715e-01
8.920000000000000151e-01,1.694018452362644922e+00,9.432558900623888576e-18,2.407787009354523389e-01
8.940000000000000169e-01,1.691686087205397371e+00,7.806255641895631925e-18,2.404347114390484874e-01
8.960000000000000187e-01,1.689355408143585535e+00,4.770489558936219510e-18,2.400906866823650787e-01
8.980000000000000204e-01,1.687026427605511358e+00,2.081668171172168513e-17,2.397466306696002525e-01
9.000000000000000222e-01,1.684699157945262371e+00,1.084202172485504434e-18,2.394025474171839751e-01
9.020000000000000240e-01,1.682373611442583794e+00,7.806255641895631925e-18,2.390584409536917754e-01
9.040000000000000258e-01,1.680049800302837681e+00,1.734554069387356234e-17,2.387143153197739953e-01
9.060000000000000275e-01,1.677727736657249835e+00,1.897353801849632760e-17,2.383701745680711082e-01
9.080000000000000293e-01,1.675407432562710852e+00,2.981555974335137194e-18,2.380260227631302294e-01
9.100000000000000311e-01,1.673088900002092316e+00,1.517883041479706208e-18,2.376818639813270129e-01
9.120000000000000329e-01,1.670772150883969687e+00,1.452830911130575942e-17,2.373377023107838546e-01
9.140000000000000346e-01,1.668457197042739537e+00,2.591920818598159038e-18,2.369935418512807979e-01
9.160000000000000364e-01,1.666144050238928642e+00,7.589415207398531038e-18,2.366493867141806484e-01
9.180000000000000382e-01,1.663832722158879562e+00,1.539567084929416296e-17,2.363052410223395183e-01
9.200000000000000400e-01,1.661523224415066835e+00,4.336808689942017736e-19,2.359611089100211168e-01
9.220000000000000417e-01,1.659215568546077435e+00,7.819808169051700730e-18,2.356169945228106521e-01
9.240000000000000435e-01,1.656909766016399388e+00,3.903127820947815962e-18,2.352729020175363672e-01
9.260000000000000453e-01,1.654605828216842767e+00,2.385244779468109755e-18,2.349288355621694524e-01
9.280000000000000471e-01,1.652303766464543244e+00,1.517883041479706208e-18,2.345847993357485783e-01
9.300000000000000488e-01,1.650003592002835973e+00,7.589415207398531038e-18,2.342407975282850552e-01
9.320000000000000506e-01,1.647705316001449205e+00,1.517883041479706208e-17,2.338968343406726824e-01
9.340000000000000524e-01,1.645408949556468770e+00,6.396792817664476161e-18,2.335529139846048707e-01
9.360000000000000542e-01,1.643114503690624062e+00,5.421010862427522170e-18,2.332090406824775808e-01
9.380000000000000560e-01,1.640821989353035804e+00,1.213713510120686956e-17,2.328652186673011715e-01
9.400000000000000577e-01,1.638531417419756053e+00,4.336808689942017736e-18,2.325214521826093894e-01
9.420000000000000595e-01,1.636242798693107403e+00,3.632077277826439854e-18,2.321777454823655551e-01
9.440000000000000613e-01,1.633956143902675961e+00,7.155734338404329264e-18,2.318341028308732177e-01
9.460000000000000631e-01,1.631671463704510217e+00,1.765216662077961907e-18,2.314905285026753190e-01
9.480000000000000648e-01,1.629388768682005662e+00,2.168404344971008868e-19,2.311470267824694280e-01
9.500000000000000666e-01,1.627108069345212016e+00,1.062518129035794345e-17,2.308036019650040738e-01
9.520000000000000684e-01,1.624829376131573966e+00,2.276824562219559311e-18,2.304602583549906492e-01
9.540000000000000702e-01,1.622552699405705567e+00,1.984089975648473114e-17,2.301170002670004100e-01
9.560000000000000719e-01,1.620278049459475511e+00,6.938893903907228378e-18,2.297738320253743249e-01
9.580000000000000737e-01,1.618005436512138573e+00,2.602085213965210642e-18,2.294307579641208794e-01
9.599999999999999645e-01,1.615734870710465287e+00,4.553649124439118623e-18,2.290877824268188478e-01
9.619999999999999662e-01,1.613466362128862741e+00,1.718460443389524528e-17,2.287449097665215925e-01
9.639999999999999680e-01,1.611199920769387006e+00,1.662895082049642426e-17,2.284021443456518974e-01
9.659999999999999698e-01,1.608935556561901237e+00,1.539567084929416296e-17,2.280594905359089042e-01
9.679999999999999716e-01,1.606673279364173368e+00,1.810617628050792405e-17,2.277169527181593656e-01
9.699999999999999734e-01,1.604413098961860129e+00,1.759118024857730944e-17,2.273745352823465238e-01
9.719999999999999751e-01,1.602155025068954686e+00,6.505213034913026604e-18,2.270322426273762018e-01
9.739999999999999769e-01,1.599899067327445579e+00,7.968885967768457590e-18,2.266900791610237109e-01
9.759999999999999787e-01,1.597645235307862066e+00,6.950752365168788582e-18,2.263480492998263816e-01
9.779999999999999805e-01,1.595393538508993458e+00,1.292469707114105742e-26,2.260061574689805342e-01
9.799999999999999822e-01,1.593143986358313668e+00,5.241439877609610498e-18,2.256644081022350368e-01
9.819999999999999840e-01,1.590896588211936802e+00,1.095044194210359478e-17,2.253228056417883873e-01
9.839999999999999858e-01,1.588651353354730844e+00,4.445228907190568179e-18,2.249813545381809943e-01
9.859999999999999876e-01,1.586408291000575232e+00,4.336808689942017736e-18,2.246400592501935911e-01
9.879999999999999893e-01,1.584167410292332434e+00,1.946142899611480459e-17,2.242989242447284703e-01
9.899999999999999911e-01,1.581928720302036240e+00,3.686287386450715076e-18,2.239579539967152255e-01
9.919999999999999929e-01,1.579692230031076505e+00,8.510987054011209807e-18,2.236171529889948995e-01
9.939999999999999947e-01,1.577457948410213362e+00,6.071532165918824830e-18,2.232765257122078795e-01
9.959999999999999964e-01,1.575225884299781498e+00,1.062518129035794345e-17,2.229360766646935332e-01
9.979999999999999982e-01,1.572996046489739896e+00,1.951563910473907981e-18,2.225958103523688336e-01
1.000000000000000000e+00,1.570768443699964934e+00,1.626303258728256651e-18,2.222557312886268566e-01
1.002000000000000002e+00,1.568543084580353408e+00,4.336808689942017736e-18,2.219158439942163497e-01
1.004000000000000004e+00,1.566319977710710631e+00,1.344410693882025498e-17,2.215761529971366217e-01
1.006000000000000005e+00,1.564099131601201620e+00,1.691355389077386917e-17,2.212366628325213580e-01
1.008000000000000007e+00,1.561880554692363532e+00,4.445228907190568179e-18,2.208973780425203537e-01
1.010000000000000009e+00,1.559664255355226459e+00,1.881090769262350193e-17,2.205583031761935431e-01
1.012000000000000011e+00,1.557450241891539022e+00,9.540582071178413566e-18,2.202194427893884032e-01
1.014000000000000012e+00,1.555238522533761270e+00,1.019150042136374168e-17,2.198808014446300141e-01
1.016000000000000014e+00,1.553029105445427049e+00,3.686287386450715076e-18,2.195423837109992116e-01
1.018000000000000016e+00,1.550821998721032102e+00,2.656295322589485863e-18,2.192041941640187341e-01
1.020000000000000018e+00,1.548617210386456833e+00,2.656295322589485863e-18,2.188662373855346788e-01
1.022000000000000020e+00,1.546414748399040917e+00,2.385244779468109755e-18,2.185285179635961805e-01
1.024000000000000021e+00,1.544214620647514025e+00,8.131516293641283255e-18,2.181910404923413094e-01
1.026000000000000023e+00,1.542016834952519844e+00,1.257674520083185143e-17,2.178538095718713097e-01
1.028000000000000025e+00,1.539821399066324759e+00,1.561251128379126385e-17,2.175168298081313345e-01
1.030000000000000027e+00,1.537628320673533722e+00,1.084202172485504434e-18,2.171801058127925677e-01
1.032000000000000028e+00,1.535437607390832682e+00,9.974659986866640793e-18,2.168436422031281008e-01
1.034000000000000030e+00,1.533249266767004571e+00,1.517883041479706208e-18,2.165074436018867288e-01
1.036000000000000032e+00,1.531063306283785508e+00,1.393199791643873198e-17,2.161715146371790963e-01
1.038000000000000034e+00,1.528879733355307025e+00,3.903127820947815962e-18,2.158358599423427782e-01
1.040000000000000036e+00,1.526698555328636076e+00,1.626303258728256651e-19,2.155004841558237072e-01
1.042000000000000037e+00,1.524519779483961557e+00,1.561251128379126385e-17,2.151653919210528565e-01
1.044000000000000039e+00,1.522343413034393578e+00,3.577867169202164632e-18,2.148305878863124574e-01
1.046000000000000041e+00,1.520169463126620713e+00,6.396792817664476161e-18,2.144960767046197037e-01
1.048000000000000043e+00,1.517997936840732365e+00,6.505213034913026604e-18,2.141618630335880846e-01
1.050000000000000044e+00,1.515828841190723253e+00,2.352718714293544622e-17,2.138279515353081750e-01
1.052000000000000046e+00,1.513662183124139915e+00,3.469446951953614189e-18,2.134943468762127983e-01
1.054000000000000048e+00,1.511497969522865858e+00,5.217722955086490089e-18,2.131610537269536809e-01
1.056000000000000050e+00,1.509336207202737867e+00,6.952446431063297183e-18,2.128280767622645619e-01
1.058000000000000052e+00,1.507176902914178385e+00,3.035766082959412415e-18,2.124954206608334339e-01
1.060000000000000053e+00,1.505020063342175973e+00,8.673617379884035472e-19,2.121630901051727025e-01
1.062000000000000055e+00,1.502865695106448740e+00,2.601661697491583491e-18,2.118310897814838500e-01
1.064000000000000057e+00,1.500713804761588221e+00,5.204170427930421283e-18,2.114994243795246254e-01
1.066000000000000059e+00,1.498564398797313402e+00,1.040834085586084257e-17,2.111680985924770104e-01
1.068000000000000060e+00,1.496417483638847301e+00,4.228388472693467293e-18,2.108371171168126335e-01
1.070000000000000062e+00,1.494273065646567034e+00,2.168404344971008868e-18,2.105064846521531863e-01
1.072000000000000064e+00,1.492131151116780075e+00,2.602085213965210642e-18,2.101762059011413331e-01
1.074000000000000066e+00,1.489991746281463136e+00,5.312590645178971727e-18,2.098462855692993512e-01
1.076000000000000068e+00,1.487854857308837708e+00,1.864827736675067626e-17,2.095167283648925738e-01
1.078000000000000069e+00,1.485720490303258146e+00,1.409462824231155764e-17,2.091875389987908618e-01
1.080000000000000071e+00,1.483588651305325357e+00,1.105886215935214523e-17,2.088587221843319908e-01
1.082000000000000073e+00,1.481459346292634649e+00,1.813328133482006166e-17,2.085302826371804308e-01
1.084000000000000075e+00,1.479332581179278350e+00,1.561251128379126385e-17,2.082022250751848491e-01
1.086000000000000076e+00,1.477208361816412463e+00,4.228388472693467293e-18,2.078745542182424966e-01
1.088000000000000078e+00,1.475086693992496478e+00,8.605854744103691445e-19,2.075472747881509650e-01
1.090000000000000080e+00,1.472967583433231198e+00,3.035766082959412415e-18,2.072203915084679660e-01
1.092000000000000082e+00,1.470851035801931772e+00,7.806255641895631925e-18,2.068939091043723033e-01
1.094000000000000083e+00,1.468737056699769283e+00,3.252606517456513302e-18,2.065678323025136320e-01
1.096000000000000085e+00,1.466625651665836472e+00,7.372574772901430151e-18,2.062421658308701555e-01
1.098000000000000087e+00,1.464516826177394648e+00,3.252606517456513302e-18,2.059169144186041578e-01
1.100000000000000089e+00,1.462410585650063766e+00,1.170938346284344789e-17,2.055920827959110964e-01
1.102000000000000091e+00,1.460306935438065778e+00,6.071492461249422285e-18,2.052676756938764113e-01
1.104000000000000092e+00,1.458205880834395174e+00,1.301042606982605321e-18,2.049436978443313073e-01
1.106000000000000094e+00,1.456107427070932658e+00,3.469446951953614189e-18,2.046201539796931035e-01
1.108000000000000096e+00,1.454011579318930103e+00,3.144186300207962859e-18,2.042970488328266221e-01
1.110000000000000098e+00,1.451918342688722774e+00,3.252606517456513302e-18,2.039743871368870365e-01
1.112000000000000099e+00,1.449827722230669025e+00,2.168404344971008868e-19,2.036521736251719616e-01
1.114000000000000101e+00,1.447739722934434425e+00,1.385068275350231914e-17,2.033304130309698254e-01
1.116000000000000103e+00,1.445654349729926125e+00,8.565197162635485029e-18,2.030091100874040488e-01
1.118000000000000105e+00,1.443571607487351471e+00,6.071532165918824830e-18,2.026882695272829715e-01
1.120000000000000107e+00,1.441491501017086563e+00,1.040834085586084257e-17,2.023678960829461693e-01
1.122000000000000108e+00,1.439414035070294418e+00,8.673617379884035472e-19,2.020479944861052202e-01
1.124000000000000110e+00,1.437339214338923199e+00,5.637851296924623057e-18,2.017285694676916041e-01
1.126000000000000112e+00,1.435267043455892733e+00,3.469446951953614189e-18,2.014096257577005222e-01
1.128000000000000114e+00,1.433197526995437343e+00,4.336808689942017736e-18,2.010911680850285821e-01
1.130000000000000115e+00,1.431130669473272832e+00,6.722053469410127491e-18,2.007732011773217251e-01
1.132000000000000117e+00,1.429066475346676413e+00,1.084202172485504434e-17,2.004557297608129673e-01
1.134000000000000119e+00,1.427004949014916590e+00,7.806255641895631925e-18,2.001387585601628605e-01
1.136000000000000121e+00,1.424946094819206976e+00,1.531435568635775013e-17,1.998222922982998695e-01
1.138000000000000123e+00,1.422889917043308472e+00,6.085084693074893636e-18,1.995063356962555323e-01
1.140000000000000124e+00,1.420836419913298343e+00,8.239936510889833698e-18,1.991908934730071412e-01
1.142000000000000126e+00,1.418785607597989440e+00,1.809262375335185524e-18,1.988759703453120697e-01
1.144000000000000128e+00,1.416737484209193099e+00,5.204170427930421283e-18,1.985615710275433488e-01
1.146000000000000130e+00,1.414692053802035332e+00,1.908195823574487804e-17,1.982477002315258530e-01
1.148000000000000131e+00,1.412649320374770312e+00,4.824699667560494731e-18,1.979343626663707667e-01
1.150000000000000133e+00,1.410609287869318607e+00,7.372574772901430151e-18,1.976215630383074962e-01
1.152000000000000135e+00,1.408571960171506987e+00,4.336808689942017736e-18,1.973093060505191620e-01
1.153999999999999915e+00,1.406537341111155470e+00,1.013729031273946646e-17,1.969975964029740956e-01
1.155999999999999917e+00,1.404505434462315350e+00,2.385244779468109755e-18,1.966864387922544199e-01
1.157999999999999918e+00,1.402476243943551637e+00,8.673617379884035472e-18,1.963758379113862140e-01
1.159999999999999920e+00,1.400449773218026550e+00,3.794707603699265519e-18,1.960657984496742279e-01
1.161999999999999922e+00,1.398426025893890312e+00,1.843143693225357538e-18,1.957563250925248022e-01
1.163999999999999924e+00,1.396405005524432141e+00,3.455894424797545383e-18,1.954474225212744776e-01
1.165999999999999925e+00,1.394386715608158411e+00,1.366094737331735587e-17,1.951390954130212130e-01
1.167999999999999927e+00,1.392371159589304241e+00,1.929879867024197893e-17,1.948313484404426976e-01
1.169999999999999929e+00,1.390358340857892117e+00,8.023096076392732812e-18,1.945241862716311776e-01
1.171999999999999931e+00,1.388348262749815376e+00,2.602085213965210642e-18,1.942176135699069384e-01
1.173999999999999932e+00,1.386340928547362239e+00,1.301042606982605321e-18,1.939116349936514661e-01
1.175999999999999934e+00,1.384336341479153631e+00,9.134403303190374857e-18,1.936062551961251765e-01
1.177999999999999936e+00,1.382334504720562407e+00,1.647987302177966740e-17,1.933014788252876981e-01
1.179999999999999938e+00,1.380335421393874995e+00,5.204170427930421283e-18,1.929973105236246489e-01
1.181999999999999940e+00,1.378339094568504564e+00,2.818925648462311528e-18,1.926937549279611472e-01
1.183999999999999941e+00,1.376345527261010560e+00,1.431146867680865853e-17,1.923908166692872290e-01
1.185999999999999943e+00,1.374354722435974452e+00,4.770489558936219510e-18,1.920885003725701645e-01
1.187999999999999945e+00,1.372366683005246557e+00,2.168404344971008868e-18,1.917868106565744635e-01
1.189999999999999947e+00,1.370381411829205476e+00,3.035766082959412415e-18,1.914857521336821577e-01
1.191999999999999948e+00,1.368398911716221633e+00,6.207057437479512885e-18,1.911853294097039246e-01
1.193999999999999950e+00,1.366419185423037419e+00,7.643625316022806260e-18,1.908855470836919310e-01
1.195999999999999952e+00,1.364442235655339175e+00,2.005774019098183203e-18,1.905864097477636965e-01
1.197999999999999954e+00,1.362468065067579559e+00,3.466058820164596987e-18,1.902879219869044458e-01
1.199999999999999956e+00,1.360496676263370119e+00,2.981555974335137194e-18,1.899900883787858652e-01
1.201999999999999957e+00,1.358528071795838343e+00,8.890457814381136359e-18,1.896929134935766148e-01
1.203999999999999959e+00,1.356562254167638315e+00,1.040839379542004596e-17,1.893964018937512317e-01
1.205999999999999961e+00,1.354599225831160325e+00,0.000000000000000000e+00,1.891005581339001429e-01
1.207999999999999963e+00,1.352638989189015817e+00,3.035766082959412415e-18,1.888053867605425373e-01
1.209999999999999964e+00,1.350681546594007187e+00,6.071525548473924406e-18,1.885108923119311886e-01
1.211999999999999966e+00,1.348726900349493718e+00,7.264154555652879708e-18,1.882170793178574442e-01
1.213999999999999968e+00,1.346775052709487497e+00,2.534322578184866614e-18,1.879239522994629874e-01
1.215999999999999970e+00,1.344826005879149022e+00,1.694065894508600678e-18,1.876315157690423008e-01
1.217999999999999972e+00,1.342879762014707268e+00,9.757819552369539906e-19,1.873397742298507918e-01
1.219999999999999973e+00,1.340936323223807847e+00,1.127570259384924611e-17,1.870487321759017330e-01
1.221999999999999975e+00,1.338995691565733281e+00,1.127231446206022891e-17,1.867583940917787455e-01
1.223999999999999977e+00,1.337057869051855974e+00,1.385068275350231914e-17,1.864687644524293808e-01
1.225999999999999979e+00,1.335122857645375305e+00,1.221082696761799369e-17,1.861798477229735516e-01
1.227999999999999980e+00,1.333190659262019295e+00,1.504330514323637402e-18,1.858916483584998891e-01
1.229999999999999982e+00,1.331261275769927366e+00,1.127993775858551762e-17,1.856041708038689841e-01
1.231999999999999984e+00,1.329334708990250746e+00,4.336808689942017736e-19,1.853174194935102437e-01
1.233999999999999986e+00,1.327410960696957076e+00,9.215718466126787689e-18,1.850313988512183039e-01
1.235999999999999988e+00,1.325490032617350877e+00,1.084202172485504434e-17,1.847461132899577418e-01
1.237999999999999989e+00,1.323571926432238755e+00,1.908195823574487804e-17,1.844615672116516336e-01
1.239999999999999991e+00,1.321656643776101703e+00,7.372574772901430151e-18,1.841777650069812977e-01
1.241999999999999993e+00,1.319744186237400640e+00,3.469711649749631158e-18,1.838947110551831798e-01
1.243999999999999995e+00,1.317834555358659898e+00,9.974659986866640793e-18,1.836124097238398534e-01
1.245999999999999996e+00,1.315927752636934400e+00,9.107298248878237246e-18,1.833308653686767931e-01
1.247999999999999998e+00,1.314023779523791902e+00,2.710505431213761085e-18,1.830500823333506832e-01
1.250000000000000000e+00,1.312122637425719773e+00,1.713039432527097006e-17,1.827700649492487173e-01
1.252000000000000002e+00,1.310224327704203162e+00,1.235990476633475055e-17,1.824908175352725204e-01
1.254000000000000004e+00,1.308328851676128224e+00,4.336808689942017736e-19,1.822123443976350066e-01
1.256000000000000005e+00,1.306436210613917126e+00,1.057097118173366823e-17,1.819346498296463555e-01
1.258000000000000007e+00,1.304546405745771409e+00,6.369687763352338550e-19,1.816577381115046241e-01
1.260000000000000009e+00,1.302659438255680868e+00,1.123504501238103970e-17,1.813816135100853877e-01
1.262000000000000011e+00,1.300775309284132319e+00,6.074920297707842032e-18,1.811062802787274384e-01
1.264000000000000012e+00,1.298894019927905319e+00,7.508100044462118206e-18,1.808317426570228703e-01
1.266000000000000014e+00,1.297015571240457632e+00,1.723881454251952050e-17,1.805580048706001417e-01
1.268000000000000016e+00,1.295139964232275176e+00,5.204170427930421283e-18,1.802850711309129939e-01
1.270000000000000018e+00,1.293267199870784978e+00,2.602085213965210642e-18,1.800129456350250678e-01
1.272000000000000020e+00,1.291397279080959137e+00,1.257674520083185143e-17,1.797416325653917180e-01
1.274000000000000021e+00,1.289530202745211795e+00,6.952446431063297183e-18,1.794711360896485974e-01
1.276000000000000023e+00,1.287665971703901846e+00,1.040834085586084257e-17,1.792014603603918066e-01
1.278000000000000025e+00,1.285804586755256551e+00,7.155734338404329264e-18,1.789326095149608720e-01
1.280000000000000027e+00,1.283946048656034122e+00,7.806255641895631925e-18,1.786645876752218365e-01
1.282000000000000028e+00,1.282090358121259044e+00,2.686110882332837235e-17,1.783973989473512933e-01
1.284000000000000030e+00,1.280237515824723005e+00,3.198396408832238080e-18,1.781310474216098727e-01
1.286000000000000032e+00,1.278387522399258458e+00,5.637851296924623057e-18,1.778655371721317435e-01
1.288000000000000034e+00,1.276540378436793688e+00,1.734723475976807094e-17,1.776008722566969344e-01
1.290000000000000036e+00,1.274696084488653014e+00,8.661758918622475267e-18,1.773370567165208911e-01
1.292000000000000037e+00,1.272854641065794823e+00,4.336808689942017736e-19,1.770740945760176932e-01
1.294000000000000039e+00,1.271016048639211249e+00,1.040830115119144002e-17,1.768119898425948855e-01
1.296000000000000041e+00,1.269180307639585337e+00,9.540979117872439019e-18,1.765507465064217740e-01
1.298000000000000043e+00,1.267347418458257380e+00,3.361026734705063745e-18,1.762903685402093246e-01
1.300000000000000044e+00,1.265517381446949585e+00,6.071532165918824830e-18,1.760308598989885065e-01
1.302000000000000046e+00,1.263690196918160424e+00,1.496198998029996119e-17,1.757722245198856670e-01
1.304000000000000048e+00,1.261865865145367138e+00,2.168404344971008868e-18,1.755144663218996537e-01
1.306000000000000050e+00,1.260044386363150082e+00,4.336808689942017736e-18,1.752575892056756901e-01
1.308000000000000052e+00,1.258225760767729184e+00,6.044427111606687220e-18,1.750015970532861620e-01
1.310000000000000053e+00,1.256409988516766774e+00,1.915649713510325647e-17,1.747464937279992747e-01
1.312000000000000055e+00,1.254597069730026604e+00,3.035766082959412415e-18,1.744922830740598396e-01
1.314000000000000057e+00,1.252787004489029243e+00,6.505213034913026604e-18,1.742389689164573763e-01
1.316000000000000059e+00,1.250979792837926041e+00,6.071532165918824830e-18,1.739865550607084810e-01
1.318000000000000060e+00,1.249175434783262872e+00,1.626303258728256651e-18,1.737350452926262334e-01
1.320000000000000062e+00,1.247373930294353173e+00,2.515349040166370287e-17,1.734844433780926842e-01
1.322000000000000064e+00,1.245575279303587024e+00,4.336808689942017736e-19,1.732347530628360333e-01
1.324000000000000066e+00,1.243779481706459578e+00,5.312590645178971727e-18,1.729859780722026175e-01
1.326000000000000068e+00,1.241986537361890797e+00,3.469446951953614189e-18,1.727381221109315912e-01
1.328000000000000069e+00,1.240196446092550531e+00,1.214306433183764966e-17,1.724911888629236667e-01
1.330000000000000071e+00,1.238409207684867397e+00,1.604619215278546562e-17,1.722451819910228443e-01
1.332000000000000073e+00,1.236624821889392933e+00,7.155734338404329264e-18,1.720001051367790468e-01
1.334000000000000075e+00,1.234843288421085816e+00,1.387778780781445676e-17,1.717559619202285726e-01
1.336000000000000076e+00,1.233064606959199949e+00,3.035766082959412415e-18,1.715127559396652790e-01
1.338000000000000078e+00,1.231288777148000335e+00,4.553649124439118623e-18,1.712704907714115710e-01
1.340000000000000080e+00,1.229515798596581888e+00,9.974659986866640793e-18,1.710291699695941081e-01
1.342000000000000082e+00,1.227745670879130557e+00,2.602085213965210642e-18,1.707887970659125454e-01
1.344000000000000083e+00,1.225978393535458011e+00,4.336808689942017736e-19,1.705493755694186819e-01
1.346000000000000085e+00,1.224213966070886173e+00,5.637851296924623057e-18,1.703109089662854514e-01
1.348000000000000087e+00,1.222452387956513675e+00,4.336808689942017736e-18,1.700734007195798536e-01
1.350000000000000089e+00,1.220693658629542711e+00,1.821459649775647449e-17,1.698368542690393834e-01
1.352000000000000091e+00,1.218937777493467323e+00,3.252606517456513302e-18,1.696012730308455729e-01
1.354000000000000092e+00,1.217184743918160450e+00,1.301042606982605321e-18,1.693666603973888463e-01
1.356000000000000094e+00,1.215434557240394398e+00,5.996993266560446401e-18,1.691330197370599087e-01
1.358000000000000096e+00,1.213687216763753796e+00,2.114194236346733646e-17,1.689003543940090502e-01
1.360000000000000098e+00,1.211942721758761721e+00,5.204170427930421283e-18,1.686686676879277091e-01
1.362000000000000099e+00,1.210201071463663069e+00,1.951563910473907981e-17,1.684379629138194334e-01
1.364000000000000101e+00,1.208462265083962706e+00,1.561251128379126385e-17,1.682082433417834977e-01
1.366000000000000103e+00,1.206726301793029421e+00,2.656295322589485863e-18,1.679795122167803967e-01
1.368000000000000105e+00,1.204993180732230940e+00,6.938893903907228378e-18,1.677517727584136864e-01
1.370000000000000107e+00,1.203262901011081354e+00,4.336808689942017736e-18,1.675250281607088554e-01
1.372000000000000108e+00,1.201535461707626595e+00,6.396792817664476161e-18,1.672992815918855070e-01
1.374000000000000110e+00,1.199810861868291667e+00,7.914675859144182368e-18,1.670745361941379514e-01
1.376000000000000112e+00,1.198089100508603622e+00,6.179952383167375274e-18,1.668507950834151321e-01
1.378000000000000114e+00,1.196370176613001490e+00,2.602085213965210642e-18,1.666280613491954721e-01
1.380000000000000115e+00,1.194654089135108066e+00,1.008308020411519124e-17,1.664063380542703530e-01
1.382000000000000117e+00,1.192940836998079845e+00,1.734723475976807094e-18,1.661856282345232916e-01
1.384000000000000119e+00,1.191230419094765125e+00,8.239936510889833698e-18,1.659659348987121141e-01
1.386000000000000121e+00,1.189522834287787489e+00,1.734723475976807094e-18,1.657472610282471337e-01
1.388000000000000123e+00,1.187818081410004112e+00,4.770489558936219510e-18,1.655296095769776821e-01
1.390000000000000124e+00,1.186116159264384962e+00,1.741499739554841497e-18,1.653129834709768931e-01
1.392000000000000126e+00,1.184417066624611437e+00,1.214306433183764966e-17,1.650973856083203517e-01
1.394000000000000128e+00,1.182720802234833002e+00,1.734723475976807094e-18,1.648828188588771504e-01
1.396000000000000130e+00,1.181027364810178781e+00,1.496198998029996119e-17,1.646692860640917855e-01
1.398000000000000131e+00,1.179336753037025787e+00,2.268693045925918028e-17,1.644567900367763513e-01
1.400000000000000133e+00,1.177648965572972273e+00,3.460553106007444035e-18,1.642453335608959064e-01
1.402000000000000135e+00,1.175964001047137941e+00,9.757819552369539906e-18,1.640349193913556158e-01
1.404000000000000137e+00,1.174281858060330919e+00,1.561251128379126385e-17,1.638255502537966091e-01
1.406000000000000139e+00,1.172602535185371053e+00,4.336808689942017736e-19,1.636172288443843159e-01
1.407999999999999918e+00,1.170926030967176956e+00,9.324138683375338132e-18,1.634099578296007438e-01
1.409999999999999920e+00,1.169252343922885018e+00,8.239936510889833698e-18,1.632037398460424726e-01
1.411999999999999922e+00,1.167581472542394749e+00,9.540979117872439019e-18,1.629985775002116555e-01
1.413999999999999924e+00,1.165913415288217791e+00,2.168404344971008868e-19,1.627944733683157064e-01
1.415999999999999925e+00,1.164248170595673315e+00,4.336808689942017736e-19,1.625914299960641851e-01
1.417999999999999927e+00,1.162585736873449349e+00,1.680513367352531873e-18,1.623894498984677359e-01
1.419999999999999929e+00,1.160926112503430474e+00,1.212951180468158086e-17,1.621885355596412170e-01
1.421999999999999931e+00,1.159269295841045988e+00,7.806255641895631925e-18,1.619886894326047211e-01
1.423999999999999932e+00,1.157615285215550571e+00,3.903127820947815962e-18,1.617899139390885088e-01
1.425999999999999934e+00,1.155964078930002970e+00,1.517883041479706208e-18,1.615922114693365552e-01
1.427999999999999936e+00,1.154315675261546659e+00,1.355252715606880543e-17,1.613955843819142588e-01
1.429999999999999938e+00,1.152670072461811301e+00,1.181780368009199833e-17,1.612000350035207863e-01
1.431999999999999940e+00,1.151027268756932287e+00,2.168404344971008868e-18,1.610055656287958104e-01
1.433999999999999941e+00,1.149387262347516980e+00,1.078781161623076912e-17,1.608121785201320486e-01
1.435999999999999943e+00,1.147750051409332173e+00,2.605473345754227843e-18,1.606198759074925486e-01
1.437999999999999945e+00,1.146115634093199276e+00,1.214306433183764966e-17,1.604286599882238096e-01
1.439999999999999947e+00,1.144484008525072483e+00,1.301042606982605321e-17,1.602385329268737613e-01
1.441999999999999948e+00,1.142855172806557462e+00,5.204170427930421283e-18,1.600494968550124908e-01
1.443999999999999950e+00,1.141229125014890045e+00,1.734723475976807094e-18,1.598615538710556339e-01
1.445999999999999952e+00,1.139605863203163594e+00,5.041540102057595618e-18,1.596747060400833529e-01
1.447999999999999954e+00,1.137985385400501315e+00,1.366094737331735587e-17,1.594889553936705839e-01
1.449999999999999956e+00,1.136367689612280074e+00,2.059984127722458425e-18,1.593043039297142305e-01
1.451999999999999957e+00,1.134752773820357774e+00,3.469446951953614189e-18,1.591207536122621335e-01
1.453999999999999959e+00,1.133140635983213684e+00,1.487389855378551395e-17,1.589383063713436239e-01
1.455999999999999961e+00,1.131531274036019497e+00,1.214306433183764966e-17,1.587569641028094003e-01
1.457999999999999963e+00,1.129924685891102953e+00,7.806255641895631925e-18,1.585767286681646904e-01
1.459999999999999964e+00,1.128320869437930085e+00,6.505213034913026604e-18,1.583976018944071862e-01
1.461999999999999966e+00,1.126719822543298832e+00,1.474514954580286030e-17,1.582195855738703916e-01
1.463999999999999968e+00,1.125121543051543327e+00,1.084202172485504434e-17,1.580426814640691069e-01
1.465999999999999970e+00,1.123526028784885611e+00,1.127570259384924611e-17,1.578668912875416941e-01
1.467999999999999972e+00,1.121933277543314844e+00,2.602085213965210642e-18,1.576922167317029999e-01
1.469999999999999973e+00,1.120343287104969221e+00,3.686287386450715076e-18,1.575186594486938652e-01
1.471999999999999975e+00,1.118756055226320711e+00,1.734723475976807094e-17,1.573462210552334928e-01
1.473999999999999977e+00,1.117171579642336710e+00,6.505213034913026604e-19,1.571749031324804480e-01
1.475999999999999979e+00,1.115589858066508455e+00,4.336808689942017736e-18,1.570047072258860532e-01
1.477999999999999980e+00,1.114010888191312887e+00,2.168404344971008868e-18,1.568356348450623827e-01
1.479999999999999982e+00,1.112434667688198431e+00,6.451002926288751382e-18,1.566676874636423467e-01
1.481999999999999984e+00,1.110861194207773295e+00,1.517883041479706208e-18,1.565008665191502113e-01
1.483999999999999986e+00,1.109290465380041724e+00,8.673617379884035472e-18,1.563351734128697601e-01
1.485999999999999988e+00,1.107722478814645584e+00,7.806255641895631925e-18,1.561706095097188940e-01
1.487999999999999989e+00,1.106157232100700938e+00,1.387101154423642235e-17,1.560071761381252586e-01
1.489999999999999991e+00,1.104594722807600959e+00,5.204170427930421283e-18,1.558448745899062571e-01
1.491999999999999993e+00,1.103034948484461708e+00,9.920449878242365571e-18,1.556837061201495342e-01
1.493999999999999995e+00,1.101477906660957018e+00,9.540979117872439019e-18,1.555236719470975693e-01
1.495999999999999996e+00,1.099923594847071584e+00,3.686287386450715076e-18,1.553647732520392344e-01
1.497999999999999998e+00,1.098372010533228860e+00,1.748276003132875900e-18,1.552070111791989948e-01
1.500000000000000000e+00,1.096823151190930545e+00,9.974659986866640793e-18,1.550503868356290504e-01
1.502000000000000002e+00,1.095277014272530991e+00,3.469446951953614189e-18,1.548949012911135792e-01
1.504000000000000004e+00,1.093733597211327790e+00,5.299038118022902921e-18,1.547405555780603514e-01
1.506000000000000005e+00,1.092192897422181730e+00,1.084202172485504434e-17,1.545873506914133277e-01
1.508000000000000007e+00,1.090654912301223689e+00,2.168404344971008868e-18,1.544352875885556253e-01
1.510000000000000009e+00,1.089119639226442615e+00,3.537209587733958216e-18,1.542843671892198953e-01
1.512000000000000011e+00,1.087587075557333804e+00,4.336808689942017736e-18,1.541345903754056390e-01
1.514000000000000012e+00,1.086057218635591681e+00,9.757819552369539906e-18,1.539859579912935261e-01
1.516000000000000014e+00,1.084530065785003217e+00,2.818925648462311528e-18,1.538384708431685677e-01
1.518000000000000016e+00,1.083005614311655762e+00,8.673617379884035472e-19,1.536921296993427333e-01
1.520000000000000018e+00,1.081483861504120014e+00,3.467329369585478438e-18,1.535469352900849516e-01
1.522000000000000020e+00,1.079964804633569031e+00,2.531612072753652853e-17,1.534028883075479743e-01
1.524000000000000021e+00,1.078448440954085541e+00,1.301042606982605321e-18,1.532599894057097289e-01
1.526000000000000023e+00,1.076934767702473650e+00,1.301042606982605321e-17,1.531182392003095361e-01
1.528000000000000025e+00,1.075423782099138137e+00,2.168404344971008868e-18,1.529776382687871028e-01
1.530000000000000027e+00,1.073915481347247791e+00,4.336808689942017736e-19,1.528381871502313138e-01
1.532000000000000028e+00,1.072409862633762145e+00,1.257674520083185143e-17,1.526998863453305488e-01
1.534000000000000030e+00,1.070906923129296473e+00,3.903127820947815962e-18,1.525627363163236105e-01
1.536000000000000032e+00,1.069406659987917507e+00,6.911788849595090767e-18,1.524267374869571756e-01
1.538000000000000034e+00,1.067909070347997869e+00,6.789816105190471518e-18,1.522918902424488519e-01
1.540000000000000036e+00,1.066414151331905202e+00,2.602085213965210642e-18,1.521581949294482927e-01
1.542000000000000037e+00,1.064921900046167380e+00,8.782037597132585915e-18,1.520256518560080816e-01
1.544000000000000039e+00,1.063432313581795796e+00,1.734670536417603701e-18,1.518942612915530344e-01
1.546000000000000041e+00,1.061945389014441687e+00,1.669671345627676828e-17,1.517640234668597710e-01
1.548000000000000043e+00,1.060461123404275341e+00,4.553649124439118623e-18,1.516349385740334565e-01
1.550000000000000044e+00,1.058979513796645122e+00,9.215718466126787689e-19,1.515070067664938125e-01
1.552000000000000046e+00,1.057500557221892734e+00,1.734723475976807094e-18,1.513802281589622933e-01
1.554000000000000048e+00,1.056024250695250188e+00,1.333568672157170454e-17,1.512546028274491250e-01
1.556000000000000050e+00,1.054550591217687128e+00,8.700722434196173083e-18,1.511301308092567186e-01
1.558000000000000052e+00,1.053079575775445420e+00,3.252606517456513302e-18,1.510068121029738142e-01
1.560000000000000053e+00,1.051611201340543644e+00,1.301042606982605321e-18,1.508846466684790610e-01
1.562000000000000055e+00,1.050145464870716694e+00,4.336808689942017736e-19,1.507636344269515372e-01
1.564000000000000057e+00,1.048682363309755061e+00,5.204170427930421283e-18,1.506437752608787428e-01
1.566000000000000059e+00,1.047221893587494179e+00,4.987329993433320396e-18,1.505250690140743919e-01
1.568000000000000060e+00,1.045764052620041795e+00,3.469923407986444733e-18,1.504075154916952595e-01
1.570000000000000062e+00,1.044308837309916527e+00,8.023096076392732812e-18,1.502911144602691318e-01
1.572000000000000064e+00,1.042856244546243261e+00,6.938893903907228378e-18,1.501758656477158171e-01
1.574000000000000066e+00,1.041406271204738943e+00,1.149254302834634700e-17,1.500617687433873360e-01
1.576000000000000068e+00,1.039958914148067848e+00,3.469446951953614189e-18,1.499488233980936225e-01
1.578000000000000069e+00,1.038514170225862898e+00,4.553649124439118623e-18,1.498370292241527346e-01
1.580000000000000071e+00,1.037072036274947706e+00,1.095044194210359478e-17,1.497263857954250210e-01
1.582000000000000073e+00,1.035632509119302824e+00,1.344410693882025498e-17,1.496168926473660510e-01
1.584000000000000075e+00,1.034195585570479636e+00,6.071532165918824830e-18,1.495085492770813762e-01
1.586000000000000076e+00,1.032761262427557725e+00,1.034057822008049854e-17,1.494013551433747700e-01
1.588000000000000078e+00,1.031329536477219477e+00,5.929230630780102373e-21,1.492953096668151458e-01
1.590000000000000080e+00,1.029900404494124899e+00,6.071532165918824830e-18,1.491904122297977309e-01
1.592000000000000082e+00,1.028473863241053721e+00,2.818925648462311528e-18,1.490866621766129552e-01
1.594000000000000083e+00,1.027049909468665589e+00,8.023096076392732812e-18,1.489840588135188937e-01
1.596000000000000085e+00,1.025628539916038307e+00,4.878909776184769953e-18,1.488826014088178717e-01
1.598000000000000087e+00,1.024209751310591443e+00,5.637851296924623057e-18,1.487822891929366509e-01
1.600000000000000089e+00,1.022793540368519771e+00,1.713039432527097006e-17,1.486831213585124711e-01
1.602000000000000091e+00,1.021379903794269239e+00,8.673617379884035472e-18,1.485850970604777610e-01
1.604000000000000092e+00,1.019968838281638313e+00,1.929879867024197893e-17,1.484882154161589196e-01
1.606000000000000094e+00,1.018560340513010587e+00,9.107298248878237246e-18,1.483924755053666611e-01
1.608000000000000096e+00,1.017154407160054674e+00,9.107298248878237246e-18,1.482978763705022074e-01
1.610000000000000098e+00,1.015751034883574988e+00,2.710505431213761085e-20,1.482044170166592345e-01
1.612000000000000099e+00,1.014350220333938069e+00,1.891932790987205237e-17,1.481120964117326466e-01
1.614000000000000101e+00,1.012951960150656916e+00,2.168404344971008868e-18,1.480209134865325404e-01
1.616000000000000103e+00,1.011556250963181469e+00,8.836247705756861137e-18,1.479308671348999182e-01
1.618000000000000105e+00,1.010163089390688995e+00,9.107298248878237246e-18,1.478419562138289511e-01
1.620000000000000107e+00,1.008772472042121393e+00,1.016439536705160407e-17,1.477541795435912686e-01
1.622000000000000108e+00,1.007384395516474740e+00,6.943129068643499879e-18,1.476675359078610250e-01
1.624000000000000110e+00,1.005998856403106601e+00,1.301042606982605321e-18,1.475820240538538719e-01
1.626000000000000112e+00,1.004615851281469574e+00,8.612631007681725848e-18,1.474976426924603512e-01
1.628000000000000114e+00,1.003235376721400840e+00,1.909551076290094684e-17,1.474143904983820086e-01
1.630000000000000115e+00,1.001857429283365519e+00,8.673617379884035472e-18,1.473322661102830222e-01
1.632000000000000117e+00,1.000482005518593454e+00,1.734723475976807094e-18,1.472512681309359750e-01
1.634000000000000119e+00,9.991091019687914354e-01,1.127570259384924611e-17,1.471713951273649901e-01
1.636000000000000121e+00,9.977387151670153997e-01,4.119968255444916849e-18,1.470926456310174268e-01
1.638000000000000123e+00,9.963708416369758680e-01,3.510104533421820605e-18,1.470150181379092647e-01
1.640000000000000124e+00,9.950054778938568489e-01,1.235990476633475055e-17,1.469385111087951057e-01
1.642000000000000126e+00,9.936426204439285925e-01,6.972775221797400391e-18,1.468631229693329321e-01
1.644000000000000128e+00,9.922822657848548999e-01,1.233279971202261294e-17,1.467888521102525545e-01
1.646000000000000130e+00,9.909244104061603053e-01,1.425725856818438331e-17,1.467156968875339418e-01
1.648000000000000131e+00,9.895690507886385490e-01,1.561251293815248896e-17,1.466436556225826360e-01
1.650000000000000133e+00,9.882161834050453564e-01,8.673617379884035472e-18,1.465727266024108022e-01
1.652000000000000135e+00,9.868658047201304129e-01,9.324138683375338132e-18,1.465029080798197769e-01
1.654000000000000137e+00,9.855179111903726863e-01,1.095044194210359478e-17,1.464341982735926917e-01
1.656000000000000139e+00,9.841724992646501136e-01,1.734723475976807094e-18,1.463665953686835719e-01
1.658000000000000140e+00,9.828295653839820289e-01,1.474514954580286030e-17,1.463000975164121531e-01
1.660000000000000142e+00,9.814891059818631192e-01,3.537209587733958216e-18,1.462347028346647204e-01
1.662000000000000144e+00,9.801511174841195384e-01,6.071532165918824830e-18,1.461704094080926442e-01
1.664000000000000146e+00,9.788155963093032597e-01,5.204170427930421283e-18,1.461072152883171882e-01
1.665999999999999925e+00,9.774825388686512184e-01,1.127570259384924611e-17,1.460451184941455038e-01
1.667999999999999927e+00,9.761519415662291976e-01,5.637851296924623057e-18,1.459841170117716358e-01
1.669999999999999929e+00,9.748238007990472909e-01,1.041003492175535117e-17,1.459242087949990385e-01
1.671999999999999931e+00,9.734981129571806946e-01,1.539567084929416296e-17,1.458653917654559318e-01
1.673999999999999932e+00,9.721748744238354334e-01,1.279358563532895232e-17,1.458076638128140423e-01
1.675999999999999934e+00,9.708540815756627751e-01,2.602085213965210642e-18,1.457510227950183646e-01
1.677999999999999936e+00,9.695357307825176463e-01,1.127570259384924611e-17,1.456954665385079284e-01
1.679999999999999938e+00,9.682198184079204850e-01,8.673617379884035472e-18,1.456409928384527208e-01
1.681999999999999940e+00,9.669063408087463785e-01,9.540979117872439019e-18,1.455875994589805045e-01
1.683999999999999941e+00,9.655952943359675800e-01,8.456776945386934585e-18,1.455352841334162095e-01
1.685999999999999943e+00,9.642866753341419184e-01,2.818925648462311528e-18,1.454840445645214086e-01
1.687999999999999945e+00,9.629804801419048488e-01,1.040325865817731676e-17,1.454338784247320160e-01
1.689999999999999947e+00,9.616767050917491844e-01,6.932541156802821125e-18,1.453847833564039238e-01
1.691999999999999948e+00,9.603753465104691855e-01,1.756407519426517183e-17,1.453367569720669383e-01
1.693999999999999950e+00,9.590764007190948348e-01,5.312590645178971727e-18,1.452897968546634500e-01
1.695999999999999952e+00,9.577798640331778302e-01,2.168404344971008868e-18,1.452439005578053666e-01
1.697999999999999954e+00,9.564857327623617067e-01,5.095750210681870840e-18,1.451990656060339890e-01
1.699999999999999956e+00,9.551940032112202772e-01,1.929879867024197893e-17,1.451552894950648709e-01
1.701999999999999957e+00,9.539046716788774916e-01,2.114194236346733646e-17,1.451125696920629593e-01
1.703999999999999959e+00,9.526177344592401397e-01,1.225148454908620010e-17,1.450709036358912574e-01
1.705999999999999961e+00,9.513331878409800879e-01,1.170938346284344789e-17,1.450302887373827176e-01
1.707999999999999963e+00,9.500510281080973840e-01,1.333568672157170454e-17,1.449907223796022271e-01
1.709999999999999964e+00,9.487712515392363599e-01,9.540979117872439019e-18,1.449522019181215815e-01
1.711999999999999966e+00,9.474938544085453884e-01,1.734723475976807094e-18,1.449147246812808321e-01
1.713999999999999968e+00,9.462188329853464808e-01,1.767249541151372227e-17,1.448782879704756388e-01
1.715999999999999970e+00,9.449461835343715421e-01,1.041511711943887697e-17,1.448428890604142594e-01
1.717999999999999972e+00,9.436759023157144100e-01,1.138412281109779656e-18,1.448085251994112033e-01
1.719999999999999973e+00,9.424079855852820486e-01,5.421010862427522170e-18,1.447751936096559611e-01
1.721999999999999975e+00,9.411424295944499363e-01,3.469446951953614189e-18,1.447428914874991090e-01
1.723999999999999977e+00,9.398792305904510869e-01,3.035766082959412415e-18,1.447116160037305588e-01
1.725999999999999979e+00,9.386183848163636156e-01,1.132991270247352134e-17,1.446813643038694919e-01
1.727999999999999980e+00,9.373598885112031098e-01,2.385244779468109755e-17,1.446521335084448856e-01
1.729999999999999982e+00,9.361037379101500022e-01,5.746271514173173500e-18,1.446239207132904436e-01
1.731999999999999984e+00,9.348499292444270026e-01,6.071532165918824830e-18,1.445967229898232620e-01
1.733999999999999986e+00,9.335984587415104841e-01,1.904130065427667162e-17,1.445705373853490017e-01
1.735999999999999988e+00,9.323493226252850263e-01,3.848917712323540741e-18,1.445453609233406378e-01
1.737999999999999989e+00,9.311025171159510450e-01,1.582935171828836474e-17,1.445211906037388583e-01
1.739999999999999991e+00,9.298580384303853918e-01,1.040834085586084257e-17,1.444980234032524624e-01
1.741999999999999993e+00,9.286158827818589145e-01,9.866239769618090349e-18,1.444758562756413844e-01
1.743999999999999995e+00,9.273760463805320597e-01,2.341876692568689577e-17,1.444546861520276115e-01
1.745999999999999996e+00,9.261385254332470396e-01,5.963111948670274387e-18,1.444345099411861733e-01
1.747999999999999998e+00,9.249033161438227069e-01,1.301042606982605321e-18,1.444153245298507304e-01
1.750000000000000000e+00,9.236704147129142228e-01,3.632077277826439854e-18,1.443971267830082561e-01
1.752000000000000002e+00,9.224398173382972743e-01,9.649399335120989463e-18,1.443799135442082326e-01
1.754000000000000004e+00,9.212115202149249171e-01,7.806255641895631925e-18,1.443636816358583874e-01
1.756000000000000005e+00,9.199855195348547454e-01,9.107298248878237246e-18,1.443484278595385528e-01
1.758000000000000007e+00,9.187618114876467956e-01,8.375461782450521753e-18,1.443341489962929047e-01
1.760000000000000009e+00,9.175403922601592654e-01,9.107298248878237246e-18,1.443208418069486521e-01
1.762000000000000011e+00,9.163212580365254212e-01,1.864827736675067626e-17,1.443085030324111062e-01
1.764000000000000012e+00,9.151044049987913098e-01,1.040834085586084257e-17,1.442971293939799837e-01
1.766000000000000014e+00,9.138898293264965389e-01,4.336808689942017736e-18,1.442867175936492219e-01
1.768000000000000016e+00,9.126775271969318482e-01,1.366094737331735587e-17,1.442772643144188405e-01
1.770000000000000018e+00,9.114674947851462150e-01,5.204170427930421283e-18,1.442687662206070531e-01
1.772000000000000020e+00,9.102597282641404774e-01,8.673617379884035472e-18,1.442612199581521093e-01
1.774000000000000021e+00,9.090542238048442414e-01,2.043721095135175858e-17,1.442546221549274588e-01
1.776000000000000023e+00,9.078509775762846346e-01,1.994931997373328159e-17,1.442489694210473961e-01
1.778000000000000025e+00,9.066499857456449263e-01,5.637851296924623057e-18,1.442442583491818364e-01
1.780000000000000027e+00,9.054512444782538694e-01,2.428612866367529932e-17,1.442404855148625153e-01
1.782000000000000028e+00,9.042547499378343900e-01,1.344410693882025498e-17,1.442376474767949057e-01
1.784000000000000030e+00,9.030604982863579266e-01,4.119968255444916849e-18,1.442357407771694966e-01
1.786000000000000032e+00,9.018684856843659503e-01,5.637851296924623057e-18,1.442347619419710181e-01
1.788000000000000034e+00,9.006787082908349618e-01,1.040685854820314754e-17,1.442347074812885821e-01
1.790000000000000036e+00,8.994911622634145232e-01,1.084202172485504434e-19,1.442355738896299311e-01
1.792000000000000037e+00,8.983058437584485745e-01,1.127570259384924611e-17,1.442373576462267493e-01
1.794000000000000039e+00,8.971227489308244429e-01,3.252606517456513302e-18,1.442400552153473570e-01
1.796000000000000041e+00,8.959418739345501592e-01,2.085733929318989155e-17,1.442436630466084613e-01
1.798000000000000043e+00,8.947632149224684639e-01,1.517883041479706208e-18,1.442481775752818551e-01
1.800000000000000044e+00,8.935867680462070695e-01,1.029992063861229212e-17,1.442535952226036977e-01
1.802000000000000046e+00,8.924125294567080147e-01,1.919037845299342848e-17,1.442599123960871532e-01
1.804000000000000048e+00,8.912404953037835753e-01,8.578749689791553834e-18,1.442671254898262034e-01
1.806000000000000050e+00,8.900706617367024620e-01,2.168404344971008868e-18,1.442752308848083975e-01
1.808000000000000052e+00,8.889030249037830345e-01,5.854691731421723944e-18,1.442842249492183315e-01
1.810000000000000053e+00,8.877375809528125217e-01,1.414883835093583286e-17,1.442941040387487328e-01
1.812000000000000055e+00,8.865743260308924789e-01,1.561251128379126385e-17,1.443048644969028016e-01
1.814000000000000057e+00,8.854132562846785959e-01,1.084202172485504434e-17,1.443165026553016317e-01
1.816000000000000059e+00,8.842543678603007606e-01,3.469446951953614189e-18,1.443290148339904655e-01
1.818000000000000060e+00,8.830976569036366186e-01,6.505213034913026604e-18,1.443423973417425898e-01
1.820000000000000062e+00,8.819431195600770934e-01,8.023096076392732812e-18,1.443566464763587354e-01
1.822000000000000064e+00,8.807907519749242908e-01,1.517883041479706208e-18,1.443717585249766622e-01
1.824000000000000066e+00,8.796405502932351794e-01,2.114194236346733646e-18,1.443877297643661461e-01
1.826000000000000068e+00,8.784925106598215905e-01,5.204170427930421283e-18,1.444045564612341792e-01
1.828000000000000069e+00,8.773466292196534511e-01,1.734723475976807094e-17,1.444222348725226757e-01
1.830000000000000071e+00,8.762029021175887777e-01,7.806255641895631925e-18,1.444407612457057344e-01
1.832000000000000073e+00,8.750613254987165135e-01,2.276824562219559311e-18,1.444601318190921746e-01
1.834000000000000075e+00,8.739218955080652051e-01,1.474514954580286030e-17,1.444803428221164421e-01
1.836000000000000076e+00,8.727846082909813674e-01,6.505213034913026604e-18,1.445013904756366485e-01
1.838000000000000078e+00,8.716494599931436937e-01,2.602085213965210642e-18,1.445232709922285863e-01
1.840000000000000080e+00,8.705164467604937784e-01,9.107298248878237246e-18,1.445459805764796879e-01
1.842000000000000082e+00,8.693855647393711195e-01,3.035766082959412415e-18,1.445695154252781001e-01
1.844000000000000083e+00,8.682568100766019370e-01,5.421010862427522170e-19,1.445938717281012309e-01
1.846000000000000085e+00,8.671301789195080545e-01,5.204170427930421283e-18,1.446190456673132341e-01
1.848000000000000087e+00,8.660056674161360490e-01,1.084202172485504434e-17,1.446450334184436193e-01
1.850000000000000089e+00,8.648832717148895455e-01,1.843143693225357538e-17,1.446718311504760768e-01
1.852000000000000091e+00,8.637629879651385068e-01,0.000000000000000000e+00,1.446994350261349704e-01
1.854000000000000092e+00,8.626448123169545568e-01,6.505213034913026604e-18,1.447278412021661964e-01
1.856000000000000094e+00,8.615287409212211145e-01,3.469446951953614189e-18,1.447570458296217333e-01
1.858000000000000096e+00,8.604147699296174068e-01,9.974659986866640793e-18,1.447870450541346998e-01
1.860000000000000098e+00,8.593028954949311071e-01,9.920449878242365571e-18,1.448178350162021288e-01
1.862000000000000099e+00,8.581931137707403678e-01,4.336808689942017736e-18,1.448494118514609408e-01
1.864000000000000101e+00,8.570854209119325162e-01,1.441988889405720897e-17,1.448817716909620579e-01
1.866000000000000103e+00,8.559798130743718758e-01,8.673617379884035472e-19,1.449149106614445459e-01
1.868000000000000105e+00,8.548762864149921370e-01,1.734723475976807094e-18,1.449488248856060923e-01
1.870000000000000107e+00,8.537748370921196539e-01,3.144186300207962859e-18,1.449835104823740395e-01
1.872000000000000108e+00,8.526754612652105436e-01,8.239936510889833698e-18,1.450189635671750854e-01
1.874000000000000110e+00,8.515781550953018808e-01,1.973247953923618070e-17,1.450551802521991285e-01
1.876000000000000112e+00,8.504829147445036597e-01,5.204170427930421283e-18,1.450921566466643331e-01
1.878000000000000114e+00,8.493897363765459119e-01,8.023096076392732812e-18,1.451298888570811685e-01
1.880000000000000115e+00,8.482986161567449557e-01,8.673617379884035472e-18,1.451683729875104523e-01
1.882000000000000117e+00,8.472095502518133259e-01,5.637851296924623057e-18,1.452076051398279721e-01
1.884000000000000119e+00,8.461225348300001059e-01,1.736417541871315695e-18,1.452475814139731758e-01
1.886000000000000121e+00,8.450375660614284357e-01,9.540979117872439019e-18,1.452882979082103232e-01
1.888000000000000123e+00,8.439546401177047130e-01,1.994931997373328159e-17,1.453297507193796190e-01
1.890000000000000124e+00,8.428737531724461718e-01,3.469446951953614189e-18,1.453719359431501212e-01
1.892000000000000126e+00,8.417949014007941599e-01,9.324138683375338132e-18,1.454148496742650176e-01
1.894000000000000128e+00,8.407180809800003374e-01,5.014435047745458007e-18,1.454584880067893715e-01
1.896000000000000130e+00,8.396432880890163375e-01,7.806255641895631925e-18,1.455028470343593672e-01
1.898000000000000131e+00,8.385705189088419331e-01,1.040834085586084257e-17,1.455479228504185096e-01
1.900000000000000133e+00,8.374997696226014199e-01,9.540979117872439019e-18,1.455937115484658706e-01
1.902000000000000135e+00,8.364310364151137378e-01,1.040834085586084257e-17,1.456402092222867928e-01
1.904000000000000137e+00,8.353643154737735443e-01,1.431146867680865853e-17,1.456874119661948075e-01
1.906000000000000139e+00,8.342996029877536301e-01,8.673617379884035472e-19,1.457353158752642264e-01
1.908000000000000140e+00,8.332368951485946695e-01,9.974659986866640793e-18,1.457839170455623168e-01
1.910000000000000142e+00,8.321761881500489011e-01,6.505213034913026604e-18,1.458332115743794510e-01
1.912000000000000144e+00,8.311174781882364471e-01,1.029992063861229212e-17,1.458831955604562858e-01
1.914000000000000146e+00,8.300607614613877416e-01,1.691355389077386917e-17,1.459338651042100532e-01
1.916000000000000147e+00,8.290060341703000546e-01,1.301042606982605321e-17,1.459852163079580489e-01
1.918000000000000149e+00,8.279532925182042646e-01,8.782037597132585915e-18,1.460372452761385942e-01
1.919999999999999929e+00,8.269025327106707124e-01,6.952446431063297183e-18,1.460899481155281121e-01
1.921999999999999931e+00,8.258537509559094048e-01,2.770136550700463829e-17,1.461433209354622287e-01
1.923999999999999932e+00,8.248069434646172482e-01,3.469446951953614189e-18,1.461973598480431624e-01
1.925999999999999934e+00,8.237621064501698953e-01,1.235990476633475055e-17,1.462520609683609363e-01
1.927999999999999936e+00,8.227192361284387800e-01,1.897353801849632760e-17,1.463074204146952439e-01
1.929999999999999938e+00,8.216783287181463891e-01,2.602085213965210642e-17,1.463634343087273637e-01
1.931999999999999940e+00,8.206393804406868497e-01,1.951563910473907981e-18,1.464200987757431072e-01
1.933999999999999941e+00,8.196023875201721154e-01,1.647987302177966740e-17,1.464774099448358791e-01
1.935999999999999943e+00,8.185673461836113773e-01,2.992397996059992238e-17,1.465353639491115689e-01
1.937999999999999945e+00,8.175342526607991545e-01,1.734723475976807094e-18,1.465939569258799535e-01
1.939999999999999947e+00,8.165031031844307563e-01,7.806255641895631925e-18,1.466531850168574791e-01
1.941999999999999948e+00,8.154738939901520212e-01,2.471980953266950110e-17,1.467130443683534735e-01
1.943999999999999950e+00,8.144466213166250412e-01,7.806255641895631925e-18,1.467735311314719848e-01
1.945999999999999952e+00,8.134212814054588847e-01,1.745565497701662139e-17,1.468346414622880292e-01
1.947999999999999954e+00,8.123978705013943369e-01,3.903127820947815962e-18,1.468963715220460708e-01
1.949999999999999956e+00,8.113763848521458044e-01,5.637851296924623057e-18,1.469587174773371030e-01
1.951999999999999957e+00,8.103568207086411235e-01,4.336808689942017736e-18,1.470216755002829445e-01
1.953999999999999959e+00,8.093391743249291892e-01,6.938890181594471889e-18,1.470852417687162073e-01
1.955999999999999961e+00,8.083234419582954189e-01,1.485356976305141075e-17,1.471494124663572656e-01
1.957999999999999963e+00,8.073096198692919501e-01,4.336808689942017736e-19,1.472141837829891442e-01
1.959999999999999964e+00,8.062977043216648099e-01,9.269928574751062911e-18,1.472795519146319343e-01
1.961999999999999966e+00,8.052876915826239212e-01,2.059984127722458425e-18,1.473455130637096044e-01
1.963999999999999968e+00,8.042795779224771735e-01,5.854691731421723944e-18,1.474120634392213081e-01
1.965999999999999970e+00,8.032733596152539235e-01,9.107298248878237246e-18,1.474791992569071120e-01
1.967999999999999972e+00,8.022690329381010343e-01,1.040834085586084257e-17,1.475469167394080627e-01
1.969999999999999973e+00,8.012665941717393991e-01,5.854691731421723944e-18,1.476152121164324704e-01
1.971999999999999975e+00,8.002660396004639409e-01,0.000000000000000000e+00,1.476840816249072041e-01
1.973999999999999977e+00,7.992673655120121623e-01,1.738789234123627736e-17,1.477535215091435872e-01
1.975999999999999979e+00,7.982705681975392764e-01,2.005774019098183203e-17,1.478235280209825864e-01
1.977999999999999980e+00,7.972756439520995997e-01,4.336808689942017736e-18,1.478940974199533798e-01
1.979999999999999982e+00,7.962825890741260793e-01,5.041540102057595618e-18,1.479652259734172415e-01
1.981999999999999984e+00,7.952913998659223438e-01,1.633079522306291054e-18,1.480369099567221403e-01
1.983999999999999986e+00,7.943020726332097325e-01,1.216339312257175287e-17,1.481091456533384920e-01
1.985999999999999988e+00,7.933146036856051353e-01,1.062518129035794345e-17,1.481819293550086236e-01
1.987999999999999989e+00,7.923289893364700021e-01,1.734723475976807094e-18,1.482552573618854952e-01
1.989999999999999991e+00,7.913452259029494229e-01,3.469446951953614189e-18,1.483291259826688691e-01
1.991999999999999993e+00,7.903633097059259427e-01,3.903127820947815962e-18,1.484035315347446982e-01
1.993999999999999995e+00,7.893832370703428580e-01,6.071532165918824830e-18,1.484784703443152165e-01
1.995999999999999996e+00,7.884050043247210482e-01,1.235990476633475055e-17,1.485539387465310834e-01
1.997999999999999998e+00,7.874286078016776713e-01,1.734723475976807094e-18,1.486299330856231393e-01
2.000000000000000000e+00,7.864540438377574105e-01,7.535205098774255816e-18,1.487064497150267228e-01
2.002000000000000224e+00,7.854813087733880650e-01,8.023096076392732812e-18,1.487834849975070706e-01
2.004000000000000004e+00,7.845103989531452271e-01,3.464364754270088387e-18,1.488610353052807478e-01
2.006000000000000227e+00,7.835413107254129983e-01,4.336808689942017736e-18,1.489390970201383002e-01
2.008000000000000007e+00,7.825740404428618291e-01,1.084202172485504434e-17,1.490176665335610218e-01
2.010000000000000231e+00,7.816085844620168643e-01,1.084202172485504434e-17,1.490967402468353353e-01
2.012000000000000011e+00,7.806449391437038088e-01,3.469380777504609947e-18,1.491763145711711980e-01
2.014000000000000234e+00,7.796831008528162243e-01,2.515349040166370287e-17,1.492563859278065730e-01
2.016000000000000014e+00,7.787230659583617154e-01,5.637851296924623057e-18,1.493369507481245861e-01
2.018000000000000238e+00,7.777648308336040373e-01,7.806255641895631925e-18,1.494180054737562768e-01
2.020000000000000018e+00,7.768083918558925660e-01,6.071532165918824830e-18,1.494995465566850423e-01
2.022000000000000242e+00,7.758537454070353334e-01,3.469446951953614189e-18,1.495815704593547735e-01
2.024000000000000021e+00,7.749008878729668481e-01,1.221082696761799369e-17,1.496640736547653616e-01
2.026000000000000245e+00,7.739498156439577059e-01,3.903127820947815962e-18,1.497470526265752833e-01
2.028000000000000025e+00,7.730005251145826151e-01,6.938893903907228378e-18,1.498305038691962743e-01
2.030000000000000249e+00,7.720530126836475660e-01,5.637851296924623057e-18,1.499144238878906688e-01
2.032000000000000028e+00,7.711072747546445783e-01,3.469446951953614189e-18,1.499988091988612438e-01
2.034000000000000252e+00,7.701633077352170176e-01,5.204170427930421283e-18,1.500836563293438397e-01
2.036000000000000032e+00,7.692211080373247967e-01,6.911788849595090767e-18,1.501689618176976493e-01
2.038000000000000256e+00,7.682806720776156340e-01,7.155734338404329264e-18,1.502547222134878457e-01
2.040000000000000036e+00,7.673419962771657055e-01,1.734723475976807094e-17,1.503409340775747338e-01
2.042000000000000259e+00,7.664050770612753638e-01,6.938893903907228378e-18,1.504275939821933528e-01
2.044000000000000039e+00,7.654699108601636937e-01,1.761828530288944705e-18,1.505146985110353552e-01
2.046000000000000263e+00,7.645364941082331001e-01,1.170938346284344789e-17,1.506022442593300259e-01
2.048000000000000043e+00,7.636048232446182027e-01,0.000000000000000000e+00,1.506902278339186385e-01
2.049999999999999822e+00,7.626748947129815548e-01,1.647987302177966740e-17,1.507786458533308949e-01
2.052000000000000046e+00,7.617467049616966079e-01,1.084202172485504434e-17,1.508674949478568950e-01
2.053999999999999826e+00,7.608202504435617186e-01,1.387778780781445676e-17,1.509567717596214109e-01
2.056000000000000050e+00,7.598955276161802885e-01,8.673723259002442260e-18,1.510464729426494457e-01
2.057999999999999829e+00,7.589725329417031929e-01,1.192622389734054877e-18,1.511365951629364546e-01
2.060000000000000053e+00,7.580512628870366143e-01,2.602085213965210642e-18,1.512271350985157636e-01
2.061999999999999833e+00,7.571317139237727645e-01,1.531435568635775013e-17,1.513180894395171894e-01
2.064000000000000057e+00,7.562138825282396226e-01,3.035766082959412415e-18,1.514094548882360669e-01
2.065999999999999837e+00,7.552977651814654081e-01,1.279358563532895232e-17,1.515012281591873178e-01
2.068000000000000060e+00,7.543833583693331235e-01,1.192622389734054877e-17,1.515934059791690103e-01
2.069999999999999840e+00,7.534706585824455516e-01,8.470329472543003391e-21,1.516859850873163440e-01
2.072000000000000064e+00,7.525596623162034149e-01,5.434563389583590975e-18,1.517789622351596035e-01
2.073999999999999844e+00,7.516503660708302448e-01,6.071532165918824830e-18,1.518723341866737853e-01
2.076000000000000068e+00,7.507427663513190907e-01,4.336808689942017736e-19,1.519660977183343586e-01
2.077999999999999847e+00,7.498368596678197662e-01,1.322726650432315409e-17,1.520602496191643116e-01
2.080000000000000071e+00,7.489326425349602800e-01,0.000000000000000000e+00,1.521547866907856095e-01
2.081999999999999851e+00,7.480301114725627087e-01,3.035766082959412415e-18,1.522497057474630766e-01
2.084000000000000075e+00,7.471292630050925254e-01,2.732189474663471174e-17,1.523450036161528576e-01
2.085999999999999854e+00,7.462300936621613090e-01,1.756407519426517183e-17,1.524406771365414137e-01
2.088000000000000078e+00,7.453325999783082523e-01,8.673617379884035472e-18,1.525367231610917917e-01
2.089999999999999858e+00,7.444367784930303600e-01,7.589415207398531038e-18,1.526331385550817876e-01
2.092000000000000082e+00,7.435426257506243530e-01,6.505213034913026604e-19,1.527299201966436093e-01
2.093999999999999861e+00,7.426501383006183232e-01,1.387778780781445676e-17,1.528270649768017908e-01
2.096000000000000085e+00,7.417593126973809348e-01,5.204170427930421283e-18,1.529245697995061659e-01
2.097999999999999865e+00,7.408701455004838010e-01,4.336808689942017736e-18,1.530224315816709202e-01
2.100000000000000089e+00,7.399826332742787116e-01,9.974659986866640793e-18,1.531206472532009033e-01
2.101999999999999869e+00,7.390967725885211337e-01,1.737264574818569995e-18,1.532192137570311807e-01
2.104000000000000092e+00,7.382125600177431579e-01,4.553649124439118623e-18,1.533181280491470733e-01
2.105999999999999872e+00,7.373299921417384439e-01,1.713039432527097006e-17,1.534173870986197674e-01
2.108000000000000096e+00,7.364490655452744505e-01,1.561251128379126385e-17,1.535169878876326832e-01
2.109999999999999876e+00,7.355697768183215857e-01,1.301042606982605321e-17,1.536169274115046224e-01
2.112000000000000099e+00,7.346921225560478774e-01,1.195332895165268638e-17,1.537172026787125279e-01
2.113999999999999879e+00,7.338160993585542968e-01,1.040834085586084257e-17,1.538178107109181292e-01
2.116000000000000103e+00,7.329417038313206234e-01,2.688821387764050996e-17,1.539187485429900082e-01
2.117999999999999883e+00,7.320689325849265572e-01,7.372574772901430151e-18,1.540200132230170049e-01
2.120000000000000107e+00,7.311977822350996803e-01,2.602085213965210642e-17,1.541216018123332809e-01
2.121999999999999886e+00,7.303282494028096039e-01,1.626303258728256651e-17,1.542235113855345563e-01
2.124000000000000110e+00,7.294603307140921089e-01,1.856696220381426343e-18,1.543257390304914323e-01
2.125999999999999890e+00,7.285940228005021169e-01,6.722053469410127491e-18,1.544282818483686537e-01
2.128000000000000114e+00,7.277293222985683485e-01,1.301042606982605321e-18,1.545311369536323531e-01
2.129999999999999893e+00,7.268662258502924800e-01,1.626303258728256651e-19,1.546343014740715061e-01
2.132000000000000117e+00,7.260047301026553157e-01,1.301042606982605321e-18,1.547377725507994850e-01
2.133999999999999897e+00,7.251448317081869988e-01,6.505213034913026604e-18,1.548415473382694363e-01
2.136000000000000121e+00,7.242865273244518676e-01,1.734723475976807094e-18,1.549456230042833838e-01
2.137999999999999901e+00,7.234298136146062319e-01,1.387778780781445676e-17,1.550499967299960591e-01
2.140000000000000124e+00,7.225746872468281623e-01,1.095044194210359478e-17,1.551546657099248938e-01
2.141999999999999904e+00,7.217211448947953301e-01,1.279358563532895232e-17,1.552596271519536275e-01
2.144000000000000128e+00,7.208691832374700681e-01,5.204170427930421283e-18,1.553648782773358328e-01
2.145999999999999908e+00,7.200187989591402271e-01,7.697835424647081481e-18,1.554704163206989398e-01
2.148000000000000131e+00,7.191699887493978594e-01,6.830473686658677934e-18,1.555762385300454298e-01
2.149999999999999911e+00,7.183227493032404709e-01,1.170938346284344789e-17,1.556823421667543061e-01
2.152000000000000135e+00,7.174770773210887853e-01,1.734723475976807094e-18,1.557887245055819270e-01
2.153999999999999915e+00,7.166329695086961493e-01,1.431146867680865853e-17,1.558953828346557602e-01
2.156000000000000139e+00,7.157904225771805073e-01,2.547875105340935420e-17,1.560023144554800179e-01
2.157999999999999918e+00,7.149494332431398647e-01,7.074419175467916432e-18,1.561095166829232495e-01
2.160000000000000142e+00,7.141099982285030734e-01,2.862293735361731706e-17,1.562169868452209787e-01
2.161999999999999922e+00,7.132721142606222031e-01,5.637851296924623057e-18,1.563247222839688477e-01
2.164000000000000146e+00,7.124357780722281319e-01,1.734723475976807094e-18,1.564327203541118483e-01
2.165999999999999925e+00,7.116009864016259456e-01,1.734723475976807094e-18,1.565409784239438495e-01
2.168000000000000149e+00,7.107677359924924332e-01,3.604972223514302243e-18,1.566494938750933874e-01
2.169999999999999929e+00,7.099360235939222719e-01,8.673617379884035472e-19,1.567582641025185575e-01
2.172000000000000153e+00,7.091058459605559250e-01,2.298508605669269400e-17,1.568672865144943307e-01
2.173999999999999932e+00,7.082771998523913481e-01,3.469446951953614189e-18,1.569765585326038659e-01
2.176000000000000156e+00,7.074500820350255736e-01,1.864827736675067626e-17,1.570860775917243268e-01
2.177999999999999936e+00,7.066244892793953625e-01,1.344410693882025498e-17,1.571958411400140310e-01
2.180000000000000160e+00,7.058004183621076066e-01,3.686287386450715076e-18,1.573058466389034016e-01
2.181999999999999940e+00,7.049778660650751760e-01,1.073360150760649390e-17,1.574160915630734292e-01
2.184000000000000163e+00,7.041568291758029119e-01,1.038123580154870496e-17,1.575265734004466234e-01
2.185999999999999943e+00,7.033373044873627578e-01,7.806255641895631925e-18,1.576372896521665012e-01
2.188000000000000167e+00,7.025192887982818490e-01,9.757819552369539906e-19,1.577482378325829604e-01
2.189999999999999947e+00,7.017027789126508708e-01,4.336808689942017736e-19,1.578594154692355145e-01
2.192000000000000171e+00,7.008877716400156999e-01,4.336808689942017736e-19,1.579708201028322545e-01
2.193999999999999950e+00,7.000742637955053027e-01,3.469446951953614189e-18,1.580824492872309472e-01
2.196000000000000174e+00,6.992622521998388407e-01,6.071532165918824830e-18,1.581943005894229926e-01
2.197999999999999954e+00,6.984517336792173126e-01,2.602085213965210642e-18,1.583063715895066670e-01
2.200000000000000178e+00,6.976427050654674389e-01,8.592302216947622640e-18,1.584186598806688329e-01
2.201999999999999957e+00,6.968351631958196180e-01,2.049142105997603380e-17,1.585311630691657592e-01
2.204000000000000181e+00,6.960291049133324748e-01,1.127570259384924611e-17,1.586438787742952550e-01
2.205999999999999961e+00,6.952245270664096921e-01,3.469446951953614189e-18,1.587568046283738266e-01
2.208000000000000185e+00,6.944214265091162019e-01,3.469461014024027590e-18,1.588699382767181922e-01
2.209999999999999964e+00,6.936198001010946967e-01,1.761828530288944705e-18,1.589832773776109209e-01
2.212000000000000188e+00,6.928196447075549713e-01,6.938893903907228378e-18,1.590968196022854719e-01
2.213999999999999968e+00,6.920209571993325426e-01,6.505213034913026604e-18,1.592105626348909453e-01
2.216000000000000192e+00,6.912237344528424643e-01,5.637851296924623057e-18,1.593245041724730693e-01
2.217999999999999972e+00,6.904279733501521576e-01,8.239936510889833698e-18,1.594386419249380071e-01
2.220000000000000195e+00,6.896336707787842357e-01,1.084202172485504434e-17,1.595529736150358979e-01
2.221999999999999975e+00,6.888408236319865097e-01,6.938893903907228378e-18,1.596674969783213327e-01
2.224000000000000199e+00,6.880494288085703403e-01,2.493664996716660198e-18,1.597822097631309557e-01
2.225999999999999979e+00,6.872594832131042608e-01,8.673617379884035472e-19,1.598971097305526001e-01
2.228000000000000203e+00,6.864709837555889038e-01,1.680513367352531873e-18,1.600121946543951179e-01
2.229999999999999982e+00,6.856839273516346367e-01,9.757819552369539906e-19,1.601274623211552950e-01
2.232000000000000206e+00,6.848983109227297916e-01,9.974659986866640793e-18,1.602429105299895684e-01
2.233999999999999986e+00,6.841141313955905190e-01,5.746271514173173500e-18,1.603585370926795539e-01
2.236000000000000210e+00,6.833313857030081095e-01,1.474514954580286030e-17,1.604743398336060112e-01
2.237999999999999989e+00,6.825500707831437808e-01,1.903452439069863722e-17,1.605903165897078488e-01
2.240000000000000213e+00,6.817701835797631560e-01,5.963111948670274387e-18,1.607064652104542579e-01
2.241999999999999993e+00,6.809917210424298872e-01,1.062518129035794345e-17,1.608227835578090736e-01
2.244000000000000217e+00,6.802146801263724285e-01,1.559557062484617784e-17,1.609392695061986067e-01
2.245999999999999996e+00,6.794390577922175822e-01,8.727827488508310694e-18,1.610559209424743399e-01
2.248000000000000220e+00,6.786648510064310358e-01,8.673617379884035472e-19,1.611727357658785664e-01
2.250000000000000000e+00,6.778920567410935405e-01,2.233456475320139134e-17,1.612897118880123326e-01
2.252000000000000224e+00,6.771206719740128221e-01,3.489775742687717397e-18,1.614068472327967185e-01
2.254000000000000004e+00,6.763506936884482457e-01,6.505213034913026604e-18,1.615241397364337861e-01
2.256000000000000227e+00,6.755821188734625338e-01,3.057450126409122504e-17,1.616415873473762976e-01
2.258000000000000007e+00,6.748149445237885402e-01,1.734723475976807094e-18,1.617591880262876924e-01
2.260000000000000231e+00,6.740491676398114862e-01,4.119968255444916849e-18,1.618769397460015358e-01
2.262000000000000011e+00,6.732847852274677081e-01,7.372574772901430151e-18,1.619948404914902107e-01
2.264000000000000234e+00,6.725217942984436093e-01,6.234162491791650496e-19,1.621128882598217302e-01
2.266000000000000014e+00,6.717601918700442098e-01,2.168404344971008868e-18,1.622310810601224895e-01
2.268000000000000238e+00,6.709999749652659773e-01,3.469446951953614189e-18,1.623494169135403509e-01
2.270000000000000018e+00,6.702411406128838678e-01,8.836247705756861137e-18,1.624678938532027606e-01
2.272000000000000242e+00,6.694836858470054608e-01,1.734892882566257954e-17,1.625865099241801115e-01
2.274000000000000021e+00,6.687276077077761727e-01,3.794707603699265519e-18,1.627052631834432217e-01
2.276000000000000245e+00,6.679729032407824008e-01,1.238700982064688816e-17,1.628241516998250038e-01
2.278000000000000025e+00,6.672195694973357405e-01,5.194006032563369679e-18,1.629431735539806636e-01
2.280000000000000249e+00,6.664676035344037075e-01,6.938893903907228378e-18,1.630623268383441515e-01
2.282000000000000028e+00,6.657170024147021081e-01,7.372574772901430151e-18,1.631816096570925800e-01
2.284000000000000252e+00,6.649677632064534549e-01,1.843143693225357538e-17,1.633010201260970407e-01
2.286000000000000032e+00,6.642198829836356566e-01,4.770489558936219510e-18,1.634205563728904076e-01
2.288000000000000256e+00,6.634733588259287274e-01,5.204170427930421283e-18,1.635402165366169336e-01
2.290000000000000036e+00,6.627281878186188635e-01,8.023096076392732812e-18,1.636599987679992763e-01
2.292000000000000259e+00,6.619843670526428525e-01,5.204170427930421283e-18,1.637799012292880385e-01
2.294000000000000039e+00,6.612418936247124179e-01,1.886511780124777715e-17,1.638999220942234658e-01
2.296000000000000263e+00,6.605007646370015806e-01,7.372574772901430151e-18,1.640200595479927581e-01
2.298000000000000043e+00,6.597609771974557447e-01,1.040913494924889347e-17,1.641403117871868267e-01
2.300000000000000266e+00,6.590225284199764388e-01,5.637851296924623057e-18,1.642606770197563848e-01
2.302000000000000046e+00,6.582854154234993871e-01,1.653408313040394262e-18,1.643811534649718131e-01
2.304000000000000270e+00,6.575496353331011790e-01,1.301042606982605321e-18,1.645017393533730055e-01
2.306000000000000050e+00,6.568151852794059664e-01,1.680513367352531873e-18,1.646224329267357567e-01
2.307999999999999829e+00,6.560820623985659239e-01,2.515349040166370287e-17,1.647432324380175006e-01
2.310000000000000053e+00,6.553502638325596763e-01,1.387863484076171106e-17,1.648641361513220882e-01
2.311999999999999833e+00,6.546197867290377559e-01,8.673617379884035472e-19,1.649851423418497998e-01
2.314000000000000057e+00,6.538906282410135162e-01,1.301042606982605321e-18,1.651062492958542405e-01
2.315999999999999837e+00,6.531627855274315664e-01,1.908195823574487804e-17,1.652274553106028443e-01
2.318000000000000060e+00,6.524362557529137518e-01,1.387778780781445676e-17,1.653487586943233334e-01
2.319999999999999840e+00,6.517110360874447395e-01,3.252606517456513302e-19,1.654701577661674694e-01
2.322000000000000064e+00,6.509871237069884131e-01,1.387778780781445676e-17,1.655916508561625089e-01
2.323999999999999844e+00,6.502645157928643727e-01,1.301042606982605321e-18,1.657132363051647128e-01
2.326000000000000068e+00,6.495432095323057098e-01,4.878909776184769953e-18,1.658349124648181849e-01
2.327999999999999847e+00,6.488232021179332065e-01,9.107298248878237246e-18,1.659566776975058833e-01
2.330000000000000071e+00,6.481044907481017248e-01,1.185846126156020475e-20,1.660785303763066545e-01
2.331999999999999851e+00,6.473870726268451392e-01,7.806255641895631925e-18,1.662004688849499368e-01
2.334000000000000075e+00,6.466709449638479157e-01,9.974659986866640793e-18,1.663224916177691859e-01
2.335999999999999854e+00,6.459561049742355010e-01,0.000000000000000000e+00,1.664445969796577440e-01
2.338000000000000078e+00,6.452425498790415048e-01,3.618524750670371048e-18,1.665667833860195179e-01
2.339999999999999858e+00,6.445302769047085434e-01,2.059984127722458425e-17,1.666890492627293996e-01
2.342000000000000082e+00,6.438192832833493640e-01,4.987329993433320396e-18,1.668113930460808636e-01
2.343999999999999861e+00,6.431095662528072410e-01,9.324138683375338132e-18,1.669338131827448612e-01
2.346000000000000085e+00,6.424011230562438612e-01,5.258380536554696505e-18,1.670563081297228580e-01
2.347999999999999865e+00,6.416939509429031574e-01,6.969387090008383190e-18,1.671788763543006484e-01
2.350000000000000089e+00,6.409880471671396407e-01,6.938893903907228378e-18,1.673015163339993949e-01
2.351999999999999869e+00,6.402834089892976976e-01,3.294619351640326599e-17,1.674242265565349941e-01
2.354000000000000092e+00,6.395800336750276927e-01,2.168404344971008868e-19,1.675470055197673946e-01
2.355999999999999872e+00,6.388779184958579549e-01,4.770489558936219510e-18,1.676698517316571324e-01
2.358000000000000096e+00,6.381770607286458841e-01,1.658829323902821784e-17,1.677927637102184788e-01
2.359999999999999876e+00,6.374774576560682249e-01,2.602085213965210642e-18,1.679157399834717290e-01
2.362000000000000099e+00,6.367791065662586902e-01,3.035766082959412415e-18,1.680387790894000977e-01
2.363999999999999879e+00,6.360820047529269772e-01,1.208885422321337444e-17,1.681618795758996476e-01
2.366000000000000103e+00,6.353861495154760064e-01,1.217694564972782167e-17,1.682850400007362690e-01
2.367999999999999883e+00,6.346915381586804017e-01,2.602085213965210642e-18,1.684082589314981615e-01
2.370000000000000107e+00,6.339981679931092629e-01,1.734723475976807094e-18,1.685315349455499545e-01
2.371999999999999886e+00,6.333060363348046451e-01,6.505213034913026604e-18,1.686548666299854393e-01
2.374000000000000110e+00,6.326151405054165622e-01,6.288372600415925717e-18,1.687782525815821333e-01
2.375999999999999890e+00,6.319254778320040344e-01,2.732189474663471174e-17,1.689016914067534292e-01
2.378000000000000114e+00,6.312370456473779257e-01,2.385244779468109755e-18,1.690251817215064345e-01
2.379999999999999893e+00,6.305498412897314608e-01,1.387778780781445676e-17,1.691487221513916783e-01
2.382000000000000117e+00,6.298638621029528650e-01,6.071532165918824830e-18,1.692723113314588412e-01
2.383999999999999897e+00,6.291791054364086477e-01,6.938893903907228378e-18,1.693959479062091544e-01
2.386000000000000121e+00,6.284955686449720247e-01,6.071532165918824830e-18,1.695196305295518791e-01
2.387999999999999901e+00,6.278132490890779849e-01,1.897353801849632760e-18,1.696433578647546514e-01
2.390000000000000124e+00,6.271321441347108561e-01,1.389472846675954276e-17,1.697671285843999067e-01
2.391999999999999904e+00,6.264522511533954230e-01,1.734723475976807094e-18,1.698909413703383053e-01
2.394000000000000128e+00,6.257735675220370553e-01,1.279358563532895232e-17,1.700147949136426029e-01
2.395999999999999908e+00,6.250960906232556624e-01,3.035766082959412415e-18,1.701386879145630471e-01
2.398000000000000131e+00,6.244198178450499626e-01,8.782037597132585915e-18,1.702626190824776953e-01
2.399999999999999911e+00,6.237447465809591307e-01,2.168404344971008868e-17,1.703865871358506145e-01
2.402000000000000135e+00,6.230708742300077319e-01,1.734723475976807094e-18,1.705105908021820882e-01
2.403999999999999915e+00,6.223981981966559829e-01,1.322726650432315409e-17,1.706346288179691195e-01
2.406000000000000139e+00,6.217267158910964042e-01,1.404041813368728242e-17,1.707586999286530849e-01
2.407999999999999918e+00,6.210564247287102546e-01,3.903127820947815962e-18,1.708828028885769901e-01
2.410000000000000142e+00,6.203873221305364893e-01,1.669671345627676828e-17,1.710069364609418108e-01
2.411999999999999922e+00,6.197194055229946485e-01,1.908195823574487804e-17,1.711310994177562828e-01
2.414000000000000146e+00,6.190526723379594642e-01,9.324138683375338132e-18,1.712552905397972669e-01
2.415999999999999925e+00,6.183871200129580359e-01,3.564314642046095827e-18,1.713795086165592618e-01
2.418000000000000149e+00,6.177227459907328466e-01,7.372574772901430151e-18,1.715037524462100227e-01
2.419999999999999929e+00,6.170595477195863765e-01,2.168404344971008868e-19,1.716280208355502879e-01
2.422000000000000153e+00,6.163975226533011664e-01,1.647987302177966740e-17,1.717523125999621814e-01
2.423999999999999932e+00,6.157366682510048150e-01,1.409462824231155764e-17,1.718766265633689672e-01
2.426000000000000156e+00,6.150769819773529434e-01,2.076247160309740991e-17,1.720009615581873375e-01
2.427999999999999936e+00,6.144184613023870867e-01,4.336808689942017736e-18,1.721253164252809775e-01
2.430000000000000160e+00,6.137611037015275883e-01,6.071532165918824830e-18,1.722496900139242337e-01
2.431999999999999940e+00,6.131049066557832106e-01,3.415236843329338967e-18,1.723740811817463803e-01
2.434000000000000163e+00,6.124498676513105977e-01,5.204170427930421283e-18,1.724984887946953149e-01
2.435999999999999943e+00,6.117959841799240905e-01,5.183841637196318075e-18,1.726229117269867941e-01
2.438000000000000167e+00,6.111432537385415031e-01,6.071532165918824830e-18,1.727473488610672958e-01
2.439999999999999947e+00,6.104916738298733492e-01,2.766070792553643187e-17,1.728717990875638655e-01
2.442000000000000171e+00,6.098412419616803248e-01,1.040834085586084257e-17,1.729962613052414000e-01
2.443999999999999950e+00,6.091919556471427910e-01,3.903127820947815962e-18,1.731207344209610144e-01
2.446000000000000174e+00,6.085438124050774888e-01,2.255140518769849223e-17,1.732452173496323300e-01
2.447999999999999954e+00,6.078968097594401598e-01,2.038300084272748336e-17,1.733697090141720909e-01
2.450000000000000178e+00,6.072509452395618013e-01,1.214306433183764966e-17,1.734942083454632245e-01
2.451999999999999957e+00,6.066062163800811646e-01,0.000000000000000000e+00,1.736187142823036045e-01
2.454000000000000181e+00,6.059626207212058802e-01,1.572093150103981429e-18,1.737432257713702743e-01
2.455999999999999961e+00,6.053201558082665912e-01,1.322726650432315409e-17,1.738677417671700698e-01
2.458000000000000185e+00,6.046788191919887367e-01,1.301042606982605321e-18,1.739922612320028428e-01
2.459999999999999964e+00,6.040386084285120916e-01,2.168404344971008868e-18,1.741167831359121398e-01
2.462000000000000188e+00,6.033995210792237884e-01,6.830473686658677934e-18,1.742413064566464276e-01
2.463999999999999968e+00,6.027615547106819349e-01,2.602085213965210642e-18,1.743658301796127408e-01
2.466000000000000192e+00,6.021247068951289805e-01,2.721347452938616129e-17,1.744903532978386851e-01
2.467999999999999972e+00,6.014889752097616338e-01,2.271403551357131789e-17,1.746148748119260019e-01
2.470000000000000195e+00,6.008543572373437058e-01,1.939366636033446056e-17,1.747393937300085187e-01
2.471999999999999975e+00,6.002208505656145832e-01,9.107298248878237246e-18,1.748639090677108487e-01
2.474000000000000199e+00,5.995884527878665438e-01,8.673617379884035472e-18,1.749884198481069242e-01
2.475999999999999979e+00,5.989571615024953388e-01,3.466058820164596987e-18,1.751129251016752542e-01
2.478000000000000203e+00,5.983269743133323715e-01,2.168404344971008868e-17,1.752374238662614547e-01
2.479999999999999982e+00,5.976978888292308056e-01,2.602085213965210642e-18,1.753619151870283999e-01
2.482000000000000206e+00,5.970699026645327478e-01,1.778091562876227272e-17,1.754863981164269116e-01
2.483999999999999986e+00,5.964430134388312155e-01,2.038300084272748336e-17,1.756108717141416919e-01
2.486000000000000210e+00,5.958172187766717087e-01,1.263095530945612666e-17,1.757353350470581832e-01
2.487999999999999989e+00,5.951925163082396608e-01,1.496198998029996119e-17,1.758597871892179088e-01
2.490000000000000213e+00,5.945689036684580486e-01,5.637851296924623057e-18,1.759842272217757853e-01
2.491999999999999993e+00,5.939463784980283378e-01,3.035766082959412415e-18,1.761086542329658167e-01
2.494000000000000217e+00,5.933249384424019723e-01,1.019150042136374168e-17,1.762330673180540486e-01
2.495999999999999996e+00,5.927045811524287444e-01,8.683781775251087076e-18,1.763574655792973234e-01
2.498000000000000220e+00,5.920853042842146863e-01,1.192622389734054877e-17,1.764818481259100291e-01
2.500000000000000000e+00,5.914671054989000254e-01,1.951563910473907981e-17,1.766062140740148889e-01
2.502000000000000224e+00,5.908499824629114272e-01,4.770489558936219510e-18,1.767305625466089603e-01
2.504000000000000004e+00,5.902339328478269920e-01,7.806255641895631925e-18,1.768548926735212801e-01
2.506000000000000227e+00,5.896189543304526381e-01,8.673617379884035472e-19,1.769792035913724804e-01
2.508000000000000007e+00,5.890050445926195977e-01,1.192622389734054877e-18,1.771034944435355418e-01
2.510000000000000231e+00,5.883922013213815916e-01,1.539567084929416296e-17,1.772277643800971580e-01
2.512000000000000011e+00,5.877804222089615394e-01,1.344410693882025498e-17,1.773520125578159634e-01
2.514000000000000234e+00,5.871697049526627410e-01,2.059984127722458425e-18,1.774762381400881162e-01
2.516000000000000014e+00,5.865600472550553945e-01,8.673617379884035472e-19,1.776004402968991147e-01
2.518000000000000238e+00,5.859514468235769158e-01,3.469446951953614189e-18,1.777246182047957090e-01
2.520000000000000018e+00,5.853439013711714267e-01,1.647987302177966740e-17,1.778487710468386884e-01
2.522000000000000242e+00,5.847374086152505868e-01,2.125036258071588691e-17,1.779728980125690474e-01
2.524000000000000021e+00,5.841319662791804035e-01,1.214306433183764966e-17,1.780969982979638822e-01
2.526000000000000245e+00,5.835275720905848118e-01,7.264154555652879708e-18,1.782210711054056373e-01
2.528000000000000025e+00,5.829242237828289319e-01,3.252606517456513302e-18,1.783451156436413054e-01
2.530000000000000249e+00,5.823219190939106227e-01,8.673617379884035472e-18,1.784691311277375458e-01
2.532000000000000028e+00,5.817206557671923406e-01,2.385244779468109755e-18,1.785931167790509311e-01
2.534000000000000252e+00,5.811204315507865203e-01,2.168404344971008868e-18,1.787170718251897550e-01
2.536000000000000032e+00,5.805212441981950633e-01,1.517883041479706208e-18,1.788409954999711504e-01
2.538000000000000256e+00,5.799230914677089288e-01,3.862470239479609546e-18,1.789648870433868388e-01
2.540000000000000036e+00,5.793259711228273545e-01,3.252606517456513302e-18,1.790887457015673534e-01
2.542000000000000259e+00,5.787298809319594284e-01,1.738789234123627736e-17,1.792125707267421542e-01
2.544000000000000039e+00,5.781348186685946189e-01,2.602095801877051320e-17,1.793363613772052112e-01
2.546000000000000263e+00,5.775407821112281681e-01,2.783011451498729194e-17,1.794601169172734267e-01
2.548000000000000043e+00,5.769477690432793793e-01,1.409462824231155764e-17,1.795838366172562151e-01
2.550000000000000266e+00,5.763557772533260959e-01,2.818925648462311528e-18,1.797075197534146185e-01
2.552000000000000046e+00,5.757648045348595645e-01,1.127570259384924611e-17,1.798311656079292220e-01
2.554000000000000270e+00,5.751748486861814058e-01,4.770489558936219510e-18,1.799547734688577427e-01
2.556000000000000050e+00,5.745859075109542857e-01,4.228388472693467293e-18,1.800783426301030832e-01
2.558000000000000274e+00,5.739979788174274233e-01,3.482999479109682994e-18,1.802018723913792198e-01
2.560000000000000053e+00,5.734110604189446292e-01,6.071532165918824830e-18,1.803253620581716232e-01
2.561999999999999833e+00,5.728251501339727270e-01,1.214306433183764966e-17,1.804488109417028419e-01
2.564000000000000057e+00,5.722402457854407487e-01,9.107298248878237246e-18,1.805722183588980012e-01
2.565999999999999837e+00,5.716563452018803559e-01,6.938893903907228378e-18,1.806955836323514142e-01
2.568000000000000060e+00,5.710734462161752845e-01,2.038300084272748336e-17,1.808189060902864465e-01
2.569999999999999840e+00,5.704915466662647816e-01,8.239936510889833698e-18,1.809421850665241527e-01
2.572000000000000064e+00,5.699106443952501877e-01,8.294146619514108920e-18,1.810654199004489429e-01
2.573999999999999844e+00,5.693307372509508468e-01,8.741380015664379499e-18,1.811886099369738323e-01
2.576000000000000068e+00,5.687518230859716084e-01,2.168404344971008868e-18,1.813117545265030273e-01
2.577999999999999847e+00,5.681738997579195427e-01,1.084202172485504434e-17,1.814348530249009217e-01
2.580000000000000071e+00,5.675969651292049889e-01,1.694065894508600678e-18,1.815579047934580414e-01
2.581999999999999851e+00,5.670210170673115613e-01,2.818925648462311528e-18,1.816809091988552949e-01
2.584000000000000075e+00,5.664460534443698236e-01,9.107298248878237246e-18,1.818038656131324982e-01
2.585999999999999854e+00,5.658720721373562412e-01,9.107298248878237246e-18,1.819267734136499337e-01
2.588000000000000078e+00,5.652990710282068676e-01,1.127570259384924611e-17,1.820496319830627319e-01
2.589999999999999858e+00,5.647270480036041818e-01,1.788933584601082316e-17,1.821724407092810694e-01
2.592000000000000082e+00,5.641560009551298549e-01,2.059984127722458425e-18,1.822951989854389165e-01
2.593999999999999861e+00,5.635859277790409294e-01,5.258380536554696505e-18,1.824179062098619797e-01
2.596000000000000085e+00,5.630168263766712755e-01,5.529431079676072613e-18,1.825405617860347274e-01
2.597999999999999865e+00,5.624486946537530230e-01,8.673617379884035472e-18,1.826631651225693320e-01
2.600000000000000089e+00,5.618815305211093403e-01,2.867714746224159228e-17,1.827857156331669786e-01
2.601999999999999869e+00,5.613153318943950865e-01,6.939264480821652134e-18,1.829082127365930510e-01
2.604000000000000092e+00,5.607500966938090414e-01,1.387778780781445676e-17,1.830306558566425768e-01
2.605999999999999872e+00,5.601858228443887810e-01,5.637851296924623057e-18,1.831530444221053655e-01
2.608000000000000096e+00,5.596225082759858083e-01,5.163512846462214867e-18,1.832753778667385591e-01
2.609999999999999876e+00,5.590601509231802879e-01,2.927345865710861972e-18,1.833976556292298554e-01
2.612000000000000099e+00,5.584987487253414429e-01,5.149960319306146062e-18,1.835198771531739714e-01
2.613999999999999879e+00,5.579382996264428130e-01,1.864827736675067626e-17,1.836420418870299276e-01
2.616000000000000103e+00,5.573788015750906766e-01,1.680513367352531873e-18,1.837641492841016466e-01
2.617999999999999883e+00,5.568202525250320889e-01,3.035766082959412415e-18,1.838861988024992622e-01
2.620000000000000107e+00,5.562626504342844669e-01,1.452830911130575942e-17,1.840081899051114467e-01
2.621999999999999886e+00,5.557059932658106050e-01,3.035766082959412415e-18,1.841301220595740473e-01
2.624000000000000110e+00,5.551502789871420873e-01,1.913616834436915326e-17,1.842519947382383338e-01
2.625999999999999890e+00,5.545955055704041570e-01,6.505213034913026604e-18,1.843738074181409115e-01
2.628000000000000114e+00,5.540416709926851979e-01,3.523657060577889411e-18,1.844955595809764926e-01
2.629999999999999893e+00,5.534887732355215917e-01,2.688821387764050996e-17,1.846172507130664220e-01
2.632000000000000117e+00,5.529368102850575895e-01,1.647987302177966740e-17,1.847388803053229833e-01
2.633999999999999897e+00,5.523857801321945260e-01,2.688821387764050996e-17,1.848604478532296647e-01
2.636000000000000121e+00,5.518356807724771329e-01,5.204170427930421283e-18,1.849819528568031335e-01
2.637999999999999901e+00,5.512865102060438005e-01,1.084202172485504434e-19,1.851033948205691448e-01
2.640000000000000124e+00,5.507382664376905268e-01,7.372574772901430151e-18,1.852247732535324820e-01
2.641999999999999904e+00,5.501909474765263042e-01,1.105886215935214523e-17,1.853460876691421233e-01
2.644000000000000128e+00,5.496445513369216940e-01,7.806255641895631925e-18,1.854673375852712303e-01
2.645999999999999908e+00,5.490990760370912938e-01,9.107298248878237246e-18,1.855885225241802605e-01
2.648000000000000131e+00,5.485545196002910018e-01,4.119968255444916849e-18,1.857096420124950131e-01
2.649999999999999911e+00,5.480108800543099790e-01,9.324138683375338132e-18,1.858306955811728500e-01
2.652000000000000135e+00,5.474681554313001186e-01,1.691355389077386917e-17,1.859516827654765503e-01
2.653999999999999915e+00,5.469263437682023721e-01,1.084202172485504434e-18,1.860726031049486917e-01
2.656000000000000139e+00,5.463854431063630557e-01,6.505213034913026604e-18,1.861934561433755131e-01
2.657999999999999918e+00,5.458454514917043809e-01,1.788933584601082316e-17,1.863142414287713156e-01
2.660000000000000142e+00,5.453063669747173492e-01,3.469446951953614189e-18,1.864349585133381615e-01
2.661999999999999922e+00,5.447681876102912213e-01,1.431146867680865853e-17,1.865556069534464179e-01
2.664000000000000146e+00,5.442309114580048401e-01,1.733029410082298494e-17,1.866761863096028651e-01
2.665999999999999925e+00,5.436945365818495191e-01,6.940587969801736978e-18,1.867966961464291586e-01
2.668000000000000149e+00,5.431590610502858851e-01,1.366094737331735587e-17,1.869171360326266351e-01
2.669999999999999929e+00,5.426244829363611188e-01,2.168404344971008868e-18,1.870375055409546905e-01
2.672000000000000153e+00,5.420908003175242129e-01,2.168404344971008868e-18,1.871578042482055504e-01
2.673999999999999932e+00,5.415580112756863684e-01,1.886511780124777715e-17,1.872780317351706580e-01
2.676000000000000156e+00,5.410261138972813910e-01,4.336808689942017736e-19,1.873981875866213009e-01
2.677999999999999936e+00,5.404951062729423938e-01,7.806255641895631925e-18,1.875182713912755261e-01
2.680000000000000160e+00,5.399649864982478675e-01,4.445228907190568179e-18,1.876382827417804877e-01
2.681999999999999940e+00,5.394357526727944219e-01,1.214306433183764966e-17,1.877582212346755874e-01
2.684000000000000163e+00,5.389074029008042999e-01,1.734723475976807094e-18,1.878780864703784581e-01
2.685999999999999943e+00,5.383799352906493141e-01,2.168404344971008868e-18,1.879978780531471605e-01
2.688000000000000167e+00,5.378533479555080987e-01,2.970713952610282149e-17,1.881175955910628916e-01
2.689999999999999947e+00,5.373276390127124102e-01,8.651594523255423663e-18,1.882372386960017574e-01
2.692000000000000171e+00,5.368028065840277918e-01,9.866239769618090349e-18,1.883568069836093484e-01
2.693999999999999950e+00,5.362788487955683081e-01,4.553649124439118623e-18,1.884763000732748717e-01
2.696000000000000174e+00,5.357557637779208903e-01,3.794707603699265519e-18,1.885957175881073367e-01
2.697999999999999954e+00,5.352335496658575664e-01,2.168404344971008868e-19,1.887150591549094925e-01
2.700000000000000178e+00,5.347122045986729688e-01,8.782037597132585915e-18,1.888343244041539581e-01
2.701999999999999957e+00,5.341917267199924879e-01,4.770489558936219510e-18,1.889535129699559668e-01
2.704000000000000181e+00,5.336721141777793775e-01,3.794707603699265519e-18,1.890726244900555464e-01
2.705999999999999961e+00,5.331533651242352789e-01,6.938893903907228378e-18,1.891916586057827143e-01
2.708000000000000185e+00,5.326354777159068021e-01,9.974659986866640793e-18,1.893106149620431833e-01
2.709999999999999964e+00,5.321184501137494749e-01,8.673617379884035472e-19,1.894294932072880244e-01
2.712000000000000188e+00,5.316022804828932635e-01,1.735358750687247820e-18,1.895482929934929339e-01
2.713999999999999968e+00,5.310869669929658698e-01,1.301042606982605321e-17,1.896670139761323370e-01
2.716000000000000192e+00,5.305725078175562714e-01,1.040834085586084257e-17,1.897856558141547689e-01
2.717999999999999972e+00,5.300589011347511814e-01,5.204170427930421283e-18,1.899042181699653609e-01
2.720000000000000195e+00,5.295461451270035980e-01,7.155734338404329264e-18,1.900227007093926446e-01
2.721999999999999975e+00,5.290342379807633222e-01,1.214306433183764966e-17,1.901411031016746467e-01
2.724000000000000199e+00,5.285231778869352581e-01,1.734723475976807094e-18,1.902594250194320769e-01
2.725999999999999979e+00,5.280129630404992724e-01,7.806255641895631925e-18,1.903776661386402946e-01
2.728000000000000203e+00,5.275035916407837533e-01,1.593777193553691518e-17,1.904958261386157925e-01
2.729999999999999982e+00,5.269950618913128437e-01,2.168404344971008868e-18,1.906139047019850818e-01
2.732000000000000206e+00,5.264873719999201285e-01,7.372574772901430151e-18,1.907319015146707042e-01
2.733999999999999986e+00,5.259805201783755990e-01,0.000000000000000000e+00,1.908498162658573694e-01
2.736000000000000210e+00,5.254745046430002731e-01,1.653408313040394262e-17,1.909676486479804647e-01
2.737999999999999989e+00,5.249693236139769681e-01,1.170938346284344789e-17,1.910853983566971059e-01
2.740000000000000213e+00,5.244649753159542627e-01,2.092510192897023558e-17,1.912030650908674023e-01
2.741999999999999993e+00,5.239614579775562220e-01,5.204170427930421283e-18,1.913206485525303646e-01
2.744000000000000217e+00,5.234587698315600335e-01,2.602085213965210642e-18,1.914381484468828387e-01
2.745999999999999996e+00,5.229569091149777194e-01,6.071532165918824830e-18,1.915555644822606873e-01
2.748000000000000220e+00,5.224558740691449543e-01,9.974659986866640793e-18,1.916728963701094246e-01
2.750000000000000000e+00,5.219556629390780245e-01,6.505213034913026604e-18,1.917901438249727808e-01
2.752000000000000224e+00,5.214562739743193731e-01,1.160096324559489744e-17,1.919073065644619214e-01
2.754000000000000004e+00,5.209577054284224573e-01,1.382357769919018153e-17,1.920243843092417080e-01
2.756000000000000227e+00,5.204599555589801696e-01,5.366800753803246948e-18,1.921413767830076336e-01
2.758000000000000007e+00,5.199630226276674705e-01,8.672452709581560809e-18,1.922582837124580946e-01
2.760000000000000231e+00,5.194669049004794203e-01,2.168404344971008868e-18,1.923751048272870356e-01
2.762000000000000011e+00,5.189716006470348475e-01,2.602085213965210642e-18,1.924918398601490888e-01
2.764000000000000234e+00,5.184771081416101879e-01,6.667843360785852269e-18,1.926084885466501362e-01
2.766000000000000014e+00,5.179834256622086741e-01,1.214306433183764966e-17,1.927250506253178342e-01
2.768000000000000238e+00,5.174905514908161308e-01,2.602085213965210642e-18,1.928415258375881514e-01
2.770000000000000018e+00,5.169984839137136134e-01,6.722053469410127491e-18,1.929579139277829702e-01
2.772000000000000242e+00,5.165072212210546354e-01,3.361026734705063745e-18,1.930742146430889927e-01
2.774000000000000021e+00,5.160167617070356982e-01,8.727827488508310694e-18,1.931904277335372011e-01
2.776000000000000245e+00,5.155271036699495824e-01,8.239936510889833698e-18,1.933065529519868708e-01
2.778000000000000025e+00,5.150382454120858711e-01,1.181780368009199833e-17,1.934225900540998966e-01
2.780000000000000249e+00,5.145501852397202924e-01,6.722053469410127491e-18,1.935385387983268035e-01
2.782000000000000028e+00,5.140629214629797161e-01,1.290200585257750276e-17,1.936543989458845150e-01
2.784000000000000252e+00,5.135764523963111117e-01,1.463672932855430986e-17,1.937701702607366738e-01
2.786000000000000032e+00,5.130907763579344305e-01,2.580401170515500553e-17,1.938858525095754071e-01
2.788000000000000256e+00,5.126058916699420820e-01,2.168404344971008868e-18,1.940014454618053108e-01
2.790000000000000036e+00,5.121217966585120962e-01,6.938893903907228378e-18,1.941169488895134465e-01
2.792000000000000259e+00,5.116384896538548333e-01,2.710505431213761085e-20,1.942323625674648724e-01
2.794000000000000039e+00,5.111559689899713987e-01,1.539567084929416296e-17,1.943476862730744437e-01
2.796000000000000263e+00,5.106742330049023337e-01,1.301042606982605321e-18,1.944629197863913250e-01
2.798000000000000043e+00,5.101932800405641899e-01,1.843143693225357538e-18,1.945780628900773690e-01
2.800000000000000266e+00,5.097131084428028203e-01,1.051676107310939301e-17,1.946931153693953753e-01
2.802000000000000046e+00,5.092337165614431171e-01,3.455894424797545383e-18,1.948080770121840832e-01
2.804000000000000270e+00,5.087551027500083478e-01,4.770489558936219510e-18,1.949229476088406299e-01
2.806000000000000050e+00,5.082772653661109530e-01,1.730657717829986453e-17,1.950377269523087542e-01
2.808000000000000274e+00,5.078002027713139910e-01,1.951563910473907981e-18,1.951524148380523460e-01
2.810000000000000053e+00,5.073239133307225757e-01,1.431146867680865853e-17,1.952670110640417345e-01
2.812000000000000277e+00,5.068483954135771796e-01,1.916327339868129087e-17,1.953815154307382007e-01
2.814000000000000057e+00,5.063736473929907334e-01,1.951563910473907981e-18,1.954959277410718566e-01
2.815999999999999837e+00,5.058996676459486252e-01,1.908195823574487804e-17,1.956102478004274892e-01
2.818000000000000060e+00,5.054264545528752706e-01,1.355252715606880543e-17,1.957244754166230505e-01
2.819999999999999840e+00,5.049540064985613697e-01,1.517883041479706208e-17,1.958386103998965844e-01
2.822000000000000064e+00,5.044823218713574420e-01,2.602085213965210642e-18,1.959526525628880467e-01
2.823999999999999844e+00,5.040113990634296215e-01,8.673617379884035472e-18,1.960666017206201539e-01
2.826000000000000068e+00,5.035412364707987365e-01,1.734771121580090149e-17,1.961804576904814801e-01
2.827999999999999847e+00,5.030718324932941243e-01,1.558540622947912624e-18,1.962942202922146884e-01
2.830000000000000071e+00,5.026031855345429733e-01,1.734723475976807094e-17,1.964078893478926058e-01
2.831999999999999851e+00,5.021352940018495303e-01,8.741380015664379499e-18,1.965214646819050670e-01
2.834000000000000075e+00,5.016681563064224747e-01,6.938893903907228378e-18,1.966349461209421778e-01
2.835999999999999854e+00,5.012017708631830715e-01,6.971081155902891791e-18,1.967483334939796602e-01
2.838000000000000078e+00,5.007361360907296444e-01,1.138412281109779656e-18,1.968616266322565367e-01
2.839999999999999858e+00,5.002712504115756076e-01,2.329340604949325932e-21,1.969748253692652773e-01
2.842000000000000082e+00,4.998071122518474851e-01,3.469446951953614189e-18,1.970879295407328147e-01
2.843999999999999861e+00,4.993437200415016264e-01,3.469446951953614189e-18,1.972009389846053340e-01
2.846000000000000085e+00,4.988810722139902509e-01,1.901419559996453401e-17,1.973138535410287053e-01
2.847999999999999865e+00,4.984191672069933077e-01,9.540979117872439019e-18,1.974266730523387969e-01
2.850000000000000089e+00,4.979580034610471273e-01,1.517883041479706208e-17,1.975393973630405753e-01
2.851999999999999869e+00,4.974975794212213032e-01,7.806255641895631925e-18,1.976520263197960592e-01
2.854000000000000092e+00,4.970378935358468198e-01,8.348356728138384142e-18,1.977645597714064452e-01
2.855999999999999872e+00,4.965789442570240908e-01,1.371515748194163109e-17,1.978769975687941773e-01
2.858000000000000096e+00,4.961207300406265119e-01,1.170938346284344789e-17,1.979893395649951204e-01
2.859999999999999876e+00,4.956632493459274258e-01,3.209238430557093125e-17,1.981015856151350785e-01
2.862000000000000099e+00,4.952065006361507926e-01,3.903127820947815962e-18,1.982137355764211351e-01
2.863999999999999879e+00,4.947504823779738103e-01,1.257674520083185143e-17,1.983257893081212808e-01
2.866000000000000103e+00,4.942951930417756046e-01,6.505213034913026604e-18,1.984377466715548655e-01
2.867999999999999883e+00,4.938406311016514394e-01,3.470029287104851520e-18,1.985496075300699770e-01
2.870000000000000107e+00,4.933867950350823151e-01,2.710505431213761085e-18,1.986613717490372799e-01
2.871999999999999886e+00,4.929336833234891913e-01,2.168404344971008868e-19,1.987730391958296983e-01
2.874000000000000110e+00,4.924812944515366553e-01,6.505213034913026604e-18,1.988846097398094537e-01
2.875999999999999890e+00,4.920296269078328066e-01,1.290200585257750276e-17,1.989960832523135215e-01
2.878000000000000114e+00,4.915786791843288484e-01,6.905012586017056364e-18,1.991074596066392255e-01
2.879999999999999893e+00,4.911284497765961987e-01,3.469446951953614189e-18,1.992187386780309433e-01
2.882000000000000117e+00,4.906789371839863634e-01,9.540979117872439019e-18,1.993299203436612321e-01
2.883999999999999897e+00,4.902301399091406608e-01,1.301042606982605321e-18,1.994410044826248896e-01
2.886000000000000121e+00,4.897820564584947078e-01,2.168404344971008868e-18,1.995519909759178867e-01
2.887999999999999901e+00,4.893346853415714293e-01,8.998878031629686802e-18,1.996628797064229355e-01
2.890000000000000124e+00,4.888880250722813514e-01,4.336808689942017736e-18,1.997736705589039652e-01
2.891999999999999904e+00,4.884420741670503219e-01,5.204170427930421283e-18,1.998843634199826136e-01
2.894000000000000128e+00,4.879968311466633679e-01,2.059984127722458425e-18,1.999949581781296226e-01
2.895999999999999908e+00,4.875522945349288761e-01,9.107298248878237246e-18,2.001054547236495451e-01
2.898000000000000131e+00,4.871084628593891352e-01,1.574803655535195190e-17,2.002158529486690319e-01
2.899999999999999911e+00,4.866653346509437483e-01,9.540979117872439019e-18,2.003261527471229264e-01
2.902000000000000135e+00,4.862229084442333260e-01,1.385745901708035355e-17,2.004363540147357792e-01
2.903999999999999915e+00,4.857811827770994739e-01,6.505213034913026604e-19,2.005464566490200995e-01
2.906000000000000139e+00,4.853401561907695339e-01,3.361026734705063745e-18,2.006564605492493214e-01
2.907999999999999918e+00,4.848998272304889667e-01,1.585645677260050235e-18,2.007663656164545563e-01
2.910000000000000142e+00,4.844601944442850083e-01,2.168404344971008868e-18,2.008761717534073010e-01
2.911999999999999922e+00,4.840212563841284066e-01,1.713039432527097006e-17,2.009858788646102234e-01
2.914000000000000146e+00,4.835830116052228789e-01,8.727827488508310694e-18,2.010954868562767062e-01
2.915999999999999925e+00,4.831454586661898531e-01,2.601407587607407201e-17,2.012049956363272385e-01
2.918000000000000149e+00,4.827085961292212346e-01,1.127570259384924611e-17,2.013144051143717916e-01
2.919999999999999929e+00,4.822724225597170289e-01,1.485356976305141075e-17,2.014237152016969401e-01
2.922000000000000153e+00,4.818369365267543003e-01,3.333921680392926135e-18,2.015329258112555921e-01
2.923999999999999932e+00,4.814021366024334725e-01,5.000882520589389202e-18,2.016420368576503641e-01
2.926000000000000156e+00,4.809680213627167689e-01,7.806255641895631925e-18,2.017510482571276409e-01
2.927999999999999936e+00,4.805345893865400342e-01,1.734723475976807094e-18,2.018599599275595902e-01
2.930000000000000160e+00,4.801018392564913029e-01,1.561256422335046724e-17,2.019687717884374456e-01
2.931999999999999940e+00,4.796697695582388121e-01,2.168404344971008868e-18,2.020774837608513563e-01
2.934000000000000163e+00,4.792383788811385159e-01,1.680513367352531873e-18,2.021860957674857240e-01
2.935999999999999943e+00,4.788076658178184175e-01,8.239936510889833698e-18,2.022946077326039926e-01
2.938000000000000167e+00,4.783776289641075152e-01,2.081668171172168513e-17,2.024030195820383793e-01
2.939999999999999947e+00,4.779482669192631761e-01,1.734723475976807094e-18,2.025113312431761903e-01
2.942000000000000171e+00,4.775195782858858706e-01,2.537033083616080376e-17,2.026195426449490522e-01
2.943999999999999950e+00,4.770915616698410133e-01,6.965998958219365988e-18,2.027276537178206994e-01
2.946000000000000174e+00,4.766642156803655439e-01,1.214306433183764966e-17,2.028356643937762605e-01
2.947999999999999954e+00,4.762375389300181894e-01,1.496198998029996119e-17,2.029435746063098511e-01
2.950000000000000178e+00,4.758115300346865695e-01,4.336808689942017736e-19,2.030513842904167199e-01
2.951999999999999957e+00,4.753861876132283726e-01,3.035766082959412415e-17,2.031590933825727641e-01
2.954000000000000181e+00,4.749615102883346651e-01,7.806255641895631925e-18,2.032667018207347798e-01
2.955999999999999961e+00,4.745374966854996046e-01,2.710505431213761085e-18,2.033742095443202558e-01
2.958000000000000185e+00,4.741141454337594041e-01,1.214301139227844627e-17,2.034816164942015726e-01
2.959999999999999964e+00,4.736914551652304795e-01,4.336808689942017736e-19,2.035889226126931795e-01
2.962000000000000188e+00,4.732694245154185353e-01,1.040834085586084257e-17,2.036961278435393263e-01
2.963999999999999968e+00,4.728480521231297473e-01,0.000000000000000000e+00,2.038032321319046269e-01
2.966000000000000192e+00,4.724273366300337784e-01,3.469446951953614189e-18,2.039102354243643167e-01
2.967999999999999972e+00,4.720072766814276122e-01,2.077602413025347872e-17,2.040171376688899030e-01
2.970000000000000195e+00,4.715878709258447543e-01,2.363560736018399666e-17,2.041239388148414213e-01
2.971999999999999975e+00,4.711691180146289071e-01,1.221082696761799369e-17,2.042306388129577766e-01
2.974000000000000199e+00,4.707510166027617515e-01,1.734892882566257954e-17,2.043372376153417824e-01
2.975999999999999979e+00,4.703335653481310885e-01,4.119968255444916849e-18,2.044437351754546384e-01
2.978000000000000203e+00,4.699167629120815093e-01,2.602360499673068289e-17,2.045501314481005251e-01
2.979999999999999982e+00,4.695006079587145109e-01,3.035766082959412415e-18,2.046564263894209423e-01
2.982000000000000206e+00,4.690850991558157546e-01,1.517883041479706208e-17,2.047626199568807481e-01
2.983999999999999986e+00,4.686702351740130723e-01,1.951563910473907981e-18,2.048687121092624130e-01
2.986000000000000210e+00,4.682560146871708184e-01,2.905661822261151883e-17,2.049747028066512544e-01
2.987999999999999989e+00,4.678424363723614476e-01,5.475220971051797392e-18,2.050805920104239732e-01
2.990000000000000213e+00,4.674294989097234065e-01,8.673617379884035472e-18,2.051863796832490983e-01
2.991999999999999993e+00,4.670172009825392934e-01,1.040834085586084257e-17,2.052920657890622558e-01
2.994000000000000217e+00,4.666055412772500688e-01,1.864827736675067626e-17,2.053976502930686399e-01
2.995999999999999996e+00,4.661945184834799250e-01,3.903127820947815962e-18,2.055031331617261647e-01
2.998000000000000220e+00,4.657841312938550971e-01,1.170938346284344789e-17,2.056085143627373601e-01
3.000000000000000000e+00,4.653743784042028153e-01,7.426784881525705373e-18,2.057137938650416553e-01
