# delta,gap,coarse,fine
0.000000000000000000e+00,2.522010705827890220e+00,9.974659986866640793e-18,2.894111396005131787e-01
2.000000000000000042e-03,2.521615768697333948e+00,1.647987302177966740e-17,2.893894173475536347e-01
4.000000000000000083e-03,2.521219849386962863e+00,1.561251128379126385e-17,2.893676615549992115e-01
6.000000000000000125e-03,2.520822944838691626e+00,1.040834085586084257e-17,2.893458721523267663e-01
8.000000000000000167e-03,2.520425051983696818e+00,9.540979117872439019e-18,2.893240490688266942e-01
1.000000000000000021e-02,2.520026167742148715e+00,1.344410693882025498e-17,2.893021922336144747e-01
1.200000000000000025e-02,2.519626289023259247e+00,1.994931997373328159e-17,2.892803015756197360e-01
1.400000000000000029e-02,2.519225412724939162e+00,4.336808689942017736e-18,2.892583770235906959e-01
1.600000000000000033e-02,2.518823535734599162e+00,1.734723475976807094e-18,2.892364185060968818e-01
1.800000000000000211e-02,2.518420654927950864e+00,4.336808689942017736e-18,2.892144259515201932e-01
2.000000000000000042e-02,2.518016767169823922e+00,2.097931203759451080e-17,2.891923992880608973e-01
2.199999999999999872e-02,2.517611869313769901e+00,9.540979117872439019e-18,2.891703384437336877e-01
2.400000000000000050e-02,2.517205958202342941e+00,2.602085213965210642e-18,2.891482433463717916e-01
2.600000000000000228e-02,2.516799030666547310e+00,2.103352214621878602e-17,2.891261139236204203e-01
2.800000000000000058e-02,2.516391083526114514e+00,1.517883041479706208e-18,2.891039501029403214e-01
2.999999999999999889e-02,2.515982113589346980e+00,3.686287386450715076e-18,2.890817518116027829e-01
3.200000000000000067e-02,2.515572117653404050e+00,2.602085213965210642e-18,2.890595189766982376e-01
3.400000000000000244e-02,2.515161092503662488e+00,3.632077277826439854e-18,2.890372515251258267e-01
3.600000000000000422e-02,2.514749034914318671e+00,6.965998958219365988e-18,2.890149493835958983e-01
3.799999999999999906e-02,2.514335941647949824e+00,4.770489558936219510e-18,2.889926124786338368e-01
4.000000000000000083e-02,2.513921809455380796e+00,1.084202172485504434e-17,2.889702407365742354e-01
4.200000000000000261e-02,2.513506635075978934e+00,5.204170427930421283e-18,2.889478340835616721e-01
4.399999999999999745e-02,2.513090415237368092e+00,1.561251128379126385e-17,2.889253924455506550e-01
4.599999999999999922e-02,2.512673146655625800e+00,2.515349040166370287e-17,2.889029157483083421e-01
4.800000000000000100e-02,2.512254826034997279e+00,3.482999479109682994e-18,2.888804039174053262e-01
5.000000000000000278e-02,2.511835450067749775e+00,1.040834085586084257e-17,2.888578568782251832e-01
5.200000000000000455e-02,2.511415015434659281e+00,1.127570259384924611e-17,2.888352745559555901e-01
5.399999999999999939e-02,2.510993518804310654e+00,8.673617379884035472e-19,2.888126568755948198e-01
5.600000000000000117e-02,2.510570956833667822e+00,1.387810544516967712e-17,2.887900037619466342e-01
5.800000000000000294e-02,2.510147326167466275e+00,3.252606517456513302e-18,2.887673151396202842e-01
5.999999999999999778e-02,2.509722623438518596e+00,1.127570259384924611e-17,2.887445909330295102e-01
6.199999999999999956e-02,2.509296845267773080e+00,5.204170427930421283e-18,2.887218310663961507e-01
6.400000000000000133e-02,2.508869988263684903e+00,1.734723475976807094e-18,2.886990354637424261e-01
6.600000000000000311e-02,2.508442049022937326e+00,6.993104012531503599e-18,2.886762040489007641e-01
6.800000000000000488e-02,2.508013024129962076e+00,3.035766082959412415e-18,2.886533367454978127e-01
7.000000000000000666e-02,2.507582910156701317e+00,1.040834085586084257e-17,2.886304334769724811e-01
7.200000000000000844e-02,2.507151703663273778e+00,0.000000000000000000e+00,2.886074941665586757e-01
7.399999999999999634e-02,2.506719401196981778e+00,1.040834085586084257e-17,2.885845187372953480e-01
7.599999999999999811e-02,2.506285999293295319e+00,1.561251128379126385e-17,2.885615071120224417e-01
7.799999999999999989e-02,2.505851494474637065e+00,9.324138683375338132e-18,2.885384592133790616e-01
8.000000000000000167e-02,2.505415883251531639e+00,0.000000000000000000e+00,2.885153749638040832e-01
8.200000000000000344e-02,2.504979162121861336e+00,7.372574772901430151e-18,2.884922542855377081e-01
8.400000000000000522e-02,2.504541327570752429e+00,1.387778780781445676e-17,2.884690971006174109e-01
8.600000000000000699e-02,2.504102376070891367e+00,1.127570259384924611e-17,2.884459033308786613e-01
8.799999999999999489e-02,2.503662304082496348e+00,1.084202172485504434e-18,2.884226728979547016e-01
8.999999999999999667e-02,2.503221108052880339e+00,3.469446951953614189e-18,2.883994057232772135e-01
9.199999999999999845e-02,2.502778784416593183e+00,5.204170427930421283e-18,2.883761017280710437e-01
9.400000000000000022e-02,2.502335329595553048e+00,2.602085213965210642e-17,2.883527608333610326e-01
9.600000000000000200e-02,2.501890739998906099e+00,8.673617379884035472e-18,2.883293829599641311e-01
9.800000000000000377e-02,2.501445012022694314e+00,2.081668171172168513e-17,2.883059680284925652e-01
1.000000000000000056e-01,2.500998142050327999e+00,2.905661822261151883e-17,2.882825159593530029e-01
1.020000000000000073e-01,2.500550126452028010e+00,1.908195823574487804e-17,2.882590266727461659e-01
1.040000000000000091e-01,2.500100961585047799e+00,1.718460443389524528e-17,2.882355000886645535e-01
1.059999999999999970e-01,2.499650643793829730e+00,6.071532165918824830e-18,2.882119361268948299e-01
1.079999999999999988e-01,2.499199169409484611e+00,8.673617379884035472e-19,2.881883347070120505e-01
1.100000000000000006e-01,2.498746534749836101e+00,1.019150042136374168e-17,2.881646957483849358e-01
1.120000000000000023e-01,2.498292736119923418e+00,1.042528151480592857e-17,2.881410191701735957e-01
1.140000000000000041e-01,2.497837769811129149e+00,1.127570259384924611e-17,2.881173048913246992e-01
1.160000000000000059e-01,2.497381632101948412e+00,8.673617379884035472e-19,2.880935528305769155e-01
1.180000000000000077e-01,2.496924319257191272e+00,7.806255641895631925e-18,2.880697629064560839e-01
1.199999999999999956e-01,2.496465827528403736e+00,6.071532165918824830e-18,2.880459350372772676e-01
1.219999999999999973e-01,2.496006153153896179e+00,3.459282556586562585e-18,2.880220691411432554e-01
1.239999999999999991e-01,2.495545292358116285e+00,7.806255641895631925e-18,2.879981651359415640e-01
1.260000000000000009e-01,2.495083241352290315e+00,1.984089975648473114e-17,2.879742229393470465e-01
1.280000000000000027e-01,2.494619996333955925e+00,3.035766082959412415e-18,2.879502424688213935e-01
1.300000000000000044e-01,2.494155553487093613e+00,4.770489558936219510e-18,2.879262236416105791e-01
1.320000000000000062e-01,2.493689908981819414e+00,4.336808689942017736e-18,2.879021663747455273e-01
1.340000000000000080e-01,2.493223058974729511e+00,2.080990544814365073e-17,2.878780705850383925e-01
1.360000000000000098e-01,2.492754999608619570e+00,1.398620802506300720e-17,2.878539361890877779e-01
1.380000000000000115e-01,2.492285727012442109e+00,2.103352214621878602e-17,2.878297631032719628e-01
1.400000000000000133e-01,2.491815237301173269e+00,2.125036258071588691e-17,2.878055512437528440e-01
1.420000000000000151e-01,2.491343526576052625e+00,4.336808689942017736e-18,2.877813005264745483e-01
1.440000000000000169e-01,2.490870590924192385e+00,2.059984127722458425e-17,2.877570108671618776e-01
1.459999999999999909e-01,2.490396426418723053e+00,5.204170427930421283e-18,2.877326821813142033e-01
1.479999999999999927e-01,2.489921029118827178e+00,1.647987302177966740e-17,2.877083143842181223e-01
1.499999999999999944e-01,2.489444395069693172e+00,6.505213034913026604e-18,2.876839073909340794e-01
1.519999999999999962e-01,2.488966520301701735e+00,6.830473686658677934e-18,2.876594611163013626e-01
1.539999999999999980e-01,2.488487400831767005e+00,3.903127820947815962e-18,2.876349754749386034e-01
1.559999999999999998e-01,2.488007032662100215e+00,5.421010862427522170e-18,2.876104503812407232e-01
1.580000000000000016e-01,2.487525411780833196e+00,1.040834085586084257e-17,2.875858857493770460e-01
1.600000000000000033e-01,2.487042534161535201e+00,6.938893903907228378e-18,2.875612814932930195e-01
1.620000000000000051e-01,2.486558395763545093e+00,2.083023423887775394e-17,2.875366375267108254e-01
1.640000000000000069e-01,2.486072992531523695e+00,1.821459649775647449e-17,2.875119537631268818e-01
1.660000000000000087e-01,2.485586320395771764e+00,1.062518129035794345e-17,2.874872301158076793e-01
1.680000000000000104e-01,2.485098375272150051e+00,3.361026734705063745e-18,2.874624664977979971e-01
1.700000000000000122e-01,2.484609153061397180e+00,3.543985851311992619e-18,2.874376628219101892e-01
1.720000000000000140e-01,2.484118649650227439e+00,1.073360150760649390e-17,2.874128190007312345e-01
1.740000000000000158e-01,2.483626860910149503e+00,0.000000000000000000e+00,2.873879349466181288e-01
1.759999999999999898e-01,2.483133782698130787e+00,1.767249541151372227e-17,2.873630105716982186e-01
1.779999999999999916e-01,2.482639410856391393e+00,8.023096076392732812e-18,2.873380457878694783e-01
1.799999999999999933e-01,2.482143741211931598e+00,1.301042606982605321e-17,2.873130405067976789e-01
1.819999999999999951e-01,2.481646769577253053e+00,6.938893903907228378e-18,2.872879946399172213e-01
1.839999999999999969e-01,2.481148491749495477e+00,9.649399335120989463e-18,2.872629080984323013e-01
1.859999999999999987e-01,2.480648903511040615e+00,1.691355389077386917e-17,2.872377807933098603e-01
1.880000000000000004e-01,2.480148000629139204e+00,3.442341897641476578e-18,2.872126126352893549e-01
1.900000000000000022e-01,2.479645778855815053e+00,1.734723475976807094e-18,2.871874035348693788e-01
1.920000000000000040e-01,2.479142233927953853e+00,1.387778780781445676e-17,2.871621534023189870e-01
1.940000000000000058e-01,2.478637361567216146e+00,9.540979117872439019e-18,2.871368621476694249e-01
1.960000000000000075e-01,2.478131157479900537e+00,7.372574772901430151e-18,2.871115296807143502e-01
1.980000000000000093e-01,2.477623617357334496e+00,2.341876692568689577e-17,2.870861559110132744e-01
2.000000000000000111e-01,2.477114736874765910e+00,5.204170427930421283e-18,2.870607407478860673e-01
2.020000000000000129e-01,2.476604511692617194e+00,1.951563910473907981e-18,2.870352841004160660e-01
2.040000000000000147e-01,2.476092937455591780e+00,2.255140518769849223e-17,2.870097858774449673e-01
2.060000000000000164e-01,2.475580009792667013e+00,8.673617379884035472e-18,2.869842459875772134e-01
2.080000000000000182e-01,2.475065724317648375e+00,4.336808689942017736e-18,2.869586643391771608e-01
2.099999999999999922e-01,2.474550076628156958e+00,3.469446951953614189e-18,2.869330408403649169e-01
2.119999999999999940e-01,2.474033062306419950e+00,2.602085213965210642e-18,2.869073753990233344e-01
2.139999999999999958e-01,2.473514676918947330e+00,1.474514954580286030e-17,2.868816679227900734e-01
2.159999999999999976e-01,2.472994916016372002e+00,2.471980953266950110e-17,2.868559183190593220e-01
2.179999999999999993e-01,2.472473775133176233e+00,3.469446951953614189e-18,2.868301264949837392e-01
2.200000000000000011e-01,2.471951249788457261e+00,1.431146867680865853e-17,2.868042923574685155e-01
2.220000000000000029e-01,2.471427335484793986e+00,3.469446951953614189e-18,2.867784158131767014e-01
2.240000000000000047e-01,2.470902027709319881e+00,9.540979117872439019e-18,2.867524967685259329e-01
2.260000000000000064e-01,2.470375321932309021e+00,3.903127820947815962e-18,2.867265351296812148e-01
2.280000000000000082e-01,2.469847213608646896e+00,3.469446951953614189e-18,2.867005308025688537e-01
2.300000000000000100e-01,2.469317698176675790e+00,2.602085213965210642e-18,2.866744836928602491e-01
2.320000000000000118e-01,2.468786771058482543e+00,1.431146867680865853e-17,2.866483937059816633e-01
2.340000000000000135e-01,2.468254427660033556e+00,3.577867169202164632e-18,2.866222607471102801e-01
2.360000000000000153e-01,2.467720663370617018e+00,1.322726650432315409e-17,2.865960847211699858e-01
2.380000000000000171e-01,2.467185473563493048e+00,6.965998958219365988e-18,2.865698655328369204e-01
2.399999999999999911e-01,2.466648853595195590e+00,5.854691731421723944e-18,2.865436030865358141e-01
2.419999999999999929e-01,2.466110798805916104e+00,1.994931997373328159e-17,2.865172972864367673e-01
2.439999999999999947e-01,2.465571304519130535e+00,2.471980953266950110e-17,2.864909480364586369e-01
2.459999999999999964e-01,2.465030366041803589e+00,7.806255641895631925e-18,2.864645552402648176e-01
2.479999999999999982e-01,2.464487978664182677e+00,3.361026734705063745e-18,2.864381188012693480e-01
2.500000000000000000e-01,2.463944137659700218e+00,1.474514954580286030e-17,2.864116386226235877e-01
2.520000000000000018e-01,2.463398838285062453e+00,1.301042606982605321e-17,2.863851146072294296e-01
2.540000000000000036e-01,2.462852075780361361e+00,1.474514954580286030e-17,2.863585466577293626e-01
2.560000000000000053e-01,2.462303845368328581e+00,8.673617379884035472e-19,2.863319346765082485e-01
2.580000000000000071e-01,2.461754142255031752e+00,6.850802477392781142e-18,2.863052785656950983e-01
2.600000000000000089e-01,2.461202961629624042e+00,1.301042606982605321e-17,2.862785782271569657e-01
2.620000000000000107e-01,2.460650298663876967e+00,2.168404344971008868e-17,2.862518335625052757e-01
2.640000000000000124e-01,2.460096148512857184e+00,6.071532165918824830e-18,2.862250444730871091e-01
2.660000000000000142e-01,2.459540506314002783e+00,1.431146867680865853e-17,2.861982108599943064e-01
2.680000000000000160e-01,2.458983367187872915e+00,7.806255641895631925e-18,2.861713326240487021e-01
2.700000000000000178e-01,2.458424726237591784e+00,1.517883041479706208e-17,2.861444096658186109e-01
2.720000000000000195e-01,2.457864578549047607e+00,7.806255641895631925e-18,2.861174418856025636e-01
2.740000000000000213e-01,2.457302919190604840e+00,1.626303258728256651e-17,2.860904291834381885e-01
2.760000000000000231e-01,2.456739743213127269e+00,5.204170427930421283e-18,2.860633714590988808e-01
2.780000000000000249e-01,2.456175045650251576e+00,6.938893903907228378e-18,2.860362686120913045e-01
2.800000000000000266e-01,2.455608821517857976e+00,1.301042606982605321e-17,2.860091205416548377e-01
2.820000000000000284e-01,2.455041065814176804e+00,1.994931997373328159e-17,2.859819271467669011e-01
2.840000000000000302e-01,2.454471773519820488e+00,2.992397996059992238e-17,2.859546883261295802e-01
2.860000000000000320e-01,2.453900939597748021e+00,1.729302465114379572e-17,2.859274039781823928e-01
2.880000000000000338e-01,2.453328558992911468e+00,8.673617379884035472e-19,2.859000740010962938e-01
2.899999999999999800e-01,2.452754626632872359e+00,3.469446951953614189e-18,2.858726982927676241e-01
2.919999999999999818e-01,2.452179137426805156e+00,7.480994990149980595e-18,2.858452767508250503e-01
2.939999999999999836e-01,2.451602086266110092e+00,2.341876692568689577e-17,2.858178092726249009e-01
2.959999999999999853e-01,2.451023468024287055e+00,5.204170427930421283e-18,2.857902957552531653e-01
2.979999999999999871e-01,2.450443277556624722e+00,2.081668171172168513e-17,2.857627360955199425e-01
2.999999999999999889e-01,2.449861509700468787e+00,2.401507812055392321e-17,2.857351301899632712e-01
3.019999999999999907e-01,2.449278159274696165e+00,1.994931997373328159e-17,2.857074779348461324e-01
3.039999999999999925e-01,2.448693221080398885e+00,7.372574772901430151e-18,2.856797792261570046e-01
3.059999999999999942e-01,2.448106689899951505e+00,9.540979117872439019e-18,2.856520339596081981e-01
3.079999999999999960e-01,2.447518560497508489e+00,1.734723475976807094e-18,2.856242420306336904e-01
3.099999999999999978e-01,2.446928827619057500e+00,2.602085213965210642e-18,2.855964033343900699e-01
3.119999999999999996e-01,2.446337485991794125e+00,3.100818213308542681e-17,2.855685177657590890e-01
3.140000000000000013e-01,2.445744530324708066e+00,5.204170427930421283e-18,2.855405852193384497e-01
3.160000000000000031e-01,2.445149955307824641e+00,3.577867169202164632e-18,2.855126055894492421e-01
3.180000000000000049e-01,2.444553755613007695e+00,1.908195823574487804e-17,2.854845787701300042e-01
3.200000000000000067e-01,2.443955925893167347e+00,1.301042606982605321e-17,2.854565046551379437e-01
3.220000000000000084e-01,2.443356460782441175e+00,3.686287386450715076e-18,2.854283831379483272e-01
3.240000000000000102e-01,2.442755354896437581e+00,5.854691731421723944e-18,2.854002141117550351e-01
3.260000000000000120e-01,2.442152602831638930e+00,8.673617379884035472e-18,2.853719974694639006e-01
3.280000000000000138e-01,2.441548199165843869e+00,1.742854992270448378e-17,2.853437331037012581e-01
3.300000000000000155e-01,2.440942138457701915e+00,8.673617379884035472e-18,2.853154209068043956e-01
3.320000000000000173e-01,2.440334415246844912e+00,9.107298248878237246e-18,2.852870607708217210e-01
3.340000000000000191e-01,2.439725024054013147e+00,4.336808689942017736e-18,2.852586525875235313e-01
3.360000000000000209e-01,2.439113959380689423e+00,3.361026734705063745e-18,2.852301962483826392e-01
3.380000000000000226e-01,2.438501215709157677e+00,1.734723475976807094e-18,2.852016916445891392e-01
3.400000000000000244e-01,2.437886787502677066e+00,3.361026734705063745e-18,2.851731386670423030e-01
3.420000000000000262e-01,2.437270669204883333e+00,6.935505772118211176e-18,2.851445372063479700e-01
3.440000000000000280e-01,2.436652855240261317e+00,3.469446951953614189e-18,2.851158871528259864e-01
3.460000000000000298e-01,2.436033340013795012e+00,3.686287386450715076e-18,2.850871883965006570e-01
3.480000000000000315e-01,2.435412117911038621e+00,6.071532165918824830e-18,2.850584408271055747e-01
3.500000000000000333e-01,2.434789183298160964e+00,1.908195823574487804e-17,2.850296443340785690e-01
3.519999999999999796e-01,2.434164530521536918e+00,3.035766082959412415e-18,2.850007988065640374e-01
3.539999999999999813e-01,2.433538153907951695e+00,2.770136550700463829e-17,2.849719041334147773e-01
3.559999999999999831e-01,2.432910047764480055e+00,1.048965601879725540e-17,2.849429602031817166e-01
3.579999999999999849e-01,2.432280206378731435e+00,2.168404344971008868e-18,2.849139669041215184e-01
3.599999999999999867e-01,2.431648624018166061e+00,1.821459649775647449e-17,2.848849241241942498e-01
3.619999999999999885e-01,2.431015294930507054e+00,1.387778780781445676e-17,2.848558317510612170e-01
3.639999999999999902e-01,2.430380213343616091e+00,2.095220698328237319e-17,2.848266896720827446e-01
3.659999999999999920e-01,2.429743373465372613e+00,1.048965601879725540e-17,2.847974977743217839e-01
3.679999999999999938e-01,2.429104769483595661e+00,6.803368632346540323e-18,2.847682559445365857e-01
3.699999999999999956e-01,2.428464395565963940e+00,5.204170427930421283e-18,2.847389640691875279e-01
3.719999999999999973e-01,2.427822245860188133e+00,4.119968255444916849e-18,2.847096220344300099e-01
3.739999999999999991e-01,2.427178314493660949e+00,4.336808689942017736e-18,2.846802297261166736e-01
3.760000000000000009e-01,2.426532595573549500e+00,6.776263578034402713e-21,2.846507870297951825e-01
3.780000000000000027e-01,2.425885083186805957e+00,1.387778780781445676e-17,2.846212938307112750e-01
3.800000000000000044e-01,2.425235771400048534e+00,5.421010862427522170e-20,2.845917500138004930e-01
3.820000000000000062e-01,2.424584654259051675e+00,8.673617379884035472e-19,2.845621554636934003e-01
3.840000000000000080e-01,2.423931725789682190e+00,3.469446951953614189e-18,2.845325100647111416e-01
3.860000000000000098e-01,2.423276979997048386e+00,1.127570259384924611e-17,2.845028137008722702e-01
3.880000000000000115e-01,2.422620410865807372e+00,2.775557561562891351e-17,2.844730662558778156e-01
3.900000000000000133e-01,2.421962012359706762e+00,1.387778780781445676e-17,2.844432676131254389e-01
3.920000000000000151e-01,2.421301778421998563e+00,2.341876692568689577e-17,2.844134176556983307e-01
3.940000000000000169e-01,2.420639702975430296e+00,5.204170427930421283e-18,2.843835162663675420e-01
3.960000000000000187e-01,2.419975779921335501e+00,0.000000000000000000e+00,2.843535633275929841e-01
3.980000000000000204e-01,2.419310003140724419e+00,6.938893903907228378e-18,2.843235587215204307e-01
4.000000000000000222e-01,2.418642366493655160e+00,9.540979117872439019e-18,2.842935023299809627e-01
4.020000000000000240e-01,2.417972863819041862e+00,1.735401102334610535e-17,2.842633940344901911e-01
4.040000000000000258e-01,2.417301488934816334e+00,0.000000000000000000e+00,2.842332337162489786e-01
4.060000000000000275e-01,2.416628235637968913e+00,3.469446951953614189e-18,2.842030212561392211e-01
4.080000000000000293e-01,2.415953097704235830e+00,2.032879073410320814e-20,2.841727565347273443e-01
4.100000000000000311e-01,2.415276068888299932e+00,6.613633252161577047e-18,2.841424394322567548e-01
4.120000000000000329e-01,2.414597142923504691e+00,3.035766082959412415e-18,2.841120698286553892e-01
4.140000000000000346e-01,2.413916313521983881e+00,1.431146867680865853e-17,2.840816476035292748e-01
4.160000000000000364e-01,2.413233574374491042e+00,7.101524229780054043e-18,2.840511726361627520e-01
4.179999999999999827e-01,2.412548919150617976e+00,6.949058299274279982e-18,2.840206448055195287e-01
4.199999999999999845e-01,2.411862341498181905e+00,2.602085213965210642e-18,2.839900639902375734e-01
4.219999999999999862e-01,2.411173835043586067e+00,2.298508605669269400e-17,2.839594300686330008e-01
4.239999999999999880e-01,2.410483393391823270e+00,1.539567084929416296e-17,2.839287429186944656e-01
4.259999999999999898e-01,2.409791010126388855e+00,1.040071755933555386e-17,2.838980024180897677e-01
4.279999999999999916e-01,2.409096678808651859e+00,5.204170427930421283e-18,2.838672084441545840e-01
4.299999999999999933e-01,2.408400392978952809e+00,1.127570259384924611e-17,2.838363608739015720e-01
4.319999999999999951e-01,2.407702146155227041e+00,6.938893903907228378e-18,2.838054595840105443e-01
4.339999999999999969e-01,2.407001931834088282e+00,8.673617379884035472e-18,2.837745044508377945e-01
4.359999999999999987e-01,2.406299743489970666e+00,1.406752318799942003e-17,2.837434953504024970e-01
4.380000000000000004e-01,2.405595574575750462e+00,6.938893903907228378e-18,2.837124321583983644e-01
4.400000000000000022e-01,2.404889418522014211e+00,6.938893903907228378e-18,2.836813147501855981e-01
4.420000000000000040e-01,2.404181268737325183e+00,6.938893903907228378e-18,2.836501430007908886e-01
4.440000000000000058e-01,2.403471118608726087e+00,1.734723475976807094e-17,2.836189167849076931e-01
4.460000000000000075e-01,2.402758961500252255e+00,1.257674520083185143e-17,2.835876359768932375e-01
4.480000000000000093e-01,2.402044790754633397e+00,1.496198998029996119e-17,2.835563004507732354e-01
4.500000000000000111e-01,2.401328599691844090e+00,1.994931997373328159e-17,2.835249100802335609e-01
4.520000000000000129e-01,2.400610381610057686e+00,4.336808689942017736e-18,2.834934647386231910e-01
4.540000000000000147e-01,2.399890129784514770e+00,4.336808689942017736e-18,2.834619642989527621e-01
4.560000000000000164e-01,2.399167837468798581e+00,8.239936510889833698e-18,2.834304086338974016e-01
4.580000000000000182e-01,2.398443497893344656e+00,6.938893903907228378e-18,2.833987976157865130e-01
4.600000000000000200e-01,2.397717104266948951e+00,2.602085213965210642e-18,2.833671311166134354e-01
4.620000000000000218e-01,2.396988649775286362e+00,3.306816626080788524e-18,2.833354090080265064e-01
4.640000000000000235e-01,2.396258127581662123e+00,6.179952383167375274e-18,2.833036311613315039e-01
4.660000000000000253e-01,2.395525530826757787e+00,4.336808689942017736e-18,2.832717974474940337e-01
4.680000000000000271e-01,2.394790852628782218e+00,1.387786059970836142e-17,2.832399077371317575e-01
4.700000000000000289e-01,2.394054086083063027e+00,1.062518129035794345e-17,2.832079619005167803e-01
4.720000000000000306e-01,2.393315224262114072e+00,6.938880669017427529e-18,2.831759598075776485e-01
4.740000000000000324e-01,2.392574260215930337e+00,6.776263578034402713e-21,2.831439013278920780e-01
4.760000000000000342e-01,2.391831186971430157e+00,1.647987302177966740e-17,2.831117863306924498e-01
4.780000000000000360e-01,2.391085997532812257e+00,1.040834085586084257e-17,2.830796146848608141e-01
4.799999999999999822e-01,2.390338684881161413e+00,1.040834085586084257e-17,2.830473862589311662e-01
4.819999999999999840e-01,2.389589241974727329e+00,3.469446951953614189e-18,2.830151009210807866e-01
4.839999999999999858e-01,2.388837661748835828e+00,1.371515748194163109e-17,2.829827585391420652e-01
4.859999999999999876e-01,2.388083937115473177e+00,3.122502256758252770e-17,2.829503589805913433e-01
4.879999999999999893e-01,2.387328060963790577e+00,1.994931997373328159e-17,2.829179021125499127e-01
4.899999999999999911e-01,2.386570026159558822e+00,3.035766082959412415e-18,2.828853878017870138e-01
4.919999999999999929e-01,2.385809825545457841e+00,1.149254302834634700e-17,2.828528159147154497e-01
4.939999999999999947e-01,2.385047451940971897e+00,2.385244779468109755e-18,2.828201863173911423e-01
4.959999999999999964e-01,2.384282898142203067e+00,3.252606517456513302e-18,2.827874988755127439e-01
4.979999999999999982e-01,2.383516156922018681e+00,1.040834085586084257e-17,2.827547534544193053e-01
5.000000000000000000e-01,2.382747221029930529e+00,6.938893903907228378e-18,2.827219499190942731e-01
5.020000000000000018e-01,2.381976083191881699e+00,3.577867169202164632e-18,2.826890881341573292e-01
5.040000000000000036e-01,2.381202736110518359e+00,0.000000000000000000e+00,2.826561679638682767e-01
5.060000000000000053e-01,2.380427172464889551e+00,3.467752886059105588e-18,2.826231892721233208e-01
5.080000000000000071e-01,2.379649384910631937e+00,2.341876692568689577e-17,2.825901519224585101e-01
5.100000000000000089e-01,2.378869366079630510e+00,8.673617379884035472e-19,2.825570557780443526e-01
5.120000000000000107e-01,2.378087108580402287e+00,7.372574772901430151e-18,2.825239007016861481e-01
5.140000000000000124e-01,2.377302604997451496e+00,9.540979117872439019e-18,2.824906865558234337e-01
5.160000000000000142e-01,2.376515847891973010e+00,1.387778780781445676e-17,2.824574132025300943e-01
5.180000000000000160e-01,2.375726829801283913e+00,1.046255096448511779e-17,2.824240805035100332e-01
5.200000000000000178e-01,2.374935543238571256e+00,3.252606517456513302e-18,2.823906883201021123e-01
5.220000000000000195e-01,2.374141980693989851e+00,1.474514954580286030e-17,2.823572365132705486e-01
5.240000000000000213e-01,2.373346134633049331e+00,9.324138683375338132e-18,2.823237249436140184e-01
5.260000000000000231e-01,2.372547997497818528e+00,1.127570259384924611e-17,2.822901534713565530e-01
5.280000000000000249e-01,2.371747561706426310e+00,2.168404344971008868e-18,2.822565219563512584e-01
5.300000000000000266e-01,2.370944819652986979e+00,1.734723475976807094e-18,2.822228302580766512e-01
5.320000000000000284e-01,2.370139763707374669e+00,1.647987302177966740e-17,2.821890782356369920e-01
5.340000000000000302e-01,2.369332386215946329e+00,6.071532165918824830e-18,2.821552657477621739e-01
5.360000000000000320e-01,2.368522679500552286e+00,1.561251128379126385e-17,2.821213926528062799e-01
5.380000000000000338e-01,2.367710635859102908e+00,3.252606517456513302e-18,2.820874588087443624e-01
5.400000000000000355e-01,2.366896247565415834e+00,8.673617379884035472e-18,2.820534640731748866e-01
5.420000000000000373e-01,2.366079506869127158e+00,2.602085213965210642e-18,2.820194083033165655e-01
5.440000000000000391e-01,2.365260405995561754e+00,1.561251128379126385e-17,2.819852913560079166e-01
5.460000000000000409e-01,2.364438937146193354e+00,7.372574772901430151e-18,2.819511130877045413e-01
5.480000000000000426e-01,2.363615092497594716e+00,1.084202172485504434e-19,2.819168733544858418e-01
5.500000000000000444e-01,2.362788864202657990e+00,1.257674520083185143e-17,2.818825720120421430e-01
5.520000000000000462e-01,2.361960244389694097e+00,6.505213034913026604e-18,2.818482089156829073e-01
5.540000000000000480e-01,2.361129225162628131e+00,1.387778780781445676e-17,2.818137839203324058e-01
5.560000000000000497e-01,2.360295798601121930e+00,1.740144486839234617e-17,2.817792968805296061e-01
5.580000000000000515e-01,2.359459956760318278e+00,7.372574772901430151e-18,2.817447476504236770e-01
5.600000000000000533e-01,2.358621691671070053e+00,2.992397996059992238e-17,2.817101360837808155e-01
5.620000000000000551e-01,2.357780995339586738e+00,5.637851296924623057e-18,2.816754620339760873e-01
5.640000000000000568e-01,2.356937859747738173e+00,6.936352805065465477e-18,2.816407253539920386e-01
5.660000000000000586e-01,2.356092276852752576e+00,3.442341897641476578e-18,2.816059258964263567e-01
5.680000000000000604e-01,2.355244238587435035e+00,1.431146867680865853e-17,2.815710635134807682e-01
5.700000000000000622e-01,2.354393736860144415e+00,2.022037051685465769e-17,2.815361380569668115e-01
5.720000000000000639e-01,2.353540763554336834e+00,9.757819552369539906e-18,2.815011493783007857e-01
5.740000000000000657e-01,2.352685310528858764e+00,1.713039432527097006e-17,2.814660973285058043e-01
5.760000000000000675e-01,2.351827369618479935e+00,2.602085213965210642e-18,2.814309817582108519e-01
5.779999999999999583e-01,2.350966932632516659e+00,2.081668171172168513e-17,2.813958025176444555e-01
5.799999999999999600e-01,2.350103991356240485e+00,1.301042606982605321e-17,2.813605594566422341e-01
5.819999999999999618e-01,2.349238537549856787e+00,1.387778780781445676e-17,2.813252524246374064e-01
5.839999999999999636e-01,2.348370562949094520e+00,1.778091562876227272e-17,2.812898812706670082e-01
5.859999999999999654e-01,2.347500059264751471e+00,1.761828530288944705e-17,2.812544458433671735e-01
5.879999999999999671e-01,2.346627018182967817e+00,4.336808689942017736e-18,2.812189459909710254e-01
5.899999999999999689e-01,2.345751431365235007e+00,1.561251128379126385e-17,2.811833815613137832e-01
5.919999999999999707e-01,2.344873290447845093e+00,4.336808689942017736e-18,2.811477524018215490e-01
5.939999999999999725e-01,2.343992587042693643e+00,1.908195823574487804e-17,2.811120583595202449e-01
5.959999999999999742e-01,2.343109312736768146e+00,3.903127820947815962e-18,2.810762992810309502e-01
5.979999999999999760e-01,2.342223459092082294e+00,1.843143693225357538e-17,2.810404750125662376e-01
5.999999999999999778e-01,2.341335017645953087e+00,5.637851296924623057e-18,2.810045853999333376e-01
6.019999999999999796e-01,2.340443979910737937e+00,2.168404344971008868e-18,2.809686302885306408e-01
6.039999999999999813e-01,2.339550337373886180e+00,5.204170427930421283e-18,2.809326095233489196e-01
6.059999999999999831e-01,2.338654081498189541e+00,0.000000000000000000e+00,2.808965229489677751e-01
6.079999999999999849e-01,2.337755203721123110e+00,1.062518129035794345e-17,2.808603704095565257e-01
6.099999999999999867e-01,2.336853695455664237e+00,1.387798633116146948e-17,2.808241517488714312e-01
6.119999999999999885e-01,2.335949548089843120e+00,7.372574772901430151e-18,2.807878668102576913e-01
6.139999999999999902e-01,2.335042752986321801e+00,4.770489558936219510e-18,2.807515154366458932e-01
6.159999999999999920e-01,2.334133301483417355e+00,1.214306433183764966e-17,2.807150974705511781e-01
6.179999999999999938e-01,2.333221184894098243e+00,1.713039432527097006e-17,2.806786127540747411e-01
6.199999999999999956e-01,2.332306394506595382e+00,6.932117640329193975e-18,2.806420611288991118e-01
6.219999999999999973e-01,2.331388921583986473e+00,1.301042606982605321e-17,2.806054424362889321e-01
6.239999999999999991e-01,2.330468757364785759e+00,2.428612866367529932e-17,2.805687565170925657e-01
6.260000000000000009e-01,2.329545893062173079e+00,1.084202172485504434e-19,2.805320032117371576e-01
6.280000000000000027e-01,2.328620319864519672e+00,0.000000000000000000e+00,2.804951823602285788e-01
6.300000000000000044e-01,2.327692028935326007e+00,6.071532165918824830e-18,2.804582938021545901e-01
6.320000000000000062e-01,2.326761011412957103e+00,2.081668171172168513e-17,2.804213373766747952e-01
6.340000000000000080e-01,2.325827258410862797e+00,2.168404344971008868e-19,2.803843129225300768e-01
6.360000000000000098e-01,2.324890761017705643e+00,3.469446951953614189e-18,2.803472202780350475e-01
6.380000000000000115e-01,2.323951510297069589e+00,1.734723475976807094e-17,2.803100592810795488e-01
6.400000000000000133e-01,2.323009497287655378e+00,1.062518129035794345e-17,2.802728297691249870e-01
6.420000000000000151e-01,2.322064713002955472e+00,3.903127820947815962e-18,2.802355315792082746e-01
6.440000000000000169e-01,2.321117148432035648e+00,1.127570259384924611e-17,2.801981645479376670e-01
6.460000000000000187e-01,2.320166794538703670e+00,1.387778780781445676e-17,2.801607285114897650e-01
6.480000000000000204e-01,2.319213642261745534e+00,7.372574772901430151e-18,2.801232233056132892e-01
6.500000000000000222e-01,2.318257682515366014e+00,4.336808689942017736e-18,2.800856487656236959e-01
6.520000000000000240e-01,2.317298906188687724e+00,1.040834085586084257e-17,2.800480047264078398e-01
6.540000000000000258e-01,2.316337304145893228e+00,2.255140518769849223e-17,2.800102910224153141e-01
6.560000000000000275e-01,2.315372867226441755e+00,0.000000000000000000e+00,2.799725074876638908e-01
6.580000000000000293e-01,2.314405586244863144e+00,2.558717127065790464e-17,2.799346539557364122e-01
6.600000000000000311e-01,2.313435451990828895e+00,1.734723475976807094e-18,2.798967302597797357e-01
6.620000000000000329e-01,2.312462455229248093e+00,1.647987302177966740e-17,2.798587362325016259e-01
6.640000000000000346e-01,2.311486586700091550e+00,6.938893903907228378e-18,2.798206717061756388e-01
6.660000000000000364e-01,2.310507837118693786e+00,2.602085213965210642e-18,2.797825365126339614e-01
6.680000000000000382e-01,2.309526197175475914e+00,2.537033083616080376e-17,2.797443304832678002e-01
6.700000000000000400e-01,2.308541657536268943e+00,7.372574772901430151e-18,2.797060534490320993e-01
6.720000000000000417e-01,2.307554208842098831e+00,1.333568672157170454e-17,2.796677052404349939e-01
6.740000000000000435e-01,2.306563841709280638e+00,6.938893903907228378e-18,2.796292856875470245e-01
6.760000000000000453e-01,2.305570546729244441e+00,1.387778780781445676e-17,2.795907946199903127e-01
6.780000000000000471e-01,2.304574314469274299e+00,1.035413074723656734e-17,2.795522318669455553e-01
6.800000000000000488e-01,2.303575135471534807e+00,1.561251128379126385e-17,2.795135972571466954e-01
6.820000000000000506e-01,2.302573000253751445e+00,2.038300084272748336e-17,2.794748906188823101e-01
6.840000000000000524e-01,2.301567899309265641e+00,2.406928822917819843e-17,2.794361117799923355e-01
6.860000000000000542e-01,2.300559823106514301e+00,6.071532165918824830e-18,2.793972605678678445e-01
6.880000000000000560e-01,2.299548762089884235e+00,3.469446951953614189e-18,2.793583368094552100e-01
6.900000000000000577e-01,2.298534706678884376e+00,2.363560736018399666e-17,2.793193403312446699e-01
6.920000000000000595e-01,2.297517647268792373e+00,6.938893903907228378e-18,2.792802709592775434e-01
6.940000000000000613e-01,2.296497574230446759e+00,8.673617379884035472e-19,2.792411285191454540e-01
6.960000000000000631e-01,2.295474477910250499e+00,3.469446951953614189e-18,2.792019128359839453e-01
6.980000000000000648e-01,2.294448348630474754e+00,3.469446951953614189e-18,2.791626237344752015e-01
7.000000000000000666e-01,2.293419176688930250e+00,8.673617379884035472e-18,2.791232610388499347e-01
7.020000000000000684e-01,2.292386952359013463e+00,1.496198998029996119e-17,2.790838245728766709e-01
7.039999999999999591e-01,2.291351665890564604e+00,3.510104533421820605e-18,2.790443141598732968e-01
7.059999999999999609e-01,2.290313307508466067e+00,6.938893903907228378e-18,2.790047296226966234e-01
7.079999999999999627e-01,2.289271867414067074e+00,7.914675859144182368e-18,2.789650707837472710e-01
7.099999999999999645e-01,2.288227335784547734e+00,6.938893903907228378e-18,2.789253374649650619e-01
7.119999999999999662e-01,2.287179702772723644e+00,3.035766082959412415e-18,2.788855294878296864e-01
7.139999999999999680e-01,2.286128958507774200e+00,6.071532165918824830e-18,2.788456466733589822e-01
7.159999999999999698e-01,2.285075093095166210e+00,1.214306433183764966e-17,2.788056888421097113e-01
7.179999999999999716e-01,2.284018096615977100e+00,6.938893903907228378e-18,2.787656558141753393e-01
7.199999999999999734e-01,2.282957959127950076e+00,1.387778780781445676e-17,2.787255474091832053e-01
7.219999999999999751e-01,2.281894670664813773e+00,1.431146867680865853e-17,2.786853634463007379e-01
7.239999999999999769e-01,2.280828221236717468e+00,1.040834085586084257e-17,2.786451037442237433e-01
7.259999999999999787e-01,2.279758600830056992e+00,6.071532165918824830e-18,2.786047681211856197e-01
7.279999999999999805e-01,2.278685799407947243e+00,3.035766082959412415e-18,2.785643563949513069e-01
7.299999999999999822e-01,2.277609806909634216e+00,2.081668171172168513e-17,2.785238683828155648e-01
7.319999999999999840e-01,2.276530613251413371e+00,3.469446951953614189e-18,2.784833039016047507e-01
7.339999999999999858e-01,2.275448208325615340e+00,1.778091562876227272e-17,2.784426627676760413e-01
7.359999999999999876e-01,2.274362582001622002e+00,6.965998958219365988e-18,2.784019447969146022e-01
7.379999999999999893e-01,2.273273724125592921e+00,4.336808689942017736e-19,2.783611498047334765e-01
7.399999999999999911e-01,2.272181624520506205e+00,3.455894424797545383e-18,2.783202776060733630e-01
7.419999999999999929e-01,2.271086272986041266e+00,8.673617379884035472e-19,2.782793280154010063e-01
7.439999999999999947e-01,2.269987659299163241e+00,1.734723475976807094e-17,2.782383008467080865e-01
7.459999999999999964e-01,2.268885773213758839e+00,6.938893903907228378e-18,2.781971959135111638e-01
7.479999999999999982e-01,2.267780604460645222e+00,3.469446951953614189e-18,2.781560130288519006e-01
7.500000000000000000e-01,2.266672142748362262e+00,4.336808689942017736e-18,2.781147520052923428e-01
7.520000000000000018e-01,2.265560377762303901e+00,1.474514954580286030e-17,2.780734126549179730e-01
7.540000000000000036e-01,2.264445299165343428e+00,3.550762114890027021e-18,2.780319947893346022e-01
7.560000000000000053e-01,2.263326896598011118e+00,1.035413074723656734e-17,2.779904982196699237e-01
7.580000000000000071e-01,2.262205159678158495e+00,4.065758146820641628e-20,2.779489227565687948e-01
7.600000000000000089e-01,2.261080078001548088e+00,1.036768327439263615e-17,2.779072682101982328e-01
7.620000000000000107e-01,2.259951641141309864e+00,2.049142105997603380e-17,2.778655343902359243e-01
7.640000000000000124e-01,2.258819838648697953e+00,1.734723475976807094e-17,2.778237211058853240e-01
7.660000000000000142e-01,2.257684660052770909e+00,3.469446951953614189e-18,2.777818281658616661e-01
7.680000000000000160e-01,2.256546094860734541e+00,3.464025941091186667e-17,2.777398553783925195e-01
7.700000000000000178e-01,2.255404132557686125e+00,2.927345865710861972e-18,2.776978025512266690e-01
7.720000000000000195e-01,2.254258762607115330e+00,2.341876692568689577e-17,2.776556694916210155e-01
7.740000000000000213e-01,2.253109974450792308e+00,4.336808689942017736e-18,2.776134560063494572e-01
7.760000000000000231e-01,2.251957757508849411e+00,1.517883041479706208e-17,2.775711619016945630e-01
7.780000000000000249e-01,2.250802101180124026e+00,1.604619215278546562e-17,2.775287869834485166e-01
7.800000000000000266e-01,2.249642994841863697e+00,1.388075242312984681e-17,2.774863310569226083e-01
7.820000000000000284e-01,2.248480427850060082e+00,3.469446951953614189e-18,2.774437939269279729e-01
7.840000000000000302e-01,2.247314389539745605e+00,5.854691731421723944e-18,2.774011753977909112e-01
7.860000000000000320e-01,2.246144869225034313e+00,2.081668171172168513e-17,2.773584752733420089e-01
7.880000000000000338e-01,2.244971856198629823e+00,2.168404344971008868e-18,2.773156933569208005e-01
7.900000000000000355e-01,2.243795339732947980e+00,2.038300084272748336e-17,2.772728294513773228e-01
7.920000000000000373e-01,2.242615309079361907e+00,2.602085213965210642e-18,2.772298833590594591e-01
7.940000000000000391e-01,2.241431753469065313e+00,2.083023423887775394e-17,2.771868548818257616e-01
7.960000000000000409e-01,2.240244662112386820e+00,3.469446951953614189e-18,2.771437438210385684e-01
7.980000000000000426e-01,2.239054024199749193e+00,1.040834085586084257e-17,2.771005499775620606e-01
8.000000000000000444e-01,2.237859828901294534e+00,6.352747104407252543e-22,2.770572731517638165e-01
8.020000000000000462e-01,2.236662065366882501e+00,4.336808689942017736e-19,2.770139131435158109e-01
8.040000000000000480e-01,2.235460722726642757e+00,3.130633773051894053e-17,2.769704697521875314e-01
8.060000000000000497e-01,2.234255790091102867e+00,6.933811706223702576e-18,2.769269427766516412e-01
8.080000000000000515e-01,2.233047256550790394e+00,3.477917281426157192e-18,2.768833320152803146e-01
8.100000000000000533e-01,2.231835111177046471e+00,1.474514954580286030e-17,2.768396372659454041e-01
8.120000000000000551e-01,2.230619343021727374e+00,4.987329993433320396e-18,2.767958583260161087e-01
8.140000000000000568e-01,2.229399941117407025e+00,6.993104012531503599e-18,2.767519949923598066e-01
8.160000000000000586e-01,2.228176894477753578e+00,4.336808689942017736e-18,2.767080470613438314e-01
8.180000000000000604e-01,2.226950192097252312e+00,1.734723475976807094e-18,2.766640143288268683e-01
8.200000000000000622e-01,2.225719822952054727e+00,1.344410693882025498e-17,2.766198965901667250e-01
8.220000000000000639e-01,2.224485775999157866e+00,1.561251128379126385e-17,2.765756936402155586e-01
8.240000000000000657e-01,2.223248040177585594e+00,8.673617379884035472e-18,2.765314052733220396e-01
8.260000000000000675e-01,2.222006604407742003e+00,8.673617379884035472e-19,2.764870312833254129e-01
8.280000000000000693e-01,2.220761457591938992e+00,1.734723475976807094e-18,2.764425714635596054e-01
8.300000000000000711e-01,2.219512588614742654e+00,1.734723475976807094e-18,2.763980256068515051e-01
8.320000000000000728e-01,2.218259986342530965e+00,6.071532165918824830e-18,2.763533935055200730e-01
8.339999999999999636e-01,2.217003639624230971e+00,6.938893903907228378e-18,2.763086749513739560e-01
8.359999999999999654e-01,2.215743537291437804e+00,1.214306433183764966e-17,2.762638697357149287e-01
8.379999999999999671e-01,2.214479668158080727e+00,1.734723475976807094e-18,2.762189776493334525e-01
8.399999999999999689e-01,2.213212021021156772e+00,1.734723475976807094e-17,2.761739984825074545e-01
8.419999999999999707e-01,2.211940584660844422e+00,1.387778780781445676e-17,2.761289320250077672e-01
8.439999999999999725e-01,2.210665347840169659e+00,6.911788849595090767e-18,2.760837780660917451e-01
8.459999999999999742e-01,2.209386299305972301e+00,2.602085213965210642e-18,2.760385363945047077e-01
8.479999999999999760e-01,2.208103427788334017e+00,1.994931997373328159e-17,2.759932067984776638e-01
8.499999999999999778e-01,2.206816722001317288e+00,7.372574772901430151e-18,2.759477890657312527e-01
8.519999999999999796e-01,2.205526170642892581e+00,6.965998958219365988e-18,2.759022829834675283e-01
8.539999999999999813e-01,2.204231762395084004e+00,1.387778780781445676e-17,2.758566883383815060e-01
8.559999999999999831e-01,2.202933485924443602e+00,6.288372600415925717e-18,2.758110049166461741e-01
8.579999999999999849e-01,2.201631329881951871e+00,2.412349833780247366e-17,2.757652325039217089e-01
8.599999999999999867e-01,2.200325282903216717e+00,1.040834085586084257e-17,2.757193708853526992e-01
8.619999999999999885e-01,2.199015333609123601e+00,1.734723475976807094e-18,2.756734198455678686e-01
8.639999999999999902e-01,2.197701470605371910e+00,2.905661822261151883e-17,2.756273791686769115e-01
8.659999999999999920e-01,2.196383682483130428e+00,1.214306433183764966e-17,2.755812486382736015e-01
8.679999999999999938e-01,2.195061957819140375e+00,1.734723475976807094e-17,2.755350280374334049e-01
8.699999999999999956e-01,2.193736285175811318e+00,2.341876692568689577e-17,2.754887171487125919e-01
8.719999999999999973e-01,2.192406653101841130e+00,2.032879073410320814e-20,2.754423157541525669e-01
8.739999999999999991e-01,2.191073050131803868e+00,7.806255641895631925e-18,2.753958236352694322e-01
8.760000000000000009e-01,2.189735464786901176e+00,1.929879867024197893e-17,2.753492405730620929e-01
8.780000000000000027e-01,2.188393885574896558e+00,1.301042606982605321e-18,2.753025663480126450e-01
8.800000000000000044e-01,2.187048300990339200e+00,3.729655473350135253e-17,2.752558007400776052e-01
8.820000000000000062e-01,2.185698699515135957e+00,1.388795220318150836e-17,2.752089435286964592e-01
8.840000000000000080e-01,2.184345069618260027e+00,1.647987302177966740e-17,2.751619944927850558e-01
8.860000000000000098e-01,2.182987399756397551e+00,1.734723475976807094e-18,2.751149534107382166e-01
8.880000000000000115e-01,2.181625678374000898e+00,6.938893903907228378e-18,2.750678200604301238e-01
8.900000000000000133e-01,2.180259893903592427e+00,7.806255641895631925e-18,2.750205942192124331e-01
8.920000000000000151e-01,2.178890034765933237e+00,6.776263578034402713e-21,2.749732756639115538e-01
8.940000000000000169e-01,2.177516089370303831e+00,7.155734338404329264e-18,2.749258641708324236e-01
8.960000000000000187e-01,2.176138046114756364e+00,1.734723475976807094e-17,2.748783595157588966e-01
8.980000000000000204e-01,2.174755893386466354e+00,1.355252715606880543e-17,2.748307614739471938e-01
9.000000000000000222e-01,2.173369619561787758e+00,1.040834085586084257e-17,2.747830698201332855e-01
9.020000000000000240e-01,2.171979213006599352e+00,1.908195823574487804e-17,2.747352843285280066e-01
9.040000000000000258e-01,2.170584662076620930e+00,1.561251128379126385e-17,2.746874047728167234e-01
9.060000000000000275e-01,2.169185955117605147e+00,9.107298248878237246e-18,2.746394309261599442e-01
9.080000000000000293e-01,2.167783080465712331e+00,2.089799687465809797e-17,2.745913625611949849e-01
9.100000000000000311e-01,2.166376026447473180e+00,0.000000000000000000e+00,2.745431994500325823e-01
9.120000000000000329e-01,2.164964781380339431e+00,6.938893903907228378e-18,2.744949413642608360e-01
9.140000000000000346e-01,2.163549333573143940e+00,1.322726650432315409e-17,2.744465880749383802e-01
9.160000000000000364e-01,2.162129671325773828e+00,4.336808689942017736e-19,2.743981393526015444e-01
9.180000000000000382e-01,2.160705782930024910e+00,5.204170427930421283e-18,2.743495949672596912e-01
9.200000000000000400e-01,2.159277656669484458e+00,8.673617379884035472e-18,2.743009546883961591e-01
9.220000000000000417e-01,2.157845280820154699e+00,3.642919299551294898e-17,2.742522182849669310e-01
9.240000000000000435e-01,2.156408643650355117e+00,1.734723475976807094e-17,2.742033855254050745e-01
9.260000000000000453e-01,2.154967733421578657e+00,7.914675859144182368e-18,2.741544561776132483e-01
9.280000000000000471e-01,2.153522538388012109e+00,1.517883041479706208e-17,2.741054300089736939e-01
9.300000000000000488e-01,2.152073046797674749e+00,1.647987302177966740e-17,2.740563067863348579e-01
9.320000000000000506e-01,2.150619246891773528e+00,6.071532165918824830e-18,2.740070862760234927e-01
9.340000000000000524e-01,2.149161126906131258e+00,2.385244779468109755e-17,2.739577682438407713e-01
9.360000000000000542e-01,2.147698675070438767e+00,2.125036258071588691e-17,2.739083524550572912e-01
9.380000000000000560e-01,2.146231879609185711e+00,2.168404344971008868e-19,2.738588386744195136e-01
9.400000000000000577e-01,2.144760728741806233e+00,4.770489558936219510e-18,2.738092266661465435e-01
9.420000000000000595e-01,2.143285210682982722e+00,1.821459649775647449e-17,2.737595161939326838e-01
9.440000000000000613e-01,2.141805313642851871e+00,3.469446951953614189e-18,2.737097070209461025e-01
9.460000000000000631e-01,2.140321025827597978e+00,6.667843360785852269e-18,2.736597989098228378e-01
9.480000000000000648e-01,2.138832335439520449e+00,1.040834085586084257e-17,2.736097916226816196e-01
9.500000000000000666e-01,2.137339230677422819e+00,1.691355389077386917e-17,2.735596849211072157e-01
9.520000000000000684e-01,2.135841699737033750e+00,2.423191855505102410e-17,2.735094785661621453e-01
9.540000000000000702e-01,2.134339730811417368e+00,1.084202172485504434e-18,2.734591723183824041e-01
9.560000000000000719e-01,2.132833312090879119e+00,9.866239769618090349e-18,2.734087659377808510e-01
9.580000000000000737e-01,2.131322431763690517e+00,1.038123580154870496e-17,2.733582591838392140e-01
9.599999999999999645e-01,2.129807078016442645e+00,1.387778780781445676e-17,2.733076518155161394e-01
9.619999999999999662e-01,2.128287239034143852e+00,6.939211541262448740e-18,2.732569435912496902e-01
9.639999999999999680e-01,2.126762903000900096e+00,3.225501463144375691e-18,2.732061342689448558e-01
9.659999999999999698e-01,2.125234058099847445e+00,8.673617379884035472e-18,2.731552236059905381e-01
9.679999999999999716e-01,2.123700692513761368e+00,1.257674520083185143e-17,2.731042113592430653e-01
9.699999999999999734e-01,2.122162794425465293e+00,3.317658647805643568e-17,2.730530972850399585e-01
9.719999999999999751e-01,2.120620352018178778e+00,0.000000000000000000e+00,2.730018811391944356e-01
9.739999999999999769e-01,2.119073353475558363e+00,6.288372600415925717e-18,2.729505626769933024e-01
9.759999999999999787e-01,2.117521786982422327e+00,1.170938346284344789e-17,2.728991416532045577e-01
9.779999999999999805e-01,2.115965640725175234e+00,1.040834085586084257e-17,2.728476178220703430e-01
9.799999999999999822e-01,2.114404902891601878e+00,1.897353801849632760e-19,2.727959909373118275e-01
9.819999999999999840e-01,2.112839561671956190e+00,1.127570259384924611e-17,2.727442607521289863e-01
9.839999999999999858e-01,2.111269605259174398e+00,4.336808689942017736e-18,2.726924270191974919e-01
9.859999999999999876e-01,2.109695021848654761e+00,1.040834085586084257e-17,2.726404894906753751e-01
9.879999999999999893e-01,2.108115799639341148e+00,0.000000000000000000e+00,2.725884479181976960e-01
9.899999999999999911e-01,2.106531926834110280e+00,1.040835574511186852e-17,2.725363020528819846e-01
9.919999999999999929e-01,2.104943391639364947e+00,9.974659986866640793e-18,2.724840516453245765e-01
9.939999999999999947e-01,2.103350182266492396e+00,6.940587969801736978e-18,2.724316964456034440e-01
9.959999999999999964e-01,2.101752286931516167e+00,1.821459649775647449e-17,2.723792362032796954e-01
9.979999999999999982e-01,2.100149693855515309e+00,4.336808689942017736e-18,2.723266706673942994e-01
1.000000000000000000e+00,2.098542391265690199e+00,1.734723475976807094e-18,2.722739995864721929e-01
1.002000000000000002e+00,2.096930367395026806e+00,1.214306433183764966e-17,2.722212227085227809e-01
1.004000000000000004e+00,2.095313610483001909e+00,4.336808689942017736e-18,2.721683397810401028e-01
1.006000000000000005e+00,2.093692108776048499e+00,4.770489558936219510e-18,2.721153505510021664e-01
1.008000000000000007e+00,2.092065850527768944e+00,6.722053469410127491e-18,2.720622547648722800e-01
1.010000000000000009e+00,2.090434823999833824e+00,3.469446950338027055e-18,2.720090521686024387e-01
1.012000000000000011e+00,2.088799017461562713e+00,7.806255641895631925e-18,2.719557425076311596e-01
1.014000000000000012e+00,2.087158419191169401e+00,2.427257613651923052e-17,2.719023255268841477e-01
1.016000000000000014e+00,2.085513017475728148e+00,9.540979117872439019e-18,2.718488009707771824e-01
1.018000000000000016e+00,2.083862800611905541e+00,1.604619215278546562e-17,2.717951685832147857e-01
1.020000000000000018e+00,2.082207756905907203e+00,1.929879867024197893e-17,2.717414281075933302e-01
1.022000000000000020e+00,2.080547874674589792e+00,6.938893903907228378e-18,2.716875792868029271e-01
1.024000000000000021e+00,2.078883142245205207e+00,1.647987302177966740e-17,2.716336218632247612e-01
1.026000000000000023e+00,2.077213547956210604e+00,1.039478832870477376e-17,2.715795555787282045e-01
1.028000000000000025e+00,2.075539080157925653e+00,1.214306433183764966e-17,2.715253801746865814e-01
1.030000000000000027e+00,2.073859727212507664e+00,1.390489286212659437e-17,2.714710953919647896e-01
1.032000000000000028e+00,2.072175477494660356e+00,1.821459649775647449e-17,2.714167009709259615e-01
1.034000000000000030e+00,2.070486319391974916e+00,5.204170427930421283e-18,2.713621966514258577e-01
1.036000000000000032e+00,2.068792241305684954e+00,2.818925648462311528e-18,2.713075821728278547e-01
1.038000000000000034e+00,2.067093231650524388e+00,6.722053469410127491e-18,2.712528572739889010e-01
1.040000000000000036e+00,2.065389278855866095e+00,2.081668171172168513e-17,2.711980216932708965e-01
1.042000000000000037e+00,2.063680371365745003e+00,1.626303258728256651e-19,2.711430751685364737e-01
1.044000000000000039e+00,2.061966497639533102e+00,3.469446951953614189e-18,2.710880174371541607e-01
1.046000000000000041e+00,2.060247646152273404e+00,1.084202172485504434e-17,2.710328482359964375e-01
1.048000000000000043e+00,2.058523805395095607e+00,2.783689077856532634e-17,2.709775673014439556e-01
1.050000000000000044e+00,2.056794963875930193e+00,1.338989683019597976e-17,2.709221743693833173e-01
1.052000000000000046e+00,2.055061110120020018e+00,3.903127820947815962e-18,2.708666691752118494e-01
1.054000000000000048e+00,2.053322232670057090e+00,1.561251128379126385e-17,2.708110514538369928e-01
1.056000000000000050e+00,2.051578320086713703e+00,1.561251128379126385e-17,2.707553209396803551e-01
1.058000000000000052e+00,2.049829360949676271e+00,1.392522165286069757e-17,2.706994773666758225e-01
1.060000000000000053e+00,2.048075343857361119e+00,1.561251128379126385e-17,2.706435204682702267e-01
1.062000000000000055e+00,2.046316257427879037e+00,1.733198816671749354e-17,2.705874499774325037e-01
1.064000000000000057e+00,2.044552090299445624e+00,1.040834085586084257e-17,2.705312656266489757e-01
1.066000000000000059e+00,2.042782831130766752e+00,2.255140518769849223e-17,2.704749671479225737e-01
1.068000000000000060e+00,2.041008468602093728e+00,1.387778780781445676e-17,2.704185542727812197e-01
1.070000000000000062e+00,2.039228991414523406e+00,2.168404344971008868e-17,2.703620267322763282e-01
1.072000000000000064e+00,2.037444388291776320e+00,1.561251128379126385e-17,2.703053842569832499e-01
1.074000000000000066e+00,2.035654647979949772e+00,3.469446951953614189e-18,2.702486265770063789e-01
1.076000000000000068e+00,2.033859759248306531e+00,2.786399583287746395e-17,2.701917534219770989e-01
1.078000000000000069e+00,2.032059710889745574e+00,8.673617379884035472e-19,2.701347645210626647e-01
1.080000000000000071e+00,2.030254491721230181e+00,1.734723475976807094e-17,2.700776596029547116e-01
1.082000000000000073e+00,2.028444090584526904e+00,1.561251128379126385e-17,2.700204383958882959e-01
1.084000000000000075e+00,2.026628496346287278e+00,2.602085213965210642e-18,2.699631006276302370e-01
1.086000000000000076e+00,2.024807697899440484e+00,2.949029909160572061e-17,2.699056460254868894e-01
1.088000000000000078e+00,2.022981684162287408e+00,1.170938346284344789e-17,2.698480743163081952e-01
1.090000000000000080e+00,2.021150444080706876e+00,6.288372600415925717e-18,2.697903852264840197e-01
1.092000000000000082e+00,2.019313966627436230e+00,3.035766082959412415e-18,2.697325784819520900e-01
1.094000000000000083e+00,2.017472240802968386e+00,7.155734338404329264e-18,2.696746538081953304e-01
1.096000000000000085e+00,2.015625255636484425e+00,6.993104012531503599e-18,2.696166109302484681e-01
1.098000000000000087e+00,2.013773000185798523e+00,1.691355389077386917e-17,2.695584495726996432e-01
1.100000000000000089e+00,2.011915463538082705e+00,1.040834085586084257e-17,2.695001694596841912e-01
1.102000000000000091e+00,2.010052634810815420e+00,8.673617379884035472e-19,2.694417703149047383e-01
1.104000000000000092e+00,2.008184503151564826e+00,3.035766082959412415e-18,2.693832518616166016e-01
1.106000000000000094e+00,2.006311057739329939e+00,0.000000000000000000e+00,2.693246138226366715e-01
1.108000000000000096e+00,2.004432287784595701e+00,1.561251128379126385e-17,2.692658559203496282e-01
1.110000000000000098e+00,2.002548182529983123e+00,1.734723475976807094e-17,2.692069778767046673e-01
1.112000000000000099e+00,2.000658731250977596e+00,3.469446951953614189e-18,2.691479794132204395e-01
1.114000000000000101e+00,1.998763923255772568e+00,1.214306433183764966e-17,2.690888602509911021e-01
1.116000000000000103e+00,1.996863747887386964e+00,3.476223215531648592e-18,2.690296201106806007e-01
1.118000000000000105e+00,1.994958194522332917e+00,6.071532165918824830e-18,2.689702587125345490e-01
1.120000000000000107e+00,1.993047252572520023e+00,1.821459649775647449e-17,2.689107757763791740e-01
1.122000000000000108e+00,1.991130911485285537e+00,4.336808689942017736e-18,2.688511710216214268e-01
1.124000000000000110e+00,1.989209160743953930e+00,1.864827736675067626e-17,2.687914441672568100e-01
1.126000000000000112e+00,1.987281989868533216e+00,1.908195823574487804e-17,2.687315949318705433e-01
1.128000000000000114e+00,1.985349388416661753e+00,5.204170427930421283e-18,2.686716230336401723e-01
1.130000000000000115e+00,1.983411345983029150e+00,2.038300084272748336e-17,2.686115281903351248e-01
1.132000000000000117e+00,1.981467852201109991e+00,1.734723475976807094e-18,2.685513101193315322e-01
1.134000000000000119e+00,1.979518896743416079e+00,3.428789370485407773e-18,2.684909685375978516e-01
1.136000000000000121e+00,1.977564469321562157e+00,8.673617379884035472e-18,2.684305031617167936e-01
1.138000000000000123e+00,1.975604559687919703e+00,1.127570259384924611e-17,2.683699137078719987e-01
1.140000000000000124e+00,1.973639157634874408e+00,1.561251128379126385e-17,2.683091998918640808e-01
1.142000000000000126e+00,1.971668252996312987e+00,5.204170427930421283e-18,2.682483614291085172e-01
1.144000000000000128e+00,1.969691835648076150e+00,8.673617379884035472e-18,2.681873980346354269e-01
1.146000000000000130e+00,1.967709895508285456e+00,2.515349040166370287e-17,2.681263094231033928e-01
1.148000000000000131e+00,1.965722422538158654e+00,1.084202172485504434e-18,2.680650953087921340e-01
1.150000000000000133e+00,1.963729406742318773e+00,8.673617379884035472e-18,2.680037554056127203e-01
1.152000000000000135e+00,1.961730838169890134e+00,2.602085213965210642e-18,2.679422894271108468e-01
1.153999999999999915e+00,1.959726706914507233e+00,4.336808689942017736e-18,2.678806970864667791e-01
1.155999999999999917e+00,2.984467631760770345e+00,1.301042606982605321e-18,2.678189780965041789e-01
1.157999999999999918e+00,1.955701716957484848e+00,1.561251128379126385e-17,2.677571321696917139e-01
1.159999999999999920e+00,1.953680838672303466e+00,3.361026734705063745e-18,2.676951590181438911e-01
1.161999999999999922e+00,1.951654358538863931e+00,1.393199791643873198e-17,2.676330583536327135e-01
1.163999999999999924e+00,1.949622266883576316e+00,1.398620802506300720e-17,2.675708298875836832e-01
1.165999999999999925e+00,1.947584554081171149e+00,2.049142105997603380e-17,2.675084733310848506e-01
1.167999999999999927e+00,1.945541210555681744e+00,8.673617379884035472e-19,2.674459883948895333e-01
1.169999999999999929e+00,1.943492226780376697e+00,3.187554387107383036e-17,2.673833747894233670e-01
1.171999999999999931e+00,1.941437593278756424e+00,3.469446951953614189e-18,2.673206322247803080e-01
1.173999999999999932e+00,1.939377300625030998e+00,1.127570259384924611e-17,2.672577604107404525e-01
1.175999999999999934e+00,1.937311339444962144e+00,1.344410693882025498e-17,2.671947590567598230e-01
1.177999999999999936e+00,1.935239700415824160e+00,2.602085213965210642e-18,2.671316278719875759e-01
1.179999999999999938e+00,1.933162374268100336e+00,4.770489558936219510e-18,2.670683665652627270e-01
1.181999999999999940e+00,1.931079351784900311e+00,6.938893903907228378e-18,2.670049748451205351e-01
1.183999999999999941e+00,1.928990623803242599e+00,1.042866964659494577e-17,2.669414524198032157e-01
1.185999999999999943e+00,1.926896181214786452e+00,2.125036258071588691e-17,2.668777989972528353e-01
1.187999999999999945e+00,2.967395401536602861e+00,6.857578740970815545e-18,2.668140142851281316e-01
1.189999999999999947e+00,1.922690116058197063e+00,7.372574772901430151e-18,2.667500979908030700e-01
1.191999999999999948e+00,1.920578475550554387e+00,1.170938346284344789e-17,2.666860498213715625e-01
1.193999999999999950e+00,1.918461084557710805e+00,2.862293735361731706e-17,2.666218694836596792e-01
1.195999999999999952e+00,1.916337934252233310e+00,1.214306433183764966e-17,2.665575566842204314e-01
1.197999999999999954e+00,1.914209015864457797e+00,4.065758146820641628e-20,2.664931111293472599e-01
1.199999999999999956e+00,1.912074320683755602e+00,3.306816626080788524e-18,2.664285325250762559e-01
1.201999999999999957e+00,1.909933840058526400e+00,7.806255641895631925e-18,2.663638205771908241e-01
1.203999999999999959e+00,1.907787565396976248e+00,1.994931997373328159e-17,2.662989749912315074e-01
1.205999999999999961e+00,1.905635488167943592e+00,0.000000000000000000e+00,2.662339954724953772e-01
1.207999999999999963e+00,1.903477599900986306e+00,6.938893903907228378e-18,2.661688817260450812e-01
1.209999999999999964e+00,1.901313892188069232e+00,4.336808689942017736e-18,2.661036334567178363e-01
1.211999999999999966e+00,1.899144356682770152e+00,3.903127820947815962e-18,2.660382503691263167e-01
1.213999999999999968e+00,2.952783704201562998e+00,8.673617379884035472e-19,2.659727321676629286e-01
1.215999999999999970e+00,2.951631199545856177e+00,1.732012970545593333e-17,2.659070785565161854e-01
1.217999999999999972e+00,1.892600700899015109e+00,2.298508605669269400e-17,2.658412892396647131e-01
1.219999999999999973e+00,1.890407772030654243e+00,3.435565634063442175e-18,2.657753639208918495e-01
1.221999999999999975e+00,1.888208974595249501e+00,3.469446951953614189e-18,2.657093023037852553e-01
1.223999999999999977e+00,2.946979528135146964e+00,1.170938346284344789e-17,2.656431040917511810e-01
1.225999999999999979e+00,1.883793742252176884e+00,2.059984127722458425e-17,2.655767689880146332e-01
1.227999999999999980e+00,2.944628488938354494e+00,1.387778780781445676e-17,2.655102966956309762e-01
1.229999999999999982e+00,2.943446615307198755e+00,1.561251128379126385e-17,2.654436869174843783e-01
1.231999999999999984e+00,2.942260485326141151e+00,2.949029909160572061e-17,2.653769393563069623e-01
1.233999999999999986e+00,2.941070083714148353e+00,1.474514954580286030e-17,2.653100537146736437e-01
1.235999999999999988e+00,2.939875395162548699e+00,9.107298248878237246e-18,2.652430296950164523e-01
1.237999999999999989e+00,1.870406385701020469e+00,9.540979117872439019e-18,2.651758669996285844e-01
1.239999999999999991e+00,1.868154421104772922e+00,8.673617379884035472e-19,2.651085653306748391e-01
1.241999999999999993e+00,2.936265454375673656e+00,1.059807623604580584e-17,2.650411243901939495e-01
1.243999999999999995e+00,1.863632649369268535e+00,3.428789370485407773e-18,2.649735438801106846e-01
1.245999999999999996e+00,2.933837110616268617e+00,1.821459649775647449e-17,2.649058235022407892e-01
1.247999999999999998e+00,2.932616377442696987e+00,2.385244779468109755e-17,2.648379629582967021e-01
1.250000000000000000e+00,2.931391249426205547e+00,9.757819552369539906e-18,2.647699619499011003e-01
1.252000000000000002e+00,2.930161711050795148e+00,1.301042606982605321e-17,2.647018201785904523e-01
1.254000000000000004e+00,1.852223804554014919e+00,5.204170427930421283e-18,2.646335373458220674e-01
1.256000000000000005e+00,2.927689341038517412e+00,1.084202172485504434e-17,2.645651131529839217e-01
1.258000000000000007e+00,2.926446478251042649e+00,3.469446951953614189e-18,2.644965473014064261e-01
1.260000000000000009e+00,1.845306620380682716e+00,1.561251128379126385e-17,2.644278394923598174e-01
1.262000000000000011e+00,1.842988872308504611e+00,2.428612866367529932e-17,2.643589894270769181e-01
1.264000000000000012e+00,1.840665103309424566e+00,5.204170427930421283e-18,2.642899968067491945e-01
1.266000000000000014e+00,1.838335306949216985e+00,5.204170427930421283e-18,2.642208613325440214e-01
1.268000000000000016e+00,2.920164761447260560e+00,1.073360150760649390e-17,2.641515827056061250e-01
1.270000000000000018e+00,1.833657606804788287e+00,1.734723475976807094e-17,2.640821606270724042e-01
1.272000000000000020e+00,2.917620327356436505e+00,3.577867169202164632e-18,2.640125947980779819e-01
1.274000000000000021e+00,2.916341244396871701e+00,1.734723475976807094e-18,2.639428849197641980e-01
1.276000000000000023e+00,2.915057563133883534e+00,6.857578740970815545e-18,2.638730306932922098e-01
1.278000000000000025e+00,2.913769267773320237e+00,1.040834085586084257e-17,2.638030318198452684e-01
1.280000000000000027e+00,1.821857442615549161e+00,1.788933584601082316e-17,2.637328880006462040e-01
1.282000000000000028e+00,2.911178771494283168e+00,6.923647310856650972e-18,2.636625989369599798e-01
1.284000000000000030e+00,1.817094886466421144e+00,3.903127820947815962e-18,2.635921643301075701e-01
1.286000000000000032e+00,2.908569628857410549e+00,3.686287386450715076e-18,2.635215838814730094e-01
1.288000000000000034e+00,1.812307981394990719e+00,3.165870343657672947e-17,2.634508572925181036e-01
1.290000000000000036e+00,2.901199584906589024e+00,1.561251128379126385e-17,2.633799842647847611e-01
1.292000000000000037e+00,2.896429975860659312e+00,1.301042606982605321e-18,2.633089644999127010e-01
1.294000000000000039e+00,1.805081873890550526e+00,1.604619215278546562e-17,2.632377976996427282e-01
1.296000000000000041e+00,2.886865890720496708e+00,1.078781161623076912e-17,2.631664835658346635e-01
1.298000000000000043e+00,2.882071606533081365e+00,6.938893903907228378e-18,2.630950218004725061e-01
1.300000000000000044e+00,2.877269286998599185e+00,1.734723475976807094e-17,2.630234121056765906e-01
1.302000000000000046e+00,2.872459024789543847e+00,9.812029660993815128e-18,2.629516541837149668e-01
1.304000000000000048e+00,1.792916014541399150e+00,6.938893903907228378e-18,2.628797477370136138e-01
1.306000000000000050e+00,1.790464445965358919e+00,4.336808689942017736e-19,2.628076924681678750e-01
1.308000000000000052e+00,2.857981489789176877e+00,1.474514954580286030e-17,2.627354880799542824e-01
1.310000000000000053e+00,1.785542874361947696e+00,1.778091562876227272e-17,2.626631342753381060e-01
1.312000000000000055e+00,2.848291728791261690e+00,4.336808689942017736e-18,2.625906307574936704e-01
1.314000000000000057e+00,2.843435686436389886e+00,9.107298248878237246e-18,2.625179772298062986e-01
1.316000000000000059e+00,2.838572315398877777e+00,1.214306433183764966e-17,2.624451733958906852e-01
1.318000000000000060e+00,2.833701698656307499e+00,2.168404344971008868e-18,2.623722189595961152e-01
1.320000000000000062e+00,2.828823918057169706e+00,1.214306433183764966e-17,2.622991136250287236e-01
1.322000000000000064e+00,2.823939054338131527e+00,0.000000000000000000e+00,2.622258570965545488e-01
1.324000000000000066e+00,2.819047187142892597e+00,2.602085213965210642e-18,2.621524490788173511e-01
1.326000000000000068e+00,2.814148395037877393e+00,5.854691731421723944e-18,2.620788892767459410e-01
1.328000000000000069e+00,2.809242755531178304e+00,1.214306433183764966e-17,2.620051773955742180e-01
1.330000000000000071e+00,2.804330345088374088e+00,1.084202172485504434e-17,2.619313131408465001e-01
1.332000000000000073e+00,2.799411239149588226e+00,1.647987302177966740e-17,2.618572962184363417e-01
1.334000000000000075e+00,2.794485512147092621e+00,1.431146867680865853e-17,2.617831263345569703e-01
1.336000000000000076e+00,2.789553237520239648e+00,2.168404344971008868e-17,2.617088031957738314e-01
1.338000000000000078e+00,2.784614487732611110e+00,8.239936510889833698e-18,2.616343265090234071e-01
1.340000000000000080e+00,2.779669334287801163e+00,2.602085213965210642e-17,2.615596959816179901e-01
1.342000000000000082e+00,2.774717847745252541e+00,8.023096076392732812e-18,2.614849113212667775e-01
1.344000000000000083e+00,2.769760097735705529e+00,1.561251128379126385e-17,2.614099722360903599e-01
1.346000000000000085e+00,2.764796152976980892e+00,5.637851296924623057e-18,2.613348784346275488e-01
1.348000000000000087e+00,1.737556066401809929e+00,1.647987302177966740e-17,2.612596296258576922e-01
1.350000000000000089e+00,2.754849949606423820e+00,1.821459649775647449e-17,2.611842255192094453e-01
1.352000000000000091e+00,2.749867823999366578e+00,0.000000000000000000e+00,2.611086658245818093e-01
1.354000000000000092e+00,2.744879769681283221e+00,1.734723475976807094e-18,2.610329502523532352e-01
1.356000000000000094e+00,2.739885851026986785e+00,3.079134169858832593e-17,2.609570785133964455e-01
1.358000000000000096e+00,1.724555678792560443e+00,2.602085213965210642e-18,2.608810503191019703e-01
1.360000000000000098e+00,2.729880674096134996e+00,8.673617379884035472e-19,2.608048653813810902e-01
1.362000000000000099e+00,2.724869540497529385e+00,2.602085213965210642e-18,2.607285234126929252e-01
1.364000000000000101e+00,2.719852791946014037e+00,6.934658739170956876e-18,2.606520241260530946e-01
1.366000000000000103e+00,2.714830488826860844e+00,2.602085213965210642e-18,2.605753672350538674e-01
1.368000000000000105e+00,2.709802690766577982e+00,1.084202172485504434e-18,2.604985524538777630e-01
1.370000000000000107e+00,2.704769456647348136e+00,2.103352214621878602e-17,2.604215794973134823e-01
1.372000000000000108e+00,2.699730844618590808e+00,1.832301671500502493e-17,2.603444480807769468e-01
1.374000000000000110e+00,2.694686912110139332e+00,1.561251128379126385e-17,2.602671579203206242e-01
1.376000000000000112e+00,2.689637715843986143e+00,8.673617379884035472e-18,2.601897087326611735e-01
1.378000000000000114e+00,2.684583311846752807e+00,8.673617379884035472e-19,2.601121002351826084e-01
1.380000000000000115e+00,2.679523755461437062e+00,9.540979117872439019e-18,2.600343321459676615e-01
1.382000000000000117e+00,2.674459101359255797e+00,1.734723475976807094e-18,2.599564041838088868e-01
1.384000000000000119e+00,2.669389403550775697e+00,6.071532165918824830e-18,2.598783160682239801e-01
1.386000000000000121e+00,2.664314715397441802e+00,7.372574772901430151e-18,2.598000675194754860e-01
1.388000000000000123e+00,2.659235089623400938e+00,1.019150042136374168e-17,2.597216582585973321e-01
1.390000000000000124e+00,2.654150578324674825e+00,2.168404344971008868e-19,2.596430880073966607e-01
1.392000000000000126e+00,2.649061232982139913e+00,2.759294528975608785e-17,2.595643564884892451e-01
1.394000000000000128e+00,2.643967104470776874e+00,7.101524229780054043e-18,2.594854634253105918e-01
1.396000000000000130e+00,2.638868243069977026e+00,1.214306433183764966e-17,2.594064085421300403e-01
1.398000000000000131e+00,2.633764698474713839e+00,1.040834085586084257e-17,2.593271915640817937e-01
1.400000000000000133e+00,2.628656519804376757e+00,7.101524229780054043e-18,2.592478122171744115e-01
1.402000000000000135e+00,2.623543755614329953e+00,1.301042606982605321e-18,2.591682702283185646e-01
1.404000000000000137e+00,2.618426453903984097e+00,1.301042606982605321e-17,2.590885653253371945e-01
1.406000000000000139e+00,2.613304662127237776e+00,8.673617379884035472e-19,2.590086972369986529e-01
1.407999999999999918e+00,2.608178427201758964e+00,1.647987302177966740e-17,2.589286656930230301e-01
1.409999999999999920e+00,2.603047795518143914e+00,1.745565497701662139e-17,2.588484704241149625e-01
1.411999999999999922e+00,2.597912812949205730e+00,2.385244779468109755e-18,2.587681111619781205e-01
1.413999999999999924e+00,2.592773524858682066e+00,3.415236843329338967e-18,2.586875876393378570e-01
1.415999999999999925e+00,2.587629976109916186e+00,1.734723475976807094e-17,2.586068995899620804e-01
1.417999999999999927e+00,2.582482211074861311e+00,5.421010862427522170e-20,2.585260467486842906e-01
1.419999999999999929e+00,2.577330273642116865e+00,6.071532165918824830e-18,2.584450288514241190e-01
1.421999999999999931e+00,2.572174207225668141e+00,1.409462824231155764e-17,2.583638456352109758e-01
1.423999999999999932e+00,2.567014054773077092e+00,3.469446951953614189e-18,2.582824968382025355e-01
1.425999999999999934e+00,2.561849858772925259e+00,3.903127820947815962e-18,2.582009821997175436e-01
1.427999999999999936e+00,2.556681661263310090e+00,5.204170427930421283e-18,2.581193014602438107e-01
1.429999999999999938e+00,2.551509503839623605e+00,1.734723475976807094e-18,2.580374543614747940e-01
1.431999999999999940e+00,2.546333427661798154e+00,2.602085213965210642e-18,2.579554406463236971e-01
1.433999999999999941e+00,2.541153473462140155e+00,4.336808689942017736e-18,2.578732600589561663e-01
1.435999999999999943e+00,2.535969681552311172e+00,1.301042606982605321e-18,2.577909123448038353e-01
1.437999999999999945e+00,2.530782091831220271e+00,6.938893903907228378e-18,2.577083972505987419e-01
1.439999999999999947e+00,2.525590743791175541e+00,1.474514954580286030e-17,2.576257145243874280e-01
1.441999999999999948e+00,2.520395676526270279e+00,3.577867169202164632e-18,2.575428639155692423e-01
1.443999999999999950e+00,2.515196928737710280e+00,3.469446951953614189e-18,2.574598451749075534e-01
1.445999999999999952e+00,2.509994538741628034e+00,1.734723475976807094e-17,2.573766580545640004e-01
1.447999999999999954e+00,2.504788544475101020e+00,3.035766082959412415e-18,2.572933023081190873e-01
1.449999999999999956e+00,2.499578983503175422e+00,1.301042606982605321e-18,2.572097776906046018e-01
1.451999999999999957e+00,2.494365893024770742e+00,8.673617379884035472e-18,2.571260839585225444e-01
1.453999999999999959e+00,2.489149309879552519e+00,5.204170427930421283e-18,2.570422208698757705e-01
1.455999999999999961e+00,2.483929270553401736e+00,4.336808689942017736e-18,2.569581881841958015e-01
1.457999999999999963e+00,2.478705811184896746e+00,8.673617379884035472e-18,2.568739856625631979e-01
1.459999999999999964e+00,2.473478967571436371e+00,2.428612866367529932e-17,2.567896130676463606e-01
1.461999999999999966e+00,2.468248775174451737e+00,1.734723475976807094e-18,2.567050701637166310e-01
1.463999999999999968e+00,2.463015269126122675e+00,6.505213034913026604e-18,2.566203567166873145e-01
1.465999999999999970e+00,2.457778484234390604e+00,1.344410693882025498e-17,2.565354724941371622e-01
1.467999999999999972e+00,2.452538454988346217e+00,8.673617379884035472e-19,2.564504172653347958e-01
1.469999999999999973e+00,2.447295215563960014e+00,6.938893903907228378e-18,2.563651908012762326e-01
1.471999999999999975e+00,2.442048799829837691e+00,3.469446951953614189e-18,2.562797928747082010e-01
1.473999999999999977e+00,2.436799241351451428e+00,1.496198998029996119e-17,2.561942232601580605e-01
1.475999999999999979e+00,2.431546573397829647e+00,2.070826149447313469e-17,2.561084817339710495e-01
1.477999999999999980e+00,2.426290828945026234e+00,6.071532165918824830e-18,2.560225680743268284e-01
1.479999999999999982e+00,2.421032040682154829e+00,3.903127820947815962e-18,2.559364820612841096e-01
1.481999999999999984e+00,2.415770241016105047e+00,7.155734338404329264e-18,2.558502234768022521e-01
1.483999999999999986e+00,2.410505462076212524e+00,9.540979117872439019e-18,2.557637921047793972e-01
1.485999999999999988e+00,2.405237735718868564e+00,5.204170427930421283e-18,2.556771877310741736e-01
1.487999999999999989e+00,2.399967093532650253e+00,6.776263578034402713e-20,2.555904101435495512e-01
1.489999999999999991e+00,2.394693566842494903e+00,1.002887009549091601e-17,2.555034591320979875e-01
1.491999999999999993e+00,2.389417186714341668e+00,2.602085213965210642e-18,2.554163344886752340e-01
1.493999999999999995e+00,2.384137983959638163e+00,1.387784074737366015e-17,2.553290360073337539e-01
1.495999999999999996e+00,2.378855989139385230e+00,1.290200585257750276e-17,2.552415634842557512e-01
1.497999999999999998e+00,2.373571232568737699e+00,1.214306433183764966e-17,2.551539167177881984e-01
1.500000000000000000e+00,2.368283744321013629e+00,8.673617379884035472e-18,2.550660955084769199e-01
1.502000000000000002e+00,2.362993554232167170e+00,6.071532165918824830e-18,2.549780996590970128e-01
1.504000000000000004e+00,2.357700691903747980e+00,3.686287386450715076e-18,2.548899289746923702e-01
1.506000000000000005e+00,2.352405186708717011e+00,3.057450126409122504e-17,2.548015832626095989e-01
1.508000000000000007e+00,2.347107067793643864e+00,1.734723475976807094e-17,2.547130623325341570e-01
1.510000000000000009e+00,2.341806364083351966e+00,7.806255641895631925e-18,2.546243659965214956e-01
1.512000000000000011e+00,2.336503104284677335e+00,1.691355389077386917e-17,2.545354940690436329e-01
1.514000000000000012e+00,2.331197316890273541e+00,4.336808689942017736e-19,2.544464463670133569e-01
1.516000000000000014e+00,2.325889030181937045e+00,1.214306433183764966e-17,2.543572227098322425e-01
1.518000000000000016e+00,2.320578272233753125e+00,8.673617379884035472e-19,2.542678229194198503e-01
1.520000000000000018e+00,2.315265070917366330e+00,1.355252715606880543e-17,2.541782468202565259e-01
1.522000000000000020e+00,2.309949453903319849e+00,5.204170427930421283e-18,2.540884942394224244e-01
1.524000000000000021e+00,2.304631448666135896e+00,9.540979117872439019e-18,2.539985650066305944e-01
1.526000000000000023e+00,2.299311082486621416e+00,2.168404344971008868e-17,2.539084589542743853e-01
1.528000000000000025e+00,2.293988382455362185e+00,4.336808689942017736e-18,2.538181759174577001e-01
1.530000000000000027e+00,2.288663375476732043e+00,1.736078728692413975e-17,2.537277157340410705e-01
1.532000000000000028e+00,2.283336088270885966e+00,8.673617379884035472e-18,2.536370782446821792e-01
1.534000000000000030e+00,2.278006547377708912e+00,1.192622389734054877e-17,2.535462632928729976e-01
1.536000000000000032e+00,2.272674779159881808e+00,3.489775742687717397e-18,2.534552707249853598e-01
1.538000000000000034e+00,2.267340809805361346e+00,9.540979117872439019e-18,2.533641003903074895e-01
1.540000000000000036e+00,2.262004665331073028e+00,1.040834085586084257e-17,2.532727521410905736e-01
1.542000000000000037e+00,2.256666371585085429e+00,2.602085213965210642e-18,2.531812258325880083e-01
1.544000000000000039e+00,2.251325954250170014e+00,3.469446951953614189e-18,2.530895213231050822e-01
1.546000000000000041e+00,2.245983438846222313e+00,1.127570259384924611e-17,2.529976384740286188e-01
1.548000000000000043e+00,2.240638850733244425e+00,3.903127820947815962e-18,2.529055771498871508e-01
1.550000000000000044e+00,2.235292215113929615e+00,3.144186300207962859e-18,2.528133372183840044e-01
1.552000000000000046e+00,2.229943557036524027e+00,1.561251128379126385e-17,2.527209185504470934e-01
1.554000000000000048e+00,2.224592901397260292e+00,2.688821387764050996e-17,2.526283210202696639e-01
1.556000000000000050e+00,2.219240272943149961e+00,6.938893903907228378e-18,2.525355445053648062e-01
1.558000000000000052e+00,2.213885696274877191e+00,1.387778780781445676e-17,2.524425888866009271e-01
1.560000000000000053e+00,2.208529195848134563e+00,3.252606517456513302e-18,2.523494540482540405e-01
1.562000000000000055e+00,2.203170795977991148e+00,1.024571052998801690e-17,2.522561398780562847e-01
1.564000000000000057e+00,2.197810520839162507e+00,5.204170427930421283e-18,2.521626462672404423e-01
1.566000000000000059e+00,2.192448394470217110e+00,7.047314121155778821e-18,2.520689731105906217e-01
1.568000000000000060e+00,2.187084440775135974e+00,1.718460443389524528e-17,2.519751203064847789e-01
1.570000000000000062e+00,2.181718683525357250e+00,2.081668171172168513e-17,2.518810877569533924e-01
1.572000000000000064e+00,2.176351146362932809e+00,1.385068275350231914e-17,2.517868753677226512e-01
1.574000000000000066e+00,2.170981852802098544e+00,7.372574772901430151e-18,2.516924830482644149e-01
1.576000000000000068e+00,2.165610826231727515e+00,3.295974604355933479e-17,2.515979107118497260e-01
1.578000000000000069e+00,2.160238089917074333e+00,2.398797306624178560e-17,2.515031582755971606e-01
1.580000000000000071e+00,2.154863667002999250e+00,9.107298248878237246e-18,2.514082256605283394e-01
1.582000000000000073e+00,2.149487580514881202e+00,6.071532165918824830e-18,2.513131127916155561e-01
1.584000000000000075e+00,2.144109853361449325e+00,2.341876692568689577e-17,2.512178195978382322e-01
1.586000000000000076e+00,2.138730508336376346e+00,1.084202172485504434e-17,2.511223460122313234e-01
1.588000000000000078e+00,2.133349568120593176e+00,2.125036258071588691e-17,2.510266919719447709e-01
1.590000000000000080e+00,2.127967055284699427e+00,1.474514954580286030e-17,2.509308574182946283e-01
1.592000000000000082e+00,2.122582992289391512e+00,1.105886215935214523e-17,2.508348422968194602e-01
1.594000000000000083e+00,2.117197401489054442e+00,1.397265549790693839e-17,2.507386465573310241e-01
1.596000000000000085e+00,2.111810305132845400e+00,1.127570259384924611e-17,2.506422701539796627e-01
1.598000000000000087e+00,2.106421725366782738e+00,1.691355389077386917e-17,2.505457130452978798e-01
1.600000000000000089e+00,2.101031684235355357e+00,3.469446951953614189e-18,2.504489751942712839e-01
1.602000000000000091e+00,2.095640203683661440e+00,5.204170427930421283e-18,2.503520565683871602e-01
1.604000000000000092e+00,2.090247305558465385e+00,2.602085213965210642e-18,2.502549571396914807e-01
1.606000000000000094e+00,2.084853011611343732e+00,4.770489558936219510e-18,2.501576768848558507e-01
1.608000000000000096e+00,2.079457343498685162e+00,1.604619215278546562e-17,2.500602157852296337e-01
1.610000000000000098e+00,2.074060322784827548e+00,2.602085213965210642e-18,2.499625738269049824e-01
1.612000000000000099e+00,2.068661970942589079e+00,2.103352214621878602e-17,2.498647510007692141e-01
1.614000000000000101e+00,2.063262309356195701e+00,1.019150042136374168e-17,2.497667473025793339e-01
1.616000000000000103e+00,1.335853761398821504e+00,2.038300084272748336e-17,2.496685627330072488e-01
1.618000000000000105e+00,2.052459142048263629e+00,2.515349040166370287e-17,2.495701972977199534e-01
1.620000000000000107e+00,2.047055678662283995e+00,8.673617379884035472e-19,2.494716510074246052e-01
1.622000000000000108e+00,2.041650990206029803e+00,1.008308020411519124e-17,2.493729238779477941e-01
1.624000000000000110e+00,2.036245097640346557e+00,8.023096076392732812e-18,2.492740159302856973e-01
1.626000000000000112e+00,2.030838021846376407e+00,2.753873518113181262e-17,2.491749271906828489e-01
1.628000000000000114e+00,2.025429783626687907e+00,1.170938346284344789e-17,2.490756576906838493e-01
1.630000000000000115e+00,2.020020403706675793e+00,0.000000000000000000e+00,2.489762074672136061e-01
1.632000000000000117e+00,2.014609902736610891e+00,6.505213034913026604e-18,2.488765765626282378e-01
1.634000000000000119e+00,2.009198301292013156e+00,3.469446951953614189e-18,2.487767650247950380e-01
1.636000000000000121e+00,2.003785619876154556e+00,1.073360150760649390e-17,2.486767729071588662e-01
1.638000000000000123e+00,1.998371878920433886e+00,1.344410693882025498e-17,2.485766002688022391e-01
1.640000000000000124e+00,1.992957098786847681e+00,3.035766082959412415e-17,2.484762471745224910e-01
1.642000000000000126e+00,1.291244832998335923e+00,3.699839913606783881e-18,2.483757136948995248e-01
1.644000000000000128e+00,1.287775490316326099e+00,6.938893903907228378e-18,2.482749999063671165e-01
1.646000000000000130e+00,1.976706725910915452e+00,1.214306433183764966e-17,2.481741058912846354e-01
1.648000000000000131e+00,1.971287991326928335e+00,1.718460443389524528e-17,2.480730317380053507e-01
1.650000000000000133e+00,1.965868318368617196e+00,1.387651725839357530e-17,2.479717775409496783e-01
1.652000000000000135e+00,1.960447727004581253e+00,9.974659986866640793e-18,2.478703434006875872e-01
1.654000000000000137e+00,1.955026237142766021e+00,1.745565497701662139e-17,2.477687294240017157e-01
1.656000000000000139e+00,1.949603868630971348e+00,2.504507018441515243e-17,2.476669357239623948e-01
1.658000000000000140e+00,1.944180641258832054e+00,6.938893903907228378e-18,2.475649624200133014e-01
1.660000000000000142e+00,1.938756574757380946e+00,6.938893903907228378e-18,2.474628096380324105e-01
1.662000000000000144e+00,1.933331688802629955e+00,1.062518129035794345e-17,2.473604775104256970e-01
1.664000000000000146e+00,1.927906003014415504e+00,6.396792817664476161e-18,2.472579661761950265e-01
1.665999999999999925e+00,1.922479536958896063e+00,4.770489558936219510e-18,2.471552757810103751e-01
1.667999999999999927e+00,1.917052310149275129e+00,8.673617379884035472e-19,2.470524064773053641e-01
1.669999999999999929e+00,1.911624342047055336e+00,1.084202172485504434e-19,2.469493584243412643e-01
1.671999999999999931e+00,1.906195652062654844e+00,3.480288973678469233e-17,2.468461317882990336e-01
1.673999999999999932e+00,1.900766259556592175e+00,1.270549420881450509e-21,2.467427267423523418e-01
1.675999999999999934e+00,1.895336183841461519e+00,3.388131789017201356e-20,2.466391434667552784e-01
1.677999999999999936e+00,1.889905444181801286e+00,1.029992063861229212e-17,2.465353821489175423e-01
1.679999999999999938e+00,1.884474059795181233e+00,3.577867169202164632e-18,2.464314429834993381e-01
1.681999999999999940e+00,1.879042049854344754e+00,4.336808689942017736e-18,2.463273261724861496e-01
1.683999999999999941e+00,1.873609433486874920e+00,4.119968255444916849e-18,2.462230319252768640e-01
1.685999999999999943e+00,1.868176229777162689e+00,1.301042606982605321e-17,2.461185604587706743e-01
1.687999999999999945e+00,1.862742457766378479e+00,4.011548038196366406e-18,2.460139119974530109e-01
1.689999999999999947e+00,1.857308136454864922e+00,7.806255641895631925e-18,2.459090867734786967e-01
1.691999999999999948e+00,1.851873284801108355e+00,3.035766082959412415e-17,2.458040850267712851e-01
1.693999999999999950e+00,1.846437921725046394e+00,8.673617379884035472e-19,2.456989070050978885e-01
1.695999999999999952e+00,1.841002066106979029e+00,4.336808689942017736e-18,2.455935529641666559e-01
1.697999999999999954e+00,1.835565736789085634e+00,2.097931203759451080e-17,2.454880231677186997e-01
1.699999999999999956e+00,1.830128952576925982e+00,2.341876692568689577e-17,2.453823178876189948e-01
1.701999999999999957e+00,1.824691732239831055e+00,3.469446951953614189e-18,2.452764374039438366e-01
1.703999999999999959e+00,1.819254094511624231e+00,1.908195823574487804e-17,2.451703820050744054e-01
1.705999999999999961e+00,1.813816058091830996e+00,3.442341897641476578e-18,2.450641519877954089e-01
1.707999999999999963e+00,1.174021231185410130e+00,1.040834085586084257e-17,2.449577476573864543e-01
1.709999999999999964e+00,1.802938863807810321e+00,3.209238430557093125e-17,2.448511693277252987e-01
1.711999999999999966e+00,1.797499743177921161e+00,5.637851296924623057e-18,2.447444173213643159e-01
1.713999999999999968e+00,1.792060298326536127e+00,1.908195823574487804e-17,2.446374919696501227e-01
1.715999999999999970e+00,1.786620547793519975e+00,5.204170427930421283e-18,2.445303936128083722e-01
1.717999999999999972e+00,1.781180510088775648e+00,6.776263578034402713e-18,2.444231226000497526e-01
1.719999999999999973e+00,1.775740203694347485e+00,6.857578740970815545e-18,2.443156792896614415e-01
1.721999999999999975e+00,1.770299647063479753e+00,3.122502256758252770e-17,2.442080640491148535e-01
1.723999999999999977e+00,1.764858858622893933e+00,2.049142105997603380e-17,2.441002772551637834e-01
1.725999999999999979e+00,1.759417856772239830e+00,4.336808689942017736e-19,2.439923192939542074e-01
1.727999999999999980e+00,1.753976659886376410e+00,7.806255641895631925e-18,2.438841905611094374e-01
1.729999999999999982e+00,1.748535286314611525e+00,1.734723475976807094e-17,2.437758914618554651e-01
1.731999999999999984e+00,1.743093754382458727e+00,6.938893903907228378e-18,2.436674224111149700e-01
1.733999999999999986e+00,1.126368146164043793e+00,6.965998958219365988e-18,2.435587838336075173e-01
1.735999999999999988e+00,1.732210288621372385e+00,2.721347452938616129e-17,2.434499761639741244e-01
1.737999999999999989e+00,1.726768391328976193e+00,8.673617379884035472e-19,2.433409998468679669e-01
1.739999999999999991e+00,1.721326408749966674e+00,1.694065894508600678e-20,2.432318553370667324e-01
1.741999999999999993e+00,1.715884359099639767e+00,3.252606517456513302e-18,2.431225430995924697e-01
1.743999999999999995e+00,1.710442260573277196e+00,0.000000000000000000e+00,2.430130636098090935e-01
1.745999999999999996e+00,1.705000131346888992e+00,5.204170427930421283e-18,2.429034173535389030e-01
1.747999999999999998e+00,1.699557989577927586e+00,4.336808689942017736e-18,2.427936048271777947e-01
1.750000000000000000e+00,1.694115853405664396e+00,1.756407519426517183e-17,2.426836265378046753e-01
1.752000000000000002e+00,1.688673740952038926e+00,7.806255641895631925e-18,2.425734830032903189e-01
1.754000000000000004e+00,1.683231670322669515e+00,5.204170427930421283e-18,2.424631747524314263e-01
1.756000000000000005e+00,1.677789659607041628e+00,1.994931997373328159e-17,2.423527023250401646e-01
1.758000000000000007e+00,1.672347726879070962e+00,1.257674520083185143e-17,2.422420662720838613e-01
1.760000000000000009e+00,1.666905890198286500e+00,1.257674520083185143e-17,2.421312671557908358e-01
1.762000000000000011e+00,1.074186385868346250e+00,2.420481350073888649e-17,2.420203055497698597e-01
1.764000000000000012e+00,1.656022577144366181e+00,5.421010862427522170e-19,2.419091820391393866e-01
1.766000000000000014e+00,1.650581136821646311e+00,6.938893903907228378e-18,2.417978972206339394e-01
1.768000000000000016e+00,1.645139864647418904e+00,6.938893903907228378e-18,2.416864517027356996e-01
1.770000000000000018e+00,1.639698778616351049e+00,5.204170427930421283e-18,2.415748461057968810e-01
1.772000000000000020e+00,1.634257896711611480e+00,1.387778780781445676e-17,2.414630810621564982e-01
1.774000000000000021e+00,1.628817236905975463e+00,6.396792817664476161e-18,2.413511572162778118e-01
1.776000000000000023e+00,1.623376817162196062e+00,1.647987302177966740e-17,2.412390752248599335e-01
1.778000000000000025e+00,1.617936655433373616e+00,1.718460443389524528e-17,2.411268357569690823e-01
1.780000000000000027e+00,1.612496769663549046e+00,1.301042606982605321e-17,2.410144394941762802e-01
1.782000000000000028e+00,1.607057177789201319e+00,7.806255641895631925e-18,2.409018871306687071e-01
1.784000000000000030e+00,1.601617897737655838e+00,4.770489558936219510e-18,2.407891793733895891e-01
1.786000000000000032e+00,1.596178947429967465e+00,1.821459649775647449e-17,2.406763169421707871e-01
1.788000000000000034e+00,1.590740344780400051e+00,8.673617379884035472e-19,2.405633005698590288e-01
1.790000000000000036e+00,1.585302107696387353e+00,7.806255641895631925e-18,2.404501310024500516e-01
1.792000000000000037e+00,1.579864254079764052e+00,1.647987302177966740e-17,2.403368089992205525e-01
1.794000000000000039e+00,1.574426801827701894e+00,8.673617379884035472e-19,2.402233353328690202e-01
1.796000000000000041e+00,1.568989768832224740e+00,3.469446951953614189e-18,2.401097107896453808e-01
1.798000000000000043e+00,1.563553172981318795e+00,5.746271514173173500e-18,2.399959361694855575e-01
1.800000000000000044e+00,1.558117032158937931e+00,1.301042606982605321e-17,2.398820122861579085e-01
1.802000000000000046e+00,1.552681364246380369e+00,2.602085213965210642e-18,2.397679399673946776e-01
1.804000000000000048e+00,1.547246187121805505e+00,6.938893903907228378e-18,2.396537200550321323e-01
1.806000000000000050e+00,1.541811518661361902e+00,1.951563910473907981e-18,2.395393534051564188e-01
1.808000000000000052e+00,1.536377376739203271e+00,1.257674520083185143e-17,2.394248408882415913e-01
1.810000000000000053e+00,1.530943779228572055e+00,1.385745901708035355e-17,2.393101833892890551e-01
1.812000000000000055e+00,1.525510744001550734e+00,4.336808689942017736e-19,2.391953818079763927e-01
1.814000000000000057e+00,1.520078288930118759e+00,2.168404344971008868e-18,2.390804370588030803e-01
1.816000000000000059e+00,1.514646431886045974e+00,1.387778780781445676e-17,2.389653500712310419e-01
1.818000000000000060e+00,1.509215190741873158e+00,1.040834085586084257e-17,2.388501217898353346e-01
1.820000000000000062e+00,1.503784583371253092e+00,2.168404344971008868e-18,2.387347531744511697e-01
1.822000000000000064e+00,1.498354627649163717e+00,1.387778780781445676e-17,2.386192452003217113e-01
1.824000000000000066e+00,1.492925341452291832e+00,1.727947212398772692e-17,2.385035988582472344e-01
1.826000000000000068e+00,1.487496742659901727e+00,2.602085213965210642e-18,2.383878151547479951e-01
1.828000000000000069e+00,1.482068849153673540e+00,8.239936510889833698e-18,2.382718951121895468e-01
1.830000000000000071e+00,1.476641678818966241e+00,1.474514954580286030e-17,2.381558397689652329e-01
1.832000000000000073e+00,1.471215249544329140e+00,7.806255641895631925e-18,2.380396501796304687e-01
1.834000000000000075e+00,1.465789579222466443e+00,2.038300084272748336e-17,2.379233274150684418e-01
1.836000000000000076e+00,1.460364685750427327e+00,2.428612866367529932e-17,2.378068725626396873e-01
1.838000000000000078e+00,1.454940587030186805e+00,2.341876692568689577e-17,2.376902867263463726e-01
1.840000000000000080e+00,1.449517300968873101e+00,4.336808689942017736e-18,2.375735710269784029e-01
1.842000000000000082e+00,1.444094845479298783e+00,6.952446431063297183e-18,2.374567266022852285e-01
1.844000000000000083e+00,1.438673238480362215e+00,4.336808689942017736e-18,2.373397546071328856e-01
1.846000000000000085e+00,1.433252497897079536e+00,2.401507812055392321e-17,2.372226562136568184e-01
1.848000000000000087e+00,1.427832641661657576e+00,7.155734338404329264e-18,2.371054326114377664e-01
1.850000000000000089e+00,1.422413687713445896e+00,2.427257613651923052e-17,2.369880850076524770e-01
1.852000000000000091e+00,1.416995653999133964e+00,1.691355389077386917e-17,2.368706146272484547e-01
1.854000000000000092e+00,1.411578558473292944e+00,6.613633252161577047e-18,2.367530227130980880e-01
1.856000000000000094e+00,1.406162419099226568e+00,9.540979117872439019e-18,2.366353105261754797e-01
1.858000000000000096e+00,1.400747253848539486e+00,0.000000000000000000e+00,2.365174793457191504e-01
1.860000000000000098e+00,1.395333080702192419e+00,2.602085213965210642e-18,2.363995304693985722e-01
1.862000000000000099e+00,1.389919917650125569e+00,1.517883041479706208e-17,2.362814652134890003e-01
1.864000000000000101e+00,1.384507782692434574e+00,1.214306433183764966e-17,2.361632849130322342e-01
1.866000000000000103e+00,1.379096693839361620e+00,2.168404344971008868e-19,2.360449909220205256e-01
1.868000000000000105e+00,1.373686669111190639e+00,2.428612866367529932e-17,2.359265846135577827e-01
1.870000000000000107e+00,1.368277726539490757e+00,2.168404344971008868e-17,2.358080673800409255e-01
1.872000000000000108e+00,8.616011570006936182e-01,1.736078728692413975e-17,2.356894406333260028e-01
1.874000000000000110e+00,1.357463160046531669e+00,8.565197162635485029e-18,2.355707058049126279e-01
1.876000000000000112e+00,1.352057572245545458e+00,6.925341376751159572e-18,2.354518643461128713e-01
1.878000000000000114e+00,1.346653138840883557e+00,1.561251128379126385e-17,2.353329177282298401e-01
1.880000000000000115e+00,1.341249877923825551e+00,2.438099635376778096e-17,2.352138674427418641e-01
1.882000000000000117e+00,1.335847807597115633e+00,8.673617379884035472e-18,2.350947150014708331e-01
1.884000000000000119e+00,1.330446945977357132e+00,1.301042606982605321e-18,2.349754619367699637e-01
1.886000000000000121e+00,1.325047311194509803e+00,6.505213034913026604e-19,2.348561098017056259e-01
1.888000000000000123e+00,1.319648921391888052e+00,1.734723475976807094e-18,2.347366601702304545e-01
1.890000000000000124e+00,1.314251794727821832e+00,3.469446951953614189e-18,2.346171146373785543e-01
1.892000000000000126e+00,1.308855949373715077e+00,1.691355389077386917e-17,2.344974748194357528e-01
1.894000000000000128e+00,1.303461403516756434e+00,1.832301671500502493e-17,2.343777423541366089e-01
1.896000000000000130e+00,1.298068175358654486e+00,1.333568672157170454e-17,2.342579189008396068e-01
1.898000000000000131e+00,1.292676283116602320e+00,8.239936510889833698e-18,2.341380061407219992e-01
1.900000000000000133e+00,1.287285745023231343e+00,1.561251128379126385e-17,2.340180057769588873e-01
1.902000000000000135e+00,1.281896579326705421e+00,2.168404344971008868e-17,2.338979195349177309e-01
1.904000000000000137e+00,1.276508804292102894e+00,7.806255641895631925e-18,2.337777491623434234e-01
1.906000000000000139e+00,1.271122438200498195e+00,6.071532165918824830e-18,2.336574964295531631e-01
1.908000000000000140e+00,1.265737499349500084e+00,1.908195823574487804e-17,2.335371631296166428e-01
1.910000000000000142e+00,1.260354006054113185e+00,1.387778780781445676e-17,2.334167510785579991e-01
1.912000000000000144e+00,1.254971976646757525e+00,2.005774019098183203e-18,2.332962621155486027e-01
1.914000000000000146e+00,1.249591429476829774e+00,6.288372600415925717e-18,2.331756981030845000e-01
1.916000000000000147e+00,1.244212382911911163e+00,3.361026734705063745e-18,2.330550609271999363e-01
1.918000000000000149e+00,1.238834855337469065e+00,1.387778780781445676e-17,2.329343524976477675e-01
1.919999999999999929e+00,1.233458865157921025e+00,9.540979117872439019e-18,2.328135747481049067e-01
1.921999999999999931e+00,1.228084430795446380e+00,2.233456475320139134e-17,2.326927296363577036e-01
1.923999999999999932e+00,1.222711570691728866e+00,2.081668171172168513e-17,2.325718191445080851e-01
1.925999999999999934e+00,1.217340303307191007e+00,4.011548038196366406e-18,2.324508452791629598e-01
1.927999999999999936e+00,1.211970647122083022e+00,5.963111948670274387e-18,2.323298100716426062e-01
1.929999999999999938e+00,1.206602620635475631e+00,5.637851296924623057e-18,2.322087155781653589e-01
1.931999999999999940e+00,1.201236242367414775e+00,1.127570259384924611e-17,2.320875638800592167e-01
1.933999999999999941e+00,1.195871530857111509e+00,2.775557561562891351e-17,2.319663570839582967e-01
1.935999999999999943e+00,1.190508504664414602e+00,1.647987302177966740e-17,2.318450973219960409e-01
1.937999999999999945e+00,1.185147182370121399e+00,1.127570259384924611e-17,2.317237867520203776e-01
1.939999999999999947e+00,1.179787582575400506e+00,4.119968255444916849e-18,2.316024275577820424e-01
1.941999999999999948e+00,1.174429723902601808e+00,6.288372600415925717e-18,2.314810219491467147e-01
1.943999999999999950e+00,1.169073624995277783e+00,4.445228907190568179e-18,2.313595721622898060e-01
1.945999999999999952e+00,1.163719304518497921e+00,8.023096076392732812e-18,2.312380804599044049e-01
1.947999999999999954e+00,1.158366781159461567e+00,2.602085213965210642e-18,2.311165491314085274e-01
1.949999999999999956e+00,1.153016073626815796e+00,1.385745901708035355e-17,2.309949804931406558e-01
1.951999999999999957e+00,1.147667200651405039e+00,1.843143693225357538e-17,2.308733768885682658e-01
1.953999999999999959e+00,1.142320180986354572e+00,2.450296909817240021e-17,2.307517406884983524e-01
1.955999999999999961e+00,1.136975033407948033e+00,3.035766082959412415e-18,2.306300742912774926e-01
1.957999999999999963e+00,1.131631776714629112e+00,1.008308020411519124e-17,2.305083801229938223e-01
1.959999999999999964e+00,1.126290429728060261e+00,1.474514954580286030e-17,2.303866606376918369e-01
1.961999999999999966e+00,1.120951011292959265e+00,1.170938346284344789e-17,2.302649183175744796e-01
1.963999999999999968e+00,1.115613540277843541e+00,1.393199791643873198e-17,2.301431556732124739e-01
1.965999999999999970e+00,1.110278035574005173e+00,1.387778780781445676e-17,2.300213752437441639e-01
1.967999999999999972e+00,1.104944516097141616e+00,9.107298248878237246e-18,2.298995795970925071e-01
1.969999999999999973e+00,1.099613000787023509e+00,6.749158523722265102e-18,2.297777713301668856e-01
1.971999999999999975e+00,1.094283508606983091e+00,1.736078728692413975e-17,2.296559530690726603e-01
1.973999999999999977e+00,1.088956058544903627e+00,3.035766082959412415e-18,2.295341274693177003e-01
1.975999999999999979e+00,1.083630669613363295e+00,7.806255641895631925e-18,2.294122972160185792e-01
1.977999999999999980e+00,1.078307360849356300e+00,2.070826149447313469e-17,2.292904650241151809e-01
1.979999999999999982e+00,1.072986151314946568e+00,7.155734338404329264e-18,2.291686336385717615e-01
1.981999999999999984e+00,1.067667060097047482e+00,5.204170427930421283e-18,2.290468058345886126e-01
1.983999999999999986e+00,1.062350106307622610e+00,1.734723475976807094e-18,2.289249844178069537e-01
1.985999999999999988e+00,1.057035309084302099e+00,1.734723475976807094e-18,2.288031722245212896e-01
1.987999999999999989e+00,1.051722687590036287e+00,1.387778780781445676e-17,2.286813721218826922e-01
1.989999999999999991e+00,1.046412261013571765e+00,7.806255641895631925e-18,2.285595870081108538e-01
1.991999999999999993e+00,1.041104048569382101e+00,1.653408313040394262e-18,2.284378198126978121e-01
1.993999999999999995e+00,1.035798069497809948e+00,1.257674520083185143e-17,2.283160734966161176e-01
1.995999999999999996e+00,1.030494343065411655e+00,7.372574772901430151e-18,2.281943510525264451e-01
1.997999999999999998e+00,1.025192888565014115e+00,1.301042606982605321e-17,2.280726555049833182e-01
2.000000000000000000e+00,1.019893725315881738e+00,5.421010862427522170e-18,2.279509899106476334e-01
2.002000000000000224e+00,1.014596872663748428e+00,1.301042606982605321e-18,2.278293573584767862e-01
2.004000000000000004e+00,1.009302349981240354e+00,6.938893903907228378e-18,2.277077609699530714e-01
2.006000000000000227e+00,1.004010176667319953e+00,2.818925648462311528e-18,2.275862038992630398e-01
2.008000000000000007e+00,9.987203721484227970e-01,8.673617379884035472e-19,2.274646893335268705e-01
2.010000000000000231e+00,9.934329558776919811e-01,2.786399583287746395e-17,2.273432204929834999e-01
2.012000000000000011e+00,9.881479473357632770e-01,6.505213034913026604e-18,2.272218006312053395e-01
2.014000000000000234e+00,9.828653660303174888e-01,1.387778780781445676e-17,2.271004330352929534e-01
2.016000000000000014e+00,9.775852314966453349e-01,1.691355389077386917e-17,2.269791210260848069e-01
2.018000000000000238e+00,9.723075632974591542e-01,0.000000000000000000e+00,2.268578679583513891e-01
2.020000000000000018e+00,9.670323810231842288e-01,3.469446951953614189e-18,2.267366772210004100e-01
2.022000000000000242e+00,9.617597042920440487e-01,5.204170427930421283e-18,2.266155522372737263e-01
2.024000000000000021e+00,9.564895527500265615e-01,4.662069341687669066e-18,2.264944964649454051e-01
2.026000000000000245e+00,9.512219460712039165e-01,8.673617379884035472e-19,2.263735133965241175e-01
2.028000000000000025e+00,9.459569039575761451e-01,1.387778780781445676e-17,2.262526065594446523e-01
2.030000000000000249e+00,9.406944461396467005e-01,6.071532165918824830e-18,2.261317795162654243e-01
2.032000000000000028e+00,9.354345923754703307e-01,1.561251128379126385e-17,2.260110358648618756e-01
2.034000000000000252e+00,9.301773624523406170e-01,5.421010862427522170e-20,2.258903792386193488e-01
2.036000000000000032e+00,9.249227761850153939e-01,1.040961140528172402e-17,2.257698133066305957e-01
2.038000000000000256e+00,9.196708534175463967e-01,3.469446951953614189e-18,2.256493417738756058e-01
2.040000000000000036e+00,9.144216140224337153e-01,1.561251128379126385e-17,2.255289683814207524e-01
2.042000000000000259e+00,9.091750779003948679e-01,1.463672932855430986e-17,2.254086969066016466e-01
2.044000000000000039e+00,9.039312649813204814e-01,7.806255641895631925e-18,2.252885311632120691e-01
2.046000000000000263e+00,8.986901952233790070e-01,4.336808689942017736e-18,2.251684750016820225e-01
2.048000000000000043e+00,8.934518886142459593e-01,1.387778780781445676e-17,2.250485323092727141e-01
2.049999999999999822e+00,8.882163651700274443e-01,1.647987302177966740e-17,2.249287070102443109e-01
2.052000000000000046e+00,8.829836449359813599e-01,3.035766082959412415e-18,2.248090030660455096e-01
2.053999999999999826e+00,8.777537479863664061e-01,6.505213034913026604e-18,2.246894244754876480e-01
2.056000000000000050e+00,8.725266944246943268e-01,2.602085213965210642e-18,2.245699752749193701e-01
2.057999999999999829e+00,8.673025043831650294e-01,1.908195823574487804e-17,2.244506595384019032e-01
2.060000000000000053e+00,8.620811980235369987e-01,4.336808689942017736e-18,2.243314813778795602e-01
2.061999999999999833e+00,8.568627955363083970e-01,9.269928574751062911e-18,2.242124449433498812e-01
2.064000000000000057e+00,8.516473171420226862e-01,1.035413074723656734e-17,2.240935544230349685e-01
2.065999999999999837e+00,8.464347830895313507e-01,2.602085213965210642e-18,2.239748140435374180e-01
2.068000000000000060e+00,8.412252136576672257e-01,2.558717127065790464e-17,2.238562280700114038e-01
2.069999999999999840e+00,8.360186291543563186e-01,9.540979117872439019e-18,2.237378008063184986e-01
2.072000000000000064e+00,8.308150499166337966e-01,1.733368223261200214e-17,2.236195365951857417e-01
2.073999999999999844e+00,8.256144963112301838e-01,3.471564534321749940e-18,2.235014398183673978e-01
2.076000000000000068e+00,8.204169887341858924e-01,2.352718714293544622e-17,2.233835148967821260e-01
2.077999999999999847e+00,8.152225476106274016e-01,5.204170427930421283e-18,2.232657662906791796e-01
2.080000000000000071e+00,8.100311933952415444e-01,2.168404344971008868e-19,2.231481984997765178e-01
2.081999999999999851e+00,8.048429465721671505e-01,2.600052334891800321e-17,2.230308160634035808e-01
2.084000000000000075e+00,7.996578276548156339e-01,9.540979117872439019e-18,2.229136235606506145e-01
2.085999999999999854e+00,7.944758571861090246e-01,3.469446951953614189e-18,2.227966256104924325e-01
2.088000000000000078e+00,7.892970557381993046e-01,1.127570259384924611e-17,2.226798268719365759e-01
2.089999999999999858e+00,7.841214439123902480e-01,4.553649124439118623e-17,2.225632320441443268e-01
2.092000000000000082e+00,7.789490423394482832e-01,6.938893903907228378e-18,2.224468458665688764e-01
2.093999999999999861e+00,7.737798716798600651e-01,9.974659986866640793e-18,2.223306731190668462e-01
2.096000000000000085e+00,7.686139526225392871e-01,3.903127820947815962e-18,2.222147186220274351e-01
2.097999999999999865e+00,7.634513058864182966e-01,1.734723475976807094e-18,2.220989872364915463e-01
2.100000000000000089e+00,7.582919522191655659e-01,3.962758940434518706e-17,2.219834838642552599e-01
2.101999999999999869e+00,7.531359123976422154e-01,1.040834085586084257e-17,2.218682134479874057e-01
2.104000000000000092e+00,7.479832072281435984e-01,8.673617379884035472e-19,2.217531809713320923e-01
2.105999999999999872e+00,7.428338575456727710e-01,1.301042606982605321e-17,2.216383914590105975e-01
2.108000000000000096e+00,7.376878842141803005e-01,5.637851296924623057e-18,2.215238499769170144e-01
2.109999999999999876e+00,7.325453081269976963e-01,2.168404344971008868e-19,2.214095616322122040e-01
2.112000000000000099e+00,7.274061502062050266e-01,3.903127820947815962e-18,2.212955315734128348e-01
2.113999999999999879e+00,7.222704314025580885e-01,8.639736061993863458e-18,2.211817649904748440e-01
2.116000000000000103e+00,7.171381726954866309e-01,4.011548038196366406e-17,2.210682671148694878e-01
2.117999999999999883e+00,7.120093950930819204e-01,1.951563910473907981e-18,2.209550432196655256e-01
2.120000000000000107e+00,7.068841196327344534e-01,6.071532165918824830e-18,2.208420986195909763e-01
2.121999999999999886e+00,7.017623673794535222e-01,8.673617379884035472e-18,2.207294386711010359e-01
2.124000000000000110e+00,6.966441594272048121e-01,1.739805673660332896e-18,2.206170687724431090e-01
2.125999999999999890e+00,6.915295168979387341e-01,1.257674520083185143e-17,2.205049943637007182e-01
2.128000000000000114e+00,6.864184609423684691e-01,2.255140518769849223e-17,2.203932209268527620e-01
2.129999999999999893e+00,6.813110127384760517e-01,4.336808689942017736e-18,2.202817539858125395e-01
2.132000000000000117e+00,6.762071934934574813e-01,2.840609691912021617e-17,2.201705991064670798e-01
2.133999999999999897e+00,6.711070244412855601e-01,6.071532165918824830e-18,2.200597618967127245e-01
2.136000000000000121e+00,6.660105268445501991e-01,9.540979117872439019e-18,2.199492480064775546e-01
2.137999999999999901e+00,6.609177219930106872e-01,1.647987302177966740e-17,2.198390631277470364e-01
2.140000000000000124e+00,6.558286312041889943e-01,1.843143693225357538e-18,2.197292129945779826e-01
2.141999999999999904e+00,6.507432758231885828e-01,2.602085213965210642e-18,2.196197033831059353e-01
2.144000000000000128e+00,6.456616772219874179e-01,1.390489286212659437e-17,2.195105401115536314e-01
2.145999999999999908e+00,6.405838568001236411e-01,2.547875105340935420e-17,2.194017290402228981e-01
2.148000000000000131e+00,6.355098359838855515e-01,6.939211541262448740e-18,2.192932760714833840e-01
2.149999999999999911e+00,6.304396362266739828e-01,1.734723475976807094e-18,2.191851871497658144e-01
2.152000000000000135e+00,6.253732790083059712e-01,9.540979117872439019e-18,2.190774682615290458e-01
2.153999999999999915e+00,6.203107858350360715e-01,1.388329352197160971e-17,2.189701254352329207e-01
2.156000000000000139e+00,6.152521782400377504e-01,1.593777193553691518e-17,2.188631647413054049e-01
2.157999999999999918e+00,6.101974777822167795e-01,1.778091562876227272e-17,2.187565922920979566e-01
2.160000000000000142e+00,6.051467060465913761e-01,3.482999479109682994e-18,2.186504142418301821e-01
2.161999999999999922e+00,6.000998846441110146e-01,5.637851296924623057e-18,2.185446367865330475e-01
2.164000000000000146e+00,5.950570352113473405e-01,1.734723475976807094e-18,2.184392661639880939e-01
2.165999999999999925e+00,5.900181794104266686e-01,3.422013106907373370e-18,2.183343086536512767e-01
2.168000000000000149e+00,5.849833389283976004e-01,1.870248747537495149e-17,2.182297705765668394e-01
2.169999999999999929e+00,5.799525354777959052e-01,1.734723475976807094e-18,2.181256582952881551e-01
2.172000000000000153e+00,5.749257907958789104e-01,1.951563910473907981e-18,2.180219782137717277e-01
2.173999999999999932e+00,5.699031266445455657e-01,1.366094737331735587e-17,2.179187367772792427e-01
2.176000000000000156e+00,5.648845648099101169e-01,1.561251128379126385e-17,2.178159404722577741e-01
2.177999999999999936e+00,5.598701271026378379e-01,1.788933584601082316e-18,2.177135958262259030e-01
2.180000000000000160e+00,5.548598353572753439e-01,6.071532165918824830e-18,2.176117094076372438e-01
2.181999999999999940e+00,5.498537114317834096e-01,7.372574772901430151e-18,2.175102878257439976e-01
2.184000000000000163e+00,5.448517772082066557e-01,6.938893903907228378e-18,2.174093377304517349e-01
2.185999999999999943e+00,5.398540545913821376e-01,6.071532165918824830e-18,2.173088658121607453e-01
2.188000000000000167e+00,5.348605655090103994e-01,8.673617379884035472e-18,2.172088788015967831e-01
2.189999999999999947e+00,5.298713319123766752e-01,8.998878031629686802e-18,2.171093834696460889e-01
2.192000000000000171e+00,5.248863757743933434e-01,7.047314121155778821e-18,2.170103866271629600e-01
2.193999999999999950e+00,5.199057190906479775e-01,6.722053469410127491e-18,2.169118951247786253e-01
2.196000000000000174e+00,5.149293838781847654e-01,2.247009002476207939e-17,2.168139158527011001e-01
2.197999999999999954e+00,5.099573921764246620e-01,1.734723475976807094e-18,2.167164557405016345e-01
2.200000000000000178e+00,5.049897660454849557e-01,1.994931997373328159e-17,2.166195217568882558e-01
2.201999999999999957e+00,5.000265275669750764e-01,2.428612866367529932e-17,2.165231209094781728e-01
2.204000000000000181e+00,4.950676988433411196e-01,5.204170427930421283e-18,2.164272602445536098e-01
2.205999999999999961e+00,4.901133019969208249e-01,5.637851296924623057e-18,2.163319468468099249e-01
2.208000000000000185e+00,4.851633591709934024e-01,3.469446951953614189e-18,2.162371878390893509e-01
2.209999999999999964e+00,4.802178925280102817e-01,1.713039432527097006e-17,2.161429903821104337e-01
2.212000000000000188e+00,4.752769242506591496e-01,1.647987302177966740e-17,2.160493616741879508e-01
2.213999999999999968e+00,4.703404765401710819e-01,3.252606517456513302e-18,2.159563089509263789e-01
2.216000000000000192e+00,1.581236770671541336e-01,2.439454888092384977e-19,2.158638394849206887e-01
2.217999999999999972e+00,4.604812317200259741e-01,1.384390648992428474e-17,2.157719605854471201e-01
2.220000000000000195e+00,4.555584791063758132e-01,4.336808689942017736e-18,2.156806795981234259e-01
2.221999999999999975e+00,4.506403360508901557e-01,3.252606517456513302e-18,2.155900039045720307e-01
2.224000000000000199e+00,4.457268248460213300e-01,1.474514954580286030e-17,2.154999409220724749e-01
2.225999999999999979e+00,4.408179678013475211e-01,6.071532165918824830e-18,2.154104981032020083e-01
2.228000000000000203e+00,4.359137872429847960e-01,2.168404344971008868e-19,2.153216829354541173e-01
2.229999999999999982e+00,4.310143055134503243e-01,8.483881999699072196e-18,2.152335029408581346e-01
2.232000000000000206e+00,4.261195449712840144e-01,6.071532165918824830e-18,2.151459656755823069e-01
2.233999999999999986e+00,4.212295279908424561e-01,8.673617379884035472e-18,2.150590787295206807e-01
2.236000000000000210e+00,1.174436855418932169e-01,7.806255641895631925e-18,2.149728497258736326e-01
2.237999999999999989e+00,4.114638142866855475e-01,3.035766082959412415e-18,2.148872863207172967e-01
2.240000000000000213e+00,4.065881623856189009e-01,1.474514954580286030e-17,2.148023962025538136e-01
2.241999999999999993e+00,4.017173436904304396e-01,1.214899356246842976e-17,2.147181870918520308e-01
2.244000000000000217e+00,3.968513806470141958e-01,8.023096076392732812e-18,2.146346667405827080e-01
2.245999999999999996e+00,3.919902957144838496e-01,8.673617379884035472e-18,2.145518429317239129e-01
2.248000000000000220e+00,3.871341113645314636e-01,2.949029909160572061e-17,2.144697234787781015e-01
2.250000000000000000e+00,3.822828500810437902e-01,2.254124079233144062e-17,2.143883162252511465e-01
2.252000000000000224e+00,3.774365343598482525e-01,8.348356728138384142e-18,2.143076290441383036e-01
2.254000000000000004e+00,3.725951867078283186e-01,8.673617379884035472e-19,2.142276698373842270e-01
2.256000000000000227e+00,3.677588296427902748e-01,2.770136550700463829e-17,2.141484465353361288e-01
2.258000000000000007e+00,3.629274856933353277e-01,9.540979117872439019e-18,2.140699670961848378e-01
2.260000000000000231e+00,3.581011773972520018e-01,1.084202172485504434e-18,2.139922395053794335e-01
2.262000000000000011e+00,6.488755331597317877e-02,1.908195823574487804e-17,2.139152717750562316e-01
2.264000000000000234e+00,3.484637579647191785e-01,5.190617900774352478e-18,2.138390719434193066e-01
2.266000000000000014e+00,3.436526919497051580e-01,6.938893903907228378e-18,2.137636480741374190e-01
2.268000000000000238e+00,3.388467518301698789e-01,3.014082039509702327e-17,2.136890082557078574e-01
2.270000000000000018e+00,3.340459601861365257e-01,1.994931997373328159e-17,2.136151606008154513e-01
2.272000000000000242e+00,4.478520598982171919e-02,3.469446951953614189e-18,2.135421132456813975e-01
2.274000000000000021e+00,3.244599126802327760e-01,1.214306433183764966e-17,2.134698743493773920e-01
2.276000000000000245e+00,3.676304653608042372e-02,9.107298248878237246e-18,2.133984520931622997e-01
2.278000000000000025e+00,-3.275611312923132346e-02,8.076057219422566602e-02,2.516217449319497756e-01
2.280000000000000249e+00,-2.875198461568473363e-02,1.233636799950053181e-01,2.462401915658029572e-01
2.282000000000000028e+00,3.053505936096225781e-01,0.000000000000000000e+00,2.131891672954501216e-01
2.284000000000000252e+00,-2.075226422830667161e-02,3.611177456702156785e-02,2.501067588953667098e-01
2.286000000000000032e+00,-1.675673329951621326e-02,1.978677200810689540e-01,2.449846775198517568e-01
2.288000000000000256e+00,-1.276412915256841529e-02,1.805798509659412021e-01,2.486838101348542163e-01
2.290000000000000036e+00,8.774482221717505581e-03,4.336808689942017736e-19,2.129220537751768394e-01
2.292000000000000259e+00,-4.787822924924967083e-03,1.272478441313850961e-01,2.486387695486956817e-01
2.294000000000000039e+00,-2.768462685924735212e-01,3.469446951953614189e-18,2.826687877613296984e-01
2.296000000000000263e+00,3.176411180856320016e-03,4.684768803792581371e-02,2.470307279645163889e-01
2.298000000000000043e+00,7.153925241990322093e-03,1.198013281969004390e-01,2.499758032849074829e-01
2.300000000000000266e+00,1.112833017477754538e-02,1.314931833387020521e-01,2.483872865921107342e-01
2.302000000000000046e+00,1.509959565332152920e-02,8.211639855105681840e-02,2.480257145411280395e-01
2.304000000000000270e+00,1.906769137206509868e-02,8.952541303086055877e-03,2.491993188699683226e-01
2.306000000000000050e+00,2.303258704682420444e-02,5.604111275528383951e-02,2.457149004255265723e-01
2.307999999999999829e+00,2.699425241486252958e-02,4.170970989211247176e-02,2.502324138272489229e-01
2.310000000000000053e+00,2.391461235830156795e-01,1.680513367352531873e-18,2.123172397674939760e-01
2.311999999999999833e+00,-2.344586733146414304e-01,1.528725063204561252e-17,2.829553871543842858e-01
2.314000000000000057e+00,3.885956439652815675e-02,1.862025510023517516e-01,2.492928276856543890e-01
2.315999999999999837e+00,4.280800637416248833e-02,7.194389938990070066e-02,2.574984788420544568e-01
2.318000000000000060e+00,2.204302888584042108e-01,1.214307425800500030e-17,2.121019135962823599e-01
2.319999999999999840e+00,5.069471641157718977e-02,1.287480601026230465e-01,2.512650635500639495e-01
2.322000000000000064e+00,2.111065636926667821e-01,1.084202172485504434e-18,2.120002206948296275e-01
2.323999999999999844e+00,5.856766058249007756e-02,7.074156102049272699e-02,2.495286036392295181e-01
2.326000000000000068e+00,-2.018058740757098235e-01,6.505213034913026604e-18,2.831750860769661204e-01
2.327999999999999847e+00,6.642659850437837576e-02,5.719762202244507016e-02,2.518461730061494208e-01
2.330000000000000071e+00,7.035074012888742345e-02,8.001244744439321710e-02,2.582797832582776620e-01
2.331999999999999851e+00,1.878984258239118077e-01,1.745565497701662139e-17,2.117639449330019352e-01
2.334000000000000075e+00,7.818821898509042967e-02,1.298042263390218609e-01,2.470173560677797198e-01
2.335999999999999854e+00,-1.786561138170981167e-01,2.168404344971008868e-18,2.833303363826165655e-01
2.338000000000000078e+00,1.740438213386994448e-01,4.336808689942017736e-18,2.116348311857350617e-01
2.339999999999999858e+00,1.694374678333989692e-01,1.727947212398772692e-18,2.115939526272590521e-01
2.342000000000000082e+00,-1.648370757491335326e-01,8.348356728138384142e-18,2.834228273808410137e-01
2.343999999999999861e+00,1.602426675168509007e-01,1.626303258728256651e-18,2.115154851731840258e-01
2.346000000000000085e+00,1.556542655510977369e-01,8.673617379884035472e-19,2.114779131198193940e-01
2.347999999999999865e+00,1.055028149619197109e-01,3.492937700843266186e-02,2.587182310874044933e-01
2.350000000000000089e+00,1.464955699847916293e-01,3.469446951953614189e-18,2.114061343784913172e-01
2.351999999999999869e+00,1.419253211191264796e-01,1.734723475976807094e-18,2.113719444576941942e-01
2.354000000000000092e+00,1.373611679885939907e-01,1.561251128379126385e-17,2.113388986564914973e-01
2.355999999999999872e+00,1.328031329091494683e-01,8.673617379884035472e-19,2.113070053189721464e-01
2.358000000000000096e+00,1.248980520322646726e-01,3.376802606609877883e-02,2.614037005605442943e-01
2.359999999999999876e+00,1.287651961378166732e-01,1.131972079637757478e-01,2.493232417556966729e-01
2.362000000000000099e+00,1.191659588017870419e-01,5.692061405548898279e-18,2.112183232513001052e-01
2.363999999999999879e+00,1.146326186338946229e-01,2.602085213965210642e-18,2.111911228297068122e-01
2.366000000000000103e+00,1.101055077498216406e-01,1.116728237660069567e-17,2.111651162963016359e-01
2.367999999999999883e+00,1.055846483207609765e-01,1.040834085586084257e-17,2.111403118678006896e-01
2.370000000000000107e+00,-1.010700624912352907e-01,1.778091562876227272e-17,2.838480788964781731e-01
2.371999999999999886e+00,9.656177237665275470e-02,8.673617379884035472e-19,2.110943420621714528e-01
2.374000000000000110e+00,9.205980006452918474e-02,9.107298248878237246e-18,2.110731929842603882e-01
2.375999999999999890e+00,1.595545778091782552e-01,7.624511622032334457e-02,2.573040003679277765e-01
2.378000000000000114e+00,2.464592384149781878e-01,3.510630750451321225e-02,2.562974263779571604e-01
2.379999999999999893e+00,7.859201036209739755e-02,4.987329993433320396e-18,2.110171862197243176e-01
2.382000000000000117e+00,7.411552952240896275e-02,6.938893903907228378e-18,2.110010242596239982e-01
2.383999999999999897e+00,6.964547645646490537e-02,3.773023560249555430e-17,2.109861290972913639e-01
2.386000000000000121e+00,6.518187305923461849e-02,1.301042606982605321e-17,2.109725086687749551e-01
2.387999999999999901e+00,6.072474119119419811e-02,2.602085213965210642e-18,2.109601708720437174e-01
2.390000000000000124e+00,-5.627410267552690470e-02,9.649399335120989463e-18,2.841455957495530593e-01
2.391999999999999904e+00,-5.182997929911792312e-02,2.341876692568689577e-17,2.841750695102231994e-01
2.394000000000000128e+00,4.739239281043339247e-02,7.155734338404329264e-18,2.109309316511973342e-01
2.395999999999999908e+00,4.296136491945290459e-02,3.306816626080788524e-18,2.109238025499526048e-01
2.398000000000000131e+00,3.853691729593222703e-02,8.673617379884035472e-19,2.109179949493474593e-01
2.399999999999999911e+00,3.411907156883486891e-02,7.806255641895631925e-18,2.109135164889230918e-01
2.402000000000000135e+00,-2.970784932530534661e-02,1.276648058101681471e-17,2.843216933418178383e-01
2.403999999999999915e+00,2.530327210934757431e-02,1.496198998029996119e-17,2.109085773047064405e-01
2.406000000000000139e+00,2.090536142190657642e-02,1.387778780781445676e-17,2.109081316135455741e-01
2.407999999999999918e+00,1.651413871841000969e-02,6.938893903907228378e-18,2.109090451248907261e-01
2.410000000000000142e+00,1.212962540879303219e-02,1.116728237660069567e-17,2.109113252230253033e-01
2.411999999999999922e+00,-7.751842856833945916e-03,4.336808689942017736e-19,2.844670899812770659e-01
2.414000000000000146e+00,2.315571780050085238e-01,5.345560801636033837e-02,2.550781380689186029e-01
2.415999999999999925e+00,-9.834447625749476174e-04,6.071532165918824830e-18,2.109264380401133787e-01
2.418000000000000149e+00,-5.340907346173651149e-03,8.673617379884035472e-19,2.109342571966345004e-01
2.419999999999999929e+00,2.427722226438859821e-01,6.978803418279806714e-02,2.548167146373402359e-01
2.422000000000000153e+00,-1.403536423114815079e-02,2.114194236346733646e-18,2.109541104782950705e-01
2.423999999999999932e+00,-1.837231635672509356e-02,1.084202172485504434e-18,2.109661585973595377e-01
2.426000000000000156e+00,-2.270238957635584143e-02,1.561251128379126385e-17,2.109796302556844749e-01
2.427999999999999936e+00,-2.702556293719382552e-02,2.775557561562891351e-17,2.109945322847176230e-01
2.430000000000000160e+00,2.300239076648260550e-01,2.372274526954198937e-01,2.527700378849168095e-01
2.431999999999999940e+00,3.565112655239133232e-02,4.770489558936219510e-18,2.847542779340711538e-01
2.434000000000000163e+00,3.995347518537784026e-02,4.770489558936219510e-18,2.847827366741174093e-01
2.435999999999999943e+00,2.724616711615155396e-01,1.022732528216022674e-01,2.601245586002468579e-01
2.438000000000000167e+00,-4.853720249018422805e-02,1.734723475976807094e-18,2.110907321840081452e-01
2.439999999999999947e+00,2.270149129292491352e-01,8.956057417700200030e-02,2.532384544078509769e-01
2.442000000000000171e+00,2.264187751925561543e-01,3.414572980399797203e-02,2.638454461103218462e-01
2.443999999999999950e+00,2.258245096606259494e-01,1.440753962188999759e-01,2.536106969053895654e-01
2.446000000000000174e+00,-6.562020087258702006e-02,2.818925648462311528e-18,2.111941091232872880e-01
2.447999999999999954e+00,6.987323607829409866e-02,1.864827736675067626e-17,2.849806479422973826e-01
2.450000000000000178e+00,7.411914487110138339e-02,6.505213034913026604e-18,2.850087369468851106e-01
2.451999999999999957e+00,2.234660432144401909e-01,3.042296289330558359e-02,2.581401027757928568e-01
2.454000000000000181e+00,8.258950244249518846e-02,1.084202172485504434e-17,2.850647782990745061e-01
2.455999999999999961e+00,2.222978794805321456e-01,6.516661943975141091e-02,2.649981131342484253e-01
2.458000000000000185e+00,9.103111273017816529e-02,8.538092108323347418e-18,2.851206383387033805e-01
2.459999999999999964e+00,9.524108768488659393e-02,1.301042606982605321e-18,2.851485006997679927e-01
2.462000000000000188e+00,2.205593305154067707e-01,1.393013858962202089e-01,2.590104417189281749e-01
2.463999999999999968e+00,1.036392779372370399e-01,4.350361217098086541e-18,2.852040907647662160e-01
2.466000000000000192e+00,1.078274537469496863e-01,2.320192649118979489e-17,2.852318187306537856e-01
2.467999999999999972e+00,2.188370693092629438e-01,5.672760025545797030e-02,2.554639870976277427e-01
2.470000000000000195e+00,1.161818685878444057e-01,2.507217523872729004e-18,2.852871411786530031e-01
2.471999999999999975e+00,2.176978622244369888e-01,8.600992327128376136e-02,2.578506243798997510e-01
2.474000000000000199e+00,1.245069044394462310e-01,7.155734338404329264e-18,2.853422865058439784e-01
2.475999999999999979e+00,1.286583568129060495e-01,4.987329993433320396e-18,2.853697930680771933e-01
2.478000000000000203e+00,1.328024064843376095e-01,8.239936510889833698e-18,2.853972557314441438e-01
2.479999999999999982e+00,1.369390343077405703e-01,1.344410693882025498e-17,2.854246746216128616e-01
2.482000000000000206e+00,1.410682212210438990e-01,2.785044330572139515e-17,2.854520498635668702e-01
2.483999999999999986e+00,1.451899482478005154e-01,1.398620802506300720e-17,2.854793815816150659e-01
2.486000000000000210e+00,1.493041964989245685e-01,3.469446951953614189e-18,2.855066698993935503e-01
2.487999999999999989e+00,1.534109471726061713e-01,4.336808689942017736e-18,2.855339149398713472e-01
2.490000000000000213e+00,1.575101815565993491e-01,4.336808689942017736e-19,2.855611168253596732e-01
2.491999999999999993e+00,1.616018810285382301e-01,2.602085213965210642e-18,2.855882756775123266e-01
2.494000000000000217e+00,1.656860270572728666e-01,5.204170427930421283e-18,2.856153916173343466e-01
2.495999999999999996e+00,-1.697626012050257316e-01,8.023096076392732812e-18,2.123958503061773029e-01
2.498000000000000220e+00,2.104643470319231824e-01,5.898213206636431644e-02,2.565538014838555370e-01
2.500000000000000000e+00,1.778929605713024387e-01,3.035766082959412415e-18,2.856964831632313739e-01
2.502000000000000224e+00,1.819467093863700313e-01,2.168404344971008868e-18,2.857234286509685028e-01
2.504000000000000004e+00,-1.859928135143356087e-01,8.754932542820448305e-18,2.126801205634864522e-01
2.506000000000000227e+00,1.900312549960112563e-01,2.257851024201062984e-17,2.857771927930479738e-01
2.508000000000000007e+00,1.940620159730634953e-01,1.127570259384924611e-17,2.858040116812095577e-01
2.510000000000000231e+00,1.980850786857359935e-01,9.540979117872439019e-18,2.858307886023115363e-01
2.512000000000000011e+00,2.021004254777345466e-01,2.493664996716660198e-18,2.858575236717457169e-01
2.514000000000000234e+00,2.061080387943015069e-01,2.645453300864630819e-17,2.858842170042962261e-01
2.516000000000000014e+00,2.056258212029256072e-01,8.333717221220587890e-02,2.643858391423101195e-01
2.518000000000000238e+00,2.140999953059115057e-01,8.023096076392732812e-18,2.859374789149602414e-01
2.520000000000000018e+00,2.180843039170490272e-01,6.505213034913026604e-19,2.859640477196982999e-01
2.522000000000000242e+00,-2.220608098875302971e-01,2.168404344971008868e-18,2.134152598514114374e-01
2.524000000000000021e+00,2.035185253187847820e-01,1.384197611859015187e-01,2.585254942435630809e-01
2.526000000000000245e+00,2.029957854643811288e-01,1.875920808498284242e-01,2.594141234332077994e-01
2.528000000000000025e+00,2.339433422755341496e-01,7.765598060427425509e-18,2.860699112183362480e-01
2.530000000000000249e+00,2.378884685578057656e-01,1.756407519426517183e-17,2.860962747179860988e-01
2.532000000000000028e+00,2.418257081941810327e-01,1.561251128379126385e-17,2.861225974876964173e-01
2.534000000000000252e+00,2.457550447214060796e-01,4.770489558936219510e-18,2.861488796365148080e-01
2.536000000000000032e+00,2.496764617925073537e-01,1.138412281109779656e-18,2.861751212729566896e-01
2.538000000000000256e+00,2.535899431767454359e-01,1.257674520083185143e-17,2.862013225049824805e-01
2.540000000000000036e+00,2.574954727608442795e-01,2.818925648462311528e-18,2.862274834400173606e-01
2.542000000000000259e+00,2.613930345505224295e-01,1.823492528849057770e-17,2.862536041849481627e-01
2.544000000000000039e+00,1.983634768859623421e-01,5.241666006421846769e-02,2.585584334679250640e-01
2.546000000000000263e+00,2.691641913705673517e-01,3.255317022887727063e-17,2.863057255294025882e-01
2.548000000000000043e+00,1.973515198540738425e-01,1.010448297735874468e-01,2.640547708862818754e-01
2.550000000000000266e+00,2.769032881014261704e-01,5.637851296924623057e-18,2.863576873828934111e-01
2.552000000000000046e+00,2.807607752419301050e-01,2.141299290658871257e-17,2.863836087621701720e-01
2.554000000000000270e+00,2.846102011802074117e-01,2.344587197999903339e-18,2.864094905816554348e-01
2.556000000000000050e+00,2.884515507847140725e-01,9.974659986866640793e-18,2.864353329445994412e-01
2.558000000000000274e+00,2.922848090518286313e-01,3.252606517456513302e-18,2.864611359537503343e-01
2.560000000000000053e+00,1.943529772449856807e-01,3.495912499690580211e-02,2.593329037801245796e-01
2.561999999999999833e+00,2.999269922051226445e-01,3.957337929572091184e-18,2.865126243191798983e-01
2.564000000000000057e+00,1.933657643820474448e-01,7.102562848685853303e-02,2.590337907665729578e-01
2.565999999999999837e+00,3.075366332065421204e-01,6.071532165918824830e-18,2.865639564900147040e-01
2.568000000000000060e+00,3.113292142795067718e-01,1.292233464331160597e-17,2.865895642540958188e-01
2.569999999999999840e+00,3.151136167358608020e-01,5.529431079676072613e-18,2.866151332705193511e-01
2.572000000000000064e+00,3.188898264969850516e-01,1.734723475976807094e-18,2.866406636386243934e-01
2.573999999999999844e+00,3.226578296198390206e-01,2.122325752640374930e-17,2.866661554572658144e-01
2.576000000000000068e+00,3.264176122983357686e-01,8.239936510889833698e-18,2.866916088248338546e-01
2.577999999999999847e+00,3.301691608658288146e-01,3.794707603699265519e-19,2.867170238392497406e-01
2.580000000000000071e+00,3.339124617943305395e-01,2.802662615875028962e-17,2.867424005979755663e-01
2.581999999999999851e+00,3.376475016964946008e-01,5.204170427930421283e-18,2.867677391980107404e-01
2.584000000000000075e+00,3.413742673269979377e-01,9.507097799982267006e-18,2.867930397358990913e-01
2.585999999999999854e+00,3.450927455823062928e-01,1.734702300153125737e-17,2.868183023077334193e-01
2.588000000000000078e+00,3.488029235029763697e-01,8.890457814381136359e-18,2.868435270091595490e-01
2.589999999999999858e+00,3.525047882737162297e-01,2.968003447179068388e-18,2.868687139353744420e-01
2.592000000000000082e+00,1.866232215335905664e-01,9.432805247713037244e-02,2.604210874024044942e-01
2.593999999999999861e+00,3.598835278342242816e-01,8.632959798415829056e-18,2.869189748407586782e-01
2.596000000000000085e+00,3.635603777254416968e-01,9.324138683375338132e-18,2.869440490081194284e-01
2.597999999999999865e+00,3.672288646719614746e-01,2.287666583944414356e-17,2.869690857766754033e-01
2.600000000000000089e+00,3.708889765962197771e-01,8.674887929304916923e-18,2.869940852394438080e-01
2.601999999999999869e+00,3.745407015708899223e-01,2.125036258071588691e-17,2.870190474890165766e-01
2.604000000000000092e+00,1.838212969062062996e-01,5.439753011166757052e-02,2.623818687333209776e-01
2.605999999999999872e+00,3.818189437210506298e-01,1.496198998029996119e-17,2.870688607168415674e-01
2.608000000000000096e+00,3.854454378031846318e-01,9.812029660993815128e-18,2.870937118781759501e-01
2.609999999999999876e+00,1.824395605876318882e-01,4.869848893373582982e-02,2.617321563703906007e-01
2.612000000000000099e+00,3.926731154016067649e-01,6.071532165918824830e-18,2.871433037503006158e-01
2.613999999999999879e+00,3.962742767520097686e-01,1.994931997373328159e-17,2.871680446417042010e-01
2.616000000000000103e+00,3.998669719530738575e-01,1.149254302834634700e-17,2.871927489563957936e-01
2.617999999999999883e+00,4.034511903147013356e-01,2.396086801192964799e-17,2.872174167836758496e-01
2.620000000000000107e+00,4.070269213051034285e-01,1.170938346284344789e-17,2.872420482124403707e-01
2.621999999999999886e+00,4.105941545515854330e-01,9.551990546186744924e-18,2.872666433311892309e-01
2.624000000000000110e+00,4.141528798424083391e-01,9.757819552369539906e-18,2.872912022280359468e-01
2.625999999999999890e+00,4.177030871265685619e-01,6.505213034913026604e-18,2.873157249906911903e-01
2.628000000000000114e+00,4.212447665153078447e-01,6.938893903907228378e-18,2.873402117064908778e-01
2.629999999999999893e+00,4.247779082824507668e-01,8.890457814381136359e-18,2.873646624623796830e-01
2.632000000000000117e+00,4.283025028657014843e-01,1.235990476633475055e-17,2.873890773449225833e-01
2.633999999999999897e+00,4.318185408669386049e-01,7.874018277675975952e-18,2.874134564403039716e-01
2.636000000000000121e+00,4.353260130530713923e-01,1.669671345627676828e-17,2.874377998343367047e-01
2.637999999999999901e+00,4.388249103578942822e-01,2.211772431870429045e-17,2.874621076124509456e-01
2.640000000000000124e+00,4.423152238806089542e-01,9.540979117872439019e-18,2.874863798597142583e-01
2.641999999999999904e+00,4.457969448888121633e-01,5.637851296924623057e-18,2.875106166608202840e-01
2.644000000000000128e+00,4.492700648180800727e-01,1.734723475976807094e-18,2.875348181001015635e-01
2.645999999999999908e+00,4.527345752728244577e-01,4.333844074626627685e-18,2.875589842615252079e-01
2.648000000000000131e+00,1.739768512278523360e-01,1.485648622944827357e-01,2.636457491844856338e-01
2.649999999999999911e+00,4.596377350255025362e-01,1.381002517203411273e-17,2.876072110848617025e-01
2.652000000000000135e+00,4.630763683835041888e-01,1.127570259384924611e-17,2.876312719129193174e-01
2.653999999999999915e+00,4.665063603883403687e-01,8.239936510889833698e-18,2.876552977954074386e-01
2.656000000000000139e+00,4.699277034994580049e-01,4.336808689942017736e-19,2.876792888145118243e-01
2.657999999999999918e+00,4.733403903493353937e-01,1.821459649775647449e-17,2.877032450520773388e-01
2.660000000000000142e+00,4.767444137442851115e-01,2.168404344971008868e-17,2.877271665895981267e-01
2.661999999999999922e+00,4.801397666643154594e-01,2.791820594150173918e-18,2.877510535082239973e-01
2.664000000000000146e+00,4.835264422654681482e-01,2.537033083616080376e-17,2.877749058887734690e-01
2.665999999999999925e+00,4.869044338777754888e-01,2.222614453595284090e-17,2.877987238117113433e-01
2.668000000000000149e+00,4.902737350083725687e-01,9.107298248878237246e-18,2.878225073571798465e-01
2.669999999999999929e+00,4.936343393402715662e-01,1.040834085586084257e-17,2.878462566049804217e-01
2.672000000000000153e+00,4.969862407341274491e-01,4.445228907190568179e-18,2.878699716345835546e-01
2.673999999999999932e+00,5.003294332277512524e-01,3.455894424797545383e-18,2.878936525251316048e-01
2.676000000000000156e+00,5.036639110374139250e-01,3.458604930228759144e-17,2.879172993554384163e-01
2.677999999999999936e+00,5.069896685584147633e-01,1.490777987167568597e-19,2.879409122039969793e-01
2.680000000000000160e+00,5.103067003645520572e-01,1.067939139898221867e-17,2.879644911489727122e-01
2.681999999999999940e+00,5.136150012093416706e-01,1.257674520083185143e-17,2.879880362682128991e-01
2.684000000000000163e+00,5.169145660269727216e-01,2.168912564739361448e-17,2.880115476392485219e-01
2.685999999999999943e+00,5.202053899313270335e-01,3.686287386450715076e-18,2.880350253392901516e-01
2.688000000000000167e+00,5.234874682181072103e-01,3.903127820947815962e-18,2.880584694452401617e-01
2.689999999999999947e+00,5.267607963638774038e-01,1.127570259384924611e-17,2.880818800336839569e-01
2.692000000000000171e+00,5.300253700268022783e-01,6.179952383167375274e-18,2.881052571808999097e-01
2.693999999999999950e+00,5.332811850472580772e-01,4.770489558936219510e-18,2.881286009628566958e-01
2.696000000000000174e+00,5.365282374490263351e-01,0.000000000000000000e+00,2.881519114552240080e-01
2.697999999999999954e+00,5.397665234371729071e-01,2.471980953266950110e-17,2.881751887333574014e-01
2.700000000000000178e+00,5.429960394013590985e-01,5.204170427930421283e-18,2.881984328723237732e-01
2.701999999999999957e+00,5.462167819137953018e-01,1.127570259384924611e-17,2.882216439468763269e-01
2.704000000000000181e+00,5.494287477308574807e-01,3.970890456728159990e-18,2.882448220314794418e-01
2.705999999999999961e+00,5.526319337931013820e-01,2.038300084272748336e-17,2.882679672003050642e-01
2.708000000000000185e+00,5.558263372251559531e-01,3.466270578401410563e-18,2.882910795272248250e-01
2.709999999999999964e+00,5.590119553364694127e-01,1.040834085586084257e-17,2.883141590858226411e-01
2.712000000000000188e+00,5.621887856211031931e-01,8.239936510889833698e-18,2.883372059493929940e-01
2.713999999999999968e+00,5.653568257581262912e-01,1.040834085586084257e-17,2.883602201909375440e-01
2.716000000000000192e+00,5.685160736121517289e-01,2.927345865710861972e-17,2.883832018831781752e-01
2.717999999999999972e+00,5.716665272329528591e-01,2.580401170515500553e-17,2.884061510985521659e-01
2.720000000000000195e+00,5.748081848558506124e-01,2.818925648462311528e-18,2.884290679092114118e-01
2.721999999999999975e+00,5.779410449019763973e-01,9.107298248878237246e-18,2.884519523870310298e-01
2.724000000000000199e+00,5.810651059784497363e-01,1.474514954580286030e-17,2.884748046036014202e-01
2.725999999999999979e+00,5.841803668779661507e-01,1.118083490375676448e-19,2.884976246302476399e-01
2.728000000000000203e+00,5.872868265795538889e-01,7.372574772901430151e-18,2.885204125380097517e-01
2.729999999999999982e+00,5.903844842486130062e-01,1.604619215278546562e-17,2.885431683976589223e-01
2.732000000000000206e+00,5.934733392361799531e-01,1.322726650432315409e-17,2.885658922796954240e-01
2.733999999999999986e+00,5.965533910802278683e-01,4.770489558936219510e-18,2.885885842543493007e-01
2.736000000000000210e+00,5.996246395043556277e-01,5.637851296924623057e-18,2.886112443915827552e-01
2.737999999999999989e+00,6.026870844187186549e-01,1.127570259384924611e-17,2.886338727610914812e-01
2.740000000000000213e+00,6.057407259197695737e-01,1.378630824951099232e-17,2.886564694323079938e-01
2.741999999999999993e+00,6.087855642904855813e-01,1.604619215278546562e-17,2.886790344744035175e-01
2.744000000000000217e+00,6.118215999994482956e-01,1.691355389077386917e-17,2.887015679562827675e-01
2.745999999999999996e+00,6.148488337018740424e-01,2.385244779468109755e-18,2.887240699465988270e-01
2.748000000000000220e+00,6.178672662387931780e-01,5.204170427930421283e-18,2.887465405137397134e-01
2.750000000000000000e+00,6.208768986373378596e-01,1.041172898764985977e-17,2.887689797258411462e-01
2.752000000000000224e+00,6.238777321107349394e-01,1.214306433183764966e-17,2.887913876507858801e-01
2.754000000000000004e+00,6.268697680575705533e-01,1.843143693225357538e-17,2.888137643562027068e-01
2.756000000000000227e+00,1.524203404892858771e-01,1.796333726564929845e-01,2.686321431831992235e-01
2.758000000000000007e+00,6.328274538940235061e-01,2.602085213965210642e-18,2.888584243777031491e-01
2.760000000000000231e+00,1.516870024049872256e-01,1.669330448677184275e-01,2.685138758038708162e-01
2.762000000000000011e+00,6.387499710457475999e-01,1.908195823574487804e-17,2.889029603263778001e-01
2.764000000000000234e+00,6.416980468305162333e-01,1.610040226140974085e-17,2.889251819398323540e-01
2.766000000000000014e+00,6.446373373722842359e-01,1.734756563201309216e-17,2.889473727343078724e-01
2.768000000000000238e+00,6.475678453646835919e-01,1.073360150760649390e-17,2.889695327757056953e-01
2.770000000000000018e+00,6.504895736860127897e-01,1.732182377135044193e-18,2.889916621296877985e-01
2.772000000000000242e+00,6.534025253977695513e-01,1.214306433183764966e-17,2.890137608616742959e-01
2.774000000000000021e+00,6.563067037452796626e-01,1.040834085586084257e-17,2.890358290368554850e-01
2.776000000000000245e+00,6.592021121571818298e-01,2.168404344971008868e-18,2.890578667201823548e-01
2.778000000000000025e+00,6.620887542443050222e-01,2.168404344971008868e-17,2.890798739763618674e-01
2.780000000000000249e+00,6.649666338005921773e-01,3.469446951953614189e-18,2.891018508698839362e-01
2.782000000000000028e+00,6.678357548019029366e-01,1.084202172485504434e-18,2.891237974649931708e-01
2.784000000000000252e+00,6.706961214057685083e-01,1.713039432527097006e-17,2.891457138257120252e-01
2.786000000000000032e+00,6.735477379511252138e-01,1.604619215278546562e-17,2.891676000158326376e-01
2.788000000000000256e+00,6.763906089576146030e-01,1.344410693882025498e-17,2.891894560989185514e-01
2.790000000000000036e+00,6.792247391258676714e-01,8.023096076392732812e-18,2.892112821382999965e-01
2.792000000000000259e+00,6.820501333359842988e-01,1.474514954580286030e-17,2.892330781970996467e-01
2.794000000000000039e+00,6.848667966476078561e-01,6.938893903907228378e-18,2.892548443382042533e-01
2.796000000000000263e+00,6.876747342997973078e-01,9.974659986866640793e-18,2.892765806242759696e-01
2.798000000000000043e+00,6.904739517100786372e-01,8.673617379884035472e-19,2.892982871177670057e-01
2.800000000000000266e+00,6.932644544737058823e-01,9.107298248878237246e-18,2.893199638809031415e-01
2.802000000000000046e+00,6.960462483637464004e-01,1.658829323902821784e-17,2.893416109756903887e-01
2.804000000000000270e+00,6.988193393299830802e-01,6.179952383167375274e-18,2.893632284639224284e-01
2.806000000000000050e+00,7.015837334987224949e-01,3.165870343657672947e-17,2.893848164071768925e-01
2.808000000000000274e+00,7.043394371719990943e-01,3.469446951953614189e-18,2.894063748668183056e-01
2.810000000000000053e+00,7.070864568271311157e-01,6.071532165918824830e-18,2.894279039039916457e-01
2.812000000000000277e+00,7.098247991157791148e-01,1.122149248522497089e-17,2.894494035796386089e-01
2.814000000000000057e+00,7.125544708637576719e-01,7.115076756936122848e-18,2.894708739544860077e-01
2.815999999999999837e+00,7.152754790700655008e-01,2.602085213965210642e-18,2.894923150890481578e-01
2.818000000000000060e+00,7.179878309063774111e-01,8.673617379884035472e-18,2.895137270436392019e-01
2.819999999999999840e+00,7.206915337163231072e-01,5.204170427930421283e-18,2.895351098783643384e-01
2.822000000000000064e+00,7.233865950149258595e-01,1.767249541151372227e-17,2.895564636531174907e-01
2.823999999999999844e+00,7.260730224873270799e-01,6.722053469410127491e-18,2.895777884275952396e-01
2.826000000000000068e+00,7.287508239888467187e-01,9.107298248878237246e-18,2.895990842612837790e-01
2.827999999999999847e+00,7.314200075439423188e-01,1.951563910473907981e-18,2.896203512134760683e-01
2.830000000000000071e+00,7.340805813454096551e-01,1.452830911130575942e-17,2.896415893432570665e-01
2.831999999999999851e+00,7.367325537532884994e-01,1.539567084929416296e-17,2.896627987095181100e-01
2.834000000000000075e+00,7.393759332946210350e-01,1.517883041479706208e-17,2.896839793709451438e-01
2.835999999999999854e+00,7.420107286626951293e-01,1.214306433183764966e-17,2.897051313860305455e-01
2.838000000000000078e+00,7.446369487155841682e-01,7.860465750519907147e-18,2.897262548130741244e-01
2.839999999999999858e+00,7.472546024759445515e-01,3.361026734705063745e-18,2.897473497101696882e-01
2.842000000000000082e+00,7.498636991302269905e-01,1.360673726469308065e-17,2.897684161352309107e-01
2.843999999999999861e+00,7.524642480268290967e-01,1.047610349164118659e-17,2.897894541459689055e-01
2.846000000000000085e+00,7.550562586765572348e-01,7.806255641895631925e-18,2.898104637999021627e-01
2.847999999999999865e+00,7.576397407513404403e-01,8.673617379884035472e-19,2.898314451543684278e-01
2.850000000000000089e+00,1.362816440948186880e-01,5.844528977759119726e-02,2.733214295041535014e-01
2.851999999999999869e+00,7.627811586609922756e-01,3.035766082959412415e-18,2.898733231932660304e-01
2.854000000000000092e+00,7.653391146360135622e-01,2.602085213965210642e-18,2.898942199914187334e-01
2.855999999999999872e+00,7.678885823138550393e-01,5.637851296924623057e-18,2.899150887175407920e-01
2.858000000000000096e+00,7.704295721571803313e-01,2.016616040823038247e-17,2.899359294280252630e-01
2.859999999999999876e+00,7.729620947848694357e-01,7.155734338404329264e-18,2.899567421790851807e-01
2.862000000000000099e+00,7.754861609685761437e-01,3.903127820947815962e-18,2.899775270267422322e-01
2.863999999999999879e+00,7.780017816350657256e-01,3.361026734705063745e-17,2.899982840268411910e-01
2.866000000000000103e+00,7.805089678627830097e-01,2.949029909160572061e-17,2.900190132350449757e-01
2.867999999999999883e+00,7.830077308825096338e-01,1.344410693882025498e-17,2.900397147068383696e-01
2.870000000000000107e+00,7.854980820741417347e-01,2.558717127065790464e-17,2.900603884975194724e-01
2.871999999999999886e+00,7.879800329682460358e-01,9.649399335120989463e-18,2.900810346622151870e-01
2.874000000000000110e+00,1.325048023484427517e-01,6.667769245837484871e-02,2.727835282147842433e-01
2.875999999999999890e+00,7.929187807254578502e-01,9.107298248878237246e-18,2.901222443332647227e-01
2.878000000000000114e+00,1.318880061364993139e-01,5.430557667826977492e-02,2.792955276434366252e-01
2.879999999999999893e+00,7.978240693453955146e-01,3.422013106907373370e-18,2.901633441574473227e-01
2.882000000000000117e+00,8.002641968629902181e-01,1.431146867680865853e-17,2.901838530129085547e-01
2.883999999999999897e+00,8.026959963443935919e-01,5.637851296924623057e-18,2.902043345694426679e-01
2.886000000000000121e+00,8.051194803367991426e-01,1.604619215278546562e-17,2.902247888809481036e-01
2.887999999999999901e+00,8.075346615285106111e-01,9.324138683375338132e-18,2.902452160011603777e-01
2.890000000000000124e+00,8.099415527471869325e-01,1.472143262327973989e-17,2.902656159836434213e-01
2.891999999999999904e+00,8.123401669592986707e-01,1.304430738771622522e-17,2.902859888817864720e-01
2.894000000000000128e+00,8.147305172691297059e-01,6.108801615598014045e-18,2.903063347488218371e-01
2.895999999999999908e+00,8.171126169173987819e-01,9.540979117872439019e-18,2.903266536378025231e-01
2.898000000000000131e+00,8.194864792800302666e-01,7.589415207398531038e-19,2.903469456016264938e-01
2.899999999999999911e+00,8.218521178668609650e-01,1.284779574395322754e-17,2.903672106930139662e-01
2.902000000000000135e+00,8.242095463215903806e-01,2.602085213965210642e-18,2.903874489645357770e-01
2.903999999999999915e+00,8.265587784185477460e-01,8.456776945386934585e-18,2.904076604685857932e-01
2.906000000000000139e+00,8.288998280637152050e-01,2.602085213965210642e-18,2.904278452574041158e-01
2.907999999999999918e+00,8.312327092918536664e-01,5.637851296924623057e-18,2.904480033830632024e-01
2.910000000000000142e+00,8.335574362665951753e-01,3.469446951953614189e-18,2.904681348974798571e-01
2.911999999999999922e+00,8.358740232783503643e-01,1.474514954580286030e-17,2.904882398524057940e-01
2.914000000000000146e+00,8.381824847433350101e-01,1.734723475976807094e-18,2.905083182994355750e-01
2.915999999999999925e+00,8.404828352024935612e-01,2.125036258071588691e-17,2.905283702900072207e-01
2.918000000000000149e+00,8.427750893202343718e-01,1.555830117516698863e-17,2.905483958754001561e-01
2.919999999999999929e+00,1.256219372068727580e-01,1.246120102930601825e-01,2.732865633116983717e-01
2.922000000000000153e+00,8.473353677994417410e-01,1.078781161623076912e-17,2.905883680349709564e-01
2.923999999999999932e+00,8.496034220958179617e-01,1.301042606982605321e-18,2.906083147109274067e-01
2.926000000000000156e+00,8.518634399186133521e-01,6.722053469410127491e-18,2.906282351852596535e-01
2.927999999999999936e+00,1.244706450126358277e-01,1.452844428299745749e-01,2.757619531271627844e-01
2.930000000000000160e+00,8.563594273120997968e-01,9.757819552369539906e-18,2.906679977309027940e-01
2.931999999999999940e+00,8.585954277560503556e-01,8.239936510889833698e-18,2.906878399027644777e-01
2.934000000000000163e+00,8.608234534703171903e-01,9.757819552369539906e-18,2.907076560740928239e-01
2.935999999999999943e+00,8.630435201749691032e-01,4.336808689942017736e-19,2.907274462947939675e-01
2.938000000000000167e+00,8.652556437004506051e-01,9.757819552369539906e-19,2.907472106146082869e-01
2.939999999999999947e+00,8.674598399873723054e-01,2.000353008235755681e-17,2.907669490831338299e-01
2.942000000000000171e+00,1.224872674515999904e-01,2.554696872191998883e-02,2.751176936836075559e-01
2.943999999999999950e+00,8.718445151485276767e-01,3.365770119209687827e-17,2.908063486639738682e-01
2.946000000000000174e+00,8.740250264407833924e-01,6.830473686658677934e-18,2.908260098747462163e-01
2.947999999999999954e+00,8.761976753281039976e-01,3.122503911119477876e-17,2.908456454311421635e-01
2.950000000000000178e+00,8.783624782800849573e-01,1.734723475976807094e-18,2.908652553820368358e-01
2.951999999999999957e+00,1.210945929750444350e-01,1.072925249572502238e-01,2.754712956662919154e-01
2.954000000000000181e+00,8.826686127669169935e-01,4.289374844895776917e-18,2.909043986620371558e-01
2.955999999999999961e+00,8.848099777463431792e-01,1.473583218338306300e-17,2.909239320881536472e-01
2.958000000000000185e+00,8.869435636770077735e-01,5.204170427930421283e-18,2.909434401027852779e-01
2.959999999999999964e+00,8.890693875261312940e-01,4.336808689942017736e-18,2.909629227540749263e-01
2.962000000000000188e+00,8.911874663557988185e-01,2.428612866367529932e-17,2.909823800900339652e-01
2.963999999999999968e+00,8.932978173231553853e-01,8.565197162635485029e-18,2.910018121585353224e-01
2.966000000000000192e+00,8.954004576774252655e-01,2.602085213965210642e-18,2.910212190072989369e-01
2.967999999999999972e+00,8.974954047597130113e-01,1.734723475976807094e-18,2.910406006839193482e-01
2.970000000000000195e+00,8.995826760019554058e-01,5.854691731421723944e-18,2.910599572358485987e-01
2.971999999999999975e+00,9.016622889242498218e-01,3.035766082959412415e-18,2.910792887103971771e-01
2.974000000000000199e+00,9.037342611350709376e-01,1.084202172485504434e-18,2.910985951547444550e-01
2.975999999999999979e+00,9.057986103286630453e-01,1.301042606982605321e-18,2.911178766159302489e-01
2.978000000000000203e+00,9.078553542849263636e-01,1.040834085586084257e-17,2.911371331408612040e-01
2.979999999999999982e+00,9.099045108669869819e-01,2.558717127065790464e-17,2.911563647763055762e-01
2.982000000000000206e+00,9.119460980207811929e-01,8.673617379884035472e-19,2.911755715689036128e-01
2.983999999999999986e+00,9.139801337734674291e-01,1.170938346284344789e-17,2.911947535651550623e-01
2.986000000000000210e+00,9.160066362316428012e-01,3.252606517456513302e-18,2.912139108114312203e-01
2.987999999999999989e+00,9.180256235806822929e-01,9.540979117872439019e-18,2.912330433539690455e-01
2.990000000000000213e+00,9.200371140833034644e-01,1.406752318799942003e-17,2.912521512388729916e-01
2.991999999999999993e+00,9.220411260779357576e-01,3.534499082302744455e-17,2.912712345121222235e-01
2.994000000000000217e+00,9.240376779777967897e-01,4.336808689942017736e-19,2.912902932195581829e-01
2.995999999999999996e+00,1.151958989187278348e-01,7.036520442186056101e-02,2.801425680849898847e-01
2.998000000000000220e+00,9.280084755111381867e-01,1.732012970545593333e-17,2.913283371197271099e-01
3.000000000000000000e+00,9.299827583324145053e-01,2.471980953266950110e-17,2.913473224034994202e-01
