# delta,gap,coarse,fine
0.000000000000000000e+00,1.966327107957571485e+00,3.449118161219510981e-18,3.016279070866240697e-01
2.000000000000000042e-03,1.967211037143545838e+00,3.226489668249505580e-18,3.015138946420615751e-01
4.000000000000000083e-03,1.968096162850986985e+00,2.240402145487624397e-18,3.013994869790111997e-01
6.000000000000000125e-03,1.968982485489167544e+00,1.595047742974572968e-17,3.012846831011689042e-01
8.000000000000000167e-03,1.969870005455682360e+00,6.763840428141339384e-18,3.011694820129875994e-01
1.000000000000000021e-02,1.961858296108836441e+00,6.261267546103788106e-18,3.010538827197224432e-01
1.200000000000000025e-02,1.960951965776217776e+00,1.416239087809190167e-17,3.009378842274591515e-01
1.400000000000000029e-02,1.960041426847769941e+00,4.553649124439118623e-18,3.008214855431586843e-01
1.600000000000000033e-02,1.959126671224758809e+00,8.334804200982315336e-18,3.007046856746892205e-01
1.800000000000000211e-02,1.958207690890475305e+00,2.335552179895857366e-17,3.005874836308736753e-01
2.000000000000000042e-02,1.957284477912999421e+00,2.274001119062044849e-18,3.004698784215151242e-01
2.199999999999999872e-02,1.956357024444340453e+00,8.113446257433191001e-18,3.003518690574479844e-01
2.400000000000000050e-02,1.955425322722462056e+00,3.808260130855334324e-18,3.002334545505672136e-01
2.600000000000000228e-02,1.977911624824692183e+00,2.023844055306275072e-18,3.001146339138762720e-01
2.800000000000000058e-02,1.978811137384816732e+00,1.499813005271614531e-18,2.999954061615214274e-01
2.999999999999999889e-02,1.952604651724684004e+00,1.738563358671026487e-17,2.998757703088347215e-01
3.200000000000000067e-02,1.951655881119428670e+00,3.288746589872696655e-18,2.997557253723716619e-01
3.400000000000000244e-02,1.950702824771905597e+00,2.830219421092368995e-18,2.996352703699544096e-01
3.600000000000000422e-02,1.949745475455458177e+00,1.675995858300509002e-18,2.995144043207127460e-01
3.799999999999999906e-02,1.948783826036187605e+00,7.932745895352274622e-18,2.993931262451264286e-01
4.000000000000000083e-02,1.947817869473897900e+00,3.966372947676137311e-18,2.992714351650619387e-01
4.200000000000000261e-02,1.946847598822678549e+00,2.825701912040345931e-18,2.991493301038215535e-01
4.399999999999999745e-02,1.945873007233331009e+00,4.079310673976710433e-18,2.990268100861804834e-01
4.599999999999999922e-02,1.944894087952437900e+00,1.707844297117270733e-17,2.989038741384332232e-01
4.800000000000000100e-02,1.943910834324757531e+00,7.589415207398531038e-18,2.987805212884360739e-01
5.000000000000000278e-02,1.942923239793280743e+00,2.972520956231091452e-18,2.986567505656460564e-01
5.200000000000000455e-02,1.941931297901149378e+00,6.025227698135589488e-18,2.985325610011739239e-01
5.399999999999999939e-02,1.940935002291510614e+00,1.431146867680865853e-17,2.984079516278159150e-01
5.600000000000000117e-02,1.939934346709783597e+00,1.449216903888957491e-17,2.982829214801117623e-01
5.800000000000000294e-02,1.938929325003318382e+00,2.724057958369829890e-18,2.981574695943782771e-01
5.999999999999999778e-02,1.937919931123445849e+00,1.002887009549091601e-17,2.980315950087623622e-01
6.199999999999999956e-02,1.936906159125662441e+00,2.715022940265784149e-18,2.979052967632815907e-01
6.400000000000000133e-02,1.935888003171243099e+00,1.420756596861212999e-17,2.977785738998723897e-01
6.600000000000000311e-02,1.934865457527358501e+00,3.433306879537430547e-19,2.976514254624331168e-01
6.800000000000000488e-02,1.933838516569309718e+00,6.825956177606655256e-18,2.975238504968765185e-01
7.000000000000000666e-02,1.932807174779867410e+00,3.035766082959412415e-18,2.973958480511721958e-01
7.200000000000000844e-02,1.931771426751847542e+00,5.710131441756989762e-18,2.972674171753941219e-01
7.399999999999999634e-02,1.930731267187482558e+00,5.687543896496875600e-18,2.971385569217671607e-01
7.599999999999999811e-02,1.929686690900638268e+00,2.990590992439182935e-18,2.970092663447199688e-01
7.799999999999999989e-02,1.928637692816895566e+00,5.554277379462198500e-18,2.968795445009267953e-01
8.000000000000000167e-02,1.927584267975273491e+00,8.673617379884035472e-19,2.967493904493619383e-01
8.200000000000000344e-02,1.926526411528506344e+00,5.158995337410192189e-18,2.966188032513450423e-01
8.400000000000000522e-02,1.925464118743544617e+00,2.035137827936332153e-18,2.964877819705878381e-01
8.600000000000000699e-02,1.924397385003967287e+00,1.025474554809206341e-18,2.963563256732512086e-01
8.799999999999999489e-02,1.923326205809399170e+00,3.053836119167504284e-18,2.962244334279903191e-01
8.999999999999999667e-02,1.922250576777130959e+00,6.432932890080659899e-18,2.960921043060035229e-01
9.199999999999999845e-02,1.921170493642961219e+00,1.194881144260066294e-17,2.959593373810889272e-01
9.400000000000000022e-02,1.920085952261601392e+00,4.797594613248357120e-18,2.958261317296895232e-01
9.600000000000000200e-02,1.918996948608395314e+00,5.782411586589356660e-19,2.956924864309434242e-01
9.800000000000000377e-02,1.917903478779241055e+00,6.559423143537301826e-18,2.955584005667466485e-01
1.000000000000000056e-01,1.916805538992296221e+00,1.718460443389524528e-17,2.954238732217901453e-01
1.020000000000000073e-01,1.915703125588546385e+00,7.277707082808948513e-18,2.952889034836226889e-01
1.040000000000000091e-01,1.914596235032128391e+00,4.359396235202132669e-18,2.951534904427006167e-01
1.059999999999999970e-01,1.913484863911765643e+00,6.821438668554631807e-18,2.950176331924392326e-01
1.079999999999999988e-01,1.912369008941755766e+00,1.734723475976807094e-17,2.948813308292671520e-01
1.100000000000000006e-01,1.911248666962386267e+00,7.458407444889866433e-18,2.947445824526858105e-01
1.120000000000000023e-01,1.910123834940495868e+00,6.993104012531503599e-18,2.946073871653114851e-01
1.140000000000000041e-01,1.908994509970838749e+00,6.984068994427458243e-18,2.944697440729406313e-01
1.160000000000000059e-01,1.907860689277082855e+00,7.905640841040137012e-18,2.943316522846011751e-01
1.180000000000000077e-01,1.906722370211504369e+00,2.918310847606816230e-18,2.941931109126069699e-01
1.199999999999999956e-01,1.905579550257108679e+00,2.308447125583719986e-18,2.940541190726141396e-01
1.219999999999999973e-01,1.904432227027488267e+00,3.315851644184834266e-18,2.939146758836724826e-01
1.239999999999999991e-01,1.903280398267881424e+00,1.110403724987237509e-17,2.937747804682929176e-01
1.260000000000000009e-01,1.902124061855918313e+00,2.168404344971008868e-18,2.936344319524933355e-01
1.280000000000000027e-01,1.900963215802523365e+00,3.930232875259953573e-18,2.934936294658593292e-01
1.300000000000000044e-01,1.899797858252366467e+00,1.224244953098215359e-18,2.933523721416021468e-01
1.320000000000000062e-01,1.898627987485049573e+00,2.285859580323605053e-18,2.932106591166157572e-01
1.340000000000000080e-01,1.897453601914818933e+00,2.150334308762916999e-18,2.930684895315343597e-01
1.360000000000000098e-01,1.896274700092476451e+00,9.757819552369539906e-18,2.929258625307925024e-01
1.380000000000000115e-01,1.895091280705720749e+00,6.694948415097989880e-18,2.927827772626793723e-01
1.400000000000000133e-01,1.893903342579559279e+00,5.411975844323476043e-18,2.926392328794046871e-01
1.420000000000000151e-01,1.892710884676734651e+00,2.294894598427651180e-18,2.924952285371533733e-01
1.440000000000000169e-01,1.891513906099067555e+00,2.078054163930550294e-18,2.923507633961414109e-01
1.459999999999999909e-01,1.890312406088003883e+00,5.421010862427522170e-20,2.922058366206897184e-01
1.479999999999999927e-01,1.889106384024739071e+00,2.168404344971008868e-18,2.920604473792685618e-01
1.499999999999999944e-01,1.887895839431486422e+00,4.788559595144310993e-18,2.919145948445691641e-01
1.519999999999999962e-01,1.886680771971693815e+00,7.431302390577728822e-18,2.917682781935568848e-01
1.539999999999999980e-01,1.885461181450697410e+00,1.526918059583752142e-18,2.916214966075437731e-01
1.559999999999999998e-01,1.884237067816453504e+00,6.342582709040200939e-18,2.914742492722353084e-01
1.580000000000000016e-01,1.883008431160117624e+00,4.002513020092320279e-18,2.913265353778073385e-01
1.600000000000000033e-01,1.881775271716435327e+00,2.516252541976774746e-18,2.911783541189589264e-01
1.620000000000000051e-01,1.880537589864658798e+00,8.375461782450521753e-18,2.910297046949789634e-01
1.640000000000000069e-01,1.879295386129001599e+00,1.459607174708610344e-17,2.908805863098077316e-01
1.660000000000000087e-01,1.878048661178592482e+00,1.254060512841566847e-17,2.907309981721057923e-01
1.680000000000000104e-01,1.876797415828988846e+00,4.933119884809045175e-18,2.905809394953062785e-01
1.700000000000000122e-01,1.875541651042002655e+00,3.035766082959412415e-18,2.904304094976905559e-01
1.720000000000000140e-01,1.874281367926247555e+00,2.981555974335137194e-18,2.902794074024488413e-01
1.740000000000000158e-01,1.873016567738265081e+00,1.086912677916718195e-17,2.901279324377424862e-01
1.759999999999999898e-01,1.871747251881874519e+00,8.800107633340678170e-18,2.899759838367727549e-01
1.779999999999999916e-01,1.870473421909750300e+00,2.421384851884293108e-18,2.898235608378466610e-01
1.799999999999999933e-01,1.869195079523247927e+00,7.526170080670210460e-18,2.896706626844351429e-01
1.819999999999999951e-01,1.867912226573238854e+00,7.756563042323380152e-18,2.895172886252544431e-01
1.839999999999999969e-01,1.866624865060135363e+00,1.689548385456577807e-18,2.893634379143151802e-01
1.859999999999999987e-01,1.865332997134366622e+00,4.517509052022934885e-18,2.892091098110015635e-01
1.880000000000000004e-01,1.864036625096979094e+00,2.059984127722458425e-18,2.890543035801333427e-01
1.900000000000000022e-01,1.862735751399988260e+00,8.854317741964952236e-19,2.888990184920363080e-01
1.920000000000000040e-01,1.861430378647064288e+00,1.915423838057724397e-17,2.887432538226070156e-01
1.940000000000000058e-01,1.860120509592729121e+00,1.599198204416119040e-18,2.885870088533818989e-01
1.960000000000000075e-01,1.858806147144175469e+00,1.035413074723656734e-17,2.884302828716081568e-01
1.980000000000000093e-01,1.857487294360812058e+00,6.776263578034402713e-18,2.882730751703084793e-01
2.000000000000000111e-01,1.856163954454299159e+00,3.252606517456513302e-18,2.881153850483515466e-01
2.020000000000000129e-01,1.854836130790108228e+00,1.207078418700528219e-17,2.879572118105273582e-01
2.040000000000000147e-01,1.853503826885717132e+00,1.409462824231155764e-18,2.877985547676052414e-01
2.060000000000000164e-01,1.852167046413310203e+00,6.893718813386999283e-18,2.876394132364175071e-01
2.080000000000000182e-01,1.850825793198168867e+00,2.737610485525898696e-18,2.874797865399152941e-01
2.099999999999999922e-01,1.849480071220057198e+00,1.599198204416119040e-18,2.873196740072554434e-01
2.119999999999999940e-01,1.848129884612415452e+00,4.499439015814843401e-18,2.871590749738546777e-01
2.139999999999999958e-01,1.846775237663724312e+00,2.186474381179100737e-18,2.869979887814755326e-01
2.159999999999999976e-01,1.845416134816709075e+00,1.626303258728256651e-18,2.868364147782877516e-01
2.179999999999999993e-01,1.844052580669526265e+00,1.043544591017298018e-17,2.866743523189468346e-01
2.200000000000000011e-01,1.842684579974626757e+00,6.812403650450586450e-18,2.865118007646634268e-01
2.220000000000000029e-01,1.841312137639874891e+00,6.324512672832108877e-19,2.863487594832730410e-01
2.240000000000000047e-01,1.839935258729248346e+00,1.373322751814972219e-18,2.861852278493147161e-01
2.260000000000000064e-01,1.838553948461264298e+00,1.149254302834634700e-17,2.860212052441045150e-01
2.280000000000000082e-01,1.837168212210261942e+00,1.996739000994137461e-18,2.858566910557969187e-01
2.300000000000000100e-01,1.835778055506292361e+00,9.035018104045869782e-21,2.856916846794734788e-01
2.320000000000000118e-01,1.834383484035551959e+00,3.614007241618347913e-20,2.855261855172130936e-01
2.340000000000000135e-01,1.832984503639224272e+00,5.186100391722329799e-18,2.853601929781582891e-01
2.360000000000000153e-01,1.831581120315128430e+00,9.432558900623888576e-18,2.851937064785965426e-01
2.380000000000000171e-01,1.830173340216493472e+00,5.538466097780118741e-18,2.850267254420377760e-01
2.399999999999999911e-01,1.828761169652910468e+00,9.893344823930227960e-18,2.848592492992817471e-01
2.419999999999999929e-01,1.827344615089536717e+00,6.776263578034402713e-19,2.846912774884979291e-01
2.439999999999999947e-01,1.825923683147571808e+00,1.114017732228855806e-17,2.845228094553028941e-01
2.459999999999999964e-01,1.824498380604342884e+00,9.468698973040071543e-18,2.843538446528312558e-01
2.479999999999999982e-01,1.823068714392555023e+00,1.564865135620744836e-17,2.841843825418191583e-01
2.500000000000000000e-01,1.821634691600973355e+00,3.162256336416054728e-18,2.840144225906708897e-01
2.520000000000000018e-01,1.820196319474192137e+00,1.223341451287810785e-17,2.838439642755429815e-01
2.540000000000000036e-01,1.818753605412403829e+00,4.589789196855302361e-18,2.836730070804204251e-01
2.560000000000000053e-01,1.817306556971441722e+00,1.149254302834634700e-17,2.835015504971918343e-01
2.580000000000000071e-01,1.815855181861874001e+00,5.077680174473779356e-18,2.833295940257268275e-01
2.600000000000000089e-01,1.814399487950414169e+00,4.625929269271485328e-18,2.831571371739572962e-01
2.620000000000000107e-01,1.812939483258460882e+00,7.354504736693337897e-18,2.829841794579502356e-01
2.640000000000000124e-01,1.811475175962421247e+00,2.511735032924752067e-18,2.828107204019910115e-01
2.660000000000000142e-01,1.810006574393487000e+00,1.116728237660069567e-17,2.826367595386568565e-01
2.680000000000000160e-01,1.808533687037410687e+00,1.807003620809174185e-18,2.824622964089010813e-01
2.700000000000000178e-01,1.807056522534690401e+00,6.866613759074861094e-19,2.822873305621255158e-01
2.720000000000000195e-01,1.805575089679429368e+00,1.716653439768715418e-18,2.821118615562679954e-01
2.740000000000000213e-01,1.804089397419598839e+00,4.553649124439118623e-18,2.819358889578733041e-01
2.760000000000000231e-01,1.802599454857531924e+00,6.089602202126916314e-18,2.817594123421781060e-01
2.780000000000000249e-01,1.801105271247998019e+00,9.622294280808851852e-18,2.815824312931896611e-01
2.800000000000000266e-01,1.799606855999638100e+00,1.146543797403420939e-17,2.814049454037637066e-01
2.820000000000000284e-01,1.798104218673294952e+00,1.915423838057724628e-18,2.812269542756905549e-01
2.840000000000000302e-01,1.796597368982649101e+00,4.011548038196366406e-18,2.810484575197658152e-01
2.860000000000000320e-01,1.795086316793121028e+00,3.830847676115449257e-18,2.808694547558819865e-01
2.880000000000000338e-01,1.793571072122244203e+00,8.077306185017008033e-18,2.806899456131017323e-01
2.899999999999999800e-01,1.792051645138837301e+00,4.878909776184769953e-19,2.805099297297439231e-01
2.919999999999999818e-01,1.790528046162698672e+00,4.680139377895760550e-18,2.803294067534569667e-01
2.939999999999999836e-01,1.789000285664233303e+00,1.535953077687797884e-18,2.801483763413120665e-01
2.959999999999999853e-01,1.787468374264090443e+00,3.758567531283081781e-18,2.799668381598752753e-01
2.979999999999999871e-01,1.785932322732513455e+00,9.396418828207705608e-18,2.797847918852927607e-01
2.999999999999999889e-01,1.784392141989606273e+00,2.493664996716660198e-18,2.796022372033742376e-01
3.019999999999999907e-01,1.782847843103635199e+00,1.463672932855430986e-18,2.794191738096730715e-01
3.039999999999999925e-01,1.781299437291739451e+00,9.938519914450457825e-18,2.792356014095657701e-01
3.059999999999999942e-01,1.779746935919185091e+00,1.807003620809174137e-19,2.790515197183447982e-01
3.079999999999999960e-01,1.778190350498277894e+00,1.102272208693596110e-18,2.788669284612884658e-01
3.099999999999999978e-01,1.776629692688114659e+00,9.125368285086328344e-19,2.786818273737518004e-01
3.119999999999999996e-01,1.775064974294792819e+00,6.541353107329210342e-18,2.784962162012462050e-01
3.140000000000000013e-01,1.773496207269563030e+00,1.015536034894755871e-17,2.783100946995270553e-01
3.160000000000000031e-01,1.771923403709109834e+00,9.884309805826182604e-18,2.781234626346695271e-01
3.180000000000000049e-01,1.770346575855313631e+00,7.137664302196237010e-18,2.779363197831575816e-01
3.200000000000000067e-01,1.768765736093907748e+00,3.415236843329338967e-18,2.777486659319683970e-01
3.220000000000000084e-01,1.767180896953853164e+00,1.232376469391856758e-17,2.775605008786493633e-01
3.240000000000000102e-01,1.765592071107459304e+00,4.083828183028733111e-18,2.773718244314102854e-01
3.260000000000000120e-01,1.763999271369062427e+00,8.005026040184640558e-18,2.771826364091999340e-01
3.280000000000000138e-01,1.762402510694744961e+00,7.788185605687539671e-18,2.769929366417931416e-01
3.300000000000000155e-01,1.760801802181468645e+00,4.933119884809045175e-18,2.768027249698790104e-01
3.320000000000000173e-01,1.759197159066747673e+00,1.176359357146772311e-17,2.766120012451366295e-01
3.340000000000000191e-01,1.757588594727643283e+00,5.059610138265687102e-18,2.764207653303247247e-01
3.360000000000000209e-01,1.755976122679754781e+00,7.228014483236696548e-19,2.762290170993672023e-01
3.380000000000000226e-01,1.754359756577766660e+00,9.378348791999613354e-18,2.760367564374328619e-01
3.400000000000000244e-01,1.752739510213004337e+00,4.409088834774384442e-18,2.758439832410264914e-01
3.420000000000000262e-01,1.751115397514173111e+00,1.572093150103981429e-18,2.756506974180647496e-01
3.440000000000000280e-01,1.749487432545937082e+00,8.366426764346476396e-18,2.754568988879690372e-01
3.460000000000000298e-01,1.747855629507821362e+00,8.962737959213503835e-18,2.752625875817450440e-01
3.480000000000000315e-01,1.746220002734297339e+00,7.011174048739595853e-18,2.750677634420716777e-01
3.500000000000000333e-01,1.744580566693535673e+00,3.559797132994073148e-18,2.748724264233818881e-01
3.519999999999999796e-01,1.742937335986397329e+00,3.234536481248421433e-18,2.746765764919491537e-01
3.539999999999999813e-01,1.741290325346184886e+00,7.228014483236696548e-19,2.744802136259750225e-01
3.559999999999999831e-01,1.739639549637107763e+00,3.243571499352467560e-18,2.742833378156682711e-01
3.579999999999999849e-01,1.737985023854125899e+00,4.517509052022935463e-19,2.740859490633349993e-01
3.599999999999999867e-01,1.736326763121763150e+00,3.306816626080788524e-18,2.738880473834651719e-01
3.619999999999999885e-01,1.734664782693336349e+00,1.255867516462376034e-18,2.736896328028076142e-01
3.639999999999999902e-01,1.732999097950180811e+00,1.272130549049658485e-17,2.734907053604676563e-01
3.659999999999999920e-01,1.731329724400193726e+00,5.655921333132714541e-18,2.732912651079845157e-01
3.679999999999999938e-01,1.729656677677915866e+00,1.252253509220757621e-17,2.730913121094186713e-01
3.699999999999999956e-01,1.727979973542925762e+00,2.204544417387192221e-18,2.728908464414349089e-01
3.719999999999999973e-01,1.726299627879157583e+00,5.493291007259888876e-18,2.726898681933895841e-01
3.739999999999999991e-01,1.724615656694176380e+00,6.505213034913026604e-18,2.724883774674179415e-01
3.760000000000000009e-01,1.722928076117430152e+00,6.975033976323411345e-18,2.722863743785126078e-01
3.780000000000000027e-01,1.721236902400526958e+00,1.897353801849632760e-18,2.720838590546121316e-01
3.800000000000000044e-01,1.719542151915465666e+00,2.864100738982541008e-18,2.718808316366881361e-01
3.820000000000000062e-01,1.717843841153687379e+00,9.830099697201907382e-18,2.716772922788258660e-01
3.840000000000000080e-01,1.716141986725347124e+00,1.460058925613812535e-17,2.714732411483098407e-01
3.860000000000000098e-01,1.714436605358823584e+00,9.396418828207704453e-19,2.712686784257135608e-01
3.880000000000000115e-01,1.712727713898207327e+00,4.824699667560494731e-18,2.710636043049788335e-01
3.900000000000000133e-01,1.711015329304007793e+00,2.782785576046128176e-18,2.708580189934959304e-01
3.920000000000000151e-01,1.709299468651096277e+00,3.794707603699265519e-19,2.706519227122031745e-01
3.940000000000000169e-01,1.707580149128109070e+00,6.270302564207834233e-18,2.704453156956572735e-01
3.960000000000000187e-01,1.705857388036324807e+00,1.248639501979139325e-17,2.702381981921203047e-01
3.980000000000000204e-01,1.704131202788602195e+00,3.270676553664605171e-18,2.700305704636526971e-01
4.000000000000000222e-01,1.702401610908072627e+00,1.752793512184898963e-18,2.698224327861808991e-01
4.020000000000000240e-01,1.700668630028022932e+00,1.308270621465842068e-17,2.696137854496022390e-01
4.040000000000000258e-01,1.698932277889475984e+00,2.168404344971008868e-18,2.694046287578492072e-01
4.060000000000000275e-01,1.697192572341251093e+00,2.005774019098183203e-18,2.691949630289858231e-01
4.080000000000000293e-01,1.695449531338219629e+00,2.800855612254219659e-18,2.689847885952834639e-01
4.100000000000000311e-01,1.693703172940850266e+00,1.337182679398788866e-18,2.687741058033136787e-01
4.120000000000000329e-01,1.691953515313343814e+00,1.447409900268148419e-17,2.685629150140199650e-01
4.140000000000000346e-01,1.690200576722723724e+00,5.746271514173173500e-18,2.683512166028093060e-01
4.160000000000000364e-01,1.688444375538800557e+00,5.493291007259888876e-18,2.681390109596313298e-01
4.179999999999999827e-01,1.686684930231329815e+00,6.776263578034402713e-18,2.679262984890635746e-01
4.199999999999999845e-01,1.684922259370090103e+00,3.903127820947815962e-18,2.677130796103884824e-01
4.219999999999999862e-01,1.683156381623550857e+00,1.391392788023064126e-17,2.674993547576882680e-01
4.239999999999999880e-01,1.681387315757294942e+00,5.475220971051797392e-18,2.672851243799067023e-01
4.259999999999999898e-01,1.679615080633439561e+00,6.252232527999741979e-18,2.670703889409550280e-01
4.279999999999999916e-01,1.677839695209282667e+00,7.806255641895631925e-18,2.668551489197740212e-01
4.299999999999999933e-01,1.676061178535903196e+00,3.361026734705063745e-18,2.666394048104262504e-01
4.319999999999999951e-01,1.674279549757343943e+00,2.927345865710861972e-18,2.664231571221748474e-01
4.339999999999999969e-01,1.672494828109471143e+00,1.864827736675067626e-17,2.662064063795619995e-01
4.359999999999999987e-01,1.670707032918528512e+00,9.107298248878237246e-18,2.659891531224934380e-01
4.380000000000000004e-01,1.668916183600014591e+00,5.077680174473779356e-18,2.657713979063169862e-01
4.400000000000000022e-01,1.667122299657663120e+00,2.737610485525898696e-17,2.655531413019038833e-01
4.420000000000000040e-01,1.665325400682334589e+00,2.023844055306275072e-18,2.653343838957282763e-01
4.440000000000000058e-01,1.663525506350492122e+00,8.709757452300218440e-18,2.651151262899455463e-01
4.460000000000000075e-01,1.661722636423412780e+00,1.807003620809174137e-19,2.648953691024756862e-01
4.480000000000000093e-01,1.659916810745666993e+00,4.734349486520035772e-18,2.646751129670766867e-01
4.500000000000000111e-01,1.658108049244269466e+00,9.396418828207704453e-19,2.644543585334296898e-01
4.520000000000000129e-01,1.656296371926568867e+00,3.433306879537430836e-18,2.642331064672132634e-01
4.540000000000000147e-01,1.654481798880631516e+00,6.432932890080659899e-18,2.640113574501817828e-01
4.560000000000000164e-01,1.652664350272807781e+00,1.250446505599948396e-17,2.637891121802440342e-01
4.580000000000000182e-01,1.650844046346556127e+00,1.301042606982605321e-17,2.635663713715473144e-01
4.600000000000000200e-01,1.649020907421718363e+00,1.380550766298208928e-17,2.633431357545379381e-01
4.620000000000000218e-01,1.647194953893333036e+00,1.051676107310939301e-17,2.631194060760583819e-01
4.640000000000000235e-01,1.645366206229635253e+00,3.035766082959412415e-18,2.628951830994049610e-01
4.660000000000000253e-01,1.643534684972031812e+00,1.441988889405720897e-17,2.626704676044220865e-01
4.680000000000000271e-01,1.641700410732681803e+00,1.192622389734054877e-18,2.624452603875621071e-01
4.700000000000000289e-01,1.639863404193988572e+00,3.397166807121247098e-18,2.622195622619689637e-01
4.720000000000000306e-01,1.638023686107356269e+00,7.029244084947686567e-18,2.619933740575522418e-01
4.740000000000000324e-01,1.636181277291665737e+00,1.575707157345599880e-17,2.617666966210629442e-01
4.760000000000000342e-01,1.634336198631984871e+00,9.161508357502512467e-18,2.615395308161611032e-01
4.780000000000000360e-01,1.632488471078783476e+00,3.957337929572091184e-18,2.613118775234975488e-01
4.799999999999999822e-01,1.630638115646188879e+00,6.198022419375466758e-18,2.610837376407808552e-01
4.819999999999999840e-01,1.628785153411349995e+00,6.577493179745393310e-18,2.608551120828542791e-01
4.839999999999999858e-01,1.626929605512145827e+00,9.107298248878237246e-18,2.606260017817694785e-01
4.859999999999999876e-01,1.625071493147459023e+00,1.174552353525963201e-18,2.603964076868514055e-01
4.879999999999999893e-01,1.623210837574557530e+00,8.095376221225100288e-18,2.601663307647746337e-01
4.899999999999999911e-01,1.621347660108675370e+00,9.432558900623888576e-18,2.599357719996362448e-01
4.919999999999999929e-01,1.619481982121040886e+00,4.698209414103852804e-18,2.597047323930208873e-01
4.939999999999999947e-01,1.617613825038720421e+00,1.951563910473907981e-18,2.594732129640763274e-01
4.959999999999999964e-01,1.615743210342145630e+00,1.915423838057724397e-17,2.592412147495764541e-01
4.979999999999999982e-01,1.613870159565056639e+00,1.662443331144440196e-18,2.590087388039982175e-01
5.000000000000000000e-01,1.611994694292118169e+00,8.673617379884035472e-19,2.587757861995821917e-01
5.020000000000000018e-01,1.610116836158393738e+00,1.084202172485504434e-18,2.585423580264080146e-01
5.040000000000000036e-01,1.608236606848489458e+00,7.878535786727999401e-18,2.583084553924524518e-01
5.060000000000000053e-01,1.606354028093807784e+00,1.770863548392990447e-18,2.580740794236665581e-01
5.080000000000000071e-01,1.604469121672607912e+00,1.284779574395322754e-17,2.578392312640335748e-01
5.100000000000000089e-01,1.602581909408900884e+00,5.330660681387063210e-18,2.576039120756392631e-01
5.120000000000000107e-01,1.600692413170222039e+00,3.324886662288880393e-18,2.573681230387355190e-01
5.140000000000000124e-01,1.598800654867194027e+00,9.071158176462054278e-18,2.571318653518069319e-01
5.160000000000000142e-01,1.596906656451416495e+00,4.662069341687669066e-18,2.568951402316279053e-01
5.180000000000000160e-01,1.595010439915672151e+00,6.179952383167375274e-18,2.566579489133364311e-01
5.200000000000000178e-01,1.593112027291063271e+00,2.023844055306275072e-18,2.564202926504866031e-01
5.220000000000000195e-01,1.591211440646958408e+00,1.608233222520164975e-18,2.561821727151199490e-01
5.240000000000000213e-01,1.589308702089375913e+00,4.156108327861100587e-18,2.559435903978172777e-01
5.260000000000000231e-01,1.587403833759481131e+00,1.734723475976807094e-18,2.557045470077686788e-01
5.280000000000000249e-01,1.585496857832708884e+00,2.529805069132843551e-18,2.554650438728277573e-01
5.300000000000000266e-01,1.583587796517722524e+00,2.023844055306275072e-18,2.552250823395716961e-01
5.320000000000000284e-01,1.581676672054637578e+00,8.005026040184640558e-18,2.549846637733624299e-01
5.340000000000000302e-01,1.579763506713664611e+00,2.529805069132843840e-19,2.547437895584049317e-01
5.360000000000000320e-01,1.577848322795500025e+00,4.210318436485375809e-18,2.545024610977992263e-01
5.380000000000000338e-01,1.575931142627638337e+00,1.517883041479706208e-18,2.542606798136068935e-01
5.400000000000000355e-01,1.574011988565263920e+00,8.203796438473650731e-18,2.540184471468947547e-01
5.420000000000000373e-01,1.572090882989005678e+00,1.807003620809174185e-18,2.537757645578043730e-01
5.440000000000000391e-01,1.570167848304031111e+00,8.492917017803117745e-19,2.535326335255947972e-01
5.460000000000000409e-01,1.568242906938280612e+00,5.854691731421723944e-18,2.532890555486984607e-01
5.480000000000000426e-01,1.566316081342559841e+00,1.427532860439247402e-17,2.530450321447826334e-01
5.500000000000000444e-01,1.564387393988138086e+00,1.140219284730588881e-17,2.528005648507921643e-01
5.520000000000000462e-01,1.562456867366037727e+00,2.385244779468109755e-18,2.525556552230061036e-01
5.540000000000000480e-01,1.560524523985538536e+00,5.131890283098054578e-18,2.523103048370881063e-01
5.560000000000000497e-01,1.558590386373762016e+00,8.348356728138384142e-18,2.520645152881332285e-01
5.580000000000000515e-01,1.556654477073543319e+00,1.698583403560623549e-18,2.518182881907219395e-01
5.600000000000000533e-01,1.554716818642898346e+00,4.300668617525833998e-18,2.515716251789656965e-01
5.620000000000000551e-01,1.552777433653702133e+00,1.481742969063522662e-18,2.513245279065553506e-01
5.640000000000000568e-01,1.550836344690456059e+00,3.451376915745522320e-18,2.510769980468086082e-01
5.660000000000000586e-01,1.548893574348547020e+00,6.685913396993943753e-18,2.508290372927156064e-01
5.680000000000000604e-01,1.546949145234897571e+00,1.510655026996469614e-17,2.505806473569812676e-01
5.700000000000000622e-01,1.545003079964647696e+00,7.444854917733797627e-18,2.503318299720778128e-01
5.720000000000000639e-01,1.543055401161328888e+00,3.144186300207962859e-18,2.500825868902782911e-01
5.740000000000000657e-01,1.541106131455205031e+00,6.161882346959283790e-18,2.498329198837063170e-01
5.760000000000000675e-01,1.539155293482405540e+00,1.427532860439247441e-18,2.495828307443750116e-01
5.779999999999999583e-01,1.537202909884182844e+00,4.101898219236825365e-18,2.493323212842279701e-01
5.799999999999999600e-01,1.535249003304137716e+00,1.217920440425383263e-17,2.490813933351801179e-01
5.819999999999999618e-01,1.533293596389327718e+00,3.794707603699265519e-18,2.488300487491552637e-01
5.839999999999999636e-01,1.531336711787389504e+00,1.951563910473907981e-18,2.485782893981285380e-01
5.859999999999999654e-01,1.529378372146805276e+00,1.608233222520164975e-18,2.483261171741588669e-01
5.879999999999999671e-01,1.527418600114543779e+00,4.806629631352403248e-18,2.480735339894269698e-01
5.899999999999999689e-01,1.525457418335605553e+00,7.806255641895631925e-18,2.478205417762704144e-01
5.919999999999999707e-01,1.523494849452003308e+00,6.866613759074861672e-18,2.475671424872201154e-01
5.939999999999999725e-01,1.521530916101770714e+00,4.138038291653008333e-18,2.473133380950344462e-01
5.959999999999999742e-01,1.519565640916869853e+00,4.589789196855302361e-18,2.470591305927258563e-01
5.979999999999999760e-01,1.517599046523763207e+00,3.469446951953614189e-18,2.468045219936021717e-01
5.999999999999999778e-01,1.515631155540859254e+00,6.866613759074861672e-18,2.465495143312847470e-01
6.019999999999999796e-01,1.513661990578356153e+00,1.391392788023064126e-17,2.462941096597539292e-01
6.039999999999999813e-01,1.511691574237037372e+00,4.463298943398659663e-18,2.460383100533611589e-01
6.059999999999999831e-01,1.509719929106470460e+00,6.017322057294549609e-18,2.457821176068709645e-01
6.079999999999999849e-01,1.507747077765188237e+00,1.053483110931748526e-17,2.455255344354781433e-01
6.099999999999999867e-01,1.505773042778631776e+00,1.243218491116711802e-17,2.452685626748363212e-01
6.119999999999999885e-01,1.503797846698731178e+00,2.005774019098183203e-18,2.450112044810854872e-01
6.139999999999999902e-01,1.501821512062463171e+00,9.035018104045870685e-20,2.447534620308718656e-01
6.159999999999999920e-01,1.499844061391154781e+00,1.156482317317871332e-18,2.444953375213719526e-01
6.179999999999999938e-01,1.497865517189520546e+00,1.098658201451977775e-17,2.442368331703151096e-01
6.199999999999999956e-01,1.495885901944063789e+00,6.920823867699136894e-18,2.439779512159993280e-01
6.219999999999999973e-01,1.493905238122906098e+00,1.142026288351397952e-17,2.437186939173206224e-01
6.239999999999999991e-01,1.491923548173982539e+00,7.444854917733797627e-18,2.434590635537788594e-01
6.260000000000000009e-01,1.489940854524672176e+00,1.734723475976807094e-18,2.431990624255039313e-01
6.280000000000000027e-01,1.487957179580806866e+00,5.222240464138512767e-18,2.429386928532708545e-01
6.300000000000000044e-01,1.485972545725150695e+00,7.462924953941888341e-18,2.426779571785121214e-01
6.320000000000000062e-01,1.483986975317012735e+00,6.812403650450586450e-18,2.424168577633280530e-01
6.340000000000000080e-01,1.482000490690797534e+00,7.228014483236695825e-20,2.421553969905142489e-01
6.360000000000000098e-01,1.480013114155600107e+00,2.529805069132843551e-18,2.418935772635554260e-01
6.380000000000000115e-01,1.478024867993720903e+00,1.232376469391856758e-17,2.416314010066470397e-01
6.400000000000000133e-01,1.476035774460338956e+00,1.142026288351397952e-17,2.413688706647034166e-01
6.420000000000000151e-01,1.474045855781792369e+00,2.096124200138641777e-18,2.411059887033609184e-01
6.440000000000000169e-01,1.472055134155343836e+00,7.806255641895631925e-18,2.408427576089932909e-01
6.460000000000000187e-01,1.470063631747937194e+00,1.011922027653137536e-18,2.405791798887101374e-01
6.480000000000000204e-01,1.468071370695582800e+00,8.854317741964953391e-18,2.403152580703656616e-01
6.500000000000000222e-01,1.466078373101737498e+00,6.035392093502641093e-18,2.400509947025631363e-01
6.520000000000000240e-01,1.464084661037382773e+00,3.144186300207962859e-18,2.397863923546540432e-01
6.540000000000000258e-01,1.462090256539465116e+00,4.734349486520035772e-18,2.395214536167423469e-01
6.560000000000000275e-01,1.460095181610260084e+00,2.204544417387192221e-18,2.392561810996824412e-01
6.580000000000000293e-01,1.458099458216420174e+00,2.782785576046128176e-18,2.389905774350813139e-01
6.600000000000000311e-01,1.456103108288239412e+00,3.397166807121247098e-18,2.387246452752945225e-01
6.620000000000000329e-01,1.454106153718644379e+00,4.842769703768586215e-18,2.384583872934180615e-01
6.640000000000000346e-01,1.452108616362128402e+00,1.843143693225357538e-18,2.381918061832933864e-01
6.660000000000000364e-01,1.450110518035032214e+00,8.023096076392732812e-18,2.379249046594928974e-01
6.680000000000000382e-01,1.448111880512911398e+00,3.650147314034531338e-18,2.376576854573190234e-01
6.700000000000000400e-01,1.446112725531214949e+00,4.192248400277283555e-18,2.373901513327877355e-01
6.720000000000000417e-01,1.444113074783683004e+00,2.674365358797577732e-18,2.371223050626298234e-01
6.740000000000000435e-01,1.442112949921792620e+00,3.866987748531632225e-18,2.368541494442712725e-01
6.760000000000000453e-01,1.440112372554128939e+00,2.818925648462311528e-18,2.365856872958234380e-01
6.780000000000000471e-01,1.438111364245376222e+00,2.529805069132843840e-19,2.363169214560716380e-01
6.800000000000000488e-01,1.436109946515276903e+00,5.782411586589357238e-18,2.360478547844578889e-01
6.820000000000000506e-01,1.434108140838056045e+00,1.084202172485504434e-18,2.357784901610666395e-01
6.840000000000000524e-01,1.432105968642300553e+00,8.854317741964953391e-18,2.355088304866073678e-01
6.860000000000000542e-01,1.430103451309339135e+00,4.589789196855302361e-18,2.352388786823939315e-01
6.880000000000000560e-01,1.428100610172240437e+00,6.685913396993943753e-18,2.349686376903276086e-01
6.900000000000000577e-01,1.426097466516274892e+00,6.794333614242494196e-18,2.346981104728743106e-01
6.920000000000000595e-01,1.424094041577198766e+00,7.553275134982348070e-18,2.344273000130416840e-01
6.940000000000000613e-01,1.422090356540508083e+00,1.478128961821904481e-17,2.341562093143580991e-01
6.960000000000000631e-01,1.420086432541669552e+00,4.589789196855302361e-18,2.338848414008420362e-01
6.980000000000000648e-01,1.418082290664248291e+00,3.722427458866898814e-18,2.336131993169824062e-01
7.000000000000000666e-01,1.416077951939417545e+00,1.413076831472774215e-17,2.333412861277059380e-01
7.020000000000000684e-01,1.414073437346313966e+00,4.083828183028733111e-18,2.330691049183481189e-01
7.039999999999999591e-01,1.412068767809955716e+00,2.891205793294678330e-19,2.327966587946276866e-01
7.059999999999999609e-01,1.410063964201135889e+00,4.119968255444916849e-18,2.325239508826086876e-01
7.079999999999999627e-01,1.408059047335971314e+00,1.091430186968741182e-17,2.322509843286691134e-01
7.099999999999999645e-01,1.406054037975202675e+00,1.225148454908620010e-17,2.319777622994702304e-01
7.119999999999999662e-01,1.404048956822858685e+00,5.240310500346605021e-18,2.317042879819171675e-01
7.139999999999999680e-01,1.402043824526202798e+00,1.987703982890091334e-18,2.314305645831203906e-01
7.159999999999999698e-01,1.400038661675068852e+00,1.131184266626542908e-17,2.311565953303585108e-01
7.179999999999999716e-01,1.398033488801186053e+00,1.807003620809174137e-19,2.308823834710381495e-01
7.199999999999999734e-01,1.396028326377177109e+00,6.758193541826311229e-18,2.306079322726607150e-01
7.219999999999999751e-01,1.394023194816821132e+00,1.048062100069320889e-18,2.303332450227611183e-01
7.239999999999999769e-01,1.392018114472971746e+00,2.168404344971008868e-18,2.300583250288806281e-01
7.259999999999999787e-01,1.390013105638338686e+00,4.698209414103852804e-18,2.297831756185154672e-01
7.279999999999999805e-01,1.388008188544510801e+00,2.312964634635742664e-18,2.295078001390651878e-01
7.299999999999999822e-01,1.386003383360705499e+00,6.758193541826311229e-18,2.292322019577932857e-01
7.319999999999999840e-01,1.383998710194038750e+00,4.553649124439118623e-18,2.289563844617709398e-01
7.339999999999999858e-01,1.381994189088331382e+00,1.709425425285478555e-17,2.286803510578276633e-01
7.359999999999999876e-01,1.379989840024187231e+00,6.758193541826311229e-18,2.284041051724986227e-01
7.379999999999999893e-01,1.377985682917579169e+00,7.480994990149980595e-18,2.281276502519715976e-01
7.399999999999999911e-01,1.375981737620140422e+00,8.203796438473650731e-18,2.278509897620307478e-01
7.419999999999999929e-01,1.373978023917860725e+00,2.891205793294678619e-18,2.275741271879973826e-01
7.439999999999999947e-01,1.371974561531157377e+00,8.998878031629686802e-18,2.272970660346785021e-01
7.459999999999999964e-01,1.369971370114079434e+00,5.384870790011338432e-18,2.270198098262962982e-01
7.479999999999999982e-01,1.367968469253572295e+00,4.698209414103852226e-19,2.267423621064398598e-01
7.500000000000000000e-01,1.365965878469054928e+00,2.674365358797577732e-18,2.264647264379908431e-01
7.520000000000000018e-01,1.363963617212633039e+00,4.915049848600953691e-18,2.261869064030672394e-01
7.540000000000000036e-01,1.361961704867745482e+00,6.866613759074861672e-18,2.259089056029532638e-01
7.560000000000000053e-01,1.359960160748293845e+00,8.673617379884035472e-18,2.256307276580361287e-01
7.580000000000000071e-01,1.357959004099576816e+00,1.626303258728256651e-18,2.253523762077362935e-01
7.600000000000000089e-01,1.355958254096506721e+00,1.702197410802241961e-17,2.250738549104326913e-01
7.620000000000000107e-01,1.353957929843840446e+00,1.445602896647339310e-18,2.247951674434008340e-01
7.640000000000000124e-01,1.351958050375518638e+00,1.232376469391856758e-17,2.245163175027323210e-01
7.660000000000000142e-01,1.349958634653759759e+00,5.926971876254090649e-18,2.242373088032639517e-01
7.680000000000000160e-01,1.347959701569809710e+00,4.409088834774384442e-18,2.239581450785010086e-01
7.700000000000000178e-01,1.345961269942083760e+00,2.020230048064656698e-17,2.236788300805425123e-01
7.720000000000000195e-01,1.343963358516486295e+00,6.143812310751191536e-18,2.233993675799936240e-01
7.740000000000000213e-01,1.341965985965753561e+00,1.409462824231155764e-17,2.231197613659015866e-01
7.760000000000000231e-01,1.339969170889705907e+00,1.029992063861229212e-17,2.228400152456574690e-01
7.780000000000000249e-01,1.337972931813219191e+00,1.691355389077386917e-17,2.225601330449253623e-01
7.800000000000000266e-01,1.335977287187795071e+00,6.866613759074861672e-18,2.222801186075491209e-01
7.820000000000000284e-01,1.333982255390047555e+00,1.409462824231155764e-18,2.219999757954727870e-01
7.840000000000000302e-01,1.331987854720793507e+00,7.950815931560365528e-19,2.217197084886477765e-01
7.860000000000000320e-01,1.329994103406196615e+00,3.975407965780182668e-18,2.214393205849500001e-01
7.880000000000000338e-01,1.328001019596150911e+00,2.746645503629944438e-18,2.211588160000814984e-01
7.900000000000000355e-01,1.326008621363978790e+00,1.174552353525963085e-17,2.208781986674862863e-01
7.920000000000000373e-01,1.324016926706928388e+00,9.287998610959155165e-18,2.205974725382505719e-01
7.940000000000000391e-01,1.322025953545086452e+00,2.818925648462311528e-18,2.203166415810139112e-01
7.960000000000000409e-01,1.320035719720728196e+00,6.252232527999741979e-18,2.200357097818673446e-01
7.980000000000000426e-01,1.318046242999113105e+00,6.143812310751191536e-18,2.197546811442531445e-01
8.000000000000000444e-01,1.316057541067117143e+00,2.869521749844968607e-17,2.194735596888797158e-01
8.020000000000000462e-01,1.314069631533204330e+00,8.276076583306016666e-18,2.191923494536016648e-01
8.040000000000000480e-01,1.312082531927295292e+00,1.170938346284344789e-17,2.189110544933300651e-01
8.060000000000000497e-01,1.310096259700426202e+00,2.168404344971008868e-19,2.186296788799248214e-01
8.080000000000000515e-01,1.308110832223679409e+00,9.757819552369539906e-19,2.183482267020882550e-01
8.100000000000000533e-01,1.306126266789316759e+00,1.272130549049658485e-17,2.180667020652604648e-01
8.120000000000000551e-01,1.304142580608974811e+00,5.782411586589356660e-19,2.177851090915075283e-01
8.140000000000000568e-01,1.302159790814709339e+00,1.322726650432315409e-17,2.175034519194147808e-01
8.160000000000000586e-01,1.300177914457407269e+00,1.770863548392990447e-18,2.172217347039753499e-01
8.180000000000000604e-01,1.298196968507937754e+00,9.071158176462054278e-18,2.169399616164729983e-01
8.200000000000000622e-01,1.296216969855041867e+00,1.355252715606880543e-17,2.166581368443745437e-01
8.220000000000000639e-01,1.294237935307084086e+00,1.105886215935214523e-17,2.163762645912077343e-01
8.240000000000000657e-01,1.292259881590531734e+00,5.276450572762787989e-18,2.160943490764459518e-01
8.260000000000000675e-01,1.290282825349869711e+00,2.602085213965210642e-18,2.158123945353916384e-01
8.280000000000000693e-01,1.288306783147501022e+00,4.842769703768586215e-18,2.155304052190523401e-01
8.300000000000000711e-01,1.286331771463814277e+00,3.252606517456513302e-19,2.152483853940221070e-01
8.320000000000000728e-01,1.284357806696220905e+00,3.324886662288880393e-18,2.149663393423538182e-01
8.339999999999999636e-01,1.282384905159450028e+00,1.084202172485504434e-18,2.146842713614392495e-01
8.359999999999999654e-01,1.280413083085278458e+00,2.168404344971008868e-19,2.144021857638768458e-01
8.379999999999999671e-01,1.278442356622420562e+00,1.301042606982605321e-18,2.141200868773520671e-01
8.399999999999999689e-01,1.276472741835814162e+00,8.384496800554567109e-18,2.138379790444976669e-01
8.419999999999999707e-01,1.274504254706787520e+00,1.008308020411519124e-17,2.135558666227738711e-01
8.439999999999999725e-01,1.272536911133080650e+00,1.380550766298208928e-17,2.132737539843263530e-01
8.459999999999999742e-01,1.270570726928227145e+00,1.329954664915552157e-17,2.129916455158574751e-01
8.479999999999999760e-01,1.268605717821394308e+00,6.143812310751191536e-18,2.127095456184903144e-01
8.499999999999999778e-01,1.266641899457685128e+00,1.254060512841566847e-17,2.124274587076323551e-01
8.519999999999999796e-01,1.264679287397154184e+00,3.614007241618348274e-19,2.121453892128332408e-01
8.539999999999999813e-01,1.262717897115823718e+00,4.445228907190568179e-18,2.118633415776506046e-01
8.559999999999999831e-01,1.260757744003779379e+00,5.710131441756989762e-18,2.115813202595064890e-01
8.579999999999999849e-01,1.258798843367319620e+00,1.438374882164102446e-17,2.112993297295387984e-01
8.599999999999999867e-01,1.256841210426351552e+00,8.023096076392732812e-18,2.110173744724722633e-01
8.619999999999999885e-01,1.254884860316018091e+00,6.975033976323411345e-18,2.107354589864523509e-01
8.639999999999999902e-01,1.252929808085994523e+00,4.842769703768586215e-18,2.104535877829154522e-01
8.659999999999999920e-01,1.250976068699898747e+00,5.059610138265687102e-18,2.101717653864300095e-01
8.679999999999999938e-01,1.249023657036072876e+00,7.517135062566163562e-18,2.098899963345529918e-01
8.699999999999999956e-01,1.247072587886982831e+00,1.243218491116711802e-17,2.096082851776698286e-01
8.719999999999999973e-01,1.245122875958557529e+00,3.397166807121247098e-18,2.093266364788520517e-01
8.739999999999999991e-01,1.243174535871066411e+00,1.481742969063522662e-18,2.090450548136911502e-01
8.760000000000000009e-01,1.241227582158622056e+00,6.866613759074861672e-18,2.087635447701531866e-01
8.780000000000000027e-01,1.239282029268732543e+00,2.638225286381393994e-18,2.084821109484160939e-01
8.800000000000000044e-01,1.237337891562496850e+00,9.035018104045870925e-19,2.082007579607067782e-01
8.820000000000000062e-01,1.235395183315016965e+00,8.673617379884035472e-19,2.079194904311502112e-01
8.840000000000000080e-01,1.233453918714051412e+00,1.037220078344465960e-17,2.076383129955998996e-01
8.860000000000000098e-01,1.231514111861436334e+00,1.445602896647339165e-19,2.073572303014792895e-01
8.880000000000000115e-01,1.229575776771547169e+00,1.192622389734054877e-18,2.070762470076116246e-01
8.900000000000000133e-01,1.227638927372865396e+00,1.644373294936348289e-17,2.067953677840594917e-01
8.920000000000000151e-01,1.225703577506088493e+00,4.553649124439118623e-18,2.065145973119552891e-01
8.940000000000000169e-01,1.223769740925572336e+00,1.517883041479706208e-18,2.062339402833292812e-01
8.960000000000000187e-01,1.221837431298421706e+00,3.288746589872696655e-18,2.059534014009421765e-01
8.980000000000000204e-01,1.219906662204955694e+00,1.329954664915552157e-17,2.056729853781136819e-01
9.000000000000000222e-01,1.217977447138149927e+00,7.517135062566163562e-18,2.053926969385452272e-01
9.020000000000000240e-01,1.216049799504315132e+00,6.505213034913026604e-19,2.051125408161519614e-01
9.040000000000000258e-01,1.214123732621899876e+00,7.661695352230898514e-18,2.048325217548780663e-01
9.060000000000000275e-01,1.212199259723018230e+00,2.096124200138641777e-18,2.045526445085261713e-01
9.080000000000000293e-01,1.210276393952028684e+00,1.590163186312073067e-17,2.042729138405748879e-01
9.100000000000000311e-01,1.208355148366514697e+00,8.095376221225100288e-18,2.039933345239989815e-01
9.120000000000000329e-01,1.206435535936286385e+00,1.590163186312073067e-17,2.037139113410886826e-01
9.140000000000000346e-01,1.204517569544364619e+00,8.998878031629686802e-18,2.034346490832638632e-01
9.160000000000000364e-01,1.202601261986558256e+00,4.336808689942017736e-19,2.031555525508914883e-01
9.180000000000000382e-01,1.200686625971009391e+00,9.757819552369539906e-19,2.028766265530996260e-01
9.200000000000000400e-01,1.198773674119365751e+00,6.396792817664476161e-18,2.025978759075917068e-01
9.220000000000000417e-01,1.196862418965302766e+00,7.408714845317613119e-18,2.023193054404503755e-01
9.240000000000000435e-01,1.194952872955795442e+00,6.071532165918824830e-18,2.020409199859565796e-01
9.260000000000000453e-01,1.193045048450439793e+00,2.457524924300476845e-18,2.017627243863923669e-01
9.280000000000000471e-01,1.191138957721733505e+00,9.215718466126787689e-18,2.014847234918517582e-01
9.300000000000000488e-01,1.189234612954948034e+00,5.890831803837907682e-18,2.012069221600411018e-01
9.320000000000000506e-01,1.187332026248487438e+00,7.806255641895631925e-18,2.009293252560897802e-01
9.340000000000000524e-01,1.185431209613504677e+00,1.105886215935214523e-17,2.006519376523495379e-01
9.360000000000000542e-01,1.183532174974075701e+00,4.481368979606751917e-18,2.003747642281938079e-01
9.380000000000000560e-01,1.181634934167419715e+00,1.590163186312073106e-18,2.000978098698260599e-01
9.400000000000000577e-01,1.179739498944123000e+00,5.999252021086458125e-18,1.998210794700706894e-01
9.420000000000000595e-01,1.177845880967343106e+00,6.252232527999741979e-18,1.995445779281767584e-01
9.440000000000000613e-01,1.175954091813583346e+00,5.421010862427522170e-18,1.992683101496072196e-01
9.460000000000000631e-01,1.174064142972941482e+00,5.746271514173173500e-18,1.989922810458414626e-01
9.480000000000000648e-01,1.172176045848544845e+00,1.337182679398788866e-18,1.987164955341676476e-01
9.500000000000000666e-01,1.170289811756774156e+00,1.235990476633475055e-17,1.984409585374689589e-01
9.520000000000000684e-01,1.168405451927931438e+00,5.240310500346605021e-18,1.981656749840228771e-01
9.540000000000000702e-01,1.166522977505366043e+00,6.975033976323411345e-18,1.978906498072871833e-01
9.560000000000000719e-01,1.164642399546394813e+00,9.613259262704806495e-18,1.976158879456859918e-01
9.580000000000000737e-01,1.162763729021573766e+00,8.203796438473650731e-18,1.973413943424046912e-01
9.599999999999999645e-01,1.160886976816076555e+00,9.107298248878237246e-18,1.970671739451663740e-01
9.619999999999999662e-01,1.159012153727939420e+00,1.517883041479706208e-18,1.967932317060268887e-01
9.639999999999999680e-01,1.157139270470153747e+00,1.539567084929416296e-17,1.965195725811474114e-01
9.659999999999999698e-01,1.155268337669138390e+00,1.879283765641540891e-18,1.962462015305871943e-01
9.679999999999999716e-01,1.153399365865809045e+00,5.710131441756989762e-18,1.959731235180750542e-01
9.699999999999999734e-01,1.151532365515208767e+00,1.485356976305141075e-17,1.957003435107988187e-01
9.719999999999999751e-01,1.149667346986735339e+00,2.385244779468109755e-18,1.954278664791756215e-01
9.739999999999999769e-01,1.147804320564812741e+00,3.614007241618348370e-18,1.951556973966340203e-01
9.759999999999999787e-01,1.145943296447821780e+00,1.402234809747919171e-17,1.948838412393890662e-01
9.779999999999999805e-01,1.144084284749325775e+00,1.337182679398788866e-18,1.946123029862159293e-01
9.799999999999999822e-01,1.142227295497772133e+00,1.373322751814972219e-18,1.943410876182273261e-01
9.819999999999999840e-01,1.140372338636410632e+00,1.084202172485504434e-18,1.940702001186388748e-01
9.839999999999999858e-01,1.138519424023790805e+00,6.143812310751191536e-18,1.937996454725502971e-01
9.859999999999999876e-01,1.136668561433914704e+00,9.757819552369539906e-18,1.935294286667089136e-01
9.879999999999999893e-01,1.134819760555899393e+00,2.349104707051926402e-18,1.932595546892784122e-01
9.899999999999999911e-01,1.132973030994506303e+00,2.493664996716660198e-18,1.929900285296111129e-01
9.919999999999999929e-01,1.131128382270510713e+00,1.011922027653137536e-18,1.927208551780131285e-01
9.939999999999999947e-01,1.129285823820083579e+00,4.047688110612550144e-18,1.924520396255054444e-01
9.959999999999999964e-01,1.127445364995871557e+00,3.686287386450715076e-18,1.921835868635973221e-01
9.979999999999999982e-01,1.125607015066325545e+00,3.108046227791779506e-18,1.919155018840427718e-01
1.000000000000000000e+00,1.123770783216492930e+00,1.301042606982605321e-18,1.916477896786025203e-01
1.002000000000000002e+00,1.121936678547768906e+00,1.040834085586084257e-17,1.913804552388132796e-01
1.004000000000000004e+00,1.120104710078276611e+00,5.276450572762787989e-18,1.911135035557390560e-01
1.006000000000000005e+00,1.118274886743009233e+00,1.001080005928282376e-17,1.908469396197331747e-01
1.008000000000000007e+00,1.116447217393691460e+00,4.445228907190568179e-18,1.905807684201977492e-01
1.010000000000000009e+00,1.114621710799617915e+00,7.372574772901430151e-18,1.903149949453401546e-01
1.012000000000000011e+00,1.112798375647241045e+00,1.199850404217291625e-17,1.900496241819283338e-01
1.014000000000000012e+00,1.110977220540295463e+00,1.861213729433449176e-17,1.897846611150445228e-01
1.016000000000000014e+00,1.109158254000817578e+00,1.554023113895889753e-18,1.895201107278446095e-01
1.018000000000000016e+00,1.107341484468129522e+00,1.387778780781445676e-17,1.892559780013026716e-01
1.020000000000000018e+00,1.105526920300007987e+00,1.214306433183764966e-17,1.889922679139699191e-01
1.022000000000000020e+00,1.103714569772289877e+00,7.228014483236695825e-20,1.887289854417233403e-01
1.024000000000000021e+00,1.101904441079398111e+00,4.119968255444916849e-18,1.884661355575127928e-01
1.026000000000000023e+00,1.100096542334497940e+00,2.602085213965210642e-18,1.882037232311169761e-01
1.028000000000000025e+00,1.098290881569226940e+00,3.975407965780182668e-18,1.879417534288837788e-01
1.030000000000000027e+00,1.096487466735069916e+00,8.095376221225100288e-18,1.876802311134836143e-01
1.032000000000000028e+00,1.094686305701795703e+00,1.228762462150238423e-18,1.874191612436509058e-01
1.034000000000000030e+00,1.092887406259155370e+00,3.397166807121247098e-18,1.871585487739307607e-01
1.036000000000000032e+00,1.091090776116715233e+00,9.974659986866640793e-18,1.868983986544278941e-01
1.038000000000000034e+00,1.089296422903597517e+00,1.749179504943280590e-17,1.866387158305445049e-01
1.040000000000000036e+00,1.087504354169340104e+00,4.915049848600953691e-18,1.863795052427262289e-01
1.042000000000000037e+00,1.085714577383523505e+00,1.301042606982605321e-18,1.861207718261991551e-01
1.044000000000000039e+00,1.083927099936111915e+00,3.903127820947815962e-18,1.858625205107196088e-01
1.046000000000000041e+00,1.082141929138533243e+00,1.431146867680865853e-17,1.856047562203074486e-01
1.048000000000000043e+00,1.080359072222478289e+00,1.178166360767581536e-17,1.853474838729858853e-01
1.050000000000000044e+00,1.078578536341090910e+00,7.011174048739595853e-18,1.850907083805229947e-01
1.052000000000000046e+00,1.076800328569003540e+00,3.758567531283081781e-18,1.848344346481700928e-01
1.054000000000000048e+00,1.075024455902426013e+00,1.199850404217291625e-17,1.845786675743943950e-01
1.056000000000000050e+00,1.073250925259578992e+00,1.409462824231155764e-17,1.843234120506193618e-01
1.058000000000000052e+00,1.071479743480612257e+00,4.336808689942017736e-19,1.840686729609580796e-01
1.060000000000000053e+00,1.069710917328027477e+00,7.806255641895631925e-18,1.838144551819516082e-01
1.062000000000000055e+00,1.067944453487140066e+00,3.324886662288880393e-18,1.835607635822972261e-01
1.064000000000000057e+00,1.066180358566082731e+00,9.396418828207705608e-18,1.833076030225886388e-01
1.066000000000000059e+00,1.064418639095691788e+00,2.529805069132843551e-18,1.830549783550435017e-01
1.068000000000000060e+00,1.062659301530509026e+00,8.023096076392732812e-18,1.828028944232419073e-01
1.070000000000000062e+00,1.060902352248710656e+00,3.324886662288880393e-18,1.825513560618476083e-01
1.072000000000000064e+00,1.059147797551698744e+00,6.071532165918824830e-18,1.823003680963543316e-01
1.074000000000000066e+00,1.057395643665717699e+00,8.601337235051667996e-18,1.820499353427994238e-01
1.076000000000000068e+00,1.055645896740625034e+00,2.602085213965210642e-18,1.818000626075057802e-01
1.078000000000000069e+00,1.053898562851454557e+00,8.456776945386934585e-18,1.815507546868092570e-01
1.080000000000000071e+00,1.052153647997425168e+00,1.619075244245020058e-17,1.813020163667826146e-01
1.082000000000000073e+00,1.050411158103404574e+00,3.541727096785980894e-18,1.810538524229654556e-01
1.084000000000000075e+00,1.048671099019312436e+00,5.493291007259888876e-18,1.808062676200967445e-01
1.086000000000000076e+00,1.046933476520521822e+00,1.062518129035794345e-17,1.805592667118399164e-01
1.088000000000000078e+00,1.045198296308658570e+00,2.168404344971008868e-19,1.803128544405028510e-01
1.090000000000000080e+00,1.043465564011100355e+00,2.240684489803375959e-18,1.800670355367756104e-01
1.092000000000000082e+00,1.041735285181719206e+00,7.228014483236695825e-20,1.798218147194493577e-01
1.094000000000000083e+00,1.040007465301172829e+00,9.324138683375338132e-18,1.795771966951448528e-01
1.096000000000000085e+00,1.038282109776890394e+00,1.445602896647339310e-18,1.793331861580334252e-01
1.098000000000000087e+00,1.036559223943395835e+00,5.348730717595155465e-18,1.790897877895678003e-01
1.100000000000000089e+00,1.034838813062929574e+00,2.674365358797577732e-18,1.788470062582047382e-01
1.102000000000000091e+00,1.033120882325114565e+00,1.951563910473907981e-18,1.786048462191283659e-01
1.104000000000000092e+00,1.031405436848082502e+00,7.733975497063264449e-18,1.783633123139724830e-01
1.106000000000000094e+00,1.029692481677656701e+00,9.685539407537172430e-18,1.781224091705504720e-01
1.108000000000000096e+00,1.027982021788602651e+00,5.710131441756989762e-18,1.778821414025743841e-01
1.110000000000000098e+00,1.026274062084265637e+00,5.637851296924623057e-18,1.776425136093768009e-01
1.112000000000000099e+00,1.024568607397409181e+00,8.167656366057466223e-18,1.774035303756359427e-01
1.114000000000000101e+00,1.022865662489799377e+00,2.023844055306275072e-18,1.771651962711038586e-01
1.116000000000000103e+00,1.021165232053284910e+00,1.373322751814972219e-18,1.769275158503198497e-01
1.118000000000000105e+00,1.019467320709274816e+00,2.746645503629944438e-18,1.766904936523377989e-01
1.120000000000000107e+00,1.017771933009537833e+00,5.493291007259888876e-18,1.764541342004544711e-01
1.122000000000000108e+00,1.016079073436543467e+00,1.452830911130575942e-17,1.762184420019233255e-01
1.124000000000000110e+00,1.014388746403167119e+00,2.023844055306275072e-18,1.759834215476784036e-01
1.126000000000000112e+00,1.012700956254157347e+00,1.734723475976807094e-18,1.757490773120641003e-01
1.128000000000000114e+00,1.011015707264760977e+00,3.830847676115449257e-18,1.755154137525500591e-01
1.130000000000000115e+00,1.009333003642229443e+00,8.529057090219302061e-18,1.752824353094595833e-01
1.132000000000000117e+00,1.007652849525761951e+00,8.095376221225100288e-18,1.750501464056863909e-01
1.134000000000000119e+00,1.005975248987187598e+00,1.120342244901687864e-17,1.748185514464234980e-01
1.136000000000000121e+00,1.004300206029991926e+00,1.228762462150238423e-18,1.745876548188821376e-01
1.138000000000000123e+00,1.002627724591498293e+00,5.059610138265687102e-18,1.743574608920185343e-01
1.140000000000000124e+00,1.000957808541674154e+00,1.604619215278546562e-17,1.741279740162523793e-01
1.142000000000000126e+00,9.992904616835858178e-01,1.590163186312073106e-18,1.738991985231970738e-01
1.144000000000000128e+00,9.976256877548692614e-01,1.445602896647339310e-18,1.736711387253778716e-01
1.146000000000000130e+00,9.959634904263623412e-01,2.891205793294678330e-19,1.734437989159568760e-01
1.148000000000000131e+00,9.943038733035329813e-01,2.963485938127045325e-18,1.732171833684626738e-01
1.150000000000000133e+00,9.926468399267918130e-01,1.445602896647339310e-18,1.729912963365051737e-01
1.152000000000000135e+00,9.909923937707709740e-01,1.329954664915552157e-17,1.727661420535117065e-01
1.153999999999999915e+00,9.893405382458979602e-01,1.011922027653137536e-18,1.725417247324493031e-01
1.155999999999999917e+00,9.876912766980439073e-01,8.890457814381136359e-18,1.723180485655424199e-01
1.157999999999999918e+00,9.860446124083956931e-01,9.685539407537172430e-18,1.720951177240117314e-01
1.159999999999999920e+00,9.844005485949018919e-01,1.387778780781445676e-17,1.718729363577928271e-01
1.161999999999999922e+00,9.827590884115942060e-01,1.156482317317871332e-18,1.716515085952673159e-01
1.163999999999999924e+00,9.811202349493441943e-01,1.011922027653137536e-18,1.714308385429899051e-01
1.165999999999999925e+00,9.794839912358881406e-01,1.366094737331735587e-17,1.712109302854175064e-01
1.167999999999999927e+00,9.778503602366015457e-01,6.288372600415925717e-18,1.709917878846361206e-01
1.169999999999999929e+00,9.762193448542362262e-01,1.373322751814972219e-18,1.707734153800946897e-01
1.171999999999999931e+00,9.745909479293999311e-01,2.891205793294678330e-19,1.705558167883330922e-01
1.173999999999999932e+00,9.729651722413272807e-01,8.818177669548768883e-18,1.703389961027156341e-01
1.175999999999999934e+00,9.713420205075280478e-01,1.395006795264682269e-17,1.701229572931596823e-01
1.177999999999999936e+00,9.697214953844444096e-01,1.597391200795309969e-17,1.699077043058703773e-01
1.179999999999999938e+00,9.681035994677067436e-01,1.163710331801108041e-17,1.696932410630770938e-01
1.181999999999999940e+00,9.664883352924569238e-01,7.228014483236695825e-20,1.694795714627644057e-01
1.183999999999999941e+00,9.648757053334406919e-01,1.286586578016131980e-17,1.692666993784085472e-01
1.185999999999999943e+00,9.632657120056791200e-01,8.384496800554567109e-18,1.690546286587134295e-01
1.187999999999999945e+00,9.616583576648132237e-01,2.630997271898157324e-17,1.688433631273539015e-01
1.189999999999999947e+00,9.600536446068232976e-01,2.023844055306275072e-18,1.686329065827023854e-01
1.191999999999999948e+00,9.584515750687927493e-01,9.396418828207705608e-18,1.684232627975792151e-01
1.193999999999999950e+00,9.568521512291994213e-01,1.048062100069321004e-17,1.682144355189868767e-01
1.195999999999999952e+00,9.552553752083206007e-01,1.445602896647339165e-19,1.680064284678569608e-01
1.197999999999999954e+00,9.536612490680411724e-01,2.023844055306275072e-18,1.677992453387889549e-01
1.199999999999999956e+00,9.520697748129300919e-01,8.239936510889833698e-18,1.675928897997949196e-01
1.201999999999999957e+00,9.504809543898460333e-01,9.035018104045869770e-18,1.673873654920458309e-01
1.203999999999999959e+00,9.488947896885306932e-01,7.444854917733797627e-18,1.671826760296192260e-01
1.205999999999999961e+00,9.473112825423619654e-01,1.409462824231155764e-17,1.669788249992406881e-01
1.207999999999999963e+00,9.457304347275403700e-01,2.385244779468109755e-18,1.667758159600472023e-01
1.209999999999999964e+00,9.441522479646913268e-01,9.179578393710604722e-18,1.665736524433179544e-01
1.211999999999999966e+00,9.425767239182221147e-01,2.551489112582553871e-17,1.663723379522455970e-01
1.213999999999999968e+00,9.410038641971496531e-01,4.625929269271485328e-18,1.661718759616772068e-01
1.215999999999999970e+00,9.394336703553349821e-01,8.673617379884035472e-19,1.659722699178741712e-01
1.217999999999999972e+00,9.378661438916928716e-01,5.131890283098054578e-18,1.657735232382690493e-01
1.219999999999999973e+00,9.363012862501562950e-01,2.168404344971008868e-18,1.655756393112213509e-01
1.221999999999999975e+00,9.347390988209376417e-01,3.469446951953614189e-18,1.653786214957783662e-01
1.223999999999999977e+00,9.331795829398252806e-01,1.308270621465842068e-17,1.651824731214400210e-01
1.225999999999999979e+00,9.316227398892991118e-01,8.673617379884035472e-19,1.649871974879154601e-01
1.227999999999999980e+00,9.300685708980225286e-01,4.625929269271485328e-18,1.647927978648947855e-01
1.229999999999999982e+00,9.285170771420396818e-01,1.402234809747919171e-17,1.645992774918084989e-01
1.231999999999999984e+00,9.269682597445552119e-01,0.000000000000000000e+00,1.644066395776029865e-01
1.233999999999999986e+00,9.254221197762362294e-01,8.673617379884035472e-18,1.642148873005077614e-01
1.235999999999999988e+00,9.238786582556990368e-01,6.938893903907228378e-18,1.640240238078070900e-01
1.237999999999999989e+00,9.223378761497365019e-01,8.167656366057466223e-18,1.638340522156152002e-01
1.239999999999999991e+00,9.207997743736342500e-01,1.705811418043860412e-17,1.636449756086532370e-01
1.241999999999999993e+00,9.192643537916467267e-01,1.445602896647339310e-18,1.634567970400235826e-01
1.243999999999999995e+00,9.177316152171393071e-01,6.505213034913026604e-19,1.632695195309988301e-01
1.245999999999999996e+00,9.162015594128156692e-01,1.590163186312073106e-18,1.630831460707923564e-01
1.247999999999999998e+00,9.146741870911228034e-01,4.481368979606751917e-18,1.628976796163533747e-01
1.250000000000000000e+00,9.131494989147128649e-01,1.156482317317871332e-18,1.627131230921478044e-01
1.252000000000000002e+00,9.116274954966741007e-01,2.818925648462311528e-18,1.625294793899493828e-01
1.254000000000000004e+00,9.101081774004171621e-01,2.457524924300476845e-18,1.623467513686301933e-01
1.256000000000000005e+00,9.085915451408403953e-01,9.396418828207704453e-19,1.621649418539546639e-01
1.258000000000000007e+00,9.070775991838644359e-01,2.457524924300476845e-18,1.619840536383730101e-01
1.260000000000000009e+00,9.055663399472244635e-01,3.975407965780182668e-18,1.618040894808276953e-01
1.262000000000000011e+00,9.040577678002890138e-01,1.084202172485504434e-18,1.616250521065415446e-01
1.264000000000000012e+00,9.025518830649730262e-01,1.228762462150238423e-18,1.614469442068310334e-01
1.266000000000000014e+00,9.010486860154678368e-01,5.710131441756989762e-18,1.612697684389099440e-01
1.268000000000000016e+00,8.995481768791968591e-01,8.601337235051667996e-18,1.610935274256909133e-01
1.270000000000000018e+00,8.980503558364354433e-01,6.794333614242494196e-18,1.609182237556094630e-01
1.272000000000000020e+00,8.965552230210498408e-01,3.686287386450715076e-18,1.607438599824240200e-01
1.274000000000000021e+00,8.950627785206108911e-01,9.324138683375338132e-18,1.605704386250384752e-01
1.276000000000000023e+00,8.935730223770086411e-01,6.432932890080659899e-18,1.603979621673219114e-01
1.278000000000000025e+00,8.920859545862853679e-01,9.540979117872439019e-18,1.602264330579288021e-01
1.280000000000000027e+00,8.906015750991649327e-01,8.239936510889833698e-18,1.600558537101209600e-01
1.282000000000000028e+00,8.891198838216460842e-01,8.312216655722201174e-18,1.598862265015994488e-01
1.284000000000000030e+00,8.876408806149385100e-01,8.384496800554567109e-18,1.597175537743302787e-01
1.286000000000000032e+00,8.861645652955942865e-01,3.758567531283081781e-18,1.595498378343809809e-01
1.288000000000000034e+00,8.846909376364351374e-01,3.903127820947815962e-18,1.593830809517561842e-01
1.290000000000000036e+00,8.832199973664707215e-01,2.457524924300476845e-18,1.592172853602294713e-01
1.292000000000000037e+00,8.817517441710016612e-01,9.396418828207704453e-19,1.590524532571949978e-01
1.294000000000000039e+00,8.802861776923798232e-01,1.416690838714392358e-17,1.588885868035125049e-01
1.296000000000000041e+00,8.788232975300296346e-01,3.180326372624146211e-18,1.587256881233424788e-01
1.298000000000000043e+00,8.773631032408601982e-01,6.505213034913026604e-18,1.585637593040136462e-01
1.300000000000000044e+00,8.759055943393363464e-01,6.143812310751191536e-18,1.584028023958639342e-01
1.302000000000000046e+00,8.744507702983064235e-01,1.301042606982605321e-17,1.582428194121074938e-01
1.304000000000000048e+00,8.729986305485581966e-01,1.474514954580286030e-17,1.580838123286924246e-01
1.306000000000000050e+00,8.715491744797212448e-01,1.807003620809174185e-18,1.579257830841597210e-01
1.308000000000000052e+00,8.701024014405298601e-01,2.385244779468109755e-18,1.577687335795199819e-01
1.310000000000000053e+00,8.686583107385317248e-01,1.517883041479706208e-18,1.576126656781169644e-01
1.312000000000000055e+00,8.672169016410471443e-01,5.131890283098054578e-18,1.574575812055006852e-01
1.314000000000000057e+00,8.657781733753999731e-01,7.950815931560365336e-18,1.573034819493122627e-01
1.316000000000000059e+00,8.643421251286724782e-01,9.251858538542970657e-18,1.571503696591560750e-01
1.318000000000000060e+00,8.629087560485970698e-01,1.517883041479706208e-18,1.569982460464931784e-01
1.320000000000000062e+00,8.614780652434745889e-01,6.649773324577760785e-18,1.568471127845169621e-01
1.322000000000000064e+00,8.600500517829914315e-01,5.059610138265687680e-19,1.566969715080582803e-01
1.324000000000000066e+00,8.586247146976404565e-01,4.119968255444916849e-18,1.565478238134697941e-01
1.326000000000000068e+00,8.572020529796269273e-01,1.445602896647339165e-19,1.563996712585268567e-01
1.328000000000000069e+00,8.557820655833339174e-01,1.221534447667001714e-17,1.562525153623344210e-01
1.330000000000000071e+00,8.543647514249457231e-01,7.661695352230898514e-18,1.561063576052250934e-01
1.332000000000000073e+00,8.529501093833324887e-01,1.069746143519031093e-17,1.559611994286751457e-01
1.334000000000000075e+00,8.515381383000395488e-01,1.113114230418451270e-17,1.558170422352126161e-01
1.336000000000000076e+00,8.501288369797279643e-01,1.554023113895889791e-17,1.556738873883366514e-01
1.338000000000000078e+00,8.487222041904018965e-01,1.452830911130575942e-17,1.555317362124373493e-01
1.340000000000000080e+00,8.473182386637176933e-01,1.156482317317871332e-18,1.553905899927197076e-01
1.342000000000000082e+00,8.459169390948595435e-01,1.011922027653137536e-18,1.552504499751324041e-01
1.344000000000000083e+00,8.445183041435733173e-01,9.251858538542970657e-18,1.551113173663001832e-01
1.346000000000000085e+00,8.431223324342020931e-01,2.529805069132843551e-18,1.549731933334544953e-01
1.348000000000000087e+00,8.417290225555227323e-01,1.611847229761783156e-17,1.548360790043817048e-01
1.350000000000000089e+00,8.403383730614102376e-01,1.040834085586084257e-17,1.546999754673582528e-01
1.352000000000000091e+00,8.389503824712178925e-01,7.300294628069062675e-18,1.545648837711048607e-01
1.354000000000000092e+00,8.375650492699264760e-01,6.866613759074861672e-18,1.544308049247293813e-01
1.356000000000000094e+00,8.361823719082828177e-01,3.324886662288880393e-18,1.542977398976929093e-01
1.358000000000000096e+00,8.348023488030094086e-01,1.554023113895889791e-17,1.541656896197583226e-01
1.360000000000000098e+00,8.334249783376463938e-01,6.505213034913026604e-19,1.540346549809608612e-01
1.362000000000000099e+00,8.320502588625586782e-01,4.336808689942017736e-19,1.539046368315718782e-01
1.364000000000000101e+00,8.306781886945167059e-01,2.891205793294678330e-19,1.537756359820693919e-01
1.366000000000000103e+00,8.293087661179754377e-01,7.950815931560365528e-19,1.536476532031150199e-01
1.368000000000000105e+00,8.279419893849713219e-01,8.312216655722201174e-18,1.535206892255337185e-01
1.370000000000000107e+00,8.265778567153816425e-01,1.460058925613812535e-17,1.533947447402934927e-01
1.372000000000000108e+00,8.252163662968285962e-01,7.589415207398531038e-18,1.532698203984989571e-01
1.374000000000000110e+00,8.238575162857451062e-01,8.095376221225100288e-18,1.531459168113716851e-01
1.376000000000000112e+00,8.225013048072042920e-01,1.488970983546759525e-17,1.530230345502605616e-01
1.378000000000000114e+00,8.211477299546636743e-01,4.770489558936219510e-18,1.529011741466290986e-01
1.380000000000000115e+00,8.197967897913329693e-01,5.782411586589357238e-18,1.527803360920649001e-01
1.382000000000000117e+00,8.184484823498010542e-01,3.830847676115449257e-18,1.526605208382847134e-01
1.384000000000000119e+00,8.171028056320679411e-01,4.409088834774384442e-18,1.525417287971496394e-01
1.386000000000000121e+00,8.157597576103228221e-01,5.565571152092256351e-18,1.524239603406794263e-01
1.388000000000000123e+00,8.144193362271927583e-01,1.445602896647339165e-19,1.523072158010672916e-01
1.390000000000000124e+00,8.130815393953909620e-01,2.529805069132843551e-18,1.521914954707151990e-01
1.392000000000000126e+00,8.117463649989531405e-01,2.096124200138641777e-18,1.520767996022539259e-01
1.394000000000000128e+00,8.104138108926051132e-01,8.890457814381136359e-18,1.519631284085778966e-01
1.396000000000000130e+00,8.090838749024236165e-01,3.614007241618348274e-19,1.518504820628829854e-01
1.398000000000000131e+00,8.077565548260636774e-01,1.120342244901687864e-17,1.517388606987043476e-01
1.400000000000000133e+00,8.064318484332169135e-01,1.951563910473907981e-18,1.516282644099643251e-01
1.402000000000000135e+00,8.051097534652456034e-01,9.107298248878237246e-18,1.515186932510236284e-01
1.404000000000000137e+00,8.037902676363799515e-01,5.131890283098054578e-18,1.514101472367250789e-01
1.406000000000000139e+00,8.024733886330643884e-01,3.469446951953614189e-18,1.513026263424647189e-01
1.407999999999999918e+00,8.011591141147000883e-01,4.842769703768586215e-18,1.511961305042403281e-01
1.409999999999999920e+00,7.998474417141494541e-01,1.445602896647339165e-19,1.510906596187228113e-01
1.411999999999999922e+00,7.985383690369509679e-01,8.239936510889833698e-18,1.509862135433329977e-01
1.413999999999999924e+00,7.972318936630635733e-01,8.529057090219302061e-18,1.508827920962996783e-01
1.415999999999999925e+00,7.959280131456338836e-01,9.107298248878237246e-18,1.507803950567515316e-01
1.417999999999999927e+00,7.946267250123248971e-01,1.084202172485504434e-18,1.506790221647931194e-01
1.419999999999999929e+00,7.933280267651952045e-01,2.168404344971008868e-19,1.505786731215890129e-01
1.421999999999999931e+00,7.920319158810862348e-01,3.903127820947815962e-18,1.504793475894587451e-01
1.423999999999999932e+00,7.907383898107873677e-01,6.722053469410127491e-18,1.503810451919704028e-01
1.425999999999999934e+00,7.894474459812315104e-01,7.228014483236696548e-19,1.502837655140352446e-01
1.427999999999999936e+00,7.881590817946211303e-01,3.252606517456513302e-18,1.501875081020122293e-01
1.429999999999999938e+00,7.868732946282932517e-01,3.975407965780182668e-18,1.500922724638148742e-01
1.431999999999999940e+00,7.855900818356147397e-01,7.372574772901430151e-18,1.499980580690231935e-01
1.433999999999999941e+00,7.843094407464157314e-01,1.590163186312073106e-18,1.499048643489890587e-01
1.435999999999999943e+00,7.830313686662080386e-01,4.336808689942017736e-18,1.498126906969692307e-01
1.437999999999999945e+00,7.817558628777554475e-01,1.228762462150238423e-18,1.497215364682346617e-01
1.439999999999999947e+00,7.804829206402992270e-01,5.348730717595155465e-18,1.496314009802012235e-01
1.441999999999999948e+00,7.792125391899347164e-01,2.891205793294678619e-18,1.495422835125616579e-01
1.443999999999999950e+00,7.779447157405527946e-01,6.071532165918824830e-18,1.494541833074149173e-01
1.445999999999999952e+00,7.766794474832181550e-01,5.999252021086458125e-18,1.493670995694104109e-01
1.447999999999999954e+00,7.754167315869437971e-01,6.216092455583559012e-18,1.492810314658790938e-01
1.449999999999999956e+00,7.741565651985879981e-01,1.662443331144440196e-18,1.491959781269905361e-01
1.451999999999999957e+00,7.728989454435080120e-01,1.734723475976807094e-18,1.491119386458966134e-01
1.453999999999999959e+00,7.716438694251976926e-01,1.662443331144440196e-18,1.490289120788794719e-01
1.455999999999999961e+00,7.703913342259660624e-01,3.108046227791779506e-18,1.489468974455180617e-01
1.457999999999999963e+00,7.691413369071540274e-01,1.011922027653137420e-17,1.488658937288389050e-01
1.459999999999999964e+00,7.678938745093120133e-01,7.878535786727999401e-18,1.487858998754871265e-01
1.461999999999999966e+00,7.666489440520685150e-01,7.589415207398531038e-18,1.487069147958910709e-01
1.463999999999999968e+00,7.654065425349152463e-01,8.023096076392732812e-18,1.486289373644284206e-01
1.465999999999999970e+00,7.641666669369158171e-01,2.168404344971008868e-18,1.485519664196132683e-01
1.467999999999999972e+00,7.629293142179136566e-01,1.055290114552557598e-17,1.484760007642616231e-01
1.469999999999999973e+00,7.616944813169510553e-01,1.228762462150238423e-18,1.484010391656784833e-01
1.471999999999999975e+00,7.604621651544434258e-01,1.951563910473907981e-18,1.483270803558446593e-01
1.473999999999999977e+00,7.592323626311134888e-01,6.649773324577760785e-18,1.482541230316019309e-01
1.475999999999999979e+00,7.580050706286769469e-01,7.733975497063264449e-18,1.481821658548481691e-01
1.477999999999999980e+00,7.567802860100734108e-01,5.926971876254090649e-18,1.481112074527277389e-01
1.479999999999999982e+00,7.555580056198252237e-01,5.999252021086458125e-18,1.480412464178349763e-01
1.481999999999999984e+00,7.543382262835436336e-01,1.814231635292410856e-17,1.479722813084138888e-01
1.483999999999999986e+00,7.531209448091651382e-01,6.722053469410127491e-18,1.479043106485653236e-01
1.485999999999999988e+00,7.519061579861876510e-01,1.590163186312073106e-18,1.478373329284493887e-01
1.487999999999999989e+00,7.506938625867718429e-01,2.096124200138641777e-18,1.477713466045047219e-01
1.489999999999999991e+00,7.494840553651265225e-01,5.059610138265687102e-18,1.477063500996574630e-01
1.491999999999999993e+00,7.482767330587094534e-01,6.216092455583559012e-18,1.476423418035417712e-01
1.493999999999999995e+00,7.470718923872077255e-01,7.517135062566163562e-18,1.475793200727172350e-01
1.495999999999999996e+00,7.458695300538025208e-01,8.890457814381136359e-18,1.475172832308964121e-01
1.497999999999999998e+00,7.446696427444408073e-01,7.950815931560365336e-18,1.474562295691701219e-01
1.500000000000000000e+00,7.434722271293630058e-01,6.505213034913026604e-18,1.473961573462325148e-01
1.502000000000000002e+00,7.422772798619128309e-01,5.493291007259888876e-18,1.473370647886204088e-01
1.504000000000000004e+00,7.410847975795178399e-01,8.601337235051667996e-18,1.472789500909409410e-01
1.506000000000000005e+00,7.398947769036325894e-01,1.828687664258884043e-17,1.472218114161221170e-01
1.508000000000000007e+00,7.387072144400583795e-01,3.830847676115449257e-18,1.471656468956317465e-01
1.510000000000000009e+00,7.375221067791031260e-01,6.216092455583559012e-18,1.471104546297404836e-01
1.512000000000000011e+00,7.363394504957518905e-01,5.421010862427522170e-18,1.470562326877601356e-01
1.514000000000000012e+00,7.351592421499724139e-01,4.842769703768586215e-18,1.470029791082896053e-01
1.516000000000000014e+00,7.339814782868820942e-01,2.023844055306275072e-18,1.469506918994711586e-01
1.518000000000000016e+00,7.328061554366200880e-01,1.156482317317871332e-18,1.468993690392368101e-01
1.520000000000000018e+00,7.316332701151289086e-01,4.915049848600953691e-18,1.468490084755664504e-01
1.522000000000000020e+00,7.304628188236677033e-01,3.324886662288880393e-18,1.467996081267547159e-01
1.524000000000000021e+00,7.292947980499100424e-01,1.416690838714392358e-17,1.467511658816604281e-01
1.526000000000000023e+00,7.281292042671836384e-01,8.095376221225100288e-18,1.467036795999624721e-01
1.528000000000000025e+00,7.269660339349677258e-01,7.228014483236696740e-18,1.466571471124449577e-01
1.530000000000000027e+00,7.258052834996178149e-01,3.758567531283081781e-18,1.466115662212499338e-01
1.532000000000000028e+00,7.246469493939642348e-01,5.782411586589357238e-18,1.465669347001478107e-01
1.534000000000000030e+00,7.234910280373902935e-01,1.445602896647339310e-18,1.465232502948143056e-01
1.536000000000000032e+00,7.223375158366209803e-01,7.155734338404329264e-18,1.464805107230901515e-01
1.538000000000000034e+00,7.211864091853819048e-01,8.095376221225100288e-18,1.464387136752762775e-01
1.540000000000000036e+00,7.200377044649428626e-01,2.529805069132843551e-18,1.463978568143936287e-01
1.542000000000000037e+00,7.188913980439970430e-01,4.625929269271485328e-18,1.463579377764623324e-01
1.544000000000000039e+00,7.177474862791548560e-01,7.661695352230898514e-18,1.463189541707933250e-01
1.546000000000000041e+00,7.166059655145815555e-01,1.301042606982605321e-18,1.462809035802602187e-01
1.548000000000000043e+00,7.154668320830666062e-01,4.119968255444916849e-18,1.462437835615862380e-01
1.550000000000000044e+00,7.143300823050964254e-01,7.661695352230898514e-18,1.462075916456353486e-01
1.552000000000000046e+00,7.131957124900658584e-01,1.373322751814972219e-18,1.461723253376828735e-01
1.554000000000000048e+00,7.120637189359015906e-01,3.397166807121247098e-18,1.461379821177232197e-01
1.556000000000000050e+00,7.109340979291047802e-01,7.878535786727999401e-18,1.461045594407463233e-01
1.558000000000000052e+00,7.098068457454900226e-01,1.142026288351397952e-17,1.460720547370318312e-01
1.560000000000000053e+00,7.086819586498371848e-01,2.674365358797577732e-18,1.460404654124442536e-01
1.562000000000000055e+00,7.075594328963461521e-01,2.096124200138641777e-18,1.460097888487217888e-01
1.564000000000000057e+00,7.064392647285906435e-01,4.192248400277283555e-18,1.459800224037814953e-01
1.566000000000000059e+00,7.053214503797775592e-01,9.396418828207705608e-18,1.459511634119967927e-01
1.568000000000000060e+00,7.042059860731733067e-01,7.011174048739595853e-18,1.459232091845142631e-01
1.570000000000000062e+00,7.030928680220682736e-01,1.011922027653137420e-17,1.458961570095396454e-01
1.572000000000000064e+00,7.019820924294286613e-01,4.770489558936219510e-18,1.458700041526388991e-01
1.574000000000000066e+00,7.008736554891008552e-01,1.445602896647339310e-18,1.458447478570426836e-01
1.576000000000000068e+00,6.997675533853069396e-01,1.366094737331735587e-17,1.458203853439393738e-01
1.578000000000000069e+00,6.986637822926873298e-01,1.011922027653137536e-18,1.457969138127888087e-01
1.580000000000000071e+00,6.975623383769793406e-01,4.336808689942017736e-19,1.457743304416102004e-01
1.582000000000000073e+00,6.964632177945517810e-01,3.180326372624146211e-18,1.457526323872932184e-01
1.584000000000000075e+00,6.953664166934210300e-01,1.228762462150238423e-18,1.457318167859048830e-01
1.586000000000000076e+00,6.942719312123948328e-01,1.879283765641540891e-18,1.457118807529887428e-01
1.588000000000000078e+00,6.931797574821523256e-01,4.192248400277283555e-18,1.456928213838684372e-01
1.590000000000000080e+00,6.920898916248248156e-01,9.251858538542970657e-18,1.456746357539581427e-01
1.592000000000000082e+00,6.910023297542444709e-01,1.004694013169900827e-17,1.456573209190612783e-01
1.594000000000000083e+00,6.899170679761006397e-01,8.745897524716402948e-18,1.456408739156938859e-01
1.596000000000000085e+00,6.888341023884869685e-01,1.301042606982605321e-18,1.456252917613614362e-01
1.598000000000000087e+00,6.877534290812548079e-01,5.854691731421723944e-18,1.456105714548961705e-01
1.600000000000000089e+00,6.866750441373170588e-01,2.818925648462311528e-18,1.455967099767455086e-01
1.602000000000000091e+00,6.855989436313798535e-01,7.878535786727999401e-18,1.455837042892833000e-01
1.604000000000000092e+00,6.845251236312677179e-01,1.228762462150238307e-17,1.455715513371220460e-01
1.606000000000000094e+00,6.834535801974510605e-01,1.662443331144440196e-18,1.455602480474128269e-01
1.608000000000000096e+00,6.823843093834796036e-01,1.380550766298208928e-17,1.455497913301612434e-01
1.610000000000000098e+00,6.813173072360250160e-01,8.529057090219302061e-18,1.455401780785231247e-01
1.612000000000000099e+00,6.802525697948915706e-01,8.023096076392732812e-18,1.455314051691251609e-01
1.614000000000000101e+00,6.791900930935597103e-01,1.474514954580286030e-17,1.455234694623594172e-01
1.616000000000000103e+00,6.781298731587419582e-01,1.445602896647339165e-19,1.455163678027021346e-01
1.618000000000000105e+00,6.770719060111041188e-01,2.602085213965210642e-18,1.455100970190062182e-01
1.620000000000000107e+00,6.760161876649135593e-01,1.084202172485504434e-18,1.455046539248250614e-01
1.622000000000000108e+00,6.749627141287319887e-01,4.842769703768586215e-18,1.455000353187018702e-01
1.624000000000000110e+00,6.739114814048967617e-01,1.076974158002267686e-17,1.454962379844853826e-01
1.626000000000000112e+00,6.728624854903806352e-01,8.312216655722201174e-18,1.454932586916323489e-01
1.628000000000000114e+00,6.718157223759249064e-01,9.396418828207704453e-19,1.454910941955093462e-01
1.630000000000000115e+00,6.707711880475066835e-01,7.517135062566163562e-18,1.454897412377032517e-01
1.632000000000000117e+00,6.697288784852908350e-01,7.011174048739595853e-18,1.454891965463197823e-01
1.634000000000000119e+00,6.686887896644542195e-01,1.409462824231155764e-17,1.454894568362815332e-01
1.636000000000000121e+00,6.676509175551181841e-01,1.286586578016131980e-17,1.454905188096511370e-01
1.638000000000000123e+00,6.666152581222171136e-01,5.131890283098054578e-18,1.454923791559018242e-01
1.640000000000000124e+00,6.655818073261805523e-01,1.301042606982605321e-18,1.454950345522425803e-01
1.642000000000000126e+00,6.645505611224180598e-01,1.105886215935214523e-17,1.454984816639118272e-01
1.644000000000000128e+00,6.635215154622677858e-01,5.493291007259888876e-18,1.455027171444668310e-01
1.646000000000000130e+00,6.624946662920407903e-01,5.854691731421723944e-18,1.455077376360983943e-01
1.648000000000000131e+00,6.614700095542822567e-01,7.228014483236696548e-19,1.455135397699126865e-01
1.650000000000000133e+00,6.604475411871355561e-01,4.553649124439118623e-18,1.455201201662390253e-01
1.652000000000000135e+00,6.594272571246193593e-01,2.602085213965210642e-18,1.455274754349156208e-01
1.654000000000000137e+00,6.584091532971889649e-01,3.903127820947815962e-18,1.455356021755945806e-01
1.656000000000000139e+00,6.573932256308587796e-01,3.180326372624146211e-18,1.455444969780252396e-01
1.658000000000000140e+00,6.563794700486482725e-01,6.938893903907228378e-18,1.455541564223502560e-01
1.660000000000000142e+00,6.553678824695552407e-01,4.915049848600953691e-18,1.455645770793992932e-01
1.662000000000000144e+00,6.543584588093693810e-01,1.178166360767581536e-17,1.455757555109720713e-01
1.664000000000000146e+00,6.533511949804982066e-01,7.661695352230898514e-18,1.455876882701294672e-01
1.665999999999999925e+00,6.523460868921873157e-01,1.879283765641540891e-18,1.456003719014910824e-01
1.667999999999999927e+00,6.513431304504422314e-01,2.753873518113181262e-17,1.456138029414990875e-01
1.669999999999999929e+00,6.503423215586572326e-01,9.179578393710604722e-18,1.456279779187204249e-01
1.671999999999999931e+00,6.493436561169048105e-01,1.091430186968741182e-17,1.456428933541268345e-01
1.673999999999999932e+00,6.483471300229943779e-01,2.746645503629944438e-18,1.456585457613709389e-01
1.675999999999999934e+00,6.473527391716480395e-01,1.488970983546759525e-17,1.456749316470703215e-01
1.677999999999999936e+00,6.463604794555202204e-01,5.493291007259888876e-18,1.456920475110864144e-01
1.679999999999999938e+00,6.453703467646576541e-01,1.134798273868161359e-17,1.457098898467998060e-01
1.681999999999999940e+00,6.443823369867871520e-01,1.279358563532895232e-17,1.457284551413893792e-01
1.683999999999999941e+00,6.433964460075181080e-01,2.457524924300476845e-18,1.457477398761018728e-01
1.685999999999999943e+00,6.424126697103531569e-01,4.336808689942017736e-18,1.457677405265246917e-01
1.687999999999999945e+00,6.414310039769048899e-01,1.293814592499368573e-17,1.457884535628616862e-01
1.689999999999999947e+00,6.404514446869526978e-01,9.613259262704806495e-18,1.458098754501973293e-01
1.691999999999999948e+00,6.394739877183788224e-01,6.866613759074861672e-18,1.458320026487660293e-01
1.693999999999999950e+00,6.384986289475378385e-01,1.807003620809174185e-18,1.458548316142186385e-01
1.695999999999999952e+00,6.375253642493987627e-01,5.348730717595155465e-18,1.458783587978834950e-01
1.697999999999999954e+00,6.365541894972004400e-01,2.204544417387192452e-17,1.459025806470332087e-01
1.699999999999999956e+00,6.355851005630981376e-01,1.525111055962942801e-17,1.459274936051402627e-01
1.701999999999999957e+00,6.346180933177230088e-01,8.384496800554567109e-18,1.459530941121382486e-01
1.703999999999999959e+00,6.336531636309139515e-01,9.179578393710604722e-18,1.459793786046796049e-01
1.705999999999999961e+00,6.326903073714511549e-01,5.926971876254090649e-18,1.460063435163895806e-01
1.707999999999999963e+00,6.317295204068642533e-01,3.324886662288880393e-18,1.460339852781113446e-01
1.709999999999999964e+00,6.307707986044093218e-01,5.782411586589357238e-18,1.460623003181809598e-01
1.711999999999999966e+00,6.298141378299462190e-01,3.686287386450715076e-18,1.460912850626416848e-01
1.713999999999999968e+00,6.288595339492566438e-01,2.023844055306275072e-18,1.461209359355204740e-01
1.715999999999999970e+00,6.279069828272767495e-01,2.746645503629944438e-18,1.461512493590592654e-01
1.717999999999999972e+00,6.269564803286655774e-01,1.156482317317871332e-18,1.461822217539627267e-01
1.719999999999999973e+00,6.260080223176238690e-01,8.023096076392732812e-18,1.462138495396352322e-01
1.721999999999999975e+00,6.250616046582422314e-01,1.452830911130575942e-17,1.462461291344264169e-01
1.723999999999999977e+00,6.241172232143092913e-01,6.577493179745393310e-18,1.462790569558619080e-01
1.725999999999999979e+00,6.231748738495639373e-01,6.432932890080659899e-18,1.463126294208862421e-01
1.727999999999999980e+00,6.222345524280115114e-01,3.035766082959412415e-18,1.463468429460839382e-01
1.729999999999999982e+00,6.212962548131422125e-01,7.228014483236695825e-20,1.463816939479239687e-01
1.731999999999999984e+00,6.203599768693344174e-01,4.336808689942017736e-19,1.464171788429787513e-01
1.733999999999999986e+00,6.194257144611903243e-01,1.113114230418451270e-17,1.464532940481574341e-01
1.735999999999999988e+00,6.184934634530883102e-01,8.962737959213503835e-18,1.464900359809246100e-01
1.737999999999999989e+00,6.175632197105294097e-01,4.336808689942017736e-19,1.465274010595260801e-01
1.739999999999999991e+00,6.166349790992953217e-01,4.047688110612550144e-18,1.465653857032101770e-01
1.741999999999999993e+00,6.157087374857255213e-01,3.614007241618348370e-18,1.466039863324478110e-01
1.743999999999999995e+00,6.147844907371329271e-01,3.324886662288880393e-18,1.466431993691366675e-01
1.745999999999999996e+00,6.138622347213704700e-01,6.938893903907228378e-18,1.466830212368326336e-01
1.747999999999999998e+00,6.129419653072893936e-01,7.228014483236696548e-19,1.467234483609480555e-01
1.750000000000000000e+00,6.120236783647676759e-01,2.891205793294678330e-19,1.467644771689652072e-01
1.752000000000000002e+00,6.111073697647029235e-01,3.180326372624146211e-18,1.468061040906451786e-01
1.754000000000000004e+00,6.101930353791757966e-01,4.336808689942017736e-19,1.468483255582317404e-01
1.756000000000000005e+00,6.092806710813967186e-01,2.891205793294678619e-18,1.468911380066521832e-01
1.758000000000000007e+00,6.083702727456028470e-01,9.613259262704806495e-18,1.469345378737254015e-01
1.760000000000000009e+00,6.074618362480812550e-01,1.272130549049658485e-17,1.469785216003448580e-01
1.762000000000000011e+00,6.065553574660142999e-01,6.360652745248292423e-18,1.470230856306954936e-01
1.764000000000000012e+00,6.056508322783287213e-01,7.878535786727999401e-18,1.470682264124280325e-01
1.766000000000000014e+00,6.047482565655037945e-01,4.842769703768586215e-18,1.471139403968615145e-01
1.768000000000000016e+00,6.038476262096530434e-01,1.113114230418451270e-17,1.471602240391703675e-01
1.770000000000000018e+00,6.029489370945810833e-01,4.770489558936219510e-18,1.472070737985735067e-01
1.772000000000000020e+00,6.020521851063804775e-01,6.505213034913026604e-18,1.472544861385129966e-01
1.774000000000000021e+00,6.011573661319786765e-01,0.000000000000000000e+00,1.473024575268439551e-01
1.776000000000000023e+00,6.002644760617563691e-01,5.059610138265687680e-19,1.473509844360079424e-01
1.778000000000000025e+00,5.993735107870570289e-01,4.119968255444916849e-18,1.474000633432183960e-01
1.780000000000000027e+00,5.984844662015866845e-01,7.950815931560365528e-19,1.474496907306305504e-01
1.782000000000000028e+00,5.975973382013677337e-01,6.360652745248292423e-18,1.474998630855197390e-01
1.784000000000000030e+00,5.967121226846394677e-01,9.468698973040071543e-18,1.475505769004441525e-01
1.786000000000000032e+00,5.958288155519184670e-01,9.613259262704806495e-18,1.476018286734269713e-01
1.788000000000000034e+00,5.949474127060838669e-01,1.503427012513232712e-17,1.476536149081114357e-01
1.790000000000000036e+00,5.940679100526651268e-01,6.071532165918824830e-18,1.477059321139308212e-01
1.792000000000000037e+00,5.931903034994085999e-01,1.879283765641540891e-18,1.477587768062701423e-01
1.794000000000000039e+00,5.923145889567784650e-01,7.517135062566163562e-18,1.478121455066270518e-01
1.796000000000000041e+00,5.914407623381521262e-01,1.568479142862362978e-17,1.478660347427670774e-01
1.798000000000000043e+00,5.905688195594329670e-01,7.733975497063264449e-18,1.479204410488802746e-01
1.800000000000000044e+00,5.896987565391711428e-01,7.517135062566163562e-18,1.479753609657355473e-01
1.802000000000000046e+00,5.888305691989295099e-01,1.301042606982605321e-18,1.480307910408309446e-01
1.804000000000000048e+00,5.879642534632480988e-01,3.903127820947815962e-18,1.480867278285411814e-01
1.806000000000000050e+00,5.870998052595233219e-01,1.033606071102847509e-17,1.481431678902688232e-01
1.808000000000000052e+00,5.862372205182779794e-01,1.040834085586084257e-17,1.482001077945827028e-01
1.810000000000000053e+00,5.853764951727704613e-01,9.830099697201907382e-18,1.482575441173630271e-01
1.812000000000000055e+00,5.845176251601387207e-01,2.674365358797577732e-18,1.483154734419419030e-01
1.814000000000000057e+00,5.836606064201710353e-01,4.553649124439118623e-18,1.483738923592409498e-01
1.816000000000000059e+00,5.828054348961373421e-01,8.673617379884035472e-18,1.484327974679078566e-01
1.818000000000000060e+00,5.819521065343593591e-01,5.059610138265687102e-18,1.484921853744444742e-01
1.820000000000000062e+00,5.811006172852088980e-01,1.011922027653137420e-17,1.485520526933447605e-01
1.822000000000000064e+00,5.802509631019105996e-01,7.228014483236695825e-20,1.486123960472204020e-01
1.824000000000000066e+00,5.794031399415082717e-01,1.084202172485504434e-18,1.486732120669300439e-01
1.826000000000000068e+00,5.785571437641152670e-01,7.011174048739595853e-18,1.487344973916989166e-01
1.828000000000000069e+00,5.777129705343142518e-01,1.734723475976807094e-18,1.487962486692501474e-01
1.830000000000000071e+00,5.768706162196011178e-01,7.011174048739595853e-18,1.488584625559168373e-01
1.832000000000000073e+00,5.760300767917421183e-01,9.468698973040071543e-18,1.489211357167640470e-01
1.834000000000000075e+00,5.751913482257329235e-01,5.348730717595155465e-18,1.489842648257044821e-01
1.836000000000000076e+00,5.743544265007933802e-01,5.999252021086458125e-18,1.490478465656167595e-01
1.838000000000000078e+00,5.735193076001756651e-01,4.842769703768586215e-18,1.491118776284485747e-01
1.840000000000000080e+00,5.726859875104608477e-01,3.903127820947815962e-18,1.491763547153371339e-01
1.842000000000000082e+00,5.718544622229160268e-01,7.228014483236696548e-19,1.492412745367089066e-01
1.844000000000000083e+00,5.710247277324178583e-01,8.095376221225100288e-18,1.493066338123892889e-01
1.846000000000000085e+00,5.701967800381311235e-01,1.879283765641540891e-18,1.493724292717064916e-01
1.848000000000000087e+00,5.693706151430397711e-01,3.686287386450715076e-18,1.494386576535929878e-01
1.850000000000000089e+00,5.685462290548279896e-01,1.691355389077386917e-17,1.495053157066835725e-01
1.852000000000000091e+00,5.677236177848676846e-01,6.360652745248292423e-18,1.495724001894170874e-01
1.854000000000000092e+00,5.669027773493553468e-01,1.886511780124777715e-17,1.496399078701280971e-01
1.856000000000000094e+00,5.660837037683634776e-01,1.496198998029996119e-17,1.497078355271427297e-01
1.858000000000000096e+00,5.652663930665795533e-01,2.088896185655405107e-17,1.497761799488707135e-01
1.860000000000000098e+00,5.644508412731852331e-01,4.409088834774384442e-18,1.498449379338967213e-01
1.862000000000000099e+00,5.636370444216467490e-01,7.950815931560365528e-19,1.499141062910638034e-01
1.864000000000000101e+00,5.628249985497113528e-01,1.011922027653137536e-18,1.499836818395635929e-01
1.866000000000000103e+00,5.620146997003168110e-01,2.891205793294678619e-18,1.500536614090181020e-01
1.868000000000000105e+00,5.612061439206854629e-01,4.842769703768586215e-18,1.501240418395652920e-01
1.870000000000000107e+00,5.603993272625125144e-01,5.710131441756989762e-18,1.501948199819363172e-01
1.872000000000000108e+00,5.595942457823745997e-01,4.915049848600953691e-18,1.502659926975324634e-01
1.874000000000000110e+00,5.587908955416054368e-01,8.601337235051667996e-18,1.503375568585072486e-01
1.876000000000000112e+00,5.579892726061466135e-01,1.373322751814972219e-18,1.504095093478369227e-01
1.878000000000000114e+00,5.571893730467500916e-01,6.432932890080659899e-18,1.504818470593936031e-01
1.880000000000000115e+00,5.563911929394222966e-01,5.421010862427522170e-18,1.505545668980204921e-01
1.882000000000000117e+00,5.555947283642979073e-01,1.373322751814972219e-18,1.506276657795936891e-01
1.884000000000000119e+00,5.547999754075476631e-01,4.553649124439118623e-18,1.507011406310996837e-01
1.886000000000000121e+00,5.540069301590726525e-01,4.264528545109651031e-18,1.507749883906910338e-01
1.888000000000000123e+00,5.532155887147744977e-01,3.541727096785980894e-18,1.508492060077565866e-01
1.890000000000000124e+00,5.524259471747576811e-01,8.456776945386934585e-18,1.509237904429849841e-01
1.892000000000000126e+00,5.516380016452195889e-01,1.431146867680865853e-17,1.509987386684193966e-01
1.894000000000000128e+00,5.508517482365249407e-01,1.221534447667001714e-17,1.510740476675189736e-01
1.896000000000000130e+00,5.500671830647334559e-01,9.396418828207704453e-19,1.511497144352202393e-01
1.898000000000000131e+00,5.492843022509816819e-01,1.445602896647339348e-17,1.512257359779875521e-01
1.900000000000000133e+00,5.485031019215576009e-01,5.782411586589357238e-18,1.513021093138669504e-01
1.902000000000000135e+00,5.477235782081244508e-01,1.264902534566421891e-17,1.513788314725415252e-01
1.904000000000000137e+00,5.469457272475786169e-01,5.637851296924623057e-18,1.514558994953796867e-01
1.906000000000000139e+00,5.461695451821384495e-01,1.734723475976807094e-18,1.515333104354846250e-01
1.908000000000000140e+00,5.453950281594188709e-01,2.226228460836902541e-17,1.516110613577451027e-01
1.910000000000000142e+00,5.446221723326125641e-01,4.915049848600953691e-18,1.516891493388721479e-01
1.912000000000000144e+00,5.438509738600600940e-01,9.540979117872439019e-18,1.517675714674506515e-01
1.914000000000000146e+00,5.430814289056264954e-01,4.770489558936219510e-18,1.518463248439868851e-01
1.916000000000000147e+00,5.423135336387225891e-01,7.155734338404329264e-18,1.519254065809338139e-01
1.918000000000000149e+00,5.415472842342730075e-01,1.156482317317871448e-17,1.520048138027474960e-01
1.919999999999999929e+00,5.407826768730430445e-01,6.866613759074861672e-18,1.520845436459125066e-01
1.921999999999999931e+00,5.400197077408854796e-01,1.539567084929416296e-17,1.521645932589913153e-01
1.923999999999999932e+00,5.392583730295008593e-01,1.308270621465842068e-17,1.522449598026424378e-01
1.925999999999999934e+00,5.384986689363380208e-01,5.710131441756989762e-18,1.523256404496746985e-01
1.927999999999999936e+00,5.377405916646438300e-01,4.336808689942017736e-18,1.524066323850572224e-01
1.929999999999999938e+00,5.369841374229551434e-01,3.108046227791779506e-18,1.524879328059707551e-01
1.931999999999999940e+00,5.362293024258413254e-01,3.614007241618348370e-18,1.525695389218233444e-01
1.933999999999999941e+00,5.354760828934743699e-01,2.674365358797577732e-18,1.526514479542840363e-01
1.935999999999999943e+00,5.347244750522399670e-01,8.818177669548768883e-18,1.527336571373114349e-01
1.937999999999999945e+00,5.339744751335970818e-01,5.276450572762787989e-18,1.528161637171721599e-01
1.939999999999999947e+00,5.332260793754102224e-01,3.614007241618348274e-19,1.528989649524717942e-01
1.941999999999999948e+00,5.324792840212673184e-01,6.722053469410127491e-18,1.529820581141746183e-01
1.943999999999999950e+00,5.317340853210659191e-01,4.770489558936219510e-18,1.530654404856212625e-01
1.945999999999999952e+00,5.309904795296276347e-01,5.710131441756989762e-18,1.531491093625603483e-01
1.947999999999999954e+00,5.302484629087373946e-01,6.866613759074861672e-18,1.532330620531531518e-01
1.949999999999999956e+00,5.295080317255020930e-01,6.288372600415925717e-18,1.533172958779967232e-01
1.951999999999999957e+00,5.287691822533879815e-01,1.011922027653137420e-17,1.534018081701469527e-01
1.953999999999999959e+00,5.280319107718582927e-01,2.963485938127045325e-18,1.534865962751247315e-01
1.955999999999999961e+00,5.272962135661281025e-01,1.257674520083185143e-17,1.535716575509302184e-01
1.957999999999999963e+00,5.265620869277682914e-01,1.207078418700528219e-17,1.536569893680630461e-01
1.959999999999999964e+00,5.258295271543538263e-01,5.854691731421723944e-18,1.537425891095235697e-01
1.961999999999999966e+00,5.250985305496662647e-01,4.047688110612550144e-18,1.538284541708319908e-01
1.963999999999999968e+00,5.243690934232212442e-01,7.950815931560365528e-19,1.539145819600338527e-01
1.965999999999999970e+00,5.236412120912312673e-01,7.517135062566163562e-18,1.540009698977063413e-01
1.967999999999999972e+00,5.229148828759555556e-01,1.756407519426517183e-17,1.540876154169665557e-01
1.969999999999999973e+00,5.221901021056538639e-01,2.219000446353665639e-17,1.541745159634805018e-01
1.971999999999999975e+00,5.214668661147818796e-01,3.614007241618348370e-18,1.542616689954628417e-01
1.973999999999999977e+00,5.207451712443678105e-01,8.456776945386934585e-18,1.543490719836841107e-01
1.975999999999999979e+00,5.200250138412663148e-01,9.107298248878237246e-18,1.544367224114696902e-01
1.977999999999999980e+00,5.193063902588654912e-01,7.878535786727999401e-18,1.545246177747063021e-01
1.979999999999999982e+00,5.185892968570442463e-01,1.192622389734054877e-17,1.546127555818361810e-01
1.981999999999999984e+00,5.178737300015860967e-01,1.409462824231155764e-17,1.547011333538656497e-01
1.983999999999999986e+00,5.171596860648115523e-01,1.481742969063522624e-17,1.547897486243501597e-01
1.985999999999999988e+00,5.164471614253791643e-01,7.372574772901430151e-18,1.548785989394080020e-01
1.987999999999999989e+00,5.157361524683672371e-01,3.469446951953614189e-18,1.549676818577017667e-01
1.989999999999999991e+00,5.150266555851565897e-01,8.239936510889833698e-18,1.550569949504441991e-01
1.991999999999999993e+00,5.143186671735122673e-01,3.397166807121247098e-18,1.551465358013914275e-01
1.993999999999999995e+00,5.136121836379530237e-01,4.915049848600953691e-18,1.552363020068259492e-01
1.995999999999999996e+00,5.129072013888595905e-01,1.033606071102847509e-17,1.553262911755686204e-01
1.997999999999999998e+00,5.122037168432882481e-01,1.142026288351397952e-17,1.554165009289530108e-01
2.000000000000000000e+00,5.115017264250454332e-01,4.336808689942017736e-19,1.555069289008259859e-01
2.002000000000000224e+00,5.108012265643466776e-01,4.192248400277283555e-18,1.555975727375336626e-01
2.004000000000000004e+00,5.101022136975359444e-01,5.782411586589357238e-18,1.556884300979138602e-01
2.006000000000000227e+00,5.094046842678210396e-01,1.488970983546759525e-17,1.557794986532822501e-01
2.008000000000000007e+00,5.087086347247691265e-01,7.011174048739595853e-18,1.558707760874198378e-01
2.010000000000000231e+00,5.080140615245731794e-01,8.745897524716402948e-18,1.559622600965633599e-01
2.012000000000000011e+00,5.073209611299773769e-01,1.156482317317871448e-17,1.560539483893842727e-01
2.014000000000000234e+00,5.066293300104369735e-01,1.835915678742120944e-17,1.561458386869812309e-01
2.016000000000000014e+00,5.059391646414823640e-01,1.301042606982605321e-17,1.562379287228602698e-01
2.018000000000000238e+00,5.052504615060371407e-01,1.358866722848498839e-17,1.563302162429201503e-01
2.020000000000000018e+00,5.045632170928691096e-01,3.469446951953614189e-18,1.564226990054351785e-01
2.022000000000000242e+00,5.038774278978017662e-01,1.807003620809174185e-18,1.565153747810354157e-01
2.024000000000000021e+00,5.031930904232417845e-01,1.814231635292410856e-17,1.566082413526934947e-01
2.026000000000000245e+00,5.025102011779338795e-01,2.818925648462311528e-18,1.567012965156956150e-01
2.028000000000000025e+00,5.018287566778063535e-01,1.026378056619610916e-17,1.567945380776321340e-01
2.030000000000000249e+00,5.011487534450189685e-01,2.067212142205695018e-17,1.568879638583738634e-01
2.032000000000000028e+00,5.004701880087267796e-01,2.602085213965210642e-18,1.569815716900432312e-01
2.034000000000000252e+00,4.997930569043305127e-01,1.807003620809174185e-18,1.570753594170049838e-01
2.036000000000000032e+00,4.991173566745175094e-01,2.168404344971008868e-19,1.571693248958339617e-01
2.038000000000000256e+00,4.984430838682065712e-01,1.293814592499368573e-17,1.572634659952928948e-01
2.040000000000000036e+00,4.977702350410240228e-01,1.373322751814972219e-18,1.573577805963142229e-01
2.042000000000000259e+00,4.970988067559325430e-01,2.240684489803375959e-18,1.574522665919721731e-01
2.044000000000000039e+00,4.964287955818420528e-01,7.589415207398531038e-18,1.575469218874540056e-01
2.046000000000000263e+00,4.957601980950094855e-01,8.745897524716402948e-18,1.576417444000426660e-01
2.048000000000000043e+00,4.950930108780831063e-01,2.312964634635742664e-18,1.577367320590810362e-01
2.049999999999999822e+00,4.944272305207313423e-01,1.879283765641540891e-18,1.578318828059508960e-01
2.052000000000000046e+00,4.937628536191098760e-01,9.396418828207704453e-19,1.579271945940478594e-01
2.053999999999999826e+00,4.930998767763092872e-01,1.633531273211493245e-17,1.580226653887471244e-01
2.056000000000000050e+00,4.924382966024403174e-01,4.770489558936219510e-18,1.581182931673798253e-01
2.057999999999999829e+00,4.917781097137918778e-01,1.358866722848498839e-17,1.582140759192010304e-01
2.060000000000000053e+00,4.911193127341775266e-01,3.903127820947815962e-18,1.583100116453606543e-01
2.061999999999999833e+00,4.904619022935925443e-01,9.035018104045869770e-18,1.584060983588786164e-01
2.064000000000000057e+00,4.898058750294325137e-01,2.161176330487772275e-17,1.585023340846049289e-01
2.065999999999999837e+00,4.891512275853138192e-01,9.396418828207705608e-18,1.585987168591981855e-01
2.068000000000000060e+00,4.884979566124485473e-01,8.456776945386934585e-18,1.586952447310903680e-01
2.069999999999999840e+00,4.878460587677935223e-01,1.301042606982605321e-18,1.587919157604497089e-01
2.072000000000000064e+00,4.871955307161783821e-01,1.076974158002267686e-17,1.588887280191601248e-01
2.073999999999999844e+00,4.865463691288205439e-01,4.481368979606751917e-18,1.589856795907765019e-01
2.076000000000000068e+00,4.858985706837977148e-01,1.951563910473907981e-18,1.590827685704996053e-01
2.077999999999999847e+00,4.852521320659946014e-01,1.279358563532895232e-17,1.591799930651410233e-01
2.080000000000000071e+00,4.846070499674404175e-01,2.818925648462311528e-18,1.592773511930835051e-01
2.081999999999999851e+00,4.839633210864846546e-01,6.649773324577760785e-18,1.593748410842556196e-01
2.084000000000000075e+00,4.833209421290014518e-01,6.216092455583559012e-18,1.594724608800914822e-01
2.085999999999999854e+00,4.826799098073450978e-01,5.276450572762787989e-18,1.595702087334931740e-01
2.088000000000000078e+00,4.820402208407514877e-01,3.397166807121247098e-18,1.596680828088046511e-01
2.089999999999999858e+00,4.814018719555654968e-01,8.962737959213503835e-18,1.597660812817642273e-01
2.092000000000000082e+00,4.807648598847364951e-01,6.505213034913026604e-18,1.598642023394790668e-01
2.093999999999999861e+00,4.801291813683654652e-01,7.300294628069062675e-18,1.599624441803787211e-01
2.096000000000000085e+00,4.794948331530193286e-01,1.214306433183764966e-17,1.600608050141879013e-01
2.097999999999999865e+00,4.788618119927079420e-01,6.288372600415925717e-18,1.601592830618805974e-01
2.100000000000000089e+00,4.782301146481344745e-01,4.047688110612550144e-18,1.602578765556499363e-01
2.101999999999999869e+00,4.775997378867096188e-01,2.168404344971008868e-18,1.603565837388658821e-01
2.104000000000000092e+00,4.769706784827647539e-01,5.059610138265687102e-18,1.604554028660369891e-01
2.105999999999999872e+00,4.763429332177935294e-01,1.127570259384924611e-17,1.605543322027738196e-01
2.108000000000000096e+00,4.757164988800859362e-01,2.457524924300476845e-18,1.606533700257519737e-01
2.109999999999999876e+00,4.750913722646927795e-01,2.963485938127045325e-18,1.607525146226666257e-01
2.112000000000000099e+00,4.744675501736992373e-01,9.107298248878237246e-18,1.608517642922027147e-01
2.113999999999999879e+00,4.738450294161005161e-01,2.573173156032263959e-17,1.609511173439854836e-01
2.116000000000000103e+00,4.732238068078693516e-01,3.469446951953614189e-18,1.610505720985493383e-01
2.117999999999999883e+00,4.726038791716504761e-01,1.431146867680865853e-17,1.611501268872912451e-01
2.120000000000000107e+00,4.719852433371762856e-01,4.625929269271485328e-18,1.612497800524365643e-01
2.121999999999999886e+00,4.713678961411282842e-01,2.385244779468109755e-18,1.613495299469913380e-01
2.124000000000000110e+00,4.707518344270056332e-01,6.505213034913026604e-19,1.614493749347101770e-01
2.125999999999999890e+00,4.701370550452494967e-01,7.228014483236695825e-20,1.615493133900487988e-01
2.128000000000000114e+00,4.695235548531861980e-01,9.613259262704806495e-18,1.616493436981254195e-01
2.129999999999999893e+00,4.689113307151480114e-01,3.975407965780182668e-18,1.617494642546797312e-01
2.132000000000000117e+00,4.683003795022777638e-01,1.749179504943280590e-17,1.618496734660321290e-01
2.133999999999999897e+00,4.676906980925643609e-01,2.240684489803375959e-18,1.619499697490374979e-01
2.136000000000000121e+00,4.670822833713366151e-01,4.625929269271485328e-18,1.620503515310518228e-01
2.137999999999999901e+00,4.664751322301938785e-01,2.023844055306275072e-18,1.621508172498807576e-01
2.140000000000000124e+00,4.658692415680114607e-01,4.336808689942017736e-19,1.622513653537476508e-01
2.141999999999999904e+00,4.652646082906350955e-01,8.384496800554567109e-18,1.623519943012388111e-01
2.144000000000000128e+00,4.646612293105683023e-01,4.336808689942017736e-19,1.624527025612738096e-01
2.145999999999999908e+00,4.640591015474093695e-01,5.637851296924623057e-18,1.625534886130547696e-01
2.148000000000000131e+00,4.634582219275671378e-01,5.348730717595155465e-18,1.626543509460257053e-01
2.149999999999999911e+00,4.628585873844066612e-01,1.951563910473907981e-18,1.627552880598331642e-01
2.152000000000000135e+00,4.622601948581355202e-01,6.577493179745393310e-18,1.628562984642733247e-01
2.153999999999999915e+00,4.616630412961377772e-01,6.938893903907228378e-18,1.629573806792623258e-01
2.156000000000000139e+00,4.610671236522350114e-01,1.026378056619610916e-17,1.630585332347845029e-01
2.157999999999999918e+00,4.604724388872227792e-01,1.922651852540961299e-17,1.631597546708495605e-01
2.160000000000000142e+00,4.598789839691868053e-01,3.614007241618348370e-18,1.632610435374538815e-01
2.161999999999999922e+00,4.592867558725970412e-01,9.540979117872439019e-18,1.633623983945299285e-01
2.164000000000000146e+00,4.586957515793343987e-01,3.035766082959412415e-18,1.634638178119080520e-01
2.165999999999999925e+00,4.581059680775609877e-01,8.601337235051667996e-18,1.635653003692726093e-01
2.168000000000000149e+00,4.575174023627610609e-01,1.156482317317871332e-18,1.636668446561179435e-01
2.169999999999999929e+00,4.569300514372116595e-01,5.926971876254090649e-18,1.637684492716988682e-01
2.172000000000000153e+00,4.563439123099222172e-01,2.457524924300476845e-18,1.638701128249957784e-01
2.173999999999999932e+00,4.557589819968725919e-01,4.336808689942017736e-19,1.639718339346646070e-01
2.176000000000000156e+00,4.551752575209775387e-01,1.178166360767581536e-17,1.640736112289969684e-01
2.177999999999999936e+00,4.545927359117527544e-01,1.250446505599948396e-17,1.641754433458705031e-01
2.180000000000000160e+00,4.540114142057980473e-01,1.142026288351397952e-17,1.642773289327097430e-01
2.181999999999999940e+00,4.534312894464882504e-01,2.168404344971008868e-19,1.643792666464413132e-01
2.184000000000000163e+00,4.528523586843178350e-01,2.067212142205695018e-17,1.644812551534446665e-01
2.185999999999999943e+00,4.522746189759381252e-01,1.315498635949078662e-17,1.645832931295192758e-01
2.188000000000000167e+00,4.516980673855321982e-01,3.108046227791779506e-18,1.646853792598267363e-01
2.189999999999999947e+00,4.511227009838556512e-01,1.055290114552557598e-17,1.647875122388550717e-01
2.192000000000000171e+00,4.505485168484391068e-01,6.216092455583559012e-18,1.648896907703717996e-01
2.193999999999999950e+00,4.499755120637871642e-01,4.192248400277283555e-18,1.649919135673801607e-01
2.196000000000000174e+00,4.494036837208916779e-01,1.048062100069321004e-17,1.650941793520761536e-01
2.197999999999999954e+00,4.488330289178392718e-01,1.590163186312073106e-18,1.651964868558013222e-01
2.200000000000000178e+00,4.482635447597722589e-01,7.011174048739595853e-18,1.652988348189979029e-01
2.201999999999999957e+00,4.476952283580217795e-01,7.950815931560365528e-19,1.654012219911700221e-01
2.204000000000000181e+00,4.471280768311451936e-01,6.505213034913026604e-18,1.655036471308349577e-01
2.205999999999999961e+00,4.465620873045956785e-01,5.421010862427522170e-18,1.656061090054782026e-01
2.208000000000000185e+00,4.459972569099655004e-01,1.091430186968741182e-17,1.657086063915122476e-01
2.209999999999999964e+00,4.454335827863324937e-01,1.228762462150238423e-18,1.658111380742300356e-01
2.212000000000000188e+00,4.448710620792226678e-01,3.469446951953614189e-18,1.659137028477603859e-01
2.213999999999999968e+00,4.443096919409974532e-01,3.541727096785980894e-18,1.660162995150274434e-01
2.216000000000000192e+00,4.437494695307755421e-01,1.423918853197629259e-17,1.661189268877014125e-01
2.217999999999999972e+00,4.431903920146176290e-01,5.059610138265687102e-18,1.662215837861550360e-01
2.220000000000000195e+00,4.426324565646844178e-01,5.782411586589356660e-19,1.663242690394281242e-01
2.221999999999999975e+00,4.420756603607323143e-01,5.059610138265687102e-18,1.664269814851692120e-01
2.224000000000000199e+00,4.415200005887101042e-01,2.891205793294678619e-18,1.665297199696014752e-01
2.225999999999999979e+00,4.409654744414304162e-01,1.026378056619610916e-17,1.666324833474781830e-01
2.228000000000000203e+00,4.404120791185732742e-01,2.674365358797577732e-18,1.667352704820313780e-01
2.229999999999999982e+00,4.398598118260395040e-01,1.026378056619610916e-17,1.668380802449382083e-01
2.232000000000000206e+00,4.393086697774535310e-01,1.734723475976807094e-17,1.669409115162708568e-01
2.233999999999999986e+00,4.387586501917972726e-01,1.221534447667001714e-17,1.670437631844499671e-01
2.236000000000000210e+00,4.382097502957300605e-01,4.119968255444916849e-18,1.671466341462113647e-01
2.237999999999999989e+00,4.376619673225832230e-01,4.553649124439118623e-18,1.672495233065499076e-01
2.240000000000000213e+00,4.371152985116601997e-01,1.011922027653137420e-17,1.673524295786862626e-01
2.241999999999999993e+00,4.365697411096078895e-01,1.879283765641540891e-18,1.674553518840152522e-01
2.244000000000000217e+00,4.360252923694041272e-01,9.035018104045869770e-18,1.675582891520685236e-01
2.245999999999999996e+00,4.354819495508621685e-01,3.614007241618348370e-18,1.676612403204661150e-01
2.248000000000000220e+00,4.349397099203464734e-01,6.288372600415925717e-18,1.677642043348783196e-01
2.250000000000000000e+00,4.343985707508259964e-01,1.011922027653137536e-18,1.678671801489780568e-01
2.252000000000000224e+00,4.338585293222081418e-01,2.204544417387192452e-17,1.679701667243996555e-01
2.254000000000000004e+00,4.333195829204790073e-01,6.722053469410127491e-18,1.680731630306954438e-01
2.256000000000000227e+00,4.327817288385418237e-01,2.999626010543229062e-18,1.681761680452940333e-01
2.258000000000000007e+00,4.322449643760926108e-01,1.951563910473907981e-18,1.682791807534535777e-01
2.260000000000000231e+00,4.317092868391334548e-01,8.167656366057466223e-18,1.683822001482228881e-01
2.262000000000000011e+00,4.311746935404165981e-01,8.601337235051667996e-18,1.684852252303983555e-01
2.264000000000000234e+00,4.306411817992383817e-01,2.367174743260018117e-17,1.685882550084783493e-01
2.266000000000000014e+00,4.301087489414605614e-01,1.301042606982605321e-18,1.686912884986229710e-01
2.268000000000000238e+00,4.295773922995032024e-01,9.613259262704806495e-18,1.687943247246145861e-01
2.270000000000000018e+00,4.290471092123731012e-01,2.602085213965210642e-18,1.688973627178046444e-01
2.272000000000000242e+00,4.285178970255714148e-01,1.380550766298208928e-17,1.690004015170885887e-01
2.274000000000000021e+00,4.279897530913352455e-01,1.713039432527097006e-17,1.691034401688455147e-01
2.276000000000000245e+00,4.274626747682077621e-01,1.066132136277412642e-17,1.692064777269094711e-01
2.278000000000000025e+00,4.269366594211376764e-01,8.059236148808915779e-18,1.693095132525215818e-01
2.280000000000000249e+00,4.264117044221116259e-01,8.565197162635485029e-18,1.694125458142894114e-01
2.282000000000000028e+00,4.258878071491416506e-01,6.360652745248292423e-18,1.695155744881462478e-01
2.284000000000000252e+00,4.253649649868016525e-01,1.951563910473907981e-18,1.696185983573058609e-01
2.286000000000000032e+00,4.248431753264441113e-01,5.854691731421723944e-18,1.697216165122275300e-01
2.288000000000000256e+00,4.243224355655286217e-01,1.445602896647339165e-19,1.698246280505677497e-01
2.290000000000000036e+00,4.238027431081334839e-01,9.649399335120989463e-18,1.699276320771438420e-01
2.292000000000000259e+00,4.232840953651368920e-01,2.168404344971008868e-18,1.700306277038906022e-01
2.294000000000000039e+00,4.227664897530445387e-01,1.879283765641540891e-18,1.701336140498213578e-01
2.296000000000000263e+00,4.222499236956416269e-01,5.131890283098054578e-18,1.702365902409836429e-01
2.298000000000000043e+00,4.217343946227316565e-01,3.469446951953614189e-18,1.703395554104190635e-01
2.300000000000000266e+00,4.212198999706693314e-01,6.722053469410127491e-18,1.704425086981294080e-01
2.302000000000000046e+00,4.207064371820514737e-01,7.444854917733797627e-18,1.705454492510268538e-01
2.304000000000000270e+00,4.201940037062250610e-01,5.348730717595155465e-18,1.706483762228984680e-01
2.306000000000000050e+00,4.196825969982143079e-01,5.710131441756989762e-18,1.707512887743651842e-01
2.307999999999999829e+00,4.191722145204153094e-01,1.048062100069320889e-18,1.708541860728417794e-01
2.310000000000000053e+00,4.186628537408019213e-01,2.023844055306275072e-18,1.709570672924967394e-01
2.311999999999999833e+00,4.181545121340377591e-01,2.363560736018399666e-17,1.710599316142132620e-01
2.314000000000000057e+00,4.176471871813198788e-01,5.312590645178971727e-18,1.711627782255476515e-01
2.315999999999999837e+00,4.171408763695438893e-01,7.155734338404329264e-18,1.712656063206916268e-01
2.318000000000000060e+00,4.166355771927605645e-01,4.698209414103852804e-18,1.713684151004319645e-01
2.319999999999999840e+00,4.161312871506943623e-01,9.830099697201907382e-18,1.714712037721123072e-01
2.322000000000000064e+00,4.156280037496742352e-01,1.228762462150238423e-18,1.715739715495906148e-01
2.323999999999999844e+00,4.151257245023316500e-01,2.529805069132843551e-18,1.716767176532075501e-01
2.326000000000000068e+00,4.146244469275721656e-01,9.649399335120989463e-18,1.717794413097384343e-01
2.327999999999999847e+00,4.141241685505541170e-01,1.879283765641540891e-18,1.718821417523603567e-01
2.330000000000000071e+00,4.136248869025749286e-01,1.163710331801108041e-17,1.719848182206137055e-01
2.331999999999999851e+00,4.131265995214477016e-01,3.794707603699265519e-18,1.720874699603599511e-01
2.334000000000000075e+00,4.126293039508155402e-01,1.550409106654271341e-17,1.721900962237457311e-01
2.335999999999999854e+00,4.121329977413203949e-01,1.879283765641541122e-17,1.722926962691671560e-01
2.338000000000000078e+00,4.116376784489830243e-01,6.722053469410127491e-18,1.723952693612277876e-01
2.339999999999999858e+00,4.111433436365885541e-01,1.004694013169900827e-17,1.724978147707014464e-01
2.342000000000000082e+00,4.106499908729581705e-01,6.505213034913026604e-19,1.726003317744965460e-01
2.343999999999999861e+00,4.101576177330734652e-01,6.396792817664476161e-18,1.727028196556154305e-01
2.346000000000000085e+00,4.096662217980480136e-01,4.264528545109651031e-18,1.728052777031234555e-01
2.347999999999999865e+00,4.091758006553725124e-01,6.866613759074861094e-19,1.729077052121030800e-01
2.350000000000000089e+00,4.086863518984742427e-01,6.107672238335008568e-18,1.730101014836215589e-01
2.351999999999999869e+00,4.081978731272783989e-01,1.843143693225357538e-17,1.731124658246941395e-01
2.354000000000000092e+00,4.077103619473056995e-01,1.217920440425383263e-17,1.732147975482468960e-01
2.355999999999999872e+00,4.072238159707950444e-01,5.276450572762787989e-18,1.733170959730782612e-01
2.358000000000000096e+00,4.067382328155737525e-01,7.986956003976549844e-18,1.734193604238266906e-01
2.359999999999999876e+00,4.062536101058995541e-01,1.048062100069320889e-18,1.735215902309285019e-01
2.362000000000000099e+00,4.057699454722651922e-01,2.312964634635742664e-18,1.736237847305852622e-01
2.363999999999999879e+00,4.052872365508477515e-01,1.084202172485504434e-17,1.737259432647282331e-01
2.366000000000000103e+00,4.048054809840451185e-01,1.044448092827702553e-17,1.738280651809826216e-01
2.367999999999999883e+00,4.043246764203836108e-01,1.272130549049658485e-17,1.739301498326273343e-01
2.370000000000000107e+00,4.038448205147489034e-01,1.879283765641540891e-18,1.740321965785673053e-01
2.371999999999999886e+00,4.033659109272917931e-01,1.286586578016131980e-17,1.741342047832900308e-01
2.374000000000000110e+00,4.028879453247746767e-01,4.156108327861100587e-18,1.742361738168359264e-01
2.375999999999999890e+00,4.024109213799285101e-01,3.108046227791779506e-18,1.743381030547600796e-01
2.378000000000000114e+00,4.019348367713782011e-01,5.095750210681870840e-18,1.744399918780983050e-01
2.379999999999999893e+00,4.014596891837740600e-01,1.163710331801108041e-17,1.745418396733330324e-01
2.382000000000000117e+00,4.009854763078024575e-01,7.300294628069062675e-18,1.746436458323586960e-01
2.383999999999999897e+00,4.005121958399051607e-01,1.395006795264682269e-17,1.747454097524452354e-01
2.386000000000000121e+00,4.000398454826843420e-01,1.232376469391856758e-17,1.748471308362067045e-01
2.387999999999999901e+00,3.995684229449594227e-01,6.143812310751191536e-18,1.749488084915662989e-01
2.390000000000000124e+00,3.990979259408042878e-01,6.505213034913026604e-19,1.750504421317187476e-01
2.391999999999999904e+00,3.986283521907445504e-01,7.950815931560365336e-18,1.751520311751018633e-01
2.394000000000000128e+00,3.981596994210931939e-01,1.199850404217291625e-17,1.752535750453578511e-01
2.395999999999999908e+00,3.976919653639825469e-01,6.830473686658677934e-18,1.753550731713074962e-01
2.398000000000000131e+00,3.972251477575632350e-01,5.926971876254090649e-18,1.754565249869045884e-01
2.399999999999999911e+00,3.967592443458727303e-01,1.011922027653137536e-18,1.755579299312153840e-01
2.402000000000000135e+00,3.962942528786008722e-01,1.134798273868161359e-17,1.756592874483779432e-01
2.403999999999999915e+00,3.958301711114344812e-01,1.051676107310939301e-17,1.757605969875699337e-01
2.406000000000000139e+00,3.953669968059756457e-01,4.698209414103852226e-19,1.758618580029801259e-01
2.407999999999999918e+00,3.949047277298198821e-01,8.059236148808915779e-18,1.759630699537690079e-01
2.410000000000000142e+00,3.944433616556715094e-01,1.228762462150238423e-18,1.760642323040431112e-01
2.411999999999999922e+00,3.939828963628535519e-01,1.120342244901687864e-17,1.761653445228175963e-01
2.414000000000000146e+00,3.935233296361317912e-01,1.402234809747919171e-17,1.762664060839895241e-01
2.415999999999999925e+00,3.930646592660842487e-01,7.047314121155778821e-18,1.763674164663005528e-01
2.418000000000000149e+00,3.926068830490798689e-01,9.540979117872439019e-18,1.764683751533051015e-01
2.419999999999999929e+00,3.921499987871293058e-01,1.770863548392990447e-18,1.765692816333451209e-01
2.422000000000000153e+00,3.916940042883929607e-01,5.493291007259888876e-18,1.766701353995122625e-01
2.423999999999999932e+00,3.912388973660156921e-01,6.649773324577760785e-18,1.767709359496179577e-01
2.426000000000000156e+00,3.907846758397184317e-01,1.066132136277412642e-17,1.768716827861652185e-01
2.427999999999999936e+00,3.903313375343238079e-01,6.830473686658677934e-18,1.769723754163141094e-01
2.430000000000000160e+00,3.898788802806940623e-01,6.975033976323411345e-18,1.770730133518520766e-01
2.431999999999999940e+00,3.894273019152336701e-01,2.059984127722458425e-18,1.771735961091612244e-01
2.434000000000000163e+00,3.889766002801415823e-01,5.059610138265687680e-19,1.772741232091938068e-01
2.435999999999999943e+00,3.885267732231554305e-01,1.622689251486638200e-17,1.773745941774361179e-01
2.438000000000000167e+00,3.880778185976829775e-01,1.839529685983739087e-17,1.774750085438794311e-01
2.439999999999999947e+00,3.876297342628873821e-01,1.716653439768715457e-17,1.775753658429931048e-01
2.442000000000000171e+00,3.871825180832821900e-01,1.058904121794176049e-17,1.776756656136868340e-01
2.443999999999999950e+00,3.867361679295271415e-01,4.336808689942017736e-18,1.777759073992913053e-01
2.446000000000000174e+00,3.862906816772166962e-01,1.460058925613812535e-17,1.778760907475227526e-01
2.447999999999999954e+00,3.858460572080950612e-01,7.480994990149980595e-18,1.779762152104509554e-01
2.450000000000000178e+00,3.854022924092248559e-01,1.734723475976807094e-18,1.780762803444755626e-01
2.451999999999999957e+00,3.849593851732002747e-01,3.614007241618348274e-19,1.781762857102943687e-01
2.454000000000000181e+00,3.845173333983815667e-01,5.421010862427522170e-18,1.782762308728749745e-01
2.455999999999999961e+00,3.840761349886996356e-01,1.749179504943280590e-17,1.783761154014244232e-01
2.458000000000000185e+00,3.836357878531480026e-01,1.127570259384924611e-17,1.784759388693624715e-01
2.459999999999999964e+00,3.831962899068628303e-01,1.011922027653137536e-18,1.785757008542905588e-01
2.462000000000000188e+00,3.827576390699931608e-01,5.565571152092256351e-18,1.786754009379670771e-01
2.463999999999999968e+00,3.823198332684363265e-01,3.830847676115449257e-18,1.787750387062777002e-01
2.466000000000000192e+00,3.818828704335430757e-01,9.396418828207704453e-19,1.788746137492004673e-01
2.467999999999999972e+00,3.814467485021921789e-01,3.614007241618348370e-18,1.789741256607940700e-01
2.470000000000000195e+00,3.810114654166163461e-01,1.590163186312073106e-18,1.790735740391511954e-01
2.471999999999999975e+00,3.805770191244448597e-01,1.348024701123643795e-17,1.791729584863869795e-01
2.474000000000000199e+00,3.801434075789664746e-01,3.650147314034531338e-18,1.792722786085979292e-01
2.475999999999999979e+00,3.797106287385929591e-01,2.168404344971008868e-18,1.793715340158442972e-01
2.478000000000000203e+00,3.792786805676193751e-01,6.866613759074861672e-18,1.794707243221213555e-01
2.479999999999999982e+00,3.788475610349699707e-01,3.180326372624146211e-18,1.795698491453266155e-01
2.482000000000000206e+00,3.784172681158501916e-01,3.686287386450715076e-18,1.796689081072409266e-01
2.483999999999999986e+00,3.779877997901621711e-01,6.396792817664476161e-18,1.797679008334970574e-01
2.486000000000000210e+00,3.775591540436415983e-01,1.156482317317871332e-18,1.798668269535489694e-01
2.487999999999999989e+00,3.771313288669055908e-01,7.950815931560365336e-18,1.799656861006596886e-01
2.490000000000000213e+00,3.767043222565007454e-01,1.503427012513232712e-17,1.800644779118553418e-01
2.491999999999999993e+00,3.762781322136312667e-01,2.746645503629944438e-18,1.801632020279182456e-01
2.494000000000000217e+00,3.758527567453100460e-01,4.770489558936219510e-18,1.802618580933474657e-01
2.495999999999999996e+00,3.754281938636090388e-01,1.015536034894755871e-17,1.803604457563372510e-01
2.498000000000000220e+00,3.750044415861637503e-01,4.481368979606751917e-18,1.804589646687549398e-01
2.500000000000000000e+00,3.745814979354520347e-01,1.590163186312073106e-18,1.805574144861087915e-01
2.502000000000000224e+00,3.741593609396360876e-01,1.181780368009199833e-17,1.806557948675265313e-01
2.504000000000000004e+00,3.737380286318412459e-01,1.011922027653137536e-18,1.807541054757310639e-01
2.506000000000000227e+00,3.733174990506569202e-01,5.565571152092256351e-18,1.808523459770145225e-01
2.508000000000000007e+00,3.728977702395681604e-01,1.662443331144440196e-18,1.809505160412085700e-01
2.510000000000000231e+00,3.724788402479184413e-01,3.975407965780182764e-19,1.810486153416678290e-01
2.512000000000000011e+00,3.720607071295773949e-01,4.734349486520035772e-18,1.811466435552388510e-01
2.514000000000000234e+00,3.716433689438254362e-01,2.153948316004535373e-17,1.812446003622376345e-01
2.516000000000000014e+00,3.712268237552542871e-01,2.638225286381393994e-18,1.813424854464256997e-01
2.518000000000000238e+00,3.708110696335360501e-01,2.457524924300476845e-18,1.814402984949847752e-01
2.520000000000000018e+00,3.703961046535866330e-01,1.933493874265816343e-17,1.815380391984958153e-01
2.522000000000000242e+00,3.699819268952566631e-01,2.168404344971008868e-19,1.816357072509089676e-01
2.524000000000000021e+00,3.695685344437045217e-01,1.384164773539827379e-17,1.817333023495267541e-01
2.526000000000000245e+00,3.691559253891298908e-01,4.770489558936219510e-18,1.818308241949736503e-01
2.528000000000000025e+00,3.687440978269265202e-01,8.601337235051667996e-18,1.819282724911778226e-01
2.530000000000000249e+00,3.683330498574299838e-01,2.244298497044994178e-17,1.820256469453456760e-01
2.532000000000000028e+00,3.679227795863937445e-01,5.854691731421723944e-18,1.821229472679365413e-01
2.534000000000000252e+00,3.675132851241365017e-01,4.011548038196366406e-18,1.822201731726447449e-01
2.536000000000000032e+00,3.671045645864090545e-01,4.228388472693467293e-18,1.823173243763702434e-01
2.538000000000000256e+00,3.666966160939608699e-01,5.384870790011338432e-18,1.824144005992011652e-01
2.540000000000000036e+00,3.662894377724121853e-01,1.405848816989537313e-17,1.825114015643892751e-01
2.542000000000000259e+00,3.658830277525311203e-01,4.698209414103852804e-18,1.826083269983224122e-01
2.544000000000000039e+00,3.654773841700702519e-01,7.264154555652879708e-18,1.827051766305141378e-01
2.546000000000000263e+00,3.650725051659264864e-01,9.107298248878237246e-18,1.828019501935669311e-01
2.548000000000000043e+00,3.646683888856152578e-01,9.902379842034273317e-18,1.828986474231594495e-01
2.550000000000000266e+00,3.642650334801551537e-01,9.793959624785722874e-18,1.829952680580213265e-01
2.552000000000000046e+00,3.638624371050163120e-01,8.023096076392732812e-18,1.830918118399151029e-01
2.554000000000000270e+00,3.634605979209588611e-01,5.095750210681870840e-18,1.831882785136038916e-01
2.556000000000000050e+00,3.630595140931696108e-01,1.481742969063522662e-18,1.832846678268438279e-01
2.558000000000000274e+00,3.626591837924841855e-01,7.228014483236696548e-19,1.833809795303535106e-01
2.560000000000000053e+00,3.622596051943780537e-01,3.108046227791779506e-18,1.834772133777920478e-01
2.561999999999999833e+00,3.618607764789310011e-01,1.774477555634608821e-17,1.835733691257452893e-01
2.564000000000000057e+00,3.614626958316087268e-01,2.638225286381393994e-18,1.836694465336951576e-01
2.565999999999999837e+00,3.610653614422467683e-01,8.023096076392732812e-18,1.837654453640055752e-01
2.568000000000000060e+00,3.606687715056899890e-01,4.336808689942017736e-18,1.838613653818978733e-01
2.569999999999999840e+00,3.602729242222082462e-01,1.084202172485504434e-17,1.839572063554339998e-01
2.572000000000000064e+00,3.598778177958372737e-01,6.830473686658677934e-18,1.840529680554897629e-01
2.573999999999999844e+00,3.594834504365849170e-01,5.782411586589357238e-18,1.841486502557404814e-01
2.576000000000000068e+00,3.590898203584416137e-01,6.685913396993943753e-18,1.842442527326381974e-01
2.577999999999999847e+00,3.586969257805208144e-01,3.686287386450715076e-18,1.843397752653883059e-01
2.580000000000000071e+00,3.583047649266575263e-01,3.794707603699265519e-18,1.844352176359350393e-01
2.581999999999999851e+00,3.579133360256498975e-01,9.035018104045870925e-19,1.845305796289357925e-01
2.584000000000000075e+00,3.575226373108861821e-01,1.167324339042726492e-17,1.846258610317488003e-01
2.585999999999999854e+00,3.571326670203340825e-01,7.011174048739595853e-18,1.847210616344012457e-01
2.588000000000000078e+00,3.567434233974644542e-01,1.319112643190697113e-17,1.848161812295867623e-01
2.589999999999999858e+00,3.563549046893008665e-01,8.818177669548768883e-18,1.849112196126281304e-01
2.592000000000000082e+00,3.559671091487892625e-01,7.733975497063264449e-18,1.850061765814690340e-01
2.593999999999999861e+00,3.555800350325633019e-01,5.637851296924623057e-18,1.851010519366491081e-01
2.596000000000000085e+00,3.551936806027846671e-01,7.589415207398531038e-18,1.851958454812934196e-01
2.597999999999999865e+00,3.548080441257575046e-01,6.432932890080659899e-18,1.852905570210809372e-01
2.600000000000000089e+00,3.544231238727206801e-01,3.216466445040329949e-18,1.853851863642358433e-01
2.601999999999999869e+00,3.540389181193503987e-01,5.818551659005540206e-18,1.854797333215018884e-01
2.604000000000000092e+00,3.536554251463108756e-01,5.493291007259888876e-18,1.855741977061291514e-01
2.605999999999999872e+00,3.532726432386930071e-01,2.421384851884293108e-18,1.856685793338522794e-01
2.608000000000000096e+00,3.528905706861635849e-01,4.770489558936219510e-18,1.857628780228721133e-01
2.609999999999999876e+00,3.525092057829226633e-01,3.975407965780182668e-18,1.858570935938376745e-01
2.612000000000000099e+00,3.521285468282293607e-01,3.180326372624146211e-18,1.859512258698307052e-01
2.613999999999999879e+00,3.517485921256024994e-01,1.481742969063522662e-18,1.860452746763422704e-01
2.616000000000000103e+00,3.513693399828774488e-01,5.782411586589357238e-18,1.861392398412582139e-01
2.617999999999999883e+00,3.509907887129521953e-01,2.204544417387192221e-18,1.862331211948416998e-01
2.620000000000000107e+00,3.506129366330696939e-01,6.360652745248292423e-18,1.863269185697140617e-01
2.621999999999999886e+00,3.502357820652228781e-01,3.614007241618347913e-20,1.864206318008373997e-01
2.624000000000000110e+00,3.498593233354263532e-01,3.866987748531632225e-18,1.865142607254955398e-01
2.625999999999999890e+00,3.494835587744908878e-01,1.420304845956010809e-17,1.866078051832800455e-01
2.628000000000000114e+00,3.491084867182827622e-01,8.745897524716402948e-18,1.867012650160730092e-01
2.629999999999999893e+00,3.487341055061108364e-01,1.109500223176832819e-17,1.867946400680205454e-01
2.632000000000000117e+00,3.483604134825668552e-01,1.145640295593016403e-17,1.868879301855323194e-01
2.633999999999999897e+00,3.479874089965449002e-01,3.975407965780182764e-19,1.869811352172474350e-01
2.636000000000000121e+00,3.476150904010779641e-01,1.080588165243886137e-17,1.870742550140304106e-01
2.637999999999999901e+00,3.472434560541657333e-01,7.228014483236695825e-20,1.871672894289481137e-01
2.640000000000000124e+00,3.468725043178864098e-01,1.062518129035794345e-17,1.872602383172516927e-01
2.641999999999999904e+00,3.465022335587981672e-01,6.469072962496842866e-18,1.873531015363668062e-01
2.644000000000000128e+00,3.461326421480563909e-01,1.015536034894755871e-17,1.874458789458700869e-01
2.645999999999999908e+00,3.457637284609624828e-01,3.686287386450715076e-18,1.875385704074744586e-01
2.648000000000000131e+00,3.453954908774754529e-01,1.167324339042726492e-17,1.876311757850208373e-01
2.649999999999999911e+00,3.450279277816292733e-01,5.782411586589357238e-18,1.877236949444464620e-01
2.652000000000000135e+00,3.446610375621297351e-01,2.750259510871562812e-17,1.878161277537842289e-01
2.653999999999999915e+00,3.442948186118393039e-01,8.637477307467852505e-18,1.879084740831362399e-01
2.656000000000000139e+00,3.439292693281679192e-01,6.794333614242494196e-18,1.880007338046660592e-01
2.657999999999999918e+00,3.435643881125436394e-01,5.348730717595155465e-18,1.880929067925750930e-01
2.660000000000000142e+00,3.432001733711125269e-01,3.830847676115449257e-18,1.881849929230931806e-01
2.661999999999999922e+00,3.428366235139428397e-01,9.757819552369539906e-18,1.882769920744587488e-01
2.664000000000000146e+00,3.424737369559203159e-01,4.589789196855302361e-18,1.883689041269057673e-01
2.665999999999999925e+00,3.421115121155153815e-01,5.059610138265687102e-18,1.884607289626498983e-01
2.668000000000000149e+00,3.417499474160621276e-01,2.059984127722458425e-18,1.885524664658707605e-01
2.669999999999999929e+00,3.413890412850477674e-01,1.163710331801108041e-17,1.886441165226936112e-01
2.672000000000000153e+00,3.410287921539350009e-01,1.279358563532895232e-17,1.887356790211838498e-01
2.673999999999999932e+00,3.406691984588263722e-01,6.252232527999741979e-18,1.888271538513222048e-01
2.676000000000000156e+00,3.403102586397324103e-01,1.879283765641541122e-17,1.889185409049976561e-01
2.677999999999999936e+00,3.399519711410228240e-01,8.745897524716402948e-18,1.890098400759854802e-01
2.680000000000000160e+00,3.395943344113483420e-01,1.250446505599948396e-17,1.891010512599387294e-01
2.681999999999999940e+00,3.392373469035092626e-01,4.951189921017136659e-18,1.891921743543684975e-01
2.684000000000000163e+00,3.388810070744945335e-01,1.069746143519031093e-17,1.892832092586362314e-01
2.685999999999999943e+00,3.385253133853183272e-01,2.081668171172168513e-17,1.893741558739332476e-01
2.688000000000000167e+00,3.381702643014321552e-01,1.445602896647339348e-17,1.894650141032668544e-01
2.689999999999999947e+00,3.378158582920995912e-01,6.649773324577760785e-18,1.895557838514502214e-01
2.692000000000000171e+00,3.374620938313199758e-01,2.385244779468109755e-18,1.896464650250876127e-01
2.693999999999999950e+00,3.371089693966453638e-01,1.474514954580286030e-17,1.897370575325547648e-01
2.696000000000000174e+00,3.367564834698733023e-01,4.878909776184769953e-18,1.898275612839925297e-01
2.697999999999999954e+00,3.364046345371285440e-01,2.168404344971008868e-18,1.899179761912876685e-01
2.700000000000000178e+00,3.360534210882200057e-01,1.770863548392990447e-18,1.900083021680619988e-01
2.701999999999999957e+00,3.357028416178593488e-01,6.035392093502641093e-18,1.900985391296578231e-01
2.704000000000000181e+00,3.353528946238526487e-01,3.939267893363999700e-18,1.901886869931234958e-01
2.705999999999999961e+00,3.350035786087630640e-01,1.734723475976807094e-17,1.902787456772044028e-01
2.708000000000000185e+00,3.346548920788237069e-01,7.300294628069062675e-18,1.903687151023228386e-01
2.709999999999999964e+00,3.343068335447867412e-01,9.468698973040071543e-18,1.904585951905699848e-01
2.712000000000000188e+00,3.339594015206444055e-01,3.397166807121247098e-18,1.905483858656894791e-01
2.713999999999999968e+00,3.336125945251389169e-01,2.457524924300476845e-18,1.906380870530673677e-01
2.716000000000000192e+00,3.332664110809986369e-01,2.891205793294678330e-19,1.907276986797163121e-01
2.717999999999999972e+00,3.329208497143589796e-01,9.035018104045869770e-18,1.908172206742655697e-01
2.720000000000000195e+00,3.325759089559774395e-01,1.716653439768715457e-17,1.909066529669475876e-01
2.721999999999999975e+00,3.322315873404058095e-01,2.312964634635742664e-18,1.909959954895785739e-01
2.724000000000000199e+00,3.318878834057663596e-01,1.026378056619610916e-17,1.910852481755593024e-01
2.725999999999999979e+00,3.315447956947323860e-01,6.866613759074861094e-19,1.911744109598491337e-01
2.728000000000000203e+00,3.312023227536258219e-01,2.493664996716660198e-18,1.912634837789617404e-01
2.729999999999999982e+00,3.308604631326410583e-01,2.204544417387192221e-18,1.913524665709503969e-01
2.732000000000000206e+00,3.305192153862499538e-01,1.142026288351397952e-17,1.914413592753942683e-01
2.733999999999999986e+00,3.301785780723562880e-01,1.232376469391856758e-17,1.915301618333885014e-01
2.736000000000000210e+00,3.298385497532230204e-01,7.047314121155778821e-18,1.916188741875317070e-01
2.737999999999999989e+00,3.294991289946267443e-01,5.963111948670274387e-18,1.917074962819111106e-01
2.740000000000000213e+00,3.291603143665398079e-01,5.059610138265687102e-18,1.917960280620955027e-01
2.741999999999999993e+00,3.288221044426471451e-01,1.517883041479706208e-17,1.918844694751181412e-01
2.744000000000000217e+00,3.284844978004137772e-01,1.373322751814972219e-18,1.919728204694670926e-01
2.745999999999999996e+00,3.281474930214010044e-01,1.770863548392990447e-18,1.920610809950801245e-01
2.748000000000000220e+00,3.278110886907263932e-01,4.372948762358201474e-18,1.921492510033158407e-01
2.750000000000000000e+00,3.274752833976855015e-01,3.614007241618348370e-18,1.922373304469616462e-01
2.752000000000000224e+00,3.271400757352438404e-01,1.481742969063522662e-18,1.923253192802119038e-01
2.754000000000000004e+00,3.268054642998734494e-01,6.143812310751192114e-19,1.924132174586564992e-01
2.756000000000000227e+00,3.264714476922563335e-01,9.685539407537172430e-18,1.925010249392708483e-01
2.758000000000000007e+00,3.261380245167444514e-01,1.004694013169900827e-17,1.925887416804064334e-01
2.760000000000000231e+00,3.258051933815444556e-01,3.939267893363999700e-18,1.926763676417810878e-01
2.762000000000000011e+00,3.254729528981847864e-01,9.107298248878237246e-18,1.927639027844592345e-01
2.764000000000000234e+00,3.251413016826880664e-01,6.866613759074861094e-19,1.928513470708502764e-01
2.766000000000000014e+00,3.248102383543809424e-01,6.216092455583559012e-18,1.929387004646938297e-01
2.768000000000000238e+00,3.244797615359473753e-01,3.975407965780182764e-19,1.930259629310457914e-01
2.770000000000000018e+00,3.241498698549172275e-01,1.134798273868161359e-17,1.931131344362777003e-01
2.772000000000000242e+00,3.238205619413143665e-01,1.395006795264682269e-17,1.932002149480517850e-01
2.774000000000000021e+00,3.234918364297918458e-01,5.782411586589356660e-19,1.932872044353215191e-01
2.776000000000000245e+00,3.231636919580616052e-01,2.855065720878494881e-18,1.933741028683166052e-01
2.778000000000000025e+00,3.228361271681556843e-01,1.517883041479706208e-18,1.934609102185336493e-01
2.780000000000000249e+00,3.225091407048097381e-01,4.192248400277283555e-18,1.935476264587197015e-01
2.782000000000000028e+00,3.221827312175804536e-01,5.999252021086458125e-18,1.936342515628791394e-01
2.784000000000000252e+00,3.218568973588133986e-01,7.336434700485247184e-18,1.937207855062391681e-01
2.786000000000000032e+00,3.215316377850818697e-01,8.998878031629686802e-18,1.938072282652573419e-01
2.788000000000000256e+00,3.212069511561246316e-01,9.107298248878237246e-18,1.938935798176062986e-01
2.790000000000000036e+00,3.208828361355635650e-01,1.156482317317871448e-17,1.939798401421620744e-01
2.792000000000000259e+00,3.205592913905341845e-01,3.686287386450715076e-18,1.940660092189961938e-01
2.794000000000000039e+00,3.202363155919947246e-01,1.004694013169900827e-17,1.941520870293646783e-01
2.796000000000000263e+00,3.199139074142713923e-01,4.264528545109651031e-18,1.942380735556982763e-01
2.798000000000000043e+00,3.195920655352786355e-01,1.843143693225357538e-18,1.943239687815930539e-01
2.800000000000000266e+00,3.192707886367003312e-01,2.645453300864630819e-17,1.944097726918007640e-01
2.802000000000000046e+00,3.189500754034639840e-01,4.409088834774384442e-18,1.944954852722160787e-01
2.804000000000000270e+00,3.186299245244725853e-01,6.758193541826311229e-18,1.945811065098735082e-01
2.806000000000000050e+00,3.183103346916560383e-01,1.134798273868161359e-17,1.946666363929341892e-01
2.808000000000000274e+00,3.179913046010831579e-01,2.349104707051926402e-18,1.947520749106689264e-01
2.810000000000000053e+00,3.176728329519491467e-01,1.499813005271614570e-17,1.948374220534684897e-01
2.812000000000000277e+00,3.173549184469734996e-01,7.228014483236696740e-18,1.949226778128112236e-01
2.814000000000000057e+00,3.170375597924639521e-01,4.698209414103852226e-19,1.950078421812686813e-01
2.815999999999999837e+00,3.167207556984514838e-01,5.782411586589357238e-18,1.950929151524921912e-01
2.818000000000000060e+00,3.164045048780472769e-01,5.059610138265687680e-19,1.951778967212044746e-01
2.819999999999999840e+00,3.160888060479045691e-01,6.758193541826311229e-18,1.952627868831885438e-01
2.822000000000000064e+00,3.157736579283714207e-01,5.348730717595155465e-18,1.953475856352779039e-01
2.823999999999999844e+00,3.154590592433486052e-01,2.023844055306275072e-18,1.954322929753548876e-01
2.826000000000000068e+00,3.151450087196714378e-01,3.108046227791779506e-18,1.955169089023319207e-01
2.827999999999999847e+00,3.148315050882892763e-01,2.963485938127045325e-18,1.956014334161491341e-01
2.830000000000000071e+00,3.145185470829012786e-01,9.504839045456256052e-18,1.956858665177634293e-01
2.831999999999999851e+00,3.142061334410257700e-01,1.192622389734054877e-18,1.957702082091416496e-01
2.834000000000000075e+00,3.138942629035916809e-01,2.891205793294678619e-18,1.958544584932453980e-01
2.835999999999999854e+00,3.135829342147431475e-01,3.903127820947815962e-18,1.959386173740336190e-01
2.838000000000000078e+00,3.132721461221841253e-01,6.685913396993943753e-18,1.960226848564441127e-01
2.839999999999999858e+00,3.129618973770078583e-01,6.505213034913026604e-19,1.961066609463905097e-01
2.842000000000000082e+00,3.126521867333380555e-01,1.452830911130575942e-17,1.961905456507498924e-01
2.843999999999999861e+00,3.123430129492916763e-01,1.488970983546759525e-17,1.962743389773608516e-01
2.846000000000000085e+00,3.120343747857248218e-01,2.240684489803375959e-18,1.963580409350058620e-01
2.847999999999999865e+00,3.117262710072026266e-01,8.023096076392732812e-18,1.964416515334112268e-01
2.850000000000000089e+00,3.114187003813704280e-01,1.416690838714392358e-17,1.965251707832367245e-01
2.851999999999999869e+00,3.111116616794902257e-01,2.602085213965210642e-18,1.966085986960640908e-01
2.854000000000000092e+00,3.108051536759468547e-01,7.336434700485247184e-18,1.966919352843945756e-01
2.855999999999999872e+00,3.104991751483616724e-01,2.349104707051926402e-18,1.967751805616356486e-01
2.858000000000000096e+00,3.101937248780615164e-01,8.239936510889833698e-18,1.968583345420952813e-01
2.859999999999999876e+00,3.098888016489809161e-01,6.505213034913026604e-19,1.969413972409743974e-01
2.862000000000000099e+00,3.095844042489126480e-01,1.290200585257750276e-17,1.970243686743599620e-01
2.863999999999999879e+00,3.092805314688611418e-01,3.288746589872696655e-18,1.971072488592176264e-01
2.866000000000000103e+00,3.089771821025024678e-01,2.023844055306275072e-18,1.971900378133738529e-01
2.867999999999999883e+00,3.086743549474810777e-01,4.662069341687669066e-18,1.972727355555278506e-01
2.870000000000000107e+00,3.083720488047063668e-01,2.237070482561757585e-17,1.973553421052261503e-01
2.871999999999999886e+00,3.080702624775319975e-01,1.767249541151372227e-17,1.974378574828645483e-01
2.874000000000000110e+00,3.077689947732835662e-01,3.361026734705063745e-18,1.975202817096751995e-01
2.875999999999999890e+00,3.074682445020897603e-01,1.843143693225357538e-18,1.976026148077232869e-01
2.878000000000000114e+00,3.071680104775644793e-01,6.071532165918824830e-18,1.976848567998992501e-01
2.879999999999999893e+00,3.068682915164302472e-01,6.541353107329210342e-18,1.977670077099073498e-01
2.882000000000000117e+00,3.065690864384400527e-01,1.293814592499368573e-17,1.978490675622648354e-01
2.883999999999999897e+00,3.062703940665869595e-01,2.855065720878494881e-18,1.979310363822888996e-01
2.886000000000000121e+00,3.059722132272497674e-01,1.055290114552557598e-17,1.980129141960904893e-01
2.887999999999999901e+00,3.056745427497311596e-01,1.131184266626542908e-17,1.980947010305722511e-01
2.890000000000000124e+00,3.053773814664424435e-01,7.589415207398531038e-18,1.981763969134155701e-01
2.891999999999999904e+00,3.050807282133050080e-01,9.287998610959155165e-18,1.982580018730753790e-01
2.894000000000000128e+00,3.047845818286845088e-01,1.373322751814972219e-18,1.983395159387709439e-01
2.895999999999999908e+00,3.044889411550286695e-01,2.168404344971008868e-19,1.984209391404893330e-01
2.898000000000000131e+00,3.041938050369132895e-01,1.376936759056590631e-17,1.985022715089616585e-01
2.899999999999999911e+00,3.038991723228257058e-01,9.035018104045870925e-19,1.985835130756695155e-01
2.902000000000000135e+00,3.036050418637756820e-01,8.637477307467852505e-18,1.986646638728305769e-01
2.903999999999999915e+00,3.033114125141125328e-01,4.083828183028733111e-18,1.987457239334016468e-01
2.906000000000000139e+00,3.030182831314327530e-01,2.038300084272748336e-17,1.988266932910581763e-01
2.907999999999999918e+00,3.027256525759227657e-01,1.770863548392990447e-18,1.989075719802004816e-01
2.910000000000000142e+00,3.024335197113998674e-01,1.720267447010333599e-17,1.989883600359363403e-01
2.911999999999999922e+00,3.021418834042002288e-01,7.517135062566163562e-18,1.990690574940842394e-01
2.914000000000000146e+00,3.018507425241097053e-01,8.384496800554567109e-18,1.991496643911593589e-01
2.915999999999999925e+00,3.015600959437172435e-01,5.348730717595155465e-18,1.992301807643700462e-01
2.918000000000000149e+00,3.012699425387985741e-01,1.987703982890091334e-18,1.993106066516133756e-01
2.919999999999999929e+00,3.009802811880852857e-01,8.637477307467852505e-18,1.993909420914637964e-01
2.922000000000000153e+00,3.006911107733323263e-01,1.958791924957144575e-17,1.994711871231754918e-01
2.923999999999999932e+00,3.004024301789733897e-01,3.361026734705063745e-18,1.995513417866605632e-01
2.926000000000000156e+00,3.001142382930055419e-01,2.891205793294678619e-18,1.996314061225022973e-01
2.927999999999999936e+00,2.998265340060548567e-01,1.879283765641540891e-18,1.997113801719354320e-01
2.930000000000000160e+00,2.995393162118737962e-01,1.333568672157170454e-17,1.997912639768419651e-01
2.931999999999999940e+00,2.992525838069006738e-01,8.312216655722200982e-19,1.998710575797494060e-01
2.934000000000000163e+00,2.989663356909950664e-01,1.066132136277412642e-17,1.999507610238238642e-01
2.935999999999999943e+00,2.986805707665070031e-01,1.474514954580286030e-17,2.000303743528573097e-01
2.938000000000000167e+00,2.983952879390869839e-01,2.674365358797577732e-18,2.001098976112726247e-01
2.939999999999999947e+00,2.981104861169932008e-01,4.264528545109651031e-18,2.001893308441074493e-01
2.942000000000000171e+00,2.978261642117487895e-01,1.048062100069321004e-17,2.002686740970141543e-01
2.943999999999999950e+00,2.975423211376231336e-01,2.276824562219559311e-17,2.003479274162535961e-01
2.946000000000000174e+00,2.972589558116105479e-01,6.071532165918824830e-18,2.004270908486878444e-01
2.947999999999999954e+00,2.969760671538921315e-01,2.891205793294678619e-18,2.005061644417739375e-01
2.950000000000000178e+00,2.966936540875018125e-01,8.962737959213503835e-18,2.005851482435603295e-01
2.951999999999999957e+00,2.964117155380705526e-01,1.073360150760649390e-17,2.006640423026778697e-01
2.954000000000000181e+00,2.961302504346434716e-01,4.047688110612550144e-18,2.007428466683381374e-01
2.955999999999999961e+00,2.958492577085110042e-01,7.950815931560365336e-18,2.008215613903266694e-01
2.958000000000000185e+00,2.955687362942711616e-01,3.614007241618348274e-19,2.009001865189948832e-01
2.959999999999999964e+00,2.952886851292966242e-01,9.035018104045869770e-18,2.009787221052572737e-01
2.962000000000000188e+00,2.950091031536068442e-01,2.132264272554825515e-18,2.010571682005857230e-01
2.963999999999999968e+00,2.947299893102908186e-01,5.059610138265687102e-18,2.011355248570027843e-01
2.966000000000000192e+00,2.944513425448711530e-01,8.890457814381136359e-18,2.012137921270773233e-01
2.967999999999999972e+00,2.941731618063450071e-01,1.879283765641540891e-18,2.012919700639177467e-01
2.970000000000000195e+00,2.938954460459513029e-01,2.565945141549027289e-18,2.013700587211705584e-01
2.971999999999999975e+00,2.936181942179203475e-01,5.999252021086458125e-18,2.014480581530085357e-01
2.974000000000000199e+00,2.933414052792215898e-01,1.586549179070454924e-17,2.015259684141323393e-01
2.975999999999999979e+00,2.930650781897803370e-01,1.409462824231155764e-17,2.016037895597615759e-01
2.978000000000000203e+00,2.927892119121544567e-01,4.698209414103852804e-18,2.016815216456281923e-01
2.979999999999999982e+00,2.925138054116231956e-01,2.168404344971008868e-19,2.017591647279786404e-01
2.982000000000000206e+00,2.922388576563861307e-01,2.656295322589485863e-17,2.018367188635578346e-01
2.983999999999999986e+00,2.919643676173535596e-01,1.337182679398788866e-18,2.019141841096137868e-01
2.986000000000000210e+00,2.916903342679333377e-01,2.587629184998737146e-17,2.019915605238880307e-01
2.987999999999999989e+00,2.914167565847805008e-01,5.637851296924623057e-18,2.020688481646084611e-01
2.990000000000000213e+00,2.911436335466497383e-01,3.866987748531632225e-18,2.021460470904921647e-01
2.991999999999999993e+00,2.908709641354860764e-01,4.336808689942017736e-19,2.022231573607330413e-01
2.994000000000000217e+00,2.905987473361122397e-01,1.438374882164102446e-17,2.023001790349984452e-01
2.995999999999999996e+00,2.903269821351521784e-01,7.300294628069062675e-18,2.023771121734296852e-01
2.998000000000000220e+00,2.900556675230667736e-01,4.842769703768586215e-18,2.024539568366284237e-01
3.000000000000000000e+00,2.897848024920968157e-01,3.975407965780182764e-19,2.025307130856590365e-01
