# delta,gap,coarse,fine
0.000000000000000000e+00,-1.776356839400250465e-14,1.211146378525947281e-01,1.597670414219744539e-01
2.000000000000000042e-03,3.552713678800500929e-15,8.760543819883087613e-02,4.233149214806099930e-02
4.000000000000000083e-03,-2.000160989394816013e+00,3.738587495249218184e-02,3.541404254627660703e-02
6.000000000000000125e-03,-1.740829702612245455e-13,2.125472276823835160e-02,2.591368695659352142e-02
8.000000000000000167e-03,-2.664535259100375697e-14,9.336768365912063994e-02,3.253239684860530223e-02
1.000000000000000021e-02,1.953992523340275511e-14,4.565812451667839583e-02,3.639771787876652787e-02
1.200000000000000025e-02,-4.796163466380676255e-14,3.326161898325969563e-02,2.946345416598576336e-02
1.400000000000000029e-02,-3.375077994860475883e-14,1.520607219869597460e-01,3.572616677559015824e-02
1.600000000000000033e-02,-1.065814103640150279e-14,4.274027120724450679e-01,2.964885646257801877e-02
1.800000000000000211e-02,-1.065814103640150279e-14,1.383202681844053483e-01,4.006495454708737525e-02
2.000000000000000042e-02,-2.664535259100375697e-14,1.473369604220834961e-01,3.272927633938380737e-02
2.199999999999999872e-02,-9.769962616701377556e-14,8.129469385924385783e-02,3.483704459635248579e-02
2.400000000000000050e-02,-3.552713678800500929e-15,1.239296124003405192e-01,3.731788444152152329e-02
2.600000000000000228e-02,4.739467231620686505e-02,1.681655708929613302e-01,3.762853306224366728e-02
2.800000000000000058e-02,3.907985046680551022e-14,1.597524903991139611e-01,3.551510379402433165e-02
2.999999999999999889e-02,5.470781785491141136e-02,9.365019498017211619e-02,3.756104004538714930e-02
3.200000000000000067e-02,-6.217248937900876626e-14,2.885966419239528388e-02,3.593585721223190727e-02
3.400000000000000244e-02,6.202674182667955449e-02,1.597887240748198379e-02,3.068240222944461706e-02
3.600000000000000422e-02,-4.085620730620576069e-14,6.870656104583250379e-02,4.384121916577360389e-02
3.799999999999999906e-02,2.309263891220325604e-14,7.453545557589062731e-02,3.712601815118629633e-02
4.000000000000000083e-02,7.301596469321580685e-02,2.055857085501209755e-02,2.790641777101944554e-02
4.200000000000000261e-02,-3.375077994860475883e-14,7.330274244278034423e-02,3.103751098858916271e-02
4.399999999999999745e-02,8.034933942691147024e-02,9.810441189191564104e-02,3.667224076365312863e-02
4.599999999999999922e-02,1.243449787580175325e-14,2.881534405328810000e-01,3.576013975890716262e-02
4.800000000000000100e-02,-6.217248937900876626e-14,5.202068108304611777e-02,3.599359684148451671e-02
5.000000000000000278e-02,9.136024339116488591e-02,1.194078826193312598e-01,3.936613184983474983e-02
5.200000000000000455e-02,7.283063041541026905e-14,1.867126344661945367e-02,4.094650422147300822e-02
5.399999999999999939e-02,9.870807546079696237e-02,2.657541979962647558e-02,2.747665683592951172e-02
5.600000000000000117e-02,3.375077994860475883e-14,3.688799838316873109e-02,3.835211923411870755e-02
5.800000000000000294e-02,-4.796163466380676255e-14,9.640127028092758399e-02,3.586137221694370852e-02
5.999999999999999778e-02,-4.263256414560601115e-14,2.875304378080047463e-01,2.683829276501995334e-02
6.199999999999999956e-02,1.598721155460225418e-14,4.745066361844477165e-02,2.796806784224292047e-02
6.400000000000000133e-02,3.019806626980425790e-14,1.775795252404396007e-01,4.016782019359057404e-02
6.600000000000000311e-02,-5.506706202140776441e-14,1.837741643042565100e-03,3.367153174599953752e-02
6.800000000000000488e-02,1.421085471520200372e-14,2.729406045288286786e-01,2.770604272091230572e-02
7.000000000000000666e-02,-1.296740492762182839e-13,1.924111011546252026e-02,3.168918984805112193e-02
7.200000000000000844e-02,-1.030286966852145270e-13,3.790349584380892783e-02,3.589488399232349664e-02
7.399999999999999634e-02,-1.598721155460225418e-14,1.501268158556760823e-01,3.572574635467251625e-02
7.599999999999999811e-02,1.598721155460225418e-14,8.553325185277589615e-02,3.366089968409151367e-02
7.799999999999999989e-02,1.243449787580175325e-14,1.736308112730829438e-03,4.064295572130567635e-02
8.000000000000000167e-02,-5.151434834260726348e-14,3.181234127299801401e-02,2.791173781431816048e-02
8.200000000000000344e-02,-4.085620730620576069e-14,1.457582920603558985e-01,3.495621444512541504e-02
8.400000000000000522e-02,7.105427357601001859e-15,6.142472729961436645e-02,4.456071564629204146e-02
8.600000000000000699e-02,-1.012523398458142765e-13,6.617705688989920787e-02,3.471497841531712841e-02
8.799999999999999489e-02,-1.776356839400250465e-15,1.022238845664142221e-01,2.493439588732045478e-02
8.999999999999999667e-02,-2.842170943040400743e-14,9.628865024003025602e-03,3.519955865030938852e-02
9.199999999999999845e-02,-1.048050535246147774e-13,8.709644195964177937e-02,3.113538718814492373e-02
9.400000000000000022e-02,-4.796163466380676255e-14,1.835821066234877008e-01,2.801673196233385454e-02
9.600000000000000200e-02,-5.861977570020826533e-14,8.826960551050040682e-02,3.481039042012222529e-02
9.800000000000000377e-02,-8.881784197001252323e-14,2.001480912955226898e-01,3.104961938633093652e-02
1.000000000000000056e-01,-5.506706202140776441e-14,1.448670757420928157e-01,3.103595321723118250e-02
1.020000000000000073e-01,-5.329070518200751394e-14,2.562856644090239500e-01,3.337772955617977072e-02
1.040000000000000091e-01,-3.552713678800500929e-15,1.120134684909521311e-01,3.174316668204645725e-02
1.059999999999999970e-01,-3.907985046680551022e-14,1.653992727622650982e-01,2.294000654669995851e-02
1.079999999999999988e-01,8.171241461241152138e-14,1.248844545650457799e-02,2.813660511693006835e-02
1.100000000000000006e-01,-7.993605777301127091e-14,3.463715080630758170e-03,3.721625767810152891e-02
1.120000000000000023e-01,-1.847411112976260483e-13,3.579386981958880554e-02,3.418762574421865819e-02
1.140000000000000041e-01,2.096202811788714371e-01,1.249803541590972927e-01,3.253077133304196206e-02
1.160000000000000059e-01,-4.796163466380676255e-14,6.495045757314661661e-02,3.647925704094340943e-02
1.180000000000000077e-01,-1.776356839400250465e-15,3.567209406330035162e-03,3.604513970030941150e-02
1.199999999999999956e-01,5.861977570020826533e-14,1.827313153495128406e-01,3.020607273066194115e-02
1.219999999999999973e-01,2.245070921155640775e-01,5.766675817867211035e-02,3.146235242538691912e-02
1.239999999999999991e-01,-4.796163466380676255e-14,7.769660386720224354e-02,3.141802803126102217e-02
1.260000000000000009e-01,-7.815970093361102045e-14,2.840103556551063554e-03,3.960576030451377905e-02
1.280000000000000027e-01,3.552713678800500929e-14,3.521796857644603988e-03,3.107537592264986159e-02
1.300000000000000044e-01,7.460698725481051952e-14,6.326964352961893245e-02,3.275554457033495043e-02
1.320000000000000062e-01,-4.618527782440651208e-14,1.604243176478500899e-01,2.819762765906886487e-02
1.340000000000000080e-01,2.842170943040400743e-14,1.211467352887220378e-01,3.867703652685015869e-02
1.360000000000000098e-01,-1.101341240428155288e-13,2.046505255952663083e-01,3.081299848840414815e-02
1.380000000000000115e-01,-3.552713678800500929e-14,1.109081410132854995e-01,3.697600657721947931e-02
1.400000000000000133e-01,-6.394884621840901673e-14,2.689792568519523974e-01,3.170197190885675614e-02
1.420000000000000151e-01,2.618256499180482422e-01,2.165950190481872803e-02,3.310792236431411156e-02
1.440000000000000169e-01,-7.993605777301127091e-14,1.947000911759619035e-01,2.653273848609397773e-02
1.459999999999999909e-01,-3.907985046680551022e-14,1.852472682506246249e-01,2.474567468510530457e-02
1.479999999999999927e-01,2.730495125055796279e-01,1.315808349427616541e-01,3.130200022825114364e-02
1.499999999999999944e-01,-8.171241461241152138e-14,6.807383769588849776e-02,2.822066379943518472e-02
1.519999999999999962e-01,-6.927791673660976812e-14,4.931105693336843704e-02,3.100329873049867055e-02
1.539999999999999980e-01,-3.907985046680551022e-14,1.390106583121571426e-01,3.233070300101623801e-02
1.559999999999999998e-01,-3.730349362740525976e-14,1.385550394800906526e-01,2.893800394808333440e-02
1.580000000000000016e-01,-5.329070518200751394e-15,7.498034210768456109e-02,2.509839553566518139e-02
1.600000000000000033e-01,-2.149391775674303062e-13,2.404282110185603991e-02,2.935354633843481609e-02
1.620000000000000051e-01,-1.172395514004165307e-13,7.947980854649780436e-02,3.699482467068279656e-02
1.640000000000000069e-01,-3.907985046680551022e-14,9.051563874164796075e-02,2.833230412965518502e-02
1.660000000000000087e-01,-1.296740492762182839e-13,1.154105464206020559e-01,3.097806167070325800e-02
1.680000000000000104e-01,-3.552713678800500929e-15,1.058501860203923534e-01,2.670506644022139706e-02
1.700000000000000122e-01,-1.953992523340275511e-14,6.177311543917071018e-02,2.489398047214107929e-02
1.720000000000000140e-01,-3.019806626980425790e-14,1.121347444563908780e-01,4.063262131954261530e-02
1.740000000000000158e-01,-1.243449787580175325e-14,5.625533200754962576e-02,3.106394377449593625e-02
1.759999999999999898e-01,-6.750155989720951766e-14,3.278572231457211883e-01,2.386156207743005131e-02
1.779999999999999916e-01,-1.225686219186172821e-13,3.642191505263101241e-03,2.796278592574941851e-02
1.799999999999999933e-01,3.331308203264757850e-01,7.062285306441647148e-02,3.288114625136979302e-02
1.819999999999999951e-01,-1.669775429036235437e-13,9.986041774965910556e-02,2.756560396711387959e-02
1.839999999999999969e-01,-5.151434834260726348e-14,1.232238976595221719e-01,3.211237513316886338e-02
1.859999999999999987e-01,6.572520305780926719e-14,2.272692754427894368e-01,2.859937864948871797e-02
1.880000000000000004e-01,-9.592326932761352509e-14,9.511268567579793387e-02,3.108468539896343599e-02
1.900000000000000022e-01,-1.421085471520200372e-13,1.019130392742769731e-01,3.455068352937260001e-02
1.920000000000000040e-01,-4.973799150320701301e-14,5.056126102008389606e-02,2.401121307636000859e-02
1.940000000000000058e-01,-1.278976924368180335e-13,1.036360907009100246e-01,2.936677712205996993e-02
1.960000000000000075e-01,-1.456612608308205381e-13,1.374695293228918591e-01,3.476284159637774152e-02
1.980000000000000093e-01,3.670900096571649840e-01,1.680726302050825766e-02,2.707645621267747160e-02
2.000000000000000111e-01,2.486899575160350651e-14,4.305610943769415111e-01,1.708005654148809366e-02
2.020000000000000129e-01,-6.750155989720951766e-14,1.791352577057240547e-01,3.028971611349264709e-02
2.040000000000000147e-01,-4.085620730620576069e-14,1.583627453869250745e-01,3.190287595103945967e-02
2.060000000000000164e-01,-1.030286966852145270e-13,5.314281520365232020e-02,2.848905721093604113e-02
2.080000000000000182e-01,-1.563194018672220409e-13,4.624579639028206235e-02,2.908374781876960427e-02
2.099999999999999922e-01,-3.552713678800500929e-14,2.652009706247970278e-01,2.471934270814345191e-02
2.119999999999999940e-01,-1.065814103640150279e-13,2.856560758517954213e-01,3.081523746379145889e-02
2.139999999999999958e-01,-3.197442310920450836e-14,3.018152927032155541e-03,3.094862392344606070e-02
2.159999999999999976e-01,-1.154631945610162802e-13,1.059864716337961671e-01,2.702242191791770845e-02
2.179999999999999993e-01,5.329070518200751394e-15,1.168674839639563395e-01,2.516734085864142170e-02
2.200000000000000011e-01,-3.552713678800500929e-14,4.142505041840913171e-02,2.696478602898130794e-02
2.220000000000000029e-01,-5.329070518200751394e-15,7.981002726757806254e-02,2.640609911070776125e-02
2.240000000000000047e-01,-1.882938249764265493e-13,4.593124035801628841e-02,2.628070677681039122e-02
2.260000000000000064e-01,-1.492139745096210390e-13,6.410812498794450642e-02,2.422587320461678725e-02
2.280000000000000082e-01,-1.065814103640150279e-13,1.641358800859140654e-01,2.484959391358504410e-02
2.300000000000000100e-01,-1.403321903126197867e-13,8.981115603321247753e-02,2.898385582969936411e-02
2.320000000000000118e-01,-4.085620730620576069e-14,5.659543560547462132e-02,2.831599779229638722e-02
2.340000000000000135e-01,-5.329070518200751394e-14,1.583172136166017818e-01,2.845931940067348773e-02
2.360000000000000153e-01,-4.973799150320701301e-14,8.168760765376396893e-02,2.282799583285687051e-02
2.380000000000000171e-01,-5.861977570020826533e-14,1.260707094465838285e-01,2.197302333089310236e-02
2.399999999999999911e-01,-1.474376176702207886e-13,5.761288138266251746e-02,2.336139665197797810e-02
2.419999999999999929e-01,-1.421085471520200372e-14,2.759348992457887409e-02,2.667355705269381511e-02
2.439999999999999947e-01,-6.927791673660976812e-14,1.527017317933201668e-01,2.745399372293690077e-02
2.459999999999999964e-01,-3.907985046680551022e-14,4.357951086504741056e-02,3.295620532201688074e-02
2.479999999999999982e-01,-7.993605777301127091e-14,5.137498283041297409e-02,2.946843792081992389e-02
2.500000000000000000e-01,-1.101341240428155288e-13,5.912529150437070141e-02,2.431520251040817857e-02
2.520000000000000018e-01,-1.172395514004165307e-13,2.911195417482000461e-02,2.538700058559800049e-02
2.540000000000000036e-01,-7.460698725481051952e-14,6.656975197790519772e-02,2.108159497452914352e-02
2.560000000000000053e-01,-1.563194018672220409e-13,7.669252843710359924e-02,3.057280824667592961e-02
2.580000000000000071e-01,4.811382116232234551e-01,1.369510436668297249e-01,2.315100963326652272e-02
2.600000000000000089e-01,-1.509903313490212895e-13,6.423149906717581792e-02,3.325192864883336208e-02
2.620000000000000107e-01,4.887880052466559988e-01,1.487382296379665151e-03,2.796678998042213815e-02
2.640000000000000124e-01,4.926150867233136665e-01,1.127143817950533727e-01,2.592145474437872882e-02
2.660000000000000142e-01,-5.506706202140776441e-14,1.081937141264548291e-01,3.156190769301233517e-02
2.680000000000000160e-01,-5.506706202140776441e-14,1.255988959910139813e-01,2.628378729625926655e-02
2.700000000000000178e-01,-9.592326932761352509e-14,2.217897532399090155e-01,2.847665258549544193e-02
2.720000000000000195e-01,-1.314504061156185344e-13,1.318108653526079421e-01,2.617081842379116383e-02
2.740000000000000213e-01,-2.167155344068305567e-13,3.871290074428479500e-02,3.181110117587938185e-02
2.760000000000000231e-01,-1.953992523340275511e-13,2.156442524771350344e-01,2.811703949248877538e-02
2.780000000000000249e-01,-8.348877145181177184e-14,6.531586337741816795e-02,2.665586184551160462e-02
2.800000000000000266e-01,-3.552713678800500929e-14,1.185258102153677329e-01,3.171673431604338927e-02
2.820000000000000284e-01,-8.171241461241152138e-14,6.354907131178777480e-02,2.579752727213613026e-02
2.840000000000000302e-01,-8.704148513061227277e-14,2.084209788864580248e-01,2.817834368593536906e-02
2.860000000000000320e-01,-1.048050535246147774e-13,7.530380453500594429e-02,2.546349911973770988e-02
2.880000000000000338e-01,5.386536933353109902e-01,1.545764025743131265e-01,2.207903544046094582e-02
2.899999999999999800e-01,5.424997149372430272e-01,2.311944866191885817e-03,2.939801157544847873e-02
2.919999999999999818e-01,-1.207922650792170316e-13,1.349815905422273310e-01,2.735564119440900277e-02
2.939999999999999836e-01,-9.947598300641402602e-14,1.213209865303406243e-01,2.667197775039248375e-02
2.959999999999999853e-01,-7.105427357601001859e-15,8.327605240205775139e-02,2.428298740171761991e-02
2.979999999999999871e-01,-9.414691248821327463e-14,1.080134028244887495e-01,2.654884514979051133e-02
2.999999999999999889e-01,5.617516848357642090e-01,8.365610617426161300e-02,2.285108380450076582e-02
3.019999999999999907e-01,-8.881784197001252323e-14,1.456748987682644214e-01,2.486709242219953611e-02
3.039999999999999925e-01,5.694626761212475685e-01,6.032773309735871975e-02,2.477023309944881638e-02
3.059999999999999942e-01,-9.947598300641402602e-14,1.405778372472757387e-01,2.385850255711670365e-02
3.079999999999999960e-01,-1.367794766338192858e-13,1.173477491255947441e-01,2.295506537943510159e-02
3.099999999999999978e-01,-1.723066134218242951e-13,2.569002506891993609e-01,2.536058513195133327e-02
3.119999999999999996e-01,5.849021526514679437e-01,3.126536385006416924e-02,2.221522197872373428e-02
3.140000000000000013e-01,-9.414691248821327463e-14,2.035079037408028813e-01,2.478823844182128852e-02
3.160000000000000031e-01,-5.684341886080801487e-14,1.834476634042959964e-01,2.656643767150232080e-02
3.180000000000000049e-01,-1.225686219186172821e-13,1.475965116268087851e-01,1.915158354914861527e-02
3.200000000000000067e-01,-2.842170943040400743e-14,1.244887838477042874e-01,3.061051521748503132e-02
3.220000000000000084e-01,6.042343040648603392e-01,4.597139627224098440e-02,2.588725916422583706e-02
3.240000000000000102e-01,-1.385558334732195362e-13,2.008910196166707463e-01,2.420385356006269847e-02
3.260000000000000120e-01,-9.237055564881302416e-14,6.549112258358812111e-02,2.207140302753363495e-02
3.280000000000000138e-01,-1.065814103640150279e-13,2.701951384960719557e-02,1.961058597395290773e-02
3.300000000000000155e-01,-1.367794766338192858e-13,1.091368498015682503e-01,2.594879155601710966e-02
3.320000000000000173e-01,-1.545430450278217904e-13,2.721493886475294388e-02,2.035613283191077885e-02
3.340000000000000191e-01,-8.704148513061227277e-14,4.347237411976556665e-02,2.017392931540561499e-02
3.360000000000000209e-01,-1.456612608308205381e-13,1.382875230550741075e-01,2.018178314002322393e-02
3.380000000000000226e-01,-9.769962616701377556e-14,9.202221572403750105e-02,2.690185513385976585e-02
3.400000000000000244e-01,-1.314504061156185344e-13,9.144711746577889599e-02,2.572925164930449718e-02
3.420000000000000262e-01,6.430079843021623276e-01,4.264394050338906478e-02,3.263113770319872597e-02
3.440000000000000280e-01,-1.154631945610162802e-13,1.652919969181578519e-01,2.973066066350416731e-02
3.460000000000000298e-01,-1.225686219186172821e-13,8.520668493071847927e-02,2.562899124434962761e-02
3.480000000000000315e-01,-1.634248292248230428e-13,6.139977541108495446e-02,2.038121813703990676e-02
3.500000000000000333e-01,-1.403321903126197867e-13,1.172572496105487999e-01,2.637595038427529084e-02
3.519999999999999796e-01,-1.314504061156185344e-13,4.226524170007004561e-02,2.670779846024939203e-02
3.539999999999999813e-01,6.663422103893061887e-01,1.614444539362302755e-01,2.413850734376825694e-02
3.559999999999999831e-01,-1.136868377216160297e-13,1.424224954537276211e-01,2.082015726375414585e-02
3.579999999999999849e-01,-1.350031197944190353e-13,4.201721091110607875e-01,2.023108926878873157e-02
3.599999999999999867e-01,-1.119104808822157793e-13,1.326106173804535715e-01,2.218167686100770003e-02
3.619999999999999885e-01,-1.421085471520200372e-14,1.580411162623041599e-01,2.542005617975931497e-02
3.639999999999999902e-01,-1.296740492762182839e-13,1.947092146332758122e-01,2.173145771294771739e-02
3.659999999999999920e-01,-1.421085471520200372e-13,3.017121691555429419e-01,2.184070759253962241e-02
3.679999999999999938e-01,6.936318609450857764e-01,5.429228303265890010e-02,2.289747205934970081e-02
3.699999999999999956e-01,-1.332267629550187849e-13,1.574639630604498797e-01,2.273592548841969763e-02
3.719999999999999973e-01,-1.385558334732195362e-13,1.202725105425660884e-01,2.001292080792075809e-02
3.739999999999999991e-01,-1.385558334732195362e-13,1.012167039027924570e-01,2.126127037349460555e-02
3.760000000000000009e-01,-2.096101070492295548e-13,1.681196110441728619e-01,2.478430612097639804e-02
3.780000000000000027e-01,-7.815970093361102045e-14,5.528437405991748488e-02,2.259141191036519516e-02
3.800000000000000044e-01,-7.460698725481051952e-14,9.599468321901157009e-02,2.170879875517067736e-02
3.820000000000000062e-01,-1.421085471520200372e-13,7.434375590967313985e-02,2.089916334526508226e-02
3.840000000000000080e-01,-5.861977570020826533e-14,8.480174263912743093e-02,2.606832457630418876e-02
3.860000000000000098e-01,-1.652011860642232932e-13,8.087026561223024934e-02,2.459205610825325808e-02
3.880000000000000115e-01,-7.460698725481051952e-14,1.053621805189646765e-01,2.681067895400558732e-02
3.900000000000000133e-01,-1.048050535246147774e-13,4.891929695807718109e-02,2.227543333252725299e-02
3.920000000000000151e-01,-1.367794766338192858e-13,3.600955599085900872e-04,2.283769248229637269e-02
3.940000000000000169e-01,-6.394884621840901673e-14,2.114573054985290357e-01,2.420473994450044602e-02
3.960000000000000187e-01,-9.414691248821327463e-14,3.638125550038200789e-02,2.347057559927582387e-02
3.980000000000000204e-01,-1.740829702612245455e-13,1.283980799488630975e-01,2.068273790195830283e-02
4.000000000000000222e-01,-1.776356839400250465e-13,1.581083181218770617e-01,1.794114227696445504e-02
4.020000000000000240e-01,-5.329070518200751394e-15,2.752286202421181938e-01,1.860790388427221997e-02
4.040000000000000258e-01,-5.506706202140776441e-14,9.661761190799152133e-02,2.468081182147710551e-02
4.060000000000000275e-01,-3.730349362740525976e-14,6.396319523378128646e-02,2.597651950793130118e-02
4.080000000000000293e-01,-1.385558334732195362e-13,9.054544327295847850e-02,2.281597092264203361e-02
4.100000000000000311e-01,-2.486899575160350651e-13,8.267251188758620306e-02,2.077914798972262805e-02
4.120000000000000329e-01,-1.012523398458142765e-13,2.675817165570841191e-02,2.626841323515819240e-02
4.140000000000000346e-01,-5.329070518200751394e-15,3.845501282581002128e-02,2.051009739544789115e-02
4.160000000000000364e-01,-1.012523398458142765e-13,1.657753696817451661e-01,2.305851745645904477e-02
4.179999999999999827e-01,-1.900701818158267997e-13,1.920525029160627117e-01,2.483337668120828845e-02
4.199999999999999845e-01,-9.947598300641402602e-14,2.425446541109395893e-01,1.829305265930992325e-02
4.219999999999999862e-01,-1.492139745096210390e-13,1.062947847755883607e-01,2.300226228775842027e-02
4.239999999999999880e-01,-1.172395514004165307e-13,2.410367209572812086e-01,2.159971587475737267e-02
4.259999999999999898e-01,-6.927791673660976812e-14,1.641528723689748837e-01,2.097940173689869653e-02
4.279999999999999916e-01,-1.616484723854227923e-13,7.293259131508741944e-02,1.986353922713264206e-02
4.299999999999999933e-01,-1.278976924368180335e-13,1.189138265789341231e-02,2.451065706943139286e-02
4.319999999999999951e-01,-4.618527782440651208e-14,4.813842913807078738e-02,2.096460229782368817e-02
4.339999999999999969e-01,-6.572520305780926719e-14,1.132553310974802607e-01,2.189972830123668168e-02
4.359999999999999987e-01,-9.059419880941277370e-14,1.919303621984085051e-01,2.051343060747308489e-02
4.380000000000000004e-01,8.311529427936150682e-01,1.474153464161628291e-01,2.514256535452606689e-02
4.400000000000000022e-01,-1.012523398458142765e-13,2.339267223849566812e-01,1.935632400906877118e-02
4.420000000000000040e-01,-1.065814103640150279e-13,4.259771126164395988e-02,2.039104535394698631e-02
4.440000000000000058e-01,-1.474376176702207886e-13,1.979747041967819809e-01,2.267888569271917301e-02
4.460000000000000075e-01,-1.563194018672220409e-13,1.470122565658763814e-01,2.080074927675274604e-02
4.480000000000000093e-01,-7.993605777301127091e-14,3.361327614666023700e-02,2.381700128850035639e-02
4.500000000000000111e-01,-5.861977570020826533e-14,1.662705778826357658e-02,1.472277461618725324e-02
4.520000000000000129e-01,-1.225686219186172821e-13,2.102259670459780960e-01,2.043803923498117153e-02
4.540000000000000147e-01,-1.136868377216160297e-13,1.185922207503390252e-01,1.914216362231068932e-02
4.560000000000000164e-01,-1.154631945610162802e-13,6.639790526194649933e-02,2.156160980120257892e-02
4.580000000000000182e-01,-1.509903313490212895e-13,2.564225937130428790e-01,1.776521187122568832e-02
4.600000000000000200e-01,-8.348877145181177184e-14,4.847747759300749353e-03,2.080209684856743763e-02
4.620000000000000218e-01,-1.563194018672220409e-13,2.375932635875976917e-02,1.857139837090521911e-02
4.640000000000000235e-01,-9.414691248821327463e-14,1.525160289724084850e-01,2.389573046745633103e-02
4.660000000000000253e-01,-1.527666881884215400e-13,2.992631595771369567e-04,2.006699927583574170e-02
4.680000000000000271e-01,-1.403321903126197867e-13,2.202162343984294043e-02,1.956906850222779257e-02
4.700000000000000289e-01,8.946154656381519743e-01,2.587087065838578059e-01,2.130594434600655007e-02
4.720000000000000306e-01,8.985942873297609879e-01,2.407071023787175565e-02,1.654995450986279648e-02
4.740000000000000324e-01,-1.172395514004165307e-13,1.943684875090252451e-01,1.876551898530657431e-02
4.760000000000000342e-01,-1.438849039914202876e-13,5.933576086051706860e-02,2.278807423808315927e-02
4.780000000000000360e-01,-8.171241461241152138e-14,6.217862101951748821e-02,2.078146720559658628e-02
4.799999999999999822e-01,-1.083577672034152783e-13,5.052319081704135205e-03,2.274815719618607235e-02
4.819999999999999840e-01,-1.332267629550187849e-13,1.104422101045109544e-01,1.818761867254256245e-02
4.839999999999999858e-01,-1.616484723854227923e-13,3.446685954923187772e-02,1.807030479183268507e-02
4.859999999999999876e-01,-1.048050535246147774e-13,5.544601802715945493e-02,1.894536810818826453e-02
4.879999999999999893e-01,-8.881784197001252323e-14,1.718446980406371574e-02,1.708317368579330767e-02
4.899999999999999911e-01,-1.261213355974177830e-13,2.436794730330650582e-02,1.461739428837366753e-02
4.919999999999999929e-01,-9.947598300641402602e-14,1.490600100582824272e-01,2.132267266895472232e-02
4.939999999999999947e-01,-9.059419880941277370e-14,2.656622453210363485e-02,2.214549226915250857e-02
4.959999999999999964e-01,9.464540712898372732e-01,2.325269752210163687e-01,1.989006602416736047e-02
4.979999999999999982e-01,-6.927791673660976812e-14,2.795971138953969315e-01,1.870329498641675955e-02
5.000000000000000000e-01,-2.060573933704290539e-13,1.718795508349094461e-02,1.821761669114667706e-02
5.020000000000000018e-01,-1.190159082398167811e-13,5.567621002686732462e-02,1.727536983949286634e-02
5.040000000000000036e-01,-1.474376176702207886e-13,2.298367494990290194e-01,1.901952203609960299e-02
5.060000000000000053e-01,-9.414691248821327463e-14,3.741185082430011910e-01,1.411054817898475811e-02
5.080000000000000071e-01,-1.012523398458142765e-13,9.334638103955167354e-02,1.961410234895369711e-02
5.100000000000000089e-01,-9.237055564881302416e-14,1.621628309793966549e-01,2.010773730895033806e-02
5.120000000000000107e-01,9.784774407544531982e-01,2.927814506660477156e-01,1.695913622125041348e-02
5.140000000000000124e-01,9.824869345853137759e-01,9.783095740727769385e-02,1.808227149144503096e-02
5.160000000000000142e-01,-8.348877145181177184e-14,1.036983888134972998e-01,1.968411332267197555e-02
5.180000000000000160e-01,-1.278976924368180335e-13,2.711868837904104698e-02,1.830456791609789621e-02
5.200000000000000178e-01,-1.634248292248230428e-13,6.723162744561873849e-02,1.728406596012521321e-02
5.220000000000000195e-01,9.985395156528493743e-01,2.440189443410250847e-01,1.602089904303056339e-02
5.240000000000000213e-01,-7.105427357601001859e-14,2.895127977386154072e-02,1.908769275010776742e-02
5.260000000000000231e-01,-1.083577672034152783e-13,1.242226772679613234e-01,1.683339053188693743e-02
5.280000000000000249e-01,-1.278976924368180335e-13,4.901123251348438008e-03,1.797469219225548628e-02
5.300000000000000266e-01,-1.350031197944190353e-13,2.240302291662690445e-02,1.835078248419337241e-02
5.320000000000000284e-01,1.018638104474268502e+00,1.629513838131514958e-01,1.381558227463368545e-02
5.340000000000000302e-01,-8.881784197001252323e-14,9.716580791771676703e-03,2.132903487088178007e-02
5.360000000000000320e-01,-1.101341240428155288e-13,1.123628781447977287e-01,1.565354356334284006e-02
5.380000000000000338e-01,-1.918465386552270502e-13,2.687405377167233992e-03,1.994737533965293755e-02
5.400000000000000355e-01,-1.563194018672220409e-13,6.253353945504243339e-02,1.812897068554968072e-02
5.420000000000000373e-01,-9.237055564881302416e-14,1.225554240064821027e-01,1.745883024841358641e-02
5.440000000000000391e-01,-1.296740492762182839e-13,9.912253163699372843e-04,1.601992940237357416e-02
5.460000000000000409e-01,-1.936228954946273006e-13,1.370207457077836088e-01,1.756029635679750081e-02
5.480000000000000426e-01,-1.652011860642232932e-13,2.037877437290074312e-01,1.659461361472595528e-02
5.500000000000000444e-01,-8.348877145181177184e-14,5.659671840731137632e-02,1.765847281278408454e-02
5.520000000000000462e-01,-1.030286966852145270e-13,1.768731497895838223e-01,2.058691710795843011e-02
5.540000000000000480e-01,-8.526512829121202230e-14,8.174907115335009258e-03,1.754938235509416120e-02
5.560000000000000497e-01,-1.527666881884215400e-13,1.494928877002023315e-01,1.787613643632917151e-02
5.580000000000000515e-01,-1.616484723854227923e-13,1.030391491965469281e-01,1.748855716419505171e-02
5.600000000000000533e-01,-2.096101070492295548e-13,1.064025170044473195e-01,1.764951814298576852e-02
5.620000000000000551e-01,-1.989519660128280520e-13,8.717770412894061682e-02,1.484085839350136535e-02
5.640000000000000568e-01,1.083198948444406895e+00,3.074317663909202358e-01,1.268465987563542445e-02
5.660000000000000586e-01,-1.438849039914202876e-13,1.350680773670592805e-01,1.640716741175549109e-02
5.680000000000000604e-01,-1.367794766338192858e-13,4.189240929940571401e-02,1.540953449682346682e-02
5.700000000000000622e-01,-1.048050535246147774e-13,1.097879005604652236e-01,1.715957738597916407e-02
5.720000000000000639e-01,-1.119104808822157793e-13,2.385428262295726520e-01,1.588887494997824612e-02
5.740000000000000657e-01,-1.563194018672220409e-13,1.013624791034175021e-01,1.468656363640473590e-02
5.760000000000000675e-01,-1.811883976188255474e-13,1.806680547590191199e-01,1.436936055866009677e-02
5.779999999999999583e-01,-1.243449787580175325e-13,1.706108370540906083e-01,1.578716083863592606e-02
5.799999999999999600e-01,-1.190159082398167811e-13,1.017966210801660165e-01,1.665585016883312786e-02
5.819999999999999618e-01,-6.572520305780926719e-14,5.344303271979151254e-02,1.620061700925813294e-02
5.839999999999999636e-01,-1.403321903126197867e-13,4.982032017676944063e-02,1.764769392646985471e-02
5.859999999999999654e-01,-1.350031197944190353e-13,7.342872144947419633e-02,1.249712423030602780e-02
5.879999999999999671e-01,-7.105427357601001859e-14,2.680691395570854174e-02,1.811843785209862195e-02
5.899999999999999689e-01,-1.030286966852145270e-13,3.590822104104396395e-02,1.773783826664762642e-02
5.919999999999999707e-01,-1.332267629550187849e-13,3.104934377850235294e-01,1.650878194482193265e-02
5.939999999999999725e-01,-1.776356839400250465e-13,1.972738133109596115e-01,1.390895370912444140e-02
5.959999999999999742e-01,-1.048050535246147774e-13,6.838097629747054429e-02,1.910741377754890044e-02
5.979999999999999760e-01,-2.042810365310288034e-13,4.635207152800164578e-03,1.728096715917954579e-02
5.999999999999999778e-01,-7.283063041541026905e-14,3.623909147356338400e-02,1.633440625717921119e-02
6.019999999999999796e-01,-1.154631945610162802e-13,1.206758984349208252e-01,1.418430128016544799e-02
6.039999999999999813e-01,-1.012523398458142765e-13,1.359127746359064803e-01,1.600237411467270512e-02
6.059999999999999831e-01,-1.083577672034152783e-13,4.107228218605458309e-02,1.272358491292688819e-02
6.079999999999999849e-01,-1.385558334732195362e-13,1.723882787187970556e-01,1.260840639311446541e-02
6.099999999999999867e-01,-9.059419880941277370e-14,9.555369070273839888e-03,1.796457016885529695e-02
6.119999999999999885e-01,-1.705302565824240446e-13,8.954672771502645082e-03,1.337598825624922681e-02
6.139999999999999902e-01,-2.007283228522283025e-13,1.884202067047572038e-01,1.614704168912504956e-02
6.159999999999999920e-01,-1.474376176702207886e-13,7.735385949602686939e-02,1.636557198254708773e-02
6.179999999999999938e-01,-4.973799150320701301e-14,2.677323043563824626e-02,1.384175200273033909e-02
6.199999999999999956e-01,-6.217248937900876626e-14,4.261311861592378958e-02,1.481816649793004509e-02
6.219999999999999973e-01,-1.172395514004165307e-13,2.443331795211920177e-01,1.674385319468711664e-02
6.239999999999999991e-01,-1.278976924368180335e-13,8.173229415737186254e-02,1.492821764551768501e-02
6.260000000000000009e-01,-1.794120407794252969e-13,7.744041938775339702e-03,1.163068231895714698e-02
6.280000000000000027e-01,-1.545430450278217904e-13,1.681114444475780567e-01,1.400078244567923465e-02
6.300000000000000044e-01,-1.829647544582257979e-13,5.983173147927287744e-02,1.718991153293636040e-02
6.320000000000000062e-01,-7.815970093361102045e-14,2.448696778881177816e-01,1.154117818763506984e-02
6.340000000000000080e-01,-1.136868377216160297e-13,8.388346115859036944e-02,1.717417882396430825e-02
6.360000000000000098e-01,-1.296740492762182839e-13,1.896321454281424124e-01,1.185886318226751258e-02
6.380000000000000115e-01,-1.243449787580175325e-13,4.209115292134366776e-02,1.505736087389607757e-02
6.400000000000000133e-01,-1.314504061156185344e-13,4.974365880898286990e-02,1.291416326919551071e-02
6.420000000000000151e-01,-1.829647544582257979e-13,8.646377438412494731e-02,1.415483902304056490e-02
6.440000000000000169e-01,-2.096101070492295548e-13,1.099247566303118012e-01,1.208380367439616798e-02
6.460000000000000187e-01,-1.350031197944190353e-13,1.100649922948619824e-01,1.109085662340216979e-02
6.480000000000000204e-01,-9.769962616701377556e-14,6.092922620794766903e-02,1.471409509301658397e-02
6.500000000000000222e-01,-1.048050535246147774e-13,1.076863795384484374e-01,1.541026297302303463e-02
6.520000000000000240e-01,-1.882938249764265493e-13,1.586871205900266535e-01,1.430287557997742681e-02
6.540000000000000258e-01,-1.296740492762182839e-13,1.200311433189747007e-01,1.501749291545013444e-02
6.560000000000000275e-01,-1.438849039914202876e-13,6.103701257811371822e-02,1.238865944480826986e-02
6.580000000000000293e-01,-9.059419880941277370e-14,1.236630548218855680e-01,1.597188945358072806e-02
6.600000000000000311e-01,-1.509903313490212895e-13,8.677038449761946548e-02,1.349024661873167961e-02
6.620000000000000329e-01,-1.048050535246147774e-13,3.823556172282733256e-01,1.042038026220208288e-02
6.640000000000000346e-01,-1.101341240428155288e-13,7.789248158324101057e-02,1.163530390064533397e-02
6.660000000000000364e-01,-9.592326932761352509e-14,1.609732952383237381e-01,1.247935497092537115e-02
6.680000000000000382e-01,-8.881784197001252323e-14,1.754598417387900067e-01,1.165072286844803275e-02
6.700000000000000400e-01,-1.687538997430237941e-13,1.089112571890536556e-02,1.291161006184607905e-02
6.720000000000000417e-01,-5.684341886080801487e-14,4.791569352278652466e-02,1.196734940118002188e-02
6.740000000000000435e-01,-1.403321903126197867e-13,3.187493868830123395e-02,1.015777784061428109e-02
6.760000000000000453e-01,-1.740829702612245455e-13,3.018050058762453136e-01,9.196004114443767641e-03
6.780000000000000471e-01,-1.527666881884215400e-13,2.129930562347325529e-01,1.466595356486201547e-02
6.800000000000000488e-01,-1.048050535246147774e-13,1.486964251100891810e-01,1.445890988424236752e-02
6.820000000000000506e-01,-1.350031197944190353e-13,6.388050528009792117e-02,1.294992693586370300e-02
6.840000000000000524e-01,-1.207922650792170316e-13,1.915444489909425840e-01,9.543065478477065142e-03
6.860000000000000542e-01,-9.592326932761352509e-14,1.996932057667963056e-01,1.146136678028978652e-02
6.880000000000000560e-01,-1.207922650792170316e-13,3.505886430997343095e-02,1.161216510407609218e-02
6.900000000000000577e-01,-9.059419880941277370e-14,5.652118635437721611e-02,1.080343682526172487e-02
6.920000000000000595e-01,-1.261213355974177830e-13,2.461848987166886105e-01,1.012840709248653479e-02
6.940000000000000613e-01,-5.861977570020826533e-14,4.278058805455522973e-02,1.038128337358773003e-02
6.960000000000000631e-01,-1.492139745096210390e-13,2.313904095497801641e-02,1.005995072380836894e-02
6.980000000000000648e-01,-9.414691248821327463e-14,8.973787196826743529e-02,1.113005547716779467e-02
7.000000000000000666e-01,-6.217248937900876626e-14,9.980082755021073282e-02,1.043762023131768885e-02
7.020000000000000684e-01,-1.421085471520200372e-13,1.182175322859464334e-01,1.104250807380067687e-02
7.039999999999999591e-01,-1.580957587066222914e-13,1.453193816315458825e-02,1.237769073709278980e-02
7.059999999999999609e-01,-3.730349362740525976e-14,6.334607821378543391e-02,1.151787918404123187e-02
7.079999999999999627e-01,-1.438849039914202876e-13,2.285527517881677795e-01,1.038545516617080978e-02
7.099999999999999645e-01,-1.421085471520200372e-13,1.459311077718625504e-01,9.028426979569310201e-03
7.119999999999999662e-01,1.776356839400250465e-14,6.894583958811453250e-01,4.353407169193301840e-03
7.139999999999999680e-01,-5.684341886080801487e-14,9.317309176388671732e-02,1.184984209489437813e-02
7.159999999999999698e-01,-3.197442310920450836e-14,1.482162383555432061e-01,1.243674879598486924e-02
7.179999999999999716e-01,8.526512829121202230e-14,6.936916688456667979e-01,3.923305839379105479e-03
7.199999999999999734e-01,5.329070518200751394e-14,7.892267102152554503e-02,7.460766717461900406e-03
7.219999999999999751e-01,-1.030286966852145270e-13,1.892897678312518706e-01,1.128087063707982826e-02
7.239999999999999769e-01,-8.348877145181177184e-14,4.309817745865620470e-02,1.049745960610950699e-02
7.259999999999999787e-01,-7.815970093361102045e-14,8.320468636683230057e-02,8.529237806657430365e-03
7.279999999999999805e-01,-1.278976924368180335e-13,5.070394973575239467e-02,7.785206445261658517e-03
7.299999999999999822e-01,-1.172395514004165307e-13,8.837880126162366012e-02,1.003135684365249504e-02
7.319999999999999840e-01,-1.119104808822157793e-13,2.383516963997907856e-01,7.301685006422219126e-03
7.339999999999999858e-01,-1.492139745096210390e-13,4.574183885537094069e-02,1.027731562604583364e-02
7.359999999999999876e-01,-1.403321903126197867e-13,1.522971656254633321e-02,1.146076723051608036e-02
7.379999999999999893e-01,-2.131628207280300558e-14,1.857000267313491104e-01,9.744099113355265268e-03
7.399999999999999911e-01,-1.243449787580175325e-13,1.863357726722666696e-01,9.317004104963879860e-03
7.419999999999999929e-01,-1.225686219186172821e-13,2.522013691045194572e-01,8.718813974962357979e-03
7.439999999999999947e-01,-6.039613253960851580e-14,8.737719221343204223e-02,1.087615178620116203e-02
7.459999999999999964e-01,-6.572520305780926719e-14,9.503854131227119917e-02,1.264215807635514846e-02
7.479999999999999982e-01,-2.486899575160350651e-14,1.918553414159480663e-01,6.877196960291783075e-03
7.500000000000000000e-01,-3.730349362740525976e-14,1.643752437568167246e-01,8.131257210770818575e-03
7.520000000000000018e-01,-1.136868377216160297e-13,7.650045264915915355e-02,9.832344590241886423e-03
7.540000000000000036e-01,-5.151434834260726348e-14,7.064468472578859688e-03,9.463502426970981513e-03
7.560000000000000053e-01,-9.592326932761352509e-14,7.505829804235050751e-02,8.862876554846509450e-03
7.580000000000000071e-01,-1.083577672034152783e-13,1.625804981405636340e-01,8.172535138697593210e-03
7.600000000000000089e-01,-1.492139745096210390e-13,1.550310308986699026e-01,1.001163927917467743e-02
7.620000000000000107e-01,-1.900701818158267997e-13,1.772483768414848671e-01,9.693864306160428559e-03
7.640000000000000124e-01,-2.238209617644315585e-13,8.218036523688061756e-02,9.995126749521583698e-03
7.660000000000000142e-01,-9.769962616701377556e-14,1.641132089357558721e-01,8.406962424333700584e-03
7.680000000000000160e-01,-9.237055564881302416e-14,2.493543018417581358e-01,6.062530965475152085e-03
7.700000000000000178e-01,-4.263256414560601115e-14,7.586041533013745952e-03,1.019953993194920409e-02
7.720000000000000195e-01,-3.552713678800500929e-14,7.550372330339844007e-02,8.095567899101183823e-03
7.740000000000000213e-01,1.243449787580175325e-14,4.271218770828247996e-02,6.680503702146788590e-03
7.760000000000000231e-01,-1.811883976188255474e-13,9.860859866478501046e-02,8.881610100163819799e-03
7.780000000000000249e-01,0.000000000000000000e+00,1.778773008184104387e-01,8.634343171463490160e-03
7.800000000000000266e-01,-3.019806626980425790e-14,1.050755328558146129e-01,7.690718639461640790e-03
7.820000000000000284e-01,-1.350031197944190353e-13,2.310225136990543826e-01,5.732293785649076462e-03
7.840000000000000302e-01,-9.769962616701377556e-14,1.717687954894475677e-01,1.026292844935802924e-02
7.860000000000000320e-01,-1.296740492762182839e-13,1.927100272031243844e-01,9.788270156528911317e-03
7.880000000000000338e-01,-1.598721155460225418e-14,2.545758516855109455e-03,8.971186642517075052e-03
7.900000000000000355e-01,-1.172395514004165307e-13,5.635394774744994367e-02,8.699553356290020550e-03
7.920000000000000373e-01,-6.572520305780926719e-14,1.251080338070158227e-01,6.262797604563964497e-03
7.940000000000000391e-01,-1.261213355974177830e-13,6.538371106770306251e-02,6.898547254268780175e-03
7.960000000000000409e-01,-8.881784197001252323e-14,1.170735445698099092e-02,6.689587707632484170e-03
7.980000000000000426e-01,1.314504061156185344e-13,4.924426935114851744e-01,3.100366858750272080e-03
8.000000000000000444e-01,-1.172395514004165307e-13,8.701450352169581848e-02,7.772038833818597711e-03
8.020000000000000462e-01,-1.776356839400250465e-14,4.643056877529364024e-02,7.861137553158399974e-03
8.040000000000000480e-01,7.815970093361102045e-14,7.096890236934582097e-01,2.660224690048388751e-03
8.060000000000000497e-01,-6.039613253960851580e-14,1.351716105472333951e-01,6.824468751918005491e-03
8.080000000000000515e-01,-7.815970093361102045e-14,1.419133263812016876e-01,7.279086088968237875e-03
8.100000000000000533e-01,-1.332267629550187849e-13,1.634843740087036368e-01,7.338833826695414717e-03
8.120000000000000551e-01,-3.730349362740525976e-14,5.018283092341192103e-02,6.831509883377203350e-03
8.140000000000000568e-01,-4.085620730620576069e-14,2.001572630393534113e-01,6.557174241257403627e-03
8.160000000000000586e-01,-9.947598300641402602e-14,4.641512533942757784e-02,7.181480100012594195e-03
8.180000000000000604e-01,-7.993605777301127091e-14,1.042583410702909025e-01,6.434941408392692505e-03
8.200000000000000622e-01,-9.769962616701377556e-14,3.817808014684190981e-02,5.980694294927976079e-03
8.220000000000000639e-01,-3.907985046680551022e-14,3.532283715637401372e-02,6.476678876842602468e-03
8.240000000000000657e-01,-4.085620730620576069e-14,1.879879623909810615e-01,6.920899330891957385e-03
8.260000000000000675e-01,-8.881784197001252323e-14,9.465173739067551939e-02,5.994479029920040010e-03
8.280000000000000693e-01,-1.350031197944190353e-13,5.484124826177299260e-03,6.400654310169320328e-03
8.300000000000000711e-01,-1.065814103640150279e-14,6.598050620985509984e-02,7.700945445463971972e-03
8.320000000000000728e-01,-2.842170943040400743e-14,1.168508948664699482e-01,6.567167023695787142e-03
8.339999999999999636e-01,2.664535259100375697e-14,2.787573750811887519e-01,3.237089324003399049e-03
8.359999999999999654e-01,-3.730349362740525976e-14,7.417413563843276714e-02,5.961337575475872397e-03
8.379999999999999671e-01,-6.217248937900876626e-14,2.408021453018701630e-01,6.372398330928546323e-03
8.399999999999999689e-01,-7.993605777301127091e-14,7.807773196777979818e-02,5.430055543089441078e-03
8.419999999999999707e-01,-7.815970093361102045e-14,3.023716628259894845e-01,5.801322689752948583e-03
8.439999999999999725e-01,-1.278976924368180335e-13,1.456155627896254245e-01,5.175959909065845979e-03
8.459999999999999742e-01,-6.572520305780926719e-14,1.253406136117234670e-01,6.304118140024199748e-03
8.479999999999999760e-01,-1.261213355974177830e-13,2.391030470847614886e-01,5.673615089440581585e-03
8.499999999999999778e-01,1.676793703080894815e+00,7.147349617908756170e-03,6.209399061956231806e-03
8.519999999999999796e-01,1.421085471520200372e-14,2.554214656323284260e-01,2.949903393702893884e-03
8.539999999999999813e-01,-9.592326932761352509e-14,2.588234901229211071e-02,5.065046612232428080e-03
8.559999999999999831e-01,-6.217248937900876626e-14,8.851276253306696040e-02,5.067779129668015595e-03
8.579999999999999849e-01,5.329070518200751394e-15,4.104444589568789076e-02,6.083730220644922339e-03
8.599999999999999867e-01,-8.526512829121202230e-14,4.970834424593736922e-02,5.679472983993045544e-03
8.619999999999999885e-01,-6.927791673660976812e-14,7.509536148024191504e-02,6.116490492883440259e-03
8.639999999999999902e-01,-9.947598300641402602e-14,1.192371585440087506e-01,5.390611305620398794e-03
8.659999999999999920e-01,2.486899575160350651e-14,3.110207738606247108e-01,3.050229085693488551e-03
8.679999999999999938e-01,-3.552713678800500929e-15,2.891923872483228089e-02,5.113823014633239045e-03
8.699999999999999956e-01,-1.278976924368180335e-13,5.333625987028375176e-02,5.075399919175562456e-03
8.719999999999999973e-01,-4.618527782440651208e-14,1.028648661321270169e-01,4.845769571486143769e-03
8.739999999999999991e-01,1.776356839400250465e-15,1.375896362026338970e-01,4.670111846551627637e-03
8.760000000000000009e-01,-1.776356839400250465e-15,2.558719104394369115e-03,4.408146203803980576e-03
8.780000000000000027e-01,-5.684341886080801487e-14,1.259286105776477316e-01,4.654998684073653227e-03
8.800000000000000044e-01,-7.105427357601001859e-15,1.626873001246112171e-01,4.297174235302899520e-03
8.820000000000000062e-01,-1.421085471520200372e-14,1.483225202549281196e-01,3.477947963468273809e-03
8.840000000000000080e-01,-1.634248292248230428e-13,1.803669738141100432e-01,4.240340522838089224e-03
8.860000000000000098e-01,1.953992523340275511e-14,1.143944165692100251e-01,3.388997332442973253e-03
8.880000000000000115e-01,-1.065814103640150279e-14,7.430077184517878963e-02,1.610149946439605245e-03
8.900000000000000133e-01,-6.750155989720951766e-14,1.491523764341610991e-01,3.965176590737486649e-03
8.920000000000000151e-01,-1.065814103640150279e-13,2.910697593102766212e-01,3.646659627960887294e-03
8.940000000000000169e-01,-4.973799150320701301e-14,9.711727116006367566e-02,3.414466744370899236e-03
8.960000000000000187e-01,-4.973799150320701301e-14,3.336813675998478307e-02,4.147685722734359252e-03
8.980000000000000204e-01,-1.012523398458142765e-13,1.074409758337161458e-01,3.141695154484116809e-03
9.000000000000000222e-01,-7.993605777301127091e-14,6.248666900167964000e-01,1.449567133908597882e-03
9.020000000000000240e-01,-7.815970093361102045e-14,8.552491013787112684e-02,3.654028215969459033e-03
9.040000000000000258e-01,-5.506706202140776441e-14,1.729192127452535976e-01,3.434481843652973081e-03
9.060000000000000275e-01,6.572520305780926719e-14,5.498399164087465207e-01,2.182868329263689799e-03
9.080000000000000293e-01,1.800801136115284251e+00,1.012901437852863074e-02,2.806366127301338116e-03
9.100000000000000311e-01,-6.927791673660976812e-14,2.018413876805146001e-01,3.975636373757975364e-03
9.120000000000000329e-01,-4.618527782440651208e-14,1.882736787461659206e-02,3.364194252360997155e-03
9.140000000000000346e-01,-2.131628207280300558e-14,9.906501633577441401e-02,3.058303931385072862e-03
9.160000000000000364e-01,-4.085620730620576069e-14,8.932009276924200714e-02,3.135551753999188049e-03
9.180000000000000382e-01,-1.314504061156185344e-13,7.861120530198478784e-02,3.076156529288374009e-03
9.200000000000000400e-01,-9.769962616701377556e-14,1.896337399609758848e-02,3.533145760323274515e-03
9.220000000000000417e-01,-3.197442310920450836e-14,1.291389734075705231e-01,3.151291222339372249e-03
9.240000000000000435e-01,-1.225686219186172821e-13,1.507748846570358126e-01,2.613310163456750504e-03
9.260000000000000453e-01,-9.059419880941277370e-14,6.111742170962114473e-02,2.679278511061336260e-03
9.280000000000000471e-01,-7.283063041541026905e-14,1.550178676117589249e-01,2.423034074621103259e-03
9.300000000000000488e-01,-1.385558334732195362e-13,1.733115257995166900e-02,3.067442295879310287e-03
9.320000000000000506e-01,-3.552713678800500929e-14,2.155491636462247840e-02,2.549032493163877911e-03
9.340000000000000524e-01,4.618527782440651208e-14,2.770624671156979302e-02,1.982631702040515455e-03
9.360000000000000542e-01,-8.526512829121202230e-14,9.247923536011100343e-02,2.758282730946578359e-03
9.380000000000000560e-01,-6.572520305780926719e-14,2.319338441625587999e-01,2.484962339813743398e-03
9.400000000000000577e-01,-1.350031197944190353e-13,1.940806686171523410e-01,2.386400903319725337e-03
9.420000000000000595e-01,-8.526512829121202230e-14,2.819126221012964728e-01,2.064393827645559162e-03
9.440000000000000613e-01,-8.704148513061227277e-14,2.250699056305139611e-01,2.309010014961236038e-03
9.460000000000000631e-01,-3.730349362740525976e-14,7.480259957395765658e-02,2.536932088208947514e-03
9.480000000000000648e-01,1.278976924368180335e-13,5.215822949897276350e-01,8.948829394837247040e-04
9.500000000000000666e-01,-9.592326932761352509e-14,7.371998139179881948e-02,1.687450029230334143e-03
9.520000000000000684e-01,-7.105427357601001859e-14,1.209015509814178983e-02,1.926318467241563796e-03
9.540000000000000702e-01,-1.207922650792170316e-13,1.181090854830077336e-01,1.933133206025702431e-03
9.560000000000000719e-01,-3.197442310920450836e-14,8.777009612360021917e-02,1.235953291956875697e-03
9.580000000000000737e-01,-5.329070518200751394e-14,1.440065847486984574e-01,1.222811798703445692e-03
9.599999999999999645e-01,1.913015964693205007e+00,1.076921020063368317e-01,1.811196346562167579e-03
9.619999999999999662e-01,-5.506706202140776441e-14,1.265573026729986950e-01,1.534648048000743139e-03
9.639999999999999680e-01,1.921688371060950473e+00,4.199765398823687018e-02,1.353673916143159281e-03
9.659999999999999698e-01,-2.486899575160350651e-14,1.583162371152947723e-01,1.356573003752756809e-03
9.679999999999999716e-01,5.329070518200751394e-15,2.314851502332218314e-01,1.337441430693539187e-03
9.699999999999999734e-01,-6.394884621840901673e-14,3.252495171838793581e-02,1.238571894893471768e-03
9.719999999999999751e-01,-3.552713678800500929e-14,2.887839508559019927e-02,1.056026519397673799e-03
9.739999999999999769e-01,-8.171241461241152138e-14,1.664603538291849205e-01,9.960038652852161705e-04
9.759999999999999787e-01,-1.065814103640150279e-14,8.708768188955762213e-02,8.772159103801743319e-04
9.779999999999999805e-01,5.329070518200751394e-15,4.039830339406045440e-02,9.627244650633364539e-04
9.799999999999999822e-01,-2.664535259100375697e-14,1.773171300217759316e-01,8.834731359856530389e-04
9.819999999999999840e-01,-4.796163466380676255e-14,1.205856501246802687e-01,6.137450537814393304e-04
9.839999999999999858e-01,-6.572520305780926719e-14,6.838294874124102585e-02,5.764072584427079073e-04
9.859999999999999876e-01,1.065814103640150279e-14,2.607475796542831348e-01,2.604664312665016189e-04
9.879999999999999893e-01,1.973844152378234185e+00,5.643137717583438656e-02,5.068372772819024078e-04
9.899999999999999911e-01,1.978199852703193429e+00,1.027526448229958006e-01,3.198421957019933256e-04
9.919999999999999929e-01,-4.973799150320701301e-14,9.198809514641213825e-02,3.143996802830439636e-04
9.939999999999999947e-01,-5.151434834260726348e-14,1.790811876440313866e-01,2.157592178588481411e-04
9.959999999999999964e-01,1.991275612511914872e+00,1.885174835197087895e-01,1.516927319655109998e-04
9.979999999999999982e-01,-3.375077994860475883e-14,8.830390383400905929e-02,6.858068740751926365e-05
1.000000000000000000e+00,-1.953992523340275511e-14,3.147199207458699077e-01,2.785632213784973519e-16
1.002000000000000002e+00,-1.776356839400250465e-15,1.862554955020640640e-02,8.292460960469201004e-05
1.004000000000000004e+00,-4.085620730620576069e-14,1.172699220615945476e-01,1.702619815813670521e-04
1.006000000000000005e+00,1.999756166411083669e+00,2.416349078489376037e-02,2.405484731030137842e-04
1.008000000000000007e+00,-6.927791673660976812e-14,2.132111378379889302e-02,3.225804169503388840e-04
1.010000000000000009e+00,-7.638334409421076998e-14,1.793222833063553845e-01,3.790477409725039265e-04
1.012000000000000011e+00,-2.664535259100375697e-14,4.680281681241529879e-02,3.628002008940322404e-04
1.014000000000000012e+00,8.171241461241152138e-14,3.404085612560414087e-01,3.323598901831023144e-04
1.016000000000000014e+00,-8.881784197001252323e-14,2.133164670639492166e-01,7.349280899966463467e-04
1.018000000000000016e+00,-6.572520305780926719e-14,1.059770088833780904e-01,7.864920437216689356e-04
1.020000000000000018e+00,-8.704148513061227277e-14,1.020433125665369117e-01,8.556098761666093306e-04
1.022000000000000020e+00,-1.012523398458142765e-13,6.770175019249456694e-02,7.482222939646755114e-04
1.024000000000000021e+00,-5.506706202140776441e-14,7.254768990410824514e-02,9.397629206257400490e-04
1.026000000000000023e+00,-6.750155989720951766e-14,1.795674222368653927e-01,1.091926975355747781e-03
1.028000000000000025e+00,-3.019806626980425790e-14,1.802826964112785868e-01,8.723650785992312362e-04
1.030000000000000027e+00,-5.861977570020826533e-14,1.212592212338775427e-01,1.073731658902983901e-03
1.032000000000000028e+00,-8.348877145181177184e-14,3.416904010765564603e-02,1.194623954201763519e-03
1.034000000000000030e+00,-6.039613253960851580e-14,1.629828524935988121e-01,1.429696379680099475e-03
1.036000000000000032e+00,-5.151434834260726348e-14,2.325342132875092283e-01,1.474367143045394188e-03
1.038000000000000034e+00,-8.704148513061227277e-14,2.654740562942161097e-01,1.418259787956127052e-03
1.040000000000000036e+00,-6.927791673660976812e-14,3.996820477684092515e-02,1.651361731531019198e-03
1.042000000000000037e+00,-1.527666881884215400e-13,9.028462310047204176e-02,1.368224383300221557e-03
1.044000000000000039e+00,-1.243449787580175325e-13,1.531412567215346585e-04,1.908145220548760224e-03
1.046000000000000041e+00,-1.243449787580175325e-14,8.601669212006028686e-02,1.381741750020238323e-03
1.048000000000000043e+00,8.881784197001252323e-15,9.831387153953451141e-02,1.374182624820379514e-03
1.050000000000000044e+00,-6.927791673660976812e-14,8.397478219786901066e-02,2.113551738086935292e-03
1.052000000000000046e+00,-3.730349362740525976e-14,9.962377759750717932e-02,2.032520470664183742e-03
1.054000000000000048e+00,-4.085620730620576069e-14,1.095201610826954525e-01,1.889355486927736744e-03
1.056000000000000050e+00,-1.012523398458142765e-13,1.156301554616191440e-01,2.128845722197853039e-03
1.058000000000000052e+00,-2.664535259100375697e-14,2.887243512423999167e-02,1.547874470320938093e-03
1.060000000000000053e+00,-9.059419880941277370e-14,4.156214037821735069e-02,2.625098661155872860e-03
1.062000000000000055e+00,-1.314504061156185344e-13,2.599673970171718085e-01,2.495317250192775286e-03
1.064000000000000057e+00,-1.598721155460225418e-14,8.657770889801841285e-02,2.436284999471394468e-03
1.066000000000000059e+00,-1.065814103640150279e-13,7.630480942072418588e-03,2.641312551469646684e-03
1.068000000000000060e+00,-1.261213355974177830e-13,9.033562339006151465e-02,2.458164462443058768e-03
1.070000000000000062e+00,-1.083577672034152783e-13,8.258375918513559399e-02,2.751221263511760898e-03
1.072000000000000064e+00,-2.309263891220325604e-14,6.228103909091439044e-02,2.757287885962514049e-03
1.074000000000000066e+00,-8.171241461241152138e-14,6.015751755120058997e-01,1.045168076173820255e-03
1.076000000000000068e+00,-3.197442310920450836e-14,6.567418383062716136e-02,2.663506057590649210e-03
1.078000000000000069e+00,7.105427357601001859e-15,5.270285111948186385e-01,1.372573010911867526e-03
1.080000000000000071e+00,-7.638334409421076998e-14,4.190521980467304397e-02,2.583635256883293208e-03
1.082000000000000073e+00,-1.492139745096210390e-13,2.185116786782527812e-02,3.127139273187130170e-03
1.084000000000000075e+00,1.996331225582242297e+00,1.807927856576246051e-01,3.252326275279300918e-03
1.086000000000000076e+00,-6.039613253960851580e-14,4.320928969798679825e-02,3.442973034236914299e-03
1.088000000000000078e+00,1.634248292248230428e-13,3.342849236516111655e-01,1.780062820644673968e-03
1.090000000000000080e+00,1.598721155460225418e-14,1.822084703263377736e-01,2.532554035660316942e-03
1.092000000000000082e+00,-9.414691248821327463e-14,1.246080023224210992e-01,3.174282125623945332e-03
1.094000000000000083e+00,-1.367794766338192858e-13,6.503541478398362774e-02,3.245484636824429430e-03
1.096000000000000085e+00,-1.048050535246147774e-13,1.578580015766327393e-01,3.740487476347530670e-03
1.098000000000000087e+00,-7.283063041541026905e-14,9.603654429645636093e-02,3.345097698382227484e-03
1.100000000000000089e+00,0.000000000000000000e+00,1.476006428926755210e-01,3.125992217182403752e-03
1.102000000000000091e+00,-7.993605777301127091e-14,6.066452759528812716e-02,4.099065872834922221e-03
1.104000000000000092e+00,-3.552713678800500929e-14,5.318334269063893643e-02,3.971696991990057192e-03
1.106000000000000094e+00,-4.440892098500626162e-14,2.498821424039039396e-01,3.712775744082938683e-03
1.108000000000000096e+00,-1.012523398458142765e-13,1.580886540566474874e-01,4.470030224052031972e-03
1.110000000000000098e+00,-3.019806626980425790e-14,2.833104068515964954e-02,4.547148769323393173e-03
1.112000000000000099e+00,-1.154631945610162802e-13,4.126020555024802888e-02,4.640480947464018478e-03
1.114000000000000101e+00,-1.012523398458142765e-13,2.927619002393175643e-02,4.188560435565415359e-03
1.116000000000000103e+00,-1.243449787580175325e-13,1.660156201900465367e-01,4.961663675320276100e-03
1.118000000000000105e+00,-6.572520305780926719e-14,1.634732466174845522e-01,4.752409356601780197e-03
1.120000000000000107e+00,-1.385558334732195362e-13,4.219540492184061659e-02,4.542021677500497796e-03
1.122000000000000108e+00,-5.329070518200751394e-14,8.106248308398240898e-02,4.378068706681842968e-03
1.124000000000000110e+00,-5.329070518200751394e-14,1.683778309243515736e-01,4.152547289868512362e-03
1.126000000000000112e+00,-6.039613253960851580e-14,1.081587381785247826e-01,5.186446282599793331e-03
1.128000000000000114e+00,-1.154631945610162802e-13,5.601303078668420921e-02,4.578085719606469865e-03
1.130000000000000115e+00,-1.119104808822157793e-13,8.691418197455837158e-02,4.279765585974796074e-03
1.132000000000000117e+00,1.993990229532002445e+00,1.181944993696644741e-01,5.845519733721425172e-03
1.134000000000000119e+00,-9.414691248821327463e-14,8.777483485826349796e-02,4.667418735773262196e-03
1.136000000000000121e+00,-6.750155989720951766e-14,1.055388541139928721e-01,5.791485853961994730e-03
1.138000000000000123e+00,-8.526512829121202230e-14,1.075082628304783877e-01,4.592586881563341487e-03
1.140000000000000124e+00,-2.309263891220325604e-14,3.475999638201852648e-01,3.817458355888098641e-03
1.142000000000000126e+00,-3.375077994860475883e-14,7.223145422424576134e-02,5.636703932062194639e-03
1.144000000000000128e+00,-9.769962616701377556e-14,4.947768568956429497e-02,5.016378147084854869e-03
1.146000000000000130e+00,1.993274295129591422e+00,1.305776591963831723e-01,5.759303217987902374e-03
1.148000000000000131e+00,-1.172395514004165307e-13,6.775843450012117297e-02,5.716154312214740373e-03
1.150000000000000133e+00,-1.101341240428155288e-13,3.830861648775947537e-02,6.033363576156845244e-03
1.152000000000000135e+00,1.992962908389575460e+00,7.615148142212542492e-02,5.295966536810618568e-03
1.153999999999999915e+00,-6.217248937900876626e-14,9.959384147063277126e-02,5.745721945316364758e-03
1.155999999999999917e+00,-1.350031197944190353e-13,1.523359902261658128e-01,5.039570017488735447e-03
1.157999999999999918e+00,-1.172395514004165307e-13,8.263313650775534758e-02,6.476617641749799620e-03
1.159999999999999920e+00,-6.394884621840901673e-14,1.246412791624884470e-01,5.129194411375122449e-03
1.161999999999999922e+00,-1.332267629550187849e-13,1.371647448293607241e-02,7.600906386974445698e-03
1.163999999999999924e+00,1.992331952259014827e+00,7.890592347858474409e-02,8.264675309641192000e-03
1.165999999999999925e+00,-5.684341886080801487e-14,1.848606541651248991e-01,6.684104067578716668e-03
1.167999999999999927e+00,-3.019806626980425790e-14,1.230219758604598340e-01,5.656412063251556321e-03
1.169999999999999929e+00,-1.030286966852145270e-13,1.041835159318831167e-01,6.173321791497043964e-03
1.171999999999999931e+00,-8.881784197001252323e-14,1.210460619182306408e-01,6.554504164625191143e-03
1.173999999999999932e+00,-6.217248937900876626e-14,9.121139370340962393e-02,7.292280273141826807e-03
1.175999999999999934e+00,-1.314504061156185344e-13,9.336133549890941741e-02,6.505130425672276534e-03
1.177999999999999936e+00,-2.131628207280300558e-14,2.142047883029936928e-01,5.734244746966299898e-03
1.179999999999999938e+00,1.991473753512378764e+00,2.732937723486038584e-01,7.724192399512124288e-03
1.181999999999999940e+00,-7.993605777301127091e-14,1.983755409810106229e-04,7.495719435807308290e-03
1.183999999999999941e+00,4.618527782440651208e-14,6.599760729597757558e-02,3.470946341929521516e-03
1.185999999999999943e+00,1.991146956654361588e+00,9.478540552317878121e-02,7.274123350649178490e-03
1.187999999999999945e+00,-3.907985046680551022e-14,2.866143471705878340e-02,6.860703819768745187e-03
1.189999999999999947e+00,-5.329070518200751394e-15,2.639904442011806185e-02,6.880007830240585966e-03
1.191999999999999948e+00,-3.907985046680551022e-14,1.106789481069280073e-01,5.509456562806878607e-03
1.193999999999999950e+00,-1.065814103640150279e-13,2.051804863127381501e-02,7.055874429472024090e-03
1.195999999999999952e+00,-4.440892098500626162e-14,4.502280739756658184e-02,7.639366732119237495e-03
1.197999999999999954e+00,-1.829647544582257979e-13,1.160966343536275341e-01,8.148602778865858542e-03
1.199999999999999956e+00,-7.993605777301127091e-14,1.040530951395082782e-01,8.191469751129769328e-03
1.201999999999999957e+00,-3.730349362740525976e-14,5.852525416526106056e-02,9.334989952178020592e-03
1.203999999999999959e+00,1.990150348493852306e+00,8.544033649437575428e-02,8.027565709450637521e-03
1.205999999999999961e+00,-3.730349362740525976e-14,8.662138388056182803e-02,6.801845480145607241e-03
1.207999999999999963e+00,-7.815970093361102045e-14,1.316489272390027609e-01,7.385610572787343515e-03
1.209999999999999964e+00,-3.197442310920450836e-14,1.389474355510775770e-02,6.456303842450386403e-03
1.211999999999999966e+00,-1.403321903126197867e-13,1.288543428543026115e-01,9.731393004926676762e-03
1.213999999999999968e+00,-5.151434834260726348e-14,1.974156277728110753e-01,9.136748180065674269e-03
1.215999999999999970e+00,1.989472470674051863e+00,1.028675341308071811e-01,9.025999337803871508e-03
1.217999999999999972e+00,-4.085620730620576069e-14,7.278472679110322037e-03,9.186487158633028713e-03
1.219999999999999973e+00,-9.237055564881302416e-14,2.214027395262622988e-01,8.025436336531164422e-03
1.221999999999999975e+00,2.131628207280300558e-14,1.662916993009331268e-01,3.934440184509464984e-03
1.223999999999999977e+00,-1.012523398458142765e-13,5.417414183566935520e-02,8.965403416127611796e-03
1.225999999999999979e+00,-3.907985046680551022e-14,5.817541655373794501e-02,1.021619419774973114e-02
1.227999999999999980e+00,-4.440892098500626162e-14,2.165583790578204468e-03,8.558660178656800344e-03
1.229999999999999982e+00,2.664535259100375697e-14,8.592692152171706177e-02,1.032011967138025954e-02
1.231999999999999984e+00,-1.119104808822157793e-13,1.921339082692462841e-01,8.403309248988031013e-03
1.233999999999999986e+00,-7.815970093361102045e-14,3.214899276372522596e-01,7.390816197182046438e-03
1.235999999999999988e+00,-1.776356839400250465e-13,9.247992061933428889e-03,8.464526066563182044e-03
1.237999999999999989e+00,-5.506706202140776441e-14,9.696779027687053854e-02,8.627725724111513089e-03
1.239999999999999991e+00,-6.750155989720951766e-14,8.581060564241792255e-02,9.624317990138324050e-03
1.241999999999999993e+00,-6.927791673660976812e-14,2.552187316873189005e-01,8.399401883988653894e-03
1.243999999999999995e+00,0.000000000000000000e+00,1.030382493246465997e-01,1.168349712168176985e-02
1.245999999999999996e+00,-9.237055564881302416e-14,2.529933514188296706e-01,7.798343942066526466e-03
1.247999999999999998e+00,-9.592326932761352509e-14,1.230197468547113565e-01,1.149192286070947581e-02
1.250000000000000000e+00,-4.263256414560601115e-14,7.974046978978200848e-03,8.878537725908113715e-03
1.252000000000000002e+00,8.348877145181177184e-14,4.730090308593212778e-01,7.088792367490624746e-03
1.254000000000000004e+00,-7.993605777301127091e-14,7.497328090428889702e-02,8.227970369833716852e-03
1.256000000000000005e+00,-1.509903313490212895e-13,7.933124727846017910e-02,7.566117426405487116e-03
1.258000000000000007e+00,1.012523398458142765e-13,2.493879076932380146e-01,8.699863906411579861e-03
1.260000000000000009e+00,-1.119104808822157793e-13,7.341838655447781303e-02,8.098742802700476320e-03
1.262000000000000011e+00,-7.460698725481051952e-14,2.314004690388851149e-01,1.139106141333642332e-02
1.264000000000000012e+00,-1.012523398458142765e-13,5.972500163393836686e-02,9.664572877565481834e-03
1.266000000000000014e+00,-5.151434834260726348e-14,4.732327031619261611e-03,1.050965007465073757e-02
1.268000000000000016e+00,-7.283063041541026905e-14,1.091536260199455627e-01,1.055998107688541771e-02
1.270000000000000018e+00,-8.348877145181177184e-14,1.197596747031974135e-01,9.440948175660138567e-03
1.272000000000000020e+00,-9.414691248821327463e-14,1.500887677748976266e-02,1.012364618813103509e-02
1.274000000000000021e+00,-8.881784197001252323e-15,1.539859905539951168e-01,8.137160772366423475e-03
1.276000000000000023e+00,-8.526512829121202230e-14,3.423446166557540526e-01,9.943372645524209408e-03
1.278000000000000025e+00,1.985799820653234349e+00,1.924987010885780281e-01,1.103320591767103717e-02
1.280000000000000027e+00,-1.705302565824240446e-13,1.951668798843354258e-01,1.037132560520545067e-02
1.282000000000000028e+00,-5.861977570020826533e-14,5.067534809074080576e-02,1.009897176605726969e-02
1.284000000000000030e+00,-1.403321903126197867e-13,2.997183770177464998e-02,1.141681808044574600e-02
1.286000000000000032e+00,-5.506706202140776441e-14,1.502710456278347727e-02,7.917943608979471221e-03
1.288000000000000034e+00,-1.207922650792170316e-13,1.688801229803893467e-01,8.362639086587320483e-03
1.290000000000000036e+00,-1.225686219186172821e-13,2.984649621461867020e-02,1.171398001623216029e-02
1.292000000000000037e+00,-8.704148513061227277e-14,2.943966938964881139e-02,9.183226362058753700e-03
1.294000000000000039e+00,7.993605777301127091e-14,4.549068743229118250e-01,6.936769531827116815e-03
1.296000000000000041e+00,-8.348877145181177184e-14,1.914053691927247725e-01,1.220230066846839795e-02
1.298000000000000043e+00,-9.769962616701377556e-14,8.826793507162968011e-02,1.140649933529780218e-02
1.300000000000000044e+00,-6.394884621840901673e-14,5.974882703274043277e-02,1.229542063535250807e-02
1.302000000000000046e+00,-1.136868377216160297e-13,7.297850221417014061e-02,1.176072547457269156e-02
1.304000000000000048e+00,-7.105427357601001859e-14,8.526079261163942158e-02,1.059164937645363375e-02
1.306000000000000050e+00,-1.758593271006247960e-13,2.549279243771795378e-01,1.041693963288744910e-02
1.308000000000000052e+00,-7.815970093361102045e-14,4.463570550154487976e-03,1.269350056309767778e-02
1.310000000000000053e+00,-1.136868377216160297e-13,9.054152942135823556e-02,1.202366716695764046e-02
1.312000000000000055e+00,-1.598721155460225418e-13,1.935902471587688523e-01,1.203335588599779848e-02
1.314000000000000057e+00,7.105427357601001859e-14,5.582952708000340492e-01,5.627653611086698426e-03
1.316000000000000059e+00,-4.796163466380676255e-14,7.621598979644805816e-02,1.430565534807455227e-02
1.318000000000000060e+00,-1.474376176702207886e-13,9.168598777460805482e-02,1.163248124349617815e-02
1.320000000000000062e+00,-8.704148513061227277e-14,1.959537974742606437e-01,1.205483761303120793e-02
1.322000000000000064e+00,-3.907985046680551022e-14,1.450057280885723998e-01,1.307884385192719344e-02
1.324000000000000066e+00,-8.171241461241152138e-14,7.648826531691057563e-03,1.309934286710389036e-02
1.326000000000000068e+00,-1.190159082398167811e-13,3.675982253365638747e-02,1.279391132010961746e-02
1.328000000000000069e+00,7.815970093361102045e-14,2.414788268773028213e-01,8.747220477985144516e-03
1.330000000000000071e+00,-5.684341886080801487e-14,8.770571213151052981e-02,1.141537339532256758e-02
1.332000000000000073e+00,-6.217248937900876626e-14,1.193088530325548402e-01,1.199536726652131700e-02
1.334000000000000075e+00,-7.460698725481051952e-14,1.989338615075850469e-01,1.299935355939560618e-02
1.336000000000000076e+00,-7.638334409421076998e-14,2.545610866731392100e-02,1.307850861770600004e-02
1.338000000000000078e+00,-9.947598300641402602e-14,2.592074440997971796e-01,1.222216427113276445e-02
1.340000000000000080e+00,-1.509903313490212895e-13,2.729059957249546295e-02,1.296191096780801091e-02
1.342000000000000082e+00,-2.664535259100375697e-14,2.847140313784796151e-02,1.318861917325338078e-02
1.344000000000000083e+00,-5.861977570020826533e-14,9.001239743991540365e-02,1.303819580479224569e-02
1.346000000000000085e+00,-6.927791673660976812e-14,2.344472163363713058e-01,1.203114267910289359e-02
1.348000000000000087e+00,-8.348877145181177184e-14,8.943747441477569934e-03,1.516321115501663083e-02
1.350000000000000089e+00,-8.171241461241152138e-14,5.823480241718963918e-02,1.239503016799589977e-02
1.352000000000000091e+00,6.039613253960851580e-14,6.106262374345503702e-02,6.541720152805709058e-03
1.354000000000000092e+00,-1.474376176702207886e-13,2.135904095892662002e-01,1.454161447437226501e-02
1.356000000000000094e+00,-1.527666881884215400e-13,1.998208875984901767e-01,1.164402203884408807e-02
1.358000000000000096e+00,1.980645449422148374e+00,1.752971959806931823e-01,1.256073601544192148e-02
1.360000000000000098e+00,-1.403321903126197867e-13,6.724235438194381409e-02,1.466088744598722203e-02
1.362000000000000099e+00,-3.552713678800500929e-15,2.930775997927027032e-01,8.368456218013065745e-03
1.364000000000000101e+00,-9.059419880941277370e-14,2.599799674772681687e-02,1.205621932622135892e-02
1.366000000000000103e+00,-7.460698725481051952e-14,7.840662773582512957e-02,1.466895235666977604e-02
1.368000000000000105e+00,-1.136868377216160297e-13,4.843101649171788203e-02,1.370679321224170001e-02
1.370000000000000107e+00,-7.105427357601001859e-14,2.434599107083987857e-01,1.387053506798953048e-02
1.372000000000000108e+00,-6.217248937900876626e-14,5.121159307142961886e-02,1.304825038111665121e-02
1.374000000000000110e+00,-3.907985046680551022e-14,1.731663033350474834e-01,1.585928118172456880e-02
1.376000000000000112e+00,-1.190159082398167811e-13,3.944401762920257126e-01,9.929373323313981509e-03
1.378000000000000114e+00,-1.652011860642232932e-13,1.661866898784369754e-03,1.511948356624113164e-02
1.380000000000000115e+00,-1.403321903126197867e-13,1.164536413667534437e-01,1.515450576993583078e-02
1.382000000000000117e+00,3.552713678800500929e-15,6.607439423363020703e-01,6.992770841907022111e-03
1.384000000000000119e+00,-4.440892098500626162e-14,1.019110747938539174e-01,1.534054520055225246e-02
1.386000000000000121e+00,-1.634248292248230428e-13,1.081654964943568054e-01,1.526373108283237377e-02
1.388000000000000123e+00,-9.059419880941277370e-14,8.952540257355691422e-02,9.230661576625026621e-03
1.390000000000000124e+00,-4.263256414560601115e-14,5.353551196191661671e-03,9.543054338103054701e-03
1.392000000000000126e+00,-5.329070518200751394e-14,1.775672894385794398e-01,1.789626964025608016e-02
1.394000000000000128e+00,-1.367794766338192858e-13,1.754356312516055505e-01,1.509298479964647777e-02
1.396000000000000130e+00,-4.085620730620576069e-14,7.397397803972825814e-02,1.617134144987447328e-02
1.398000000000000131e+00,-2.025046796916285530e-13,2.410937361518825373e-01,1.448432856022626065e-02
1.400000000000000133e+00,1.065814103640150279e-14,5.670641061158412377e-01,6.151103393699089601e-03
1.402000000000000135e+00,-9.769962616701377556e-14,7.487711654013078089e-02,1.900434386519207763e-02
1.404000000000000137e+00,-1.190159082398167811e-13,2.453495312059748024e-01,1.356964590774063437e-02
1.406000000000000139e+00,-9.414691248821327463e-14,2.997069046783014112e-01,1.377416060294322196e-02
1.407999999999999918e+00,-1.154631945610162802e-13,6.799199365935973405e-02,1.153467373250078795e-02
1.409999999999999920e+00,-6.750155989720951766e-14,5.343023082028508508e-02,1.192305135373359498e-02
1.411999999999999922e+00,-8.171241461241152138e-14,8.766348544755526995e-02,1.670344208447549494e-02
1.413999999999999924e+00,-7.283063041541026905e-14,2.483041405511889066e-01,1.677191448827943313e-02
1.415999999999999925e+00,-1.563194018672220409e-13,7.300368179976714222e-02,1.786894879169114228e-02
1.417999999999999927e+00,-2.842170943040400743e-14,1.026888230215785708e-01,1.607674719981670025e-02
1.419999999999999929e+00,-4.618527782440651208e-14,6.046443563000537987e-03,1.432099675019791497e-02
1.421999999999999931e+00,-1.296740492762182839e-13,1.721024857104529737e-01,1.562215440304457435e-02
1.423999999999999932e+00,1.976048119713313511e+00,2.204700663367745450e-01,1.674375841709932478e-02
1.425999999999999934e+00,-4.263256414560601115e-14,1.246868824203619663e-01,1.352951285292192454e-02
1.427999999999999936e+00,-9.237055564881302416e-14,1.886429536403136931e-01,1.596523887962699589e-02
1.429999999999999938e+00,-5.329070518200751394e-14,2.293236226736727890e-02,1.576909469028327931e-02
1.431999999999999940e+00,6.039613253960851580e-14,3.094886860308302956e-01,5.478094324210070441e-03
1.433999999999999941e+00,-7.460698725481051952e-14,1.291555626460503536e-01,1.604615849635112820e-02
1.435999999999999943e+00,-6.750155989720951766e-14,2.831372408621986650e-02,1.705467334706210064e-02
1.437999999999999945e+00,-1.154631945610162802e-13,1.368895550046228260e-01,1.691956481103741583e-02
1.439999999999999947e+00,-8.171241461241152138e-14,6.607319755921224613e-02,1.549826244705998501e-02
1.441999999999999948e+00,-1.314504061156185344e-13,2.216905560529510988e-01,1.658772046283794183e-02
1.443999999999999950e+00,-1.296740492762182839e-13,1.121869655746314835e-03,1.766684184145264278e-02
1.445999999999999952e+00,-1.154631945610162802e-13,2.301698912192159663e-01,1.998990117323515628e-02
1.447999999999999954e+00,-3.375077994860475883e-14,2.791420963828553092e-01,1.649745257009006816e-02
1.449999999999999956e+00,-1.048050535246147774e-13,1.788690449274270844e-01,1.835204175222543074e-02
1.451999999999999957e+00,-9.059419880941277370e-14,6.454895606444181755e-02,1.855702284752715550e-02
1.453999999999999959e+00,-9.947598300641402602e-14,8.847395037328754930e-02,1.774722959386317717e-02
1.455999999999999961e+00,-1.207922650792170316e-13,1.176965604662962434e-01,1.492774675879891128e-02
1.457999999999999963e+00,-1.332267629550187849e-13,1.239272306945620600e-01,1.804006660046144489e-02
1.459999999999999964e+00,-7.105427357601001859e-14,4.147544438644912984e-02,1.627361979515509760e-02
1.461999999999999966e+00,-9.769962616701377556e-14,9.220506240353121274e-02,1.395431393024294114e-02
1.463999999999999968e+00,-1.723066134218242951e-13,1.213860611081131607e-01,1.585005754404721079e-02
1.465999999999999970e+00,-7.105427357601001859e-15,1.855266892262372458e-01,1.846614189956260338e-02
1.467999999999999972e+00,-3.019806626980425790e-14,7.818042366586445968e-02,1.855787635345203246e-02
1.469999999999999973e+00,-1.278976924368180335e-13,8.411801462170764854e-02,1.365888248228169441e-02
1.471999999999999975e+00,-8.526512829121202230e-14,2.354148207230194190e-01,1.816141780176118090e-02
1.473999999999999977e+00,-7.638334409421076998e-14,1.837731206359848601e-01,1.975895480002998195e-02
1.475999999999999979e+00,-7.460698725481051952e-14,7.753863405847984114e-02,1.593951271567775954e-02
1.477999999999999980e+00,-7.638334409421076998e-14,1.490218749493476408e-02,1.665556468325235170e-02
1.479999999999999982e+00,-1.474376176702207886e-13,2.463339807692998262e-01,1.723503925083784416e-02
1.481999999999999984e+00,-1.545430450278217904e-13,3.311019229355799953e-01,1.615519590355784380e-02
1.483999999999999986e+00,-1.154631945610162802e-13,2.858484013343939867e-01,2.142140600386883628e-02
1.485999999999999988e+00,-1.048050535246147774e-13,1.095243443203171296e-02,1.738607257946996748e-02
1.487999999999999989e+00,1.509903313490212895e-13,5.139732813160526881e-01,1.211648573159141394e-02
1.489999999999999991e+00,-3.019806626980425790e-14,6.099040275166767167e-02,1.972389962234052246e-02
1.491999999999999993e+00,-7.638334409421076998e-14,1.642295058638332528e-01,1.973275763997116988e-02
1.493999999999999995e+00,1.065814103640150279e-13,4.019900433822723440e-01,8.025071567998382643e-03
1.495999999999999996e+00,-9.769962616701377556e-14,2.296677222892824499e-01,1.552010107328719891e-02
1.497999999999999998e+00,-6.927791673660976812e-14,9.381604466684539956e-03,1.961373262659419497e-02
1.500000000000000000e+00,-1.829647544582257979e-13,9.311917516573918474e-02,1.874723693643593272e-02
1.502000000000000002e+00,-4.618527782440651208e-14,7.534654998561111407e-03,1.944936305073754340e-02
1.504000000000000004e+00,-9.947598300641402602e-14,2.773184568499323932e-01,1.800726355060407527e-02
1.506000000000000005e+00,1.421085471520200372e-13,3.362240950823739971e-01,9.446271641902041077e-03
1.508000000000000007e+00,-1.030286966852145270e-13,4.944645440922140756e-02,1.815472291714551045e-02
1.510000000000000009e+00,-8.881784197001252323e-14,1.976977712565456888e-02,2.135322946564570390e-02
1.512000000000000011e+00,-4.618527782440651208e-14,2.161593775614752688e-01,1.524173362690250597e-02
1.514000000000000012e+00,-1.225686219186172821e-13,1.143383453654961412e-01,1.951686666533945097e-02
1.516000000000000014e+00,-1.456612608308205381e-13,7.788936143960251135e-02,1.804940692065118077e-02
1.518000000000000016e+00,1.968976286810862675e+00,2.131246128181556732e-01,2.074485566165809591e-02
1.520000000000000018e+00,-1.083577672034152783e-13,7.058381120114903817e-02,2.007957801459549912e-02
1.522000000000000020e+00,-1.634248292248230428e-13,1.085327948138794102e-01,1.397340739107981976e-02
1.524000000000000021e+00,-1.314504061156185344e-13,1.604240987739908100e-02,1.935694522613732801e-02
1.526000000000000023e+00,-1.882938249764265493e-13,1.058102437103561680e-04,1.825128412779284878e-02
1.528000000000000025e+00,-9.592326932761352509e-14,2.452144977390813274e-02,2.380245031954320717e-02
1.530000000000000027e+00,-1.190159082398167811e-13,1.568302174646794278e-01,1.916572823185383814e-02
1.532000000000000028e+00,-1.953992523340275511e-14,4.420299206031948897e-02,1.684815218288436556e-02
1.534000000000000030e+00,-8.526512829121202230e-14,6.696235031968805762e-02,2.469653465398096923e-02
1.536000000000000032e+00,-5.506706202140776441e-14,1.133314334764952691e-01,2.250933854188388525e-02
1.538000000000000034e+00,-1.243449787580175325e-13,1.349852348933360535e-01,1.897118354696089582e-02
1.540000000000000036e+00,-4.796163466380676255e-14,3.125229834889839409e-01,1.421448247055680236e-02
1.542000000000000037e+00,-1.065814103640150279e-13,1.192036178058016455e-01,1.660469446388030193e-02
1.544000000000000039e+00,-1.012523398458142765e-13,2.772445790240808394e-01,2.137086156283569960e-02
1.546000000000000041e+00,-6.750155989720951766e-14,7.558432495843847576e-02,2.069293842360711566e-02
1.548000000000000043e+00,-1.190159082398167811e-13,7.169217188942377883e-04,2.313123241257547535e-02
1.550000000000000044e+00,-2.842170943040400743e-14,2.410885954183663096e-02,2.303789458107949328e-02
1.552000000000000046e+00,-5.506706202140776441e-14,1.894345228348675095e-02,2.192672058193431694e-02
1.554000000000000048e+00,-1.030286966852145270e-13,9.807457093536463277e-02,1.770770722685562765e-02
1.556000000000000050e+00,-7.283063041541026905e-14,2.913218966611666808e-02,2.227582885054584655e-02
1.558000000000000052e+00,-7.283063041541026905e-14,1.411060303242441527e-01,2.622589766221714025e-02
1.560000000000000053e+00,-4.085620730620576069e-14,2.224019527635991977e-01,1.938033634947575884e-02
1.562000000000000055e+00,-1.190159082398167811e-13,3.145151190745738151e-02,2.063118608044944152e-02
1.564000000000000057e+00,-1.083577672034152783e-13,2.725227869721387475e-02,2.125138262435833508e-02
1.566000000000000059e+00,-1.687538997430237941e-13,2.271914341353956923e-01,2.121612559411859694e-02
1.568000000000000060e+00,-1.278976924368180335e-13,1.410513840263921681e-01,1.894306425403141994e-02
1.570000000000000062e+00,-6.394884621840901673e-14,8.248677242667354359e-02,2.530821647587144785e-02
1.572000000000000064e+00,-4.618527782440651208e-14,1.564273863879902735e-02,2.038621803786404632e-02
1.574000000000000066e+00,-7.993605777301127091e-14,1.577487726749475169e-02,2.208233143300271720e-02
1.576000000000000068e+00,-4.796163466380676255e-14,9.287810136137419903e-02,2.476614986917039657e-02
1.578000000000000069e+00,-1.101341240428155288e-13,5.587534423610271417e-02,2.357728286938368112e-02
1.580000000000000071e+00,-9.947598300641402602e-14,3.649084681767027910e-02,2.274460548295760554e-02
1.582000000000000073e+00,-6.039613253960851580e-14,2.928684207879032608e-01,2.239875722489390042e-02
1.584000000000000075e+00,-1.101341240428155288e-13,3.510262446056313657e-01,2.112974782043054028e-02
1.586000000000000076e+00,-9.947598300641402602e-14,7.524361981472289969e-03,1.685097575315877561e-02
1.588000000000000078e+00,-1.207922650792170316e-13,1.509581668656757858e-03,2.414343274394362138e-02
1.590000000000000080e+00,1.963154721137598813e+00,1.674538857702878580e-01,1.999124988087020924e-02
1.592000000000000082e+00,-1.190159082398167811e-13,1.851954845751887235e-01,2.517990381399521152e-02
1.594000000000000083e+00,-6.217248937900876626e-14,1.055895523688408916e-01,2.422189080354334584e-02
1.596000000000000085e+00,-1.119104808822157793e-13,5.977230695040366970e-02,2.529509306783300771e-02
1.598000000000000087e+00,-7.105427357601001859e-14,1.075402349016420372e-01,2.477787882487249987e-02
1.600000000000000089e+00,-1.350031197944190353e-13,1.889232436066941301e-01,2.220507966512018025e-02
1.602000000000000091e+00,-1.190159082398167811e-13,1.321995602765987099e-01,2.289788329720605572e-02
1.604000000000000092e+00,-1.438849039914202876e-13,1.310442341984234538e-01,2.259811873617040279e-02
1.606000000000000094e+00,-1.172395514004165307e-13,2.228792252666576476e-02,1.984615963509652609e-02
1.608000000000000096e+00,-9.237055564881302416e-14,1.701021711268410064e-01,2.466397012093027308e-02
1.610000000000000098e+00,-1.101341240428155288e-13,2.098648287360071196e-01,2.404868997478372405e-02
1.612000000000000099e+00,-5.329070518200751394e-14,9.421937620388733114e-02,2.086224712731830216e-02
1.614000000000000101e+00,-9.947598300641402602e-14,2.042942763587599353e-01,2.053159807867915854e-02
1.616000000000000103e+00,-1.278976924368180335e-13,5.661870352768839237e-02,2.244430872239957381e-02
1.618000000000000105e+00,1.960798321634007024e+00,1.921519693153914965e-01,2.650010711925309889e-02
1.620000000000000107e+00,-8.171241461241152138e-14,9.535150937373322588e-02,2.592008418412730664e-02
1.622000000000000108e+00,-8.526512829121202230e-14,8.044266797878873434e-04,2.055998105492203715e-02
1.624000000000000110e+00,-1.190159082398167811e-13,4.058579577015145740e-02,2.832364571999302499e-02
1.626000000000000112e+00,-7.993605777301127091e-14,1.314663958398819832e-01,2.618229477174769532e-02
1.628000000000000114e+00,-1.278976924368180335e-13,8.325504158717532410e-02,2.269493784024025421e-02
1.630000000000000115e+00,-6.927791673660976812e-14,7.780175086457900846e-02,2.285311454684325200e-02
1.632000000000000117e+00,-1.971756091734278016e-13,9.057510731931101011e-02,2.223297393078129541e-02
1.634000000000000119e+00,-1.438849039914202876e-13,1.326164689259594909e-01,2.536995349922719148e-02
1.636000000000000121e+00,-1.527666881884215400e-13,5.860833225913374134e-03,2.286051989774020091e-02
1.638000000000000123e+00,-1.598721155460225418e-14,4.688420584920582196e-02,2.138270133670499423e-02
1.640000000000000124e+00,-1.847411112976260483e-13,6.739487401399006650e-02,2.746420891804026571e-02
1.642000000000000126e+00,-7.815970093361102045e-14,7.920561371831581765e-02,2.490307528936058432e-02
1.644000000000000128e+00,-1.598721155460225418e-13,4.584101349450653458e-03,2.291145407843692833e-02
1.646000000000000130e+00,-1.190159082398167811e-13,1.057581482472444850e-01,2.369400780805241968e-02
1.648000000000000131e+00,-9.947598300641402602e-14,8.120873280118162674e-02,2.567673471040428368e-02
1.650000000000000133e+00,-1.172395514004165307e-13,1.913308542331653428e-01,2.599975130593174324e-02
1.652000000000000135e+00,-1.190159082398167811e-13,3.931535662916777613e-02,2.134741313491228532e-02
1.654000000000000137e+00,-1.012523398458142765e-13,8.243601465240991966e-02,2.369842469237482679e-02
1.656000000000000139e+00,-6.217248937900876626e-14,2.994417494815127534e-01,2.446435126963848045e-02
1.658000000000000140e+00,-2.131628207280300558e-14,5.538560842939107415e-02,2.420246157993042463e-02
1.660000000000000142e+00,-7.105427357601001859e-14,1.413754568878281166e-02,2.552285361185532495e-02
1.662000000000000144e+00,-7.638334409421076998e-14,5.167464797171478219e-02,2.506754708010457133e-02
1.664000000000000146e+00,-1.278976924368180335e-13,1.890374486250221697e-01,2.562374544097266796e-02
1.665999999999999925e+00,-1.580957587066222914e-13,9.749060685636455614e-02,2.281598478230419461e-02
1.667999999999999927e+00,-1.403321903126197867e-13,6.927730034972190941e-03,2.815668133654496141e-02
1.669999999999999929e+00,-9.237055564881302416e-14,1.335586296450555210e-01,2.647023438380769617e-02
1.671999999999999931e+00,-8.881784197001252323e-14,2.964065133256703691e-02,2.826287494540023065e-02
1.673999999999999932e+00,-6.927791673660976812e-14,1.479439669975209370e-01,2.645601783117528666e-02
1.675999999999999934e+00,1.955756091637073979e+00,1.528711663546895860e-01,2.969641251729169748e-02
1.677999999999999936e+00,-2.664535259100375697e-14,1.708627307428296493e-01,2.760047158767326564e-02
1.679999999999999938e+00,-5.329070518200751394e-14,2.054054765860292148e-02,2.854252751039186922e-02
1.681999999999999940e+00,-7.105427357601001859e-14,5.304608877597035560e-02,2.271681413037074035e-02
1.683999999999999941e+00,-9.237055564881302416e-14,2.870263643083511076e-02,2.494075250998779511e-02
1.685999999999999943e+00,-9.414691248821327463e-14,8.498092073511470668e-02,2.710932117235756444e-02
1.687999999999999945e+00,-1.243449787580175325e-13,6.308769714006716434e-02,2.766796680688929366e-02
1.689999999999999947e+00,-1.172395514004165307e-13,7.720939470716341180e-02,2.787581426090439754e-02
1.691999999999999948e+00,6.394884621840901673e-14,3.038895524932587189e-01,1.441961727033243094e-02
1.693999999999999950e+00,-5.684341886080801487e-14,5.693118904697885840e-02,2.573924389496149226e-02
1.695999999999999952e+00,-1.190159082398167811e-13,4.401263076449563050e-02,2.674128531446996401e-02
1.697999999999999954e+00,-9.769962616701377556e-14,2.376489280245193750e-02,2.763755317772271375e-02
1.699999999999999956e+00,-3.197442310920450836e-14,3.402092358145492601e-01,2.234668215231378277e-02
1.701999999999999957e+00,-1.421085471520200372e-13,1.371617891884451546e-01,2.865539706283102075e-02
1.703999999999999959e+00,-1.207922650792170316e-13,8.662518031707437671e-02,2.339652791580539362e-02
1.705999999999999961e+00,-9.237055564881302416e-14,6.058463463539952992e-03,2.455430032027575843e-02
1.707999999999999963e+00,-9.769962616701377556e-14,1.169622626765999263e-01,2.460672564278044983e-02
1.709999999999999964e+00,-1.563194018672220409e-13,1.628130201712198188e-01,2.853396441335792622e-02
1.711999999999999966e+00,-1.278976924368180335e-13,3.315611460666257893e-01,2.512727011124154045e-02
1.713999999999999968e+00,-9.592326932761352509e-14,1.055718698685891542e-02,3.091939846525482150e-02
1.715999999999999970e+00,-7.460698725481051952e-14,5.845909330156134898e-02,3.161371934600452210e-02
1.717999999999999972e+00,-1.207922650792170316e-13,1.700290799932623609e-01,2.676377670749855928e-02
1.719999999999999973e+00,-9.947598300641402602e-14,1.926221690785346052e-01,2.786489090673373650e-02
1.721999999999999975e+00,-1.083577672034152783e-13,1.253940937919314769e-01,2.546789178345449517e-02
1.723999999999999977e+00,-3.197442310920450836e-14,1.252131854042411174e-01,2.667537074571593725e-02
1.725999999999999979e+00,-1.065814103640150279e-13,1.552135713189792265e-01,2.972879740965242781e-02
1.727999999999999980e+00,-6.394884621840901673e-14,9.178686753879611304e-02,2.855552742698094434e-02
1.729999999999999982e+00,-9.592326932761352509e-14,1.072446791777819791e-01,2.905992341108390789e-02
1.731999999999999984e+00,-9.237055564881302416e-14,4.405621976308633087e-02,2.215411606137428560e-02
1.733999999999999986e+00,-1.438849039914202876e-13,4.160809896409553565e-02,2.932717327661935394e-02
1.735999999999999988e+00,-1.580957587066222914e-13,1.177671184081641592e-01,2.469631790290881951e-02
1.737999999999999989e+00,-3.375077994860475883e-14,1.859959004312103717e-02,2.800446667775128781e-02
1.739999999999999991e+00,-6.217248937900876626e-14,4.450813238858730703e-02,3.252523400805438364e-02
1.741999999999999993e+00,-1.243449787580175325e-13,5.987603237600875455e-02,3.177721454894889136e-02
1.743999999999999995e+00,-8.348877145181177184e-14,2.352914013982636832e-01,2.738891064715505419e-02
1.745999999999999996e+00,-6.750155989720951766e-14,1.418790446855464904e-01,2.993957129969409756e-02
1.747999999999999998e+00,-1.119104808822157793e-13,7.762513648115247633e-03,2.369398608238943230e-02
1.750000000000000000e+00,-7.460698725481051952e-14,1.877550629198263682e-02,2.498855059836278814e-02
1.752000000000000002e+00,-8.171241461241152138e-14,6.035221382268753793e-02,3.149131185633296387e-02
1.754000000000000004e+00,-7.460698725481051952e-14,6.688604486256206905e-02,3.071663860258528472e-02
1.756000000000000005e+00,-1.652011860642232932e-13,4.702064598860389300e-02,3.229226840281092248e-02
1.758000000000000007e+00,-1.598721155460225418e-13,4.572866954233711229e-02,3.459019030041196596e-02
1.760000000000000009e+00,-7.638334409421076998e-14,8.420889373147881496e-02,3.257157908706585780e-02
1.762000000000000011e+00,-1.740829702612245455e-13,6.206920449611687957e-02,2.575078514005133337e-02
1.764000000000000012e+00,-1.314504061156185344e-13,5.254118125362412621e-03,2.957518054891008011e-02
1.766000000000000014e+00,-1.598721155460225418e-13,1.158170280349906517e-01,2.737754318124408642e-02
1.768000000000000016e+00,-1.616484723854227923e-13,2.109575808408343037e-02,3.440911774489423952e-02
1.770000000000000018e+00,-7.638334409421076998e-14,8.282312931353522090e-03,3.381151396951587174e-02
1.772000000000000020e+00,-1.190159082398167811e-13,1.738351210591723983e-01,2.751652910261531693e-02
1.774000000000000021e+00,-1.243449787580175325e-13,1.602057402141192910e-01,2.885189850897386041e-02
1.776000000000000023e+00,-6.750155989720951766e-14,2.554746230381652050e-01,2.767110082504852658e-02
1.778000000000000025e+00,-5.329070518200751394e-14,3.332487503332360896e-03,3.290883269589609667e-02
1.780000000000000027e+00,-8.881784197001252323e-15,1.950412041584375922e-01,3.144556505467292762e-02
1.782000000000000028e+00,1.945995174152496787e+00,6.087800764308776147e-02,3.191321262917163476e-02
1.784000000000000030e+00,-1.367794766338192858e-13,1.529916074983502516e-01,2.805477932431075030e-02
1.786000000000000032e+00,-1.048050535246147774e-13,3.825350429932063978e-01,2.941571270925075546e-02
1.788000000000000034e+00,1.945422120154317369e+00,1.774093125426136341e-01,2.708644391525220907e-02
1.790000000000000036e+00,-9.414691248821327463e-14,2.156537419713021597e-01,2.624093805018849410e-02
1.792000000000000037e+00,-4.440892098500626162e-14,4.739023502971012602e-02,2.855892084508921541e-02
1.794000000000000039e+00,-1.065814103640150279e-13,3.610410867152268749e-02,3.229480941557147378e-02
1.796000000000000041e+00,-8.526512829121202230e-14,9.670795062462633762e-02,2.507286380337727869e-02
1.798000000000000043e+00,-5.329070518200751394e-14,2.423774427968800327e-01,3.601002405350283569e-02
1.800000000000000044e+00,1.944269538273987408e+00,5.827965949001198687e-02,3.075270918729325342e-02
1.802000000000000046e+00,-6.572520305780926719e-14,4.866077813790855439e-02,2.705033667243955664e-02
1.804000000000000048e+00,1.943883433105439096e+00,2.394766359371275008e-02,3.092722359518354849e-02
1.806000000000000050e+00,-1.563194018672220409e-13,3.474411408283538394e-02,2.950692820028904401e-02
1.808000000000000052e+00,1.943496375512165031e+00,7.843510691600351359e-02,3.639371570178578236e-02
1.810000000000000053e+00,-5.506706202140776441e-14,3.167420309157362168e-01,3.072957332968206945e-02
1.812000000000000055e+00,-1.953992523340275511e-14,3.031229771235757764e-02,3.695745149912076782e-02
1.814000000000000057e+00,-1.278976924368180335e-13,2.094390835392559158e-01,2.859632074031114371e-02
1.816000000000000059e+00,-6.572520305780926719e-14,6.044083155271845476e-02,3.534308465025575580e-02
1.818000000000000060e+00,-1.207922650792170316e-13,8.411820653475216014e-02,3.286697646743148155e-02
1.820000000000000062e+00,-9.059419880941277370e-14,9.879930156106364603e-02,3.241511504033677687e-02
1.822000000000000064e+00,-7.993605777301127091e-14,5.743326077108618088e-02,3.235891715282197129e-02
1.824000000000000066e+00,-8.704148513061227277e-14,7.282250511957259753e-02,3.358475537252429005e-02
1.826000000000000068e+00,-1.438849039914202876e-13,3.660935680903842915e-01,2.666473575756259096e-02
1.828000000000000069e+00,-8.881784197001252323e-14,5.792257263811704388e-02,2.814134587889641562e-02
1.830000000000000071e+00,-1.012523398458142765e-13,1.085919044849829179e-02,3.527622511818980650e-02
1.832000000000000073e+00,-7.638334409421076998e-14,4.207735188431591111e-02,3.812848718171071849e-02
1.834000000000000075e+00,5.329070518200751394e-15,1.968387003779773492e-01,2.787182382170160996e-02
1.836000000000000076e+00,-1.083577672034152783e-13,1.130147520387339150e-01,3.255078329762296080e-02
1.838000000000000078e+00,-1.190159082398167811e-13,2.326769513372714537e-02,3.166609662181796986e-02
1.840000000000000080e+00,-9.414691248821327463e-14,2.999320537306064682e-02,3.343459077705517035e-02
1.842000000000000082e+00,-8.171241461241152138e-14,8.194875208438610892e-02,3.205957816276754774e-02
1.844000000000000083e+00,-7.460698725481051952e-14,1.852930594379863238e-01,2.882435913345362394e-02
1.846000000000000085e+00,-1.527666881884215400e-13,8.191452000101163977e-02,3.004993506442289047e-02
1.848000000000000087e+00,-1.580957587066222914e-13,2.189463282368718511e-02,3.098702949161509165e-02
1.850000000000000089e+00,-1.154631945610162802e-13,3.231123340812345340e-02,3.479180484297004355e-02
1.852000000000000091e+00,-1.580957587066222914e-13,1.245670795068917931e-02,3.224572183886897925e-02
1.854000000000000092e+00,-6.039613253960851580e-14,5.828622301789811860e-02,3.179726456622088832e-02
1.856000000000000094e+00,-3.375077994860475883e-14,2.206318288659999197e-02,2.874956491322072649e-02
1.858000000000000096e+00,-1.101341240428155288e-13,5.644552883411458472e-02,3.263554051359824487e-02
1.860000000000000098e+00,-9.059419880941277370e-14,1.814986320571008171e-01,3.243372003569746503e-02
1.862000000000000099e+00,1.938178849994905306e+00,4.659527160574428173e-02,3.646713238637867144e-02
1.864000000000000101e+00,-1.065814103640150279e-13,1.032500962043271658e-01,3.762843459884482322e-02
1.866000000000000103e+00,-6.927791673660976812e-14,5.898384494265795919e-02,2.614759885788948274e-02
1.868000000000000105e+00,-1.083577672034152783e-13,1.151255696362230019e-01,3.158449279201867854e-02
1.870000000000000107e+00,-9.059419880941277370e-14,8.285435504728555500e-02,3.073761453263897797e-02
1.872000000000000108e+00,-4.085620730620576069e-14,1.465959578901172150e-02,3.603778855098295486e-02
1.874000000000000110e+00,-5.151434834260726348e-14,1.924742463420517913e-01,2.825631911771402452e-02
1.876000000000000112e+00,1.936772537276189254e+00,7.250939804433427505e-02,3.222733765744955486e-02
1.878000000000000114e+00,-1.989519660128280520e-13,1.550281488227175930e-02,3.843764967695403878e-02
1.880000000000000115e+00,-8.348877145181177184e-14,1.239439752196280081e-01,3.715606020174509749e-02
1.882000000000000117e+00,-1.012523398458142765e-13,1.516497335970051485e-01,3.213537502759609282e-02
1.884000000000000119e+00,-9.947598300641402602e-14,1.087785187102033174e-01,3.619694631496617188e-02
1.886000000000000121e+00,-7.283063041541026905e-14,1.334074445098375750e-01,3.484602570334600913e-02
1.888000000000000123e+00,-9.414691248821327463e-14,7.783634118678711689e-02,3.082331062335465569e-02
1.890000000000000124e+00,-4.440892098500626162e-14,1.392009280251281789e-01,3.082789168119105111e-02
1.892000000000000126e+00,-1.083577672034152783e-13,1.250690927597564450e-01,3.847507154874084401e-02
1.894000000000000128e+00,-1.243449787580175325e-14,6.562442316417772814e-02,4.092879771310857506e-02
1.896000000000000130e+00,-8.348877145181177184e-14,1.215640854123441715e-02,3.500927725801874363e-02
1.898000000000000131e+00,-5.329070518200751394e-14,3.632655873698312915e-02,3.786575678574906345e-02
1.900000000000000133e+00,-1.083577672034152783e-13,1.178802494775591514e-01,3.813830769166848267e-02
1.902000000000000135e+00,-5.506706202140776441e-14,1.162121913437566025e-02,3.442216239915824039e-02
1.904000000000000137e+00,1.933926272200201524e+00,1.068512349929988670e-01,3.244415046032703143e-02
1.906000000000000139e+00,-1.136868377216160297e-13,1.692331798787700681e-01,3.207856659156283624e-02
1.908000000000000140e+00,-1.367794766338192858e-13,1.662978665032598669e-01,3.385009612329906159e-02
1.910000000000000142e+00,-1.811883976188255474e-13,3.578129250191229294e-01,3.184989867622294718e-02
1.912000000000000144e+00,-1.527666881884215400e-13,1.758156407303233804e-01,4.086676593569348731e-02
1.914000000000000146e+00,-1.865174681370262988e-13,1.099272058146319592e-01,4.039944608455661723e-02
1.916000000000000147e+00,-1.012523398458142765e-13,3.118640347723907955e-02,3.463968923050740611e-02
1.918000000000000149e+00,-1.048050535246147774e-13,2.149038103156003521e-01,3.346742785175322449e-02
1.919999999999999929e+00,1.932279905411760978e+00,8.569216437102455952e-02,4.045651979098758427e-02
1.921999999999999931e+00,-7.638334409421076998e-14,4.591564113441224532e-02,3.541521199497471573e-02
1.923999999999999932e+00,-1.101341240428155288e-13,1.534387539730908134e-01,2.914717204186494451e-02
1.925999999999999934e+00,1.931658814891113352e+00,4.612755500127663222e-02,3.413239625603502192e-02
1.927999999999999936e+00,-1.314504061156185344e-13,6.820282799577508104e-02,3.213322196066105418e-02
1.929999999999999938e+00,-2.184918912462308072e-13,1.310944624770755684e-01,4.036571740564071087e-02
1.931999999999999940e+00,1.931035714933580394e+00,1.306492709002226860e-01,4.109479932104821015e-02
1.933999999999999941e+00,-1.101341240428155288e-13,5.814269603996188862e-02,3.954053188073814590e-02
1.935999999999999943e+00,-1.438849039914202876e-13,9.258142825708637336e-02,4.035392367594919233e-02
1.937999999999999945e+00,-7.460698725481051952e-14,8.134890241355761942e-02,4.061056837372529343e-02
1.939999999999999947e+00,-7.638334409421076998e-14,7.916741351206842831e-03,3.437984482195435149e-02
1.941999999999999948e+00,-7.105427357601001859e-14,1.017901018756449255e-01,3.413745852188927732e-02
1.943999999999999950e+00,-6.927791673660976812e-14,6.166990041804118472e-02,3.164882229376953654e-02
1.945999999999999952e+00,1.929574038085849708e+00,6.161279514978187932e-02,3.871101879114875050e-02
1.947999999999999954e+00,-1.367794766338192858e-13,3.535671466378855626e-02,3.780291568034903349e-02
1.949999999999999956e+00,5.329070518200751394e-15,2.143730798380369049e-02,2.568370327199304831e-02
1.951999999999999957e+00,-6.039613253960851580e-14,8.305778275382294518e-02,3.839264300723153889e-02
1.953999999999999959e+00,-1.527666881884215400e-13,4.868608032287561477e-02,3.892149335461936310e-02
1.955999999999999961e+00,-5.151434834260726348e-14,1.573930343825142020e-01,3.130999707044584274e-02
1.957999999999999963e+00,-4.618527782440651208e-14,4.589832336941451763e-02,3.431997738511012586e-02
1.959999999999999964e+00,-1.314504061156185344e-13,1.266100272254639114e-01,4.103018311058985457e-02
1.961999999999999966e+00,-5.506706202140776441e-14,1.936667885619048485e-02,3.334322444403492458e-02
1.963999999999999968e+00,-1.438849039914202876e-13,1.215571426233713198e-01,3.424410985403104207e-02
1.965999999999999970e+00,-1.048050535246147774e-13,2.469840611063625346e-01,3.427766034400950290e-02
1.967999999999999972e+00,-6.217248937900876626e-14,3.925009603478466012e-04,3.513679359532417834e-02
1.969999999999999973e+00,4.973799150320701301e-14,4.752664459250042217e-01,2.383761728841614705e-02
1.971999999999999975e+00,-8.881784197001252323e-14,5.679913505817432186e-03,3.360044726719081665e-02
1.973999999999999977e+00,-4.440892098500626162e-14,1.941228008769287638e-01,3.672086707729949051e-02
1.975999999999999979e+00,3.552713678800500929e-15,1.357837109440187817e-01,3.693821378174112768e-02
1.977999999999999980e+00,-1.012523398458142765e-13,6.180396467925725057e-02,3.901248788430600883e-02
1.979999999999999982e+00,-4.973799150320701301e-14,8.878108132727811908e-02,3.776949764481010718e-02
1.981999999999999984e+00,1.925765967257227373e+00,4.276801411936997227e-02,4.177643882858825958e-02
1.983999999999999986e+00,-3.730349362740525976e-14,7.716646617541282616e-02,3.810383218209207473e-02
1.985999999999999988e+00,-1.687538997430237941e-13,8.158870420764470499e-02,3.786399785856821992e-02
1.987999999999999989e+00,-4.973799150320701301e-14,1.837879856312169269e-01,3.583940636962129611e-02
1.989999999999999991e+00,-6.572520305780926719e-14,2.397614882179035511e-01,3.680826912921443539e-02
1.991999999999999993e+00,-6.217248937900876626e-14,7.948076151534472222e-02,4.149895310509530560e-02
1.993999999999999995e+00,-1.385558334732195362e-13,1.354103097170412384e-01,3.038458069889233767e-02
1.995999999999999996e+00,-5.861977570020826533e-14,1.980021868382488004e-01,3.600523865961259562e-02
1.997999999999999998e+00,-1.048050535246147774e-13,9.955204904106219888e-02,4.137816576925219120e-02
2.000000000000000000e+00,-9.237055564881302416e-14,7.721784791466097808e-02,3.627253744041878530e-02
2.002000000000000224e+00,-1.065814103640150279e-13,1.204255701113870480e-01,4.085517663076009692e-02
2.004000000000000004e+00,-1.900701818158267997e-13,1.020186820972795588e-01,3.850389961028821695e-02
2.006000000000000227e+00,-1.367794766338192858e-13,1.975412830876001336e-01,4.301840578539463389e-02
2.008000000000000007e+00,-5.329070518200751394e-14,2.897518806066458341e-02,3.815007649727698152e-02
2.010000000000000231e+00,-7.993605777301127091e-14,1.228661483427707785e-01,3.692617813651891817e-02
2.012000000000000011e+00,-3.197442310920450836e-14,1.053008199837258685e-01,3.515078003783533162e-02
2.014000000000000234e+00,-1.261213355974177830e-13,1.481250021500677971e-01,4.639839584604023986e-02
2.016000000000000014e+00,-1.225686219186172821e-13,3.871406293125956855e-01,2.592372333605745538e-02
2.018000000000000238e+00,-1.616484723854227923e-13,1.498705191419739124e-01,3.910838730831908694e-02
2.020000000000000018e+00,-6.217248937900876626e-14,2.099152116535232537e-01,3.903506771021084815e-02
2.022000000000000242e+00,-1.101341240428155288e-13,8.852358472460471195e-02,3.875357661528353037e-02
2.024000000000000021e+00,-1.172395514004165307e-13,2.580872514492681957e-01,3.856224946435114764e-02
2.026000000000000245e+00,-7.638334409421076998e-14,1.198607525348564101e-02,3.981984871035474521e-02
2.028000000000000025e+00,-1.580957587066222914e-13,2.100311668428263001e-01,3.510403641348916470e-02
2.030000000000000249e+00,-8.171241461241152138e-14,3.246527829133995929e-02,3.638841335149739509e-02
2.032000000000000028e+00,-1.136868377216160297e-13,3.046594444925782019e-01,3.531862560857530059e-02
2.034000000000000252e+00,-4.796163466380676255e-14,2.687324446093311212e-02,3.816837510293521335e-02
2.036000000000000032e+00,-9.237055564881302416e-14,2.031667291668989572e-01,4.233065169060539618e-02
2.038000000000000256e+00,-5.506706202140776441e-14,1.351836530441862250e-01,4.670692292569719045e-02
2.040000000000000036e+00,-7.638334409421076998e-14,2.121459408283760950e-01,3.492614927936139174e-02
2.042000000000000259e+00,-8.881784197001252323e-14,7.697740689688442606e-02,4.203878558633015322e-02
2.044000000000000039e+00,-9.769962616701377556e-14,3.574265694122116116e-02,4.226785877166695099e-02
2.046000000000000263e+00,-1.136868377216160297e-13,9.721589295097726735e-02,4.044841761415878673e-02
2.048000000000000043e+00,3.552713678800500929e-15,1.282042089680563712e-01,2.258723467270026472e-02
2.049999999999999822e+00,-1.190159082398167811e-13,1.904710414363859350e-01,4.338112231074934405e-02
2.052000000000000046e+00,-4.440892098500626162e-14,1.438509191930712194e-01,3.420900381910206567e-02
2.053999999999999826e+00,1.243449787580175325e-13,5.518834045479883987e-02,2.427546734708917534e-02
2.056000000000000050e+00,-1.048050535246147774e-13,1.081278288316154905e-02,3.834237743930845460e-02
2.057999999999999829e+00,-7.815970093361102045e-14,2.999753283264434620e-02,3.646048010741514273e-02
2.060000000000000053e+00,-1.456612608308205381e-13,2.224201338304417908e-01,4.639841928110542690e-02
2.061999999999999833e+00,-2.309263891220325604e-14,2.099892176941812183e-01,3.953561472342878580e-02
2.064000000000000057e+00,-4.085620730620576069e-14,4.659405097331916629e-02,4.388797169491929356e-02
2.065999999999999837e+00,-1.012523398458142765e-13,7.662385309424950275e-02,3.502293434850701354e-02
2.068000000000000060e+00,-9.414691248821327463e-14,1.471508094063549155e-01,3.754699792991499085e-02
2.069999999999999840e+00,-1.527666881884215400e-13,3.393391706327238827e-02,4.028458884288371039e-02
2.072000000000000064e+00,-1.545430450278217904e-13,1.672423703870970224e-01,3.986864589760037714e-02
2.073999999999999844e+00,-1.190159082398167811e-13,7.555425036309691700e-02,3.663755120909147067e-02
2.076000000000000068e+00,-8.881784197001252323e-14,1.752485744173885168e-02,5.006954441379580373e-02
2.077999999999999847e+00,-1.119104808822157793e-13,2.022259907122988531e-01,3.667104362678946100e-02
2.080000000000000071e+00,-9.769962616701377556e-14,2.050267764466295051e-01,4.148660480370770787e-02
2.081999999999999851e+00,-1.190159082398167811e-13,9.808221046139610488e-02,4.485614077142271311e-02
2.084000000000000075e+00,-1.172395514004165307e-13,8.282634215182085868e-02,4.189299723459639913e-02
2.085999999999999854e+00,-1.012523398458142765e-13,1.151849121156781480e-01,3.865696672910021864e-02
2.088000000000000078e+00,-1.278976924368180335e-13,9.667640212188209625e-03,4.476786272022588442e-02
2.089999999999999858e+00,-7.638334409421076998e-14,1.284414660248404116e-01,4.261308566008680659e-02
2.092000000000000082e+00,-1.261213355974177830e-13,4.528028070728222672e-03,3.907896120166710202e-02
2.093999999999999861e+00,-1.758593271006247960e-13,2.195005872780853018e-02,4.340206068440389392e-02
2.096000000000000085e+00,-9.947598300641402602e-14,2.481819266849566441e-01,4.318842556009824807e-02
2.097999999999999865e+00,-1.314504061156185344e-13,1.513037519504400186e-01,3.454096348593772847e-02
2.100000000000000089e+00,-1.225686219186172821e-13,4.572603524023304694e-02,4.255331415223325559e-02
2.101999999999999869e+00,-6.750155989720951766e-14,5.113512993293626782e-03,4.364293555995067686e-02
2.104000000000000092e+00,-1.634248292248230428e-13,8.938499640440743244e-02,4.294632769185082605e-02
2.105999999999999872e+00,-1.048050535246147774e-13,1.343563377945670712e-01,4.655103583887924140e-02
2.108000000000000096e+00,-1.225686219186172821e-13,8.219751137495913407e-02,3.876070702889163055e-02
2.109999999999999876e+00,-1.652011860642232932e-13,7.014212187284216138e-02,4.087901795307203462e-02
2.112000000000000099e+00,-1.598721155460225418e-13,4.281225579856621360e-02,4.761946622101354692e-02
2.113999999999999879e+00,-4.085620730620576069e-14,9.864450154042414542e-02,4.252954377930017599e-02
2.116000000000000103e+00,-1.350031197944190353e-13,5.474668068334231745e-03,4.324852031020868376e-02
2.117999999999999883e+00,-1.172395514004165307e-13,1.994369158049282553e-01,3.984892527227214265e-02
2.120000000000000107e+00,-1.456612608308205381e-13,5.654381690882952401e-03,4.349449103521987187e-02
2.121999999999999886e+00,-6.927791673660976812e-14,3.038683860287444971e-01,3.721827423031594251e-02
2.124000000000000110e+00,1.776356839400250465e-15,1.531368177290390042e-01,1.880509537504213013e-02
2.125999999999999890e+00,-8.171241461241152138e-14,8.832797564160459192e-02,4.375332659688482839e-02
2.128000000000000114e+00,-1.332267629550187849e-13,5.690603138075883694e-02,4.127149454515417759e-02
2.129999999999999893e+00,-9.059419880941277370e-14,1.897023799934378641e-01,4.506066665178787983e-02
2.132000000000000117e+00,-1.438849039914202876e-13,1.890098417132916042e-01,5.143137198742901012e-02
2.133999999999999897e+00,-1.794120407794252969e-13,1.175628973197557076e-01,4.074137867629916421e-02
2.136000000000000121e+00,-6.927791673660976812e-14,1.267145648736979213e-01,4.346291353764222820e-02
2.137999999999999901e+00,-6.750155989720951766e-14,1.141675535084812482e-01,4.714145284588459189e-02
2.140000000000000124e+00,-1.829647544582257979e-13,7.004340990404807343e-02,4.916227897246292639e-02
2.141999999999999904e+00,-9.769962616701377556e-14,2.741511732285813532e-02,5.103613976127683444e-02
2.144000000000000128e+00,-1.101341240428155288e-13,1.799779780627411840e-01,4.936535231058288009e-02
2.145999999999999908e+00,-1.705302565824240446e-13,1.367652729237071318e-01,4.147522176722410331e-02
2.148000000000000131e+00,-9.769962616701377556e-14,3.459680196214456882e-02,4.030660569616511396e-02
2.149999999999999911e+00,-1.207922650792170316e-13,3.715567239138695826e-02,4.615461038877749500e-02
2.152000000000000135e+00,-1.492139745096210390e-13,1.773415591157151694e-01,5.030990228960281058e-02
2.153999999999999915e+00,-9.769962616701377556e-14,1.104531066226548813e-01,3.950943778759561514e-02
2.156000000000000139e+00,-1.421085471520200372e-13,2.723596003744182745e-02,3.882188781427209356e-02
2.157999999999999918e+00,-1.101341240428155288e-13,7.437954476652884617e-02,4.190318640633479419e-02
2.160000000000000142e+00,-1.207922650792170316e-13,8.144754621382824245e-02,5.497482081384208463e-02
2.161999999999999922e+00,-7.460698725481051952e-14,2.398684625065094222e-01,4.922091179153367801e-02
2.164000000000000146e+00,-1.918465386552270502e-13,1.633986959802724015e-01,4.937807061926711288e-02
2.165999999999999925e+00,-1.652011860642232932e-13,1.576522470024508682e-01,3.998153811024855731e-02
2.168000000000000149e+00,-1.563194018672220409e-13,1.259185787748039465e-01,4.407469602311894080e-02
2.169999999999999929e+00,-1.580957587066222914e-13,4.938140311490898937e-02,4.441520705164059973e-02
2.172000000000000153e+00,1.598721155460225418e-14,3.320925924305139776e-01,4.860381894459185614e-02
2.173999999999999932e+00,-1.634248292248230428e-13,1.615448985858061459e-01,4.248321223486268422e-02
2.176000000000000156e+00,-1.474376176702207886e-13,7.191143698823296293e-02,4.379561567691460378e-02
2.177999999999999936e+00,-7.283063041541026905e-14,3.314154949616082702e-01,4.154955033285118171e-02
2.180000000000000160e+00,-1.278976924368180335e-13,7.389781386852591061e-02,4.031173051101769739e-02
2.181999999999999940e+00,-9.414691248821327463e-14,1.010112768836182208e-02,4.894649846877657112e-02
2.184000000000000163e+00,-1.474376176702207886e-13,6.972700804685234843e-02,4.265074176205869289e-02
2.185999999999999943e+00,-1.598721155460225418e-13,2.221734673997999010e-01,4.024052469635741591e-02
2.188000000000000167e+00,-1.634248292248230428e-13,1.573042045555189394e-01,4.218296558567473376e-02
2.189999999999999947e+00,1.902437407665683367e+00,3.313960769110980281e-02,4.244519255587109879e-02
2.192000000000000171e+00,-1.705302565824240446e-13,1.476903781614761491e-01,4.996680647934959030e-02
2.193999999999999950e+00,-6.750155989720951766e-14,7.162023355503664701e-02,5.084903395005280213e-02
2.196000000000000174e+00,-2.060573933704290539e-13,3.340411362896514302e-01,3.916272235525874307e-02
2.197999999999999954e+00,-8.704148513061227277e-14,1.766744649016513957e-01,5.178933528742770548e-02
2.200000000000000178e+00,-7.460698725481051952e-14,9.908431065065458065e-02,3.994816638374567436e-02
2.201999999999999957e+00,-1.261213355974177830e-13,1.650516933942825226e-01,3.860091068587727381e-02
2.204000000000000181e+00,1.350031197944190353e-13,4.003989788970194752e-01,1.844611241066035009e-02
2.205999999999999961e+00,-1.243449787580175325e-13,9.684843589268521402e-02,4.944807160375590954e-02
2.208000000000000185e+00,-1.030286966852145270e-13,4.379445866015655581e-02,4.234146099702936622e-02
2.209999999999999964e+00,-1.545430450278217904e-13,9.821289778108024601e-04,5.229369942579996378e-02
2.212000000000000188e+00,-1.456612608308205381e-13,1.638421804822394467e-01,3.886240154821258425e-02
2.213999999999999968e+00,-9.059419880941277370e-14,1.490038776982153534e-01,4.852250370129148477e-02
2.216000000000000192e+00,-4.085620730620576069e-14,2.832019940182875159e-02,5.210399941708077076e-02
2.217999999999999972e+00,-1.083577672034152783e-13,1.144700804744955835e-01,4.428899591371071587e-02
2.220000000000000195e+00,-1.083577672034152783e-13,1.962412250219610910e-01,4.654265309726268729e-02
2.221999999999999975e+00,-1.758593271006247960e-13,1.867422200179641445e-01,3.965749011835078414e-02
2.224000000000000199e+00,-1.207922650792170316e-13,6.394331142290958503e-02,4.577462429524249005e-02
2.225999999999999979e+00,-4.973799150320701301e-14,5.322435085704153163e-02,5.332095199097713900e-02
2.228000000000000203e+00,-7.460698725481051952e-14,3.128048475723400057e-01,4.754669016227570238e-02
2.229999999999999982e+00,-1.350031197944190353e-13,9.265029338983138407e-02,4.656549769062079402e-02
2.232000000000000206e+00,-1.225686219186172821e-13,2.949896396053028683e-02,4.824210327790189740e-02
2.233999999999999986e+00,-1.403321903126197867e-13,1.300651767609549980e-01,5.257033929938944444e-02
2.236000000000000210e+00,-2.202682480856310576e-13,9.933059562100519935e-02,5.197467890940596358e-02
2.237999999999999989e+00,-1.296740492762182839e-13,1.263374249039722341e-01,5.012682432724455128e-02
2.240000000000000213e+00,-1.012523398458142765e-13,7.396966753799048833e-02,5.135966202688591747e-02
2.241999999999999993e+00,-1.740829702612245455e-13,2.894759430296903191e-01,4.932098360073823573e-02
2.244000000000000217e+00,-1.243449787580175325e-13,1.285083341525478373e-01,5.489579414412179559e-02
2.245999999999999996e+00,-1.172395514004165307e-13,2.088520215731674845e-01,4.580060875132258014e-02
2.248000000000000220e+00,-1.225686219186172821e-13,2.610167116910029894e-01,5.465807787288948921e-02
2.250000000000000000e+00,-1.243449787580175325e-14,1.483735873033233121e-01,4.331561188813658203e-02
2.252000000000000224e+00,1.895073322314514641e+00,1.376887490250678636e-01,4.660429769817007323e-02
2.254000000000000004e+00,-1.882938249764265493e-13,3.444447976498966977e-03,4.652162737284467470e-02
2.256000000000000227e+00,-1.474376176702207886e-13,1.600554740834892187e-01,4.467000737259470972e-02
2.258000000000000007e+00,-1.794120407794252969e-13,5.807308874039998625e-02,4.567995003394111075e-02
2.260000000000000231e+00,-1.030286966852145270e-13,6.701916057230865309e-02,4.913446401236361283e-02
2.262000000000000011e+00,-1.296740492762182839e-13,4.892214161411689854e-02,4.099410057721938200e-02
2.264000000000000234e+00,-1.065814103640150279e-13,8.184209295858675681e-02,4.617067545092835845e-02
2.266000000000000014e+00,-1.421085471520200372e-14,8.011941639538212867e-02,2.668559173610740923e-02
2.268000000000000238e+00,-1.030286966852145270e-13,2.334553227468112446e-01,4.586608043686411090e-02
2.270000000000000018e+00,1.892902271350084931e+00,8.669238972237398866e-02,4.245013567906447821e-02
2.272000000000000242e+00,-1.190159082398167811e-13,6.177898315917534217e-02,4.441665519477551449e-02
2.274000000000000021e+00,-1.456612608308205381e-13,1.986718062208000235e-01,4.973096847274934701e-02
2.276000000000000245e+00,-1.207922650792170316e-13,1.058588410248060413e-01,5.482730378300800650e-02
2.278000000000000025e+00,-5.506706202140776441e-14,1.340532107304372167e-01,5.324690124011804970e-02
2.280000000000000249e+00,-7.460698725481051952e-14,2.326727752701366614e-01,4.848275622738901919e-02
2.282000000000000028e+00,-1.456612608308205381e-13,1.143905425255522385e-02,4.991543527293026972e-02
2.284000000000000252e+00,1.891203606549833438e+00,1.096942209383464512e-01,4.818799677119661728e-02
2.286000000000000032e+00,-1.527666881884215400e-13,1.838499577091037146e-02,4.549111779606015982e-02
2.288000000000000256e+00,-1.101341240428155288e-13,1.512047021168943517e-01,4.789868041745130867e-02
2.290000000000000036e+00,-2.664535259100375697e-14,2.717784871683127101e-01,4.109038110056162374e-02
2.292000000000000259e+00,-1.314504061156185344e-13,1.741964840210511456e-01,4.587185771462236328e-02
2.294000000000000039e+00,-9.237055564881302416e-14,2.334728884306697394e-01,4.754199859532983602e-02
2.296000000000000263e+00,-5.861977570020826533e-14,2.612973394825103823e-01,4.237443529118922747e-02
2.298000000000000043e+00,-9.059419880941277370e-14,5.941068034009417548e-02,3.742342828779883501e-02
2.300000000000000266e+00,-4.263256414560601115e-14,6.104871879494400133e-02,4.787150069926947304e-02
2.302000000000000046e+00,-7.815970093361102045e-14,5.858356226904484765e-02,5.733924209518275611e-02
2.304000000000000270e+00,-3.907985046680551022e-14,2.396617531605615622e-02,5.970899274358820036e-02
2.306000000000000050e+00,-1.900701818158267997e-13,1.776704970211571977e-01,4.914173220240387885e-02
2.307999999999999829e+00,-1.403321903126197867e-13,9.236506206111888551e-02,5.168487939900279909e-02
2.310000000000000053e+00,-9.237055564881302416e-14,8.629190324897528797e-02,4.725048431605262389e-02
2.311999999999999833e+00,-8.704148513061227277e-14,1.536559730283460212e-01,5.418898947081611517e-02
2.314000000000000057e+00,-1.190159082398167811e-13,3.096387968966635706e-01,4.536025565774173818e-02
2.315999999999999837e+00,-1.421085471520200372e-13,1.646588388558505867e-01,5.475171655288618017e-02
2.318000000000000060e+00,-9.237055564881302416e-14,1.093076893491486262e-01,5.590765603371251197e-02
2.319999999999999840e+00,1.886795808002020181e+00,1.111783167699409020e-01,5.017896833931482364e-02
2.322000000000000064e+00,-6.750155989720951766e-14,6.425258201833615457e-02,4.283252974865119078e-02
2.323999999999999844e+00,-1.563194018672220409e-13,3.199109391083383991e-01,4.846226461459403334e-02
2.326000000000000068e+00,-1.225686219186172821e-13,1.788564526808304189e-01,5.604553032878830526e-02
2.327999999999999847e+00,-1.367794766338192858e-13,5.235047963861263337e-02,4.778210786087214168e-02
2.330000000000000071e+00,1.885561395189043310e+00,1.585359984336748573e-01,4.770041450845327602e-02
2.331999999999999851e+00,-1.794120407794252969e-13,4.337025271107581431e-02,5.257050863125498075e-02
2.334000000000000075e+00,-1.314504061156185344e-13,1.010027100972102215e-01,5.240952652639717380e-02
2.335999999999999854e+00,-9.769962616701377556e-14,1.730943496568965526e-02,4.989444941959036983e-02
2.338000000000000078e+00,-1.989519660128280520e-13,3.713260625456966252e-02,5.866651527852236730e-02
2.339999999999999858e+00,-1.705302565824240446e-13,1.797462850596463768e-01,4.373491777003587350e-02
2.342000000000000082e+00,-1.083577672034152783e-13,7.343926270405219670e-02,5.212991684632247574e-02
2.343999999999999861e+00,-8.171241461241152138e-14,9.571269280346410280e-02,5.834323976741888351e-02
2.346000000000000085e+00,-8.171241461241152138e-14,9.240831052801819212e-02,4.483662280522329735e-02
2.347999999999999865e+00,-1.598721155460225418e-13,4.005376886981901891e-02,4.921030138088598044e-02
2.350000000000000089e+00,-1.936228954946273006e-13,8.936392735213812000e-02,5.596340147196562920e-02
2.351999999999999869e+00,-8.348877145181177184e-14,1.613301532452707521e-01,5.512787802791184466e-02
2.354000000000000092e+00,-1.332267629550187849e-13,3.747467373090469095e-02,5.217078704193601341e-02
2.355999999999999872e+00,-1.953992523340275511e-13,7.479312949721404757e-02,5.764495154360027573e-02
2.358000000000000096e+00,-1.953992523340275511e-14,2.176017248750650446e-01,5.130369874057474910e-02
2.359999999999999876e+00,-1.225686219186172821e-13,1.436615123701688590e-01,5.403765424540287604e-02
2.362000000000000099e+00,-3.730349362740525976e-14,5.785632614466745816e-02,5.238693658454223606e-02
2.363999999999999879e+00,-7.993605777301127091e-14,4.038989210550158332e-02,5.346816485615493025e-02
2.366000000000000103e+00,1.881082147444661956e+00,6.641538097512834915e-02,5.845451536011443683e-02
2.367999999999999883e+00,-6.750155989720951766e-14,9.336369564323614492e-03,2.977357174732754574e-02
2.370000000000000107e+00,-1.580957587066222914e-13,1.416864611842759969e-01,5.039416439382137652e-02
2.371999999999999886e+00,-7.460698725481051952e-14,3.024949592048596994e-02,5.244512856831893416e-02
2.374000000000000110e+00,-7.283063041541026905e-14,1.879700069376676330e-01,5.282489057090663381e-02
2.375999999999999890e+00,-1.207922650792170316e-13,2.491859614480862462e-02,5.471248734057578000e-02
2.378000000000000114e+00,-1.652011860642232932e-13,1.298920605547092821e-01,5.277401479648481664e-02
2.379999999999999893e+00,1.879325494562264609e+00,5.675220677340240411e-02,5.634951673160914359e-02
2.382000000000000117e+00,-7.815970093361102045e-14,3.710042729229744846e-02,4.886132463900490913e-02
2.383999999999999897e+00,-1.154631945610162802e-13,1.154641952064926341e-01,4.937645202058962152e-02
2.386000000000000121e+00,-1.580957587066222914e-13,5.470468780116775204e-02,5.321965563198419180e-02
2.387999999999999901e+00,1.878318045561549354e+00,3.747718885974529041e-02,5.660321329163107290e-02
2.390000000000000124e+00,-1.101341240428155288e-13,5.802075288641216771e-02,5.564470067170376733e-02
2.391999999999999904e+00,-1.172395514004165307e-13,5.475727569372521031e-02,5.761941945182731672e-02
2.394000000000000128e+00,-7.815970093361102045e-14,1.525982517246246839e-01,4.632691886833963796e-02
2.395999999999999908e+00,-2.486899575160350651e-14,7.025399109872601522e-02,5.389278310586434473e-02
2.398000000000000131e+00,-7.105427357601001859e-14,1.387361737566932540e-01,5.351204655250053899e-02
2.399999999999999911e+00,-6.217248937900876626e-14,1.307084959405632463e-01,5.159460518419958092e-02
2.402000000000000135e+00,1.876548686057878612e+00,8.816878340061206840e-03,4.548866958267475807e-02
2.403999999999999915e+00,-9.947598300641402602e-14,1.835128792069715686e-01,5.621955741311133320e-02
2.406000000000000139e+00,-1.350031197944190353e-13,5.846405654904109073e-03,5.214393290090689470e-02
2.407999999999999918e+00,-5.151434834260726348e-14,4.098155676775001172e-02,4.928119152790329249e-02
2.410000000000000142e+00,-4.796163466380676255e-14,1.004759288496476083e-01,5.374506261899879983e-02
2.411999999999999922e+00,-1.634248292248230428e-13,1.615445732240291740e-02,6.334364240449386063e-02
2.414000000000000146e+00,-1.119104808822157793e-13,9.612308686091071419e-02,4.813578901721211195e-02
2.415999999999999925e+00,-5.506706202140776441e-14,1.744221119585651625e-01,4.923556676462956944e-02
2.418000000000000149e+00,-1.474376176702207886e-13,2.496726015821485942e-02,5.242586416343825856e-02
2.419999999999999929e+00,-1.474376176702207886e-13,1.317354473131555348e-01,4.997700395782463112e-02
2.422000000000000153e+00,-1.119104808822157793e-13,1.684188116314070394e-01,4.999908883601828641e-02
2.423999999999999932e+00,-1.421085471520200372e-13,2.093954274015730199e-02,5.132028486976012577e-02
2.426000000000000156e+00,-1.207922650792170316e-13,1.964539184886098522e-01,6.064334295445331785e-02
2.427999999999999936e+00,1.873241645634633912e+00,2.632842900406324183e-01,4.814651280079964429e-02
2.430000000000000160e+00,-7.460698725481051952e-14,3.265741393114292013e-01,5.220950263782651174e-02
2.431999999999999940e+00,-9.414691248821327463e-14,1.704398523345950489e-01,5.174195918470699679e-02
2.434000000000000163e+00,-5.506706202140776441e-14,1.493034804394667014e-01,4.733638548153779047e-02
2.435999999999999943e+00,-3.197442310920450836e-14,1.752339058896631163e-01,4.832036782349685006e-02
2.438000000000000167e+00,-8.348877145181177184e-14,4.215786592539302186e-02,5.771793335725151214e-02
2.439999999999999947e+00,-1.101341240428155288e-13,1.306469905620090688e-01,5.238475278868528345e-02
2.442000000000000171e+00,-9.414691248821327463e-14,2.884458458182826979e-01,4.783995523629824137e-02
2.443999999999999950e+00,-8.704148513061227277e-14,2.606726103576593664e-02,4.902958620519559663e-02
2.446000000000000174e+00,-1.065814103640150279e-13,6.195487800150056845e-02,5.775879714836102546e-02
2.447999999999999954e+00,-8.171241461241152138e-14,1.370274553750097379e-01,6.027610520235109071e-02
2.450000000000000178e+00,-9.237055564881302416e-14,7.485460697002915657e-03,4.818951334350937005e-02
2.451999999999999957e+00,-1.314504061156185344e-13,1.577870706640796539e-01,4.924038238188015171e-02
2.454000000000000181e+00,-3.730349362740525976e-14,7.975229591191357326e-02,6.103199603871087980e-02
2.455999999999999961e+00,-1.350031197944190353e-13,1.167818522961207722e-01,5.091325694297087201e-02
2.458000000000000185e+00,-4.973799150320701301e-14,8.927310241832904503e-02,5.006702231657517849e-02
2.459999999999999964e+00,-9.592326932761352509e-14,2.332762666791069958e-02,5.741507478736878473e-02
2.462000000000000188e+00,-9.947598300641402602e-14,1.709626954174189514e-02,5.522233427992018218e-02
2.463999999999999968e+00,-4.973799150320701301e-14,1.774057666427143465e-01,4.421090672483864170e-02
2.466000000000000192e+00,-1.776356839400250465e-14,1.689385263682652294e-01,5.283092862731812028e-02
2.467999999999999972e+00,-8.881784197001252323e-14,1.996670772021929274e-01,4.839997037532054597e-02
2.470000000000000195e+00,-1.030286966852145270e-13,5.617412494763055625e-02,5.792145199026875468e-02
2.471999999999999975e+00,1.867584040975678761e+00,1.286389265336057297e-01,5.709720344512896756e-02
2.474000000000000199e+00,-1.012523398458142765e-13,3.697151334771834885e-01,3.549978135103650650e-02
2.475999999999999979e+00,-1.456612608308205381e-13,1.727747335092326419e-02,5.295430536438069241e-02
2.478000000000000203e+00,-9.769962616701377556e-14,2.126516572413827133e-01,6.327142594458111391e-02
2.479999999999999982e+00,1.866547308678191186e+00,6.815438162891807039e-02,6.240767491169597198e-02
2.482000000000000206e+00,-1.119104808822157793e-13,2.990267181665746607e-02,5.150680030189253716e-02
2.483999999999999986e+00,-1.438849039914202876e-13,8.238440280831649254e-02,4.950163219834158301e-02
2.486000000000000210e+00,-1.332267629550187849e-13,1.417330250570591034e-03,6.040964219645769684e-02
2.487999999999999989e+00,-9.769962616701377556e-14,5.833422569621293796e-02,6.061513031382247119e-02
2.490000000000000213e+00,-7.815970093361102045e-14,3.659980715800078416e-02,6.108564689259894653e-02
2.491999999999999993e+00,-1.740829702612245455e-13,5.866336446226847606e-02,5.361936522022229396e-02
2.494000000000000217e+00,-4.085620730620576069e-14,2.989934587478587091e-01,5.774745638829480165e-02
2.495999999999999996e+00,-1.385558334732195362e-13,1.559445732856574729e-01,6.139477675021307729e-02
2.498000000000000220e+00,-1.243449787580175325e-13,2.643365393985533385e-01,5.350165567398670885e-02
2.500000000000000000e+00,-5.151434834260726348e-14,9.226308454778697765e-02,5.750627226039448786e-02
2.502000000000000224e+00,-5.684341886080801487e-14,1.664073708356865744e-01,6.133743110411643551e-02
2.504000000000000004e+00,-1.492139745096210390e-13,6.412932986007045810e-02,6.072053490487722832e-02
2.506000000000000227e+00,1.863161130132407806e+00,2.239639864710888106e-01,4.898450041154455564e-02
2.508000000000000007e+00,-1.350031197944190353e-13,2.559116235246348681e-01,5.851905725740004505e-02
2.510000000000000231e+00,-1.190159082398167811e-13,5.423605575029807196e-02,5.973444224325375612e-02
2.512000000000000011e+00,-9.059419880941277370e-14,5.896381494461148259e-02,4.979357003622427585e-02
2.514000000000000234e+00,9.059419880941277370e-14,6.923513417706166073e-02,5.504809856512374311e-02
2.516000000000000014e+00,-9.769962616701377556e-14,9.119950545643402962e-02,5.987386431734928460e-02
2.518000000000000238e+00,-9.059419880941277370e-14,1.314746801029852141e-01,6.351415392562383133e-02
2.520000000000000018e+00,-1.048050535246147774e-13,3.414606928974681793e-02,5.539494126750833108e-02
2.522000000000000242e+00,-1.119104808822157793e-13,1.287757320806603156e-01,6.157550788909506301e-02
2.524000000000000021e+00,-7.460698725481051952e-14,8.828049291937821452e-02,6.327960399182065709e-02
2.526000000000000245e+00,-4.796163466380676255e-14,2.877825984877416809e-01,5.331248073863794484e-02
2.528000000000000025e+00,-7.460698725481051952e-14,1.841333221273522627e-02,5.694969322297022823e-02
2.530000000000000249e+00,-3.197442310920450836e-14,1.950840790757125617e-02,6.356451796888833161e-02
2.532000000000000028e+00,-1.545430450278217904e-13,1.255471788562286528e-01,6.082103852892816603e-02
2.534000000000000252e+00,-1.261213355974177830e-13,7.322349766951059824e-02,6.067503022202633267e-02
2.536000000000000032e+00,-9.059419880941277370e-14,6.697868062969922209e-02,6.807057743492689328e-02
2.538000000000000256e+00,-9.414691248821327463e-14,2.105330282309123835e-01,5.023358525864234786e-02
2.540000000000000036e+00,-1.083577672034152783e-13,4.826842497330860460e-02,6.208751381429979815e-02
2.542000000000000259e+00,-7.815970093361102045e-14,1.291256033753498678e-01,6.002576166054762741e-02
2.544000000000000039e+00,-1.350031197944190353e-13,1.333423754769168801e-01,5.718432873430525504e-02
2.546000000000000263e+00,-1.012523398458142765e-13,1.532312996350023715e-01,6.465026170271279127e-02
2.548000000000000043e+00,-4.796163466380676255e-14,4.678371567115741786e-02,5.358947205956374887e-02
2.550000000000000266e+00,1.857373411796261919e+00,3.224285883592766661e-02,5.508054112548289166e-02
2.552000000000000046e+00,-1.545430450278217904e-13,3.370508704461685351e-02,6.674052825363842312e-02
2.554000000000000270e+00,-1.172395514004165307e-13,2.319542550629601074e-02,5.990841663910771719e-02
2.556000000000000050e+00,-8.881784197001252323e-15,1.132369453220778283e-01,5.722493192975511289e-02
2.558000000000000274e+00,0.000000000000000000e+00,4.910636658371167473e-02,6.308932705782675787e-02
2.560000000000000053e+00,-1.456612608308205381e-13,6.047683340888226899e-02,6.600264866645562389e-02
2.561999999999999833e+00,-8.526512829121202230e-14,4.505080904021458582e-02,5.958270653171839071e-02
2.564000000000000057e+00,-4.618527782440651208e-14,1.398870840910707014e-02,6.244172503355147064e-02
2.565999999999999837e+00,-1.865174681370262988e-13,3.458157828959402269e-01,5.488210943063857872e-02
2.568000000000000060e+00,-1.172395514004165307e-13,1.214242062747603740e-01,6.148355427277991253e-02
2.569999999999999840e+00,-1.421085471520200372e-13,2.472251424697571864e-02,6.371716618961656420e-02
2.572000000000000064e+00,-5.329070518200751394e-15,5.535782175840214814e-01,3.987832056171051326e-02
2.573999999999999844e+00,-5.506706202140776441e-14,5.829315502856852876e-02,5.805351535406509667e-02
2.576000000000000068e+00,-5.861977570020826533e-14,9.547891192500006230e-02,3.923879501533087538e-02
2.577999999999999847e+00,-8.526512829121202230e-14,6.895006655905001891e-02,5.656780426404735967e-02
2.580000000000000071e+00,-1.225686219186172821e-13,1.077654953343449296e-01,6.560487122125251147e-02
2.581999999999999851e+00,-1.332267629550187849e-13,1.282565911559628569e-02,6.343734634485992396e-02
2.584000000000000075e+00,-1.314504061156185344e-13,2.058824233509171098e-01,5.021984354154090252e-02
2.585999999999999854e+00,-2.291500322826323099e-13,7.664740223163271247e-04,6.378083030082196125e-02
2.588000000000000078e+00,-8.526512829121202230e-14,1.947699945627699158e-01,6.268405832156050128e-02
2.589999999999999858e+00,-1.012523398458142765e-13,4.188876364719292256e-01,5.085214489036658098e-02
2.592000000000000082e+00,-3.375077994860475883e-14,2.362330003471428130e-01,6.042104401374285422e-02
2.593999999999999861e+00,-1.953992523340275511e-14,2.571856159490337190e-01,3.539369735144078793e-02
2.596000000000000085e+00,-5.329070518200751394e-14,1.466467365929600419e-01,6.030398724769641533e-02
2.597999999999999865e+00,-8.348877145181177184e-14,3.288985224187965933e-02,6.601554703605881647e-02
2.600000000000000089e+00,-9.414691248821327463e-14,4.394137845668007886e-02,5.633036610523040749e-02
2.601999999999999869e+00,-9.414691248821327463e-14,7.233163449110444065e-02,5.700914756695490970e-02
2.604000000000000092e+00,-1.278976924368180335e-13,1.597104441643359962e-01,6.261302063634732740e-02
2.605999999999999872e+00,-9.769962616701377556e-14,1.534245036652747696e-01,6.571543829828802030e-02
2.608000000000000096e+00,-8.171241461241152138e-14,8.175106786021370253e-02,6.088023292779665835e-02
2.609999999999999876e+00,-8.171241461241152138e-14,1.374828897983056131e-01,6.267659721852547605e-02
2.612000000000000099e+00,-1.847411112976260483e-13,2.088670959721555531e-01,5.436285616370378077e-02
2.613999999999999879e+00,-1.563194018672220409e-13,1.583349654843625026e-03,6.237635900216766116e-02
2.616000000000000103e+00,-1.669775429036235437e-13,4.939241844344979121e-02,5.867073407885543823e-02
2.617999999999999883e+00,-9.237055564881302416e-14,2.799868672718823850e-02,7.008237387679469577e-02
2.620000000000000107e+00,-4.263256414560601115e-14,2.676126368695734281e-01,6.528451463600258575e-02
2.621999999999999886e+00,-1.030286966852145270e-13,1.006103503924244379e-02,6.852007542495536230e-02
2.624000000000000110e+00,-5.329070518200751394e-14,1.062199715333247557e-01,4.997966158240532003e-02
2.625999999999999890e+00,-1.456612608308205381e-13,1.236903091963703211e-01,5.766306989209222383e-02
2.628000000000000114e+00,-1.474376176702207886e-13,1.888118301915816255e-01,6.372574096975185121e-02
2.629999999999999893e+00,-1.278976924368180335e-13,1.263015818834845871e-01,4.952354174854214919e-02
2.632000000000000117e+00,-7.460698725481051952e-14,1.559004090829254618e-01,5.876068507691444703e-02
2.633999999999999897e+00,-1.119104808822157793e-13,3.135259924857627389e-01,6.175788999091214732e-02
2.636000000000000121e+00,-1.438849039914202876e-13,2.996403108047208594e-02,6.474507031724981154e-02
2.637999999999999901e+00,-1.545430450278217904e-13,1.274050832424940549e-01,6.590456239328325305e-02
2.640000000000000124e+00,-1.705302565824240446e-13,5.573553172423899998e-02,5.794825836709512762e-02
2.641999999999999904e+00,-2.202682480856310576e-13,2.979446910046190319e-02,5.568704366175628029e-02
2.644000000000000128e+00,-1.527666881884215400e-13,2.940866982599723775e-02,5.940365266886303564e-02
2.645999999999999908e+00,-1.385558334732195362e-13,2.598128443622571560e-01,4.946671801875304753e-02
2.648000000000000131e+00,-1.261213355974177830e-13,4.457970568442498616e-02,6.609394303973814555e-02
2.649999999999999911e+00,-9.769962616701377556e-14,1.918410531330113633e-01,6.829301958652728155e-02
2.652000000000000135e+00,-1.119104808822157793e-13,3.849871413114470953e-02,6.273380287736403382e-02
2.653999999999999915e+00,-1.261213355974177830e-13,1.322254961933090611e-01,6.481720597826427788e-02
2.656000000000000139e+00,-1.776356839400250465e-15,3.194752691763840663e-02,3.711881718217857618e-02
2.657999999999999918e+00,-3.019806626980425790e-14,7.818044686624228690e-02,5.833725894236980319e-02
2.660000000000000142e+00,-1.030286966852145270e-13,1.015109791772465381e-01,6.432150359092780878e-02
2.661999999999999922e+00,1.842332858901430725e+00,1.104994559782849634e-01,6.239369570548299743e-02
2.664000000000000146e+00,-1.563194018672220409e-13,1.267201746825123154e-01,6.057158698160641092e-02
2.665999999999999925e+00,-8.881784197001252323e-14,1.679120922581941178e-01,4.980299562378170258e-02
2.668000000000000149e+00,3.197442310920450836e-14,3.579861852204984651e-01,4.305534522166604150e-02
2.669999999999999929e+00,-1.580957587066222914e-13,1.716442111650413327e-01,5.873461572657744101e-02
2.672000000000000153e+00,-7.993605777301127091e-14,1.539242485756095458e-02,5.458965563847695268e-02
2.673999999999999932e+00,1.840696424261439645e+00,2.393921067712273809e-01,5.724178744479620912e-02
2.676000000000000156e+00,-7.283063041541026905e-14,2.587879836054742255e-01,6.101202284261155601e-02
2.677999999999999936e+00,-1.154631945610162802e-13,2.422979469764730831e-01,5.059834320981748679e-02
2.680000000000000160e+00,-1.403321903126197867e-13,1.921522734218903197e-02,6.078433566322893195e-02
2.681999999999999940e+00,0.000000000000000000e+00,9.742546913506831829e-02,4.970256839460347048e-02
2.684000000000000163e+00,-1.225686219186172821e-13,2.102146146425848128e-01,5.551460572185551445e-02
2.685999999999999943e+00,-1.261213355974177830e-13,8.235461087298527605e-02,6.306192878664888812e-02
2.688000000000000167e+00,-5.506706202140776441e-14,2.349180183623176543e-01,5.854109756274528814e-02
2.689999999999999947e+00,-1.474376176702207886e-13,9.205771913705444167e-04,5.493665704883049505e-02
2.692000000000000171e+00,-1.190159082398167811e-13,4.509251264474618132e-02,6.345041635292138216e-02
2.693999999999999950e+00,-1.474376176702207886e-13,8.240369779205221346e-02,6.660267270332680123e-02
2.696000000000000174e+00,-8.171241461241152138e-14,4.106786310440282972e-02,6.894697291223968183e-02
2.697999999999999954e+00,-1.385558334732195362e-13,5.744347730170007438e-02,6.663987099555934712e-02
2.700000000000000178e+00,-6.750155989720951766e-14,2.113670646165630995e-01,6.427724392069496251e-02
2.701999999999999957e+00,-1.243449787580175325e-13,1.279991837070398319e-01,5.717596997787036811e-02
2.704000000000000181e+00,-1.207922650792170316e-13,4.570268905593616315e-03,4.517992852219473304e-02
2.705999999999999961e+00,3.552713678800500929e-15,3.764641377786410170e-01,3.630546809114257312e-02
2.708000000000000185e+00,-3.907985046680551022e-14,1.027125798810203383e-01,6.484334957636915531e-02
2.709999999999999964e+00,-1.652011860642232932e-13,2.919364412839061118e-01,6.466247321225297717e-02
2.712000000000000188e+00,-1.367794766338192858e-13,5.334287970231551407e-02,5.462297085770331101e-02
2.713999999999999968e+00,-1.492139745096210390e-13,2.368143717256022407e-01,6.046754002762363966e-02
2.716000000000000192e+00,-1.101341240428155288e-13,3.156082193611690623e-01,5.526621839898789718e-02
2.717999999999999972e+00,-1.438849039914202876e-13,1.257103426119621226e-01,5.621831539665559513e-02
2.720000000000000195e+00,-1.350031197944190353e-13,2.054613461685072251e-01,6.163768170521049389e-02
2.721999999999999975e+00,-1.207922650792170316e-13,3.217312068119901336e-01,5.279920859433308300e-02
2.724000000000000199e+00,-1.421085471520200372e-13,1.116564217069558086e-02,7.106310701346074676e-02
2.725999999999999979e+00,-1.634248292248230428e-13,2.150804518924003539e-01,5.843227664564459856e-02
2.728000000000000203e+00,-1.136868377216160297e-13,1.447843282832045608e-01,6.774866341114073320e-02
2.729999999999999982e+00,-1.296740492762182839e-13,3.995761735930202785e-01,3.096099847850677586e-02
2.732000000000000206e+00,-5.861977570020826533e-14,7.970311994914727749e-02,6.463291754921882126e-02
2.733999999999999986e+00,-1.509903313490212895e-13,8.434396711896080534e-02,7.176584613180364558e-02
2.736000000000000210e+00,-1.225686219186172821e-13,2.246495240751846326e-02,7.070285123760380874e-02
2.737999999999999989e+00,-4.085620730620576069e-14,2.707680880005242444e-02,5.984588210904426969e-02
2.740000000000000213e+00,-8.526512829121202230e-14,9.339330110485732916e-02,6.187229384399723503e-02
2.741999999999999993e+00,-7.993605777301127091e-14,2.657391318266741909e-01,6.242383027880020474e-02
2.744000000000000217e+00,-1.207922650792170316e-13,2.434784856557260443e-02,6.095577130248470976e-02
2.745999999999999996e+00,-1.207922650792170316e-13,1.356475773249088135e-01,6.601886994604855285e-02
2.748000000000000220e+00,-1.456612608308205381e-13,3.003957243324313284e-02,4.611627477660678459e-02
2.750000000000000000e+00,-1.403321903126197867e-13,1.003791119860435593e-01,6.989920079740535863e-02
2.752000000000000224e+00,1.829949192476195918e+00,3.693804757820577309e-04,7.048368138475619160e-02
2.754000000000000004e+00,-9.059419880941277370e-14,1.298922532892146930e-01,6.683822256413658736e-02
2.756000000000000227e+00,-5.861977570020826533e-14,1.689655916267608360e-01,7.350882780510842318e-02
2.758000000000000007e+00,-4.440892098500626162e-14,2.531027522338418212e-01,6.522488992126788954e-02
2.760000000000000231e+00,-8.348877145181177184e-14,2.028127948352178092e-02,6.839533294154204190e-02
2.762000000000000011e+00,1.828557949271827354e+00,2.331687603008331111e-02,7.322338046072698892e-02
2.764000000000000234e+00,-1.101341240428155288e-13,1.630956108809132887e-01,6.380224759205312124e-02
2.766000000000000014e+00,1.828000625734622631e+00,2.844632433094787180e-02,6.046232942520145259e-02
2.768000000000000238e+00,-4.618527782440651208e-14,5.917049303966364499e-02,7.122226833173969651e-02
2.770000000000000018e+00,-1.563194018672220409e-13,1.752522062554229265e-01,5.536314324407486803e-02
2.772000000000000242e+00,-8.526512829121202230e-14,1.249332440238206526e-02,7.353606112788348137e-02
2.774000000000000021e+00,-1.350031197944190353e-13,2.634699805596939573e-02,7.556417301004264564e-02
2.776000000000000245e+00,-9.592326932761352509e-14,1.738682703255098050e-01,5.984905007728621301e-02
2.778000000000000025e+00,-1.865174681370262988e-13,9.094218255568946307e-02,7.869114660060340383e-02
2.780000000000000249e+00,-1.563194018672220409e-13,6.528227263497994419e-03,6.402110202844539522e-02
2.782000000000000028e+00,-1.776356839400250465e-13,2.132640108583132299e-02,7.016987839526622750e-02
2.784000000000000252e+00,1.825486890602926238e+00,1.429711144787829125e-01,6.085376372260868638e-02
2.786000000000000032e+00,-8.526512829121202230e-14,3.097521076276481267e-02,6.669712233777856658e-02
2.788000000000000256e+00,-1.065814103640150279e-13,1.272113891788787532e-01,8.320737374461298352e-02
2.790000000000000036e+00,-7.283063041541026905e-14,1.301219883551309187e-01,6.818741007193758474e-02
2.792000000000000259e+00,-1.953992523340275511e-14,3.945106062685468234e-02,6.298550062056873511e-02
2.794000000000000039e+00,-1.261213355974177830e-13,5.651193706769156756e-03,6.658350738511602251e-02
2.796000000000000263e+00,-1.314504061156185344e-13,4.887704457427487909e-02,7.143374473848200512e-02
2.798000000000000043e+00,-1.261213355974177830e-13,1.184056256837535126e-01,6.280922859419528492e-02
2.800000000000000266e+00,-1.652011860642232932e-13,1.432139125355087195e-01,6.562962793722897092e-02
2.802000000000000046e+00,-5.684341886080801487e-14,9.570815152758671562e-02,6.658580266058908292e-02
2.804000000000000270e+00,-9.947598300641402602e-14,1.571088543829164685e-01,5.919256238042121948e-02
2.806000000000000050e+00,-1.314504061156185344e-13,5.273486088978614900e-02,5.525085637254695953e-02
2.808000000000000274e+00,1.822120764905898582e+00,1.309758229684611919e-01,6.479670603056864042e-02
2.810000000000000053e+00,-7.283063041541026905e-14,4.866179283107666641e-03,6.665353311193263075e-02
2.812000000000000277e+00,-1.101341240428155288e-13,1.231545805895754575e-01,7.001476274165133185e-02
2.814000000000000057e+00,-1.865174681370262988e-13,8.317351981841238084e-02,6.918253100143223477e-02
2.815999999999999837e+00,-1.527666881884215400e-13,2.115443387090344685e-02,7.188349552775594176e-02
2.818000000000000060e+00,-3.730349362740525976e-14,1.168950994245623876e-01,7.482263455637368221e-02
2.819999999999999840e+00,-9.769962616701377556e-14,8.734291303471121426e-02,6.241538178950380850e-02
2.822000000000000064e+00,-2.664535259100375697e-14,4.817233919259170105e-02,7.594741635676237335e-02
2.823999999999999844e+00,1.819867673073694903e+00,5.530238388386738563e-02,7.424789110664203884e-02
2.826000000000000068e+00,-5.506706202140776441e-14,9.861798164444858517e-02,5.932471486793165077e-02
2.827999999999999847e+00,-1.456612608308205381e-13,4.279653387871795722e-02,6.927954023690668928e-02
2.830000000000000071e+00,-7.638334409421076998e-14,2.101290277939259210e-01,7.027566456137768203e-02
2.831999999999999851e+00,-1.296740492762182839e-13,8.934866470664326599e-02,7.594146655355665798e-02
2.834000000000000075e+00,-9.592326932761352509e-14,3.628314557451339101e-03,8.020184015949849421e-02
2.835999999999999854e+00,-1.154631945610162802e-13,2.177051423972395927e-01,6.829670017411373917e-02
2.838000000000000078e+00,-1.261213355974177830e-13,6.540069055672789733e-02,6.741652719187760101e-02
2.839999999999999858e+00,-1.030286966852145270e-13,1.483299408046337420e-01,6.980546695809274060e-02
2.842000000000000082e+00,-8.881784197001252323e-14,1.610666888986085898e-01,7.932006769960725512e-02
2.843999999999999861e+00,-1.119104808822157793e-13,2.049703104180320423e-01,6.611621042794235681e-02
2.846000000000000085e+00,-1.154631945610162802e-13,3.803604088734107713e-01,6.341319862315179801e-02
2.847999999999999865e+00,-3.552713678800500929e-14,3.646564136674135259e-02,7.167108553494408452e-02
2.850000000000000089e+00,-2.842170943040400743e-14,8.743643464402507670e-02,5.655837011613090715e-02
2.851999999999999869e+00,-1.136868377216160297e-13,1.436034259017793073e-02,6.458798391040034004e-02
2.854000000000000092e+00,-8.171241461241152138e-14,1.018073586195318049e-02,7.459927290139850564e-02
2.855999999999999872e+00,-2.113864638886298053e-13,2.168323952639287511e-01,7.306725283634155077e-02
2.858000000000000096e+00,-1.936228954946273006e-13,4.854107484050990129e-02,6.885564892844357743e-02
2.859999999999999876e+00,-1.598721155460225418e-13,1.105025016518330211e-01,6.879157972646680885e-02
2.862000000000000099e+00,-2.078337502098293044e-13,9.291573083407632383e-02,7.368606015783385477e-02
2.863999999999999879e+00,-1.669775429036235437e-13,1.433904086627446062e-01,6.956188606633763316e-02
2.866000000000000103e+00,-9.769962616701377556e-14,6.679903509097614989e-02,5.938757582303241800e-02
2.867999999999999883e+00,-7.460698725481051952e-14,1.040934320262870555e-01,6.667676101620416407e-02
2.870000000000000107e+00,-1.438849039914202876e-13,1.343336695756101873e-01,6.030066941527165159e-02
2.871999999999999886e+00,4.440892098500626162e-14,2.879849593098304239e-01,4.721694361365592896e-02
2.874000000000000110e+00,1.812781782150311827e+00,1.695643007521525636e-01,6.354033830619316980e-02
2.875999999999999890e+00,-1.332267629550187849e-13,2.177406391107547870e-02,5.981757239546553473e-02
2.878000000000000114e+00,-1.563194018672220409e-13,2.013377607496147359e-02,6.631440215633280233e-02
2.879999999999999893e+00,-1.527666881884215400e-13,6.963828123889359567e-02,6.941968292205839830e-02
2.882000000000000117e+00,1.811641883944789200e+00,5.478694499360070580e-02,7.131229864629295978e-02
2.883999999999999897e+00,-7.283063041541026905e-14,3.028413396984106984e-02,6.958691083780392528e-02
2.886000000000000121e+00,-1.616484723854227923e-13,1.396677116935553797e-01,7.117227958670473142e-02
2.887999999999999901e+00,-9.414691248821327463e-14,1.232341622892508225e-02,7.465151372599619639e-02
2.890000000000000124e+00,-9.414691248821327463e-14,4.914568918631287420e-02,6.367374880748796762e-02
2.891999999999999904e+00,-4.618527782440651208e-14,3.599725876924364520e-03,8.007391162397685391e-02
2.894000000000000128e+00,-1.243449787580175325e-13,1.260385861851379130e-01,6.536078394869691832e-02
2.895999999999999908e+00,-1.332267629550187849e-13,9.651379403364702958e-02,6.573883882317391181e-02
2.898000000000000131e+00,-4.440892098500626162e-14,2.402889096110292499e-01,6.123549460868268207e-02
2.899999999999999911e+00,-1.563194018672220409e-13,8.629564714716152218e-02,6.995370865320267584e-02
2.902000000000000135e+00,-1.438849039914202876e-13,6.554286705769467314e-02,5.902604313163090088e-02
2.903999999999999915e+00,-6.572520305780926719e-14,5.050012601027322606e-02,6.763794796449272562e-02
2.906000000000000139e+00,-8.881784197001252323e-14,1.103609204879105708e-02,6.763085906547305903e-02
2.907999999999999918e+00,-1.225686219186172821e-13,1.826365928624348323e-01,5.946410853818467207e-02
2.910000000000000142e+00,-5.684341886080801487e-14,1.245553781404064447e-01,6.490995526185626419e-02
2.911999999999999922e+00,-1.207922650792170316e-13,1.649004930067776431e-01,6.853328444722095458e-02
2.914000000000000146e+00,-9.769962616701377556e-14,1.379286883154096643e-01,7.088264145346810652e-02
2.915999999999999925e+00,-8.881784197001252323e-14,2.457442383721196721e-01,7.571131384076276727e-02
2.918000000000000149e+00,-1.296740492762182839e-13,1.637612607780480622e-01,6.563406597669702025e-02
2.919999999999999929e+00,-4.618527782440651208e-14,5.898862093064966006e-02,7.855605000426983675e-02
2.922000000000000153e+00,-8.171241461241152138e-14,7.043582320010731423e-02,7.023303607981658259e-02
2.923999999999999932e+00,-1.527666881884215400e-13,7.185791694334751900e-02,7.216313113915602540e-02
2.926000000000000156e+00,-1.403321903126197867e-13,9.952997201898210189e-02,7.470147184612652147e-02
2.927999999999999936e+00,-1.776356839400250465e-13,4.479517671663940312e-05,6.327162183649863436e-02
2.930000000000000160e+00,-1.580957587066222914e-13,1.771139753461958843e-02,7.700331262765373885e-02
2.931999999999999940e+00,-1.367794766338192858e-13,4.579857771966708291e-02,6.955281701729938704e-02
2.934000000000000163e+00,-1.350031197944190353e-13,4.461911024631613071e-02,7.937712604698771157e-02
2.935999999999999943e+00,-7.815970093361102045e-14,1.516807999546059271e-01,6.493141869400068100e-02
2.938000000000000167e+00,-4.973799150320701301e-14,1.872689935835351871e-01,6.504397072016319947e-02
2.939999999999999947e+00,-1.403321903126197867e-13,4.925539547107679605e-02,7.616647522528238734e-02
2.942000000000000171e+00,1.803040862089915208e+00,3.196357680900289988e-02,6.914832791832489778e-02
2.943999999999999950e+00,-8.348877145181177184e-14,3.079239294190809217e-01,6.920184639261883763e-02
2.946000000000000174e+00,-4.263256414560601115e-14,1.139861226947388867e-01,8.295382703051010220e-02
2.947999999999999954e+00,-1.154631945610162802e-13,2.080956737995772743e-01,7.851408258310997590e-02
2.950000000000000178e+00,-4.440892098500626162e-14,8.536646439505762851e-02,7.213328454079689922e-02
2.951999999999999957e+00,-1.580957587066222914e-13,8.106195499666279947e-02,8.117856815587749797e-02
2.954000000000000181e+00,-8.348877145181177184e-14,1.938579621118141638e-01,7.118313464492284637e-02
2.955999999999999961e+00,-9.592326932761352509e-14,1.940787710362202600e-01,7.740893052164980748e-02
2.958000000000000185e+00,1.800732314111199273e+00,1.070170515623901086e-01,8.156018219103988720e-02
2.959999999999999964e+00,-1.048050535246147774e-13,3.122709805568915989e-02,7.481404293133045447e-02
2.962000000000000188e+00,-1.740829702612245455e-13,1.618150069884256859e-01,7.432386813889380051e-02
2.963999999999999968e+00,-8.881784197001252323e-14,4.442201500247818652e-02,7.663351379956968856e-02
2.966000000000000192e+00,1.799575757947428301e+00,1.299813878390942978e-01,7.906788719252401398e-02
2.967999999999999972e+00,-5.151434834260726348e-14,5.182339921094289426e-02,7.010264567137361458e-02
2.970000000000000195e+00,-1.261213355974177830e-13,4.335390921528975428e-02,7.903923280418025110e-02
2.971999999999999975e+00,-8.526512829121202230e-14,2.651538041104267163e-01,7.346765388224492377e-02
2.974000000000000199e+00,-6.217248937900876626e-14,1.556617196817379999e-02,6.859619129681958360e-02
2.975999999999999979e+00,-2.664535259100375697e-14,8.344677806931107000e-02,5.230370373502375020e-02
2.978000000000000203e+00,-8.881784197001252323e-14,3.115187431596648793e-01,4.720952517056131725e-02
2.979999999999999982e+00,-9.947598300641402602e-14,5.096547729019984541e-02,7.143354356842863961e-02
2.982000000000000206e+00,-6.394884621840901673e-14,2.604624031867988979e-02,6.696297171044000851e-02
2.983999999999999986e+00,-1.492139745096210390e-13,6.789168351696402148e-02,7.584190519660548302e-02
2.986000000000000210e+00,-2.167155344068305567e-13,1.414627143355175476e-01,6.986023594167184436e-02
2.987999999999999989e+00,-1.065814103640150279e-14,6.981623864948538092e-04,7.111903570419064735e-02
2.990000000000000213e+00,-1.101341240428155288e-13,5.297949049416297851e-02,8.104016573194332274e-02
2.991999999999999993e+00,-1.065814103640150279e-13,4.297540716542814533e-03,6.972214544310108286e-02
2.994000000000000217e+00,-2.131628207280300558e-14,8.147832008280239680e-02,7.024889479383841784e-02
2.995999999999999996e+00,-7.105427357601001859e-15,2.155156350999059278e-01,5.955297478284681673e-02
2.998000000000000220e+00,-8.526512829121202230e-14,2.376149346676355648e-02,7.134745920542918951e-02
3.000000000000000000e+00,1.794643812832688923e+00,1.995135157162356565e-01,7.255384475443847625e-02
