# delta,gap,coarse,fine
0.000000000000000000e+00,1.309446471125168543e+00,2.081668171172168513e-17,2.533592033466555149e-01
2.000000000000000042e-03,1.310309876567124832e+00,4.597017211338538646e-18,2.530427392210574111e-01
4.000000000000000083e-03,2.927533200175618688e+00,1.387778780781445753e-18,2.527253059744138941e-01
6.000000000000000125e-03,1.312039226806701819e+00,2.545706700995964534e-17,2.524069021594749218e-01
8.000000000000000167e-03,1.312905165124879758e+00,1.491862189340054040e-17,2.520875263413528411e-01
1.000000000000000021e-02,1.313771941194199044e+00,2.775557561562891505e-18,2.517671770976607215e-01
1.200000000000000025e-02,1.314639551682354579e+00,6.938893903907228378e-18,2.514458530186595153e-01
1.400000000000000029e-02,1.315507993219828364e+00,1.955900719163850061e-17,2.511235527073945040e-01
1.600000000000000033e-02,1.316377262399576864e+00,3.681950577760773304e-17,2.508002747798395160e-01
1.800000000000000211e-02,1.317247355776842710e+00,1.734723475976807191e-19,2.504760178650424773e-01
2.000000000000000042e-02,1.318118269869076542e+00,1.183677721811049435e-17,2.501507806052668537e-01
2.199999999999999872e-02,1.318990001155718517e+00,4.861291490881880352e-18,2.498245616561321492e-01
2.400000000000000050e-02,1.319862546078127252e+00,1.731470869459350458e-17,2.494973596867676724e-01
2.600000000000000228e-02,1.320735901039176596e+00,6.938893903907228763e-19,2.491691733799461794e-01
2.800000000000000058e-02,1.321610062403298258e+00,8.933825901280557153e-18,2.488400014322327547e-01
2.999999999999999889e-02,1.322485026496261540e+00,1.734723475976807191e-19,2.485098425541328593e-01
3.200000000000000067e-02,1.323360789604990373e+00,2.589074787895384712e-17,2.481786954702345782e-01
3.400000000000000244e-02,1.324237347977257784e+00,4.857225732735059556e-18,2.478465589193532270e-01
3.600000000000000422e-02,1.325114697821980769e+00,1.769417945496343113e-17,2.475134316546794833e-01
3.799999999999999906e-02,1.325992835308452911e+00,3.053011673765509847e-17,2.471793124439270184e-01
4.000000000000000083e-02,1.326871756566447402e+00,3.122502256758252847e-18,2.468442000694758831e-01
4.200000000000000261e-02,1.327751457686282777e+00,2.949029909160571983e-18,2.465080933285192788e-01
4.399999999999999745e-02,1.328631934718330854e+00,1.474514954580285992e-18,2.461709910332148254e-01
4.599999999999999922e-02,1.329513183672954568e+00,2.116362640691704532e-17,2.458328920108274751e-01
4.800000000000000100e-02,1.330395200520364085e+00,1.921206249644313734e-17,2.454937951038771715e-01
5.000000000000000278e-02,1.331277981190497783e+00,8.326672684688673745e-18,2.451536991702903401e-01
5.200000000000000455e-02,1.332161521572723828e+00,2.654126918244514978e-17,2.448126030835443279e-01
5.399999999999999939e-02,1.333045817516016029e+00,2.636779683484746660e-17,2.444705057328162845e-01
5.600000000000000117e-02,1.333930864828353435e+00,6.765421556309547514e-18,2.441274060231320431e-01
5.800000000000000294e-02,1.334816659276981454e+00,1.162264728904460784e-17,2.437833028755148068e-01
5.999999999999999778e-02,1.335703196587662234e+00,5.117434254131581237e-18,2.434381952271318095e-01
6.199999999999999956e-02,1.336590472445324806e+00,2.359223927328457587e-17,2.430920820314474151e-01
6.400000000000000133e-02,1.337478482493418497e+00,5.355958732078391750e-18,2.427449622583648103e-01
6.600000000000000311e-02,1.338367222333722850e+00,4.353071722529300148e-18,2.423968348943849882e-01
6.800000000000000488e-02,1.339256687526493295e+00,1.127570259384924611e-17,2.420476989427422232e-01
7.000000000000000666e-02,1.340146873589882048e+00,5.225854471380131680e-18,2.416975534235686618e-01
7.200000000000000844e-02,1.341037776000359116e+00,3.053113317719180733e-17,2.413463973740341273e-01
7.399999999999999634e-02,1.341929390192216687e+00,1.179611963664228793e-17,2.409942298484950840e-01
7.599999999999999811e-02,1.342821711557313336e+00,1.734723475976807094e-18,2.406410499186480700e-01
7.799999999999999989e-02,1.343714735445198372e+00,5.204170427930421091e-19,2.402868566736758582e-01
8.000000000000000167e-02,1.344608457162825843e+00,9.367506770274758926e-18,2.399316492204044970e-01
8.200000000000000344e-02,1.345502871974547432e+00,3.400058012914542152e-17,2.395754266834371482e-01
8.400000000000000522e-02,1.346397975101853106e+00,2.344045096913660463e-17,2.392181882053197040e-01
8.600000000000000699e-02,1.347293761723211247e+00,2.515349040166370287e-17,2.388599329466801757e-01
8.799999999999999489e-02,1.348190226974068651e+00,1.637145280453111657e-18,2.385006600863853743e-01
8.999999999999999667e-02,1.349087365946513017e+00,1.353084311261909503e-17,2.381403688216829073e-01
9.199999999999999845e-02,1.349985173689454143e+00,7.285838599102590105e-18,2.377790583683541126e-01
9.400000000000000022e-02,1.350883645208215356e+00,2.790465341434567114e-18,2.374167279608643821e-01
9.600000000000000200e-02,1.351782775464460684e+00,1.144917494144692621e-17,2.370533768525107110e-01
9.800000000000000377e-02,1.352682559376345850e+00,4.195862407518902468e-18,2.366890043155678858e-01
1.000000000000000056e-01,3.016551352908731332e+00,9.020562075079397199e-18,2.363236096414444987e-01
1.020000000000000073e-01,1.354484067618903609e+00,3.122502256758252847e-18,2.359571921408236961e-01
1.040000000000000091e-01,1.355385781565898284e+00,4.163336342344336873e-18,2.355897511438192482e-01
1.059999999999999970e-01,1.356288128400494841e+00,3.122502256758252847e-18,2.352212860001139105e-01
1.079999999999999988e-01,1.357191102820076267e+00,3.053070966071818018e-17,2.348517960791221271e-01
1.100000000000000006e-01,1.358094699477675249e+00,1.144917494144692621e-17,2.344812807701210089e-01
1.120000000000000023e-01,1.358998912981672191e+00,3.018418848199644098e-17,2.341097394824147304e-01
1.140000000000000041e-01,1.359903737895962195e+00,1.786765180256111431e-17,2.337371716454660076e-01
1.160000000000000059e-01,1.360809168739320896e+00,6.245004513516505694e-18,2.333635767090597168e-01
1.180000000000000077e-01,1.361715199985965796e+00,9.410874857174178179e-18,2.329889541434338185e-01
1.199999999999999956e-01,1.362621826065025132e+00,3.707971429900425472e-18,2.326133034394379517e-01
1.219999999999999973e-01,1.363529041360296290e+00,2.046973701652632495e-17,2.322366241086759875e-01
1.239999999999999991e-01,1.364436840210654367e+00,1.700029006457271076e-17,2.318589156836513565e-01
1.260000000000000009e-01,1.365345216909641834e+00,1.301042606982605321e-17,2.314801777179107678e-01
1.280000000000000027e-01,1.366254165705235835e+00,1.387778780781445753e-18,2.311004097861955875e-01
1.300000000000000044e-01,1.367163680800105752e+00,2.333203075188805419e-17,2.307196114845814772e-01
1.320000000000000062e-01,1.368073756351364523e+00,3.486794186713382506e-17,2.303377824306249155e-01
1.340000000000000080e-01,1.368984386470305736e+00,1.526556658859590366e-17,2.299549222635064727e-01
1.360000000000000098e-01,1.369895565222629230e+00,3.512815038853034366e-17,2.295710306441795245e-01
1.380000000000000115e-01,1.370807286628089372e+00,1.665334536937734749e-17,2.291861072555037293e-01
1.400000000000000133e-01,1.371719544660644274e+00,1.925543058334255813e-17,2.288001518023978498e-01
1.420000000000000151e-01,1.372632333248137826e+00,1.521135647997162844e-17,2.284131640119781426e-01
1.440000000000000169e-01,1.373545646272400944e+00,2.359223927328457587e-17,2.280251436336971083e-01
1.459999999999999909e-01,1.374459477569246246e+00,5.898059818321143967e-18,2.276360904394916229e-01
1.479999999999999927e-01,1.375373820928086133e+00,1.179611963664228793e-17,2.272460042239169420e-01
1.499999999999999944e-01,1.376288670092209898e+00,1.474514954580285992e-18,2.268548848042916399e-01
1.519999999999999962e-01,1.377204018758497739e+00,1.587271980518778553e-17,2.264627320208367767e-01
1.539999999999999980e-01,1.378119860577289302e+00,2.168404344971008868e-18,2.260695457368137318e-01
1.559999999999999998e-01,1.379036189152900604e+00,1.734723475976807094e-18,2.256753258386608729e-01
1.580000000000000016e-01,1.379952998042616841e+00,2.602085213965210642e-18,2.252800722361366081e-01
1.600000000000000033e-01,1.380870280757523716e+00,2.541369892306022455e-17,2.248837848624530011e-01
1.620000000000000051e-01,1.381788030761773811e+00,2.151057110211240859e-17,2.244864636744129116e-01
1.640000000000000069e-01,1.382706241473256270e+00,1.938553484404082051e-17,2.240881086525441379e-01
1.660000000000000087e-01,1.383624906262728160e+00,6.765421556309547514e-18,2.236887198012416922e-01
1.680000000000000104e-01,1.384544018454494818e+00,1.153591111524576779e-17,2.232882971488941160e-01
1.700000000000000122e-01,1.385463571325901810e+00,2.775557561562891505e-18,2.228868407480172620e-01
1.720000000000000140e-01,1.386383558107638692e+00,2.758210326803123342e-17,2.224843506753956535e-01
1.740000000000000158e-01,1.387303971983246953e+00,7.632783294297951832e-18,2.220808270322089661e-01
1.759999999999999898e-01,1.388224806089503716e+00,3.989863994746656009e-18,2.216762699441577611e-01
1.779999999999999916e-01,1.389146053516691737e+00,1.821459649775647449e-17,2.212706795616078692e-01
1.799999999999999933e-01,1.390067707307412803e+00,9.887923813067800746e-18,2.208640560597069091e-01
1.819999999999999951e-01,1.390989760457758351e+00,2.255140518769849223e-17,2.204563996385210389e-01
1.839999999999999969e-01,1.391912205916895573e+00,5.204170427930421091e-19,2.200477105231599118e-01
1.859999999999999987e-01,1.392835036586832942e+00,1.283695372222837311e-17,2.196379889639045735e-01
1.880000000000000004e-01,1.393758245322567646e+00,1.040834085586084218e-18,2.192272352363336396e-01
1.900000000000000022e-01,1.394681824932265002e+00,1.665334536937734749e-17,2.188154496414478345e-01
1.920000000000000040e-01,1.395605768177050621e+00,7.892991815694471971e-18,2.184026325057932261e-01
1.940000000000000058e-01,1.396530067770859418e+00,7.806255641895631925e-18,2.179887841815895955e-01
1.960000000000000075e-01,1.397454716380892137e+00,1.457167719820518021e-17,2.175739050468459557e-01
1.980000000000000093e-01,1.398379706627036256e+00,6.957867441925724397e-18,2.171579955054870892e-01
2.000000000000000111e-01,1.399305031082670681e+00,3.191891195797324807e-17,2.167410559874696496e-01
2.020000000000000129e-01,1.400230682273775784e+00,1.856154119295183468e-17,2.163230869489045638e-01
2.040000000000000147e-01,1.401156652679743431e+00,2.081668171172168513e-17,2.159040888721732998e-01
2.060000000000000164e-01,1.402082934732760577e+00,1.110223024625156602e-17,2.154840622660474103e-01
2.080000000000000182e-01,1.403009520818260469e+00,5.388484797252957345e-18,2.150630076657996936e-01
2.099999999999999922e-01,1.403936403274919087e+00,2.498001805406602278e-17,2.146409256333229876e-01
2.119999999999999940e-01,1.404863574394450865e+00,1.406210217713699128e-17,2.142178167572414693e-01
2.139999999999999958e-01,1.405791026421814749e+00,1.452830911130575980e-18,2.137936816530253692e-01
2.159999999999999976e-01,1.406718751555136038e+00,1.422473250300981694e-17,2.133685209631001889e-01
2.179999999999999993e-01,1.407646741946210867e+00,3.816391647148975608e-17,2.129423353569553645e-01
2.200000000000000011e-01,1.408574989699825863e+00,1.095044194210359440e-18,2.125151255312554277e-01
2.220000000000000029e-01,1.409503486874356781e+00,1.353084311261909503e-17,2.120868922099506393e-01
2.240000000000000047e-01,1.410432225481576651e+00,1.526556658859590366e-17,2.116576361443738841e-01
2.260000000000000064e-01,1.411361197486694863e+00,1.517340940393463332e-17,2.112273581133524425e-01
2.280000000000000082e-01,1.412290394808984217e+00,1.752070710736575104e-17,2.107960589233098814e-01
2.300000000000000100e-01,1.413219809320873210e+00,3.781697177629439589e-17,2.103637394083699985e-01
2.320000000000000118e-01,1.414149432848793353e+00,3.330669073875469498e-17,2.099304004304537175e-01
2.340000000000000135e-01,1.415079257173053051e+00,8.847089727481715565e-18,2.094960428793810336e-01
2.360000000000000153e-01,1.416009274027674181e+00,2.168404344971008868e-18,2.090606676729698798e-01
2.380000000000000171e-01,1.416939475100861046e+00,5.898059818321143967e-18,2.086242757571293849e-01
2.399999999999999911e-01,1.417869852035011036e+00,5.551115123125783010e-18,2.081868681059579340e-01
2.419999999999999929e-01,1.418800396426533439e+00,1.474514954580286030e-17,2.077484457218368441e-01
2.439999999999999947e-01,1.419731099826199383e+00,1.422473250300981694e-17,2.073090096355208745e-01
2.459999999999999964e-01,1.420661953739188021e+00,6.678685382510707468e-18,2.068685609062285713e-01
2.479999999999999982e-01,1.421592949625384961e+00,8.662775358159181044e-18,2.064271006217343607e-01
2.500000000000000000e-01,1.422524078898797839e+00,2.879640970121500023e-17,2.059846298984535640e-01
2.520000000000000018e-01,1.423455332928970307e+00,3.729655473350135099e-18,2.055411498815276072e-01
2.540000000000000036e-01,1.424386703039710156e+00,2.359223927328457587e-17,2.050966617449132001e-01
2.560000000000000053e-01,1.425318180510144472e+00,0.000000000000000000e+00,2.046511666914587468e-01
2.580000000000000071e-01,1.426249756574367922e+00,1.769417945496343113e-17,2.042046659529901942e-01
2.600000000000000089e-01,1.427181422422028945e+00,1.196959198423996957e-17,2.037571607903893856e-01
2.620000000000000107e-01,1.428113169197931853e+00,1.040834085586084257e-17,2.033086524936679185e-01
2.640000000000000124e-01,1.429044988002706518e+00,2.654126918244514978e-17,2.028591423820574335e-01
2.660000000000000142e-01,1.429976869892582769e+00,8.294146619514108920e-18,2.024086318040605736e-01
2.680000000000000160e-01,1.430908805879839818e+00,3.382710778154773757e-18,2.019571221375472403e-01
2.700000000000000178e-01,1.431840786932474074e+00,4.510281037539698600e-18,2.015046147898091888e-01
2.720000000000000195e-01,1.432772803975286280e+00,1.240327285323417134e-17,2.010511111976380771e-01
2.740000000000000213e-01,3.164015518262873528e+00,1.058181320345852266e-17,2.005966128273914684e-01
2.760000000000000231e-01,1.434636909511050717e+00,2.775557561562891351e-17,2.001411211750549479e-01
2.780000000000000249e-01,1.435568979635945652e+00,5.280064580004406902e-18,1.996846377663116234e-01
2.800000000000000266e-01,1.436501049014669462e+00,2.151057110211240859e-17,1.992271641565975526e-01
2.820000000000000284e-01,1.437433108355859801e+00,7.285838599102590105e-18,1.987687019311671077e-01
2.840000000000000302e-01,1.438365148325106091e+00,1.075528555105620429e-17,1.983092527051517895e-01
2.860000000000000320e-01,1.439297159545768423e+00,2.428612866367529778e-18,1.978488181236133514e-01
2.880000000000000338e-01,1.440229132598977557e+00,3.469446951953614381e-19,1.973873998615964243e-01
2.899999999999999800e-01,1.441161058023794794e+00,2.970713952610281995e-18,1.969249996241879963e-01
2.919999999999999818e-01,1.442092926317743107e+00,1.231653667943532975e-17,1.964616191465644313e-01
2.939999999999999836e-01,1.443024727936272456e+00,1.804112415015879440e-17,1.959972601940383752e-01
2.959999999999999853e-01,1.443956453293941067e+00,1.507041019754851163e-17,1.955319245621080504e-01
2.979999999999999871e-01,1.444888092764134768e+00,9.540979117872439019e-18,1.950656140765005819e-01
2.999999999999999889e-01,3.141980831137628272e+00,2.844946500601963388e-17,1.945983305932175444e-01
3.019999999999999907e-01,3.140328595764957598e+00,1.708702623837154926e-17,1.941300759985691848e-01
3.039999999999999925e-01,1.447682398971576134e+00,2.658463726934456749e-17,1.936608522092230222e-01
3.059999999999999942e-01,1.448613597811702292e+00,1.144917494144692621e-17,1.931906611722301881e-01
3.079999999999999960e-01,1.449544662023193098e+00,1.110223024625156602e-17,1.927195048650668929e-01
3.099999999999999978e-01,1.450475581738219333e+00,7.849623728795052719e-18,1.922473852956636808e-01
3.119999999999999996e-01,1.451406347049305268e+00,1.734723475976807094e-17,1.917743045024366821e-01
3.140000000000000013e-01,1.452336948010492179e+00,8.673617379884035472e-18,1.913002645543163682e-01
3.160000000000000031e-01,1.453267374636649123e+00,1.734723475976807094e-18,1.908252675507733642e-01
3.180000000000000049e-01,1.454197616904382429e+00,1.595945597898662404e-17,1.903493156218406257e-01
3.200000000000000067e-01,1.455127664752300376e+00,9.714451465470119112e-18,1.898724109281378358e-01
3.220000000000000084e-01,1.456057508080823126e+00,3.747002708109903570e-17,1.893945556608895020e-01
3.240000000000000102e-01,1.456987136753371104e+00,2.636474751623735235e-17,1.889157520419413594e-01
3.260000000000000120e-01,1.457916540595697086e+00,1.283695372222837311e-17,1.884360023237793003e-01
3.280000000000000138e-01,1.458845709396808132e+00,2.779894370252833122e-17,1.879553087895375618e-01
3.300000000000000155e-01,1.459774632909292436e+00,1.457167719820518021e-17,1.874736737530127983e-01
3.320000000000000173e-01,1.460703300849349517e+00,1.075528555105620429e-17,1.869910995586711866e-01
3.340000000000000191e-01,1.461631702897234319e+00,1.231653667943532975e-17,1.865075885816538936e-01
3.360000000000000209e-01,1.462559828697951758e+00,2.810252031082427370e-17,1.860231432277822949e-01
3.380000000000000226e-01,3.111664554095744606e+00,1.647987302177966740e-17,1.855377659335630258e-01
3.400000000000000244e-01,1.464415209960735709e+00,3.547509508372570385e-17,1.850514591661765462e-01
3.420000000000000262e-01,1.465342444537865774e+00,1.214306433183764966e-17,1.845642254234857726e-01
3.440000000000000280e-01,1.466269361098303747e+00,1.944245545809630703e-17,1.840760672340235327e-01
3.460000000000000298e-01,1.467195949114525888e+00,2.194425197110661036e-17,1.835869871569920653e-01
3.480000000000000315e-01,1.468122198025215042e+00,6.938893903907228763e-19,1.830969877822428427e-01
3.500000000000000333e-01,1.469048097236544947e+00,3.469446951953614189e-18,1.826060717302724068e-01
3.519999999999999796e-01,1.469973636121812532e+00,4.171467858637978464e-18,1.821142416522048002e-01
3.539999999999999813e-01,1.470898804022057860e+00,4.857225732735059556e-18,1.816215002297758840e-01
3.559999999999999831e-01,1.471823590246565061e+00,4.510281037539698600e-18,1.811278501753100789e-01
3.579999999999999849e-01,1.472747984073315308e+00,6.245004513516505694e-18,1.806332942317024348e-01
3.599999999999999867e-01,1.473671974749096947e+00,5.299580219109145797e-17,1.801378351723932902e-01
3.619999999999999885e-01,1.474595551490153866e+00,2.081668171172168436e-18,1.796414758013400448e-01
3.639999999999999902e-01,1.475518703482538996e+00,4.857225732735059556e-18,1.791442189529906526e-01
3.659999999999999920e-01,1.476441419882640105e+00,4.076600168545496826e-18,1.786460674922475955e-01
3.679999999999999938e-01,1.477363689817581260e+00,7.979727989493312018e-18,1.781470243144406829e-01
3.699999999999999956e-01,3.087948035483268683e+00,3.469446951953614189e-18,1.776470923452836970e-01
3.719999999999999973e-01,1.479206846655880980e+00,9.714451465470119112e-18,1.771462745408389217e-01
3.739999999999999991e-01,1.480127711670801816e+00,3.469446951953614189e-18,1.766445738874762583e-01
3.760000000000000009e-01,1.481048086444257450e+00,1.250356155418908019e-17,1.761419934018260136e-01
3.780000000000000027e-01,1.481967959963599313e+00,2.079093191012515317e-17,1.756385361307388759e-01
3.800000000000000044e-01,1.482887321189268803e+00,5.550437496767979416e-18,1.751342051512273790e-01
3.820000000000000062e-01,1.483806159055790275e+00,7.979727989493312018e-18,1.746290035704254340e-01
3.840000000000000080e-01,1.484724462472049922e+00,1.040834085586084218e-18,1.741229345255266570e-01
3.860000000000000098e-01,1.485642220321528484e+00,3.712308238590366936e-17,1.736160011837296901e-01
3.880000000000000115e-01,1.486559421463299557e+00,7.979727989493312018e-18,1.731082067421825244e-01
3.900000000000000133e-01,1.487476054732159270e+00,6.938893903907228378e-18,1.725995544279180782e-01
3.920000000000000151e-01,1.488392108939320835e+00,2.589074787895384712e-17,1.720900474977897499e-01
3.940000000000000169e-01,1.489307572872645480e+00,6.922630871319945965e-18,1.715796892384091610e-01
3.960000000000000187e-01,1.490222435297546610e+00,1.179611963664228793e-17,1.710684829660720774e-01
3.980000000000000204e-01,1.491136684957176328e+00,3.735076484212562775e-17,1.705564320266902689e-01
4.000000000000000222e-01,1.492050310573015182e+00,2.916503843986006927e-17,1.700435397957171801e-01
4.020000000000000240e-01,1.492963300845620012e+00,3.329042770616741488e-17,1.695298096780709363e-01
4.040000000000000258e-01,1.493875644454917051e+00,1.925543058334255813e-17,1.690152451080547680e-01
4.060000000000000275e-01,1.494787330060910691e+00,1.595945597898662404e-17,1.684998495492753268e-01
4.080000000000000293e-01,1.495698346303873549e+00,3.538835890992686226e-17,1.679836264945631097e-01
4.100000000000000311e-01,1.496608681805389196e+00,1.023486850826316247e-17,1.674665794658760365e-01
4.120000000000000329e-01,1.497518325168734066e+00,1.795438797635995281e-17,1.669487120142224001e-01
4.140000000000000346e-01,1.498427264979129703e+00,6.938893903907228763e-19,1.664300277195581435e-01
4.160000000000000364e-01,1.499335489804691335e+00,2.775557561562891505e-18,1.659105301907012608e-01
4.179999999999999827e-01,3.055613325406548952e+00,1.721713049906981164e-17,1.653902230652304906e-01
4.199999999999999845e-01,1.501149748691386066e+00,1.411631228576126650e-17,1.648691100093846729e-01
4.219999999999999862e-01,1.502055759807639390e+00,1.318389841742373330e-17,1.643471947179662163e-01
4.239999999999999880e-01,1.502961010050745116e+00,7.979727989493312018e-18,1.638244809142342107e-01
4.259999999999999898e-01,1.503865487911376420e+00,1.108867771909549722e-17,1.633009723497941545e-01
4.279999999999999916e-01,1.504769181866159045e+00,6.938893903907228378e-18,1.627766728044927891e-01
4.299999999999999933e-01,1.505672080379143907e+00,1.439820485060750012e-17,1.622515860863070758e-01
4.319999999999999951e-01,1.506574171901309711e+00,2.688821387764050996e-17,1.617257160312230990e-01
4.339999999999999969e-01,1.507475444872033776e+00,1.526556658859590366e-17,1.611990665031304559e-01
4.359999999999999987e-01,1.508375887719326514e+00,9.020562075079397199e-18,1.606716413936894183e-01
4.380000000000000004e-01,3.043320705675302662e+00,5.551115123125783010e-18,1.601434446222198271e-01
4.400000000000000022e-01,1.510174236702688688e+00,6.591949208711866651e-18,1.596144801355721954e-01
4.420000000000000040e-01,1.511072119643904088e+00,0.000000000000000000e+00,1.590847519080000882e-01
4.440000000000000058e-01,1.511969126073129388e+00,4.336808689942017736e-18,1.585542639410320587e-01
4.460000000000000075e-01,1.512865244371297990e+00,5.556874947167111636e-18,1.580230202633400027e-01
4.480000000000000093e-01,1.513760462911781346e+00,5.551284529715233716e-18,1.574910249306041843e-01
4.500000000000000111e-01,1.514654770061106603e+00,9.280770596475917339e-18,1.569582820253773159e-01
4.520000000000000129e-01,1.515548154179711560e+00,6.936183398476014771e-18,1.564247956569448095e-01
4.540000000000000147e-01,1.516440603622218219e+00,1.457167719820518021e-17,1.558905699611802254e-01
4.560000000000000164e-01,1.517332106738642494e+00,2.406928822917819843e-17,1.553556091004080486e-01
4.580000000000000182e-01,3.031735961875513752e+00,2.219599016303058904e-17,1.548199172632496456e-01
4.600000000000000200e-01,1.519112227372469093e+00,4.857225732735059556e-18,1.542834986644790185e-01
4.620000000000000218e-01,1.520000821571310112e+00,6.938893903907228378e-18,1.537463575448699271e-01
4.640000000000000235e-01,1.520888422808337026e+00,1.509209424099822049e-17,1.532084981710422067e-01
4.660000000000000253e-01,1.521775019418930341e+00,6.938893903907228763e-19,1.526699248353058092e-01
4.680000000000000271e-01,1.522660599738044240e+00,1.222980050563648971e-17,1.521306418555005979e-01
4.700000000000000289e-01,1.523545152100188815e+00,7.849623728795052719e-18,1.515906535748393069e-01
4.720000000000000306e-01,1.524428664840609571e+00,1.665334536937734749e-17,1.510499643617398413e-01
4.740000000000000324e-01,1.525311126295571640e+00,1.144917494144692621e-17,1.505085786096624911e-01
4.760000000000000342e-01,1.526192524803619222e+00,1.656660919557850898e-17,1.499665007369406500e-01
4.780000000000000360e-01,1.527072848705746111e+00,2.428612866367529778e-18,1.494237351866118668e-01
4.799999999999999822e-01,1.527952086346303417e+00,1.487525380650111960e-17,1.488802864262441794e-01
4.819999999999999840e-01,3.018778804675013916e+00,2.046973701652632495e-17,1.483361589477618370e-01
4.839999999999999858e-01,1.529707256241740865e+00,1.123233450694982532e-17,1.477913572672689413e-01
4.859999999999999876e-01,1.530583165208682317e+00,1.318389841742373330e-17,1.472458859248670648e-01
4.879999999999999893e-01,3.015701615957718573e+00,7.979727989493312018e-18,1.466997494844764771e-01
4.899999999999999911e-01,1.532331573007001069e+00,2.428612866367529932e-17,1.461529525336535684e-01
4.919999999999999929e-01,1.533204048590002699e+00,5.551792749483585834e-18,1.456054996833995863e-01
4.939999999999999947e-01,1.534075356477005769e+00,5.551115123125783010e-18,1.450573955679785865e-01
4.959999999999999964e-01,1.534945485065218662e+00,2.636809329637900746e-17,1.445086448447232830e-01
4.979999999999999982e-01,1.535814422761815123e+00,1.682681771697502758e-17,1.439592521938416747e-01
5.000000000000000000e-01,1.536682157984621711e+00,2.706168622523819006e-17,1.434092223182263648e-01
5.020000000000000018e-01,1.537548679162812348e+00,5.100087019371812611e-17,1.428585599432533604e-01
5.040000000000000036e-01,1.538413974737521173e+00,2.289834988289385241e-17,1.423072698165854799e-01
5.060000000000000053e-01,1.539278033162959858e+00,2.740863092043355332e-17,1.417553567079729571e-01
5.080000000000000071e-01,1.540140842906925656e+00,2.602085213965210642e-18,1.412028254090453294e-01
5.100000000000000089e-01,1.541002392451407133e+00,3.018418848199644098e-17,1.406496807331097110e-01
5.120000000000000107e-01,1.541862670293701498e+00,2.360985755858746470e-17,1.400959275149454009e-01
5.140000000000000124e-01,3.003120680141085685e+00,5.724587470723463103e-18,1.395415706105905818e-01
5.160000000000000142e-01,1.543579364940516285e+00,2.259477327459791302e-17,1.389866148971334037e-01
5.180000000000000160e-01,1.544435758821792959e+00,7.979727989493312018e-18,1.384310652724974056e-01
5.200000000000000178e-01,1.545290835155970655e+00,1.387778780781445676e-17,1.378749266552287411e-01
5.220000000000000195e-01,2.999496697563804659e+00,5.551115123125783010e-18,1.373182039842759383e-01
5.240000000000000213e-01,1.546996989539000111e+00,5.551115123125783010e-18,1.367609022187767365e-01
5.260000000000000231e-01,2.997728396700793496e+00,2.636779683484746660e-17,1.362030263378290473e-01
5.280000000000000249e-01,1.548697737003214669e+00,1.942890293094023822e-17,1.356445813402739342e-01
5.300000000000000266e-01,1.549546054768320857e+00,2.949029909160572061e-17,1.350855722444705420e-01
5.320000000000000284e-01,1.550392986801346851e+00,3.816391647148975916e-18,1.345260040880670860e-01
5.340000000000000302e-01,1.551238521815919924e+00,2.497425823002469415e-17,1.339658819277776969e-01
5.360000000000000320e-01,1.552082648550047850e+00,1.235990476633475055e-17,1.334052108391454716e-01
5.380000000000000338e-01,2.992598388911929419e+00,1.387778780781445753e-18,1.328439959163165707e-01
5.400000000000000355e-01,2.991768902455575585e+00,1.908195823574487958e-18,1.322822422718073210e-01
5.420000000000000373e-01,1.554606466828337474e+00,3.638582490861353127e-17,1.317199550362619931e-01
5.440000000000000391e-01,1.555444848331838159e+00,6.938893903907228763e-19,1.311571393582261491e-01
5.460000000000000409e-01,1.556281765635327830e+00,2.428612866367529932e-17,1.305938004038990907e-01
5.480000000000000426e-01,1.557117207638693657e+00,2.428612866367529778e-18,1.300299433568984919e-01
5.500000000000000444e-01,1.557951163271523498e+00,1.804112415015879440e-17,1.294655734180200635e-01
5.520000000000000462e-01,1.558783621493427418e+00,2.949029909160571983e-18,1.289006958049914442e-01
5.540000000000000480e-01,1.559614571295741214e+00,5.551115123125783010e-18,1.283353157522283683e-01
5.560000000000000497e-01,1.560444001701489114e+00,1.908195823574487804e-17,1.277694385105882513e-01
5.580000000000000515e-01,1.561271901766739134e+00,2.081668171172168436e-18,1.272030693471245255e-01
5.600000000000000533e-01,1.562098260580739861e+00,2.081668171172168436e-18,1.266362135448355630e-01
5.620000000000000551e-01,2.983125740090143196e+00,2.237793284010081213e-17,1.260688764024121555e-01
5.640000000000000568e-01,1.563746310985504095e+00,1.058181320345852266e-17,1.255010632339912391e-01
5.660000000000000586e-01,1.564567980929878033e+00,1.873501354054951785e-17,1.249327793688972260e-01
5.680000000000000604e-01,2.980921549734809162e+00,1.526556658859590366e-17,1.243640301513883883e-01
5.700000000000000622e-01,2.980201381784008063e+00,3.469446951953614189e-18,1.237948209404029498e-01
5.720000000000000639e-01,1.567023440621957420e+00,7.285838599102590105e-18,1.232251571093034431e-01
5.740000000000000657e-01,2.978782877713506139e+00,7.632783294297951832e-18,1.226550440456098956e-01
5.760000000000000675e-01,2.978084537264720666e+00,8.326672684688673745e-18,1.220844871507444779e-01
5.779999999999999583e-01,2.977393468073543659e+00,2.428612866367529778e-18,1.215134918397799829e-01
5.799999999999999600e-01,1.570274705118830383e+00,6.591949208711866651e-18,1.209420635411608824e-01
5.819999999999999618e-01,1.571083400440297595e+00,2.762547135493065421e-17,1.203702076964504875e-01
5.839999999999999636e-01,1.571890426480909042e+00,5.464378949326942193e-18,1.197979297600650223e-01
5.859999999999999654e-01,1.572695772836087968e+00,2.775557561562891505e-18,1.192252351990062825e-01
5.879999999999999671e-01,2.974047097045046328e+00,3.816391647148975916e-18,1.186521294925956399e-01
5.899999999999999689e-01,1.574301385094161176e+00,4.358492733391728133e-18,1.180786181322101142e-01
5.919999999999999707e-01,1.575101630412120812e+00,2.602085213965210642e-18,1.175047066210046925e-01
5.939999999999999725e-01,1.575900154876626047e+00,9.714451465470119112e-18,1.169304004736531621e-01
5.959999999999999742e-01,2.971500584765825792e+00,1.856154119295183468e-17,1.163557052160720251e-01
5.979999999999999760e-01,1.577492000589488796e+00,0.000000000000000000e+00,1.157806263851498124e-01
5.999999999999999778e-01,2.970270779149084106e+00,1.665334536937734749e-17,1.152051695284744409e-01
6.019999999999999796e-01,2.969666725083323300e+00,6.591949208711866651e-18,1.146293402040615000e-01
6.039999999999999813e-01,2.969069897834561544e+00,1.227316859253591050e-17,1.140531439800803321e-01
6.059999999999999831e-01,1.580654597292085128e+00,1.040834085586084257e-17,1.134765864345770453e-01
6.079999999999999849e-01,1.581440793597019834e+00,1.237616779892203373e-17,1.128996731552032035e-01
6.099999999999999867e-01,1.582225189026276624e+00,6.938893903907228763e-19,1.123224097389350223e-01
6.119999999999999885e-01,1.583007773808505547e+00,4.510281037539698600e-18,1.117448017918020314e-01
6.139999999999999902e-01,1.583788538225986642e+00,9.237402509576498086e-18,1.111668549285986934e-01
6.159999999999999920e-01,1.584567472615542982e+00,4.770489558936219510e-18,1.105885747726245427e-01
6.179999999999999938e-01,2.965094066927013827e+00,1.925543058334255813e-17,1.100099669553875198e-01
6.199999999999999956e-01,1.586119812934798645e+00,2.081668171172168436e-18,1.094310371163395301e-01
6.219999999999999973e-01,2.964022879415173506e+00,3.504141421473150207e-17,1.088517909025809027e-01
6.239999999999999991e-01,2.963498052481741141e+00,9.540979117872439790e-19,1.082722339685942836e-01
6.260000000000000009e-01,2.962980395655508303e+00,0.000000000000000000e+00,1.076923719759557280e-01
6.280000000000000027e-01,1.589202114272682209e+00,2.515349040166370287e-17,1.071122105930629037e-01
6.300000000000000044e-01,1.589967972623268722e+00,2.706168622523819006e-17,1.065317554948390505e-01
6.320000000000000062e-01,1.590731925686645454e+00,1.769417945496343113e-17,1.059510123624631678e-01
6.340000000000000080e-01,2.960981347189822088e+00,3.642919299551295052e-18,1.053699868830856590e-01
6.360000000000000098e-01,2.960499448002103406e+00,2.776235187920694714e-18,1.047886847495411722e-01
6.380000000000000115e-01,1.593012262047150074e+00,1.387778780781445753e-18,1.042071116600717662e-01
6.400000000000000133e-01,2.959557038702008924e+00,2.099015405931936523e-17,1.036252733180404312e-01
6.420000000000000151e-01,1.594522793909295189e+00,1.275021754842953153e-17,1.030431754316483289e-01
6.440000000000000169e-01,1.595275125452182863e+00,1.006139616066548084e-17,1.024608237136546418e-01
6.460000000000000187e-01,1.596025489030028055e+00,1.387778780781445676e-17,1.018782238810840290e-01
6.480000000000000204e-01,1.596773875945197929e+00,8.673617379884035472e-18,1.012953816549581887e-01
6.500000000000000222e-01,1.597520277565365632e+00,1.908195823574487804e-17,1.007123027600038828e-01
6.520000000000000240e-01,2.956900413505636038e+00,1.318389841742373330e-17,1.001289929243615318e-01
6.540000000000000258e-01,2.956482444256080200e+00,5.643272307787050271e-18,9.954545787931651235e-02
6.560000000000000275e-01,1.599747485336612485e+00,6.591949208711866651e-18,9.896170335900707216e-02
6.580000000000000293e-01,1.600485860795393123e+00,1.526556658859590366e-17,9.837773510014195810e-02
6.600000000000000311e-01,2.955270896977603812e+00,3.400058012914542152e-17,9.779355884171583857e-02
6.620000000000000329e-01,2.954881140714142873e+00,2.428612866367529932e-17,9.720918032473881143e-02
6.640000000000000346e-01,1.602688789671928404e+00,1.734723475976807094e-17,9.662460529192819225e-02
6.660000000000000364e-01,2.954122716847184194e+00,1.109138822452671005e-17,9.603983948744571064e-02
6.680000000000000382e-01,2.953754031920047041e+00,2.706168622523819006e-17,9.545488865661228006e-02
6.700000000000000400e-01,2.953392353229128631e+00,6.938893903907228378e-18,9.486975854562154642e-02
6.720000000000000417e-01,2.953037671785349261e+00,1.700029006457271076e-17,9.428445490125629547e-02
6.740000000000000435e-01,1.606319194515872795e+00,2.255140518769849223e-17,9.369898347061184074e-02
6.760000000000000453e-01,1.607039032862580541e+00,1.387778780781445676e-17,9.311335000081095992e-02
6.780000000000000471e-01,1.607756772319866911e+00,4.510281037539698600e-18,9.252756023872754643e-02
6.800000000000000488e-01,2.951688734156100224e+00,2.233456475320139134e-17,9.194161993069310812e-02
6.820000000000000506e-01,2.951368899576568339e+00,1.439820485060750012e-17,9.135553482224029187e-02
6.840000000000000524e-01,1.609897322001765829e+00,3.469446951953614189e-18,9.076931065780101393e-02
6.860000000000000542e-01,1.610606590925918624e+00,1.179611963664228793e-17,9.018295318043383080e-02
6.880000000000000560e-01,2.950450999756171200e+00,9.020562075079397199e-18,8.959646813155336398e-02
6.900000000000000577e-01,2.950158867741178526e+00,1.569924745759010544e-17,8.900986125064681842e-02
6.920000000000000595e-01,1.612721553019209608e+00,1.023486850826316247e-17,8.842313827498743395e-02
6.940000000000000613e-01,2.949595294195253459e+00,1.899522206194603645e-17,8.783630493936822603e-02
6.960000000000000631e-01,2.949323831760617409e+00,2.775557561562891505e-18,8.724936697583236811e-02
6.980000000000000648e-01,2.949059238076458200e+00,2.220446049250313204e-17,8.666233011338325687e-02
7.000000000000000666e-01,2.948801502382544015e+00,9.887923813067800746e-18,8.607520007771644888e-02
7.020000000000000684e-01,2.948550613796529163e+00,1.370431546021677666e-17,8.548798259094525509e-02
7.039999999999999591e-01,1.616893044649192035e+00,1.127570259384924650e-18,8.490068337133024889e-02
7.059999999999999609e-01,1.617580639337328208e+00,1.092875789865388439e-17,8.431330813300086380e-02
7.079999999999999627e-01,1.618266029647582371e+00,9.454242944073598973e-18,8.372586258569085504e-02
7.099999999999999645e-01,1.618949209183188742e+00,1.283695372222837311e-17,8.313835243446428269e-02
7.119999999999999662e-01,2.947398488124111537e+00,3.157196726277788789e-17,8.255078337944256328e-02
7.139999999999999680e-01,2.947188446887581748e+00,3.295974604355933479e-17,8.196316111554401151e-02
7.159999999999999698e-01,2.946985173210570963e+00,1.908195823574487804e-17,8.137549133220824127e-02
7.179999999999999716e-01,2.946788655254625411e+00,3.122502256758252847e-18,8.078777971313463868e-02
7.199999999999999734e-01,2.946598881064669939e+00,1.804112415015879440e-17,8.020003193601328573e-02
7.219999999999999751e-01,1.623001512283776648e+00,1.925543058334255813e-17,7.961225367225911731e-02
7.239999999999999769e-01,2.946239515581593693e+00,9.432558900623888576e-18,7.902445058675683365e-02
7.259999999999999787e-01,2.946069899800050962e+00,1.491862189340054040e-17,7.843662833758761888e-02
7.279999999999999805e-01,2.945906978809006205e+00,4.162785770928621885e-18,7.784879257576950151e-02
7.299999999999999822e-01,2.945750740078855401e+00,4.857225732735059556e-18,7.726094894500566690e-02
7.319999999999999840e-01,2.945601170967481863e+00,9.887923813067800746e-18,7.667310308141828123e-02
7.339999999999999858e-01,2.945458258720401901e+00,9.627715291671279066e-18,7.608526061329105861e-02
7.359999999999999876e-01,2.945321990471649443e+00,2.081668171172168436e-18,7.549742716081264682e-02
7.379999999999999893e-01,1.628278206430703534e+00,3.122502256758252847e-18,7.490960833581536416e-02
7.399999999999999911e-01,2.945069333951034096e+00,3.469446951953614189e-18,7.432180974154098396e-02
7.419999999999999929e-01,2.944952919395294799e+00,2.046973701652632495e-17,7.373403697236857735e-02
7.439999999999999947e-01,1.630219216896932721e+00,3.122502256758252847e-18,7.314629561356696119e-02
7.459999999999999964e-01,2.944739851165357081e+00,7.632783294297951832e-18,7.255859124104321878e-02
7.479999999999999982e-01,1.631501674304935534e+00,1.908195823574487958e-18,7.197092942110816516e-02
7.500000000000000000e-01,2.944553040814991363e+00,1.249000902703301139e-17,7.138331571020865851e-02
7.520000000000000018e-01,1.632774847625906744e+00,3.057450126409122427e-18,7.079575565469192755e-02
7.540000000000000036e-01,1.633407941291810772e+00,6.245004513516505694e-18,7.020825479056647112e-02
7.560000000000000053e-01,1.634038700358310336e+00,4.857225732735059556e-18,6.962081864324552727e-02
7.580000000000000071e-01,1.634667120483666025e+00,1.040834085586084218e-18,6.903345272731667426e-02
7.600000000000000089e-01,2.944200170757111934e+00,3.989863994746656009e-18,6.844616254629544427e-02
7.620000000000000107e-01,1.635916926987960096e+00,1.415968037266068729e-17,6.785895359239173252e-02
7.640000000000000124e-01,2.944104390057278309e+00,6.245004513516505694e-18,6.727183134626932293e-02
7.660000000000000142e-01,1.637157327848633770e+00,1.734723475976807094e-18,6.668480127680570524e-02
7.680000000000000160e-01,2.944034361575853964e+00,2.602085213965210642e-17,6.609786884088132697e-02
7.700000000000000178e-01,2.944008967959318213e+00,2.359223927328457587e-17,6.551103948310833813e-02
7.720000000000000195e-01,2.943989968448651240e+00,2.584737979205442632e-17,6.492431863563513650e-02
7.740000000000000213e-01,1.639609787955691900e+00,3.469446951953614189e-18,6.433771171790467203e-02
7.760000000000000231e-01,2.943971092225188713e+00,9.020562075079397199e-18,6.375122413641372277e-02
7.780000000000000249e-01,2.943971185509150601e+00,1.335737076502141494e-17,6.316486128452150628e-02
7.800000000000000266e-01,1.641424219147666008e+00,1.318389841742373330e-17,6.257862854218926296e-02
7.820000000000000284e-01,2.943990359137357515e+00,1.526556658859590366e-17,6.199253127577957628e-02
7.840000000000000302e-01,2.944009408903362157e+00,7.719519468096791878e-18,6.140657483783023424e-02
7.860000000000000320e-01,2.944034746761628796e+00,1.838806884535415458e-17,6.082076456683416232e-02
7.880000000000000338e-01,2.944066357188455996e+00,4.440892098500626408e-17,6.023510578703175633e-02
7.900000000000000355e-01,2.944104224567832162e+00,2.289834988289385241e-17,5.964960380818274538e-02
7.920000000000000373e-01,2.944148333191908051e+00,1.275021754842953153e-17,5.906426392535203684e-02
7.940000000000000391e-01,2.944198667261979097e+00,1.387778780781445676e-17,5.847909141872390665e-02
7.960000000000000409e-01,1.646157582337256287e+00,1.387778780781445753e-18,5.789409155335564078e-02
7.980000000000000426e-01,2.944317948094855808e+00,1.522219850169648287e-17,5.730926957900300822e-02
8.000000000000000444e-01,1.647316907218421278e+00,3.339342691255353734e-18,5.672463072989210320e-02
8.020000000000000462e-01,2.944461938885904573e+00,2.324529457808921568e-17,5.614018022452575696e-02
8.040000000000000480e-01,2.944543160073951782e+00,1.405126015541213685e-17,5.555592326548888793e-02
8.060000000000000497e-01,2.944630510047437255e+00,3.469446951953614189e-18,5.497186503922537465e-02
8.080000000000000515e-01,2.944723972392282008e+00,4.770489558936219510e-18,5.438801071585293301e-02
8.100000000000000533e-01,2.944823530609143702e+00,2.983724378680108079e-17,5.380436544898785367e-02
8.120000000000000551e-01,1.650736929243596052e+00,2.428612866367529932e-17,5.322093437551358303e-02
8.140000000000000568e-01,1.651298459719622969e+00,2.359223927328457587e-17,5.263772261541647957e-02
8.160000000000000586e-01,2.945158614242984640e+00,2.255140518769849300e-18,5.205473527158462066e-02
8.180000000000000604e-01,1.652414241496444447e+00,3.625572064791526581e-17,5.147197742961435313e-02
8.200000000000000622e-01,2.945412176457610443e+00,2.064320936412400504e-17,5.088945415763874297e-02
8.220000000000000639e-01,1.653520307174680681e+00,5.030698080332740420e-18,5.030717050613291857e-02
8.240000000000000657e-01,2.945689719142466245e+00,9.194034422677077292e-18,4.972513150773614360e-02
8.260000000000000675e-01,2.945837440432953258e+00,1.665326066608262329e-17,4.914334217707176655e-02
8.280000000000000693e-01,2.945991105410538324e+00,3.122502256758252847e-18,4.856180751056621281e-02
8.300000000000000711e-01,2.946150696769391786e+00,7.112366251504908471e-18,4.798053248627822537e-02
8.320000000000000728e-01,2.946316197127883285e+00,2.151057110211240859e-17,4.739952206372142346e-02
8.339999999999999636e-01,2.946487589028446763e+00,5.621588264337340644e-18,4.681878118369427189e-02
8.359999999999999654e-01,2.946664854939164968e+00,5.377642775528102147e-18,4.623831476810647684e-02
8.379999999999999671e-01,1.657847202505735140e+00,1.075528555105620429e-17,4.565812771982567797e-02
8.399999999999999689e-01,2.947036938293416952e+00,5.551115123125783010e-18,4.507822492249013296e-02
8.419999999999999707e-01,1.658904545312289258e+00,1.526556658859590366e-17,4.449861124036275095e-02
8.439999999999999725e-01,2.947432305467902580e+00,1.422473250300981694e-17,4.391929151816505866e-02
8.459999999999999742e-01,2.947638675885377424e+00,4.163526924757469398e-18,4.334027058091689810e-02
8.479999999999999760e-01,1.660472252652837710e+00,1.960237527853792140e-17,4.276155323377966305e-02
8.499999999999999778e-01,1.660989938561314716e+00,2.767426045269249914e-18,4.218314426190649530e-02
8.519999999999999796e-01,2.948292318685130198e+00,3.816391647148975916e-18,4.160504843027934552e-02
8.539999999999999813e-01,2.948521649795488031e+00,2.393918396847993914e-17,4.102727048357221462e-02
8.559999999999999831e-01,1.662528344593741991e+00,2.788567987632717281e-17,4.044981514599300942e-02
8.579999999999999849e-01,1.663036262786029340e+00,3.469446951953614189e-18,3.987268712114106634e-02
8.599999999999999867e-01,1.663541739322589308e+00,1.769417945496343113e-17,3.929589109186251011e-02
8.619999999999999885e-01,2.949495738394126931e+00,1.006139616066548084e-17,3.871943172011354378e-02
8.639999999999999902e-01,2.949753359585976398e+00,7.285838599102590105e-18,3.814331364680691866e-02
8.659999999999999920e-01,1.665043522219676220e+00,3.469446951953614189e-18,3.756754149169969081e-02
8.679999999999999938e-01,2.950285391132805302e+00,1.925543058334255813e-17,3.699211985322492513e-02
8.699999999999999956e-01,1.666032509923905280e+00,6.938893903907228378e-18,3.641705330839571653e-02
8.719999999999999973e-01,2.950839683787803480e+00,9.367506770274758926e-18,3.584234641264439497e-02
8.739999999999999991e-01,1.667011742864829671e+00,6.245004513516505694e-18,3.526800369970442550e-02
8.760000000000000009e-01,1.667497703309571477e+00,1.253337711393243064e-17,3.469402968149409849e-02
8.780000000000000027e-01,1.667981227641359254e+00,3.469446951953614189e-18,3.412042884797631542e-02
8.800000000000000044e-01,1.668462316891080377e+00,6.591949208711866651e-18,3.354720566704638696e-02
8.820000000000000062e-01,2.952321819939214720e+00,2.602085213965210642e-18,3.297436458441205254e-02
8.840000000000000080e-01,2.952634621969014717e+00,2.775557561562891505e-18,3.240191002346870519e-02
8.860000000000000098e-01,1.669890985678183171e+00,9.410874857174178179e-18,3.182984638519670284e-02
8.880000000000000115e-01,2.953276448017104983e+00,3.058534328581608255e-17,3.125817804803639882e-02
8.900000000000000133e-01,1.670831278681554011e+00,1.578598363138894394e-17,3.068690936778369766e-02
8.920000000000000151e-01,1.671297783632152090e+00,1.565587937069068464e-17,3.011604467747660066e-02
8.940000000000000169e-01,2.954279453309185399e+00,1.422473250300981694e-17,2.954558828729745082e-02
8.960000000000000187e-01,2.954624448700091222e+00,2.931682674400803743e-17,2.897554448445998493e-02
8.980000000000000204e-01,2.954974741853686027e+00,3.001071613439876397e-17,2.840591753311182827e-02
9.000000000000000222e-01,1.673139564546662683e+00,7.632783294297951832e-18,2.783671167422577253e-02
9.020000000000000240e-01,1.673593959005842180e+00,3.816391647148975916e-18,2.726793112552503007e-02
9.040000000000000258e-01,1.674045937010397722e+00,4.510281037539698600e-18,2.669958008135746991e-02
9.060000000000000275e-01,1.674495500621322464e+00,2.949029909160571983e-18,2.613166271262440041e-02
9.080000000000000293e-01,2.956804989719685750e+00,6.938893903907228763e-19,2.556418316668048613e-02
9.100000000000000311e-01,1.675387393287905979e+00,2.380907970778167675e-17,2.499714556724599163e-02
9.120000000000000329e-01,1.675829726845194045e+00,2.081668171172168513e-17,2.443055401432390680e-02
9.140000000000000346e-01,1.676269655011445536e+00,1.387778780781445753e-18,2.386441258410071722e-02
9.160000000000000364e-01,2.958362545658131282e+00,1.127570259384924611e-17,2.329872532888962317e-02
9.180000000000000382e-01,1.677142304995506095e+00,1.947227101783965902e-17,2.273349627703365183e-02
9.200000000000000400e-01,1.677575031909785963e+00,1.942890293094023822e-17,2.216872943281623584e-02
9.220000000000000417e-01,1.678005363625274526e+00,0.000000000000000000e+00,2.160442877640934498e-02
9.240000000000000435e-01,1.678433302872072375e+00,2.428612866367529932e-17,2.104059826379849410e-02
9.260000000000000453e-01,2.960424103714023758e+00,2.879640970121500023e-17,2.047724182667713319e-02
9.280000000000000471e-01,1.679282015240083581e+00,8.153200337090993652e-18,1.991436337242013382e-02
9.300000000000000488e-01,1.679702794179373626e+00,1.821459649775647526e-18,1.935196678399128331e-02
9.320000000000000506e-01,1.680121192285053411e+00,4.857225732735059556e-18,1.879005591988524085e-02
9.340000000000000524e-01,1.680537212641777245e+00,1.769417945496343113e-17,1.822863461406233274e-02
9.360000000000000542e-01,1.680950858403541304e+00,1.925543058334255813e-17,1.766770667588965504e-02
9.380000000000000560e-01,1.681362132793061903e+00,7.979727989493312018e-18,1.710727589008126381e-02
9.400000000000000577e-01,1.681771039101150222e+00,1.214306433183764966e-17,1.654734601663893773e-02
9.420000000000000595e-01,1.682177580686580853e+00,4.166724474133354074e-18,1.598792079080111478e-02
9.440000000000000613e-01,2.964448235053625424e+00,3.564856743132338702e-17,1.542900392298630040e-02
9.460000000000000631e-01,1.682983583459396471e+00,4.857225732735059556e-18,1.487059909874462876e-02
9.480000000000000648e-01,1.683383051697475707e+00,1.526556658859590366e-17,1.431270997871099751e-02
9.500000000000000666e-01,1.683780169313749298e+00,8.467618967111789013e-18,1.375534019855171805e-02
9.520000000000000684e-01,1.684174939996772480e+00,5.204170427930421091e-19,1.319849336893164082e-02
9.540000000000000702e-01,1.684567367499965940e+00,3.053113317719180733e-17,1.264217307545595879e-02
9.560000000000000719e-01,1.684957455640557100e+00,4.857225732735059556e-18,1.208638287864409466e-02
9.580000000000000737e-01,1.685345208298691944e+00,4.169096166385666269e-18,1.153112631388209311e-02
9.599999999999999645e-01,1.685730629417530935e+00,1.179611963664228793e-17,1.097640689139116853e-02
9.619999999999999662e-01,1.686113723002314657e+00,1.561251128379126423e-18,1.042222809619042928e-02
9.639999999999999680e-01,1.686494493119496951e+00,1.665334536937734749e-17,9.868593388064545932e-03
9.659999999999999698e-01,1.686872943896648991e+00,1.214306433183764966e-17,9.315506201533990324e-03
9.679999999999999716e-01,1.687249079521791373e+00,1.908195823574487804e-17,8.762969945826913978e-03
9.699999999999999734e-01,1.687622904242900290e+00,6.938893903907228763e-19,8.210988004850580668e-03
9.719999999999999751e-01,1.687994422366546843e+00,1.179611963664228793e-17,7.659563737167960663e-03
9.739999999999999769e-01,1.688363638258362442e+00,1.561251128379126385e-17,7.108700475974476761e-03
9.759999999999999787e-01,1.688730556341862865e+00,5.204170427930421091e-19,6.558401529076397438e-03
9.779999999999999805e-01,1.689095181097954423e+00,6.245004513516505694e-18,6.008670178875130663e-03
9.799999999999999822e-01,1.689457517064397507e+00,4.336808689942017736e-18,5.459509682344942244e-03
9.819999999999999840e-01,1.689817568834982353e+00,1.665334536937734749e-17,4.910923271021722623e-03
9.839999999999999858e-01,1.690175341059635628e+00,2.602085213965210545e-19,4.362914150987780293e-03
9.859999999999999876e-01,1.690530838442494854e+00,4.163336342344336873e-18,3.815485502860452901e-03
9.879999999999999893e-01,1.690884065742800146e+00,1.526556658859590366e-17,3.268640481782779644e-03
9.899999999999999911e-01,1.691235027773238642e+00,1.040834085586084257e-17,2.722382217415610442e-03
9.919999999999999929e-01,1.691583729399759761e+00,2.636779683484746660e-17,2.176713813931759056e-03
9.939999999999999947e-01,1.691930175540885983e+00,9.020562075079397199e-18,1.631638350011722005e-03
9.959999999999999964e-01,1.692274371167084013e+00,1.804112415015879440e-17,1.087158878839341106e-03
9.979999999999999982e-01,1.692616321300352666e+00,1.387778780781445676e-17,5.432784281040444136e-04
1.000000000000000000e+00,2.979395676334414489e+00,6.245004513516505694e-18,2.106500081146020538e-16
1.002000000000000002e+00,1.693293505428755452e+00,8.153200337090993652e-18,5.426734287698294556e-04
1.004000000000000004e+00,1.693628749718868676e+00,2.038300084272748413e-18,1.084738906990511580e-03
1.006000000000000005e+00,1.693961769104806336e+00,1.769417945496343113e-17,1.626193508927903245e-03
1.008000000000000007e+00,1.694292568856223369e+00,1.561251128379126385e-17,2.167034334320754648e-03
1.010000000000000009e+00,1.694621154290135934e+00,5.204170427930421091e-19,2.707258508371278814e-03
1.012000000000000011e+00,1.694947530770985367e+00,4.510281037539698600e-18,3.246863181733923489e-03
1.014000000000000012e+00,1.695271703709295252e+00,3.035766082959412415e-18,3.785845530502339896e-03
1.016000000000000014e+00,1.695593678561792217e+00,2.359228162493193797e-17,4.324202756193863684e-03
1.018000000000000016e+00,1.695913460830023922e+00,4.163336342344336873e-18,4.861932085733672998e-03
1.020000000000000018e+00,1.696231056060458542e+00,1.491862189340054040e-17,5.399030771437902249e-03
1.022000000000000020e+00,1.696546469843244864e+00,2.697495005143935155e-17,5.935496090991811483e-03
1.024000000000000021e+00,1.696859707812194529e+00,1.249000902703301139e-17,6.471325347433734554e-03
1.026000000000000023e+00,1.697170775643737528e+00,1.769417945496343113e-17,7.006515869123063935e-03
1.028000000000000025e+00,1.697479679056492330e+00,1.630640067418198730e-17,7.541065009725525514e-03
1.030000000000000027e+00,1.697786423810462964e+00,5.551115123125783010e-18,8.074970148182208582e-03
1.032000000000000028e+00,1.698091015706548745e+00,1.561251128379126385e-17,8.608228688683855490e-03
1.034000000000000030e+00,1.698393460586206771e+00,1.457167719820518021e-17,9.140838060639993115e-03
1.036000000000000032e+00,1.698693764330247546e+00,3.382710778154773834e-17,9.672795718652255417e-03
1.038000000000000034e+00,1.698991932858636034e+00,6.938893903907228763e-19,1.020409914247951029e-02
1.040000000000000036e+00,1.699287972130026247e+00,9.020562075079397199e-18,1.073474583700236712e-02
1.042000000000000037e+00,1.699581888140393460e+00,4.553649124439118623e-18,1.126473333219665807e-02
1.044000000000000039e+00,1.699873686923623950e+00,1.400789206851271605e-17,1.179405918308841852e-02
1.046000000000000041e+00,1.700163374549429562e+00,7.806255641895631925e-18,1.232272096971919091e-02
1.048000000000000043e+00,2.994868444893906911e+00,1.179611963664228793e-17,1.285071629710849914e-02
1.050000000000000044e+00,1.700736440789363257e+00,3.989863994746656009e-18,1.337804279521107552e-02
1.052000000000000046e+00,1.701019831721129805e+00,1.804112415015879440e-17,1.390469811887812442e-02
1.054000000000000048e+00,1.701301136130137337e+00,1.804112415015879440e-17,1.443067994781018111e-02
1.056000000000000050e+00,1.701580360260628311e+00,6.288372600415925717e-18,1.495598598651401608e-02
1.058000000000000052e+00,1.701857510389160666e+00,1.942890293094023822e-17,1.548061396425783748e-02
1.060000000000000053e+00,1.702132592825808644e+00,4.857225732735059556e-18,1.600456163502313525e-02
1.062000000000000055e+00,1.702405613911114557e+00,1.734723475976807094e-18,1.652782677745555026e-02
1.064000000000000057e+00,1.702676580018049890e+00,2.647621705209601705e-17,1.705040719481632633e-02
1.066000000000000059e+00,1.702945497549393394e+00,8.321251673826246531e-18,1.757230071492978801e-02
1.068000000000000060e+00,1.703212372938111230e+00,1.942890293094023822e-17,1.809350519013226688e-02
1.070000000000000062e+00,1.703477212646443917e+00,3.469446951953614381e-19,1.861401849721703097e-02
1.072000000000000064e+00,3.003429038915632177e+00,7.632783294297951832e-18,1.913383853738062981e-02
1.074000000000000066e+00,1.704000811015820460e+00,2.428612866367529778e-18,1.965296323616656793e-02
1.076000000000000068e+00,1.704259582743134160e+00,1.986258379993444000e-17,2.017139054340769469e-02
1.078000000000000069e+00,1.704516344922176074e+00,8.326672684688673745e-18,2.068911843316741106e-02
1.080000000000000071e+00,3.006395713767933131e+00,3.287300986976049321e-17,2.120614490368079655e-02
1.082000000000000073e+00,1.705023867063250265e+00,1.734723475976807191e-19,2.172246797729596515e-02
1.084000000000000075e+00,1.705274640303912292e+00,1.517883041479706208e-18,2.223808570040505458e-02
1.086000000000000076e+00,1.705523430551643571e+00,2.748452507250753894e-18,2.275299614339023127e-02
1.088000000000000078e+00,1.705770244507299083e+00,1.821459649775647526e-18,2.326719740055278873e-02
1.090000000000000080e+00,1.706015088895426857e+00,8.326672684688673745e-18,2.378068759005211308e-02
1.092000000000000082e+00,1.706257970463067153e+00,3.187554387107382882e-18,2.429346485383714754e-02
1.094000000000000083e+00,1.706498895980359976e+00,6.938893903907228763e-19,2.480552735757999075e-02
1.096000000000000085e+00,1.706737872238985432e+00,4.163336342344336873e-18,2.531687329060658756e-02
1.098000000000000087e+00,3.013267393441156017e+00,3.122502256758252847e-18,2.582750086582745117e-02
1.100000000000000089e+00,1.707210004253781221e+00,2.081668171172168436e-18,2.633740831967228829e-02
1.102000000000000091e+00,1.707443173698248273e+00,2.602085213965210642e-18,2.684659391200218057e-02
1.104000000000000092e+00,1.707674421259259390e+00,3.469446951953614381e-19,2.735505592607338082e-02
1.106000000000000094e+00,1.707903753829942417e+00,8.372751277019307375e-18,2.786279266841134444e-02
1.108000000000000096e+00,3.017198295045544043e+00,5.767955557622883897e-18,2.836980246878099965e-02
1.110000000000000098e+00,1.708356701665039168e+00,6.938893903907228378e-18,2.887608368009317306e-02
1.112000000000000099e+00,1.708580330806494629e+00,9.616873269946424638e-18,2.938163467832983697e-02
1.114000000000000101e+00,3.019594278170545820e+00,6.418476861114186557e-18,2.988645386246706337e-02
1.116000000000000103e+00,1.709021934358098349e+00,2.775557561562891505e-18,3.039053965440766808e-02
1.118000000000000105e+00,1.709239922745581453e+00,1.335737076502141494e-17,3.089389049886980682e-02
1.120000000000000107e+00,1.709456044885058645e+00,5.421010862427522170e-20,3.139650486335630875e-02
1.122000000000000108e+00,1.709670307803630607e+00,5.204170427930421283e-18,3.189838123803308972e-02
1.124000000000000110e+00,1.709882718542512947e+00,1.526556658859590366e-17,3.239951813566967209e-02
1.126000000000000112e+00,1.710093284156954496e+00,1.040834085586084218e-18,3.289991409154636309e-02
1.128000000000000114e+00,3.025290522648354852e+00,1.422473250300981694e-17,3.339956766337839195e-02
1.130000000000000115e+00,3.026116043117168530e+00,1.353084311261909503e-17,3.389847743123016593e-02
1.132000000000000117e+00,1.710713981002658812e+00,1.392115589471387755e-17,3.439664199742278883e-02
1.134000000000000119e+00,3.027775709349651123e+00,1.457167719820518021e-17,3.489405998646834955e-02
1.136000000000000121e+00,1.711118683199519097e+00,2.424276057677587853e-17,3.539073004496275099e-02
1.138000000000000123e+00,1.711318326937860235e+00,2.637050734027868098e-17,3.588665084150952783e-02
1.140000000000000124e+00,3.030286468645487119e+00,3.469446951953614189e-18,3.638182106663229859e-02
1.142000000000000126e+00,3.031128977067957919e+00,3.469446951953614381e-19,3.687623943269308091e-02
1.144000000000000128e+00,1.711906514396343226e+00,3.712308238590366936e-17,3.736990467378014519e-02
1.146000000000000130e+00,1.712099019487531848e+00,4.163336342344336873e-18,3.786281554564574492e-02
1.148000000000000131e+00,3.033672986989961018e+00,2.346213501258631657e-17,3.835497082560331006e-02
1.150000000000000133e+00,3.034526418419146054e+00,1.700029006457271076e-17,3.884636931243722058e-02
1.152000000000000135e+00,3.035382530611228091e+00,4.857225732735059556e-18,3.933700982631382209e-02
1.153999999999999915e+00,3.036241303639034328e+00,5.811323644522303920e-18,3.982689120868589117e-02
1.155999999999999917e+00,3.037102717609604596e+00,7.806255641895631925e-18,4.031601232220810571e-02
1.157999999999999918e+00,1.713217199984374162e+00,2.094678597241994443e-17,4.080437205063294770e-02
1.159999999999999920e+00,3.038833388983901429e+00,2.289834988289385241e-17,4.129196929872670091e-02
1.161999999999999922e+00,3.039702606779750127e+00,2.428612866367529778e-18,4.177880299216549936e-02
1.163999999999999924e+00,1.713752925040221697e+00,8.239936510889833698e-18,4.226487207745959623e-02
1.165999999999999925e+00,3.041448707840709531e+00,9.540979117872439019e-18,4.275017552183024705e-02
1.167999999999999927e+00,3.042325551718153775e+00,2.185751579730776877e-17,4.323471231313753826e-02
1.169999999999999929e+00,3.043204898297188876e+00,4.293440603042597713e-18,4.371848145977083600e-02
1.171999999999999931e+00,1.714443432672933199e+00,5.290906601729261330e-18,4.420148199056057881e-02
1.173999999999999932e+00,3.044971021201034134e+00,5.442694905877232567e-18,4.468371295467670617e-02
1.175999999999999934e+00,3.045857758442950924e+00,1.040834085586084257e-17,4.516517342152868292e-02
1.177999999999999936e+00,3.046746920221487187e+00,1.526556658859590366e-17,4.564586248067578622e-02
1.179999999999999938e+00,1.715107173591448486e+00,1.387778780781445753e-18,4.612577924171499394e-02
1.181999999999999940e+00,3.048532439656812087e+00,2.567390744445674623e-17,4.660492283419787052e-02
1.183999999999999941e+00,3.049428758548746288e+00,7.806255641895631925e-18,4.708329240752053002e-02
1.185999999999999943e+00,3.050327424448274982e+00,1.422473250300981694e-17,4.756088713082546465e-02
1.187999999999999945e+00,3.051228418075178084e+00,1.621966450038314572e-17,4.803770619290735622e-02
1.189999999999999947e+00,3.052131720191347597e+00,4.163336342344336873e-18,4.851374880210721635e-02
1.191999999999999948e+00,3.053037311600643733e+00,1.387778780781445753e-18,4.898901418621095377e-02
1.193999999999999950e+00,1.716205707742389563e+00,6.938893903907228378e-18,4.946350159234692845e-02
1.195999999999999952e+00,3.054855285725400549e+00,2.532696274926138296e-17,4.993721028689012548e-02
1.197999999999999954e+00,3.055767630262486989e+00,1.231653667943532975e-17,5.041013955536263053e-02
1.199999999999999956e+00,1.716652465069667954e+00,4.163336342344336873e-18,5.088228870232019974e-02
1.201999999999999957e+00,3.057598939164066110e+00,1.734723475976807094e-17,5.135365705126061081e-02
1.203999999999999959e+00,1.716942433766661225e+00,1.353084311261909503e-17,5.182424394451081578e-02
1.205999999999999961e+00,3.059438948187622742e+00,2.359223927328457587e-17,5.229404874313364759e-02
1.207999999999999963e+00,1.717226174336598632e+00,5.377642775528102147e-18,5.276307082682622773e-02
1.209999999999999964e+00,1.717365727131682007e+00,1.817122841085705370e-17,5.323130959380268507e-02
1.211999999999999966e+00,1.717503744555152423e+00,3.122502256758252847e-18,5.369876446070277753e-02
1.213999999999999968e+00,1.717640233816972284e+00,2.914064389097914296e-17,5.416543486248109190e-02
1.215999999999999970e+00,1.717775202121522682e+00,3.968179951296946383e-18,5.463132025231178662e-02
1.217999999999999972e+00,1.717908656667276546e+00,2.428612866367529778e-18,5.509642010147013796e-02
1.219999999999999973e+00,1.718040604646837721e+00,4.510281037539698600e-18,5.556073389924608141e-02
1.221999999999999975e+00,3.066882977368235785e+00,3.989863994746656009e-18,5.602426115282271857e-02
1.223999999999999977e+00,3.067822622489924100e+00,3.816391647148975916e-18,5.648700138718099756e-02
1.225999999999999979e+00,3.068764237347656021e+00,7.784571598445921528e-18,5.694895414499111241e-02
1.227999999999999980e+00,3.069707803562030435e+00,5.583641188300347835e-18,5.741011898651236095e-02
1.229999999999999982e+00,3.070653302801883200e+00,6.071532165918824830e-18,5.787049548947837546e-02
1.231999999999999984e+00,3.071600716784672613e+00,4.743384504624081598e-21,5.833008324900042924e-02
1.233999999999999986e+00,3.072550027277163309e+00,1.387778780781445753e-18,5.878888187745918981e-02
1.235999999999999988e+00,1.719042812891970584e+00,1.717376241217039085e-17,5.924689100439679834e-02
1.237999999999999989e+00,3.074454265104252570e+00,3.295974604355933325e-18,5.970411027641435442e-02
1.239999999999999991e+00,3.075409156219929940e+00,1.422473250300981694e-17,6.016053935706389827e-02
1.241999999999999993e+00,3.076365871407459096e+00,1.233822072288504015e-17,6.061617792674342531e-02
1.243999999999999995e+00,3.077324392683253862e+00,8.131516293641283255e-20,6.107102568259473174e-02
1.245999999999999996e+00,3.078284702113553095e+00,2.151057110211240859e-17,6.152508233838695911e-02
1.247999999999999998e+00,1.719733697200396705e+00,5.204170427930421283e-18,6.197834762441775669e-02
1.250000000000000000e+00,3.080210613960412402e+00,9.726648739910582270e-18,6.243082128741348630e-02
1.252000000000000002e+00,3.081176180766201256e+00,1.179611963664228793e-17,6.288250309040685493e-02
1.254000000000000004e+00,3.082143464505508135e+00,7.979727989493312018e-18,6.333339281264964427e-02
1.256000000000000005e+00,3.083112447503065567e+00,2.393918396847993914e-17,6.378349024948859469e-02
1.258000000000000007e+00,1.720270878680583593e+00,5.898059818321143967e-18,6.423279521226940569e-02
1.260000000000000009e+00,1.720374193435127097e+00,1.333568672157170531e-18,6.468130752823278429e-02
1.262000000000000011e+00,1.720476150686426564e+00,1.214306433183764889e-18,6.512902704039985613e-02
1.264000000000000012e+00,1.720576757413837754e+00,1.769417945496343113e-17,6.557595360747127400e-02
1.266000000000000014e+00,1.720676020584253507e+00,1.014813233446432089e-17,6.602208710372192701e-02
1.268000000000000016e+00,3.088961046666312882e+00,1.367178939504221030e-17,6.646742741889173633e-02
1.270000000000000018e+00,1.720870544056552376e+00,6.938893903907228763e-19,6.691197445808122479e-02
1.272000000000000020e+00,1.720965818225820954e+00,1.606787619623517448e-17,6.735572814164669797e-02
1.274000000000000021e+00,3.091906870614385738e+00,6.245004513516505694e-18,6.779868840509006844e-02
1.276000000000000023e+00,1.721152425996262281e+00,1.127570259384924611e-17,6.824085519896304353e-02
1.278000000000000025e+00,3.093878408966563853e+00,1.630640067418198730e-17,6.868222848874316888e-02
1.280000000000000027e+00,3.094866423593748195e+00,4.336808689942017736e-18,6.912280825474900747e-02
1.282000000000000028e+00,3.095855912532055498e+00,8.329383190119888122e-18,6.956259449202921441e-02
1.284000000000000030e+00,3.096846858857611906e+00,1.040834085586084257e-17,7.000158721023802544e-02
1.286000000000000032e+00,1.721596279731272716e+00,1.539567084929416219e-18,7.043978643355659763e-02
1.288000000000000034e+00,1.721681219687567932e+00,5.537562595969714205e-18,7.087719220057310532e-02
1.290000000000000036e+00,3.099828273753475472e+00,2.428612866367529932e-17,7.131380456417987790e-02
1.292000000000000037e+00,1.721847323262633012e+00,1.393199791643873159e-18,7.174962359147050994e-02
1.294000000000000039e+00,3.101822862854316298e+00,1.422473250300981694e-17,7.218464936363905293e-02
1.296000000000000041e+00,1.722008436837406009e+00,2.602085213965210642e-17,7.261888197585603111e-02
1.298000000000000043e+00,3.103822880069452950e+00,1.179611963664228793e-17,7.305232153719201649e-02
1.300000000000000044e+00,3.104824882924635432e+00,1.422473250300981694e-17,7.348496817050217955e-02
1.302000000000000046e+00,1.722240868814637338e+00,1.322726650432315409e-17,7.391682201230438676e-02
1.304000000000000048e+00,3.106832795036309491e+00,2.634611279139775852e-18,7.434788321270066613e-02
1.306000000000000050e+00,1.722389742685383140e+00,8.326672684688673745e-18,7.477815193526132775e-02
1.308000000000000052e+00,3.108845806888338004e+00,5.549759870410175822e-18,7.520762835692715309e-02
1.310000000000000053e+00,1.722533814090340343e+00,6.245004513516505694e-18,7.563631266789141994e-02
1.312000000000000055e+00,3.110863788730688029e+00,5.377642775528102147e-18,7.606420507151971655e-02
1.314000000000000057e+00,3.111874603102842585e+00,1.170938346284344789e-17,7.649130578423021798e-02
1.316000000000000059e+00,1.722741032362510083e+00,3.469446951953614189e-18,7.691761503539037981e-02
1.318000000000000060e+00,3.113899798664313323e+00,2.133709875451472849e-17,7.734313306722599701e-02
1.320000000000000062e+00,1.722873328714058516e+00,8.284659850504860140e-18,7.776786013471187475e-02
1.322000000000000064e+00,3.115929643880175348e+00,9.020562075079397199e-18,7.819179650546184690e-02
1.324000000000000066e+00,3.116946270538713648e+00,1.908195823574487958e-18,7.861494245964720240e-02
1.326000000000000068e+00,1.723063130121033737e+00,2.862293735361731552e-18,7.903729828987519912e-02
1.328000000000000069e+00,1.723124118383733361e+00,1.205632815803880961e-17,7.945886430110039866e-02
1.330000000000000071e+00,1.723183977971356029e+00,2.359223927328457587e-17,7.987964081051468490e-02
1.332000000000000073e+00,3.121023771266990821e+00,3.816391647148975916e-18,8.029962814745179867e-02
1.334000000000000075e+00,3.122045817079834862e+00,3.989863994746656009e-18,8.071882665328282414e-02
1.336000000000000076e+00,3.123068900194397202e+00,2.289834988289385241e-17,8.113723668132920286e-02
1.338000000000000078e+00,1.723412257855535756e+00,2.775557561562891351e-17,8.155485859673887450e-02
1.340000000000000080e+00,3.125118116901512977e+00,6.938893903907228378e-18,8.197169277640313501e-02
1.342000000000000082e+00,3.126144219928775669e+00,1.101549407245272443e-17,8.238773960885986680e-02
1.344000000000000083e+00,3.127171299127549986e+00,1.075528555105620429e-17,8.280299949418386263e-02
1.346000000000000085e+00,3.128199339364419629e+00,6.938893903907228763e-19,8.321747284388660015e-02
1.348000000000000087e+00,3.129228325565327040e+00,4.163336342344336873e-18,8.363116008083516795e-02
1.350000000000000089e+00,3.130258242716335459e+00,1.301042606982605321e-17,8.404406163913219485e-02
1.352000000000000091e+00,1.723769765594305170e+00,8.332093695551100959e-18,8.445617796403552535e-02
1.354000000000000092e+00,3.132320810112425136e+00,4.163336342344336873e-18,8.486750951183960612e-02
1.356000000000000094e+00,3.133353430629535197e+00,7.632783294297951832e-18,8.527805674980687423e-02
1.358000000000000096e+00,3.134386922640976181e+00,1.110223024625156602e-17,8.568782015604871349e-02
1.360000000000000098e+00,3.135421271433209256e+00,9.540979117872439019e-18,8.609680021942975325e-02
1.362000000000000099e+00,3.136456462353123698e+00,2.775557561562891505e-18,8.650499743948543430e-02
1.364000000000000101e+00,3.137492480808042217e+00,3.816391647148975916e-18,8.691241232631098657e-02
1.366000000000000103e+00,3.138529312265681881e+00,3.989863994746656009e-18,8.731904540047510932e-02
1.368000000000000105e+00,3.139566942254326420e+00,1.127570259384924650e-18,8.772489719292084209e-02
1.370000000000000107e+00,3.140605356362806688e+00,1.247645649987694258e-17,8.812996824486932224e-02
1.372000000000000108e+00,3.141644540240632111e+00,2.255140518769849223e-17,8.853425910772999563e-02
1.374000000000000110e+00,3.142684479598134573e+00,7.459310946700270198e-18,8.893777034300054396e-02
1.376000000000000112e+00,3.143725160206274793e+00,2.862293735361731552e-18,8.934050252217597132e-02
1.378000000000000114e+00,3.144766567896908782e+00,1.803705839201197437e-17,8.974245622665318056e-02
1.380000000000000115e+00,3.145808688562798494e+00,7.632783294297951832e-18,9.014363204764593018e-02
1.382000000000000117e+00,1.724364818437944535e+00,1.409462824231155764e-18,9.054403058607375654e-02
1.384000000000000119e+00,3.147895012695679284e+00,5.898059818321143967e-18,9.094365245248380025e-02
1.386000000000000121e+00,1.724427362628663474e+00,3.469446951953614189e-18,9.134249826696545782e-02
1.388000000000000123e+00,1.724457206153324762e+00,1.353084311261909503e-17,9.174056865903300328e-02
1.390000000000000124e+00,3.151029497030918947e+00,2.775557561562891505e-18,9.213786426755901648e-02
1.392000000000000126e+00,3.152075602708610091e+00,2.624853459587406173e-17,9.253438574066956412e-02
1.394000000000000128e+00,3.153122324317999770e+00,1.932048271369168778e-17,9.293013373566198776e-02
1.396000000000000130e+00,3.154169648240053192e+00,5.377642775528102147e-18,9.332510891890533067e-02
1.398000000000000131e+00,3.155217560917082054e+00,7.979727989493312018e-18,9.371931196575745970e-02
1.400000000000000133e+00,3.156266048852355510e+00,1.734723475976807094e-17,9.411274356047555356e-02
1.402000000000000135e+00,3.157315098610434134e+00,1.561251128379126385e-17,9.450540439611544719e-02
1.404000000000000137e+00,3.158364696817152151e+00,1.006139616066548084e-17,9.489729517446607310e-02
1.406000000000000139e+00,3.159414830159375853e+00,1.662624031506520988e-17,9.528841660593588558e-02
1.407999999999999918e+00,1.724704639671983841e+00,1.222980050563648971e-17,9.567876940947929454e-02
1.409999999999999920e+00,3.161516649304839888e+00,1.231653667943532975e-17,9.606835431251005419e-02
1.411999999999999922e+00,3.162568308788250349e+00,1.109951974082035164e-17,9.645717205079884504e-02
1.413999999999999924e+00,3.163620450767925973e+00,0.000000000000000000e+00,9.684522336841344670e-02
1.415999999999999925e+00,3.164673062236719403e+00,6.591949208711866651e-18,9.723250901759858400e-02
1.417999999999999927e+00,3.165726130249371550e+00,2.307182223049153559e-17,9.761902975871948607e-02
1.419999999999999929e+00,3.166779641921859678e+00,2.081397120629047076e-17,9.800478636016028700e-02
1.421999999999999931e+00,3.167833584430594485e+00,7.041893110293351607e-18,9.838977959824436736e-02
1.423999999999999932e+00,3.168887945014452256e+00,5.898059818321143967e-18,9.877401025714321880e-02
1.425999999999999934e+00,1.724851274695954118e+00,9.194034422677077292e-18,9.915747912880808201e-02
1.427999999999999936e+00,1.724863304767136896e+00,1.040834085586084257e-17,9.954018701285970161e-02
1.429999999999999938e+00,1.724874502211335425e+00,1.144917494144692621e-17,9.992213471653160761e-02
1.431999999999999940e+00,3.173109315005023134e+00,2.324529457808921568e-17,1.003033230545705146e-01
1.433999999999999941e+00,1.724894420651679638e+00,2.515349040166370287e-17,1.006837528491589667e-01
1.435999999999999943e+00,3.175222181141174715e+00,2.220446049250313204e-17,1.010634249298386217e-01
1.437999999999999945e+00,1.724911072657185684e+00,1.908195823574487958e-18,1.014423401334074160e-01
1.439999999999999947e+00,1.724918186973280143e+00,1.387778780781445753e-18,1.018204993038665795e-01
1.441999999999999948e+00,1.724924500507380998e+00,2.082278034894191671e-17,1.021979032923197722e-01
1.443999999999999950e+00,3.179451781126708454e+00,3.816391647148975916e-18,1.025745529568999892e-01
1.445999999999999952e+00,3.180509915751558836e+00,1.404719439726531759e-18,1.029504491626893337e-01
1.447999999999999954e+00,1.724938688588913749e+00,1.270684946153011227e-17,1.033255927816355418e-01
1.449999999999999956e+00,3.182626982141371741e+00,1.923374653989284928e-17,1.036999846924745450e-01
1.451999999999999957e+00,1.724944238653137063e+00,1.040834085586084218e-18,1.040736257806543219e-01
1.453999999999999959e+00,1.724945856502422714e+00,1.730386667286865015e-17,1.044465169382569891e-01
1.455999999999999961e+00,3.185804395972869685e+00,3.031429274269470644e-17,1.048186590639074156e-01
1.457999999999999963e+00,3.186863970513403643e+00,1.726049858596922936e-17,1.051900530627161295e-01
1.459999999999999964e+00,3.187923743862009829e+00,1.664521385308370744e-17,1.055606998461882245e-01
1.461999999999999966e+00,3.188983704415043974e+00,1.110223024625156602e-17,1.059306003321498629e-01
1.463999999999999968e+00,1.724942576963094609e+00,1.144917494144692621e-17,1.062997554446747650e-01
1.465999999999999970e+00,1.724939682474683877e+00,2.636779683484746660e-17,1.066681661139974036e-01
1.467999999999999972e+00,3.192164594175059378e+00,4.857225732735059556e-18,1.070358332764630716e-01
1.469999999999999973e+00,3.193225188722486507e+00,8.673617379884035472e-18,1.074027578744185946e-01
1.471999999999999975e+00,3.194285913364360852e+00,2.081668171172168436e-18,1.077689408561633838e-01
1.473999999999999977e+00,3.195346756859857251e+00,8.333787761445609560e-18,1.081343831758661139e-01
1.475999999999999979e+00,3.196407708028532468e+00,5.898059818321143967e-18,1.084990857934883812e-01
1.477999999999999980e+00,3.197468755749286018e+00,1.214306433183764966e-17,1.088630496747187149e-01
1.479999999999999982e+00,3.198529888961763490e+00,6.245004513516505694e-18,1.092262757908928489e-01
1.481999999999999984e+00,1.724890493639268385e+00,3.469446951953614189e-18,1.095887651189262069e-01
1.483999999999999986e+00,1.724881163764209191e+00,2.983724378680108079e-17,1.099505186412370189e-01
1.485999999999999988e+00,3.201713691841089116e+00,2.376571162088225596e-17,1.103115373456772796e-01
1.487999999999999989e+00,3.202775057611917831e+00,8.153200337090993652e-18,1.106718222254659684e-01
1.489999999999999991e+00,3.203836454469062289e+00,1.179611963664228793e-17,1.110313742791075309e-01
1.491999999999999993e+00,1.724836981813957948e+00,8.326672684688673745e-18,1.113901945103337593e-01
1.493999999999999995e+00,3.205959298694580184e+00,2.012279232133096168e-17,1.117482839280250495e-01
1.495999999999999996e+00,1.724810839085961334e+00,6.982261990806649171e-18,1.121056435461440792e-01
1.497999999999999998e+00,3.208082139615786588e+00,3.556183125752454235e-18,1.124622743836686395e-01
1.500000000000000000e+00,3.209143532565150281e+00,6.933472893044801164e-18,1.128181774645198449e-01
1.502000000000000002e+00,3.210204893279955840e+00,4.347650711666872934e-18,1.131733538174971021e-01
1.504000000000000004e+00,3.211266211413979832e+00,2.107689023311820681e-17,1.135278044762008942e-01
1.506000000000000005e+00,3.212327476680226113e+00,9.706997575534281886e-18,1.138815304789902311e-01
1.508000000000000007e+00,3.213388678850012781e+00,1.110223024625156602e-17,1.142345328688816469e-01
1.510000000000000009e+00,3.214449807753934962e+00,9.540979117872439019e-18,1.145868126935062487e-01
1.512000000000000011e+00,3.215510853280797221e+00,1.491862189340054040e-17,1.149383710050403684e-01
1.514000000000000012e+00,3.216571805378423576e+00,1.670484497257040833e-17,1.152892088601326914e-01
1.516000000000000014e+00,1.724641079801379817e+00,9.107298248878237246e-18,1.156393273198480093e-01
1.518000000000000016e+00,1.724620632075748006e+00,1.965658538716219662e-17,1.159887274495921272e-01
1.520000000000000018e+00,3.219754001447979519e+00,5.204170427930421283e-18,1.163374103190595449e-01
1.522000000000000020e+00,3.220814480472355967e+00,6.938893903907228763e-19,1.166853770021593489e-01
1.524000000000000021e+00,1.724555625186251717e+00,1.283695372222837311e-17,1.170326285769582031e-01
1.526000000000000023e+00,1.724532749439163126e+00,1.040834085586084257e-17,1.173791661256136099e-01
1.528000000000000025e+00,3.223995021894280555e+00,5.551115123125783010e-18,1.177249907343141805e-01
1.530000000000000027e+00,3.225054871666685585e+00,1.318389841742373330e-17,1.180701034932151727e-01
1.532000000000000028e+00,1.724460561946127513e+00,5.551115123125783010e-18,1.184145054963799404e-01
1.534000000000000030e+00,1.724435326863336115e+00,9.714451465470119112e-18,1.187581978417100170e-01
1.536000000000000032e+00,3.228233295460043450e+00,2.081668171172168436e-18,1.191011816309017757e-01
1.538000000000000034e+00,3.229292363499618901e+00,6.906367838732663553e-18,1.194434579693636617e-01
1.540000000000000036e+00,3.230351212711164877e+00,6.245004513516505694e-18,1.197850279661731021e-01
1.542000000000000037e+00,3.231409833851248692e+00,1.942890293094023822e-17,1.201258927340104615e-01
1.544000000000000039e+00,3.232468217733424964e+00,1.249000902703301139e-17,1.204660533890991592e-01
1.546000000000000041e+00,3.233526355227590798e+00,2.179246366695863912e-17,1.208055110511503799e-01
1.548000000000000043e+00,3.234584237260200723e+00,1.406752318799941965e-18,1.211442668432997222e-01
1.550000000000000044e+00,3.235641854814842233e+00,2.970713952610282149e-17,1.214823218920540182e-01
1.552000000000000046e+00,3.236699198930958588e+00,9.194034422677077292e-18,1.218196773272313682e-01
1.554000000000000048e+00,3.237756260704522049e+00,1.249000902703301139e-17,1.221563342819045883e-01
1.556000000000000050e+00,3.238813031287946842e+00,8.673617379884035472e-18,1.224922938923429933e-01
1.558000000000000052e+00,1.724088505078910316e+00,2.675810961694225066e-17,1.228275572979579677e-01
1.560000000000000053e+00,1.724056059945336727e+00,1.491862189340054040e-17,1.231621256412486903e-01
1.562000000000000055e+00,3.241981508255847189e+00,1.752070710736575104e-17,1.234960000677419178e-01
1.564000000000000057e+00,1.723989594069159637e+00,9.714451465470119112e-18,1.238291817259405403e-01
1.566000000000000059e+00,3.244092210585851177e+00,2.671474153004282987e-17,1.241616717672666959e-01
1.568000000000000060e+00,1.723921053354988686e+00,1.595945597898662404e-17,1.244934713460116166e-01
1.570000000000000062e+00,3.246201540546362452e+00,4.510281037539698600e-18,1.248245816192733448e-01
1.572000000000000064e+00,3.247255669776215825e+00,9.540979117872439790e-19,1.251550037469149057e-01
1.574000000000000066e+00,3.248309430689168664e+00,1.353084311261909503e-17,1.254847388915008577e-01
1.576000000000000068e+00,3.249362814991521020e+00,2.385244779468109755e-18,1.258137882182510103e-01
1.578000000000000069e+00,3.250415814444014728e+00,3.903127820947815962e-18,1.261421528949835946e-01
1.580000000000000071e+00,1.723703289356315338e+00,1.387778780781445753e-18,1.264698340920668851e-01
1.582000000000000073e+00,1.723665264396139207e+00,4.579669314834280440e-17,1.267968329823691009e-01
1.584000000000000075e+00,3.253572422128510055e+00,2.526191061891225408e-18,1.271231507411991757e-01
1.586000000000000076e+00,1.723587764346337536e+00,1.936927181145353733e-17,1.274487885462667891e-01
1.588000000000000078e+00,1.723548296611873809e+00,1.387778780781445676e-17,1.277737475776248299e-01
1.590000000000000080e+00,1.723508355274660175e+00,1.335737076502141494e-17,1.280980290176238767e-01
1.592000000000000082e+00,3.257775354140569846e+00,8.673617379884035472e-18,1.284216340508543275e-01
1.594000000000000083e+00,3.258824984696232718e+00,8.467618967111789013e-18,1.287445638641106782e-01
1.596000000000000085e+00,1.723385725825238524e+00,1.084202172485504494e-20,1.290668196463336526e-01
1.598000000000000087e+00,3.260922868406968433e+00,2.463307335887065951e-17,1.293884025885573830e-01
1.600000000000000089e+00,3.261971106213618299e+00,5.149960319306146062e-18,1.297093138838774362e-01
1.602000000000000091e+00,1.723258963367364061e+00,2.487701884767989801e-17,1.300295547273884744e-01
1.604000000000000092e+00,3.264066135755800957e+00,1.040834085586084257e-17,1.303491263161409841e-01
1.606000000000000094e+00,1.723172206071403423e+00,9.887923813067800746e-18,1.306680298490966174e-01
1.608000000000000096e+00,1.723128163197809926e+00,1.023486850826316247e-17,1.309862665270840609e-01
1.610000000000000098e+00,1.723083682116207882e+00,3.469446951953614189e-18,1.313038375527442181e-01
1.612000000000000099e+00,3.268250201214879525e+00,1.214306433183764889e-18,1.316207441304937942e-01
1.614000000000000101e+00,3.269294925905143145e+00,3.217912047936977283e-17,1.319369874664737263e-01
1.616000000000000103e+00,1.722947643855540889e+00,7.979727989493312018e-18,1.322525687685082441e-01
1.618000000000000105e+00,3.271382774491286227e+00,4.510281037539698600e-18,1.325674892460582677e-01
1.620000000000000107e+00,3.272425884084139369e+00,1.144917494144692621e-17,1.328817501101757226e-01
1.622000000000000108e+00,1.722807784156312749e+00,2.797241605012601440e-17,1.331953525734631827e-01
1.624000000000000110e+00,1.722760330668126727e+00,1.402957611196242799e-17,1.335082978500309325e-01
1.626000000000000112e+00,3.275551869318714893e+00,9.020562075079397199e-18,1.338205871554460358e-01
1.628000000000000114e+00,3.276592726640380704e+00,1.422473250300981694e-17,1.341322217067002498e-01
1.630000000000000115e+00,1.722615515640587347e+00,3.469446951953614189e-18,1.344432027221588721e-01
1.632000000000000117e+00,3.278672693346766920e+00,2.012279232133096168e-17,1.347535314215230762e-01
1.634000000000000119e+00,3.279711789140378642e+00,5.204170427930421283e-18,1.350632090257909423e-01
1.636000000000000121e+00,1.722467087096230642e+00,9.367506770274758926e-18,1.353722367572091911e-01
1.638000000000000123e+00,3.281788172008369031e+00,8.326672684688673745e-18,1.356806158392348249e-01
1.640000000000000124e+00,1.722366170052985979e+00,4.336808689942017736e-18,1.359883474964991845e-01
1.642000000000000126e+00,3.283862099031917836e+00,4.510281037539698600e-18,1.362954329547602095e-01
1.644000000000000128e+00,3.284898125206357378e+00,1.058181320345852266e-17,1.366018734408674384e-01
1.646000000000000130e+00,1.722211910706739957e+00,9.822871682718669556e-18,1.369076701827235398e-01
1.648000000000000131e+00,1.722159734401099485e+00,9.367506770274758926e-18,1.372128244092371274e-01
1.650000000000000133e+00,3.288002376865026832e+00,2.220446049250313204e-17,1.375173373502953655e-01
1.652000000000000135e+00,3.289035830550396611e+00,1.734723475976807191e-19,1.378212102367148972e-01
1.654000000000000137e+00,1.722000979045994029e+00,2.775557561562891505e-18,1.381244443002127287e-01
1.656000000000000139e+00,1.721947328599178206e+00,5.117434254131581237e-18,1.384270407733587949e-01
1.658000000000000140e+00,1.721893317186133032e+00,1.259842924428156183e-17,1.387290008895469828e-01
1.660000000000000142e+00,3.293162993907841951e+00,1.405126015541213685e-17,1.390303258829525546e-01
1.662000000000000144e+00,3.294193091123638339e+00,1.734723475976807094e-17,1.393310169884996175e-01
1.664000000000000146e+00,3.295222498746607442e+00,3.816391647148975916e-18,1.396310754418185474e-01
1.665999999999999925e+00,1.721673721459971773e+00,2.497459704320359402e-17,1.399305024792168173e-01
1.667999999999999927e+00,1.721617949754868704e+00,1.248729852160179701e-17,1.402292993376375307e-01
1.669999999999999929e+00,1.721561834778199795e+00,3.122502256758252847e-18,1.405274672546270032e-01
1.671999999999999931e+00,1.721505379418466930e+00,2.654126918244514978e-17,1.408250074682973751e-01
1.673999999999999932e+00,3.300358985046308646e+00,7.285838599102590105e-18,1.411219212172933057e-01
1.675999999999999934e+00,1.721391459020239267e+00,2.515349040166370210e-18,1.414182097407596650e-01
1.677999999999999936e+00,3.302408546470182671e+00,1.672381851058890589e-17,1.417138742782994010e-01
1.679999999999999938e+00,1.721276211331659312e+00,1.006139616066548084e-17,1.420089160699498920e-01
1.681999999999999940e+00,3.304455163223934733e+00,9.715129091827923477e-18,1.423033363561399811e-01
1.683999999999999941e+00,1.721159658854979568e+00,1.110246318031206064e-17,1.425971363776645240e-01
1.685999999999999943e+00,1.721100900280305268e+00,4.510281037539698600e-18,1.428903173756455036e-01
1.687999999999999945e+00,3.307519469463361617e+00,1.943771207359168418e-17,1.431828805915014158e-01
1.689999999999999947e+00,3.308539384555423624e+00,2.083294474430896832e-17,1.434748272669171820e-01
1.691999999999999948e+00,3.309558530473797333e+00,1.507041019754851202e-18,1.437661586438072070e-01
1.693999999999999950e+00,1.720862714488749390e+00,2.480654570646834268e-17,1.440568759642882057e-01
1.695999999999999952e+00,1.720802393736345692e+00,0.000000000000000000e+00,1.443469804706457860e-01
1.697999999999999954e+00,1.720741768632624513e+00,1.734723475976807094e-17,1.446364734053026957e-01
1.699999999999999956e+00,1.720680841834557384e+00,7.936359902593892765e-18,1.449253560107885419e-01
1.701999999999999957e+00,1.720619615983405737e+00,7.632783294297951832e-18,1.452136295297121182e-01
1.703999999999999959e+00,1.720558093704141811e+00,5.551115123125783010e-18,1.455012952047234631e-01
1.705999999999999961e+00,1.720496277606304858e+00,1.873501354054951785e-17,1.457883542784917663e-01
1.707999999999999963e+00,1.720434170282889141e+00,7.806255641895631925e-18,1.460748079936733113e-01
1.709999999999999964e+00,1.720371774312074109e+00,1.734723475976807191e-19,1.463606575928803888e-01
1.711999999999999966e+00,3.319706532391002440e+00,1.371515748194163109e-17,1.466459043186529032e-01
1.713999999999999968e+00,1.720246126660111230e+00,7.979727989493312018e-18,1.469305494134321710e-01
1.715999999999999970e+00,1.720182880056672303e+00,2.909998630951093654e-17,1.472145941195269481e-01
1.717999999999999972e+00,1.720119354960903735e+00,1.470178145890343951e-17,1.474980396790902815e-01
1.719999999999999973e+00,1.720055553872771981e+00,8.673617379884035472e-18,1.477808873340909213e-01
1.721999999999999975e+00,1.719991479277538815e+00,5.074066167232160443e-18,1.480631383262824563e-01
1.723999999999999977e+00,3.325756036041330077e+00,6.938893903907228378e-18,1.483447938971763636e-01
1.725999999999999979e+00,1.719862519428595249e+00,1.387778780781445753e-18,1.486258552880249384e-01
1.727999999999999980e+00,1.719797639069149398e+00,1.665571706162965891e-17,1.489063237397730000e-01
1.729999999999999982e+00,3.328769322978502032e+00,1.231653667943532975e-17,1.491862004930548657e-01
1.731999999999999984e+00,3.329772022715065560e+00,4.163336342344336873e-18,1.494654867881515803e-01
1.733999999999999986e+00,3.330773850336839814e+00,2.775557561562891505e-18,1.497441838649748169e-01
1.735999999999999988e+00,3.331774801410286813e+00,2.177077962350893027e-17,1.500222929630344593e-01
1.737999999999999989e+00,1.719469329455279194e+00,2.428612866367529778e-18,1.502998153214162025e-01
1.739999999999999991e+00,1.719402902628896612e+00,2.801578413702543211e-17,1.505767521787565455e-01
1.741999999999999993e+00,1.719336226319413186e+00,3.816391647148975916e-18,1.508531047732173391e-01
1.743999999999999995e+00,1.719269302848225323e+00,7.719519468096791878e-18,1.511288743424586967e-01
1.745999999999999996e+00,1.719202134522387126e+00,1.066854937725736425e-17,1.514040621236211748e-01
1.747999999999999998e+00,1.719134723634745399e+00,4.380176776841437759e-18,1.516786693532925778e-01
1.750000000000000000e+00,1.719067072463346335e+00,2.856872724499304338e-18,1.519526972674922483e-01
1.752000000000000002e+00,1.718999183272451603e+00,2.628106066104862810e-17,1.522261471016410350e-01
1.754000000000000004e+00,1.718931058312147542e+00,7.502679033599690991e-18,1.524990200905430027e-01
1.756000000000000005e+00,3.341735155719522510e+00,7.632783294297951832e-18,1.527713174683586472e-01
1.758000000000000007e+00,1.718794110012996867e+00,1.279358563532895309e-18,1.530430404685831081e-01
1.760000000000000009e+00,1.718725291104043151e+00,1.734723475976807191e-19,1.533141903240267390e-01
1.762000000000000011e+00,3.344705456156102485e+00,5.551115123125783010e-18,1.535847682667842995e-01
1.764000000000000012e+00,3.345693692713069822e+00,3.469446951953614381e-19,1.538547755282225760e-01
1.766000000000000014e+00,1.718517481627067411e+00,9.020562075079397199e-18,1.541242133389524593e-01
1.768000000000000016e+00,1.718447768106798890e+00,8.673617379884035472e-18,1.543930829288085727e-01
1.770000000000000018e+00,1.718377836315845286e+00,1.249000902703301139e-17,1.546613855268293147e-01
1.772000000000000020e+00,1.718307688380114939e+00,3.191891195797324807e-17,1.549291223612327129e-01
1.774000000000000021e+00,1.718237326412047850e+00,1.075528555105620429e-17,1.551962946593991033e-01
1.776000000000000023e+00,1.718166752510274620e+00,1.179611963664228793e-17,1.554629036478467341e-01
1.778000000000000025e+00,1.718095968760621872e+00,4.163336342344336873e-18,1.557289505522140016e-01
1.780000000000000027e+00,1.718024977235256046e+00,2.393918396847993914e-17,1.559944365972384950e-01
1.782000000000000028e+00,1.717953779993507624e+00,8.847089727481715565e-18,1.562593630067358186e-01
1.784000000000000030e+00,1.717882379081014932e+00,2.012279232133096168e-17,1.565237310035822726e-01
1.786000000000000032e+00,1.717810776531134564e+00,3.469446951953614189e-18,1.567875418096915940e-01
1.788000000000000034e+00,1.717738974363761884e+00,1.578598363138894394e-17,1.570507966459988025e-01
1.790000000000000036e+00,3.358454045825350676e+00,6.245004513516505694e-18,1.573134967324403277e-01
1.792000000000000037e+00,1.717594779192058496e+00,2.081668171172168436e-18,1.575756432879337476e-01
1.794000000000000039e+00,1.717522390163239265e+00,1.249000902703301139e-17,1.578372375303602748e-01
1.796000000000000041e+00,3.361375387766614153e+00,2.029626466892864177e-17,1.580982806765468818e-01
1.798000000000000043e+00,1.717377039063521238e+00,9.410874857174178179e-18,1.583587739422469276e-01
1.800000000000000044e+00,3.363317982111432514e+00,5.547388178157863627e-18,1.586187185421208679e-01
1.802000000000000046e+00,1.717230936885179915e+00,3.816391647148975916e-18,1.588781156897239033e-01
1.804000000000000048e+00,1.717157608961279891e+00,3.122502256758252847e-18,1.591369665974801395e-01
1.806000000000000050e+00,1.717084099026397581e+00,1.908195823574487804e-17,1.593952724766724283e-01
1.808000000000000052e+00,1.717010408974534386e+00,1.279358563532895309e-18,1.596530345374220783e-01
1.810000000000000053e+00,3.368156898649509401e+00,6.938893903907228763e-19,1.599102539886689822e-01
1.812000000000000055e+00,1.716862496033552787e+00,2.289834988289385241e-17,1.601669320381650108e-01
1.814000000000000057e+00,1.716788276870957475e+00,5.589062199162775049e-18,1.604230698924411780e-01
1.816000000000000059e+00,1.716713885044704568e+00,8.673617379884035472e-19,1.606786687568088901e-01
1.818000000000000060e+00,1.716639322387788269e+00,3.690624195140656847e-17,1.609337298353300250e-01
1.820000000000000062e+00,1.716564590721741723e+00,8.153200337090993652e-18,1.611882543308090499e-01
1.822000000000000064e+00,1.716489691855521471e+00,1.561251128379126385e-17,1.614422434447730648e-01
1.824000000000000066e+00,1.716414627587020902e+00,5.204170427930421283e-18,1.616956983774593681e-01
1.826000000000000068e+00,3.375846175272286587e+00,2.220446049250313204e-17,1.619486203277970549e-01
1.828000000000000069e+00,1.716264009974459270e+00,2.602085213965210642e-17,1.622010104933956087e-01
1.830000000000000071e+00,1.716188460167092700e+00,1.040834085586084218e-18,1.624528700705237805e-01
1.832000000000000073e+00,1.716112752030955590e+00,8.120674271916428827e-18,1.627042002541020660e-01
1.834000000000000075e+00,1.716036887305310898e+00,1.457167719820518021e-17,1.629550022376836382e-01
1.836000000000000076e+00,1.715960867718411720e+00,2.862293735361731552e-18,1.632052772134406637e-01
1.838000000000000078e+00,1.715884694986968384e+00,2.012279232133096168e-17,1.634550263721503138e-01
1.840000000000000080e+00,3.382519803083379628e+00,1.111103938890301044e-17,1.637042509031811921e-01
1.842000000000000082e+00,1.715731896900603459e+00,1.040834085586084218e-18,1.639529519944795677e-01
1.844000000000000083e+00,1.715655274922841755e+00,3.295974604355933325e-18,1.642011308325541652e-01
1.846000000000000085e+00,1.715578506554908955e+00,4.900593819634480350e-18,1.644487886024641188e-01
1.848000000000000087e+00,1.715501593457613438e+00,1.457167719820518021e-17,1.646959264878076201e-01
1.850000000000000089e+00,3.387255018960356523e+00,2.649790109554572898e-17,1.649425456707021842e-01
1.852000000000000091e+00,1.715347339663352955e+00,2.775557561562891505e-18,1.651886473317804582e-01
1.854000000000000092e+00,1.715270002233186375e+00,5.594483210025203034e-18,1.654342326501693217e-01
1.856000000000000094e+00,1.715192526607573598e+00,3.122502256758252847e-18,1.656793028034833359e-01
1.858000000000000096e+00,1.715114914392877665e+00,2.775557561562891505e-18,1.659238589678084796e-01
1.860000000000000098e+00,1.715037167184949141e+00,9.367506770274758926e-18,1.661679023176940717e-01
1.862000000000000099e+00,1.714959286568983998e+00,2.428612866367529778e-18,1.664114340261348968e-01
1.864000000000000101e+00,1.714881274119324672e+00,1.448494102440633862e-17,1.666544552645627120e-01
1.866000000000000103e+00,1.714803131399978753e+00,9.367506770274758926e-18,1.668969672028377260e-01
1.868000000000000105e+00,1.714724859964672277e+00,1.036497276896142177e-17,1.671389710092285041e-01
1.870000000000000107e+00,1.714646461356455376e+00,4.835541689285349930e-18,1.673804678504092480e-01
1.872000000000000108e+00,1.714567937108292028e+00,7.502679033599690991e-18,1.676214588914429482e-01
1.874000000000000110e+00,1.714489288742591100e+00,1.040834085586084218e-18,1.678619452957719749e-01
1.876000000000000112e+00,1.714410517771653986e+00,1.457167719820518021e-17,1.681019282252084746e-01
1.878000000000000114e+00,1.714331625697795403e+00,3.881443777498105566e-18,1.683414088399245168e-01
1.880000000000000115e+00,1.714252614013030751e+00,1.925543058334255813e-17,1.685803882984336366e-01
1.882000000000000117e+00,1.714173484199207564e+00,3.122502256758252847e-18,1.688188677575918895e-01
1.884000000000000119e+00,1.714094237728339465e+00,3.469446951953614381e-19,1.690568483725787274e-01
1.886000000000000121e+00,1.714014876062798010e+00,1.634976876108140810e-17,1.692943312968900327e-01
1.888000000000000123e+00,1.713935400654410302e+00,1.040834085586084218e-18,1.695313176823300960e-01
1.890000000000000124e+00,1.713855812945734414e+00,1.387778780781445676e-17,1.697678086789972118e-01
1.892000000000000126e+00,1.713776114369341741e+00,1.439820485060750012e-17,1.700038054352787376e-01
1.894000000000000128e+00,1.713696306347966214e+00,1.734723475976807094e-18,1.702393090978377710e-01
1.896000000000000130e+00,1.713616390294941283e+00,2.289834988289385241e-17,1.704743208116066278e-01
1.898000000000000131e+00,1.713536367613830436e+00,3.469446951953614381e-19,1.707088417197752395e-01
1.900000000000000133e+00,1.713456239698821548e+00,1.069023342070707310e-17,1.709428729637834932e-01
1.902000000000000135e+00,3.411441274101655097e+00,1.457167719820518021e-17,1.711764156833117390e-01
1.904000000000000137e+00,1.713295673695910182e+00,3.469446951953614381e-19,1.714094710162725188e-01
1.906000000000000139e+00,1.713215238348858804e+00,9.367506770274758926e-18,1.716420400987997974e-01
1.908000000000000140e+00,1.713134703249838964e+00,3.122502256758252847e-18,1.718741240652466862e-01
1.910000000000000142e+00,1.713054069745705732e+00,9.887923813067800746e-18,1.721057240481664585e-01
1.912000000000000144e+00,1.712973339174833853e+00,1.034328872551171292e-17,1.723368411783144372e-01
1.914000000000000146e+00,1.712892512865817451e+00,9.714451465470119112e-18,1.725674765846345604e-01
1.916000000000000147e+00,1.712811592138326233e+00,9.974659986866640793e-18,1.727976313942521658e-01
1.918000000000000149e+00,1.712730578302853246e+00,2.775557561562891351e-17,1.730273067324679115e-01
1.919999999999999929e+00,1.712649472661077255e+00,7.632783294297951832e-18,1.732565037227469518e-01
1.921999999999999931e+00,1.712568276505667342e+00,1.600282406588604483e-17,1.734852234867136356e-01
1.923999999999999932e+00,1.712486991120353963e+00,5.551115123125783010e-18,1.737134671441467604e-01
1.925999999999999934e+00,1.712405617779925393e+00,2.402592014227877764e-17,1.739412358129634739e-01
1.927999999999999936e+00,1.712324157750487075e+00,2.793175846865780721e-18,1.741685306092216334e-01
1.929999999999999938e+00,1.712242612289397670e+00,3.469446951953614381e-19,1.743953526471073989e-01
1.931999999999999940e+00,3.425052691186419196e+00,2.286853432315050351e-17,1.746217030389295710e-01
1.933999999999999941e+00,1.712079270058140423e+00,3.816391647148975916e-18,1.748475828951139566e-01
1.935999999999999943e+00,1.711997475759410747e+00,1.595941892129518413e-17,1.750729933241942926e-01
1.937999999999999945e+00,1.711915600971753548e+00,2.454633718507182100e-17,1.752979354328080830e-01
1.939999999999999947e+00,1.711833646909706630e+00,1.561251128379126423e-18,1.755224103256875223e-01
1.941999999999999948e+00,1.711751614779359443e+00,2.511012231476428208e-17,1.757464191056557767e-01
1.943999999999999950e+00,1.711669505777759781e+00,1.511377828444793243e-17,1.759699628736209054e-01
1.945999999999999952e+00,1.711587321094484082e+00,1.561251128379126385e-17,1.761930427285660905e-01
1.947999999999999954e+00,1.711505061910244763e+00,2.012279232133096168e-17,1.764156597675478888e-01
1.949999999999999956e+00,3.433096649592076943e+00,1.921206249644313734e-17,1.766378150856869056e-01
1.951999999999999957e+00,1.711340324721327022e+00,2.324529457808921568e-17,1.768595097761677670e-01
1.953999999999999959e+00,1.711257849037302492e+00,5.724587470723463103e-18,1.770807449302238268e-01
1.955999999999999961e+00,1.711175303493867261e+00,2.751163012681967501e-18,1.773015216371415792e-01
1.957999999999999963e+00,1.711092689231271891e+00,1.387778780781445676e-17,1.775218409842505007e-01
1.959999999999999964e+00,1.711010007381574383e+00,2.758210326803123342e-17,1.777417040569168050e-01
1.961999999999999966e+00,1.710927259069006112e+00,8.847089727481715565e-18,1.779611119385396401e-01
1.963999999999999968e+00,1.710844445409708925e+00,1.734723475976807094e-18,1.781800657105489794e-01
1.965999999999999970e+00,1.710761567512019354e+00,4.857225732735059556e-18,1.783985664523953241e-01
1.967999999999999972e+00,1.710678626477033504e+00,5.377642775528102147e-18,1.786166152415467334e-01
1.969999999999999973e+00,1.710595623397246356e+00,2.151057110211240859e-17,1.788342131534883805e-01
1.971999999999999975e+00,1.710512559357681539e+00,7.979727989493312018e-18,1.790513612617111727e-01
1.973999999999999977e+00,1.710429435435806056e+00,9.367506770274758926e-18,1.792680606377105024e-01
1.975999999999999979e+00,1.710346252701562264e+00,5.551115123125783010e-18,1.794843123509823613e-01
1.977999999999999980e+00,1.710263012217232870e+00,8.673617379884035472e-19,1.797001174690173730e-01
1.979999999999999982e+00,1.710179715037508430e+00,3.816391647148975916e-18,1.799154770572999329e-01
1.981999999999999984e+00,1.710096362209416299e+00,1.144917494144692621e-17,1.801303921793001861e-01
1.983999999999999986e+00,1.710012954772775373e+00,1.491862189340054040e-17,1.803448638964683937e-01
1.985999999999999988e+00,1.709929493760125041e+00,1.457167719820518021e-17,1.805588932682386238e-01
1.987999999999999989e+00,1.709845980196252668e+00,5.204170427930421283e-18,1.807724813520194262e-01
1.989999999999999991e+00,1.709762415099195465e+00,1.875669758399922748e-18,1.809856292031889191e-01
1.991999999999999993e+00,1.709678799478890454e+00,3.816391647148975916e-18,1.811983378750966489e-01
1.993999999999999995e+00,1.709595134339057410e+00,2.114194236346733646e-18,1.814106084190494628e-01
1.995999999999999996e+00,1.709511420675486448e+00,3.747002708109903570e-17,1.816224418843262745e-01
1.997999999999999998e+00,1.709427659477150030e+00,1.162264728904460784e-17,1.818338393181534729e-01
2.000000000000000000e+00,1.709343851725634522e+00,1.075528555105620429e-17,1.820448017657188555e-01
2.002000000000000224e+00,1.709259998396106539e+00,8.326672684688673745e-18,1.822553302701566680e-01
2.004000000000000004e+00,1.709176100455998437e+00,2.445960101127297941e-17,1.824654258725522948e-01
2.006000000000000227e+00,1.709092158866351241e+00,1.866996141020038512e-17,1.826750896119353207e-01
2.008000000000000007e+00,1.709008174580812778e+00,1.439820485060750012e-17,1.828843225252782256e-01
2.010000000000000231e+00,1.708924148546579147e+00,2.033963275582806257e-17,1.830931256474915558e-01
2.012000000000000011e+00,1.708840081703769442e+00,1.582935171828836474e-17,1.833015000114216198e-01
2.014000000000000234e+00,1.708755974985702863e+00,5.551115123125783010e-18,1.835094466478550956e-01
2.016000000000000014e+00,1.708671829319122537e+00,1.869164545365009706e-17,1.837169665854996858e-01
2.018000000000000238e+00,1.708587645623847351e+00,5.431852884152377368e-18,1.839240608510027131e-01
2.020000000000000018e+00,1.708503424813116567e+00,2.023121253857951212e-17,1.841307304689306645e-01
2.022000000000000242e+00,1.708419167793707061e+00,7.892991815694471971e-18,1.843369764617799889e-01
2.024000000000000021e+00,1.708334875465492786e+00,9.194034422677077292e-18,1.845427998499636069e-01
2.026000000000000245e+00,1.708250548722077156e+00,9.638557313396135035e-18,1.847482016518177672e-01
2.028000000000000025e+00,1.708166188450512379e+00,8.673617379884035472e-18,1.849531828835972447e-01
2.030000000000000249e+00,1.708081795531079194e+00,4.857225732735059556e-18,1.851577445594692894e-01
2.032000000000000028e+00,1.707997370838075568e+00,9.714451465470119112e-18,1.853618876915189562e-01
2.034000000000000252e+00,1.707912915239155893e+00,5.204170427930421283e-18,1.855656132897413046e-01
2.036000000000000032e+00,1.707828429595640074e+00,1.526793828084821509e-17,1.857689223620420660e-01
2.038000000000000256e+00,1.707743914762758664e+00,2.081668171172168436e-18,1.859718159142361160e-01
2.040000000000000036e+00,1.707659371589180353e+00,1.968911145233675991e-17,1.861742949500449495e-01
2.042000000000000259e+00,1.707574800917495139e+00,7.979727989493312018e-18,1.863763604710959032e-01
2.044000000000000039e+00,1.707490203584097088e+00,1.734723475976807094e-18,1.865780134769198240e-01
2.046000000000000263e+00,1.707405580419170121e+00,4.336808689942017736e-18,1.867792549649520961e-01
2.048000000000000043e+00,1.707320932246897627e+00,2.088173384207081478e-17,1.869800859305270624e-01
2.049999999999999822e+00,1.707236259885345220e+00,5.551115123125783010e-18,1.871805073668811048e-01
2.052000000000000046e+00,1.707151564146315081e+00,1.144917494144692621e-17,1.873805202651480650e-01
2.053999999999999826e+00,1.707066845836095581e+00,1.863743534502582184e-17,1.875801256143622142e-01
2.056000000000000050e+00,1.706982105754470069e+00,1.075528555105620429e-17,1.877793244014497875e-01
2.057999999999999829e+00,1.706897344695871510e+00,4.336808689942017736e-18,1.879781176112398366e-01
2.060000000000000053e+00,1.706812563448256270e+00,5.442694905877232567e-18,1.881765062264513233e-01
2.061999999999999833e+00,1.706727762794205461e+00,1.474514954580286030e-17,1.883744912276985872e-01
2.064000000000000057e+00,1.706642943509990573e+00,1.596106534158640844e-17,1.885720735934889314e-01
2.065999999999999837e+00,1.706558106366806271e+00,6.591949208711866651e-18,1.887692543002270074e-01
2.068000000000000060e+00,1.706473252129431017e+00,3.469446951953614189e-18,1.889660343221997441e-01
2.069999999999999840e+00,1.706388381557143674e+00,1.257674520083185143e-17,1.891624146315959432e-01
2.072000000000000064e+00,1.706303495403989956e+00,1.734723475976807094e-18,1.893583961984884878e-01
2.073999999999999844e+00,1.706218594417698853e+00,1.046797197534754500e-17,1.895539799908452783e-01
2.076000000000000068e+00,1.706133679340812392e+00,6.938893903907228378e-18,1.897491669745222931e-01
2.077999999999999847e+00,1.706048750910181155e+00,1.249000902703301139e-17,1.899439581132635613e-01
2.080000000000000071e+00,1.705963809857124147e+00,1.353084311261909503e-17,1.901383543687082123e-01
2.081999999999999851e+00,1.705878856907649066e+00,1.630640067418198730e-17,1.903323567003784578e-01
2.084000000000000075e+00,1.705793892782043741e+00,3.678223632792854383e-17,1.905259660656898335e-01
2.085999999999999854e+00,1.705708918195515622e+00,1.760744328116459262e-17,1.907191834199459812e-01
2.088000000000000078e+00,1.705623933857278729e+00,1.214306433183764966e-17,1.909120097163412022e-01
2.089999999999999858e+00,1.705538940471893028e+00,4.770489558936219510e-18,1.911044459059549616e-01
2.092000000000000082e+00,1.705453938738010322e+00,3.469446951953614381e-19,1.912964929377609924e-01
2.093999999999999861e+00,1.705368929349596385e+00,9.107298248878237246e-18,1.914881517586187465e-01
2.096000000000000085e+00,1.705283912994758566e+00,4.510281037539698600e-18,1.916794233132795566e-01
2.097999999999999865e+00,1.705198890356701469e+00,2.840067590825778742e-17,1.918703085443848044e-01
2.100000000000000089e+00,1.705113862113528000e+00,2.827599265842195687e-17,1.920608083924631726e-01
2.101999999999999869e+00,1.705028828937773966e+00,6.591949208711866651e-18,1.922509237959384443e-01
2.104000000000000092e+00,1.704943791497445460e+00,1.379105163401561671e-17,1.924406556911214261e-01
2.105999999999999872e+00,1.704858750455041871e+00,1.561251128379126385e-17,1.926300050122179697e-01
2.108000000000000096e+00,1.704773706467975103e+00,2.082718492026763969e-17,1.928189726913225599e-01
2.109999999999999876e+00,1.704688660188928395e+00,1.370431546021677666e-17,1.930075596584241993e-01
2.112000000000000099e+00,1.704603612265316315e+00,2.463307335887065951e-17,1.931957668414048812e-01
2.113999999999999879e+00,1.704518563339838977e+00,1.385745901708035355e-18,1.933835951660437258e-01
2.116000000000000103e+00,1.704433514050045062e+00,1.942890293094023822e-17,1.935710455560059606e-01
2.117999999999999883e+00,1.704348465028644455e+00,1.856154119295183468e-17,1.937581189328612674e-01
2.120000000000000107e+00,1.704263416903632589e+00,1.283695372222837311e-17,1.939448162160715416e-01
2.121999999999999886e+00,1.704178370297881884e+00,7.806255641895631925e-18,1.941311383229947229e-01
2.124000000000000110e+00,1.704093325829830974e+00,1.387778780781445753e-18,1.943170861688913731e-01
2.125999999999999890e+00,1.704008284112802585e+00,2.225596009569619289e-17,1.945026606669142677e-01
2.128000000000000114e+00,1.703923245755600391e+00,7.871307772244761575e-18,1.946878627281230234e-01
2.129999999999999893e+00,1.703838211362135979e+00,2.848876733477223465e-17,1.948726932614736340e-01
2.132000000000000117e+00,1.703753181531808991e+00,1.040834085586084257e-17,1.950571531738277409e-01
2.133999999999999897e+00,1.703668156859361460e+00,1.664216453447359011e-17,1.952412433699477201e-01
2.136000000000000121e+00,1.703583137934614911e+00,1.144917494144692621e-17,1.954249647525006794e-01
2.137999999999999901e+00,1.703498125343354985e+00,7.632783294297951832e-18,1.956083182220617889e-01
2.140000000000000124e+00,1.703413119666201681e+00,5.117434254131581237e-18,1.957913046771101451e-01
2.141999999999999904e+00,1.703328121479824375e+00,3.083470978548774364e-17,1.959739250140362654e-01
2.144000000000000128e+00,1.703243131355680617e+00,1.387778780781445753e-18,1.961561801271393402e-01
2.145999999999999908e+00,1.703158149861444315e+00,7.199102425303750058e-18,1.963380709086282594e-01
2.148000000000000131e+00,1.703073177559907947e+00,7.112366251504908471e-18,1.965195982486243886e-01
2.149999999999999911e+00,1.702988215009707318e+00,5.551115123125783010e-18,1.967007630351677583e-01
2.152000000000000135e+00,1.702903262764991155e+00,4.150868017360753972e-17,1.968815661542080986e-01
2.153999999999999915e+00,1.702818321375371369e+00,8.673617379884035472e-18,1.970620084896164692e-01
2.156000000000000139e+00,1.702733391386480832e+00,1.108054620280185562e-17,1.972420909231802078e-01
2.157999999999999918e+00,1.702648473339337443e+00,8.326672684688673745e-18,1.974218143346083421e-01
2.160000000000000142e+00,1.702563567770933872e+00,1.474514954580286030e-17,1.976011796015313404e-01
2.161999999999999922e+00,1.702478675213725978e+00,2.338624086051232941e-17,1.977801875995051084e-01
2.164000000000000146e+00,1.702393796196123077e+00,8.311764904816997751e-18,1.979588392020089072e-01
2.165999999999999925e+00,1.702308931242594525e+00,3.718813451625280209e-17,1.981371352804498776e-01
2.168000000000000149e+00,1.702224080872646539e+00,4.162658715986533278e-18,1.983150767041663709e-01
2.169999999999999929e+00,1.702139245602591444e+00,8.328027937404280934e-18,1.984926643404247848e-01
2.172000000000000153e+00,1.702054425943973825e+00,3.469446951953614381e-19,1.986698990544263632e-01
2.173999999999999932e+00,1.701969622404757132e+00,2.341876692568689732e-18,1.988467817093072243e-01
2.176000000000000156e+00,1.701884835488254311e+00,1.647987302177966740e-17,1.990233131661408306e-01
2.177999999999999936e+00,1.701800065694325070e+00,4.683753385137379463e-18,1.991994942839367122e-01
2.180000000000000160e+00,1.701715313518548101e+00,1.283695372222837311e-17,1.993753259196489880e-01
2.181999999999999940e+00,1.701630579452213965e+00,4.857225732735059556e-18,1.995508089281717301e-01
2.184000000000000163e+00,1.701545863983373152e+00,5.724587470723463103e-18,1.997259441623458753e-01
2.185999999999999943e+00,1.701461167595638813e+00,2.428612866367529778e-18,1.999007324729605573e-01
2.188000000000000167e+00,1.701376490768716110e+00,6.591949208711866651e-18,2.000751747087501642e-01
2.189999999999999947e+00,1.701291833978601176e+00,2.634611279139775852e-18,2.002492717164047475e-01
2.192000000000000171e+00,1.701207197697431894e+00,1.275021754842953153e-17,2.004230243405667189e-01
2.193999999999999950e+00,1.701122582393526983e+00,8.153200337090993652e-18,2.005964334238351521e-01
2.196000000000000174e+00,1.701037988531492573e+00,1.374768354711619592e-17,2.007694998067640901e-01
2.197999999999999954e+00,3.534314907594705346e+00,3.989863994746656009e-18,2.009422243278734532e-01
2.200000000000000178e+00,1.700868866970925097e+00,2.471980953266950110e-17,2.011146078236437651e-01
2.201999999999999957e+00,1.700784340182909915e+00,1.409462824231155764e-18,2.012866511285195670e-01
2.204000000000000181e+00,1.700699836656909270e+00,3.243932900076629143e-17,2.014583550749139695e-01
2.205999999999999961e+00,1.700615356838788728e+00,7.112366251504908471e-18,2.016297204932122333e-01
2.208000000000000185e+00,1.700530901170761666e+00,6.938893903907228378e-18,2.018007482117694928e-01
2.209999999999999964e+00,1.700446470091232953e+00,1.205632815803880961e-17,2.019714390569179729e-01
2.212000000000000188e+00,1.700362064035171983e+00,7.459310946700270198e-18,2.021417938529659619e-01
2.213999999999999968e+00,1.700277683434059384e+00,1.847480501915299617e-17,2.023118134222034736e-01
2.216000000000000192e+00,1.700193328715553065e+00,2.810252031082427370e-17,2.024814985849035243e-01
2.217999999999999972e+00,1.700109000303950069e+00,2.450296909817240021e-17,2.026508501593211053e-01
2.220000000000000195e+00,1.700024698620218544e+00,5.724587470723463103e-18,2.028198689617032868e-01
2.221999999999999975e+00,1.699940424081194834e+00,8.782037597132585915e-18,2.029885558062860529e-01
2.224000000000000199e+00,1.699856177100972587e+00,8.673617379884035472e-18,2.031569115052984653e-01
2.225999999999999979e+00,1.699771958089744572e+00,9.367506770274758926e-18,2.033249368689669656e-01
2.228000000000000203e+00,1.699687767454481246e+00,3.924811864397526051e-17,2.034926327055116557e-01
2.229999999999999982e+00,1.699603605598870359e+00,1.555830117516698863e-17,2.036599998211623685e-01
2.232000000000000206e+00,1.699519472922855101e+00,6.808789643208967537e-18,2.038270390201437354e-01
2.233999999999999986e+00,1.699435369823220299e+00,2.287124482858171480e-17,2.039937511046962804e-01
2.236000000000000210e+00,1.699351296693663471e+00,1.561251128379126423e-18,2.041601368750637080e-01
2.237999999999999989e+00,1.699267253924030996e+00,7.625329404362113064e-18,2.043261971295064205e-01
2.240000000000000213e+00,1.699183241901337738e+00,2.775557561562891505e-18,2.044919326642971880e-01
2.241999999999999993e+00,1.699099261009259010e+00,1.474514954580285992e-18,2.046573442737286141e-01
2.244000000000000217e+00,1.699015311628016889e+00,1.006139616066548084e-17,2.048224327501139697e-01
2.245999999999999996e+00,1.698931394134838513e+00,1.775923158531256386e-17,2.049871988837921599e-01
2.248000000000000220e+00,1.698847508903650549e+00,4.052747720750815698e-17,2.051516434631259489e-01
2.250000000000000000e+00,1.698763656305271041e+00,2.116362640691704532e-17,2.053157672745122286e-01
2.252000000000000224e+00,1.698679836707103874e+00,1.218643241873707045e-17,2.054795711023762461e-01
2.254000000000000004e+00,1.698596050473732078e+00,1.075528555105620429e-17,2.056430557291824002e-01
2.256000000000000227e+00,1.698512297966416895e+00,1.734723475976807094e-17,2.058062219354326039e-01
2.258000000000000007e+00,1.698428579543591610e+00,1.691355389077386879e-18,2.059690704996728627e-01
2.260000000000000231e+00,1.698344895560204293e+00,3.191891195797324807e-17,2.061316021984917202e-01
2.262000000000000011e+00,1.698261246368495847e+00,3.469446951953614381e-19,2.062938178065262251e-01
2.264000000000000234e+00,1.698177632317523944e+00,1.491862189340054040e-17,2.064557180964661787e-01
2.266000000000000014e+00,1.698094053753344213e+00,2.428612866367529778e-18,2.066173038390528016e-01
2.268000000000000238e+00,1.698010511019031554e+00,6.776263578034402713e-18,2.067785758030883658e-01
2.270000000000000018e+00,1.697927004454591327e+00,1.734723475976807191e-19,2.069395347554325859e-01
2.272000000000000242e+00,1.697843534397449616e+00,2.289834988289385241e-17,2.071001814610106129e-01
2.274000000000000021e+00,1.697760101181625458e+00,5.898059818321143967e-18,2.072605166828135892e-01
2.276000000000000245e+00,1.697676705138214004e+00,1.040927259210282260e-17,2.074205411819036726e-01
2.278000000000000025e+00,1.697593346595979824e+00,6.938893903907228763e-19,2.075802557174147300e-01
2.280000000000000249e+00,1.697510025880209383e+00,8.673617379884035472e-18,2.077396610465585824e-01
2.282000000000000028e+00,1.697426743313677378e+00,4.237062090073351451e-17,2.078987579246255879e-01
2.284000000000000252e+00,1.697343499216071194e+00,3.122502256758252847e-18,2.080575471049908864e-01
2.286000000000000032e+00,1.697260293904449213e+00,2.775557561562891505e-18,2.082160293391125128e-01
2.288000000000000256e+00,1.697177127693286991e+00,7.025630077706068424e-18,2.083742053765415825e-01
2.290000000000000036e+00,1.697094000893546450e+00,1.387778780781445676e-17,2.085320759649197941e-01
2.292000000000000259e+00,1.697010913814303024e+00,7.979727989493312018e-18,2.086896418499859795e-01
2.294000000000000039e+00,1.696927866761328119e+00,1.734723475976807094e-18,2.088469037755779634e-01
2.296000000000000263e+00,1.696844860037579394e+00,5.117434254131581237e-18,2.090038624836354497e-01
2.298000000000000043e+00,1.696761893944035648e+00,1.052760309483424744e-17,2.091605187142065170e-01
2.300000000000000266e+00,1.696678968778101648e+00,2.220446049250313204e-17,2.093168732054459524e-01
2.302000000000000046e+00,1.696596084835032769e+00,2.155936019987425505e-17,2.094729266936225520e-01
2.304000000000000270e+00,1.696513242407384325e+00,1.639313684798082581e-17,2.096286799131220902e-01
2.306000000000000050e+00,1.696430441784819720e+00,1.075528555105620429e-17,2.097841335964496234e-01
2.307999999999999829e+00,1.696347683254710859e+00,2.975050761300223920e-17,2.099392884742329879e-01
2.310000000000000053e+00,1.696264967101587473e+00,1.275021754842953153e-17,2.100941452752241034e-01
2.311999999999999833e+00,1.696182293607691349e+00,2.003605614753212317e-17,2.102487047263097153e-01
2.314000000000000057e+00,1.696099663052311968e+00,6.245004513516505694e-18,2.104029675525068699e-01
2.315999999999999837e+00,1.696017075712383360e+00,1.948311303956451345e-17,2.105569344769678553e-01
2.318000000000000060e+00,1.695934531862338446e+00,6.245004513516505694e-18,2.107106062209888053e-01
2.319999999999999840e+00,1.695852031774084168e+00,2.636779683484746660e-17,2.108639835040066746e-01
2.322000000000000064e+00,1.695769575717026356e+00,9.367506770274758926e-18,2.110170670436061213e-01
2.323999999999999844e+00,1.695687163958076837e+00,2.365729140363370552e-17,2.111698575555248925e-01
2.326000000000000068e+00,1.695604796761720934e+00,5.030698080332740420e-18,2.113223557536521857e-01
2.327999999999999847e+00,1.695522474389875356e+00,1.266348137463069148e-17,2.114745623500357274e-01
2.330000000000000071e+00,1.695440197102158209e+00,3.122502256758252847e-18,2.116264780548838265e-01
2.331999999999999851e+00,1.695357965155803726e+00,2.428612866367529778e-18,2.117781035765714248e-01
2.334000000000000075e+00,1.695275778805470424e+00,1.162264728904460784e-17,2.119294396216405141e-01
2.335999999999999854e+00,1.695193638303667427e+00,1.457167719820518021e-17,2.120804868948046595e-01
2.338000000000000078e+00,1.695111543900342355e+00,1.734723475976807094e-18,2.122312460989551341e-01
2.339999999999999858e+00,1.695029495843073164e+00,1.405126015541213685e-17,2.123817179351581985e-01
2.342000000000000082e+00,1.694947494377498032e+00,1.318389841742373330e-17,2.125319031026663141e-01
2.343999999999999861e+00,1.694865539746331251e+00,2.923009057020920201e-17,2.126818022989162560e-01
2.346000000000000085e+00,1.694783632190763001e+00,2.064320936412400504e-17,2.128314162195344972e-01
2.347999999999999865e+00,1.694701771948665225e+00,5.377642775528102147e-18,2.129807455583424824e-01
2.350000000000000089e+00,1.694619959256563391e+00,9.714451465470119112e-18,2.131297910073575719e-01
2.351999999999999869e+00,1.694538194348378823e+00,1.561251128379126385e-17,2.132785532567974818e-01
2.354000000000000092e+00,3.588977066897353296e+00,1.509209424099822049e-17,2.134270329950857525e-01
2.355999999999999872e+00,1.694374808808024824e+00,1.494030593685025233e-17,2.135752309088507495e-01
2.358000000000000096e+00,1.694293188632709501e+00,3.642919299551295052e-18,2.137231476829357102e-01
2.359999999999999876e+00,1.694211617154721239e+00,7.806255641895631925e-18,2.138707840003954697e-01
2.362000000000000099e+00,1.694130094596971503e+00,2.324529457808921568e-17,2.140181405425072014e-01
2.363999999999999879e+00,1.694048621180044734e+00,2.775557561562891505e-18,2.141652179887685858e-01
2.366000000000000103e+00,1.693967197122759671e+00,2.081668171172168436e-18,2.143120170169042493e-01
2.367999999999999883e+00,1.693885822641462369e+00,4.163336342344336873e-18,2.144585383028682346e-01
2.370000000000000107e+00,1.693804497950580412e+00,7.285838599102590105e-18,2.146047825208478588e-01
2.371999999999999886e+00,1.693723223262207256e+00,1.006139616066548084e-17,2.147507503432670439e-01
2.374000000000000110e+00,1.693641998786482361e+00,9.540979117872439019e-18,2.148964424407927565e-01
2.375999999999999890e+00,1.693560824731626724e+00,4.239230494418322491e-18,2.150418594823333696e-01
2.378000000000000114e+00,1.693479701303392204e+00,1.266348137463069148e-17,2.151870021350487661e-01
2.379999999999999893e+00,1.693398628706116682e+00,1.596043006687596771e-17,2.153318710643485900e-01
2.382000000000000117e+00,1.693317607141317183e+00,4.217546450968612094e-18,2.154764669338978533e-01
2.383999999999999897e+00,1.693236636809022144e+00,1.552577510999242226e-17,2.156207904056224034e-01
2.386000000000000121e+00,1.693155717907220748e+00,5.290906601729261330e-18,2.157648421397101723e-01
2.387999999999999901e+00,1.693074850631873574e+00,1.734723475976807191e-19,2.159086227946177827e-01
2.390000000000000124e+00,1.692994035176724310e+00,7.285838599102590105e-18,2.160521330270687990e-01
2.391999999999999904e+00,1.692913271733807790e+00,8.673617379884035954e-20,2.161953734920645520e-01
2.394000000000000128e+00,1.692832560493283012e+00,2.602085213965210642e-18,2.163383448428803091e-01
2.395999999999999908e+00,1.692751901643099188e+00,1.153591111524576779e-17,2.164810477310776804e-01
2.398000000000000131e+00,1.692671295369461149e+00,9.367506770274758926e-18,2.166234828065009277e-01
2.399999999999999911e+00,1.692590741856506042e+00,1.283695372222837311e-17,2.167656507172837366e-01
2.402000000000000135e+00,1.692510241286704797e+00,1.496198998029996119e-17,2.169075521098546289e-01
2.403999999999999915e+00,1.692429793840613428e+00,2.671474153004282987e-17,2.170491876289356026e-01
2.406000000000000139e+00,1.692349399696695400e+00,3.816391647148975916e-18,2.171905579175504863e-01
2.407999999999999918e+00,1.692269059031673351e+00,2.077331362482226434e-17,2.173316636170283256e-01
2.410000000000000142e+00,1.692188772020628562e+00,7.025630077706068424e-18,2.174725053670041042e-01
2.411999999999999922e+00,1.692108538836421872e+00,1.637145280453111657e-18,2.176130838054278760e-01
2.414000000000000146e+00,1.692028359650361580e+00,2.426444462022559047e-17,2.177533995685607404e-01
2.415999999999999925e+00,1.691948234631801995e+00,1.665334536937734749e-17,2.178934532909860555e-01
2.418000000000000149e+00,1.691868163948583970e+00,2.307182223049153559e-17,2.180332456056091883e-01
2.419999999999999929e+00,1.691788147766537520e+00,2.363560736018399666e-17,2.181727771436607899e-01
2.422000000000000153e+00,1.691708186249805124e+00,1.043544591017298018e-17,2.183120485347065931e-01
2.423999999999999932e+00,1.691628279560422499e+00,6.938131574254699815e-18,2.184510604066391415e-01
2.426000000000000156e+00,1.691548427859324022e+00,6.998525023393930813e-18,2.185898133856981063e-01
2.427999999999999936e+00,1.691468631305177439e+00,3.989863994746656009e-18,2.187283080964571302e-01
2.430000000000000160e+00,1.691388890055250727e+00,3.243932900076629143e-17,2.188665451618381497e-01
2.431999999999999940e+00,1.691309204264850763e+00,1.387778780781445753e-18,2.190045252031143919e-01
2.434000000000000163e+00,1.691229574087746101e+00,1.752070710736575104e-17,2.191422488399094592e-01
2.435999999999999943e+00,1.691149999676124338e+00,2.428612866367529778e-18,2.192797166902067940e-01
2.438000000000000167e+00,1.691070481180261709e+00,3.485709984540896601e-18,2.194169293703472079e-01
2.439999999999999947e+00,1.690991018748803754e+00,7.827939685345342322e-18,2.195538874950368480e-01
2.442000000000000171e+00,1.690911612528875452e+00,6.765421556309547514e-18,2.196905916773512490e-01
2.443999999999999950e+00,1.690832262666098984e+00,1.231653667943532975e-17,2.198270425287380814e-01
2.446000000000000174e+00,1.690752969303883191e+00,1.305379415672547400e-17,2.199632406590195655e-01
2.447999999999999954e+00,1.690673732584848210e+00,2.428612866367529778e-18,2.200991866763983840e-01
2.450000000000000178e+00,1.690594552649343996e+00,9.887923813067800746e-18,2.202348811874596801e-01
2.451999999999999957e+00,1.690515429636306521e+00,6.938893903907228378e-18,2.203703247971753321e-01
2.454000000000000181e+00,1.690436363683257781e+00,1.058181320345852266e-17,2.205055181089116134e-01
2.455999999999999961e+00,1.690357354926117495e+00,5.204170427930421283e-18,2.206404617244245858e-01
2.458000000000000185e+00,1.690278403498865600e+00,1.678344963007560987e-17,2.207751562438714510e-01
2.459999999999999964e+00,1.690199509534579647e+00,2.255140518769849300e-18,2.209096022658121050e-01
2.462000000000000188e+00,1.690120673164230425e+00,9.714451465470119112e-18,2.210438003872096380e-01
2.463999999999999968e+00,1.690041894517694487e+00,9.020562075079397199e-18,2.211777512034406035e-01
2.466000000000000192e+00,1.689963173722819789e+00,2.151870261840604864e-17,2.213114553082921598e-01
2.467999999999999972e+00,1.689884510906619397e+00,5.724587470723463103e-18,2.214449132939712572e-01
2.470000000000000195e+00,1.689805906194052909e+00,1.327063459122257489e-17,2.215781257511022229e-01
2.471999999999999975e+00,1.689727359708637522e+00,2.428612866367529778e-18,2.217110932687380020e-01
2.474000000000000199e+00,1.689648871572835276e+00,2.081668171172168436e-18,2.218438164343590757e-01
2.475999999999999979e+00,1.689570441907363829e+00,1.053844511655910341e-17,2.219762958338777625e-01
2.478000000000000203e+00,1.689492070831210668e+00,1.526556658859590366e-17,2.221085320516418826e-01
2.479999999999999982e+00,1.689413758462581683e+00,6.245004513516505694e-18,2.222405256704415577e-01
2.482000000000000206e+00,1.689335504917643505e+00,2.168404344971008868e-19,2.223722772715084062e-01
2.483999999999999986e+00,1.689257310311365501e+00,1.873501354054951785e-17,2.225037874345207889e-01
2.486000000000000210e+00,1.689179174757555302e+00,1.665351477596679897e-17,2.226350567376112199e-01
2.487999999999999989e+00,1.689101098367945752e+00,1.196959198423996957e-17,2.227660857573652009e-01
2.490000000000000213e+00,1.689023081253868241e+00,7.806255641895631925e-18,2.228968750688262723e-01
2.491999999999999993e+00,1.688945123524380421e+00,2.775557561562891505e-18,2.230274252455042849e-01
2.494000000000000217e+00,1.688867225287328466e+00,1.859406725812640104e-17,2.231577368593704869e-01
2.495999999999999996e+00,1.688789386649837354e+00,6.938893903907228378e-18,2.232878104808680986e-01
2.498000000000000220e+00,1.688711607716921748e+00,1.569924745759010544e-17,2.234176466789146442e-01
2.500000000000000000e+00,1.688633888592580234e+00,1.734723475976807094e-17,2.235472460209040890e-01
2.502000000000000224e+00,1.688556229379443607e+00,9.696833180167230282e-18,2.236766090727126399e-01
2.504000000000000004e+00,1.688478630178753548e+00,9.367506770274758926e-18,2.238057363987007997e-01
2.506000000000000227e+00,1.688401091090749873e+00,1.713039432527097006e-17,2.239346285617181409e-01
2.508000000000000007e+00,1.688323612213679326e+00,4.510281037539698600e-18,2.240632861231066364e-01
2.510000000000000231e+00,1.688246193645234428e+00,2.324529457808921568e-17,2.241917096427037959e-01
2.512000000000000011e+00,1.688168835481448582e+00,3.122502256758252847e-18,2.243198996788465516e-01
2.514000000000000234e+00,1.688091537817165033e+00,1.821459649775647526e-18,2.244478567883771425e-01
2.516000000000000014e+00,1.688014300745916074e+00,1.595945597898662404e-17,2.245755815266438915e-01
2.518000000000000238e+00,1.687937124359834229e+00,1.387778780781445753e-18,2.247030744475070896e-01
2.520000000000000018e+00,1.687860008750131868e+00,3.255588073430848193e-17,2.248303361033398284e-01
2.522000000000000242e+00,1.687782954006621594e+00,4.510281037539698600e-18,2.249573670450372154e-01
2.524000000000000021e+00,1.687705960217950718e+00,1.214306433183764966e-17,2.250841678220136810e-01
2.526000000000000245e+00,1.687629027471118093e+00,1.058181320345852266e-17,2.252107389822097239e-01
2.528000000000000025e+00,1.687552155852532820e+00,3.469446951953614381e-19,2.253370810720951856e-01
2.530000000000000249e+00,1.687475345447143837e+00,4.464744546295307383e-17,2.254631946366744688e-01
2.532000000000000028e+00,1.687398596338489654e+00,1.994931997373328004e-18,2.255890802194899514e-01
2.534000000000000252e+00,1.687321908609121124e+00,7.806255641895631925e-18,2.257147383626224579e-01
2.536000000000000032e+00,1.687245282340569474e+00,6.939698585207120579e-18,2.258401696066970887e-01
2.538000000000000256e+00,1.687168717612799185e+00,7.459310946700270198e-18,2.259653744908881046e-01
2.540000000000000036e+00,1.687092214505028664e+00,6.266688556966215320e-18,2.260903535529214248e-01
2.542000000000000259e+00,1.687015773094888260e+00,4.167402100491157668e-18,2.262151073290779302e-01
2.544000000000000039e+00,1.686939393459265801e+00,1.676176558662589793e-17,2.263396363541992640e-01
2.546000000000000263e+00,1.686863075673688428e+00,1.526556658859590366e-17,2.264639411616854170e-01
2.548000000000000043e+00,1.686786819812486016e+00,7.632783294297951832e-18,2.265880222835077451e-01
2.550000000000000266e+00,1.686710625949114473e+00,1.058181320345852266e-17,2.267118802502074704e-01
2.552000000000000046e+00,1.686634494155704544e+00,7.979727989493312018e-18,2.268355155908943765e-01
2.554000000000000270e+00,1.686558424503449061e+00,4.022932161007464326e-17,2.269589288332609645e-01
2.556000000000000050e+00,1.686482417062396877e+00,1.162264728904460784e-17,2.270821205035785106e-01
2.558000000000000274e+00,1.686406471901239712e+00,4.423544863740857783e-18,2.272050911267028128e-01
2.560000000000000053e+00,1.686330589088015586e+00,8.673617379884035472e-18,2.273278412260787973e-01
2.561999999999999833e+00,1.686254768689384065e+00,1.634976876108140810e-17,2.274503713237419344e-01
2.564000000000000057e+00,1.686179010770878506e+00,1.353084311261909503e-17,2.275726819403259271e-01
2.565999999999999837e+00,1.686103315397517122e+00,9.454242944073598973e-18,2.276947735950612395e-01
2.568000000000000060e+00,1.686027682632534663e+00,1.760744328116459262e-17,2.278166468057815919e-01
2.569999999999999840e+00,1.685952112538661396e+00,6.953801683778904372e-18,2.279383020889289291e-01
2.572000000000000064e+00,1.685876605177245580e+00,1.222980050563648971e-17,2.280597399595533370e-01
2.573999999999999844e+00,1.685801160608821903e+00,1.452830911130575980e-18,2.281809609313185383e-01
2.576000000000000068e+00,1.685725778892841475e+00,5.204170427930421283e-18,2.283019655165053341e-01
2.577999999999999847e+00,1.685650460087781966e+00,2.107689023311820681e-17,2.284227542260176269e-01
2.580000000000000071e+00,1.685575204251080095e+00,1.457167719820518021e-17,2.285433275693816990e-01
2.581999999999999851e+00,1.685500011438989532e+00,7.285838599102590105e-18,2.286636860547505978e-01
2.584000000000000075e+00,1.685424881707266564e+00,1.387778780781445676e-17,2.287838301889146830e-01
2.585999999999999854e+00,1.685349815110036786e+00,5.204170427930421283e-18,2.289037604772914403e-01
2.588000000000000078e+00,1.685274811701116704e+00,2.949029909160571983e-18,2.290234774239438553e-01
2.589999999999999858e+00,1.685199871532553573e+00,2.428612866367529778e-18,2.291429815315746688e-01
2.592000000000000082e+00,1.685124994656405306e+00,3.590877595271990562e-17,2.292622733015303449e-01
2.593999999999999861e+00,1.685050181122988988e+00,3.816391647148975916e-18,2.293813532338103145e-01
2.596000000000000085e+00,1.684975430981893396e+00,1.691355389077386879e-18,2.295002218270674188e-01
2.597999999999999865e+00,1.684900744282021634e+00,1.543903893619358376e-17,2.296188795786061887e-01
2.600000000000000089e+00,1.684826121070951643e+00,1.006139616066548084e-17,2.297373269843943355e-01
2.601999999999999869e+00,1.684751561395657404e+00,9.194034422677077292e-18,2.298555645390654156e-01
2.604000000000000092e+00,1.684677065301976029e+00,1.457167719820518021e-17,2.299735927359164711e-01
2.605999999999999872e+00,1.684602632834963032e+00,3.835907286253714811e-17,2.300914120669178831e-01
2.608000000000000096e+00,1.684528264038739565e+00,6.955834562852314384e-18,2.302090230227102907e-01
2.609999999999999876e+00,1.684453958956368069e+00,1.561251128379126385e-17,2.303264260926165263e-01
2.612000000000000099e+00,1.684379717630342554e+00,9.410874857174178179e-18,2.304436217646387008e-01
2.613999999999999879e+00,1.684305540101977527e+00,9.540979117872439019e-18,2.305606105254617566e-01
2.616000000000000103e+00,1.684231426411653132e+00,1.205632815803880961e-17,2.306773928604638202e-01
2.617999999999999883e+00,1.684157376599348055e+00,8.326757387983399483e-18,2.307939692537098741e-01
2.620000000000000107e+00,1.684083390703730032e+00,4.336808689942017736e-18,2.309103401879623041e-01
2.621999999999999886e+00,1.684009468762571515e+00,7.546047120499110244e-18,2.310265061446801493e-01
2.624000000000000110e+00,1.683935610813044548e+00,2.168404344971008868e-18,2.311424676040288173e-01
2.625999999999999890e+00,1.683861816891639052e+00,1.561251128379126423e-18,2.312582250448740606e-01
2.628000000000000114e+00,1.683788087033423864e+00,1.908195823574487958e-18,2.313737789447944948e-01
2.629999999999999893e+00,1.683714421272917150e+00,2.363560736018399666e-17,2.314891297800802106e-01
2.632000000000000117e+00,1.683640819644175224e+00,1.222980050563648971e-17,2.316042780257350775e-01
2.633999999999999897e+00,1.683567282179694757e+00,1.478851763270228110e-17,2.317192241554860421e-01
2.636000000000000121e+00,1.683493808911791234e+00,9.025305459584021589e-18,2.318339686417806578e-01
2.637999999999999901e+00,1.683420399871835116e+00,7.979727989493312018e-18,2.319485119557940511e-01
2.640000000000000124e+00,1.683347055089935651e+00,3.053113317719180733e-17,2.320628545674281173e-01
2.641999999999999904e+00,1.683273774596184325e+00,4.857225732735059556e-18,2.321769969453208460e-01
2.644000000000000128e+00,1.683200558419059689e+00,5.551115123125783010e-18,2.322909395568455715e-01
2.645999999999999908e+00,1.683127406586901742e+00,2.393918396847993914e-17,2.324046828681180787e-01
2.648000000000000131e+00,1.683054319126927822e+00,4.336808689942017736e-19,2.325182273439928837e-01
2.649999999999999911e+00,1.682981296065761967e+00,3.122502256758252847e-18,2.326315734480706998e-01
2.652000000000000135e+00,1.682908337429083190e+00,1.617629641348372492e-17,2.327447216427117882e-01
2.653999999999999915e+00,1.682835443241881279e+00,6.245004513516505694e-18,2.328576723890181943e-01
2.656000000000000139e+00,1.682762613528385742e+00,6.245004513516505694e-18,2.329704261468557580e-01
2.657999999999999918e+00,3.677735080496731257e+00,1.452830911130575942e-17,2.330829833748482016e-01
2.660000000000000142e+00,1.682617147615918185e+00,2.081668171172168436e-18,2.331953445303844019e-01
2.661999999999999922e+00,1.682544511461610881e+00,1.110223024625156602e-17,2.333075100696175297e-01
2.664000000000000146e+00,1.682471939870513467e+00,1.387778780781445753e-18,2.334194804474742369e-01
2.665999999999999925e+00,1.682399432863093125e+00,3.455894424797545383e-18,2.335312561176525747e-01
2.668000000000000149e+00,1.682326990459440452e+00,7.979727989493312018e-18,2.336428375326277118e-01
2.669999999999999929e+00,1.682254612678399042e+00,4.094004578029204285e-17,2.337542251436548202e-01
2.672000000000000153e+00,1.682182299538240500e+00,5.551115123125783010e-18,2.338654194007751541e-01
2.673999999999999932e+00,1.682110051056906030e+00,4.267419750902945699e-17,2.339764207528162721e-01
2.676000000000000156e+00,1.682037867251281682e+00,6.532318089225164600e-19,2.340872296473925085e-01
2.677999999999999936e+00,3.682842797866289430e+00,1.214306433183764889e-18,2.341978465309156598e-01
2.680000000000000160e+00,1.681893693731602468e+00,1.871942813432003749e-17,2.343082718485918203e-01
2.681999999999999940e+00,1.681821704047919752e+00,5.561957144850637438e-18,2.344185060444311242e-01
2.684000000000000163e+00,1.681749779100975672e+00,3.469446951953614381e-19,2.345285495612424720e-01
2.685999999999999943e+00,1.681677918904149749e+00,9.454242944073598973e-18,2.346384028406432731e-01
2.688000000000000167e+00,1.681606123470373859e+00,1.387778780781445753e-18,2.347480663230613607e-01
2.689999999999999947e+00,1.681534392811872891e+00,1.353084311261909503e-17,2.348575404477391548e-01
2.692000000000000171e+00,1.681462726940253560e+00,4.857225732735059556e-18,2.349668256527320254e-01
2.693999999999999950e+00,1.681391125866305458e+00,2.289834988289385241e-17,2.350759223749182836e-01
2.696000000000000174e+00,1.681319589600342113e+00,2.710505431213761085e-20,2.351848310499980443e-01
2.697999999999999954e+00,1.681248118151842164e+00,8.803721640582296312e-18,2.352935521124970009e-01
2.700000000000000178e+00,1.681176711529865031e+00,1.561251128379126423e-18,2.354020859957737244e-01
2.701999999999999957e+00,1.681105369742621036e+00,6.006480035569694410e-18,2.355104331320129196e-01
2.704000000000000181e+00,1.681034092797922597e+00,1.908195823574487958e-18,2.356185939522429940e-01
2.705999999999999961e+00,3.689856133067763722e+00,1.457167719820518021e-17,2.357265688863246222e-01
2.708000000000000185e+00,1.680891733463536042e+00,9.194034422677077292e-18,2.358343583629658458e-01
2.709999999999999964e+00,1.680820651086222028e+00,2.702373914920119879e-18,2.359419628097183530e-01
2.712000000000000188e+00,1.680749633575977953e+00,4.025210679635578517e-17,2.360493826529816985e-01
2.713999999999999968e+00,1.680678680937116809e+00,2.740863092043355332e-17,2.361566183180087708e-01
2.716000000000000192e+00,1.680607793174132780e+00,7.649046326885233474e-18,2.362636702289065138e-01
2.717999999999999972e+00,1.680536970290177123e+00,4.683753385137379463e-18,2.363705388086412285e-01
2.720000000000000195e+00,1.680466212288024508e+00,8.933825901280557153e-18,2.364772244790400435e-01
2.721999999999999975e+00,1.680395519169973539e+00,5.551115123125783010e-18,2.365837276607954953e-01
2.724000000000000199e+00,1.680324890937590965e+00,5.898059818321143967e-18,2.366900487734639735e-01
2.725999999999999979e+00,1.680254327592141550e+00,7.632783294297951832e-18,2.367961882354805703e-01
2.728000000000000203e+00,3.695256370700231940e+00,2.185751579730776877e-17,2.369021464641450914e-01
2.729999999999999982e+00,1.680113395562941037e+00,3.469446951953614189e-18,2.370079238756429563e-01
2.732000000000000206e+00,1.680043026878557555e+00,2.000353008235755604e-18,2.371135208850352061e-01
2.733999999999999986e+00,1.679972723079647068e+00,3.105155021998484452e-17,2.372189379062660253e-01
2.736000000000000210e+00,1.679902484164355059e+00,1.040834085586084257e-17,2.373241753521670994e-01
2.737999999999999989e+00,1.679832310130265682e+00,2.081668171172168436e-18,2.374292336344621113e-01
2.740000000000000213e+00,1.679762200974732167e+00,1.942483717279341820e-17,2.375341131637632719e-01
2.741999999999999993e+00,1.679692156694198246e+00,5.551115123125783010e-18,2.376388143495802019e-01
2.744000000000000217e+00,1.679622177284898044e+00,2.940356291780687902e-17,2.377433376003248722e-01
2.745999999999999996e+00,1.679552262742237900e+00,8.500145032286355379e-18,2.378476833233043319e-01
2.748000000000000220e+00,1.679482413061119672e+00,3.209238430557093125e-17,2.379518519247354746e-01
2.750000000000000000e+00,1.679412628236232052e+00,1.908195823574487804e-17,2.380558438097439833e-01
2.752000000000000224e+00,1.679342908261471479e+00,1.387778780781445753e-18,2.381596593823622210e-01
2.754000000000000004e+00,1.679273253129970556e+00,1.526556658859590366e-17,2.382632990455432753e-01
2.756000000000000227e+00,1.679203662835231370e+00,5.659535340374333454e-18,2.383667632011506055e-01
2.758000000000000007e+00,1.679134137369224788e+00,1.318389841742373330e-17,2.384700522499725861e-01
2.760000000000000231e+00,1.679064676724053129e+00,1.335737076502141494e-17,2.385731665917174560e-01
2.762000000000000011e+00,1.678995280890930530e+00,4.683753385137379463e-18,2.386761066250239205e-01
2.764000000000000234e+00,1.678925949860918365e+00,1.734723475976807094e-18,2.387788727474574879e-01
2.766000000000000014e+00,1.678856683624271540e+00,1.700029006457271076e-17,2.388814653555127454e-01
2.768000000000000238e+00,1.678787482171024692e+00,6.938893903907228378e-18,2.389838848446275976e-01
2.770000000000000018e+00,1.678718345490707975e+00,1.717376241217039085e-17,2.390861316091709710e-01
2.772000000000000242e+00,1.678649273572300871e+00,8.586881206085195425e-18,2.391882060424577738e-01
2.774000000000000021e+00,1.678580266404075871e+00,1.448494102440633862e-17,2.392901085367430958e-01
2.776000000000000245e+00,1.678511323974184677e+00,1.229485263598562090e-17,2.393918394832334484e-01
2.778000000000000025e+00,1.678442446269897914e+00,1.318389841742373330e-17,2.394933992720818527e-01
2.780000000000000249e+00,1.678373633278788191e+00,1.457167719820518021e-17,2.395947882923991912e-01
2.782000000000000028e+00,1.678304884986989265e+00,6.938893903907228378e-18,2.396960069322465470e-01
2.784000000000000252e+00,1.678236201380954640e+00,3.577867169202164632e-18,2.397970555786489433e-01
2.786000000000000032e+00,1.678167582446238981e+00,2.255140518769849300e-18,2.398979346175910132e-01
2.788000000000000256e+00,1.678099028168041684e+00,1.977584762613560149e-17,2.399986444340214964e-01
2.790000000000000036e+00,1.678030538531359639e+00,2.623769257414920730e-17,2.400991854118593172e-01
2.792000000000000259e+00,1.677962113520383269e+00,1.179611963664228793e-17,2.401995579339949727e-01
2.794000000000000039e+00,1.677893753119111153e+00,2.780978572425318873e-17,2.402997623822890338e-01
2.796000000000000263e+00,3.711355639469115175e+00,1.630640067418198730e-17,2.403997991375784182e-01
2.798000000000000043e+00,1.677757226078821162e+00,1.301042606982605321e-18,2.404996685796854938e-01
2.800000000000000266e+00,1.677689059405611971e+00,1.014813233446432089e-17,2.405993710874097524e-01
2.802000000000000046e+00,1.677620957273347813e+00,5.437273895014804582e-18,2.406989070385368024e-01
2.804000000000000270e+00,3.713192521331684759e+00,2.152683413469969177e-17,2.407982768098407000e-01
2.806000000000000050e+00,1.677484946558600143e+00,8.673617379884035472e-18,2.408974807770864202e-01
2.808000000000000274e+00,1.677417037938198519e+00,1.591608789208720632e-17,2.409965193150338525e-01
2.810000000000000053e+00,1.677349193783367554e+00,1.457167719820518021e-17,2.410953927974383848e-01
2.812000000000000277e+00,1.677281414074190735e+00,8.955509944730266009e-18,2.411941015970545665e-01
2.814000000000000057e+00,1.677213698790456675e+00,1.942890293094023822e-17,2.412926460856386068e-01
2.815999999999999837e+00,1.677146047911485027e+00,6.938893903907228763e-19,2.413910266339572286e-01
2.818000000000000060e+00,1.677078461415913324e+00,1.196959198423996957e-17,2.414892436117772601e-01
2.819999999999999840e+00,1.677010939282578050e+00,1.613292832658430721e-17,2.415872973878833152e-01
2.822000000000000064e+00,1.676943481489381327e+00,3.469446951953614189e-18,2.416851883300691617e-01
2.823999999999999844e+00,1.676876088014200405e+00,1.246832498358330099e-17,2.417829168051449651e-01
2.826000000000000068e+00,1.676808758834376079e+00,1.630640067418198730e-17,2.418804831789450327e-01
2.827999999999999847e+00,1.676741493926748205e+00,1.249000902703301139e-17,2.419778878163202085e-01
2.830000000000000071e+00,1.676674293267989668e+00,1.075528555105620429e-17,2.420751310811481427e-01
2.831999999999999851e+00,1.676607156834339918e+00,3.642919299551295052e-18,2.421722133363349294e-01
2.834000000000000075e+00,1.676540084601434444e+00,1.526556658859590366e-17,2.422691349438172159e-01
2.835999999999999854e+00,1.676473076545082819e+00,4.163336342344336873e-18,2.423658962645614257e-01
2.838000000000000078e+00,1.676406132640249069e+00,4.401860820291148156e-18,2.424624976585745550e-01
2.839999999999999858e+00,1.676339252861613005e+00,1.033244670378685695e-17,2.425589394848995384e-01
2.842000000000000082e+00,1.676272437183573771e+00,1.917953643126857405e-17,2.426552221016200495e-01
2.843999999999999861e+00,1.676205685580178795e+00,1.561251128379126385e-17,2.427513458658658585e-01
2.846000000000000085e+00,1.676138998025066940e+00,5.204170427930421283e-18,2.428473111338121382e-01
2.847999999999999865e+00,1.676072374491702988e+00,1.127570259384924611e-17,2.429431182606849315e-01
2.850000000000000089e+00,1.676005814952738149e+00,7.632783294297951832e-18,2.430387676007603748e-01
2.851999999999999869e+00,1.675939319381129167e+00,5.898059818321143967e-18,2.431342595073720803e-01
2.854000000000000092e+00,1.675872887749214613e+00,6.765421556309547514e-18,2.432295943329088328e-01
2.855999999999999872e+00,1.675806520028480406e+00,1.838806884535415458e-17,2.433247724288223890e-01
2.858000000000000096e+00,1.675740216191009324e+00,1.370431546021677666e-17,2.434197941456262004e-01
2.859999999999999876e+00,1.675673976207772142e+00,6.591949208711866651e-18,2.435146598328976064e-01
2.862000000000000099e+00,1.675607800049895957e+00,3.556183125752454235e-18,2.436093698392857443e-01
2.863999999999999879e+00,1.675541687688053116e+00,6.247715018947719301e-18,2.437039245125078302e-01
2.866000000000000103e+00,1.675475639092425695e+00,8.673617379884035472e-19,2.437983241993574024e-01
2.867999999999999883e+00,1.675409654232954182e+00,9.020562075079397199e-18,2.438925692457015182e-01
2.870000000000000107e+00,1.675343733079426300e+00,1.344410693882025537e-18,2.439866599964890248e-01
2.871999999999999886e+00,1.675277875600976074e+00,3.122502256758252847e-18,2.440805967957501987e-01
2.874000000000000110e+00,1.675212081766883188e+00,6.938893903907228763e-19,2.441743799865963016e-01
2.875999999999999890e+00,1.675146351545794943e+00,1.112255903698566923e-17,2.442680099112268244e-01
2.878000000000000114e+00,1.675080684906035344e+00,1.144917494144692621e-17,2.443614869109354548e-01
2.879999999999999893e+00,1.675015081815704576e+00,2.286243568593027193e-17,2.444548113261010291e-01
2.882000000000000117e+00,1.674949542242686107e+00,1.452830911130575942e-17,2.445479834962017429e-01
2.883999999999999897e+00,1.674884066154533002e+00,3.469446951953614381e-19,2.446410037598096276e-01
2.886000000000000121e+00,1.674818653518379108e+00,1.370431546021677666e-17,2.447338724546008759e-01
2.887999999999999901e+00,1.674753304301081158e+00,3.469446951953614189e-18,2.448265899173495685e-01
2.890000000000000124e+00,1.674688018469396411e+00,4.857225732735059556e-18,2.449191564839366952e-01
2.891999999999999904e+00,1.674622795989460400e+00,1.316221437397402445e-17,2.450115724893539570e-01
2.894000000000000128e+00,1.674557636827557872e+00,1.040834085586084218e-18,2.451038382676976879e-01
2.895999999999999908e+00,1.674492540949255925e+00,1.422473250300981694e-17,2.451959541521815944e-01
2.898000000000000131e+00,1.674427508320317060e+00,1.101549407245272443e-17,2.452879204751314546e-01
2.899999999999999911e+00,1.674362538905576514e+00,7.979727989493312018e-18,2.453797375679931392e-01
2.902000000000000135e+00,1.674297632670043612e+00,1.465841337200401872e-17,2.454714057613328337e-01
2.903999999999999915e+00,1.674232789578610436e+00,2.775557561562891505e-18,2.455629253848337357e-01
2.906000000000000139e+00,1.674168009595465634e+00,4.119968255444916849e-18,2.456542967673143729e-01
2.907999999999999918e+00,1.674103292684954170e+00,5.204170427930421091e-19,2.457455202367141989e-01
2.910000000000000142e+00,1.674038638810543489e+00,1.797607201980966475e-17,2.458365961201053607e-01
2.911999999999999922e+00,1.673974047935946174e+00,2.081668171172168513e-17,2.459275247436925604e-01
2.914000000000000146e+00,1.673909520024693620e+00,1.925543058334255813e-17,2.460183064328157476e-01
2.915999999999999925e+00,1.673845055039755891e+00,1.734723475976807094e-17,2.461089415119519508e-01
2.918000000000000149e+00,1.673780652943836600e+00,5.377642775528102147e-18,2.461994303047216615e-01
2.919999999999999929e+00,1.673716313699436853e+00,7.285838599102590105e-18,2.462897731338844487e-01
2.922000000000000153e+00,1.673652037269125259e+00,5.898059818321143967e-18,2.463799703213468695e-01
2.923999999999999932e+00,1.673587823614600012e+00,2.792498220507977512e-18,2.464700221881627462e-01
2.926000000000000156e+00,1.673523672697985631e+00,3.607996131135999849e-17,2.465599290545383293e-01
2.927999999999999936e+00,1.673459584480710305e+00,7.647691074169626285e-18,2.466496912398289110e-01
2.930000000000000160e+00,1.673395558924077875e+00,1.301042606982605321e-17,2.467393090625484842e-01
2.931999999999999940e+00,1.673331595989171916e+00,1.144917494144692621e-17,2.468287828403646356e-01
2.934000000000000163e+00,1.673267695636894814e+00,1.075528555105620429e-17,2.469181128901098699e-01
2.935999999999999943e+00,1.673203857827818553e+00,6.591949208711866651e-18,2.470072995277729500e-01
2.938000000000000167e+00,1.673140082522085237e+00,3.122502256758252847e-18,2.470963430685127193e-01
2.939999999999999947e+00,1.673076369680163822e+00,1.214306433183764966e-17,2.471852438266535779e-01
2.942000000000000171e+00,1.673012719261738113e+00,6.957867441925724397e-18,2.472740021156889234e-01
2.943999999999999950e+00,1.672949131226683761e+00,5.551115123125783010e-18,2.473626182482850377e-01
2.946000000000000174e+00,1.672885605534165876e+00,1.639313684798082581e-17,2.474510925362800595e-01
2.947999999999999954e+00,1.672822142143772339e+00,1.318389841742373330e-17,2.475394252906911174e-01
2.950000000000000178e+00,1.672758741014312989e+00,4.510281037539698600e-18,2.476276168217167450e-01
2.951999999999999957e+00,1.672695402104590556e+00,5.551115123125783010e-18,2.477156674387329394e-01
2.954000000000000181e+00,1.672632125373016976e+00,8.153200337090993652e-18,2.478035774503002386e-01
2.955999999999999961e+00,1.672568910778387874e+00,6.071532165918824445e-19,2.478913471641681354e-01
2.958000000000000185e+00,1.672505758278493460e+00,1.353084311261909503e-17,2.479789768872704137e-01
2.959999999999999964e+00,1.672442667831390395e+00,2.177077962350893027e-17,2.480664669257353072e-01
2.962000000000000188e+00,1.672379639394780071e+00,1.337905480847112533e-17,2.481538175848822247e-01
2.963999999999999968e+00,1.672316672926402958e+00,1.600282406588604483e-17,2.482410291692304649e-01
2.966000000000000192e+00,1.672253768383104244e+00,9.887923813067800746e-18,2.483281019824884472e-01
2.967999999999999972e+00,1.672190925722432553e+00,6.245004513516505694e-18,2.484150363275723639e-01
2.970000000000000195e+00,1.672128144901147806e+00,5.030698080332740420e-18,2.485018325066021549e-01
2.971999999999999975e+00,1.672065425875949529e+00,2.775557561562891505e-18,2.485884908208937094e-01
2.974000000000000199e+00,1.672002768603459089e+00,2.763360287122429503e-18,2.486750115709793485e-01
2.975999999999999979e+00,1.671940173039818234e+00,7.546047120499110244e-18,2.487613950565933096e-01
2.978000000000000203e+00,1.671877639141371219e+00,1.344410693882025498e-17,2.488476415766873451e-01
2.979999999999999982e+00,1.671815166864050184e+00,6.591949208711866651e-18,2.489337514294263365e-01
2.982000000000000206e+00,1.671752756163499498e+00,4.510281037539698600e-18,2.490197249121871570e-01
2.983999999999999986e+00,1.671690406995296030e+00,1.214306433183764889e-18,2.491055623215688020e-01
2.986000000000000210e+00,1.671628119314963357e+00,2.012584163994107901e-17,2.491912639533912788e-01
2.987999999999999989e+00,1.671565893077517018e+00,2.792904796322659669e-17,2.492768301026949129e-01
2.990000000000000213e+00,1.671503728238253217e+00,1.413799632921097844e-17,2.493622610637481474e-01
2.991999999999999993e+00,1.671441624751700772e+00,2.949029909160571983e-18,2.494475571300435457e-01
2.994000000000000217e+00,1.671379582572676270e+00,2.367897544708341746e-17,2.495327185943071735e-01
2.995999999999999996e+00,1.671317601655712082e+00,2.220446049250313204e-17,2.496177457484964335e-01
2.998000000000000220e+00,1.671255681955120309e+00,1.734723475976807094e-18,2.497026388837997879e-01
3.000000000000000000e+00,1.671193823424999891e+00,2.131541471106501656e-17,2.497873982906449464e-01
