delta,local_std,local_stability,k_delta
0.0000000000e+00,1.5032490816e-16,1.5032490816e-16,1.3453861621e+01
2.0000000000e-03,1.5274575481e-16,1.5274575481e-16,1.3447962247e+01
4.0000000000e-03,1.4422220148e-16,1.4422220148e-16,1.3469165558e+01
6.0000000000e-03,1.4686870115e-16,1.4686870115e-16,1.3462450829e+01
8.0000000000e-03,1.4043333874e-16,1.4043333874e-16,1.3478996342e+01
1.0000000000e-02,2.1038386776e-16,2.1038386776e-16,1.3329737335e+01
1.2000000000e-02,2.0770370905e-16,2.0770370905e-16,1.3334471817e+01
1.4000000000e-02,2.0154308069e-16,2.0154308069e-16,1.3345590307e+01
1.6000000000e-02,1.6484271494e-16,1.6484271494e-16,1.3419817654e+01
1.8000000000e-02,1.8104095107e-16,1.8104095107e-16,1.3385205490e+01
2.0000000000e-02,1.8334729820e-16,1.8334729820e-16,1.3380530945e+01
2.2000000000e-02,2.1499376425e-16,2.1499376425e-16,1.3321733340e+01
2.4000000000e-02,2.6197927368e-16,2.6197927368e-16,1.3248744897e+01
2.6000000000e-02,2.6144407542e-16,2.6144407542e-16,1.3249500050e+01
2.8000000000e-02,2.6304640345e-16,2.6304640345e-16,1.3247243793e+01
3.0000000000e-02,2.6251338080e-16,2.6251338080e-16,1.3247992819e+01
3.2000000000e-02,2.2014404553e-16,2.2014404553e-16,1.3312991604e+01
3.4000000000e-02,2.4484473985e-16,2.4484473985e-16,1.3273722682e+01
3.6000000000e-02,2.4196749846e-16,2.4196749846e-16,1.3278087772e+01
3.8000000000e-02,2.4196749846e-16,2.4196749846e-16,1.3278087772e+01
4.0000000000e-02,2.3312280313e-16,2.3312280313e-16,1.3291838642e+01
4.2000000000e-02,2.4655496837e-16,2.4655496837e-16,1.3271152320e+01
4.4000000000e-02,2.0770370905e-16,2.0770370905e-16,1.3334471817e+01
4.6000000000e-02,1.5063517662e-16,1.5063517662e-16,1.3453100240e+01
4.8000000000e-02,1.8712805263e-16,1.8712805263e-16,1.3372993788e+01
5.0000000000e-02,1.9803771623e-16,1.9803771623e-16,1.3352069382e+01
5.2000000000e-02,1.9803771623e-16,1.9803771623e-16,1.3352069382e+01
5.4000000000e-02,1.9590439315e-16,1.9590439315e-16,1.3356068846e+01
5.6000000000e-02,1.5156217107e-16,1.5156217107e-16,1.3450834755e+01
5.8000000000e-02,1.4686870115e-16,1.4686870115e-16,1.3462450829e+01
6.0000000000e-02,1.8861913638e-16,1.8861913638e-16,1.3370063018e+01
6.2000000000e-02,1.9732917114e-16,1.9732917114e-16,1.3353392934e+01
6.4000000000e-02,3.0033906708e-16,3.0033906708e-16,1.3198285467e+01
6.6000000000e-02,3.0542600270e-16,3.0542600270e-16,1.3192083414e+01
6.8000000000e-02,3.0907300957e-16,3.0907300957e-16,1.3187700189e+01
7.0000000000e-02,2.9421386231e-16,2.9421386231e-16,1.3205894312e+01
7.2000000000e-02,3.0127035324e-16,3.0127035324e-16,1.3197142215e+01
7.4000000000e-02,2.9799811894e-16,2.9799811894e-16,1.3201174958e+01
7.6000000000e-02,3.1976455650e-16,3.1976455650e-16,1.3175142283e+01
7.8000000000e-02,3.4055249164e-16,3.4055249164e-16,1.3151884107e+01
8.0000000000e-02,3.3348718125e-16,3.3348718125e-16,1.3159625782e+01
8.2000000000e-02,3.5858344422e-16,3.5858344422e-16,1.3132832717e+01
8.4000000000e-02,3.6554687966e-16,3.6554687966e-16,1.3125730508e+01
8.6000000000e-02,3.1976455650e-16,3.1976455650e-16,1.3175142283e+01
8.8000000000e-02,3.0496706029e-16,3.0496706029e-16,1.3192638706e+01
9.0000000000e-02,2.8844440296e-16,2.8844440296e-16,1.3213207533e+01
9.2000000000e-02,2.8989753257e-16,2.8989753257e-16,1.3211351892e+01
9.4000000000e-02,2.8502495811e-16,2.8502495811e-16,1.3217611295e+01
9.6000000000e-02,2.9563863511e-16,2.9563863511e-16,1.3204110388e+01
9.8000000000e-02,2.8206101318e-16,2.8206101318e-16,1.3221471394e+01
1.0000000000e-01,1.7313137589e-16,1.7313137589e-16,1.3401701695e+01
1.0200000000e-01,1.6653345369e-16,1.6653345369e-16,1.3416049469e+01
1.0400000000e-01,1.6053798412e-16,1.6053798412e-16,1.3429588965e+01
1.0600000000e-01,1.9803771623e-16,1.9803771623e-16,1.3352069382e+01
1.0800000000e-01,2.1303030975e-16,2.1303030975e-16,1.3325121227e+01
1.1000000000e-01,2.1564427637e-16,2.1564427637e-16,1.3320617719e+01
1.1200000000e-01,2.1303030975e-16,2.1303030975e-16,1.3325121227e+01
1.1400000000e-01,2.0498851113e-16,2.0498851113e-16,1.3339330905e+01
1.1600000000e-01,2.0430407346e-16,2.0430407346e-16,1.3340565924e+01
1.1800000000e-01,1.9446917680e-16,1.9446917680e-16,1.3358784111e+01
1.2000000000e-01,1.8562499172e-16,1.8562499172e-16,1.3375971832e+01
1.2200000000e-01,1.8026561152e-16,1.8026561152e-16,1.3386790347e+01
1.2400000000e-01,1.9156648890e-16,1.9156648890e-16,1.3364337452e+01
1.2600000000e-01,1.6737241847e-16,1.6737241847e-16,1.3414193828e+01
1.2800000000e-01,1.5063517662e-16,1.5063517662e-16,1.3453100240e+01
1.3000000000e-01,1.1351749721e-16,1.1351749721e-16,1.3557567978e+01
1.3200000000e-01,1.0317528801e-16,1.0317528801e-16,1.3592843401e+01
1.3400000000e-01,1.0975343448e-16,1.0975343448e-16,1.3570019977e+01
1.3600000000e-01,1.1351749721e-16,1.1351749721e-16,1.3557567978e+01
1.3800000000e-01,1.3597399555e-16,1.3597399555e-16,1.3490912392e+01
1.4000000000e-01,1.2184895989e-16,1.2184895989e-16,1.3531414379e+01
1.4200000000e-01,1.4300305703e-16,1.4300305703e-16,1.3472300348e+01
1.4400000000e-01,1.8486887863e-16,1.8486887863e-16,1.3377479062e+01
1.4600000000e-01,1.8712805263e-16,1.8712805263e-16,1.3372993788e+01
1.4800000000e-01,2.0430407346e-16,2.0430407346e-16,1.3340565924e+01
1.5000000000e-01,2.2392903423e-16,2.2392903423e-16,1.3306696630e+01
1.5200000000e-01,2.2703499442e-16,2.2703499442e-16,1.3301609953e+01
1.5400000000e-01,2.8698391558e-16,2.8698391558e-16,1.3215082013e+01
1.5600000000e-01,3.0542600270e-16,3.0542600270e-16,1.3192083414e+01
1.5800000000e-01,3.3724607847e-16,3.3724607847e-16,1.3155486849e+01
1.6000000000e-01,3.4055249164e-16,3.4055249164e-16,1.3151884107e+01
1.6200000000e-01,3.3432614404e-16,3.3432614404e-16,1.3158697968e+01
1.6400000000e-01,3.5267556975e-16,3.5267556975e-16,1.3138967325e+01
1.6600000000e-01,3.3474483694e-16,3.3474483694e-16,1.3158235803e+01
1.6800000000e-01,3.3972890520e-16,3.3972890520e-16,1.3152778223e+01
1.7000000000e-01,3.3599778518e-16,3.3599778518e-16,1.3156856210e+01
1.7200000000e-01,3.2107596825e-16,3.2107596825e-16,1.3173630940e+01
1.7400000000e-01,3.1446422438e-16,3.1446422438e-16,1.3181314491e+01
1.7600000000e-01,2.5548290874e-16,2.5548290874e-16,1.3258017206e+01
1.7800000000e-01,2.3252119489e-16,2.3252119489e-16,1.3292792828e+01
1.8000000000e-01,1.4591189161e-16,1.4591189161e-16,1.3464864389e+01
1.8200000000e-01,1.4103050659e-16,1.4103050659e-16,1.3477429419e+01
1.8400000000e-01,1.5248353014e-16,1.5248353014e-16,1.3448596731e+01
1.8600000000e-01,1.6053798412e-16,1.6053798412e-16,1.3429588965e+01
1.8800000000e-01,1.6569024092e-16,1.6569024092e-16,1.3417923949e+01
1.9000000000e-01,1.6569024092e-16,1.6569024092e-16,1.3417923949e+01
1.9200000000e-01,1.5339935538e-16,1.5339935538e-16,1.3446385511e+01
1.9400000000e-01,1.7150569316e-16,1.7150569316e-16,1.3405185471e+01
1.9600000000e-01,1.6903785669e-16,1.6903785669e-16,1.3410537576e+01
1.9800000000e-01,1.7474193499e-16,1.7474193499e-16,1.3398282436e+01
2.0000000000e-01,1.8486887863e-16,1.8486887863e-16,1.3377479062e+01
2.0200000000e-01,1.8258175290e-16,1.8258175290e-16,1.3382076014e+01
2.0400000000e-01,1.7633778488e-16,1.7633778488e-16,1.3394925349e+01
2.0600000000e-01,1.5521479555e-16,1.5521479555e-16,1.3442040965e+01
2.0800000000e-01,1.4876385954e-16,1.4876385954e-16,1.3457716347e+01
2.1000000000e-01,1.4494876629e-16,1.4494876629e-16,1.3467309917e+01
2.1200000000e-01,1.8936027533e-16,1.8936027533e-16,1.3368614895e+01
2.1400000000e-01,1.9009852482e-16,1.9009852482e-16,1.3367178042e+01
2.1600000000e-01,1.8486887863e-16,1.8486887863e-16,1.3377479062e+01
2.1800000000e-01,2.0770370905e-16,2.0770370905e-16,1.3334471817e+01
2.2000000000e-01,1.9944725513e-16,1.9944725513e-16,1.3349450406e+01
2.2200000000e-01,2.2887833993e-16,2.2887833993e-16,1.3298623882e+01
2.2400000000e-01,2.5493407265e-16,2.5493407265e-16,1.3258811335e+01
2.2600000000e-01,2.5983186636e-16,2.5983186636e-16,1.3251784219e+01
2.2800000000e-01,2.9516447500e-16,2.9516447500e-16,1.3204703117e+01
2.3000000000e-01,2.8989753257e-16,2.8989753257e-16,1.3211351892e+01
2.3200000000e-01,3.0127035324e-16,3.0127035324e-16,1.3197142215e+01
2.3400000000e-01,2.7348878525e-16,2.7348878525e-16,1.3232868077e+01
2.3600000000e-01,2.6144407542e-16,2.6144407542e-16,1.3249500050e+01
2.3800000000e-01,2.8453311140e-16,2.8453311140e-16,1.3218249066e+01
2.4000000000e-01,2.6831839857e-16,2.6831839857e-16,1.3239916058e+01
2.4200000000e-01,2.9230336248e-16,2.9230336248e-16,1.3208300010e+01
2.4400000000e-01,2.6831839857e-16,2.6831839857e-16,1.3239916058e+01
2.4600000000e-01,2.4254567729e-16,2.4254567729e-16,1.3277206459e+01
2.4800000000e-01,2.3846898901e-16,2.3846898901e-16,1.3283465861e+01
2.5000000000e-01,1.8334729820e-16,1.8334729820e-16,1.3380530945e+01
2.5200000000e-01,1.7313137589e-16,1.7313137589e-16,1.3401701695e+01
2.5400000000e-01,2.0014830212e-16,2.0014830212e-16,1.3348154719e+01
2.5600000000e-01,2.4022461263e-16,2.4022461263e-16,1.3280757235e+01
2.5800000000e-01,2.3670034416e-16,2.3670034416e-16,1.3286214816e+01
2.6000000000e-01,2.4768856041e-16,2.4768856041e-16,1.3269458412e+01
2.6200000000e-01,2.6516777976e-16,2.6516777976e-16,1.3244277710e+01
2.6400000000e-01,2.8941396671e-16,2.8941396671e-16,1.3211968369e+01
2.6600000000e-01,2.8941396671e-16,2.8941396671e-16,1.3211968369e+01
2.6800000000e-01,2.9563863511e-16,2.9563863511e-16,1.3204110388e+01
2.7000000000e-01,2.7705064972e-16,2.7705064972e-16,1.3228089833e+01
2.7200000000e-01,2.8502495811e-16,2.8502495811e-16,1.3217611295e+01
2.7400000000e-01,2.7603766406e-16,2.7603766406e-16,1.3229442474e+01
2.7600000000e-01,2.6727231896e-16,2.6727231896e-16,1.3241358524e+01
2.7800000000e-01,3.1357212550e-16,3.1357212550e-16,1.3182363555e+01
2.8000000000e-01,3.3807571337e-16,3.3807571337e-16,1.3154579551e+01
2.8200000000e-01,3.2626890836e-16,3.2626890836e-16,1.3167706325e+01
2.8400000000e-01,3.3095753273e-16,3.3095753273e-16,1.3162437532e+01
2.8600000000e-01,2.9893669801e-16,2.9893669801e-16,1.3200013730e+01
2.8800000000e-01,2.9893669801e-16,2.9893669801e-16,1.3200013730e+01
2.9000000000e-01,2.9373740230e-16,2.9373740230e-16,1.3206492805e+01
2.9200000000e-01,3.0861949060e-16,3.0861949060e-16,1.3188242435e+01
2.9400000000e-01,3.0997805692e-16,3.0997805692e-16,1.3186620451e+01
2.9600000000e-01,3.2968542989e-16,3.2968542989e-16,1.3163859629e+01
2.9800000000e-01,3.2926030343e-16,3.2926030343e-16,1.3164336106e+01
3.0000000000e-01,2.9893669801e-16,2.9893669801e-16,1.3200013730e+01
3.0200000000e-01,2.8989753257e-16,2.8989753257e-16,1.3211351892e+01
3.0400000000e-01,2.8551595754e-16,2.8551595754e-16,1.3216975719e+01
3.0600000000e-01,3.1133069486e-16,3.1133069486e-16,1.3185012591e+01
3.0800000000e-01,2.9278215618e-16,2.9278215618e-16,1.3207695641e+01
3.1000000000e-01,2.9987233942e-16,2.9987233942e-16,1.3198859759e+01
3.1200000000e-01,3.0173491844e-16,3.0173491844e-16,1.3196573232e+01
3.1400000000e-01,2.9182378322e-16,2.9182378322e-16,1.3208906364e+01
3.1600000000e-01,2.7194799110e-16,2.7194799110e-16,1.3234954367e+01
3.1800000000e-01,2.3131328441e-16,2.3131328441e-16,1.3294716124e+01
3.2000000000e-01,2.2703499442e-16,2.2703499442e-16,1.3301609953e+01
3.2200000000e-01,2.2517655939e-16,2.2517655939e-16,1.3304645112e+01
3.2400000000e-01,2.0635057602e-16,2.0635057602e-16,1.3336885377e+01
3.2600000000e-01,2.1237179099e-16,2.1237179099e-16,1.3326264480e+01
3.2800000000e-01,1.6484271494e-16,1.6484271494e-16,1.3419817654e+01
3.3000000000e-01,1.9083391838e-16,1.9083391838e-16,1.3365752284e+01
3.3200000000e-01,1.7554167343e-16,1.7554167343e-16,1.3396596263e+01
3.3400000000e-01,1.9374758182e-16,1.9374758182e-16,1.3360156866e+01
3.3600000000e-01,1.9590439315e-16,1.9590439315e-16,1.3356068846e+01
3.3800000000e-01,2.0430407346e-16,2.0430407346e-16,1.3340565924e+01
3.4000000000e-01,2.0770370905e-16,2.0770370905e-16,1.3334471817e+01
3.4200000000e-01,2.2517655939e-16,2.2517655939e-16,1.3304645112e+01
3.4400000000e-01,2.5983186636e-16,2.5983186636e-16,1.3251784219e+01
3.4600000000e-01,2.2517655939e-16,2.2517655939e-16,1.3304645112e+01
3.4800000000e-01,2.3846898901e-16,2.3846898901e-16,1.3283465861e+01
3.5000000000e-01,2.4994032091e-16,2.4994032091e-16,1.3266116517e+01
3.5200000000e-01,2.4312248115e-16,2.4312248115e-16,1.3276329333e+01
3.5400000000e-01,2.3670034416e-16,2.3670034416e-16,1.3286214816e+01
3.5600000000e-01,2.2703499442e-16,2.2703499442e-16,1.3301609953e+01
3.5800000000e-01,2.2887833993e-16,2.2887833993e-16,1.3298623882e+01
3.6000000000e-01,2.1499376425e-16,2.1499376425e-16,1.3321733340e+01
3.6200000000e-01,2.0498851113e-16,2.0498851113e-16,1.3339330905e+01
3.6400000000e-01,2.0292827280e-16,2.0292827280e-16,1.3343061025e+01
3.6600000000e-01,1.6820719880e-16,1.6820719880e-16,1.3412356652e+01
3.6800000000e-01,1.7791932133e-16,1.7791932133e-16,1.3391628214e+01
3.7000000000e-01,1.5700924587e-16,1.5700924587e-16,1.3437796303e+01
3.7200000000e-01,1.4202020650e-16,1.4202020650e-16,1.3474847073e+01
3.7400000000e-01,1.3700022894e-16,1.3700022894e-16,1.3488135878e+01
3.7600000000e-01,1.8486887863e-16,1.8486887863e-16,1.3377479062e+01
3.7800000000e-01,1.8181298421e-16,1.8181298421e-16,1.3383634122e+01
3.8000000000e-01,1.7554167343e-16,1.7554167343e-16,1.3396596263e+01
3.8200000000e-01,1.8486887863e-16,1.8486887863e-16,1.3377479062e+01
3.8400000000e-01,1.9229626864e-16,1.9229626864e-16,1.3362933379e+01
3.8600000000e-01,1.8104095107e-16,1.8104095107e-16,1.3385205490e+01
3.8800000000e-01,1.7313137589e-16,1.7313137589e-16,1.3401701695e+01
3.9000000000e-01,1.7313137589e-16,1.7313137589e-16,1.3401701695e+01
3.9200000000e-01,2.0837698054e-16,2.0837698054e-16,1.3333276766e+01
3.9400000000e-01,2.2887833993e-16,2.2887833993e-16,1.3298623882e+01
3.9600000000e-01,2.4138793475e-16,2.4138793475e-16,1.3278973312e+01
3.9800000000e-01,2.1171122394e-16,2.1171122394e-16,1.3327414855e+01
4.0000000000e-01,2.4080697619e-16,2.4080697619e-16,1.3279863119e+01
4.0200000000e-01,2.3846898901e-16,2.3846898901e-16,1.3283465861e+01
4.0400000000e-01,2.2579773729e-16,2.2579773729e-16,1.3303627838e+01
4.0600000000e-01,2.3491838398e-16,2.3491838398e-16,1.3289005317e+01
4.0800000000e-01,2.6727231896e-16,2.6727231896e-16,1.3241358524e+01
4.1000000000e-01,2.5050009836e-16,2.5050009836e-16,1.3265290409e+01
4.1200000000e-01,2.3846898901e-16,2.3846898901e-16,1.3283465861e+01
4.1400000000e-01,2.3372286282e-16,2.3372286282e-16,1.3290889361e+01
4.1600000000e-01,2.5657705897e-16,2.5657705897e-16,1.3256439122e+01
4.1800000000e-01,2.2887833993e-16,2.2887833993e-16,1.3298623882e+01
4.2000000000e-01,2.5657705897e-16,2.5657705897e-16,1.3256439122e+01
4.2200000000e-01,2.3191802606e-16,2.3191802606e-16,1.3293751972e+01
4.2400000000e-01,2.3670034416e-16,2.3670034416e-16,1.3286214816e+01
4.2600000000e-01,2.8404041300e-16,2.8404041300e-16,1.3218889049e+01
4.2800000000e-01,2.8795839688e-16,2.8795839688e-16,1.3213830248e+01
4.3000000000e-01,2.8747156915e-16,2.8747156915e-16,1.3214455070e+01
4.3200000000e-01,2.9182378322e-16,2.9182378322e-16,1.3208906364e+01
4.3400000000e-01,2.7552977465e-16,2.7552977465e-16,1.3230122529e+01
4.3600000000e-01,2.8255716310e-16,2.8255716310e-16,1.3220822414e+01
4.3800000000e-01,2.7502094730e-16,2.7502094730e-16,1.3230805098e+01
4.4000000000e-01,2.7502094730e-16,2.7502094730e-16,1.3230805098e+01
4.4200000000e-01,2.6727231896e-16,2.6727231896e-16,1.3241358524e+01
4.4400000000e-01,3.0127035324e-16,3.0127035324e-16,1.3197142215e+01
4.4600000000e-01,2.9987233942e-16,2.9987233942e-16,1.3198859759e+01
4.4800000000e-01,2.4254567729e-16,2.4254567729e-16,1.3277206459e+01
4.5000000000e-01,2.2267451996e-16,2.2267451996e-16,1.3308771198e+01
4.5200000000e-01,2.0770370905e-16,2.0770370905e-16,1.3334471817e+01
4.5400000000e-01,2.2826554541e-16,2.2826554541e-16,1.3299613883e+01
4.5600000000e-01,2.2765110138e-16,2.2765110138e-16,1.3300609220e+01
4.5800000000e-01,2.0702824805e-16,2.0702824805e-16,1.3335674653e+01
4.6000000000e-01,2.2014404553e-16,2.2014404553e-16,1.3312991604e+01
4.6200000000e-01,2.3670034416e-16,2.3670034416e-16,1.3286214816e+01
4.6400000000e-01,2.4138793475e-16,2.4138793475e-16,1.3278973312e+01
4.6600000000e-01,2.1171122394e-16,2.1171122394e-16,1.3327414855e+01
4.6800000000e-01,2.2141289780e-16,2.2141289780e-16,1.3310869342e+01
4.7000000000e-01,1.8861913638e-16,1.8861913638e-16,1.3370063018e+01
4.7200000000e-01,2.3670034416e-16,2.3670034416e-16,1.3286214816e+01
4.7400000000e-01,2.3131328441e-16,2.3131328441e-16,1.3294716124e+01
4.7600000000e-01,2.4369791978e-16,2.4369791978e-16,1.3275456354e+01
4.7800000000e-01,2.4312248115e-16,2.4312248115e-16,1.3276329333e+01
4.8000000000e-01,2.3846898901e-16,2.3846898901e-16,1.3283465861e+01
4.8200000000e-01,2.3131328441e-16,2.3131328441e-16,1.3294716124e+01
4.8400000000e-01,2.1171122394e-16,2.1171122394e-16,1.3327414855e+01
4.8600000000e-01,2.1104858938e-16,2.1104858938e-16,1.3328572443e+01
4.8800000000e-01,1.8712805263e-16,1.8712805263e-16,1.3372993788e+01
4.9000000000e-01,1.5878341795e-16,1.5878341795e-16,1.3433647034e+01
4.9200000000e-01,1.6903785669e-16,1.6903785669e-16,1.3410537576e+01
4.9400000000e-01,1.3597399555e-16,1.3597399555e-16,1.3490912392e+01
4.9600000000e-01,1.3597399555e-16,1.3597399555e-16,1.3490912392e+01
4.9800000000e-01,1.3597399555e-16,1.3597399555e-16,1.3490912392e+01
5.0000000000e-01,1.4781931755e-16,1.4781931755e-16,1.3460068413e+01
5.0200000000e-01,1.5156217107e-16,1.5156217107e-16,1.3450834755e+01
5.0400000000e-01,1.4397919844e-16,1.4397919844e-16,1.3469788272e+01
5.0600000000e-01,1.3597399555e-16,1.3597399555e-16,1.3490912392e+01
5.0800000000e-01,1.9590439315e-16,1.9590439315e-16,1.3356068846e+01
5.1000000000e-01,1.9590439315e-16,1.9590439315e-16,1.3356068846e+01
5.1200000000e-01,1.9874373528e-16,1.9874373528e-16,1.3350755251e+01
5.1400000000e-01,2.0971703924e-16,2.0971703924e-16,1.3330909622e+01
5.1600000000e-01,2.2077938320e-16,2.2077938320e-16,1.3311927424e+01
5.1800000000e-01,2.1434127787e-16,2.1434127787e-16,1.3322855742e+01
5.2000000000e-01,1.9732917114e-16,1.9732917114e-16,1.3353392934e+01
5.2200000000e-01,2.0154308069e-16,2.0154308069e-16,1.3345590307e+01
5.2400000000e-01,2.1564427637e-16,2.1564427637e-16,1.3320617719e+01
5.2600000000e-01,2.4484473985e-16,2.4484473985e-16,1.3273722682e+01
5.2800000000e-01,2.5548290874e-16,2.5548290874e-16,1.3258017206e+01
5.3000000000e-01,2.4598621336e-16,2.4598621336e-16,1.3272005138e+01
5.3200000000e-01,2.4080697619e-16,2.4080697619e-16,1.3279863119e+01
5.3400000000e-01,2.4598621336e-16,2.4598621336e-16,1.3272005138e+01
5.3600000000e-01,2.3432138586e-16,2.3432138586e-16,1.3289944936e+01
5.3800000000e-01,2.2392903423e-16,2.2392903423e-16,1.3306696630e+01
5.4000000000e-01,2.2641721098e-16,2.2641721098e-16,1.3302616139e+01
5.4200000000e-01,2.4369791978e-16,2.4369791978e-16,1.3275456354e+01
5.4400000000e-01,2.3372286282e-16,2.3372286282e-16,1.3290889361e+01
5.4600000000e-01,2.1629283205e-16,2.1629283205e-16,1.3319508799e+01
5.4800000000e-01,1.8258175290e-16,1.8258175290e-16,1.3382076014e+01
5.5000000000e-01,1.4397919844e-16,1.4397919844e-16,1.3469788272e+01
5.5200000000e-01,1.0042345108e-16,1.0042345108e-16,1.3602826086e+01
5.5400000000e-01,1.2856119404e-16,1.2856119404e-16,1.3511613134e+01
5.5600000000e-01,1.2856119404e-16,1.2856119404e-16,1.3511613134e+01
5.5800000000e-01,1.0975343448e-16,1.0975343448e-16,1.3570019977e+01
5.6000000000e-01,1.0975343448e-16,1.0975343448e-16,1.3570019977e+01
5.6200000000e-01,9.9018858115e-17,9.9018858115e-17,1.3608027407e+01
5.6400000000e-01,1.3801883203e-16,1.3801883203e-16,1.3485400499e+01
5.6600000000e-01,1.4494876629e-16,1.4494876629e-16,1.3467309917e+01
5.6800000000e-01,1.4494876629e-16,1.4494876629e-16,1.3467309917e+01
5.7000000000e-01,1.5248353014e-16,1.5248353014e-16,1.3448596731e+01
5.7200000000e-01,1.5611459901e-16,1.5611459901e-16,1.3439906436e+01
5.7400000000e-01,1.8562499172e-16,1.8562499172e-16,1.3375971832e+01
5.7600000000e-01,1.9156648890e-16,1.9156648890e-16,1.3364337452e+01
5.7800000000e-01,2.1368679916e-16,2.1368679916e-16,1.3323985010e+01
5.8000000000e-01,2.1822693461e-16,2.1822693461e-16,1.3316221447e+01
5.8200000000e-01,2.4196749846e-16,2.4196749846e-16,1.3278087772e+01
5.8400000000e-01,2.4712241438e-16,2.4712241438e-16,1.3270303424e+01
5.8600000000e-01,2.3964083386e-16,2.3964083386e-16,1.3281655703e+01
5.8800000000e-01,2.3312280313e-16,2.3312280313e-16,1.3291838642e+01
5.9000000000e-01,2.3372286282e-16,2.3372286282e-16,1.3290889361e+01
5.9200000000e-01,2.2826554541e-16,2.2826554541e-16,1.3299613883e+01
5.9400000000e-01,2.6779586955e-16,2.6779586955e-16,1.3240635883e+01
5.9600000000e-01,2.5438405243e-16,2.5438405243e-16,1.3259608894e+01
5.9800000000e-01,2.5272680969e-16,2.5272680969e-16,1.3262022453e+01
6.0000000000e-01,2.0361733513e-16,2.0361733513e-16,1.3341809260e+01
6.0200000000e-01,2.4369791978e-16,2.4369791978e-16,1.3275456354e+01
6.0400000000e-01,2.3788090183e-16,2.3788090183e-16,1.3284377639e+01
6.0600000000e-01,2.1499376425e-16,2.1499376425e-16,1.3321733340e+01
6.0800000000e-01,2.5766656306e-16,2.5766656306e-16,1.3254874412e+01
6.1000000000e-01,2.6304640345e-16,2.6304640345e-16,1.3247243793e+01
6.1200000000e-01,2.5105862770e-16,2.5105862770e-16,1.3264467982e+01
6.1400000000e-01,2.4937928693e-16,2.4937928693e-16,1.3266946337e+01
6.1600000000e-01,2.4254567729e-16,2.4254567729e-16,1.3277206459e+01
6.1800000000e-01,2.5657705897e-16,2.5657705897e-16,1.3256439122e+01
6.2000000000e-01,2.5657705897e-16,2.5657705897e-16,1.3256439122e+01
6.2200000000e-01,2.6987991553e-16,2.6987991553e-16,1.3237773272e+01
6.2400000000e-01,2.2204460493e-16,2.2204460493e-16,1.3309817290e+01
6.2600000000e-01,2.2204460493e-16,2.2204460493e-16,1.3309817290e+01
6.2800000000e-01,1.7633778488e-16,1.7633778488e-16,1.3394925349e+01
6.3000000000e-01,1.9446917680e-16,1.9446917680e-16,1.3358784111e+01
6.3200000000e-01,1.8104095107e-16,1.8104095107e-16,1.3385205490e+01
6.3400000000e-01,1.8562499172e-16,1.8562499172e-16,1.3375971832e+01
6.3600000000e-01,1.9229626864e-16,1.9229626864e-16,1.3362933379e+01
6.3800000000e-01,1.9803771623e-16,1.9803771623e-16,1.3352069382e+01
6.4000000000e-01,2.0567067112e-16,2.0567067112e-16,1.3338104092e+01
6.4200000000e-01,2.2204460493e-16,2.2204460493e-16,1.3309817290e+01
6.4400000000e-01,2.2641721098e-16,2.2641721098e-16,1.3302616139e+01
6.4600000000e-01,2.1693944883e-16,2.1693944883e-16,1.3318406499e+01
6.4800000000e-01,2.2641721098e-16,2.2641721098e-16,1.3302616139e+01
6.5000000000e-01,2.2267451996e-16,2.2267451996e-16,1.3308771198e+01
6.5200000000e-01,1.9874373528e-16,1.9874373528e-16,1.3350755251e+01
6.5400000000e-01,2.0904808366e-16,2.0904808366e-16,1.3332089401e+01
6.5600000000e-01,2.0770370905e-16,2.0770370905e-16,1.3334471817e+01
6.5800000000e-01,1.7870484092e-16,1.7870484092e-16,1.3390001466e+01
6.6000000000e-01,1.5611459901e-16,1.5611459901e-16,1.3439906436e+01
6.6200000000e-01,1.5339935538e-16,1.5339935538e-16,1.3446385511e+01
6.6400000000e-01,1.8637803737e-16,1.8637803737e-16,1.3374476806e+01
6.6600000000e-01,1.5966311121e-16,1.5966311121e-16,1.3431606851e+01
6.6800000000e-01,1.6399080890e-16,1.6399080890e-16,1.3421730984e+01
6.7000000000e-01,1.6653345369e-16,1.6653345369e-16,1.3416049469e+01
6.7200000000e-01,2.4881698793e-16,2.4881698793e-16,1.3267779904e+01
6.7400000000e-01,2.5050009836e-16,2.5050009836e-16,1.3265290409e+01
6.7600000000e-01,2.4541614025e-16,2.4541614025e-16,1.3272861913e+01
6.7800000000e-01,2.7603766406e-16,2.7603766406e-16,1.3229442474e+01
6.8000000000e-01,2.8844440296e-16,2.8844440296e-16,1.3213207533e+01
6.8200000000e-01,2.8106608587e-16,2.8106608587e-16,1.3222776238e+01
6.8400000000e-01,3.0266190962e-16,3.0266190962e-16,1.3195440501e+01
6.8600000000e-01,2.7856322138e-16,2.7856322138e-16,1.3226079272e+01
6.8800000000e-01,2.8006762415e-16,2.8006762415e-16,1.3224090370e+01
6.9000000000e-01,2.9940488420e-16,2.9940488420e-16,1.3199435843e+01
6.9200000000e-01,2.9658468116e-16,2.9658468116e-16,1.3202930610e+01
6.9400000000e-01,2.4937928693e-16,2.4937928693e-16,1.3266946337e+01
6.9600000000e-01,2.7906559008e-16,2.7906559008e-16,1.3225413922e+01
6.9800000000e-01,2.7856322138e-16,2.7856322138e-16,1.3226079272e+01
7.0000000000e-01,2.5161591724e-16,2.5161591724e-16,1.3263649201e+01
7.0200000000e-01,2.3491838398e-16,2.3491838398e-16,1.3289005317e+01
7.0400000000e-01,2.4022461263e-16,2.4022461263e-16,1.3280757235e+01
7.0600000000e-01,2.0084690216e-16,2.0084690216e-16,1.3346868061e+01
7.0800000000e-01,2.0084690216e-16,2.0084690216e-16,1.3346868061e+01
7.1000000000e-01,1.8334729820e-16,1.8334729820e-16,1.3380530945e+01
7.1200000000e-01,1.7393851954e-16,1.7393851954e-16,1.3399984150e+01
7.1400000000e-01,1.8104095107e-16,1.8104095107e-16,1.3385205490e+01
7.1600000000e-01,2.1499376425e-16,2.1499376425e-16,1.3321733340e+01
7.1800000000e-01,1.9009852482e-16,1.9009852482e-16,1.3367178042e+01
7.2000000000e-01,1.9732917114e-16,1.9732917114e-16,1.3353392934e+01
7.2200000000e-01,2.0084690216e-16,2.0084690216e-16,1.3346868061e+01
7.2400000000e-01,2.0904808366e-16,2.0904808366e-16,1.3332089401e+01
7.2600000000e-01,1.9732917114e-16,1.9732917114e-16,1.3353392934e+01
7.2800000000e-01,1.9374758182e-16,1.9374758182e-16,1.3360156866e+01
7.3000000000e-01,1.9874373528e-16,1.9874373528e-16,1.3350755251e+01
7.3200000000e-01,2.1693944883e-16,2.1693944883e-16,1.3318406499e+01
7.3400000000e-01,2.1886783741e-16,2.1886783741e-16,1.3315138543e+01
7.3600000000e-01,1.8562499172e-16,1.8562499172e-16,1.3375971832e+01
7.3800000000e-01,2.0292827280e-16,2.0292827280e-16,1.3343061025e+01
7.4000000000e-01,1.9732917114e-16,1.9732917114e-16,1.3353392934e+01
7.4200000000e-01,1.9732917114e-16,1.9732917114e-16,1.3353392934e+01
7.4400000000e-01,1.9518810412e-16,1.9518810412e-16,1.3357421487e+01
7.4600000000e-01,2.0154308069e-16,2.0154308069e-16,1.3345590307e+01
7.4800000000e-01,2.0361733513e-16,2.0361733513e-16,1.3341809260e+01
7.5000000000e-01,1.9302328926e-16,1.9302328926e-16,1.3361539903e+01
7.5200000000e-01,2.1693944883e-16,2.1693944883e-16,1.3318406499e+01
7.5400000000e-01,2.1368679916e-16,2.1368679916e-16,1.3323985010e+01
7.5600000000e-01,2.1693944883e-16,2.1693944883e-16,1.3318406499e+01
7.5800000000e-01,1.9944725513e-16,1.9944725513e-16,1.3349450406e+01
7.6000000000e-01,1.7791932133e-16,1.7791932133e-16,1.3391628214e+01
7.6200000000e-01,1.9661807272e-16,1.9661807272e-16,1.3354726042e+01
7.6400000000e-01,2.3670034416e-16,2.3670034416e-16,1.3286214816e+01
7.6600000000e-01,2.3670034416e-16,2.3670034416e-16,1.3286214816e+01
7.6800000000e-01,2.3252119489e-16,2.3252119489e-16,1.3292792828e+01
7.7000000000e-01,2.4080697619e-16,2.4080697619e-16,1.3279863119e+01
7.7200000000e-01,2.3729135718e-16,2.3729135718e-16,1.3285293942e+01
7.7400000000e-01,2.4369791978e-16,2.4369791978e-16,1.3275456354e+01
7.7600000000e-01,2.3252119489e-16,2.3252119489e-16,1.3292792828e+01
7.7800000000e-01,2.2330265808e-16,2.2330265808e-16,1.3307731000e+01
7.8000000000e-01,2.1434127787e-16,2.1434127787e-16,1.3322855742e+01
7.8200000000e-01,1.8637803737e-16,1.8637803737e-16,1.3374476806e+01
7.8400000000e-01,1.9732917114e-16,1.9732917114e-16,1.3353392934e+01
7.8600000000e-01,1.7948692274e-16,1.7948692274e-16,1.3388388926e+01
7.8800000000e-01,1.7870484092e-16,1.7870484092e-16,1.3390001466e+01
7.9000000000e-01,1.5878341795e-16,1.5878341795e-16,1.3433647034e+01
7.9200000000e-01,1.4103050659e-16,1.4103050659e-16,1.3477429419e+01
7.9400000000e-01,1.4202020650e-16,1.4202020650e-16,1.3474847073e+01
7.9600000000e-01,1.4202020650e-16,1.4202020650e-16,1.3474847073e+01
7.9800000000e-01,1.8936027533e-16,1.8936027533e-16,1.3368614895e+01
8.0000000000e-01,1.9661807272e-16,1.9661807272e-16,1.3354726042e+01
8.0200000000e-01,1.8104095107e-16,1.8104095107e-16,1.3385205490e+01
8.0400000000e-01,1.8104095107e-16,1.8104095107e-16,1.3385205490e+01
8.0600000000e-01,1.5248353014e-16,1.5248353014e-16,1.3448596731e+01
8.0800000000e-01,1.5521479555e-16,1.5521479555e-16,1.3442040965e+01
8.1000000000e-01,1.4781931755e-16,1.4781931755e-16,1.3460068413e+01
8.1200000000e-01,1.5339935538e-16,1.5339935538e-16,1.3446385511e+01
8.1400000000e-01,1.2856119404e-16,1.2856119404e-16,1.3511613134e+01
8.1600000000e-01,1.2299310668e-16,1.2299310668e-16,1.3527963163e+01
8.1800000000e-01,1.4300305703e-16,1.4300305703e-16,1.3472300348e+01
8.2000000000e-01,1.1835017208e-16,1.1835017208e-16,1.3542172840e+01
8.2200000000e-01,1.4300305703e-16,1.4300305703e-16,1.3472300348e+01
8.2400000000e-01,1.2299310668e-16,1.2299310668e-16,1.3527963163e+01
8.2600000000e-01,1.9590439315e-16,1.9590439315e-16,1.3356068846e+01
8.2800000000e-01,1.9009852482e-16,1.9009852482e-16,1.3367178042e+01
8.3000000000e-01,1.9874373528e-16,1.9874373528e-16,1.3350755251e+01
8.3200000000e-01,1.9944725513e-16,1.9944725513e-16,1.3349450406e+01
8.3400000000e-01,2.0904808366e-16,2.0904808366e-16,1.3332089401e+01
8.3600000000e-01,2.3131328441e-16,2.3131328441e-16,1.3294716124e+01
8.3800000000e-01,2.3312280313e-16,2.3312280313e-16,1.3291838642e+01
8.4000000000e-01,2.8255716310e-16,2.8255716310e-16,1.3220822414e+01
8.4200000000e-01,2.8305244335e-16,2.8305244335e-16,1.3220175707e+01
8.4400000000e-01,2.8649543197e-16,2.8649543197e-16,1.3215711093e+01
8.4600000000e-01,2.7906559008e-16,2.7906559008e-16,1.3225413922e+01
8.4800000000e-01,2.2948949813e-16,2.2948949813e-16,1.3297639161e+01
8.5000000000e-01,2.3846898901e-16,2.3846898901e-16,1.3283465861e+01
8.5200000000e-01,2.5438405243e-16,2.5438405243e-16,1.3259608894e+01
8.5400000000e-01,2.7956705606e-16,2.7956705606e-16,1.3224750960e+01
8.5600000000e-01,2.7348878525e-16,2.7348878525e-16,1.3232868077e+01
8.5800000000e-01,2.5438405243e-16,2.5438405243e-16,1.3259608894e+01
8.6000000000e-01,2.9182378322e-16,2.9182378322e-16,1.3208906364e+01
8.6200000000e-01,2.2267451996e-16,2.2267451996e-16,1.3308771198e+01
8.6400000000e-01,1.9944725513e-16,1.9944725513e-16,1.3349450406e+01
8.6600000000e-01,2.2077938320e-16,2.2077938320e-16,1.3311927424e+01
8.6800000000e-01,2.2077938320e-16,2.2077938320e-16,1.3311927424e+01
8.7000000000e-01,2.1822693461e-16,2.1822693461e-16,1.3316221447e+01
8.7200000000e-01,2.6304640345e-16,2.6304640345e-16,1.3247243793e+01
8.7400000000e-01,2.6936041569e-16,2.6936041569e-16,1.3238484774e+01
8.7600000000e-01,2.6936041569e-16,2.6936041569e-16,1.3238484774e+01
8.7800000000e-01,2.9182378322e-16,2.9182378322e-16,1.3208906364e+01
8.8000000000e-01,2.8600611405e-16,2.8600611405e-16,1.3216342323e+01
8.8200000000e-01,2.5217197519e-16,2.5217197519e-16,1.3262834036e+01
8.8400000000e-01,2.3491838398e-16,2.3491838398e-16,1.3289005317e+01
8.8600000000e-01,2.2765110138e-16,2.2765110138e-16,1.3300609220e+01
8.8800000000e-01,2.2077938320e-16,2.2077938320e-16,1.3311927424e+01
8.9000000000e-01,2.1693944883e-16,2.1693944883e-16,1.3318406499e+01
8.9200000000e-01,2.2392903423e-16,2.2392903423e-16,1.3306696630e+01
8.9400000000e-01,1.8258175290e-16,1.8258175290e-16,1.3382076014e+01
8.9600000000e-01,1.6569024092e-16,1.6569024092e-16,1.3417923949e+01
8.9800000000e-01,1.5248353014e-16,1.5248353014e-16,1.3448596731e+01
9.0000000000e-01,9.9018858115e-17,9.9018858115e-17,1.3608027407e+01
9.0200000000e-01,1.1474474907e-16,1.1474474907e-16,1.3553597186e+01
9.0400000000e-01,1.5156217107e-16,1.5156217107e-16,1.3450834755e+01
9.0600000000e-01,1.3902997252e-16,1.3902997252e-16,1.3482705055e+01
9.0800000000e-01,1.3902997252e-16,1.3902997252e-16,1.3482705055e+01
9.1000000000e-01,1.4003381208e-16,1.4003381208e-16,1.3480048395e+01
9.1200000000e-01,1.5521479555e-16,1.5521479555e-16,1.3442040965e+01
9.1400000000e-01,1.4397919844e-16,1.4397919844e-16,1.3469788272e+01
9.1600000000e-01,1.5156217107e-16,1.5156217107e-16,1.3450834755e+01
9.1800000000e-01,1.5430974530e-16,1.5430974530e-16,1.3444200460e+01
9.2000000000e-01,1.5156217107e-16,1.5156217107e-16,1.3450834755e+01
9.2200000000e-01,1.6737241847e-16,1.6737241847e-16,1.3414193828e+01
9.2400000000e-01,1.7633778488e-16,1.7633778488e-16,1.3394925349e+01
9.2600000000e-01,2.8892959153e-16,2.8892959153e-16,1.3212586912e+01
9.2800000000e-01,2.9278215618e-16,2.9278215618e-16,1.3207695641e+01
9.3000000000e-01,2.9611203595e-16,2.9611203595e-16,1.3203519557e+01
9.3200000000e-01,3.0033906708e-16,3.0033906708e-16,1.3198285467e+01
9.3400000000e-01,2.9799811894e-16,2.9799811894e-16,1.3201174958e+01
9.3600000000e-01,3.1668347721e-16,3.1668347721e-16,1.3178717617e+01
9.3800000000e-01,3.3641439760e-16,3.3641439760e-16,1.3156398627e+01
9.4000000000e-01,3.2454716068e-16,3.2454716068e-16,1.3169660149e+01
9.4200000000e-01,3.2926030343e-16,3.2926030343e-16,1.3164336106e+01
9.4400000000e-01,3.2238204538e-16,3.2238204538e-16,1.3172131868e+01
9.4600000000e-01,3.2540917325e-16,3.2540917325e-16,1.3168680652e+01
9.4800000000e-01,2.1950686895e-16,2.1950686895e-16,1.3314061953e+01
9.5000000000e-01,2.4655496837e-16,2.4655496837e-16,1.3271152320e+01
9.5200000000e-01,2.6674774079e-16,2.6674774079e-16,1.3242084005e+01
9.5400000000e-01,2.5983186636e-16,2.5983186636e-16,1.3251784219e+01
9.5600000000e-01,2.4541614025e-16,2.4541614025e-16,1.3272861913e+01
9.5800000000e-01,2.0084690216e-16,2.0084690216e-16,1.3346868061e+01
9.6000000000e-01,2.0361733513e-16,2.0361733513e-16,1.3341809260e+01
9.6200000000e-01,1.9803771623e-16,1.9803771623e-16,1.3352069382e+01
9.6400000000e-01,2.7805994505e-16,2.7805994505e-16,1.3226747030e+01
9.6600000000e-01,2.9516447500e-16,2.9516447500e-16,1.3204703117e+01
9.6800000000e-01,3.3890331734e-16,3.3890331734e-16,1.3153676690e+01
9.7000000000e-01,3.4055249164e-16,3.4055249164e-16,1.3151884107e+01
9.7200000000e-01,3.2324983172e-16,3.2324983172e-16,1.3171139206e+01
9.7400000000e-01,3.0173491844e-16,3.0173491844e-16,1.3196573232e+01
9.7600000000e-01,2.7246255730e-16,2.7246255730e-16,1.3234256314e+01
9.7800000000e-01,2.6037037858e-16,2.6037037858e-16,1.3251019685e+01
9.8000000000e-01,2.5766656306e-16,2.5766656306e-16,1.3254874412e+01
9.8200000000e-01,2.5766656306e-16,2.5766656306e-16,1.3254874412e+01
9.8400000000e-01,2.6037037858e-16,2.6037037858e-16,1.3251019685e+01
9.8600000000e-01,2.1499376425e-16,2.1499376425e-16,1.3321733340e+01
9.8800000000e-01,2.1171122394e-16,2.1171122394e-16,1.3327414855e+01
9.9000000000e-01,1.6653345369e-16,1.6653345369e-16,1.3416049469e+01
9.9200000000e-01,1.5248353014e-16,1.5248353014e-16,1.3448596731e+01
9.9400000000e-01,1.7713031824e-16,1.7713031824e-16,1.3393269422e+01
9.9600000000e-01,2.0292827280e-16,2.0292827280e-16,1.3343061025e+01
9.9800000000e-01,2.2948949813e-16,2.2948949813e-16,1.3297639161e+01
1.0000000000e+00,2.1104858938e-16,2.1104858938e-16,1.3328572443e+01
1.0020000000e+00,2.1038386776e-16,2.1038386776e-16,1.3329737335e+01
1.0040000000e+00,2.1950686895e-16,2.1950686895e-16,1.3314061953e+01
1.0060000000e+00,2.3670034416e-16,2.3670034416e-16,1.3286214816e+01
1.0080000000e+00,2.3788090183e-16,2.3788090183e-16,1.3284377639e+01
1.0100000000e+00,2.6410922153e-16,2.6410922153e-16,1.3245754796e+01
1.0120000000e+00,2.4598621336e-16,2.4598621336e-16,1.3272005138e+01
1.0140000000e+00,2.5272680969e-16,2.5272680969e-16,1.3262022453e+01
1.0160000000e+00,2.5766656306e-16,2.5766656306e-16,1.3254874412e+01
1.0180000000e+00,2.4712241438e-16,2.4712241438e-16,1.3270303424e+01
1.0200000000e+00,2.7502094730e-16,2.7502094730e-16,1.3230805098e+01
1.0220000000e+00,2.7906559008e-16,2.7906559008e-16,1.3225413922e+01
1.0240000000e+00,2.7654462071e-16,2.7654462071e-16,1.3228764915e+01
1.0260000000e+00,2.7502094730e-16,2.7502094730e-16,1.3230805098e+01
1.0280000000e+00,2.4254567729e-16,2.4254567729e-16,1.3277206459e+01
1.0300000000e+00,2.4768856041e-16,2.4768856041e-16,1.3269458412e+01
1.0320000000e+00,2.7039841729e-16,2.7039841729e-16,1.3237064501e+01
1.0340000000e+00,2.5105862770e-16,2.5105862770e-16,1.3264467982e+01
1.0360000000e+00,2.5105862770e-16,2.5105862770e-16,1.3264467982e+01
1.0380000000e+00,2.4937928693e-16,2.4937928693e-16,1.3266946337e+01
1.0400000000e+00,1.9083391838e-16,1.9083391838e-16,1.3365752284e+01
1.0420000000e+00,1.7791932133e-16,1.7791932133e-16,1.3391628214e+01
1.0440000000e+00,1.7554167343e-16,1.7554167343e-16,1.3396596263e+01
1.0460000000e+00,1.7474193499e-16,1.7474193499e-16,1.3398282436e+01
1.0480000000e+00,1.8181298421e-16,1.8181298421e-16,1.3383634122e+01
1.0500000000e+00,1.8181298421e-16,1.8181298421e-16,1.3383634122e+01
1.0520000000e+00,1.9009852482e-16,1.9009852482e-16,1.3367178042e+01
1.0540000000e+00,1.2746703632e-16,1.2746703632e-16,1.3514769359e+01
1.0560000000e+00,1.2746703632e-16,1.2746703632e-16,1.3514769359e+01
1.0580000000e+00,1.2746703632e-16,1.2746703632e-16,1.3514769359e+01
1.0600000000e+00,1.6227358034e-16,1.6227358034e-16,1.3425618174e+01
1.0620000000e+00,1.6227358034e-16,1.6227358034e-16,1.3425618174e+01
1.0640000000e+00,1.9661807272e-16,1.9661807272e-16,1.3354726042e+01
1.0660000000e+00,1.9229626864e-16,1.9229626864e-16,1.3362933379e+01
1.0680000000e+00,2.3432138586e-16,2.3432138586e-16,1.3289944936e+01
1.0700000000e+00,2.4080697619e-16,2.4080697619e-16,1.3279863119e+01
1.0720000000e+00,2.3670034416e-16,2.3670034416e-16,1.3286214816e+01
1.0740000000e+00,2.3670034416e-16,2.3670034416e-16,1.3286214816e+01
1.0760000000e+00,2.6410922153e-16,2.6410922153e-16,1.3245754796e+01
1.0780000000e+00,2.4881698793e-16,2.4881698793e-16,1.3267779904e+01
1.0800000000e+00,2.3312280313e-16,2.3312280313e-16,1.3291838642e+01
1.0820000000e+00,2.3670034416e-16,2.3670034416e-16,1.3286214816e+01
1.0840000000e+00,2.7956705606e-16,2.7956705606e-16,1.3224750960e+01
1.0860000000e+00,2.7194799110e-16,2.7194799110e-16,1.3234954367e+01
1.0880000000e+00,2.8551595754e-16,2.8551595754e-16,1.3216975719e+01
1.0900000000e+00,2.6251338080e-16,2.6251338080e-16,1.3247992819e+01
1.0920000000e+00,2.3191802606e-16,2.3191802606e-16,1.3293751972e+01
1.0940000000e+00,2.3191802606e-16,2.3191802606e-16,1.3293751972e+01
1.0960000000e+00,2.2455366315e-16,2.2455366315e-16,1.3305668021e+01
1.0980000000e+00,2.2455366315e-16,2.2455366315e-16,1.3305668021e+01
1.1000000000e+00,2.2765110138e-16,2.2765110138e-16,1.3300609220e+01
1.1020000000e+00,2.6674774079e-16,2.6674774079e-16,1.3242084005e+01
1.1040000000e+00,2.7603766406e-16,2.7603766406e-16,1.3229442474e+01
1.1060000000e+00,2.6251338080e-16,2.6251338080e-16,1.3247992819e+01
1.1080000000e+00,2.6936041569e-16,2.6936041569e-16,1.3238484774e+01
1.1100000000e+00,2.5820959119e-16,2.5820959119e-16,1.3254097001e+01
1.1120000000e+00,3.3599778518e-16,3.3599778518e-16,1.3156856210e+01
1.1140000000e+00,3.4464090327e-16,3.4464090327e-16,1.3147477342e+01
1.1160000000e+00,3.3848976829e-16,3.3848976829e-16,1.3154127569e+01
1.1180000000e+00,3.4055249164e-16,3.4055249164e-16,1.3151884107e+01
1.1200000000e+00,3.4423424720e-16,3.4423424720e-16,1.3147913315e+01
1.1220000000e+00,3.4423424720e-16,3.4423424720e-16,1.3147913315e+01
1.1240000000e+00,3.1267748137e-16,3.1267748137e-16,1.3183418613e+01
1.1260000000e+00,3.1976455650e-16,3.1976455650e-16,1.3175142283e+01
1.1280000000e+00,3.0173491844e-16,3.0173491844e-16,1.3196573232e+01
1.1300000000e+00,2.7856322138e-16,2.7856322138e-16,1.3226079272e+01
1.1320000000e+00,2.6727231896e-16,2.6727231896e-16,1.3241358524e+01
1.1340000000e+00,1.9874373528e-16,1.9874373528e-16,1.3350755251e+01
1.1360000000e+00,1.9874373528e-16,1.9874373528e-16,1.3350755251e+01
1.1380000000e+00,2.2204460493e-16,2.2204460493e-16,1.3309817290e+01
1.1400000000e+00,2.1368679916e-16,2.1368679916e-16,1.3323985010e+01
1.1420000000e+00,2.0635057602e-16,2.0635057602e-16,1.3336885377e+01
1.1440000000e+00,1.9518810412e-16,1.9518810412e-16,1.3357421487e+01
1.1460000000e+00,1.9229626864e-16,1.9229626864e-16,1.3362933379e+01
1.1480000000e+00,1.8712805263e-16,1.8712805263e-16,1.3372993788e+01
1.1500000000e+00,1.6140811507e-16,1.6140811507e-16,1.3427592895e+01
1.1520000000e+00,1.6986445260e-16,1.6986445260e-16,1.3408736248e+01
1.1540000000e+00,1.5611459901e-16,1.5611459901e-16,1.3439906436e+01
1.1560000000e+00,1.5878341795e-16,1.5878341795e-16,1.3433647034e+01
1.1580000000e+00,1.5521479555e-16,1.5521479555e-16,1.3442040965e+01
1.1600000000e+00,1.5430974530e-16,1.5430974530e-16,1.3444200460e+01
1.1620000000e+00,1.4781931755e-16,1.4781931755e-16,1.3460068413e+01
1.1640000000e+00,1.6140811507e-16,1.6140811507e-16,1.3427592895e+01
1.1660000000e+00,1.7150569316e-16,1.7150569316e-16,1.3405185471e+01
1.1680000000e+00,2.0635057602e-16,2.0635057602e-16,1.3336885377e+01
1.1700000000e+00,1.9446917680e-16,1.9446917680e-16,1.3358784111e+01
1.1720000000e+00,2.0837698054e-16,2.0837698054e-16,1.3333276766e+01
1.1740000000e+00,1.9009852482e-16,1.9009852482e-16,1.3367178042e+01
1.1760000000e+00,1.8637803737e-16,1.8637803737e-16,1.3374476806e+01
1.1780000000e+00,2.1693944883e-16,2.1693944883e-16,1.3318406499e+01
1.1800000000e+00,2.2455366315e-16,2.2455366315e-16,1.3305668021e+01
1.1820000000e+00,2.7194799110e-16,2.7194799110e-16,1.3234954367e+01
1.1840000000e+00,2.7603766406e-16,2.7603766406e-16,1.3229442474e+01
1.1860000000e+00,2.6831839857e-16,2.6831839857e-16,1.3239916058e+01
1.1880000000e+00,2.8502495811e-16,2.8502495811e-16,1.3217611295e+01
1.1900000000e+00,2.6727231896e-16,2.6727231896e-16,1.3241358524e+01
1.1920000000e+00,2.6197927368e-16,2.6197927368e-16,1.3248744897e+01
1.1940000000e+00,2.8156398898e-16,2.8156398898e-16,1.3222122663e+01
1.1960000000e+00,2.8006762415e-16,2.8006762415e-16,1.3224090370e+01
1.1980000000e+00,2.9516447500e-16,2.9516447500e-16,1.3204703117e+01
1.2000000000e+00,2.8206101318e-16,2.8206101318e-16,1.3221471394e+01
1.2020000000e+00,2.8747156915e-16,2.8747156915e-16,1.3214455070e+01
1.2040000000e+00,2.5272680969e-16,2.5272680969e-16,1.3262022453e+01
1.2060000000e+00,2.5493407265e-16,2.5493407265e-16,1.3258811335e+01
1.2080000000e+00,2.5766656306e-16,2.5766656306e-16,1.3254874412e+01
1.2100000000e+00,2.3788090183e-16,2.3788090183e-16,1.3284377639e+01
1.2120000000e+00,2.3964083386e-16,2.3964083386e-16,1.3281655703e+01
1.2140000000e+00,2.5105862770e-16,2.5105862770e-16,1.3264467982e+01
1.2160000000e+00,2.3252119489e-16,2.3252119489e-16,1.3292792828e+01
1.2180000000e+00,2.5105862770e-16,2.5105862770e-16,1.3264467982e+01
1.2200000000e+00,1.9874373528e-16,1.9874373528e-16,1.3350755251e+01
1.2220000000e+00,1.9944725513e-16,1.9944725513e-16,1.3349450406e+01
1.2240000000e+00,1.9944725513e-16,1.9944725513e-16,1.3349450406e+01
1.2260000000e+00,1.4300305703e-16,1.4300305703e-16,1.3472300348e+01
1.2280000000e+00,1.5063517662e-16,1.5063517662e-16,1.3453100240e+01
1.2300000000e+00,1.8026561152e-16,1.8026561152e-16,1.3386790347e+01
1.2320000000e+00,2.3252119489e-16,2.3252119489e-16,1.3292792828e+01
1.2340000000e+00,2.7297615353e-16,2.7297615353e-16,1.3233560891e+01
1.2360000000e+00,2.6674774079e-16,2.6674774079e-16,1.3242084005e+01
1.2380000000e+00,2.5820959119e-16,2.5820959119e-16,1.3254097001e+01
1.2400000000e+00,2.4312248115e-16,2.4312248115e-16,1.3276329333e+01
1.2420000000e+00,2.4312248115e-16,2.4312248115e-16,1.3276329333e+01
1.2440000000e+00,2.4254567729e-16,2.4254567729e-16,1.3277206459e+01
1.2460000000e+00,2.6727231896e-16,2.6727231896e-16,1.3241358524e+01
1.2480000000e+00,2.6304640345e-16,2.6304640345e-16,1.3247243793e+01
1.2500000000e+00,2.7194799110e-16,2.7194799110e-16,1.3234954367e+01
1.2520000000e+00,2.6357834818e-16,2.6357834818e-16,1.3246497793e+01
1.2540000000e+00,1.9732917114e-16,1.9732917114e-16,1.3353392934e+01
1.2560000000e+00,1.5966311121e-16,1.5966311121e-16,1.3431606851e+01
1.2580000000e+00,1.4591189161e-16,1.4591189161e-16,1.3464864389e+01
1.2600000000e+00,1.5966311121e-16,1.5966311121e-16,1.3431606851e+01
1.2620000000e+00,1.5966311121e-16,1.5966311121e-16,1.3431606851e+01
1.2640000000e+00,1.4591189161e-16,1.4591189161e-16,1.3464864389e+01
1.2660000000e+00,1.5063517662e-16,1.5063517662e-16,1.3453100240e+01
1.2680000000e+00,1.3493995776e-16,1.3493995776e-16,1.3493731297e+01
1.2700000000e+00,1.4876385954e-16,1.4876385954e-16,1.3457716347e+01
1.2720000000e+00,1.5966311121e-16,1.5966311121e-16,1.3431606851e+01
1.2740000000e+00,1.6313445418e-16,1.6313445418e-16,1.3423664349e+01
1.2760000000e+00,1.5700924587e-16,1.5700924587e-16,1.3437796303e+01
1.2780000000e+00,1.5966311121e-16,1.5966311121e-16,1.3431606851e+01
1.2800000000e+00,1.4876385954e-16,1.4876385954e-16,1.3457716347e+01
1.2820000000e+00,1.5156217107e-16,1.5156217107e-16,1.3450834755e+01
1.2840000000e+00,1.6140811507e-16,1.6140811507e-16,1.3427592895e+01
1.2860000000e+00,1.6986445260e-16,1.6986445260e-16,1.3408736248e+01
1.2880000000e+00,1.7393851954e-16,1.7393851954e-16,1.3399984150e+01
1.2900000000e+00,2.0014830212e-16,2.0014830212e-16,1.3348154719e+01
1.2920000000e+00,2.0014830212e-16,2.0014830212e-16,1.3348154719e+01
1.2940000000e+00,1.8258175290e-16,1.8258175290e-16,1.3382076014e+01
1.2960000000e+00,1.8936027533e-16,1.8936027533e-16,1.3368614895e+01
1.2980000000e+00,2.3131328441e-16,2.3131328441e-16,1.3294716124e+01
1.3000000000e+00,2.2641721098e-16,2.2641721098e-16,1.3302616139e+01
1.3020000000e+00,2.2141289780e-16,2.2141289780e-16,1.3310869342e+01
1.3040000000e+00,2.4881698793e-16,2.4881698793e-16,1.3267779904e+01
1.3060000000e+00,2.6674774079e-16,2.6674774079e-16,1.3242084005e+01
1.3080000000e+00,2.5820959119e-16,2.5820959119e-16,1.3254097001e+01
1.3100000000e+00,2.6674774079e-16,2.6674774079e-16,1.3242084005e+01
1.3120000000e+00,2.4712241438e-16,2.4712241438e-16,1.3270303424e+01
1.3140000000e+00,2.2826554541e-16,2.2826554541e-16,1.3299613883e+01
1.3160000000e+00,2.3551386880e-16,2.3551386880e-16,1.3288070456e+01
1.3180000000e+00,2.3312280313e-16,2.3312280313e-16,1.3291838642e+01
1.3200000000e+00,1.9374758182e-16,1.9374758182e-16,1.3360156866e+01
1.3220000000e+00,2.0223686271e-16,2.0223686271e-16,1.3344321335e+01
1.3240000000e+00,2.1104858938e-16,2.1104858938e-16,1.3328572443e+01
1.3260000000e+00,1.6313445418e-16,1.6313445418e-16,1.3423664349e+01
1.3280000000e+00,2.0361733513e-16,2.0361733513e-16,1.3341809260e+01
1.3300000000e+00,2.0567067112e-16,2.0567067112e-16,1.3338104092e+01
1.3320000000e+00,1.8637803737e-16,1.8637803737e-16,1.3374476806e+01
1.3340000000e+00,1.8637803737e-16,1.8637803737e-16,1.3374476806e+01
1.3360000000e+00,2.4825341532e-16,2.4825341532e-16,1.3268617250e+01
1.3380000000e+00,2.5328042878e-16,2.5328042878e-16,1.3261214423e+01
1.3400000000e+00,2.6516777976e-16,2.6516777976e-16,1.3244277710e+01
1.3420000000e+00,3.4504708008e-16,3.4504708008e-16,1.3147042395e+01
1.3440000000e+00,3.4014094769e-16,3.4014094769e-16,1.3152330624e+01
1.3460000000e+00,3.4868138014e-16,3.4868138014e-16,1.3143173308e+01
1.3480000000e+00,3.4014094769e-16,3.4014094769e-16,1.3152330624e+01
1.3500000000e+00,3.3095753273e-16,3.3095753273e-16,1.3162437532e+01
1.3520000000e+00,3.3766115072e-16,3.3766115072e-16,1.3155032643e+01
1.3540000000e+00,3.4423424720e-16,3.4423424720e-16,1.3147913315e+01
1.3560000000e+00,3.4545277931e-16,3.4545277931e-16,1.3146608471e+01
1.3580000000e+00,2.7856322138e-16,2.7856322138e-16,1.3226079272e+01
1.3600000000e+00,2.4937928693e-16,2.4937928693e-16,1.3266946337e+01
1.3620000000e+00,2.4881698793e-16,2.4881698793e-16,1.3267779904e+01
1.3640000000e+00,1.9009852482e-16,1.9009852482e-16,1.3367178042e+01
1.3660000000e+00,1.9302328926e-16,1.9302328926e-16,1.3361539903e+01
1.3680000000e+00,1.8712805263e-16,1.8712805263e-16,1.3372993788e+01
1.3700000000e+00,1.8787507377e-16,1.8787507377e-16,1.3371522588e+01
1.3720000000e+00,1.9446917680e-16,1.9446917680e-16,1.3358784111e+01
1.3740000000e+00,1.9518810412e-16,1.9518810412e-16,1.3357421487e+01
1.3760000000e+00,1.8562499172e-16,1.8562499172e-16,1.3375971832e+01
1.3780000000e+00,2.1564427637e-16,2.1564427637e-16,1.3320617719e+01
1.3800000000e+00,2.0702824805e-16,2.0702824805e-16,1.3335674653e+01
1.3820000000e+00,2.1038386776e-16,2.1038386776e-16,1.3329737335e+01
1.3840000000e+00,2.0154308069e-16,2.0154308069e-16,1.3345590307e+01
1.3860000000e+00,2.2267451996e-16,2.2267451996e-16,1.3308771198e+01
1.3880000000e+00,2.1886783741e-16,2.1886783741e-16,1.3315138543e+01
1.3900000000e+00,2.1758414401e-16,2.1758414401e-16,1.3317310741e+01
1.3920000000e+00,2.3070695759e-16,2.3070695759e-16,1.3295685337e+01
1.3940000000e+00,2.0971703924e-16,2.0971703924e-16,1.3330909622e+01
1.3960000000e+00,2.0498851113e-16,2.0498851113e-16,1.3339330905e+01
1.3980000000e+00,1.9661807272e-16,1.9661807272e-16,1.3354726042e+01
1.4000000000e+00,1.7232045163e-16,1.7232045163e-16,1.3403435366e+01
1.4020000000e+00,1.6569024092e-16,1.6569024092e-16,1.3417923949e+01
1.4040000000e+00,1.6569024092e-16,1.6569024092e-16,1.3417923949e+01
1.4060000000e+00,1.6820719880e-16,1.6820719880e-16,1.3412356652e+01
1.4080000000e+00,1.4397919844e-16,1.4397919844e-16,1.3469788272e+01
1.4100000000e+00,1.3597399555e-16,1.3597399555e-16,1.3490912392e+01
1.4120000000e+00,1.7474193499e-16,1.7474193499e-16,1.3398282436e+01
1.4140000000e+00,1.7068704556e-16,1.7068704556e-16,1.3406952324e+01
1.4160000000e+00,2.1171122394e-16,2.1171122394e-16,1.3327414855e+01
1.4180000000e+00,2.1499376425e-16,2.1499376425e-16,1.3321733340e+01
1.4200000000e+00,2.2826554541e-16,2.2826554541e-16,1.3299613883e+01
1.4220000000e+00,2.3905562948e-16,2.3905562948e-16,1.3282558564e+01
1.4240000000e+00,2.4484473985e-16,2.4484473985e-16,1.3273722682e+01
1.4260000000e+00,2.8698391558e-16,2.8698391558e-16,1.3215082013e+01
1.4280000000e+00,2.7654462071e-16,2.7654462071e-16,1.3228764915e+01
1.4300000000e+00,2.8844440296e-16,2.8844440296e-16,1.3213207533e+01
1.4320000000e+00,2.8892959153e-16,2.8892959153e-16,1.3212586912e+01
1.4340000000e+00,2.8354685848e-16,2.8354685848e-16,1.3219531257e+01
1.4360000000e+00,3.0450742617e-16,3.0450742617e-16,1.3193195674e+01
1.4380000000e+00,2.6727231896e-16,2.6727231896e-16,1.3241358524e+01
1.4400000000e+00,2.6304640345e-16,2.6304640345e-16,1.3247243793e+01
1.4420000000e+00,2.4484473985e-16,2.4484473985e-16,1.3273722682e+01
1.4440000000e+00,2.4022461263e-16,2.4022461263e-16,1.3280757235e+01
1.4460000000e+00,2.3131328441e-16,2.3131328441e-16,1.3294716124e+01
1.4480000000e+00,1.9156648890e-16,1.9156648890e-16,1.3364337452e+01
1.4500000000e+00,1.9156648890e-16,1.9156648890e-16,1.3364337452e+01
1.4520000000e+00,1.9156648890e-16,1.9156648890e-16,1.3364337452e+01
1.4540000000e+00,1.9156648890e-16,1.9156648890e-16,1.3364337452e+01
1.4560000000e+00,1.7554167343e-16,1.7554167343e-16,1.3396596263e+01
1.4580000000e+00,1.7554167343e-16,1.7554167343e-16,1.3396596263e+01
1.4600000000e+00,1.7554167343e-16,1.7554167343e-16,1.3396596263e+01
1.4620000000e+00,1.7948692274e-16,1.7948692274e-16,1.3388388926e+01
1.4640000000e+00,1.6653345369e-16,1.6653345369e-16,1.3416049469e+01
1.4660000000e+00,1.6653345369e-16,1.6653345369e-16,1.3416049469e+01
1.4680000000e+00,1.8562499172e-16,1.8562499172e-16,1.3375971832e+01
1.4700000000e+00,1.8936027533e-16,1.8936027533e-16,1.3368614895e+01
1.4720000000e+00,2.0567067112e-16,2.0567067112e-16,1.3338104092e+01
1.4740000000e+00,1.7948692274e-16,1.7948692274e-16,1.3388388926e+01
1.4760000000e+00,1.8334729820e-16,1.8334729820e-16,1.3380530945e+01
1.4780000000e+00,1.8861913638e-16,1.8861913638e-16,1.3370063018e+01
1.4800000000e+00,1.6399080890e-16,1.6399080890e-16,1.3421730984e+01
1.4820000000e+00,1.6399080890e-16,1.6399080890e-16,1.3421730984e+01
1.4840000000e+00,1.5966311121e-16,1.5966311121e-16,1.3431606851e+01
1.4860000000e+00,2.0837698054e-16,2.0837698054e-16,1.3333276766e+01
1.4880000000e+00,2.0837698054e-16,2.0837698054e-16,1.3333276766e+01
1.4900000000e+00,2.3432138586e-16,2.3432138586e-16,1.3289944936e+01
1.4920000000e+00,2.5328042878e-16,2.5328042878e-16,1.3261214423e+01
1.4940000000e+00,2.7552977465e-16,2.7552977465e-16,1.3230122529e+01
1.4960000000e+00,2.8795839688e-16,2.8795839688e-16,1.3213830248e+01
1.4980000000e+00,2.9516447500e-16,2.9516447500e-16,1.3204703117e+01
1.5000000000e+00,2.8404041300e-16,2.8404041300e-16,1.3218889049e+01
1.5020000000e+00,2.9373740230e-16,2.9373740230e-16,1.3206492805e+01
1.5040000000e+00,2.9373740230e-16,2.9373740230e-16,1.3206492805e+01
1.5060000000e+00,3.0816530420e-16,3.0816530420e-16,1.3188786278e+01
1.5080000000e+00,2.8156398898e-16,2.8156398898e-16,1.3222122663e+01
1.5100000000e+00,2.8206101318e-16,2.8206101318e-16,1.3221471394e+01
1.5120000000e+00,2.4768856041e-16,2.4768856041e-16,1.3269458412e+01
1.5140000000e+00,2.2703499442e-16,2.2703499442e-16,1.3301609953e+01
1.5160000000e+00,1.8562499172e-16,1.8562499172e-16,1.3375971832e+01
1.5180000000e+00,1.6053798412e-16,1.6053798412e-16,1.3429588965e+01
1.5200000000e+00,1.6986445260e-16,1.6986445260e-16,1.3408736248e+01
1.5220000000e+00,1.8258175290e-16,1.8258175290e-16,1.3382076014e+01
1.5240000000e+00,1.5611459901e-16,1.5611459901e-16,1.3439906436e+01
1.5260000000e+00,1.6903785669e-16,1.6903785669e-16,1.3410537576e+01
1.5280000000e+00,1.2964611787e-16,1.2964611787e-16,1.3508509957e+01
1.5300000000e+00,1.2964611787e-16,1.2964611787e-16,1.3508509957e+01
1.5320000000e+00,1.4003381208e-16,1.4003381208e-16,1.3480048395e+01
1.5340000000e+00,1.3493995776e-16,1.3493995776e-16,1.3493731297e+01
1.5360000000e+00,2.1499376425e-16,2.1499376425e-16,1.3321733340e+01
1.5380000000e+00,2.1303030975e-16,2.1303030975e-16,1.3325121227e+01
1.5400000000e+00,2.1758414401e-16,2.1758414401e-16,1.3317310741e+01
1.5420000000e+00,2.1758414401e-16,2.1758414401e-16,1.3317310741e+01
1.5440000000e+00,2.1564427637e-16,2.1564427637e-16,1.3320617719e+01
1.5460000000e+00,2.2014404553e-16,2.2014404553e-16,1.3312991604e+01
1.5480000000e+00,2.1499376425e-16,2.1499376425e-16,1.3321733340e+01
1.5500000000e+00,2.7091592669e-16,2.7091592669e-16,1.3236358440e+01
1.5520000000e+00,2.7091592669e-16,2.7091592669e-16,1.3236358440e+01
1.5540000000e+00,2.7039841729e-16,2.7039841729e-16,1.3237064501e+01
1.5560000000e+00,2.6463902992e-16,2.6463902992e-16,1.3245014776e+01
1.5580000000e+00,2.2014404553e-16,2.2014404553e-16,1.3312991604e+01
1.5600000000e+00,2.2204460493e-16,2.2204460493e-16,1.3309817290e+01
1.5620000000e+00,2.1886783741e-16,2.1886783741e-16,1.3315138543e+01
1.5640000000e+00,2.2204460493e-16,2.2204460493e-16,1.3309817290e+01
1.5660000000e+00,2.3131328441e-16,2.3131328441e-16,1.3294716124e+01
1.5680000000e+00,2.3191802606e-16,2.3191802606e-16,1.3293751972e+01
1.5700000000e+00,2.3191802606e-16,2.3191802606e-16,1.3293751972e+01
1.5720000000e+00,1.3801883203e-16,1.3801883203e-16,1.3485400499e+01
1.5740000000e+00,1.9874373528e-16,1.9874373528e-16,1.3350755251e+01
1.5760000000e+00,2.4427200283e-16,2.4427200283e-16,1.3274587483e+01
1.5780000000e+00,2.4825341532e-16,2.4825341532e-16,1.3268617250e+01
1.5800000000e+00,2.6727231896e-16,2.6727231896e-16,1.3241358524e+01
1.5820000000e+00,2.6463902992e-16,2.6463902992e-16,1.3245014776e+01
1.5840000000e+00,2.6463902992e-16,2.6463902992e-16,1.3245014776e+01
1.5860000000e+00,2.6144407542e-16,2.6144407542e-16,1.3249500050e+01
1.5880000000e+00,2.7502094730e-16,2.7502094730e-16,1.3230805098e+01
1.5900000000e+00,2.6883991199e-16,2.6883991199e-16,1.3239199029e+01
1.5920000000e+00,2.7805994505e-16,2.7805994505e-16,1.3226747030e+01
1.5940000000e+00,2.9038029316e-16,2.9038029316e-16,1.3210737467e+01
1.5960000000e+00,2.6357834818e-16,2.6357834818e-16,1.3246497793e+01
1.5980000000e+00,1.9446917680e-16,1.9446917680e-16,1.3358784111e+01
1.6000000000e+00,2.0084690216e-16,2.0084690216e-16,1.3346868061e+01
1.6020000000e+00,1.3389793477e-16,1.3389793477e-16,1.3496593907e+01
1.6040000000e+00,1.4202020650e-16,1.4202020650e-16,1.3474847073e+01
1.6060000000e+00,1.4686870115e-16,1.4686870115e-16,1.3462450829e+01
1.6080000000e+00,1.5156217107e-16,1.5156217107e-16,1.3450834755e+01
1.6100000000e+00,1.5878341795e-16,1.5878341795e-16,1.3433647034e+01
1.6120000000e+00,1.7068704556e-16,1.7068704556e-16,1.3406952324e+01
1.6140000000e+00,1.4970244210e-16,1.4970244210e-16,1.3455393868e+01
1.6160000000e+00,1.3493995776e-16,1.3493995776e-16,1.3493731297e+01
1.6180000000e+00,1.6737241847e-16,1.6737241847e-16,1.3414193828e+01
1.6200000000e+00,1.6737241847e-16,1.6737241847e-16,1.3414193828e+01
1.6220000000e+00,1.6737241847e-16,1.6737241847e-16,1.3414193828e+01
1.6240000000e+00,1.7633778488e-16,1.7633778488e-16,1.3394925349e+01
1.6260000000e+00,1.8410966031e-16,1.8410966031e-16,1.3378998698e+01
1.6280000000e+00,1.8181298421e-16,1.8181298421e-16,1.3383634122e+01
1.6300000000e+00,1.9302328926e-16,1.9302328926e-16,1.3361539903e+01
1.6320000000e+00,1.8104095107e-16,1.8104095107e-16,1.3385205490e+01
1.6340000000e+00,1.7232045163e-16,1.7232045163e-16,1.3403435366e+01
1.6360000000e+00,1.8334729820e-16,1.8334729820e-16,1.3380530945e+01
1.6380000000e+00,1.7713031824e-16,1.7713031824e-16,1.3393269422e+01
1.6400000000e+00,1.5521479555e-16,1.5521479555e-16,1.3442040965e+01
1.6420000000e+00,1.6737241847e-16,1.6737241847e-16,1.3414193828e+01
1.6440000000e+00,2.2455366315e-16,2.2455366315e-16,1.3305668021e+01
1.6460000000e+00,2.0904808366e-16,2.0904808366e-16,1.3332089401e+01
1.6480000000e+00,2.2392903423e-16,2.2392903423e-16,1.3306696630e+01
1.6500000000e+00,2.2641721098e-16,2.2641721098e-16,1.3302616139e+01
1.6520000000e+00,2.1303030975e-16,2.1303030975e-16,1.3325121227e+01
1.6540000000e+00,2.3252119489e-16,2.3252119489e-16,1.3292792828e+01
1.6560000000e+00,2.3070695759e-16,2.3070695759e-16,1.3295685337e+01
1.6580000000e+00,2.3905562948e-16,2.3905562948e-16,1.3282558564e+01
1.6600000000e+00,2.4937928693e-16,2.4937928693e-16,1.3266946337e+01
1.6620000000e+00,2.9658468116e-16,2.9658468116e-16,1.3202930610e+01
1.6640000000e+00,2.9516447500e-16,2.9516447500e-16,1.3204703117e+01
1.6660000000e+00,2.4994032091e-16,2.4994032091e-16,1.3266116517e+01
1.6680000000e+00,2.4712241438e-16,2.4712241438e-16,1.3270303424e+01
1.6700000000e+00,2.2765110138e-16,2.2765110138e-16,1.3300609220e+01
1.6720000000e+00,2.2204460493e-16,2.2204460493e-16,1.3309817290e+01
1.6740000000e+00,2.6727231896e-16,2.6727231896e-16,1.3241358524e+01
1.6760000000e+00,2.7502094730e-16,2.7502094730e-16,1.3230805098e+01
1.6780000000e+00,2.7906559008e-16,2.7906559008e-16,1.3225413922e+01
1.6800000000e+00,3.2626890836e-16,3.2626890836e-16,1.3167706325e+01
1.6820000000e+00,3.2368285246e-16,3.2368285246e-16,1.3170644870e+01
1.6840000000e+00,2.8404041300e-16,2.8404041300e-16,1.3218889049e+01
1.6860000000e+00,2.8006762415e-16,2.8006762415e-16,1.3224090370e+01
1.6880000000e+00,2.9468955197e-16,2.9468955197e-16,1.3205297754e+01
1.6900000000e+00,2.9611203595e-16,2.9611203595e-16,1.3203519557e+01
1.6920000000e+00,2.9611203595e-16,2.9611203595e-16,1.3203519557e+01
1.6940000000e+00,3.0358607028e-16,3.0358607028e-16,1.3194314676e+01
1.6960000000e+00,3.0725491726e-16,3.0725491726e-16,1.3189878794e+01
1.6980000000e+00,2.8892959153e-16,2.8892959153e-16,1.3212586912e+01
1.7000000000e+00,2.9799811894e-16,2.9799811894e-16,1.3201174958e+01
1.7020000000e+00,2.6622212897e-16,2.6622212897e-16,1.3242812348e+01
1.7040000000e+00,2.5328042878e-16,2.5328042878e-16,1.3261214423e+01
1.7060000000e+00,2.9658468116e-16,2.9658468116e-16,1.3202930610e+01
1.7080000000e+00,3.0358607028e-16,3.0358607028e-16,1.3194314676e+01
1.7100000000e+00,2.8206101318e-16,2.8206101318e-16,1.3221471394e+01
1.7120000000e+00,3.2583932436e-16,3.2583932436e-16,1.3168192846e+01
1.7140000000e+00,3.2583932436e-16,3.2583932436e-16,1.3168192846e+01
1.7160000000e+00,3.3641439760e-16,3.3641439760e-16,1.3156398627e+01
1.7180000000e+00,3.6285475659e-16,3.6285475659e-16,1.3128460109e+01
1.7200000000e+00,3.5307250355e-16,3.5307250355e-16,1.3138551948e+01
1.7220000000e+00,3.4868138014e-16,3.4868138014e-16,1.3143173308e+01
1.7240000000e+00,3.5662502737e-16,3.5662502737e-16,1.3134855023e+01
1.7260000000e+00,3.5307250355e-16,3.5307250355e-16,1.3138551948e+01
1.7280000000e+00,3.2540917325e-16,3.2540917325e-16,1.3168680652e+01
1.7300000000e+00,3.1756683591e-16,3.1756683591e-16,1.3177689009e+01
1.7320000000e+00,2.9752771909e-16,2.9752771909e-16,1.3201758322e+01
1.7340000000e+00,2.3070695759e-16,2.3070695759e-16,1.3295685337e+01
1.7360000000e+00,2.7091592669e-16,2.7091592669e-16,1.3236358440e+01
1.7380000000e+00,2.6622212897e-16,2.6622212897e-16,1.3242812348e+01
1.7400000000e+00,2.6674774079e-16,2.6674774079e-16,1.3242084005e+01
1.7420000000e+00,3.3348718125e-16,3.3348718125e-16,1.3159625782e+01
1.7440000000e+00,3.2840839954e-16,3.2840839954e-16,1.3165292765e+01
1.7460000000e+00,3.2281623015e-16,3.2281623015e-16,1.3171634870e+01
1.7480000000e+00,4.4879533785e-16,4.4879533785e-16,1.3049966612e+01
1.7500000000e+00,4.5376141254e-16,4.5376141254e-16,1.3045902961e+01
1.7520000000e+00,4.5806256474e-16,4.5806256474e-16,1.3042419184e+01
1.7540000000e+00,4.6080639166e-16,4.6080639166e-16,1.3040213833e+01
1.7560000000e+00,4.7576180367e-16,4.7576180367e-16,1.3028419615e+01
1.7580000000e+00,4.8161395237e-16,4.8161395237e-16,1.3023905094e+01
1.7600000000e+00,4.6383605212e-16,4.6383605212e-16,1.3037793947e+01
1.7620000000e+00,4.5745059043e-16,4.5745059043e-16,1.3042912860e+01
1.7640000000e+00,4.3677467328e-16,4.3677467328e-16,1.3059992100e+01
1.7660000000e+00,4.4219273481e-16,4.4219273481e-16,1.3055439600e+01
1.7680000000e+00,4.4155876640e-16,4.4155876640e-16,1.3055969399e+01
1.7700000000e+00,2.5929223574e-16,2.5929223574e-16,1.3252551932e+01
1.7720000000e+00,2.0084690216e-16,2.0084690216e-16,1.3346868061e+01
1.7740000000e+00,1.9803771623e-16,1.9803771623e-16,1.3352069382e+01
1.7760000000e+00,2.1237179099e-16,2.1237179099e-16,1.3326264480e+01
1.7780000000e+00,2.1237179099e-16,2.1237179099e-16,1.3326264480e+01
1.7800000000e+00,1.4003381208e-16,1.4003381208e-16,1.3480048395e+01
1.7820000000e+00,1.4781931755e-16,1.4781931755e-16,1.3460068413e+01
1.7840000000e+00,1.5430974530e-16,1.5430974530e-16,1.3444200460e+01
1.7860000000e+00,2.0498851113e-16,2.0498851113e-16,1.3339330905e+01
1.7880000000e+00,2.2014404553e-16,2.2014404553e-16,1.3312991604e+01
1.7900000000e+00,2.2826554541e-16,2.2826554541e-16,1.3299613883e+01
1.7920000000e+00,2.2826554541e-16,2.2826554541e-16,1.3299613883e+01
1.7940000000e+00,2.2330265808e-16,2.2330265808e-16,1.3307731000e+01
1.7960000000e+00,2.2141289780e-16,2.2141289780e-16,1.3310869342e+01
1.7980000000e+00,2.2014404553e-16,2.2014404553e-16,1.3312991604e+01
1.8000000000e+00,2.3491838398e-16,2.3491838398e-16,1.3289005317e+01
1.8020000000e+00,2.4427200283e-16,2.4427200283e-16,1.3274587483e+01
1.8040000000e+00,2.5929223574e-16,2.5929223574e-16,1.3252551932e+01
1.8060000000e+00,2.5272680969e-16,2.5272680969e-16,1.3262022453e+01
1.8080000000e+00,1.8936027533e-16,1.8936027533e-16,1.3368614895e+01
1.8100000000e+00,1.8787507377e-16,1.8787507377e-16,1.3371522588e+01
1.8120000000e+00,1.8787507377e-16,1.8787507377e-16,1.3371522588e+01
1.8140000000e+00,1.8787507377e-16,1.8787507377e-16,1.3371522588e+01
1.8160000000e+00,2.0292827280e-16,2.0292827280e-16,1.3343061025e+01
1.8180000000e+00,2.2392903423e-16,2.2392903423e-16,1.3306696630e+01
1.8200000000e+00,2.2765110138e-16,2.2765110138e-16,1.3300609220e+01
1.8220000000e+00,2.1038386776e-16,2.1038386776e-16,1.3329737335e+01
1.8240000000e+00,2.0014830212e-16,2.0014830212e-16,1.3348154719e+01
1.8260000000e+00,1.8258175290e-16,1.8258175290e-16,1.3382076014e+01
1.8280000000e+00,1.9446917680e-16,1.9446917680e-16,1.3358784111e+01
1.8300000000e+00,2.1950686895e-16,2.1950686895e-16,1.3314061953e+01
1.8320000000e+00,2.4881698793e-16,2.4881698793e-16,1.3267779904e+01
1.8340000000e+00,2.4022461263e-16,2.4022461263e-16,1.3280757235e+01
1.8360000000e+00,2.2455366315e-16,2.2455366315e-16,1.3305668021e+01
1.8380000000e+00,2.0567067112e-16,2.0567067112e-16,1.3338104092e+01
1.8400000000e+00,1.9732917114e-16,1.9732917114e-16,1.3353392934e+01
1.8420000000e+00,1.9944725513e-16,1.9944725513e-16,1.3349450406e+01
1.8440000000e+00,2.0014830212e-16,2.0014830212e-16,1.3348154719e+01
1.8460000000e+00,2.0904808366e-16,2.0904808366e-16,1.3332089401e+01
1.8480000000e+00,2.1434127787e-16,2.1434127787e-16,1.3322855742e+01
1.8500000000e+00,1.7633778488e-16,1.7633778488e-16,1.3394925349e+01
1.8520000000e+00,1.6903785669e-16,1.6903785669e-16,1.3410537576e+01
1.8540000000e+00,1.4300305703e-16,1.4300305703e-16,1.3472300348e+01
1.8560000000e+00,1.6399080890e-16,1.6399080890e-16,1.3421730984e+01
1.8580000000e+00,1.5611459901e-16,1.5611459901e-16,1.3439906436e+01
1.8600000000e+00,1.5700924587e-16,1.5700924587e-16,1.3437796303e+01
1.8620000000e+00,1.5248353014e-16,1.5248353014e-16,1.3448596731e+01
1.8640000000e+00,1.5789882379e-16,1.5789882379e-16,1.3435710013e+01
1.8660000000e+00,1.7068704556e-16,1.7068704556e-16,1.3406952324e+01
1.8680000000e+00,1.6484271494e-16,1.6484271494e-16,1.3419817654e+01
1.8700000000e+00,1.4003381208e-16,1.4003381208e-16,1.3480048395e+01
1.8720000000e+00,1.4876385954e-16,1.4876385954e-16,1.3457716347e+01
1.8740000000e+00,1.4876385954e-16,1.4876385954e-16,1.3457716347e+01
1.8760000000e+00,1.5156217107e-16,1.5156217107e-16,1.3450834755e+01
1.8780000000e+00,1.5789882379e-16,1.5789882379e-16,1.3435710013e+01
1.8800000000e+00,1.6227358034e-16,1.6227358034e-16,1.3425618174e+01
1.8820000000e+00,1.6820719880e-16,1.6820719880e-16,1.3412356652e+01
1.8840000000e+00,1.6140811507e-16,1.6140811507e-16,1.3427592895e+01
1.8860000000e+00,1.9083391838e-16,1.9083391838e-16,1.3365752284e+01
1.8880000000e+00,2.1499376425e-16,2.1499376425e-16,1.3321733340e+01
1.8900000000e+00,2.1758414401e-16,2.1758414401e-16,1.3317310741e+01
1.8920000000e+00,2.2703499442e-16,2.2703499442e-16,1.3301609953e+01
1.8940000000e+00,2.3846898901e-16,2.3846898901e-16,1.3283465861e+01
1.8960000000e+00,2.3846898901e-16,2.3846898901e-16,1.3283465861e+01
1.8980000000e+00,2.3846898901e-16,2.3846898901e-16,1.3283465861e+01
1.9000000000e+00,2.2948949813e-16,2.2948949813e-16,1.3297639161e+01
1.9020000000e+00,2.2392903423e-16,2.2392903423e-16,1.3306696630e+01
1.9040000000e+00,2.1886783741e-16,2.1886783741e-16,1.3315138543e+01
1.9060000000e+00,2.2267451996e-16,2.2267451996e-16,1.3308771198e+01
1.9080000000e+00,1.2636340485e-16,1.2636340485e-16,1.3517980478e+01
1.9100000000e+00,1.6484271494e-16,1.6484271494e-16,1.3419817654e+01
1.9120000000e+00,2.2267451996e-16,2.2267451996e-16,1.3308771198e+01
1.9140000000e+00,2.3191802606e-16,2.3191802606e-16,1.3293751972e+01
1.9160000000e+00,2.2204460493e-16,2.2204460493e-16,1.3309817290e+01
1.9180000000e+00,2.3846898901e-16,2.3846898901e-16,1.3283465861e+01
1.9200000000e+00,2.3846898901e-16,2.3846898901e-16,1.3283465861e+01
1.9220000000e+00,2.4080697619e-16,2.4080697619e-16,1.3279863119e+01
1.9240000000e+00,2.4768856041e-16,2.4768856041e-16,1.3269458412e+01
1.9260000000e+00,2.3846898901e-16,2.3846898901e-16,1.3283465861e+01
1.9280000000e+00,2.4994032091e-16,2.4994032091e-16,1.3266116517e+01
1.9300000000e+00,2.5657705897e-16,2.5657705897e-16,1.3256439122e+01
1.9320000000e+00,2.5272680969e-16,2.5272680969e-16,1.3262022453e+01
1.9340000000e+00,1.5339935538e-16,1.5339935538e-16,1.3446385511e+01
1.9360000000e+00,1.7393851954e-16,1.7393851954e-16,1.3399984150e+01
1.9380000000e+00,1.8026561152e-16,1.8026561152e-16,1.3386790347e+01
1.9400000000e+00,1.7474193499e-16,1.7474193499e-16,1.3398282436e+01
1.9420000000e+00,1.8104095107e-16,1.8104095107e-16,1.3385205490e+01
1.9440000000e+00,2.4655496837e-16,2.4655496837e-16,1.3271152320e+01
1.9460000000e+00,2.5820959119e-16,2.5820959119e-16,1.3254097001e+01
1.9480000000e+00,2.5820959119e-16,2.5820959119e-16,1.3254097001e+01
1.9500000000e+00,2.5217197519e-16,2.5217197519e-16,1.3262834036e+01
1.9520000000e+00,2.4080697619e-16,2.4080697619e-16,1.3279863119e+01
1.9540000000e+00,2.3372286282e-16,2.3372286282e-16,1.3290889361e+01
1.9560000000e+00,2.6622212897e-16,2.6622212897e-16,1.3242812348e+01
1.9580000000e+00,2.7039841729e-16,2.7039841729e-16,1.3237064501e+01
1.9600000000e+00,3.1535379964e-16,3.1535379964e-16,1.3180271354e+01
1.9620000000e+00,3.2281623015e-16,3.2281623015e-16,1.3171634870e+01
1.9640000000e+00,3.0679871075e-16,3.0679871075e-16,1.3190427486e+01
1.9660000000e+00,2.8354685848e-16,2.8354685848e-16,1.3219531257e+01
1.9680000000e+00,2.5548290874e-16,2.5548290874e-16,1.3258017206e+01
1.9700000000e+00,2.5929223574e-16,2.5929223574e-16,1.3252551932e+01
1.9720000000e+00,2.7603766406e-16,2.7603766406e-16,1.3229442474e+01
1.9740000000e+00,2.7603766406e-16,2.7603766406e-16,1.3229442474e+01
1.9760000000e+00,2.7194799110e-16,2.7194799110e-16,1.3234954367e+01
1.9780000000e+00,2.5161591724e-16,2.5161591724e-16,1.3263649201e+01
1.9800000000e+00,2.4881698793e-16,2.4881698793e-16,1.3267779904e+01
1.9820000000e+00,1.9590439315e-16,1.9590439315e-16,1.3356068846e+01
1.9840000000e+00,2.0971703924e-16,2.0971703924e-16,1.3330909622e+01
1.9860000000e+00,2.1950686895e-16,2.1950686895e-16,1.3314061953e+01
1.9880000000e+00,2.2887833993e-16,2.2887833993e-16,1.3298623882e+01
1.9900000000e+00,2.4022461263e-16,2.4022461263e-16,1.3280757235e+01
1.9920000000e+00,2.5712238809e-16,2.5712238809e-16,1.3255655109e+01
1.9940000000e+00,2.4825341532e-16,2.4825341532e-16,1.3268617250e+01
1.9960000000e+00,2.5548290874e-16,2.5548290874e-16,1.3258017206e+01
1.9980000000e+00,2.5161591724e-16,2.5161591724e-16,1.3263649201e+01
2.0000000000e+00,2.6037037858e-16,2.6037037858e-16,1.3251019685e+01
2.0020000000e+00,2.6037037858e-16,2.6037037858e-16,1.3251019685e+01
2.0040000000e+00,2.2765110138e-16,2.2765110138e-16,1.3300609220e+01
2.0060000000e+00,2.2579773729e-16,2.2579773729e-16,1.3303627838e+01
2.0080000000e+00,2.3670034416e-16,2.3670034416e-16,1.3286214816e+01
2.0100000000e+00,2.5657705897e-16,2.5657705897e-16,1.3256439122e+01
2.0120000000e+00,2.3788090183e-16,2.3788090183e-16,1.3284377639e+01
2.0140000000e+00,2.3131328441e-16,2.3131328441e-16,1.3294716124e+01
2.0160000000e+00,2.2392903423e-16,2.2392903423e-16,1.3306696630e+01
2.0180000000e+00,2.1038386776e-16,2.1038386776e-16,1.3329737335e+01
2.0200000000e+00,2.1758414401e-16,2.1758414401e-16,1.3317310741e+01
2.0220000000e+00,2.0361733513e-16,2.0361733513e-16,1.3341809260e+01
2.0240000000e+00,2.0837698054e-16,2.0837698054e-16,1.3333276766e+01
2.0260000000e+00,2.0904808366e-16,2.0904808366e-16,1.3332089401e+01
2.0280000000e+00,2.0635057602e-16,2.0635057602e-16,1.3336885377e+01
2.0300000000e+00,2.1368679916e-16,2.1368679916e-16,1.3323985010e+01
2.0320000000e+00,1.9803771623e-16,1.9803771623e-16,1.3352069382e+01
2.0340000000e+00,1.9009852482e-16,1.9009852482e-16,1.3367178042e+01
2.0360000000e+00,2.1758414401e-16,2.1758414401e-16,1.3317310741e+01
2.0380000000e+00,2.6936041569e-16,2.6936041569e-16,1.3238484774e+01
2.0400000000e+00,2.6936041569e-16,2.6936041569e-16,1.3238484774e+01
2.0420000000e+00,3.3222476468e-16,3.3222476468e-16,1.3161026305e+01
2.0440000000e+00,3.3222476468e-16,3.3222476468e-16,1.3161026305e+01
2.0460000000e+00,3.6401096161e-16,3.6401096161e-16,1.3127285335e+01
2.0480000000e+00,3.6130739450e-16,3.6130739450e-16,1.3130038193e+01
2.0500000000e+00,3.8349838844e-16,3.8349838844e-16,1.3108027407e+01
2.0520000000e+00,3.6554687966e-16,3.6554687966e-16,1.3125730508e+01
2.0540000000e+00,3.6554687966e-16,3.6554687966e-16,1.3125730508e+01
2.0560000000e+00,3.4666702833e-16,3.4666702833e-16,1.3145312784e+01
2.0580000000e+00,3.4055249164e-16,3.4055249164e-16,1.3151884107e+01
2.0600000000e+00,3.8821742925e-16,3.8821742925e-16,1.3103511188e+01
2.0620000000e+00,3.8532024377e-16,3.8532024377e-16,1.3106277302e+01
2.0640000000e+00,3.1535379964e-16,3.1535379964e-16,1.3180271354e+01
2.0660000000e+00,3.1756683591e-16,3.1756683591e-16,1.3177689009e+01
2.0680000000e+00,2.9705657434e-16,2.9705657434e-16,1.3202343536e+01
2.0700000000e+00,2.9705657434e-16,2.9705657434e-16,1.3202343536e+01
2.0720000000e+00,2.8156398898e-16,2.8156398898e-16,1.3222122663e+01
2.0740000000e+00,2.8354685848e-16,2.8354685848e-16,1.3219531257e+01
2.0760000000e+00,2.6357834818e-16,2.6357834818e-16,1.3246497793e+01
2.0780000000e+00,2.6883991199e-16,2.6883991199e-16,1.3239199029e+01
2.0800000000e+00,2.7091592669e-16,2.7091592669e-16,1.3236358440e+01
2.0820000000e+00,1.5430974530e-16,1.5430974530e-16,1.3444200460e+01
2.0840000000e+00,1.8104095107e-16,1.8104095107e-16,1.3385205490e+01
2.0860000000e+00,1.8486887863e-16,1.8486887863e-16,1.3377479062e+01
2.0880000000e+00,1.7713031824e-16,1.7713031824e-16,1.3393269422e+01
2.0900000000e+00,1.7313137589e-16,1.7313137589e-16,1.3401701695e+01
2.0920000000e+00,1.5789882379e-16,1.5789882379e-16,1.3435710013e+01
2.0940000000e+00,1.7713031824e-16,1.7713031824e-16,1.3393269422e+01
2.0960000000e+00,1.8334729820e-16,1.8334729820e-16,1.3380530945e+01
2.0980000000e+00,1.9229626864e-16,1.9229626864e-16,1.3362933379e+01
2.1000000000e+00,1.9229626864e-16,1.9229626864e-16,1.3362933379e+01
2.1020000000e+00,2.2455366315e-16,2.2455366315e-16,1.3305668021e+01
2.1040000000e+00,2.0904808366e-16,2.0904808366e-16,1.3332089401e+01
2.1060000000e+00,2.1303030975e-16,2.1303030975e-16,1.3325121227e+01
2.1080000000e+00,2.1886783741e-16,2.1886783741e-16,1.3315138543e+01
2.1100000000e+00,2.4138793475e-16,2.4138793475e-16,1.3278973312e+01
2.1120000000e+00,2.2141289780e-16,2.2141289780e-16,1.3310869342e+01
2.1140000000e+00,1.9803771623e-16,1.9803771623e-16,1.3352069382e+01
2.1160000000e+00,2.0084690216e-16,2.0084690216e-16,1.3346868061e+01
2.1180000000e+00,2.7194799110e-16,2.7194799110e-16,1.3234954367e+01
2.1200000000e+00,2.7194799110e-16,2.7194799110e-16,1.3234954367e+01
2.1220000000e+00,2.7552977465e-16,2.7552977465e-16,1.3230122529e+01
2.1240000000e+00,3.0952586403e-16,3.0952586403e-16,1.3187159530e+01
2.1260000000e+00,3.6130739450e-16,3.6130739450e-16,1.3130038193e+01
2.1280000000e+00,3.5307250355e-16,3.5307250355e-16,1.3138551948e+01
2.1300000000e+00,3.4545277931e-16,3.4545277931e-16,1.3146608471e+01
2.1320000000e+00,3.1267748137e-16,3.1267748137e-16,1.3183418613e+01
2.1340000000e+00,3.2324983172e-16,3.2324983172e-16,1.3171139206e+01
2.1360000000e+00,3.2669792749e-16,3.2669792749e-16,1.3167221082e+01
2.1380000000e+00,3.2669792749e-16,3.2669792749e-16,1.3167221082e+01
2.1400000000e+00,3.0771044741e-16,3.0771044741e-16,1.3189331728e+01
2.1420000000e+00,3.6401096161e-16,3.6401096161e-16,1.3127285335e+01
2.1440000000e+00,4.0689057669e-16,4.0689057669e-16,1.3086163382e+01
2.1460000000e+00,3.5936382261e-16,3.5936382261e-16,1.3132029957e+01
2.1480000000e+00,3.2368285246e-16,3.2368285246e-16,1.3170644870e+01
2.1500000000e+00,3.2151191681e-16,3.2151191681e-16,1.3173129896e+01
2.1520000000e+00,3.1222919802e-16,3.1222919802e-16,1.3183948411e+01
2.1540000000e+00,3.2020229053e-16,3.2020229053e-16,1.3174637127e+01
2.1560000000e+00,2.6516777976e-16,2.6516777976e-16,1.3244277710e+01
2.1580000000e+00,2.6516777976e-16,2.6516777976e-16,1.3244277710e+01
2.1600000000e+00,2.7755575616e-16,2.7755575616e-16,1.3227417211e+01
2.1620000000e+00,2.7906559008e-16,2.7906559008e-16,1.3225413922e+01
2.1640000000e+00,2.3551386880e-16,2.3551386880e-16,1.3288070456e+01
2.1660000000e+00,1.7474193499e-16,1.7474193499e-16,1.3398282436e+01
2.1680000000e+00,1.6737241847e-16,1.6737241847e-16,1.3414193828e+01
2.1700000000e+00,1.6737241847e-16,1.6737241847e-16,1.3414193828e+01
2.1720000000e+00,1.8861913638e-16,1.8861913638e-16,1.3370063018e+01
2.1740000000e+00,2.0223686271e-16,2.0223686271e-16,1.3344321335e+01
2.1760000000e+00,2.3070695759e-16,2.3070695759e-16,1.3295685337e+01
2.1780000000e+00,2.3252119489e-16,2.3252119489e-16,1.3292792828e+01
2.1800000000e+00,2.4022461263e-16,2.4022461263e-16,1.3280757235e+01
2.1820000000e+00,2.0971703924e-16,2.0971703924e-16,1.3330909622e+01
2.1840000000e+00,1.9374758182e-16,1.9374758182e-16,1.3360156866e+01
2.1860000000e+00,1.9302328926e-16,1.9302328926e-16,1.3361539903e+01
2.1880000000e+00,2.3491838398e-16,2.3491838398e-16,1.3289005317e+01
2.1900000000e+00,2.3846898901e-16,2.3846898901e-16,1.3283465861e+01
2.1920000000e+00,2.4022461263e-16,2.4022461263e-16,1.3280757235e+01
2.1940000000e+00,2.4022461263e-16,2.4022461263e-16,1.3280757235e+01
2.1960000000e+00,2.3964083386e-16,2.3964083386e-16,1.3281655703e+01
2.1980000000e+00,1.9083391838e-16,1.9083391838e-16,1.3365752284e+01
2.2000000000e+00,2.8404041300e-16,2.8404041300e-16,1.3218889049e+01
2.2020000000e+00,3.0450742617e-16,3.0450742617e-16,1.3193195674e+01
2.2040000000e+00,3.0080507057e-16,3.0080507057e-16,1.3197712956e+01
2.2060000000e+00,3.1267748137e-16,3.1267748137e-16,1.3183418613e+01
2.2080000000e+00,3.0861949060e-16,3.0861949060e-16,1.3188242435e+01
2.2100000000e+00,2.6674774079e-16,2.6674774079e-16,1.3242084005e+01
2.2120000000e+00,2.7246255730e-16,2.7246255730e-16,1.3234256314e+01
2.2140000000e+00,2.7297615353e-16,2.7297615353e-16,1.3233560891e+01
2.2160000000e+00,2.7705064972e-16,2.7705064972e-16,1.3228089833e+01
2.2180000000e+00,3.3390692614e-16,3.3390692614e-16,1.3159161292e+01
2.2200000000e+00,3.3390692614e-16,3.3390692614e-16,1.3159161292e+01
2.2220000000e+00,2.7755575616e-16,2.7755575616e-16,1.3227417211e+01
2.2240000000e+00,2.3432138586e-16,2.3432138586e-16,1.3289944936e+01
2.2260000000e+00,2.3131328441e-16,2.3131328441e-16,1.3294716124e+01
2.2280000000e+00,2.5050009836e-16,2.5050009836e-16,1.3265290409e+01
2.2300000000e+00,2.5929223574e-16,2.5929223574e-16,1.3252551932e+01
2.2320000000e+00,2.6090777931e-16,2.6090777931e-16,1.3250258304e+01
2.2340000000e+00,2.5929223574e-16,2.5929223574e-16,1.3252551932e+01
2.2360000000e+00,2.4138793475e-16,2.4138793475e-16,1.3278973312e+01
2.2380000000e+00,2.1886783741e-16,2.1886783741e-16,1.3315138543e+01
2.2400000000e+00,1.8181298421e-16,1.8181298421e-16,1.3383634122e+01
2.2420000000e+00,1.7948692274e-16,1.7948692274e-16,1.3388388926e+01
2.2440000000e+00,1.9083391838e-16,1.9083391838e-16,1.3365752284e+01
2.2460000000e+00,1.8181298421e-16,1.8181298421e-16,1.3383634122e+01
2.2480000000e+00,1.8181298421e-16,1.8181298421e-16,1.3383634122e+01
2.2500000000e+00,1.7633778488e-16,1.7633778488e-16,1.3394925349e+01
2.2520000000e+00,1.8181298421e-16,1.8181298421e-16,1.3383634122e+01
2.2540000000e+00,1.8787507377e-16,1.8787507377e-16,1.3371522588e+01
2.2560000000e+00,2.3070695759e-16,2.3070695759e-16,1.3295685337e+01
2.2580000000e+00,2.3070695759e-16,2.3070695759e-16,1.3295685337e+01
2.2600000000e+00,2.4484473985e-16,2.4484473985e-16,1.3273722682e+01
2.2620000000e+00,2.2765110138e-16,2.2765110138e-16,1.3300609220e+01
2.2640000000e+00,2.4369791978e-16,2.4369791978e-16,1.3275456354e+01
2.2660000000e+00,2.6304640345e-16,2.6304640345e-16,1.3247243793e+01
2.2680000000e+00,2.5983186636e-16,2.5983186636e-16,1.3251784219e+01
2.2700000000e+00,2.4994032091e-16,2.4994032091e-16,1.3266116517e+01
2.2720000000e+00,2.4994032091e-16,2.4994032091e-16,1.3266116517e+01
2.2740000000e+00,2.4369791978e-16,2.4369791978e-16,1.3275456354e+01
2.2760000000e+00,2.0837698054e-16,2.0837698054e-16,1.3333276766e+01
2.2780000000e+00,1.8936027533e-16,1.8936027533e-16,1.3368614895e+01
2.2800000000e+00,2.0567067112e-16,2.0567067112e-16,1.3338104092e+01
2.2820000000e+00,1.7948692274e-16,1.7948692274e-16,1.3388388926e+01
2.2840000000e+00,1.8258175290e-16,1.8258175290e-16,1.3382076014e+01
2.2860000000e+00,1.4876385954e-16,1.4876385954e-16,1.3457716347e+01
2.2880000000e+00,1.2412670766e-16,1.2412670766e-16,1.3524575275e+01
2.2900000000e+00,1.2525004918e-16,1.2525004918e-16,1.3521248434e+01
2.2920000000e+00,1.3801883203e-16,1.3801883203e-16,1.3485400499e+01
2.2940000000e+00,1.3072203771e-16,1.3072203771e-16,1.3505458074e+01
2.2960000000e+00,1.3493995776e-16,1.3493995776e-16,1.3493731297e+01
2.2980000000e+00,1.3597399555e-16,1.3597399555e-16,1.3490912392e+01
2.3000000000e+00,1.3902997252e-16,1.3902997252e-16,1.3482705055e+01
2.3020000000e+00,1.3597399555e-16,1.3597399555e-16,1.3490912392e+01
2.3040000000e+00,1.7633778488e-16,1.7633778488e-16,1.3394925349e+01
2.3060000000e+00,1.7633778488e-16,1.7633778488e-16,1.3394925349e+01
2.3080000000e+00,1.9156648890e-16,1.9156648890e-16,1.3364337452e+01
2.3100000000e+00,2.1950686895e-16,2.1950686895e-16,1.3314061953e+01
2.3120000000e+00,2.1434127787e-16,2.1434127787e-16,1.3322855742e+01
2.3140000000e+00,2.0904808366e-16,2.0904808366e-16,1.3332089401e+01
2.3160000000e+00,2.6304640345e-16,2.6304640345e-16,1.3247243793e+01
2.3180000000e+00,2.7705064972e-16,2.7705064972e-16,1.3228089833e+01
2.3200000000e+00,2.7297615353e-16,2.7297615353e-16,1.3233560891e+01
2.3220000000e+00,2.7297615353e-16,2.7297615353e-16,1.3233560891e+01
2.3240000000e+00,2.8305244335e-16,2.8305244335e-16,1.3220175707e+01
2.3260000000e+00,2.6357834818e-16,2.6357834818e-16,1.3246497793e+01
2.3280000000e+00,2.7603766406e-16,2.7603766406e-16,1.3229442474e+01
2.3300000000e+00,3.0679871075e-16,3.0679871075e-16,1.3190427486e+01
2.3320000000e+00,2.9134341452e-16,2.9134341452e-16,1.3209514716e+01
2.3340000000e+00,3.0127035324e-16,3.0127035324e-16,1.3197142215e+01
2.3360000000e+00,3.0679871075e-16,3.0679871075e-16,1.3190427486e+01
2.3380000000e+00,2.6090777931e-16,2.6090777931e-16,1.3250258304e+01
2.3400000000e+00,2.6090777931e-16,2.6090777931e-16,1.3250258304e+01
2.3420000000e+00,2.8156398898e-16,2.8156398898e-16,1.3222122663e+01
2.3440000000e+00,2.7348878525e-16,2.7348878525e-16,1.3232868077e+01
2.3460000000e+00,2.7039841729e-16,2.7039841729e-16,1.3237064501e+01
2.3480000000e+00,2.4937928693e-16,2.4937928693e-16,1.3266946337e+01
2.3500000000e+00,2.1104858938e-16,2.1104858938e-16,1.3328572443e+01
2.3520000000e+00,1.9446917680e-16,1.9446917680e-16,1.3358784111e+01
2.3540000000e+00,2.4080697619e-16,2.4080697619e-16,1.3279863119e+01
2.3560000000e+00,2.4768856041e-16,2.4768856041e-16,1.3269458412e+01
2.3580000000e+00,2.5050009836e-16,2.5050009836e-16,1.3265290409e+01
2.3600000000e+00,2.3191802606e-16,2.3191802606e-16,1.3293751972e+01
2.3620000000e+00,2.2141289780e-16,2.2141289780e-16,1.3310869342e+01
2.3640000000e+00,2.8989753257e-16,2.8989753257e-16,1.3211351892e+01
2.3660000000e+00,2.9134341452e-16,2.9134341452e-16,1.3209514716e+01
2.3680000000e+00,3.1579764757e-16,3.1579764757e-16,1.3179751988e+01
2.3700000000e+00,3.3095753273e-16,3.3095753273e-16,1.3162437532e+01
2.3720000000e+00,3.3641439760e-16,3.3641439760e-16,1.3156398627e+01
2.3740000000e+00,3.1042959111e-16,3.1042959111e-16,1.3186082940e+01
2.3760000000e+00,3.2063942696e-16,3.2063942696e-16,1.3174133348e+01
2.3780000000e+00,3.2063942696e-16,3.2063942696e-16,1.3174133348e+01
2.3800000000e+00,3.2281623015e-16,3.2281623015e-16,1.3171634870e+01
2.3820000000e+00,3.3766115072e-16,3.3766115072e-16,1.3155032643e+01
2.3840000000e+00,3.4301138632e-16,3.4301138632e-16,1.3149227447e+01
2.3860000000e+00,2.6037037858e-16,2.6037037858e-16,1.3251019685e+01
2.3880000000e+00,2.6304640345e-16,2.6304640345e-16,1.3247243793e+01
2.3900000000e+00,2.9893669801e-16,2.9893669801e-16,1.3200013730e+01
2.3920000000e+00,2.8844440296e-16,2.8844440296e-16,1.3213207533e+01
2.3940000000e+00,2.8941396671e-16,2.8941396671e-16,1.3211968369e+01
2.3960000000e+00,2.9326016819e-16,2.9326016819e-16,1.3207093243e+01
2.3980000000e+00,2.7091592669e-16,2.7091592669e-16,1.3236358440e+01
2.4000000000e+00,2.7246255730e-16,2.7246255730e-16,1.3234256314e+01
2.4020000000e+00,2.7246255730e-16,2.7246255730e-16,1.3234256314e+01
2.4040000000e+00,2.8255716310e-16,2.8255716310e-16,1.3220822414e+01
2.4060000000e+00,3.1312512295e-16,3.1312512295e-16,1.3182890330e+01
2.4080000000e+00,2.9038029316e-16,2.9038029316e-16,1.3210737467e+01
2.4100000000e+00,2.8502495811e-16,2.8502495811e-16,1.3217611295e+01
2.4120000000e+00,2.5328042878e-16,2.5328042878e-16,1.3261214423e+01
2.4140000000e+00,2.6674774079e-16,2.6674774079e-16,1.3242084005e+01
2.4160000000e+00,2.5548290874e-16,2.5548290874e-16,1.3258017206e+01
2.4180000000e+00,2.5929223574e-16,2.5929223574e-16,1.3252551932e+01
2.4200000000e+00,2.4598621336e-16,2.4598621336e-16,1.3272005138e+01
2.4220000000e+00,2.4598621336e-16,2.4598621336e-16,1.3272005138e+01
2.4240000000e+00,2.3131328441e-16,2.3131328441e-16,1.3294716124e+01
2.4260000000e+00,2.9038029316e-16,2.9038029316e-16,1.3210737467e+01
2.4280000000e+00,2.5766656306e-16,2.5766656306e-16,1.3254874412e+01
2.4300000000e+00,2.4022461263e-16,2.4022461263e-16,1.3280757235e+01
2.4320000000e+00,2.3491838398e-16,2.3491838398e-16,1.3289005317e+01
2.4340000000e+00,2.4427200283e-16,2.4427200283e-16,1.3274587483e+01
2.4360000000e+00,2.7039841729e-16,2.7039841729e-16,1.3237064501e+01
2.4380000000e+00,3.0358607028e-16,3.0358607028e-16,1.3194314676e+01
2.4400000000e+00,3.0358607028e-16,3.0358607028e-16,1.3194314676e+01
2.4420000000e+00,3.2883462736e-16,3.2883462736e-16,1.3164813816e+01
2.4440000000e+00,3.2238204538e-16,3.2238204538e-16,1.3172131868e+01
2.4460000000e+00,3.2626890836e-16,3.2626890836e-16,1.3167706325e+01
2.4480000000e+00,2.7956705606e-16,2.7956705606e-16,1.3224750960e+01
2.4500000000e+00,2.9230336248e-16,2.9230336248e-16,1.3208300010e+01
2.4520000000e+00,3.0219876947e-16,3.0219876947e-16,1.3196005998e+01
2.4540000000e+00,2.9373740230e-16,2.9373740230e-16,1.3206492805e+01
2.4560000000e+00,3.3306690739e-16,3.3306690739e-16,1.3160091444e+01
2.4580000000e+00,2.9658468116e-16,2.9658468116e-16,1.3202930610e+01
2.4600000000e+00,3.1357212550e-16,3.1357212550e-16,1.3182363555e+01
2.4620000000e+00,3.0725491726e-16,3.0725491726e-16,1.3189878794e+01
2.4640000000e+00,2.9468955197e-16,2.9468955197e-16,1.3205297754e+01
2.4660000000e+00,3.0450742617e-16,3.0450742617e-16,1.3193195674e+01
2.4680000000e+00,3.0861949060e-16,3.0861949060e-16,1.3188242435e+01
2.4700000000e+00,3.3264610254e-16,3.3264610254e-16,1.3160558283e+01
2.4720000000e+00,3.1888728583e-16,3.1888728583e-16,1.3176156762e+01
2.4740000000e+00,2.9705657434e-16,2.9705657434e-16,1.3202343536e+01
2.4760000000e+00,2.9799811894e-16,2.9799811894e-16,1.3201174958e+01
2.4780000000e+00,2.8106608587e-16,2.8106608587e-16,1.3222776238e+01
2.4800000000e+00,2.8056729917e-16,2.8056729917e-16,1.3223432135e+01
2.4820000000e+00,2.5161591724e-16,2.5161591724e-16,1.3263649201e+01
2.4840000000e+00,2.4484473985e-16,2.4484473985e-16,1.3273722682e+01
2.4860000000e+00,2.7705064972e-16,2.7705064972e-16,1.3228089833e+01
2.4880000000e+00,2.6463902992e-16,2.6463902992e-16,1.3245014776e+01
2.4900000000e+00,2.7039841729e-16,2.7039841729e-16,1.3237064501e+01
2.4920000000e+00,2.5548290874e-16,2.5548290874e-16,1.3258017206e+01
2.4940000000e+00,2.5548290874e-16,2.5548290874e-16,1.3258017206e+01
2.4960000000e+00,2.5548290874e-16,2.5548290874e-16,1.3258017206e+01
2.4980000000e+00,2.4312248115e-16,2.4312248115e-16,1.3276329333e+01
2.5000000000e+00,2.5161591724e-16,2.5161591724e-16,1.3263649201e+01
2.5020000000e+00,2.5383284040e-16,2.5383284040e-16,1.3260409913e+01
2.5040000000e+00,2.3372286282e-16,2.3372286282e-16,1.3290889361e+01
2.5060000000e+00,2.4138793475e-16,2.4138793475e-16,1.3278973312e+01
2.5080000000e+00,1.5339935538e-16,1.5339935538e-16,1.3446385511e+01
2.5100000000e+00,1.5878341795e-16,1.5878341795e-16,1.3433647034e+01
2.5120000000e+00,1.4397919844e-16,1.4397919844e-16,1.3469788272e+01
2.5140000000e+00,1.3493995776e-16,1.3493995776e-16,1.3493731297e+01
2.5160000000e+00,1.4876385954e-16,1.4876385954e-16,1.3457716347e+01
2.5180000000e+00,1.3902997252e-16,1.3902997252e-16,1.3482705055e+01
2.5200000000e+00,1.5156217107e-16,1.5156217107e-16,1.3450834755e+01
2.5220000000e+00,1.4003381208e-16,1.4003381208e-16,1.3480048395e+01
2.5240000000e+00,1.6053798412e-16,1.6053798412e-16,1.3429588965e+01
2.5260000000e+00,2.1950686895e-16,2.1950686895e-16,1.3314061953e+01
2.5280000000e+00,2.3372286282e-16,2.3372286282e-16,1.3290889361e+01
2.5300000000e+00,2.4312248115e-16,2.4312248115e-16,1.3276329333e+01
2.5320000000e+00,2.6569547736e-16,2.6569547736e-16,1.3243543575e+01
2.5340000000e+00,2.6987991553e-16,2.6987991553e-16,1.3237773272e+01
2.5360000000e+00,2.6987991553e-16,2.6987991553e-16,1.3237773272e+01
2.5380000000e+00,2.9752771909e-16,2.9752771909e-16,1.3201758322e+01
2.5400000000e+00,3.0450742617e-16,3.0450742617e-16,1.3193195674e+01
2.5420000000e+00,2.9705657434e-16,2.9705657434e-16,1.3202343536e+01
2.5440000000e+00,2.9278215618e-16,2.9278215618e-16,1.3207695641e+01
2.5460000000e+00,2.8404041300e-16,2.8404041300e-16,1.3218889049e+01
2.5480000000e+00,2.5217197519e-16,2.5217197519e-16,1.3262834036e+01
2.5500000000e+00,2.4138793475e-16,2.4138793475e-16,1.3278973312e+01
2.5520000000e+00,2.3610785176e-16,2.3610785176e-16,1.3287140305e+01
2.5540000000e+00,2.8551595754e-16,2.8551595754e-16,1.3216975719e+01
2.5560000000e+00,2.7502094730e-16,2.7502094730e-16,1.3230805098e+01
2.5580000000e+00,2.9182378322e-16,2.9182378322e-16,1.3208906364e+01
2.5600000000e+00,3.1267748137e-16,3.1267748137e-16,1.3183418613e+01
2.5620000000e+00,3.1133069486e-16,3.1133069486e-16,1.3185012591e+01
2.5640000000e+00,3.1446422438e-16,3.1446422438e-16,1.3181314491e+01
2.5660000000e+00,3.2063942696e-16,3.2063942696e-16,1.3174133348e+01
2.5680000000e+00,3.2497845278e-16,3.2497845278e-16,1.3169169751e+01
2.5700000000e+00,3.0312434215e-16,3.0312434215e-16,1.3194876730e+01
2.5720000000e+00,3.1357212550e-16,3.1357212550e-16,1.3182363555e+01
2.5740000000e+00,3.4301138632e-16,3.4301138632e-16,1.3149227447e+01
2.5760000000e+00,3.2063942696e-16,3.2063942696e-16,1.3174133348e+01
2.5780000000e+00,3.5188035889e-16,3.5188035889e-16,1.3139800891e+01
2.5800000000e+00,3.0219876947e-16,3.0219876947e-16,1.3196005998e+01
2.5820000000e+00,3.0588425652e-16,3.0588425652e-16,1.3191529786e+01
2.5840000000e+00,2.9987233942e-16,2.9987233942e-16,1.3198859759e+01
2.5860000000e+00,3.3558065556e-16,3.3558065556e-16,1.3157314930e+01
2.5880000000e+00,3.2883462736e-16,3.2883462736e-16,1.3164813816e+01
2.5900000000e+00,3.5148207878e-16,3.5148207878e-16,1.3140219090e+01
2.5920000000e+00,3.5188035889e-16,3.5188035889e-16,1.3139800891e+01
2.5940000000e+00,3.3222476468e-16,3.3222476468e-16,1.3161026305e+01
2.5960000000e+00,2.3964083386e-16,2.3964083386e-16,1.3281655703e+01
2.5980000000e+00,2.5217197519e-16,2.5217197519e-16,1.3262834036e+01
2.6000000000e+00,2.5217197519e-16,2.5217197519e-16,1.3262834036e+01
2.6020000000e+00,2.3670034416e-16,2.3670034416e-16,1.3286214816e+01
2.6040000000e+00,2.6987991553e-16,2.6987991553e-16,1.3237773272e+01
2.6060000000e+00,2.6727231896e-16,2.6727231896e-16,1.3241358524e+01
2.6080000000e+00,2.1950686895e-16,2.1950686895e-16,1.3314061953e+01
2.6100000000e+00,2.3131328441e-16,2.3131328441e-16,1.3294716124e+01
2.6120000000e+00,2.5217197519e-16,2.5217197519e-16,1.3262834036e+01
2.6140000000e+00,2.4541614025e-16,2.4541614025e-16,1.3272861913e+01
2.6160000000e+00,2.6727231896e-16,2.6727231896e-16,1.3241358524e+01
2.6180000000e+00,2.9134341452e-16,2.9134341452e-16,1.3209514716e+01
2.6200000000e+00,2.8892959153e-16,2.8892959153e-16,1.3212586912e+01
2.6220000000e+00,2.7502094730e-16,2.7502094730e-16,1.3230805098e+01
2.6240000000e+00,2.8844440296e-16,2.8844440296e-16,1.3213207533e+01
2.6260000000e+00,2.4484473985e-16,2.4484473985e-16,1.3273722682e+01
2.6280000000e+00,2.5983186636e-16,2.5983186636e-16,1.3251784219e+01
2.6300000000e+00,2.5161591724e-16,2.5161591724e-16,1.3263649201e+01
2.6320000000e+00,2.5161591724e-16,2.5161591724e-16,1.3263649201e+01
2.6340000000e+00,2.5328042878e-16,2.5328042878e-16,1.3261214423e+01
2.6360000000e+00,2.5383284040e-16,2.5383284040e-16,1.3260409913e+01
2.6380000000e+00,2.1038386776e-16,2.1038386776e-16,1.3329737335e+01
2.6400000000e+00,2.1038386776e-16,2.1038386776e-16,1.3329737335e+01
2.6420000000e+00,2.1237179099e-16,2.1237179099e-16,1.3326264480e+01
2.6440000000e+00,2.1822693461e-16,2.1822693461e-16,1.3316221447e+01
2.6460000000e+00,2.1038386776e-16,2.1038386776e-16,1.3329737335e+01
2.6480000000e+00,2.3788090183e-16,2.3788090183e-16,1.3284377639e+01
2.6500000000e+00,2.2826554541e-16,2.2826554541e-16,1.3299613883e+01
2.6520000000e+00,2.3491838398e-16,2.3491838398e-16,1.3289005317e+01
2.6540000000e+00,2.3905562948e-16,2.3905562948e-16,1.3282558564e+01
2.6560000000e+00,2.3905562948e-16,2.3905562948e-16,1.3282558564e+01
2.6580000000e+00,2.4080697619e-16,2.4080697619e-16,1.3279863119e+01
2.6600000000e+00,2.3551386880e-16,2.3551386880e-16,1.3288070456e+01
2.6620000000e+00,2.2014404553e-16,2.2014404553e-16,1.3312991604e+01
2.6640000000e+00,2.2077938320e-16,2.2077938320e-16,1.3311927424e+01
2.6660000000e+00,2.3312280313e-16,2.3312280313e-16,1.3291838642e+01
2.6680000000e+00,2.3729135718e-16,2.3729135718e-16,1.3285293942e+01
2.6700000000e+00,2.0702824805e-16,2.0702824805e-16,1.3335674653e+01
2.6720000000e+00,2.1038386776e-16,2.1038386776e-16,1.3329737335e+01
2.6740000000e+00,2.2330265808e-16,2.2330265808e-16,1.3307731000e+01
2.6760000000e+00,2.1564427637e-16,2.1564427637e-16,1.3320617719e+01
2.6780000000e+00,1.8104095107e-16,1.8104095107e-16,1.3385205490e+01
2.6800000000e+00,1.9874373528e-16,1.9874373528e-16,1.3350755251e+01
2.6820000000e+00,2.1758414401e-16,2.1758414401e-16,1.3317310741e+01
2.6840000000e+00,2.2267451996e-16,2.2267451996e-16,1.3308771198e+01
2.6860000000e+00,2.2579773729e-16,2.2579773729e-16,1.3303627838e+01
2.6880000000e+00,1.9590439315e-16,1.9590439315e-16,1.3356068846e+01
2.6900000000e+00,2.4427200283e-16,2.4427200283e-16,1.3274587483e+01
2.6920000000e+00,2.3491838398e-16,2.3491838398e-16,1.3289005317e+01
2.6940000000e+00,2.5875147970e-16,2.5875147970e-16,1.3253322851e+01
2.6960000000e+00,2.5105862770e-16,2.5105862770e-16,1.3264467982e+01
2.6980000000e+00,3.1712546414e-16,3.1712546414e-16,1.3178202597e+01
2.7000000000e+00,3.3222476468e-16,3.3222476468e-16,1.3161026305e+01
2.7020000000e+00,3.2583932436e-16,3.2583932436e-16,1.3168192846e+01
2.7040000000e+00,3.1042959111e-16,3.1042959111e-16,1.3186082940e+01
2.7060000000e+00,3.2755428002e-16,3.2755428002e-16,1.3166254406e+01
2.7080000000e+00,3.3516300679e-16,3.3516300679e-16,1.3157774793e+01
2.7100000000e+00,3.3516300679e-16,3.3516300679e-16,1.3157774793e+01
2.7120000000e+00,3.1624087256e-16,3.1624087256e-16,1.3179234078e+01
2.7140000000e+00,3.2238204538e-16,3.2238204538e-16,1.3172131868e+01
2.7160000000e+00,3.0679871075e-16,3.0679871075e-16,1.3190427486e+01
2.7180000000e+00,3.2583932436e-16,3.2583932436e-16,1.3168192846e+01
2.7200000000e+00,2.5050009836e-16,2.5050009836e-16,1.3265290409e+01
2.7220000000e+00,3.1624087256e-16,3.1624087256e-16,1.3179234078e+01
2.7240000000e+00,3.1490932613e-16,3.1490932613e-16,1.3180792186e+01
2.7260000000e+00,3.2883462736e-16,3.2883462736e-16,1.3164813816e+01
2.7280000000e+00,3.3890331734e-16,3.3890331734e-16,1.3153676690e+01
2.7300000000e+00,3.6091951742e-16,3.6091951742e-16,1.3130434831e+01
2.7320000000e+00,3.6208190213e-16,3.6208190213e-16,1.3129247465e+01
2.7340000000e+00,3.7425610525e-16,3.7425610525e-16,1.3117035764e+01
2.7360000000e+00,3.7425610525e-16,3.7425610525e-16,1.3117035764e+01
2.7380000000e+00,4.0447372541e-16,4.0447372541e-16,1.3088363311e+01
2.7400000000e+00,3.7835052561e-16,3.7835052561e-16,1.3113017837e+01
2.7420000000e+00,3.8203464879e-16,3.8203464879e-16,1.3109439534e+01
2.7440000000e+00,3.1800759509e-16,3.1800759509e-16,1.3177176846e+01
2.7460000000e+00,3.3890331734e-16,3.3890331734e-16,1.3153676690e+01
2.7480000000e+00,3.3516300679e-16,3.3516300679e-16,1.3157774793e+01
2.7500000000e+00,3.0952586403e-16,3.0952586403e-16,1.3187159530e+01
2.7520000000e+00,2.8502495811e-16,2.8502495811e-16,1.3217611295e+01
2.7540000000e+00,2.8747156915e-16,2.8747156915e-16,1.3214455070e+01
2.7560000000e+00,2.5875147970e-16,2.5875147970e-16,1.3253322851e+01
2.7580000000e+00,2.7705064972e-16,2.7705064972e-16,1.3228089833e+01
2.7600000000e+00,2.0971703924e-16,2.0971703924e-16,1.3330909622e+01
2.7620000000e+00,2.0971703924e-16,2.0971703924e-16,1.3330909622e+01
2.7640000000e+00,2.0971703924e-16,2.0971703924e-16,1.3330909622e+01
2.7660000000e+00,2.0498851113e-16,2.0498851113e-16,1.3339330905e+01
2.7680000000e+00,1.8181298421e-16,1.8181298421e-16,1.3383634122e+01
2.7700000000e+00,1.5156217107e-16,1.5156217107e-16,1.3450834755e+01
2.7720000000e+00,1.5966311121e-16,1.5966311121e-16,1.3431606851e+01
2.7740000000e+00,2.1564427637e-16,2.1564427637e-16,1.3320617719e+01
2.7760000000e+00,1.9732917114e-16,1.9732917114e-16,1.3353392934e+01
2.7780000000e+00,1.9518810412e-16,1.9518810412e-16,1.3357421487e+01
2.7800000000e+00,1.8936027533e-16,1.8936027533e-16,1.3368614895e+01
2.7820000000e+00,1.8562499172e-16,1.8562499172e-16,1.3375971832e+01
2.7840000000e+00,2.1171122394e-16,2.1171122394e-16,1.3327414855e+01
2.7860000000e+00,2.1499376425e-16,2.1499376425e-16,1.3321733340e+01
2.7880000000e+00,2.1499376425e-16,2.1499376425e-16,1.3321733340e+01
2.7900000000e+00,2.1038386776e-16,2.1038386776e-16,1.3329737335e+01
2.7920000000e+00,2.1237179099e-16,2.1237179099e-16,1.3326264480e+01
2.7940000000e+00,2.3070695759e-16,2.3070695759e-16,1.3295685337e+01
2.7960000000e+00,2.0770370905e-16,2.0770370905e-16,1.3334471817e+01
2.7980000000e+00,2.5603056834e-16,2.5603056834e-16,1.3257226478e+01
2.8000000000e+00,2.6463902992e-16,2.6463902992e-16,1.3245014776e+01
2.8020000000e+00,2.6883991199e-16,2.6883991199e-16,1.3239199029e+01
2.8040000000e+00,2.6463902992e-16,2.6463902992e-16,1.3245014776e+01
2.8060000000e+00,2.8255716310e-16,2.8255716310e-16,1.3220822414e+01
2.8080000000e+00,2.6674774079e-16,2.6674774079e-16,1.3242084005e+01
2.8100000000e+00,2.5161591724e-16,2.5161591724e-16,1.3263649201e+01
2.8120000000e+00,2.4254567729e-16,2.4254567729e-16,1.3277206459e+01
2.8140000000e+00,2.7039841729e-16,2.7039841729e-16,1.3237064501e+01
2.8160000000e+00,2.5929223574e-16,2.5929223574e-16,1.3252551932e+01
2.8180000000e+00,2.5548290874e-16,2.5548290874e-16,1.3258017206e+01
2.8200000000e+00,2.4768856041e-16,2.4768856041e-16,1.3269458412e+01
2.8220000000e+00,2.4138793475e-16,2.4138793475e-16,1.3278973312e+01
2.8240000000e+00,2.2887833993e-16,2.2887833993e-16,1.3298623882e+01
2.8260000000e+00,2.6144407542e-16,2.6144407542e-16,1.3249500050e+01
2.8280000000e+00,2.5217197519e-16,2.5217197519e-16,1.3262834036e+01
2.8300000000e+00,2.5929223574e-16,2.5929223574e-16,1.3252551932e+01
2.8320000000e+00,2.6090777931e-16,2.6090777931e-16,1.3250258304e+01
2.8340000000e+00,2.5875147970e-16,2.5875147970e-16,1.3253322851e+01
2.8360000000e+00,2.5272680969e-16,2.5272680969e-16,1.3262022453e+01
2.8380000000e+00,2.5493407265e-16,2.5493407265e-16,1.3258811335e+01
2.8400000000e+00,2.5493407265e-16,2.5493407265e-16,1.3258811335e+01
2.8420000000e+00,2.3905562948e-16,2.3905562948e-16,1.3282558564e+01
2.8440000000e+00,2.4541614025e-16,2.4541614025e-16,1.3272861913e+01
2.8460000000e+00,3.0266190962e-16,3.0266190962e-16,1.3195440501e+01
2.8480000000e+00,2.7956705606e-16,2.7956705606e-16,1.3224750960e+01
2.8500000000e+00,2.6516777976e-16,2.6516777976e-16,1.3244277710e+01
2.8520000000e+00,2.5929223574e-16,2.5929223574e-16,1.3252551932e+01
2.8540000000e+00,2.6779586955e-16,2.6779586955e-16,1.3240635883e+01
2.8560000000e+00,2.6936041569e-16,2.6936041569e-16,1.3238484774e+01
2.8580000000e+00,2.6569547736e-16,2.6569547736e-16,1.3243543575e+01
2.8600000000e+00,2.6516777976e-16,2.6516777976e-16,1.3244277710e+01
2.8620000000e+00,2.6516777976e-16,2.6516777976e-16,1.3244277710e+01
2.8640000000e+00,2.5712238809e-16,2.5712238809e-16,1.3255655109e+01
2.8660000000e+00,2.5217197519e-16,2.5217197519e-16,1.3262834036e+01
2.8680000000e+00,2.0292827280e-16,2.0292827280e-16,1.3343061025e+01
2.8700000000e+00,2.0498851113e-16,2.0498851113e-16,1.3339330905e+01
2.8720000000e+00,1.8410966031e-16,1.8410966031e-16,1.3378998698e+01
2.8740000000e+00,1.6820719880e-16,1.6820719880e-16,1.3412356652e+01
2.8760000000e+00,1.8410966031e-16,1.8410966031e-16,1.3378998698e+01
2.8780000000e+00,1.7633778488e-16,1.7633778488e-16,1.3394925349e+01
2.8800000000e+00,1.9229626864e-16,1.9229626864e-16,1.3362933379e+01
2.8820000000e+00,2.1629283205e-16,2.1629283205e-16,1.3319508799e+01
2.8840000000e+00,2.0904808366e-16,2.0904808366e-16,1.3332089401e+01
2.8860000000e+00,2.0292827280e-16,2.0292827280e-16,1.3343061025e+01
2.8880000000e+00,2.0770370905e-16,2.0770370905e-16,1.3334471817e+01
2.8900000000e+00,2.7502094730e-16,2.7502094730e-16,1.3230805098e+01
2.8920000000e+00,2.7502094730e-16,2.7502094730e-16,1.3230805098e+01
2.8940000000e+00,2.7246255730e-16,2.7246255730e-16,1.3234256314e+01
2.8960000000e+00,2.5983186636e-16,2.5983186636e-16,1.3251784219e+01
2.8980000000e+00,2.5983186636e-16,2.5983186636e-16,1.3251784219e+01
2.9000000000e+00,2.5820959119e-16,2.5820959119e-16,1.3254097001e+01
2.9020000000e+00,2.4022461263e-16,2.4022461263e-16,1.3280757235e+01
2.9040000000e+00,2.2765110138e-16,2.2765110138e-16,1.3300609220e+01
2.9060000000e+00,2.2641721098e-16,2.2641721098e-16,1.3302616139e+01
2.9080000000e+00,2.2330265808e-16,2.2330265808e-16,1.3307731000e+01
2.9100000000e+00,2.1499376425e-16,2.1499376425e-16,1.3321733340e+01
2.9120000000e+00,1.4876385954e-16,1.4876385954e-16,1.3457716347e+01
2.9140000000e+00,2.2641721098e-16,2.2641721098e-16,1.3302616139e+01
2.9160000000e+00,2.7805994505e-16,2.7805994505e-16,1.3226747030e+01
2.9180000000e+00,2.7805994505e-16,2.7805994505e-16,1.3226747030e+01
2.9200000000e+00,2.6987991553e-16,2.6987991553e-16,1.3237773272e+01
2.9220000000e+00,2.8404041300e-16,2.8404041300e-16,1.3218889049e+01
2.9240000000e+00,2.6987991553e-16,2.6987991553e-16,1.3237773272e+01
2.9260000000e+00,2.7451117680e-16,2.7451117680e-16,1.3231490200e+01
2.9280000000e+00,2.7705064972e-16,2.7705064972e-16,1.3228089833e+01
2.9300000000e+00,2.7705064972e-16,2.7705064972e-16,1.3228089833e+01
2.9320000000e+00,2.7246255730e-16,2.7246255730e-16,1.3234256314e+01
2.9340000000e+00,2.7246255730e-16,2.7246255730e-16,1.3234256314e+01
2.9360000000e+00,1.6820719880e-16,1.6820719880e-16,1.3412356652e+01
2.9380000000e+00,1.2636340485e-16,1.2636340485e-16,1.3517980478e+01
2.9400000000e+00,1.2746703632e-16,1.2746703632e-16,1.3514769359e+01
2.9420000000e+00,1.4003381208e-16,1.4003381208e-16,1.3480048395e+01
2.9440000000e+00,1.9803771623e-16,1.9803771623e-16,1.3352069382e+01
2.9460000000e+00,1.9446917680e-16,1.9446917680e-16,1.3358784111e+01
2.9480000000e+00,2.3610785176e-16,2.3610785176e-16,1.3287140305e+01
2.9500000000e+00,2.4484473985e-16,2.4484473985e-16,1.3273722682e+01
2.9520000000e+00,2.5328042878e-16,2.5328042878e-16,1.3261214423e+01
2.9540000000e+00,2.6197927368e-16,2.6197927368e-16,1.3248744897e+01
2.9560000000e+00,3.1312512295e-16,3.1312512295e-16,1.3182890330e+01
2.9580000000e+00,3.0679871075e-16,3.0679871075e-16,1.3190427486e+01
2.9600000000e+00,2.9038029316e-16,2.9038029316e-16,1.3210737467e+01
2.9620000000e+00,3.4014094769e-16,3.4014094769e-16,1.3152330624e+01
2.9640000000e+00,3.3890331734e-16,3.3890331734e-16,1.3153676690e+01
2.9660000000e+00,3.3306690739e-16,3.3306690739e-16,1.3160091444e+01
2.9680000000e+00,3.3138048183e-16,3.3138048183e-16,1.3161965924e+01
2.9700000000e+00,3.1579764757e-16,3.1579764757e-16,1.3179751988e+01
2.9720000000e+00,2.9326016819e-16,2.9326016819e-16,1.3207093243e+01
2.9740000000e+00,2.9086225249e-16,2.9086225249e-16,1.3210125079e+01
2.9760000000e+00,2.8941396671e-16,2.8941396671e-16,1.3211968369e+01
2.9780000000e+00,2.6463902992e-16,2.6463902992e-16,1.3245014776e+01
2.9800000000e+00,2.5712238809e-16,2.5712238809e-16,1.3255655109e+01
2.9820000000e+00,2.5983186636e-16,2.5983186636e-16,1.3251784219e+01
2.9840000000e+00,1.5789882379e-16,1.5789882379e-16,1.3435710013e+01
2.9860000000e+00,1.7068704556e-16,1.7068704556e-16,1.3406952324e+01
2.9880000000e+00,1.7068704556e-16,1.7068704556e-16,1.3406952324e+01
2.9900000000e+00,1.7068704556e-16,1.7068704556e-16,1.3406952324e+01
2.9920000000e+00,1.7377739073e-16,1.7377739073e-16,1.3400326383e+01
2.9940000000e+00,1.8224047830e-16,1.8224047830e-16,1.3382766883e+01
2.9960000000e+00,1.3597399555e-16,1.3597399555e-16,1.3490912392e+01
2.9980000000e+00,1.3758321128e-16,1.3758321128e-16,1.3486567846e+01
3.0000000000e+00,1.1775693440e-16,1.1775693440e-16,1.3544028481e+01
