# delta,gap,coarse,fine
0.000000000000000000e+00,8.881784197001252323e-16,2.632297830921320747e-01,2.616930200442830201e-01
2.000000000000000042e-03,2.664535259100375697e-15,1.714133041480359332e-01,1.357562050161411349e-01
4.000000000000000083e-03,1.776356839400250465e-15,5.111237466912946781e-01,9.094600397141341941e-02
6.000000000000000125e-03,8.881784197001252323e-16,3.487744477768947582e-02,1.920740103674056232e-01
8.000000000000000167e-03,6.217248937900876626e-15,3.712112463066801205e-01,8.616952980206957213e-02
1.000000000000000021e-02,7.993605777301127091e-15,3.069924745039258607e-01,9.072034200396621173e-02
1.200000000000000025e-02,8.881784197001252323e-16,5.456896363103212050e-02,1.575771239311640204e-01
1.400000000000000029e-02,1.776356839400250465e-15,1.890931420539164465e-01,1.268806876945854367e-01
1.600000000000000033e-02,2.664535259100375697e-15,4.124834954932946052e-01,8.039215885105412129e-02
1.800000000000000211e-02,3.552713678800500929e-15,2.837093971634839229e-01,9.751266103104845595e-02
2.000000000000000042e-02,0.000000000000000000e+00,8.857546025832556402e-02,9.495451901501772429e-02
2.199999999999999872e-02,8.881784197001252323e-16,8.424205456406619330e-02,4.706598453173697211e-02
2.400000000000000050e-02,8.881784197001252323e-16,9.854989611667730465e-02,1.680507789276670938e-01
2.600000000000000228e-02,6.217248937900876626e-15,4.556869588117269387e-01,7.269155992479314765e-02
2.800000000000000058e-02,8.881784197001252323e-16,2.339925836706884255e-01,1.062687716114285863e-01
2.999999999999999889e-02,7.105427357601001859e-15,5.539562180514402516e-03,1.645998893153751419e-01
3.200000000000000067e-02,1.776356839400250465e-15,8.153941260031898064e-02,1.252747312158927206e-01
3.400000000000000244e-02,1.776356839400250465e-15,4.421044427182980324e-02,5.033011507465571382e-02
3.600000000000000422e-02,0.000000000000000000e+00,1.726396808713994702e-01,1.289856445938023510e-01
3.799999999999999906e-02,7.993605777301127091e-15,1.775012768793620965e-01,8.155992925100041813e-02
4.000000000000000083e-02,2.664535259100375697e-15,1.114225927554471224e-01,1.410459104040552858e-01
4.200000000000000261e-02,1.776356839400250465e-15,1.657463122708154046e-01,8.737234656411489719e-02
4.399999999999999745e-02,2.664535259100375697e-15,1.921174387082610624e-01,6.344683373992490716e-02
4.599999999999999922e-02,0.000000000000000000e+00,1.476504108718635355e-01,9.822921689155704461e-02
4.800000000000000100e-02,8.881784197001252323e-16,3.432376418992937328e-01,1.445076101062294227e-01
5.000000000000000278e-02,2.664535259100375697e-15,3.042788600991788717e-01,9.065802953538194819e-02
5.200000000000000455e-02,0.000000000000000000e+00,2.212904019942404377e-01,8.212926342538992563e-02
5.399999999999999939e-02,1.776356839400250465e-15,1.767272093612506922e-02,9.855982666497896394e-02
5.600000000000000117e-02,8.881784197001252323e-16,2.658734444292887300e-01,1.353325560794395310e-01
5.800000000000000294e-02,6.217248937900876626e-15,1.685263238277047437e-01,1.096116450756085131e-01
5.999999999999999778e-02,2.664535259100375697e-15,9.031059114302449065e-02,1.419820102506358928e-01
6.199999999999999956e-02,2.664535259100375697e-15,3.436821060872967126e-01,8.295301396179263764e-02
6.400000000000000133e-02,5.329070518200751394e-15,4.205030151958542572e-01,7.783761310021891644e-02
6.600000000000000311e-02,1.776356839400250465e-15,7.023416604116911044e-02,1.411127249466228029e-01
6.800000000000000488e-02,4.440892098500626162e-15,8.175681468736779867e-02,9.137805091179654338e-02
7.000000000000000666e-02,8.881784197001252323e-16,3.469138943825436083e-01,1.178958231900613385e-01
7.200000000000000844e-02,6.217248937900876626e-15,9.040212552642168387e-02,1.016464771968696168e-01
7.399999999999999634e-02,1.776356839400250465e-15,1.740776201787807035e-03,1.592268791025082675e-01
7.599999999999999811e-02,2.664535259100375697e-15,2.088055635581875791e-01,1.387359440548723288e-01
7.799999999999999989e-02,2.664535259100375697e-15,2.298621802553824367e-01,9.555156737692280244e-02
8.000000000000000167e-02,4.440892098500626162e-15,2.229053341305293756e-01,9.234176308741356975e-02
8.200000000000000344e-02,0.000000000000000000e+00,1.238389448172722007e-01,1.372230959904651715e-01
8.400000000000000522e-02,5.329070518200751394e-15,2.484050050060224724e-01,8.480237327073750220e-02
8.600000000000000699e-02,1.776356839400250465e-15,8.276677071941851427e-02,1.333372976508964136e-01
8.799999999999999489e-02,0.000000000000000000e+00,6.080662740854262394e-01,5.586848049633055119e-02
8.999999999999999667e-02,4.440892098500626162e-15,1.119599308320393116e-01,4.702629711903905108e-02
9.199999999999999845e-02,2.664535259100375697e-15,2.156731239421877111e-01,9.829467744848144339e-02
9.400000000000000022e-02,4.440892098500626162e-15,2.045346742950798491e-01,8.026939312051165065e-02
9.600000000000000200e-02,8.881784197001252323e-16,1.296747474685177037e-01,1.399889886950196893e-01
9.800000000000000377e-02,4.440892098500626162e-15,4.195481055212255811e-02,1.040879267231968747e-01
1.000000000000000056e-01,1.776356839400250465e-15,1.308783906701811717e-01,1.334694985215718888e-01
1.020000000000000073e-01,0.000000000000000000e+00,8.340028278393011099e-03,1.629672377312107734e-01
1.040000000000000091e-01,3.552713678800500929e-15,4.180388707620612439e-03,1.103427473552730381e-01
1.059999999999999970e-01,0.000000000000000000e+00,3.034127954551665840e-01,1.111765177095651452e-01
1.079999999999999988e-01,1.776356839400250465e-15,5.082724455001041974e-02,1.131527605971878736e-01
1.100000000000000006e-01,4.440892098500626162e-15,5.406944994793744241e-01,6.593988927690147550e-02
1.120000000000000023e-01,1.776356839400250465e-15,1.276894301766084150e-01,1.064141854654729741e-01
1.140000000000000041e-01,2.664535259100375697e-15,1.553507332423393894e-01,1.011121317107340073e-01
1.160000000000000059e-01,0.000000000000000000e+00,1.307445253948837371e-01,1.206425943480046170e-01
1.180000000000000077e-01,3.552713678800500929e-15,2.456135573406479089e-01,1.278254511319814324e-01
1.199999999999999956e-01,8.881784197001252323e-16,2.122805228154729662e-01,1.269744193437160606e-01
1.219999999999999973e-01,1.776356839400250465e-15,3.959939035283369102e-01,1.063542978669430455e-01
1.239999999999999991e-01,8.881784197001252323e-16,7.384262414175089828e-02,1.461000653387884707e-01
1.260000000000000009e-01,1.776356839400250465e-15,1.550349656272939358e-01,1.222824713540895253e-01
1.280000000000000027e-01,5.329070518200751394e-15,8.687013439784170565e-02,4.470466390683963676e-02
1.300000000000000044e-01,8.881784197001252323e-16,2.054676594178265481e-01,1.187484455523618865e-01
1.320000000000000062e-01,8.881784197001252323e-16,1.282089074120587313e-01,1.382412118144391300e-01
1.340000000000000080e-01,8.881784197001252323e-16,4.333658266553890859e-01,5.062181254938348529e-02
1.360000000000000098e-01,4.440892098500626162e-15,2.205953947130090131e-01,9.314243041922326549e-02
1.380000000000000115e-01,2.664535259100375697e-15,3.817814042370888394e-01,5.011422130851911350e-02
1.400000000000000133e-01,2.664535259100375697e-15,2.451148861284369040e-02,1.181266835901803314e-01
1.420000000000000151e-01,4.440892098500626162e-15,1.933476061943193158e-01,1.328049210193953944e-01
1.440000000000000169e-01,8.881784197001252323e-16,3.790047907947228789e-01,6.320200485786524325e-02
1.459999999999999909e-01,3.552713678800500929e-15,3.380777384687556203e-02,1.085356463057311621e-01
1.479999999999999927e-01,2.664535259100375697e-15,5.008564755371831545e-01,5.228377010073681497e-02
1.499999999999999944e-01,1.776356839400250465e-15,1.548134513742004115e-01,1.095652855229141132e-01
1.519999999999999962e-01,8.881784197001252323e-16,3.776534565147956005e-03,1.566783754825983033e-01
1.539999999999999980e-01,8.881784197001252323e-16,9.855041035851051789e-02,1.463947198735202349e-01
1.559999999999999998e-01,2.664535259100375697e-15,1.761079410163535197e-02,1.196271947365677296e-01
1.580000000000000016e-01,5.329070518200751394e-15,2.927536862898978687e-02,9.986913646194733873e-02
1.600000000000000033e-01,3.552713678800500929e-15,6.743441973337710969e-03,1.295018868974842363e-01
1.620000000000000051e-01,0.000000000000000000e+00,1.631227600885777618e-01,1.115632590645578986e-01
1.640000000000000069e-01,8.881784197001252323e-16,3.662909942170348987e-02,1.263634779336193781e-01
1.660000000000000087e-01,2.664535259100375697e-15,5.372441332579969142e-01,7.347634287795386243e-02
1.680000000000000104e-01,8.881784197001252323e-16,4.146684185501767206e-01,9.420543246808113502e-02
1.700000000000000122e-01,1.776356839400250465e-15,2.625925578884166778e-01,8.860585642459706257e-02
1.720000000000000140e-01,2.664535259100375697e-15,8.732049121727818164e-02,1.529891882975547013e-01
1.740000000000000158e-01,1.776356839400250465e-15,2.594263323888433281e-01,1.185228009086104900e-01
1.759999999999999898e-01,5.329070518200751394e-15,1.437530869446852488e-01,1.219907327022385912e-01
1.779999999999999916e-01,2.664535259100375697e-15,2.879740642517422677e-01,9.403323149723792629e-02
1.799999999999999933e-01,6.217248937900876626e-15,2.520354490352637034e-01,5.526530627321429162e-02
1.819999999999999951e-01,4.440892098500626162e-15,5.344676024972573325e-01,6.361175361427504060e-02
1.839999999999999969e-01,7.105427357601001859e-15,4.166516813220846882e-01,4.730334680002018510e-02
1.859999999999999987e-01,8.881784197001252323e-16,5.710836658161537738e-01,4.169898167274532774e-02
1.880000000000000004e-01,1.776356839400250465e-15,1.717472630262582844e-01,1.061158513622530858e-01
1.900000000000000022e-01,8.881784197001252323e-16,3.202994527787857426e-01,1.239888786438278490e-01
1.920000000000000040e-01,1.065814103640150279e-14,7.736714617655815474e-02,6.587694016028063093e-02
1.940000000000000058e-01,0.000000000000000000e+00,5.668364522312068637e-02,7.312838950749074585e-02
1.960000000000000075e-01,8.881784197001252323e-16,3.039437722813534415e-01,1.096707114773693981e-01
1.980000000000000093e-01,1.776356839400250465e-15,2.764852353848538669e-01,1.185556835762334588e-01
2.000000000000000111e-01,2.664535259100375697e-15,4.333825390185404997e-02,1.267362264143185591e-01
2.020000000000000129e-01,4.440892098500626162e-15,2.807336575002686643e-02,1.529168774584297175e-01
2.040000000000000147e-01,0.000000000000000000e+00,2.410618188933203454e-01,1.014891488424562588e-01
2.060000000000000164e-01,4.440892098500626162e-15,3.889361791284652869e-01,8.647836792854983468e-02
2.080000000000000182e-01,6.217248937900876626e-15,5.172248752388687310e-01,6.723939580464813326e-02
2.099999999999999922e-01,1.776356839400250465e-15,4.368602624363466247e-01,6.630025000884978703e-02
2.119999999999999940e-01,2.664535259100375697e-15,1.718915248321666311e-01,1.035237702209721444e-01
2.139999999999999958e-01,1.776356839400250465e-15,3.586441931079945716e-02,9.198307857947238264e-02
2.159999999999999976e-01,2.664535259100375697e-15,4.571082408325635726e-01,7.780280166041683709e-02
2.179999999999999993e-01,0.000000000000000000e+00,2.285056779399511073e-01,7.500230121812605233e-02
2.200000000000000011e-01,8.881784197001252323e-16,8.431121061012319950e-02,1.062126942355546277e-01
2.220000000000000029e-01,3.552713678800500929e-15,2.626873949266723685e-01,1.108983270521873427e-01
2.240000000000000047e-01,8.881784197001252323e-16,5.501803269050217216e-01,5.701582780035548137e-02
2.260000000000000064e-01,0.000000000000000000e+00,2.969551184969927982e-01,9.883186528791071401e-02
2.280000000000000082e-01,0.000000000000000000e+00,5.131189627937603470e-01,4.780800960559696000e-02
2.300000000000000100e-01,0.000000000000000000e+00,4.519941888372374650e-01,6.620167052671578622e-02
2.320000000000000118e-01,2.664535259100375697e-15,3.361724317907301418e-01,7.643869476452522238e-02
2.340000000000000135e-01,1.776356839400250465e-15,3.857571460540149544e-01,8.716811380347665172e-02
2.360000000000000153e-01,1.776356839400250465e-15,1.538256448389636877e-01,4.624648201198049841e-02
2.380000000000000171e-01,8.881784197001252323e-16,9.857188983305805938e-03,1.187757694786607671e-01
2.399999999999999911e-01,8.881784197001252323e-16,2.010509251698438249e-01,9.350818192144781660e-02
2.419999999999999929e-01,2.664535259100375697e-15,2.281610219646772186e-01,6.311569214289559915e-02
2.439999999999999947e-01,3.552713678800500929e-15,2.963584327107844918e-01,1.000188720292762984e-01
2.459999999999999964e-01,1.776356839400250465e-15,2.848371289795621486e-01,1.221159514975383165e-01
2.479999999999999982e-01,2.664535259100375697e-15,3.301780665157281192e-01,1.079598852760247224e-01
2.500000000000000000e-01,2.664535259100375697e-15,1.778554576323422010e-01,5.396426581304675923e-02
2.520000000000000018e-01,4.440892098500626162e-15,5.325550683721552714e-02,1.294922814590313831e-01
2.540000000000000036e-01,7.993605777301127091e-15,5.140774530100634676e-01,5.508666624102744741e-02
2.560000000000000053e-01,3.552713678800500929e-15,2.033409947160646006e-02,9.862300270568534477e-02
2.580000000000000071e-01,3.552713678800500929e-15,3.302203614712773128e-01,3.631592346364043156e-02
2.600000000000000089e-01,2.664535259100375697e-15,4.513211805780114605e-01,6.790161354103789459e-02
2.620000000000000107e-01,2.664535259100375697e-15,1.450724717763047789e-01,1.038588676613640821e-01
2.640000000000000124e-01,2.664535259100375697e-15,4.115191507744141997e-01,8.634141721467829267e-02
2.660000000000000142e-01,1.776356839400250465e-15,2.284764175228928551e-01,7.764719925335114570e-02
2.680000000000000160e-01,2.664535259100375697e-15,3.330802421249668410e-01,7.801627642894415349e-02
2.700000000000000178e-01,2.664535259100375697e-15,1.578723799833693653e-01,1.248779444482842338e-01
2.720000000000000195e-01,3.552713678800500929e-15,2.052270119042887142e-01,1.227741034380515767e-01
2.740000000000000213e-01,2.664535259100375697e-15,1.875334156846471811e-01,9.328496545394078521e-02
2.760000000000000231e-01,8.881784197001252323e-16,2.325208447147756596e-01,9.871859769946043917e-02
2.780000000000000249e-01,1.776356839400250465e-15,3.205945330367377388e-01,7.764530642673973804e-02
2.800000000000000266e-01,6.217248937900876626e-15,5.272609820315311141e-02,1.160935826733013043e-01
2.820000000000000284e-01,0.000000000000000000e+00,3.387324663565166039e-01,6.330033515766209096e-02
2.840000000000000302e-01,1.776356839400250465e-15,5.466441063391297428e-01,6.026775956782958604e-02
2.860000000000000320e-01,6.217248937900876626e-15,8.811913286073869145e-02,1.008093385059104091e-01
2.880000000000000338e-01,5.329070518200751394e-15,9.637278274927309207e-02,1.316135897970013291e-01
2.899999999999999800e-01,4.440892098500626162e-15,1.489981176195389889e-01,7.749851591406857476e-02
2.919999999999999818e-01,0.000000000000000000e+00,1.272249885748515108e-01,1.084429176696306146e-01
2.939999999999999836e-01,1.776356839400250465e-15,3.589686089614428366e-01,5.712515463747956657e-02
2.959999999999999853e-01,2.664535259100375697e-15,4.601064987813511392e-02,1.306774868676418566e-01
2.979999999999999871e-01,2.664535259100375697e-15,3.170341497735356534e-02,1.273882656516800160e-01
2.999999999999999889e-01,8.881784197001252323e-16,1.999838915933569161e-01,8.949575186356863166e-02
3.019999999999999907e-01,5.329070518200751394e-15,4.888875057270967162e-01,4.643956398550923292e-02
3.039999999999999925e-01,8.881784197001252323e-16,8.874038673351097861e-03,5.437501019738914809e-02
3.059999999999999942e-01,8.881784197001252323e-16,4.897051627665482409e-01,5.774793893219022645e-02
3.079999999999999960e-01,0.000000000000000000e+00,1.937580061188930447e-01,1.122121516364970456e-01
3.099999999999999978e-01,4.440892098500626162e-15,1.323117444363914319e-01,4.004642223989093863e-02
3.119999999999999996e-01,2.664535259100375697e-15,3.344094521469818115e-01,1.091776899872069911e-01
3.140000000000000013e-01,7.105427357601001859e-15,1.798066521915807625e-01,4.431566073421533414e-02
3.160000000000000031e-01,7.993605777301127091e-15,2.634778556642772829e-01,1.025275804822774056e-01
3.180000000000000049e-01,7.105427357601001859e-15,5.314596418729568006e-01,4.232957361278041203e-02
3.200000000000000067e-01,0.000000000000000000e+00,9.620558619028973801e-02,1.114254902063973041e-01
3.220000000000000084e-01,3.552713678800500929e-15,7.672086611376362220e-02,7.289286437218359116e-02
3.240000000000000102e-01,2.664535259100375697e-15,1.739615001065521194e-01,7.253257168908404384e-02
3.260000000000000120e-01,8.881784197001252323e-16,1.206597769999770420e-01,9.440008977980457461e-02
3.280000000000000138e-01,1.776356839400250465e-15,1.345207523042119269e-01,1.028313603898838025e-01
3.300000000000000155e-01,1.776356839400250465e-15,3.379968748920963439e-01,7.391537646087577296e-02
3.320000000000000173e-01,8.881784197001252323e-16,1.434929584999205254e-01,6.725094363700567790e-02
3.340000000000000191e-01,8.881784197001252323e-16,3.472209272301648997e-02,9.409085099628616833e-02
3.360000000000000209e-01,2.664535259100375697e-15,2.062240511753738181e-01,8.194312694998009960e-02
3.380000000000000226e-01,1.776356839400250465e-14,3.966148890327167442e-01,8.900269023024033610e-02
3.400000000000000244e-01,8.881784197001252323e-16,1.284286797944642344e-01,7.346328575562262320e-02
3.420000000000000262e-01,0.000000000000000000e+00,2.423922866819191169e-01,5.502942278968175893e-02
3.440000000000000280e-01,1.776356839400250465e-15,4.198451529069247568e-01,5.624485964396785942e-02
3.460000000000000298e-01,2.664535259100375697e-15,1.908419145784154836e-01,6.286026099227226549e-02
3.480000000000000315e-01,3.552713678800500929e-15,1.128894115186730024e-01,6.804478730916076190e-02
3.500000000000000333e-01,1.776356839400250465e-15,2.611291894451577347e-02,1.087139046191847175e-01
3.519999999999999796e-01,8.881784197001252323e-16,3.854362538012157668e-01,7.614802194874929764e-02
3.539999999999999813e-01,1.776356839400250465e-15,1.173329992564703800e-01,5.544067850188825336e-02
3.559999999999999831e-01,2.664535259100375697e-15,1.745771160428855051e-02,4.134652459873707636e-02
3.579999999999999849e-01,4.440892098500626162e-15,3.753612455201458808e-01,6.312737447458041662e-02
3.599999999999999867e-01,8.881784197001252323e-16,2.104408338348869589e-01,4.268348819939439542e-02
3.619999999999999885e-01,1.776356839400250465e-15,1.222309407857237601e-01,8.064580852476363471e-02
3.639999999999999902e-01,1.776356839400250465e-15,6.721392994310093627e-02,1.054281400472534963e-01
3.659999999999999920e-01,4.440892098500626162e-15,2.331851599102224559e-01,8.465037099569154566e-02
3.679999999999999938e-01,8.881784197001252323e-16,3.294855615324502884e-01,4.787578909616236472e-02
3.699999999999999956e-01,8.881784197001252323e-16,2.474173527228210323e-01,7.834466103213008625e-02
3.719999999999999973e-01,6.217248937900876626e-15,1.279831296064415092e-01,8.218419638438059782e-02
3.739999999999999991e-01,4.440892098500626162e-15,2.232231958528547999e-02,7.850337532094005255e-02
3.760000000000000009e-01,0.000000000000000000e+00,3.930463015016366080e-01,7.110746484756819141e-02
3.780000000000000027e-01,4.440892098500626162e-15,1.316766263086998658e-02,9.370900875305415711e-02
3.800000000000000044e-01,8.881784197001252323e-16,5.179372000914584939e-01,5.968957486789423783e-02
3.820000000000000062e-01,7.105427357601001859e-15,8.495010324011875724e-02,7.358941330035076445e-02
3.840000000000000080e-01,8.881784197001252323e-16,5.572972270441459708e-01,3.601856938378503875e-02
3.860000000000000098e-01,5.329070518200751394e-15,3.241940750963097639e-01,6.314452748174959051e-02
3.880000000000000115e-01,0.000000000000000000e+00,1.135683081932066241e-01,7.871147470829814585e-02
3.900000000000000133e-01,7.993605777301127091e-15,1.923793722456409172e-01,6.085710611486855326e-02
3.920000000000000151e-01,1.776356839400250465e-15,8.966084710292850091e-02,3.730909396065477251e-02
3.940000000000000169e-01,7.105427357601001859e-15,9.218049058125395157e-02,9.464070537545822559e-02
3.960000000000000187e-01,8.881784197001252323e-16,1.701777759616072139e-01,6.445462083508531059e-02
3.980000000000000204e-01,2.664535259100375697e-15,2.687490120073430799e-01,7.838300097008651934e-02
4.000000000000000222e-01,1.776356839400250465e-15,2.888405383841839424e-01,3.075893358461869592e-02
4.020000000000000240e-01,1.154631945610162802e-14,2.527833473380050044e-01,5.209646617439075977e-02
4.040000000000000258e-01,5.329070518200751394e-15,3.232949117860275251e-02,1.070075504649260351e-01
4.060000000000000275e-01,3.552713678800500929e-15,3.424003276823855413e-01,3.368088251310734360e-02
4.080000000000000293e-01,8.881784197001252323e-16,2.258565448945445697e-01,9.478232409120800062e-02
4.100000000000000311e-01,3.552713678800500929e-15,1.565523350691540028e-01,5.180800910437921569e-02
4.120000000000000329e-01,8.881784197001252323e-15,3.697690725738496664e-01,5.318926396829417452e-02
4.140000000000000346e-01,3.552713678800500929e-15,1.429666009463994580e-01,1.012097905537926168e-01
4.160000000000000364e-01,3.552713678800500929e-15,1.546824471744841778e-01,7.905216953861261830e-02
4.179999999999999827e-01,2.664535259100375697e-15,3.127110447378986247e-01,7.282493961608216271e-02
4.199999999999999845e-01,2.664535259100375697e-15,1.616927808501907315e-01,8.578920274969087378e-02
4.219999999999999862e-01,2.664535259100375697e-15,1.691085046384451507e-01,7.462783794717808838e-02
4.239999999999999880e-01,3.552713678800500929e-15,1.451805208016850590e-01,1.045685261183407072e-01
4.259999999999999898e-01,9.769962616701377556e-15,1.713677389514201010e-01,7.708462675665576913e-02
4.279999999999999916e-01,8.881784197001252323e-16,1.952180553425448065e-02,9.729781486247295053e-02
4.299999999999999933e-01,6.217248937900876626e-15,5.897216957969196871e-01,3.307885276658528023e-02
4.319999999999999951e-01,2.664535259100375697e-15,7.095870708882763556e-02,8.025251760807818047e-02
4.339999999999999969e-01,7.105427357601001859e-15,2.105327580050225522e-01,8.264741721347641790e-02
4.359999999999999987e-01,1.421085471520200372e-14,2.981720508561541139e-01,6.461049737175507401e-02
4.380000000000000004e-01,4.440892098500626162e-15,7.291842985769657337e-02,3.816140586100237597e-02
4.400000000000000022e-01,0.000000000000000000e+00,2.856280213287631375e-01,7.658971179666465567e-02
4.420000000000000040e-01,4.440892098500626162e-15,6.413444381058532040e-02,1.018219772812625351e-01
4.440000000000000058e-01,3.552713678800500929e-15,5.500862125467381736e-01,4.261032906436672263e-02
4.460000000000000075e-01,0.000000000000000000e+00,2.449636265413974723e-01,5.284077761638526771e-02
4.480000000000000093e-01,5.329070518200751394e-15,1.119547820993642417e-02,8.032471077300805395e-02
4.500000000000000111e-01,0.000000000000000000e+00,9.042725081678450183e-02,7.939163406084456809e-02
4.520000000000000129e-01,1.776356839400250465e-15,2.056245302605304859e-01,7.866065244103795373e-02
4.540000000000000147e-01,7.993605777301127091e-15,1.706825901178428140e-01,6.554419046291234952e-02
4.560000000000000164e-01,8.881784197001252323e-16,1.270102681477608408e-01,7.765859041495470905e-02
4.580000000000000182e-01,4.440892098500626162e-15,2.120530912986155758e-01,8.061735041131641577e-02
4.600000000000000200e-01,3.552713678800500929e-15,1.473433953368354921e-01,6.763536789336513366e-02
4.620000000000000218e-01,4.440892098500626162e-15,2.615508129885416033e-01,8.426681636257996044e-02
4.640000000000000235e-01,8.881784197001252323e-15,4.227327575373428063e-03,1.062069839123873649e-01
4.660000000000000253e-01,3.552713678800500929e-15,7.113226847254618124e-02,3.586124952358435425e-02
4.680000000000000271e-01,8.881784197001252323e-16,1.825548893152302288e-01,8.235358494687952668e-02
4.700000000000000289e-01,7.105427357601001859e-15,3.511550705550593038e-02,4.650003208639592878e-02
4.720000000000000306e-01,8.881784197001252323e-16,1.279214407292421918e-01,7.131168607861668174e-02
4.740000000000000324e-01,7.993605777301127091e-15,4.270904387625847343e-01,5.552147543020009846e-02
4.760000000000000342e-01,3.552713678800500929e-15,1.639161685806246049e-01,7.581974352761329528e-02
4.780000000000000360e-01,5.329070518200751394e-15,2.956202849394033993e-01,7.040779487972642636e-02
4.799999999999999822e-01,0.000000000000000000e+00,2.770751100596962058e-01,7.085153704083520243e-02
4.819999999999999840e-01,1.776356839400250465e-15,4.254351242409383782e-01,6.163308860344453993e-02
4.839999999999999858e-01,2.664535259100375697e-15,4.412310268271914526e-01,5.927440676072105730e-02
4.859999999999999876e-01,9.769962616701377556e-15,3.227211585621846957e-01,5.540727312737871862e-02
4.879999999999999893e-01,8.881784197001252323e-16,2.853551452063060601e-01,4.490470967427633714e-02
4.899999999999999911e-01,1.776356839400250465e-15,2.315692045026208901e-01,5.087664157465682235e-02
4.919999999999999929e-01,3.552713678800500929e-15,1.066112526728518611e-01,7.626102044589741502e-02
4.939999999999999947e-01,2.664535259100375697e-15,1.018500605284410193e-01,6.419897104589374071e-02
4.959999999999999964e-01,1.776356839400250465e-15,3.792662889255042913e-01,4.903849964547514484e-02
4.979999999999999982e-01,8.881784197001252323e-16,1.127716751324585459e-01,9.321496012295632516e-02
5.000000000000000000e-01,8.881784197001252323e-16,2.175412000642051868e-02,3.017971732101193405e-02
5.020000000000000018e-01,7.993605777301127091e-15,3.723471150172936173e-01,6.508388338007044249e-02
5.040000000000000036e-01,2.664535259100375697e-15,2.647659637787184717e-01,5.383027882179340640e-02
5.060000000000000053e-01,3.552713678800500929e-15,2.429310373532208855e-01,6.846264419948618063e-02
5.080000000000000071e-01,4.440892098500626162e-15,9.877403838045595297e-02,5.878777825251943479e-02
5.100000000000000089e-01,4.440892098500626162e-15,4.367450278995473750e-02,8.207837653759998686e-02
5.120000000000000107e-01,8.881784197001252323e-15,3.854561795517590789e-02,8.820142622255817966e-02
5.140000000000000124e-01,1.776356839400250465e-15,1.716884311911544281e-01,7.329430366703935940e-02
5.160000000000000142e-01,3.552713678800500929e-15,2.574270396034991637e-01,7.192956681040929556e-02
5.180000000000000160e-01,5.329070518200751394e-15,1.938360893662193218e-01,6.087086942994705124e-02
5.200000000000000178e-01,3.552713678800500929e-15,1.584737793289311414e-01,6.471786599148557362e-02
5.220000000000000195e-01,3.552713678800500929e-15,4.461805403076402055e-02,4.797646335823936570e-02
5.240000000000000213e-01,2.664535259100375697e-15,3.533216625553201595e-01,5.893625665466835362e-02
5.260000000000000231e-01,0.000000000000000000e+00,1.790207474150442568e-01,5.981877983370686991e-02
5.280000000000000249e-01,8.881784197001252323e-16,4.286706841381209832e-01,4.369865566352940101e-02
5.300000000000000266e-01,1.776356839400250465e-15,8.360648086886250663e-02,5.877762088583127209e-02
5.320000000000000284e-01,4.440892098500626162e-15,1.654953534301263629e-01,7.298228124373892789e-02
5.340000000000000302e-01,3.552713678800500929e-15,5.971632709225552782e-01,3.183083273459465928e-02
5.360000000000000320e-01,2.664535259100375697e-15,1.327563564076341962e-01,8.446570128208370776e-02
5.380000000000000338e-01,3.552713678800500929e-15,3.086475773717698989e-01,3.918421735667287215e-02
5.400000000000000355e-01,1.776356839400250465e-15,2.002228194472554790e-01,7.144252546388499270e-02
5.420000000000000373e-01,2.664535259100375697e-15,1.116101036191263773e-01,3.089310255680812953e-02
5.440000000000000391e-01,5.329070518200751394e-15,1.296182305370330579e-01,6.274101331172751705e-02
5.460000000000000409e-01,0.000000000000000000e+00,1.468491817987039316e-01,7.141106742612736424e-02
5.480000000000000426e-01,8.881784197001252323e-16,4.479272681590964339e-02,7.840725259470703035e-02
5.500000000000000444e-01,7.105427357601001859e-15,1.098145522285127323e-01,3.511175016389557479e-02
5.520000000000000462e-01,7.105427357601001859e-15,8.593149121982335270e-02,6.113857326265988157e-02
5.540000000000000480e-01,1.776356839400250465e-15,3.351558464047060260e-01,4.505927161287798938e-02
5.560000000000000497e-01,0.000000000000000000e+00,2.544131388517640868e-01,7.077679532371737581e-02
5.580000000000000515e-01,0.000000000000000000e+00,2.408033350492438940e-01,4.358657096150764243e-02
5.600000000000000533e-01,1.776356839400250465e-15,1.931239739163569669e-01,6.244212318909025256e-02
5.620000000000000551e-01,7.993605777301127091e-15,1.412599169617378692e-01,6.754237519449737825e-02
5.640000000000000568e-01,0.000000000000000000e+00,2.373723016731855377e-03,5.185467731354013315e-02
5.660000000000000586e-01,8.881784197001252323e-16,3.636197233829425723e-01,4.689233640302815226e-02
5.680000000000000604e-01,8.881784197001252323e-16,2.653157290973819915e-01,3.985255314226782142e-02
5.700000000000000622e-01,0.000000000000000000e+00,4.228643819227763563e-03,4.233774273560500512e-02
5.720000000000000639e-01,5.329070518200751394e-15,1.081659553246580169e-01,7.647612430493665181e-02
5.740000000000000657e-01,8.881784197001252323e-16,4.942301765397664748e-01,4.601135488584778138e-02
5.760000000000000675e-01,3.552713678800500929e-15,4.583622093970288885e-02,5.486430823519240080e-02
5.779999999999999583e-01,0.000000000000000000e+00,9.648054020947186352e-03,3.385931718334145302e-02
5.799999999999999600e-01,8.881784197001252323e-16,4.690929620455372984e-01,3.549705836612839643e-02
5.819999999999999618e-01,4.440892098500626162e-15,7.428656871950346623e-03,8.216826553933440080e-02
5.839999999999999636e-01,8.881784197001252323e-16,3.351477539418948326e-01,3.757852758142297273e-02
5.859999999999999654e-01,0.000000000000000000e+00,5.280144255418467436e-01,3.516061951279086939e-02
5.879999999999999671e-01,2.664535259100375697e-15,5.439920654213735718e-01,3.761249480301202125e-02
5.899999999999999689e-01,5.329070518200751394e-15,2.909803931756153594e-01,3.473975828332285382e-02
5.919999999999999707e-01,1.332267629550187849e-14,2.823277973298998766e-02,5.966736848831537959e-02
5.939999999999999725e-01,4.440892098500626162e-15,3.046042704705216875e-01,3.619925962018925164e-02
5.959999999999999742e-01,6.217248937900876626e-15,1.215037239768254063e-01,6.370000434361647312e-02
5.979999999999999760e-01,8.881784197001252323e-16,2.274948634385761392e-01,5.607889404683177176e-02
5.999999999999999778e-01,1.776356839400250465e-15,1.558408763558747911e-01,6.166261941077341713e-02
6.019999999999999796e-01,0.000000000000000000e+00,1.331857001133046614e-01,6.604165160243720412e-02
6.039999999999999813e-01,8.881784197001252323e-16,1.967755701042310512e-01,4.231082040424958418e-02
6.059999999999999831e-01,6.217248937900876626e-15,9.051786378127757438e-02,5.976313751481279052e-02
6.079999999999999849e-01,7.105427357601001859e-15,1.042440826832280454e-02,6.747102292331211282e-02
6.099999999999999867e-01,5.329070518200751394e-15,3.661053204426480967e-01,3.341537288816357615e-02
6.119999999999999885e-01,3.552713678800500929e-15,1.354021638506536229e-01,4.844455429894096304e-02
6.139999999999999902e-01,5.329070518200751394e-15,8.641005650337983679e-02,6.304824222043717286e-02
6.159999999999999920e-01,1.776356839400250465e-15,2.043107204454267245e-01,4.448546807472088943e-02
6.179999999999999938e-01,1.154631945610162802e-14,4.742523446930507758e-02,5.098173767115785765e-02
6.199999999999999956e-01,0.000000000000000000e+00,2.837979512157737250e-01,5.830578745934717616e-02
6.219999999999999973e-01,0.000000000000000000e+00,1.112236781362127037e-02,4.459220169498818997e-02
6.239999999999999991e-01,7.993605777301127091e-15,5.651463227008586276e-01,2.713187858929604415e-02
6.260000000000000009e-01,4.440892098500626162e-15,3.381461245889221812e-01,5.727326099627799011e-02
6.280000000000000027e-01,9.769962616701377556e-15,1.690891129426122796e-01,3.857952585272746149e-02
6.300000000000000044e-01,8.881784197001252323e-16,2.082743267645907059e-01,3.253856872092089625e-02
6.320000000000000062e-01,3.552713678800500929e-15,2.161978279259949287e-01,5.646808086834721047e-02
6.340000000000000080e-01,1.776356839400250465e-15,1.424174459019545147e-01,5.986930876788278122e-02
6.360000000000000098e-01,8.881784197001252323e-16,3.386179703335570612e-01,3.821388540717447768e-02
6.380000000000000115e-01,7.993605777301127091e-15,4.420229621200636588e-02,5.678456654618560528e-02
6.400000000000000133e-01,1.065814103640150279e-14,1.119487702529252671e-01,4.937732463146791984e-02
6.420000000000000151e-01,1.776356839400250465e-15,4.043531295122377855e-01,3.944074025423666835e-02
6.440000000000000169e-01,1.776356839400250465e-15,2.701314668975452471e-01,4.895800246108999304e-02
6.460000000000000187e-01,8.881784197001252323e-16,1.683344796279818978e-01,5.285798727385639106e-02
6.480000000000000204e-01,3.552713678800500929e-15,4.441080613151502376e-01,3.752722221621713344e-02
6.500000000000000222e-01,0.000000000000000000e+00,4.006360401179546310e-02,3.784071774008063854e-02
6.520000000000000240e-01,0.000000000000000000e+00,4.420909677076665933e-01,3.625104873060080307e-02
6.540000000000000258e-01,0.000000000000000000e+00,1.008236503711939375e-01,4.259957932128333180e-02
6.560000000000000275e-01,2.664535259100375697e-15,4.235214311416402727e-02,5.914999362249410975e-02
6.580000000000000293e-01,5.329070518200751394e-15,9.267215584190231781e-02,5.610395371841060685e-02
6.600000000000000311e-01,4.440892098500626162e-15,6.753436220960067071e-02,6.263925845750133170e-02
6.620000000000000329e-01,5.329070518200751394e-15,2.942283455807988002e-01,3.557979551711960842e-02
6.640000000000000346e-01,4.440892098500626162e-15,1.247855266198615448e-01,4.684445753372461912e-02
6.660000000000000364e-01,2.664535259100375697e-15,2.908333934868680970e-01,3.417077581789627200e-02
6.680000000000000382e-01,8.881784197001252323e-15,1.235860566261150623e-01,3.069021316803750149e-02
6.700000000000000400e-01,2.664535259100375697e-15,1.679019644885105730e-02,4.711664854206720765e-02
6.720000000000000417e-01,1.065814103640150279e-14,1.085300648703952514e-01,4.372309268108176550e-02
6.740000000000000435e-01,7.105427357601001859e-15,1.177937026647998403e-01,4.672932376877979993e-02
6.760000000000000453e-01,8.881784197001252323e-16,1.280910291158241787e-01,3.576180420439319801e-02
6.780000000000000471e-01,8.881784197001252323e-16,3.246281344564014293e-01,3.168512611956771086e-02
6.800000000000000488e-01,8.881784197001252323e-16,3.494149187947614976e-01,4.517691143812919974e-02
6.820000000000000506e-01,8.881784197001252323e-16,3.364857986895501418e-01,3.531539435639168695e-02
6.840000000000000524e-01,1.776356839400250465e-15,1.691118928437709001e-01,5.550228206431381817e-02
6.860000000000000542e-01,6.217248937900876626e-15,8.412541873834629425e-02,2.375459352060644777e-02
6.880000000000000560e-01,7.993605777301127091e-15,1.455183959467120924e-01,4.300188183538126985e-02
6.900000000000000577e-01,8.881784197001252323e-16,6.702377349592750222e-02,4.324172663030495523e-02
6.920000000000000595e-01,7.105427357601001859e-15,3.163293049116769895e-01,3.757668331074109913e-02
6.940000000000000613e-01,8.881784197001252323e-16,2.439431810226324882e-01,4.793363291979811647e-02
6.960000000000000631e-01,8.881784197001252323e-16,3.184163355732969047e-02,5.806142459329688421e-02
6.980000000000000648e-01,2.664535259100375697e-15,3.027372151026050395e-01,4.962941945584007503e-02
7.000000000000000666e-01,8.881784197001252323e-15,2.664655261534415454e-01,2.536081710992281815e-02
7.020000000000000684e-01,1.776356839400250465e-15,2.439766643934260237e-01,4.855572775168975203e-02
7.039999999999999591e-01,4.440892098500626162e-15,1.785599563034142301e-01,4.314310503843857975e-02
7.059999999999999609e-01,1.776356839400250465e-15,4.592861511955132481e-01,2.923969207725199762e-02
7.079999999999999627e-01,0.000000000000000000e+00,2.261127933140950619e-01,2.869913514712138167e-02
7.099999999999999645e-01,8.881784197001252323e-16,4.573295318998818471e-01,2.266517414387523438e-02
7.119999999999999662e-01,5.329070518200751394e-15,3.901220591078145145e-02,3.008040112957838935e-02
7.139999999999999680e-01,6.217248937900876626e-15,5.338970943473582143e-01,2.473175034780432380e-02
7.159999999999999698e-01,3.552713678800500929e-15,3.725370475741791171e-02,4.808986268863004593e-02
7.179999999999999716e-01,2.664535259100375697e-15,2.372993893675563737e-01,4.155550331455658969e-02
7.199999999999999734e-01,1.065814103640150279e-14,9.228629281650990723e-02,3.330231840960169720e-02
7.219999999999999751e-01,7.105427357601001859e-15,1.056023147991556610e-01,2.402130239349141785e-02
7.239999999999999769e-01,3.552713678800500929e-15,1.748329290271960143e-02,4.444267256930235083e-02
7.259999999999999787e-01,1.776356839400250465e-15,1.507230028061914140e-01,2.685050799234164204e-02
7.279999999999999805e-01,1.776356839400250465e-15,3.679439716894521983e-01,3.093582841563388350e-02
7.299999999999999822e-01,6.217248937900876626e-15,4.621660513089094202e-01,2.685871625175375449e-02
7.319999999999999840e-01,8.881784197001252323e-16,6.723488869007245017e-02,3.277188984270530681e-02
7.339999999999999858e-01,3.552713678800500929e-15,5.061212649247165407e-02,4.683394993367866882e-02
7.359999999999999876e-01,5.329070518200751394e-15,1.078090528264002562e-01,3.367323899073269150e-02
7.379999999999999893e-01,2.664535259100375697e-15,4.423350640238359888e-01,2.709250415811629079e-02
7.399999999999999911e-01,8.881784197001252323e-16,6.831325013187646011e-02,2.101963018424264293e-02
7.419999999999999929e-01,8.881784197001252323e-16,1.926398943669598018e-01,3.335606574975497757e-02
7.439999999999999947e-01,9.769962616701377556e-15,5.176373304054483482e-01,2.225454987801164103e-02
7.459999999999999964e-01,8.881784197001252323e-16,6.041410741474831370e-02,3.687144793355989769e-02
7.479999999999999982e-01,4.440892098500626162e-15,6.066880395702415468e-02,3.249464531935875727e-02
7.500000000000000000e-01,4.440892098500626162e-15,9.374993002775269466e-03,2.337280756296096496e-02
7.520000000000000018e-01,2.664535259100375697e-15,4.305180203047931364e-01,3.038022554839755335e-02
7.540000000000000036e-01,1.509903313490212895e-14,1.485921839548790258e-01,1.788828850465027515e-02
7.560000000000000053e-01,8.881784197001252323e-16,2.475232896561719576e-01,3.372956711905231858e-02
7.580000000000000071e-01,4.440892098500626162e-15,2.033847619793431594e-01,4.068146052248571010e-02
7.600000000000000089e-01,1.776356839400250465e-15,3.104532627626661601e-01,3.482249107784802372e-02
7.620000000000000107e-01,8.881784197001252323e-15,1.654858022958760333e-01,2.002638290053351464e-02
7.640000000000000124e-01,2.664535259100375697e-15,4.818719131258311639e-01,2.062658495735134392e-02
7.660000000000000142e-01,3.552713678800500929e-15,3.724425496844418482e-01,2.534161648824657595e-02
7.680000000000000160e-01,4.440892098500626162e-15,3.685076798814168053e-01,1.951852045784535639e-02
7.700000000000000178e-01,8.881784197001252323e-16,3.732392054319491059e-01,2.642122829319181257e-02
7.720000000000000195e-01,1.776356839400250465e-15,4.473047414268555011e-02,2.275815975172541111e-02
7.740000000000000213e-01,8.881784197001252323e-16,1.975112583439596337e-01,3.095397844498917056e-02
7.760000000000000231e-01,8.881784197001252323e-16,3.659906284488801537e-02,4.167795555797807611e-02
7.780000000000000249e-01,7.105427357601001859e-15,1.628102968223426872e-01,2.778909738978519589e-02
7.800000000000000266e-01,8.881784197001252323e-15,1.826921643461427713e-01,3.358523555302988378e-02
7.820000000000000284e-01,9.769962616701377556e-15,1.691895840072580037e-01,3.823162125754191176e-02
7.840000000000000302e-01,3.552713678800500929e-15,2.741822722596747308e-01,3.405898103665252336e-02
7.860000000000000320e-01,3.552713678800500929e-15,9.288024629005198207e-02,1.410187471645634079e-02
7.880000000000000338e-01,1.776356839400250465e-15,3.749248644944220277e-01,2.004187477515470897e-02
7.900000000000000355e-01,5.329070518200751394e-15,4.165929304884139484e-01,1.853679773781390441e-02
7.920000000000000373e-01,3.552713678800500929e-15,3.418009261210526728e-01,2.706021977078198679e-02
7.940000000000000391e-01,1.065814103640150279e-14,1.537652612120559148e-01,3.389862006886961571e-02
7.960000000000000409e-01,6.217248937900876626e-15,4.167279556013900321e-01,2.402148911661366321e-02
7.980000000000000426e-01,0.000000000000000000e+00,2.873852744958993455e-01,3.251538203923694942e-02
8.000000000000000444e-01,8.881784197001252323e-16,4.075428411608856827e-01,1.894437396441857324e-02
8.020000000000000462e-01,6.217248937900876626e-15,1.665611639434220678e-02,2.753704250811752144e-02
8.040000000000000480e-01,8.881784197001252323e-16,1.935260338502805821e-01,3.157653303178242082e-02
8.060000000000000497e-01,2.664535259100375697e-15,4.132168188925083169e-02,3.580250213771919710e-02
8.080000000000000515e-01,0.000000000000000000e+00,1.131064744166614816e-01,2.392649712585851601e-02
8.100000000000000533e-01,4.440892098500626162e-15,7.091108026852943613e-02,2.823007795145918847e-02
8.120000000000000551e-01,1.065814103640150279e-14,9.902613063988633182e-03,1.502440192430825119e-02
8.140000000000000568e-01,8.881784197001252323e-16,2.498922681047633099e-01,1.366515203492739590e-02
8.160000000000000586e-01,2.664535259100375697e-15,2.480018913313238871e-01,2.003534108743185507e-02
8.180000000000000604e-01,2.664535259100375697e-15,1.949682839786721633e-01,3.029222140559999915e-02
8.200000000000000622e-01,4.440892098500626162e-15,1.285696157207596724e-01,2.814394601492119577e-02
8.220000000000000639e-01,2.664535259100375697e-15,7.622128317837500999e-02,2.986693454366804584e-02
8.240000000000000657e-01,0.000000000000000000e+00,4.015204558968386017e-01,1.777966523524955253e-02
8.260000000000000675e-01,8.881784197001252323e-16,2.128547464155324531e-01,2.333286202413906510e-02
8.280000000000000693e-01,8.881784197001252323e-15,9.593326578743377464e-02,2.242380983688337104e-02
8.300000000000000711e-01,5.329070518200751394e-15,2.370179628362074353e-01,1.705829608989853016e-02
8.320000000000000728e-01,1.598721155460225418e-14,3.531147158804314595e-02,2.885950503911985029e-02
8.339999999999999636e-01,1.776356839400250465e-15,3.312127538607623767e-01,2.195628917964899049e-02
8.359999999999999654e-01,5.329070518200751394e-15,3.519951645568658027e-01,2.508254155576098224e-02
8.379999999999999671e-01,3.552713678800500929e-15,2.222429798669076431e-02,3.068375250905985147e-02
8.399999999999999689e-01,5.329070518200751394e-15,2.337629089922929337e-01,2.555423249891612680e-02
8.419999999999999707e-01,4.440892098500626162e-15,2.841304613690731271e-02,1.947937714902589143e-02
8.439999999999999725e-01,4.440892098500626162e-15,1.909289021526304753e-01,1.708955932363257282e-02
8.459999999999999742e-01,1.154631945610162802e-14,2.633496813645430090e-01,2.105834147976248794e-02
8.479999999999999760e-01,4.440892098500626162e-15,2.777533313465647136e-01,1.366633014119306155e-02
8.499999999999999778e-01,8.881784197001252323e-16,4.577888990057497193e-02,2.214913279167681284e-02
8.519999999999999796e-01,8.881784197001252323e-16,3.985674894502286847e-01,1.497821272240907990e-02
8.539999999999999813e-01,6.217248937900876626e-15,1.930160289478301261e-01,2.175722575278118964e-02
8.559999999999999831e-01,2.664535259100375697e-15,3.179981462592905150e-01,2.312954722939571800e-02
8.579999999999999849e-01,3.552713678800500929e-15,3.195472382111994025e-01,1.708634375727140567e-02
8.599999999999999867e-01,9.769962616701377556e-15,1.929504103961824368e-01,2.325641471760972814e-02
8.619999999999999885e-01,1.776356839400250465e-15,1.612705353158595811e-01,2.414697396461073023e-02
8.639999999999999902e-01,8.881784197001252323e-16,4.831852159243597150e-02,2.375223220783559755e-02
8.659999999999999920e-01,2.664535259100375697e-15,1.116436951676268302e-01,1.565580459404927391e-02
8.679999999999999938e-01,6.217248937900876626e-15,1.745098104067137612e-01,2.042781146072391099e-02
8.699999999999999956e-01,0.000000000000000000e+00,7.897438019749085381e-02,2.269072617374620973e-02
8.719999999999999973e-01,0.000000000000000000e+00,2.940181342468060066e-01,1.631275326221727842e-02
8.739999999999999991e-01,6.217248937900876626e-15,2.695776596833975858e-01,1.821465200748636354e-02
8.760000000000000009e-01,2.664535259100375697e-15,4.527674616562990528e-02,1.994617168499076068e-02
8.780000000000000027e-01,1.776356839400250465e-15,2.408065427230821343e-01,1.698878217371251748e-02
8.800000000000000044e-01,1.598721155460225418e-14,3.730864220455152452e-02,2.103882388482786886e-02
8.820000000000000062e-01,2.664535259100375697e-15,1.616724582390460449e-02,1.282006445685363039e-02
8.840000000000000080e-01,0.000000000000000000e+00,2.086365364822790891e-01,1.947934772653326860e-02
8.860000000000000098e-01,0.000000000000000000e+00,9.445541928813516730e-02,1.718376618114280177e-02
8.880000000000000115e-01,8.881784197001252323e-16,2.775474498470122398e-01,1.760488433051595608e-02
8.900000000000000133e-01,1.776356839400250465e-15,5.260500033771996035e-03,1.877844623381392727e-02
8.920000000000000151e-01,8.881784197001252323e-16,6.845898631587733763e-02,1.299802150168757366e-02
8.940000000000000169e-01,1.776356839400250465e-15,8.761516120833152954e-02,1.129183368865714979e-02
8.960000000000000187e-01,1.776356839400250465e-15,4.312362099937774862e-01,1.017049393782075775e-02
8.980000000000000204e-01,9.769962616701377556e-15,9.428294803661300960e-02,1.587973641589587523e-02
9.000000000000000222e-01,1.776356839400250465e-15,1.091554376622114186e-01,8.944332602017756109e-03
9.020000000000000240e-01,3.552713678800500929e-15,6.448871765637727294e-02,1.364959133475347058e-02
9.040000000000000258e-01,3.552713678800500929e-15,2.392897681295319823e-01,1.368469323164014234e-02
9.060000000000000275e-01,3.552713678800500929e-15,1.765658293665584022e-01,1.531132645888302196e-02
9.080000000000000293e-01,4.440892098500626162e-15,2.349837686361015976e-01,1.167846398681011630e-02
9.100000000000000311e-01,8.881784197001252323e-16,3.629879846256456322e-03,1.431615318663887436e-02
9.120000000000000329e-01,3.552713678800500929e-15,2.669879429287120298e-01,7.006050040214872009e-03
9.140000000000000346e-01,8.881784197001252323e-15,2.974824508225569208e-01,1.399298275852400159e-02
9.160000000000000364e-01,7.993605777301127091e-15,1.918381962636400428e-01,1.171339983012279970e-02
9.180000000000000382e-01,1.776356839400250465e-15,5.578298051551398157e-02,1.351426877282783587e-02
9.200000000000000400e-01,3.552713678800500929e-15,2.404027603289128623e-01,1.266056389885409153e-02
9.220000000000000417e-01,0.000000000000000000e+00,4.038016519813732441e-01,8.092196599735689347e-03
9.240000000000000435e-01,4.440892098500626162e-15,1.667572504441615366e-01,9.978516005868492966e-03
9.260000000000000453e-01,8.881784197001252323e-16,1.062873453046089128e-01,6.923574758953499053e-03
9.280000000000000471e-01,8.881784197001252323e-16,1.105089063298198698e-01,1.160309560468029098e-02
9.300000000000000488e-01,7.993605777301127091e-15,1.043896902901757656e-01,9.309823481558609018e-03
9.320000000000000506e-01,1.776356839400250465e-15,1.425840110596912069e-01,1.140987405280141122e-02
9.340000000000000524e-01,3.552713678800500929e-15,1.299301395987459695e-01,7.176770931776455323e-03
9.360000000000000542e-01,8.881784197001252323e-15,5.175514813366742795e-01,5.799246139361091332e-03
9.380000000000000560e-01,4.440892098500626162e-15,4.443538634372266177e-02,8.826156209736379238e-03
9.400000000000000577e-01,2.664535259100375697e-15,4.849809212375897349e-01,5.089250931854694127e-03
9.420000000000000595e-01,4.440892098500626162e-15,2.160576204779776910e-01,9.656194702359744905e-03
9.440000000000000613e-01,8.881784197001252323e-16,3.662677842109094417e-01,5.131517746774449940e-03
9.460000000000000631e-01,7.105427357601001859e-15,7.148451630122183709e-02,6.467358153508750290e-03
9.480000000000000648e-01,3.552713678800500929e-15,1.252005809655163671e-01,6.832100237240035581e-03
9.500000000000000666e-01,3.552713678800500929e-15,1.116928961879387200e-01,8.247762497147348090e-03
9.520000000000000684e-01,3.552713678800500929e-15,2.778977609691936704e-02,7.879926712917989171e-03
9.540000000000000702e-01,3.552713678800500929e-15,2.800139792284217499e-01,7.523733962116485770e-03
9.560000000000000719e-01,8.881784197001252323e-16,1.567570243786706174e-01,4.218911559829408194e-03
9.580000000000000737e-01,2.664535259100375697e-15,2.885518388603290907e-01,6.030798718524049695e-03
9.599999999999999645e-01,0.000000000000000000e+00,9.786802451731041463e-02,4.423267528188268120e-03
9.619999999999999662e-01,3.552713678800500929e-15,1.506440238061707293e-01,6.685057717052677109e-03
9.639999999999999680e-01,3.552713678800500929e-15,1.098314261513044787e-02,6.020758568012091541e-03
9.659999999999999698e-01,3.552713678800500929e-15,6.363821580459304572e-01,2.204504627400549841e-03
9.679999999999999716e-01,0.000000000000000000e+00,6.928755199493356887e-02,3.847732663571135515e-03
9.699999999999999734e-01,0.000000000000000000e+00,2.473062944590527223e-01,4.730123515945816592e-03
9.719999999999999751e-01,4.440892098500626162e-15,2.261051402847638267e-02,3.339928195586761017e-03
9.739999999999999769e-01,4.440892098500626162e-15,2.248727822199161064e-01,3.474758734287469470e-03
9.759999999999999787e-01,3.552713678800500929e-15,4.915030892191121076e-02,4.077164524634374447e-03
9.779999999999999805e-01,8.881784197001252323e-16,1.682296175200881094e-01,3.582460916456997515e-03
9.799999999999999822e-01,4.440892098500626162e-15,2.016106276470922276e-01,3.181384727067676239e-03
9.819999999999999840e-01,6.217248937900876626e-15,4.372456608957244195e-01,2.157992499121808190e-03
9.839999999999999858e-01,1.776356839400250465e-15,2.521359659708299547e-02,2.653491783866390643e-03
9.859999999999999876e-01,6.217248937900876626e-15,2.345836979072833672e-02,1.676403745863708390e-03
9.879999999999999893e-01,1.776356839400250465e-15,2.257067770292326900e-02,9.212674506041795396e-04
9.899999999999999911e-01,8.881784197001252323e-16,7.328533649045436416e-02,1.703298263081448561e-03
9.919999999999999929e-01,1.776356839400250465e-15,3.820544940669877432e-02,1.405088043979291212e-03
9.939999999999999947e-01,3.552713678800500929e-15,3.389275320996436025e-01,6.927989367054743653e-04
9.959999999999999964e-01,4.440892098500626162e-15,2.450695142838054119e-01,3.166368844705113933e-04
9.979999999999999982e-01,3.552713678800500929e-15,1.941159788029788169e-01,2.225231802771898747e-04
1.000000000000000000e+00,0.000000000000000000e+00,3.837960105814986478e-01,7.021666937153402203e-17
1.002000000000000002e+00,5.329070518200751394e-15,1.875447211933015945e-01,2.959936624912118289e-04
1.004000000000000004e+00,7.993605777301127091e-15,4.103940951717801600e-01,3.946919636766855078e-04
1.006000000000000005e+00,0.000000000000000000e+00,2.790357904552350221e-01,5.376916197286085719e-04
1.008000000000000007e+00,1.776356839400250465e-15,2.717731219234575946e-03,1.085053054671880624e-03
1.010000000000000009e+00,7.105427357601001859e-15,1.577148022720570308e-01,1.071939262837551254e-03
1.012000000000000011e+00,8.881784197001252323e-16,4.584558546300097071e-01,1.073091183138796855e-03
1.014000000000000012e+00,3.552713678800500929e-15,2.121236176141513552e-01,2.089182450393012140e-03
1.016000000000000014e+00,3.552713678800500929e-15,3.056987616261845342e-01,1.182343633764737284e-03
1.018000000000000016e+00,8.881784197001252323e-16,2.489020333193779286e-02,2.515878637098340267e-03
1.020000000000000018e+00,4.440892098500626162e-15,2.074104525623761963e-01,2.959371158287343873e-03
1.022000000000000020e+00,6.217248937900876626e-15,2.731889922993437914e-01,1.681678647578621838e-03
1.024000000000000021e+00,3.552713678800500929e-15,5.969038442637187858e-01,1.814886909711077448e-03
1.026000000000000023e+00,3.552713678800500929e-15,3.830662953883554045e-01,1.945263604881852749e-03
1.028000000000000025e+00,3.552713678800500929e-15,9.184363541125302455e-02,4.761949888330091474e-03
1.030000000000000027e+00,3.552713678800500929e-15,2.573706985488927734e-01,4.127160851391015357e-03
1.032000000000000028e+00,8.881784197001252323e-16,2.627311359449169617e-02,4.946428734914981411e-03
1.034000000000000030e+00,1.243449787580175325e-14,3.417595775369777211e-01,3.298154408720054952e-03
1.036000000000000032e+00,4.440892098500626162e-15,1.240312244972957695e-01,5.472294245626363809e-03
1.038000000000000034e+00,1.776356839400250465e-15,5.215924759065693195e-01,2.983447573441122894e-03
1.040000000000000036e+00,7.105427357601001859e-15,1.680076954226327468e-01,6.480271015919102963e-03
1.042000000000000037e+00,9.769962616701377556e-15,8.696385134784147264e-02,5.476032377157952907e-03
1.044000000000000039e+00,2.664535259100375697e-15,1.180499803918089591e-01,4.999494887921951403e-03
1.046000000000000041e+00,4.440892098500626162e-15,1.415010743193302056e-01,5.362818008453552193e-03
1.048000000000000043e+00,3.552713678800500929e-15,1.921753761934203719e-01,5.435145764486114771e-03
1.050000000000000044e+00,1.776356839400250465e-15,1.413786212484132443e-01,3.910859926523402308e-03
1.052000000000000046e+00,4.440892098500626162e-15,3.340689403545546998e-01,7.383660924081836448e-03
1.054000000000000048e+00,0.000000000000000000e+00,2.229631695986831197e-01,5.722695250629072916e-03
1.056000000000000050e+00,1.776356839400250465e-15,1.890222417743649685e-01,6.475576045112519004e-03
1.058000000000000052e+00,0.000000000000000000e+00,3.038360254836840538e-02,4.793102025410533526e-03
1.060000000000000053e+00,9.769962616701377556e-15,1.489565090902739142e-02,6.941902952464329424e-03
1.062000000000000055e+00,7.993605777301127091e-15,1.167432635997718710e-01,5.963968621181880286e-03
1.064000000000000057e+00,8.881784197001252323e-16,3.050400240206567193e-01,6.795577545036091474e-03
1.066000000000000059e+00,1.332267629550187849e-14,3.774553979385530944e-03,8.519381747748272504e-03
1.068000000000000060e+00,8.881784197001252323e-16,3.512192894532250448e-02,7.970326839506970684e-03
1.070000000000000062e+00,8.881784197001252323e-16,1.239569494585741477e-01,1.163434511453781406e-02
1.072000000000000064e+00,5.329070518200751394e-15,2.984901495364731816e-01,9.420374523600949512e-03
1.074000000000000066e+00,1.776356839400250465e-15,1.368615554804118728e-01,7.998803943111920667e-03
1.076000000000000068e+00,1.776356839400250465e-15,5.491875594062330945e-01,6.095793510906377492e-03
1.078000000000000069e+00,1.776356839400250465e-15,2.580201740056909387e-01,6.129124238656736418e-03
1.080000000000000071e+00,8.881784197001252323e-16,2.753031578699436932e-01,1.176226341457886800e-02
1.082000000000000073e+00,0.000000000000000000e+00,5.854768536453063173e-03,1.333411579088052308e-02
1.084000000000000075e+00,0.000000000000000000e+00,4.369905430407575869e-02,1.126104723152094797e-02
1.086000000000000076e+00,2.664535259100375697e-15,1.154408913476879205e-02,1.518284843402543764e-02
1.088000000000000078e+00,1.776356839400250465e-15,2.978475794377982711e-01,1.346503705132711011e-02
1.090000000000000080e+00,8.881784197001252323e-15,1.266820399581599921e-01,1.150919306696284936e-02
1.092000000000000082e+00,1.776356839400250465e-15,1.793695307566152142e-01,1.303586646632127859e-02
1.094000000000000083e+00,1.776356839400250465e-15,2.132976156987167471e-01,1.549432796367476370e-02
1.096000000000000085e+00,1.776356839400250465e-15,2.250592227331590089e-01,9.687936347369075635e-03
1.098000000000000087e+00,1.154631945610162802e-14,3.468802260998084530e-01,1.185077775680859480e-02
1.100000000000000089e+00,4.440892098500626162e-15,3.524355231176732467e-02,1.796354569329732670e-02
1.102000000000000091e+00,6.217248937900876626e-15,2.832583160043425363e-01,1.141454457988959684e-02
1.104000000000000092e+00,3.552713678800500929e-15,1.233241893912778303e-01,1.766941897050313889e-02
1.106000000000000094e+00,3.552713678800500929e-15,3.885033590331619657e-01,1.103310557072111411e-02
1.108000000000000096e+00,2.664535259100375697e-15,3.364166762955285717e-01,1.503052327262955484e-02
1.110000000000000098e+00,2.664535259100375697e-15,1.286916642779095121e-01,1.684537350053026683e-02
1.112000000000000099e+00,7.105427357601001859e-15,4.876235574292475117e-01,1.156337274392495000e-02
1.114000000000000101e+00,1.332267629550187849e-14,7.144572146625527420e-02,1.766297333874497499e-02
1.116000000000000103e+00,1.776356839400250465e-15,1.294079325942757708e-01,1.505947550070895272e-02
1.118000000000000105e+00,9.769962616701377556e-15,2.662398915212882966e-01,1.596972111060849034e-02
1.120000000000000107e+00,8.881784197001252323e-15,1.707639740866135902e-01,1.538634706690620614e-02
1.122000000000000108e+00,2.664535259100375697e-15,3.788014385496813463e-01,9.150407194372356043e-03
1.124000000000000110e+00,2.664535259100375697e-15,1.214475300671128410e-01,1.874089644859496667e-02
1.126000000000000112e+00,4.440892098500626162e-15,2.385262015683388137e-01,1.268363863021914131e-02
1.128000000000000114e+00,1.776356839400250465e-15,6.243948480683023800e-02,1.839948173416120977e-02
1.130000000000000115e+00,3.552713678800500929e-15,1.421925530704728213e-01,1.411263644909753825e-02
1.132000000000000117e+00,3.552713678800500929e-15,6.292714099220245716e-01,9.575384064028368697e-03
1.134000000000000119e+00,8.881784197001252323e-16,3.747773107467349263e-01,1.325557754009203462e-02
1.136000000000000121e+00,3.552713678800500929e-15,1.115055177504420264e-01,1.197686894896650249e-02
1.138000000000000123e+00,0.000000000000000000e+00,4.057292180962936423e-01,1.430961265292203348e-02
1.140000000000000124e+00,2.664535259100375697e-15,5.447752227199339492e-01,1.030442225788669175e-02
1.142000000000000126e+00,3.552713678800500929e-15,2.257502156237621016e-01,2.299064579859591215e-02
1.144000000000000128e+00,2.664535259100375697e-15,4.053890207429127202e-01,1.754052122452423937e-02
1.146000000000000130e+00,2.664535259100375697e-15,1.014237629056510999e-02,2.712105457470430359e-02
1.148000000000000131e+00,3.552713678800500929e-15,4.316579115016072055e-01,1.652093696260316033e-02
1.150000000000000133e+00,1.776356839400250465e-15,1.968500399432121170e-02,2.256051260972829695e-02
1.152000000000000135e+00,3.552713678800500929e-15,1.567104992771533312e-01,2.549326114902536466e-02
1.153999999999999915e+00,1.776356839400250465e-15,1.781190553478637362e-01,1.593068565374243864e-02
1.155999999999999917e+00,8.881784197001252323e-16,5.290502795124261137e-01,1.328831681472994984e-02
1.157999999999999918e+00,9.769962616701377556e-15,4.295207431427366940e-02,2.515025758730828759e-02
1.159999999999999920e+00,1.776356839400250465e-15,7.113413331676791962e-02,2.068176735107433648e-02
1.161999999999999922e+00,0.000000000000000000e+00,1.092113615679816789e-02,2.321266931510277548e-02
1.163999999999999924e+00,7.993605777301127091e-15,5.377242565611133757e-02,2.507557105823262494e-02
1.165999999999999925e+00,1.154631945610162802e-14,4.225902898070264535e-01,1.834132546157056856e-02
1.167999999999999927e+00,2.664535259100375697e-15,3.392617210811724182e-02,1.871654320975884092e-02
1.169999999999999929e+00,7.105427357601001859e-15,2.381866560552672596e-01,2.750604737481228065e-02
1.171999999999999931e+00,9.769962616701377556e-15,2.659599729238906196e-01,2.187760547311727935e-02
1.173999999999999932e+00,3.552713678800500929e-15,1.188433934193366265e-01,1.247637584333928171e-02
1.175999999999999934e+00,1.776356839400250465e-15,1.798531783624167033e-02,1.418903592308557934e-02
1.177999999999999936e+00,8.881784197001252323e-16,5.823927752674182973e-02,2.162936164592361640e-02
1.179999999999999938e+00,0.000000000000000000e+00,5.177837458804398496e-01,1.675908814253399340e-02
1.181999999999999940e+00,6.217248937900876626e-15,1.815962462435808666e-01,2.051525740007379556e-02
1.183999999999999941e+00,8.881784197001252323e-16,3.262251121188080583e-01,2.089590023348790807e-02
1.185999999999999943e+00,7.105427357601001859e-15,6.275453779862781578e-02,2.883109120720190807e-02
1.187999999999999945e+00,4.440892098500626162e-15,3.569418729725963857e-01,2.028959201140077134e-02
1.189999999999999947e+00,8.881784197001252323e-16,1.194941425039569155e-01,1.655123678712048380e-02
1.191999999999999948e+00,3.552713678800500929e-15,1.733336074326888299e-02,3.018870426392934389e-02
1.193999999999999950e+00,1.776356839400250465e-15,2.391188729174990313e-01,2.800609711905134580e-02
1.195999999999999952e+00,3.552713678800500929e-15,4.959261865151700643e-01,1.643845664685640237e-02
1.197999999999999954e+00,5.329070518200751394e-15,4.485356075469435488e-01,1.858304146299466497e-02
1.199999999999999956e+00,0.000000000000000000e+00,1.900691071618409167e-01,2.968068907920250882e-02
1.201999999999999957e+00,1.154631945610162802e-14,4.422882044492162379e-01,2.154179825594504383e-02
1.203999999999999959e+00,4.440892098500626162e-15,2.758262157862586550e-01,3.284351877721442686e-02
1.205999999999999961e+00,1.776356839400250465e-15,1.962460634032699713e-01,3.015788824909418353e-02
1.207999999999999963e+00,0.000000000000000000e+00,3.465586382434791002e-01,2.120793212157221289e-02
1.209999999999999964e+00,0.000000000000000000e+00,5.386424452997827794e-01,1.865869859762982197e-02
1.211999999999999966e+00,1.065814103640150279e-14,3.139368000179137419e-01,1.797109782299323097e-02
1.213999999999999968e+00,9.769962616701377556e-15,3.022501628809157181e-01,2.456033031875114528e-02
1.215999999999999970e+00,8.881784197001252323e-16,1.016005075555374421e-01,3.808954324233889549e-02
1.217999999999999972e+00,1.776356839400250465e-15,1.926318365675830091e-01,2.773334112166531140e-02
1.219999999999999973e+00,7.105427357601001859e-15,1.900555743010069187e-01,3.339121111962786714e-02
1.221999999999999975e+00,2.664535259100375697e-15,1.471670044938191112e-02,2.817319416500430398e-02
1.223999999999999977e+00,2.664535259100375697e-15,1.827310714102293454e-01,2.850999351244553129e-02
1.225999999999999979e+00,6.217248937900876626e-15,2.860407573061248265e-01,3.451035617235915370e-02
1.227999999999999980e+00,3.552713678800500929e-15,8.119342599408131689e-02,2.548671788193513851e-02
1.229999999999999982e+00,5.329070518200751394e-15,7.784987030872941860e-02,3.036104751095147075e-02
1.231999999999999984e+00,0.000000000000000000e+00,2.460397328847348589e-02,3.027454899944119829e-02
1.233999999999999986e+00,4.440892098500626162e-15,2.055649768857116255e-01,3.689341785411089786e-02
1.235999999999999988e+00,0.000000000000000000e+00,7.998159117505056204e-02,3.449438970543410726e-02
1.237999999999999989e+00,5.329070518200751394e-15,1.388559763978161887e-01,3.934646240205998124e-02
1.239999999999999991e+00,3.552713678800500929e-15,5.949268696200621202e-03,3.273533932971905286e-02
1.241999999999999993e+00,6.217248937900876626e-15,1.815134778611154909e-01,3.629709117620964764e-02
1.243999999999999995e+00,0.000000000000000000e+00,1.370269927251240860e-01,2.415074013937009573e-02
1.245999999999999996e+00,8.881784197001252323e-16,7.664484429828956336e-02,3.834091773089626232e-02
1.247999999999999998e+00,8.881784197001252323e-16,3.581989021451369853e-02,3.043652829784993311e-02
1.250000000000000000e+00,8.881784197001252323e-16,4.142273641201139611e-01,2.691621707943471498e-02
1.252000000000000002e+00,3.552713678800500929e-15,4.730822168146439632e-02,4.452326359692697355e-02
1.254000000000000004e+00,6.217248937900876626e-15,4.308459674356732716e-01,2.957422942375922958e-02
1.256000000000000005e+00,1.776356839400250465e-15,3.595786631308474646e-01,2.401226524638905638e-02
1.258000000000000007e+00,6.217248937900876626e-15,2.663422958857985523e-01,2.427832034089179997e-02
1.260000000000000009e+00,8.881784197001252323e-15,3.041980311527471212e-02,2.874138292522400440e-02
1.262000000000000011e+00,7.105427357601001859e-15,2.743303595872296774e-01,3.098701588112215063e-02
1.264000000000000012e+00,7.105427357601001859e-15,2.100591683564989320e-01,3.507398982669630849e-02
1.266000000000000014e+00,8.881784197001252323e-16,4.764922319151925767e-01,2.629909911880259216e-02
1.268000000000000016e+00,3.552713678800500929e-15,2.159182699856313781e-01,4.446024521658928363e-02
1.270000000000000018e+00,8.881784197001252323e-16,4.246567884360768347e-02,3.817611016813067526e-02
1.272000000000000020e+00,1.776356839400250465e-15,1.079246635159897966e-01,4.206240824633709907e-02
1.274000000000000021e+00,0.000000000000000000e+00,2.044997799356986293e-02,2.741891995684459307e-02
1.276000000000000023e+00,7.993605777301127091e-15,2.237173742234258023e-02,4.989114505955653117e-02
1.278000000000000025e+00,0.000000000000000000e+00,2.347370219626539745e-01,3.943715671674644097e-02
1.280000000000000027e+00,9.769962616701377556e-15,3.767880426936581206e-01,3.601819820202849937e-02
1.282000000000000028e+00,2.664535259100375697e-15,3.470802479124676654e-02,4.361748243419043963e-02
1.284000000000000030e+00,2.664535259100375697e-15,6.071671303657038415e-02,4.809475581516761689e-02
1.286000000000000032e+00,1.776356839400250465e-15,3.992552335139272768e-01,2.748419190309270982e-02
1.288000000000000034e+00,7.993605777301127091e-15,3.653358887185753634e-01,2.471975228543593292e-02
1.290000000000000036e+00,2.664535259100375697e-15,5.574206887741678385e-02,5.005576970569017292e-02
1.292000000000000037e+00,7.993605777301127091e-15,1.288498937573405445e-01,2.845235877153156137e-02
1.294000000000000039e+00,7.993605777301127091e-15,1.211373813213915823e-01,3.936075463919929546e-02
1.296000000000000041e+00,4.440892098500626162e-15,2.440310283722803841e-01,3.426083233153942587e-02
1.298000000000000043e+00,2.664535259100375697e-15,1.615035749237048457e-01,4.906627424842692486e-02
1.300000000000000044e+00,8.881784197001252323e-16,4.829866805626928383e-01,3.380648710366555842e-02
1.302000000000000046e+00,8.881784197001252323e-16,2.565464687228217744e-01,2.513675436953988207e-02
1.304000000000000048e+00,2.664535259100375697e-15,4.945996239017430018e-01,2.832016179051158669e-02
1.306000000000000050e+00,6.217248937900876626e-15,1.871587037178634727e-01,3.476977626893375944e-02
1.308000000000000052e+00,1.776356839400250465e-15,6.348423002599697107e-02,5.317607697357643742e-02
1.310000000000000053e+00,1.598721155460225418e-14,2.611420570548496078e-01,3.711331961910475236e-02
1.312000000000000055e+00,1.776356839400250465e-15,2.013640492612367439e-01,2.595042903463069817e-02
1.314000000000000057e+00,1.776356839400250465e-15,1.402869915076411511e-01,4.922497342753451299e-02
1.316000000000000059e+00,0.000000000000000000e+00,3.524576957333577787e-01,3.333551899763921578e-02
1.318000000000000060e+00,1.776356839400250465e-15,6.042729035158798251e-02,4.678102327027830465e-02
1.320000000000000062e+00,4.440892098500626162e-15,7.981142340314008321e-02,2.840529520512300593e-02
1.322000000000000064e+00,8.881784197001252323e-16,1.440655475608636493e-01,5.011209494148984728e-02
1.324000000000000066e+00,3.552713678800500929e-15,3.670995700595421768e-02,4.586517685639097952e-02
1.326000000000000068e+00,0.000000000000000000e+00,2.761386111152665523e-01,4.083083328595087796e-02
1.328000000000000069e+00,0.000000000000000000e+00,1.372829758717548920e-01,4.608587176571263266e-02
1.330000000000000071e+00,5.329070518200751394e-15,4.487342603196828872e-01,4.037284115353944464e-02
1.332000000000000073e+00,1.776356839400250465e-15,4.718406204406904586e-02,4.721320092354989312e-02
1.334000000000000075e+00,3.552713678800500929e-15,3.408107574935551748e-02,4.535988147742007343e-02
1.336000000000000076e+00,4.440892098500626162e-15,9.742669558135201580e-02,5.546366431621431448e-02
1.338000000000000078e+00,1.776356839400250465e-15,1.646414033123923537e-01,3.759360199954970422e-02
1.340000000000000080e+00,6.217248937900876626e-15,4.318144453281455575e-01,3.065111156689449834e-02
1.342000000000000082e+00,0.000000000000000000e+00,2.256273903133693137e-01,4.295881488758795941e-02
1.344000000000000083e+00,1.776356839400250465e-15,7.778344008546046739e-02,4.533411829802275195e-02
1.346000000000000085e+00,2.664535259100375697e-15,3.364649452344830594e-01,4.084796583466004938e-02
1.348000000000000087e+00,0.000000000000000000e+00,3.611610173460799156e-01,4.175816946140055441e-02
1.350000000000000089e+00,3.552713678800500929e-15,1.608345570501006627e-01,5.199711067621564514e-02
1.352000000000000091e+00,1.154631945610162802e-14,1.711904283405655258e-01,4.902416126688137477e-02
1.354000000000000092e+00,6.217248937900876626e-15,6.195075097910390793e-02,5.727150929164089022e-02
1.356000000000000094e+00,0.000000000000000000e+00,1.237276659557660398e-02,3.278415060985857832e-02
1.358000000000000096e+00,8.881784197001252323e-16,2.768757003695365149e-01,5.516402995135447074e-02
1.360000000000000098e+00,8.881784197001252323e-16,1.978113263799593236e-01,5.575537210142440109e-02
1.362000000000000099e+00,8.881784197001252323e-16,4.315178381275293629e-01,3.583771765176131663e-02
1.364000000000000101e+00,3.552713678800500929e-15,3.752828860378654707e-01,3.369421879299707573e-02
1.366000000000000103e+00,5.329070518200751394e-15,2.217300943200752050e-02,4.601781343315505118e-02
1.368000000000000105e+00,1.509903313490212895e-14,4.038947121177762639e-02,3.721976193608490802e-02
1.370000000000000107e+00,7.105427357601001859e-15,4.004644879011166059e-01,3.578969629919622614e-02
1.372000000000000108e+00,8.881784197001252323e-16,6.223533563070880043e-02,5.150552675619525511e-02
1.374000000000000110e+00,2.664535259100375697e-15,1.407402942929543155e-01,6.053893110186037846e-02
1.376000000000000112e+00,3.552713678800500929e-15,2.536163388393104512e-01,4.333343771079152529e-02
1.378000000000000114e+00,3.552713678800500929e-15,4.036149657649937272e-01,3.561873431442904442e-02
1.380000000000000115e+00,0.000000000000000000e+00,9.934364308048337922e-02,5.624194260179384008e-02
1.382000000000000117e+00,4.440892098500626162e-15,7.904445062486263607e-02,5.715132874800249452e-02
1.384000000000000119e+00,7.105427357601001859e-15,2.930783613868433446e-01,2.914984186902109045e-02
1.386000000000000121e+00,8.881784197001252323e-16,6.115652610382594362e-02,6.148117776329372480e-02
1.388000000000000123e+00,0.000000000000000000e+00,1.688890430741188664e-01,5.565478909911074357e-02
1.390000000000000124e+00,0.000000000000000000e+00,1.111259975673829087e-01,5.268199198114070780e-02
1.392000000000000126e+00,2.664535259100375697e-15,1.983001979753684640e-01,3.757356677107562964e-02
1.394000000000000128e+00,4.440892098500626162e-15,9.548922952133882813e-02,3.769540149447066224e-02
1.396000000000000130e+00,3.552713678800500929e-15,4.196050845638422781e-03,7.076369505617527422e-02
1.398000000000000131e+00,8.881784197001252323e-16,1.157504023650950814e-01,5.881634828729372100e-02
1.400000000000000133e+00,1.776356839400250465e-15,1.206160668659614910e-01,4.477148019765856551e-02
1.402000000000000135e+00,4.440892098500626162e-15,3.583053620118122340e-01,5.022546726998109584e-02
1.404000000000000137e+00,0.000000000000000000e+00,3.051785750546260334e-01,4.468641081332883069e-02
1.406000000000000139e+00,0.000000000000000000e+00,8.164206302083543143e-02,4.205541647352073475e-02
1.407999999999999918e+00,3.552713678800500929e-15,7.645270468198775426e-02,6.313249025503053780e-02
1.409999999999999920e+00,4.440892098500626162e-15,1.890311044874839475e-01,4.854195013404032782e-02
1.411999999999999922e+00,3.552713678800500929e-15,1.299549992187072622e-01,4.764387468491507877e-02
1.413999999999999924e+00,8.881784197001252323e-16,1.524632257627120679e-01,6.380167824698412815e-02
1.415999999999999925e+00,6.217248937900876626e-15,2.986828301590763179e-01,3.147623447915118278e-02
1.417999999999999927e+00,8.881784197001252323e-16,1.064092873470533912e-01,6.823057465885148942e-02
1.419999999999999929e+00,8.881784197001252323e-16,1.003566320886530860e-01,6.814205690835034579e-02
1.421999999999999931e+00,0.000000000000000000e+00,2.179740202723913500e-02,5.161572252036291525e-02
1.423999999999999932e+00,0.000000000000000000e+00,1.388502572735606233e-01,4.748601816472748649e-02
1.425999999999999934e+00,0.000000000000000000e+00,1.346835599718148278e-02,6.600240701923694442e-02
1.427999999999999936e+00,4.440892098500626162e-15,3.277930242976312414e-01,4.920456233265810969e-02
1.429999999999999938e+00,8.881784197001252323e-16,4.503010846224369534e-01,5.136058555028800293e-02
1.431999999999999940e+00,7.105427357601001859e-15,4.841927174017651020e-02,6.761961383658771085e-02
1.433999999999999941e+00,3.552713678800500929e-15,7.469694238653022678e-02,6.204225675176570920e-02
1.435999999999999943e+00,7.993605777301127091e-15,5.533522306426746917e-01,4.168417401250793658e-02
1.437999999999999945e+00,1.865174681370262988e-14,9.189683763792412530e-02,6.763778963289016066e-02
1.439999999999999947e+00,1.687538997430237941e-14,2.849050752656475116e-01,6.088247222710981704e-02
1.441999999999999948e+00,0.000000000000000000e+00,4.646555531890410595e-01,5.092646913683362281e-02
1.443999999999999950e+00,3.552713678800500929e-15,1.044502771280657605e-01,5.252666533864464027e-02
1.445999999999999952e+00,1.243449787580175325e-14,3.217742712701707197e-01,6.020603359797753462e-02
1.447999999999999954e+00,4.440892098500626162e-15,1.527114692937206197e-01,5.715950158139009030e-02
1.449999999999999956e+00,6.217248937900876626e-15,3.531419357662273772e-01,6.412320876211037579e-02
1.451999999999999957e+00,4.440892098500626162e-15,1.517084629608753399e-01,5.111889697525265341e-02
1.453999999999999959e+00,7.993605777301127091e-15,5.380689101945058256e-02,6.389872574340854650e-02
1.455999999999999961e+00,0.000000000000000000e+00,1.774511746536659995e-01,7.299259331351840019e-02
1.457999999999999963e+00,3.552713678800500929e-15,4.607110462249039418e-01,4.817317023913421370e-02
1.459999999999999964e+00,1.776356839400250465e-15,2.731885459505931091e-01,5.089435374449340771e-02
1.461999999999999966e+00,1.776356839400250465e-15,2.241311405098742604e-01,5.918954907711551638e-02
1.463999999999999968e+00,8.881784197001252323e-16,1.398617030017162109e-02,5.568020336230943695e-02
1.465999999999999970e+00,1.776356839400250465e-15,1.243979384197411997e-02,5.148757203771194002e-02
1.467999999999999972e+00,0.000000000000000000e+00,1.683584360446174419e-02,7.327892759310236648e-02
1.469999999999999973e+00,0.000000000000000000e+00,1.974455076737002823e-01,4.866766375396487654e-02
1.471999999999999975e+00,6.217248937900876626e-15,7.994006961380543952e-02,6.197594717271057152e-02
1.473999999999999977e+00,6.217248937900876626e-15,2.892778546314193622e-01,5.971832407582979008e-02
1.475999999999999979e+00,4.440892098500626162e-15,2.066354525638326722e-01,6.355550898189271658e-02
1.477999999999999980e+00,6.217248937900876626e-15,3.370877985543471039e-02,4.878268715558738144e-02
1.479999999999999982e+00,0.000000000000000000e+00,2.027149938535631468e-01,6.058608841727446820e-02
1.481999999999999984e+00,2.664535259100375697e-15,3.405602213464697242e-02,6.972533772997392687e-02
1.483999999999999986e+00,3.552713678800500929e-15,1.950820459710932153e-01,4.070153310629178595e-02
1.485999999999999988e+00,1.776356839400250465e-15,5.462429354201601278e-02,7.353165146187988499e-02
1.487999999999999989e+00,4.440892098500626162e-15,4.851898173586410845e-01,5.223877520088422016e-02
1.489999999999999991e+00,7.105427357601001859e-15,3.553768910855293339e-01,3.925026756836463154e-02
1.491999999999999993e+00,4.440892098500626162e-15,2.738641862644613512e-01,5.476717760108795047e-02
1.493999999999999995e+00,8.881784197001252323e-16,1.849243353468268125e-01,4.014658481192360379e-02
1.495999999999999996e+00,3.552713678800500929e-15,2.525474537169081213e-01,6.742653873087732508e-02
1.497999999999999998e+00,5.329070518200751394e-15,4.157260984306606066e-01,5.583504272783949840e-02
1.500000000000000000e+00,8.881784197001252323e-16,3.288815361921200719e-01,5.224075472870321618e-02
1.502000000000000002e+00,0.000000000000000000e+00,1.243571136716716402e-01,7.541170277857810189e-02
1.504000000000000004e+00,5.329070518200751394e-15,2.934284245189045515e-01,7.612459866666025643e-02
1.506000000000000005e+00,7.993605777301127091e-15,3.464218065103983335e-01,6.040560119939426126e-02
1.508000000000000007e+00,4.440892098500626162e-15,1.395922647354947699e-01,7.506959261713731790e-02
1.510000000000000009e+00,0.000000000000000000e+00,1.363927448207719606e-01,4.864733395455536624e-02
1.512000000000000011e+00,6.217248937900876626e-15,7.151515025185498087e-02,7.662078352772658252e-02
1.514000000000000012e+00,0.000000000000000000e+00,3.303129853762934998e-01,5.378783512099895303e-02
1.516000000000000014e+00,0.000000000000000000e+00,3.792711257032145844e-01,5.665911902975631631e-02
1.518000000000000016e+00,6.217248937900876626e-15,4.380177886856926328e-01,5.405390551438597063e-02
1.520000000000000018e+00,0.000000000000000000e+00,7.048878668170517614e-02,6.271264407512126826e-02
1.522000000000000020e+00,4.440892098500626162e-15,1.192967388678175394e-01,5.724239984107402923e-02
1.524000000000000021e+00,8.881784197001252323e-15,3.067986747378142476e-01,5.673594533716797006e-02
1.526000000000000023e+00,8.881784197001252323e-16,2.072792128837682712e-01,5.962463193801310901e-02
1.528000000000000025e+00,3.552713678800500929e-15,3.597984387904293868e-01,6.623891581184004895e-02
1.530000000000000027e+00,1.065814103640150279e-14,7.078914058318826197e-02,5.897776677933495165e-02
1.532000000000000028e+00,8.881784197001252323e-16,2.395619049296507097e-01,6.634776704386528834e-02
1.534000000000000030e+00,8.881784197001252323e-16,3.597385869928115265e-01,6.401766723275847948e-02
1.536000000000000032e+00,3.552713678800500929e-15,1.082191524400519106e-01,6.186901818319559543e-02
1.538000000000000034e+00,1.776356839400250465e-15,2.847436510351596950e-01,5.643297818296811458e-02
1.540000000000000036e+00,5.329070518200751394e-15,1.173396175189296287e-01,7.525985714856099629e-02
1.542000000000000037e+00,3.552713678800500929e-15,3.794585358024866323e-02,7.182132135831720277e-02
1.544000000000000039e+00,3.552713678800500929e-15,2.585326654256133172e-01,5.251724999771751473e-02
1.546000000000000041e+00,1.776356839400250465e-15,1.328569455393273889e-02,8.215153242333088357e-02
1.548000000000000043e+00,8.881784197001252323e-16,3.409987719555568897e-01,6.515315347025425752e-02
1.550000000000000044e+00,8.881784197001252323e-16,3.692159603833195664e-02,7.553246469911473193e-02
1.552000000000000046e+00,8.881784197001252323e-16,1.235373920962502953e-01,7.858778544000505351e-02
1.554000000000000048e+00,8.881784197001252323e-16,5.584075036865662756e-02,9.318833908168994151e-02
1.556000000000000050e+00,1.776356839400250465e-15,1.729306745412133306e-01,7.818146757725620566e-02
1.558000000000000052e+00,6.217248937900876626e-15,3.007972187527825289e-02,4.619060331665893887e-02
1.560000000000000053e+00,1.598721155460225418e-14,1.363099748198370875e-01,7.589439738002766445e-02
1.562000000000000055e+00,8.881784197001252323e-15,8.149397888274535762e-02,5.310290583065387093e-02
1.564000000000000057e+00,4.440892098500626162e-15,3.817645289137925890e-01,6.638076013747322424e-02
1.566000000000000059e+00,9.769962616701377556e-15,2.697617331803762175e-01,7.705190026042207929e-02
1.568000000000000060e+00,2.664535259100375697e-15,3.209066360155835573e-01,6.283988848770864777e-02
1.570000000000000062e+00,5.329070518200751394e-15,2.016825267657039733e-01,6.775605454747098133e-02
1.572000000000000064e+00,3.552713678800500929e-15,2.712515826574778480e-02,8.579151318521607839e-02
1.574000000000000066e+00,5.329070518200751394e-15,3.045175470405929730e-01,7.179283725967068597e-02
1.576000000000000068e+00,5.329070518200751394e-15,3.528145358730277459e-01,5.030919336130888070e-02
1.578000000000000069e+00,6.217248937900876626e-15,1.481969162202766699e-01,9.309841609647055705e-02
1.580000000000000071e+00,2.664535259100375697e-15,2.472152064258742177e-01,8.431638638234684180e-02
1.582000000000000073e+00,2.664535259100375697e-15,3.398393611333196396e-01,8.436348013936027790e-02
1.584000000000000075e+00,1.776356839400250465e-15,2.926713013774325245e-01,8.231760583796829400e-02
1.586000000000000076e+00,6.217248937900876626e-15,2.006404522728701956e-01,7.100212324115828810e-02
1.588000000000000078e+00,3.552713678800500929e-15,1.596908651749548713e-01,9.492721024506947658e-02
1.590000000000000080e+00,5.329070518200751394e-15,3.290160380611352187e-01,6.043709381900274485e-02
1.592000000000000082e+00,1.776356839400250465e-15,1.537680195587624865e-01,9.203841456892752904e-02
1.594000000000000083e+00,4.440892098500626162e-15,3.453538800835782574e-01,5.636364728477250702e-02
1.596000000000000085e+00,3.552713678800500929e-15,3.868202006129912718e-01,4.830881362566476211e-02
1.598000000000000087e+00,2.664535259100375697e-15,2.126253298154323901e-01,8.894789692834575989e-02
1.600000000000000089e+00,1.509903313490212895e-14,1.962912610457925866e-02,7.392722711759977527e-02
1.602000000000000091e+00,4.440892098500626162e-15,1.489881465799766137e-02,8.795755102211401388e-02
1.604000000000000092e+00,0.000000000000000000e+00,2.135543909277151930e-01,6.602223259223451157e-02
1.606000000000000094e+00,5.329070518200751394e-15,3.088990032749719047e-02,7.859237448552648664e-02
1.608000000000000096e+00,8.881784197001252323e-16,6.149660115732795695e-01,4.497594747958819777e-02
1.610000000000000098e+00,6.217248937900876626e-15,5.106482854307018426e-01,4.800849526078628665e-02
1.612000000000000099e+00,2.664535259100375697e-15,8.996202930590686819e-02,7.206432140580976142e-02
1.614000000000000101e+00,8.881784197001252323e-16,4.570985355745208617e-02,9.627503988014911307e-02
1.616000000000000103e+00,4.440892098500626162e-15,4.084632343253125630e-01,5.477339466247453659e-02
1.618000000000000105e+00,8.881784197001252323e-15,1.976163264897868796e-02,8.297324603510150554e-02
1.620000000000000107e+00,8.881784197001252323e-15,2.626795949713997547e-01,6.948818021170574677e-02
1.622000000000000108e+00,1.421085471520200372e-14,4.998420349979031951e-01,4.826247756608464251e-02
1.624000000000000110e+00,3.552713678800500929e-15,3.171398901582692109e-01,6.766152175450824979e-02
1.626000000000000112e+00,1.776356839400250465e-15,4.835662648751058446e-01,4.968572368879248247e-02
1.628000000000000114e+00,3.552713678800500929e-15,1.877345945668802418e-01,9.409224961692165545e-02
1.630000000000000115e+00,5.329070518200751394e-15,1.593540533341927246e-01,7.949654075034037759e-02
1.632000000000000117e+00,3.552713678800500929e-15,6.592622926054579613e-02,9.114603870856138879e-02
1.634000000000000119e+00,5.329070518200751394e-15,3.023784907083334472e-01,7.989400576642188834e-02
1.636000000000000121e+00,1.598721155460225418e-14,4.979829106874169575e-01,6.355498815078351738e-02
1.638000000000000123e+00,5.329070518200751394e-15,2.163297945429535629e-01,9.319683895522083705e-02
1.640000000000000124e+00,7.105427357601001859e-15,2.991489543771123083e-01,8.698068750878888700e-02
1.642000000000000126e+00,3.552713678800500929e-15,1.726073868823444213e-01,7.523776960763334243e-02
1.644000000000000128e+00,1.776356839400250465e-15,7.457410443865679361e-02,5.361157051463939088e-02
1.646000000000000130e+00,0.000000000000000000e+00,1.966594115123531106e-01,8.699616193691660226e-02
1.648000000000000131e+00,1.776356839400250465e-15,6.261660123336816597e-02,8.325552277581430016e-02
1.650000000000000133e+00,8.881784197001252323e-15,3.599074408353282184e-01,6.850257095357972781e-02
1.652000000000000135e+00,1.065814103640150279e-14,1.461161548947955413e-01,9.444076497470314802e-02
1.654000000000000137e+00,3.552713678800500929e-15,3.445802762873153569e-01,7.393611204878015875e-02
1.656000000000000139e+00,3.552713678800500929e-15,3.327504885262098644e-01,7.056038513646269161e-02
1.658000000000000140e+00,1.776356839400250465e-15,2.045477336747446306e-01,9.519533633428949038e-02
1.660000000000000142e+00,1.065814103640150279e-14,4.105105621819561679e-02,1.066674518280770478e-01
1.662000000000000144e+00,3.552713678800500929e-15,1.704906027566726878e-01,1.052056608975651814e-01
1.664000000000000146e+00,1.421085471520200372e-14,1.347034965263715078e-01,8.742585417901067857e-02
1.665999999999999925e+00,1.776356839400250465e-15,7.567556700726942032e-02,7.907593381003584498e-02
1.667999999999999927e+00,5.329070518200751394e-15,4.538063868190107542e-01,7.153572731876667312e-02
1.669999999999999929e+00,8.881784197001252323e-15,2.664749318020563917e-01,8.805824928845597255e-02
1.671999999999999931e+00,5.329070518200751394e-15,2.978390555577938303e-01,7.320613249312551973e-02
1.673999999999999932e+00,1.065814103640150279e-14,1.442768057404130166e-01,9.928260044073221324e-02
1.675999999999999934e+00,8.881784197001252323e-15,1.137679332854863029e-01,5.672930897582360160e-02
1.677999999999999936e+00,1.776356839400250465e-15,4.213432133449900863e-01,6.452287340677716199e-02
1.679999999999999938e+00,1.065814103640150279e-14,3.900161215784150870e-01,7.358059331498888189e-02
1.681999999999999940e+00,1.421085471520200372e-14,3.041282901336336830e-01,5.712593423520005709e-02
1.683999999999999941e+00,1.776356839400250465e-15,8.309651390039535235e-02,8.465268148620187783e-02
1.685999999999999943e+00,7.105427357601001859e-15,2.989813083932656990e-01,8.635397741865739885e-02
1.687999999999999945e+00,0.000000000000000000e+00,2.501640634450319478e-01,7.860150710037258626e-02
1.689999999999999947e+00,5.329070518200751394e-15,9.920393157092488590e-02,8.804188982904351257e-02
1.691999999999999948e+00,7.105427357601001859e-15,3.086135091740628833e-01,7.163982149599212867e-02
1.693999999999999950e+00,3.552713678800500929e-15,8.250615704345509727e-02,9.881599776454738637e-02
1.695999999999999952e+00,3.552713678800500929e-15,1.692573755470745331e-02,9.844348300260469253e-02
1.697999999999999954e+00,1.953992523340275511e-14,6.320160074342413559e-01,5.144839417074140858e-02
1.699999999999999956e+00,7.105427357601001859e-15,3.551365871695180698e-01,9.121364638209666920e-02
1.701999999999999957e+00,1.421085471520200372e-14,2.199874144372051740e-02,8.848192540840439657e-02
1.703999999999999959e+00,5.329070518200751394e-15,5.410921765720566601e-02,9.240538319245009125e-02
1.705999999999999961e+00,1.065814103640150279e-14,3.319472243636196335e-02,9.371976805703056967e-02
1.707999999999999963e+00,3.552713678800500929e-15,2.741892282751694498e-01,8.284154416995055670e-02
1.709999999999999964e+00,1.776356839400250465e-15,2.378254732263706817e-01,1.072276471579808738e-01
1.711999999999999966e+00,1.953992523340275511e-14,6.195956982788000111e-01,5.490502485083628009e-02
1.713999999999999968e+00,1.776356839400250465e-15,3.996890664272914617e-01,6.011678099590366670e-02
1.715999999999999970e+00,8.881784197001252323e-15,5.390014543402709135e-01,5.981367715441390787e-02
1.717999999999999972e+00,7.105427357601001859e-15,8.422171762807474085e-04,1.174117044155810613e-01
1.719999999999999973e+00,8.881784197001252323e-15,2.653728338747530224e-01,5.896298673359174486e-02
1.721999999999999975e+00,7.105427357601001859e-15,1.623724571868487843e-01,1.122834534876950563e-01
1.723999999999999977e+00,1.776356839400250465e-15,1.340651714882243606e-01,1.023396360623160251e-01
1.725999999999999979e+00,3.552713678800500929e-15,3.050172713372547098e-02,1.041999784332479501e-01
1.727999999999999980e+00,3.552713678800500929e-15,7.307478771866397771e-02,1.062892351787092793e-01
1.729999999999999982e+00,8.881784197001252323e-15,2.715393937908048838e-01,1.028372363880099144e-01
1.731999999999999984e+00,5.329070518200751394e-15,5.574819117287280884e-02,8.257632877758123990e-02
1.733999999999999986e+00,3.552713678800500929e-15,2.949102682560136857e-01,6.659066441609723386e-02
1.735999999999999988e+00,3.552713678800500929e-15,5.446060947921030904e-01,6.829927939088542566e-02
1.737999999999999989e+00,0.000000000000000000e+00,6.922627951756131492e-02,6.250574536824167471e-02
1.739999999999999991e+00,1.776356839400250465e-15,3.408675442311171616e-02,8.913150021341362250e-02
1.741999999999999993e+00,0.000000000000000000e+00,2.064416066268865979e-01,9.305618098079354583e-02
1.743999999999999995e+00,1.776356839400250465e-15,2.042510927428141387e-01,7.521222291527096537e-02
1.745999999999999996e+00,5.329070518200751394e-15,4.688018560727871265e-01,7.988109452871983152e-02
1.747999999999999998e+00,1.776356839400250465e-15,2.923367887366858375e-01,9.706170225923663186e-02
1.750000000000000000e+00,0.000000000000000000e+00,1.570575172503672901e-01,7.521577303737790599e-02
1.752000000000000002e+00,3.552713678800500929e-15,6.355865349736103398e-02,9.257396200287976162e-02
1.754000000000000004e+00,5.329070518200751394e-15,2.987497017930243470e-01,1.090128233258819967e-01
1.756000000000000005e+00,5.329070518200751394e-15,1.310058345987757666e-01,9.001583795526481302e-02
1.758000000000000007e+00,1.243449787580175325e-14,1.099200553765927874e-01,9.784048915084543607e-02
1.760000000000000009e+00,1.065814103640150279e-14,2.579629043250757370e-01,6.906051155672317254e-02
1.762000000000000011e+00,1.776356839400250465e-15,9.634037294775416038e-02,9.644885997470292738e-02
1.764000000000000012e+00,5.329070518200751394e-15,3.690005415298829722e-02,8.221942702272110048e-02
1.766000000000000014e+00,1.776356839400250465e-15,2.995167243897142728e-01,8.969462974770503472e-02
1.768000000000000016e+00,0.000000000000000000e+00,1.966691353575874268e-01,8.687902232409773495e-02
1.770000000000000018e+00,1.421085471520200372e-14,8.594373100733405935e-02,1.076016104304715892e-01
1.772000000000000020e+00,5.329070518200751394e-15,1.761324791606226625e-01,1.020216507059211741e-01
1.774000000000000021e+00,1.065814103640150279e-14,6.113096918364119281e-02,1.078879775269189489e-01
1.776000000000000023e+00,1.776356839400250465e-15,2.778979895237482234e-02,6.571865919799718680e-02
1.778000000000000025e+00,7.105427357601001859e-15,3.856069395098252195e-01,7.572493050200429510e-02
1.780000000000000027e+00,8.881784197001252323e-15,2.081448628603656259e-01,9.595026866954839417e-02
1.782000000000000028e+00,3.552713678800500929e-15,3.148415933059385274e-01,8.671787300108306507e-02
1.784000000000000030e+00,1.776356839400250465e-15,3.175784820320080581e-01,1.084480794474959459e-01
1.786000000000000032e+00,3.552713678800500929e-15,7.663186713569443420e-02,6.774214529216913971e-02
1.788000000000000034e+00,1.776356839400250465e-15,2.846215373174581509e-01,9.773168499001295972e-02
1.790000000000000036e+00,1.776356839400250465e-15,1.155491380146873026e-01,1.094345977607705384e-01
1.792000000000000037e+00,1.776356839400250465e-15,3.480483593782899513e-03,8.161955501724132978e-02
1.794000000000000039e+00,0.000000000000000000e+00,1.136347940908972037e-01,1.171343507898126718e-01
1.796000000000000041e+00,1.776356839400250465e-15,4.511190334887382192e-01,7.310380094874563417e-02
1.798000000000000043e+00,3.552713678800500929e-15,1.289867725183136971e-01,1.034702817774375977e-01
1.800000000000000044e+00,8.881784197001252323e-15,6.143300418762581705e-02,1.275465378602859134e-01
1.802000000000000046e+00,1.776356839400250465e-15,1.862677213298605805e-01,6.461642531433083037e-02
1.804000000000000048e+00,0.000000000000000000e+00,1.664184113815740107e-01,8.783725686337824634e-02
1.806000000000000050e+00,1.243449787580175325e-14,2.877690917753787936e-01,7.192951719218101947e-02
1.808000000000000052e+00,7.105427357601001859e-15,2.675951887807014873e-01,7.660906251617924378e-02
1.810000000000000053e+00,0.000000000000000000e+00,1.215541657182624274e-01,1.023229742292730143e-01
1.812000000000000055e+00,1.776356839400250465e-15,1.255971241829969831e-01,1.065778267193940032e-01
1.814000000000000057e+00,3.552713678800500929e-15,4.413250255997052673e-01,8.062793854033195595e-02
1.816000000000000059e+00,1.776356839400250465e-15,1.981717770339363194e-01,1.020535675402371861e-01
1.818000000000000060e+00,1.421085471520200372e-14,4.148317557744152922e-02,1.236209870501661923e-01
1.820000000000000062e+00,0.000000000000000000e+00,7.464003117037697199e-02,1.149018513221906346e-01
1.822000000000000064e+00,1.776356839400250465e-15,2.702422930011978974e-01,9.362299597503560833e-02
1.824000000000000066e+00,1.243449787580175325e-14,2.733249268953540922e-01,1.169182513745561230e-01
1.826000000000000068e+00,7.105427357601001859e-15,2.431196124043695853e-02,1.261101095928225668e-01
1.828000000000000069e+00,5.329070518200751394e-15,7.378643014117737542e-02,1.132797869083581321e-01
1.830000000000000071e+00,3.552713678800500929e-15,4.119408269789526789e-01,9.155780037694538631e-02
1.832000000000000073e+00,0.000000000000000000e+00,1.112956895852212913e-01,1.135992888866229622e-01
1.834000000000000075e+00,1.776356839400250465e-15,3.491526392151973052e-02,8.540101003809456859e-02
1.836000000000000076e+00,3.552713678800500929e-15,1.165025759286105744e-01,1.106056049989311146e-01
1.838000000000000078e+00,1.776356839400250465e-15,1.906859481425629832e-01,8.939402211450184210e-02
1.840000000000000080e+00,1.776356839400250465e-15,2.264324083063128101e-01,1.005293284959783429e-01
1.842000000000000082e+00,1.776356839400250465e-15,3.135292855313463467e-01,7.455392278388747740e-02
1.844000000000000083e+00,1.776356839400250465e-15,5.836216181922452284e-01,6.596345610951996619e-02
1.846000000000000085e+00,7.105427357601001859e-15,1.253078614497445120e-01,7.025538606650824636e-02
1.848000000000000087e+00,7.105427357601001859e-15,1.244280901912109411e-01,9.073080429624048870e-02
1.850000000000000089e+00,5.329070518200751394e-15,4.455404381168565631e-01,7.811844220551288076e-02
1.852000000000000091e+00,1.776356839400250465e-15,4.299193378408002197e-01,9.442718593379553771e-02
1.854000000000000092e+00,1.776356839400250465e-15,1.181805868057249631e-01,1.178509791465562340e-01
1.856000000000000094e+00,5.329070518200751394e-15,6.383584289112720356e-02,1.128442078209359600e-01
1.858000000000000096e+00,1.776356839400250465e-15,2.078536715523596479e-01,9.523668760940912081e-02
1.860000000000000098e+00,3.552713678800500929e-15,3.327612491840890255e-03,8.681492970073749482e-02
1.862000000000000099e+00,1.243449787580175325e-14,4.488815476468885346e-01,7.517772103224115710e-02
1.864000000000000101e+00,0.000000000000000000e+00,9.430149435321000251e-02,1.324153998346787042e-01
1.866000000000000103e+00,5.329070518200751394e-15,2.208500153808717892e-02,1.165187030264736856e-01
1.868000000000000105e+00,5.329070518200751394e-15,2.721813823612584740e-02,9.518958541686615982e-02
1.870000000000000107e+00,3.552713678800500929e-15,2.501647479391349571e-01,1.015048121740066978e-01
1.872000000000000108e+00,8.881784197001252323e-15,2.131613329568242676e-01,1.269935122460303933e-01
1.874000000000000110e+00,5.329070518200751394e-15,3.337468510238651986e-01,1.092448347943106440e-01
1.876000000000000112e+00,5.329070518200751394e-15,1.724192332607228373e-01,1.090189945861393533e-01
1.878000000000000114e+00,8.881784197001252323e-15,2.886180566325661223e-01,9.041247509745556354e-02
1.880000000000000115e+00,1.776356839400250465e-15,4.313643801931885124e-01,7.468348786646698823e-02
1.882000000000000117e+00,1.421085471520200372e-14,3.662769298559442332e-01,1.189016257612861838e-01
1.884000000000000119e+00,3.552713678800500929e-15,4.766885977545282094e-02,1.247447429321080631e-01
1.886000000000000121e+00,0.000000000000000000e+00,9.259178254900518601e-02,1.138903728761875428e-01
1.888000000000000123e+00,5.329070518200751394e-15,2.524515917152880262e-01,1.108294169460013745e-01
1.890000000000000124e+00,3.552713678800500929e-15,1.106081484183609326e-01,8.719069857522905587e-02
1.892000000000000126e+00,1.065814103640150279e-14,1.589238800653550443e-01,1.109404824736085204e-01
1.894000000000000128e+00,1.776356839400250465e-15,5.348986158755871800e-01,7.609834549115268576e-02
1.896000000000000130e+00,1.776356839400250465e-15,2.865834916295871282e-01,1.249147276726076256e-01
1.898000000000000131e+00,5.329070518200751394e-15,1.747598749409025043e-01,1.174800749719058929e-01
1.900000000000000133e+00,8.881784197001252323e-15,3.705327424674971226e-01,9.267648294906728756e-02
1.902000000000000135e+00,1.776356839400250465e-15,1.495785862250601471e-02,1.421947436529584774e-01
1.904000000000000137e+00,8.881784197001252323e-15,3.715188662090449651e-02,1.246457859017188058e-01
1.906000000000000139e+00,1.953992523340275511e-14,9.961899453480071998e-02,7.461225508205439338e-02
1.908000000000000140e+00,1.065814103640150279e-14,5.180535577418118320e-01,7.920436401516534053e-02
1.910000000000000142e+00,2.131628207280300558e-14,1.138799189163268444e-02,1.223807814340081013e-01
1.912000000000000144e+00,1.776356839400250465e-15,4.066476661916951230e-01,1.066474301924716372e-01
1.914000000000000146e+00,3.552713678800500929e-15,3.205234178927752198e-01,7.029789178094492108e-02
1.916000000000000147e+00,5.329070518200751394e-15,5.087548840626815450e-01,7.113933042681581942e-02
1.918000000000000149e+00,1.953992523340275511e-14,1.108264110853491163e-01,9.498001424959136296e-02
1.919999999999999929e+00,0.000000000000000000e+00,1.210222979860621079e-01,1.336598980205727094e-01
1.921999999999999931e+00,3.552713678800500929e-15,1.545234670068714455e-01,1.333864885184702087e-01
1.923999999999999932e+00,5.329070518200751394e-15,2.730375795677880690e-02,9.953282502540941601e-02
1.925999999999999934e+00,3.552713678800500929e-15,2.676129565493734486e-01,7.833249774779536823e-02
1.927999999999999936e+00,5.329070518200751394e-15,5.146428904015505346e-01,7.271750507364026228e-02
1.929999999999999938e+00,1.776356839400250465e-15,5.279740767835717774e-01,9.010028268254213768e-02
1.931999999999999940e+00,1.776356839400250465e-15,1.237993278305930117e-01,1.233220005872506936e-01
1.933999999999999941e+00,0.000000000000000000e+00,2.415481044290646029e-02,9.304731756165726675e-02
1.935999999999999943e+00,3.552713678800500929e-15,6.114918335619413670e-01,7.386209298132233314e-02
1.937999999999999945e+00,3.552713678800500929e-15,2.279012690712158562e-01,1.230385428430033207e-01
1.939999999999999947e+00,3.552713678800500929e-15,4.371392883857450617e-01,8.852282114367830690e-02
1.941999999999999948e+00,3.552713678800500929e-15,3.782029813014251007e-01,9.372475236646855834e-02
1.943999999999999950e+00,5.329070518200751394e-15,5.611233774891951631e-01,7.989388501906459494e-02
1.945999999999999952e+00,8.881784197001252323e-15,3.270731546872422402e-01,1.090870683904264227e-01
1.947999999999999954e+00,0.000000000000000000e+00,1.416704146290332089e-01,1.428349072867968750e-01
1.949999999999999956e+00,0.000000000000000000e+00,2.738967926493887650e-01,9.662900093947388025e-02
1.951999999999999957e+00,1.776356839400250465e-15,2.524324809574692852e-01,1.100632185103391919e-01
1.953999999999999959e+00,5.329070518200751394e-15,8.165833948178480295e-02,1.180305050429929087e-01
1.955999999999999961e+00,3.552713678800500929e-15,4.459303438417903109e-01,1.030651218960395021e-01
1.957999999999999963e+00,3.552713678800500929e-15,3.660003348377010440e-02,1.240180963718746088e-01
1.959999999999999964e+00,8.881784197001252323e-15,2.494310740926885261e-01,9.627578648875177725e-02
1.961999999999999966e+00,5.329070518200751394e-15,2.779194129967774152e-01,1.329898634446613492e-01
1.963999999999999968e+00,0.000000000000000000e+00,1.070829052432462625e-01,1.256118730545604245e-01
1.965999999999999970e+00,7.105427357601001859e-15,2.968544092347252250e-01,1.102404401393423106e-01
1.967999999999999972e+00,5.329070518200751394e-15,3.436567960434779856e-01,1.269624498304157412e-01
1.969999999999999973e+00,5.329070518200751394e-15,2.364986964322062235e-01,1.133973589601819654e-01
1.971999999999999975e+00,1.065814103640150279e-14,6.559458540944151927e-01,7.263102177484476174e-02
1.973999999999999977e+00,1.776356839400250465e-15,7.591788950019004445e-02,1.274808185479068545e-01
1.975999999999999979e+00,0.000000000000000000e+00,3.244197865896812361e-01,9.096065893115198864e-02
1.977999999999999980e+00,7.105427357601001859e-15,2.944647720012496528e-01,1.250935304590182762e-01
1.979999999999999982e+00,1.776356839400250465e-15,5.040204922502196094e-01,7.419673824974887255e-02
1.981999999999999984e+00,8.881784197001252323e-15,1.965072400871149816e-01,1.187400674444418491e-01
1.983999999999999986e+00,3.552713678800500929e-15,2.916221452204145193e-01,9.886694524788965099e-02
1.985999999999999988e+00,0.000000000000000000e+00,7.639270016432868349e-02,1.250977993055172599e-01
1.987999999999999989e+00,1.598721155460225418e-14,3.289944900994047905e-01,1.077743153373289381e-01
1.989999999999999991e+00,3.552713678800500929e-15,6.104417749157470263e-02,9.555775444337771818e-02
1.991999999999999993e+00,1.776356839400250465e-15,1.361483890983252454e-01,1.256189852355480696e-01
1.993999999999999995e+00,1.776356839400250465e-15,5.884503399688123526e-02,9.744749345631915916e-02
1.995999999999999996e+00,5.329070518200751394e-15,3.987592345886653011e-01,1.010875861565796313e-01
1.997999999999999998e+00,5.329070518200751394e-15,3.261015634961011989e-01,1.028722963777756461e-01
2.000000000000000000e+00,1.065814103640150279e-14,1.634503276764407154e-01,8.250297631624897710e-02
2.002000000000000224e+00,8.881784197001252323e-15,1.092169204499873619e-01,1.060134705421439810e-01
2.004000000000000004e+00,1.776356839400250465e-15,2.569267800512526345e-01,1.443719078694186975e-01
2.006000000000000227e+00,1.065814103640150279e-14,2.958116963164670321e-01,1.217691362011765893e-01
2.008000000000000007e+00,3.552713678800500929e-15,3.350126706360053164e-01,9.898392264333334689e-02
2.010000000000000231e+00,1.776356839400250465e-15,3.000830590907317963e-01,9.304850823833264728e-02
2.012000000000000011e+00,7.105427357601001859e-15,3.523242822219699311e-01,9.799520142567952341e-02
2.014000000000000234e+00,1.776356839400250465e-15,7.274955782442246721e-02,1.420589783025019148e-01
2.016000000000000014e+00,1.776356839400250465e-15,1.773273339716167352e-01,1.244028557773260574e-01
2.018000000000000238e+00,5.329070518200751394e-15,5.090207777171267267e-01,8.185603096297255910e-02
2.020000000000000018e+00,1.776356839400250465e-15,5.371153041475432710e-01,8.642201356797035716e-02
2.022000000000000242e+00,1.776356839400250465e-15,9.759981850112448010e-02,1.271040419319921233e-01
2.024000000000000021e+00,1.065814103640150279e-14,3.723088412699275263e-01,1.097701418239578897e-01
2.026000000000000245e+00,8.881784197001252323e-15,2.779627637533272841e-02,1.480091763579502451e-01
2.028000000000000025e+00,1.776356839400250465e-15,1.211564700720962895e-02,9.469647108908217648e-02
2.030000000000000249e+00,3.552713678800500929e-15,6.691785607749216325e-02,1.266085661594547884e-01
2.032000000000000028e+00,1.776356839400250465e-15,2.706954143416890335e-01,1.444757845606059188e-01
2.034000000000000252e+00,5.329070518200751394e-15,2.536723927509274001e-01,1.222387435300102965e-01
2.036000000000000032e+00,1.776356839400250465e-15,3.630130277950329720e-01,1.184785908576189151e-01
2.038000000000000256e+00,5.329070518200751394e-15,2.079964748842050293e-01,1.028762713718957000e-01
2.040000000000000036e+00,1.598721155460225418e-14,3.530313211281330826e-02,1.068831125226436807e-01
2.042000000000000259e+00,3.552713678800500929e-15,2.094855547272585772e-01,1.144779720853998928e-01
2.044000000000000039e+00,1.065814103640150279e-14,5.515562587110772047e-02,1.464092529725607994e-01
2.046000000000000263e+00,3.552713678800500929e-15,3.561519682557109934e-01,1.152009266360501244e-01
2.048000000000000043e+00,5.329070518200751394e-15,1.571068894916734793e-01,1.335037742725156129e-01
2.049999999999999822e+00,1.243449787580175325e-14,1.987904499850423334e-01,1.401584319787841926e-01
2.052000000000000046e+00,5.329070518200751394e-15,1.285678122825192060e-01,1.325595166742313258e-01
2.053999999999999826e+00,3.552713678800500929e-15,2.866290040425488184e-01,1.418156099572775442e-01
2.056000000000000050e+00,1.776356839400250465e-15,9.679646380087299218e-02,1.256876995215878978e-01
2.057999999999999829e+00,1.065814103640150279e-14,2.650834194203517402e-01,1.162631631351685874e-01
2.060000000000000053e+00,1.243449787580175325e-14,2.292009079936061511e-01,1.079443408244260688e-01
2.061999999999999833e+00,1.776356839400250465e-15,2.433307757452593534e-02,9.458019041934009885e-02
2.064000000000000057e+00,0.000000000000000000e+00,3.028491462520655486e-01,1.149160524286934326e-01
2.065999999999999837e+00,8.881784197001252323e-15,4.633096021343446336e-01,8.674827298851220392e-02
2.068000000000000060e+00,1.776356839400250465e-14,1.413653981667111204e-01,1.177375584316159018e-01
2.069999999999999840e+00,3.552713678800500929e-15,9.941503863721412593e-02,1.078991569782553200e-01
2.072000000000000064e+00,1.776356839400250465e-15,4.614285499559102506e-03,1.042628325748197471e-01
2.073999999999999844e+00,1.065814103640150279e-14,9.586160721146171071e-02,1.217333602449062191e-01
2.076000000000000068e+00,1.953992523340275511e-14,2.920459017509096644e-01,9.633225979073714584e-02
2.077999999999999847e+00,5.329070518200751394e-15,4.717222337581594704e-02,1.516532715602306458e-01
2.080000000000000071e+00,1.776356839400250465e-15,4.105900188222055824e-02,1.553470035086561007e-01
2.081999999999999851e+00,0.000000000000000000e+00,5.947081667697554780e-02,1.383008623220381150e-01
2.084000000000000075e+00,8.881784197001252323e-15,4.657554627225826138e-01,1.032707594550334451e-01
2.085999999999999854e+00,5.329070518200751394e-15,1.801678732867793009e-01,1.545511974083087769e-01
2.088000000000000078e+00,5.329070518200751394e-15,1.539422147437785882e-01,1.347172315011933019e-01
2.089999999999999858e+00,1.065814103640150279e-14,1.644815357191905802e-01,1.483068301650700693e-01
2.092000000000000082e+00,3.552713678800500929e-15,9.793666765032439658e-02,1.368841301736148097e-01
2.093999999999999861e+00,1.776356839400250465e-15,2.228870843289206538e-01,1.559165340204864136e-01
2.096000000000000085e+00,7.105427357601001859e-15,2.219393784324016627e-01,1.440742920591008558e-01
2.097999999999999865e+00,1.776356839400250465e-15,1.948756320882912008e-01,1.348416957837973162e-01
2.100000000000000089e+00,3.552713678800500929e-15,2.105052202417414808e-01,1.106439424849635506e-01
2.101999999999999869e+00,1.776356839400250465e-15,3.140556247953887326e-01,1.444970402836651402e-01
2.104000000000000092e+00,0.000000000000000000e+00,5.076967021342821962e-01,9.602299359165938908e-02
2.105999999999999872e+00,1.776356839400250465e-15,2.981734108563493732e-02,1.254438607887744250e-01
2.108000000000000096e+00,1.776356839400250465e-15,5.734032348911455995e-02,1.630946617649790265e-01
2.109999999999999876e+00,7.105427357601001859e-15,8.940831710268452859e-02,1.417305351550050552e-01
2.112000000000000099e+00,1.776356839400250465e-15,1.144089726017677444e-02,1.732598371306767193e-01
2.113999999999999879e+00,7.105427357601001859e-15,4.480051117821957224e-02,1.528448895036041977e-01
2.116000000000000103e+00,5.329070518200751394e-15,3.498706525935122436e-01,8.632653143888927016e-02
2.117999999999999883e+00,7.105427357601001859e-15,2.113338259855818135e-01,1.426948217932699492e-01
2.120000000000000107e+00,0.000000000000000000e+00,9.532135430640452378e-02,1.092412191805527677e-01
2.121999999999999886e+00,7.105427357601001859e-15,2.100026325707999575e-01,1.190872070565550250e-01
2.124000000000000110e+00,1.776356839400250465e-15,9.926234960501650884e-02,1.224285258728813885e-01
2.125999999999999890e+00,1.776356839400250465e-15,3.371696203222129817e-01,1.095552497000036318e-01
2.128000000000000114e+00,0.000000000000000000e+00,2.551254775679285269e-01,1.029042351080260570e-01
2.129999999999999893e+00,1.776356839400250465e-15,4.001662314084111216e-01,1.087399450160816405e-01
2.132000000000000117e+00,3.552713678800500929e-15,2.025373147302460958e-02,1.466114681528653541e-01
2.133999999999999897e+00,1.065814103640150279e-14,1.878675864224933767e-01,1.456707726501564326e-01
2.136000000000000121e+00,7.105427357601001859e-15,1.095836322393570622e-01,1.170038674014821228e-01
2.137999999999999901e+00,1.953992523340275511e-14,2.451061373993924930e-01,1.419029407182299252e-01
2.140000000000000124e+00,3.552713678800500929e-15,2.616951590081932344e-01,1.497389927677287291e-01
2.141999999999999904e+00,7.105427357601001859e-15,4.878836280823698607e-02,1.345792454792790749e-01
2.144000000000000128e+00,1.776356839400250465e-15,2.014302713764715147e-01,1.313397842208533783e-01
2.145999999999999908e+00,1.776356839400250465e-15,1.341873451368982006e-01,1.147039589099716900e-01
2.148000000000000131e+00,0.000000000000000000e+00,1.133778596611597217e-01,1.239919457404406178e-01
2.149999999999999911e+00,3.552713678800500929e-15,6.002665863510810856e-02,1.360328385691143838e-01
2.152000000000000135e+00,1.065814103640150279e-14,6.485039543706178078e-02,1.648509214772147791e-01
2.153999999999999915e+00,1.065814103640150279e-14,3.979932256674878488e-01,1.072966591648818191e-01
2.156000000000000139e+00,1.776356839400250465e-15,5.522053406057068070e-01,9.826903210104624697e-02
2.157999999999999918e+00,1.065814103640150279e-14,5.199198785284759872e-01,8.970788209776719979e-02
2.160000000000000142e+00,5.329070518200751394e-15,2.833764614683826344e-01,1.439457565699786556e-01
2.161999999999999922e+00,0.000000000000000000e+00,2.194164211720049107e-01,1.160316547504297718e-01
2.164000000000000146e+00,8.881784197001252323e-15,4.044059100981178267e-01,1.090820826311327679e-01
2.165999999999999925e+00,7.105427357601001859e-15,8.545588955804690745e-02,1.361973061551363107e-01
2.168000000000000149e+00,1.598721155460225418e-14,3.051247107148714055e-01,1.516861171963229393e-01
2.169999999999999929e+00,1.776356839400250465e-15,3.199834430396620299e-01,1.083477009280581771e-01
2.172000000000000153e+00,3.552713678800500929e-15,1.148428086428852080e-01,1.496019688191458363e-01
2.173999999999999932e+00,5.329070518200751394e-15,1.208145443837828070e-01,1.125635642130356912e-01
2.176000000000000156e+00,3.552713678800500929e-15,3.072058342322179780e-01,1.263198979707028102e-01
2.177999999999999936e+00,7.105427357601001859e-15,1.920672718313171379e-01,1.643647765230348001e-01
2.180000000000000160e+00,1.421085471520200372e-14,1.149934205072460601e-02,1.639319945503421860e-01
2.181999999999999940e+00,1.243449787580175325e-14,2.068889922766610143e-02,1.197750678822616516e-01
2.184000000000000163e+00,1.776356839400250465e-15,2.558281791911344305e-01,1.470089402252479083e-01
2.185999999999999943e+00,0.000000000000000000e+00,5.754539897351700767e-02,1.359987403818241070e-01
2.188000000000000167e+00,1.065814103640150279e-14,2.318591316953875214e-01,1.495564849726875312e-01
2.189999999999999947e+00,3.552713678800500929e-15,2.357285889838480267e-02,1.283075367704466230e-01
2.192000000000000171e+00,7.105427357601001859e-15,2.665867993272957870e-01,1.268832907691848921e-01
2.193999999999999950e+00,3.552713678800500929e-15,1.603944106591053687e-01,1.640136758430889574e-01
2.196000000000000174e+00,8.881784197001252323e-15,3.122063093093536135e-01,1.352500998880216410e-01
2.197999999999999954e+00,0.000000000000000000e+00,2.410227293609681354e-01,1.530734570497215563e-01
2.200000000000000178e+00,1.243449787580175325e-14,7.075680690101172898e-02,1.147212747635444063e-01
2.201999999999999957e+00,1.243449787580175325e-14,2.164455146323366608e-01,1.501987400452837740e-01
2.204000000000000181e+00,3.552713678800500929e-15,4.182747147998764348e-01,1.096773408667437721e-01
2.205999999999999961e+00,5.329070518200751394e-15,8.220394791155395675e-02,1.751076473006773493e-01
2.208000000000000185e+00,8.881784197001252323e-15,1.657187762157343036e-01,1.104305958157752732e-01
2.209999999999999964e+00,5.329070518200751394e-15,3.272605711357099989e-01,1.389914273735319283e-01
2.212000000000000188e+00,0.000000000000000000e+00,3.152611253934101826e-02,1.507230014522850936e-01
2.213999999999999968e+00,0.000000000000000000e+00,3.104812781647690589e-01,1.373784734299844101e-01
2.216000000000000192e+00,1.065814103640150279e-14,1.842430988120014879e-01,1.647709449991208164e-01
2.217999999999999972e+00,5.329070518200751394e-15,6.243926830722359989e-02,1.287026329476911313e-01
2.220000000000000195e+00,5.329070518200751394e-15,4.245961917473121683e-01,1.117748480264671440e-01
2.221999999999999975e+00,8.881784197001252323e-15,1.879652708121992977e-01,1.513780962672990615e-01
2.224000000000000199e+00,1.953992523340275511e-14,1.164730142456815165e-01,1.218145840327867768e-01
2.225999999999999979e+00,1.776356839400250465e-15,5.353290978100515574e-01,1.054998126620658588e-01
2.228000000000000203e+00,7.105427357601001859e-15,1.285087418970404793e-01,1.530868597008258059e-01
2.229999999999999982e+00,7.105427357601001859e-15,5.688959862287866764e-01,9.973422206382366595e-02
2.232000000000000206e+00,1.776356839400250465e-15,4.068085146373747185e-01,1.401248379567015812e-01
2.233999999999999986e+00,1.065814103640150279e-14,2.611204434560216933e-02,1.495829286540402980e-01
2.236000000000000210e+00,8.881784197001252323e-15,1.173847392508485799e-01,1.316868686223573448e-01
2.237999999999999989e+00,5.329070518200751394e-15,3.374677494293324975e-01,1.286537271023000251e-01
2.240000000000000213e+00,3.552713678800500929e-15,2.598849654162778688e-01,1.128979932525385615e-01
2.241999999999999993e+00,5.329070518200751394e-15,1.379384458555257265e-01,1.579198334524798131e-01
2.244000000000000217e+00,7.105427357601001859e-15,1.102993513496515615e-01,1.533524378257169751e-01
2.245999999999999996e+00,3.552713678800500929e-15,1.892808763230008628e-01,1.522533562876682289e-01
2.248000000000000220e+00,0.000000000000000000e+00,4.787445944336074510e-02,1.715974572480953031e-01
2.250000000000000000e+00,7.105427357601001859e-15,4.215292331932567471e-01,1.283898326970846215e-01
2.252000000000000224e+00,5.329070518200751394e-15,3.711140436869318077e-02,1.766196440820962110e-01
2.254000000000000004e+00,0.000000000000000000e+00,2.851788955166476014e-01,1.400380235297463694e-01
2.256000000000000227e+00,1.421085471520200372e-14,1.807440936119004971e-01,1.490941019609046958e-01
2.258000000000000007e+00,5.329070518200751394e-15,4.668207388083170373e-01,1.206447395022749031e-01
2.260000000000000231e+00,8.881784197001252323e-15,6.142609793826753206e-01,9.960763926053488315e-02
2.262000000000000011e+00,3.552713678800500929e-15,4.293889576367098670e-01,1.371925158324475147e-01
2.264000000000000234e+00,1.776356839400250465e-15,5.577935575464992163e-02,1.518869172958216274e-01
2.266000000000000014e+00,7.105427357601001859e-15,1.102911770407773578e-01,1.604672547403930560e-01
2.268000000000000238e+00,1.243449787580175325e-14,1.737575768815016186e-01,1.721201822596480080e-01
2.270000000000000018e+00,8.881784197001252323e-15,8.922046902340403929e-02,1.563896028880684685e-01
2.272000000000000242e+00,8.881784197001252323e-15,7.350842104045743342e-02,1.439684734497006513e-01
2.274000000000000021e+00,3.552713678800500929e-15,2.885375304455750634e-01,1.511192605442377435e-01
2.276000000000000245e+00,5.329070518200751394e-15,8.806736766090643431e-02,1.329000995675443664e-01
2.278000000000000025e+00,3.552713678800500929e-15,4.985006951055581115e-01,1.185030520141205496e-01
2.280000000000000249e+00,3.552713678800500929e-15,5.957402236967310888e-02,1.406705541381941815e-01
2.282000000000000028e+00,1.776356839400250465e-15,7.989580771981098783e-02,1.473938386191218086e-01
2.284000000000000252e+00,1.243449787580175325e-14,3.506367508694034352e-01,1.360968475437423220e-01
2.286000000000000032e+00,1.243449787580175325e-14,3.157218931822294850e-01,1.479936258025993379e-01
2.288000000000000256e+00,1.065814103640150279e-14,1.071930621558037505e-01,1.498590808588771417e-01
2.290000000000000036e+00,7.105427357601001859e-15,1.273150518609161563e-01,1.836769122983317459e-01
2.292000000000000259e+00,5.329070518200751394e-15,9.040620435974555669e-02,1.622779653015199164e-01
2.294000000000000039e+00,5.329070518200751394e-15,2.661505503198389744e-01,1.178881631738358943e-01
2.296000000000000263e+00,1.243449787580175325e-14,2.239557909897016141e-01,1.715625780388501664e-01
2.298000000000000043e+00,1.776356839400250465e-15,3.227976727514059729e-01,1.142401137894430291e-01
2.300000000000000266e+00,1.776356839400250465e-15,1.222995878433907474e-01,1.549563759713018518e-01
2.302000000000000046e+00,8.881784197001252323e-15,2.399180933509180991e-01,1.658270681279468972e-01
2.304000000000000270e+00,7.105427357601001859e-15,1.805642428419166057e-01,1.475924897814217818e-01
2.306000000000000050e+00,3.552713678800500929e-15,1.010208234875606820e-01,1.794968813300800159e-01
2.307999999999999829e+00,8.881784197001252323e-15,2.484565606976969210e-01,1.584733505238022921e-01
2.310000000000000053e+00,1.065814103640150279e-14,4.776080084414979221e-01,1.204354926733253311e-01
2.311999999999999833e+00,5.329070518200751394e-15,3.505806274433838077e-01,1.575393100950927272e-01
2.314000000000000057e+00,1.776356839400250465e-15,2.691949728628969529e-01,1.321108312958549080e-01
2.315999999999999837e+00,7.105427357601001859e-15,1.340699980131022651e-01,1.677005298486502483e-01
2.318000000000000060e+00,5.329070518200751394e-15,7.667552515508603561e-02,1.147191111311369333e-01
2.319999999999999840e+00,0.000000000000000000e+00,1.533803026132702085e-01,1.714448502813061825e-01
2.322000000000000064e+00,7.105427357601001859e-15,4.369271390051865933e-01,1.111181939078223629e-01
2.323999999999999844e+00,1.776356839400250465e-15,5.299704236628899334e-02,1.833370188796769884e-01
2.326000000000000068e+00,1.776356839400250465e-14,4.608937027965753774e-02,1.610146746036966170e-01
2.327999999999999847e+00,3.552713678800500929e-15,2.405174016880793353e-01,1.686953611569178835e-01
2.330000000000000071e+00,5.329070518200751394e-15,1.767316792355151656e-01,1.638277838377918127e-01
2.331999999999999851e+00,1.776356839400250465e-15,3.132842756724670275e-01,1.651795997728987830e-01
2.334000000000000075e+00,1.776356839400250465e-15,1.912815478500818622e-01,1.402072722532168580e-01
2.335999999999999854e+00,1.776356839400250465e-15,1.816765478819942492e-01,1.623069734426329236e-01
2.338000000000000078e+00,1.776356839400250465e-14,1.901288655116385173e-01,1.540545225025838905e-01
2.339999999999999858e+00,5.329070518200751394e-15,6.338366722979400791e-02,1.622117093935931953e-01
2.342000000000000082e+00,5.329070518200751394e-15,6.158562416121670519e-02,1.331064211877736880e-01
2.343999999999999861e+00,5.329070518200751394e-15,3.847424122835239046e-01,1.231313784681486168e-01
2.346000000000000085e+00,7.105427357601001859e-15,7.240311902369168939e-02,1.607713667460480833e-01
2.347999999999999865e+00,3.552713678800500929e-15,9.403417209755106365e-02,1.664206686194357465e-01
2.350000000000000089e+00,3.552713678800500929e-15,6.258854966332687286e-02,1.452005614568235847e-01
2.351999999999999869e+00,7.105427357601001859e-15,4.684091074474833194e-02,1.735746973342181809e-01
2.354000000000000092e+00,1.065814103640150279e-14,2.244198122357504988e-01,1.725638389968963404e-01
2.355999999999999872e+00,5.329070518200751394e-15,1.726517728637143659e-02,1.775432460442293858e-01
2.358000000000000096e+00,0.000000000000000000e+00,2.639324838576624366e-01,1.765366298696556813e-01
2.359999999999999876e+00,0.000000000000000000e+00,9.195579501982005521e-02,1.533797970236801256e-01
2.362000000000000099e+00,3.552713678800500929e-15,2.248855668052178736e-01,1.505948865743280407e-01
2.363999999999999879e+00,1.776356839400250465e-15,1.543197754405559348e-02,1.756204068203996160e-01
2.366000000000000103e+00,3.552713678800500929e-15,3.022210696419532217e-01,1.592957387825046645e-01
2.367999999999999883e+00,5.329070518200751394e-15,7.696990560654662361e-03,1.648924287565475544e-01
2.370000000000000107e+00,3.552713678800500929e-15,6.577160100787864117e-02,1.404292815538970562e-01
2.371999999999999886e+00,8.881784197001252323e-15,1.851155423396134425e-01,1.755342740132032897e-01
2.374000000000000110e+00,5.329070518200751394e-15,2.811684816245174634e-01,1.566278114737352511e-01
2.375999999999999890e+00,3.552713678800500929e-15,3.029249233927854435e-03,1.897035642320883675e-01
2.378000000000000114e+00,1.243449787580175325e-14,2.876949644040150411e-01,1.151041624524955509e-01
2.379999999999999893e+00,7.105427357601001859e-15,2.240549511001051763e-01,1.490642438420532456e-01
2.382000000000000117e+00,1.776356839400250465e-15,1.750092233113688389e-01,1.404659131272776862e-01
2.383999999999999897e+00,5.329070518200751394e-15,8.737723244982036064e-02,1.662001021151481295e-01
2.386000000000000121e+00,8.881784197001252323e-15,1.943281958040083968e-01,1.868987329607938175e-01
2.387999999999999901e+00,1.776356839400250465e-15,1.579277624540312286e-01,1.351210185014695975e-01
2.390000000000000124e+00,1.776356839400250465e-15,1.802558873910990733e-01,1.673024792252537640e-01
2.391999999999999904e+00,3.552713678800500929e-15,5.477015444079327278e-01,1.201980708334138975e-01
2.394000000000000128e+00,0.000000000000000000e+00,1.553913092324498701e-01,1.605169317588272804e-01
2.395999999999999908e+00,3.552713678800500929e-15,1.124587358114942509e-01,1.434298428519124036e-01
2.398000000000000131e+00,8.881784197001252323e-15,2.161234735202422763e-01,1.421778181878029235e-01
2.399999999999999911e+00,1.776356839400250465e-15,1.434334514922479265e-01,1.547256472750275502e-01
2.402000000000000135e+00,1.065814103640150279e-14,3.363232265215911898e-01,1.675957568454971292e-01
2.403999999999999915e+00,3.552713678800500929e-15,2.755923029077411712e-01,1.452734125802119247e-01
2.406000000000000139e+00,8.881784197001252323e-15,2.592459175433088903e-01,1.753225423292167628e-01
2.407999999999999918e+00,7.105427357601001859e-15,2.117772806663932583e-01,1.652223481727054244e-01
2.410000000000000142e+00,3.552713678800500929e-15,8.116707778184338584e-02,1.540344706782925122e-01
2.411999999999999922e+00,1.243449787580175325e-14,8.214422715017882445e-03,1.473096428536367075e-01
2.414000000000000146e+00,5.329070518200751394e-15,2.620888155715799250e-01,1.401392538789535680e-01
2.415999999999999925e+00,7.105427357601001859e-15,4.688226218128916933e-01,1.280499824620307259e-01
2.418000000000000149e+00,1.776356839400250465e-15,3.688256013310212134e-01,1.481437128790875080e-01
2.419999999999999929e+00,5.329070518200751394e-15,1.634766029536218190e-01,1.853033360277639707e-01
2.422000000000000153e+00,1.776356839400250465e-15,1.317470258303514441e-02,1.773695562589288344e-01
2.423999999999999932e+00,3.552713678800500929e-15,3.953664490276585508e-01,1.477492562304756063e-01
2.426000000000000156e+00,1.065814103640150279e-14,4.184219462743135609e-02,1.671730343378728112e-01
2.427999999999999936e+00,5.329070518200751394e-15,1.869107447573356839e-01,1.682062323056990605e-01
2.430000000000000160e+00,1.065814103640150279e-14,1.693851412828104863e-01,1.668825408484971573e-01
2.431999999999999940e+00,8.881784197001252323e-15,2.607845134341823523e-01,1.213191176206610544e-01
2.434000000000000163e+00,7.105427357601001859e-15,4.938470215099410310e-01,1.213058447920265653e-01
2.435999999999999943e+00,5.329070518200751394e-15,2.897189235299551524e-01,1.627491391314688784e-01
2.438000000000000167e+00,5.329070518200751394e-15,1.335434318371249984e-01,1.545224753140491958e-01
2.439999999999999947e+00,7.105427357601001859e-15,3.057778882217072614e-01,1.312348097610261388e-01
2.442000000000000171e+00,5.329070518200751394e-15,1.832424778930276943e-01,1.683705668076212192e-01
2.443999999999999950e+00,1.065814103640150279e-14,6.649820418454832627e-02,1.641253161760355683e-01
2.446000000000000174e+00,3.552713678800500929e-15,1.793790948965516829e-01,1.892139733942911073e-01
2.447999999999999954e+00,5.329070518200751394e-15,5.449495269957418259e-02,1.945053936955796203e-01
2.450000000000000178e+00,3.552713678800500929e-15,1.811498619901266149e-01,1.530382135992099102e-01
2.451999999999999957e+00,3.552713678800500929e-15,2.979469281967197514e-01,1.853431050383362033e-01
2.454000000000000181e+00,1.776356839400250465e-15,2.763249183467993420e-01,1.318330575700841500e-01
2.455999999999999961e+00,5.329070518200751394e-15,4.068483214847069540e-01,1.423017450595637501e-01
2.458000000000000185e+00,7.105427357601001859e-15,1.941372087099113297e-01,1.821839210002531018e-01
2.459999999999999964e+00,1.421085471520200372e-14,1.508227722184425634e-01,1.725604267608015219e-01
2.462000000000000188e+00,3.552713678800500929e-15,2.425174531092690600e-01,1.237504657075984560e-01
2.463999999999999968e+00,1.776356839400250465e-15,1.793722112615959707e-01,1.466523092185204324e-01
2.466000000000000192e+00,7.105427357601001859e-15,5.186208576404152115e-01,1.380455688578044182e-01
2.467999999999999972e+00,8.881784197001252323e-15,1.848617755135296414e-01,1.798203660267962412e-01
2.470000000000000195e+00,1.776356839400250465e-15,1.100379818406478361e-01,1.642201338090852891e-01
2.471999999999999975e+00,0.000000000000000000e+00,3.981139076308495839e-02,1.934620481529281677e-01
2.474000000000000199e+00,0.000000000000000000e+00,3.222843292536152759e-01,1.522799849269244332e-01
2.475999999999999979e+00,1.065814103640150279e-14,1.945979951122334961e-01,1.748084589800111832e-01
2.478000000000000203e+00,5.329070518200751394e-15,4.658573544268254651e-01,1.258857511573499566e-01
2.479999999999999982e+00,7.105427357601001859e-15,4.135081596172502927e-01,1.263551104343844933e-01
2.482000000000000206e+00,8.881784197001252323e-15,2.392777615971667382e-01,1.375774717937272018e-01
2.483999999999999986e+00,5.329070518200751394e-15,4.449690169991541572e-02,1.692622487253231389e-01
2.486000000000000210e+00,3.552713678800500929e-15,4.540169020000727751e-01,1.258591791716215380e-01
2.487999999999999989e+00,3.552713678800500929e-15,1.047991921601992421e-01,1.657743078189090891e-01
2.490000000000000213e+00,3.552713678800500929e-15,3.560823564693056942e-01,1.395006429595932740e-01
2.491999999999999993e+00,1.776356839400250465e-15,2.441429929825709999e-01,1.881891005787679483e-01
2.494000000000000217e+00,1.776356839400250465e-15,1.981539572173094399e-01,1.696000403355416020e-01
2.495999999999999996e+00,0.000000000000000000e+00,3.089739384339125206e-01,1.760112247040368783e-01
2.498000000000000220e+00,0.000000000000000000e+00,1.659716430421269429e-01,1.833852179728145404e-01
2.500000000000000000e+00,1.243449787580175325e-14,1.338125956086577417e-01,1.217333671966873421e-01
2.502000000000000224e+00,7.105427357601001859e-15,1.036819663493026011e-01,1.298205567146271666e-01
2.504000000000000004e+00,1.776356839400250465e-15,2.850664173120119327e-01,1.682005228187625490e-01
2.506000000000000227e+00,1.776356839400250465e-15,1.541208854792187888e-01,1.504086475971719850e-01
2.508000000000000007e+00,8.881784197001252323e-15,4.809638727331219665e-01,1.386540897239406378e-01
2.510000000000000231e+00,3.552713678800500929e-15,4.971107608996307853e-02,1.795080389319143876e-01
2.512000000000000011e+00,0.000000000000000000e+00,9.814367841362486855e-02,1.704769062398266699e-01
2.514000000000000234e+00,3.552713678800500929e-15,4.274127048645643412e-01,1.316147415005452792e-01
2.516000000000000014e+00,7.105427357601001859e-15,1.602478142541748640e-01,1.974324023948359763e-01
2.518000000000000238e+00,1.776356839400250465e-15,4.657336359625446898e-02,1.460412368096886404e-01
2.520000000000000018e+00,0.000000000000000000e+00,1.984472846610573285e-02,1.810559562239565934e-01
2.522000000000000242e+00,5.329070518200751394e-15,3.063890271349826167e-01,1.858917068786130056e-01
2.524000000000000021e+00,1.776356839400250465e-15,7.518886623055677509e-02,1.803151064445213392e-01
2.526000000000000245e+00,1.776356839400250465e-15,2.133539060188996139e-01,1.900257857542874962e-01
2.528000000000000025e+00,0.000000000000000000e+00,3.415001168828322390e-03,1.523475482710782425e-01
2.530000000000000249e+00,3.552713678800500929e-15,3.197096851279001561e-01,1.436402555811995274e-01
2.532000000000000028e+00,1.776356839400250465e-15,7.636981914797426330e-02,1.750039297623611489e-01
2.534000000000000252e+00,1.776356839400250465e-15,1.674454567364362101e-01,1.961809441723300906e-01
2.536000000000000032e+00,3.552713678800500929e-15,3.826985275700485190e-01,1.720617245994519873e-01
2.538000000000000256e+00,1.776356839400250465e-15,3.223580086982990589e-01,1.752731179007191720e-01
2.540000000000000036e+00,7.105427357601001859e-15,2.301222472808638619e-01,1.825510871367769516e-01
2.542000000000000259e+00,8.881784197001252323e-15,1.278775718598262612e-01,1.633944852235894862e-01
2.544000000000000039e+00,1.065814103640150279e-14,3.297589458957203568e-01,1.569869014537705054e-01
2.546000000000000263e+00,1.776356839400250465e-15,4.120068750326013468e-02,1.318075345269101584e-01
2.548000000000000043e+00,3.552713678800500929e-15,3.896107093616174577e-01,1.758432664484691488e-01
2.550000000000000266e+00,1.776356839400250465e-14,3.241809950422653852e-01,1.668079184381474067e-01
2.552000000000000046e+00,3.552713678800500929e-15,7.400967463473548391e-02,2.086289492135759982e-01
2.554000000000000270e+00,1.776356839400250465e-15,4.244692694339665534e-02,1.774697035108250553e-01
2.556000000000000050e+00,7.105427357601001859e-15,3.835265809340748788e-01,1.656321668206106323e-01
2.558000000000000274e+00,7.105427357601001859e-15,1.678344338330058638e-01,1.737645459279381632e-01
2.560000000000000053e+00,0.000000000000000000e+00,2.087316141736251726e-02,1.571575433163980295e-01
2.561999999999999833e+00,3.552713678800500929e-15,2.687591362817206009e-01,1.809840723958834885e-01
2.564000000000000057e+00,1.065814103640150279e-14,3.088320066194618629e-01,1.694671911691131294e-01
2.565999999999999837e+00,5.329070518200751394e-15,4.160662703996640954e-01,1.495699972451441651e-01
2.568000000000000060e+00,8.881784197001252323e-15,2.603868757307381543e-01,1.656103027496642899e-01
2.569999999999999840e+00,1.776356839400250465e-15,2.832572168924772302e-02,1.713894298367731606e-01
2.572000000000000064e+00,5.329070518200751394e-15,1.014458723602952583e-02,2.084560264374832605e-01
2.573999999999999844e+00,1.065814103640150279e-14,1.582471853471379697e-01,1.970916093693627358e-01
2.576000000000000068e+00,1.776356839400250465e-15,1.130931460989402920e-01,1.879994340819358678e-01
2.577999999999999847e+00,2.309263891220325604e-14,2.056692780297888004e-02,1.930592596897719448e-01
2.580000000000000071e+00,1.776356839400250465e-15,2.019509741227684951e-01,1.866791433100393749e-01
2.581999999999999851e+00,1.776356839400250465e-15,3.626900990793881507e-01,1.571724134659196193e-01
2.584000000000000075e+00,3.552713678800500929e-15,3.979424046612187738e-01,1.497973205561841381e-01
2.585999999999999854e+00,0.000000000000000000e+00,2.090150092800506856e-02,1.852945528859493984e-01
2.588000000000000078e+00,1.776356839400250465e-15,1.197319557251805139e-01,1.580365728148414028e-01
2.589999999999999858e+00,0.000000000000000000e+00,2.029235166581125627e-01,1.455696616812329480e-01
2.592000000000000082e+00,1.421085471520200372e-14,1.189136037012860497e-01,1.809628796300120634e-01
2.593999999999999861e+00,1.065814103640150279e-14,2.361785744094690997e-01,1.756848305148383804e-01
2.596000000000000085e+00,7.105427357601001859e-15,2.936386578254927548e-01,1.566469566538813973e-01
2.597999999999999865e+00,1.776356839400250465e-15,1.584287394062100229e-01,1.798930567957436055e-01
2.600000000000000089e+00,7.105427357601001859e-15,2.966807607409420178e-01,1.588512395741306926e-01
2.601999999999999869e+00,8.881784197001252323e-15,1.783721203542750489e-01,1.801047377340973810e-01
2.604000000000000092e+00,3.552713678800500929e-15,1.505757928885139429e-01,1.693952515427034899e-01
2.605999999999999872e+00,2.309263891220325604e-14,2.721812153750582386e-01,1.828114121448844165e-01
2.608000000000000096e+00,3.552713678800500929e-15,9.326047202593444607e-02,1.952038089428262402e-01
2.609999999999999876e+00,3.552713678800500929e-15,2.970716437288829503e-01,1.274813260486904465e-01
2.612000000000000099e+00,1.776356839400250465e-15,4.718960918056310655e-02,2.147771937161435107e-01
2.613999999999999879e+00,1.243449787580175325e-14,2.656832682510705812e-01,1.824542015873425460e-01
2.616000000000000103e+00,5.329070518200751394e-15,3.129452673098964133e-01,1.531022058585696510e-01
2.617999999999999883e+00,3.552713678800500929e-15,2.060875772901295255e-01,2.019531910673011965e-01
2.620000000000000107e+00,1.776356839400250465e-15,6.844297585075248547e-02,1.540469616177874979e-01
2.621999999999999886e+00,1.776356839400250465e-14,1.102713709363047218e-01,1.951635391767259087e-01
2.624000000000000110e+00,1.243449787580175325e-14,1.981956435609778522e-01,1.934359384233209078e-01
2.625999999999999890e+00,3.552713678800500929e-15,1.229864696470251428e-01,1.967174554089727578e-01
2.628000000000000114e+00,1.776356839400250465e-15,3.379595048347915909e-01,1.514509618940519109e-01
2.629999999999999893e+00,8.881784197001252323e-15,4.864499599347625325e-01,1.551422900000032079e-01
2.632000000000000117e+00,3.552713678800500929e-15,3.375701754220683526e-02,1.825995925981733492e-01
2.633999999999999897e+00,5.329070518200751394e-15,1.719237456251658525e-01,1.909383877641390170e-01
2.636000000000000121e+00,5.329070518200751394e-15,3.076890673322656422e-01,1.902418628134504297e-01
2.637999999999999901e+00,5.329070518200751394e-15,3.070446709022771059e-01,1.643891634368465082e-01
2.640000000000000124e+00,0.000000000000000000e+00,3.526128879917659886e-01,1.677593291032590250e-01
2.641999999999999904e+00,3.552713678800500929e-15,1.568996733538693400e-01,2.106132387608903866e-01
2.644000000000000128e+00,1.776356839400250465e-15,4.420873299951802449e-02,1.942429021331590899e-01
2.645999999999999908e+00,7.105427357601001859e-15,9.771755295693425325e-02,2.150649084948449696e-01
2.648000000000000131e+00,3.552713678800500929e-15,2.651292938460802495e-01,1.680988448212220043e-01
2.649999999999999911e+00,7.105427357601001859e-15,2.751053515330834087e-01,1.631627635511624930e-01
2.652000000000000135e+00,3.552713678800500929e-15,2.142903209967382538e-01,2.076633141931754634e-01
2.653999999999999915e+00,3.552713678800500929e-15,1.036047840583544932e-01,1.992128211615326605e-01
2.656000000000000139e+00,1.065814103640150279e-14,2.948473713560936793e-01,1.654720739063242352e-01
2.657999999999999918e+00,1.776356839400250465e-15,1.315397714138471230e-01,1.946441166641289244e-01
2.660000000000000142e+00,1.243449787580175325e-14,1.054372954411017527e-01,1.788933265479434875e-01
2.661999999999999922e+00,7.105427357601001859e-15,2.825904632633199909e-01,1.492514272868047387e-01
2.664000000000000146e+00,8.881784197001252323e-15,1.582761826361954727e-01,1.600385541993734617e-01
2.665999999999999925e+00,0.000000000000000000e+00,8.387467830849749950e-02,2.141331247754800493e-01
2.668000000000000149e+00,3.552713678800500929e-15,1.174658172427741620e-01,1.609063953874713404e-01
2.669999999999999929e+00,3.552713678800500929e-15,5.792461587709839543e-01,1.353142370046134246e-01
2.672000000000000153e+00,7.105427357601001859e-15,2.221777189207347902e-01,2.062565546396864791e-01
2.673999999999999932e+00,0.000000000000000000e+00,6.672778598707586328e-02,1.794679953505070868e-01
2.676000000000000156e+00,0.000000000000000000e+00,1.292039919838175455e-02,1.858171242484150387e-01
2.677999999999999936e+00,1.776356839400250465e-15,2.436309114542892507e-01,1.581890510859570442e-01
2.680000000000000160e+00,0.000000000000000000e+00,1.283252561105269196e-01,2.087032517394099007e-01
2.681999999999999940e+00,1.776356839400250465e-15,3.661855546244680015e-02,2.098510261768553320e-01
2.684000000000000163e+00,1.421085471520200372e-14,4.907544933168705437e-01,1.379826512998987842e-01
2.685999999999999943e+00,1.776356839400250465e-15,1.772625365714561030e-01,2.117137918602073898e-01
2.688000000000000167e+00,5.329070518200751394e-15,9.572850029268771543e-02,1.969140847674075989e-01
2.689999999999999947e+00,0.000000000000000000e+00,5.356681393628462962e-01,1.423576954773266845e-01
2.692000000000000171e+00,1.776356839400250465e-15,1.348541050496639693e-01,1.864157224507672350e-01
2.693999999999999950e+00,1.776356839400250465e-15,5.316411570191154068e-02,1.568376310346727420e-01
2.696000000000000174e+00,1.421085471520200372e-14,1.515000743079383642e-02,2.177124879152800840e-01
2.697999999999999954e+00,1.776356839400250465e-15,1.245392820875462631e-01,1.793692753054949296e-01
2.700000000000000178e+00,7.105427357601001859e-15,3.136780383226703967e-02,2.142801538137832640e-01
2.701999999999999957e+00,1.065814103640150279e-14,1.298960016776953552e-01,1.364736055403501513e-01
2.704000000000000181e+00,1.243449787580175325e-14,2.411933584358179894e-01,1.707190367375295281e-01
2.705999999999999961e+00,2.486899575160350651e-14,2.106218365225442091e-01,1.829470614126744443e-01
2.708000000000000185e+00,1.243449787580175325e-14,6.695943027898725031e-02,1.979871916839584800e-01
2.709999999999999964e+00,1.776356839400250465e-14,7.068522172673551152e-02,2.046861297929471191e-01
2.712000000000000188e+00,7.105427357601001859e-15,2.226961817500448457e-02,1.440884329022780741e-01
2.713999999999999968e+00,1.776356839400250465e-15,2.721398775640563872e-01,2.074015985425092801e-01
2.716000000000000192e+00,1.776356839400250465e-15,1.203796506302972635e-01,1.365883541556040803e-01
2.717999999999999972e+00,1.065814103640150279e-14,1.677790483304886504e-01,1.267039642771067842e-01
2.720000000000000195e+00,1.776356839400250465e-15,2.205426391298523636e-01,1.902167511833109115e-01
2.721999999999999975e+00,0.000000000000000000e+00,3.186422665665298859e-01,2.044771331279913174e-01
2.724000000000000199e+00,1.065814103640150279e-14,2.658057238095544172e-01,1.434326286096044012e-01
2.725999999999999979e+00,8.881784197001252323e-15,1.288534086921529487e-01,1.813615803131026216e-01
2.728000000000000203e+00,1.065814103640150279e-14,4.182951558775071521e-01,1.585524713416580911e-01
2.729999999999999982e+00,5.329070518200751394e-15,1.826200920552873141e-01,1.966891299054754627e-01
2.732000000000000206e+00,3.552713678800500929e-15,3.344634816682151013e-01,1.843371108395359670e-01
2.733999999999999986e+00,0.000000000000000000e+00,2.621812003372120947e-01,1.870839083066511699e-01
2.736000000000000210e+00,1.598721155460225418e-14,3.823809325046189644e-01,1.294555417548224896e-01
2.737999999999999989e+00,7.105427357601001859e-15,2.065907030051975235e-01,1.964774027628120590e-01
2.740000000000000213e+00,0.000000000000000000e+00,7.756320377699640889e-02,2.062611278769330148e-01
2.741999999999999993e+00,0.000000000000000000e+00,2.043618589951323450e-01,1.586646506012897306e-01
2.744000000000000217e+00,1.065814103640150279e-14,4.527024514171006930e-01,1.554391370037299103e-01
2.745999999999999996e+00,3.552713678800500929e-15,4.379389611579012076e-01,1.345984826954555458e-01
2.748000000000000220e+00,0.000000000000000000e+00,8.043971831685169105e-02,1.414837293713292199e-01
2.750000000000000000e+00,7.105427357601001859e-15,3.281801686200514490e-01,1.588959108934149267e-01
2.752000000000000224e+00,0.000000000000000000e+00,2.063053435431976279e-01,1.641101165984562571e-01
2.754000000000000004e+00,5.329070518200751394e-15,7.318201798510114153e-02,2.132062213320600752e-01
2.756000000000000227e+00,3.552713678800500929e-15,2.606566107038258973e-01,1.504721745371513097e-01
2.758000000000000007e+00,1.065814103640150279e-14,5.713539400187384043e-02,1.703120802589289384e-01
2.760000000000000231e+00,3.552713678800500929e-15,1.457440962351575220e-01,1.897400559091552419e-01
2.762000000000000011e+00,3.552713678800500929e-15,3.071064953098288641e-01,1.700872782977835562e-01
2.764000000000000234e+00,0.000000000000000000e+00,1.116224448134003205e-01,1.569694630193364526e-01
2.766000000000000014e+00,1.776356839400250465e-15,2.232072897922091903e-01,1.446946133210700591e-01
2.768000000000000238e+00,1.065814103640150279e-14,4.006818534054985004e-01,1.810830361753536510e-01
2.770000000000000018e+00,7.105427357601001859e-15,2.466139062894027664e-02,1.733285242549415517e-01
2.772000000000000242e+00,1.065814103640150279e-14,1.505309065832475535e-01,1.543292542929296240e-01
2.774000000000000021e+00,3.552713678800500929e-15,5.347968387955238656e-01,1.420902374026653536e-01
2.776000000000000245e+00,3.552713678800500929e-15,2.337553424879132147e-01,1.907311765735272557e-01
2.778000000000000025e+00,7.105427357601001859e-15,6.842264897573611948e-02,1.645354917259110872e-01
2.780000000000000249e+00,5.329070518200751394e-15,4.403601686949221161e-01,1.562403210916529228e-01
2.782000000000000028e+00,8.881784197001252323e-15,1.985170486015850333e-01,2.149014413571887772e-01
2.784000000000000252e+00,7.105427357601001859e-15,5.899401823177546911e-02,2.348781015918005310e-01
2.786000000000000032e+00,5.329070518200751394e-15,1.510314672349629683e-01,1.589446094417594491e-01
2.788000000000000256e+00,3.552713678800500929e-15,1.605089704791061722e-01,1.403067345102320118e-01
2.790000000000000036e+00,1.776356839400250465e-15,1.828884785874296259e-01,1.872625845991352789e-01
2.792000000000000259e+00,1.776356839400250465e-15,1.400755006735439068e-01,2.061550590971384378e-01
2.794000000000000039e+00,1.243449787580175325e-14,2.550688948507092157e-01,1.666911221022324419e-01
2.796000000000000263e+00,1.776356839400250465e-15,2.128452634549652667e-01,1.937913635425995429e-01
2.798000000000000043e+00,3.552713678800500929e-15,5.504669804899539054e-01,1.491443782731237122e-01
2.800000000000000266e+00,7.105427357601001859e-15,2.343537783053671955e-02,2.058300707308686750e-01
2.802000000000000046e+00,1.776356839400250465e-15,9.016768650883313918e-04,2.186850222477863537e-01
2.804000000000000270e+00,3.552713678800500929e-15,3.877076133885417608e-01,1.658265208827436332e-01
2.806000000000000050e+00,7.105427357601001859e-15,8.232815715426881897e-02,2.128981433878452678e-01
2.808000000000000274e+00,1.598721155460225418e-14,1.266640222129009619e-01,1.846652196324510553e-01
2.810000000000000053e+00,5.329070518200751394e-15,4.871961380820516996e-01,1.535672367883322009e-01
2.812000000000000277e+00,7.105427357601001859e-15,6.473292161745622386e-02,2.312087923181882776e-01
2.814000000000000057e+00,3.552713678800500929e-15,1.879341958360303266e-01,1.910466629115370740e-01
2.815999999999999837e+00,3.552713678800500929e-15,4.614999605619352074e-01,1.747230648490934735e-01
2.818000000000000060e+00,3.552713678800500929e-15,3.276972876600403040e-01,2.151154550607572158e-01
2.819999999999999840e+00,2.309263891220325604e-14,2.595658913052629746e-01,2.004770940451320316e-01
2.822000000000000064e+00,1.243449787580175325e-14,2.839371483347670200e-01,1.824257954933168058e-01
2.823999999999999844e+00,1.776356839400250465e-15,3.025138611721815973e-01,1.755566482756007185e-01
2.826000000000000068e+00,1.776356839400250465e-15,1.726926489023875300e-01,1.994119497091484672e-01
2.827999999999999847e+00,3.552713678800500929e-15,4.863610788352284442e-01,1.469331745520769117e-01
2.830000000000000071e+00,0.000000000000000000e+00,2.422632708423564651e-01,2.002206272897930628e-01
2.831999999999999851e+00,5.329070518200751394e-15,1.968790435427923147e-01,1.863959865533283133e-01
2.834000000000000075e+00,1.598721155460225418e-14,8.928103743598125863e-02,1.883010735798112401e-01
2.835999999999999854e+00,1.776356839400250465e-15,2.230983333067322952e-02,2.048714613072358248e-01
2.838000000000000078e+00,3.552713678800500929e-15,5.156122636180464174e-03,1.674993593146730242e-01
2.839999999999999858e+00,8.881784197001252323e-15,3.036045458662845961e-02,1.887353313338684946e-01
2.842000000000000082e+00,1.776356839400250465e-15,3.947911585676111557e-01,1.877164987250786454e-01
2.843999999999999861e+00,7.105427357601001859e-15,2.107241321515199994e-01,1.895948923501115935e-01
2.846000000000000085e+00,8.881784197001252323e-15,3.991422719714511902e-01,1.669699772477548083e-01
2.847999999999999865e+00,0.000000000000000000e+00,7.156167000467690553e-02,2.069714018975608860e-01
2.850000000000000089e+00,5.329070518200751394e-15,3.011317159519029119e-01,1.544626215329724939e-01
2.851999999999999869e+00,5.329070518200751394e-15,4.290545049227099117e-01,1.733085432555235006e-01
2.854000000000000092e+00,3.552713678800500929e-15,3.735855990905341817e-01,1.503119128549769423e-01
2.855999999999999872e+00,1.776356839400250465e-15,9.810049167468182230e-02,2.201611837588250131e-01
2.858000000000000096e+00,3.552713678800500929e-15,2.416072681831760993e-01,1.964210959973390069e-01
2.859999999999999876e+00,3.552713678800500929e-15,4.426378608020719585e-01,1.625808955207299900e-01
2.862000000000000099e+00,1.776356839400250465e-14,3.237551571840427411e-01,2.044911538503106363e-01
2.863999999999999879e+00,5.329070518200751394e-15,1.975392370801350855e-02,2.156513677718511213e-01
2.866000000000000103e+00,1.776356839400250465e-15,1.153933018181412945e-01,2.208753607677494124e-01
2.867999999999999883e+00,0.000000000000000000e+00,2.552525847028766504e-01,2.219443323985063332e-01
2.870000000000000107e+00,1.953992523340275511e-14,3.146741653246242776e-01,1.749785543576317937e-01
2.871999999999999886e+00,3.552713678800500929e-15,1.645286457620835363e-01,2.159627744945684658e-01
2.874000000000000110e+00,2.131628207280300558e-14,3.503291300164710909e-01,1.886233039107695353e-01
2.875999999999999890e+00,1.776356839400250465e-14,1.459111762726499339e-01,2.255240395934388908e-01
2.878000000000000114e+00,1.065814103640150279e-14,1.278298139220900576e-01,2.177824981436424223e-01
2.879999999999999893e+00,3.552713678800500929e-15,1.995369510771780874e-01,2.099037027262031785e-01
2.882000000000000117e+00,1.776356839400250465e-15,7.452048722433124439e-02,2.341425075504663667e-01
2.883999999999999897e+00,1.776356839400250465e-15,2.982052175655467985e-01,1.601122485338641876e-01
2.886000000000000121e+00,1.776356839400250465e-15,1.963912845392603301e-01,1.840957381782487023e-01
2.887999999999999901e+00,8.881784197001252323e-15,6.565231986829106470e-02,2.270153034032413308e-01
2.890000000000000124e+00,3.552713678800500929e-15,2.344194051932677603e-01,2.040783287521746592e-01
2.891999999999999904e+00,1.776356839400250465e-15,2.376837288025549777e-01,1.757177823616571655e-01
2.894000000000000128e+00,1.065814103640150279e-14,2.227505231484390169e-01,2.067843408110418280e-01
2.895999999999999908e+00,3.552713678800500929e-15,1.177677296683231623e-01,1.902026223621538503e-01
2.898000000000000131e+00,5.329070518200751394e-15,2.936076698153493036e-01,1.947844292826607093e-01
2.899999999999999911e+00,1.776356839400250465e-15,2.477282208520668882e-01,1.731741218986298236e-01
2.902000000000000135e+00,1.776356839400250465e-15,2.706774526012474813e-01,2.136146630053449846e-01
2.903999999999999915e+00,7.105427357601001859e-15,2.640168959790052949e-01,1.937992703214405643e-01
2.906000000000000139e+00,0.000000000000000000e+00,3.097860865218359239e-01,1.787724973148033802e-01
2.907999999999999918e+00,3.552713678800500929e-15,2.565031109475108262e-01,1.634030075950197447e-01
2.910000000000000142e+00,5.329070518200751394e-15,4.544628130966329310e-02,2.249027293914599990e-01
2.911999999999999922e+00,5.329070518200751394e-15,3.906654056823202770e-01,1.813868208165985985e-01
2.914000000000000146e+00,0.000000000000000000e+00,3.971897181327399551e-01,1.875816957535788865e-01
2.915999999999999925e+00,2.309263891220325604e-14,1.500449539169436131e-01,2.264578752052108235e-01
2.918000000000000149e+00,1.776356839400250465e-15,7.129733597695658842e-02,2.206857673527363450e-01
2.919999999999999929e+00,5.329070518200751394e-15,5.279479096324605214e-01,1.481354450691750868e-01
2.922000000000000153e+00,3.552713678800500929e-15,4.410389644120663033e-01,1.906068072602882801e-01
2.923999999999999932e+00,1.598721155460225418e-14,4.731734294635358551e-01,1.651011665861324973e-01
2.926000000000000156e+00,1.243449787580175325e-14,1.131392020595900355e-01,2.034696341253982299e-01
2.927999999999999936e+00,0.000000000000000000e+00,5.551415089887526966e-01,1.614620712700209071e-01
2.930000000000000160e+00,1.243449787580175325e-14,4.067967811222758523e-01,1.789527993240656034e-01
2.931999999999999940e+00,1.776356839400250465e-15,4.978101316791962855e-02,1.930388702313852178e-01
2.934000000000000163e+00,1.421085471520200372e-14,3.012678792008925410e-01,2.122684805386261253e-01
2.935999999999999943e+00,1.421085471520200372e-14,1.359462778073361189e-01,2.075526854104355612e-01
2.938000000000000167e+00,1.776356839400250465e-15,2.735648204628704505e-01,1.859094507412539787e-01
2.939999999999999947e+00,1.776356839400250465e-15,2.747969431342502933e-01,1.557482148038900616e-01
2.942000000000000171e+00,5.329070518200751394e-15,1.572642652167483279e-01,2.202785855298185491e-01
2.943999999999999950e+00,5.329070518200751394e-15,1.109074664471256799e-01,1.792394327934110354e-01
2.946000000000000174e+00,1.776356839400250465e-15,4.126227354917988421e-01,1.626586446002722119e-01
2.947999999999999954e+00,1.776356839400250465e-15,1.473488876442032025e-01,2.022553280840371226e-01
2.950000000000000178e+00,1.776356839400250465e-15,8.391663089404866049e-03,1.858556448948134321e-01
2.951999999999999957e+00,3.552713678800500929e-15,4.546998804201790589e-02,2.480565380790942520e-01
2.954000000000000181e+00,1.776356839400250465e-15,4.123534125618071311e-01,1.613418363242888343e-01
2.955999999999999961e+00,0.000000000000000000e+00,3.720278911867091476e-01,1.952385462419608531e-01
2.958000000000000185e+00,1.065814103640150279e-14,4.949197365559249717e-01,1.688115277317194241e-01
2.959999999999999964e+00,8.881784197001252323e-15,1.695009754022864801e-01,1.517957950438559300e-01
2.962000000000000188e+00,3.552713678800500929e-15,2.052457407625110364e-01,2.110708169688831348e-01
2.963999999999999968e+00,3.552713678800500929e-15,3.076265192887911448e-01,2.009091838536018471e-01
2.966000000000000192e+00,7.105427357601001859e-15,1.390628607982147824e-01,2.120017490970015073e-01
2.967999999999999972e+00,7.105427357601001859e-15,1.651694821690891102e-01,2.084698306119810440e-01
2.970000000000000195e+00,5.329070518200751394e-15,6.432706658686303258e-02,1.828647283968464210e-01
2.971999999999999975e+00,1.065814103640150279e-14,3.364515453342478701e-01,1.591483806345981022e-01
2.974000000000000199e+00,1.776356839400250465e-15,6.101543566845526456e-01,1.454117274849169028e-01
2.975999999999999979e+00,1.776356839400250465e-15,2.109185426536200423e-03,2.540113990763868679e-01
2.978000000000000203e+00,1.776356839400250465e-15,4.486541902184931208e-01,1.923205906037499524e-01
2.979999999999999982e+00,8.881784197001252323e-15,6.922784759897571139e-02,1.978971186419506700e-01
2.982000000000000206e+00,1.776356839400250465e-15,1.462872788049681960e-01,2.408848564373704537e-01
2.983999999999999986e+00,7.105427357601001859e-15,1.087823672940034375e-01,2.231139180395553534e-01
2.986000000000000210e+00,7.105427357601001859e-15,1.558432671365915234e-01,2.333535860501722015e-01
2.987999999999999989e+00,3.552713678800500929e-15,2.117851651918950528e-01,1.936832280807926632e-01
2.990000000000000213e+00,3.552713678800500929e-15,8.336419299174936681e-02,2.009164777068691565e-01
2.991999999999999993e+00,1.776356839400250465e-15,1.122293007218209682e-01,2.143910222428827561e-01
2.994000000000000217e+00,0.000000000000000000e+00,4.251104274605714828e-01,1.859281620849377314e-01
2.995999999999999996e+00,1.776356839400250465e-15,3.086908473582853918e-01,1.911170557075272669e-01
2.998000000000000220e+00,3.552713678800500929e-15,3.351143037437376848e-01,2.178524473890292301e-01
3.000000000000000000e+00,0.000000000000000000e+00,1.926650638705735830e-01,2.252522698144400481e-01
